{"type":"Topology","arcs":[[[51773,51095],[34,2],[39,-25],[44,16],[64,4],[51,14],[83,-11],[55,-22],[87,41],[100,-28],[22,-38],[53,-32],[-3,-126],[19,-49],[53,-54],[82,4],[32,-13],[31,19],[36,0],[95,59]],[[52750,50856],[-1,-82],[40,-63],[18,-64],[29,-28],[59,11],[80,-32],[30,-24],[-8,-94],[-34,-21],[-13,-34],[-28,-12],[-29,-55],[8,-45]],[[52901,50313],[-25,-22],[-50,-6],[-58,-53],[-35,-60],[-57,-30],[-41,31],[-78,45],[-36,-25],[-72,5],[-50,22],[-75,14],[-19,-21],[-9,-78],[-19,-24],[-81,-2],[-33,-16],[-49,22],[-22,44],[-85,-11],[-29,26],[-40,13],[-15,55],[18,32],[-34,6],[-45,-12],[-37,43],[-8,33],[-43,44],[-60,22],[-42,124],[-19,15],[-56,11],[-46,34],[-33,-11],[-17,-29],[-51,-32],[-22,-51],[9,-57],[-22,-9],[-32,-49],[-4,-66],[-30,12],[-20,-34],[-14,13],[-35,-26]],[[51280,50255],[-47,81],[-96,124],[-39,132],[-52,113],[-17,82]],[[51029,50787],[-20,104],[-4,112],[-19,120],[-28,103]],[[50958,51226],[67,18],[35,-4],[11,41],[28,-2],[-10,22],[-33,11],[21,32],[46,5],[17,-35],[-6,-69],[14,-10],[-22,-41],[79,5],[60,-11],[16,-51],[60,-73],[121,-65],[-12,58],[19,32],[35,11],[6,-55],[15,-31],[40,-24],[96,7],[107,36],[5,62]],[[53053,47009],[-9,-56],[1,-97],[13,-101],[48,-47],[122,-10],[106,-29],[69,-40],[48,-40],[134,-143],[16,-7],[111,-132],[58,-150],[35,-146],[24,-18],[201,27],[114,-28],[99,-62],[76,-5],[46,-17],[55,-63],[6,-148],[-27,-87],[-104,-118],[-18,-56],[7,-51],[40,-32],[80,-25],[154,3],[82,-9],[32,-15],[45,-53],[17,-67],[-12,-107],[15,-64],[53,-78],[30,-59],[15,-58],[30,-66]],[[54865,44755],[-80,1]],[[54785,44756],[-47,-24],[-73,-62],[-46,-19],[-55,-7],[-63,10],[-48,23],[-37,32],[-53,82],[-19,82],[-72,16],[-50,34],[-115,63],[-61,27],[-130,82],[-152,86],[-161,77],[-76,46],[-80,36],[-31,26],[-102,59],[-117,32],[-87,33],[-99,52],[-66,49],[-48,65],[-65,116],[-17,45],[-49,71],[-85,60],[-72,16],[-49,0],[-122,-35],[-143,-83]],[[52295,45846],[41,74],[43,-1],[32,36],[1,41],[67,70],[26,67],[-5,26],[-48,36],[-42,78],[16,53],[91,67],[7,48],[-11,89],[100,53],[52,87],[-45,79],[9,30],[-18,23],[17,30],[-1,84]],[[52627,46916],[39,6],[33,59],[34,7],[16,44],[24,27],[35,-10],[48,-82],[61,-7],[84,81],[52,-32]],[[51773,51095],[-54,88],[-51,64],[-24,12],[-32,82],[-40,37],[-6,32],[0,119],[-56,131],[-30,38],[44,46],[85,-52],[49,6],[41,-16],[81,39],[65,43],[36,50],[44,78],[47,19],[26,63],[23,32],[20,59],[-18,58],[-32,26],[-4,68],[10,36],[-1,73],[38,45],[43,-30],[89,22],[38,42],[37,-4],[32,20]],[[52273,52421],[88,-57],[152,79],[81,27],[82,-86],[85,-200],[143,-181],[23,-127],[-22,-134],[-128,-205],[-112,-138],[-53,-98],[2,-125],[-76,-107],[-10,-124],[61,-84],[161,-5]],[[53232,49787],[-90,25],[-11,30],[-41,27],[9,23],[30,1],[-20,40],[-62,47],[-39,55],[-21,59],[3,48],[-30,48],[-59,123]],[[52750,50856],[250,-8],[24,-38],[133,33],[72,10],[18,18],[104,15],[36,12],[19,26],[58,40],[35,7],[36,-12],[68,-48],[49,-20],[141,6],[74,-8],[91,-64],[46,-57],[57,-195],[4,-156],[-10,-87],[-63,-147],[-105,-137],[-48,-38],[-152,-96],[-108,-48],[-55,-13],[-161,-6],[-98,-30],[-33,-28]],[[52620,48736],[98,31],[29,35],[36,-16],[58,37],[22,-44],[24,-13],[36,15],[32,-29],[65,-29],[32,-26],[15,8]],[[53067,48705],[48,-98],[68,-44],[35,-3],[83,19],[56,21],[32,-17],[109,-131],[78,-122],[143,-180],[29,-72],[7,-57],[-31,-147],[3,-116],[20,-91],[-60,-184],[-13,-10],[-199,-288],[-7,-22],[-52,-52],[-50,-34],[-47,-17],[-56,-1],[-69,22],[-96,-10],[-45,-62]],[[52627,46916],[-40,-27],[-21,24],[-20,64],[-57,17],[-119,128],[-51,44],[-92,107],[-53,76],[-35,36],[19,34],[-47,16],[-56,60],[37,28],[10,33],[-86,79],[-18,65],[32,75],[13,2],[-39,63],[-65,56],[-28,39],[-123,106],[-75,12],[-40,-13],[-33,43],[-21,-4],[-20,-42],[-108,7]],[[51491,48044],[-14,52],[-33,45],[-26,59],[12,103],[32,41],[50,26],[-9,54],[-26,52],[1,55],[15,48],[-29,49],[-70,79],[-15,59],[-37,38],[-84,47],[30,94],[-14,52],[5,52],[73,74],[14,28]],[[51366,49151],[50,-36],[7,-49],[47,-46],[34,-13],[-14,-30],[36,-15],[59,-45],[39,-7],[16,24],[33,-27],[14,-32],[34,14],[46,-75],[76,-81],[16,-41],[68,-55],[37,5],[-8,29],[21,63],[8,80],[10,10],[64,-29],[31,-25],[38,-7],[38,40],[28,-40],[38,-18],[61,-62],[39,-6],[37,-23],[98,1],[37,20],[-16,35],[42,16],[30,-18],[33,26],[27,2]],[[52295,45846],[-79,-22]],[[52216,45824],[-66,44],[-63,27],[-62,117],[-34,29],[-220,97],[-157,41],[-56,25],[-59,42],[-16,55],[9,109],[21,39],[118,65],[30,43],[5,165],[-11,117],[-53,38],[-51,-34],[6,80],[-59,30],[-20,28],[2,55]],[[51480,47036],[-48,114],[16,63],[-33,35],[5,58],[-41,39],[34,75],[-33,31],[-58,-2],[-57,162],[1,55],[40,91],[61,78],[-5,58],[11,48],[44,30],[58,26],[16,47]],[[51564,53509],[37,-82],[37,-53],[26,-55],[35,28],[52,-11],[63,-40],[4,-18],[51,-10],[70,17],[41,-30],[50,1],[11,-28],[-21,-83],[14,-43],[-23,-33],[-58,-32],[-30,-56],[58,-69],[3,-36],[-34,-16],[4,-32],[30,-34],[-4,-98],[-20,-70],[-30,-14],[-2,-36],[65,-3],[73,32]],[[52066,52605],[-18,-80],[-5,-56],[42,-49],[137,35],[51,-34]],[[50958,51226],[-26,90],[-6,59],[5,235],[-18,116],[-16,66],[-58,181],[-11,-8],[10,89],[-138,119],[-66,82],[-18,34],[-32,104],[-11,66],[-4,81]],[[50569,52540],[6,122],[29,126],[72,173],[30,96],[24,190],[1,51],[18,132],[23,40],[66,44],[47,4],[174,-2],[104,32],[58,27],[89,16],[77,-39],[55,-58],[43,-20],[65,15],[14,20]],[[56493,54045],[-118,-12],[-198,26],[-58,0],[-178,28],[-102,23],[-128,37],[-53,49],[-78,113],[-83,42],[-154,137],[-60,9],[-15,13],[-71,10],[-118,-8],[-33,3],[-86,57],[-46,17],[-397,64],[-33,-5],[-86,-60],[-60,10],[-65,39],[-50,-14],[-65,-115],[-68,-56],[-178,-75],[-92,-53],[-114,-95],[-104,-109],[-66,-24],[-187,17],[-108,-43],[-73,11],[-116,111],[-52,-8],[-161,-57],[-75,-96],[-57,-153],[57,-266],[26,-93],[-213,-130],[-35,-156],[49,-94],[-178,-110],[-192,-155],[-122,-126],[-33,-143]],[[51564,53509],[40,78],[81,290],[-1,75],[-12,39],[-41,75],[10,50],[37,44],[102,71],[45,71],[46,172],[24,40],[53,59],[84,60],[41,11],[117,9],[52,33],[69,74],[65,16],[84,-15],[129,-4],[57,21],[46,39],[54,62],[155,61],[44,43],[49,102],[24,68],[23,40],[96,104],[71,104],[15,79],[-4,73],[6,47],[81,63],[56,75],[-50,99],[-61,80],[-8,44],[5,55],[18,46],[66,77],[81,60],[55,26]],[[53468,56225],[91,-107],[18,-53],[49,-19],[23,-31],[60,1],[79,22],[36,2],[9,34],[40,-26],[-2,-99],[90,-5],[-1,-73],[44,-58],[104,12],[38,39],[21,48],[43,39],[65,-8],[63,-27],[143,-6],[34,11],[63,110],[58,70],[98,61],[34,103]],[[54768,56265],[19,17],[38,-4],[30,-71],[29,-43],[62,11],[31,-10],[82,-58],[-5,-52],[43,-52],[53,-35],[19,-26],[2,-47],[-26,-25],[-10,-73],[32,-31],[13,-32],[59,-49],[32,-3],[23,28],[27,1],[7,-37],[29,-46],[-46,-39],[3,-46],[-33,-56],[12,-42],[-20,-37],[48,-48],[-17,-60],[-29,-29],[35,-16],[-24,-91],[32,-19],[83,64],[36,14],[120,-54],[25,-23],[58,-12],[43,30],[9,-45],[20,-11],[24,-78],[41,-32],[46,7],[20,-77],[29,-14],[47,21],[22,-40],[-9,-46],[39,-24],[69,-84],[48,-42],[8,-86],[25,-79],[39,-76],[37,-39],[32,-17],[110,-128],[122,-186],[32,-43]],[[53232,49787],[-34,-28],[-43,-67],[-41,-94],[-114,-116],[-136,-60],[-41,-98],[79,-131],[98,-345],[67,-143]],[[52620,48736],[-30,64],[-2,52],[80,51],[-15,15],[27,16],[-7,43],[114,-5],[44,44],[-6,23],[-109,83],[-28,31],[1,41],[-116,27],[-45,-26],[-30,94],[9,36],[25,35],[2,31],[-19,26],[-28,73],[-71,-42],[-42,-3],[-56,-27],[-67,3],[-12,42],[10,33],[-17,23],[-57,38],[-39,9],[-50,34],[-66,60],[-36,13],[-5,20],[-45,41],[-73,15],[-27,-14],[-72,30],[-32,-34],[-54,114],[-72,-5],[-53,6],[-40,-34],[-53,24],[-112,-38],[-19,21],[-58,16]],[[51269,49835],[16,83],[30,101],[11,100],[-8,61],[-38,75]],[[51366,49151],[14,66],[2,113],[-28,125],[-84,149],[-20,57],[2,109],[17,65]],[[21704,13703],[-72,-79],[-7,-37],[-7,-195],[0,-87],[-14,-70],[-30,-66],[-27,-38],[-67,-38],[-83,-70],[-34,-74],[-3,-120],[-18,-133],[8,-157],[20,-70],[95,-210],[35,-124],[15,-157],[24,-141],[12,-111],[23,-100],[20,-164],[34,-186],[20,-128],[42,-190],[19,-140],[23,-112],[5,-103],[-11,-62],[-34,-66],[-33,-112],[-45,-124],[-51,-133],[-81,-277],[-63,-145],[-71,-141],[-35,-96],[-57,-136],[-94,-188],[-126,-246],[-67,-112],[-120,-121],[-48,-8],[-37,16],[-102,102],[-90,53],[-108,-46],[-37,0],[-64,28],[-42,78],[-30,12],[-56,-13],[-48,-41],[-56,-30],[-56,-5],[-75,16],[-109,48],[-94,49],[-122,53],[-45,-1],[-108,-30],[-112,-42],[-123,-59],[-104,-43],[-208,-151],[-127,-72],[-89,-18],[-56,8],[-49,36],[7,42],[100,51],[41,37],[18,79],[47,75],[-22,49],[-5,33],[7,108],[-28,103],[-83,60],[-8,50],[11,54],[-57,94],[-4,37],[54,65],[60,14],[3,37],[-19,20],[15,76],[28,98],[-7,21],[-42,12],[-26,-30],[-63,-46],[-153,-39],[-37,-25],[-104,-105],[-116,-43],[-56,-9],[-56,3],[-71,-42],[-33,-38],[-7,-29],[12,-53],[-45,-14],[-64,61],[-71,32],[-20,0],[10,-51],[-9,-19],[-74,-10],[-49,-37],[-51,-109],[-33,-29],[-19,4],[-45,49],[-25,3],[-72,-38],[-25,-21]],[[17468,9164],[-6,32],[-49,105],[-42,54],[-32,28],[-31,0],[-127,-46],[-397,-119],[-165,-39],[-115,-19],[-200,-15],[-92,-16],[-70,-23],[-116,-4],[-136,-14],[-348,-67],[-16,1],[-147,-33],[-293,-48],[-155,-18],[-286,-45],[-109,-32],[-69,-43],[-148,-109],[-63,-62],[-110,-63],[-46,-19],[-48,0],[-83,23],[-92,40],[-126,86],[-45,12],[-158,12],[-151,-9],[-224,7],[-56,22],[-8,51],[32,81],[79,121],[39,66],[23,85],[17,29]],[[13299,9176],[147,234],[27,26],[66,2],[19,20],[20,55],[25,1],[49,-52],[35,-26],[42,7],[39,31],[22,4],[58,-17],[34,12],[71,56],[41,9],[37,32],[9,33],[-11,41],[-115,110],[-98,40],[-23,21],[-11,40],[-49,80],[-18,81],[-2,60],[12,42],[90,39],[87,69],[17,98],[-10,98],[-1,90],[18,63],[41,51],[62,2],[22,20],[1,28],[-30,97],[-6,41],[47,313],[63,226],[47,89],[83,57],[39,10],[112,12],[76,28],[110,61],[43,53],[37,108],[21,113],[-7,68],[-34,146],[-36,114],[-88,141],[-78,87],[-47,31]],[[14404,12471],[-60,183],[-36,144],[-3,180],[37,95],[65,67],[99,25],[200,8],[109,-1],[192,-8],[328,-22],[237,-19],[308,27],[117,-2],[144,-17],[105,2],[71,18],[30,25],[22,37],[7,63],[-5,57],[-54,90],[-13,82],[-1,54],[30,54],[70,88],[108,110],[171,148],[336,330],[146,152],[212,243],[85,109],[197,268],[161,176],[34,57],[36,108],[74,179],[36,124],[6,42]],[[18005,15747],[8,49],[20,224],[3,91],[14,70],[81,163],[219,346],[95,162],[99,192],[56,94],[67,142],[94,156],[62,93],[55,106],[50,106],[45,111],[27,105],[11,62],[9,196],[0,51],[22,50]],[[19042,18316],[159,-47],[185,-72],[155,-65],[116,-54],[87,-33],[47,-25],[118,-136],[81,-110],[75,-141],[46,-123],[51,-234],[43,-154],[52,-88],[74,-87],[93,-20],[114,3],[89,18],[56,29],[55,79],[41,79],[69,83],[22,1],[15,-27],[20,-96],[2,-74],[-15,-272],[-26,-245],[-25,-171],[-46,-249],[-30,-242],[-39,-164],[-37,-222],[-74,-289],[-33,-117],[-45,-195],[-129,-504],[-24,-183],[9,-74],[23,-88],[209,-385],[122,-221],[115,-217],[138,-295],[104,-210],[16,-22],[8,46],[-49,111],[-19,92],[-13,93],[1,78],[-33,72],[2,202],[14,24],[49,28],[51,56],[16,89],[2,51],[-26,80],[-13,62],[23,113],[44,101],[93,119],[49,24],[34,32],[49,21],[43,-7],[26,-26],[84,-126],[31,-28],[0,-78],[118,-183]],[[36686,32608],[-8,-122],[30,-26],[46,43],[21,5],[4,-42],[-23,-97],[-29,-57],[6,-44],[39,-14],[36,29],[49,83],[36,19],[111,-11],[81,0],[50,-19],[16,-43],[-99,-160],[-36,-24],[-75,-15],[-28,-45],[-9,-113],[-50,-21],[-22,-33],[-23,-127],[-24,-67],[-3,-89],[11,-75],[-9,-71],[-23,-74],[-41,-77],[-29,-40],[-64,-49],[-23,-34],[-74,-169],[-46,-193],[-75,-234],[-60,-79]],[[36349,30523],[-88,-112],[-81,-72],[-89,-216],[-8,-36],[-92,-204],[-55,-32],[-89,-82],[-84,-131],[-42,-23],[-102,-19],[-26,-32],[-97,-33],[-83,-59]],[[35413,29472],[-56,37],[-70,31],[-90,30],[-100,10],[-94,-5],[-221,-34],[-78,-21],[-71,-32],[-71,-50],[-96,-96],[-49,-26],[-93,-29],[-42,-30],[-167,-79],[-204,-62],[-75,-7],[-116,37],[-63,35],[-83,19],[-85,69],[-91,82],[-94,42],[-101,58],[-32,25],[-34,48],[-12,36],[-77,115],[10,45],[78,63],[197,84],[87,54],[35,83],[137,127],[219,135],[130,90],[64,30],[98,14],[35,13],[30,43],[42,20],[165,31],[18,21],[10,76],[30,39],[13,40],[73,40],[81,79],[50,72],[5,23],[78,143],[-36,54],[24,43],[56,51],[-3,84],[45,73],[-26,23],[-57,1],[-105,-44],[-48,-9],[-84,-31],[-63,-44]],[[34436,31241],[-3,82],[87,113],[52,81],[85,98],[60,78],[99,108],[118,153],[160,183],[45,28],[39,-5],[12,-25],[-26,-75],[-87,-108],[11,-53],[-32,-91],[8,-31],[66,-7],[25,-49],[49,-22],[52,29],[33,37],[65,102],[54,105],[3,31],[-17,44],[142,196],[77,125],[43,125],[94,139],[-23,40],[15,36],[49,76]],[[35791,32784],[86,-40],[19,-40],[21,-158],[38,-54],[85,-39],[95,6],[64,50],[102,38],[30,51],[53,52],[94,16],[68,-3],[140,-55]],[[17169,28815],[39,-45],[203,-208],[72,-97],[82,-138],[60,-79],[77,-113],[62,-116],[70,-144],[173,-333],[120,-264],[136,-287],[108,-248],[74,-141],[95,-244],[31,-95]],[[18571,26263],[-75,-26],[-55,-43],[-73,-70],[-128,-94],[-171,-135],[-170,-163],[-55,-43],[-101,-45],[-73,-59],[-69,-68],[-58,-93],[-185,-192],[-63,-43],[-77,-23],[-93,-13],[-209,-13],[-57,-18],[-47,-30],[-76,-87],[-89,-122],[-191,-218],[-60,-79],[-37,-30],[-63,-15]],[[16296,24541],[-57,-1],[-83,10],[-121,30],[-67,23],[-83,-2],[-189,-77],[-158,-48],[-90,-32],[-93,-43],[-176,-54],[-97,8],[-39,-8],[-57,-35],[-271,-120],[-93,-2],[-41,-27],[-109,-123],[-47,-66],[-52,-101],[-57,-63],[-64,-54],[-104,-16],[-179,13],[-70,33],[-56,39],[-66,15],[-24,-27],[-2,-39],[12,-105],[-50,-49],[-97,-5],[-58,-19],[-120,-95],[-40,-7],[-80,18],[-49,-8],[-49,-23],[-100,1],[-142,-129],[-51,-54],[-70,-25],[-43,-4],[-29,-17],[-23,-39],[-75,-82],[-29,-56],[-23,-14],[-25,16],[-26,41],[-26,0],[-56,-60],[-59,-20],[-62,1],[-41,11],[-41,-5],[-72,-38],[-59,-49],[-157,-158],[-93,-101],[-22,-17],[-12,117],[-17,82],[-54,-40],[-11,-51],[-56,-63],[-129,-52],[-212,-53],[-135,-13],[-177,14],[-218,13],[-244,-15],[-171,-20],[-289,-89],[-119,-30],[-129,3],[-188,30],[-83,26],[-31,0],[-41,-29],[-60,-60],[-40,-68],[-19,-107],[-4,-67],[-60,-130],[-41,-29],[-124,-2],[-72,-35],[-81,-80],[-235,-206],[-87,-86],[-117,-109],[-122,-136],[-167,-155],[-122,-148],[-114,-163],[-77,-91],[-61,-54],[-208,-153]],[[7769,20634],[-18,126],[-30,313],[-74,182],[-14,86],[50,347],[64,521],[-19,335],[-20,21],[-631,-108],[-155,-21],[-78,115],[-127,155],[-103,61],[-53,44],[-124,220],[-132,153],[-92,55],[-179,97],[-91,16],[-217,109],[-108,15],[-120,-3],[-151,63],[-129,44],[-73,9],[-148,-21],[-293,112],[-110,102],[-92,60],[-144,39],[-198,123],[-155,115],[-191,175],[-75,37],[-35,77],[-73,118],[-228,287],[-162,159],[-62,121],[-102,130],[-82,168],[-188,287],[-41,140],[-65,99],[-174,221],[-4,57],[9,142],[-9,41],[-98,119],[-4,109],[-30,56],[-48,41],[-61,28],[-112,37],[-10,28],[6,73],[56,185],[-25,33],[-94,40],[-64,63],[-104,302],[64,166],[16,93],[-20,65],[-248,235],[-479,522],[-269,347],[-300,427],[-349,497],[-350,497],[687,-253],[552,-205],[551,-204],[551,-206],[785,-294],[871,-310],[553,-197],[552,-199],[708,-255],[561,-203],[780,93],[782,93],[579,68],[981,113],[548,63],[790,64],[124,5],[218,-54],[522,-98],[553,-103],[491,-103],[49,-23],[94,-105],[78,-43],[73,-27],[60,23],[44,48],[86,284],[76,49],[149,171],[119,40],[119,105],[51,21],[144,11],[151,74],[70,16],[84,-22],[85,5],[66,28],[111,65],[130,38],[180,20],[402,26],[526,-49],[241,-35],[541,-52],[179,-79],[115,-15],[103,2],[53,7],[121,33],[130,43]],[[34273,23374],[-77,2],[-281,1],[-117,-9],[-125,1],[-211,-15],[-143,-5]],[[33319,23349],[-8,85],[-29,73],[-72,89],[-51,24],[-31,-10],[-121,-109],[-58,-60],[-29,12],[-165,12],[-53,10],[-138,1],[-80,-7],[-149,11],[-69,15],[-85,9],[-272,57],[-97,36],[-154,82],[-95,54],[-144,98],[-229,164],[-120,95],[-264,166],[-63,51],[-86,54],[-68,93],[-14,43]],[[30575,24497],[-18,64],[-17,164],[6,79],[-1,116],[-23,274],[-51,230],[-32,126],[-6,77],[1,214],[9,92],[-12,75],[-31,60],[-20,111],[-39,108],[-30,57]],[[30311,26344],[-57,90],[-83,150],[-123,172],[-114,138],[-28,44],[-12,43],[-1,120],[20,58],[50,55],[72,-1],[116,-54],[133,-48],[146,-16],[115,4],[109,18],[76,54]],[[30730,27171],[130,61],[60,22],[254,70],[129,48],[130,28],[150,-3],[57,-8],[376,-68],[100,-21],[203,-58],[95,-34],[69,-11],[71,7],[105,48],[51,35],[40,46],[49,29],[71,21],[128,-2],[191,-47],[89,-16],[107,3],[176,57],[74,57],[77,123],[60,112],[68,88],[68,44],[91,20],[87,30],[103,83],[77,110],[46,40],[107,55],[111,65],[67,28],[90,66],[86,107],[33,60],[18,51],[10,69],[-24,52],[-61,21],[-104,19],[-78,41],[-42,57],[-3,76],[7,61],[35,97],[46,63],[38,38],[84,106],[107,90],[49,50],[100,46],[112,36],[61,-2],[104,-16],[79,-30]],[[35344,29391],[-12,-64],[-29,-77],[-89,-24],[-21,-45],[5,-36],[30,-50],[13,-58],[-18,-86],[-5,-74],[2,-163],[-15,-100],[-33,-72],[-48,-61],[-35,-82],[-9,-42],[-4,-216],[18,-43],[18,-10],[51,16],[87,83],[38,-4],[51,-41],[55,-61],[75,-116],[32,-81],[-6,-64],[-61,-68],[-50,-81],[21,-51],[73,0],[38,-17],[44,-70],[1,-128],[17,-31],[48,4],[89,85],[64,66],[63,38],[58,-1],[10,-66],[-88,-196],[-13,-40],[-6,-124],[4,-40],[36,-85],[-9,-58],[-63,-119],[-42,-92],[-46,-76],[-12,-82],[-14,-46],[-84,-55],[-84,-28],[-57,-35],[-67,-114],[-83,-109],[-19,-43],[-60,-85],[-31,-117],[-21,-51],[-27,-30],[-77,-11],[-55,-115],[-75,-62],[-64,-39],[-59,-56],[-12,-25],[-9,-135],[-18,-37],[14,-73],[103,-25],[39,-30],[42,-75],[23,-69],[0,-38],[-20,-100],[-34,-71],[-83,-148],[-79,-132],[-61,-139],[-120,-221],[-75,-152],[-39,-37],[-100,-37],[-57,-36],[-59,-21],[-134,-80],[-13,-56],[69,-154],[8,-54],[17,-38],[35,-133],[42,-102]],[[3640,10444],[89,-470],[-12,-58],[31,-46],[56,-8],[73,-44],[35,-8],[177,-11],[48,-25],[39,-57],[33,-21],[72,1],[88,-23],[41,30],[49,65],[36,92],[81,74],[10,86],[49,60],[-4,97],[45,41],[50,-9],[28,-47],[-2,-50],[-20,-44],[-5,-67],[13,-100],[62,-73],[36,-67],[5,-73],[-24,-108],[5,-85],[28,-41],[17,-64],[22,-35],[75,-68],[20,-37],[-20,-74],[-106,-25],[-35,-21],[-47,-65],[-22,-68],[-8,-73],[27,-21],[129,-17],[49,-33],[9,-73],[20,-28],[49,-1],[147,55],[198,90],[110,29],[114,40],[246,95],[124,38],[193,49],[85,3],[96,-9],[211,15],[136,1],[267,10],[110,7],[161,-19],[68,3],[114,16],[147,12],[186,21],[33,-1],[75,-44],[79,0],[103,103],[98,22],[145,21],[111,55],[79,11],[33,-14],[61,-101],[115,-147],[36,-86],[25,-9],[78,9],[56,-5],[79,-56],[74,-13],[176,-1],[85,25],[35,-12],[42,-52],[76,12],[75,-21],[221,-37],[218,-3],[48,-23],[23,-26],[12,-38],[42,-82],[58,-33],[72,-5],[26,-18],[21,-39],[30,-84],[34,-28],[12,-57],[-112,-117],[-21,-31],[12,-62],[38,-12],[39,18],[100,95],[72,104],[249,151],[200,132],[368,212],[267,143],[73,24],[53,27],[21,34],[34,18],[456,142],[153,44],[148,47],[124,33],[190,11],[33,-12],[46,-50],[67,-17],[38,-107],[31,-40],[53,-41],[68,-17],[169,16]],[[17468,9164],[14,-80],[7,-171],[-4,-162],[6,-174],[-5,-92],[-15,-93],[7,-54],[38,-85],[95,-92],[-2,-45]],[[17609,8116],[-22,-21],[-19,-53],[6,-41],[-13,-18],[-51,-20],[-46,18],[-27,-36],[-80,9],[-78,-26],[-95,17],[-62,-5],[-15,35],[-18,-11],[-12,28],[-37,-4],[-2,-47],[-48,19],[-166,13],[-166,38],[-30,11],[-63,-7],[-55,-16],[-61,13],[-192,13],[-188,-38],[-120,4],[-49,13],[-67,41],[-53,73],[-32,5],[12,-39],[50,-69],[-20,-10],[-153,-4],[-96,-21],[-98,-44],[-121,-81],[-48,-46],[-31,-43],[-34,-69],[-35,-162],[7,-69],[13,-33],[33,-37],[41,-17],[143,-6],[26,-33],[-30,-63],[-59,-41],[-65,-27],[-184,-27],[-68,1],[-62,23],[-18,70],[13,38],[51,15],[35,23],[30,82],[-4,54],[-23,65],[-117,111],[-132,89],[-61,15],[-122,-19],[-46,-18],[-25,-25],[-36,-68],[-58,-29],[-208,-15],[-24,7],[-49,66],[-46,37],[-146,80],[-297,127],[-109,21],[-2,24],[47,75],[-19,27],[-34,-51],[-59,-21],[-242,54],[-97,4],[-191,-14],[-37,30],[30,68],[0,77],[13,22],[64,-24],[24,0],[3,30],[-131,118],[0,42],[78,1],[25,10],[57,49],[75,-8],[4,17],[-22,59],[3,28],[31,30],[82,35],[-4,38],[-38,12],[-102,-74],[-25,-8],[-28,76],[-154,-53],[-61,7],[-52,-63],[-16,-5],[-51,32],[27,73],[-28,53],[-23,7],[8,-77],[-22,-39],[-129,-57],[-6,-26],[38,-13],[65,19],[11,-13],[-36,-40],[-22,-41],[-74,68],[-52,15],[-14,-13],[-15,-66],[9,-17],[44,43],[19,3],[34,-37],[11,-86],[13,-16],[35,5],[16,30],[22,73],[44,13],[53,-40],[44,-71],[29,-79],[50,-38],[2,-19],[-43,-87],[22,-56],[-12,-10],[-124,39],[-63,9],[-291,-11],[-66,6],[-58,20],[-189,39],[-102,30],[-199,85],[-116,11],[-30,20],[-157,3],[-177,16],[-127,-31],[-153,-28],[-150,-70],[-96,-31],[-38,-21],[-150,-141],[-18,-34],[-20,-80],[-32,-47],[-33,14],[-46,55],[-38,-47],[38,-59],[53,-54],[31,-62],[14,-83],[73,-50],[5,-16],[-37,-35],[20,-48],[-10,-29],[-67,-10],[-244,69],[-224,51],[-347,31],[-179,42],[-240,72],[-149,28],[-116,-5],[-45,-21],[-100,-96],[-39,-21],[-154,-42],[-81,-47],[-52,3],[-166,49],[-493,123],[-305,21],[-135,31],[-110,14],[-150,9],[-253,4],[-406,-46],[-84,-37],[-41,-44],[-15,-33],[13,-22],[57,-46],[-26,-16],[-162,-12],[-76,-23],[-105,-61],[-87,-75],[-33,-39],[-43,-86],[-25,-66],[-7,-65],[7,-62],[29,-35],[42,-2],[74,16],[58,-21],[-11,-24],[-40,-18],[-150,-33],[-81,5],[-184,35],[-21,13],[8,30],[39,21],[119,19],[41,30],[8,70],[-2,63],[-28,104],[-57,84],[-49,41],[-95,53],[-45,17],[-148,34],[-56,-1],[-147,-19],[-77,-17],[-125,-43],[-130,-54],[-45,-47],[-17,-47],[-12,-70],[15,-43],[66,-58],[10,-23],[1,-62],[65,-62],[-3,-26],[-25,-14],[-47,7],[-89,30],[-77,11],[-246,18],[-337,-20],[-108,-14],[-61,-32],[3,-45],[15,-43],[-57,-90],[-20,-81],[-57,-24],[-134,0],[-94,-25],[-40,-4],[-101,23],[-46,34],[-16,48],[12,36],[37,48],[3,70],[30,40],[40,7],[16,38],[-16,89],[-27,40],[15,28],[51,-48],[39,5],[38,79],[9,73],[-16,165],[-28,17],[-41,-35],[-48,-88],[-22,7],[-35,61],[-28,4],[-39,-23],[-29,49],[-39,-2],[-24,42],[-2,37],[-34,5],[-35,-43],[-89,-48],[-21,2],[-41,60],[-41,17],[-94,-39],[77,247],[63,140],[43,117],[35,177],[22,436],[-11,445],[55,698],[33,40],[63,49],[9,68],[-7,87],[-61,69],[3,200],[-6,200],[115,-16],[125,12],[82,16],[44,78]],[[12053,6984],[-48,-9],[-27,10],[-9,32],[103,42],[27,-1],[26,-31],[-14,-18],[-58,-25]],[[13041,8474],[-68,-43],[-28,-3],[-48,18],[-18,29],[72,-8],[32,9],[44,51],[19,8],[51,-15],[14,-18],[-70,-28]],[[29606,31876],[18,-97],[18,-40],[45,-36],[54,-28],[136,-87],[57,-43],[118,-54],[112,-92],[168,-118],[18,-101],[69,-80]],[[30419,31100],[-35,-211],[-18,-75],[7,-106]],[[30373,30708],[-152,-12],[-131,1],[-224,-10],[-100,-16],[-197,-58],[-129,-43],[-62,-5],[-272,-47],[-81,-46],[-33,-71],[-3,-82],[-12,-55],[-39,-73],[-58,-72],[-93,-52],[-77,-31],[-65,-37],[-3,-41],[27,-53],[5,-39],[-15,-62],[-32,-33],[-143,-103],[-100,-94],[-86,-31],[-21,16],[10,41],[23,21],[57,90],[85,212],[54,81],[93,126],[71,103],[45,112],[65,199],[18,117],[11,163],[-14,70],[-24,68],[-117,166],[-32,8],[-35,-13],[-29,24],[-49,13],[-202,1],[-44,-11],[-93,-36],[-135,0],[-165,-7],[-58,18],[5,43],[50,35],[57,61],[8,27],[-10,38],[-55,62],[-98,84],[-61,37],[-176,79],[-60,43],[-27,7],[-43,-30],[-30,-5],[-40,15],[-47,-9],[-142,-82],[-148,-53],[-9,-68],[-32,-54],[-59,-64],[-19,-80],[-52,-38],[-45,-8],[-143,-7],[-110,56],[-55,62]],[[26471,31276],[4,49],[-30,230],[-29,193],[-24,141],[-13,33],[-24,18],[-49,5],[-37,-51],[-49,-11],[-50,11],[-174,-15],[-41,8],[-27,23],[-31,67],[-36,33],[-13,33],[5,124],[15,77],[-9,15],[-41,2],[-61,-85],[-37,-29],[-106,25],[34,78],[51,7],[44,33],[42,64],[86,89],[27,52],[-27,132],[-14,31]],[[25857,32658],[77,37],[55,-10],[98,-69],[66,-10],[104,-5],[73,-20],[48,-36],[115,8],[64,33],[147,-14],[56,-17],[47,-29],[26,-57],[161,-75],[54,-18],[33,9],[69,56],[85,40],[88,19],[110,-13],[106,55],[138,66],[28,19],[47,63],[31,82],[-17,51],[-63,42],[6,45],[72,-3],[313,-45],[152,-56],[6,-33],[-17,-57],[102,-62],[122,-37],[49,-21],[87,-49],[59,-17],[58,-27],[68,-79],[29,-20],[90,-28],[140,-22],[105,-34],[20,-15],[13,-76],[14,-20],[75,-52],[34,-33],[33,-60],[76,-20],[41,-27],[35,-60],[40,-32],[70,-21],[11,-28]],[[30519,23193],[-87,-71],[-44,-60],[-53,-141],[-120,-308],[-35,-40],[-273,-93],[-94,-35],[-204,-71],[-50,-45],[-171,-166],[-530,-506],[-55,-43],[-140,-63],[-61,-49],[-68,-105],[-51,-115],[-70,-129]],[[28413,21153],[-93,26],[-85,-2],[-57,-39],[-63,-15],[-85,-7],[-46,-17],[-50,-35],[-16,-40],[-7,-81],[-65,-44],[-47,15],[-117,-23],[-247,-33]],[[27435,20858],[-1,34],[18,36],[0,191],[-15,34],[-3,54],[-24,63],[-67,88],[-37,58],[-18,93],[21,171],[-28,145],[-24,72],[6,14],[133,45],[353,162],[183,49],[40,16]],[[27972,22183],[212,58],[100,32],[166,43],[116,37],[92,50],[77,77],[70,115],[70,81],[65,54],[70,71],[41,52],[14,43],[-6,109],[24,77],[32,37],[51,38],[172,103],[117,51],[133,39],[69,4],[133,-10],[119,27],[43,2],[219,-51],[47,4],[67,46],[22,31],[23,151],[2,137],[-17,118],[-5,141]],[[30310,23950],[36,-64],[0,-85],[21,-138],[6,-146],[15,-67],[-1,-44],[15,-39],[38,-55],[19,-12],[7,-43],[53,-64]],[[27492,25305],[101,-24],[56,-29],[50,-45],[1,-20],[-35,-41],[-84,-79],[-18,-87],[26,-99],[28,-62],[55,-88],[55,-67],[19,-39],[25,-149],[42,-129],[22,-99],[25,-75]],[[27860,24173],[2,-54],[28,-141],[20,-73],[-20,-112],[-53,-109],[-31,-36],[-51,-123],[-25,-89],[-5,-156],[16,-52],[38,-189],[51,-186],[56,-185],[10,-61],[52,-201],[24,-223]],[[27435,20858],[-57,-8],[-311,-66],[-77,-43],[-45,-44],[-66,26],[-202,-31],[-231,-38],[-39,11],[-18,50],[-31,23],[-40,-1]],[[26318,20737],[-12,178],[0,264],[-6,219],[51,213],[0,31],[-35,296],[6,161],[0,90],[-12,120],[-61,223],[-42,82],[-22,17],[-35,66],[-6,130],[-10,55],[-70,72],[-19,45],[3,175],[-13,41],[-50,60],[-26,16],[-125,7],[-38,20],[-26,38],[-48,120],[-103,116],[-45,24],[-41,0],[-106,-20],[-32,10],[-19,24],[-7,41],[42,62],[73,55],[64,62],[26,83],[19,192],[35,213],[3,58],[45,240],[3,68]],[[25679,24704],[77,-40],[97,-27],[121,-9],[91,28],[40,51],[34,25],[53,18],[98,54],[150,71],[69,41],[57,-7],[59,-36],[27,-27],[60,-124],[36,-36],[48,-10],[33,14],[29,89],[6,125],[-19,148],[12,85],[27,96],[51,70],[45,34],[42,12],[42,-7],[8,-27],[-4,-75],[13,-12],[44,2],[182,73],[68,9],[117,-7]],[[26245,30634],[161,-56],[95,-59],[49,-95],[14,-42],[78,-139],[50,-138],[27,-112],[4,-82],[13,-53],[-1,-59],[9,-74],[36,-105],[51,-58],[67,-37],[13,-43],[43,-56],[77,-22],[43,-24],[140,0],[75,-12],[85,-63],[66,-22],[23,-28],[25,-69],[1,-41],[47,-93],[24,-8],[54,45],[53,-27],[42,-1],[90,15],[73,-40],[32,-69],[-1,-86],[52,-62],[13,-53],[2,-122],[36,-161],[-15,-58],[12,-49],[57,-37],[66,-16],[69,-31],[46,-39],[23,-38],[16,-84],[5,-86],[22,-137],[-15,-76],[-43,-66],[11,-31],[92,-9],[70,0],[49,14],[56,28],[142,163],[30,17]],[[28699,27948],[-18,-117],[-30,-144],[-8,-177],[18,-149],[21,-266],[13,-69],[3,-209],[-17,-103],[-2,-92],[-25,-52],[-51,-30],[-117,26],[-54,37],[-157,49],[-128,22],[-104,36],[-179,91],[-175,26],[18,-60],[-11,-107],[22,-111],[-26,-84],[-89,-163],[-95,-122],[-40,-78],[-32,-116],[-32,-131],[-40,-65],[-20,-62],[8,-87],[42,-117],[60,-114],[38,-105]],[[25679,24704],[-6,139],[-38,168],[9,82],[16,62],[48,97],[80,110],[47,35]],[[25835,25397],[44,-2],[11,-45],[67,58],[71,116],[22,63],[42,160],[26,144],[62,187],[35,90],[27,107],[69,208],[44,71],[77,89],[55,45],[34,53],[30,63],[25,92],[20,105],[10,150],[-20,253],[-29,136],[-10,116],[-34,134],[0,174],[-5,21],[-44,47],[-59,21],[-166,114],[-49,58],[-52,92],[-27,95],[-11,120],[10,42],[-23,42],[-2,34],[-27,40],[-40,8],[-34,-11],[-117,-76],[-84,-37],[-60,-5],[-96,23],[-59,-15],[-72,13],[-57,-8],[-42,8],[-79,31],[-47,8],[-46,-10]],[[25225,28619],[-8,65],[14,48],[99,88],[26,31],[79,51],[48,50],[19,32],[1,134],[10,48],[21,29],[34,77],[59,67],[108,68],[55,41],[33,37],[20,49],[-8,27],[-44,3],[-28,17],[-42,56],[-54,30],[-56,19],[-78,49],[-60,23],[-51,96],[-57,32],[-39,106],[-11,51],[-20,282],[-16,71],[-40,128],[-49,117],[10,75],[29,30]],[[25229,30746],[33,32],[138,114],[57,29],[46,8],[37,-22],[38,-57],[47,-14],[6,54],[54,21],[83,-65],[47,-75],[30,-103],[66,-30],[26,31],[-4,51],[43,35],[40,-34],[29,-116],[32,-20],[52,-1],[116,50]],[[25835,25397],[-144,-34],[-206,-37],[-353,-21],[-165,2],[-181,-3],[-157,7],[-192,-21],[-64,5],[-93,-9],[-152,-21],[-145,-11],[-102,-22],[-67,-40],[-100,-137],[-56,-95],[-99,-197],[-24,-43],[-65,-184],[-34,-63],[-39,-119],[-78,-106],[-64,-114],[-34,-80],[-83,-76],[-163,-63],[-198,-25]],[[22777,23890],[-132,4],[-242,45],[-101,51],[-62,56],[-35,68],[-14,130],[-59,67],[-85,154],[-63,49],[-46,25],[-127,39],[-80,14],[-225,64],[-38,15],[-133,33],[-93,1],[-50,6],[-108,28],[-30,-1]],[[21054,24738],[-18,20],[-44,-10],[-18,-31],[-54,-45],[-59,7],[-89,70],[-29,38],[0,35],[29,191],[21,102],[24,89],[45,68],[86,2],[42,16],[36,131],[18,99],[135,282],[16,57],[9,157],[45,155],[28,160],[-3,146],[-14,46],[-64,76],[-26,60],[-53,157],[-6,85],[6,67],[87,303],[66,185],[46,149],[29,118]],[[21345,27723],[61,172],[59,96]],[[21465,27991],[105,-54],[169,-103],[156,-59],[112,-17],[61,1],[91,23],[61,51],[35,86],[13,61],[3,126],[24,62],[36,129],[53,102],[93,144],[31,59],[93,134],[59,77],[161,182],[106,91],[113,83],[52,24],[60,0],[64,-32],[31,-31],[43,-128],[-6,-98],[-23,-81],[-32,-74],[-49,-194],[-11,-124],[5,-55],[38,-58],[81,-35],[71,21],[42,50],[36,66],[109,130],[28,-5],[26,22],[98,106],[163,187],[85,27],[102,-27],[102,-59],[35,-44],[5,-51],[-31,-130],[-39,-80],[-101,-150],[-41,-79],[-2,-42],[31,-28],[26,-4],[149,12],[68,18],[70,8],[111,30],[45,20],[84,9],[127,-25],[62,-4],[75,-17],[107,-15],[41,2],[34,31],[14,107],[31,-20],[37,13],[8,52],[103,121],[24,56],[-3,28]],[[8857,14495],[92,-107],[65,-108],[56,-56],[22,-32],[9,-49],[-11,-38],[-86,-86],[-67,-114],[-9,-41],[19,-31],[117,3],[17,-31],[-29,-59],[41,-11],[106,36],[34,-16],[-12,-51],[-102,-106],[-11,-31],[21,-41],[40,-12],[188,-13],[77,26],[61,35],[70,23],[61,30],[123,47],[184,94],[90,33],[99,27],[106,7],[91,-31],[104,-47],[133,-50],[113,-54],[76,-53],[199,-114],[42,-29],[-4,-58],[-49,6],[-46,-23],[-32,6],[-24,23],[-35,-26],[-62,-10],[-25,-86],[-57,12],[-15,-13],[-7,-66],[19,-26],[44,-23],[39,0],[109,23],[40,1],[55,-20],[25,-66],[-6,-81],[-19,-153],[1,-67],[28,-124],[17,-27],[34,-7],[101,21],[106,43],[60,-3],[64,17],[96,-26],[46,13],[60,71],[39,29],[115,54],[147,33],[157,-1],[81,-30],[69,-32],[100,-97],[107,-146],[72,-65],[93,-103],[22,-37],[78,-101],[112,-131],[75,-59],[85,-19],[210,47],[157,52],[194,22],[132,-23],[28,4],[38,40],[122,89],[161,84],[44,29],[36,39],[33,56],[28,140],[320,-179]],[[3640,10444],[9,167],[-7,95],[9,73],[36,199],[42,335],[126,870],[60,281],[93,92],[147,65],[206,42],[115,55],[301,175],[184,-5],[58,12],[28,63],[0,250],[17,47],[50,-3],[222,-98],[134,-16],[124,-39],[77,1],[36,63],[-1,77],[-107,127],[-1,95],[-33,69],[5,14],[49,-15],[52,7],[79,100],[27,45],[-48,86],[-4,22],[14,74],[27,53],[36,22],[75,-2],[39,13],[73,41],[145,-6],[54,30],[97,117],[27,9],[89,-12],[61,10],[135,58],[73,-14],[316,32],[120,71],[42,47],[51,37],[98,-20],[49,4],[97,32],[21,21],[21,50],[21,21],[96,49],[73,19],[173,-1],[75,-23],[320,-7],[110,34],[159,2],[65,-7],[200,-71],[80,17]],[[21054,24738],[6,-110],[-22,-255],[-12,-67],[-47,-83],[-24,-57],[-36,-144],[-33,-82],[-143,-197],[-44,-128],[-48,-99],[-136,-165],[-113,-92],[-35,-73],[-47,-125],[-34,-42],[-45,-77]],[[20241,22942],[-76,-31],[-115,-39],[-85,-23],[-102,-47],[-115,-39],[-91,-26],[-160,-53],[-129,-57],[-122,-82],[-79,-69],[-201,-131],[-89,-48],[-197,-92],[-92,-58],[-113,-80],[-89,-84],[-89,-73],[-83,-81],[-117,-104],[-63,36],[-139,199],[-66,128],[-47,117],[-27,164],[2,101],[-6,94],[4,109],[-4,81],[12,165],[20,71],[2,118],[-14,68],[-96,117],[-85,130],[-55,136],[-35,123],[-435,-174],[-162,-43],[-261,-77],[-30,118],[-49,109],[-7,82],[11,68],[1,74],[-18,90],[-8,106],[-33,110],[-18,81],[-86,181],[-58,86],[-51,48]],[[18571,26263],[196,31],[165,-20],[92,-21],[63,17],[96,129],[97,55],[141,56],[29,62],[-2,102],[22,47],[53,39],[75,36],[61,17],[152,-3],[91,8],[71,-4],[83,-59],[37,-19],[56,-3],[138,98],[218,89],[57,38],[71,59],[73,34],[18,22],[111,221],[62,69],[7,64],[-17,81],[40,100],[75,84],[30,49],[21,68],[30,13],[54,-46],[68,-68],[34,-14],[54,0],[52,29]],[[26318,20737],[-6,-97],[-32,-124],[-51,-113],[-48,-130],[-23,-96],[10,-137],[-23,-93],[-57,-117],[-111,-130],[-161,-134],[-64,-65],[-22,-52],[-51,-263],[-28,-96],[-35,-59],[-63,-48],[-73,-65],[-16,-38],[-22,-223],[-9,-196]],[[25433,18461],[-31,-216],[-13,-161],[-13,-79],[-97,-134],[-29,-65],[-15,-89],[3,-127],[70,-357],[31,-205],[19,-178],[16,-264],[-62,-264],[-25,-79],[0,-58],[28,-138],[-27,-50],[-8,-38],[-16,9],[2,-307],[13,-166],[31,-323],[7,-50],[-81,-148],[0,-92],[27,-234],[0,-43],[-37,-50]],[[25226,14555],[-37,9],[-170,-118],[-191,-103],[-188,-126],[-48,-45],[-11,-57],[53,-107],[13,-40],[21,-135],[55,-44],[35,-96],[61,-113],[54,-72],[41,-107],[92,-160],[44,-29],[25,-58],[64,-314],[33,-67],[55,-35],[62,-21],[29,-24],[4,-75],[0,-172],[6,-123],[-4,-43],[-22,-98],[-15,-478],[-12,-66],[-58,-214],[-11,-55],[-1,-66],[31,-184],[13,-201],[9,-69],[-7,-114],[20,-75],[-4,-46],[-55,-71],[-10,-83],[16,-146],[-6,-58],[-19,-54],[-53,-76],[-39,-37],[-131,-18],[-67,13],[-89,-18],[-94,-30],[-96,4],[-5,48],[-15,6],[33,98],[0,89],[-53,195],[-47,141],[-22,153],[-45,186],[-31,89],[-54,109],[-53,131],[-45,156],[-38,159],[-12,145],[-21,78],[-23,112],[-39,133],[-31,123],[-29,137],[-11,89],[-26,111],[-21,59],[-32,54],[-38,45],[-57,114],[-74,168],[-22,224],[-61,367],[-23,78],[-35,11],[-52,-51],[-78,14],[-31,-24],[4,-49],[-31,-14],[-27,23],[-80,-28],[-69,-2],[-98,-23],[-35,-33],[-18,-36],[-6,-47],[-38,-38],[-65,163],[-80,83],[-37,16],[-46,0],[-49,-37],[-37,-13],[-46,0],[-41,17],[-53,-29],[-49,-46],[-42,-54],[-60,12],[-102,54],[-80,82],[-53,25],[-43,-3],[-42,21],[-95,16],[-98,8],[-38,16],[-41,54],[-35,12],[-68,53],[-83,-45],[-48,-42]],[[19042,18316],[22,43],[454,503],[-28,47],[-28,77],[-24,95],[1,47],[59,204],[23,104],[30,103],[41,53],[124,104],[41,50],[15,43],[5,57],[-10,105],[33,96],[57,121],[59,89],[130,93],[88,47],[86,88],[70,91],[42,64],[22,64],[42,67],[75,67],[56,40]],[[20527,20878],[134,-26],[158,-5],[85,11],[57,15],[90,15],[88,49],[76,55],[92,95],[80,63],[125,118],[219,170],[236,139],[179,109],[130,75],[316,161],[112,81],[24,38],[34,91],[25,105],[4,113],[-15,150],[8,87],[-39,91],[-38,56],[-110,99],[-85,104],[-57,117],[-38,121],[-5,65],[7,48],[130,346],[27,36],[78,126],[123,94]],[[22801,32114],[-45,-46],[25,-34],[-22,-24],[0,-75],[-15,-36],[14,-62],[-25,-11],[-41,18],[-49,-29],[-65,-13],[-49,19],[-23,-12],[-32,13],[-34,-7],[-80,2],[-44,45],[-73,-5],[-27,49],[-48,0],[-37,37],[-28,-8],[-24,-75],[-26,-36],[-61,-26],[-44,-73],[-28,-11],[-18,-55],[-57,-40],[-23,-34],[-23,-71],[-25,-5],[-28,-63],[-91,-2]],[[21655,31444],[70,121],[12,91],[34,58],[64,88],[13,60],[-3,81],[59,149],[36,51],[25,73],[16,180],[28,130],[20,56],[17,160],[-10,23],[-5,92],[21,95],[53,97],[12,74],[-62,97],[-9,44],[13,115],[-57,69]],[[22002,33448],[43,73],[36,49],[61,101],[31,37],[77,-10],[19,10],[78,109],[35,21],[29,54],[-16,28],[-59,14],[-36,39],[8,40],[55,83],[109,104],[70,43],[116,37],[89,10],[78,43],[162,15],[35,9],[83,75],[58,31],[47,92],[5,62],[-37,-1],[-58,-51],[-26,8],[8,22],[53,57],[48,127],[0,206],[8,25],[84,78],[54,57],[169,121],[117,80],[71,55],[47,61],[53,20],[48,57],[28,17],[86,21],[66,78],[22,14]],[[24056,35669],[-28,-48],[1,-44],[38,-31],[22,-53],[-8,-159],[-25,-99],[-52,-94],[-97,-152],[-112,-191],[-9,-93],[26,-94],[48,-113],[69,-187],[96,-215],[40,-121],[50,-94],[-25,-35],[-46,-19],[-57,12],[-50,41],[-65,20],[-96,-13],[-62,2],[-136,28],[-75,32],[-73,1],[-98,-31],[-72,-3],[-100,-14],[-123,1],[-82,-15],[-41,-87],[-39,-116],[14,-88],[18,-47],[36,-39],[55,-118],[4,-58],[-13,-107],[-22,-49],[-28,-88],[-27,-57],[-21,-129],[18,-56],[-38,-57],[-43,-86],[-48,-156],[-22,-136],[0,-45],[44,-126],[-6,-53],[5,-76]],[[25784,36959],[-55,-141],[-8,-83],[27,-50],[7,-34],[-17,-48],[-63,-38],[-38,-50],[-61,-204],[-5,-68],[16,-58],[40,-79],[-31,-48],[-101,-76],[-99,-32],[-86,-83],[-185,-123],[-100,-91],[-26,-18],[-29,4],[-29,56],[-59,57],[-86,45],[-103,12],[-74,-28],[-50,-40],[-10,-22],[12,-75],[-79,-17],[-51,-59],[-36,-18],[-135,47],[-62,82],[-49,32],[-66,-21]],[[24093,35690],[21,100],[5,98],[-11,113],[-81,228],[-23,161],[15,288],[-6,74],[-23,81],[-58,21],[-40,3],[-44,21],[-8,25],[-49,69]],[[23791,36972],[98,17],[37,29],[82,144],[51,79],[87,70],[185,87],[129,46],[141,34],[67,2],[134,-8],[63,-10],[40,-27],[28,-88],[-15,-52],[-30,-30],[-62,-39],[-12,-31],[37,-73],[37,-23],[64,-23],[52,-6],[100,11],[97,47],[196,10],[19,-16],[50,-75],[50,-21],[126,-6],[76,-23],[66,-38]],[[33374,34421],[51,-69],[0,-44],[-21,-17],[-67,-23],[-67,-7],[-71,-20],[-48,-29],[-85,-97],[-75,-101],[-107,-72],[-106,-36],[-138,-27],[-73,-24],[-87,-91],[-140,-91],[-185,-73],[-183,-58],[-106,-14],[-28,26],[-17,112],[-31,32],[-116,40],[-59,28],[-40,57],[-37,6],[-48,-26],[-123,47],[-34,2],[-134,-24],[-94,-56],[-36,-7],[-83,5],[-107,-5],[-88,-11],[-87,-29],[-42,-56],[-34,-19],[-33,6],[-28,22],[-47,79],[-99,37],[-31,32],[-31,51],[-122,20],[-80,-20],[-100,-47],[-142,-53],[-129,-67],[-112,17],[-121,36],[-73,53],[-50,83],[-16,48],[-56,87],[-53,8],[-75,-12],[-124,-2],[-75,8],[-219,-34],[-48,-45],[-58,-39],[-56,13],[-55,51],[-35,60],[-2,56],[-28,37],[-15,117],[-60,5],[-41,-25],[-84,-26],[-106,-54],[-139,-64],[-73,-39],[-38,-6],[-83,13],[-77,34],[-124,-2],[-141,-21]],[[27549,34067],[-43,-7],[13,54],[-30,41],[-4,35],[13,66],[-47,66],[-15,69],[-35,20],[-25,-4],[-35,-29],[-42,5],[-61,-16],[-71,17],[-57,-32],[-62,-17],[-117,0],[-109,-28],[-74,3],[-48,12],[-41,46],[-5,75],[-26,61],[-59,9],[-87,-14],[-26,27],[27,54],[83,45],[35,46],[0,141],[41,55],[19,62],[-6,93],[-28,29],[-65,12],[-42,38],[-4,28],[28,67],[53,54],[27,62],[29,11],[130,8],[187,89],[71,19],[56,48],[73,42],[60,59],[73,125],[34,37],[199,185],[175,134],[23,23],[32,59],[36,86],[0,33],[-44,40],[22,30],[61,-1],[87,26],[23,23],[27,76],[35,32],[4,23],[-24,33],[47,91],[-19,39],[-66,-16],[-51,-4],[-106,7],[-99,-24],[-63,6],[-37,14],[-48,-3],[-27,15],[-89,3],[-94,53],[-83,12],[-122,-23],[-43,20],[-16,55],[-38,93],[-40,57],[-33,23],[-59,10],[-100,-11],[-50,-20],[-106,-3],[-58,39],[-31,68],[-26,6],[-13,28]],[[26523,37087],[77,22],[107,23],[80,38],[117,67],[128,36],[15,10],[64,6],[50,-7],[71,18],[153,75],[99,75],[36,34],[105,48],[54,-1],[101,12],[72,35],[46,54],[18,63],[-17,89],[-30,81],[-28,43],[-85,67],[-38,6],[-209,-51],[-117,-35],[-65,-2],[-42,19],[-24,62],[-90,26],[-32,40],[-11,37],[17,95],[-1,30],[-31,98],[-62,125],[-84,83],[-4,34],[63,29],[61,-1],[103,-15],[46,-1],[60,-15],[49,-48],[53,13],[154,-8],[54,6],[52,21],[65,43],[100,114],[46,43],[102,81],[56,75]],[[28027,38879],[22,-32],[53,-50],[97,-72],[328,-183],[146,-55],[175,-106],[153,-138],[106,-104],[145,-161],[116,-120],[104,-117],[191,-154],[62,-38],[115,-46],[260,-98],[204,-70],[91,19],[181,93],[134,92],[86,43],[61,11],[114,37],[134,66],[65,-5],[133,-76],[78,-34],[34,-6],[20,-90],[-13,-193],[-17,-119],[6,-32],[50,-12],[11,-18],[48,-138],[-3,-29],[-64,-72],[-2,-25],[29,-103],[71,-73],[-8,-103],[13,-71],[54,-76],[33,-6],[86,24],[77,39],[57,43],[97,130],[18,35],[28,4],[50,-28],[79,20],[40,-9],[53,-51],[59,-9],[82,23],[56,7],[34,-15],[25,-109],[13,-29],[61,0],[120,63],[83,73],[14,-14],[3,-66],[32,-11],[104,72],[86,4],[52,-19],[49,-3],[49,52],[46,20],[58,-16],[34,-25],[96,-96],[47,-57],[108,-57],[31,-10],[55,4],[46,-28],[54,-118],[34,-41],[43,-35],[69,-93],[43,-22],[58,-16],[95,20],[46,33],[150,142],[34,-6],[49,-35],[-6,-51],[-121,-210],[-34,-20],[-138,-39],[-15,-13],[-60,-168],[-31,-33],[25,-83],[-2,-55],[-43,-103],[-21,-71],[-49,-100],[-12,-86],[-18,-23],[-101,-56],[-91,-42],[-208,-54],[-67,-39],[-76,-55],[-64,-65],[-55,-17],[-67,-36],[-58,-42],[-12,-39],[56,-44],[9,-48],[44,-100],[-5,-74],[43,-25],[158,75],[15,-6],[32,-62]],[[35413,29472],[-69,-81]],[[30730,27171],[-28,0],[-159,35],[-198,91],[-194,102],[-82,60],[-184,141],[-139,125],[-105,71],[-160,147]],[[29481,27943],[-102,141],[-131,41],[-83,38],[5,41],[49,65],[52,82],[140,318],[26,69],[51,98],[26,85],[33,56],[24,11],[94,16],[78,64],[27,69],[68,56],[75,1],[230,-12],[181,-14],[53,-8],[107,-2],[26,13],[78,148],[23,26],[116,53],[221,117],[66,73],[22,62],[41,55],[-4,47],[-25,67],[-10,97],[3,37],[55,156],[-5,37],[-31,33],[-79,14],[-49,26],[-64,20],[-194,124],[-59,49],[-59,21],[-165,124],[-19,38],[1,113]],[[30419,31100],[99,-111],[89,-106],[96,-103],[56,-35],[163,-71],[86,-70],[69,-7],[103,11],[110,-7],[122,6],[123,12],[149,19],[150,32],[105,52],[75,48],[66,62],[139,173],[120,55],[91,21],[66,29],[66,47],[17,3],[62,-47],[51,-59],[38,-103],[108,13],[30,-36],[100,-25],[51,26],[84,53],[62,-5],[105,-29],[68,29],[61,-4],[56,64],[75,22],[174,8],[178,-3],[143,13],[79,11],[13,-20],[39,-5],[28,32],[50,8],[-11,51],[24,8],[53,-12],[136,91]],[[26022,9573],[-39,-146],[-46,-93],[-32,-46],[-47,-30],[-71,-33],[-23,-20],[-7,-106],[-46,-102],[-50,-48],[-89,-41],[-34,-28],[-52,-122],[-101,-110],[-11,-28],[-1,-75],[8,-178],[-35,-99],[-59,-88],[-14,-63],[-4,-136],[13,-8],[-47,-45],[-50,-96],[-14,-55],[0,-41],[-49,-58],[-34,-69],[-80,-75],[-139,-101],[-110,-213],[-20,-173],[25,-108],[-18,-36]],[[24746,6903],[-98,-119],[-32,-48],[-97,-113],[-43,-57]],[[24476,6566],[-90,-77],[-237,-55],[-75,-43],[-66,-61],[-131,-63],[-70,-57],[-126,-142],[-77,-70],[-59,-67],[-19,-37]],[[23526,5894],[-18,-10],[-47,10],[-34,80],[-12,72],[14,54],[86,74],[-6,124],[-20,91],[11,53],[51,97],[12,38],[-10,169],[-22,82],[22,60],[35,30],[3,64],[63,100],[16,39],[22,125],[-9,77],[-19,65],[-117,210],[-121,158],[-126,138],[-110,99],[-229,152],[-37,40],[-15,67],[20,99],[21,-16],[9,-66],[44,-33],[24,20],[10,61],[-22,92],[7,37],[64,67],[-24,50],[-59,53],[-55,34],[-1,49],[-19,86],[7,27],[-4,99],[12,128],[-24,58],[-24,-23],[-72,15],[-2,30],[-51,75],[25,84],[51,47],[33,120],[-16,31],[-25,4],[22,34],[16,62],[-12,15],[-36,-19],[-40,-78],[-6,-84],[-35,-20],[14,-27],[-33,-32],[-11,-69],[-13,-15],[-31,14],[5,41],[-38,-8],[-15,19],[-31,-32],[-2,-39],[-27,1],[23,76],[-15,67],[-36,16],[5,40],[-17,27],[-20,-16],[3,-43],[-23,-50],[-36,-21],[-112,-14],[-39,-32],[-64,55],[-12,34],[-31,-13],[-23,47],[13,22],[-24,15],[-26,-14],[-66,22],[-55,-36],[-70,-2],[-26,29],[-15,38],[-105,-43],[-81,-46],[-34,-30],[-45,2],[-3,-38],[-41,-2],[-54,52],[-56,-4],[-48,-35],[-16,-55],[-24,-33],[-53,-46],[-43,-56],[-49,-30],[-28,-56],[19,-37],[-24,-46],[14,-48],[-21,-36],[-48,-20],[-17,-54],[-69,-16],[-16,-32],[37,-22],[59,57],[24,-7],[2,-54],[66,39],[23,-25],[23,2],[54,33],[37,6],[70,30],[24,-13],[114,50],[73,55],[30,-2],[53,44],[12,30],[36,27],[13,34],[50,30],[98,-28],[10,22],[-37,14],[41,8],[36,31],[66,-7],[23,-24],[8,-54],[30,-53],[23,-10],[100,16],[36,-22],[13,-36],[-25,-38],[47,-1],[-7,-50],[22,-29],[41,-7],[27,-31],[57,9],[62,48],[50,22],[76,9],[34,-5],[88,-36],[-16,-89],[-68,-75],[-15,-54],[23,-77],[55,-21],[66,-60],[-35,-45],[-56,-6],[-210,100],[-148,81],[-232,89],[-153,33],[-184,4],[-171,-10],[-300,-58],[-139,-16],[-135,-39],[-104,-47],[-110,-32],[-27,10],[-21,69],[-14,5],[1,-47],[-51,35],[-4,-37],[36,-41],[-20,-22],[-74,-2],[-166,-36],[-50,7],[-63,-12],[-94,6],[-180,33],[-82,-4],[-92,-28],[-95,-87],[-31,-10],[-30,-41],[-55,-23],[-92,-7],[-85,-35],[-88,-51],[-131,-2],[-100,-55],[-120,10],[-332,98],[-49,-2],[60,56],[19,59],[6,55],[23,65],[-15,2],[-81,-164],[-57,-53],[-68,-6],[-96,32],[-51,6],[-33,-9],[-26,10],[-127,-3],[-143,40],[-37,-7],[-74,-40],[-52,20],[-48,1],[0,58],[-35,-59],[-47,7],[-48,-9],[-73,4],[-54,-15],[-27,-41],[-33,-135],[-9,-10]],[[25226,14555],[19,-86],[10,-78],[30,-101],[21,-126],[30,-136],[50,-162],[57,-205],[49,-70],[56,-55],[41,-87],[46,-67],[84,-185],[79,-148],[88,-223],[84,-174],[82,-220],[38,-67],[32,-144],[20,-66],[36,-76],[52,-21],[61,-47],[43,-104],[33,-64],[27,-72]],[[26394,11771],[36,-36],[18,-34],[1,-66],[-38,-123],[-48,-355],[1,-80],[-7,-100],[1,-86],[-7,-86],[-14,-40],[9,-72],[54,-196],[-14,-98],[-33,-79],[-93,-119],[-89,-138],[-45,-80],[-52,-130],[-4,-43],[-47,-194],[-1,-43]],[[22397,9007],[-4,-17],[-80,51],[-38,58],[8,39],[58,29],[42,-29],[3,-36],[-33,-43],[44,-52]],[[22115,9147],[-4,-17],[-40,56],[20,10],[24,-49]],[[22238,9150],[-11,-6],[-3,70],[27,-10],[-13,-54]],[[21468,9139],[16,-74],[-8,-22],[-48,-13],[-15,11],[3,36],[-16,19],[-28,-18],[-30,4],[19,38],[89,63],[65,59],[-3,-25],[-29,-28],[-15,-50]],[[22228,9279],[-12,-11],[-38,43],[6,13],[44,-45]],[[22146,9302],[-21,-6],[-25,24],[17,11],[29,-29]],[[30311,26344],[-124,-116],[-116,-100],[-88,-47],[-78,-35],[-92,-23],[-14,-12],[-32,-74],[-73,-65],[-11,-28],[37,-43],[91,-28],[-9,-71],[-46,-165],[-30,-126],[-37,-42],[-142,-54],[-76,-37],[-117,-70],[-144,-93],[-87,-35],[-81,-43],[-78,-20],[-105,-7],[0,-32],[33,-85],[10,-47],[-4,-74],[-37,-42],[-63,-42],[-56,-25],[-35,-27],[-46,-8],[-21,11],[-9,32],[1,155],[10,108],[-3,89],[-24,9],[-67,-64],[-71,-114],[-85,-177],[-46,-82],[-78,-58],[-34,-41],[-16,-41],[21,-42],[84,-51],[0,-21],[-46,-66],[-35,-99],[-45,0],[-65,37],[-64,8],[-125,-7],[-83,-41]],[[28699,27948],[68,11],[97,-61],[81,-9],[63,-33],[106,-72],[60,-16],[86,26],[127,78],[58,30],[36,41]],[[35070,33227],[-30,-54],[-52,-64],[-58,-88],[-125,-153],[-74,-81],[-112,-46],[-129,0],[-125,-16],[-100,-32],[-66,12],[-47,-1],[-82,11],[-95,34],[-166,89],[-42,42],[-112,63],[-24,3],[-44,-21],[-143,-83],[-283,-104],[-277,-118],[-63,-105],[-34,-21],[-213,-29],[-119,-7],[-119,-23],[-56,-18],[-163,-2],[-148,6],[-103,-46],[-24,-18],[-182,-5],[-128,-27],[-108,33],[-53,5],[-72,-22],[-111,-11]],[[31188,32330],[-22,30],[-92,23],[-5,62],[-16,14],[-138,9],[-92,13],[-53,38],[-16,35],[-12,70],[-33,62],[8,43],[58,71],[61,45],[43,42],[-18,35],[-191,1],[-97,13],[-119,-40],[-113,-14],[-135,9],[-107,16],[-64,28],[-23,32],[5,34],[39,77],[8,44],[-11,42],[-34,66],[-26,28],[-90,8],[-108,-7],[-57,12],[-34,91],[9,220],[-33,42],[-204,-10],[-130,8],[-68,60],[-57,18],[-116,-27],[-103,-11],[-55,25],[-44,5],[-53,-32],[-51,-62],[-81,-43],[-64,-62],[-25,-94],[-15,-16],[-51,34],[-42,12],[-129,18],[-169,40],[-73,13],[-56,-5],[-218,4],[5,82],[-86,50],[-107,87],[-63,74],[-68,149]],[[27557,33941],[-8,126]],[[33374,34421],[182,-27],[70,-15],[29,-39],[5,-66],[51,-168],[107,-4],[222,-21],[82,-5],[57,-28],[29,-33],[64,-114],[75,-81],[109,-103],[207,-118],[55,-52],[144,-110],[67,-58],[93,-117],[48,-35]],[[21465,27991],[96,133],[17,70],[26,65],[62,116],[7,44],[32,77],[30,55],[13,95],[-3,98],[7,39],[55,54],[71,116],[12,120],[58,137],[-8,35],[-56,58],[-19,48],[-2,126],[-22,56],[10,105],[-7,46],[-26,35],[-8,57],[0,148],[23,108],[40,62],[42,45],[13,33],[-4,78],[-14,15],[-137,40],[-44,30]],[[21729,30335],[40,60]],[[21769,30395],[97,-60],[97,-31],[59,10],[76,-5],[99,-36],[39,-6],[148,34],[54,2],[64,-43],[54,-89],[41,-42],[80,-34],[51,-10],[75,8],[30,14],[56,67],[30,94],[62,131],[7,87],[-13,98],[45,72],[60,70],[39,63],[38,117],[6,54],[40,173],[128,290],[116,285],[51,67],[70,5],[67,-30],[51,-80],[60,-39],[131,-29],[21,-32],[3,-106],[7,-24],[37,-28],[75,-13],[39,-38],[-1,-41],[-26,-24],[-75,-23],[-9,-28],[5,-74],[50,-29],[96,12],[62,44],[65,65],[45,36],[24,-1],[89,-37],[109,-13],[23,5],[38,-165],[10,-76],[3,-89],[105,11],[50,-17],[53,-49],[24,-3],[60,-36],[63,-56],[24,-9],[26,17],[42,54],[35,22],[47,-11],[17,-33],[49,-12],[67,-55]],[[38004,36755],[22,-30],[-2,-83],[10,-186],[-2,-47],[-27,-126],[-21,-51],[-50,-93],[-16,-104],[-6,-95],[3,-271],[-7,-96],[-45,-209],[12,-51],[48,-24],[14,-37],[-15,-73],[-37,-10],[-126,0],[-18,-29],[-15,-158],[-11,-74],[-24,-43],[-36,-18],[-122,-7],[-31,-40],[-13,-122],[-28,-37],[-47,-1],[-60,14],[-59,3],[-24,-17],[-15,-39],[-8,-77],[-47,-72],[-6,-98],[21,-84],[10,-92],[-9,-127],[-28,-113],[-32,-95],[-52,-130],[-67,-150],[-38,-105],[-81,-114],[-57,-57],[-28,-74],[-6,-92],[1,-141],[-12,-84],[-77,-169],[-22,-66],[-32,-53]],[[35791,32784],[-22,38],[-59,38],[-40,-56],[-20,0],[-71,36],[-85,70],[-57,-21],[-18,39],[34,90],[-13,22],[-81,3],[-90,97],[-108,71],[-91,16]],[[35070,33227],[-42,67],[-14,39],[3,44],[36,50],[5,33],[-24,29],[-74,16],[6,48],[-30,50],[0,66],[-29,20],[-37,-7],[-58,-44],[-17,0],[-35,35],[-63,7],[-25,74],[-8,98],[15,76],[38,79],[122,102],[61,76],[46,98],[-19,80],[18,69],[-3,108],[-10,48],[33,57],[-13,57],[72,86],[59,28],[20,22],[26,64],[142,153],[58,68],[41,64],[84,223],[68,113],[7,75],[71,133],[83,99],[22,36],[4,81],[15,87],[35,73],[0,21],[-75,54],[-33,32],[-7,66],[55,103],[30,34],[-2,22],[-30,10],[-48,-4],[-27,32],[29,106],[-8,101],[-27,149],[16,66],[52,86],[13,57],[-74,54],[-15,39],[8,21],[90,92],[5,38]],[[35711,37286],[48,-29],[83,-10],[43,-58],[26,49],[57,34],[27,70],[33,16],[38,-10],[12,30],[75,23],[-11,-46],[22,6],[47,-21],[37,-43],[29,4],[88,-21],[15,-28],[49,-27],[100,-30],[33,-35],[52,63],[53,78],[18,57],[49,26],[90,-32],[42,21],[93,61],[-2,45],[18,7],[-22,104],[5,101],[-5,16],[36,77],[34,50],[32,66]],[[37055,37900],[19,-43],[49,-9],[33,23],[14,73],[57,26],[9,18],[0,76],[-10,46],[4,40],[73,-12],[18,-62],[26,-28],[26,2],[22,36],[52,-11],[19,42],[68,6],[37,42],[49,84],[46,38],[80,43],[89,112],[61,-5],[28,-233],[36,-139],[8,-86],[1,-83],[-41,-266],[-11,-144],[9,-76],[-1,-107],[17,-105],[-8,-61],[-45,-41],[-5,-55],[51,-51],[-8,-33],[-24,-27],[20,-61],[81,-114]],[[30575,24497],[-74,-19],[-106,-48],[-76,-76],[-14,-30],[-5,-72],[2,-130],[8,-172]],[[17169,28815],[265,88],[182,57],[145,52],[42,9],[337,108],[290,102],[300,93],[77,26],[149,44],[159,57],[193,55],[158,53],[135,39],[24,12],[177,52],[432,147],[111,31],[91,34],[394,124],[599,202],[74,30],[176,59],[50,46]],[[8857,14495],[75,15],[269,5],[22,-7],[29,18],[16,112],[108,334],[14,149],[-45,370],[45,29],[292,76],[23,48],[-20,73],[-79,193],[-4,759],[70,96],[69,66],[92,67],[18,46],[-74,198],[-79,65],[-127,80]],[[9571,17287],[31,28],[81,-28],[162,-15],[115,-19],[147,11],[110,-47],[46,3],[58,34],[84,29],[63,7],[122,-2],[122,5],[135,18],[62,16],[43,32],[39,74],[73,-4],[97,-36],[66,-5],[158,25],[151,12],[75,31],[64,45],[87,45],[93,-2],[50,-23],[62,-97],[112,-99],[39,-72],[70,-77],[-14,-81],[2,-45],[40,-58],[250,-201],[128,-93],[54,-16],[91,-9],[163,-10],[56,2],[46,-16],[31,-61],[1,-72],[-18,-61],[-42,-78],[-52,-70],[-21,-63],[4,-36],[29,-7],[73,72],[67,151],[26,112],[8,75],[-8,29],[-43,79],[-8,61],[50,65],[105,35],[129,11],[51,9],[61,38],[45,40],[28,45],[17,49],[35,48],[19,-7],[23,-56],[56,42],[31,38],[40,29],[47,67],[65,76],[82,126],[104,69],[83,31],[23,97],[46,63],[40,33],[37,2],[62,-54],[65,-143],[55,-57],[4,-99],[16,-23],[76,-57],[17,-20],[13,-124],[56,-95],[-11,-111],[-30,-92],[17,-38],[200,-132],[185,-110],[74,-59],[100,-118],[35,-21],[83,-30],[43,-56],[82,-8],[71,31],[91,48],[112,72],[194,142],[246,191],[108,75],[109,87],[194,135],[76,22],[61,55],[33,18],[31,-12],[104,-130],[32,-116],[1,-76],[12,-59],[42,-66],[36,-86],[24,-99],[1,-93],[31,-32],[103,-10],[68,15],[87,10],[102,-31],[35,-32],[55,-82],[42,-88],[40,-213],[27,-29],[53,-26],[6,-68],[14,-31],[44,-44],[87,-46],[122,34],[101,-2]],[[27557,33941],[-144,-11],[-64,-12],[-99,8],[-146,-16],[-86,-34],[-30,-32],[-14,-92],[-13,-32],[-67,-52],[-23,-98],[-13,-10],[-131,27],[-26,72],[-48,34],[-46,55],[-38,108],[-27,43],[-93,39],[-39,26],[-81,1],[-71,-30],[-49,-29],[-80,-67],[-97,-90],[-19,4],[-117,-83],[-61,-33],[-32,-36],[-21,-83],[-21,-36],[-130,-133],[16,-59],[-34,-60],[-4,-26]],[[25609,33204],[-69,21],[-31,-18],[-46,51],[-22,-29],[-113,-64],[-97,10],[-146,-121],[-55,-68],[-36,-66],[-42,-49],[-30,-13],[-119,25],[-30,33],[-36,10],[-50,-27],[-58,21],[-48,37],[-23,56],[-44,70],[-8,34],[-46,67],[-21,112],[-48,54],[-62,-21],[-82,-43],[-32,-2],[-57,42],[-52,-93],[-1,-60],[-64,-79],[-22,-66],[-6,-64],[-41,-43],[-4,-34],[15,-44],[-29,-29],[-38,-86],[-10,-73],[-52,-88],[-13,-43],[-29,-43],[-54,-28],[-29,-46],[11,-42],[-12,-32],[-26,-16],[-25,-63],[8,-27],[-50,-73],[-35,-36],[-10,-52],[-29,-43],[-12,-42],[-24,-32],[-43,-29],[-76,-8],[-78,-28],[-15,-15],[-97,47],[-17,24],[-55,8],[-66,83],[-88,6],[-37,22],[-49,12],[-23,35],[-31,-11],[-49,19]],[[24056,35669],[37,21]],[[25784,36959],[38,-6],[81,33],[54,-3],[39,16],[51,-7],[74,29],[84,-2],[98,-13],[64,16],[156,65]],[[25609,33204],[-3,-28],[-110,-158],[-10,-45],[12,-62],[6,-79],[54,-74],[66,-49],[11,-28],[39,-24],[97,-45],[86,46]],[[26471,31276],[-50,34],[-61,-20],[-49,-49],[62,-32],[17,-37],[-14,-43],[-95,-60],[-58,-4],[-67,-24],[-13,-33],[9,-67],[37,-75],[17,-80],[-4,-111],[16,-30],[27,-11]],[[21769,30395],[86,91],[119,105],[46,61],[62,123],[46,41],[20,48],[-13,31],[-222,189],[-61,46],[-119,107],[-71,55],[-13,55],[6,97]],[[36667,40341],[-8,-71],[11,-45],[-69,-85],[-5,-50],[17,-169],[24,-85],[32,-28],[-4,-52],[-30,-26],[-8,-36],[20,-182],[-8,-256],[-17,-185],[1,-134],[-7,-210],[-14,-44],[-2,-58],[30,-67],[73,-77],[24,-9],[156,-9],[33,-23],[20,-80],[29,-57],[8,-41],[47,-146],[2,-36],[33,-180]],[[35711,37286],[0,106],[16,30],[45,31],[42,50],[-20,17],[-70,22],[-149,17],[-78,13],[-175,13],[-154,58],[-64,52],[-54,181],[-52,214],[-30,170],[-16,170],[-2,75],[51,148],[35,70],[38,102],[27,169],[18,186],[37,250],[66,232],[43,109],[35,106],[23,120],[-8,78],[-40,115],[-40,89],[-78,127],[-67,118],[-80,123]],[[35010,40647],[10,-3],[60,53],[78,47],[60,52],[45,57],[46,16],[36,27],[17,56],[41,68],[4,52],[21,27],[50,32],[71,88],[126,20],[106,6],[113,40],[33,21],[23,-24],[102,47],[74,-1],[46,17],[75,10],[1,-34],[-49,-57],[-53,-140],[-40,-83],[-69,-70],[105,-93],[76,-45],[143,-63],[3,-59],[-52,-135],[-61,-86],[-1,-114],[11,-47],[46,-2],[62,-37],[66,21],[91,129],[42,73],[29,23],[60,16],[38,-3],[0,-80],[-28,-128]],[[33319,23349],[-162,-17],[-86,-12],[-262,-17],[-290,-9],[-38,4]],[[32481,23298],[-115,8],[-173,-6],[-206,3],[-164,-7],[-249,0],[-203,4],[-283,1],[-152,3],[-236,1],[-49,-3],[-132,-109]],[[20241,22942],[-37,-83],[-34,-122],[-72,-170],[-18,-61],[-47,-110],[-26,-83],[-2,-75],[45,-38],[47,-16],[81,11],[36,-8],[40,-30],[25,-45],[15,-80],[-42,-168],[-20,-104],[-10,-87],[-2,-90],[4,-69],[41,-99],[26,-26],[47,-2],[27,14],[42,45],[80,-14],[55,-48],[31,-67],[31,-87],[3,-119],[-8,-62],[-72,-171]],[[9571,17287],[-258,162],[-277,-35],[-230,-5],[-329,-188],[-104,-15],[-173,36],[-66,56],[-57,32],[-140,-20],[-90,-4],[-94,45],[-61,63],[-6,84],[169,172],[37,92],[-18,70],[-83,102],[194,616],[-14,381],[-54,516],[-35,432],[-41,343],[-47,229],[-25,183]],[[28027,38879],[104,95],[103,60],[73,3],[32,-18],[40,1],[81,32],[102,5],[81,30],[72,46],[141,122],[98,60],[70,66],[13,80],[67,64],[70,94],[62,54],[97,195],[15,14],[39,80],[60,83],[12,-62],[23,-35],[257,-40],[73,-24],[-34,-80],[12,-19],[99,-106],[33,-14],[345,7],[152,-7],[54,-8],[91,-64],[136,-16],[46,6],[80,-32],[108,-98],[75,2],[32,27],[45,74],[30,76],[-24,6],[-152,15],[-162,-4],[-140,-28],[-65,48],[-59,26],[74,36],[59,18],[48,32],[173,101],[138,94],[62,38],[48,-35],[202,-210],[30,-13],[156,-11],[96,-17],[30,-93],[26,-172],[-8,-68],[13,-27],[104,-85],[37,-49],[87,-42],[18,-29],[19,-97],[90,-125],[29,-1],[40,-23],[39,4],[41,-33],[68,-4],[54,17],[116,-3],[65,17],[47,43],[21,35],[43,107],[20,17],[79,-50],[38,3],[31,-40],[61,1],[40,-17],[41,10],[13,75],[29,40],[62,48],[79,36],[60,69],[62,56],[86,52],[13,33],[-4,51],[30,21],[31,115],[56,54],[29,123],[75,79],[25,47],[19,68],[27,33],[21,90],[135,70],[128,118],[37,97],[24,26],[87,37],[74,44],[23,62],[-10,56]],[[34100,40624],[40,40],[44,-41],[21,1],[102,72],[69,-19],[58,5],[118,-4],[58,18],[97,-7],[41,4],[169,47],[51,-77],[42,-16]],[[31188,32330],[-83,-16],[-121,-7],[-39,-19],[-12,-20],[18,-56],[-17,-38],[-111,-35],[-34,-21],[-95,-121],[-63,-45],[-120,-22],[-138,-19],[-110,-22],[-111,-32],[-41,-32],[-76,-3],[-62,12],[-153,53],[-123,15],[-91,-26]],[[22002,33448],[-82,45],[-30,33],[-23,140],[-39,95],[-6,60],[48,200],[23,83],[70,303],[25,82],[44,175],[33,158],[82,351],[42,188],[59,254],[19,33],[39,21],[183,54],[146,30],[7,10],[94,11],[107,20],[116,37],[69,53],[155,157],[84,105],[113,123],[66,38],[4,92],[16,39],[-8,70],[43,82],[27,92],[23,49],[16,108],[20,99],[52,48],[108,-14],[44,0]],[[55985,59166],[47,-42],[77,-1],[41,29],[49,-29],[84,6],[36,37],[28,-1],[68,-53],[50,-10],[44,-43],[39,-104],[-3,-49],[-28,-41],[8,-94],[-22,-25],[-48,-18],[-4,-39],[-30,-36],[-53,-2],[2,-76],[103,-99],[24,0],[21,-35],[-31,-75],[57,-43],[24,-29],[78,-38],[18,-61],[74,5],[95,-77],[18,-63],[26,-25],[28,-54],[31,-24],[63,-25],[32,27],[32,1],[21,-31],[20,-68],[-2,-44],[50,-54],[37,17],[36,-24],[42,4],[37,-21],[-1,-30],[33,-31],[54,8],[46,-65],[14,-60],[-18,-32],[37,-17],[41,-41],[46,-91],[111,-59],[49,-61]],[[57716,57260],[21,-108],[17,-27],[-6,-102],[9,-147],[-32,-103],[2,-38],[59,-65],[35,-27],[15,-48],[59,-41],[56,29],[48,-6],[14,-65],[2,-53],[26,-41],[72,-10],[-35,-31],[-83,-14],[-14,-24],[-28,0],[-30,-41],[19,-28],[-47,-49],[12,-48],[-12,-23],[-74,-4],[10,-84],[22,-54],[57,-41],[-1,-20]],[[57909,55947],[-30,-73],[-1,-27],[30,-33],[0,-39],[42,-30],[10,-26],[-2,-61],[-57,-98],[-47,-35],[-7,-31],[46,-90],[-1,-24],[-58,-59],[-47,-24],[-95,5],[-37,-37],[-24,-57],[-87,-39],[-34,-1],[-50,-37],[28,-48],[45,-55],[62,-22],[36,-34],[-10,-36],[14,-52],[-8,-61],[12,-22],[27,9],[74,1],[98,-67],[100,-52],[50,-39],[50,-83],[-6,-32],[7,-118],[46,-111],[19,-19],[-8,-48],[-38,-78],[18,-79],[-51,-21],[-25,-38],[-32,-14],[-42,-102],[-49,-30]],[[57877,53880],[-119,54],[-54,15],[-90,10],[-126,-22],[-23,-12],[-84,-1],[-122,-43],[-51,-26],[-93,1],[-80,43],[-211,79],[-77,59],[-69,24],[-68,6],[-117,-22]],[[54768,56265],[-79,34],[-55,37],[2,23],[31,49],[52,34],[37,59],[55,60],[36,9],[23,46],[38,26],[32,6],[20,40],[31,18],[39,3],[32,-18],[93,5],[67,34],[79,3],[35,17],[42,39],[15,62],[83,45],[102,-2],[40,68],[27,69],[15,7],[37,55],[28,21],[6,61],[28,94],[85,33],[44,41],[10,74],[26,31],[31,62],[-33,87],[-3,39],[-24,36],[-1,42],[-23,50],[30,34],[-10,48],[-46,126],[-45,61],[-62,40],[4,64],[-43,107],[-2,90],[-37,55],[-16,65],[-37,-34],[-20,28],[-9,51],[-47,22],[23,64],[1,39],[-67,66]],[[55488,58690],[-9,14],[7,95],[-7,48],[19,26],[62,37],[21,34],[4,81],[22,23],[9,59],[-58,22],[-38,63],[2,81],[52,26],[43,55],[17,52],[-31,38],[-60,11],[-27,30],[1,26],[36,74],[51,33],[29,70],[27,16],[68,1],[37,17],[94,21],[73,63],[44,8],[14,-17],[-9,-43],[8,-107],[-11,-76],[-33,-34],[6,-41],[33,-3],[71,-71],[10,-37],[-12,-47],[-60,-55],[10,-53],[-21,-39],[3,-25]],[[53468,56225],[47,8],[-131,101],[-60,29],[-23,-1],[-99,-44],[-74,7],[-16,11],[-38,72],[-41,45],[-55,34],[-109,15],[-32,12]],[[52837,56514],[-64,46],[-55,58],[-59,32],[-99,11],[-116,-21],[-51,2],[-72,41],[-73,73],[-37,25],[-95,22],[-67,-19],[-95,-67],[-43,-17],[-37,48],[-35,168],[-41,123],[-19,115],[6,103],[-8,147],[9,104],[23,103],[17,43],[51,69],[109,53],[48,38],[26,34],[39,78],[105,168],[15,6],[-74,62]],[[52145,58162],[47,28],[128,-21],[49,37],[57,0],[58,57],[63,11],[101,40],[49,52],[3,36],[23,38],[131,120],[22,59],[34,48],[88,7],[56,-13],[42,41],[8,35],[36,35],[1,47],[25,25],[29,67],[109,17],[40,20],[62,-1],[59,-31],[21,-36],[30,3],[43,77],[-7,53],[37,28],[14,32],[-1,47],[34,36]],[[53636,59156],[54,-38],[33,-121],[43,-75],[86,-46],[20,-58],[47,-38],[23,-64],[74,-1],[50,17],[-4,29],[59,-8],[19,16],[20,-57],[61,-31],[26,2],[91,-118],[44,-30],[34,2],[37,24],[43,-78],[48,-46],[53,-17],[21,8],[14,47],[23,6],[46,-39],[87,-29],[38,0],[27,-29],[38,-13],[30,14],[42,69],[75,-11],[59,11],[66,-11],[7,49],[17,30],[53,50],[37,60],[0,55],[13,22],[31,7],[55,-20],[40,-26],[51,6],[21,14]],[[64714,58665],[61,-47],[96,-35],[66,-43],[35,-5],[91,39],[36,56],[44,-2],[84,-52],[77,-6],[62,-16],[32,-23],[30,-47],[54,-59],[54,-32],[99,-37],[90,-77],[95,-50],[35,-33],[42,-18],[66,0],[144,43],[82,32],[160,30],[96,-48],[27,-33],[37,-117],[31,-30],[70,6],[24,-17],[6,-73],[69,-46],[93,7],[86,-40],[43,-3],[102,64],[103,34],[66,9],[48,-28],[36,25],[157,-28],[29,-30],[21,-46],[53,20],[53,-7],[91,-39],[16,13],[-6,80],[27,22],[36,-4],[39,-31],[68,-72],[26,-41],[50,40],[102,7],[31,18],[-11,35],[28,74],[71,66],[78,-18],[83,-10],[22,8],[22,100],[34,25],[80,-85],[-2860,-2259],[-198,-91],[-99,0],[-103,80],[-53,-28],[-14,-93],[5,-243],[-6,-52],[-51,-84],[-35,-19],[-74,2],[-81,26],[-169,102],[-101,43],[-54,10],[-28,-8],[-61,-63],[-91,-81],[-59,-30],[-47,2],[-146,-14],[-56,-32],[-24,-41],[-18,-80],[18,-182],[5,-99],[-27,-69],[-128,-145],[-39,-109],[-38,-78],[-63,-29],[-77,-4],[-293,-5],[-73,14],[-67,35],[-126,90],[-99,42],[-23,4]],[[63033,54602],[6,34],[33,24],[9,38],[-13,29],[-75,43],[-56,51],[-28,65],[-5,110],[-75,166],[-65,114],[-25,61],[-10,70],[20,92],[-18,61],[-48,36],[-17,31],[6,59],[-70,22],[-53,47],[-77,44],[-33,51],[-47,7],[-126,-5],[-32,16],[-65,76],[-94,19],[-61,-3],[-47,17],[-49,0],[-36,17],[-84,17],[-68,39],[-14,22],[-81,62],[-65,27],[-73,48],[-111,44],[-112,33],[-83,39],[-51,2],[-33,22],[-65,11]],[[61042,56360],[-36,18],[-49,63],[-79,80],[-60,54],[-4,63],[-90,105]],[[60724,56743],[-11,52],[11,101],[51,107],[24,73],[94,120],[51,12],[80,109],[40,71],[28,99],[10,66],[-10,63],[0,126],[28,115],[25,41],[266,194],[42,15],[160,35],[96,49],[48,37],[50,58],[34,59],[160,197],[86,63],[123,51],[81,50],[46,56],[176,106],[51,15],[125,60],[57,14],[66,29],[67,17],[48,-5],[32,-30],[101,-138],[111,-107],[37,-25],[141,-144],[103,-55],[101,-74],[64,-70],[104,-133],[3,-31],[35,-71],[29,-96],[18,-96],[45,-76],[37,-13],[53,-68],[84,-75],[62,108],[44,59],[39,112],[102,179],[132,185],[37,59],[45,101],[66,32],[15,22],[77,45],[70,67]],[[53183,64617],[45,-55],[23,-47],[-2,-46],[13,-30],[92,-17],[71,-43],[10,-51],[-12,-27],[26,-23],[-4,-77],[-32,-31],[-5,-39],[-33,-43],[102,-19],[77,22],[118,11],[69,-49],[57,1],[-34,-42],[-14,-96],[72,-52],[60,-8],[99,-1],[50,-15],[63,-71],[19,-37],[55,-39],[85,-30],[27,-38],[-93,-84],[-27,-44],[-39,-12],[-15,-34]],[[54106,63451],[-11,-11],[-154,20],[-54,-73],[-113,-72],[-13,-64],[-25,-44],[3,-49],[-54,-3],[-59,-40],[-109,-5],[-26,-26],[0,-40],[-16,-19],[7,-97],[-25,-90],[-47,-10],[-47,-34],[-4,-67],[-14,-12],[-32,-95],[3,-30],[84,-99],[-22,-50],[-52,-44]],[[53326,62397],[-22,-20],[-51,-83],[-57,-26],[-23,-42],[-16,-63],[-40,-72],[0,-60],[12,-72],[-4,-137],[24,-29],[27,-93],[25,-41],[40,-32],[47,-14],[32,-47],[33,-71],[0,-46],[26,-27],[86,-37],[29,-90],[-3,-68],[-11,-17],[-79,-42],[-24,-27],[2,-128],[29,-37],[51,-120],[2,-47],[-69,-11],[-28,-62],[-39,-124],[-3,-49],[-18,-38],[23,-121],[20,-18],[-14,-36],[-61,-2],[-38,-23],[-42,-50],[-48,14],[-33,-23],[-42,-2],[-44,17],[-29,-45],[1,-122],[-20,-10],[-14,-52],[-31,-13],[-72,-8],[-76,50],[-40,6],[-7,-50],[5,-55],[29,-56],[10,-50],[-3,-76]],[[52778,59800],[-57,10],[-64,36],[-33,-7],[0,-33],[-39,-18],[-40,-40],[-44,3],[-55,47],[-17,71],[-41,13],[-64,60],[-30,-46],[-78,-24],[-73,20],[-17,35],[-48,24],[-22,-43],[-24,0]],[[52032,59908],[-48,59],[-4,49],[-20,15],[21,47],[-19,20],[-8,112],[18,42],[-38,11],[-29,33],[2,40],[-58,101],[-69,-18],[-32,53],[-57,41],[14,59],[-68,9],[-38,34],[-51,28],[-22,26],[26,53],[2,45],[-32,83],[84,-9],[19,123],[-12,68],[-24,77],[-47,28],[-3,21],[-47,37],[-5,39],[11,49],[-22,17],[-9,57],[15,22],[3,47],[65,46],[26,97],[-25,71],[-9,51],[26,60],[76,63],[85,27],[57,31],[67,65],[-4,84],[-10,7],[-5,65],[-49,47],[-18,71],[13,58],[-3,75],[-19,64],[-26,16],[-22,51],[-38,36],[-59,6],[-9,29],[20,36],[-5,54],[-66,16],[-54,29],[-22,37],[16,55],[23,13],[14,139],[-23,30],[-48,30],[-2,35],[-35,-3],[-59,46],[-58,-4],[-57,28],[-2,43],[-24,32],[19,29],[5,51],[-70,20],[0,68],[-51,19],[-58,-7],[5,65],[68,50],[41,14],[73,8],[52,18],[9,47],[48,34],[5,28],[42,80],[-15,52],[-53,70],[-16,81],[71,124]],[[51397,64013],[231,-17],[77,26],[47,45],[64,18],[120,-37],[81,32],[100,6],[51,-12],[148,-64],[50,1],[47,40],[31,96],[3,74],[-8,46],[-43,94],[-41,71],[-29,28],[-63,28],[-81,3],[-28,29],[-24,80],[-40,24],[-164,21],[-95,31],[-58,30],[-46,43],[-33,51],[-55,109],[-95,74]],[[51544,64983],[93,39],[125,11],[47,-3],[35,-36],[80,-23],[66,28],[54,-21],[111,-4],[38,-58],[88,39],[99,5],[132,-64],[19,-31],[99,9],[110,-68],[111,-146],[67,-22],[82,4],[24,14],[78,-19],[24,-18],[57,-2]],[[56610,60560],[15,-45],[55,-33],[14,-47],[69,-31],[14,-97],[-53,-85],[29,0],[85,-41],[24,-22],[33,-93],[14,-114],[-5,-78],[-49,-49],[-172,-58],[-55,-12]],[[56628,59755],[-10,-84],[-48,-77],[-39,-30],[-93,-50],[-54,-49],[-28,-114],[-58,-34],[-57,-5],[-76,-47],[-101,-75],[-53,-25],[-26,1]],[[53636,59156],[-8,17],[-42,-3],[-37,22],[-70,95],[-28,25],[-70,83],[-74,-8],[-67,3],[-37,25],[-2,22],[-36,85],[-23,12],[-27,65],[2,48],[-22,26],[-46,-12],[-10,-25],[-34,-20],[-75,4],[-72,22],[-83,65],[3,93]],[[53326,62397],[11,-47],[4,-97],[10,-41],[38,-63],[71,-19],[47,-28],[83,-119],[10,-93],[34,-127],[35,-71],[76,-73],[64,-44],[39,-106],[35,-58],[128,-4],[134,11],[42,14],[53,-1],[110,-28],[80,-35],[62,-70],[67,-104],[60,-80],[89,-182],[21,-35],[46,50],[49,35],[23,37],[30,82],[76,85],[31,52],[17,10],[132,8],[65,8],[80,-2],[72,-11],[75,4],[34,-8],[106,-57],[92,-61],[12,-56],[87,-71],[65,-20],[59,-7],[51,-33],[46,-52],[25,-59],[58,0],[39,-31],[76,-33],[106,0],[81,-16],[59,-1],[64,-48],[31,-65],[18,-77],[76,0]],[[60874,60903],[-36,-23],[-41,-46],[-71,-8],[-16,-14],[10,-53],[-86,-35],[-98,-89],[-37,10],[-52,-8],[-39,8],[-75,-44],[-94,9],[-54,12],[-41,58],[-3,42],[-50,70],[-4,62],[-61,5],[-51,34],[-15,76],[45,43],[-18,48],[-119,80],[-70,84],[-32,5],[-8,-46],[-63,-24],[-59,-11],[-103,2],[-63,-8],[-69,8],[-38,-12],[-98,33],[-86,42],[-177,18],[-68,27],[-129,101],[-23,11],[-27,66],[-9,76],[-22,36],[-30,18],[-97,20],[-41,21],[-41,57],[-16,50],[-29,32],[-87,0],[-82,-60],[-18,-32],[-43,-34]],[[58240,61620],[-54,35],[-54,17],[-59,39],[-55,97],[-20,69],[-36,43],[-19,65],[2,63],[-49,49],[-88,36],[-58,-12],[-33,-26],[-52,-16],[-38,-38],[-79,-30],[-57,-8],[-107,-42],[-29,9],[-62,65],[-36,62],[-106,18],[-55,29],[-52,2],[-111,-71],[-56,-17],[-63,-1],[-50,15],[-66,7],[-161,31],[-24,21],[-60,-43],[-47,-19],[-18,-26],[-31,-1],[-38,27],[-42,5],[-78,-15],[-27,-33],[-67,25],[-66,3],[-40,-21],[-52,-7],[-64,38],[-97,21],[-71,-2],[-82,-15],[-73,-3],[-38,-47],[-41,-9],[-20,-26],[20,-18],[-3,-40],[-27,-32],[-32,-13],[-16,-65],[-67,-9],[-49,13],[-75,-2],[-122,-57],[-77,6],[-37,-11],[-99,11],[-67,-14],[-49,0],[-77,24],[-63,4],[-48,20],[20,73],[32,38],[26,53],[26,92],[28,53],[91,126],[30,27],[63,81],[69,60],[-35,95],[-36,47],[-71,49],[-41,44],[-3,40],[63,124],[36,34],[41,22],[66,56],[119,58],[121,91],[-175,96],[-105,50],[-138,76],[-131,39],[-171,68],[-120,29],[-142,3],[-110,12],[-20,15]],[[53183,64617],[30,-1],[106,76],[61,11],[63,-26],[40,3],[32,32],[55,234],[44,70],[58,8],[177,-19],[106,-40],[64,4],[47,20],[189,125],[84,71],[91,100],[80,46],[110,32],[50,38],[29,39],[29,7],[284,10],[78,-3],[44,-42],[33,-124],[20,-21],[68,-3],[19,19],[24,114],[18,169],[-7,60],[110,27],[63,23],[38,50],[25,63],[168,52],[75,53],[37,5],[28,-23],[25,-79],[33,-42],[-13,-51],[36,-61],[40,-45],[112,-12],[104,10],[13,17],[-2,65],[46,50],[125,6],[38,7],[5,-66],[-23,-113],[6,-34],[25,-32],[42,-27],[38,-55],[30,-89],[73,-171],[28,-16],[71,8],[12,44],[63,-7],[2,35],[-24,40],[-23,95],[81,42],[90,20],[52,25],[40,-11],[52,5],[108,109],[41,-3],[83,-50],[47,-3],[81,28],[61,-6],[84,6],[19,59],[51,14],[96,-60],[-14,-108],[26,-22],[144,-60],[40,-5],[63,-44],[36,-9],[48,10],[54,27],[75,18],[118,-19],[113,-48],[77,-4],[52,-23],[143,-5],[17,-76],[-40,-30],[-32,-5],[-23,-62],[9,-74],[70,-50],[43,-51],[23,-51],[18,-198],[-45,-175],[9,-92],[54,-93],[26,-93],[53,-98],[58,4],[72,85],[58,23],[39,-65],[41,-23],[50,22],[-12,113],[13,98],[143,-16],[65,-34],[184,43],[57,-3],[135,-45],[59,-41],[32,-37],[78,22],[116,-66],[55,-63],[53,-16],[140,-119],[60,-25],[130,-109],[32,-33],[62,-86],[48,-54],[68,-45],[95,-108],[40,-15],[-22,-15],[-29,-85],[8,-53],[63,-74],[33,-82],[15,-67],[97,-109],[33,-18],[26,-40],[-9,-56],[58,-22],[3,-34],[-18,-31],[2,-31],[26,-33],[46,-90],[26,-100],[-30,-91],[-66,-35],[-81,-155],[-6,-58],[38,-138],[44,-44],[27,-11],[49,-73],[10,-81],[97,-84],[27,-50],[13,-60],[-17,-25],[-161,49],[-38,-29],[18,-199],[2,-114],[-86,-21],[-72,4],[-37,-16],[28,-51],[-47,-38],[-82,-13],[-27,-16],[-8,-40],[59,-50],[-20,-60],[8,-56],[45,-69],[-20,-28]],[[61042,56360],[-50,-43],[-83,-14],[-32,-25],[-70,19],[-83,38],[-34,3],[-25,22],[-72,10],[-44,-17],[-56,12],[-38,21],[-36,-5],[-26,-21],[-67,17],[-145,-58],[-66,-56],[-69,-11],[-123,-109],[-29,-56],[-54,-23],[-135,37],[-60,-25],[-22,-27],[-80,-35],[-69,1],[-42,-9],[-44,-29],[-456,-18],[-152,-49],[-142,-37],[-61,-9],[-129,-43],[-76,-10],[-28,-18],[-45,-6],[-147,55],[-61,28],[-136,43],[-46,34]],[[57716,57260],[56,25],[180,32],[167,40],[137,-1],[63,74],[12,48],[34,45],[37,22],[69,15],[32,41],[102,57],[14,60],[32,33],[55,24],[85,79],[58,23],[25,31],[83,-32],[4,-43],[45,-63],[33,-66],[50,24],[34,31],[99,106],[66,61],[114,68]],[[59402,57994],[15,-47],[75,-114],[96,-122],[148,-175],[92,-153],[-56,-68],[-50,-70],[-14,-38],[-39,-29],[7,-72],[45,-27],[50,3],[41,46],[15,41],[29,15],[44,-1],[51,-72],[31,6],[41,28],[88,5],[15,17],[34,-7],[90,48],[15,97],[32,34],[32,-30],[46,8],[61,-47],[43,-78],[23,-66],[12,-188],[36,-82],[19,-93],[15,-12],[140,-8]],[[58240,61620],[-49,-66],[-38,-24],[-74,3],[-59,-25],[-52,-6],[-78,33],[-68,-53],[-10,-36],[-4,-100],[-7,-37],[-36,-88],[-35,-47],[-36,-82],[-31,-111],[-41,-103],[-19,-11],[-31,39],[-56,-72],[-23,-58],[-101,-50],[-37,-4],[-48,18],[-36,-29],[-34,0],[-38,40],[-14,130],[-56,47],[-24,35],[-17,-2],[-20,-81],[-124,-68],[-60,-40],[-45,-6],[-29,18],[-42,-35],[-71,-11],[-36,-33],[-7,-62],[-44,-83]],[[63033,54602],[-39,6],[-21,-13],[-130,-135],[-38,-9],[-73,-51],[-95,-80],[-186,-8],[-96,-13],[-59,-35],[-47,-60],[-26,-53],[-33,-39],[-61,-45],[-104,-56],[-28,-4],[-120,-64],[-20,-19],[-141,-59],[-76,-4],[-69,20],[-146,122],[-46,24],[-79,-1],[-74,-29],[-45,-30],[-45,-52],[-56,-87],[-35,-29],[-34,-3],[-63,20],[-87,-11],[-57,-33],[-54,-97],[-27,-18],[-124,-51],[-158,-83],[-87,-74],[-41,-52],[-71,-71],[-98,-57],[-79,-31],[-80,1],[-150,27],[-194,59],[-116,24],[-95,8],[-162,-10],[-124,7],[-61,-11],[-111,10],[-55,20],[-283,27],[-69,18],[-110,48],[-62,48],[-296,191],[-16,33],[36,84],[-3,24],[-66,38],[-57,5],[-114,-9]],[[60874,60903],[22,-25],[1,-47],[43,-80],[57,-53],[42,-26],[86,-40],[55,-5],[66,47],[136,-8],[77,-13],[27,-18],[-4,-96],[18,-53],[63,-99],[34,-34],[88,-132],[39,-87],[8,-40],[-32,-107],[0,-48],[13,-66],[-54,-117],[1,-33],[54,-44],[49,-11],[125,9],[74,-3],[17,14],[12,53],[84,6],[62,-6],[87,22],[50,1],[36,-23],[90,-38],[145,-25],[4,14],[-35,109],[8,42],[38,27],[58,-30],[77,-25],[79,-10],[37,8],[47,40],[85,106],[71,38],[40,0],[95,-39],[99,76],[24,32],[13,80],[37,20],[73,-12],[47,-33],[39,-90],[-64,-112],[-7,-32],[26,-85],[6,-43],[-86,-104],[20,-63],[37,-50],[53,-119],[113,-56],[31,18],[48,4],[35,-17],[19,-29],[85,-33],[70,-8],[17,-39],[5,-86],[81,-44],[57,-75],[76,-87],[39,-121],[33,-8],[88,8],[98,23],[87,8],[49,30],[58,-85],[126,-119],[33,-42]],[[59402,57994],[-39,35],[-134,44],[-114,118],[-36,60],[-82,89],[-55,94],[-27,88],[-47,90],[-25,26],[-52,25],[-106,1],[-95,-21],[-142,3],[-43,-16],[-74,-6],[-96,-26],[-63,12],[-13,31],[-73,91],[-29,4],[-116,111],[-44,0],[-37,24],[-41,-9],[-70,20],[-54,80],[-11,41],[4,51],[63,36],[-5,56],[-31,36],[-68,57],[-83,28],[-64,72],[-88,45],[-34,51],[-105,-33],[-40,40],[-121,97],[-93,31],[-34,19],[-48,56],[-41,26],[-91,19],[-45,35],[-132,30]],[[52145,58162],[-33,28],[-50,-12],[-106,11],[-61,37],[-216,15],[-75,15],[-41,27],[-147,28],[-113,32]],[[51303,58343],[10,91],[-11,80],[-98,161],[-116,153],[-71,147],[6,100],[26,67],[1,187],[22,134],[0,53],[-110,167],[-11,120],[4,112]],[[50955,59915],[18,1],[78,-74],[47,-4],[38,31],[1,62],[18,27],[45,0],[54,-55],[57,11],[49,-24],[50,-6],[43,-25],[31,-3],[16,43],[54,43],[117,-33],[37,34],[29,-28],[45,-7],[29,-30],[85,-42],[60,-1],[26,-18],[65,-15],[-15,106]],[[51303,58343],[-37,8],[-94,-11],[-52,2],[-168,75],[-317,23],[-78,22],[-128,81],[-65,26],[-208,39],[-41,21],[-122,82],[-102,76],[-68,75],[-59,54],[-55,37],[-113,62],[-86,92],[-40,68],[-36,77],[-17,63],[-4,97],[12,105],[39,180],[-1,44]],[[49463,59741],[259,20],[99,31],[44,62],[56,-3],[65,12],[23,64],[-35,67],[-2,20],[45,88],[4,56],[-7,71],[22,15],[87,-19],[86,-2],[19,27],[63,30],[85,-58],[50,-55],[28,-102],[61,7],[60,-81],[29,-21],[114,-10],[128,-58],[46,-5],[41,26],[22,-8]],[[49463,59741],[-26,37],[-103,74],[-72,20],[-44,-8],[-110,-60],[-174,-68],[-69,-14],[-81,5],[-71,18],[-79,0],[-111,14],[-177,41],[-91,31],[-57,6],[-61,-21],[-128,-69],[-129,-35]],[[47880,59712],[-57,-17],[-120,-48],[-72,-1],[-210,95],[-158,32],[-38,21],[-43,89],[-42,71],[-47,41],[-93,46]],[[47000,60041],[-3,58],[39,81],[89,210],[47,74],[39,112],[-5,70],[-25,57],[-86,89],[-65,103],[-14,90],[16,80],[18,44],[53,93],[15,49],[4,51],[-21,89],[-4,68],[7,76],[28,102],[81,124],[65,52],[52,27],[72,14],[102,-19],[44,-21],[53,1],[55,25],[38,44],[92,147],[71,43],[134,53],[54,37],[138,117],[123,70],[52,37],[20,39],[24,131],[9,107],[21,72],[25,30],[128,70],[89,16],[105,-5],[41,46],[-4,97],[30,28],[80,28],[119,79],[59,58],[29,61],[19,73],[44,110],[51,63],[9,26],[-12,64],[-46,92],[-30,78],[-16,90],[11,53],[40,44],[185,29],[56,30],[90,79],[62,20],[51,-7],[89,-37],[47,-12],[108,-9],[70,8],[107,28],[120,47],[120,41],[48,39],[105,32],[26,-4],[118,15],[73,-21],[132,-81],[102,-21],[165,-17],[108,28],[72,-7],[43,-69],[28,-30],[69,-6]],[[49641,49738],[50,1],[50,-34],[192,-57],[54,-38],[53,-13],[102,-103],[26,-20],[30,-46],[124,-66],[21,-69],[43,-34],[61,-7],[13,-18],[25,13],[49,-5],[-24,-60],[-103,-100],[0,-22],[-30,-26],[-107,26],[-89,-58],[8,-26],[-25,-42],[18,-153],[-35,-48],[-2,-41],[22,-3],[-131,-168],[-61,-68],[-208,-264],[-455,260],[180,114],[93,62],[-253,402],[-15,21],[-349,-224],[-53,74],[-50,-31],[-30,20],[-9,-24],[32,-15],[47,-64],[-291,-187],[-405,634],[113,24],[17,44],[44,23],[38,-10],[116,16],[31,32],[55,8]],[[48623,49368],[24,6],[91,-5],[48,8],[28,37],[60,14],[49,44],[4,35],[35,-4],[28,17],[19,-10],[-2,43],[16,38],[48,26],[72,26],[54,-16],[40,15],[53,42],[43,-11],[10,-36],[110,17],[37,56],[59,29],[28,31],[47,-3],[17,-29]],[[51029,50787],[-107,2],[-57,-31],[-25,-48],[-70,-81],[-31,-54],[-40,-46],[-27,-14],[2,-30],[-32,1],[-6,47],[-49,49],[-37,-13],[-32,-54],[-28,-1],[-18,-32],[40,-1],[2,-44],[-30,-54],[-44,-41],[-33,-9],[-46,-33],[1,-62],[-31,-19],[-18,-43],[-28,-30],[13,-34],[-13,-42],[-42,-41],[-7,-36],[-36,-10],[-28,-43],[-58,6],[-74,-44],[-32,40],[-54,-22],[-40,-87],[-48,-26],[-60,-12]],[[49806,49795],[-26,36],[49,44],[-21,51],[14,24],[-9,26],[-64,-15],[1,44],[-22,27],[10,31],[60,29],[33,28],[-8,37],[-45,-12],[-78,20],[7,50],[53,34],[5,36],[-33,-22],[-11,23],[-73,-14],[-10,23],[-50,-74],[-72,-28],[-93,-22],[-38,19],[-33,-15],[-6,39],[50,36],[7,55],[-46,53],[-31,16],[70,68],[50,1],[46,30],[-5,39],[40,54],[-6,54],[31,78],[-1,41],[-24,42],[-60,46],[-100,-16],[-55,7],[-12,22],[-48,19],[5,22],[46,46],[-21,19],[34,57],[29,29],[2,85],[-13,33],[-61,33],[-30,65],[-29,31],[-43,17],[-84,4],[-39,39],[54,56],[20,55],[-92,101],[-89,-14],[-36,35],[-46,2],[-13,29],[35,35],[49,12],[7,19],[-35,23],[19,43]],[[48921,51735],[11,47],[43,23],[23,35],[-19,44],[20,0],[8,44],[47,41],[20,31],[29,13],[51,-2],[3,-72],[66,-6],[-2,-35],[54,-86],[24,44],[30,-19],[22,17],[67,5],[28,35],[19,-9],[51,48],[13,0],[75,-64],[63,-6],[15,35],[17,-33],[-10,-34],[30,-25],[34,53],[9,64],[33,62],[-8,24],[30,93],[28,-9],[44,15],[23,-41],[74,-39],[8,44],[72,50],[7,36],[-10,44],[50,-15],[60,21],[19,35],[48,4],[1,25],[31,-1],[43,69],[45,39],[-26,17],[45,49],[-2,55],[44,17],[107,-14],[41,37]],[[43952,53927],[-46,-49],[-100,3],[0,-32],[-48,0],[4,-44],[-38,-32],[-38,1],[-36,-28],[-26,-1],[3,-98],[-51,-94],[0,-44],[15,-48],[-47,-15],[7,-50],[-35,-34],[-52,-6],[11,-18]],[[43475,53338],[-54,3],[-15,-85],[-26,-18],[-38,23],[-79,-37],[-32,-26],[-9,31],[-33,42],[-77,66],[-35,40],[-1,143],[-28,35],[-15,67],[8,44],[-12,100],[-11,27],[35,8],[94,124],[-38,83],[-58,23],[-49,5],[-70,-41],[-38,-4],[-68,-49],[-48,1],[-45,38],[-23,40],[-51,7],[-34,-22],[-61,9],[-8,-20],[-45,-18],[-45,-33],[-66,-14],[-93,-47],[-27,24],[-92,28],[-16,-11],[-79,10],[-53,-27],[-22,18],[-48,-2],[15,104],[-22,35],[-90,100],[2,25],[-60,65],[-25,12],[-66,-96],[-57,12],[-50,42],[-37,74]],[[41580,54296],[93,80],[94,4],[44,61],[66,150],[101,35],[33,34],[53,142],[13,80],[22,76],[35,65],[75,55],[104,107],[64,19],[59,6],[64,23],[88,45],[94,71],[124,39],[38,43],[55,10],[29,39],[16,66]],[[42944,55546],[75,-91],[76,-61],[34,-39],[28,-78],[82,-103],[48,-107],[64,-206],[5,-100],[11,-25],[53,-38],[40,18],[96,-16],[105,-9],[38,-18],[13,-32],[28,-15],[99,7],[24,-28],[99,-34],[28,-54],[47,-48],[48,22],[5,-39],[45,-17],[-36,-35],[-49,27],[-15,-12],[-2,-43],[-17,-6],[-21,-51],[-22,21],[-34,-22],[5,-86],[37,-24],[-16,-58],[24,-25],[-23,-66],[16,-53],[-30,-75]],[[39874,46849],[91,0],[59,-46],[35,21],[92,-17],[68,-25],[27,-34],[37,2],[48,-20],[21,-34],[39,-21],[-22,-56],[-15,1],[-11,-41],[-105,-33],[-39,-51],[23,2],[-35,-30],[-24,-100],[-58,-3],[-37,-15],[-27,-78],[23,-38],[24,-9],[-26,-37],[31,-27],[5,-51],[21,-66],[28,-49],[94,-83],[165,-27],[70,-37],[65,1],[9,-115],[15,-55],[68,-82],[37,-100],[54,-121],[16,-46],[-11,-136],[-29,-47]],[[40700,45146],[-21,-16],[-127,-46],[-65,-10],[-31,-21],[-27,-37],[-28,109],[-27,57],[-76,-22],[-68,-69],[-31,-53],[-29,25],[-117,65],[-21,30],[-52,-36],[30,-23],[36,-56],[-38,40],[-32,-11],[-40,-54],[110,-140],[-51,-24],[-100,-11],[-91,-63],[-10,-19],[-23,23],[-44,13],[2,19],[-49,27],[-14,110],[-55,52],[-41,-11],[-44,-59],[-47,1],[-16,17],[-57,-5],[-19,-37],[-37,-1],[-2,-26],[-37,-12],[-17,23],[40,39],[-21,12],[-46,-11],[-78,57],[-41,16],[-37,0],[5,-90],[-9,-71],[-52,9],[-49,-28],[-3,-66],[-22,-89],[6,-30],[-47,-42],[-30,37],[-49,28],[-30,-52],[-29,-9],[-51,-44],[-43,-11],[-211,-85],[-72,-35],[-77,-89]],[[38348,44341],[53,286],[-55,14],[-142,3],[-24,-26],[-66,-4],[-42,-70],[-62,-75],[-53,-16],[-58,-1]],[[37899,44452],[12,100],[67,64],[100,41],[25,38],[36,29],[20,36],[30,90],[37,161],[22,59],[4,63],[23,103],[7,105],[15,33],[59,80],[31,65],[102,114],[-66,35],[12,60],[34,19],[32,39],[-8,80],[21,57],[-10,28],[12,51],[3,61],[32,71],[96,117],[42,68],[74,33],[45,-1],[49,43],[-38,18],[5,76],[-16,44],[49,78],[56,58],[26,53],[111,47],[57,44],[63,21],[64,44],[108,42],[20,123],[13,18]],[[39375,47060],[25,13],[48,1],[49,-29],[88,-21],[53,7],[-5,-24],[-39,-4],[3,-31],[35,-56],[49,-20],[5,-35],[70,-24],[118,12]],[[50938,55108],[20,-56],[-4,-42],[15,-35],[-72,-39],[-73,-70],[-22,-47],[-59,-49],[-10,-45],[6,-67],[-21,-17],[-127,-7],[-18,15],[-20,-36],[-35,-27],[34,-31],[0,-44],[-30,-25],[-43,-17],[-9,-35],[-29,-7],[-20,-37],[-5,-109],[17,-32],[7,-48],[-14,-53],[-32,-48],[-42,-100],[-67,-58],[-39,-8],[-46,64],[-34,89],[-78,107],[-82,-6],[-61,41],[-65,105],[-31,3],[-32,-40],[-28,-62],[-14,2],[-27,-41],[2,-81],[-81,-39],[-127,-116],[-32,0],[-21,-22],[19,-29],[-11,-16],[-90,-27],[-11,-26],[-24,-199],[2,-55],[-26,-16],[-29,-81],[-31,-9],[-30,-33],[-93,-10],[-21,26],[-34,-8],[-46,90],[-7,50],[-62,-12],[-32,17],[-45,-71],[-100,23],[-27,-35],[-76,-38]],[[48715,53479],[-75,58],[-26,30],[-17,47],[-19,16],[-3,100],[-16,26],[2,101],[21,148],[-36,25],[-8,37],[23,134],[-22,53],[12,27],[-17,30],[-20,76],[-31,7],[-43,47],[21,23]],[[48461,54464],[59,-17],[36,0],[34,27],[78,31],[6,101],[14,40],[28,18],[36,-2],[102,63],[38,-17],[50,-3],[37,78],[-1,32],[-27,56],[-90,13],[-62,32],[-29,48],[-52,19],[-71,2],[-38,37],[-55,2],[-77,42],[-46,5],[-22,34],[13,47],[46,67]],[[48468,55219],[48,-21],[47,48],[69,40],[13,31],[85,10],[62,17],[58,33],[19,24],[65,2],[81,23],[32,23],[75,0],[47,10],[55,-43],[74,-24],[5,-43],[78,-55],[27,-29],[109,-19],[13,16],[80,-3],[23,19],[56,-11],[74,57],[24,-21],[44,14],[11,-83],[14,-23],[52,-1],[50,38],[72,-31],[41,26],[103,2],[119,-7],[37,14],[241,7],[34,-16],[71,-74],[54,-32],[60,-5],[48,17],[79,-11],[21,-30]],[[47065,54170],[-8,-67],[33,-107],[56,-8],[61,-62],[20,-83],[40,-24],[71,28],[35,25],[152,10],[28,29],[-17,37],[24,45],[81,24],[47,28],[17,-14],[58,2],[8,-33],[46,13],[27,-44],[-27,1],[11,-28],[-31,2],[-7,-30],[-53,-91],[12,-37],[-15,-21],[39,-65],[5,-59],[63,-69],[27,-88],[21,-103],[-20,-38]],[[47869,53343],[-2,-90],[53,-41],[36,-59],[32,-34],[48,-84],[-47,-14],[-66,-68],[-87,16],[-35,-74],[57,-18],[17,-34],[34,-30],[37,-52],[13,3],[2,-85],[-30,-71],[-18,-90],[9,-77],[69,52],[39,-12],[6,-39],[60,-26]],[[48096,52416],[-28,-52],[38,-36],[38,-13],[-29,-17],[-11,-28],[-1,-104],[-32,9],[-38,-26],[-87,-6]],[[47946,52143],[-25,54],[-42,13],[-60,-32],[-65,6],[-82,-10],[-56,-62],[-48,1],[-62,-80],[-41,-6],[-18,-38],[-64,-75],[-30,-10],[-70,-78],[-66,-50],[3,-24],[43,-30],[19,-76],[-10,-61],[-47,-51],[-41,11],[-19,-15],[-32,18],[-28,-76],[0,-31],[-108,57],[-11,24],[-64,-4],[-35,10],[-52,43],[-8,27],[-47,-5],[-182,23],[20,28],[16,71],[-26,69],[35,31],[14,59],[19,10],[38,54],[78,84],[-35,24],[7,36],[-41,24],[23,43],[-3,57],[30,12],[7,23],[51,40],[42,66],[3,69],[-31,62],[-1,54],[-63,-3],[-20,-12],[-52,14],[-43,41]],[[46666,52572],[-18,26],[8,31],[-18,62],[-33,24],[-84,0],[-76,66],[-22,54],[-70,15],[-36,-6],[-46,23],[-89,-12],[-29,6],[-78,-18],[-36,-36],[-63,28],[-44,44],[-46,10],[-62,46],[-10,45],[14,143],[-90,52],[3,50]],[[45741,53225],[68,27],[54,48],[9,44],[-61,92],[-15,58]],[[45796,53494],[74,10],[62,49],[49,8],[8,39],[34,40],[78,66],[109,15],[71,35],[49,8],[79,109],[15,35],[6,57],[71,34],[59,58],[75,34],[25,-10],[28,-37],[138,-26],[34,42],[22,99],[22,31],[38,10],[77,-27],[46,-3]],[[44244,52492],[11,-46],[28,-49],[-33,6],[-23,-21],[-28,-118],[13,-137],[31,-31],[3,-27],[37,-69],[64,-19],[99,-19],[-14,-72],[6,-13],[46,3],[46,-154],[28,-79],[18,-75],[31,-55],[34,-82],[-1,-21],[54,-22]],[[44694,51392],[-12,-25],[-179,-44],[-167,-333],[-38,-56],[8,-43],[-70,0],[-13,13],[-28,78],[-15,-1],[1,86],[-22,3],[-52,38],[-89,31],[-124,22],[-23,-8],[-39,20],[-18,-30],[-19,14]],[[43795,51157],[-54,55],[-34,2],[-27,25],[-50,7],[-16,34],[-37,18],[-30,31],[-44,79],[-51,-14],[-74,42],[-66,17],[-23,42],[-87,66],[-129,4],[-58,31],[-108,-7],[-16,54],[-25,10],[-24,51],[22,91]],[[42864,51795],[33,31],[-4,54],[-28,20],[0,24],[37,-6],[60,-30],[25,51],[70,55],[6,70],[-35,41],[31,75],[-22,38],[109,97],[13,45],[-4,31],[39,27],[40,11],[32,67],[23,9],[44,-16],[50,-51],[30,21],[-4,100],[38,24],[39,5],[45,21],[15,29],[-17,28],[8,73],[35,20],[29,50],[62,29],[35,7],[37,52]],[[43735,52897],[77,6],[59,46],[66,-11],[9,-69],[30,-57],[-9,-24],[25,-59],[33,-22],[78,-7],[56,-68],[4,-44],[81,-96]],[[45539,59477],[-18,-20],[-60,9],[-19,29],[-23,-10],[3,-61],[-22,-12],[-36,-53],[2,-29],[-31,-116],[-46,-66],[-31,-75],[25,21],[29,-7],[56,-95],[-38,-66],[-10,-60],[-32,-13],[-3,-30],[-41,-36],[-55,-23],[-17,13],[-87,22],[-15,-27],[-82,-66],[-27,3],[-59,-47],[-66,-69],[-32,2],[-2,-41],[-30,-38],[-20,-5],[-61,-86],[-31,-23],[-15,-47],[-55,-67],[-14,-111],[-6,-111],[15,-64],[65,-42],[-56,-54],[-87,-6],[-47,-14],[-36,-78],[-7,-45],[62,-92],[-53,-36],[-13,-61],[5,-45],[-15,-35],[2,-39],[-36,-39],[-19,-60],[-43,2],[-60,49],[-94,-2],[-52,-65],[-1,-23],[-64,-60],[-19,-50],[23,-71],[-41,-52],[-46,-18],[-21,-39],[10,-106],[-31,-79],[-63,16],[-25,-24],[-37,-87],[-47,-14],[-80,-4],[-26,-40],[-31,-10]],[[43602,56679],[-6,17],[-57,22],[-90,18],[-52,44],[-108,111],[-104,78],[-43,48],[-24,60],[9,82],[273,475],[72,54],[39,121],[-7,37],[-52,52],[-122,107],[-51,62],[1,100],[23,76],[47,102],[13,72],[-8,23],[-44,20],[-95,28],[-88,42],[-120,65],[-65,54],[-43,52],[4,68],[37,89],[118,148],[32,84],[-1,73],[-56,45],[-141,74],[-50,46],[-20,45],[3,57],[33,107],[2,35],[-91,115],[-22,67],[-130,204],[-46,41],[-101,10],[-51,47],[14,87],[-11,123],[-19,57],[-61,21],[-119,7],[-52,16],[-67,73],[-72,48],[-96,22],[-30,15],[-100,110],[-56,34],[-55,46],[-10,66],[37,108],[80,96],[58,10],[2,105],[11,43],[156,110],[106,64],[122,51],[28,20],[47,129],[31,15],[72,14],[64,40],[75,74],[62,163],[29,42],[63,14],[113,116],[143,19],[15,104],[45,24],[135,18],[13,87],[-51,38],[-13,70],[37,33],[111,73],[85,91],[33,103],[6,113],[50,94],[82,30],[69,-30],[59,-56],[79,-22],[69,-39],[135,-121],[153,-114],[66,-17]],[[44163,62493],[-12,-33],[-31,-11],[-88,0],[-105,-10],[-23,15],[31,-66],[60,-72],[-64,-56],[-12,-31],[60,-65],[16,-31],[-15,-40],[10,-45],[-7,-36],[36,-60],[35,-82],[103,-82],[71,0],[43,10],[-11,-24],[2,-73],[31,-29],[-2,-65],[41,-79],[3,-44],[52,-72],[70,-51],[-18,-60],[63,-70],[31,-74],[35,-39],[109,-2],[80,-42],[101,21],[15,-33],[-14,-26],[97,-77],[29,-54],[34,-3],[60,36],[40,38],[25,63],[12,98],[19,22],[33,-19],[58,-58],[119,9],[52,-51],[59,-13],[41,-27],[15,-68],[-17,-55],[21,-41],[24,-5],[36,31],[60,25],[37,0],[61,30],[51,55],[15,68],[53,25],[20,45],[34,12],[44,-75],[10,-58],[31,-28],[29,-52],[50,-36],[-3,-78],[22,-30],[-11,-22],[-46,-3],[14,-39],[-19,-31],[9,-55],[-154,-140],[-38,-45],[5,-58],[-28,-62],[31,-24],[-17,-51],[9,-34],[46,-76],[22,-15],[-40,-63],[-26,16],[-25,-11],[-51,-63],[-30,-74],[-25,-5],[-29,-30],[-17,-52],[6,-34],[-24,-43],[-44,-11],[-40,20],[-23,-18],[-14,-80],[8,-81],[-24,-38],[-34,-23],[18,-43]],[[47000,60041],[-36,-24],[-18,-30],[17,-37],[-5,-33],[-57,-48],[-6,-44],[-102,-40],[-2,-29],[-41,-47],[-40,-9],[-63,25],[-61,-62],[5,-59],[-27,-39],[7,-30],[-46,-59],[-78,-54],[-2,-19],[-37,-10],[-25,-34],[-88,28],[-31,0],[-40,-40],[-27,-3],[4,33],[-18,37],[4,37],[-25,5],[-33,-26],[-30,-45]],[[46099,59385],[-76,-4],[-58,17],[-17,24],[-31,-34],[-27,-8],[-68,53],[-22,-4],[-75,-68],[-38,-46],[-59,62],[2,49],[-23,35],[-68,16]],[[44163,62493],[127,-12],[55,23],[31,77],[-13,71],[-132,25],[-42,38],[-3,96],[16,121],[41,94],[213,-4],[98,3],[31,60],[2,34],[43,120],[30,60],[118,28],[196,5],[186,138],[152,8],[39,41],[-37,134],[23,77],[153,17],[100,37],[106,-24],[92,47],[-41,64],[-30,80],[121,220],[58,75],[248,-41],[45,5],[93,65],[124,-8],[91,20],[85,73],[340,5],[37,24],[13,51],[152,148],[84,47],[244,45],[21,33],[99,7],[117,-29],[134,-9],[128,42],[127,-29],[69,16],[107,-23],[186,-13],[47,2],[100,29],[67,-5],[22,14],[96,115],[63,6],[115,-54],[119,-8],[181,139],[202,-9],[91,34],[183,-54],[106,33],[71,-15],[116,17],[46,-8],[98,-73],[36,-3],[44,31],[76,29],[47,-4],[36,-19],[62,25],[68,49],[57,17],[151,-32],[117,20],[149,-11],[38,-11],[48,-33],[92,18],[109,38],[33,31],[49,21],[84,-14],[85,-7]],[[41586,41869],[9,-29],[-14,-40],[-46,-64],[-24,-46],[-37,-42],[-63,-1],[-58,19],[-18,-14],[-39,-136],[6,-41],[28,-23],[11,-61],[-45,-89],[-26,-135],[-22,-50],[-9,-63],[-30,-27],[-71,-19],[22,-59],[14,-94],[-22,-139],[17,-101],[-25,-113],[14,-63],[-36,-67],[13,-66],[-8,-27],[-78,-38],[-23,-31],[-24,-117],[-50,-180],[-83,-150],[-63,-16],[-20,-61],[-61,-48],[-26,-93],[-50,-35],[-24,-46],[-18,-96],[39,-26],[-1,-29],[-81,17],[-54,-34],[-54,-88],[-48,-129],[35,-28],[-2,-29],[-30,-69],[32,-27],[4,-29],[29,-52],[-31,-38],[-7,-39],[-41,-27],[1,-48],[-32,-23],[-11,-37],[41,-17],[18,-35],[73,-71],[-5,-40],[-18,-9],[-107,9],[26,-25],[3,-73],[11,-19],[51,-13],[19,-26],[-18,-33],[-34,-134],[33,-29],[1,-26],[-41,-32],[-44,-20],[-118,-9],[2,-129],[-52,-9],[-12,-20],[36,-22],[-3,-26]],[[40217,37825],[-24,-26],[-62,-11],[-14,-69],[-32,-35],[-65,-21],[-5,-38],[11,-47],[-18,-90],[-36,-43]],[[39972,37445],[-85,33],[-35,21],[-18,80],[-61,23],[-83,1],[-55,-26],[-42,-68],[-23,-14],[-36,6],[-128,2],[-59,35],[-49,-23],[-41,43],[-60,13],[-56,39],[-42,4],[-54,-35],[-28,-60],[-27,-17],[-13,-41],[-32,-21],[-122,-23],[-121,-16],[-40,-14],[-15,-39],[-65,-100],[-11,-59],[-58,-140],[-34,-63],[-2,-62],[-42,-17],[-231,-68],[-109,-39],[-91,-45]],[[36667,40341],[33,20],[49,1],[41,-37],[37,12],[82,-12],[59,-52],[48,-27],[9,-57],[21,-33],[57,-28],[71,-12],[58,-28],[89,-3],[69,31],[66,4],[24,-10],[22,-48],[19,-15],[66,20],[21,-19],[27,-64],[39,-8],[-1,-28],[26,4],[35,152],[-17,55],[-40,184],[-3,69],[-69,353],[-38,29],[35,38],[-22,31],[2,29]],[[37582,40892],[141,95],[45,54],[32,69],[82,92],[-51,45],[-24,58],[21,54],[30,11],[43,-61],[35,-19],[121,-24],[92,25],[70,-4],[49,-18],[36,-25],[39,9],[53,-15],[51,-2],[52,22],[29,44],[45,-17],[40,11],[75,54],[55,-3],[25,-15],[52,53],[60,-8],[79,-21],[23,-19],[28,14],[64,71],[75,103],[7,21],[3,94],[-11,98],[9,85],[-12,20],[29,69],[43,38],[14,42],[38,34],[70,44],[112,44],[31,39],[79,58]],[[39561,42211],[96,-51],[34,-7],[66,61],[86,22],[73,57],[27,51],[46,14],[138,-32],[32,14],[49,54],[43,32],[14,29],[40,3],[69,24],[8,18],[65,22],[18,18],[151,32],[47,36],[62,6],[50,54],[25,0],[31,33],[24,-5],[23,20],[37,-12],[39,16],[31,29],[64,2],[5,22],[61,9],[20,29],[78,38],[43,59],[18,6],[14,46],[72,29],[95,141],[26,2],[108,-84],[29,23],[13,32],[84,137],[66,75],[38,64]],[[41819,43379],[100,-99],[50,-4],[16,87],[30,27],[66,-3],[13,15],[-5,77],[100,8],[20,-36],[40,-121],[59,-17],[-13,-91],[-23,-91],[-8,-61],[-24,-72],[-6,-47],[39,-26],[-5,-25],[-39,6],[-25,-55],[13,-58],[29,-31],[10,-61],[-45,-48],[-174,8],[-40,-52],[-146,-144],[-87,-92],[-55,-133],[-60,-36],[-21,-24],[-47,-82],[-26,-99],[7,-88],[24,-42]],[[41134,47723],[-41,-30],[-34,4],[24,-29],[0,-25],[31,-11],[-30,-60],[-36,-11],[-30,16],[-66,7],[-133,-3],[-46,-21],[-36,5],[-98,-29],[-57,-11],[-25,9],[-59,-11],[5,-40],[-17,-15],[-14,-51],[-27,-56],[-45,5],[19,-29],[-8,-40],[-73,25],[-184,40],[-90,49],[-73,33],[-4,-21],[-40,13],[5,-51],[-41,-32],[-3,-39],[32,0],[11,-43],[-21,-68],[17,-35],[-36,-117],[-4,-41],[-33,-161]],[[39375,47060],[12,64],[-57,-8],[-51,31],[-86,37],[-48,44],[-12,66],[-39,25],[8,60],[-37,58],[-50,-11],[13,68]],[[39028,47494],[12,48],[-83,76],[-44,20],[-51,44],[-3,136],[65,2],[99,45],[43,3],[74,-22],[99,40],[93,142],[4,35],[45,60],[57,-14],[93,5],[47,-17],[31,22],[55,72],[51,5],[36,-19],[89,-16],[2,33],[-17,43],[8,27],[-26,34],[-6,74],[19,36],[-2,73],[40,36],[8,30],[9,109]],[[39875,48656],[25,-14],[74,25],[93,-47],[34,6],[6,-19],[46,-8],[53,-63],[50,16],[40,-20],[83,-8],[19,15],[34,-22],[47,-1],[61,41],[68,-22],[23,-17],[73,-10],[58,-40],[68,-1],[35,18],[51,-6],[54,49],[181,119],[108,19],[13,16],[113,17],[23,17]],[[41408,48716],[61,-7],[52,13],[67,56],[44,-55],[46,-9],[-31,-38],[48,3],[18,-12],[59,7],[39,-8],[-20,-93],[-34,-12],[-29,-36],[1,-32],[-77,-8],[0,-107],[25,4],[66,-58],[6,-53],[-70,-14],[-67,9],[-42,-6],[-83,22],[-40,-38],[-24,-112],[-43,-19],[-36,0],[-51,-17],[-29,2],[47,-63],[54,-12],[-38,-84],[4,-52],[30,-2],[-19,-61],[-42,-52],[-40,-12],[-55,23],[-72,-29],[1,-31]],[[49806,49795],[-76,-29],[-45,2],[-44,-30]],[[48623,49368],[39,39],[-9,41],[-142,28],[-32,31],[22,10],[10,34],[-52,-24],[-33,2],[-22,38],[-41,-2],[-20,-35],[-23,13],[-48,-8],[-32,74],[35,62],[46,59],[56,-28],[57,87],[9,54],[-85,-6],[-4,35],[-30,7],[-37,-36],[-46,16]],[[48241,49859],[-16,76],[45,6],[11,-29],[18,27],[-19,66],[5,140],[-96,7],[-24,-19],[-35,11],[-22,54],[-47,26],[-29,59],[55,1],[22,23],[-27,106],[-82,59],[-51,-75],[-104,-92],[4,-26],[38,-20],[1,-20],[-118,-3],[12,-29],[3,-86],[-65,-54],[-125,-47],[-25,13],[-47,-34],[-13,39],[8,25],[-37,47],[-44,-26],[-54,1],[-15,35],[18,18],[-8,28],[45,25],[44,54],[-9,39],[68,20],[33,27],[-2,30],[-75,65],[-36,19],[-87,26],[-38,-16],[-24,15],[-118,31],[-21,-20],[-15,96],[-3,92]],[[47140,50669],[142,-1],[87,75],[51,3],[77,40],[137,173],[43,46],[97,144],[147,67],[2,41],[32,40],[4,204],[12,30],[39,36],[5,45],[-38,61],[-3,23],[40,147],[23,39],[-2,85],[-20,70],[-38,9],[-34,51],[3,46]],[[48096,52416],[17,-3],[10,50],[35,-6],[17,31],[61,15]],[[48236,52503],[13,-23],[108,-121],[23,-55],[0,-41],[-19,-62],[6,-43],[18,-22],[77,-11],[40,-21],[-4,-57],[40,-22],[20,-49],[40,-28],[10,-24],[94,-35],[121,-58],[37,-8],[61,-88]],[[42678,46963],[-39,-9],[-16,-46],[-60,-19],[-17,-31],[9,-23],[-29,-102],[57,-50],[47,1],[13,-13],[-22,-40],[11,-70],[35,-39],[-2,-56],[44,-45],[-20,-48],[-27,-2],[-30,-42],[-5,-33],[-35,-57],[25,-67],[70,-64],[58,11],[-3,-30],[37,-56],[26,-16],[-36,-19],[-17,-69],[-36,-68],[-88,-61],[-38,-2],[-70,33],[-38,-41],[-44,-14],[-37,32],[-76,-70],[-67,1],[-93,52],[3,71],[-256,-91],[-69,-6],[-74,-78],[-125,-27],[-93,-76],[-26,-60],[2,-31],[-57,-65],[-17,-83],[-1,-71],[16,-45],[-7,-84],[-18,-40],[-9,-124],[-11,-23],[-1,-108],[-46,-23],[-48,18]],[[41328,44845],[-289,-20],[-27,47],[-23,11],[-107,-20],[-52,45],[-42,66],[-44,50],[-44,122]],[[41134,47723],[21,-23],[-8,-47],[56,-29],[81,-30],[32,-4],[160,16],[18,-8],[50,12],[50,-18],[109,16],[69,-15],[17,-67],[76,24],[140,-2],[17,-34],[71,3],[70,-17],[-14,-33],[4,-54],[24,-47],[-14,-15],[17,-48],[97,10],[12,-15],[86,21],[56,-7],[21,-59],[-29,-25],[13,-21],[61,1],[40,-27],[30,5],[48,50],[30,-5],[48,18],[6,-22],[-14,-88],[15,-9],[-8,-62],[10,-71],[-24,-34]],[[42548,51516],[6,-87],[-7,-18],[-121,-131],[-9,-28],[10,-55],[-11,-31],[-41,-38],[4,-57],[44,-48],[1,-64],[23,-45],[7,-48],[-25,-87],[-11,-82],[73,-1],[29,-12],[37,-94],[-11,-84],[58,-52],[3,-25],[48,-55],[45,-121],[-9,-24],[-43,-33],[-15,-117],[60,-79],[103,-68],[9,-43],[30,-25],[66,-33],[74,-69],[1,-30],[-17,-74],[-22,-45],[4,-34],[-25,-36],[-2,-67]],[[42914,49476],[-56,2],[-37,-16],[-73,7],[-48,19],[-60,-16],[-18,19],[-48,-28],[-27,11],[-67,2],[-52,20],[-14,25],[-120,18]],[[42294,49539],[-35,10],[-48,-59],[-70,77],[-75,53],[-40,43],[-52,34],[-10,26],[-64,96],[-63,-5],[-39,15],[-73,64],[-99,-39],[-44,-61],[-51,1],[-58,-17],[-75,89],[-71,-4],[-76,65],[-26,8],[-75,-26],[-83,6],[-44,17],[-114,-3],[-22,-18],[-98,-2],[-23,-17],[36,-155],[17,-44],[-61,-35],[-133,-5],[-107,-31],[-19,-29],[-75,-16],[-14,30],[-45,-9],[-113,32],[-61,-56],[-42,10],[-16,-18],[-114,-14],[-43,-34],[-64,-8],[-41,-25],[-102,1],[-17,-33],[-90,-36],[-41,25],[-26,30],[-66,45],[-24,6],[14,33],[-33,72],[-42,65],[-32,17],[-80,-3],[-54,-58],[1,-30],[23,-24]],[[39302,49595],[-83,9],[-49,54],[25,47],[3,36],[-46,38],[-4,144],[-40,4],[-73,-47],[-71,40],[-1,57],[-56,1],[-43,-19],[-17,15],[18,73],[-3,79],[-15,17],[-83,44],[-35,-7],[-2,27],[-73,6],[-29,100],[24,18],[-17,91],[6,42]],[[38638,50464],[94,-43],[137,2],[95,42],[57,-32],[86,59],[135,32],[148,-36],[84,-13],[101,29],[100,4],[200,-2],[70,-28],[47,14],[35,49],[85,34],[60,35],[109,-5],[137,-20],[55,27],[72,94],[6,42],[71,9],[192,83],[63,1],[77,39],[66,68],[33,-6],[93,13],[44,52],[5,85],[-19,128],[148,213],[68,66],[-7,203],[15,52],[29,54],[-36,58],[-21,88],[3,60],[34,68],[106,158],[7,47],[42,65]],[[41564,52352],[59,15],[63,-42],[73,4],[53,-21],[49,5],[34,-55],[60,-13],[0,-28],[25,-5],[35,-55],[30,-16],[49,-45],[6,-27],[49,-43],[6,-46],[-16,-28],[0,-42],[-23,-57],[-3,-37],[-22,-31],[9,-33],[-51,-60],[0,-31],[31,-17],[42,1],[10,-37],[-12,-28],[-2,-58],[16,-24],[34,-2],[-5,44],[91,-8],[36,-31],[78,19],[46,-1],[90,13],[44,-16]],[[42914,49476],[58,-68],[99,-48],[19,-54],[-5,-58],[35,-7],[22,-38],[35,4],[15,-48],[28,-6],[22,-32],[24,20],[83,4],[88,30],[21,-5],[34,46],[37,-13],[71,21],[-1,26],[58,26],[14,-14],[50,4],[3,-49],[-38,-22],[-56,-65],[28,-21],[-13,-50],[24,-46],[79,39],[12,-16],[40,7],[79,38],[5,24],[-23,51],[55,31],[34,-28],[80,-33],[19,24],[118,64]],[[44167,49214],[19,-22],[54,24],[29,-16],[30,13],[51,-20],[56,47],[12,30],[44,-34],[42,45],[62,22],[31,40],[79,44],[32,1],[55,-46],[53,23],[58,-30],[67,13],[21,-52]],[[44962,49296],[-29,-32],[-16,-75],[-5,-79],[-54,-53],[-12,-33],[18,-100],[-25,-36],[-2,-98],[5,-67],[-8,-56],[-33,-31],[-38,-11],[-35,-38],[23,-76],[24,-31],[14,-60],[-38,-82],[-42,-62],[-99,-87],[-68,-23],[-7,-44],[-46,-70],[-76,-33],[-27,-50],[-3,-43],[16,-61],[-15,-59],[-61,-42],[-79,29],[-68,-35],[-94,-60],[-74,-35],[-95,-61],[-59,-24],[-61,-71],[-24,-59],[51,-25],[13,-47],[-6,-70],[-35,-65],[-51,-37],[-11,-22],[18,-112],[-4,-34],[33,-69],[82,-82],[61,-68],[38,-125],[-3,-60],[-14,-61],[-45,-93],[-87,-79],[-43,-68],[-10,-48],[11,-133],[17,-76]],[[43784,46074],[-104,14],[-74,41],[-65,13],[-85,59],[-22,34],[-8,52],[-84,133],[-24,16],[-19,167],[17,83],[-80,69],[-59,76],[-42,36],[-7,31],[-38,2],[-42,-15],[-85,-45],[21,-53],[18,-13],[-28,-24],[-72,12],[3,39],[-39,-5],[3,46],[-45,-6],[-44,19],[-70,6],[-39,37],[17,22],[-10,43]],[[41408,48716],[10,34],[-91,-2],[-38,50],[-45,2],[-30,33],[10,20],[69,35],[19,44],[55,32],[77,31],[26,-25],[49,-18],[66,-10],[19,6],[-39,46],[-62,39],[-17,39],[-61,55],[17,123],[-15,57],[-41,39],[-7,60],[42,32],[50,8],[13,-27],[54,-24],[12,-25],[64,25],[54,-45],[71,-17],[45,-88],[1,-50],[66,-59],[21,-3],[44,-43],[31,-52],[105,-44],[73,-53],[30,4],[65,-86],[34,1],[32,-17],[33,10],[24,36],[4,42],[-15,20],[32,32],[58,-9],[37,17],[63,-10],[7,53],[-24,24],[42,52],[-20,34],[-66,33],[-43,33],[18,38],[-1,59],[-57,12],[-71,41],[9,134],[-22,45]],[[49682,56793],[-34,-48],[-64,-37],[-42,-49],[-40,-30],[-51,-77],[-27,-26],[-32,-62],[-28,-82],[-42,-40],[-106,-57],[-40,-43],[-20,-45],[-43,-7],[-54,18],[-33,-12],[-12,-46],[-66,-18],[-15,-73],[-39,-50],[-97,-57],[-28,-31],[12,-65],[-38,-36],[-80,-27],[-63,23],[-37,-11],[-14,-46],[-42,-20],[2,-52],[68,-58],[18,-60],[-15,-94]],[[48580,55475],[-70,20],[-20,33],[-46,8],[-127,-33],[-66,20],[-57,72],[10,82],[-4,70],[-15,58],[-27,51],[-34,17],[-14,32],[8,44],[-8,47],[-22,21],[28,21],[-21,75],[42,50],[-50,48],[2,38],[-39,35],[-36,-13],[-37,29],[-16,46],[9,33],[-72,25],[-57,-3]],[[47841,56401],[-33,54],[-84,25],[-30,24],[11,70],[42,51],[21,82],[-16,34],[58,8],[41,60],[-26,57],[21,30],[65,16],[40,-12],[42,29]],[[47993,56929],[94,-51],[72,-46],[36,-7],[51,26],[77,5],[53,-17],[127,-24],[38,38],[22,71],[35,67],[61,47],[50,53],[-2,55],[75,12],[67,40],[29,31],[38,5],[74,-16],[97,-88],[49,6],[32,-16],[-19,-54],[-13,-76],[16,-52],[44,-44],[111,-2],[41,-41],[111,4],[35,-24],[57,-14],[20,-40],[21,-3],[90,19]],[[52837,56514],[-43,-122],[24,-103],[-69,-50],[-14,-45],[15,-31],[-32,-27],[-72,-32],[-51,11],[-1,34],[-31,17],[-36,-25],[-79,-9],[-69,-88],[-11,-50],[4,-97],[-18,-29],[17,-43],[-1,-36],[-30,-27],[-3,-50],[-75,-75],[-82,22],[-61,64],[-20,2],[-39,-30],[-87,7],[-32,17],[-44,4],[-29,32],[-36,-1],[-33,-49],[-74,5],[-16,-30],[5,-36],[-17,-43],[-60,-76],[-38,-2],[-57,29],[-38,71]],[[51504,55623],[14,91],[-26,39],[-106,72],[-103,44],[-136,94],[-111,127],[-31,28],[-47,18],[-44,-10],[-66,-42],[-51,5],[-76,-46],[-88,-77],[-69,-23],[-23,6],[-22,59],[-30,41],[-58,3],[-45,29],[-51,-30],[-64,18],[-84,72],[-47,15],[-81,-11],[-100,-3],[-65,17],[-36,-27],[-37,-5],[-33,20],[-10,58],[11,28],[3,77],[-38,29],[7,96],[-38,46],[-41,15],[-30,49],[19,41],[17,89],[26,78],[-32,40]],[[47993,56929],[21,47],[-23,33],[0,28],[26,13],[-14,57],[29,34],[2,69],[33,47],[-16,61],[35,50],[-10,32],[18,11],[3,61],[-20,15],[-79,15],[-16,-6],[-57,37],[-9,27],[-64,35],[6,49],[-23,35],[22,28],[36,13],[59,71],[21,38],[-2,30],[21,38],[-39,26],[-37,3],[-24,29],[36,51],[57,30],[-23,18],[6,32],[26,23],[5,40],[42,36],[13,50],[27,38],[-48,26],[-15,32],[-46,38],[53,46],[79,24],[44,-1],[66,28],[0,43],[25,100],[-2,37],[-39,38],[-26,62],[13,34],[-32,73],[9,38],[-8,48],[-52,34],[-22,-12],[-13,34],[11,52],[-45,42],[-25,-2],[-27,115],[-60,45],[11,47],[-35,39],[-43,0],[-71,36],[15,68],[-35,28],[36,51],[-6,21],[15,62],[99,32],[-29,43],[2,38]],[[51504,55623],[-168,-17],[-16,-11],[-11,-59],[-42,-21],[-34,5],[-9,-50],[-30,-55],[4,-40],[-21,-59],[-33,-54],[-47,-34],[-95,-18],[-64,-102]],[[48468,55219],[16,55],[-3,72],[10,19],[48,31],[41,79]],[[39302,49595],[-35,-42],[-22,-87],[-37,-39],[35,-79],[97,-53],[7,-76],[-4,-68],[52,-59],[53,-29],[56,-12],[17,9],[36,-32],[58,-18],[61,-46],[51,19],[50,-31],[98,4],[10,-114],[-49,-40],[2,-40],[-31,-56],[12,-23],[56,-27]],[[39028,47494],[-14,-11],[-147,-56],[-55,-4],[-32,20],[-70,-24],[-24,36],[-3,45],[-84,21],[-20,-28],[-46,-26],[-53,-1],[-31,24],[-64,26],[-25,-20],[-69,-25],[-30,6],[-53,-20],[-8,-43],[-48,4]],[[38152,47418],[10,37],[-22,75],[-38,91],[15,105],[-58,87],[-13,64],[-40,28],[-119,5],[-24,28],[-50,171],[-102,31],[-58,108],[-75,56],[-34,59],[5,110],[76,340],[14,84],[-30,33],[-82,19],[-81,46],[-8,48],[14,94],[-3,64],[-53,97],[-50,34],[-31,1],[-100,-27],[-230,73],[-37,-4],[-82,14],[-56,34],[-89,109],[-27,95],[-30,171],[-39,54],[-81,62],[-39,65],[-17,106],[-33,75],[-154,180],[-19,64],[19,79],[44,61],[75,45],[22,36],[1,42],[-17,80],[3,89],[65,50],[213,2],[84,13],[59,40],[41,-2],[30,-44],[109,-15],[86,-61],[50,-45],[82,-35],[47,14],[99,7],[72,-19],[60,-45],[118,-69],[103,-20],[61,-39],[163,35],[75,-37],[1,9],[114,-56],[313,-2],[91,-12],[73,-41]],[[41328,44845],[-7,-73],[23,-32],[28,-67],[14,-88],[-12,-24],[69,-93],[21,-54],[-6,-57],[-20,-25],[-14,-53],[28,-75],[35,-30],[30,8],[-36,-78],[1,-36],[37,-1],[-10,-19],[11,-73],[39,-70],[6,-49],[-17,-10],[-4,-38],[44,-37],[16,0],[284,-232],[-8,-39],[-61,-121]],[[39561,42211],[-45,20],[-3,56],[13,43],[22,6],[6,54],[-8,55],[58,39],[37,55],[18,-11],[58,52],[-50,55],[25,35],[5,41],[-100,100],[-39,-39],[-61,16],[-74,74],[-45,13],[-6,28],[-41,42],[-75,56],[74,145],[-45,52],[-30,123],[-60,112],[-47,41],[-91,148],[5,60],[-53,26],[-146,115],[-32,-13],[-39,20],[-43,-40],[-54,-16],[-58,17],[-25,-49],[-42,12],[-62,-39],[-149,0],[-19,-24],[-54,-2],[-53,32],[-78,3],[-21,14],[-34,73],[-18,65],[-49,60],[-43,69]],[[37990,44005],[93,97],[32,62],[20,69],[44,32],[14,26],[48,40],[45,16],[62,-6]],[[45438,54964],[23,-23],[31,-4],[28,-34],[-2,-45],[44,-50],[54,-18],[36,-65],[5,-35],[44,-48],[-24,-62],[-40,-39],[-64,-46],[-43,-6],[-46,-31],[-64,-76],[-25,-43],[1,-80],[-38,-76],[11,-57],[-36,-52],[-31,-21],[-17,-30],[13,-29]],[[45298,53994],[-14,-27],[-72,-21],[-38,4],[-103,-48],[-46,-32],[-61,-16],[2,-97],[-145,-7],[-59,3],[-172,-19],[-113,38],[-145,-22],[-79,-32],[-14,2],[-43,55],[-59,27],[-46,35],[-48,22],[-27,31],[-64,37]],[[42944,55546],[-1,37],[30,57],[139,74],[10,51]],[[43122,55765],[52,-13],[142,21],[82,34],[34,-25],[5,-29],[37,-3],[144,30],[108,-33],[87,7],[12,36],[35,45],[52,32],[68,-1],[42,27],[65,-1],[70,31],[42,36],[75,-8],[83,-56],[133,-139],[26,-40],[9,-59],[30,-69],[69,-31],[9,-43],[-18,-114],[-29,-72],[6,-78],[112,-28],[29,-44],[48,-43],[15,-78],[32,-23],[79,-85],[54,-35],[28,-43],[22,-4],[51,-39],[104,-11],[28,-17],[87,29],[20,35],[40,20],[64,68],[33,12]],[[45741,53225],[-56,23],[-28,-1],[-29,48],[-89,-7],[-28,19],[-56,8],[-80,-50],[-10,-38],[-43,-26],[-12,-42],[-24,-34],[-47,-28],[15,-11],[7,-46],[-17,-32],[0,50],[-16,30],[-10,60],[-44,-2],[-66,62],[-25,48],[-38,2],[-50,46],[-47,-1],[-36,-17],[-6,-24],[-72,-74],[-2,-26],[-82,-58],[-4,-18],[37,-90],[-5,-46],[-48,-91],[-56,-4],[-27,-33],[-48,3],[-19,-14],[-7,-42],[-49,-12],[-39,-45],[-9,-89],[-104,-8],[-54,-22],[-82,-61],[8,-40]],[[43735,52897],[-52,62],[-36,20],[-37,-22],[-41,18],[-19,27],[9,58],[-20,68],[-10,93],[10,26],[-13,35],[-51,56]],[[45298,53994],[24,-54],[22,-22],[21,30],[68,23],[34,-3],[-31,-47],[-13,-66],[-25,-38],[-8,-71],[66,-83],[1,-69],[14,-26],[67,-50],[75,-4],[21,15],[100,-28],[62,-7]],[[48236,52503],[0,58],[12,48],[-4,93],[-13,79],[-11,14],[39,29],[26,0],[12,51],[50,56],[53,-27],[28,2],[22,52],[53,34],[4,57],[32,17],[3,76],[-16,21],[93,96],[32,17],[3,23],[46,39],[23,46],[-14,31],[6,64]],[[46666,52572],[-63,-48],[-33,-9],[-18,-38],[-68,-43],[-36,-62],[-104,1],[-31,-60],[-34,-1],[-13,-24],[23,-52],[-3,-51],[-53,-76],[-24,-14],[-10,-48],[64,-74],[3,-34],[-43,-31],[-11,15],[-69,28],[-139,21],[-101,-31],[-47,-32],[-28,-44],[-16,-50],[-3,-67],[-57,-37],[26,-146],[-15,-2],[-22,-71],[-4,-93],[16,-99],[-10,-80],[3,-49],[-17,-24]],[[45729,51147],[-85,8],[-23,15],[6,-37],[-32,26],[-61,-9],[-14,-72],[-79,-4],[-23,16],[-96,23],[-45,-3],[-85,-34],[-40,-3],[-28,19],[-60,3],[1,32],[27,57],[-45,4],[-25,41],[12,38],[-33,77],[-123,29],[-52,-20],[-132,39]],[[42864,51795],[-17,16],[-71,-36],[14,-14],[-20,-42],[-67,-49],[-67,-34],[1,-25],[-43,-56],[-46,-39]],[[41564,52352],[9,15],[1,95],[-7,27],[-63,29],[-143,46],[-126,50],[-46,33],[-90,156],[-124,101],[-65,64],[-48,150],[-9,178],[11,133],[33,59],[58,32],[147,18],[78,26],[54,41],[81,147],[14,47],[-19,60],[-40,92],[-1,72],[42,115],[34,57],[89,-5],[71,73],[75,33]],[[37899,44452],[-24,-46],[-90,49],[-48,-7],[-79,-47],[-19,2],[-33,36],[-33,-1],[-41,35],[-98,-15],[-15,-25],[-55,-9],[-45,-28],[-26,-31],[-14,-46],[-61,-6],[-67,-55],[-37,-5],[-27,-57],[-38,-47],[-35,39],[-85,24],[-43,26],[-41,40],[-53,19],[-27,25],[-66,-18],[-17,-29],[-49,-20],[-17,-55],[-34,4],[-40,-17],[-49,38],[-55,9],[-25,-14],[-42,11],[-13,-38],[-27,-20],[5,-44],[-12,-28],[-74,-15],[-47,9],[-5,27],[-39,53],[-39,27],[-23,58],[-61,44],[-36,7],[-50,-16],[-38,11],[-43,-23],[-39,12],[-2,27],[-43,25],[-12,41],[-38,-24],[-31,8],[-38,-46],[-105,-19],[-41,3],[-60,-52],[-48,-22],[-25,-81],[0,-39],[-43,7],[-59,-14],[-6,-24],[-38,-34],[-7,-35],[46,-65],[-39,-39],[7,-82],[37,-35],[-13,-31],[-114,-17],[-63,-46],[-13,-20],[-71,-26],[-17,-25],[-75,33],[-34,-6],[-44,-41],[-61,14],[-66,59],[-11,58],[-39,35],[-44,23],[-54,3],[-23,-11],[-21,30],[-60,16]],[[34462,43843],[24,48],[70,103],[71,129],[-58,113],[21,168],[-4,37],[-105,61],[-50,44],[-39,60],[-3,63],[11,36],[69,56],[116,107],[70,92],[23,68],[41,19],[108,-14],[120,64],[16,26],[-14,37],[-65,61],[-93,277],[4,116],[27,178],[30,131],[144,147],[97,113],[54,77],[149,0],[154,-11],[47,14],[51,-2],[102,-36],[69,13],[36,36],[27,46],[37,20],[82,2],[27,31],[53,34],[51,-17],[120,-95],[111,-41],[77,-3],[68,29],[99,12],[48,66],[70,55],[77,13],[48,24],[186,35],[179,345],[47,15],[60,-40],[151,25],[99,38],[50,82],[88,18],[74,44],[102,90],[152,178],[82,113],[132,25]],[[45729,51147],[33,-6],[20,-23],[55,-22],[48,27],[33,4],[7,-31],[-19,-120],[-18,-20],[-14,-58],[3,-47],[-9,-114],[-17,-35],[-58,-78],[-29,-26],[32,-35],[11,-43],[57,-118],[-7,-80],[2,-73],[10,-39]],[[45869,50210],[-15,-59],[6,-34],[31,-75],[-16,-77],[9,-58],[-6,-139],[-10,-120],[42,-105],[-4,-15],[-43,12],[-73,45],[-24,-8],[6,-28],[-71,-20],[-41,4],[-40,22],[-131,22],[-51,15],[-128,52],[-69,8],[-30,-21],[31,-50],[0,-23],[-42,-39],[-118,-32],[-13,-8],[-10,-70],[-72,-105],[-25,-8]],[[44167,49214],[7,44],[76,82],[27,41],[63,58],[20,30],[-60,137],[-32,28],[-67,7],[-113,-3],[-82,61],[11,30],[-53,30],[-50,52],[-4,149],[28,28],[20,54],[27,19],[35,-5],[-35,82],[20,152],[-15,129],[23,69],[-2,34],[16,31],[-1,75],[-36,-40],[-49,3],[-32,-19],[-104,-18],[-58,44],[-19,43],[19,30],[37,-9],[7,36],[-15,22],[-45,11],[41,60],[-15,51],[-57,75],[48,52],[-32,32],[-19,49],[3,68],[14,32],[81,7]],[[48461,54464],[-61,17],[-100,4],[-22,-9],[-14,-40],[-63,-89],[-11,-81],[-38,-79],[-14,-77],[1,-45],[32,-42],[8,-44],[-24,-91],[-38,-82],[-56,-57],[18,-67],[26,-33],[48,-16],[59,-82],[7,-65],[-13,-41],[-56,-69],[-55,-37],[-24,27],[-30,7],[-41,-44],[-42,-3],[-89,17]],[[47065,54170],[54,73],[27,23],[45,101],[58,24],[3,30],[-22,54],[19,108],[24,71],[-17,20],[36,57],[-17,25],[12,40],[-20,74],[32,93],[18,25],[-9,60],[9,62],[-25,94],[10,101],[22,36],[2,61],[17,23],[-70,90],[-23,49],[13,40],[-10,67],[33,31],[67,-1],[3,36],[33,69],[32,25],[-3,22],[24,66],[32,12],[44,38],[53,-8],[61,44],[26,104],[29,27],[35,4],[26,64],[-7,77],[5,41],[41,16],[54,63]],[[37990,44005],[-24,-6],[-78,-70],[-59,-9],[-74,-61],[-72,41],[-34,40],[-104,-140],[-48,-55],[-78,-123],[-68,-78],[-55,-103],[-26,-128],[-14,-139],[5,-63],[-16,-54],[3,-40],[-20,-46],[12,-95],[-37,-3],[4,-73],[61,-17],[27,-28],[9,-43],[-32,-43],[-69,-60],[-16,-53],[54,-12],[-37,-37],[-8,-40],[-30,-8],[-24,-68],[9,-29],[-8,-167],[-73,-21],[-7,-45],[30,-39],[-12,-57],[32,-6],[12,-27],[85,-23],[26,-30],[-4,-23],[-44,-21],[-21,-59],[-43,-78],[-10,-36],[29,-141],[95,-44],[39,-102],[-17,-89],[85,-374],[150,-114],[32,-14],[55,40]],[[34100,40624],[-33,119],[-3,49],[-47,29],[-8,39],[-49,351],[13,105],[-67,287],[12,210],[-8,80],[-16,306],[39,99],[5,316],[-123,283],[-47,149],[8,84],[119,217],[61,135],[63,40],[102,7],[239,119],[102,195]],[[47140,50669],[-61,32],[-39,-17],[-79,2],[-62,21],[-165,-49],[-29,45],[-54,-1],[-86,29],[-18,-6],[0,-135],[-96,-34],[-1,-55],[-160,-76],[-64,20],[-71,-54],[-286,-181]],[[45438,54964],[18,54],[-27,63],[7,16],[124,54],[10,66],[-8,37],[33,75],[1,52],[34,53],[46,27],[-25,71],[-5,41],[13,81],[69,48],[6,54],[46,60],[-4,116],[-57,176],[-30,42],[67,87],[63,-9],[47,23],[58,9],[22,17],[22,73],[33,37],[-10,40],[19,75],[24,11],[41,-10],[26,42],[80,-20],[60,13],[11,41],[-42,68],[11,33],[-58,15],[-11,34],[12,62],[-47,31],[-8,54],[-48,30],[20,35],[8,67],[44,5],[27,24],[5,48],[27,65],[-17,37],[2,63],[26,20],[21,43],[49,-6],[104,24],[2,61],[28,17],[-1,37],[-30,24],[-41,81],[11,101],[77,128],[-26,95],[-20,29],[-59,11],[-21,41],[13,47],[46,22],[59,55],[-26,39],[-47,17],[-68,48],[-24,-9],[-55,21],[-26,30],[0,44],[-59,15],[-36,23],[-53,58],[-62,95],[-17,47],[-68,34],[-34,7],[-65,78],[-14,57],[40,46],[37,6],[33,21],[38,51],[24,12],[10,72],[27,30],[-10,44],[51,125],[3,53],[15,42],[32,44],[-3,17],[26,61],[15,77]],[[43122,55765],[-32,40],[-67,170],[23,89],[68,87],[133,105],[129,51],[46,45],[41,79],[145,155],[8,50],[-14,43]],[[48241,49859],[-23,-11],[-16,-40],[20,-25],[6,-41],[-20,-22],[-101,19],[3,85],[-6,30],[-24,14],[-18,36],[13,24],[-39,31],[-19,33],[-47,8],[-25,36],[-39,-10],[-35,-35],[-31,-92],[62,-65],[-27,-9],[-79,1],[-29,-21],[-60,-14],[-19,-35],[6,-28],[36,-53],[7,-41],[27,-41],[-31,-28],[2,-68],[18,-52],[-37,-15],[0,-32],[110,-7],[-5,63],[35,-20],[11,-26],[3,-89],[13,-45],[33,33],[37,-4],[19,-94],[-24,-21],[-76,-15],[5,-49],[22,-1],[35,-69],[-2,-86],[-9,-57],[225,5],[35,25],[20,-49],[-57,-37],[1,-20],[45,-38],[-5,-29],[27,-2],[29,-29],[3,-28],[-22,-39],[15,-49],[-21,-42],[40,-29],[74,-9],[14,-32],[31,-31],[4,-50],[-13,-19],[49,-26],[75,-11],[31,-31],[35,-13],[31,-53],[9,-55],[16,-3],[27,-44],[-91,-48],[-13,-51],[-39,-22],[1,21],[-30,31],[-42,11],[-96,-41],[-58,-32],[-17,21],[-37,-11],[-81,-54],[-66,-16],[-23,-25],[13,-75],[-29,-33],[2,-72],[13,-37],[-36,-21],[-20,37],[-24,-37],[-103,-55],[-25,-37],[-19,-79],[-49,-55],[0,-34],[-39,-44],[-41,-107],[-30,-37],[6,-45],[35,-43],[-2,-46],[-34,-7],[-22,15],[-46,-15],[-15,-53],[-36,-51],[-17,-86],[-10,-10],[-1,-73],[-30,7],[-15,-66],[17,-82]],[[47492,46716],[-56,-10],[-71,12],[-65,-7],[-8,35],[-40,59],[-50,28],[-102,-7],[-32,-43],[-44,-12],[-46,-60],[-18,-112],[-19,-41],[-46,-40],[-72,-34],[-34,4],[-25,33],[-49,0],[-55,-46],[-119,-18],[-107,-36],[-32,10],[-17,25],[-66,10],[-121,-25],[-87,-28],[-11,32],[-38,37],[-61,-24],[-53,-9],[-9,-15],[-91,10],[-8,56],[-79,38],[-41,38],[-34,11],[12,-39],[-21,-71],[38,-49],[-50,-35],[-1,-28],[-26,-29],[-1,-30],[-23,-18],[-44,0],[-51,24],[-124,21],[-15,17],[-46,-32],[-27,-5],[-11,73],[-101,2],[-81,-32],[-4,-39],[-55,-43],[-60,33],[-70,-28],[-71,-18],[-75,-6],[-45,-49],[-36,-53],[-57,-34],[-95,-120],[-156,41],[-40,-19],[-34,4],[-5,-63],[-55,-64],[-66,-33],[-59,-61]],[[44131,45804],[-26,-19],[-124,39],[-75,-31],[-21,15],[17,61],[-5,43],[-18,13],[-22,-37],[-70,-5],[30,38],[1,41],[-34,112]],[[52694,32642],[78,-116],[53,-140],[32,-162],[17,-212],[-14,-50],[-80,-74],[-130,-98],[-30,-32],[-256,-220],[-85,-85],[-71,-89],[-136,-58],[-217,-64],[-20,-2],[-333,-100],[-45,-9],[-161,-61],[-686,-307],[-48,-42],[-25,-109],[-36,-118],[-15,-71],[-141,-569],[-40,-143],[-91,-362],[-99,-370],[-44,-142],[-67,-148],[-177,-363],[-333,-657],[-5,-22],[-131,-262],[-7,-28],[-211,-282],[-43,-62],[-113,-141],[-24,-50],[-140,-341],[-11,-41],[-73,-171],[-33,-33],[-86,-36],[-541,-248],[-205,-96],[-95,-71],[-83,-49],[-39,-35],[-216,-148],[-45,-34],[-96,-58],[-45,-38],[-74,-49],[-27,-8],[-35,-36],[-215,-142]],[[46901,25188],[-19,58],[-43,94],[-114,336],[-48,172],[-33,186],[-21,61],[-61,138],[-90,165],[-77,119],[-19,21],[-49,20],[-42,63],[-23,-19],[12,-37],[3,-72],[-24,-29],[-40,13],[-21,-19],[1,-51],[-15,-20],[-41,8],[-9,26],[-7,122],[-63,10],[-24,14],[3,46],[30,68],[-53,32],[1,42],[29,64],[-55,54],[12,52],[38,47],[5,35],[-52,34],[14,43],[37,11],[-19,34],[3,30],[23,22],[47,2],[29,14],[7,-21],[79,28],[11,22],[52,19],[38,-34],[1,-59],[41,-41],[51,-31],[55,1],[21,22],[33,5],[60,-9],[100,8],[43,-3],[30,12],[52,-18],[27,16],[61,61],[-16,32],[115,36],[21,40],[78,-10],[154,18],[142,5],[16,-7],[72,-95],[39,-13],[76,-52],[42,32],[26,-7],[30,-43],[28,5],[40,43],[32,6],[45,-34],[21,0],[53,36],[104,2],[16,21],[-22,10],[-55,-5],[-36,24],[4,36],[-18,38],[4,30],[-97,-26],[-16,48],[-23,12],[-23,-13],[0,-29],[-50,11],[4,37],[29,29],[-25,30],[21,54],[26,4],[34,57],[48,4],[25,-23],[12,25],[58,-9],[30,-17],[33,2],[37,38],[76,13],[2,56],[-25,41],[-24,-4],[-6,-57],[-32,18],[-24,-29],[-67,41],[-58,-49],[-37,5],[-23,45],[8,44],[-31,48],[3,33],[-21,7],[-47,-11],[-41,-52],[-50,-15],[-20,45],[-78,58],[-30,59],[-14,65],[9,85],[-4,107],[43,49],[65,14],[16,24],[86,48],[31,2],[19,19],[10,75],[21,19],[51,3],[25,31],[11,189],[-12,41],[-1,76],[-27,16],[-15,33],[-53,4],[-13,33],[40,23],[-4,28],[46,28],[-34,81],[-35,11],[-22,50],[-28,7],[-65,-20],[-5,32],[-22,5],[0,29],[26,16],[9,43],[-24,52],[16,25],[30,2],[1,56],[-36,-12],[-14,35],[-36,33],[-66,-10],[5,85],[-7,83],[-83,29],[-9,57],[-18,11],[-45,-4],[-73,50],[-23,32],[-15,67],[-35,-9],[-17,119],[-26,62],[-6,38],[25,137],[-1,22]],[[47194,30079],[-6,102],[27,53],[84,-4],[55,8],[32,60],[57,33],[69,7],[51,63],[29,-7],[83,-71],[20,47],[9,65],[-48,60],[3,38],[31,25],[10,-50],[26,-18],[-9,85],[63,65],[84,8],[20,-34],[34,-88],[44,-39],[26,-2],[34,28],[7,33],[-49,76],[3,24],[50,50],[8,19],[-41,107],[20,50],[50,42],[50,9],[114,0],[60,-66],[9,-66],[31,-51],[7,-39],[26,-31],[46,-18],[24,36],[-52,35],[-10,50],[40,82],[72,77],[16,66],[30,25],[52,3],[59,-29],[57,-96],[20,-50],[34,-21],[88,9]],[[48843,30839],[43,-3],[44,23],[102,-14],[3,17],[-40,37],[-5,47],[59,32],[25,42],[-47,134],[12,53],[30,19],[54,-7],[84,-63],[96,-88],[21,-26],[39,-10],[-1,45],[-67,35],[3,29],[33,10],[105,49],[86,73],[38,14],[32,48],[6,62],[18,7],[33,-77],[42,-75],[34,10],[7,104],[20,11],[61,-31],[28,3],[63,128],[67,-6],[51,72],[38,22],[30,-4],[17,-33],[78,0],[-13,37],[29,11],[122,-40],[59,0],[28,-20],[9,-35],[21,-10],[14,-61],[22,-36],[28,7],[11,53],[-29,64],[-16,62],[-5,59],[14,135],[19,16],[51,-1],[59,-18],[-6,38],[35,86],[32,-9],[83,-70],[29,0],[16,27],[-37,60],[14,21],[38,9],[-15,66],[-22,46],[25,79],[33,13],[27,-15],[29,-55],[15,-5],[3,57],[42,-6],[29,57],[35,48],[89,100],[44,19],[87,-40],[22,7],[7,53],[39,25],[60,-32],[41,6],[20,36],[65,17]],[[51487,32389],[36,-35],[-11,-73],[28,1],[43,76],[55,45],[55,-13],[32,-54],[67,40],[83,-8],[42,-36],[29,32],[46,26],[73,22],[16,19],[6,146],[31,23],[92,19],[137,-41],[32,-43],[-1,-31],[20,-10],[19,58],[66,32],[113,105],[21,-13],[8,-82],[41,-4],[28,52]],[[46901,25188],[-70,-43],[-248,-96],[-61,-57],[-268,-348],[-113,-192],[-196,-678],[-16,-80],[-20,-25],[-5,-46],[-139,-474],[-99,-207],[-133,-121],[-43,-72],[-67,-72],[-145,-131],[-118,-99],[-161,-147],[-110,-117],[-92,-133],[-189,-308],[-3,-65],[-43,-293],[-46,-379],[-38,-29],[-230,-82],[-341,-150],[-96,-39],[-116,-56],[-87,-31],[-361,-43],[-670,-36],[-271,-17],[-37,-5],[-379,-78],[-22,1],[-93,-32],[-211,-108],[-254,-137]],[[41310,20163],[-30,146],[-1,46],[-22,166],[-2,133],[-6,47],[-45,120],[-25,101],[-14,122],[-28,137],[-7,77],[-41,129],[-12,60],[-37,116],[-28,175],[-27,78],[-31,57],[-85,140],[-41,111],[-48,211],[-26,187],[-3,78],[19,208],[1,93],[-8,137],[-15,131],[-36,188],[-26,183],[-3,96],[-9,63],[-1,159],[18,163],[63,244],[17,140],[25,123],[30,94],[62,148],[76,148],[38,111],[68,180],[20,83],[22,127],[13,144],[-20,56],[-39,45],[-1,55],[66,60],[-1,27],[-26,64],[-10,69],[29,32],[7,44],[-26,54],[-51,1],[-5,35],[19,41],[29,8],[14,41],[31,29],[-15,69],[14,58],[79,58],[16,26],[-2,130],[-17,117],[-40,56],[35,32],[4,36],[-18,33],[-56,5],[-77,-23],[-66,-44],[-30,-39],[-73,-200],[-35,-49],[-41,16],[-59,46],[-72,67],[-21,106],[-57,71],[5,53],[-10,39],[-49,40],[-9,68],[-25,3],[-55,-34],[-39,1],[-2,22],[97,138],[18,62],[9,69],[-11,32]],[[40539,27288],[23,50],[-9,81],[-27,24],[-8,35],[31,9],[114,-59],[30,4],[25,47],[-37,99],[-101,69],[-36,5],[-1,38],[49,98],[29,23],[59,-11],[39,5],[49,79],[71,-23],[39,48],[101,42],[54,52],[-9,102],[4,39],[37,37],[31,12],[19,31],[14,55]],[[41129,28279],[48,-4],[30,-62],[50,8],[30,71],[19,27],[62,-18],[-8,73],[28,50],[18,0],[10,-90],[13,-14],[50,51],[58,37],[89,36],[131,31],[57,-13],[7,-24],[10,-132],[15,-11],[204,-8],[36,-20],[26,28],[46,17],[49,82],[27,-17],[3,-42],[-12,-42],[-70,-109],[-8,-32],[32,-17],[18,25],[11,61],[34,-7],[37,-53],[35,22]],[[42314,28183],[27,-13],[-6,-36],[47,-49],[-6,-48],[38,-26],[38,101],[13,12],[90,9],[75,26],[86,-84],[-5,-38],[77,-98],[21,-6],[20,46],[-20,51],[7,27],[74,34],[27,28],[20,157],[32,33],[108,-79],[-16,-64],[10,-4],[79,48],[37,-4],[61,92],[27,-4],[51,-39],[27,3],[7,71],[31,53],[34,40],[40,22],[98,-1],[44,-33],[17,5],[57,66],[24,2],[16,-24],[37,10],[22,51],[48,49],[-8,82],[7,42],[17,15],[59,-5],[49,-32],[30,-32],[40,-65],[62,7],[34,28],[37,90],[34,30],[110,18],[24,-23],[-1,-53],[15,-33],[64,2],[-14,65],[17,77],[11,3],[85,-34],[-4,-74],[3,-95],[18,-33],[31,13],[12,66],[-5,89],[29,1],[59,-91],[33,-10],[29,13],[-27,66],[-69,77],[-29,19],[-15,86],[65,-13],[32,18],[27,-45],[56,40],[32,-1],[14,-65],[26,-20],[45,-4],[89,22],[34,106],[27,23],[3,-51],[107,-75],[53,5],[42,21],[5,58],[-15,97],[8,26],[-28,45],[18,19],[28,-36],[63,13]],[[45296,29061],[20,-49],[111,11],[36,43],[63,57],[60,31],[-26,82],[1,32],[39,19],[42,2],[8,25],[-16,62],[28,27],[-1,48],[23,63],[9,76],[93,-28],[90,16],[24,34],[10,44],[-29,8],[-37,44],[-2,47],[-43,54],[-33,28],[19,38],[51,11],[7,125],[32,14],[33,60],[47,23],[31,-31],[51,-20],[24,3],[44,52],[15,-1],[47,-53],[14,88],[37,49],[44,18],[11,38],[77,2],[53,-34],[19,7],[5,41],[22,29],[70,52],[51,-63],[41,-35],[45,-15],[63,22],[19,-19],[17,43],[30,-1],[-24,-101],[16,-36],[24,5],[84,56],[12,-11],[0,-49],[13,-23],[32,17],[9,76],[31,38],[30,-13],[47,-46],[30,-78],[21,-27],[43,-14],[41,5]],[[43824,41838],[9,-82],[84,-23],[19,-53],[78,-105],[14,-33],[-26,-164],[-6,-168],[4,-48],[-10,-71],[-54,-81],[-73,-73],[-72,-97],[-33,-31],[37,-100],[-9,-70],[-36,-65],[-29,-36],[-45,-92],[-22,-87],[-58,-58],[-110,-31],[-51,-69],[-33,-75],[10,-22],[77,-31],[283,-136],[38,-121],[33,-78],[65,-92],[-8,-55],[10,-21],[1,-65],[18,-141],[21,-39],[64,-57],[56,-35],[71,-30],[12,-38],[108,-82],[65,-65],[29,-53],[64,-15],[101,-45],[54,-38],[38,-37],[38,-72],[17,-85],[50,-41],[81,-47],[79,-30]],[[44877,38555],[-41,-67],[-1,-118],[31,-26],[69,-25],[14,-37],[-1,-158],[15,-116],[-10,-58],[33,-80],[20,-76],[-13,-132],[25,-92],[-37,-120],[-18,-180],[-34,-75],[-45,-9],[-57,20],[-110,27],[-153,27],[-78,0],[-83,-22],[-80,-74],[-29,-17],[-111,-36],[-57,-30],[-19,-31],[-26,-80],[-6,-123],[-54,-83],[-52,-50]],[[43969,36714],[-8,81],[-83,25],[-79,2],[-139,-21],[-95,77],[-76,97],[-52,50],[-66,41],[-74,35],[-88,21],[-152,12],[-36,-12],[-48,-36],[-72,-23],[-11,-26],[-10,-81],[-54,-113],[-36,-62],[-45,-53],[-70,-37],[-115,-12],[-118,0],[-152,-16],[-104,-32],[-70,45],[-26,40],[-23,89],[-33,255],[-26,57],[-31,-14],[-24,-30],[-36,5],[-44,66],[-32,62],[-62,89],[-15,53],[-63,91],[-39,38],[5,145],[25,59],[-15,48],[-64,3],[-125,-14],[-48,3],[-84,63],[-95,34],[-120,0],[-111,16],[-148,-1],[-31,-20],[-74,-18],[-15,15],[-59,-21],[-94,16],[-19,47],[-4,44],[21,64],[-64,4],[-11,-37],[-81,9],[1,-30],[-32,-43],[-44,-36],[-25,-46],[-9,21],[-39,14],[-86,9]],[[41586,41869],[108,-44],[-9,-43],[15,-15],[40,6],[64,-31],[17,-26],[12,47],[-15,11],[20,54],[22,28],[99,-66],[84,-17],[97,-71],[39,14],[60,139],[62,25],[121,-10],[109,-22],[100,-27],[122,-6],[40,13],[142,115],[63,7],[82,-25],[144,-62],[137,-38],[111,-7],[88,-14],[167,11],[97,23]],[[47492,46716],[58,40],[23,53],[23,16],[29,-28],[29,-5],[29,25],[57,-20],[50,29],[42,-49],[10,-47],[65,-4],[33,-17],[83,3],[23,-33],[52,-26],[63,-59],[31,-5],[9,-27],[64,-11],[9,43],[70,-10],[31,-16],[31,30],[21,-7],[37,17],[35,-36],[48,30],[100,14],[23,-21],[24,-112],[-15,-11],[22,-46],[24,-17],[31,-64],[22,-15],[23,19],[63,-38],[31,22],[66,-45],[30,28],[45,-35],[-13,-36],[42,-37],[-7,-76],[7,-25],[37,-10],[44,13],[89,53],[67,98],[6,37],[72,3],[-1,-101],[33,-43],[51,-9],[13,20],[15,76],[39,-12],[17,15],[192,16],[26,-17],[23,18],[22,-28]],[[49810,46236],[-57,-61],[-11,-38],[13,-65],[-47,-113],[12,-34],[5,-81],[27,-64],[45,-31],[31,-43],[-41,-143],[-20,-15],[22,-36],[-94,-93],[-2,-19],[-75,-50],[-38,-47],[22,-66],[-28,-105],[-32,-46],[-113,-102],[-3,-27],[28,-45],[115,6],[108,-19],[69,-21],[62,2],[43,20],[2,-30],[56,-54],[-18,-50],[42,2],[18,-140],[10,-29],[-41,-42],[-55,-40],[-24,-53],[-23,-16],[-96,2],[-35,31],[-90,17],[-10,-17],[11,-47],[-12,-10],[-59,5],[-4,-56],[-27,-26],[-33,-9],[-61,5],[-81,-56],[-1,-121],[-36,-12],[-42,12],[-51,43],[-27,43],[-32,17],[-26,-15],[-18,17],[-26,78],[-22,-39],[-36,-3],[-9,-30],[-48,-13],[-4,-58],[-19,-54],[-49,-27],[-146,29],[-26,-24],[-5,-38],[-70,-20],[-113,2],[-50,17],[3,-73],[-23,-11],[-47,10],[-13,34],[-99,84],[-50,1],[-44,-20],[-32,16],[-13,66],[-61,43],[-34,39],[-61,2],[-26,-26],[-76,-21],[7,-110],[-13,-53],[45,-99],[5,-41],[-11,-23],[-61,-38],[-109,-20],[-40,-20],[-154,-44]],[[47558,43787],[-81,-7],[-72,11],[-45,17],[-104,99],[-7,73],[-45,21],[9,116],[-84,12],[-27,-17],[-19,17],[31,54],[4,55],[-28,32],[-67,-51],[-15,-39],[-30,-35],[-40,-7],[-48,13],[-43,-20],[-55,-56],[-34,-49],[-57,-43],[-31,-78],[-70,-16],[-21,68],[-39,5],[-35,-17],[-14,21],[1,112],[-61,18],[-25,60],[-73,42],[-34,80],[-112,-15],[-93,-3],[-134,38],[-86,12],[-57,-18],[-110,24],[-121,5],[-18,68],[-56,-9],[1,-36],[30,-137],[5,-67],[-41,-49],[-24,-56],[-60,-27],[-16,-29],[-188,-68],[-110,-101],[-243,-94],[-28,-32],[-4,-39],[14,-45],[-84,-9],[-29,-27],[-13,-77]],[[44722,43487],[-16,28],[-50,12],[-10,21],[21,52],[3,70],[-61,67],[11,119],[-12,36],[-55,71],[-16,74],[-29,11],[-28,46],[9,18],[72,23],[19,97],[-73,38],[-21,67],[29,48],[-36,54],[9,141],[37,37],[59,20],[28,34],[25,9],[26,42],[73,60],[81,37],[-3,68],[23,42],[-57,-1],[14,60],[-38,7],[-82,56],[-63,13],[-26,17],[-28,141],[-52,45],[-10,68],[-34,97],[-6,118],[5,71],[-30,76],[-56,35],[-70,18],[-18,29],[-45,14],[-45,-19],[-31,26],[-34,4]],[[49635,40325],[-31,-47],[3,-83],[-17,-41],[46,-60],[64,-20],[21,-53],[70,-23],[34,-82],[52,-74],[13,-30]],[[49890,39812],[-75,-55],[-61,-70],[-79,-99],[-144,-139],[-28,-36],[-36,-81],[-41,-66],[-22,-66],[-67,-165],[-23,11],[-34,-75],[-42,-62],[-61,-73],[-119,-86],[-326,-173],[-80,-64],[-159,-149],[-20,-34],[-41,-122],[-64,-138],[-81,-113],[-57,-88],[-30,-82]],[[48200,37787],[-73,-15],[-108,20],[-115,9],[-48,-59],[-81,-6],[-49,26],[-62,12],[-50,39],[-33,95],[-38,12],[-31,33],[-60,10],[-22,25],[-14,148],[28,18],[-20,69],[-29,22],[-40,-2],[-40,15],[-79,-85],[-25,3],[-55,79],[-81,90],[-21,62],[-124,77],[-47,47],[-7,60],[-11,9],[-89,0],[-10,42],[24,81],[-7,67],[-27,37],[-47,40],[-26,42],[-4,86],[12,142],[0,48],[-14,16]],[[46677,39201],[115,15],[56,32],[22,50],[93,24],[-16,56],[11,19],[49,-5],[19,41],[-16,69],[17,30],[59,28],[54,-26],[41,46],[-16,50],[16,55],[37,22],[91,2],[35,29],[175,26],[81,27],[64,-23],[76,69],[49,33],[23,35],[62,-25],[24,0],[27,61],[51,37],[41,14],[58,51],[62,10],[68,29],[36,-3],[71,-48],[14,-28],[39,21],[-18,45],[31,47],[-12,33],[52,44],[90,44],[30,2],[4,-49],[16,-38],[22,-13],[18,-55],[58,30],[101,16],[29,-31],[-3,-34],[27,-9],[19,24],[53,-1],[13,29],[-26,5],[-13,61],[42,17],[1,31],[-26,17],[-25,43],[-43,-4],[-65,36],[-9,27],[-70,-30],[-60,41],[-65,77],[10,23],[-17,25],[38,6],[18,22],[50,-37],[19,5],[13,50],[39,30],[58,-24],[40,-34],[9,41],[-57,21],[-33,35],[14,66],[-5,63],[17,26],[52,-14],[3,-47],[34,-31],[65,-4],[41,40],[44,-48],[51,-10],[75,-40],[43,-58],[34,-11],[57,3],[40,-25],[96,3],[31,11],[23,-30],[152,-50],[13,-12],[9,-75],[23,-24]],[[39972,37445],[-2,-18],[-46,-86],[126,-13],[-23,-160],[-20,-53],[-21,-88],[-12,-91],[9,-68],[53,-169],[20,-248],[-63,25],[-4,-29],[9,-104],[-17,-68],[-5,-107],[2,-78],[20,-121],[-15,-55],[-69,-89],[6,-14],[117,6],[11,-17],[0,-121],[-17,-24],[-61,-34],[-60,-73],[-9,-54],[23,-101],[20,-27],[64,16],[21,-40],[-24,-42],[-52,-125],[-15,-10],[-85,19],[-47,-26],[-1,-21],[43,-31],[6,-32],[-8,-160],[-13,-55],[12,-20],[101,-10],[60,-20],[34,-37],[13,-41],[0,-195],[-8,-82],[-2,-130],[13,-42],[0,-46]],[[40056,34236],[0,-77],[9,-51],[59,-50],[3,-37],[-45,-46],[-1,-40],[49,-53],[3,-38],[-21,-25],[-65,-51],[-2,-67],[21,-69],[24,-42],[2,-41],[-47,-112],[3,-42],[19,-67],[-2,-46],[15,-22],[68,-8],[23,-156],[37,-124],[-12,-88],[-29,-86],[1,-119],[-18,-121],[30,-233],[-21,-20],[-69,-26],[-13,-26],[14,-57],[68,-85],[33,-32],[47,-74],[11,-163],[17,-185],[39,-134],[56,-113],[35,-48],[24,-71],[-22,-34],[-68,-4],[9,-34],[29,-16],[-27,-47],[-8,-37],[30,-120],[7,-61],[20,-53],[-9,-35],[-43,19],[-12,-31],[22,-40],[45,-8],[25,-50],[-30,-35],[-80,7],[-26,-12],[-86,-113],[9,-35],[66,-19],[25,-45],[-29,-109],[-23,-135],[-32,-54],[-29,-8],[-47,-117],[-69,-49],[-22,-37],[0,-33],[-35,-26],[-168,-285],[-37,4],[-38,-41],[18,-51],[29,-15],[-2,-44],[-18,-71],[-36,-38]],[[39759,29379],[-53,151],[-42,93],[18,68],[-32,19],[-39,49],[26,123],[-7,57],[-25,39],[-92,73],[-52,12],[-68,0],[-38,-11],[-55,3],[-51,-60],[-46,-40],[-26,-47],[-8,-172],[-48,-145],[-61,-98],[-44,-94],[-66,-71],[-86,-52],[-66,-52],[-61,-36],[-37,-11],[-45,15],[-57,-42],[-38,-4],[-8,26],[22,80],[-34,21],[-11,38],[-79,59],[-18,33],[11,52],[-13,60],[-69,101],[-42,43],[-74,49],[-59,6],[-279,-2],[-149,18],[-132,27],[-70,20],[-61,29],[-132,108],[-50,52],[-35,89],[-81,58],[-106,44],[-114,31],[-108,13],[-319,106],[-78,33],[-66,81],[-57,102]],[[50140,39706],[19,-43],[-5,-35],[-29,-29],[5,-23],[73,-27],[43,-29],[44,-51],[72,30],[54,-2],[17,-20],[-1,-54],[39,-116],[-16,-27],[11,-28],[47,-14],[-40,-54],[79,-28],[84,-47],[85,-36],[39,-25],[42,-59],[6,-79],[-10,-102],[-17,-68],[15,-27],[47,-9],[6,-22],[-24,-38],[7,-13],[75,-13],[15,-33],[-10,-38],[-8,-101],[12,-20],[4,-60],[-17,-18],[-73,-47],[9,-47],[72,-52],[41,-47],[67,-106],[49,-24],[39,-2],[38,21],[64,60],[73,57],[28,0],[64,-34],[38,1],[41,31],[58,26],[29,-12],[61,27],[32,-36],[-7,-39],[21,-53],[40,-38],[6,-31],[-15,-49],[27,-66],[5,-44],[-26,-54],[-44,-49],[-9,-60],[6,-31],[32,-51],[5,-25],[-34,-53],[-24,-80],[-19,-28],[-12,-59],[-17,-29],[-78,-69],[-31,-17],[-45,-53],[-38,3],[-44,-27],[4,-45],[-19,-25],[-50,10],[-14,-44],[-47,-87],[-32,-30],[-70,-36],[-17,-39],[-28,-14],[-71,17],[-14,19],[-50,-47],[-59,1],[-80,-71],[-27,-47],[-49,-121],[39,-48],[-7,-46],[-50,-21],[-23,-39],[-91,-58],[-8,-31],[16,-36],[-35,-43],[-12,-39],[19,-44],[-15,-48],[-6,-99]],[[50536,36051],[30,-76],[13,-8],[-11,-48],[-60,-17],[-20,19],[-1,36],[-17,0],[-63,-40],[-37,-51],[-38,8],[-39,-27],[-14,39],[-21,-1],[-8,-37],[-23,35],[-16,-3],[-2,-60],[-50,-7],[-34,-52],[0,-52],[-47,2],[-37,-72]],[[50041,35639],[-48,-11],[-72,-31],[-43,-99],[-30,10],[-21,-27],[-34,11],[-11,67],[-40,12],[-25,-50],[24,-10],[15,-54],[-20,-11],[-41,13],[-34,-17],[7,-65],[38,-9],[-1,-34],[-23,-2],[-18,-42],[63,1],[-1,-21],[-40,-18],[3,-52],[-18,-36],[-27,-7],[-15,37],[-28,0],[6,77],[-10,19],[-64,-3],[-35,14],[-26,-36],[0,-25],[36,-25],[15,-114],[-37,8],[-20,-58],[-38,-37],[-30,8],[-36,-30],[-15,40],[-17,-71],[-79,-23],[-21,12],[0,50],[-49,-1],[-23,-18],[-13,-37],[-42,-15],[17,-37],[-16,-33],[-39,0],[-34,-35],[-35,6],[14,71],[22,46],[0,26],[-32,1],[-32,-20],[20,-22],[-19,-105],[6,-41],[-12,-22],[-59,11],[18,103],[-31,-8],[-8,-53],[-22,-18],[-21,51],[-7,-48],[-37,-42],[-61,-17],[-16,-18],[-6,-49],[-37,-23],[-32,24],[-11,-27],[11,-42],[58,-8],[8,-29],[-37,-33],[2,-87],[-11,-15],[-48,2],[7,-66],[-11,-25],[-30,-6],[-64,14],[4,24],[-58,4],[-11,48],[-47,-20],[-24,64],[-36,-12],[7,-52],[-30,-38],[-34,5],[-22,22],[-12,48],[-28,-12],[3,-51],[-62,-12],[-21,14],[-61,-20]],[[48086,34367],[-15,29],[22,50],[-24,4],[11,32],[51,-1],[-2,46],[34,3],[8,28],[41,2],[23,-33],[38,23],[69,-16],[-41,58],[-2,39],[-21,40],[-29,21],[-81,26],[-63,5],[-21,-63],[-39,3],[-43,-13],[-97,24],[-18,36],[-16,78],[19,40],[37,-5],[-2,66],[107,69],[9,19],[-50,72],[3,24],[35,22],[15,57],[-38,48],[-39,-18],[-85,88],[-56,3],[-60,63],[-5,64],[30,57],[65,32],[41,114],[-2,26],[60,-7],[9,30],[63,15],[4,53],[33,21],[-25,37],[8,44],[87,72],[-3,79],[24,102],[50,12],[22,35],[-20,34],[16,50],[-26,40],[26,25],[-53,67],[-41,34],[-28,0],[-61,-76],[-26,-1],[-35,25],[-68,69],[71,20],[39,28],[24,42],[11,51],[1,133],[31,64],[-6,31],[-32,33],[-6,43],[3,75],[32,32],[70,15],[95,97],[39,66],[18,69],[54,50],[19,40],[-8,77],[-53,41],[-12,31],[-40,34],[-30,61],[-59,51]],[[48172,37573],[24,115],[4,99]],[[49890,39812],[42,-113],[38,-12],[95,37],[75,-18]],[[55257,41080],[-54,-56],[-88,-53],[-17,-69],[-35,-20],[-91,4],[-52,-20],[-12,-28],[16,-49],[-22,-65],[-29,-29],[-49,5],[-35,-10],[-31,-29],[4,-26],[-53,-38],[-49,-71],[-45,-50],[-10,-31],[-61,-8],[-37,-38],[-60,-86],[-82,-13],[-36,17],[-40,36],[-30,3],[-57,-70],[-38,13],[-43,-8],[-38,27],[-71,-26],[-87,-4],[-39,20],[-62,-15],[-50,-63],[16,-33],[-7,-36],[-30,-27],[-73,9],[-21,-11],[-7,-61],[-72,-37],[-39,-50],[-74,-4],[-75,18],[-27,-16],[-29,10],[-32,-13],[-51,31],[-30,4],[-55,62],[-49,-2],[0,-27],[-119,-19],[-72,3],[-20,13],[6,92],[-12,11],[-81,-20],[-33,-68],[-122,35],[-86,-8],[-49,47],[-24,-4],[18,83],[-2,40],[-48,70],[-64,57],[-24,50],[33,13],[79,72],[15,37],[6,61],[-43,-20],[-49,38],[-112,22],[-43,75],[-58,57]],[[52215,40784],[-9,36],[58,68],[26,56],[-2,56],[-22,51],[40,56],[3,23],[-104,65],[-38,32],[30,51],[-1,41],[-19,51],[13,92],[16,38],[-1,42],[-46,23],[-7,21],[-51,48],[-7,39],[-29,57],[-61,8],[9,38],[-44,66],[-59,32],[-13,17],[21,71],[-104,146],[-2,56],[-19,70],[-57,68],[-15,122],[-27,108]],[[51694,42532],[17,30],[83,4],[12,34],[50,13],[30,-18],[27,48],[41,3],[11,-40],[48,-58],[31,4],[13,62],[-1,52],[15,8],[9,-60],[32,24],[30,41],[-3,20],[67,-16],[35,28],[36,12],[73,58],[41,-3],[7,19],[44,15],[52,-17],[28,28],[36,-15],[26,12]],[[52584,42820],[84,28],[93,44],[85,-3],[139,61],[22,18],[34,63],[30,28],[52,87],[30,32],[80,65],[16,-3],[23,-69],[26,-7],[15,24],[-10,39],[11,20],[49,26],[56,9],[44,21],[61,91],[13,-12],[37,35],[40,16],[62,49],[4,66],[22,-1],[18,-28],[26,-2],[8,47],[69,30],[24,-10]],[[53847,43584],[0,-88],[-54,-68],[33,-10],[16,-104],[-11,-22],[5,-88],[-21,-19],[-18,-77],[27,-41],[-15,-52],[38,-98],[-3,-31],[-27,-49],[27,-50],[51,-21],[19,-118],[-31,-32],[28,-26],[29,-66],[14,-100],[29,-38],[-31,-33],[23,-25],[-25,-38],[57,-58],[29,-81],[25,-17],[99,-40],[104,1],[40,-23],[18,-81],[4,-106],[57,-37],[10,-33],[63,-44],[31,17],[43,-111],[91,1],[30,19],[15,-28],[52,-19],[4,47],[75,-11],[2,-37],[95,-39],[28,6],[52,-16],[12,-29],[-30,-43],[26,-34],[-6,-30],[50,-29],[53,-65],[-48,-57],[15,-37],[43,-30],[38,-73],[74,-13],[33,-28],[23,-52]],[[54785,44756],[46,-75],[-29,-28],[3,-34],[-71,-21],[67,-52],[3,-24],[-37,-48],[7,-17],[54,1],[28,-19],[-4,-61],[-29,-11],[-50,6],[18,-44],[76,9],[11,-19],[-22,-97],[-19,-47],[-49,-59],[-100,-55],[-87,-76],[-160,-131],[-43,-50],[-40,-32],[-100,-5],[-64,-23],[-30,22],[-33,3],[-91,-58],[-90,-26],[-28,-67],[-41,-29],[-34,-5]],[[52584,42820],[-41,36],[-23,98],[17,63],[-11,21],[-61,40],[-38,69],[-97,53],[-57,21],[-27,54],[-41,8],[-59,62],[-9,28],[9,182],[27,34],[12,44],[-20,28],[-119,21],[-86,46],[-43,54],[3,45],[-21,69],[-34,22],[-92,29],[-90,87],[-28,110],[-26,49],[20,49],[-9,24],[-85,45],[-14,-26],[-34,0],[-42,59],[-19,51],[-27,33],[-55,25],[-19,85]],[[51345,44538],[10,48],[41,53],[34,70],[21,85],[6,63],[62,144],[78,115],[42,47],[115,84],[60,62],[96,86],[105,118],[108,147],[54,52],[39,112]],[[52215,40784],[-51,-46],[-61,-29],[-42,-32],[-54,-82],[-9,-33],[-35,-16],[-20,-66],[-24,-14],[-53,11],[-27,-76],[-23,-27],[-63,-43],[-50,-9],[-80,7],[-31,-21],[-25,-56],[-39,26],[-73,-11],[-55,-44],[-37,-5],[-80,71],[-25,1],[-46,-45],[18,-37],[-10,-62],[-28,-72],[-32,-23],[-24,-51],[-37,-17],[-52,-58],[-103,66],[-24,30]],[[50920,40021],[-53,22],[-25,35],[-26,-5],[-3,-41],[-37,-95],[-18,-23],[-70,-13],[-48,24],[-32,50],[-31,5],[-16,-20],[-5,-60],[-56,-26],[-51,-6],[-24,-19],[-46,-8],[-64,37],[-35,-51],[-7,-94],[-30,-14],[-103,-13]],[[49635,40325],[52,57],[4,70],[40,111],[-13,35],[18,20],[34,75],[91,80],[51,85],[5,69],[-37,77],[38,30],[46,13],[11,40],[41,57],[-24,60],[24,20],[0,42],[41,53],[34,18],[27,34],[45,20],[34,29],[8,41]],[[50205,41461],[43,18],[63,45],[62,29],[44,45],[67,32],[59,66],[60,35],[117,40],[110,137],[51,84],[-2,26],[24,31],[33,12],[28,-19],[46,-3],[10,82],[18,47],[58,54],[67,51],[86,44],[117,31],[230,142],[98,42]],[[48172,37573],[-12,-9],[-114,-131],[-48,-68],[-37,-66],[-157,-87],[-64,-46],[-63,-57],[-51,-6],[-112,28],[-63,0],[-55,19],[-92,-36],[-38,16],[-30,32],[-65,-33],[-30,-42],[0,-35],[-28,-16],[-23,8],[-70,-33],[-29,23],[-38,-8],[-23,15],[-8,-38],[-29,-10],[-11,-31],[22,-37],[-18,-23],[1,-32],[55,-29],[13,-58],[-33,-42],[-72,-7],[-18,-34],[20,-34],[57,-33],[-19,-58],[-15,-16],[-63,4],[-25,-44],[-92,-39],[-17,-82],[1,-49],[17,-61],[-25,-94],[-67,-42],[-14,-35],[-51,-16],[-17,-20],[-66,-31],[-15,-84],[-15,-16],[-1,-74],[-17,-32],[-46,-38],[-14,-60],[4,-62],[-28,-62],[-47,-43],[-21,-57],[-60,-5],[-12,-69],[-34,-19],[-32,11],[-88,-28],[-33,-32],[-51,-92],[-36,-95],[14,-17],[68,-17],[43,-31],[30,30],[16,-7],[91,-134],[41,2],[24,-20],[43,19],[12,69],[30,-1],[5,-46],[-29,-103],[7,-75],[30,-52],[78,-44],[-14,-25],[-59,-17],[-13,-65],[35,7],[26,-23],[-40,-62],[-60,-47],[-24,3],[-37,40],[-26,6],[-30,-28],[-46,27],[-37,-21],[-29,0],[-57,30],[-44,-15],[-47,43],[-38,3],[-33,-75]],[[45840,34547],[-46,3],[-79,-10],[-40,-15],[-88,40],[-135,49],[-55,4],[-114,-27],[-55,8],[-71,26],[-18,-5],[-4,-64],[-46,-29],[-42,-51],[-47,-9],[-49,-26],[-56,15],[26,-43],[1,-55],[-31,-48],[-93,-10],[-9,51],[-64,-1],[-13,13],[-57,7],[-8,-63],[-49,-17],[-37,45],[-62,46],[-29,-36],[-35,7],[-15,24],[-106,-78],[-35,-14],[-57,-58],[-49,10],[-77,-75],[-63,-102],[19,-46],[-67,-52],[-98,-30],[-37,-17],[-32,-49]],[[43818,33865],[-17,20],[-71,-1],[-22,12],[-22,51],[-30,36],[-39,7],[-86,82]],[[43531,34072],[14,34],[38,48],[3,86],[11,82],[-20,56],[18,29],[65,18],[34,25],[14,37],[-14,82],[17,69],[21,46],[97,43],[25,36],[12,87],[29,46],[28,21],[120,-1],[36,19],[33,61],[3,37],[-10,78],[30,32],[55,-6],[30,11],[60,68],[49,73],[-2,28],[-28,12],[-79,3],[-43,25],[-24,62],[1,60],[18,40],[34,33],[2,41],[-61,60],[-29,48],[-101,89],[10,61],[37,54],[19,45],[55,57],[21,34],[18,71],[-1,97],[-50,77],[-43,94],[-48,127],[-34,57],[-32,150]],[[44877,38555],[40,73],[75,75],[25,37],[12,168],[11,54],[39,70],[58,67],[92,125],[92,95],[90,145],[47,97],[40,66],[12,3],[103,-80],[76,-6],[46,29],[41,103]],[[45776,39676],[51,-13],[96,-45],[46,73],[39,16],[155,-70],[56,-42],[44,-54],[29,-6],[77,-85],[-3,-22],[-51,-62],[-5,-18],[-41,-33],[5,-41],[-17,-31],[-29,-10],[-59,66],[-27,-26],[1,-52],[18,-23],[1,-63],[-120,-88],[-75,-84],[-2,-46],[-63,-51],[4,-43],[38,-48],[-5,-22],[-43,-26],[1,-27],[67,24],[63,-25],[29,20],[5,46],[24,65],[51,15],[28,27],[65,38],[44,42],[57,-1],[97,72],[-14,131],[44,29],[52,-15],[50,0],[118,33]],[[51345,44538],[-43,-98],[-25,-7],[-23,-49],[-54,-40],[-21,-3],[-49,-49],[-47,-28],[-12,-23],[-61,-11],[-61,-73],[-67,-31],[-50,3],[-104,-83],[-105,-25],[-23,-58],[-150,-64],[-104,21],[-94,-31],[-137,-103],[-29,2],[-14,-20],[-58,-25],[-65,-4],[-68,-51],[-29,-12],[-105,11]],[[49747,43687],[-76,13],[-134,-9],[-181,-24],[-50,30],[-35,-12],[-190,-110],[-91,-7],[-39,12],[-79,-12],[-78,-56],[-34,-34],[-86,-45],[-66,-5],[-49,-41],[-101,-48],[-42,-128],[-37,-50],[-31,-24],[-45,-12],[-203,-97],[-72,-5],[-50,-20],[-30,-31],[-40,-15],[-33,-34],[-64,-13],[-92,12],[-34,14],[-97,10]],[[47588,42946],[-14,99],[-22,66],[19,22],[45,17],[-65,185],[-2,36],[-22,57],[-7,45],[24,47],[12,48],[-13,59],[15,160]],[[49810,46236],[24,-31],[78,21],[27,-3],[87,26],[20,19],[66,4],[104,25],[65,-3],[65,34],[37,-38],[37,-8],[27,11],[11,49],[36,64],[64,72],[-25,82],[-46,69],[46,45],[41,1],[23,39],[35,30],[4,36],[29,17],[-9,41],[62,23],[-33,59],[24,24],[55,-11],[-9,32],[56,29],[30,-27],[22,-44],[36,-9],[4,-26],[57,4],[34,-15],[73,30],[2,47],[27,33],[19,-9],[-10,-71],[33,-33],[-3,-40],[39,-75],[26,29],[-2,51],[32,31],[-17,26],[10,46],[13,-31],[35,21],[15,-17],[72,4],[-10,22],[43,66],[22,-29],[9,27],[58,31]],[[55307,37635],[-85,-245],[8,-204],[-75,-291],[-2,-121],[11,-75],[39,-101],[76,-89],[70,-37],[38,7],[54,49],[53,-2],[134,-32],[56,-29],[29,-32],[29,-67],[33,-105],[-29,-41],[-72,-1],[-23,-18],[-19,-41],[-10,-88],[-41,-28],[-49,6],[-37,25],[-102,121],[-84,76],[-54,1],[-20,-25],[-37,-233],[17,-110],[-27,-27],[-98,-76],[-62,-35],[-69,28],[-58,-22],[-98,-84],[-72,-71],[-32,-42],[-6,-70],[-12,-28],[-85,-12],[-50,-59],[-70,-30],[-13,-64],[36,-60],[3,-36],[-36,-35],[-76,32],[-31,-25],[-45,0],[-23,-18],[-6,-78],[-71,-103],[-24,-60],[20,-47],[-14,-32],[-35,-29],[-91,1],[-11,-23],[16,-28],[30,-95],[36,-42],[-12,-26],[-45,10],[-58,-41],[-88,-17],[-41,-56],[-102,-179],[-43,-61],[-12,0],[-87,-88]],[[53653,34177],[-13,63],[-55,79],[-31,18],[-5,64],[-65,51],[-32,124],[-61,47],[-15,49],[-81,63],[11,106],[-32,77],[-30,19],[-49,-6],[-83,24],[-25,49],[-23,8],[-9,39],[9,48],[-62,18],[-28,-54],[-23,-5],[-8,28],[-43,41],[-73,12],[-50,37],[0,51],[-49,34],[-64,8],[-5,-31],[-96,1],[-41,27],[-95,-3],[-36,37],[-1,76],[-38,81],[-47,71],[-45,87],[-38,-5],[-84,-48],[-133,121],[-1,26],[37,71],[11,58],[-12,65],[-79,20],[-49,46],[-17,37],[-39,133],[-19,18],[-174,65],[-29,18],[11,38],[-10,58],[12,29],[56,35],[0,26],[-36,93],[-37,73],[-28,30]],[[51602,36622],[34,52],[42,-24],[43,29],[48,63],[11,34],[25,22],[59,-50],[75,54],[21,101],[67,40],[45,6],[59,38],[33,-1],[62,35],[16,30],[47,-44],[25,0],[57,35],[28,-14],[43,20],[77,23],[35,-17],[60,40],[22,64],[35,31],[-53,78],[9,17],[64,21],[9,26],[44,44],[24,7],[90,1],[26,8],[96,67],[58,-20],[37,35],[65,1]],[[53140,37474],[55,-91],[49,-22],[24,-54],[30,-13],[38,68],[31,18],[-8,-83],[58,21],[27,-64],[40,24],[23,32],[8,76],[35,35],[46,-7],[71,-77],[42,17],[46,41],[31,-21],[14,-40],[70,-128],[25,-5],[58,40],[20,30],[52,41],[13,36],[50,19],[17,25],[29,-4],[72,-44],[58,-6],[53,22],[39,2],[71,-23],[51,40],[45,18],[21,-9],[55,14],[58,33],[16,-26],[98,-42],[-11,28],[20,36],[-17,49],[46,44],[15,145],[12,21],[30,-4],[37,53],[81,-14],[22,-64],[58,0],[5,45],[78,-2],[160,-69]],[[45840,34547],[-69,-168],[-105,-193],[-41,-52],[22,-9],[-6,-32],[-51,-147],[-47,-52],[-7,-54],[163,-40],[134,-13],[68,24],[18,-41],[56,-46],[36,-6],[73,33],[48,12],[76,51],[5,-19],[-40,-27],[-49,-73],[-10,-52],[11,-30],[26,3],[2,40],[82,77],[12,52],[28,58],[32,22],[49,-3],[-6,-48],[8,-35],[19,67],[10,5],[50,-47],[20,-3],[31,30],[39,58],[76,38],[34,-6],[22,29],[47,16],[112,2],[29,-33],[8,-53],[19,-12],[56,-5]],[[46930,33865],[-12,-63],[30,-62],[-10,-25],[-80,-31],[-11,-21],[10,-42],[-2,-51],[18,-77],[-60,-128],[-69,-87],[-37,-58],[-17,-59],[-2,-57],[12,-74],[-9,-92],[4,-65],[-25,-64],[-35,-59],[-6,-45],[-21,-49],[-58,-43],[0,-74],[-40,-76],[2,-27],[34,-43],[1,-80],[-18,-101],[3,-119]],[[46532,32093],[-39,-2],[-40,-43],[-66,-33],[-50,-8],[-51,24],[-62,52],[-19,-22],[-41,-6],[-33,-38],[-37,-9],[-17,-35],[12,-34],[-69,-38],[-32,23],[-50,-22],[-44,3],[-13,-35],[-57,-36],[-18,-31],[-59,-19],[-68,18],[-43,-25],[-12,-39],[17,-71],[31,-49],[-20,-28],[-42,32],[-47,-1],[-78,-40],[-39,-51],[-50,-139],[-35,-38],[-32,-4],[-18,41],[-33,3],[-33,27],[-22,-33],[-44,9],[-38,-28],[-67,27],[-101,53],[-57,19],[-35,0],[-17,-45],[-30,-44],[-37,31],[-18,-9],[-30,-55],[14,-65],[-15,-29],[-41,-17],[-26,-27],[-58,2],[-110,64],[-15,-6],[-33,-66],[-41,-51],[-27,0],[-14,84],[-19,-4],[-18,-57],[-38,-26],[-9,-47],[-20,-27],[-45,-26],[-67,3],[-21,30],[-34,5],[-39,44],[-77,-9],[-11,-27],[20,-58],[-41,-42],[-4,-27],[-45,-61],[0,-42],[-20,-20],[-26,16],[-18,-19],[-11,-54]],[[43840,30786],[-11,-11],[-76,-16],[-15,40],[-21,-39],[-34,-12],[-28,12],[-21,-38],[-40,-47],[40,-38],[-18,-18],[13,-30],[-9,-34],[-33,-33],[-26,43],[-115,4],[-101,83],[-20,36],[2,53],[33,41],[18,58],[-36,37],[-36,-39],[-53,-4]],[[43253,30834],[-17,29],[-19,-5],[-52,35],[11,42],[39,23],[32,-8],[13,-34],[33,17],[20,77],[41,27],[29,38],[106,6],[45,33],[35,50],[61,38],[33,-9],[33,58],[55,-5],[25,17],[20,46],[20,85],[42,64],[39,72],[23,86],[-2,44],[41,34],[8,62],[38,54],[53,34],[22,49],[35,138],[28,22],[33,63],[-17,11],[10,34],[28,3],[44,55],[12,38],[-32,13],[-41,77],[-95,-37],[-35,-7],[-29,16],[-46,-2],[13,53],[34,87],[1,55],[-49,20],[-59,0],[-40,-14],[-42,26],[-9,29],[-22,-8],[-22,-35],[-50,-1],[-15,18],[-77,38],[-67,0],[-63,52],[4,47],[38,62],[-6,16],[28,52],[-23,8],[-25,-48],[-121,60],[-12,41],[21,56],[-48,47],[-29,16],[17,55],[-92,50],[-21,-37],[-30,17],[-25,64],[-39,26],[-69,-13],[-20,-12],[-34,11]],[[43022,33155],[-22,91],[53,27],[64,-45],[43,4],[60,82],[42,17],[8,44],[53,41],[7,61],[39,33],[109,34],[85,46],[31,49],[60,12],[65,39],[58,94],[41,81]],[[47588,42946],[12,-59],[28,-80],[-91,15],[-43,-27],[-52,-11],[-61,-52],[-114,-46],[-32,17],[-76,-28],[-40,-61],[-47,-27],[-76,-78],[-91,-35],[-51,-44],[-45,-107],[-53,-5],[-30,-18],[-26,10],[-33,-30],[-11,-31],[-67,-25],[-65,-95],[-32,-15],[-75,-4],[-35,-50],[-45,-33],[-27,-34],[-3,-114],[-12,-52],[-41,-94],[-26,-111],[27,-103],[-1,-76],[-25,-72],[5,-119],[-9,-48],[16,-42],[-21,-58],[-40,-44],[-9,-63],[-16,-14],[-50,-7],[-12,-32],[6,-46],[-32,4],[-68,-28],[-27,8],[-30,-29],[-6,-77],[8,-20],[64,-32],[1,-36],[-40,-124],[-1,-75],[-36,-27],[6,-23],[30,-11],[12,-53],[38,-67],[3,-48],[44,-22],[9,-44],[-19,-30],[3,-32],[-27,-10],[-37,29],[-49,11],[7,-106],[35,-28],[10,-63],[-18,-50],[-72,6],[6,-40],[-44,-21],[-12,-39],[18,-20],[-45,-34],[-9,-37],[-45,-54]],[[43824,41838],[-40,199],[19,23],[46,21],[-36,128],[141,185],[122,165],[66,84],[99,97],[26,31],[-2,61],[27,27],[-22,90],[-29,-1],[-28,31],[-6,47],[-40,21],[-41,-3],[-22,50],[-30,5],[-14,23],[19,33],[-5,51],[22,13],[31,-10],[33,44],[53,28],[26,30],[-1,36],[20,24],[3,59],[55,0],[95,33],[20,20],[12,52],[116,-24],[35,13],[24,-14],[5,-35],[28,-17],[34,1],[37,28]],[[53140,37474],[-3,18],[-57,85],[-63,124],[3,40],[55,31]],[[53075,37772],[65,-32],[30,2],[69,29],[50,4],[3,67],[24,19],[26,63],[-10,13],[-42,-7],[-9,28],[38,79],[22,6],[41,83],[78,15],[45,19],[-9,-34],[17,-43],[-32,0],[-2,-31],[44,-19],[29,17],[2,55],[14,10],[31,67],[67,18],[43,38],[21,36],[-27,31],[33,56],[5,38],[-26,41],[10,19],[38,-2],[28,24],[0,40],[24,15],[-13,31],[47,28],[20,61],[25,8],[51,53],[25,-7],[22,33],[-17,61],[27,51],[-9,34],[-36,60],[5,17],[70,-1],[6,39],[38,33],[-7,52],[61,57],[11,40],[38,41],[54,28],[37,-27],[15,-95],[53,-18],[34,55],[34,31],[-29,17],[38,22],[3,-52],[41,24],[36,36],[58,-86],[55,-15],[25,-41],[28,-2],[-1,31],[31,19],[45,64],[66,19],[11,41],[-46,22],[-27,41],[42,30],[4,-22],[34,-6],[32,45],[61,29],[41,49],[148,0]],[[55102,39466],[40,-91],[108,-202],[87,-166],[57,-153],[33,-120],[20,-149],[6,-92],[18,-62],[91,-111],[27,-93],[-63,-202],[-98,-97],[-27,-34],[-94,-259]],[[43531,34072],[-54,-60],[-162,69],[-27,-4],[-22,-35],[10,-67],[-34,-44],[-34,-2],[-58,-26],[-62,11],[-56,-23],[-42,16],[-170,94],[-141,100],[-85,77],[-63,87],[-123,120],[-26,50],[-43,53],[-97,101],[-96,93],[-41,13],[-91,7],[-39,41],[-63,33],[-161,20],[-65,-28],[-107,21],[-43,-17],[-12,-29],[18,-76],[-33,-72],[-71,-100],[-3,-23],[64,-120],[-92,-68],[-78,-68],[-45,-20],[-47,40],[-101,6],[-104,-67],[-49,6],[-31,16],[-37,45],[-65,16],[-38,-6],[-68,8],[-25,16],[13,37],[-33,15],[-117,-18],[-68,-21],[-191,21],[-50,-45],[-40,-20],[-142,-16],[-35,7]],[[43840,30786],[6,-64],[52,-6],[31,28],[-22,-64],[18,-43],[168,-75],[9,-37],[33,12],[29,46],[33,6],[19,33],[15,-8],[24,30],[42,-34],[61,-29],[57,-12],[56,34],[14,-17],[-31,-28],[-17,-63],[16,-33],[39,10],[6,-24],[-33,-74],[-24,-13],[-8,-43],[29,-11],[6,33],[29,-12],[5,66],[14,41],[38,1],[29,-20],[-2,-22],[-43,-26],[-10,-36],[32,-14],[-18,-62],[25,-5],[38,38],[17,-8],[-4,-60],[55,-10],[40,-78],[45,-58],[10,-38],[47,4],[41,-30],[-11,-22],[-55,-16],[-45,-76],[-63,-29],[-43,-42],[8,-55],[29,-6],[15,16],[30,-11],[9,-39],[17,33],[39,9],[9,-67],[77,-22],[-8,-41],[12,-32],[-3,-45],[15,-28],[36,14],[29,-59],[85,6],[44,-51],[70,-2],[31,-10],[-23,-43],[-46,4],[-6,-29],[49,-47],[62,10],[38,-17],[1,37],[58,4],[28,-36],[-28,-29],[-24,-69],[7,-45],[31,-72],[-34,-43]],[[42314,28183],[-3,29],[35,37],[15,58],[73,48],[20,43],[-11,50],[-35,23],[-4,23],[-36,28],[-12,81],[48,-10],[21,20],[-32,37],[-68,23],[30,126],[-30,44],[19,32],[76,50],[-22,42],[24,39],[45,-7],[33,27],[26,0],[-23,52],[77,46],[-9,41],[12,54],[25,53],[-15,31],[22,25],[-19,32],[30,70],[-25,63],[3,65],[48,51],[42,11],[-1,14],[-55,0],[33,19],[-8,75],[-70,8],[-28,64],[23,38],[-17,17],[28,43],[-7,17],[28,41],[-13,42],[11,81],[50,32],[25,-7],[34,21],[21,-85],[25,17],[25,-19],[69,17],[3,-38],[40,-32],[22,7],[7,52],[-22,68],[-30,48],[9,38],[-13,13],[12,38],[-27,44],[44,68],[20,1],[31,-36],[19,37],[-4,35],[17,8],[7,-34],[37,18],[38,-14],[17,43],[-55,58],[4,46],[38,26],[8,24],[-15,53],[21,47],[28,-3],[3,44],[33,45],[21,4],[44,-25],[40,-1],[11,29],[-18,23],[-4,45]],[[50205,41461],[-25,21],[-30,65],[-62,65],[-7,55],[-25,17],[-54,9],[-30,30],[-7,49],[19,88],[-5,33],[-24,24],[-16,53],[-28,16],[-11,31],[16,46],[-7,27],[-38,21],[-1,40],[-33,10],[-31,-35],[-18,-52],[-45,-42],[-95,17],[-50,-17],[-12,12],[-16,69],[-51,113],[-22,24],[15,68],[-9,19],[-30,1],[-114,-72],[-50,4],[-21,49],[-39,-3],[-10,27],[41,48],[54,18],[16,43],[31,41],[15,50],[-26,48],[-6,64],[-20,20],[-17,50],[-39,35],[-1,43],[-44,36],[-60,17],[-31,31],[1,81],[21,25],[80,31],[12,71],[182,28],[87,-9],[52,17],[36,33],[22,80],[-13,25],[-49,11],[-2,22],[69,37],[31,37],[48,24],[13,31],[30,19],[2,23],[-22,117],[-5,97]],[[41129,28279],[-27,-8],[-20,-29],[-31,10],[-56,39],[6,63],[-19,34],[13,48],[-21,67],[1,48],[-16,80],[-53,165],[10,24],[50,-8],[19,35],[6,43],[-23,39],[6,25],[66,90],[81,37],[9,22],[-82,107],[32,65],[10,59],[60,11],[6,37],[-15,27],[43,14],[64,-36],[110,12],[19,29],[-1,51],[24,4],[44,-19],[57,2],[102,40],[11,46],[-21,35],[-61,61],[-12,27],[15,36],[55,45],[0,95],[-25,67],[-23,22],[14,72],[53,21],[-19,118],[22,51],[51,35],[-12,62],[16,67],[-6,56],[-82,1],[-13,105],[56,11],[19,33],[-10,60],[44,138],[56,151],[23,28],[69,-22],[38,9],[51,54],[70,7],[15,37],[-14,31],[-43,52],[-14,46],[34,53],[-10,23],[0,70],[15,21],[45,4],[13,64],[-27,13],[9,25],[39,18],[7,41],[-17,84],[14,43],[-12,64],[31,95],[24,36],[-14,32],[39,67],[10,32],[25,16],[23,66],[52,11],[33,79],[18,20],[46,15],[36,75],[27,7],[13,51],[34,-16],[10,14],[-79,64],[27,32],[57,-21],[27,29],[8,57],[28,31],[-2,36],[28,41],[-20,52],[8,70],[27,39],[77,71],[36,11],[17,28],[52,10],[26,38],[21,73],[38,-1],[37,33],[-9,31],[-68,3],[-35,37],[0,41],[25,10],[13,-42],[26,-21],[49,23],[-3,68],[11,29],[56,20],[33,-28],[45,-18],[23,23]],[[40539,27288],[-122,64],[-120,57],[-28,-5],[-14,-23],[-2,-98],[-32,-13],[-117,30],[-67,26],[-33,-28],[-33,-158],[-96,-255],[-37,-16],[-45,33],[-48,-31],[-53,-8],[-16,-24],[-40,-120],[-32,-124],[-58,-43],[-186,-43],[-26,-18],[-26,-118],[11,-34],[-150,-60],[-72,-46],[-48,-48]],[[39049,26185],[-25,55],[55,125],[2,53],[-12,47],[7,53],[22,44],[11,84],[12,19],[36,4],[20,27],[-15,90],[-8,102],[9,67],[22,61],[-5,35],[-43,119],[-62,-5],[33,57],[61,17],[17,14],[3,73],[12,49],[16,19],[61,22],[0,43],[17,25],[51,26],[32,126],[-32,18],[-18,54],[8,65],[-11,18],[1,64],[-20,16],[27,17],[24,55],[8,69],[-7,13],[-63,26],[10,93],[33,-12],[6,-34],[25,0],[9,53],[37,-21],[10,40],[-18,123],[8,33],[3,94],[26,67],[20,30],[42,1],[43,-16],[58,0],[52,12],[2,38],[-13,65],[36,4],[27,66],[-12,22],[-62,61],[-37,61],[3,44],[32,33],[40,70],[25,67],[-5,36],[49,95],[-5,69],[-61,42],[57,43],[24,49]],[[51602,36622],[-43,6],[-84,-44],[-33,-66],[-3,-69],[-10,-28],[-43,-30],[-25,7],[-44,47],[-41,-5],[-38,21],[-55,2],[-79,-35],[-69,-41],[-76,-8],[-21,44],[-40,-40],[-55,-8],[-43,-34],[-7,-48],[-61,-24],[-31,-115],[-55,-36],[-78,-34],[-32,-33]],[[50920,40021],[15,-37],[-5,-70],[26,-46],[-81,-84],[-16,-26],[2,-84],[36,-59],[19,-79],[38,-104],[-11,-33],[-93,5],[31,-47],[46,-27],[30,25],[68,-60],[28,-7],[28,14],[31,42],[20,-30],[73,-19],[-22,-86],[-112,-81],[-9,-40],[59,-1],[73,-26],[30,119],[31,71],[44,121],[26,31],[19,48],[123,-48],[23,5],[12,-41],[-21,-46],[-70,9],[-22,-34],[7,-29],[38,-5],[86,-91],[69,-112],[55,-73],[19,-36],[-84,-67],[-56,-95],[-24,-64],[-10,-56],[11,-108],[49,-99],[43,-45],[31,-65],[12,12],[4,66],[63,74],[50,4],[131,83],[23,2],[50,-26],[20,14],[3,41],[-80,21],[-18,40],[19,41],[117,93],[33,16],[60,1],[150,-74],[49,-19],[40,-2],[114,27],[88,-8],[61,16],[19,55],[39,58],[38,-2],[10,-16],[-5,-62],[18,-37],[40,-8],[31,-90],[41,-7],[60,25],[79,10],[-17,-28],[-4,-100],[-14,-55],[-66,-30],[-39,-42],[-33,-13],[-46,-81],[11,-84],[27,-30],[29,19],[66,9],[47,-8],[30,-38],[20,-52],[50,-11],[46,18],[40,-99],[-8,-60],[-33,-39],[6,-28],[60,-31],[-30,-53],[3,-36],[-25,-14],[-27,-41]],[[55802,40461],[-11,87],[-51,10],[-16,56],[-54,55],[-8,43],[-68,0],[-15,53],[-35,31],[-21,86],[-32,25],[-34,73],[-43,27],[-19,104],[-20,46]],[[55375,41157],[51,9],[25,42],[64,-12],[-6,65],[21,73],[48,25],[94,121],[65,50],[38,-8],[43,30],[41,-1],[76,53],[22,-2],[36,31],[32,-5],[20,21],[24,157],[-78,123],[-3,51],[27,35],[32,97],[44,-3],[-4,60],[30,41],[-19,40],[17,51],[33,20],[71,-23],[30,-24],[49,34],[33,-6],[-8,60],[16,11],[96,-22],[15,44],[-22,35],[46,29],[38,162],[-9,33],[37,4],[9,53],[-13,34],[17,20],[45,-5],[50,25],[31,51],[60,54],[30,80],[1,74],[14,106]],[[56784,43150],[49,-56],[60,-7],[37,-23],[60,8],[49,47],[48,84],[74,77],[26,1],[100,-49],[41,4],[45,-14],[63,-70],[91,-120],[29,-100],[47,-32],[32,-6],[52,15],[77,44],[37,-4],[15,-23],[13,-72],[19,-14],[126,-16],[23,-17],[65,-77],[109,-63],[36,-48],[90,-62],[77,-65],[25,-45],[-10,-89],[23,-78],[38,-23],[27,-48],[65,-3],[18,-12],[21,-49],[-26,-42],[-2,-139],[-81,-62],[-129,-51],[-23,-42],[3,-108],[-15,-58],[-19,-22],[-106,-61],[-24,-34],[-10,-81],[-11,-30],[-133,-126],[-46,-13],[-17,32],[6,78],[-9,28],[-44,32],[-28,-17],[-15,-51],[0,-66],[-28,-54],[-91,-73],[-80,4],[-102,37],[-63,-69],[-62,-4],[-34,-23],[-23,5],[-33,34],[-92,-106],[-20,-10],[-60,7],[-32,-8],[-50,-42],[-49,-9],[-45,30],[-109,100],[-57,21],[-56,5],[-50,-20],[-44,-34],[-111,-108],[-124,-104],[-15,-23],[-63,-8],[-96,-247],[-38,-28],[-56,-22],[-92,-16],[-103,4],[-39,25],[-36,76],[-35,1],[-24,-162],[-38,-30]],[[53653,34177],[-72,-61],[-51,-2],[-60,-61],[-49,-17],[-16,-25],[3,-39],[-21,-101],[5,-77],[-68,-18],[-18,-46],[35,-28],[1,-21],[-29,-56],[-44,-45],[-44,9],[-63,77],[-33,-9],[-26,-52],[-150,-102],[-63,-81],[-16,-39],[-9,-82],[-16,-29],[-64,23],[-47,3],[-12,-22],[18,-76],[-36,-109],[-98,-20],[-40,-71],[-56,-55],[-26,-38],[-8,-73],[34,-43],[167,-126],[13,-23]],[[51487,32389],[-7,116],[16,115],[-6,193],[12,18],[53,15],[-15,71],[-46,34],[11,62],[-55,-2],[-50,11],[-19,-52],[-48,-10],[-24,34],[54,65],[13,28],[-1,62],[21,19],[39,-12],[50,31],[29,38],[-31,35],[19,60],[31,46],[-57,14],[-20,22],[5,24],[34,18],[-33,14],[-90,-1],[-24,21],[6,51],[-101,21],[-37,25],[-23,-27],[-80,-6],[-56,13],[-23,31],[-33,1],[-1,39],[-45,18],[-47,53],[10,28],[-22,10],[-22,-28],[-29,24],[31,154],[41,43],[-14,29],[5,32],[-42,27],[29,28],[-27,-3],[-85,-57],[34,-27],[7,-32],[-41,7],[-13,-25],[-29,5],[6,30],[-29,-17],[-30,-56],[31,-1],[-13,-32],[-60,-25],[-12,-56],[17,-47],[-38,-17],[-7,-52],[-73,-9],[5,-53],[20,-30],[-21,-17],[-24,14],[-44,-1],[8,27],[-57,-2],[-27,29],[-53,-26],[10,-34],[-41,-21],[-19,-41],[-30,24],[21,64],[-4,19],[-77,41],[-9,59]],[[50191,33682],[-37,-1],[-42,15],[38,42],[59,11],[80,67],[26,13],[64,-7],[27,27],[-3,41],[-47,26],[-3,47],[99,56],[18,44],[-7,87],[-40,40],[5,18],[-31,100],[-31,45],[-12,70],[19,47],[51,50],[24,61],[-1,128],[-6,69],[-14,45],[-65,52],[-81,29],[-93,-62],[-48,20],[-20,35],[-41,111],[9,20],[39,4],[3,39],[-52,52],[2,42],[104,47],[0,44],[-66,-7],[-3,26],[61,76],[-16,30],[-60,-35],[-46,32],[-10,52],[8,144],[-11,65]],[[48843,30839],[-37,126],[18,53],[12,75],[42,41],[-12,18],[-74,31],[-12,15],[-64,-11],[-16,-48],[-26,2],[-5,61],[44,77],[-6,48],[-23,63],[-6,61],[49,76],[11,167],[-12,129],[7,71],[39,39],[17,112],[-1,76],[-21,34],[-3,49],[44,136],[29,17],[26,-9],[66,35],[-10,93],[-15,16],[-64,-19],[-111,-7],[-90,80],[-83,-1],[-53,-8],[-43,27],[-81,-7],[-31,10],[-27,70],[1,164],[10,58]],[[48332,32859],[4,32],[-45,9],[-3,51],[-18,52],[32,3],[26,-21],[30,35],[28,-4],[32,-39],[26,19],[39,-46],[25,18],[45,-16],[5,36],[-65,18],[-9,40],[23,5],[8,-28],[29,0],[13,24],[-6,52],[29,5],[24,-20],[57,29],[29,-10],[9,29],[-15,25],[45,17],[-9,-88],[31,-12],[0,49],[74,63],[-41,6],[-5,36],[35,29],[-6,-23],[42,-38],[38,-90],[56,-18],[-9,-27],[13,-43],[56,-21],[8,24],[-18,19],[-2,46],[23,-7],[59,-48],[26,5],[2,23],[-26,49],[12,17],[31,-10],[15,-60],[57,-27],[2,43],[43,7],[17,24],[-2,53],[28,39],[-33,24],[19,63],[53,-45],[30,-39],[24,33],[-8,32],[12,31],[-50,5],[-16,20],[127,33],[55,-12],[31,16],[1,19],[-61,4],[41,28],[54,-13],[59,-4],[53,27],[15,25],[80,13],[25,22],[-3,40],[-46,-20],[-17,14],[-4,63],[-28,22],[32,18],[26,-26],[45,14],[32,-29],[15,19],[-18,33],[13,25],[81,-24],[-27,42],[31,22],[46,-41],[92,10],[46,-15],[-8,-51],[43,-24],[-7,54],[40,52],[17,8]],[[41310,20163],[-78,-41],[-285,-145],[-337,-169],[-108,-50],[-83,-24],[-80,-4],[-78,19],[-171,19],[-148,11],[-39,11],[-25,46],[-54,77],[-49,89],[-17,43],[-66,122],[-9,32],[-55,93],[-45,97],[-22,152],[-3,219],[-46,79],[-131,152],[-119,133],[-146,155],[-131,62],[-83,15],[-124,-9],[-78,-21],[-111,-39],[-95,-21],[-172,-44],[-120,-124],[-59,-90],[-76,-92],[-88,-77],[-297,-222],[-110,-150]],[[37572,20467],[-158,97],[-72,37],[-133,31],[-87,35],[-86,87],[-51,69],[-139,50],[-37,35],[-71,110],[-25,68],[-82,108],[-100,112],[-177,270],[-23,68],[-33,52],[-82,153],[12,68],[-19,70],[3,30],[-25,-16],[19,65],[19,12],[43,73],[-51,80],[-12,68],[-24,24],[-18,44],[19,58],[-20,39],[20,42],[-28,-3],[-45,19],[-11,23],[-22,124],[11,51],[21,39],[-12,19],[19,39],[0,48],[-17,33],[-10,64],[-47,4],[-33,26],[-12,31],[16,27],[-41,1],[-90,23],[-42,89]],[[35839,23163],[133,-17],[90,-24],[72,48],[30,71],[45,30],[59,-5],[24,8],[4,29],[-45,99],[3,26],[51,-2],[29,-28],[83,-106],[48,-15],[81,33],[71,59],[80,52],[23,71],[-2,133],[8,42],[26,21],[51,17],[46,61],[3,53],[29,27],[37,7],[93,-78],[48,-22],[45,38],[11,61],[37,40],[-9,46],[68,96],[48,47],[75,56],[-13,41],[-87,23],[-55,23],[-19,63],[14,38],[52,63],[49,42],[52,27],[74,0],[61,15],[60,-2],[155,11],[41,22],[51,87],[12,54],[-10,64],[-25,35],[-93,85],[-13,51],[34,21],[35,-37],[37,3],[20,28],[-9,44],[18,32],[25,-17],[46,-59],[29,-6],[53,20],[72,-35],[50,-6],[61,34],[12,43],[-29,63],[-58,87],[-39,43],[7,49],[38,18],[85,23],[94,14],[21,-5],[42,-57],[22,-53],[50,-71],[31,2],[23,25],[23,54],[36,151],[35,79],[-5,77],[-22,30],[-100,86],[-36,53],[-44,38],[-60,36],[-2,45],[58,67],[76,29],[18,22],[186,-59],[47,-9],[58,6],[33,18],[10,47],[68,19],[24,24],[-26,120],[1,38],[72,31],[65,-10],[47,28],[77,83]],[[34740,22183],[-51,38],[5,30],[31,55],[19,69],[-3,46],[-18,63],[52,-30],[57,-57],[51,-31]],[[34883,22366],[43,-54],[23,-74],[21,-27],[62,-9],[105,-31],[17,-25],[-48,-86],[-13,-74],[-18,-46],[12,-59],[-12,-60],[-33,-31],[-46,-6],[-38,23],[-21,55],[-3,125],[-11,28],[-34,20],[-13,43],[-67,66],[-69,39]],[[35433,22881],[77,-72],[106,-156],[47,-35],[45,5],[59,57],[49,37],[49,-3],[1,-31],[-20,-61],[-12,-70],[-11,-145],[-17,-39],[-42,-32],[-42,5],[-32,24],[-36,61],[-34,27],[-39,-4],[-60,-37],[-11,-21],[15,-62],[-6,-44],[-39,-19],[-92,24],[-95,2],[-48,-26],[-29,122]],[[35216,22388],[-12,171],[-22,71],[-38,51],[-105,234],[-51,83],[-33,68],[4,28],[26,23],[63,15],[14,-7],[82,-137],[17,-69],[18,-19],[103,-6],[73,24],[29,-5],[49,-32]],[[35839,23163],[-7,7]],[[35832,23170],[-71,73],[-83,31],[-121,23],[-55,-10],[-85,2],[-80,18],[-90,41],[3,18],[78,93],[-1,22],[-186,40],[-56,5],[-176,39],[-68,2],[-116,-6],[-155,-42],[-34,-25],[-31,-74],[-31,-34],[-78,-9],[-123,-3]],[[48332,32859],[-17,-16],[-46,3],[-24,-18],[-58,12],[-26,-20],[-7,-47],[34,15],[5,-55],[-63,-10],[8,-40],[-28,-28],[-17,40],[-37,-20],[9,-41],[-51,-16],[-24,16],[-41,-10],[-30,8],[-26,56],[-21,4],[-47,-44],[7,-66],[-11,-41],[-41,-62],[-23,-12],[-28,33],[-41,17],[10,71],[-40,44],[-28,-10],[-1,-45],[-21,-36],[-57,27],[-5,-59],[-33,-11],[9,-31],[-30,-22],[7,-26],[-56,0],[14,-37],[-14,-40],[12,-25],[-37,-26],[2,-28],[-45,0],[-27,-28],[7,-45],[-58,8],[9,-44],[-30,-8],[-11,45],[-32,39],[24,19],[-21,44],[1,38],[-76,12],[-25,-27],[-22,4],[-6,33],[-25,-10],[-18,-41],[-32,18],[-29,-35],[7,-65],[-17,-51],[-33,-30],[40,-17],[-25,-23],[-12,-39],[-60,-49],[-19,-27],[-9,-98],[-10,-15],[-48,-5],[-31,-46],[-78,30],[11,31],[-9,27],[-103,10],[-60,12],[-25,42],[45,89],[-36,32]],[[46930,33865],[85,13],[25,24],[4,42],[-37,26],[2,24],[32,3],[64,-35],[31,54],[-18,11],[-40,-14],[-4,17],[38,24],[62,8],[5,-28],[-27,-45],[3,-27],[35,19],[17,54],[20,16],[63,-46],[-1,-46],[42,0],[44,-38],[-19,-10],[-51,16],[-7,-37],[35,-27],[39,-6],[126,10],[20,-23],[29,11],[34,80],[25,-10],[-17,-59],[6,-22],[34,7],[68,31],[88,-16],[24,3],[49,43],[24,-27],[32,14],[-2,36],[-43,6],[-17,22],[15,26],[78,-14],[33,1],[33,71],[0,30],[-21,24],[53,19],[36,25],[-5,51],[-48,-14],[16,54],[50,12],[19,38],[-75,-17],[-51,32],[-24,-7],[22,73],[55,19],[43,-37],[5,18]],[[55802,40461],[-61,-48],[-125,-119],[-36,-45],[-76,-69],[-121,-66],[-35,-35],[-34,-89],[-23,-11],[-95,7],[-23,-178],[30,-140],[-48,-4],[-32,23],[-34,-5],[4,-86],[-4,-99],[13,-31]],[[55257,41080],[27,50],[28,28],[32,8],[31,-9]],[[54865,44755],[17,-51],[148,-105],[117,-95],[144,72],[48,-10],[61,18],[83,4],[73,98],[35,70],[-17,93],[19,60],[79,25],[78,50],[65,7],[14,-62],[-24,-86],[-27,-66],[-82,-145],[-23,-58],[-47,-179],[16,-128],[32,-59],[30,-27],[24,-43],[3,-41],[-28,-59],[-44,-42],[-37,-57],[-28,-73],[4,-74],[19,-118],[18,-58],[39,-43],[75,-65],[10,-42],[-16,-70],[9,-57],[22,-53],[47,-40],[92,-16],[90,-1],[17,-11],[55,14],[152,10],[79,59],[68,0],[85,-17],[82,-35],[25,-18],[33,-58],[35,-20],[99,11],[51,-14]],[[34112,5441],[-26,-85],[-41,-51],[-118,-67],[-70,-31],[-43,-1],[-15,-25],[15,-58],[15,-18],[89,-4],[37,-16],[-21,-32],[-91,-31],[-113,-106],[-56,-92],[-3,-27],[114,-55],[21,-21],[4,-34],[-31,-15],[-31,-46],[-8,-172],[-28,-12],[-31,61],[-35,43],[-22,7],[-25,-21],[11,-53],[93,-113],[1,-34],[-67,-55],[-12,-19],[45,-35],[18,-34],[-49,-65],[-33,-19],[-17,55],[-22,2],[-33,-32],[-77,-55],[-20,-22],[-71,-51],[-47,-46],[-26,-12],[-59,-59],[-39,-105],[-30,-11],[-38,7],[-19,-108],[-27,-51],[-16,-162],[-17,-29],[-26,-121],[8,-47],[1,-73],[-22,-63],[11,-63],[76,-173],[-9,-104]],[[33087,2782],[-124,-89],[-104,-64],[-53,-16],[-58,3],[-63,55],[-43,79],[-10,38],[-74,145],[-50,15],[-66,-38],[-53,-46],[-33,-56],[-33,-128],[0,-39],[-30,-84],[-24,-40],[-61,-3],[-19,13],[-30,98],[-18,106],[-20,187],[5,57],[-23,44],[-138,-41],[-79,-29],[-34,-48]],[[31852,2901],[-47,70],[-36,181],[-10,74],[-29,85],[-24,47],[-107,8],[-118,2],[-100,-4],[-105,-11],[-99,-22],[-39,-42],[-36,-6],[-71,3],[-63,16],[-142,51],[-56,32],[-38,-1],[-70,35],[-38,39],[-11,-22],[-47,11],[-5,33],[46,71],[21,85],[-31,24],[-71,-19],[-41,-46],[-29,-17],[-28,49],[-18,64],[-10,132],[16,93],[-9,74],[-47,36],[-4,39],[24,159],[25,11],[-9,42],[-64,1],[-13,51],[-46,130],[38,57],[-29,101],[-20,42],[-64,32],[-9,42],[41,32],[18,54],[-14,54],[10,94],[20,65],[-2,34],[-76,59],[-7,22],[16,80]],[[30195,5227],[31,22],[80,85],[54,41],[68,25],[42,-14],[45,16],[9,22],[-1,76],[53,87],[8,33],[-13,44],[12,8],[50,-49],[50,48],[14,43],[22,13],[0,76],[20,-2],[3,-46],[47,-55],[12,54],[19,35],[47,41],[29,39],[63,-31],[63,4],[38,-13],[18,-54],[28,-9],[101,59],[90,45],[72,21],[16,24],[-8,31],[-23,10],[-4,28],[61,16],[28,23],[97,7],[15,-22],[-9,-102],[52,-15],[-13,-47],[28,-29],[4,-30],[-44,-106],[4,-42],[26,-36],[27,-13],[122,5],[-4,66],[50,6],[94,-51],[81,-1],[42,-16],[70,2],[40,28],[33,63],[12,53],[20,43],[-17,37],[-31,10],[-24,27],[-72,38],[-15,27],[-3,65],[-22,51],[-58,56],[-17,49],[7,83],[-6,43],[-18,-18],[-42,-10],[-46,14],[-57,31],[-17,40],[-106,35],[-59,36],[-70,94],[-75,51],[-69,39],[-24,-37],[-33,30],[11,34],[-41,20],[-27,26],[-42,88],[-23,28],[-43,25],[-47,11],[-28,20],[-16,50],[44,-7],[54,19],[33,22],[86,77],[64,46],[115,118],[-1,30],[-20,12],[-51,-17],[-52,-29],[-29,-2],[-24,27],[-42,21],[20,34],[69,40],[71,28],[7,48],[35,2],[47,29],[64,14],[59,30],[-3,31],[-42,25],[15,27],[52,18],[52,41],[31,55],[12,69]],[[31722,7687],[29,-5],[89,-56],[56,-12],[-24,-88],[9,-71],[35,-20],[64,12],[103,40],[68,21],[55,-1],[47,19],[86,21],[17,36],[-13,77],[2,65],[62,-30],[78,52],[53,18],[66,100],[62,26]],[[32666,7891],[0,-68],[11,-88],[7,-206],[18,-252],[1,-111],[24,-104],[41,-57],[113,-93],[72,-44],[72,-22],[72,-36],[52,-57],[6,-82],[23,-36],[103,-75],[48,-43],[12,-44],[-15,-76],[39,-13],[60,-38],[28,-40],[44,-110],[32,-19],[36,3],[112,40],[37,6],[129,-12],[64,2],[26,11],[46,44],[0,-103],[65,-77],[25,-47],[7,-83],[41,-58],[5,-45],[-28,-148],[-48,-46],[-7,-44],[-21,-31],[4,-27],[32,-36],[46,-21],[12,-64]],[[24832,5866],[-25,42],[5,42],[-14,27],[1,73],[-28,14],[52,44],[65,87],[16,42],[10,89],[16,43],[-12,57],[-31,7],[41,20],[169,13]],[[25097,6466],[4,-79],[-6,-129],[-20,-40],[-5,-48],[19,-38],[-5,-61],[-37,-30],[-7,-46],[-46,-20],[-32,-57],[-56,-26],[-30,-3],[-44,-23]],[[28746,17700],[-41,-80],[-34,-41],[-94,-91],[11,-68],[-6,-39],[-61,-32],[6,-93],[199,-148],[41,-58],[50,-49],[92,-77],[51,-28]],[[28960,16896],[-39,-69],[-9,-79],[-67,-45],[-27,-62],[-35,-37],[-82,2],[-32,-9],[-118,16],[-54,-49],[-91,-25],[-5,-68],[32,-30],[91,-40],[60,-11],[29,-38],[28,5],[16,-29],[26,-133],[-41,-43],[-117,-15],[-57,-15],[-38,-27],[-3,-46],[20,-49],[41,-51],[-5,-38],[-37,-34],[-42,-2],[-47,-41],[-59,-6],[-66,-63],[-30,-51],[-85,-105],[-22,-57],[15,-83],[33,-115],[23,-40],[-5,-62],[11,-38],[33,-42],[13,-66],[-23,-97],[-28,-84],[-66,-26],[2,-64],[33,-96],[75,-40],[26,-40],[0,-66],[-64,-85],[-23,-56],[-60,-49],[-13,-33],[-46,-59],[-43,-31]],[[27988,14280],[-32,4],[-14,30],[-51,-1],[-107,-26],[-16,-20],[2,-44],[23,-22],[-17,-28],[-48,9],[-15,19],[-23,-14],[-52,11],[-30,-12],[-11,-24],[-37,-4],[-35,17],[-41,-46],[-40,-29],[-63,-5],[-41,27],[-47,-23],[-16,-24],[-17,-77],[16,-43],[-5,-89],[64,-187],[-6,-46],[-39,-53],[-37,-105],[-3,-96],[-19,-77],[-61,-78],[-23,-51],[-34,-22],[-21,-47],[-35,-107],[-24,-27],[-42,14],[-93,45],[-77,-18],[-78,-4],[-18,-25],[-13,-134],[-2,-78],[7,-66],[29,-74],[12,-59],[-20,-83],[-27,-68],[-17,-88],[-6,-111],[-16,-78],[-59,-124],[-62,-71],[-117,-103],[-40,-74]],[[25433,18461],[66,-49],[56,-57],[78,-16],[45,-33],[15,-54],[68,-31],[32,-27],[49,1],[89,-29],[34,-36],[30,-62],[97,43],[31,-20],[12,-72],[51,3],[20,86],[37,38],[50,-1],[68,-20],[119,-67],[15,-39],[73,-12],[34,-57],[34,-10],[73,-53],[38,-55],[118,-23],[110,16],[76,-24],[83,-7],[80,21],[42,37],[38,3],[20,-13],[36,-58],[33,-35],[144,-15],[155,-1],[153,10],[96,-6],[129,15],[99,30],[48,37],[25,5],[78,-25],[115,-75],[59,-19],[145,-2],[45,3],[72,-6]],[[25414,5858],[-24,8],[-130,2],[-22,-75],[-58,-45],[-47,6],[-44,-25]],[[25089,5729],[-19,31],[-36,-24],[5,-15],[-48,-32],[-11,21],[-34,-14],[-58,35],[-35,43],[-3,27],[-28,-4],[-8,46]],[[24814,5843],[18,23]],[[25097,6466],[115,19]],[[25212,6485],[148,-12],[89,9],[78,-19],[3,-24],[107,-105],[-25,-16],[-54,-14],[-56,-43],[0,-57],[33,-51],[54,-36],[99,-19],[-30,-50],[-18,-99],[-23,14],[-170,-4],[-33,-101]],[[37572,20467],[-95,-102],[-198,-331],[-100,-288],[-128,-359],[-109,-323],[-33,-67],[-323,-265],[-116,-210],[-184,-279],[-119,-118],[-81,-94],[-170,-151]],[[35916,17880],[-196,168],[-86,41],[-120,65],[-72,31],[-105,26],[-66,42],[-144,137],[-189,137],[62,99],[39,84],[19,90],[-20,28],[-45,1],[-48,-36],[-191,-2],[-145,-8],[-97,87],[-83,11],[-150,10],[-105,25],[-39,20],[-56,46],[-106,133],[-101,165],[-13,33],[-82,127],[31,94],[72,142],[15,39],[0,48],[20,-9],[42,29],[22,48],[95,31],[-66,79],[-21,37],[-80,-22],[-73,79],[-5,44],[34,58],[3,21],[-60,41],[-31,43],[-28,75],[-68,83],[-11,23],[-11,77],[-36,76],[-2,33],[-41,85],[-8,43],[-24,20],[-23,114],[20,30],[-1,52],[-22,66],[-52,27],[3,15],[49,24],[45,51],[-8,12]],[[33557,21148],[37,17],[18,29],[-11,85],[-13,41],[38,107],[-15,80],[5,14],[102,116],[47,16],[85,14],[46,13],[37,38],[108,19],[31,51],[81,0],[91,112],[36,65],[79,37],[61,-48],[107,-33],[54,-10],[12,13],[36,104],[30,54],[52,57],[9,36],[20,8]],[[34883,22366],[27,72],[12,60],[55,-5],[39,-43],[63,-50],[89,10],[48,-22]],[[35433,22881],[59,13],[32,21],[34,71],[52,82],[68,44],[68,3],[86,55]],[[31257,7859],[6,-36],[36,-62],[58,-72],[6,-36],[-17,-27],[-77,-22],[-74,-11],[-8,-15],[24,-90],[10,-75],[-16,-47],[-54,-63],[-30,1],[-12,52],[-61,61],[-25,55],[-50,40],[-31,-2],[-5,-39],[61,-55],[20,-45],[4,-53],[-26,-46],[-27,32],[-16,-57],[-47,-10],[-2,-38],[-48,19],[-49,-12],[-72,0],[-47,27],[-10,48],[-19,23],[-62,-4],[-38,-21],[-67,-4],[-35,-36],[-41,25],[-52,-3],[-42,39],[-50,-4],[-32,21],[-38,75],[-19,54],[-28,53]],[[30155,7499],[-84,107],[-4,43],[44,75],[33,102],[5,43]],[[30149,7869],[-29,115],[-52,91],[-29,89],[-38,61],[-51,133],[0,98],[48,68],[8,39],[-21,146],[1,95],[39,73],[28,23],[118,54],[71,21],[80,9],[25,23],[-23,45],[-29,89]],[[30295,9141],[31,-11],[114,-11],[102,-49],[19,-22],[25,-126],[59,-75],[57,-52],[98,-56],[266,-134],[68,-39]],[[31134,8566],[25,-48],[75,-96],[19,-34],[-6,-30],[-28,-34],[-5,-31],[56,-80],[24,-50],[-9,-29],[-33,-18],[-94,12],[-60,58],[-12,33],[-21,5],[48,-141],[33,-59],[88,-49],[19,-36],[4,-80]],[[32481,23298],[17,-152],[0,-109],[9,-195],[10,-118],[-9,-138],[-17,-43],[-78,54],[-63,36],[-37,-86],[-86,-182],[-26,-99],[-125,-34],[-9,-29],[27,-35],[40,-83],[65,1],[67,38],[148,-16],[0,-41],[25,-127],[4,-78],[-15,-97],[12,-42],[63,-63],[15,-45]],[[32518,21615],[-49,33],[-87,-29],[-52,-31],[-111,65],[-54,9],[-105,42],[-93,15],[-43,17],[-69,48],[-52,21],[-56,10],[-70,-6],[-66,11],[-68,30],[-36,28],[-101,44],[-69,19],[-56,4],[-116,-15],[-118,9],[-127,29],[-59,1],[-89,-20],[-79,-34],[-136,-109],[-71,-24],[-102,-42],[-101,-6],[-42,13],[-169,26],[-11,-31],[0,-89],[-28,-260],[-19,-231],[13,-258],[-5,-65],[-92,32],[11,-53],[-43,-15],[-144,5]],[[29754,20808],[-18,23],[-44,21],[-42,-5],[-15,-37],[-48,-14],[-19,12],[-22,48],[-184,19],[-24,-3],[-20,-38],[-57,4],[-11,22]],[[29250,20860],[-14,34],[-89,158],[-35,35],[-128,-1],[-28,49],[-95,-4],[-78,-54],[-76,18],[-86,2],[-99,-25],[-109,81]],[[28407,14043],[-10,-32],[31,-90],[17,-72],[5,-59],[-5,-64],[-34,-82],[-104,-140],[-45,-72],[9,-51],[39,-12],[70,-6],[2,-38],[-28,-86],[-32,-164],[-71,-69],[-2,-22],[21,-145],[-20,-36],[31,-52],[5,-66],[36,3],[8,46],[26,58],[33,-16],[2,-146],[16,-49],[25,-34],[50,-36],[50,-9],[166,-155],[31,-15],[86,-9],[34,-54],[6,-76],[-5,-92],[40,-67],[414,-470],[122,-168],[39,-49],[61,-16],[95,-3],[115,9],[77,25],[45,-53],[27,-3]],[[29885,11306],[-17,-101],[-41,-69],[-112,-157],[1,-53],[38,-50],[71,-66],[36,-43],[190,-137],[42,-123],[7,-58],[0,-85],[-15,-41],[-25,-18],[-53,-15],[-28,-37],[0,-81],[32,-84],[31,-55],[58,-41],[225,-129],[98,-50],[163,-55],[43,-19],[-12,-56],[-23,-30],[-144,-69],[-154,-52],[-54,-34],[-48,-74],[-2,-58],[56,-97],[47,-128]],[[30149,7869],[-89,-35],[-64,-7],[-151,1],[-31,8],[-32,31],[-55,-10],[-82,42],[-70,-18],[-122,24],[-53,53],[-71,120],[-50,99],[-32,79],[-58,116],[-60,59],[-124,92],[-106,69],[-59,17],[-89,-4],[-49,-51],[-67,-114],[-66,-15],[-50,1],[-1,-58],[-36,-98],[-18,-22],[-77,-54],[-3,-68],[33,-87],[-29,-63],[9,-36],[-12,-35],[-65,-39],[-63,-111],[-52,-22],[-33,-39],[-36,-103],[-39,-60],[-58,-55],[1,-43],[28,-76],[-15,-131],[-35,-224],[-35,-116],[-43,-35],[-81,-9],[-37,-11],[-38,-27],[-85,-78],[-43,-109],[-51,-172],[-10,-19],[-41,2],[-172,69],[-39,9],[-39,-6],[-72,-67],[-135,-152],[-33,-19],[-81,9],[-146,60],[-19,16]],[[26818,6347],[-12,70],[-3,169],[-20,114],[-71,106],[-79,58],[-38,43],[-127,77],[-298,166],[-170,15],[-12,8],[-11,57],[-124,85],[-20,24],[40,64],[-6,30],[5,76],[28,57],[57,69],[-4,44],[71,67],[34,72],[12,81],[57,28],[15,-29],[34,42],[31,104],[53,164],[-13,59],[30,70],[25,108],[46,122],[41,55],[4,36],[-33,99],[-28,112],[-1,87],[-18,144],[-4,152],[6,101],[-36,112],[-9,79],[-21,42],[-81,-19],[-146,6]],[[27988,14280],[-25,-36],[22,-93],[119,-54],[103,-96],[65,7],[99,37],[36,-2]],[[29250,20860],[-10,-12],[5,-51],[85,-120],[17,-47],[70,-69],[40,-61],[19,-66],[32,-69],[16,-60],[5,-113],[-38,-56],[-16,-38],[-17,-121],[5,-38],[53,-68],[32,-53],[7,-67],[-38,-6],[-38,-34],[-51,-66],[-50,-17],[-92,-2],[4,39],[-81,45],[-7,-67],[29,-80],[8,-116],[11,-28],[11,-80],[-3,-102],[-47,6],[-48,-116],[-59,-28],[-43,-76],[34,-18],[-18,-16],[-11,-80],[-54,8],[-3,-47],[-42,-39],[6,-78],[-2,-89],[-38,-80],[-44,-55],[-4,-47],[22,-40],[-41,-14],[-30,-34],[-64,-123],[10,-29],[65,-37],[51,-48],[30,-12],[58,29],[11,-64],[-33,-47],[-112,35],[-25,-30],[-10,-66],[-46,-89],[-25,-213]],[[33557,21148],[-93,-17],[-43,7],[-55,30],[-94,74],[-28,-16],[-72,-86],[-30,-11],[-70,97],[-13,51],[6,29]],[[33065,21306],[2,20],[-43,66],[-84,112],[-72,69],[-39,27],[-52,7],[-100,-34],[-42,-3],[-27,12],[-26,73],[-31,-35],[-33,-5]],[[31551,20081],[29,-33],[16,-62],[3,-58],[58,-35],[14,-47],[66,-3],[44,10],[42,-27],[27,19],[45,-2],[16,28],[40,10],[-26,-39],[-15,-74],[11,-25],[76,-103],[31,-51],[31,-20],[108,-18],[17,-45],[19,1],[10,-84],[63,-43],[-5,-44],[-61,-16],[-49,8],[-16,-44],[-26,13],[-9,-106],[-39,-33],[-18,-120],[-33,-45],[16,-15],[-26,-31],[-3,-96],[-25,-5],[-5,-30],[15,-49],[33,-29],[93,-10],[14,-17],[-3,-77],[15,-35],[186,32],[34,-30],[-26,-50],[-38,-49],[-33,-66],[10,-42],[90,-98],[-115,-197],[-50,-47],[-47,-26],[-16,-90],[-20,-175],[28,-59],[82,-68],[132,-118],[169,-126],[93,-40],[64,-40],[150,-57],[71,-13],[123,6],[90,38],[113,2],[70,-9],[78,-24],[135,-85],[94,7],[75,-9],[129,-26],[189,-70],[125,-37],[155,-111],[56,-47],[86,-45],[103,-37],[104,-25],[57,-25],[63,-67],[57,-48],[71,-25],[86,-19]],[[34967,16584],[-90,-240],[-39,-362],[-11,-211],[-21,-137],[-41,-241],[-7,-85],[15,-62],[81,-222],[60,-61],[211,-101],[71,-41],[39,-11],[26,-23],[276,-136],[90,-37],[93,-56],[86,-75],[116,-122],[92,-68],[83,-38],[163,-46],[96,-9],[157,8],[147,23],[283,56],[167,3],[90,-18],[75,-30],[175,-105],[71,-86],[43,-180],[22,-134],[-32,-264],[13,-285],[-4,-126],[-46,-210],[-9,-79],[3,-68],[22,-89],[8,-69],[-54,-249],[-57,-139],[-73,-126]],[[37357,12033],[-61,45],[-153,15],[-105,38],[-73,40],[-89,41],[-159,22],[-100,4],[-55,24],[-145,17],[-102,27],[-52,24],[-78,23],[-126,6],[-190,-19],[-195,5],[-89,9],[-118,30],[-133,-9],[-98,12],[-60,-35],[-70,-25],[-49,7],[-70,27],[-163,23],[-153,4],[-118,10],[-100,-5],[-179,23],[-122,27],[-90,12],[-228,22],[-80,34],[-61,-13],[-191,-51],[-119,-12],[-108,1],[-110,27],[-62,32],[-5,11],[31,69],[0,20],[-47,17],[-22,-44],[-31,13],[-10,39],[32,163],[-176,27],[-81,190],[-58,121],[-31,20],[-93,28],[0,89],[-20,111],[-21,90],[-15,15],[-59,109],[-20,67],[-17,-3],[-62,-44],[-116,-70],[-95,-42]],[[32187,13491],[20,139],[-12,84],[-15,38],[-42,61],[-22,60],[-8,56],[-28,83],[-27,49],[-40,47],[-89,68],[-96,53],[-27,-15],[-54,35],[-102,11],[-164,-1],[-168,21],[-72,5],[-150,19],[-78,23],[-178,38],[-90,3],[-56,-15],[-55,21],[-105,24],[-66,-6],[-80,35],[-113,0],[-64,14]],[[30206,14441],[0,40],[-45,12],[-57,2],[-52,18],[-122,55],[-6,115],[35,55],[26,101],[20,96],[31,118],[11,82],[37,61],[6,26],[-42,120],[-1,36],[20,78],[3,69],[17,114],[42,89],[-51,24],[44,15],[34,32],[104,188],[55,167],[14,18],[99,46],[64,71],[50,86],[24,65],[10,93],[-7,63],[-36,100],[-37,38],[-33,60],[-22,75],[-52,56],[-92,52],[-69,48],[-18,61],[-39,2],[22,60],[1,45],[-33,31],[-35,52],[-83,2],[-45,9],[-66,35],[-25,-33],[-124,29],[-41,29],[-41,-4],[-45,43],[-75,33],[-58,-32]],[[29523,17387],[-23,30],[-6,84],[34,76],[81,91],[27,71],[1,59],[12,69],[19,36],[149,105],[70,18],[82,-20],[64,-2],[73,25],[52,60],[10,34],[-23,46],[-53,30],[-115,157],[-9,55],[-34,82],[-28,39],[-19,90],[-23,63],[40,35],[84,12],[26,16],[33,44],[77,49],[40,62],[5,75],[-17,67],[-43,87],[7,62],[19,29],[50,35],[21,-19],[48,-9],[162,-3],[59,12],[70,4],[58,55],[44,-1],[66,12],[53,42],[7,66],[-82,131],[-59,83]],[[30632,19631],[100,80],[60,66],[35,19],[85,-5],[86,-34],[34,-6],[79,35],[72,41],[51,107],[61,77],[35,75],[22,19],[71,-13],[87,10],[41,-21]],[[25414,5858],[61,-24],[70,-62],[11,-23],[-37,-19],[51,-58],[31,-20],[-14,-50],[-35,-26],[-51,-9],[13,-30],[-23,-37],[-27,5],[-41,34],[5,-47],[-52,-12],[2,-24],[-96,-34],[-14,-15],[4,-49]],[[25272,5358],[-52,-24],[-18,13],[-37,77],[-24,-8],[6,-41],[-8,-45],[-47,69]],[[25092,5399],[-44,30],[-20,158],[43,21],[34,90],[-16,31]],[[29754,20808],[28,-122],[17,-48],[55,-94],[25,-19],[32,15],[36,-34],[5,-28],[-16,-62],[117,-153],[73,-111],[20,-51],[11,-73],[-3,-77],[87,-41],[49,-35],[49,12],[34,-22],[-15,-73],[16,-7],[72,8],[69,-37],[24,-78],[93,-47]],[[29523,17387],[-81,3],[-88,-67],[-81,-84],[-28,25],[-49,-18],[-23,33],[-32,-8],[-20,-29],[41,-26],[3,-33],[-34,-34],[-41,-81],[0,-15],[46,-49],[6,-45],[-34,-22],[-79,6],[-25,-17],[7,-21],[92,-19],[-38,-15],[-105,25]],[[26818,6347],[21,-151],[10,-107],[16,-79],[27,-74],[91,-200],[53,-137],[26,-95],[12,-90],[-6,-20],[-39,-14],[-103,18],[-108,43],[-67,48],[-51,118],[-53,43],[-39,13],[-120,-2],[9,-32],[-13,-68],[3,-44],[16,-49],[1,-50],[15,-69]],[[26519,5349],[-64,-41],[-18,-3],[-61,31],[-49,-16],[-85,36],[-44,-28],[-78,7],[-39,-37],[-24,-2],[-20,22],[-202,72],[-52,-3],[-53,-27],[-9,38],[-45,60],[-36,4],[-26,45],[-40,-13],[-29,-48],[-32,-18],[-48,-75],[-58,-11],[-23,51],[-34,14],[-78,-49]],[[25212,6485],[-30,70],[-39,55],[-54,132],[-71,107],[-32,-1],[-50,16],[-33,29],[-77,-10],[-80,20]],[[25932,4780],[19,-20],[-3,-31],[18,-59],[-7,-21],[-49,-24],[-38,0],[-18,46],[15,34],[-12,36],[13,25],[30,-5],[32,19]],[[25683,4765],[79,-11],[7,-38],[45,-30],[31,-71],[24,-28],[-10,-65],[-32,-53],[-29,-23],[-38,-6],[-40,25],[-17,32],[-66,36],[-35,48],[19,54],[-29,9],[-46,-69],[-31,22],[-54,-24],[-11,21],[10,41],[-27,56],[-12,89],[44,50],[42,21],[39,-7],[23,-24],[29,-54],[85,-1]],[[26021,4797],[-19,-31],[-101,118],[40,-7],[29,-37],[51,-43]],[[25256,4817],[-43,0],[-19,15],[-10,42],[9,25],[72,-62],[-9,-20]],[[25718,4800],[-18,-17],[-77,5],[-16,12],[-18,51],[-101,51],[3,27],[23,4],[58,92],[11,3],[31,-127],[47,-15],[29,-28],[28,-58]],[[25279,5218],[58,-79],[5,-19],[-35,-208],[-10,-15],[-35,8],[-39,58],[-29,96],[-12,83],[16,63],[45,-19],[10,32],[26,0]],[[25504,4972],[-15,-5],[-42,53],[-19,56],[20,45],[29,25],[72,25],[108,72],[31,-1],[46,-75],[-128,-88],[-76,-14],[-26,-93]],[[26008,5274],[27,-17],[45,5],[26,-43],[-18,-47],[-46,-53],[-22,4],[-16,40],[-24,12],[-92,-24],[-37,-26],[-64,-78],[-50,-39],[-25,-5],[-37,46],[-5,36],[39,6],[24,33],[73,43],[73,105],[69,37],[32,0],[28,-35]],[[25880,5351],[12,-22],[-66,-66],[-33,-66],[-56,11],[5,52],[-48,51],[-13,27],[48,-4],[15,19],[77,17],[59,-19]],[[25594,5405],[51,-40],[-3,-44],[-120,-48],[-27,-19],[-8,-36],[-24,-20],[-55,26],[-18,20],[-9,62],[27,21],[35,-27],[56,15],[10,29],[41,45],[44,16]],[[25666,5404],[-31,6],[-13,29],[-41,11],[16,19],[43,-27],[26,-38]],[[31462,9718],[-22,-67],[-31,-12],[-14,-40],[-4,-56],[33,-44],[2,-50],[26,-51],[32,-15],[-25,-57],[-72,-64],[-62,-65],[-60,-80],[-73,-79],[2,-26],[41,-45],[-28,-150],[-12,-36],[-54,-83],[-7,-132]],[[29885,11306],[77,80],[28,-26],[11,54],[38,18],[35,0],[20,102],[36,100],[33,69],[15,7],[76,104],[64,50],[80,-45],[65,-59],[50,-67]],[[30513,11693],[48,-89],[4,-57],[78,-2],[125,20],[96,44],[21,44],[34,-26],[54,-16],[5,-28],[-49,-25],[-29,0],[-104,-64],[7,-34],[-35,-55],[33,-16],[-7,-49],[-30,0],[2,-44],[-18,-60],[-31,-33],[-15,-41],[-9,-97],[2,-45],[-38,-49],[-82,-19],[-21,-29],[2,-28],[38,-44],[38,-18],[30,2],[27,34],[15,-21],[13,-65],[31,-24],[16,-53],[28,-23],[68,-8],[23,-29],[-18,-16],[-65,-26],[-51,-10],[1,-60],[21,-20],[71,-37],[82,-26],[6,-46],[28,-67],[4,-31],[-11,-87],[43,-29],[25,-44],[-4,-44],[-22,-31],[-64,-23],[-3,-24],[60,-6],[18,29],[38,8],[52,-56],[55,-22],[32,-30],[6,-31],[77,-95],[21,28],[23,-38],[50,10],[28,-9],[76,-95]],[[33993,9111],[-17,-3],[-125,26],[-17,-2],[-76,59],[-43,22],[-44,7],[-1,18],[-42,0],[-74,-30],[-17,-42],[-30,-152],[59,0],[9,-43],[3,-121],[-12,-103],[-21,-26],[-3,-57],[11,-17],[89,-85],[27,-38],[99,-77],[62,-28],[-19,-27],[58,-7],[35,-29],[18,-33],[-33,-80],[52,-10],[41,26],[31,-31],[41,2],[0,-69],[28,-36],[2,-42],[38,-52],[132,-123],[23,-225],[-7,-109],[32,-97],[13,-158],[37,-117],[20,-37],[-8,-30],[32,-46],[34,-69],[15,-46],[5,-69],[-29,-77],[-14,-61],[17,-86],[31,-39],[60,-95],[63,-83],[27,-46],[63,-65],[23,-70],[1,-82],[28,-37],[2,-75],[-12,-178],[31,-67]],[[34741,5844],[-113,-135],[-82,-5],[-62,-36],[-26,14],[-31,-8],[-56,-88],[-103,-69],[-36,-35],[-120,-41]],[[32666,7891],[2,67],[-14,43],[-9,141],[-1,120],[-12,113],[-33,94],[-52,111],[-45,72],[-60,73],[-31,64],[-45,131],[-20,69],[-11,103],[11,93],[10,41],[6,79],[21,139],[39,149],[-4,42],[-24,83],[-74,161]],[[32320,9879],[-5,144],[38,24],[61,5],[46,-7],[-4,67],[38,3],[236,-226],[31,-24],[26,2],[4,41],[31,2],[-1,35],[64,4],[4,36],[45,0],[-6,82],[54,-32],[56,-57],[22,54],[28,-36],[8,17],[-31,25],[2,26],[-48,80],[136,-25],[38,20],[50,111],[-48,32],[-8,117],[23,23],[70,-22],[86,-18],[78,-24],[27,31],[72,-47],[66,-13],[78,38],[58,2],[24,-22],[26,-51],[-4,-88],[26,-71],[62,12],[59,-34],[30,-36],[31,63],[35,20],[44,-50],[33,-3],[71,-25],[33,-66],[44,-6],[20,-65],[1,-69],[-71,-17],[-36,38],[-59,4],[2,-22],[-23,-34],[-30,-151],[-29,-38],[8,-34],[30,-26],[39,-148],[-63,-38],[-84,-5],[-68,6],[3,-51],[18,-52],[69,-93],[14,-42],[-7,-64]],[[30206,14441],[-107,1],[-198,-45],[-93,-14],[-73,-37],[-54,-70],[-136,-10],[-40,12],[-122,6],[-79,-36],[-47,-70],[-68,-37],[-112,15],[-21,21],[-45,8],[-54,31],[-38,37],[-42,62],[-34,-39],[-24,-45],[-34,-24],[-33,-55],[-113,43],[-47,-7],[-34,-23],[-27,-41],[-14,-65],[-41,-36],[-62,10],[-7,10]],[[37357,12033],[-133,-212],[-47,-116],[-9,-77],[25,-133],[18,-169],[1,-156],[19,-102],[43,-99],[141,-240],[14,-34],[253,-286],[70,-88],[31,-49]],[[37783,10272],[-98,-32],[-69,33],[-29,-13],[-50,-53],[-33,-5],[-62,13],[-61,0],[-57,-37],[-44,-4],[-65,28],[-160,-63],[-28,-20],[-25,-38],[-82,-21],[-96,-76],[-71,-6],[-13,10],[-105,139],[-58,23],[-48,-36],[-28,-43],[-142,-191],[-70,-81],[-36,6],[-48,-20],[-125,-102],[-49,-24],[-45,-62],[-67,-213],[-79,-109],[-23,-67],[-25,-40],[-51,-52],[-101,-46],[-45,-41],[-38,-4],[-39,-40],[-57,-46],[-34,1],[-30,26],[-44,-42],[-22,-90],[-65,29],[-79,19],[-69,2],[-48,-11],[8,29],[47,35],[-15,49],[-43,-12],[-12,-51],[-26,-16],[-38,36],[-25,40],[5,30],[53,-21],[53,42],[-25,67],[13,28],[-27,15],[6,23],[28,14],[24,38],[-14,9],[-74,-41],[19,39],[-31,6],[-21,-24],[-49,8],[-9,35],[-21,7],[-35,-51],[-36,-11],[-24,-50],[-22,15],[-24,-12],[-9,24],[-26,4],[-119,-91],[-26,2],[-81,40],[-77,56],[-34,7],[-38,-40],[-152,43],[-52,28],[-35,-64],[-92,-43],[-21,-4]],[[32320,9879],[-20,-29],[-28,-12],[-57,70],[-70,68],[-36,26],[-85,42],[-59,17],[-59,5],[-67,21],[-63,40],[-37,-3],[-32,-141],[-20,-39],[-27,-2],[-112,70],[10,-36],[-4,-50],[-45,-53],[9,-23],[-36,-83],[-6,-44],[-14,-5]],[[30513,11693],[58,-20],[91,45],[4,59],[-117,349],[22,27],[-15,42],[15,46],[62,-30],[12,-44],[37,-38],[105,62],[35,-11],[37,-29],[31,5],[62,63],[39,10],[58,-26],[14,48],[135,-70],[22,16],[7,35],[23,17],[24,53],[41,-43],[63,-87],[21,30],[20,60],[-2,66],[38,20],[-2,65],[-32,16],[-10,172],[-95,6],[-4,93],[32,53],[4,56],[57,9],[30,-30],[89,2],[16,39],[20,-37],[2,100],[16,5],[1,100],[30,2],[6,-23],[28,1],[4,32],[22,-23],[92,0],[-2,-91],[27,-4],[96,88],[50,36],[63,56],[58,65],[94,157],[35,84],[28,31],[6,74],[-29,9]],[[33065,21306],[-50,-4],[-36,-17],[-51,-106],[-68,-103],[-14,-8],[-125,2],[-72,-56],[-43,-49],[-58,-38],[-44,-40],[-109,-21],[-4,-40],[8,-68],[-21,-42],[-45,-50],[-35,24],[-49,-54],[-19,-35],[5,-33],[36,-58],[-1,-29],[-31,-56],[-62,-84],[-67,-61],[-53,-97],[-95,-5],[-48,-19],[-42,-34],[-29,-2],[-89,82],[-45,25],[-32,35],[-11,-15],[-57,31],[0,-52],[-23,-131],[-35,-17]],[[25092,5399],[-12,-61],[9,-27],[36,-24],[4,-47],[-27,-14],[-147,91],[-29,26],[-93,121],[-20,15],[-112,40],[-32,2],[-24,-36],[-32,36],[6,67],[-29,-34],[-15,7],[11,80],[71,66],[-19,19],[-37,-38],[-62,50],[-65,-20],[-76,-10],[-26,-14],[-1,-36],[45,-38],[63,-4],[76,-51],[43,-83],[53,-70],[-10,-15],[-239,192],[-95,50],[-105,69],[-34,10],[-42,-4],[-68,-32],[-50,-66],[-47,-8],[-86,21],[-66,-12],[-68,36],[-89,-24],[-22,-32],[-51,0],[-95,-44],[-85,-11],[-57,19],[-25,21],[28,53],[5,53],[100,122],[42,32],[34,-15],[35,5],[42,57],[-55,17],[-22,-12]],[[24476,6566],[80,-152],[42,-64],[-1,-27],[-68,-46],[36,-56],[-77,-48],[-51,-40],[19,-57],[50,-102],[64,-74],[105,-86],[57,20],[44,-12],[38,21]],[[23174,5866],[-16,-10],[-55,18],[14,71],[44,4],[25,-42],[-12,-41]],[[31852,2901],[-1,-238],[-8,-221],[-3,-448],[-7,-316],[-35,-176],[-7,-187],[-732,6],[-740,5],[-43,93],[-53,-32],[-5,-16],[-67,-20],[-33,-19],[-14,-35],[7,-106],[-13,-60],[-42,-22],[-51,18],[-84,72],[-48,-6],[-43,-42],[-66,-107],[-39,-33],[-98,-56],[-53,-17],[-60,5],[30,-73],[-16,-105],[-44,20],[-20,-15],[-21,26],[-32,-9],[-67,74],[-30,-1],[4,-65],[26,-72],[-5,-10],[-73,13],[-29,47],[-54,18],[16,-47],[-95,-57],[-32,-5],[-51,73],[-42,28],[-24,136],[13,77],[20,29],[-27,11],[-27,32],[-49,-42],[12,-42],[-19,-74],[-1,-51],[58,-192],[-8,-42],[10,-54],[-10,-39],[14,-13],[-4,-49],[-37,-11],[-150,-6],[-62,48],[-10,33],[-34,40],[-49,22],[-24,-18],[-63,127],[-40,30],[-25,38],[7,-53],[31,-59],[-22,3],[-122,92],[-89,51],[-28,165],[1,46],[31,137],[53,89],[67,85],[-36,50],[-53,-39],[-35,-60],[-34,-42],[-37,-122],[-36,-61],[-31,-165],[4,-13],[-16,-140],[4,-98],[-7,-25],[-54,-40],[-53,17],[-28,-6],[-41,14],[-77,50],[-74,20],[-74,35],[-93,75],[-28,13],[50,-93],[126,-134],[10,-24],[-18,-25],[-85,-1],[-32,16],[-43,-21],[-88,34],[-34,-41],[-54,6],[-46,-18],[-56,54],[-45,17],[-4,16],[27,106],[-29,45],[-32,-7],[-67,38],[-12,-54],[-54,0],[-23,80],[6,78],[-5,66],[-12,26],[-16,-29],[1,-66],[-30,-7],[-66,25],[24,18],[-35,54],[-62,24],[14,-48],[-2,-42],[-58,26],[-39,27],[-65,72],[-97,16],[-16,17],[-16,50],[27,18],[47,-67],[34,13],[11,21],[-17,42],[7,39],[-30,49],[-47,-5],[-2,39],[40,-1],[40,57],[51,20],[12,17],[-47,36],[-33,0]],[[26683,1371],[1,46],[-15,71],[62,113],[-5,30],[-29,-13],[-3,28],[88,39],[225,104],[28,40],[-4,15],[-52,14],[-7,22],[18,40],[2,69],[-10,110],[-19,23],[-88,0],[-27,14],[5,58],[43,64],[103,23],[77,-18],[82,22],[66,101],[30,18],[36,-11],[108,-101],[30,-7],[75,36],[89,4],[39,-8],[15,11],[74,185],[16,124],[12,31],[34,42],[54,6],[80,-25],[62,1],[29,30],[-4,88],[-53,47],[-77,139],[-22,63],[1,35],[23,53],[32,21],[64,8],[52,-40],[47,-54],[36,-3],[100,158],[6,33],[-37,62],[-42,113],[-12,68],[5,31],[25,28],[60,24],[122,2],[59,-18],[144,-23],[87,8],[9,81],[-34,178],[-32,27],[-13,40],[9,76],[46,98],[145,163],[0,83],[-13,55],[-20,32],[-47,40],[-34,53],[-7,155],[-24,101],[9,51],[52,90],[37,47],[66,133],[83,143],[26,65],[16,82],[-4,46],[-34,122],[2,55],[24,39],[38,28],[91,48],[41,1],[55,-13],[92,-42],[43,6],[5,25],[-32,56],[-79,72],[-33,44],[1,50],[18,22],[100,46],[23,25],[13,46],[12,198],[31,34],[48,20],[131,10],[37,-35],[67,-10],[40,-49],[27,-1],[38,62],[39,32],[67,34],[12,36]],[[29810,6365],[59,-18],[29,-26],[47,-111],[72,-94],[-1,-32],[-20,-29],[-55,-9],[-39,-29],[-7,-37],[14,-43],[-10,-27],[-76,-49],[3,-28],[52,-54],[1,-101],[28,-50],[47,-11],[26,-30],[-22,-87],[28,-33],[64,-27],[71,-54],[52,-59],[22,-100]],[[29515,702],[22,-245],[-5,-34],[-45,-86],[-123,-189],[36,-12],[8,-59],[-37,-58],[-52,-19],[-49,19],[-88,140],[-6,-47],[-35,38],[-7,-33],[14,-23],[64,-38],[12,-17],[-25,-24],[-203,93],[-55,-2],[-14,-27],[39,-4],[-21,-23],[-35,1],[-13,37],[10,41],[107,136],[36,-6],[-18,43],[32,191],[42,27],[26,54],[108,96],[59,-48],[50,-17],[66,5],[26,28],[24,6],[-27,76],[3,14],[65,-8],[9,-26]],[[35916,17880],[-185,-168],[-105,-84],[-132,-130],[-252,-287],[-68,-74],[-35,-61],[-52,-133],[-120,-359]],[[31722,7687],[-33,19],[-32,38],[-22,72],[-31,28],[-139,8],[-28,-11],[-46,-61],[-23,9],[-44,45],[-67,25]],[[29810,6365],[-9,123],[15,194],[23,146],[21,103],[29,56],[7,36],[26,24],[73,1],[135,-9],[16,7],[44,69],[8,52],[-10,85],[-17,36],[-55,59],[-3,23],[42,129]],[[34741,5844],[72,51],[103,137],[51,58],[72,96],[51,86],[53,30],[20,24],[23,104],[53,98],[79,89],[38,29],[37,-12],[41,-28],[34,-43],[116,-102],[95,-52],[56,9],[60,34],[-1,123],[-27,46],[4,58],[17,16],[58,16],[4,24],[-53,62],[-21,56],[24,67],[-17,15],[-99,60],[-39,41],[-101,78],[-12,24],[162,74],[50,6],[297,167],[114,81],[69,39],[176,113],[35,-3],[120,-60],[155,-105],[61,-36],[44,-16],[56,3],[57,47],[58,-50],[94,46],[43,15],[80,-3],[77,-33],[30,1],[23,29],[24,5],[55,-12],[33,53],[33,0],[41,51],[89,-2],[78,-27],[35,3],[21,38],[49,30],[74,-21],[-1,-74],[24,1],[43,34],[90,96],[33,54],[21,69],[-7,89],[-14,60],[8,85],[-2,72],[31,41],[-8,19],[-34,3],[-70,41],[10,61],[154,98],[42,38],[12,35],[-17,10],[-46,-18],[-21,20],[2,55],[-60,-17],[2,67],[-14,12],[-44,-50],[-43,-9],[-18,-32],[-36,-27],[-36,6],[-10,17],[23,65],[-66,5],[-38,26],[-4,38],[36,27],[2,64],[61,69],[50,37],[66,77],[14,65],[-45,32],[-6,33],[33,35],[11,44],[-18,31],[46,46],[1,26],[-73,-10],[-54,27],[-60,8],[-58,-45],[-71,-80],[-35,17],[-2,37],[-28,-1],[-47,-68],[-54,15],[1,45],[89,96],[61,73],[79,52],[-2,25],[-73,10],[-90,32],[-32,-11],[-30,-37],[-31,-21],[-29,11],[-33,-21],[-107,9],[4,30],[59,93],[20,64],[42,29],[-2,86],[42,43],[77,22],[59,76],[58,35],[127,87],[30,52],[55,56]],[[37914,9983],[41,-62],[135,-42],[79,-36],[187,-69],[87,-2],[42,14],[14,-13],[300,41],[171,-5],[135,61],[35,27],[102,46],[44,14],[142,-15],[38,-22],[40,-47],[38,-75],[15,-72],[0,-50],[-28,-271],[-4,-276],[24,-242],[-22,-367],[-4,-104],[8,-46],[154,-170],[134,-176],[31,-145],[31,-120],[156,-185],[246,-282],[99,-121],[19,-31],[31,-145],[0,-36],[51,-294],[0,-39],[66,-271],[152,-417],[28,-71],[136,-212],[148,-284],[10,-45],[39,-117],[49,-112],[42,-64],[27,-22],[48,-98],[-1,-28],[-26,-65],[-58,-58],[-178,-86],[-52,-46],[-40,-66],[-36,-95],[-3,-260],[33,-114],[9,-81],[-20,-115],[2,-68],[25,-120],[13,-29],[25,-9],[41,-39],[224,1],[70,12],[58,-14],[42,-29],[23,-33],[4,-55],[-52,-52],[-125,-36],[-123,-145],[-49,-29],[-98,-18],[-91,50],[-42,4],[-101,-92],[-99,-33],[-67,-73],[-74,-44],[-96,-46],[-25,-30],[-3,-71],[27,-31],[82,-22],[46,-41],[-40,-40],[-46,-17],[-118,-31],[-66,-63],[-85,-47],[-42,-11],[-170,-10],[-153,1],[-285,20],[-168,71],[-81,4],[-38,19],[-40,41],[-8,61],[20,45],[42,56],[-55,21],[-2,42],[56,59],[-40,45],[-63,162],[-2,30],[50,22],[31,27],[53,118],[6,39],[-12,57],[-74,42],[-59,-9],[-116,-42],[-195,-94],[-69,-20],[-26,1],[-361,-165],[-181,-30],[-116,-37],[-241,-111],[-350,-82],[-127,-49],[-36,-28],[-25,-75],[-63,-170],[-45,-96],[-72,-112],[-42,-46],[-101,-70],[-183,-21],[-268,-4],[-156,9],[-195,7],[-238,21],[-63,11],[-106,6],[-33,22],[-32,45],[-25,8],[-86,72],[-47,57],[-210,215],[-19,35],[-92,95],[-44,0],[-78,-46],[-70,-17],[-154,-54],[-107,-4],[-187,56],[-80,1],[-119,-38],[-82,1],[-126,38],[-83,13],[-71,-13],[-72,-25],[-29,-26],[-156,-61],[-118,-79],[-40,3],[-129,52],[-10,13],[-75,21],[-75,45],[-103,33],[-30,-4],[-62,-40]],[[26683,1371],[-29,-12],[-200,-134],[-33,30],[6,55],[28,75],[27,33],[7,38],[-15,22],[-69,-2],[-30,26],[54,12],[-51,154],[4,41],[58,82],[55,24],[-32,76],[-37,20],[-10,25],[39,16],[20,24],[18,61],[46,40],[-24,16],[-38,-48],[-42,-74],[-58,-56],[-15,-37],[-15,-148],[-38,7],[-43,56],[-14,32],[14,15],[34,-32],[21,20],[-29,31],[-12,38],[-36,13],[-28,47],[0,45],[-17,27],[-9,53],[0,71],[39,0],[160,-44],[36,2],[9,41],[-34,-16],[-62,3],[-66,15],[-54,24],[-53,48],[-5,36],[-40,7],[-44,82],[10,39],[58,0],[13,11],[-44,36],[-37,93],[8,37],[32,-11],[3,24],[-32,36],[20,43],[35,5],[43,-23],[5,35],[104,-13],[98,-32],[10,-23],[0,-58],[23,-16],[30,14],[12,43],[7,98],[-23,28],[4,-100],[-13,-47],[-21,4],[-2,47],[-20,32],[-21,2],[-48,38],[-94,6],[-96,54],[3,53],[42,52],[29,8],[52,-20],[68,47],[-20,23],[-58,-48],[-39,37],[-25,3],[-45,-40],[-34,-76],[-22,-31],[-32,-17],[-17,-37],[-53,67],[-18,38],[-13,60],[-21,35],[26,80],[-18,14],[-18,-32],[-1,45],[38,38],[39,0],[22,24],[-22,48],[55,21],[35,-55],[7,-69],[58,-77],[30,7],[-11,33],[-84,153],[1,26],[49,26],[92,-35],[108,-71],[24,-45],[18,-4],[37,39],[33,1],[56,-17],[18,30],[10,49],[39,-22],[31,1],[30,-30],[68,0],[23,52],[74,50],[14,-6],[29,-56],[15,23],[-51,85],[-16,4],[-15,-33],[-35,-36],[-25,-6],[-26,-55],[-47,-2],[-60,51],[-17,30],[-33,-11],[-42,-87],[-25,26],[-29,-2],[5,34],[-35,-24],[-56,-2],[-27,11],[-110,82],[-2,46],[-28,77],[28,64],[30,23],[44,11],[73,-4],[68,-45],[4,-34],[-21,-55],[42,-18],[5,44],[-8,108],[-41,-2],[-7,49],[-38,-34],[-32,21],[-92,-5],[-53,-27],[-8,-22],[-40,9],[-15,42],[41,13],[35,30],[31,-3],[68,60],[33,15],[31,56],[44,19],[66,0],[75,-51],[51,-15],[33,17],[-14,28],[-64,-16],[-32,31],[-21,2],[-24,31],[-103,-12],[-53,4],[-10,45],[-19,-6],[-1,-31],[-52,-40],[-15,29],[41,38],[6,33],[-29,24],[-64,7],[80,40],[29,54],[31,17],[52,3],[21,-20],[22,-64],[34,-13],[33,12],[33,-31],[29,-1],[18,26],[-42,-8],[-39,36],[5,42],[-33,-2],[-6,-31],[-21,-11],[-23,75],[-31,33],[-16,68],[6,28],[31,24],[-4,22],[-39,-37],[-46,1],[15,-44],[30,-20],[-11,-55],[-44,-4],[-25,-27],[-33,-57],[-85,-36],[-43,-28],[-57,1],[-23,-14],[-54,12],[15,23],[51,8],[10,29],[-7,44],[17,30],[21,-13],[15,-53],[30,8],[22,26],[-4,33],[21,31],[-5,50],[60,136],[40,6],[44,-38],[26,3],[16,39],[1,56],[-51,16],[-21,-28],[-44,10],[3,-36],[-22,-1],[-42,29],[-3,42],[95,101],[70,45],[82,26],[57,-59],[25,-7],[-6,30],[-81,60],[-40,-4],[-27,-25],[-69,-34],[-64,-68],[-62,-42],[-65,-25],[-51,-4],[-33,22],[-40,-11],[1,21],[39,16],[-63,89],[-3,22],[25,10],[42,-40],[34,30],[-4,45],[41,-12],[20,11],[12,42],[35,40],[25,8],[41,-14],[43,37],[13,30],[4,76],[37,16],[68,-12],[21,22],[9,45],[21,-3],[59,-40],[50,13],[27,51],[-4,29],[-34,-59],[-23,41],[-27,21],[-45,62],[57,64],[6,42],[-13,19],[-69,19],[-46,-7],[-44,20],[-2,53],[-22,10],[-21,39],[-43,-6],[-25,39],[-31,19],[-33,48],[0,84],[21,27],[41,8],[39,30],[25,2],[51,-27],[66,13],[69,-23],[65,35],[41,0],[31,-59],[6,-35],[24,-15],[5,39],[-39,37],[17,40],[-12,13],[-68,9]],[[26360,1381],[71,25],[-7,-34],[-40,-36],[-5,-44],[-13,6],[-61,103],[25,13],[30,-33]],[[26431,1823],[-37,-29],[-32,54],[22,50],[18,-8],[29,-67]],[[26171,3260],[-78,18],[-4,30],[34,55],[39,27],[1,-72],[8,-58]],[[26074,3339],[-74,-43],[-27,68],[28,37],[59,-9],[14,-53]],[[26285,3578],[-29,-2],[-31,22],[25,38],[37,6],[34,-27],[-36,-37]],[[26201,3615],[7,-30],[-15,-57],[-23,-7],[-55,33],[0,-35],[-22,-26],[6,-54],[-34,-15],[-40,11],[-55,-11],[-11,18],[17,59],[-4,46],[55,20],[72,-10],[-19,27],[-54,20],[-28,-22],[-35,5],[16,21],[41,6],[60,24],[71,13],[50,-36]],[[26223,3740],[4,-24],[-49,-41],[-90,0],[-127,-47],[-20,10],[-17,37],[20,41],[58,3],[80,14],[41,-1],[66,20],[34,-12]],[[26022,3813],[-46,24],[2,41],[39,64],[38,-18],[-22,-30],[-11,-81]],[[26102,3912],[-107,89],[19,57],[29,-46],[36,-32],[46,-26],[-7,-37],[-16,-5]],[[25907,4063],[55,-50],[27,-52],[-29,-40],[-12,-102],[-111,-18],[-31,32],[-44,16],[-12,47],[10,17],[40,7],[35,23],[-29,11],[0,100],[48,-4],[35,41],[18,-28]],[[26187,4103],[-46,-129],[-71,36],[-21,19],[-24,58],[-26,6],[-44,-45],[-40,41],[7,34],[31,19],[18,36],[47,14],[54,-15],[57,-3],[49,-41],[9,-30]],[[25880,4361],[41,-31],[40,-68],[-25,-8],[13,-57],[-29,-37],[-35,-11],[-13,-26],[-43,-39],[-52,23],[-28,37],[-33,5],[-19,-47],[-16,70],[-76,47],[-1,42],[24,15],[-4,43],[21,23],[21,-11],[23,19],[59,-1],[22,9],[46,-7],[64,10]],[[25969,4396],[-29,22],[4,33],[28,22],[-3,-77]],[[26124,4502],[-15,-3],[-11,41],[33,19],[-7,-57]],[[26077,4518],[-4,-83],[-45,0],[-19,-28],[0,-38],[-17,19],[13,71],[-10,43],[-39,12],[-23,-49],[-23,-77],[-8,19],[-4,116],[23,61],[66,42],[33,-20],[25,-53],[32,-35]],[[26236,4601],[-23,-57],[-24,-14],[-37,52],[-23,16],[-62,-20],[-22,24],[52,51],[65,20],[68,-53],[6,-19]],[[26199,4710],[-81,-11],[-6,24],[36,45],[60,16],[7,-16],[-16,-58]],[[26119,4761],[-8,-36],[-36,-23],[-20,-45],[-20,-3],[-47,32],[-24,61],[21,12],[33,-17],[21,39],[25,15],[12,35],[43,-70]],[[26403,4820],[2,-22],[42,-44],[44,-62],[-20,-17],[-63,58],[-27,-2],[-12,-43],[-34,17],[-47,-2],[-39,65],[-43,41],[-77,-2],[-23,19],[-5,50],[46,15],[136,0],[81,38],[61,9],[33,-38],[-55,-80]],[[26040,5084],[17,-3],[33,39],[35,0],[27,-38],[33,-16],[29,-37],[26,8],[40,-37],[3,-35],[24,-36],[-36,-15],[-42,5],[-92,-3],[-37,-8],[-28,-26],[-13,-44],[-72,17],[-31,45],[-47,11],[-23,-6],[0,-42],[33,-42],[-13,-23],[-67,2],[-16,-30],[13,-49],[-16,-3],[-32,35],[10,51],[31,32],[-53,4],[-28,-15],[-20,8],[-48,99],[-51,10],[-26,83],[11,33],[23,-1],[70,-74],[46,-6],[27,20],[56,76],[81,50],[33,6],[90,-45]],[[37783,10272],[40,-62],[47,-96],[44,-131]]],"transform":{"scale":[0.0002475742441374872,0.000203261670480584],"translate":[60.878597404000175,23.69468307500017]},"objects":{"pak_admin2":{"type":"GeometryCollection","geometries":[{"arcs":[[0,1,2,3,4,5]],"type":"Polygon","properties":{"id":"PK101","name":"Bagh","parent_id":"PK1","parent_name":"Azad Kashmir","area_sqkm":694.41686731,"center_lat":34.00345966,"center_lon":73.73137722},"id":"PK101"},{"arcs":[[6,7,8,9,10]],"type":"Polygon","properties":{"id":"PK102","name":"Bhimber","parent_id":"PK1","parent_name":"Azad Kashmir","area_sqkm":1212.94727304,"center_lat":33.0141365,"center_lon":74.15025594},"id":"PK102"},{"arcs":[[-1,11,12]],"type":"Polygon","properties":{"id":"PK103","name":"Jhelum Valley","parent_id":"PK1","parent_name":"Azad Kashmir","area_sqkm":681.76507907,"center_lat":34.18810082,"center_lon":73.79666936},"id":"PK103"},{"arcs":[[13,-2,14]],"type":"Polygon","properties":{"id":"PK104","name":"Haveli","parent_id":"PK1","parent_name":"Azad Kashmir","area_sqkm":550.89304858,"center_lat":33.93504153,"center_lon":74.11984541},"id":"PK104"},{"arcs":[[15,16,-11,17,18,19]],"type":"Polygon","properties":{"id":"PK105","name":"Kotli","parent_id":"PK1","parent_name":"Azad Kashmir","area_sqkm":1599.11706562,"center_lat":33.45426468,"center_lon":73.94688109},"id":"PK105"},{"arcs":[[-10,20,21,22,-18]],"type":"Polygon","properties":{"id":"PK106","name":"Mirpur","parent_id":"PK1","parent_name":"Azad Kashmir","area_sqkm":896.92933494,"center_lat":33.2390211,"center_lon":73.75892212},"id":"PK106"},{"arcs":[[23,24,-12,-6,25,26]],"type":"Polygon","properties":{"id":"PK107","name":"Muzaffarabad","parent_id":"PK1","parent_name":"Azad Kashmir","area_sqkm":1361.01280394,"center_lat":34.32343504,"center_lon":73.57999271},"id":"PK107"},{"arcs":[[27,-24,28,29,30]],"type":"Polygon","properties":{"id":"PK108","name":"Neelum","parent_id":"PK1","parent_name":"Azad Kashmir","area_sqkm":3137.46611349,"center_lat":34.75691795,"center_lon":73.98522946},"id":"PK108"},{"arcs":[[-14,31,-16,32,33,-3]],"type":"Polygon","properties":{"id":"PK109","name":"Poonch","parent_id":"PK1","parent_name":"Azad Kashmir","area_sqkm":719.56965304,"center_lat":33.78574504,"center_lon":73.89679997},"id":"PK109"},{"arcs":[[-20,34,-33]],"type":"Polygon","properties":{"id":"PK110","name":"Sudhnoti","parent_id":"PK1","parent_name":"Azad Kashmir","area_sqkm":567.86224962,"center_lat":33.70396099,"center_lon":73.73941615},"id":"PK110"},{"arcs":[[35,36,37,38,39,40]],"type":"Polygon","properties":{"id":"PK201","name":"Awaran","parent_id":"PK2","parent_name":"Balochistan","area_sqkm":24989.60334836,"center_lat":26.42397797,"center_lon":65.46475023},"id":"PK201"},{"arcs":[[41,42,43,44,45]],"type":"Polygon","properties":{"id":"PK202","name":"Barkhan","parent_id":"PK2","parent_name":"Balochistan","area_sqkm":3515.44114244,"center_lat":29.98450729,"center_lon":69.69123702},"id":"PK202"},{"arcs":[[46,47,48,49]],"type":"Polygon","properties":{"id":"PK203","name":"Chagai","parent_id":"PK2","parent_name":"Balochistan","area_sqkm":44476.87198806,"center_lat":28.87502079,"center_lon":63.41802386},"id":"PK203"},{"arcs":[[50,51,52,53,54,55]],"type":"Polygon","properties":{"id":"PK204","name":"Dera Bugti","parent_id":"PK2","parent_name":"Balochistan","area_sqkm":10294.11318045,"center_lat":29.05961766,"center_lon":69.01115142},"id":"PK204"},{"arcs":[[[56,-37,57,58]],[[59]],[[60]]],"type":"MultiPolygon","properties":{"id":"PK205","name":"Gwadar","parent_id":"PK2","parent_name":"Balochistan","area_sqkm":11574.37768473,"center_lat":25.42529011,"center_lon":62.54754294},"id":"PK205"},{"arcs":[[61,62,63,64,65]],"type":"Polygon","properties":{"id":"PK206","name":"Harnai","parent_id":"PK2","parent_name":"Balochistan","area_sqkm":3062.96832534,"center_lat":30.04158602,"center_lon":68.08639528},"id":"PK206"},{"arcs":[[66,67,68,69,70]],"type":"Polygon","properties":{"id":"PK207","name":"Jaffarabad","parent_id":"PK2","parent_name":"Balochistan","area_sqkm":1701.8367009,"center_lat":28.24897137,"center_lon":68.1026514},"id":"PK207"},{"arcs":[[71,72,-69,73,74,75]],"type":"Polygon","properties":{"id":"PK208","name":"Jhal Magsi","parent_id":"PK2","parent_name":"Balochistan","area_sqkm":3860.09133978,"center_lat":28.36992006,"center_lon":67.54256595},"id":"PK208"},{"arcs":[[76,77,-76,78,79,80,81]],"type":"Polygon","properties":{"id":"PK209","name":"Kachhi","parent_id":"PK2","parent_name":"Balochistan","area_sqkm":5363.91234407,"center_lat":29.34072654,"center_lon":67.65868567},"id":"PK209"},{"arcs":[[-80,82,83,84,85,86]],"type":"Polygon","properties":{"id":"PK210","name":"Kalat","parent_id":"PK2","parent_name":"Balochistan","area_sqkm":10179.77029569,"center_lat":29.08847412,"center_lon":66.76992646},"id":"PK210"},{"arcs":[[87,-38,-57,88]],"type":"Polygon","properties":{"id":"PK211","name":"Kech","parent_id":"PK2","parent_name":"Balochistan","area_sqkm":24419.26922155,"center_lat":26.00788891,"center_lon":63.09183307},"id":"PK211"},{"arcs":[[-85,89,90,-48,91]],"type":"Polygon","properties":{"id":"PK212","name":"Kharan","parent_id":"PK2","parent_name":"Balochistan","area_sqkm":8215.89960795,"center_lat":28.72929692,"center_lon":65.4966715},"id":"PK212"},{"arcs":[[-75,92,93,94,-41,95,96,-83,-79]],"type":"Polygon","properties":{"id":"PK213","name":"Khuzdar","parent_id":"PK2","parent_name":"Balochistan","area_sqkm":30954.90112722,"center_lat":27.29381322,"center_lon":66.48125071},"id":"PK213"},{"arcs":[[[97,98,99,100]],[[101,102,103]]],"type":"MultiPolygon","properties":{"id":"PK214","name":"Killa Abdullah","parent_id":"PK2","parent_name":"Balochistan","area_sqkm":2992.9600501,"center_lat":31.11628248,"center_lon":67.02418538},"id":"PK214"},{"arcs":[[104,105,106,107]],"type":"Polygon","properties":{"id":"PK215","name":"Killa Saifullah","parent_id":"PK2","parent_name":"Balochistan","area_sqkm":12403.85893109,"center_lat":31.05339652,"center_lon":68.49933222},"id":"PK215"},{"arcs":[[108,-55,109,110,-63,111,-44]],"type":"Polygon","properties":{"id":"PK216","name":"Kohlu","parent_id":"PK2","parent_name":"Balochistan","area_sqkm":7728.05262553,"center_lat":29.64408643,"center_lon":68.80719468},"id":"PK216"},{"arcs":[[[112,113,114,115,-58,-36,-95,116,117]],[[118]],[[119]],[[120]],[[121]],[[122]],[[123]]],"type":"MultiPolygon","properties":{"id":"PK217","name":"Lasbela","parent_id":"PK2","parent_name":"Balochistan","area_sqkm":14057.35277035,"center_lat":25.77341673,"center_lon":66.60343932},"id":"PK217"},{"arcs":[[-110,-54,124,-72,-78,125]],"type":"Polygon","properties":{"id":"PK218","name":"Lehri","parent_id":"PK2","parent_name":"Balochistan","area_sqkm":3285.29198826,"center_lat":28.99352569,"center_lon":67.98600513},"id":"PK218"},{"arcs":[[126,127,128,-105,129]],"type":"Polygon","properties":{"id":"PK219","name":"Loralai","parent_id":"PK2","parent_name":"Balochistan","area_sqkm":3796.60264582,"center_lat":30.47794165,"center_lon":68.88004311},"id":"PK219"},{"arcs":[[-81,-87,130,131,132]],"type":"Polygon","properties":{"id":"PK220","name":"Mastung","parent_id":"PK2","parent_name":"Balochistan","area_sqkm":4712.72577018,"center_lat":29.74562768,"center_lon":66.73051219},"id":"PK220"},{"arcs":[[133,-46,134,135,136,137]],"type":"Polygon","properties":{"id":"PK221","name":"Musakhel","parent_id":"PK2","parent_name":"Balochistan","area_sqkm":5900.70124576,"center_lat":30.89708389,"center_lon":69.95799643},"id":"PK221"},{"arcs":[[138,-70,-73,-125,-53]],"type":"Polygon","properties":{"id":"PK222","name":"Nasirabad","parent_id":"PK2","parent_name":"Balochistan","area_sqkm":3224.90352226,"center_lat":28.62640723,"center_lon":68.12924434},"id":"PK222"},{"arcs":[[-92,-47,139,-131,-86]],"type":"Polygon","properties":{"id":"PK223","name":"Nushki","parent_id":"PK2","parent_name":"Balochistan","area_sqkm":5863.17391284,"center_lat":29.44681298,"center_lon":65.73250908},"id":"PK223"},{"arcs":[[-39,-88,140,141]],"type":"Polygon","properties":{"id":"PK224","name":"Panjgur","parent_id":"PK2","parent_name":"Balochistan","area_sqkm":17582.38584234,"center_lat":26.71466967,"center_lon":64.20205288},"id":"PK224"},{"arcs":[[-129,142,143,-101,144,-102,145,-106]],"type":"Polygon","properties":{"id":"PK225","name":"Pishin","parent_id":"PK2","parent_name":"Balochistan","area_sqkm":6085.87697415,"center_lat":30.703028,"center_lon":67.13080676},"id":"PK225"},{"arcs":[[146,-65,147,-82,-133,148,-98,-144]],"type":"Polygon","properties":{"id":"PK226","name":"Quetta","parent_id":"PK2","parent_name":"Balochistan","area_sqkm":3759.73445787,"center_lat":30.14141302,"center_lon":67.07743419},"id":"PK226"},{"arcs":[[149,-137,150,151]],"type":"Polygon","properties":{"id":"PK227","name":"Sherani","parent_id":"PK2","parent_name":"Balochistan","area_sqkm":3050.54342514,"center_lat":31.68090077,"center_lon":69.76356767},"id":"PK227"},{"arcs":[[-111,-126,-77,-148,-64]],"type":"Polygon","properties":{"id":"PK228","name":"Sibi","parent_id":"PK2","parent_name":"Balochistan","area_sqkm":4965.91898088,"center_lat":29.72774177,"center_lon":68.25082253},"id":"PK228"},{"arcs":[[152,153,-71,-139,-52]],"type":"Polygon","properties":{"id":"PK229","name":"Sohbatpur","parent_id":"PK2","parent_name":"Balochistan","area_sqkm":786.87408887,"center_lat":28.54195553,"center_lon":68.52141184},"id":"PK229"},{"arcs":[[-91,154,-96,-40,-142,155,-49]],"type":"Polygon","properties":{"id":"PK230","name":"Washuk","parent_id":"PK2","parent_name":"Balochistan","area_sqkm":39031.17202285,"center_lat":27.79210581,"center_lon":64.30761724},"id":"PK230"},{"arcs":[[-151,-136,-130,-108,156,157]],"type":"Polygon","properties":{"id":"PK231","name":"Zhob","parent_id":"PK2","parent_name":"Balochistan","area_sqkm":11936.64089288,"center_lat":31.21179421,"center_lon":69.19694404},"id":"PK231"},{"arcs":[[-128,158,-66,-147,-143]],"type":"Polygon","properties":{"id":"PK232","name":"Ziarat","parent_id":"PK2","parent_name":"Balochistan","area_sqkm":3271.31573202,"center_lat":30.38073121,"center_lon":68.06567543},"id":"PK232"},{"arcs":[[-97,-155,-90,-84]],"type":"Polygon","properties":{"id":"PK233","name":"Shaheed Sikandarabad","parent_id":"PK2","parent_name":"Balochistan","area_sqkm":3706.43499182,"center_lat":28.32719456,"center_lon":66.18001042},"id":"PK233"},{"arcs":[[-45,-112,-62,-159,-127,-135]],"type":"Polygon","properties":{"id":"PK234","name":"Duki","parent_id":"PK2","parent_name":"Balochistan","area_sqkm":4336.47095976,"center_lat":30.1811,"center_lon":68.95959024},"id":"PK234"},{"arcs":[[-103,-145,-100,159]],"type":"Polygon","properties":{"id":"PK235","name":"Chaman","parent_id":"PK2","parent_name":"Balochistan","area_sqkm":1635.51326522,"center_lat":30.85581564,"center_lon":66.52685195},"id":"PK235"},{"arcs":[[160,161,162,163,-31,164,165]],"type":"Polygon","properties":{"id":"PK301","name":"Astore","parent_id":"PK3","parent_name":"Gilgit Baltistan","area_sqkm":5132.45856083,"center_lat":35.24827674,"center_lon":74.88360938},"id":"PK301"},{"arcs":[[-165,-30,166,167,168,169]],"type":"Polygon","properties":{"id":"PK302","name":"Diamir","parent_id":"PK3","parent_name":"Gilgit Baltistan","area_sqkm":4215.4757865,"center_lat":35.37959086,"center_lon":74.21341466},"id":"PK302"},{"arcs":[[170,171,172,173]],"type":"Polygon","properties":{"id":"PK303","name":"Ghanche","parent_id":"PK3","parent_name":"Gilgit Baltistan","area_sqkm":8673.95162396,"center_lat":35.22094462,"center_lon":76.65998124},"id":"PK303"},{"arcs":[[174,175,176,177,178,179,180]],"type":"Polygon","properties":{"id":"PK304","name":"Ghizer","parent_id":"PK3","parent_name":"Gilgit Baltistan","area_sqkm":4323.53268454,"center_lat":36.37672968,"center_lon":73.88667028},"id":"PK304"},{"arcs":[[181,182,-166,-170,183,-177,184]],"type":"Polygon","properties":{"id":"PK305","name":"Gilgit","parent_id":"PK3","parent_name":"Gilgit Baltistan","area_sqkm":4016.02639844,"center_lat":35.96682929,"center_lon":74.50875764},"id":"PK305"},{"arcs":[[185,186,-175,187]],"type":"Polygon","properties":{"id":"PK306","name":"Hunza","parent_id":"PK3","parent_name":"Gilgit Baltistan","area_sqkm":11419.07593321,"center_lat":36.55148578,"center_lon":75.20522182},"id":"PK306"},{"arcs":[[-173,188,-162,189,190]],"type":"Polygon","properties":{"id":"PK307","name":"Skardu","parent_id":"PK3","parent_name":"Gilgit Baltistan","area_sqkm":2118.9510952,"center_lat":35.25698268,"center_lon":75.52140039},"id":"PK307"},{"arcs":[[-187,191,-185,-176]],"type":"Polygon","properties":{"id":"PK308","name":"Nagar","parent_id":"PK3","parent_name":"Gilgit Baltistan","area_sqkm":3022.1555788,"center_lat":36.29820311,"center_lon":74.84205628},"id":"PK308"},{"arcs":[[-172,192,-163,-189]],"type":"Polygon","properties":{"id":"PK309","name":"Kharmang","parent_id":"PK3","parent_name":"Gilgit Baltistan","area_sqkm":5971.07699293,"center_lat":34.8367318,"center_lon":75.80374839},"id":"PK309"},{"arcs":[[193,-174,-191,194,-182,-192,-186]],"type":"Polygon","properties":{"id":"PK310","name":"Shigar","parent_id":"PK3","parent_name":"Gilgit Baltistan","area_sqkm":8513.354885,"center_lat":35.73634155,"center_lon":75.92160108},"id":"PK310"},{"arcs":[[-178,-184,-169,195,196,197]],"type":"Polygon","properties":{"id":"PK311","name":"Darel","parent_id":"PK3","parent_name":"Gilgit Baltistan","area_sqkm":1650.92586471,"center_lat":35.69912193,"center_lon":73.82870134},"id":"PK311"},{"arcs":[[-197,198,199]],"type":"Polygon","properties":{"id":"PK312","name":"Tangir","parent_id":"PK3","parent_name":"Gilgit Baltistan","area_sqkm":1102.33582396,"center_lat":35.74509055,"center_lon":73.31614423},"id":"PK312"},{"arcs":[[-179,-198,-200,200,201,202]],"type":"Polygon","properties":{"id":"PK313","name":"Gupis-Yasin","parent_id":"PK3","parent_name":"Gilgit Baltistan","area_sqkm":7726.10957105,"center_lat":36.28469598,"center_lon":73.20519062},"id":"PK313"},{"arcs":[[-190,-161,-183,-195]],"type":"Polygon","properties":{"id":"PK314","name":"Rondu","parent_id":"PK3","parent_name":"Gilgit Baltistan","area_sqkm":1881.90223269,"center_lat":35.58728773,"center_lon":75.15829268},"id":"PK314"},{"arcs":[[203,204]],"type":"Polygon","properties":{"id":"PK401","name":"Islamabad","parent_id":"PK4","parent_name":"Islamabad","area_sqkm":901.53277708,"center_lat":33.65087509,"center_lon":72.95796258},"id":"PK401"},{"arcs":[[-5,205,206,207,-26]],"type":"Polygon","properties":{"id":"PK501","name":"Abbottabad","parent_id":"PK5","parent_name":"Khyber Pakhtunkhwa","area_sqkm":1639.51651569,"center_lat":34.09458,"center_lon":73.29114082},"id":"PK501"},{"arcs":[[208,209,210,211]],"type":"Polygon","properties":{"id":"PK502","name":"Bajaur","parent_id":"PK5","parent_name":"Khyber Pakhtunkhwa","area_sqkm":1366.31035562,"center_lat":34.74578541,"center_lon":71.48571789},"id":"PK502"},{"arcs":[[212,213,214,215,216]],"type":"Polygon","properties":{"id":"PK503","name":"Bannu","parent_id":"PK5","parent_name":"Khyber Pakhtunkhwa","area_sqkm":2027.75039382,"center_lat":32.98501673,"center_lon":70.65532028},"id":"PK503"},{"arcs":[[217,218,219,220]],"type":"Polygon","properties":{"id":"PK504","name":"Batagram","parent_id":"PK5","parent_name":"Khyber Pakhtunkhwa","area_sqkm":1485.17921251,"center_lat":34.76181944,"center_lon":73.13743152},"id":"PK504"},{"arcs":[[221,222,223,224,225,226,227]],"type":"Polygon","properties":{"id":"PK505","name":"Buner","parent_id":"PK5","parent_name":"Khyber Pakhtunkhwa","area_sqkm":1774.04750615,"center_lat":34.43074675,"center_lon":72.55625697},"id":"PK505"},{"arcs":[[228,229,230,231,232]],"type":"Polygon","properties":{"id":"PK506","name":"Charsadda","parent_id":"PK5","parent_name":"Khyber Pakhtunkhwa","area_sqkm":999.13569191,"center_lat":34.24785874,"center_lon":71.6993962},"id":"PK506"},{"arcs":[[233,234,235]],"type":"Polygon","properties":{"id":"PK507","name":"Chitral Lower","parent_id":"PK5","parent_name":"Khyber Pakhtunkhwa","area_sqkm":6077.26981283,"center_lat":35.84739867,"center_lon":71.82643755},"id":"PK507"},{"arcs":[[-203,236,237,-236,238,-180]],"type":"Polygon","properties":{"id":"PK508","name":"Chitral Upper","parent_id":"PK5","parent_name":"Khyber Pakhtunkhwa","area_sqkm":8615.41708009,"center_lat":36.32803282,"center_lon":72.26885597},"id":"PK508"},{"arcs":[[239,240,241,-138,-150,242,243,244,245]],"type":"Polygon","properties":{"id":"PK509","name":"D. I. Khan","parent_id":"PK5","parent_name":"Khyber Pakhtunkhwa","area_sqkm":9028.55237085,"center_lat":31.84997228,"center_lon":70.62503697},"id":"PK509"},{"arcs":[[246,-217,247,248,249,250]],"type":"Polygon","properties":{"id":"PK510","name":"Hangu","parent_id":"PK5","parent_name":"Khyber Pakhtunkhwa","area_sqkm":1372.01617391,"center_lat":33.41216501,"center_lon":70.80415868},"id":"PK510"},{"arcs":[[-207,251,-205,252,253,254,-224,255,256]],"type":"Polygon","properties":{"id":"PK511","name":"Haripur","parent_id":"PK5","parent_name":"Khyber Pakhtunkhwa","area_sqkm":1953.89967495,"center_lat":34.047845,"center_lon":72.87563655},"id":"PK511"},{"arcs":[[257,258,-213,-247,259]],"type":"Polygon","properties":{"id":"PK512","name":"Karak","parent_id":"PK5","parent_name":"Khyber Pakhtunkhwa","area_sqkm":2648.38621723,"center_lat":33.10125923,"center_lon":71.11055422},"id":"PK512"},{"arcs":[[260,261,262,263,264,265]],"type":"Polygon","properties":{"id":"PK513","name":"Khyber","parent_id":"PK5","parent_name":"Khyber Pakhtunkhwa","area_sqkm":2747.42682026,"center_lat":34.03999341,"center_lon":71.20540631},"id":"PK513"},{"arcs":[[266,267,268,269,-260,-251,270,-262]],"type":"Polygon","properties":{"id":"PK514","name":"Kohat","parent_id":"PK5","parent_name":"Khyber Pakhtunkhwa","area_sqkm":3438.4986077,"center_lat":33.4122454,"center_lon":71.48822723},"id":"PK514"},{"arcs":[[271,272,273,274]],"type":"Polygon","properties":{"id":"PK515","name":"Kohistan Lower","parent_id":"PK5","parent_name":"Khyber Pakhtunkhwa","area_sqkm":823.48391275,"center_lat":35.14968862,"center_lon":72.92296094},"id":"PK515"},{"arcs":[[-196,-168,275,276,-275,277,-201,-199]],"type":"Polygon","properties":{"id":"PK516","name":"Kohistan Upper","parent_id":"PK5","parent_name":"Khyber Pakhtunkhwa","area_sqkm":5484.72716458,"center_lat":35.42281309,"center_lon":73.22132139},"id":"PK516"},{"arcs":[[278,-221,279,-272,-277]],"type":"Polygon","properties":{"id":"PK517","name":"Kolai Palas Kohistan","parent_id":"PK5","parent_name":"Khyber Pakhtunkhwa","area_sqkm":1229.71554569,"center_lat":35.06743769,"center_lon":73.17507477},"id":"PK517"},{"arcs":[[-264,280,-249,281,282]],"type":"Polygon","properties":{"id":"PK518","name":"Kurram","parent_id":"PK5","parent_name":"Khyber Pakhtunkhwa","area_sqkm":3398.38065188,"center_lat":33.68964227,"center_lon":70.38436706},"id":"PK518"},{"arcs":[[-259,283,-245,284,285,-214]],"type":"Polygon","properties":{"id":"PK519","name":"Lakki Marwat","parent_id":"PK5","parent_name":"Khyber Pakhtunkhwa","area_sqkm":3339.82422522,"center_lat":32.57034302,"center_lon":70.87971831},"id":"PK519"},{"arcs":[[286,287,-212,288,289]],"type":"Polygon","properties":{"id":"PK520","name":"Lower Dir","parent_id":"PK5","parent_name":"Khyber Pakhtunkhwa","area_sqkm":1604.74402536,"center_lat":34.84093998,"center_lon":71.82022236},"id":"PK520"},{"arcs":[[-227,290,-233,291,-209,-288,292]],"type":"Polygon","properties":{"id":"PK521","name":"Malakand","parent_id":"PK5","parent_name":"Khyber Pakhtunkhwa","area_sqkm":905.69548855,"center_lat":34.51663484,"center_lon":71.82362875},"id":"PK521"},{"arcs":[[-29,-27,-208,-257,293,-218,-279,-276,-167]],"type":"Polygon","properties":{"id":"PK522","name":"Mansehra","parent_id":"PK5","parent_name":"Khyber Pakhtunkhwa","area_sqkm":4032.01335155,"center_lat":34.69573444,"center_lon":73.51194286},"id":"PK522"},{"arcs":[[-226,294,295,-229,-291]],"type":"Polygon","properties":{"id":"PK523","name":"Mardan","parent_id":"PK5","parent_name":"Khyber Pakhtunkhwa","area_sqkm":1636.40851631,"center_lat":34.30337073,"center_lon":72.08078636},"id":"PK523"},{"arcs":[[-292,-232,296,-266,297,-210]],"type":"Polygon","properties":{"id":"PK524","name":"Mohmand","parent_id":"PK5","parent_name":"Khyber Pakhtunkhwa","area_sqkm":2261.95277866,"center_lat":34.44608498,"center_lon":71.36649295},"id":"PK524"},{"arcs":[[-248,-216,298,299,-282]],"type":"Polygon","properties":{"id":"PK525","name":"North Waziristan","parent_id":"PK5","parent_name":"Khyber Pakhtunkhwa","area_sqkm":4929.68007597,"center_lat":32.95705063,"center_lon":69.94281704},"id":"PK525"},{"arcs":[[300,301,-268,302,-230,-296]],"type":"Polygon","properties":{"id":"PK526","name":"Nowshera","parent_id":"PK5","parent_name":"Khyber Pakhtunkhwa","area_sqkm":1725.7120937,"center_lat":33.91709153,"center_lon":72.00280899},"id":"PK526"},{"arcs":[[-271,-250,-281,-263]],"type":"Polygon","properties":{"id":"PK527","name":"Orakzai","parent_id":"PK5","parent_name":"Khyber Pakhtunkhwa","area_sqkm":1369.8914274,"center_lat":33.69490257,"center_lon":70.87820005},"id":"PK527"},{"arcs":[[-303,-267,-261,-297,-231]],"type":"Polygon","properties":{"id":"PK528","name":"Peshawar","parent_id":"PK5","parent_name":"Khyber Pakhtunkhwa","area_sqkm":1539.07126618,"center_lat":33.94172579,"center_lon":71.60001124},"id":"PK528"},{"arcs":[[-280,-220,303,-222,304,-273]],"type":"Polygon","properties":{"id":"PK529","name":"Shangla","parent_id":"PK5","parent_name":"Khyber Pakhtunkhwa","area_sqkm":1384.20588591,"center_lat":34.84665636,"center_lon":72.78985421},"id":"PK529"},{"arcs":[[-286,305,-243,-152,-158,306,-299,-215]],"type":"Polygon","properties":{"id":"PK530","name":"South Waziristan","parent_id":"PK5","parent_name":"Khyber Pakhtunkhwa","area_sqkm":6224.4073654,"center_lat":32.29148104,"center_lon":69.67752489},"id":"PK530"},{"arcs":[[-255,307,-301,-295,-225]],"type":"Polygon","properties":{"id":"PK531","name":"Swabi","parent_id":"PK5","parent_name":"Khyber Pakhtunkhwa","area_sqkm":1480.46280927,"center_lat":34.14118681,"center_lon":72.47676184},"id":"PK531"},{"arcs":[[-278,-274,-305,-228,-293,-287,308,-237,-202]],"type":"Polygon","properties":{"id":"PK532","name":"Swat","parent_id":"PK5","parent_name":"Khyber Pakhtunkhwa","area_sqkm":5348.32937554,"center_lat":35.2330758,"center_lon":72.5118498},"id":"PK532"},{"arcs":[[-244,-306,-285]],"type":"Polygon","properties":{"id":"PK533","name":"Tank","parent_id":"PK5","parent_name":"Khyber Pakhtunkhwa","area_sqkm":2818.77858181,"center_lat":32.31868422,"center_lon":70.37376025},"id":"PK533"},{"arcs":[[-219,-294,-256,-223,-304]],"type":"Polygon","properties":{"id":"PK534","name":"Tor Ghar","parent_id":"PK5","parent_name":"Khyber Pakhtunkhwa","area_sqkm":454.38119883,"center_lat":34.55859259,"center_lon":72.87595298},"id":"PK534"},{"arcs":[[-238,-309,-290,309,-234]],"type":"Polygon","properties":{"id":"PK535","name":"Upper Dir","parent_id":"PK5","parent_name":"Khyber Pakhtunkhwa","area_sqkm":3731.82160953,"center_lat":35.3105344,"center_lon":72.0481809},"id":"PK535"},{"arcs":[[-254,310,311,312,-269,-302,-308]],"type":"Polygon","properties":{"id":"PK601","name":"Attock","parent_id":"PK6","parent_name":"Punjab","area_sqkm":6910.04970309,"center_lat":33.50337417,"center_lon":72.42512196},"id":"PK601"},{"arcs":[[313,314,315,316,317]],"type":"Polygon","properties":{"id":"PK602","name":"Bahawalnagar","parent_id":"PK6","parent_name":"Punjab","area_sqkm":8576.76320851,"center_lat":29.57719716,"center_lon":72.9974034},"id":"PK602"},{"arcs":[[-315,318,319,320,321,322,323]],"type":"Polygon","properties":{"id":"PK603","name":"Bahawalpur","parent_id":"PK6","parent_name":"Punjab","area_sqkm":23966.10591837,"center_lat":28.8304431,"center_lon":71.7666501},"id":"PK603"},{"arcs":[[324,325,326,-240,327]],"type":"Polygon","properties":{"id":"PK604","name":"Bhakkar","parent_id":"PK6","parent_name":"Punjab","area_sqkm":8473.12635262,"center_lat":31.68112012,"center_lon":71.33790158},"id":"PK604"},{"arcs":[[328,329,330,331,-312]],"type":"Polygon","properties":{"id":"PK605","name":"Chakwal","parent_id":"PK6","parent_name":"Punjab","area_sqkm":6487.50656477,"center_lat":32.87374483,"center_lon":72.53323807},"id":"PK605"},{"arcs":[[332,333,334,335]],"type":"Polygon","properties":{"id":"PK606","name":"Chiniot","parent_id":"PK6","parent_name":"Punjab","area_sqkm":2602.01927523,"center_lat":31.66979543,"center_lon":72.79243},"id":"PK606"},{"arcs":[[336,337,338,-42,-134,-242]],"type":"Polygon","properties":{"id":"PK607","name":"Dera Ghazi Khan","parent_id":"PK6","parent_name":"Punjab","area_sqkm":11765.67844416,"center_lat":30.48032384,"center_lon":70.4100883},"id":"PK607"},{"arcs":[[339,340,341,342,343,-334,344]],"type":"Polygon","properties":{"id":"PK608","name":"Faisalabad","parent_id":"PK6","parent_name":"Punjab","area_sqkm":5947.43182328,"center_lat":31.2310601,"center_lon":73.19763368},"id":"PK608"},{"arcs":[[345,346,347,348,349]],"type":"Polygon","properties":{"id":"PK609","name":"Gujranwala","parent_id":"PK6","parent_name":"Punjab","area_sqkm":3619.8328547,"center_lat":32.18838648,"center_lon":74.05372074},"id":"PK609"},{"arcs":[[350,-349,351,352,-21,-9]],"type":"Polygon","properties":{"id":"PK610","name":"Gujrat","parent_id":"PK6","parent_name":"Punjab","area_sqkm":3168.33130693,"center_lat":32.71804504,"center_lon":74.03785233},"id":"PK610"},{"arcs":[[353,354,-345,-333,355,356,-347]],"type":"Polygon","properties":{"id":"PK611","name":"Hafizabad","parent_id":"PK6","parent_name":"Punjab","area_sqkm":2277.34435767,"center_lat":32.05113548,"center_lon":73.54302764},"id":"PK611"},{"arcs":[[-335,-344,357,358,359,360,-326,361,362]],"type":"Polygon","properties":{"id":"PK612","name":"Jhang","parent_id":"PK6","parent_name":"Punjab","area_sqkm":6345.11565918,"center_lat":31.17189682,"center_lon":72.14166654},"id":"PK612"},{"arcs":[[-353,363,364,365,-330,366,-22]],"type":"Polygon","properties":{"id":"PK613","name":"Jhelum","parent_id":"PK6","parent_name":"Punjab","area_sqkm":3568.79814408,"center_lat":32.83624202,"center_lon":73.37282857},"id":"PK613"},{"arcs":[[367,368,369,370]],"type":"Polygon","properties":{"id":"PK614","name":"Kasur","parent_id":"PK6","parent_name":"Punjab","area_sqkm":3986.66516315,"center_lat":31.0029126,"center_lon":74.1400032},"id":"PK614"},{"arcs":[[371,372,373,374,375,376,-359]],"type":"Polygon","properties":{"id":"PK615","name":"Khanewal","parent_id":"PK6","parent_name":"Punjab","area_sqkm":4355.7504777,"center_lat":30.31571881,"center_lon":72.06509673},"id":"PK615"},{"arcs":[[-366,377,-362,-325,378,-331]],"type":"Polygon","properties":{"id":"PK616","name":"Khushab","parent_id":"PK6","parent_name":"Punjab","area_sqkm":6599.60051073,"center_lat":32.1248951,"center_lon":72.05275251},"id":"PK616"},{"arcs":[[-371,379,380,381]],"type":"Polygon","properties":{"id":"PK617","name":"Lahore","parent_id":"PK6","parent_name":"Punjab","area_sqkm":1729.89310218,"center_lat":31.48633616,"center_lon":74.40526669},"id":"PK617"},{"arcs":[[-361,382,-337,-241,-327]],"type":"Polygon","properties":{"id":"PK618","name":"Leiah","parent_id":"PK6","parent_name":"Punjab","area_sqkm":6412.72136053,"center_lat":30.9972231,"center_lon":71.28401856},"id":"PK618"},{"arcs":[[383,-323,384,-375]],"type":"Polygon","properties":{"id":"PK619","name":"Lodhran","parent_id":"PK6","parent_name":"Punjab","area_sqkm":2666.34033024,"center_lat":29.67121717,"center_lon":71.7445945},"id":"PK619"},{"arcs":[[-348,-357,385,-364,-352]],"type":"Polygon","properties":{"id":"PK620","name":"Mandi Bahauddin","parent_id":"PK6","parent_name":"Punjab","area_sqkm":2741.66629547,"center_lat":32.43475928,"center_lon":73.4708256},"id":"PK620"},{"arcs":[[-313,-332,-379,-328,-246,-284,-258,-270]],"type":"Polygon","properties":{"id":"PK621","name":"Mianwali","parent_id":"PK6","parent_name":"Punjab","area_sqkm":5960.29596894,"center_lat":32.7042949,"center_lon":71.51477443},"id":"PK621"},{"arcs":[[-376,-385,-322,386]],"type":"Polygon","properties":{"id":"PK622","name":"Multan","parent_id":"PK6","parent_name":"Punjab","area_sqkm":3648.24511683,"center_lat":29.92585886,"center_lon":71.36563106},"id":"PK622"},{"arcs":[[-360,-377,-387,-321,387,388,-338,-383]],"type":"Polygon","properties":{"id":"PK623","name":"Muzaffargarh","parent_id":"PK6","parent_name":"Punjab","area_sqkm":7688.07184639,"center_lat":29.89244746,"center_lon":71.01275141},"id":"PK623"},{"arcs":[[-380,-370,389,-340,-355,390]],"type":"Polygon","properties":{"id":"PK624","name":"Nankana Sahib","parent_id":"PK6","parent_name":"Punjab","area_sqkm":2194.61281403,"center_lat":31.43215984,"center_lon":73.84967683},"id":"PK624"},{"arcs":[[391,392,393]],"type":"Polygon","properties":{"id":"PK625","name":"Narowal","parent_id":"PK6","parent_name":"Punjab","area_sqkm":2376.3135068,"center_lat":32.2057745,"center_lon":75.04336592},"id":"PK625"},{"arcs":[[394,-318,395,396,-341,-390,-369]],"type":"Polygon","properties":{"id":"PK626","name":"Okara","parent_id":"PK6","parent_name":"Punjab","area_sqkm":4437.23687817,"center_lat":30.69713738,"center_lon":73.73344494},"id":"PK626"},{"arcs":[[-317,397,398,-396]],"type":"Polygon","properties":{"id":"PK627","name":"Pakpattan","parent_id":"PK6","parent_name":"Punjab","area_sqkm":2884.28424266,"center_lat":30.28861575,"center_lon":73.30698475},"id":"PK627"},{"arcs":[[[399,400,401,-388,-320]],[[402,403]],[[404,405]]],"type":"MultiPolygon","properties":{"id":"PK628","name":"Rahim Yar Khan","parent_id":"PK6","parent_name":"Punjab","area_sqkm":12848.72205835,"center_lat":28.4853645,"center_lon":70.46052284},"id":"PK628"},{"arcs":[[-389,-402,406,407,-56,-109,-43,-339]],"type":"Polygon","properties":{"id":"PK629","name":"Rajanpur","parent_id":"PK6","parent_name":"Punjab","area_sqkm":12584.64545198,"center_lat":29.14549239,"center_lon":70.15288343},"id":"PK629"},{"arcs":[[-4,-34,-35,-19,-23,-367,-329,-311,-253,-204,-252,-206]],"type":"Polygon","properties":{"id":"PK630","name":"Rawalpindi","parent_id":"PK6","parent_name":"Punjab","area_sqkm":5225.9680358,"center_lat":33.54128533,"center_lon":73.43812736},"id":"PK630"},{"arcs":[[-399,408,-373,409,-342,-397]],"type":"Polygon","properties":{"id":"PK631","name":"Sahiwal","parent_id":"PK6","parent_name":"Punjab","area_sqkm":3228.72015582,"center_lat":30.55010773,"center_lon":72.89607312},"id":"PK631"},{"arcs":[[-386,-356,-336,-363,-378,-365]],"type":"Polygon","properties":{"id":"PK632","name":"Sargodha","parent_id":"PK6","parent_name":"Punjab","area_sqkm":5845.8606836,"center_lat":32.06882987,"center_lon":72.78931955},"id":"PK632"},{"arcs":[[410,-381,-391,-354,-346,411,-392]],"type":"Polygon","properties":{"id":"PK633","name":"Sheikhupura","parent_id":"PK6","parent_name":"Punjab","area_sqkm":3628.42999999,"center_lat":31.71404137,"center_lon":73.98537396},"id":"PK633"},{"arcs":[[-393,-412,-350,-351,-8,412]],"type":"Polygon","properties":{"id":"PK634","name":"Sialkot","parent_id":"PK6","parent_name":"Punjab","area_sqkm":3068.19637917,"center_lat":32.44214906,"center_lon":74.56827469},"id":"PK634"},{"arcs":[[-410,-372,-358,-343]],"type":"Polygon","properties":{"id":"PK635","name":"Toba Tek Singh","parent_id":"PK6","parent_name":"Punjab","area_sqkm":3081.52595378,"center_lat":30.92855181,"center_lon":72.53689753},"id":"PK635"},{"arcs":[[-316,-324,-384,-374,-409,-398]],"type":"Polygon","properties":{"id":"PK636","name":"Vehari","parent_id":"PK6","parent_name":"Punjab","area_sqkm":4499.55699378,"center_lat":29.9828381,"center_lon":72.31882109},"id":"PK636"},{"arcs":[[413,414,415,416,417,418]],"type":"Polygon","properties":{"id":"PK701","name":"Badin","parent_id":"PK7","parent_name":"Sindh","area_sqkm":6574.99399534,"center_lat":24.75188819,"center_lon":68.80112619},"id":"PK701"},{"arcs":[[419,420]],"type":"Polygon","properties":{"id":"PK702","name":"Central Karachi","parent_id":"PK7","parent_name":"Sindh","area_sqkm":65.14430682,"center_lat":24.94788264,"center_lon":67.06042308},"id":"PK702"},{"arcs":[[421,422,423,-117,-94,424]],"type":"Polygon","properties":{"id":"PK703","name":"Dadu","parent_id":"PK7","parent_name":"Sindh","area_sqkm":8017.50979333,"center_lat":26.76755163,"center_lon":67.50524221},"id":"PK703"},{"arcs":[[425,426,427,-421,428,429]],"type":"Polygon","properties":{"id":"PK704","name":"East Karachi","parent_id":"PK7","parent_name":"Sindh","area_sqkm":202.92209824,"center_lat":24.93169635,"center_lon":67.16310677},"id":"PK704"},{"arcs":[[430,431,432,-404,433,-405,434,-407,-401]],"type":"Polygon","properties":{"id":"PK705","name":"Ghotki","parent_id":"PK7","parent_name":"Sindh","area_sqkm":6366.9015852,"center_lat":27.86581219,"center_lon":69.68379543},"id":"PK705"},{"arcs":[[435,436,437,438,439]],"type":"Polygon","properties":{"id":"PK706","name":"Hyderabad","parent_id":"PK7","parent_name":"Sindh","area_sqkm":1018.90994912,"center_lat":25.3549688,"center_lon":68.44437083},"id":"PK706"},{"arcs":[[440,441,442,443,-67,-154]],"type":"Polygon","properties":{"id":"PK707","name":"Jacobabad","parent_id":"PK7","parent_name":"Sindh","area_sqkm":2691.19918092,"center_lat":28.17641888,"center_lon":68.51427896},"id":"PK707"},{"arcs":[[444,445,-438,446,447,-118,-424,448]],"type":"Polygon","properties":{"id":"PK708","name":"Jamshoro","parent_id":"PK7","parent_name":"Sindh","area_sqkm":11230.86677138,"center_lat":25.78587411,"center_lon":67.8521514},"id":"PK708"},{"arcs":[[449,-425,-93,-74,-68,-444]],"type":"Polygon","properties":{"id":"PK709","name":"Kambar Shahdad Kot","parent_id":"PK7","parent_name":"Sindh","area_sqkm":5597.19296558,"center_lat":27.64661333,"center_lon":67.68315593},"id":"PK709"},{"arcs":[[-435,-406,-434,-403,-433,450,451,-441,-153,-51,-408]],"type":"Polygon","properties":{"id":"PK710","name":"Kashmore","parent_id":"PK7","parent_name":"Sindh","area_sqkm":2614.88804631,"center_lat":28.23644396,"center_lon":69.16735286},"id":"PK710"},{"arcs":[[452,453,454,455,456,457,458]],"type":"Polygon","properties":{"id":"PK711","name":"Khairpur","parent_id":"PK7","parent_name":"Sindh","area_sqkm":16005.55620437,"center_lat":26.95958378,"center_lon":68.94114084},"id":"PK711"},{"arcs":[[459,460,461,-426]],"type":"Polygon","properties":{"id":"PK712","name":"Korangi Karachi","parent_id":"PK7","parent_name":"Sindh","area_sqkm":104.292021,"center_lat":24.83296763,"center_lon":67.14577966},"id":"PK712"},{"arcs":[[462,-458,463,-422,-450,-443]],"type":"Polygon","properties":{"id":"PK713","name":"Larkana","parent_id":"PK7","parent_name":"Sindh","area_sqkm":1921.04093378,"center_lat":27.53083887,"center_lon":68.20205345},"id":"PK713"},{"arcs":[[[464,465,-460,-430,466,-113,-448]],[[467]],[[468]],[[469]],[[470]],[[471]],[[472]],[[473]],[[474]],[[475]],[[476]],[[477]]],"type":"MultiPolygon","properties":{"id":"PK714","name":"Malir Karachi","parent_id":"PK7","parent_name":"Sindh","area_sqkm":2726.86074484,"center_lat":25.20658479,"center_lon":67.15990752},"id":"PK714"},{"arcs":[[478,-439,-446,479,480]],"type":"Polygon","properties":{"id":"PK715","name":"Matiari","parent_id":"PK7","parent_name":"Sindh","area_sqkm":1457.94118511,"center_lat":25.77083578,"center_lon":68.42166918},"id":"PK715"},{"arcs":[[481,482,-419,483,484]],"type":"Polygon","properties":{"id":"PK716","name":"Mirpur Khas","parent_id":"PK7","parent_name":"Sindh","area_sqkm":3463.16192375,"center_lat":25.30700511,"center_lon":69.15966851},"id":"PK716"},{"arcs":[[485,-449,-423,-464,-457]],"type":"Polygon","properties":{"id":"PK717","name":"Naushahro Feroze","parent_id":"PK7","parent_name":"Sindh","area_sqkm":3036.86300686,"center_lat":26.88836032,"center_lon":68.09807679},"id":"PK717"},{"arcs":[[486,487,-485,488,-481,489,-455]],"type":"Polygon","properties":{"id":"PK718","name":"Sanghar","parent_id":"PK7","parent_name":"Sindh","area_sqkm":10158.32230876,"center_lat":25.97916664,"center_lon":69.29124101},"id":"PK718"},{"arcs":[[-490,-480,-445,-486,-456]],"type":"Polygon","properties":{"id":"PK719","name":"Shaheed Benazir Abad","parent_id":"PK7","parent_name":"Sindh","area_sqkm":4582.23727887,"center_lat":26.30942815,"center_lon":68.28446911},"id":"PK719"},{"arcs":[[-452,490,-459,-463,-442]],"type":"Polygon","properties":{"id":"PK720","name":"Shikarpur","parent_id":"PK7","parent_name":"Sindh","area_sqkm":2551.82858965,"center_lat":27.92214297,"center_lon":68.57210016},"id":"PK720"},{"arcs":[[[-427,-462,491,-115,492]],[[493]]],"type":"MultiPolygon","properties":{"id":"PK721","name":"South Karachi","parent_id":"PK7","parent_name":"Sindh","area_sqkm":507.62533692,"center_lat":24.89329951,"center_lon":66.84196952},"id":"PK721"},{"arcs":[[[-416,494,495,496]],[[497]]],"type":"MultiPolygon","properties":{"id":"PK722","name":"Sujawal","parent_id":"PK7","parent_name":"Sindh","area_sqkm":8687.46909659,"center_lat":24.38807462,"center_lon":68.15959914},"id":"PK722"},{"arcs":[[-432,498,-453,-491,-451]],"type":"Polygon","properties":{"id":"PK723","name":"Sukkur","parent_id":"PK7","parent_name":"Sindh","area_sqkm":5178.71431705,"center_lat":27.5452996,"center_lon":69.06538781},"id":"PK723"},{"arcs":[[-484,-418,499,-440,-479,-489]],"type":"Polygon","properties":{"id":"PK724","name":"Tando Allahyar","parent_id":"PK7","parent_name":"Sindh","area_sqkm":1544.21552184,"center_lat":25.48053282,"center_lon":68.75265076},"id":"PK724"},{"arcs":[[-417,-497,500,-436,-500]],"type":"Polygon","properties":{"id":"PK725","name":"Tando Muhammad Khan","parent_id":"PK7","parent_name":"Sindh","area_sqkm":1676.88704183,"center_lat":25.02470227,"center_lon":68.46005036},"id":"PK725"},{"arcs":[[-414,-483,501,502]],"type":"Polygon","properties":{"id":"PK726","name":"Tharparkar","parent_id":"PK7","parent_name":"Sindh","area_sqkm":19682.93368476,"center_lat":24.94313761,"center_lon":70.24100586},"id":"PK726"},{"arcs":[[[-437,-501,-496,503,-465,-447]],[[504]],[[505]],[[506]],[[507]],[[508]],[[509]],[[510]],[[511]],[[512]],[[513]],[[514]],[[515]],[[516]],[[517]],[[518]],[[519]],[[520]],[[521]],[[522]],[[523]]],"type":"MultiPolygon","properties":{"id":"PK727","name":"Thatta","parent_id":"PK7","parent_name":"Sindh","area_sqkm":7630.46055566,"center_lat":24.69419785,"center_lon":67.70902408},"id":"PK727"},{"arcs":[[524,-502,-482,-488]],"type":"Polygon","properties":{"id":"PK728","name":"Umer Kot","parent_id":"PK7","parent_name":"Sindh","area_sqkm":5489.58552876,"center_lat":25.33269304,"center_lon":69.81135762},"id":"PK728"},{"arcs":[[-429,-420,-428,-493,-114,-467]],"type":"Polygon","properties":{"id":"PK729","name":"West Karachi","parent_id":"PK7","parent_name":"Sindh","area_sqkm":241.76628397,"center_lat":24.98689727,"center_lon":67.00838153},"id":"PK729"}]}}}