{
"type": "FeatureCollection",
"name": "health",
"crs": { "type": "name", "properties": { "name": "urn:ogc:def:crs:OGC:1.3:CRS84" } },
"features": [
{ "type": "Feature", "properties": { "name": "Shahbaz Family Care Clinic", "amenity": "clinic", "healthcare": "clinic", "addr_city": "Karachi", "osm_id": 12143606320, "osm_type": "nodes" }, "geometry": { "type": "Point", "coordinates": [ 67.0156662, 24.8762574 ] } },
{ "type": "Feature", "properties": { "name": "Ankle Seria Hospital", "amenity": "hospital", "healthcare": null, "addr_city": "Karachi", "osm_id": 5126962161, "osm_type": "nodes" }, "geometry": { "type": "Point", "coordinates": [ 67.0236386, 24.8670082 ] } },
{ "type": "Feature", "properties": { "name": "ISM Hospital", "amenity": "hospital", "healthcare": null, "addr_city": "Karachi", "osm_id": 5128018441, "osm_type": "nodes" }, "geometry": { "type": "Point", "coordinates": [ 67.0239181, 24.8666206 ] } },
{ "type": "Feature", "properties": { "name": "Noor Medical Centre & Pharmacy", "amenity": "hospital", "healthcare": "hospital", "addr_city": "Karachi", "osm_id": 12143745369, "osm_type": "nodes" }, "geometry": { "type": "Point", "coordinates": [ 67.018528, 24.8766121 ] } },
{ "type": "Feature", "properties": { "name": "Zubair Hospital", "amenity": "hospital", "healthcare": "hospital", "addr_city": "Karachi", "osm_id": 12143477393, "osm_type": "nodes" }, "geometry": { "type": "Point", "coordinates": [ 67.0158788, 24.8753147 ] } },
{ "type": "Feature", "properties": { "name": "Ayesha Clinic", "amenity": "doctors", "healthcare": "doctor", "addr_city": "Karachi", "osm_id": 12143802314, "osm_type": "nodes" }, "geometry": { "type": "Point", "coordinates": [ 67.0188726, 24.8767902 ] } },
{ "type": "Feature", "properties": { "name": "ZEMAL CLINIC", "amenity": "doctors", "healthcare": "doctor", "addr_city": "Karachi", "osm_id": 12146547766, "osm_type": "nodes" }, "geometry": { "type": "Point", "coordinates": [ 67.0191934, 24.878392 ] } },
{ "type": "Feature", "properties": { "name": "Faiz general and skin care walfare clinic", "amenity": "doctors", "healthcare": "doctor", "addr_city": "Karachi", "osm_id": 12147650201, "osm_type": "nodes" }, "geometry": { "type": "Point", "coordinates": [ 67.0267055, 24.8733092 ] } },
{ "type": "Feature", "properties": { "name": "F.I.N MEDICOS", "amenity": "pharmacy", "healthcare": "pharmacy", "addr_city": "Karachi", "osm_id": 12167867060, "osm_type": "nodes" }, "geometry": { "type": "Point", "coordinates": [ 67.0267586, 24.8823919 ] } },
{ "type": "Feature", "properties": { "name": "Ashiq Memorial Hospital", "amenity": "hospital", "healthcare": "hospital", "addr_city": "Karachi", "osm_id": 12188129311, "osm_type": "nodes" }, "geometry": { "type": "Point", "coordinates": [ 67.0869931, 24.8477274 ] } },
{ "type": "Feature", "properties": { "name": "Modern Dental Clinic", "amenity": "dentist", "healthcare": "dentist", "addr_city": "Karachi", "osm_id": 12194334386, "osm_type": "nodes" }, "geometry": { "type": "Point", "coordinates": [ 67.0241027, 24.8674145 ] } },
{ "type": "Feature", "properties": { "name": "Dr Akhtar Khan Rajas Clinic", "amenity": "hospital", "healthcare": "hospital", "addr_city": "Karachi", "osm_id": 12191285743, "osm_type": "nodes" }, "geometry": { "type": "Point", "coordinates": [ 67.0239138, 24.8667638 ] } },
{ "type": "Feature", "properties": { "name": "Makki Medical & Makki Optical", "amenity": "pharmacy", "healthcare": "pharmacy", "addr_city": "Karachi", "osm_id": 12191561713, "osm_type": "nodes" }, "geometry": { "type": "Point", "coordinates": [ 67.023849, 24.86679 ] } },
{ "type": "Feature", "properties": { "name": "Skin Clinic", "amenity": "doctors", "healthcare": "doctor", "addr_city": "Karachi", "osm_id": 12191660156, "osm_type": "nodes" }, "geometry": { "type": "Point", "coordinates": [ 67.0239231, 24.8667556 ] } },
{ "type": "Feature", "properties": { "name": "Prof Dr Khalid Mehmood", "amenity": "doctors", "healthcare": "doctor", "addr_city": "Karachi", "osm_id": 12191822011, "osm_type": "nodes" }, "geometry": { "type": "Point", "coordinates": [ 67.023447, 24.8668907 ] } },
{ "type": "Feature", "properties": { "name": "COMPANIONS - The Pet Clinic", "amenity": "clinic", "healthcare": "clinic", "addr_city": "Karachi", "osm_id": 12213573227, "osm_type": "nodes" }, "geometry": { "type": "Point", "coordinates": [ 67.026454, 24.8668657 ] } },
{ "type": "Feature", "properties": { "name": "The Liver Centre", "amenity": "hospital", "healthcare": "hospital", "addr_city": "Karachi", "osm_id": 12213606437, "osm_type": "nodes" }, "geometry": { "type": "Point", "coordinates": [ 67.0242554, 24.8667858 ] } },
{ "type": "Feature", "properties": { "name": "H.U.S.R", "amenity": "hospital", "healthcare": "hospital", "addr_city": "karachi", "osm_id": 12218742073, "osm_type": "nodes" }, "geometry": { "type": "Point", "coordinates": [ 67.0318374, 24.8706185 ] } },
{ "type": "Feature", "properties": { "name": "Amir Medicos", "amenity": "pharmacy", "healthcare": "pharmacy", "addr_city": "Karachi", "osm_id": 12233229014, "osm_type": "nodes" }, "geometry": { "type": "Point", "coordinates": [ 67.0310235, 24.8743984 ] } },
{ "type": "Feature", "properties": { "name": "Zainab Medical & General Store", "amenity": "hospital", "healthcare": "hospital", "addr_city": "Karachi", "osm_id": 12233234722, "osm_type": "nodes" }, "geometry": { "type": "Point", "coordinates": [ 67.0302293, 24.8739056 ] } },
{ "type": "Feature", "properties": { "name": null, "amenity": "hospital", "healthcare": "hospital", "addr_city": null, "osm_id": 12252648136, "osm_type": "nodes" }, "geometry": { "type": "Point", "coordinates": [ 67.0103367, 24.8586173 ] } },
{ "type": "Feature", "properties": { "name": "Virji Clinic", "amenity": "hospital", "healthcare": "hospital", "addr_city": "Karachi", "osm_id": 12255446809, "osm_type": "nodes" }, "geometry": { "type": "Point", "coordinates": [ 67.0356034, 24.8735797 ] } },
{ "type": "Feature", "properties": { "name": "Fanara Scientific Company (FSC)", "amenity": null, "healthcare": "laboratory", "addr_city": "Karachi", "osm_id": 12213600922, "osm_type": "nodes" }, "geometry": { "type": "Point", "coordinates": [ 67.0243917, 24.8668388 ] } },
{ "type": "Feature", "properties": { "name": "Fazal Din", "amenity": "pharmacy", "healthcare": null, "addr_city": "Lahore", "osm_id": 4916641152, "osm_type": "nodes" }, "geometry": { "type": "Point", "coordinates": [ 74.2984538, 31.4832308 ] } },
{ "type": "Feature", "properties": { "name": "Khawaja Brothers Pharmacy", "amenity": "pharmacy", "healthcare": null, "addr_city": "Lahore", "osm_id": 4916641153, "osm_type": "nodes" }, "geometry": { "type": "Point", "coordinates": [ 74.2977205, 31.482821 ] } },
{ "type": "Feature", "properties": { "name": "BHU Plus Ghazi Khan Khuhawar", "amenity": "hospital", "healthcare": "hospital", "addr_city": "Qambar Shahdadkot", "osm_id": 11919183738, "osm_type": "nodes" }, "geometry": { "type": "Point", "coordinates": [ 68.0879845, 27.6101617 ] } },
{ "type": "Feature", "properties": { "name": "MCHC Nasirabad", "amenity": "hospital", "healthcare": "hospital", "addr_city": "Kamber", "osm_id": 11708092545, "osm_type": "nodes" }, "geometry": { "type": "Point", "coordinates": [ 67.9168042, 27.3867382 ] } },
{ "type": "Feature", "properties": { "name": "BHU\tGIDARAPAN", "amenity": "hospital", "healthcare": "hospital", "addr_city": "Sanghar", "osm_id": 11919183737, "osm_type": "nodes" }, "geometry": { "type": "Point", "coordinates": [ 68.5341481, 25.8525575 ] } },
{ "type": "Feature", "properties": { "name": "Indus Hospital", "amenity": "hospital", "healthcare": null, "addr_city": "?????", "osm_id": 5128445381, "osm_type": "nodes" }, "geometry": { "type": "Point", "coordinates": [ 67.0100599, 24.8613787 ] } },
{ "type": "Feature", "properties": { "name": "Childlife Foundation - CHK Pediatric ER", "amenity": "hospital", "healthcare": null, "addr_city": "?????", "osm_id": 5133026860, "osm_type": "nodes" }, "geometry": { "type": "Point", "coordinates": [ 67.0110611, 24.859876 ] } },
{ "type": "Feature", "properties": { "name": "Benazir Trauma Center", "amenity": "hospital", "healthcare": null, "addr_city": "?????", "osm_id": 5109119036, "osm_type": "nodes" }, "geometry": { "type": "Point", "coordinates": [ 67.0107937, 24.8605826 ] } },
{ "type": "Feature", "properties": { "name": "MALC Liaquatabad Leprosy Centre", "amenity": "hospital", "healthcare": "hospital", "addr_city": "Liaquatabad Town", "osm_id": 10688735637, "osm_type": "nodes" }, "geometry": { "type": "Point", "coordinates": [ 67.0435946, 24.9010026 ] } },
{ "type": "Feature", "properties": { "name": "????? ??????", "amenity": "hospital", "healthcare": "hospital", "addr_city": "???? ????", "osm_id": 2913763715, "osm_type": "nodes" }, "geometry": { "type": "Point", "coordinates": [ 73.0719575, 31.416341 ] } },
{ "type": "Feature", "properties": { "name": "Dr.Aziz-ur-Rehman(Hepatologist)|Best gastroenterologist Doctor in Taj Medical Complex Saddar Karachi", "amenity": "doctors", "healthcare": "doctor", "addr_city": "Karachi", "osm_id": 12273345468, "osm_type": "nodes" }, "geometry": { "type": "Point", "coordinates": [ 67.0304704, 24.8679434 ] } },
{ "type": "Feature", "properties": { "name": "Dental supply store Unique enterprises dental supplies", "amenity": "dentist", "healthcare": "dentist", "addr_city": "Karachi", "osm_id": 12273378202, "osm_type": "nodes" }, "geometry": { "type": "Point", "coordinates": [ 67.0291732, 24.8673079 ] } },
{ "type": "Feature", "properties": { "name": "Rana Clinic", "amenity": "clinic", "healthcare": "clinic", "addr_city": "Karachi", "osm_id": 12273247859, "osm_type": "nodes" }, "geometry": { "type": "Point", "coordinates": [ 67.0371035, 24.8689863 ] } },
{ "type": "Feature", "properties": { "name": "Zohair Medical Store", "amenity": "pharmacy", "healthcare": "pharmacy", "addr_city": "Karachi", "osm_id": 12273273647, "osm_type": "nodes" }, "geometry": { "type": "Point", "coordinates": [ 67.0336918, 24.8690428 ] } },
{ "type": "Feature", "properties": { "name": "Carachi Hearing Aid Center", "amenity": "doctors", "healthcare": "doctor", "addr_city": "Karachi", "osm_id": 12273321188, "osm_type": "nodes" }, "geometry": { "type": "Point", "coordinates": [ 67.0290378, 24.8672818 ] } },
{ "type": "Feature", "properties": { "name": "BHU Dhani Parto Rajpar", "amenity": "hospital", "healthcare": "hospital", "addr_city": "Sanghar", "osm_id": 11896623009, "osm_type": "nodes" }, "geometry": { "type": "Point", "coordinates": [ 69.1086985, 25.9582916 ] } },
{ "type": "Feature", "properties": { "name": "Noor clinic", "amenity": "clinic", "healthcare": "clinic", "addr_city": "Karachi", "osm_id": 12266338773, "osm_type": "nodes" }, "geometry": { "type": "Point", "coordinates": [ 67.0363128, 24.8661721 ] } },
{ "type": "Feature", "properties": { "name": "Qalandari Dawakhana", "amenity": "pharmacy", "healthcare": "pharmacy", "addr_city": "Karachi", "osm_id": 12266025476, "osm_type": "nodes" }, "geometry": { "type": "Point", "coordinates": [ 67.0366968, 24.8657468 ] } },
{ "type": "Feature", "properties": { "name": "Abdullah Consultants Clinic", "amenity": "hospital", "healthcare": "hospital", "addr_city": "Karachi", "osm_id": 12266975140, "osm_type": "nodes" }, "geometry": { "type": "Point", "coordinates": [ 67.0365672, 24.8675258 ] } },
{ "type": "Feature", "properties": { "name": "Aisha medical centre", "amenity": "clinic", "healthcare": "clinic", "addr_city": "Karachi", "osm_id": 12266891704, "osm_type": "nodes" }, "geometry": { "type": "Point", "coordinates": [ 67.0363995, 24.8672702 ] } },
{ "type": "Feature", "properties": { "name": "Rafiq dental clinic", "amenity": "clinic", "healthcare": "clinic", "addr_city": "Karachi", "osm_id": 12267804563, "osm_type": "nodes" }, "geometry": { "type": "Point", "coordinates": [ 67.0363906, 24.8670191 ] } },
{ "type": "Feature", "properties": { "name": "Medical Care Laboratory", "amenity": null, "healthcare": "laboratory", "addr_city": "Karachi", "osm_id": 12273413770, "osm_type": "nodes" }, "geometry": { "type": "Point", "coordinates": [ 67.0142873, 24.8645542 ] } },
{ "type": "Feature", "properties": { "name": "Ultra Chemical Karachi", "amenity": "pharmacy", "healthcare": null, "addr_city": "Karachi", "osm_id": 4769518735, "osm_type": "nodes" }, "geometry": { "type": "Point", "coordinates": [ 67.111086, 24.8436442 ] } },
{ "type": "Feature", "properties": { "name": "SubCentre,Dall", "amenity": null, "healthcare": "centre", "addr_city": null, "osm_id": 8195912039, "osm_type": "nodes" }, "geometry": { "type": "Point", "coordinates": [ 74.5734733, 31.3556274 ] } },
{ "type": "Feature", "properties": { "name": "PPHI", "amenity": "hospital", "healthcare": null, "addr_city": null, "osm_id": 8099603618, "osm_type": "nodes" }, "geometry": { "type": "Point", "coordinates": [ 68.3165275, 25.3837854 ] } },
{ "type": "Feature", "properties": { "name": "Ali Mohd Khaskheli", "amenity": "hospital", "healthcare": "hospital", "addr_city": null, "osm_id": 11896664231, "osm_type": "nodes" }, "geometry": { "type": "Point", "coordinates": [ 69.0057668, 24.6196457 ] } },
{ "type": "Feature", "properties": { "name": "ED Haji Gul Mohammad Jamali", "amenity": "hospital", "healthcare": "hospital", "addr_city": null, "osm_id": 11896689341, "osm_type": "nodes" }, "geometry": { "type": "Point", "coordinates": [ 68.9637159, 24.5567357 ] } },
{ "type": "Feature", "properties": { "name": "Saeed Khan Bhugari", "amenity": "hospital", "healthcare": "hospital", "addr_city": null, "osm_id": 11896661881, "osm_type": "nodes" }, "geometry": { "type": "Point", "coordinates": [ 69.0645318, 24.6654006 ] } },
{ "type": "Feature", "properties": { "name": "Abdul Rafay Clinic", "amenity": "clinic", "healthcare": "clinic", "addr_city": "Tando Allahyar", "osm_id": 4883192342, "osm_type": "nodes" }, "geometry": { "type": "Point", "coordinates": [ 68.7188969, 25.46468 ] } },
{ "type": "Feature", "properties": { "name": "GD Ranwati", "amenity": "hospital", "healthcare": "hospital", "addr_city": null, "osm_id": 11896654682, "osm_type": "nodes" }, "geometry": { "type": "Point", "coordinates": [ 68.0376173, 27.6807204 ] } },
{ "type": "Feature", "properties": { "name": "MohdAli Guramani", "amenity": "hospital", "healthcare": "hospital", "addr_city": null, "osm_id": 11896667459, "osm_type": "nodes" }, "geometry": { "type": "Point", "coordinates": [ 67.9121936, 27.6391021 ] } },
{ "type": "Feature", "properties": { "name": "Plus Arzi Bhutto", "amenity": "hospital", "healthcare": "hospital", "addr_city": null, "osm_id": 11896686192, "osm_type": "nodes" }, "geometry": { "type": "Point", "coordinates": [ 68.1518783, 27.8317774 ] } },
{ "type": "Feature", "properties": { "name": "Plus Bhambho Khan Chandio", "amenity": "hospital", "healthcare": "hospital", "addr_city": null, "osm_id": 11896717033, "osm_type": "nodes" }, "geometry": { "type": "Point", "coordinates": [ 68.0773108, 27.6914572 ] } },
{ "type": "Feature", "properties": { "name": "BHU\tNabisar Thar", "amenity": "hospital", "healthcare": "hospital", "addr_city": null, "osm_id": 11896681151, "osm_type": "nodes" }, "geometry": { "type": "Point", "coordinates": [ 69.6429702, 25.0729517 ] } },
{ "type": "Feature", "properties": { "name": "BHU Kunri Memon", "amenity": "hospital", "healthcare": "hospital", "addr_city": null, "osm_id": 11896681148, "osm_type": "nodes" }, "geometry": { "type": "Point", "coordinates": [ 69.5815632, 25.1542354 ] } },
{ "type": "Feature", "properties": { "name": "GD DILOR MORI", "amenity": "hospital", "healthcare": "hospital", "addr_city": "Sanghar", "osm_id": 11896655148, "osm_type": "nodes" }, "geometry": { "type": "Point", "coordinates": [ 68.7934655, 25.8458944 ] } },
{ "type": "Feature", "properties": { "name": "Hamal", "amenity": "hospital", "healthcare": "hospital", "addr_city": null, "osm_id": 11896618344, "osm_type": "nodes" }, "geometry": { "type": "Point", "coordinates": [ 67.6204132, 27.3869079 ] } },
{ "type": "Feature", "properties": { "name": "GD Sadique Machi", "amenity": "hospital", "healthcare": "hospital", "addr_city": null, "osm_id": 11896682610, "osm_type": "nodes" }, "geometry": { "type": "Point", "coordinates": [ 68.0058698, 27.58592 ] } },
{ "type": "Feature", "properties": { "name": "Sijawal Dhoodho", "amenity": "hospital", "healthcare": "hospital", "addr_city": null, "osm_id": 11896686415, "osm_type": "nodes" }, "geometry": { "type": "Point", "coordinates": [ 69.2922387, 27.955672 ] } },
{ "type": "Feature", "properties": { "name": "DCD Hayat Solangi", "amenity": "hospital", "healthcare": "hospital", "addr_city": null, "osm_id": 11896686193, "osm_type": "nodes" }, "geometry": { "type": "Point", "coordinates": [ 68.9978253, 24.6341747 ] } },
{ "type": "Feature", "properties": { "name": "Ghatahar", "amenity": "hospital", "healthcare": "hospital", "addr_city": null, "osm_id": 11896620789, "osm_type": "nodes" }, "geometry": { "type": "Point", "coordinates": [ 67.9671579, 27.5333079 ] } },
{ "type": "Feature", "properties": { "name": "Basic Health Facility Gharo", "amenity": "hospital", "healthcare": "hospital", "addr_city": null, "osm_id": 11896623023, "osm_type": "nodes" }, "geometry": { "type": "Point", "coordinates": [ 68.7332749, 24.5439195 ] } },
{ "type": "Feature", "properties": { "name": "BHU Ghulam Hussain Parhyar", "amenity": "hospital", "healthcare": "hospital", "addr_city": null, "osm_id": 11896623904, "osm_type": "nodes" }, "geometry": { "type": "Point", "coordinates": [ 68.7279607, 24.5500137 ] } },
{ "type": "Feature", "properties": { "name": "Panhwer Mori", "amenity": "hospital", "healthcare": "hospital", "addr_city": null, "osm_id": 11896620729, "osm_type": "nodes" }, "geometry": { "type": "Point", "coordinates": [ 69.0831807, 24.4889867 ] } },
{ "type": "Feature", "properties": { "name": "BHU Hammar Parhyar", "amenity": "hospital", "healthcare": "hospital", "addr_city": null, "osm_id": 11896619925, "osm_type": "nodes" }, "geometry": { "type": "Point", "coordinates": [ 68.7711056, 24.5747955 ] } },
{ "type": "Feature", "properties": { "name": "Ghulam Ali Magsi", "amenity": "hospital", "healthcare": "hospital", "addr_city": null, "osm_id": 11896642891, "osm_type": "nodes" }, "geometry": { "type": "Point", "coordinates": [ 67.9560726, 27.7272056 ] } },
{ "type": "Feature", "properties": { "name": "Gogharo", "amenity": "hospital", "healthcare": "hospital", "addr_city": null, "osm_id": 11896631325, "osm_type": "nodes" }, "geometry": { "type": "Point", "coordinates": [ 68.0040891, 27.4723587 ] } },
{ "type": "Feature", "properties": { "name": "BHU Mian Dad Chinjni", "amenity": "hospital", "healthcare": "hospital", "addr_city": null, "osm_id": 11896646759, "osm_type": "nodes" }, "geometry": { "type": "Point", "coordinates": [ 67.91069, 27.3533148 ] } },
{ "type": "Feature", "properties": { "name": "GD Mavji Kohli", "amenity": "hospital", "healthcare": "hospital", "addr_city": null, "osm_id": 11896645394, "osm_type": "nodes" }, "geometry": { "type": "Point", "coordinates": [ 68.7241986, 24.6206361 ] } },
{ "type": "Feature", "properties": { "name": "BHU MARO DERA", "amenity": "hospital", "healthcare": "hospital", "addr_city": null, "osm_id": 11896613803, "osm_type": "nodes" }, "geometry": { "type": "Point", "coordinates": [ 68.0022309, 27.3862734 ] } },
{ "type": "Feature", "properties": { "name": "BHU Mian Dad Chinjni", "amenity": "hospital", "healthcare": "hospital", "addr_city": null, "osm_id": 11896624866, "osm_type": "nodes" }, "geometry": { "type": "Point", "coordinates": [ 67.8849773, 27.3474329 ] } },
{ "type": "Feature", "properties": { "name": "Artallary Chak", "amenity": "hospital", "healthcare": "hospital", "addr_city": null, "osm_id": 11896620428, "osm_type": "nodes" }, "geometry": { "type": "Point", "coordinates": [ 69.1204701, 24.5497255 ] } },
{ "type": "Feature", "properties": { "name": "ED Allah Bachayo Hajjam", "amenity": "hospital", "healthcare": "hospital", "addr_city": null, "osm_id": 11896659713, "osm_type": "nodes" }, "geometry": { "type": "Point", "coordinates": [ 68.7220358, 24.6561822 ] } },
{ "type": "Feature", "properties": { "name": "Basic Health Unit Bahdmi", "amenity": "hospital", "healthcare": "hospital", "addr_city": null, "osm_id": 11896576355, "osm_type": "nodes" }, "geometry": { "type": "Point", "coordinates": [ 68.9337464, 24.3945167 ] } },
{ "type": "Feature", "properties": { "name": "BHU\tPadhriyo Farm", "amenity": "hospital", "healthcare": "hospital", "addr_city": null, "osm_id": 11896681153, "osm_type": "nodes" }, "geometry": { "type": "Point", "coordinates": [ 69.4606092, 25.2093307 ] } },
{ "type": "Feature", "properties": { "name": "BHU Samaro Road", "amenity": "hospital", "healthcare": "hospital", "addr_city": null, "osm_id": 11896681155, "osm_type": "nodes" }, "geometry": { "type": "Point", "coordinates": [ 69.4501472, 25.3055013 ] } },
{ "type": "Feature", "properties": { "name": "BHU\tKUMB DARHOO", "amenity": "hospital", "healthcare": "hospital", "addr_city": null, "osm_id": 11896626777, "osm_type": "nodes" }, "geometry": { "type": "Point", "coordinates": [ 68.5435951, 25.8318489 ] } },
{ "type": "Feature", "properties": { "name": "ED Gul Muhammad Chang", "amenity": "hospital", "healthcare": "hospital", "addr_city": null, "osm_id": 11896608950, "osm_type": "nodes" }, "geometry": { "type": "Point", "coordinates": [ 68.7923462, 24.5857927 ] } },
{ "type": "Feature", "properties": { "name": "GD Allahbad", "amenity": "hospital", "healthcare": "hospital", "addr_city": null, "osm_id": 11896638977, "osm_type": "nodes" }, "geometry": { "type": "Point", "coordinates": [ 68.741547, 24.5931474 ] } },
{ "type": "Feature", "properties": { "name": "2 Khuda Bux Wahocho   BHU Khandu   Basic Health Unit Khandoo   BHU Mian Dad Chinjni  BHU Khuda Bux Wahoocho", "amenity": "hospital", "healthcare": "hospital", "addr_city": null, "osm_id": 11896633577, "osm_type": "nodes" }, "geometry": { "type": "Point", "coordinates": [ 67.8675507, 27.4230453 ] } },
{ "type": "Feature", "properties": { "name": "Saboo Khan Chang", "amenity": "hospital", "healthcare": "hospital", "addr_city": null, "osm_id": 11896591229, "osm_type": "nodes" }, "geometry": { "type": "Point", "coordinates": [ 68.8517281, 24.4648687 ] } },
{ "type": "Feature", "properties": { "name": "Chakyani", "amenity": "hospital", "healthcare": "hospital", "addr_city": null, "osm_id": 11896613869, "osm_type": "nodes" }, "geometry": { "type": "Point", "coordinates": [ 67.9815809, 27.8345312 ] } },
{ "type": "Feature", "properties": { "name": "Smile Hub Clinics", "amenity": "dentist", "healthcare": "dentist", "addr_city": "Lahore", "osm_id": 8018745638, "osm_type": "nodes" }, "geometry": { "type": "Point", "coordinates": [ 74.2747392, 31.4621823 ] } },
{ "type": "Feature", "properties": { "name": "????? ???? ?????s", "amenity": "clinic", "healthcare": null, "addr_city": "Lahore", "osm_id": 4912575641, "osm_type": "nodes" }, "geometry": { "type": "Point", "coordinates": [ 74.3159795, 31.5985625 ] } },
{ "type": "Feature", "properties": { "name": "site for Alhamd Hospital", "amenity": "hospital", "healthcare": null, "addr_city": null, "osm_id": 4957438621, "osm_type": "nodes" }, "geometry": { "type": "Point", "coordinates": [ 73.9213914, 31.8205754 ] } },
{ "type": "Feature", "properties": { "name": "???? ???? ??????", "amenity": "hospital", "healthcare": null, "addr_city": "Shahdara", "osm_id": 4910585768, "osm_type": "nodes" }, "geometry": { "type": "Point", "coordinates": [ 74.2546268, 31.6176665 ] } },
{ "type": "Feature", "properties": { "name": "Site for AlHamd Hospital", "amenity": "hospital", "healthcare": null, "addr_city": null, "osm_id": 4935296521, "osm_type": "nodes" }, "geometry": { "type": "Point", "coordinates": [ 73.9211983, 31.8207061 ] } },
{ "type": "Feature", "properties": { "name": "AlHamd hospital", "amenity": "hospital", "healthcare": null, "addr_city": null, "osm_id": 4957438821, "osm_type": "nodes" }, "geometry": { "type": "Point", "coordinates": [ 73.9216989, 31.8205695 ] } },
{ "type": "Feature", "properties": { "name": "RHC GARHI HASSAN SARKI", "amenity": "hospital", "healthcare": null, "addr_city": null, "osm_id": 5539297221, "osm_type": "nodes" }, "geometry": { "type": "Point", "coordinates": [ 68.7373859, 28.3301101 ] } },
{ "type": "Feature", "properties": { "name": "Taulka Hospital Kandiaro", "amenity": "hospital", "healthcare": "hospital", "addr_city": "Kandiaro", "osm_id": 5255206886, "osm_type": "nodes" }, "geometry": { "type": "Point", "coordinates": [ 68.213532, 27.0540582 ] } },
{ "type": "Feature", "properties": { "name": "Dr. Zakaria Rao", "amenity": "clinic", "healthcare": null, "addr_city": null, "osm_id": 5406055828, "osm_type": "nodes" }, "geometry": { "type": "Point", "coordinates": [ 69.0184786, 25.5221433 ] } },
{ "type": "Feature", "properties": { "name": "Ali Medicare", "amenity": "hospital", "healthcare": null, "addr_city": null, "osm_id": 5384788146, "osm_type": "nodes" }, "geometry": { "type": "Point", "coordinates": [ 69.0203427, 25.5279032 ] } },
{ "type": "Feature", "properties": { "name": "Dr. Lata Kamal", "amenity": "clinic", "healthcare": null, "addr_city": null, "osm_id": 5384788147, "osm_type": "nodes" }, "geometry": { "type": "Point", "coordinates": [ 69.0207297, 25.5295533 ] } },
{ "type": "Feature", "properties": { "name": "Raheela Soomro", "amenity": "clinic", "healthcare": null, "addr_city": null, "osm_id": 5384788148, "osm_type": "nodes" }, "geometry": { "type": "Point", "coordinates": [ 69.0079439, 25.5316022 ] } },
{ "type": "Feature", "properties": { "name": "Dr. M. A. Khan", "amenity": "clinic", "healthcare": null, "addr_city": null, "osm_id": 5384787756, "osm_type": "nodes" }, "geometry": { "type": "Point", "coordinates": [ 69.0084473, 25.5158508 ] } },
{ "type": "Feature", "properties": { "name": "Dr. Zia ul Baaqi Ansari", "amenity": "clinic", "healthcare": null, "addr_city": null, "osm_id": 5355902891, "osm_type": "nodes" }, "geometry": { "type": "Point", "coordinates": [ 69.0214836, 25.5287752 ] } },
{ "type": "Feature", "properties": { "name": "Dr. Rafia Manthar", "amenity": "clinic", "healthcare": null, "addr_city": null, "osm_id": 5355903427, "osm_type": "nodes" }, "geometry": { "type": "Point", "coordinates": [ 69.0153021, 25.5259865 ] } },
{ "type": "Feature", "properties": { "name": "Red Crescent Hospital", "amenity": "hospital", "healthcare": "hospital", "addr_city": "Sukkur", "osm_id": 5336525291, "osm_type": "nodes" }, "geometry": { "type": "Point", "coordinates": [ 68.8663517, 27.6968103 ] } },
{ "type": "Feature", "properties": { "name": "Bilal Welfare Hospital", "amenity": "hospital", "healthcare": null, "addr_city": "Karachi", "osm_id": 5091556132, "osm_type": "nodes" }, "geometry": { "type": "Point", "coordinates": [ 66.9367266, 24.8667544 ] } },
{ "type": "Feature", "properties": { "name": "MSF Clinic", "amenity": "clinic", "healthcare": null, "addr_city": "Karachi", "osm_id": 5132720047, "osm_type": "nodes" }, "geometry": { "type": "Point", "coordinates": [ 66.9796456, 24.8682387 ] } },
{ "type": "Feature", "properties": { "name": "Ziauddin Hospital (Keamari)", "amenity": "hospital", "healthcare": null, "addr_city": "Karachi", "osm_id": 5130890307, "osm_type": "nodes" }, "geometry": { "type": "Point", "coordinates": [ 67.0033913, 24.8163998 ] } },
{ "type": "Feature", "properties": { "name": "Dar Al Shifa Medical & Dental Center", "amenity": "clinic", "healthcare": null, "addr_city": "Karachi", "osm_id": 5130498587, "osm_type": "nodes" }, "geometry": { "type": "Point", "coordinates": [ 67.0704406, 24.8135483 ] } },
{ "type": "Feature", "properties": { "name": "?????? ???? ??? ??????? ????", "amenity": "hospital", "healthcare": "hospital", "addr_city": null, "osm_id": 11750585770, "osm_type": "nodes" }, "geometry": { "type": "Point", "coordinates": [ 73.5301643, 32.0632643 ] } },
{ "type": "Feature", "properties": { "name": "Israre Shifa Hospital", "amenity": "hospital", "healthcare": "hospital", "addr_city": "Sukkur", "osm_id": 5259602116, "osm_type": "nodes" }, "geometry": { "type": "Point", "coordinates": [ 68.8142923, 27.7233412 ] } },
{ "type": "Feature", "properties": { "name": "Dr Khursheed Sheikh Hospital", "amenity": "hospital", "healthcare": "hospital", "addr_city": "Gambat", "osm_id": 5255508530, "osm_type": "nodes" }, "geometry": { "type": "Point", "coordinates": [ 68.521126, 27.3514482 ] } },
{ "type": "Feature", "properties": { "name": "Isra Medical Center", "amenity": "hospital", "healthcare": "hospital", "addr_city": "Gambat", "osm_id": 5255508536, "osm_type": "nodes" }, "geometry": { "type": "Point", "coordinates": [ 68.5203983, 27.356916 ] } },
{ "type": "Feature", "properties": { "name": "Eye Hospital", "amenity": "hospital", "healthcare": "hospital", "addr_city": "Gambat", "osm_id": 5255508538, "osm_type": "nodes" }, "geometry": { "type": "Point", "coordinates": [ 68.5245969, 27.3486438 ] } },
{ "type": "Feature", "properties": { "name": "Ranipur Civil Hospital", "amenity": "hospital", "healthcare": "hospital", "addr_city": "Ranipur Riyast", "osm_id": 5255460661, "osm_type": "nodes" }, "geometry": { "type": "Point", "coordinates": [ 68.5064941, 27.2827368 ] } },
{ "type": "Feature", "properties": { "name": "Wahid Agri Center", "amenity": "pharmacy", "healthcare": "pharmacy", "addr_city": "Ranipur Riyast", "osm_id": 5255390977, "osm_type": "nodes" }, "geometry": { "type": "Point", "coordinates": [ 68.5060163, 27.2851969 ] } },
{ "type": "Feature", "properties": { "name": "Al Faisal Medical Centre", "amenity": "hospital", "healthcare": "hospital", "addr_city": "Sukkur", "osm_id": 5253619488, "osm_type": "nodes" }, "geometry": { "type": "Point", "coordinates": [ 68.8463374, 27.698969 ] } },
{ "type": "Feature", "properties": { "name": "Shabnam Clinic", "amenity": "clinic", "healthcare": "clinic", "addr_city": "Hydrabad", "osm_id": 5251853004, "osm_type": "nodes" }, "geometry": { "type": "Point", "coordinates": [ 68.3600315, 25.3153261 ] } },
{ "type": "Feature", "properties": { "name": "Sir Cowasji Jehangir Institute of Psychiatr", "amenity": "hospital", "healthcare": "hospital", "addr_city": "Karachi", "osm_id": 5254067384, "osm_type": "nodes" }, "geometry": { "type": "Point", "coordinates": [ 68.3307026, 25.3758247 ] } },
{ "type": "Feature", "properties": { "name": "Rural health center", "amenity": null, "healthcare": "yes", "addr_city": "Shahpur Jahania", "osm_id": 5253756616, "osm_type": "nodes" }, "geometry": { "type": "Point", "coordinates": [ 67.9744687, 26.5755737 ] } },
{ "type": "Feature", "properties": { "name": "Al Rehman Maternity Home", "amenity": "clinic", "healthcare": "clinic", "addr_city": "Sukkur", "osm_id": 5252165004, "osm_type": "nodes" }, "geometry": { "type": "Point", "coordinates": [ 68.8466434, 27.6997554 ] } },
{ "type": "Feature", "properties": { "name": "Gambat Hospital", "amenity": "hospital", "healthcare": null, "addr_city": "Gambat", "osm_id": 4959486414, "osm_type": "nodes" }, "geometry": { "type": "Point", "coordinates": [ 68.5222674, 27.3449727 ] } },
{ "type": "Feature", "properties": { "name": "Civil Hospital Kotri", "amenity": "hospital", "healthcare": "hospital", "addr_city": "Kotri", "osm_id": 5219504533, "osm_type": "nodes" }, "geometry": { "type": "Point", "coordinates": [ 68.3073069, 25.3673337 ] } },
{ "type": "Feature", "properties": { "name": "Aqsa Medical Centre", "amenity": "hospital", "healthcare": "hospital", "addr_city": "Gharo", "osm_id": 5218044266, "osm_type": "nodes" }, "geometry": { "type": "Point", "coordinates": [ 67.6034106, 24.7375063 ] } },
{ "type": "Feature", "properties": { "name": "BHU Alam Khan Zardari", "amenity": "hospital", "healthcare": "hospital", "addr_city": null, "osm_id": 11707857419, "osm_type": "nodes" }, "geometry": { "type": "Point", "coordinates": [ 68.5053699, 26.0354236 ] } },
{ "type": "Feature", "properties": { "name": "BHU Ali bux Shah", "amenity": "hospital", "healthcare": "hospital", "addr_city": null, "osm_id": 11708106305, "osm_type": "nodes" }, "geometry": { "type": "Point", "coordinates": [ 68.9427278, 24.7210959 ] } },
{ "type": "Feature", "properties": { "name": "GD Baghli", "amenity": "hospital", "healthcare": "hospital", "addr_city": null, "osm_id": 11708106315, "osm_type": "nodes" }, "geometry": { "type": "Point", "coordinates": [ 68.5584478, 24.8599279 ] } },
{ "type": "Feature", "properties": { "name": "BHU Ali Muhammad Maheere", "amenity": "hospital", "healthcare": "hospital", "addr_city": null, "osm_id": 11708106316, "osm_type": "nodes" }, "geometry": { "type": "Point", "coordinates": [ 68.5224691, 24.8519077 ] } },
{ "type": "Feature", "properties": { "name": "BHU Ahmed Rajo", "amenity": "hospital", "healthcare": "hospital", "addr_city": null, "osm_id": 11708106317, "osm_type": "nodes" }, "geometry": { "type": "Point", "coordinates": [ 68.6235943, 24.4330889 ] } },
{ "type": "Feature", "properties": { "name": "DCD\tTalib Buchyo", "amenity": "hospital", "healthcare": "hospital", "addr_city": null, "osm_id": 11708106318, "osm_type": "nodes" }, "geometry": { "type": "Point", "coordinates": [ 68.7640769, 24.4462295 ] } },
{ "type": "Feature", "properties": { "name": "BHU Lal Bux Notkaini", "amenity": "hospital", "healthcare": "hospital", "addr_city": null, "osm_id": 11708106320, "osm_type": "nodes" }, "geometry": { "type": "Point", "coordinates": [ 68.8538384, 24.5258848 ] } },
{ "type": "Feature", "properties": { "name": "Achar Jakhro", "amenity": "hospital", "healthcare": "hospital", "addr_city": null, "osm_id": 11708091042, "osm_type": "nodes" }, "geometry": { "type": "Point", "coordinates": [ 67.8488986, 24.7980624 ] } },
{ "type": "Feature", "properties": { "name": "PHHI Ghulamullah", "amenity": "hospital", "healthcare": "hospital", "addr_city": null, "osm_id": 11708091045, "osm_type": "nodes" }, "geometry": { "type": "Point", "coordinates": [ 67.8198437, 24.6031015 ] } },
{ "type": "Feature", "properties": { "name": "PHHI Ali Baher", "amenity": "hospital", "healthcare": "hospital", "addr_city": null, "osm_id": 11708091049, "osm_type": "nodes" }, "geometry": { "type": "Point", "coordinates": [ 68.1013038, 24.9278426 ] } },
{ "type": "Feature", "properties": { "name": "Basic Health Unit Chaman Das", "amenity": "hospital", "healthcare": "hospital", "addr_city": null, "osm_id": 11708077278, "osm_type": "nodes" }, "geometry": { "type": "Point", "coordinates": [ 69.1767369, 25.8726984 ] } },
{ "type": "Feature", "properties": { "name": "GD Ubedullah Mastoi", "amenity": "hospital", "healthcare": "hospital", "addr_city": "Qambar", "osm_id": 11708092536, "osm_type": "nodes" }, "geometry": { "type": "Point", "coordinates": [ 68.0001256, 27.7710079 ] } },
{ "type": "Feature", "properties": { "name": "Thoof Chosool", "amenity": "hospital", "healthcare": "hospital", "addr_city": "Qambar", "osm_id": 11708092538, "osm_type": "nodes" }, "geometry": { "type": "Point", "coordinates": [ 68.179445, 27.7085812 ] } },
{ "type": "Feature", "properties": { "name": "GD Luqman Siyal", "amenity": "hospital", "healthcare": "hospital", "addr_city": "Qambar", "osm_id": 11708092539, "osm_type": "nodes" }, "geometry": { "type": "Point", "coordinates": [ 68.054855, 27.8843052 ] } },
{ "type": "Feature", "properties": { "name": "GD Naurang Sharif", "amenity": "hospital", "healthcare": "hospital", "addr_city": "Qambar", "osm_id": 11708092540, "osm_type": "nodes" }, "geometry": { "type": "Point", "coordinates": [ 68.0619701, 27.5884321 ] } },
{ "type": "Feature", "properties": { "name": "Govt Dispensary Sangah PPHI Dispensary", "amenity": "hospital", "healthcare": "hospital", "addr_city": null, "osm_id": 11708092541, "osm_type": "nodes" }, "geometry": { "type": "Point", "coordinates": [ 68.0463355, 27.5801505 ] } },
{ "type": "Feature", "properties": { "name": null, "amenity": "hospital", "healthcare": "hospital", "addr_city": null, "osm_id": 11708092542, "osm_type": "nodes" }, "geometry": { "type": "Point", "coordinates": [ 68.0468139, 27.5175724 ] } },
{ "type": "Feature", "properties": { "name": "MCHC Lau Raunk", "amenity": "hospital", "healthcare": "hospital", "addr_city": null, "osm_id": 11708092543, "osm_type": "nodes" }, "geometry": { "type": "Point", "coordinates": [ 67.9116017, 27.4990263 ] } },
{ "type": "Feature", "properties": { "name": "BHU Wadho Kalhoro", "amenity": "hospital", "healthcare": "hospital", "addr_city": "Qambar", "osm_id": 11708092546, "osm_type": "nodes" }, "geometry": { "type": "Point", "coordinates": [ 67.9527055, 27.3961087 ] } },
{ "type": "Feature", "properties": { "name": "DCD Madina Farm", "amenity": "hospital", "healthcare": "hospital", "addr_city": null, "osm_id": 11708106302, "osm_type": "nodes" }, "geometry": { "type": "Point", "coordinates": [ 68.8867533, 24.7994321 ] } },
{ "type": "Feature", "properties": { "name": "BHU Rip", "amenity": "hospital", "healthcare": "hospital", "addr_city": null, "osm_id": 11708106303, "osm_type": "nodes" }, "geometry": { "type": "Point", "coordinates": [ 68.8306631, 24.7926265 ] } },
{ "type": "Feature", "properties": { "name": "BHU Yousuf Shah", "amenity": "hospital", "healthcare": "hospital", "addr_city": null, "osm_id": 11708106306, "osm_type": "nodes" }, "geometry": { "type": "Point", "coordinates": [ 68.8221535, 24.7229943 ] } },
{ "type": "Feature", "properties": { "name": "GD Lakhadino Sarejo", "amenity": "hospital", "healthcare": "hospital", "addr_city": null, "osm_id": 11708106307, "osm_type": "nodes" }, "geometry": { "type": "Point", "coordinates": [ 68.7964094, 24.7170933 ] } },
{ "type": "Feature", "properties": { "name": "BHU Tarai", "amenity": "hospital", "healthcare": "hospital", "addr_city": null, "osm_id": 11708106308, "osm_type": "nodes" }, "geometry": { "type": "Point", "coordinates": [ 68.6676685, 24.6867063 ] } },
{ "type": "Feature", "properties": { "name": "DCD Noor Mohd", "amenity": "hospital", "healthcare": "hospital", "addr_city": null, "osm_id": 11708106309, "osm_type": "nodes" }, "geometry": { "type": "Point", "coordinates": [ 68.6667391, 24.7110219 ] } },
{ "type": "Feature", "properties": { "name": "BHU Rahuki", "amenity": "hospital", "healthcare": "hospital", "addr_city": null, "osm_id": 11708106310, "osm_type": "nodes" }, "geometry": { "type": "Point", "coordinates": [ 68.5669637, 24.7548536 ] } },
{ "type": "Feature", "properties": { "name": "GD Abdullah Samoo", "amenity": "hospital", "healthcare": "hospital", "addr_city": null, "osm_id": 11708106311, "osm_type": "nodes" }, "geometry": { "type": "Point", "coordinates": [ 68.5764519, 24.8060202 ] } },
{ "type": "Feature", "properties": { "name": "RHC Kario Ghanwar", "amenity": "hospital", "healthcare": "hospital", "addr_city": null, "osm_id": 11708106312, "osm_type": "nodes" }, "geometry": { "type": "Point", "coordinates": [ 68.6065072, 24.8045357 ] } },
{ "type": "Feature", "properties": { "name": "BHU Khorwah", "amenity": "hospital", "healthcare": "hospital", "addr_city": null, "osm_id": 11708106313, "osm_type": "nodes" }, "geometry": { "type": "Point", "coordinates": [ 68.4132069, 24.7520086 ] } },
{ "type": "Feature", "properties": { "name": "BHU Junna", "amenity": "hospital", "healthcare": "hospital", "addr_city": null, "osm_id": 11708106314, "osm_type": "nodes" }, "geometry": { "type": "Point", "coordinates": [ 68.6571156, 24.8604711 ] } },
{ "type": "Feature", "properties": { "name": "BHU Ghorabari", "amenity": "hospital", "healthcare": "hospital", "addr_city": null, "osm_id": 11708091040, "osm_type": "nodes" }, "geometry": { "type": "Point", "coordinates": [ 67.8281816, 24.3937408 ] } },
{ "type": "Feature", "properties": { "name": "PHHI GARHO", "amenity": "hospital", "healthcare": "hospital", "addr_city": null, "osm_id": 11708091041, "osm_type": "nodes" }, "geometry": { "type": "Point", "coordinates": [ 67.6053638, 24.3050475 ] } },
{ "type": "Feature", "properties": { "name": "PHHI Buhara", "amenity": "hospital", "healthcare": "hospital", "addr_city": null, "osm_id": 11708091050, "osm_type": "nodes" }, "geometry": { "type": "Point", "coordinates": [ 67.5847337, 24.4606906 ] } },
{ "type": "Feature", "properties": { "name": "PPHI Gail Mori", "amenity": "hospital", "healthcare": "hospital", "addr_city": null, "osm_id": 11708091051, "osm_type": "nodes" }, "geometry": { "type": "Point", "coordinates": [ 67.9144615, 24.5383182 ] } },
{ "type": "Feature", "properties": { "name": "PPHI Ghari Wah", "amenity": "hospital", "healthcare": "hospital", "addr_city": null, "osm_id": 11708091052, "osm_type": "nodes" }, "geometry": { "type": "Point", "coordinates": [ 67.6877107, 24.5665235 ] } },
{ "type": "Feature", "properties": { "name": "PHHI Jokhio Village", "amenity": "hospital", "healthcare": "hospital", "addr_city": null, "osm_id": 11708091053, "osm_type": "nodes" }, "geometry": { "type": "Point", "coordinates": [ 67.6007642, 24.6143527 ] } },
{ "type": "Feature", "properties": { "name": "PHHI M.K.Road", "amenity": "hospital", "healthcare": "hospital", "addr_city": null, "osm_id": 11708091054, "osm_type": "nodes" }, "geometry": { "type": "Point", "coordinates": [ 67.5404338, 24.6129141 ] } },
{ "type": "Feature", "properties": { "name": "PHHI sarjan wari", "amenity": "hospital", "healthcare": "hospital", "addr_city": null, "osm_id": 11708091056, "osm_type": "nodes" }, "geometry": { "type": "Point", "coordinates": [ 67.6149754, 24.090255 ] } },
{ "type": "Feature", "properties": { "name": "PPHI Tando Hafiz Shah", "amenity": "hospital", "healthcare": "hospital", "addr_city": null, "osm_id": 11708091057, "osm_type": "nodes" }, "geometry": { "type": "Point", "coordinates": [ 68.309902, 25.1757988 ] } },
{ "type": "Feature", "properties": { "name": "Hussain Kumhar Hospital", "amenity": "hospital", "healthcare": "hospital", "addr_city": "Karachi", "osm_id": 5162670371, "osm_type": "nodes" }, "geometry": { "type": "Point", "coordinates": [ 67.0032463, 24.8746287 ] } },
{ "type": "Feature", "properties": { "name": "Burns Center", "amenity": "hospital", "healthcare": "hospital", "addr_city": "Karachi", "osm_id": 5160729718, "osm_type": "nodes" }, "geometry": { "type": "Point", "coordinates": [ 67.0089537, 24.8596334 ] } },
{ "type": "Feature", "properties": { "name": "Shezad medical store", "amenity": "doctors", "healthcare": null, "addr_city": null, "osm_id": 7020599786, "osm_type": "nodes" }, "geometry": { "type": "Point", "coordinates": [ 73.077446, 31.418987 ] } },
{ "type": "Feature", "properties": { "name": "Umeed Maternity Home", "amenity": "clinic", "healthcare": null, "addr_city": "Karachi", "osm_id": 5130353820, "osm_type": "nodes" }, "geometry": { "type": "Point", "coordinates": [ 67.1045908, 24.8184118 ] } },
{ "type": "Feature", "properties": { "name": "Shaukat Medical Store", "amenity": "pharmacy", "healthcare": null, "addr_city": "Karachi", "osm_id": 5143101207, "osm_type": "nodes" }, "geometry": { "type": "Point", "coordinates": [ 67.0352597, 24.8686721 ] } },
{ "type": "Feature", "properties": { "name": "Abdullah Medico and General Store", "amenity": "pharmacy", "healthcare": null, "addr_city": "Karachi", "osm_id": 5143101214, "osm_type": "nodes" }, "geometry": { "type": "Point", "coordinates": [ 67.0347367, 24.8663989 ] } },
{ "type": "Feature", "properties": { "name": "Karachi Medical Store", "amenity": "pharmacy", "healthcare": null, "addr_city": "Karachi", "osm_id": 5143101215, "osm_type": "nodes" }, "geometry": { "type": "Point", "coordinates": [ 67.0342533, 24.866204 ] } },
{ "type": "Feature", "properties": { "name": "Hashmanis Hospital", "amenity": "hospital", "healthcare": null, "addr_city": "Karachi", "osm_id": 4769325040, "osm_type": "nodes" }, "geometry": { "type": "Point", "coordinates": [ 67.0346649, 24.8697192 ] } },
{ "type": "Feature", "properties": { "name": "Dr Liaqat Rana Clinic", "amenity": "clinic", "healthcare": null, "addr_city": "Karachi", "osm_id": 5143101733, "osm_type": "nodes" }, "geometry": { "type": "Point", "coordinates": [ 67.0368543, 24.8692671 ] } },
{ "type": "Feature", "properties": { "name": "SSGC City Clinic", "amenity": "clinic", "healthcare": null, "addr_city": "Karachi", "osm_id": 5143101205, "osm_type": "nodes" }, "geometry": { "type": "Point", "coordinates": [ 67.0332469, 24.8699326 ] } },
{ "type": "Feature", "properties": { "name": "Matrix Pharma", "amenity": "pharmacy", "healthcare": null, "addr_city": "Karachi", "osm_id": 4769659247, "osm_type": "nodes" }, "geometry": { "type": "Point", "coordinates": [ 67.107159, 24.8388329 ] } },
{ "type": "Feature", "properties": { "name": "Taj Medical Complex", "amenity": "hospital", "healthcare": null, "addr_city": "Karachi", "osm_id": 4792035078, "osm_type": "nodes" }, "geometry": { "type": "Point", "coordinates": [ 67.0306957, 24.8683148 ] } },
{ "type": "Feature", "properties": { "name": "OSP Karachi", "amenity": "doctors", "healthcare": null, "addr_city": "Karachi", "osm_id": 4792035066, "osm_type": "nodes" }, "geometry": { "type": "Point", "coordinates": [ 67.0253417, 24.8660827 ] } },
{ "type": "Feature", "properties": { "name": "Leo Medicos", "amenity": "clinic", "healthcare": null, "addr_city": "Karachi", "osm_id": 5130354335, "osm_type": "nodes" }, "geometry": { "type": "Point", "coordinates": [ 67.0273437, 24.870879 ] } },
{ "type": "Feature", "properties": { "name": "Advanced Radiology Clinic", "amenity": "clinic", "healthcare": null, "addr_city": "Karachi", "osm_id": 4792035082, "osm_type": "nodes" }, "geometry": { "type": "Point", "coordinates": [ 67.0320504, 24.8680979 ] } },
{ "type": "Feature", "properties": { "name": "Alkhidmat LEB Collection point Liaqtabad", "amenity": null, "healthcare": "laboratory", "addr_city": "Karachi", "osm_id": 12151250246, "osm_type": "nodes" }, "geometry": { "type": "Point", "coordinates": [ 67.0439276, 24.8971677 ] } },
{ "type": "Feature", "properties": { "name": "Aga Khan Laboratory", "amenity": null, "healthcare": "laboratory", "addr_city": "Karachi", "osm_id": 12151212926, "osm_type": "nodes" }, "geometry": { "type": "Point", "coordinates": [ 67.0438482, 24.8969199 ] } },
{ "type": "Feature", "properties": { "name": "Family Medical Center And Diagnostics Center", "amenity": "doctors", "healthcare": "doctor", "addr_city": "Karachi", "osm_id": 12151494648, "osm_type": "nodes" }, "geometry": { "type": "Point", "coordinates": [ 67.0423699, 24.8981402 ] } },
{ "type": "Feature", "properties": { "name": "AKAR Hospital (Jamiyat Hospital)", "amenity": "hospital", "healthcare": "hospital", "addr_city": "Karachi", "osm_id": 12153391829, "osm_type": "nodes" }, "geometry": { "type": "Point", "coordinates": [ 67.0418735, 24.8986432 ] } },
{ "type": "Feature", "properties": { "name": "Karachi X-Ray & Laboratory", "amenity": null, "healthcare": "laboratory", "addr_city": "Liaquatabad Town", "osm_id": 12154150384, "osm_type": "nodes" }, "geometry": { "type": "Point", "coordinates": [ 67.043601, 24.9011629 ] } },
{ "type": "Feature", "properties": { "name": "Kiswa pharmacy", "amenity": "hospital", "healthcare": null, "addr_city": null, "osm_id": 6357931985, "osm_type": "nodes" }, "geometry": { "type": "Point", "coordinates": [ 71.0726666, 29.2326093 ] } },
{ "type": "Feature", "properties": { "name": "Idreesia Medical Complex", "amenity": "hospital", "healthcare": null, "addr_city": null, "osm_id": 5078247524, "osm_type": "nodes" }, "geometry": { "type": "Point", "coordinates": [ 74.1471561, 32.1536586 ] } },
{ "type": "Feature", "properties": { "name": "Hakeem Amjad", "amenity": "clinic", "healthcare": null, "addr_city": null, "osm_id": 4648079490, "osm_type": "nodes" }, "geometry": { "type": "Point", "coordinates": [ 74.1533068, 32.1555054 ] } },
{ "type": "Feature", "properties": { "name": "Rural Health Centre Jandiala Sher khan", "amenity": "clinic", "healthcare": null, "addr_city": null, "osm_id": 4499774989, "osm_type": "nodes" }, "geometry": { "type": "Point", "coordinates": [ 73.908356, 31.8262046 ] } },
{ "type": "Feature", "properties": { "name": "RHC Jandiala Sher Khan", "amenity": "clinic", "healthcare": null, "addr_city": null, "osm_id": 4524262489, "osm_type": "nodes" }, "geometry": { "type": "Point", "coordinates": [ 73.9084481, 31.8262441 ] } },
{ "type": "Feature", "properties": { "name": "choohar chak gujranwala", "amenity": "clinic", "healthcare": null, "addr_city": null, "osm_id": 4543006229, "osm_type": "nodes" }, "geometry": { "type": "Point", "coordinates": [ 73.9447124, 32.0328961 ] } },
{ "type": "Feature", "properties": { "name": "BHU CHAK CHAUDHRY", "amenity": "hospital", "healthcare": null, "addr_city": null, "osm_id": 4546108689, "osm_type": "nodes" }, "geometry": { "type": "Point", "coordinates": [ 73.9352971, 32.0283524 ] } },
{ "type": "Feature", "properties": { "name": "Daska-Pasrur Road", "amenity": "hospital", "healthcare": null, "addr_city": "Sialkot", "osm_id": 4901925831, "osm_type": "nodes" }, "geometry": { "type": "Point", "coordinates": [ 74.5590687, 32.4637481 ] } },
{ "type": "Feature", "properties": { "name": "Govt, Hospital", "amenity": null, "healthcare": "alternative", "addr_city": "Mouza Akbar", "osm_id": 5293887901, "osm_type": "nodes" }, "geometry": { "type": "Point", "coordinates": [ 73.2854713, 30.893958 ] } },
{ "type": "Feature", "properties": { "name": "Rashid Hospital", "amenity": "clinic", "healthcare": null, "addr_city": null, "osm_id": 2920066439, "osm_type": "nodes" }, "geometry": { "type": "Point", "coordinates": [ 73.4811957, 31.5775138 ] } },
{ "type": "Feature", "properties": { "name": "Basic Health Unit (BHU)", "amenity": "clinic", "healthcare": null, "addr_city": null, "osm_id": 4329177991, "osm_type": "nodes" }, "geometry": { "type": "Point", "coordinates": [ 73.765392, 31.629119 ] } },
{ "type": "Feature", "properties": { "name": "Fazal Din Dispensing Pharmacy", "amenity": "pharmacy", "healthcare": null, "addr_city": null, "osm_id": 5803609953, "osm_type": "nodes" }, "geometry": { "type": "Point", "coordinates": [ 74.2748524, 31.4643432 ] } },
{ "type": "Feature", "properties": { "name": "Ittefaq Hospital", "amenity": "hospital", "healthcare": "hospital", "addr_city": "Lahore", "osm_id": 3237660889, "osm_type": "nodes" }, "geometry": { "type": "Point", "coordinates": [ 74.3375093, 31.4756654 ] } },
{ "type": "Feature", "properties": { "name": "PKLI HOSPITAL", "amenity": "hospital", "healthcare": null, "addr_city": null, "osm_id": 4763503521, "osm_type": "nodes" }, "geometry": { "type": "Point", "coordinates": [ 74.4621886, 31.4557 ] } },
{ "type": "Feature", "properties": { "name": "Dr.A.Q Khan Hospital", "amenity": "hospital", "healthcare": null, "addr_city": "Lahore", "osm_id": 4912575644, "osm_type": "nodes" }, "geometry": { "type": "Point", "coordinates": [ 74.3105061, 31.5978128 ] } },
{ "type": "Feature", "properties": { "name": "RHC, Sukheke", "amenity": "hospital", "healthcare": null, "addr_city": null, "osm_id": 4537142489, "osm_type": "nodes" }, "geometry": { "type": "Point", "coordinates": [ 73.4849574, 31.8698098 ] } },
{ "type": "Feature", "properties": { "name": "????? ??????", "amenity": "hospital", "healthcare": "hospital", "addr_city": "???? ????", "osm_id": 5255258610, "osm_type": "nodes" }, "geometry": { "type": "Point", "coordinates": [ 73.0738318, 31.418174 ] } },
{ "type": "Feature", "properties": { "name": "Trauma Centre Kallar Kahar", "amenity": "hospital", "healthcare": null, "addr_city": null, "osm_id": 4142193190, "osm_type": "nodes" }, "geometry": { "type": "Point", "coordinates": [ 72.7144992, 32.7789527 ] } },
{ "type": "Feature", "properties": { "name": "Bahria Nasheman Hospital", "amenity": "hospital", "healthcare": "hospital", "addr_city": null, "osm_id": 12234728698, "osm_type": "nodes" }, "geometry": { "type": "Point", "coordinates": [ 74.4023665, 31.319747 ] } },
{ "type": "Feature", "properties": { "name": "Zeeshan Medical Centre", "amenity": "clinic", "healthcare": "clinic", "addr_city": null, "osm_id": 5750492721, "osm_type": "nodes" }, "geometry": { "type": "Point", "coordinates": [ 72.0475934, 34.1915199 ] } },
{ "type": "Feature", "properties": { "name": "Anum Maternity Center", "amenity": "hospital", "healthcare": null, "addr_city": "Tando Allahyar", "osm_id": 4883101840, "osm_type": "nodes" }, "geometry": { "type": "Point", "coordinates": [ 68.7053408, 25.4611797 ] } },
{ "type": "Feature", "properties": { "name": "Civil Hospital", "amenity": "hospital", "healthcare": null, "addr_city": "Tando Allahyar", "osm_id": 4883192340, "osm_type": "nodes" }, "geometry": { "type": "Point", "coordinates": [ 68.710706, 25.4617415 ] } },
{ "type": "Feature", "properties": { "name": "Jamali Medical Centre", "amenity": "hospital", "healthcare": null, "addr_city": "Tando Allahyar", "osm_id": 4883192338, "osm_type": "nodes" }, "geometry": { "type": "Point", "coordinates": [ 68.7023071, 25.4613103 ] } },
{ "type": "Feature", "properties": { "name": "Dr Bhura Lal Memorial Hospital", "amenity": "hospital", "healthcare": null, "addr_city": "Tando Allahyar", "osm_id": 4883212221, "osm_type": "nodes" }, "geometry": { "type": "Point", "coordinates": [ 68.7192102, 25.4603281 ] } },
{ "type": "Feature", "properties": { "name": "Al Khidmat Hospital", "amenity": "hospital", "healthcare": null, "addr_city": "Tando Allahyar", "osm_id": 4883212223, "osm_type": "nodes" }, "geometry": { "type": "Point", "coordinates": [ 68.723161, 25.4610729 ] } },
{ "type": "Feature", "properties": { "name": "Haris Clinic", "amenity": "clinic", "healthcare": null, "addr_city": "Tando Allahyar", "osm_id": 4883212224, "osm_type": "nodes" }, "geometry": { "type": "Point", "coordinates": [ 68.7228629, 25.4620674 ] } },
{ "type": "Feature", "properties": { "name": "Aga Khan University Hospital Laboratory", "amenity": "hospital", "healthcare": null, "addr_city": "Tando Allahyar", "osm_id": 4883192341, "osm_type": "nodes" }, "geometry": { "type": "Point", "coordinates": [ 68.7159906, 25.4625448 ] } },
{ "type": "Feature", "properties": { "name": "Al Shifa Medical Store", "amenity": "pharmacy", "healthcare": null, "addr_city": null, "osm_id": 5355902889, "osm_type": "nodes" }, "geometry": { "type": "Point", "coordinates": [ 69.0141057, 25.5258233 ] } },
{ "type": "Feature", "properties": { "name": "Dr. Abdul Qadir Khan", "amenity": "clinic", "healthcare": null, "addr_city": null, "osm_id": 5384787750, "osm_type": "nodes" }, "geometry": { "type": "Point", "coordinates": [ 69.0147735, 25.5260874 ] } },
{ "type": "Feature", "properties": { "name": "Dr. Mohammad Khan Panhwar", "amenity": "clinic", "healthcare": null, "addr_city": null, "osm_id": 5384787751, "osm_type": "nodes" }, "geometry": { "type": "Point", "coordinates": [ 69.0142304, 25.5260185 ] } },
{ "type": "Feature", "properties": { "name": "Civil Hospital", "amenity": "hospital", "healthcare": "hospital", "addr_city": null, "osm_id": 7578033556, "osm_type": "nodes" }, "geometry": { "type": "Point", "coordinates": [ 69.9842643, 29.926597 ] } },
{ "type": "Feature", "properties": { "name": "New  Roshni General Hospital", "amenity": "clinic", "healthcare": null, "addr_city": null, "osm_id": 4515428989, "osm_type": "nodes" }, "geometry": { "type": "Point", "coordinates": [ 73.8365098, 31.5435535 ] } },
{ "type": "Feature", "properties": { "name": "ScienceHub", "amenity": null, "healthcare": "laboratory", "addr_city": "Karachi", "osm_id": 12255029092, "osm_type": "nodes" }, "geometry": { "type": "Point", "coordinates": [ 67.0199422, 24.8528632 ] } },
{ "type": "Feature", "properties": { "name": "Dr. Ruth K. M. Pfau, Civil Hospital Karachi", "amenity": "hospital", "healthcare": "hospital", "addr_city": "Karachi", "osm_id": 12252667172, "osm_type": "nodes" }, "geometry": { "type": "Point", "coordinates": [ 67.010318, 24.8593498 ] } },
{ "type": "Feature", "properties": { "name": "Best Kidney OPD opd SIUT", "amenity": "hospital", "healthcare": "hospital", "addr_city": "Karachi", "osm_id": 12252642899, "osm_type": "nodes" }, "geometry": { "type": "Point", "coordinates": [ 67.0103904, 24.8587243 ] } },
{ "type": "Feature", "properties": { "name": "D H O Sohbatpur", "amenity": null, "healthcare": "yes", "addr_city": "SohbatPur", "osm_id": 12749238798, "osm_type": "nodes" }, "geometry": { "type": "Point", "coordinates": [ 68.5380022, 28.5187975 ] } },
{ "type": "Feature", "properties": { "name": "Al Badar Clinic", "amenity": "clinic", "healthcare": null, "addr_city": null, "osm_id": 6443247998, "osm_type": "nodes" }, "geometry": { "type": "Point", "coordinates": [ 67.7966718, 27.4469141 ] } },
{ "type": "Feature", "properties": { "name": "Aliwahan Rohri", "amenity": "clinic", "healthcare": "clinic", "addr_city": "Rohri", "osm_id": 5255848314, "osm_type": "nodes" }, "geometry": { "type": "Point", "coordinates": [ 68.9232802, 27.6837956 ] } },
{ "type": "Feature", "properties": { "name": "Anwar Paracha Hospital", "amenity": "hospital", "healthcare": "hospital", "addr_city": "Sukkur", "osm_id": 5336525292, "osm_type": "nodes" }, "geometry": { "type": "Point", "coordinates": [ 68.8677196, 27.6973186 ] } },
{ "type": "Feature", "properties": { "name": "Sindh Rangers Hospital", "amenity": "hospital", "healthcare": "hospital", "addr_city": "Sukkur", "osm_id": 5259602120, "osm_type": "nodes" }, "geometry": { "type": "Point", "coordinates": [ 68.8167556, 27.7355779 ] } },
{ "type": "Feature", "properties": { "name": "PPHI Govt. Hospital", "amenity": "hospital", "healthcare": "hospital", "addr_city": "Sukkur", "osm_id": 5340918755, "osm_type": "nodes" }, "geometry": { "type": "Point", "coordinates": [ 68.8181184, 27.7311758 ] } },
{ "type": "Feature", "properties": { "name": "MIR BHUTTO HOUSE Rajokhanani", "amenity": "doctors", "healthcare": null, "addr_city": null, "osm_id": 6565445386, "osm_type": "nodes" }, "geometry": { "type": "Point", "coordinates": [ 68.8520979, 24.9813735 ] } },
{ "type": "Feature", "properties": { "name": "Bilqees Sultan Medical Centre", "amenity": "clinic", "healthcare": null, "addr_city": "Karachi", "osm_id": 5103518890, "osm_type": "nodes" }, "geometry": { "type": "Point", "coordinates": [ 67.2371035, 24.8359722 ] } },
{ "type": "Feature", "properties": { "name": "Chughtai Laboratory", "amenity": "clinic", "healthcare": null, "addr_city": "Karachi", "osm_id": 4770282107, "osm_type": "nodes" }, "geometry": { "type": "Point", "coordinates": [ 67.0701309, 24.813763 ] } },
{ "type": "Feature", "properties": { "name": "Marshall Chemist & Surgical", "amenity": "pharmacy", "healthcare": null, "addr_city": "Karachi", "osm_id": 4770282100, "osm_type": "nodes" }, "geometry": { "type": "Point", "coordinates": [ 67.0697635, 24.8140539 ] } },
{ "type": "Feature", "properties": { "name": "Ashiq Memorial Hospital", "amenity": "hospital", "healthcare": null, "addr_city": "Karachi", "osm_id": 5133026866, "osm_type": "nodes" }, "geometry": { "type": "Point", "coordinates": [ 67.087076, 24.847436 ] } },
{ "type": "Feature", "properties": { "name": "OT Complex CHK", "amenity": "hospital", "healthcare": "hospital", "addr_city": "Karachi", "osm_id": 5160729715, "osm_type": "nodes" }, "geometry": { "type": "Point", "coordinates": [ 67.0114581, 24.8586687 ] } },
{ "type": "Feature", "properties": { "name": "????? ???? ?????", "amenity": "clinic", "healthcare": "clinic", "addr_city": "?????", "osm_id": 4784947864, "osm_type": "nodes" }, "geometry": { "type": "Point", "coordinates": [ 67.0048476, 24.8136368 ] } },
{ "type": "Feature", "properties": { "name": "Al-Shifa Poly Clinic & Ultrasound Center", "amenity": "clinic", "healthcare": null, "addr_city": "Karachi", "osm_id": 5130498588, "osm_type": "nodes" }, "geometry": { "type": "Point", "coordinates": [ 66.9967359, 24.8526537 ] } },
{ "type": "Feature", "properties": { "name": "M I Room", "amenity": "hospital", "healthcare": null, "addr_city": "Karachi", "osm_id": 1428217511, "osm_type": "nodes" }, "geometry": { "type": "Point", "coordinates": [ 66.9486035, 24.8801187 ] } },
{ "type": "Feature", "properties": { "name": "Family Wing", "amenity": "hospital", "healthcare": null, "addr_city": "Karachi", "osm_id": 1428217425, "osm_type": "nodes" }, "geometry": { "type": "Point", "coordinates": [ 66.9452126, 24.8810104 ] } },
{ "type": "Feature", "properties": { "name": "PAF Hospital", "amenity": "hospital", "healthcare": null, "addr_city": "Karachi", "osm_id": 1428217500, "osm_type": "nodes" }, "geometry": { "type": "Point", "coordinates": [ 66.9471331, 24.8819837 ] } },
{ "type": "Feature", "properties": { "name": "Ali Clinic, Dr. Ahmed", "amenity": "clinic", "healthcare": null, "addr_city": "Karachi", "osm_id": 5130272623, "osm_type": "nodes" }, "geometry": { "type": "Point", "coordinates": [ 67.0191636, 24.8769806 ] } },
{ "type": "Feature", "properties": { "name": "IMTIAZ EYE CARE", "amenity": "clinic", "healthcare": null, "addr_city": "Karachi", "osm_id": 5131024095, "osm_type": "nodes" }, "geometry": { "type": "Point", "coordinates": [ 66.9955811, 24.9237183 ] } },
{ "type": "Feature", "properties": { "name": "Jamal Medical Store", "amenity": "clinic", "healthcare": null, "addr_city": "Karachi", "osm_id": 5131024096, "osm_type": "nodes" }, "geometry": { "type": "Point", "coordinates": [ 66.9955029, 24.9235535 ] } },
{ "type": "Feature", "properties": { "name": "Karachi Medical", "amenity": "pharmacy", "healthcare": null, "addr_city": "Karachi", "osm_id": 5144939670, "osm_type": "nodes" }, "geometry": { "type": "Point", "coordinates": [ 67.1084079, 24.8163901 ] } },
{ "type": "Feature", "properties": { "name": "Syngenta Pakistan", "amenity": "pharmacy", "healthcare": null, "addr_city": "Karachi", "osm_id": 5091220616, "osm_type": "nodes" }, "geometry": { "type": "Point", "coordinates": [ 66.9605837, 24.8738811 ] } },
{ "type": "Feature", "properties": { "name": "Mariam Hospital", "amenity": "hospital", "healthcare": null, "addr_city": "Karachi", "osm_id": 4791866145, "osm_type": "nodes" }, "geometry": { "type": "Point", "coordinates": [ 67.0881702, 24.8504456 ] } },
{ "type": "Feature", "properties": { "name": "Pakistan Medical Association", "amenity": "hospital", "healthcare": null, "addr_city": "Karachi", "osm_id": 4792035067, "osm_type": "nodes" }, "geometry": { "type": "Point", "coordinates": [ 67.0249781, 24.866234 ] } },
{ "type": "Feature", "properties": { "name": "Piyar Ali Momin Clinic", "amenity": "clinic", "healthcare": null, "addr_city": "Karachi", "osm_id": 5130272622, "osm_type": "nodes" }, "geometry": { "type": "Point", "coordinates": [ 67.0268612, 24.8825101 ] } },
{ "type": "Feature", "properties": { "name": "Eye OPD Civil Hospital", "amenity": "hospital", "healthcare": null, "addr_city": "?????", "osm_id": 5109119037, "osm_type": "nodes" }, "geometry": { "type": "Point", "coordinates": [ 67.011919, 24.8595957 ] } },
{ "type": "Feature", "properties": { "name": null, "amenity": "pharmacy", "healthcare": "pharmacy", "addr_city": "?????", "osm_id": 5109183421, "osm_type": "nodes" }, "geometry": { "type": "Point", "coordinates": [ 67.0114094, 24.8597174 ] } },
{ "type": "Feature", "properties": { "name": "Civil hospital, Karachi", "amenity": "hospital", "healthcare": null, "addr_city": null, "osm_id": 4610363491, "osm_type": "nodes" }, "geometry": { "type": "Point", "coordinates": [ 67.0116782, 24.8594455 ] } },
{ "type": "Feature", "properties": { "name": "Deewan Farooque Medical Complex (SIUT)", "amenity": "hospital", "healthcare": null, "addr_city": "Karachi", "osm_id": 5128555084, "osm_type": "nodes" }, "geometry": { "type": "Point", "coordinates": [ 67.0122228, 24.8609661 ] } },
{ "type": "Feature", "properties": { "name": "Husaini Blood Bank", "amenity": null, "healthcare": "blood_donation", "addr_city": "Karachi", "osm_id": 5132720050, "osm_type": "nodes" }, "geometry": { "type": "Point", "coordinates": [ 67.0076789, 24.8587308 ] } },
{ "type": "Feature", "properties": { "name": "Dr. Nuzamuddin Gilal", "amenity": "clinic", "healthcare": null, "addr_city": null, "osm_id": 5365867974, "osm_type": "nodes" }, "geometry": { "type": "Point", "coordinates": [ 69.0151943, 25.5262423 ] } },
{ "type": "Feature", "properties": { "name": "Dr. Capt. Aijaz Laghari", "amenity": "clinic", "healthcare": null, "addr_city": null, "osm_id": 5338152504, "osm_type": "nodes" }, "geometry": { "type": "Point", "coordinates": [ 69.0149847, 25.5264491 ] } },
{ "type": "Feature", "properties": { "name": "Al Shahbaz", "amenity": "pharmacy", "healthcare": null, "addr_city": null, "osm_id": 5338152496, "osm_type": "nodes" }, "geometry": { "type": "Point", "coordinates": [ 69.0136481, 25.5255211 ] } },
{ "type": "Feature", "properties": { "name": "Civil hospital main entrance", "amenity": "hospital", "healthcare": null, "addr_city": null, "osm_id": 4946572431, "osm_type": "nodes" }, "geometry": { "type": "Point", "coordinates": [ 69.0134912, 25.5253514 ] } },
{ "type": "Feature", "properties": { "name": "Madani medical store", "amenity": "pharmacy", "healthcare": null, "addr_city": null, "osm_id": 5355902890, "osm_type": "nodes" }, "geometry": { "type": "Point", "coordinates": [ 69.0204471, 25.5294753 ] } },
{ "type": "Feature", "properties": { "name": "Dr. Ashfaq Memon", "amenity": "clinic", "healthcare": null, "addr_city": null, "osm_id": 5384788143, "osm_type": "nodes" }, "geometry": { "type": "Point", "coordinates": [ 69.0152703, 25.5260768 ] } },
{ "type": "Feature", "properties": { "name": "Amna Medical & General Store", "amenity": "pharmacy", "healthcare": null, "addr_city": "Karachi", "osm_id": 5144939664, "osm_type": "nodes" }, "geometry": { "type": "Point", "coordinates": [ 67.1078263, 24.8146648 ] } },
{ "type": "Feature", "properties": { "name": "National Medical Centre Tando Allahyar", "amenity": "hospital", "healthcare": null, "addr_city": "Tando Allahyar", "osm_id": 4883192339, "osm_type": "nodes" }, "geometry": { "type": "Point", "coordinates": [ 68.707856, 25.4615802 ] } },
{ "type": "Feature", "properties": { "name": "Cardio Hospital", "amenity": "hospital", "healthcare": "hospital", "addr_city": "Tando Muhammad Khan", "osm_id": 4883541260, "osm_type": "nodes" }, "geometry": { "type": "Point", "coordinates": [ 68.5337087, 25.1368853 ] } },
{ "type": "Feature", "properties": { "name": "Medical Store", "amenity": "pharmacy", "healthcare": null, "addr_city": null, "osm_id": 1440050903, "osm_type": "nodes" }, "geometry": { "type": "Point", "coordinates": [ 66.9501924, 24.8829872 ] } },
{ "type": "Feature", "properties": { "name": "Pharmacy", "amenity": "pharmacy", "healthcare": "pharmacy", "addr_city": "karachi", "osm_id": 12244364713, "osm_type": "nodes" }, "geometry": { "type": "Point", "coordinates": [ 66.9884585, 24.8857096 ] } },
{ "type": "Feature", "properties": { "name": "Galaxy Madicos", "amenity": "pharmacy", "healthcare": null, "addr_city": "Karachi", "osm_id": 5144939665, "osm_type": "nodes" }, "geometry": { "type": "Point", "coordinates": [ 67.1078854, 24.8144043 ] } },
{ "type": "Feature", "properties": { "name": "Hamdard Matab", "amenity": "hospital", "healthcare": null, "addr_city": "Karachi", "osm_id": 4791991077, "osm_type": "nodes" }, "geometry": { "type": "Point", "coordinates": [ 67.0110587, 24.8566573 ] } },
{ "type": "Feature", "properties": { "name": "SMBB Trauma Centre, Dr Ruth KM Pfau Civil Hospital", "amenity": "hospital", "healthcare": null, "addr_city": "Karachi", "osm_id": 5128555085, "osm_type": "nodes" }, "geometry": { "type": "Point", "coordinates": [ 67.0111174, 24.8602731 ] } },
{ "type": "Feature", "properties": { "name": "Sawera Clinic", "amenity": "clinic", "healthcare": null, "addr_city": "Tando Allahyar", "osm_id": 4883212222, "osm_type": "nodes" }, "geometry": { "type": "Point", "coordinates": [ 68.7193462, 25.460315 ] } },
{ "type": "Feature", "properties": { "name": "LRBT Rashidabad Eye Hospital", "amenity": "hospital", "healthcare": null, "addr_city": null, "osm_id": 6732207987, "osm_type": "nodes" }, "geometry": { "type": "Point", "coordinates": [ 68.6745851, 25.4592991 ] } },
{ "type": "Feature", "properties": { "name": "Rescue 1122 Sub-Station", "amenity": null, "healthcare": "hospital", "addr_city": null, "osm_id": 9847788552, "osm_type": "nodes" }, "geometry": { "type": "Point", "coordinates": [ 70.2736614, 28.4358695 ] } },
{ "type": "Feature", "properties": { "name": "Raaj Medical & General Store", "amenity": null, "healthcare": "pharmacy", "addr_city": null, "osm_id": 5252043325, "osm_type": "nodes" }, "geometry": { "type": "Point", "coordinates": [ 68.3832595, 25.3490042 ] } },
{ "type": "Feature", "properties": { "name": null, "amenity": "hospital", "healthcare": "hospital", "addr_city": null, "osm_id": 5507599315, "osm_type": "nodes" }, "geometry": { "type": "Point", "coordinates": [ 73.1519129, 32.3735584 ] } },
{ "type": "Feature", "properties": { "name": "Asghar Hospital", "amenity": "hospital", "healthcare": "hospital", "addr_city": null, "osm_id": 10816641505, "osm_type": "nodes" }, "geometry": { "type": "Point", "coordinates": [ 74.3058757, 31.5382616 ] } },
{ "type": "Feature", "properties": { "name": "????? ???? ????? ????", "amenity": "hospital", "healthcare": null, "addr_city": "Lahore", "osm_id": 4916641155, "osm_type": "nodes" }, "geometry": { "type": "Point", "coordinates": [ 74.2979608, 31.4822429 ] } },
{ "type": "Feature", "properties": { "name": "????? ??????", "amenity": "hospital", "healthcare": null, "addr_city": "Lahore", "osm_id": 4916641149, "osm_type": "nodes" }, "geometry": { "type": "Point", "coordinates": [ 74.2993781, 31.4837301 ] } },
{ "type": "Feature", "properties": { "name": null, "amenity": "clinic", "healthcare": null, "addr_city": null, "osm_id": 4666595589, "osm_type": "nodes" }, "geometry": { "type": "Point", "coordinates": [ 67.4952141, 26.5717757 ] } },
{ "type": "Feature", "properties": { "name": "PWA Blood Bank", "amenity": null, "healthcare": "blood_donation", "addr_city": "Karachi", "osm_id": 5160729717, "osm_type": "nodes" }, "geometry": { "type": "Point", "coordinates": [ 67.0099315, 24.859495 ] } },
{ "type": "Feature", "properties": { "name": "Green Plus Pharmacie", "amenity": "pharmacy", "healthcare": "pharmacy", "addr_city": null, "osm_id": 12234731707, "osm_type": "nodes" }, "geometry": { "type": "Point", "coordinates": [ 74.4024215, 31.3196549 ] } },
{ "type": "Feature", "properties": { "name": "Martin Dow Marker", "amenity": "pharmacy", "healthcare": "pharmacy", "addr_city": "karachi", "osm_id": 12218146049, "osm_type": "nodes" }, "geometry": { "type": "Point", "coordinates": [ 66.9762897, 24.90343 ] } },
{ "type": "Feature", "properties": { "name": "Pfizer Pakistan", "amenity": "pharmacy", "healthcare": "pharmacy", "addr_city": "Karachi", "osm_id": 12211156996, "osm_type": "nodes" }, "geometry": { "type": "Point", "coordinates": [ 66.9952332, 24.9005524 ] } },
{ "type": "Feature", "properties": { "name": null, "amenity": "clinic", "healthcare": null, "addr_city": null, "osm_id": 2987679194, "osm_type": "nodes" }, "geometry": { "type": "Point", "coordinates": [ 68.8438919, 27.7029424 ] } },
{ "type": "Feature", "properties": { "name": "Nagori super medical store", "amenity": null, "healthcare": "laboratory", "addr_city": "Karachi", "osm_id": 12231810106, "osm_type": "nodes" }, "geometry": { "type": "Point", "coordinates": [ 66.9876435, 24.8813533 ] } },
{ "type": "Feature", "properties": { "name": "CDC LAB - Kemari Branch", "amenity": null, "healthcare": "laboratory", "addr_city": "Karachi", "osm_id": 12231267755, "osm_type": "nodes" }, "geometry": { "type": "Point", "coordinates": [ 66.9864675, 24.8809803 ] } },
{ "type": "Feature", "properties": { "name": "Khalid Pharmacy", "amenity": "pharmacy", "healthcare": "pharmacy", "addr_city": "Karachi", "osm_id": 12231230771, "osm_type": "nodes" }, "geometry": { "type": "Point", "coordinates": [ 66.9867727, 24.8808409 ] } },
{ "type": "Feature", "properties": { "name": "RHC Kandhra", "amenity": "hospital", "healthcare": null, "addr_city": null, "osm_id": 6091356990, "osm_type": "nodes" }, "geometry": { "type": "Point", "coordinates": [ 68.8618829, 27.5856357 ] } },
{ "type": "Feature", "properties": { "name": "Basic Health Unit Pritamabad", "amenity": "hospital", "healthcare": "hospital", "addr_city": null, "osm_id": 11896626695, "osm_type": "nodes" }, "geometry": { "type": "Point", "coordinates": [ 68.6920794, 26.2597584 ] } },
{ "type": "Feature", "properties": { "name": "BHU Soomar Wassan", "amenity": "hospital", "healthcare": "hospital", "addr_city": null, "osm_id": 11896639090, "osm_type": "nodes" }, "geometry": { "type": "Point", "coordinates": [ 68.6768899, 26.177053 ] } },
{ "type": "Feature", "properties": { "name": "BHU Baqir Nizamani", "amenity": "hospital", "healthcare": "hospital", "addr_city": null, "osm_id": 11896652303, "osm_type": "nodes" }, "geometry": { "type": "Point", "coordinates": [ 68.5415558, 25.8731593 ] } },
{ "type": "Feature", "properties": { "name": "Aziz Orthopaedic & General Hospital", "amenity": "hospital", "healthcare": "hospital", "addr_city": "Mirpurkhas", "osm_id": 13135531536, "osm_type": "nodes" }, "geometry": { "type": "Point", "coordinates": [ 69.0179707, 25.5270817 ] } },
{ "type": "Feature", "properties": { "name": "Dispensary", "amenity": "hospital", "healthcare": null, "addr_city": null, "osm_id": 2917434340, "osm_type": "nodes" }, "geometry": { "type": "Point", "coordinates": [ 72.4612232, 30.7488698 ] } },
{ "type": "Feature", "properties": { "name": "Associated Weavers", "amenity": "pharmacy", "healthcare": "pharmacy", "addr_city": "karachi", "osm_id": 12217883001, "osm_type": "nodes" }, "geometry": { "type": "Point", "coordinates": [ 66.9783332, 24.9065042 ] } },
{ "type": "Feature", "properties": { "name": "Dr. M. Faisal Khan;Dr. Yasmeen Aziz", "amenity": "clinic", "healthcare": null, "addr_city": null, "osm_id": 5355903373, "osm_type": "nodes" }, "geometry": { "type": "Point", "coordinates": [ 69.020403, 25.5293601 ] } },
{ "type": "Feature", "properties": { "name": "Dr. Ali Clinic", "amenity": "clinic", "healthcare": "clinic", "addr_city": "Karachi", "osm_id": 12214229090, "osm_type": "nodes" }, "geometry": { "type": "Point", "coordinates": [ 66.9945846, 24.8949298 ] } },
{ "type": "Feature", "properties": { "name": "DR M.YIUSUF ARAIN", "amenity": "hospital", "healthcare": "hospital", "addr_city": null, "osm_id": 12213532114, "osm_type": "nodes" }, "geometry": { "type": "Point", "coordinates": [ 66.9953668, 24.8963466 ] } },
{ "type": "Feature", "properties": { "name": "????? ???? ???? ??????", "amenity": "hospital", "healthcare": "hospital", "addr_city": "Karachi", "osm_id": 12231268273, "osm_type": "nodes" }, "geometry": { "type": "Point", "coordinates": [ 66.9869726, 24.8812449 ] } },
{ "type": "Feature", "properties": { "name": "Rehan medical store", "amenity": "pharmacy", "healthcare": "pharmacy", "addr_city": "Karachi", "osm_id": 12231198500, "osm_type": "nodes" }, "geometry": { "type": "Point", "coordinates": [ 66.9849792, 24.8814194 ] } },
{ "type": "Feature", "properties": { "name": "MCHC Muhammadpur Odho", "amenity": "clinic", "healthcare": "clinic", "addr_city": null, "osm_id": 10647607189, "osm_type": "nodes" }, "geometry": { "type": "Point", "coordinates": [ 68.2774058, 28.0073699 ] } },
{ "type": "Feature", "properties": { "name": "Civil Hospital Qazi Ahmed", "amenity": "hospital", "healthcare": "hospital", "addr_city": "Qazi Ahmed", "osm_id": 5253616366, "osm_type": "nodes" }, "geometry": { "type": "Point", "coordinates": [ 68.1061542, 26.3002701 ] } },
{ "type": "Feature", "properties": { "name": "MCH Hospita", "amenity": "hospital", "healthcare": "hospital", "addr_city": "Qazi Ahmad", "osm_id": 5253616369, "osm_type": "nodes" }, "geometry": { "type": "Point", "coordinates": [ 68.1027651, 26.3020155 ] } },
{ "type": "Feature", "properties": { "name": "Shah Muhammad Tunio Medical Center", "amenity": "hospital", "healthcare": "hospital", "addr_city": "Naushahro Feroze", "osm_id": 5327509702, "osm_type": "nodes" }, "geometry": { "type": "Point", "coordinates": [ 68.2819977, 26.7841826 ] } },
{ "type": "Feature", "properties": { "name": "NMI Hospital", "amenity": "hospital", "healthcare": null, "addr_city": "Karachi", "osm_id": 5133026912, "osm_type": "nodes" }, "geometry": { "type": "Point", "coordinates": [ 67.0283849, 24.8662315 ] } },
{ "type": "Feature", "properties": { "name": null, "amenity": "hospital", "healthcare": "hospital", "addr_city": "Karachi", "osm_id": 5232539143, "osm_type": "nodes" }, "geometry": { "type": "Point", "coordinates": [ 66.9824578, 24.8677222 ] } },
{ "type": "Feature", "properties": { "name": "Clifton Medico", "amenity": "pharmacy", "healthcare": null, "addr_city": "Karachi", "osm_id": 4742815623, "osm_type": "nodes" }, "geometry": { "type": "Point", "coordinates": [ 67.0181121, 24.8113784 ] } },
{ "type": "Feature", "properties": { "name": "Medicine Brand Pharmacy", "amenity": "pharmacy", "healthcare": null, "addr_city": "Karachi", "osm_id": 4742815624, "osm_type": "nodes" }, "geometry": { "type": "Point", "coordinates": [ 67.0180494, 24.8114363 ] } },
{ "type": "Feature", "properties": { "name": "Bismillah medical store", "amenity": "pharmacy", "healthcare": null, "addr_city": null, "osm_id": 10137799719, "osm_type": "nodes" }, "geometry": { "type": "Point", "coordinates": [ 66.9917156, 24.877737 ] } },
{ "type": "Feature", "properties": { "name": "Bilquees Hospital", "amenity": "hospital", "healthcare": null, "addr_city": "Karachi", "osm_id": 4769800426, "osm_type": "nodes" }, "geometry": { "type": "Point", "coordinates": [ 67.1078114, 24.8197054 ] } },
{ "type": "Feature", "properties": { "name": "Bilqees Memorial Hospital", "amenity": "hospital", "healthcare": null, "addr_city": "Karachi", "osm_id": 4769800425, "osm_type": "nodes" }, "geometry": { "type": "Point", "coordinates": [ 67.1071389, 24.819112 ] } },
{ "type": "Feature", "properties": { "name": "Hamdard University Hospital", "amenity": "hospital", "healthcare": null, "addr_city": "Karachi", "osm_id": 5105590644, "osm_type": "nodes" }, "geometry": { "type": "Point", "coordinates": [ 67.0302428, 24.8680139 ] } },
{ "type": "Feature", "properties": { "name": "Doctor's Plaza", "amenity": "hospital", "healthcare": null, "addr_city": "Karachi", "osm_id": 5105614320, "osm_type": "nodes" }, "geometry": { "type": "Point", "coordinates": [ 67.0304612, 24.8675474 ] } },
{ "type": "Feature", "properties": { "name": "Khanzada Welfare Hospital", "amenity": "hospital", "healthcare": null, "addr_city": "Tando Allahyar", "osm_id": 4883212225, "osm_type": "nodes" }, "geometry": { "type": "Point", "coordinates": [ 68.7208665, 25.4643364 ] } },
{ "type": "Feature", "properties": { "name": "FAISAL MEDICAL", "amenity": "pharmacy", "healthcare": "pharmacy", "addr_city": "Karachi", "osm_id": 12202015095, "osm_type": "nodes" }, "geometry": { "type": "Point", "coordinates": [ 66.9947807, 24.9201687 ] } },
{ "type": "Feature", "properties": { "name": "Memon medical center", "amenity": "hospital", "healthcare": "hospital", "addr_city": "Karachi", "osm_id": 12202056746, "osm_type": "nodes" }, "geometry": { "type": "Point", "coordinates": [ 66.9961388, 24.9195261 ] } },
{ "type": "Feature", "properties": { "name": null, "amenity": "clinic", "healthcare": null, "addr_city": null, "osm_id": 4666595590, "osm_type": "nodes" }, "geometry": { "type": "Point", "coordinates": [ 67.4952413, 26.5717713 ] } },
{ "type": "Feature", "properties": { "name": "Dua Ultrasound", "amenity": "hospital", "healthcare": null, "addr_city": "Larkana", "osm_id": 4926641602, "osm_type": "nodes" }, "geometry": { "type": "Point", "coordinates": [ 68.2213161, 27.5609161 ] } },
{ "type": "Feature", "properties": { "name": "Shershah Arain Welfare Hospital", "amenity": "hospital", "healthcare": "hospital", "addr_city": "karachi", "osm_id": 12244375614, "osm_type": "nodes" }, "geometry": { "type": "Point", "coordinates": [ 66.9890263, 24.8853678 ] } },
{ "type": "Feature", "properties": { "name": "Clinic Dr. Obaid Anwar", "amenity": "clinic", "healthcare": null, "addr_city": null, "osm_id": 5152203826, "osm_type": "nodes" }, "geometry": { "type": "Point", "coordinates": [ 73.1040687, 31.4122532 ] } },
{ "type": "Feature", "properties": { "name": "Hina Hospital", "amenity": "hospital", "healthcare": "hospital", "addr_city": "Lahore", "osm_id": 5255673578, "osm_type": "nodes" }, "geometry": { "type": "Point", "coordinates": [ 74.387459, 31.5853214 ] } },
{ "type": "Feature", "properties": { "name": "Clinix Pharmacy", "amenity": "pharmacy", "healthcare": null, "addr_city": "Lahore", "osm_id": 4916641154, "osm_type": "nodes" }, "geometry": { "type": "Point", "coordinates": [ 74.2980379, 31.4830101 ] } },
{ "type": "Feature", "properties": { "name": "Modern Dental Clinic", "amenity": "dentist", "healthcare": "dentist", "addr_city": "Karachi", "osm_id": 12191664814, "osm_type": "nodes" }, "geometry": { "type": "Point", "coordinates": [ 67.0243625, 24.8675386 ] } },
{ "type": "Feature", "properties": { "name": "Lateef Skin Clinic", "amenity": "clinic", "healthcare": "clinic", "addr_city": "Karachi", "osm_id": 12187856124, "osm_type": "nodes" }, "geometry": { "type": "Point", "coordinates": [ 67.0874287, 24.8515828 ] } },
{ "type": "Feature", "properties": { "name": "Dr Zafar Samjeo Clinic", "amenity": "doctors", "healthcare": "doctor", "addr_city": "Usta Muhammad", "osm_id": 12600193060, "osm_type": "nodes" }, "geometry": { "type": "Point", "coordinates": [ 68.0423505, 28.1782335 ] } },
{ "type": "Feature", "properties": { "name": "LRBT Rashidabad Eye Hospital", "amenity": "hospital", "healthcare": null, "addr_city": null, "osm_id": 6732220485, "osm_type": "nodes" }, "geometry": { "type": "Point", "coordinates": [ 68.6745111, 25.4593091 ] } },
{ "type": "Feature", "properties": { "name": "Thaheem Clinic", "amenity": "doctors", "healthcare": "doctor", "addr_city": "????????", "osm_id": 13259782791, "osm_type": "nodes" }, "geometry": { "type": "Point", "coordinates": [ 67.8809542, 28.1573023 ] } },
{ "type": "Feature", "properties": { "name": "Dr.Tanseeb Hospital", "amenity": "hospital", "healthcare": null, "addr_city": null, "osm_id": 3994569057, "osm_type": "nodes" }, "geometry": { "type": "Point", "coordinates": [ 73.5965495, 30.8765665 ] } },
{ "type": "Feature", "properties": { "name": "????? ???????", "amenity": "pharmacy", "healthcare": "pharmacy", "addr_city": "???? ????", "osm_id": 5194296828, "osm_type": "nodes" }, "geometry": { "type": "Point", "coordinates": [ 73.1189725, 31.4232416 ] } },
{ "type": "Feature", "properties": { "name": "Hospital Jatri Kohna", "amenity": "hospital", "healthcare": "hospital", "addr_city": null, "osm_id": 9395860649, "osm_type": "nodes" }, "geometry": { "type": "Point", "coordinates": [ 73.7337439, 31.6886906 ] } },
{ "type": "Feature", "properties": { "name": "HIRA hospital", "amenity": "hospital", "healthcare": "hospital", "addr_city": "Sukkur", "osm_id": 955183623, "osm_type": "nodes" }, "geometry": { "type": "Point", "coordinates": [ 68.8554361, 27.6912135 ] } },
{ "type": "Feature", "properties": { "name": "District Head Q", "amenity": "hospital", "healthcare": "hospital", "addr_city": null, "osm_id": 7105268185, "osm_type": "nodes" }, "geometry": { "type": "Point", "coordinates": [ 72.0458214, 34.1914888 ] } },
{ "type": "Feature", "properties": { "name": "Mardan Children Hospital", "amenity": "hospital", "healthcare": "hospital", "addr_city": null, "osm_id": 8624885418, "osm_type": "nodes" }, "geometry": { "type": "Point", "coordinates": [ 72.0485264, 34.1916901 ] } },
{ "type": "Feature", "properties": { "name": "Amir Clinic", "amenity": "clinic", "healthcare": "clinic", "addr_city": "Karachi", "osm_id": 12154155137, "osm_type": "nodes" }, "geometry": { "type": "Point", "coordinates": [ 67.0433872, 24.9008949 ] } },
{ "type": "Feature", "properties": { "name": "A-K Lab", "amenity": null, "healthcare": "laboratory", "addr_city": "Karachi", "osm_id": 12154155344, "osm_type": "nodes" }, "geometry": { "type": "Point", "coordinates": [ 67.0441587, 24.9006561 ] } },
{ "type": "Feature", "properties": { "name": "M Hayyan Medical& General Store", "amenity": "pharmacy", "healthcare": "pharmacy", "addr_city": "Karachi", "osm_id": 12153496004, "osm_type": "nodes" }, "geometry": { "type": "Point", "coordinates": [ 67.0416451, 24.8981726 ] } },
{ "type": "Feature", "properties": { "name": "Hakim Qari Syed Faizulhaque", "amenity": null, "healthcare": "yes", "addr_city": "Karachi", "osm_id": 12153337741, "osm_type": "nodes" }, "geometry": { "type": "Point", "coordinates": [ 67.0435433, 24.8999304 ] } },
{ "type": "Feature", "properties": { "name": "Aga Khan University Hospital Clinical Laboratories Liaqautabad Specimen Collection Centre", "amenity": null, "healthcare": "laboratory", "addr_city": "Karachi", "osm_id": 12151407121, "osm_type": "nodes" }, "geometry": { "type": "Point", "coordinates": [ 67.0437346, 24.8991053 ] } },
{ "type": "Feature", "properties": { "name": "Niazi Dental Clinic", "amenity": "clinic", "healthcare": "clinic", "addr_city": "Karachi", "osm_id": 12151413639, "osm_type": "nodes" }, "geometry": { "type": "Point", "coordinates": [ 67.0437059, 24.8991558 ] } },
{ "type": "Feature", "properties": { "name": "Dr. Caption", "amenity": "hospital", "healthcare": "hospital", "addr_city": "Karachi", "osm_id": 12151453414, "osm_type": "nodes" }, "geometry": { "type": "Point", "coordinates": [ 67.0430994, 24.8995501 ] } },
{ "type": "Feature", "properties": { "name": "Jawed Mansoor Medical & General Store", "amenity": "pharmacy", "healthcare": "pharmacy", "addr_city": "Karachi", "osm_id": 12151201567, "osm_type": "nodes" }, "geometry": { "type": "Point", "coordinates": [ 67.0438268, 24.8967747 ] } },
{ "type": "Feature", "properties": { "name": "Alkhidmat Help Center Liaqtabad", "amenity": null, "healthcare": "laboratory", "addr_city": "Karachi", "osm_id": 12151253328, "osm_type": "nodes" }, "geometry": { "type": "Point", "coordinates": [ 67.0439627, 24.8971615 ] } },
{ "type": "Feature", "properties": { "name": "Hussaini Lab", "amenity": null, "healthcare": "laboratory", "addr_city": "?????", "osm_id": 12151204207, "osm_type": "nodes" }, "geometry": { "type": "Point", "coordinates": [ 67.0438737, 24.896772 ] } },
{ "type": "Feature", "properties": { "name": "Al Noor Tibbe Nabwi Welfare Foundation", "amenity": "hospital", "healthcare": "hospital", "addr_city": "Karachi", "osm_id": 12151265186, "osm_type": "nodes" }, "geometry": { "type": "Point", "coordinates": [ 67.0437059, 24.8978444 ] } },
{ "type": "Feature", "properties": { "name": "Ansari medical store", "amenity": "pharmacy", "healthcare": "pharmacy", "addr_city": "Karachi", "osm_id": 12151152579, "osm_type": "nodes" }, "geometry": { "type": "Point", "coordinates": [ 67.0439126, 24.8977406 ] } },
{ "type": "Feature", "properties": { "name": "Marie Stopes Ware House", "amenity": "pharmacy", "healthcare": "pharmacy", "addr_city": "Karachi", "osm_id": 12147787563, "osm_type": "nodes" }, "geometry": { "type": "Point", "coordinates": [ 67.1015532, 24.8298503 ] } },
{ "type": "Feature", "properties": { "name": "Shafia Clinic And Maternity Home", "amenity": "clinic", "healthcare": "clinic", "addr_city": "Tando Muhammad Khan", "osm_id": 4883541267, "osm_type": "nodes" }, "geometry": { "type": "Point", "coordinates": [ 68.5416268, 25.123585 ] } },
{ "type": "Feature", "properties": { "name": "Care Pharmacy", "amenity": "pharmacy", "healthcare": "pharmacy", "addr_city": "???? ????", "osm_id": 2912530959, "osm_type": "nodes" }, "geometry": { "type": "Point", "coordinates": [ 73.0996963, 31.4075419 ] } },
{ "type": "Feature", "properties": { "name": "Office District Officer Health III", "amenity": "hospital", "healthcare": "hospital", "addr_city": "???? ????", "osm_id": 5254139614, "osm_type": "nodes" }, "geometry": { "type": "Point", "coordinates": [ 73.072343, 31.4159626 ] } },
{ "type": "Feature", "properties": { "name": "Maqsooda Zia Hospital", "amenity": "hospital", "healthcare": "hospital", "addr_city": "???? ????", "osm_id": 5255873671, "osm_type": "nodes" }, "geometry": { "type": "Point", "coordinates": [ 73.0973496, 31.4088921 ] } },
{ "type": "Feature", "properties": { "name": "Muhammad Hospital", "amenity": "hospital", "healthcare": "hospital", "addr_city": "???? ????", "osm_id": 5259596733, "osm_type": "nodes" }, "geometry": { "type": "Point", "coordinates": [ 73.0763456, 31.4472583 ] } },
{ "type": "Feature", "properties": { "name": "Punjab Institute of Nuclear Medicine", "amenity": "hospital", "healthcare": "hospital", "addr_city": "???? ????", "osm_id": 5259596744, "osm_type": "nodes" }, "geometry": { "type": "Point", "coordinates": [ 73.0831993, 31.4500299 ] } },
{ "type": "Feature", "properties": { "name": "Maqsooda Zia Executive Clinics Hospital", "amenity": "hospital", "healthcare": "hospital", "addr_city": "???? ????", "osm_id": 5259596752, "osm_type": "nodes" }, "geometry": { "type": "Point", "coordinates": [ 73.0859736, 31.4501677 ] } },
{ "type": "Feature", "properties": { "name": "Tahir Hospital", "amenity": "hospital", "healthcare": "hospital", "addr_city": "???? ????", "osm_id": 5263913117, "osm_type": "nodes" }, "geometry": { "type": "Point", "coordinates": [ 73.0350866, 31.4262768 ] } },
{ "type": "Feature", "properties": { "name": "FESCO Hospital", "amenity": "hospital", "healthcare": "hospital", "addr_city": "???? ????", "osm_id": 5263913738, "osm_type": "nodes" }, "geometry": { "type": "Point", "coordinates": [ 73.1147406, 31.4265879 ] } },
{ "type": "Feature", "properties": { "name": "Fatima Maternity Hospital", "amenity": "hospital", "healthcare": "hospital", "addr_city": "???? ????", "osm_id": 5265764840, "osm_type": "nodes" }, "geometry": { "type": "Point", "coordinates": [ 73.1012726, 31.4061222 ] } },
{ "type": "Feature", "properties": { "name": "Dr Shahid Ahmed Heera Clinic", "amenity": "clinic", "healthcare": "clinic", "addr_city": "???? ????", "osm_id": 5265764848, "osm_type": "nodes" }, "geometry": { "type": "Point", "coordinates": [ 73.1008893, 31.4056039 ] } },
{ "type": "Feature", "properties": { "name": "Fauji Foundation Hospital Faisalabad", "amenity": "hospital", "healthcare": "hospital", "addr_city": "???? ????", "osm_id": 5265764849, "osm_type": "nodes" }, "geometry": { "type": "Point", "coordinates": [ 73.1010878, 31.4054073 ] } },
{ "type": "Feature", "properties": { "name": "AUSTRALIAN CONCEPT INFERTILITY MEDICAL CENTER", "amenity": "clinic", "healthcare": "clinic", "addr_city": "???? ????", "osm_id": 5265764850, "osm_type": "nodes" }, "geometry": { "type": "Point", "coordinates": [ 73.101955, 31.4055979 ] } },
{ "type": "Feature", "properties": { "name": "Fatima Eye Clinic", "amenity": "clinic", "healthcare": "clinic", "addr_city": "???? ????", "osm_id": 5265764851, "osm_type": "nodes" }, "geometry": { "type": "Point", "coordinates": [ 73.100378, 31.4068026 ] } },
{ "type": "Feature", "properties": { "name": "Insan Welfare Medical Care Center", "amenity": "hospital", "healthcare": "hospital", "addr_city": "???? ????", "osm_id": 5265764852, "osm_type": "nodes" }, "geometry": { "type": "Point", "coordinates": [ 73.1149828, 31.4306096 ] } },
{ "type": "Feature", "properties": { "name": "Fozia Mother Care", "amenity": "hospital", "healthcare": "hospital", "addr_city": "???? ????", "osm_id": 5265764853, "osm_type": "nodes" }, "geometry": { "type": "Point", "coordinates": [ 73.1149895, 31.4307984 ] } },
{ "type": "Feature", "properties": { "name": "City Medical Complex", "amenity": "hospital", "healthcare": "hospital", "addr_city": "???? ????", "osm_id": 5267806222, "osm_type": "nodes" }, "geometry": { "type": "Point", "coordinates": [ 73.1165091, 31.4526993 ] } },
{ "type": "Feature", "properties": { "name": "Gandiphar Pakistan", "amenity": "pharmacy", "healthcare": "pharmacy", "addr_city": "????????", "osm_id": 4129560392, "osm_type": "nodes" }, "geometry": { "type": "Point", "coordinates": [ 68.3908853, 25.3627633 ] } },
{ "type": "Feature", "properties": { "name": "Zaib Clinic", "amenity": "clinic", "healthcare": null, "addr_city": "???? ????", "osm_id": 4386797394, "osm_type": "nodes" }, "geometry": { "type": "Point", "coordinates": [ 73.1187664, 31.4233018 ] } },
{ "type": "Feature", "properties": { "name": "Red Crescent General Hospital Hilal E Ahmer", "amenity": "hospital", "healthcare": null, "addr_city": "????????", "osm_id": 1102236416, "osm_type": "nodes" }, "geometry": { "type": "Point", "coordinates": [ 68.3523961, 25.3682693 ] } },
{ "type": "Feature", "properties": { "name": "Shafay Hospital", "amenity": "hospital", "healthcare": null, "addr_city": "????????", "osm_id": 4841964525, "osm_type": "nodes" }, "geometry": { "type": "Point", "coordinates": [ 68.3346581, 25.3965831 ] } },
{ "type": "Feature", "properties": { "name": "Wapda Hospital", "amenity": "hospital", "healthcare": "hospital", "addr_city": "????????", "osm_id": 5251853739, "osm_type": "nodes" }, "geometry": { "type": "Point", "coordinates": [ 68.3278147, 25.376273 ] } },
{ "type": "Feature", "properties": { "name": "CPSP REGIONAL CENTRE", "amenity": "hospital", "healthcare": "hospital", "addr_city": "????????", "osm_id": 5251853742, "osm_type": "nodes" }, "geometry": { "type": "Point", "coordinates": [ 68.332713, 25.3771854 ] } },
{ "type": "Feature", "properties": { "name": "MaaJee Hospital", "amenity": "hospital", "healthcare": "hospital", "addr_city": "????????", "osm_id": 5251853770, "osm_type": "nodes" }, "geometry": { "type": "Point", "coordinates": [ 68.3634348, 25.3737251 ] } },
{ "type": "Feature", "properties": { "name": "Pakistan Pharmaceutical Chemical & Laboratories Pvt Ltd", "amenity": "pharmacy", "healthcare": "pharmacy", "addr_city": "????????", "osm_id": 5252038814, "osm_type": "nodes" }, "geometry": { "type": "Point", "coordinates": [ 68.3824242, 25.3567957 ] } },
{ "type": "Feature", "properties": { "name": "Medi Marker’s Pharmaceuticals", "amenity": "pharmacy", "healthcare": "pharmacy", "addr_city": "????????", "osm_id": 5252038817, "osm_type": "nodes" }, "geometry": { "type": "Point", "coordinates": [ 68.383024, 25.3534386 ] } },
{ "type": "Feature", "properties": { "name": "Hali Clinic", "amenity": "clinic", "healthcare": "clinic", "addr_city": "????????", "osm_id": 5252043362, "osm_type": "nodes" }, "geometry": { "type": "Point", "coordinates": [ 68.3783791, 25.377054 ] } },
{ "type": "Feature", "properties": { "name": "Aga Khan Maternal & Child Care Centre", "amenity": "hospital", "healthcare": "hospital", "addr_city": "????????", "osm_id": 5252215014, "osm_type": "nodes" }, "geometry": { "type": "Point", "coordinates": [ 68.3540431, 25.4126808 ] } },
{ "type": "Feature", "properties": { "name": "Hospital Plantation", "amenity": "hospital", "healthcare": "hospital", "addr_city": "????????", "osm_id": 5252216022, "osm_type": "nodes" }, "geometry": { "type": "Point", "coordinates": [ 68.3475699, 25.4187152 ] } },
{ "type": "Feature", "properties": { "name": "Wali Bhai Rajputana Hospital", "amenity": "hospital", "healthcare": "hospital", "addr_city": "????????", "osm_id": 5252216023, "osm_type": "nodes" }, "geometry": { "type": "Point", "coordinates": [ 68.3484051, 25.4191947 ] } },
{ "type": "Feature", "properties": { "name": "Seeja Clinic", "amenity": "clinic", "healthcare": "clinic", "addr_city": "????????", "osm_id": 5253791374, "osm_type": "nodes" }, "geometry": { "type": "Point", "coordinates": [ 68.3811959, 25.3860651 ] } },
{ "type": "Feature", "properties": { "name": "Al-Shifa Memon Charitable Hospital", "amenity": "hospital", "healthcare": "hospital", "addr_city": "????????", "osm_id": 5253791378, "osm_type": "nodes" }, "geometry": { "type": "Point", "coordinates": [ 68.3800285, 25.3852137 ] } },
{ "type": "Feature", "properties": { "name": "Raja Hospital and Maternity Home", "amenity": "hospital", "healthcare": "hospital", "addr_city": "????????", "osm_id": 5283909425, "osm_type": "nodes" }, "geometry": { "type": "Point", "coordinates": [ 68.3910609, 25.3936485 ] } },
{ "type": "Feature", "properties": { "name": "The Black Lion Hospital", "amenity": "hospital", "healthcare": "hospital", "addr_city": "????????", "osm_id": 5285951858, "osm_type": "nodes" }, "geometry": { "type": "Point", "coordinates": [ 68.361462, 25.3839838 ] } },
{ "type": "Feature", "properties": { "name": "Wapda Hospital", "amenity": "hospital", "healthcare": "hospital", "addr_city": "????????", "osm_id": 5323368815, "osm_type": "nodes" }, "geometry": { "type": "Point", "coordinates": [ 68.3515633, 25.3634983 ] } },
{ "type": "Feature", "properties": { "name": "Sunny Medical Store", "amenity": "pharmacy", "healthcare": "pharmacy", "addr_city": "????????", "osm_id": 5323577389, "osm_type": "nodes" }, "geometry": { "type": "Point", "coordinates": [ 68.3507559, 25.3680575 ] } },
{ "type": "Feature", "properties": { "name": "Dar Pharmacy", "amenity": "pharmacy", "healthcare": null, "addr_city": "???? ????", "osm_id": 5200100331, "osm_type": "nodes" }, "geometry": { "type": "Point", "coordinates": [ 73.0977122, 31.4086109 ] } },
{ "type": "Feature", "properties": { "name": "District Council Dispensary Shadi Larg", "amenity": "hospital", "healthcare": "hospital", "addr_city": null, "osm_id": 11896650595, "osm_type": "nodes" }, "geometry": { "type": "Point", "coordinates": [ 69.1491684, 24.6273687 ] } },
{ "type": "Feature", "properties": { "name": "Government Dispensary Adhori Tail", "amenity": "hospital", "healthcare": "hospital", "addr_city": null, "osm_id": 11896681136, "osm_type": "nodes" }, "geometry": { "type": "Point", "coordinates": [ 69.0699632, 24.8757829 ] } },
{ "type": "Feature", "properties": { "name": "Government Dispensary Sangi Pharo", "amenity": "hospital", "healthcare": "hospital", "addr_city": null, "osm_id": 11896681137, "osm_type": "nodes" }, "geometry": { "type": "Point", "coordinates": [ 69.184998, 24.9370918 ] } },
{ "type": "Feature", "properties": { "name": "BHU Khalifo Qasim", "amenity": "hospital", "healthcare": "hospital", "addr_city": null, "osm_id": 11896681130, "osm_type": "nodes" }, "geometry": { "type": "Point", "coordinates": [ 69.1096202, 24.7492681 ] } },
{ "type": "Feature", "properties": { "name": "DCD Abdullah Junejo", "amenity": "hospital", "healthcare": "hospital", "addr_city": null, "osm_id": 11896681132, "osm_type": "nodes" }, "geometry": { "type": "Point", "coordinates": [ 69.0564436, 24.6999851 ] } },
{ "type": "Feature", "properties": { "name": "BHU Saeed Khan Bhugri", "amenity": "hospital", "healthcare": "hospital", "addr_city": null, "osm_id": 11896681133, "osm_type": "nodes" }, "geometry": { "type": "Point", "coordinates": [ 69.0645043, 24.6654163 ] } },
{ "type": "Feature", "properties": { "name": "GD Bakho Chandio", "amenity": "hospital", "healthcare": "hospital", "addr_city": null, "osm_id": 11896681135, "osm_type": "nodes" }, "geometry": { "type": "Point", "coordinates": [ 69.1401427, 24.8822825 ] } },
{ "type": "Feature", "properties": { "name": "BHU Khandu", "amenity": "hospital", "healthcare": "hospital", "addr_city": null, "osm_id": 11896635639, "osm_type": "nodes" }, "geometry": { "type": "Point", "coordinates": [ 67.7130581, 27.5043175 ] } },
{ "type": "Feature", "properties": { "name": "The Dental Suite by Dr. Mujtaba Anwar", "amenity": "hospital", "healthcare": "hospital", "addr_city": "Lahore", "osm_id": 10734314530, "osm_type": "nodes" }, "geometry": { "type": "Point", "coordinates": [ 74.2991692, 31.4835473 ] } },
{ "type": "Feature", "properties": { "name": "MALC Bihar Lyari Leprosy Centre", "amenity": "hospital", "healthcare": "hospital", "addr_city": "????? ????", "osm_id": 10687913374, "osm_type": "nodes" }, "geometry": { "type": "Point", "coordinates": [ 66.9852875, 24.8722653 ] } },
{ "type": "Feature", "properties": { "name": "Dr", "amenity": "doctors", "healthcare": "doctor", "addr_city": "Bhand ????", "osm_id": 12749308730, "osm_type": "nodes" }, "geometry": { "type": "Point", "coordinates": [ 68.4619601, 28.4574311 ] } },
{ "type": "Feature", "properties": { "name": "BHU Ghaibi Dero", "amenity": "clinic", "healthcare": "clinic", "addr_city": null, "osm_id": 10571682994, "osm_type": "nodes" }, "geometry": { "type": "Point", "coordinates": [ 67.6443185, 27.5948217 ] } },
{ "type": "Feature", "properties": { "name": "BHU Mir Pur Buriro", "amenity": "clinic", "healthcare": "clinic", "addr_city": null, "osm_id": 10571831921, "osm_type": "nodes" }, "geometry": { "type": "Point", "coordinates": [ 67.6381556, 27.7703062 ] } },
{ "type": "Feature", "properties": { "name": "Basic Health Unit Aminani", "amenity": "clinic", "healthcare": "clinic", "addr_city": null, "osm_id": 10316528843, "osm_type": "nodes" }, "geometry": { "type": "Point", "coordinates": [ 67.802168, 26.6404765 ] } },
{ "type": "Feature", "properties": { "name": "Mehar Impex", "amenity": "pharmacy", "healthcare": null, "addr_city": "Karachi", "osm_id": 4791991078, "osm_type": "nodes" }, "geometry": { "type": "Point", "coordinates": [ 67.0114535, 24.8565406 ] } },
{ "type": "Feature", "properties": { "name": "Kausar Medicos", "amenity": "pharmacy", "healthcare": null, "addr_city": "Karachi", "osm_id": 4791991084, "osm_type": "nodes" }, "geometry": { "type": "Point", "coordinates": [ 67.0121865, 24.8574311 ] } },
{ "type": "Feature", "properties": { "name": "Zainab Panjwani Memorial Hospital", "amenity": "hospital", "healthcare": null, "addr_city": "Karachi", "osm_id": 4793639799, "osm_type": "nodes" }, "geometry": { "type": "Point", "coordinates": [ 67.0357634, 24.8743206 ] } },
{ "type": "Feature", "properties": { "name": "Aziz Medicare", "amenity": "clinic", "healthcare": null, "addr_city": "Karachi", "osm_id": 5128445374, "osm_type": "nodes" }, "geometry": { "type": "Point", "coordinates": [ 67.0309754, 24.8842833 ] } },
{ "type": "Feature", "properties": { "name": "Momin Medical Centre & Maternity Home", "amenity": "clinic", "healthcare": null, "addr_city": "Karachi", "osm_id": 5130354330, "osm_type": "nodes" }, "geometry": { "type": "Point", "coordinates": [ 67.0292483, 24.8741217 ] } },
{ "type": "Feature", "properties": { "name": "CARE MAMA CONSULTANT CLINIC", "amenity": "clinic", "healthcare": "clinic", "addr_city": "Karachi", "osm_id": 12143716063, "osm_type": "nodes" }, "geometry": { "type": "Point", "coordinates": [ 67.0170824, 24.8771104 ] } },
{ "type": "Feature", "properties": { "name": "Central Hospital Usmanabad ?????? ??????", "amenity": "hospital", "healthcare": "hospital", "addr_city": "?????", "osm_id": 12141723961, "osm_type": "nodes" }, "geometry": { "type": "Point", "coordinates": [ 67.0153648, 24.8744311 ] } },
{ "type": "Feature", "properties": { "name": "Dai Maa Mewa Shah", "amenity": "pharmacy", "healthcare": "pharmacy", "addr_city": "?????", "osm_id": 12151464206, "osm_type": "nodes" }, "geometry": { "type": "Point", "coordinates": [ 67.0046799, 24.8878196 ] } },
{ "type": "Feature", "properties": { "name": "Hashmanis Dental Care & Aesthetics (popularly known as Hashmani Eye Hospital)", "amenity": "hospital", "healthcare": "hospital", "addr_city": "Karachi", "osm_id": 12151919804, "osm_type": "nodes" }, "geometry": { "type": "Point", "coordinates": [ 67.0391482, 24.8704056 ] } },
{ "type": "Feature", "properties": { "name": "BestChem International", "amenity": "pharmacy", "healthcare": "pharmacy", "addr_city": "Karachi", "osm_id": 12154983496, "osm_type": "nodes" }, "geometry": { "type": "Point", "coordinates": [ 67.0143725, 24.8563421 ] } },
{ "type": "Feature", "properties": { "name": "Al Fatah clinic", "amenity": "pharmacy", "healthcare": "pharmacy", "addr_city": "Karachi", "osm_id": 12155182347, "osm_type": "nodes" }, "geometry": { "type": "Point", "coordinates": [ 67.0172169, 24.855979 ] } },
{ "type": "Feature", "properties": { "name": "SIUT Hajiani Chatul Bai Dialysis Centre", "amenity": "hospital", "healthcare": "hospital", "addr_city": "Karachi", "osm_id": 12164748172, "osm_type": "nodes" }, "geometry": { "type": "Point", "coordinates": [ 67.0250576, 24.8796096 ] } },
{ "type": "Feature", "properties": { "name": "SIUT dialysis center garden", "amenity": "hospital", "healthcare": "hospital", "addr_city": "Karachi", "osm_id": 12164761007, "osm_type": "nodes" }, "geometry": { "type": "Point", "coordinates": [ 67.0248682, 24.879897 ] } },
{ "type": "Feature", "properties": { "name": "Doli Khata Dispensary", "amenity": "hospital", "healthcare": "hospital", "addr_city": "Karachi", "osm_id": 12164816613, "osm_type": "nodes" }, "geometry": { "type": "Point", "coordinates": [ 67.0251812, 24.8715562 ] } },
{ "type": "Feature", "properties": { "name": "Khanum Medicos", "amenity": "pharmacy", "healthcare": "pharmacy", "addr_city": "Karachi", "osm_id": 12164836099, "osm_type": "nodes" }, "geometry": { "type": "Point", "coordinates": [ 67.025892, 24.8713762 ] } },
{ "type": "Feature", "properties": { "name": "Dr.Zeba Anwar", "amenity": "doctors", "healthcare": "doctor", "addr_city": "Karachi", "osm_id": 12164843468, "osm_type": "nodes" }, "geometry": { "type": "Point", "coordinates": [ 67.0273377, 24.8721761 ] } },
{ "type": "Feature", "properties": { "name": "Holy Family Hospital", "amenity": "hospital", "healthcare": "hospital", "addr_city": "Karachi", "osm_id": 12164850803, "osm_type": "nodes" }, "geometry": { "type": "Point", "coordinates": [ 67.0279825, 24.8721292 ] } },
{ "type": "Feature", "properties": { "name": "FAiTh Fight Against Thalassemia", "amenity": "clinic", "healthcare": "clinic", "addr_city": "Karachi", "osm_id": 12164877679, "osm_type": "nodes" }, "geometry": { "type": "Point", "coordinates": [ 67.0282295, 24.8687781 ] } },
{ "type": "Feature", "properties": { "name": "Safeway Medical Store", "amenity": "pharmacy", "healthcare": "pharmacy", "addr_city": "Karachi", "osm_id": 12167722658, "osm_type": "nodes" }, "geometry": { "type": "Point", "coordinates": [ 67.0260654, 24.8800352 ] } },
{ "type": "Feature", "properties": { "name": "Diamond Era Nursing Care Home", "amenity": "hospital", "healthcare": "hospital", "addr_city": "Karachi", "osm_id": 12168885878, "osm_type": "nodes" }, "geometry": { "type": "Point", "coordinates": [ 67.0282295, 24.8784222 ] } },
{ "type": "Feature", "properties": { "name": "Tabrez Ortho Centre", "amenity": "doctors", "healthcare": "doctor", "addr_city": "Karachi", "osm_id": 12172089813, "osm_type": "nodes" }, "geometry": { "type": "Point", "coordinates": [ 67.0308845, 24.8768587 ] } },
{ "type": "Feature", "properties": { "name": "DVAGO Pharmacy & Wellness Experts", "amenity": "pharmacy", "healthcare": "pharmacy", "addr_city": "Karachi", "osm_id": 12172375470, "osm_type": "nodes" }, "geometry": { "type": "Point", "coordinates": [ 67.0313204, 24.8763643 ] } },
{ "type": "Feature", "properties": { "name": "Habib Bhai Patti Walay", "amenity": "hospital", "healthcare": "hospital", "addr_city": null, "osm_id": 12173707286, "osm_type": "nodes" }, "geometry": { "type": "Point", "coordinates": [ 67.0297531, 24.8845426 ] } },
{ "type": "Feature", "properties": { "name": "Medicare Centre", "amenity": "hospital", "healthcare": "hospital", "addr_city": "Karachi", "osm_id": 12184243745, "osm_type": "nodes" }, "geometry": { "type": "Point", "coordinates": [ 67.0320107, 24.8797487 ] } },
{ "type": "Feature", "properties": { "name": "Clininc hospital", "amenity": "clinic", "healthcare": "clinic", "addr_city": "Karachi", "osm_id": 12167840468, "osm_type": "nodes" }, "geometry": { "type": "Point", "coordinates": [ 67.0278, 24.8821655 ] } },
{ "type": "Feature", "properties": { "name": "Pro-faisal office", "amenity": "doctors", "healthcare": "doctor", "addr_city": "Karachi", "osm_id": 12168918094, "osm_type": "nodes" }, "geometry": { "type": "Point", "coordinates": [ 67.0302999, 24.879957 ] } },
{ "type": "Feature", "properties": { "name": "GMT Centre", "amenity": "hospital", "healthcare": "hospital", "addr_city": "Karachi", "osm_id": 12190967951, "osm_type": "nodes" }, "geometry": { "type": "Point", "coordinates": [ 67.0238908, 24.8668129 ] } },
{ "type": "Feature", "properties": { "name": "New SJ Ghani Chemist", "amenity": "pharmacy", "healthcare": "pharmacy", "addr_city": "Karachi", "osm_id": 12191285742, "osm_type": "nodes" }, "geometry": { "type": "Point", "coordinates": [ 67.0237542, 24.8667821 ] } },
{ "type": "Feature", "properties": { "name": "Metro Health Care", "amenity": "hospital", "healthcare": "hospital", "addr_city": "Karachi", "osm_id": 12191837858, "osm_type": "nodes" }, "geometry": { "type": "Point", "coordinates": [ 67.0241466, 24.8670702 ] } },
{ "type": "Feature", "properties": { "name": "Prof Dr. Khalida Soomro", "amenity": "doctors", "healthcare": "doctor", "addr_city": "Karachi", "osm_id": 12191849443, "osm_type": "nodes" }, "geometry": { "type": "Point", "coordinates": [ 67.0242548, 24.8673456 ] } },
{ "type": "Feature", "properties": { "name": "The Consultants Clinic", "amenity": "doctors", "healthcare": "doctor", "addr_city": "Karachi", "osm_id": 12194316274, "osm_type": "nodes" }, "geometry": { "type": "Point", "coordinates": [ 67.0241384, 24.8673937 ] } },
{ "type": "Feature", "properties": { "name": "Shahnaz Ultrasound and Collection Point", "amenity": null, "healthcare": "laboratory", "addr_city": "Karachi", "osm_id": 12191836243, "osm_type": "nodes" }, "geometry": { "type": "Point", "coordinates": [ 67.0242485, 24.8671164 ] } },
{ "type": "Feature", "properties": { "name": "QS Medical Care", "amenity": null, "healthcare": "laboratory", "addr_city": null, "osm_id": 12202045219, "osm_type": "nodes" }, "geometry": { "type": "Point", "coordinates": [ 67.0177817, 24.8109285 ] } },
{ "type": "Feature", "properties": { "name": "Dr Mohammad Jamil Bhojanis Clinic", "amenity": "clinic", "healthcare": "clinic", "addr_city": "Karachi", "osm_id": 12207804862, "osm_type": "nodes" }, "geometry": { "type": "Point", "coordinates": [ 67.0238992, 24.8668543 ] } },
{ "type": "Feature", "properties": { "name": "Dr Tariq Rafiqs Clinic", "amenity": "clinic", "healthcare": "clinic", "addr_city": "Karachi", "osm_id": 12207819127, "osm_type": "nodes" }, "geometry": { "type": "Point", "coordinates": [ 67.0239011, 24.8667722 ] } },
{ "type": "Feature", "properties": { "name": "Al-Shifa Medicos", "amenity": "pharmacy", "healthcare": "pharmacy", "addr_city": "Karachi", "osm_id": 12190971026, "osm_type": "nodes" }, "geometry": { "type": "Point", "coordinates": [ 67.0238276, 24.8668038 ] } },
{ "type": "Feature", "properties": { "name": "Hafeez Orthopedic Surgery & Spine Manipulation Clinic", "amenity": "doctors", "healthcare": "doctor", "addr_city": "Karachi", "osm_id": 12191551423, "osm_type": "nodes" }, "geometry": { "type": "Point", "coordinates": [ 67.0242847, 24.8672284 ] } },
{ "type": "Feature", "properties": { "name": "Khan Medico", "amenity": "pharmacy", "healthcare": "pharmacy", "addr_city": "Karachi", "osm_id": 12191659264, "osm_type": "nodes" }, "geometry": { "type": "Point", "coordinates": [ 67.0237413, 24.8669358 ] } },
{ "type": "Feature", "properties": { "name": "Dr.Lateef Mian s' Neuro clinic", "amenity": "doctors", "healthcare": "doctor", "addr_city": "Karachi", "osm_id": 12191774574, "osm_type": "nodes" }, "geometry": { "type": "Point", "coordinates": [ 67.0234763, 24.866832 ] } },
{ "type": "Feature", "properties": { "name": "Isa Jaffer Dental Clinic", "amenity": "dentist", "healthcare": "dentist", "addr_city": "Karachi", "osm_id": 12191830508, "osm_type": "nodes" }, "geometry": { "type": "Point", "coordinates": [ 67.0240863, 24.8672332 ] } },
{ "type": "Feature", "properties": { "name": "Bibi Zahida Eye Clinic", "amenity": "hospital", "healthcare": "hospital", "addr_city": "Karachi", "osm_id": 12213600924, "osm_type": "nodes" }, "geometry": { "type": "Point", "coordinates": [ 67.0246978, 24.8668564 ] } },
{ "type": "Feature", "properties": { "name": "Al Taj diagnostic & Consultant Clinics", "amenity": "hospital", "healthcare": "hospital", "addr_city": "Karachi", "osm_id": 12213603842, "osm_type": "nodes" }, "geometry": { "type": "Point", "coordinates": [ 67.0243227, 24.8667914 ] } },
{ "type": "Feature", "properties": { "name": "Pakistan Association For Mental Health", "amenity": "hospital", "healthcare": "hospital", "addr_city": "Karachi", "osm_id": 12219392283, "osm_type": "nodes" }, "geometry": { "type": "Point", "coordinates": [ 67.0253111, 24.8685349 ] } },
{ "type": "Feature", "properties": { "name": "Richmond crafwood venteraty hospital", "amenity": "hospital", "healthcare": "hospital", "addr_city": "Karachi", "osm_id": 12219397723, "osm_type": "nodes" }, "geometry": { "type": "Point", "coordinates": [ 67.024749, 24.8683889 ] } },
{ "type": "Feature", "properties": { "name": "Specialist Medical Centre SMC", "amenity": "hospital", "healthcare": "hospital", "addr_city": "Karachi", "osm_id": 12222001044, "osm_type": "nodes" }, "geometry": { "type": "Point", "coordinates": [ 67.0337656, 24.8715043 ] } },
{ "type": "Feature", "properties": { "name": "Medical Centre", "amenity": "hospital", "healthcare": "hospital", "addr_city": "Karachi", "osm_id": 12232818043, "osm_type": "nodes" }, "geometry": { "type": "Point", "coordinates": [ 67.0310476, 24.875021 ] } },
{ "type": "Feature", "properties": { "name": "Dvago", "amenity": "pharmacy", "healthcare": "pharmacy", "addr_city": "Karachi", "osm_id": 12238634645, "osm_type": "nodes" }, "geometry": { "type": "Point", "coordinates": [ 67.0294562, 24.8740071 ] } },
{ "type": "Feature", "properties": { "name": "Amin Dental Care", "amenity": "dentist", "healthcare": "dentist", "addr_city": "Karachi", "osm_id": 12241332773, "osm_type": "nodes" }, "geometry": { "type": "Point", "coordinates": [ 67.0323265, 24.8738333 ] } },
{ "type": "Feature", "properties": { "name": "Anklesaria Eye Hospital", "amenity": "hospital", "healthcare": "hospital", "addr_city": "Karachi", "osm_id": 12241372558, "osm_type": "nodes" }, "geometry": { "type": "Point", "coordinates": [ 67.0311716, 24.8726791 ] } },
{ "type": "Feature", "properties": { "name": "City Health Care Centre", "amenity": "hospital", "healthcare": "hospital", "addr_city": "Karachi", "osm_id": 12243712246, "osm_type": "nodes" }, "geometry": { "type": "Point", "coordinates": [ 67.0344344, 24.872555 ] } },
{ "type": "Feature", "properties": { "name": "Physiotherapy Home Visit Services - Dr. Pritik Rai Karmani", "amenity": null, "healthcare": "physiotherapist", "addr_city": "Karachi", "osm_id": 12191659218, "osm_type": "nodes" }, "geometry": { "type": "Point", "coordinates": [ 67.023706, 24.8667228 ] } },
{ "type": "Feature", "properties": { "name": "Anklesaria Laboratory & Blood Bank", "amenity": null, "healthcare": "blood_donation", "addr_city": "Karachi", "osm_id": 12191667791, "osm_type": "nodes" }, "geometry": { "type": "Point", "coordinates": [ 67.0237596, 24.8669653 ] } },
{ "type": "Feature", "properties": { "name": "Agha Khan Laboratory Collection Center", "amenity": null, "healthcare": "laboratory", "addr_city": "Karachi", "osm_id": 12194335328, "osm_type": "nodes" }, "geometry": { "type": "Point", "coordinates": [ 67.0240013, 24.867319 ] } },
{ "type": "Feature", "properties": { "name": "Diagnostic & Research Laboratory ( LUMHS )", "amenity": null, "healthcare": "laboratory", "addr_city": "Karachi", "osm_id": 12224029517, "osm_type": "nodes" }, "geometry": { "type": "Point", "coordinates": [ 67.0343226, 24.8718912 ] } },
{ "type": "Feature", "properties": { "name": "Husaini Laboratory Collection Point", "amenity": null, "healthcare": "laboratory", "addr_city": "Karachi", "osm_id": 12241268084, "osm_type": "nodes" }, "geometry": { "type": "Point", "coordinates": [ 67.0319017, 24.8740523 ] } },
{ "type": "Feature", "properties": { "name": "Husaini Laboratory", "amenity": null, "healthcare": "laboratory", "addr_city": "Karachi", "osm_id": 12241268586, "osm_type": "nodes" }, "geometry": { "type": "Point", "coordinates": [ 67.0314346, 24.8742442 ] } },
{ "type": "Feature", "properties": { "name": "Husaini Blood Bank, Numaish Branch", "amenity": null, "healthcare": "laboratory", "addr_city": "Karachi", "osm_id": 12245774470, "osm_type": "nodes" }, "geometry": { "type": "Point", "coordinates": [ 67.0341289, 24.8720773 ] } },
{ "type": "Feature", "properties": { "name": "Hussaini Blood bank and Laboratory", "amenity": null, "healthcare": "laboratory", "addr_city": "Karachi", "osm_id": 12245802483, "osm_type": "nodes" }, "geometry": { "type": "Point", "coordinates": [ 67.0340665, 24.8720213 ] } },
{ "type": "Feature", "properties": { "name": "Wazir OTC Hospital", "amenity": "hospital", "healthcare": "hospital", "addr_city": "Karachi", "osm_id": 12256198888, "osm_type": "nodes" }, "geometry": { "type": "Point", "coordinates": [ 67.0363793, 24.8742687 ] } },
{ "type": "Feature", "properties": { "name": "Baqai Homoeopathic store", "amenity": "pharmacy", "healthcare": "pharmacy", "addr_city": "Karachi", "osm_id": 12320142052, "osm_type": "nodes" }, "geometry": { "type": "Point", "coordinates": [ 67.0114252, 24.8564414 ] } },
{ "type": "Feature", "properties": { "name": "Standard Homoeopathic pharmacy & Clinic", "amenity": "pharmacy", "healthcare": "pharmacy", "addr_city": "Karachi", "osm_id": 12320199325, "osm_type": "nodes" }, "geometry": { "type": "Point", "coordinates": [ 67.0112595, 24.856683 ] } },
{ "type": "Feature", "properties": { "name": "Waqar Homeo Store", "amenity": "pharmacy", "healthcare": "pharmacy", "addr_city": "Karachi", "osm_id": 12320212792, "osm_type": "nodes" }, "geometry": { "type": "Point", "coordinates": [ 67.0111812, 24.8568361 ] } },
{ "type": "Feature", "properties": { "name": "Dr. Hamid General Homoeo (PVT) LTD.", "amenity": "pharmacy", "healthcare": "pharmacy", "addr_city": "Karachi", "osm_id": 12320221549, "osm_type": "nodes" }, "geometry": { "type": "Point", "coordinates": [ 67.0113896, 24.8564852 ] } },
{ "type": "Feature", "properties": { "name": "Marfani Medical", "amenity": "pharmacy", "healthcare": "pharmacy", "addr_city": "Karachi", "osm_id": 12325344009, "osm_type": "nodes" }, "geometry": { "type": "Point", "coordinates": [ 67.0119907, 24.8572737 ] } },
{ "type": "Feature", "properties": { "name": "Rizwan Medical Store", "amenity": "pharmacy", "healthcare": "pharmacy", "addr_city": "Karachi", "osm_id": 12215937534, "osm_type": "nodes" }, "geometry": { "type": "Point", "coordinates": [ 67.0459192, 24.8929547 ] } },
{ "type": "Feature", "properties": { "name": "EPI Center, PIB Maternity Home, Gulshan Iqbal, District East.", "amenity": "hospital", "healthcare": "hospital", "addr_city": "Karachi", "osm_id": 12216056638, "osm_type": "nodes" }, "geometry": { "type": "Point", "coordinates": [ 67.0497743, 24.8924083 ] } },
{ "type": "Feature", "properties": { "name": "Al Noor Medical Centre", "amenity": "hospital", "healthcare": "hospital", "addr_city": "Karachi", "osm_id": 12216901154, "osm_type": "nodes" }, "geometry": { "type": "Point", "coordinates": [ 67.0351051, 24.8734055 ] } },
{ "type": "Feature", "properties": { "name": "Hijama Centre", "amenity": "hospital", "healthcare": "hospital", "addr_city": "karachi", "osm_id": 12218730130, "osm_type": "nodes" }, "geometry": { "type": "Point", "coordinates": [ 67.031838, 24.8706752 ] } },
{ "type": "Feature", "properties": { "name": "OMI Hospital", "amenity": "hospital", "healthcare": "hospital", "addr_city": "Karachi", "osm_id": 12213554656, "osm_type": "nodes" }, "geometry": { "type": "Point", "coordinates": [ 67.0261027, 24.8675646 ] } },
{ "type": "Feature", "properties": { "name": "City Medical Centre SSGC", "amenity": "doctors", "healthcare": "doctor", "addr_city": "Karachi", "osm_id": 12213558018, "osm_type": "nodes" }, "geometry": { "type": "Point", "coordinates": [ 67.0265151, 24.8674764 ] } },
{ "type": "Feature", "properties": { "name": "Muhammadi Blood Bank", "amenity": null, "healthcare": "blood_donation", "addr_city": "Karachi", "osm_id": 12255423166, "osm_type": "nodes" }, "geometry": { "type": "Point", "coordinates": [ 67.0356025, 24.8736735 ] } },
{ "type": "Feature", "properties": { "name": "Dow Laboratory", "amenity": null, "healthcare": "laboratory", "addr_city": "Karachi", "osm_id": 12320181733, "osm_type": "nodes" }, "geometry": { "type": "Point", "coordinates": [ 67.0110261, 24.8569687 ] } },
{ "type": "Feature", "properties": { "name": "??? ??????", "amenity": "hospital", "healthcare": "hospital", "addr_city": null, "osm_id": 10283113803, "osm_type": "nodes" }, "geometry": { "type": "Point", "coordinates": [ 67.7255861, 26.4436209 ] } },
{ "type": "Feature", "properties": { "name": "Civil Hospital Talhar", "amenity": "hospital", "healthcare": "hospital", "addr_city": null, "osm_id": 10199125441, "osm_type": "nodes" }, "geometry": { "type": "Point", "coordinates": [ 68.821072, 24.8864562 ] } },
{ "type": "Feature", "properties": { "name": "Civil Hospital Usta Muhammad", "amenity": "hospital", "healthcare": "hospital", "addr_city": null, "osm_id": 6273601168, "osm_type": "nodes" }, "geometry": { "type": "Point", "coordinates": [ 68.0419585, 28.1744289 ] } },
{ "type": "Feature", "properties": { "name": "Basic Health Unit - Puran", "amenity": null, "healthcare": "yes", "addr_city": null, "osm_id": 10284257724, "osm_type": "nodes" }, "geometry": { "type": "Point", "coordinates": [ 67.9191658, 26.7393269 ] } },
{ "type": "Feature", "properties": { "name": "Basic Health Center Kamal Khan", "amenity": null, "healthcare": "yes", "addr_city": null, "osm_id": 10284169085, "osm_type": "nodes" }, "geometry": { "type": "Point", "coordinates": [ 67.6379654, 26.6436665 ] } },
{ "type": "Feature", "properties": { "name": "Rural Health Centre - Lal Khan Lashari", "amenity": null, "healthcare": "yes", "addr_city": null, "osm_id": 10283953933, "osm_type": "nodes" }, "geometry": { "type": "Point", "coordinates": [ 67.7893479, 26.5072559 ] } },
{ "type": "Feature", "properties": { "name": "Rural Health Centre - Talti", "amenity": null, "healthcare": "yes", "addr_city": null, "osm_id": 10283953962, "osm_type": "nodes" }, "geometry": { "type": "Point", "coordinates": [ 67.8106165, 26.5296697 ] } },
{ "type": "Feature", "properties": { "name": "Sayed Abdullah Shah Bunyadi Sehat Markaz", "amenity": null, "healthcare": "yes", "addr_city": null, "osm_id": 10284013528, "osm_type": "nodes" }, "geometry": { "type": "Point", "coordinates": [ 67.7149947, 26.5184031 ] } },
{ "type": "Feature", "properties": { "name": "Lady Dufferin Hospital", "amenity": "hospital", "healthcare": null, "addr_city": "Karachi", "osm_id": 5132720049, "osm_type": "nodes" }, "geometry": { "type": "Point", "coordinates": [ 67.0083618, 24.8584561 ] } },
{ "type": "Feature", "properties": { "name": "??????? ???? ????? ??????? ??? ????", "amenity": "hospital", "healthcare": "hospital", "addr_city": null, "osm_id": 11506526287, "osm_type": "nodes" }, "geometry": { "type": "Point", "coordinates": [ 73.5307603, 32.0984088 ] } },
{ "type": "Feature", "properties": { "name": "Al Rasool Medical Centre", "amenity": "doctors", "healthcare": "doctor", "addr_city": "Usta Muhammad", "osm_id": 12476227101, "osm_type": "nodes" }, "geometry": { "type": "Point", "coordinates": [ 68.040804, 28.1771767 ] } },
{ "type": "Feature", "properties": { "name": "Junaid X-Ray", "amenity": "clinic", "healthcare": "clinic", "addr_city": "Jacobabad", "osm_id": 12814245978, "osm_type": "nodes" }, "geometry": { "type": "Point", "coordinates": [ 68.433926, 28.2858379 ] } },
{ "type": "Feature", "properties": { "name": "RHC Bangul Dero", "amenity": "clinic", "healthcare": "clinic", "addr_city": null, "osm_id": 10082935944, "osm_type": "nodes" }, "geometry": { "type": "Point", "coordinates": [ 68.2830758, 27.7279379 ] } }
]
}
