{"type":"Topology","arcs":[[[15747,226934],[39,-7],[15,-122],[-8,-47],[-34,-81],[-30,-107],[62,-8],[79,-23],[-15,-78],[-26,-85],[-9,-71],[5,-128],[21,-74],[39,-169],[34,-111],[14,-66],[11,-83],[1,-70],[-8,-70],[-22,-129],[0,-49],[13,-26],[30,-2],[9,-44],[22,-51],[1,-43],[14,-10],[29,-124],[1,-154],[-26,-159],[-14,-152],[46,-122],[83,-70],[61,-134],[28,-48],[64,-131],[54,-148],[24,-54],[32,-50],[69,-80],[44,-37],[101,-68],[23,-10],[88,1],[110,-12],[13,-10],[12,-45],[5,-113],[14,-23],[50,-44],[119,-81],[28,-3],[114,15],[63,3],[63,12],[68,41],[-35,16],[-29,51],[11,17],[40,-1],[23,21],[37,11],[10,24],[-14,23],[12,58],[-1,51],[16,32],[18,73],[26,7],[78,-6],[23,-33],[10,-37],[-3,-53],[28,-5],[64,16],[118,-6],[96,8],[176,6],[40,-4],[66,-73],[41,-8],[77,-3],[128,-22],[32,-30],[-8,-55],[-93,-117],[-13,-92],[24,-57],[27,-14],[72,2],[107,55],[33,9],[35,-16],[8,-22],[-5,-38],[-30,-79],[-2,-60],[-13,-20],[-33,-6],[-62,13],[-21,-7],[-3,-33],[51,-23],[106,-16],[6,-38],[-27,-49],[8,-102],[-12,-99],[21,-56],[40,-63],[0,-63],[-35,-59],[0,-36],[26,-10],[64,54],[25,8],[100,4],[56,13],[60,2],[59,16],[2,34],[-19,62],[34,10],[71,-21],[34,0],[65,33],[96,4],[24,-19],[30,-86],[4,-24],[31,-16],[14,-42],[50,-26],[75,-7],[52,9],[71,0],[94,25],[62,-40],[31,-2],[-3,-40],[41,-96],[5,-31],[-31,-23],[-24,-59],[-91,-55],[-12,-28],[59,-40],[-28,-52],[5,-18],[63,-2],[18,-10],[54,-60],[7,-34],[-6,-44],[27,-8],[40,-63],[5,-20],[-23,-20],[19,-60],[-26,-16],[-38,9],[-14,-13],[10,-85],[94,11],[52,23],[27,-16],[13,-46],[-113,-11],[-25,-13],[11,-23],[45,10],[60,-3],[13,-24],[-45,-53],[-1,-43],[24,-31],[31,-6],[241,32],[67,15],[21,15],[14,34],[95,10],[33,-35],[54,15],[80,4],[182,24],[70,12],[114,27],[140,10],[9,-49],[-19,-36],[-41,-49],[-9,-44],[9,-34],[-8,-34],[-58,-47],[-23,-30],[16,-53],[23,0],[68,25],[41,-1],[7,-40],[-10,-39],[-15,-14],[-76,-3],[-14,-12],[11,-29],[57,-20],[52,24],[86,49],[42,-16],[-14,-36],[-71,-42],[-3,-20],[19,-101],[-11,-34],[20,-8],[54,29],[57,14],[27,-19],[3,-43],[-25,-22],[-65,-38],[-17,-43],[-1,-54],[13,-13],[113,-21],[12,-20],[-4,-41],[-40,-20],[-96,29],[-52,8],[-12,-21],[57,-62],[35,-13],[55,-6],[91,21],[61,1],[152,-29],[67,-3],[200,-1],[116,-25],[39,-19],[97,0],[42,-51],[30,-13],[22,-55],[-27,-88],[43,-2],[157,49],[42,-62],[70,6],[36,62],[61,21],[11,13],[3,47],[-2,136],[-18,167],[15,147],[-2,71],[5,72],[-9,35],[36,14],[167,2],[81,-21],[60,2],[84,22],[100,-2],[131,4],[182,-7],[141,4],[76,-3],[13,-12],[15,-181],[20,-115],[15,-179],[27,-187],[18,-6],[1,-44],[14,-34],[42,-2],[-5,-50],[30,-123],[13,-140],[1,-54],[-50,-37],[-53,13],[-10,-65],[-64,-13],[0,-40],[21,-86],[62,1],[20,-51],[68,-7],[14,8],[6,34],[29,6],[61,-4],[13,-115],[53,-3],[114,21],[30,-56],[49,-11],[49,-26],[174,16],[42,-49],[97,8],[72,19],[51,23],[8,-7],[34,-109],[22,-36],[3,-45],[-9,-56],[2,-43],[-15,-31],[-29,-20],[-106,-33],[-84,-14],[-7,-22],[68,-20],[19,-33],[34,-17],[35,-3],[52,16],[7,-37],[59,-16],[61,0],[45,14],[40,24],[73,-4],[72,2],[33,-35],[25,-58],[19,-26],[54,-104],[48,-41],[38,27],[69,-12],[26,-20],[6,-65],[20,-19],[45,-1],[67,19],[78,-1],[69,10],[81,-10],[44,7],[31,53],[20,57],[33,10],[7,-27],[-26,-34],[13,-34],[46,-10],[13,28],[-10,90],[-35,33],[3,42],[103,-7],[2,-54],[15,-31],[50,13],[-6,53],[11,22],[24,4],[15,-60],[-63,-53],[-32,-83],[-2,-63],[17,-27],[23,-8],[64,9],[-11,-59],[38,-48],[6,-61],[-9,-4],[-120,29],[-54,6],[-20,-10],[-27,-53],[-47,-9],[-35,4],[-11,52],[-113,-29],[33,-76],[-46,-14],[-130,-20],[-60,21],[-18,-41],[11,-18],[51,-9],[15,-32],[44,-4],[112,-42],[12,18],[58,9],[11,-85],[10,-5],[84,41],[66,0],[74,9],[63,-14],[31,54],[68,11],[29,-3],[12,-32],[-57,-23],[-27,-73],[-40,-12],[-30,-27],[2,-36],[26,3],[48,39],[16,-30],[-26,-82],[6,-69],[73,20],[62,8],[34,-16],[49,20],[39,0],[3,37],[92,17],[83,46],[28,5],[80,-45],[23,-27],[-3,-95],[-23,-8],[-132,-18],[-94,2],[-49,-8],[-94,-32],[-136,-43],[-48,-4],[-42,8],[-48,-18],[-49,4],[-46,-17],[4,-48],[-12,-23],[-46,-9],[13,-26],[0,-43],[24,-17],[173,29],[3,-45],[-23,-53],[0,-70],[53,-53],[16,-28],[16,-63],[10,-73],[25,-98],[82,-91],[60,-8],[85,11],[30,-46],[27,-15],[-5,-29],[-30,-16],[-45,2],[-18,24],[-36,5],[-42,-34],[28,-76],[56,-82],[22,0],[62,25],[48,2],[45,-11],[-26,-49],[-3,-46],[15,-112],[-5,-57],[-16,-30],[-65,-77],[-49,-7],[1,-38],[32,-45],[63,-32],[42,-14],[21,-67],[32,-25],[30,-1],[87,26],[44,-3],[19,-16],[-5,-29],[-29,-34],[-48,-28],[46,-45],[-29,-36],[12,-56],[57,-80],[31,-15],[94,26],[93,51],[30,89],[25,27],[36,16],[-18,66],[15,63],[6,73],[26,39],[21,10],[69,-7],[74,-13],[106,4],[126,-13],[64,-13],[35,6],[40,66],[54,44],[42,77],[21,17],[124,-12],[54,22],[-10,33],[-34,35],[-37,50],[-4,73],[30,8],[77,-10],[89,-26],[112,4],[198,-5],[79,12],[27,14],[47,5],[16,-30],[40,-188],[51,-66],[79,-83],[20,-53],[-7,-36],[-31,-72],[15,-56],[92,-47],[95,-33],[87,-59],[13,-18],[3,-49],[-55,-96],[-27,-66],[-7,-65],[-44,-53],[-4,-69],[-45,-78],[5,-63],[-3,-82],[9,-36],[45,-85],[-4,-66],[-44,-107],[13,-62],[62,-81],[34,-57],[11,-109],[14,-53],[90,-55],[45,-10],[63,4],[44,30],[181,29],[65,30],[84,56],[45,38],[29,8],[43,-9],[132,-9],[75,3],[43,18],[48,41],[53,15],[116,52],[28,18],[61,74],[33,19],[44,7],[26,-9],[37,-44],[29,-15],[79,-7],[113,-38],[44,-49],[71,-41],[30,-35],[95,-85],[55,-4],[64,-70],[105,-96],[36,-19],[173,-53],[14,-28],[-13,-20],[-183,-148],[-48,-72],[-16,-87],[1,-70],[-22,-15],[-8,-30],[15,-31],[-21,-98],[-30,-68],[-26,-19],[-9,-33],[13,-34],[1,-36],[14,-13],[56,-12],[46,-2],[7,-66],[18,-5],[1,-64],[22,-19],[18,-81],[-1,-27],[-21,-33],[-97,-34],[-10,-32],[28,-35],[13,-111],[18,-63],[-23,-30],[-2,-29],[21,-77],[12,-21],[36,14],[32,29],[103,11],[37,-11],[18,-63],[77,6],[55,-18],[37,-67],[-20,-35],[-8,-89],[158,22],[17,28],[36,-6],[-2,-80],[45,-29],[-8,-24],[-42,-29],[-55,-15],[5,-30],[2,-144],[7,-13],[149,6],[16,-7],[8,-56],[71,-5],[21,-17],[74,15],[78,-1],[6,-21],[-4,-87],[2,-124],[4,-9],[81,-22],[59,-34],[53,-9],[17,17],[0,78],[84,32],[42,4],[79,19],[13,30],[54,10],[117,1],[15,-30],[22,-14],[69,-7],[40,-44],[34,-17],[2,-24],[40,-3],[22,36],[60,8],[93,2],[51,-5],[45,21],[76,25],[103,19],[23,-13],[19,-33],[25,-13],[159,7],[22,18],[-9,33],[-23,32],[-22,71],[-2,92],[41,65],[11,42],[-80,-2],[-17,-40],[-38,-43],[-50,-14],[-37,9],[-16,35],[5,116],[-5,41],[-19,17],[-104,8],[-32,22],[13,95],[-11,35],[-117,48],[-90,23],[-26,14],[-6,21],[2,122],[5,222],[-19,89],[2,31],[22,42],[85,59],[34,40],[-13,29],[-109,88],[-18,45],[27,39],[90,28],[60,6],[45,29],[6,42],[-43,69],[2,41],[18,40],[101,69],[71,67],[31,0],[94,40],[63,45],[141,10],[128,20],[105,9],[186,3],[186,24],[154,2],[299,-14],[92,-25],[50,-5],[100,3],[192,22],[40,-57],[32,-8],[-5,-25],[25,-22],[68,23],[35,-35],[49,-28],[53,-9],[30,-26],[69,-109],[26,-30],[55,-19],[48,-66],[7,-52],[93,-161],[33,-115],[1,-35],[38,-13],[24,-55],[75,-43],[51,-36],[93,-162],[39,-42],[18,-32],[0,-28],[22,-48],[52,-37],[44,-53],[47,-47],[43,-53],[10,-50],[18,-33],[29,3],[36,-54],[54,-67],[-15,-28],[21,-69],[62,-1],[12,22],[69,-2],[5,-77],[104,-21],[79,-8],[94,-34],[96,0],[88,27],[54,-5],[40,11],[22,17],[11,31],[111,20],[23,26],[103,-1],[17,15],[27,67],[36,8],[215,4],[241,36],[100,-8],[117,-56],[50,-6],[199,6],[161,0],[119,8],[96,-3],[44,-7],[37,-28],[46,-4],[82,-39],[52,67],[63,15],[-33,57],[27,59],[37,13],[23,25],[103,-51],[1,-118],[-44,-21],[61,-3],[24,39],[-2,45],[18,51],[100,-5],[55,-9],[60,-34],[15,-38],[6,-85],[42,-19],[38,1],[25,15],[-67,3],[6,81],[33,78],[55,11],[24,-94],[132,-38],[49,-28],[72,-55],[41,-18],[115,7],[43,15],[48,-7],[-3,45],[-35,25],[1,43],[-27,31],[-38,23],[17,89],[4,65],[-6,53],[24,16],[19,-8],[61,38],[14,46],[-20,53],[22,23],[19,-3],[38,21],[56,10],[17,24],[30,-3],[18,-17],[0,-30],[83,-35],[21,-31],[45,15],[78,-28],[23,3],[9,55],[-21,20],[-51,13],[-35,22],[4,48],[15,32],[44,0],[27,10],[4,58],[-14,53],[-21,37],[-42,38],[-15,61],[-2,80],[27,14],[14,-30],[30,15],[3,68],[17,20],[-14,13],[-55,102],[-20,23],[-2,36],[-35,39],[-40,-8],[-68,18],[-45,0],[-31,12],[-17,29],[16,15],[56,9],[33,-2],[40,-18],[55,14],[47,0],[45,11],[22,20],[25,77],[-7,64],[-55,52],[-66,5],[-31,15],[-49,58],[21,40],[76,49],[10,51],[29,18],[-15,41],[-55,46],[-13,47],[-39,-14],[-15,25],[-46,-10],[-34,-31],[-28,-5],[-5,-19],[-42,4],[-11,74],[-21,61],[-23,14],[-45,-15],[-61,21],[-106,-16],[-17,-11],[-17,-53],[6,-66],[-10,-38],[-72,0],[-45,-32],[-4,-16],[27,-16],[74,10],[42,-10],[2,-18],[-26,-27],[0,-54],[-8,-47],[-18,-32],[13,-32],[43,-3],[40,-39],[-15,48],[9,88],[23,65],[23,21],[40,16],[22,-9],[5,-37],[-41,-31],[4,-38],[-24,-12],[-34,-105],[24,-87],[-1,-36],[-13,-2],[-43,43],[-31,-9],[-18,-22],[-31,-3],[-37,12],[-11,-27],[44,12],[10,-116],[16,-33],[-5,-23],[-23,3],[-166,46],[-8,42],[-15,7],[-37,-16],[-3,16],[48,58],[11,50],[-78,17],[-28,35],[10,14],[60,20],[24,27],[30,7],[7,29],[-16,32],[-29,16],[-41,-26],[-5,-58],[-16,-11],[-65,-12],[-46,35],[-76,12],[-49,37],[-96,-30],[-51,-57],[-23,0],[-20,95],[-13,15],[-58,9],[-14,54],[-18,21],[-37,-5],[-44,-26],[-36,12],[-10,30],[-37,60],[22,44],[26,17],[9,35],[39,5],[29,19],[-5,31],[-31,81],[-42,29],[1,33],[53,47],[14,24],[17,60],[16,23],[79,56],[40,95],[-18,41],[-41,-2],[-94,35],[-36,-11],[-27,50],[-16,-16],[-28,-55],[-55,-1],[9,-61],[29,-7],[-10,-16],[-52,-2],[-43,-48],[-32,-4],[-22,-35],[5,-22],[25,-13],[-36,-43],[-42,-12],[25,-47],[36,21],[25,-35],[23,-60],[32,-24],[28,-40],[41,-18],[4,-33],[-22,-9],[-26,-47],[-9,-87],[-12,-16],[-37,-3],[-10,48],[-18,15],[-75,-7],[-36,21],[-45,69],[-1,19],[28,60],[-24,33],[14,62],[-85,32],[1,27],[20,28],[-28,29],[-16,34],[-58,-2],[-39,40],[2,60],[-29,12],[-9,-18],[0,-47],[-31,-5],[-66,48],[4,-68],[19,-43],[-8,-79],[10,-41],[-25,-29],[-9,-29],[-34,-14],[-33,-28],[-48,-24],[-37,-149],[-29,-9],[-43,10],[-58,-21],[-60,-6],[-23,72],[5,62],[32,92],[42,13],[21,61],[-10,60],[-27,-5],[-14,-89],[-27,4],[5,86],[-12,-3],[-6,-82],[-25,-28],[-5,97],[-67,17],[-37,22],[-75,-11],[-159,5],[-35,7],[-8,57],[1,90],[-6,49],[-33,18],[-8,70],[-14,0],[-3,97],[87,92],[21,66],[-14,28],[-47,37],[-3,16],[29,39],[56,-17],[31,4],[23,-28],[71,-3],[0,-27],[42,-9],[-1,-21],[32,-33],[52,16],[27,-5],[58,-57],[43,-7],[20,19],[13,100],[-66,17],[-36,26],[-10,23],[-4,59],[-43,23],[-38,1],[-18,31],[11,37],[120,-3],[11,-8],[1,-44],[16,0],[61,62],[60,47],[27,60],[31,90],[31,74],[-21,19],[-64,6],[-11,66],[-68,-13],[-58,-5],[-80,25],[-31,3],[-1,38],[25,44],[-97,11],[-14,-6],[-25,-80],[-42,-19],[-63,11],[-28,13],[-29,36],[-12,36],[-20,108],[-53,40],[-39,40],[-21,49],[77,31],[45,-36],[75,3],[13,-6],[-34,-34],[101,-26],[-46,-32],[24,-5],[65,11],[-26,37],[3,28],[-57,57],[-18,43],[-9,73],[-3,85],[28,2],[-36,74],[-41,37],[-23,-12],[37,-45],[-93,19],[-33,-32],[-69,-7],[-24,-42],[-20,-17],[-52,2],[-49,83],[-65,27],[-37,52],[-99,12],[-6,-49],[-80,-7],[-63,19],[-31,59],[-34,-78],[-28,-3],[1,-25],[-29,-8],[-24,35],[-26,12],[-2,36],[-22,41],[-55,10],[-26,-47],[-8,-75],[-36,-6],[-8,-41],[51,-23],[57,-42],[-13,-85],[10,-93],[-14,-24],[8,-49],[34,-23],[-12,-19],[1,-77],[-99,-5],[-15,-7],[4,-95],[36,-121],[-58,4],[-108,-2],[-23,14],[7,32],[-59,-9],[20,25],[-26,44],[-9,-31],[-50,22],[-21,-15],[-2,62],[17,71],[-23,124],[16,74],[26,0],[-4,49],[37,8],[48,-47],[28,-2],[54,45],[48,24],[-6,25],[-45,26],[-15,24],[-28,12],[-45,-1],[-50,21],[-26,-3],[-17,-22],[-9,-61],[-137,15],[-40,-6],[-62,4],[4,74],[32,22],[18,37],[28,9],[15,38],[28,-2],[19,34],[6,59],[-27,15],[-6,25],[50,1],[0,37],[18,49],[46,14],[39,36],[44,6],[63,22],[103,17],[4,153],[-9,15],[-42,-5],[-19,-20],[-37,4],[-32,29],[-10,52],[-36,16],[-13,62],[-12,22],[-110,4],[-20,-15],[-23,-48],[1,-38],[-22,-20],[-2,-79],[-46,-18],[1,-31],[25,-142],[-40,1],[-13,38],[-27,3],[-38,-18],[-69,40],[-35,-4],[-23,14],[-91,-12],[-90,-30],[-54,33],[16,50],[-43,9],[-68,3],[-71,28],[-70,58],[-3,37],[-25,27],[10,29],[-55,52],[-63,-15],[-90,-31],[-9,-33],[-39,-6],[-51,-109],[-45,-19],[-27,-1],[-23,20],[19,22],[49,14],[26,42],[29,17],[-4,65],[-58,24],[1,56],[-85,-5],[-130,-36],[-31,27],[-63,4],[-14,8],[35,54],[2,25],[-43,3],[-10,-30],[-20,23],[20,20],[-3,35],[-16,22],[1,40],[16,41],[49,12],[40,26],[-4,28],[140,16],[124,-1],[-27,75],[72,27],[-31,44],[-191,-32],[-35,15],[-37,-15],[-25,5],[-35,59],[-38,14],[-90,3],[-5,36],[26,48],[59,15],[37,0],[27,40],[54,0],[40,42],[43,10],[-6,51],[31,60],[-9,51],[28,30],[33,5],[16,171],[-16,38],[6,47],[-12,49],[3,74],[-24,31],[3,71],[-146,4],[-63,-85],[-64,-13],[-37,41],[-28,66],[-12,11],[-74,-4],[-36,60],[-19,73],[-17,44],[30,-3],[46,-53],[13,-2],[73,24],[106,13],[24,9],[36,33],[71,-6],[80,-35],[116,-3],[110,-11],[67,-28],[41,-3],[104,129],[76,101],[30,26],[12,36],[-28,42],[-45,41],[-88,-17],[-68,21],[-21,18],[-14,34],[-32,113],[-18,45],[-21,19],[25,41],[56,-1],[34,21],[84,4],[117,-2],[31,4],[20,29],[32,6],[-8,64],[-137,2],[-132,13],[-2,52],[12,54],[3,57],[87,-4],[-7,38],[104,-29],[107,-18],[48,-37],[57,-33],[66,-80],[1,-81],[114,-3],[72,-12],[52,6],[21,25],[-37,40],[-37,11],[6,21],[50,10],[-12,22],[23,10],[44,-7],[-4,51],[-97,33],[-4,20],[45,4],[65,38],[83,2],[117,28],[26,18],[-4,35],[-71,67],[-5,23],[-91,61],[-12,24],[78,-1],[12,7],[1,104],[-9,10],[-73,10],[-3,57],[-22,11],[-10,36],[6,67],[148,-1],[64,26],[-6,101],[-15,28],[78,-4],[99,-37],[51,-35],[55,-52],[60,-12],[15,5],[50,63],[28,-5],[21,22],[82,47],[-87,24],[-53,-4],[-59,-13],[-16,5],[-5,61],[-75,35],[1,170],[107,-27],[56,-25],[147,-34],[3,-145],[45,-21],[-27,-45],[17,-13],[164,13],[26,-53],[127,-12],[10,-36],[39,-28],[-16,-40],[12,-25],[38,-7],[8,107],[83,20],[-12,-52],[-26,-1],[-2,-67],[8,-13],[101,38],[81,-23],[-26,-72],[-13,-12],[-70,2],[-6,-57],[13,-33],[70,-18],[47,27],[27,-26],[-55,-44],[-1,-73],[-68,-64],[-42,-12],[-58,0],[-9,-92],[52,1],[-1,-42],[14,-30],[36,-17],[62,-17],[10,-10],[-18,-78],[-61,-59],[22,-31],[-31,-26],[79,-24],[38,-2],[-28,-81],[0,-58],[186,-30],[18,-42],[145,-12],[10,-7],[-21,-46],[7,-12],[77,-13],[8,-45],[-18,-52],[5,-40],[114,-35],[17,0],[40,26],[21,28],[-35,74],[-45,-2],[-45,58],[10,49],[-12,36],[-101,46],[21,107],[85,-26],[-4,-49],[7,-27],[58,3],[52,38],[26,54],[22,3],[87,-10],[19,18],[54,-10],[24,-23],[39,12],[17,-8],[-38,-74],[-13,-70],[29,-29],[45,-80],[19,-21],[-2,-42],[68,-9],[168,35],[63,29],[50,14],[53,-2],[28,11],[39,-16],[73,-18],[44,-22],[30,-43],[-23,-18],[-3,-68],[24,-69],[-44,-7],[-19,-35],[-34,-17],[-19,-29],[-29,-9],[-1,-29],[19,-34],[100,-7],[24,23],[-35,41],[55,31],[26,39],[34,7],[59,-11],[86,3],[45,-19],[9,-33],[-17,-29],[10,-57],[38,-4],[11,-16],[2,-49],[23,-16],[-4,-74],[43,3],[45,-16],[-22,-85],[-2,-46],[15,-17],[103,-23],[20,25],[30,-8],[16,48],[-22,5],[15,36],[-15,82],[52,7],[31,19],[31,0],[8,-16],[116,1],[98,-4],[51,-7],[92,-34],[133,3],[64,-28],[11,-49],[19,-29],[83,-24],[19,13],[16,105],[33,13],[49,-27],[12,6],[9,40],[36,56],[29,-11],[-5,-34],[-42,-65],[38,-23],[14,-22],[45,4],[7,27],[-12,46],[14,16],[61,25],[31,-15],[43,-64],[25,-3],[85,21],[121,-78],[10,-31],[-19,-75],[-6,-73],[34,-3],[8,100],[15,63],[58,1],[60,9],[73,21],[127,49],[48,10],[11,-31],[85,8],[24,-16],[-5,-31],[-52,-62],[-39,-31],[-45,-15],[-71,-34],[-52,10],[-34,-29],[5,-28],[28,-2],[13,-37],[81,7],[4,29],[67,14],[46,30],[72,-6],[75,-19],[13,3],[4,46],[34,23],[61,-1],[16,-34],[47,-16],[38,-34],[-10,-42],[-36,-27],[-69,-5],[-38,-16],[-39,-40],[-5,-51],[-25,-36],[7,-14],[47,1],[0,-40],[18,-48],[-5,-22],[-44,-18],[-16,-30],[-46,-8],[-5,-160],[11,-47],[45,-13],[5,-28],[-22,-111],[-31,-8],[-12,-49],[0,-47],[12,-32],[-29,-21],[-7,-40],[-34,-17],[-46,9],[-234,28],[-12,-34],[-2,-98],[28,-33],[57,-7],[30,4],[15,33],[48,41],[59,-1],[4,-59],[62,14],[78,-30],[16,-42],[20,-12],[61,8],[15,-26],[43,-8],[21,26],[24,-17],[62,-3],[3,-27],[77,-8],[-11,-49],[-55,-19],[-8,-11],[-21,-99],[-80,11],[-19,-49],[7,-23],[50,-2],[15,37],[28,-4],[-34,-65],[26,-27],[21,-42],[48,-11],[8,-38],[23,-39],[-7,-91],[14,-45],[-3,-71],[-22,-18],[1,-62],[38,-16],[12,-28],[37,1],[-2,-49],[38,-22],[-11,-21],[-79,-21],[-21,-23],[-10,-37],[-58,-28],[-15,-39],[0,-36],[-24,-13],[-18,-43],[-82,-8],[-8,-20],[-75,-6],[23,-23],[-8,-35],[-99,-97],[-34,-67],[-48,-6],[-81,23],[-46,-14],[-16,-21],[21,-45],[40,-22],[46,-7],[91,41],[54,15],[24,-11],[39,-62],[30,0],[11,82],[16,68],[22,-4],[14,55],[77,-7],[6,43],[30,7],[36,50],[-7,23],[17,13],[16,-15],[58,-15],[-28,-54],[-4,-38],[7,-77],[69,-4],[9,-28],[92,-12],[5,19],[37,5],[9,45],[15,15],[26,-9],[15,12],[-13,43],[23,17],[58,4],[12,-16],[3,-48],[27,9],[44,-6],[12,-30],[42,-21],[7,-26],[25,-1],[1,-31],[-50,-17],[23,-41],[2,-30],[27,-18],[27,-36],[123,2],[21,26],[-19,12],[16,28],[53,1],[53,-11],[21,30],[27,10],[117,20],[9,30],[15,4],[78,-19],[40,13],[48,-5],[10,-45],[38,2],[-7,-27],[-56,10],[-46,-4],[-52,16],[-41,-1],[8,-25],[48,-3],[24,-28],[64,9],[14,-34],[70,3],[28,49],[59,22],[34,2],[53,31],[-10,20],[-57,30],[-6,34],[18,10],[37,-7],[46,-36],[27,-35],[-6,-27],[-31,-12],[31,-40],[-12,-48],[7,-132],[-41,-47],[-57,1],[-135,-19],[-6,-32],[87,-1],[104,13],[8,-31],[-82,4],[4,-31],[72,1],[16,-70],[15,-35],[23,8],[0,-40],[-35,-13],[-53,0],[-20,-48],[-27,-9],[-62,14],[-111,-22],[-44,21],[-86,-21],[30,-55],[35,4],[20,26],[31,-3],[31,-21],[46,18],[39,6],[2,-53],[-31,-9],[10,-35],[39,-16],[3,-43],[-61,7],[-35,24],[-2,46],[-47,-4],[-12,-33],[34,-26],[11,-78],[19,-13],[52,-4],[7,58],[69,-2],[4,-47],[-35,-21],[2,-37],[-61,20],[-50,-7],[-11,-60],[-51,-7],[-42,-15],[-52,-38],[-6,-50],[45,-86],[-58,-79],[-41,-40],[-61,-31],[-54,0],[-28,34],[-39,78],[-42,43],[-23,37],[11,111],[-27,83],[-55,14],[-13,27],[-24,10],[23,192],[-36,30],[-56,9],[-89,-5],[-24,5],[2,90],[-19,10],[11,81],[-35,7],[6,129],[-45,-1],[-28,31],[-25,1],[-2,54],[37,8],[4,24],[-53,3],[-15,-13],[-6,-42],[10,-50],[-20,-12],[-35,6],[-5,-27],[-40,-42],[17,-137],[-16,-23],[-88,-63],[-24,-26],[3,-22],[63,-56],[94,-33],[102,-23],[33,-15],[9,-51],[-29,-43],[-96,-24],[-30,-53],[11,-79],[35,-66],[23,-20],[73,-15],[-9,-36],[-94,-28],[5,-21],[-34,-23],[-38,-9],[-29,-197],[16,-59],[-47,-27],[-36,-32],[0,-25],[18,-20],[73,-41],[23,61],[7,58],[42,10],[53,1],[4,-117],[-32,-20],[-9,-72],[8,-37],[37,-25],[53,61],[53,10],[4,-16],[-18,-85],[40,-39],[53,25],[49,-10],[42,-42],[35,-18],[21,-31],[40,-36],[91,-33],[111,-81],[132,-80],[24,-24],[10,-73],[-59,-3],[0,-36],[-28,-41],[-62,-30],[-5,-47],[28,-61],[-41,-10],[-4,-27],[-38,-12],[21,-39],[-18,-22],[21,-31],[88,-59],[35,-16],[49,35],[47,-8],[28,-44],[11,-51],[156,1],[5,44],[35,51],[1,47],[54,-29],[32,-30],[111,-76],[37,-38],[-9,-54],[-33,8],[-160,55],[-82,-11],[39,-62],[0,-16],[-49,-77],[5,-39],[36,-32],[11,-81],[37,4],[97,46],[23,-11],[4,-24],[-84,-36],[-27,-22],[52,-48],[53,-17],[41,-2],[36,9],[50,35],[24,-7],[32,-62],[6,-150],[-21,-55],[-34,-40],[1,-44],[49,-39],[-25,-25],[56,-92],[77,-101],[-57,-15],[-13,-37],[8,-52],[-10,-121],[39,-71],[27,-1],[42,-63],[52,-31],[52,15],[33,-62],[54,-3],[4,-26],[-57,-26],[-5,-34],[23,-12],[3,-24],[-38,-16],[-21,-50],[-113,-52],[-12,-14],[-9,-89],[-24,-3],[-14,-31],[-90,3],[-17,-9],[6,-31],[-31,-17],[50,-30],[6,-67],[-33,0],[-42,-37],[12,-38],[-1,-44],[-18,-8],[-10,-41],[6,-67],[-33,-23],[-44,-13],[-19,-31],[26,-24],[-58,-6],[-4,-40],[31,-13],[27,-28],[-23,-12],[3,-48],[-14,-36],[-24,4],[-13,24],[-14,-12],[25,-38],[23,-53],[43,-12],[-5,-65],[11,-37],[32,-30],[57,6],[3,-15],[70,-6],[-8,-32],[-41,-76],[-5,-39],[20,-53],[29,-33],[53,-6],[31,-14],[52,7],[7,26],[71,9],[90,3],[17,-56],[37,-6],[20,-24],[23,-5],[27,-38],[17,-97],[43,-31],[67,-13],[58,-3],[6,-13],[-48,-76],[-9,-40],[-64,-8],[-194,-4],[-17,-38],[40,-61],[3,-42],[-17,-54],[13,-34],[54,-28],[27,-29],[2,-78],[-8,-37],[10,-20],[35,-1],[-39,-40],[40,0],[-34,-45],[27,-18],[70,6],[11,-50],[-48,6],[2,-28],[-16,-10],[21,-13],[10,-39],[34,-10],[13,-82],[29,-18],[43,39],[52,-53],[35,-17],[9,50],[17,17],[27,-14],[3,-41],[-59,-44],[4,-22],[38,-22],[39,1],[16,30],[25,-1],[15,-49],[24,-25],[7,-38],[-33,-29],[40,3],[20,-57],[14,-10],[56,28],[31,-14],[1,-58],[15,-12],[40,54],[26,3],[54,-11],[8,-38],[20,-10],[82,26],[38,3],[65,45],[11,-18],[-5,-34],[21,-29],[43,-1],[75,-54],[34,27],[7,-33],[36,-11],[33,30],[50,-21],[23,32],[54,-17],[-10,-69],[29,27],[10,-14],[62,13],[41,-2],[18,-15],[16,-37],[3,-58],[50,19],[20,-31],[43,-12],[19,28],[29,-28],[17,6],[19,52],[35,35],[-25,32],[14,13],[74,-40],[36,16],[-52,35],[24,12],[46,-8],[90,35],[22,-27],[49,29],[21,-13],[22,-46],[38,-11],[37,12],[16,-32],[30,29],[18,0],[40,-39],[26,4],[27,26],[20,-36],[20,-6],[47,-35],[46,7],[39,39],[1,22],[22,-9],[21,-32],[43,18],[13,-38],[23,-1],[44,42],[29,-11],[-19,-31],[8,-30],[43,10],[6,39],[30,-2],[60,-21],[48,-34],[42,7],[29,-68],[25,-32],[21,-3],[34,19],[-18,77],[26,47],[39,3],[3,-151],[-20,-49],[20,-34],[54,-50],[-46,-38],[4,-29],[40,-4],[48,28],[41,-64],[34,-42],[19,1],[55,27],[14,-31],[35,-26],[18,0],[26,35],[79,-20],[17,-33],[-22,-88],[35,-16],[-32,-18],[-17,-36],[13,-44],[37,-12],[20,-33],[33,32],[17,-9],[-53,-61],[17,-6],[73,4],[49,53],[41,-41],[103,-11],[3,-40],[-25,-36],[80,8],[0,-10],[-58,-43],[24,-3],[63,26],[41,-14],[-15,-37],[6,-58],[-7,-85],[-47,-62],[46,-20],[41,-37],[-43,-17],[32,-32],[24,3],[17,29],[96,33],[94,-16],[73,1],[1,-34],[17,-9],[28,34],[2,32],[67,16],[19,-13],[0,-38],[20,-13],[19,26],[42,-12],[20,20],[32,-14],[-13,-35],[14,-23],[-27,-17],[0,-83],[-12,-50],[-74,-51],[-105,-54],[-16,-18],[3,-53],[-39,-17],[-33,-54],[-27,-6],[-8,-22],[-40,-4],[-13,-84],[-59,-87],[-6,-28],[14,-18],[-8,-32],[33,-50],[0,-35],[-16,-49],[-49,-92],[2,-32],[16,-16],[-2,-60],[35,-18],[25,21],[33,-13],[-4,-33],[28,0],[49,-31],[72,18],[62,-23],[33,-4],[30,28],[7,-40],[16,-17],[32,13],[109,-32],[24,2],[32,-25],[57,-7],[4,23],[-21,11],[-10,37],[23,3],[59,-28],[34,17],[33,-26],[50,14],[-19,33],[35,11],[4,60],[11,22],[59,12],[9,50],[13,0],[78,-41],[19,-29],[40,-17],[8,-21],[-33,-16],[-16,-64],[11,-68],[-17,-39],[4,-21],[25,-25],[1,-31],[-16,-63],[-19,-29],[-36,-10],[-32,-100],[-10,-8],[-71,6],[-44,-67],[14,-14],[32,4],[67,-21],[35,-3],[206,2],[86,-4],[68,-14],[12,-47],[53,-14],[14,-39],[23,1],[14,27],[54,-14],[12,19],[64,-1],[33,-34],[18,14],[3,32],[36,26],[3,64],[36,36],[59,23],[8,-12],[-3,-92],[10,-7],[94,-8],[-9,-34],[41,25],[33,9],[-25,-43],[1,-27],[31,21],[31,-13],[23,22],[1,-46],[11,-19],[43,31],[27,-28],[55,-88],[86,-64],[81,-45],[85,-32],[0,-33],[-33,-12],[14,-20],[40,5],[37,26],[35,43],[46,9],[30,-42],[43,12],[67,-28],[29,-36],[33,-9],[31,-62],[63,-47],[-1,-12],[-41,-28],[11,-28],[70,-1],[12,-26],[-37,-27],[15,-22],[48,-3],[-14,-54],[40,-27],[32,-5],[15,56],[50,22],[22,-25],[-7,-49],[21,-18],[35,23],[19,-51],[52,-8],[16,-39],[40,-49],[-12,-20],[-57,-54],[-44,-30],[13,-31],[25,-3],[26,24],[40,54],[9,-47],[41,4],[6,-38],[-29,-4],[-6,-21],[40,-22],[-40,-24],[58,-4],[-4,-19],[51,-16],[27,-34],[33,-23],[35,5],[29,30],[2,24],[19,5],[17,-71],[30,-24],[29,27],[97,32],[20,-10],[-7,-32],[-52,-6],[-50,-50],[-51,-5],[0,-21],[47,-44],[47,-11],[40,-30],[55,18],[35,-29],[41,3],[44,18],[23,-6],[72,-68],[41,-22],[30,-2],[71,19],[32,-17],[29,23],[51,-21],[53,29],[45,-25],[22,2],[61,59],[56,-31],[69,-17],[48,22],[11,19],[-7,34],[38,27],[46,2],[34,-47],[31,-17],[39,6],[42,-21],[35,27],[57,-1],[51,20],[46,5],[81,-19],[80,6],[64,-26],[50,-34],[15,-22],[52,30],[35,1],[30,-49],[33,32],[-4,90],[10,35],[20,13],[-38,107],[-66,52],[-17,21],[0,41],[-31,83],[1,41],[18,50],[105,4],[40,20],[51,47],[119,54],[70,9],[69,36],[20,20],[4,54],[21,32],[52,36],[52,19],[3,37],[-58,34],[0,24],[27,49],[65,25],[2,20],[-28,24],[-1,31],[21,46],[23,9],[-8,19],[-52,28],[10,20],[50,5],[142,-31],[29,2],[84,32],[35,9],[138,16],[80,43],[113,26],[10,17],[-46,47],[-13,34],[43,15],[30,-29],[37,-52],[64,-40],[70,-25],[52,-53],[96,-178],[22,-137],[18,-77],[-15,-56],[-21,-36],[-86,-107],[-95,-178],[-28,-85],[11,-121],[-44,-13],[27,-72],[39,-43],[101,-60],[47,-18],[80,-20],[254,-41],[96,-3],[85,-9],[52,-14],[85,-39],[107,-74],[66,-40],[67,-48],[99,-93],[27,-6],[48,-35],[60,-31],[64,-10],[89,-2],[130,-12],[158,-1],[96,-11],[61,-16],[105,-8],[63,-95],[17,-48],[7,-87],[-35,-50],[-43,-25],[-131,-103],[-69,-50],[-12,-27],[22,-35],[-61,-49],[70,-32],[14,41],[61,35],[-2,75],[50,46],[50,36],[74,61],[71,33],[48,76],[17,78],[-31,49],[-29,31],[-6,120],[25,13],[111,25],[28,23],[23,52],[29,38],[26,19],[55,19],[-2,56],[31,19],[53,-33],[37,-9],[27,-33],[64,-12],[58,-33],[48,8],[54,-7],[101,-37],[128,-22],[80,9],[44,22],[13,25],[11,58],[17,17],[87,58],[98,30],[74,30],[54,12],[42,-7],[35,-120],[30,6],[64,32],[20,-6],[53,-57],[65,10],[68,43],[10,-1],[49,-59],[25,-13],[98,-24],[103,-48],[26,36],[63,24],[4,45],[-56,2],[-24,-26],[-43,-17],[-35,18],[-44,-3],[-19,37],[44,-5],[13,31],[66,11],[88,-11],[58,-2],[15,-57],[57,-2],[21,-63],[63,-10],[7,-94],[53,-8],[10,51],[111,-30],[-18,-87],[-89,-4],[-6,-24],[-91,-12],[-18,-29],[-24,-4],[-25,-24],[-49,-10],[-64,-33],[-36,-33],[-2,-36],[31,-64],[-59,-26],[-29,16],[-18,-50],[32,-29],[-10,-105],[57,-27],[40,-9],[79,-33],[59,-14],[-58,-80],[-24,-45],[-24,-64],[-39,-59],[-22,-62],[-3,-43],[31,-67],[23,-17],[26,-47],[127,-68],[45,-16],[98,-11],[65,-32],[51,-33],[32,-10],[115,-15],[160,-6],[-8,54],[4,92],[25,19],[57,10],[51,30],[69,4],[-1,49],[27,48],[-2,30],[-21,45],[32,109],[100,65],[13,-23],[68,-15],[10,-51],[-7,-36],[-48,-113],[-9,-89],[12,-78],[33,-46],[59,-21],[77,0],[124,20],[63,16],[52,30],[3,42],[16,41],[7,47],[-62,97],[-1,81],[-11,6],[-56,-29],[-35,2],[-31,35],[10,29],[27,23],[0,23],[41,53],[34,22],[19,-117],[22,-20],[100,21],[71,28],[61,-6],[-3,-41],[27,-1],[3,-72],[7,-30],[35,9],[-4,50],[28,13],[-10,49],[48,43],[-7,78],[-31,15],[-11,21],[17,108],[-16,40],[-66,80],[-2,25],[58,36],[27,32],[11,29],[3,62],[-24,78],[-2,60],[-38,61],[-87,77],[-134,41],[42,25],[-56,53],[48,6],[16,17],[-29,55],[-73,-1],[1,25],[24,27],[19,41],[40,24],[5,41],[-27,81],[-8,92],[-18,7],[-16,72],[-14,105],[-23,59],[13,16],[-7,115],[21,32],[38,11],[48,-5],[36,-29],[34,-47],[22,-6],[38,18],[22,34],[8,32],[-7,41],[-71,109],[4,61],[17,49],[104,57],[15,28],[16,108],[49,28],[60,-20],[20,-23],[19,-52],[29,-39],[41,-26],[67,6],[44,15],[21,43],[40,27],[14,43],[3,54],[-14,25],[-46,-7],[-53,5],[-7,17],[-32,6],[-13,81],[-46,0],[0,60],[168,-4],[68,-12],[28,7],[69,40],[41,31],[73,70],[53,37],[156,33],[80,40],[32,34],[34,64],[19,74],[-13,58],[-43,28],[-63,-9],[-51,-17],[-48,-1],[-23,21],[-56,78],[-31,62],[-2,41],[13,35],[41,29],[75,7],[16,-17],[19,-47],[18,-71],[42,-48],[71,-17],[101,7],[70,23],[33,-3],[-31,-45],[-35,-65],[1,-55],[17,-30],[56,-40],[49,-14],[34,2],[64,20],[72,88],[125,41],[30,35],[5,61],[19,51],[34,34],[86,14],[55,-10],[138,-54],[69,-2],[75,26],[98,47],[73,13],[53,-9],[85,-25],[31,-1],[30,18],[22,55],[-9,54],[-13,28],[-50,54],[-70,58],[-117,83],[-119,63],[-126,39],[-24,23],[-53,112],[-45,69],[-29,80],[5,46],[31,63],[14,14],[76,40],[-6,94],[28,35],[69,0],[6,20],[-21,28],[-103,45],[-95,59],[-45,65],[-14,33],[2,35],[47,23],[75,13],[42,21],[-5,34],[-18,16],[-96,46],[-21,19],[-33,123],[-28,48],[-45,34],[-55,10],[-85,29],[-50,-1],[-41,-31],[-5,-107],[-13,-56],[-19,-42],[-57,-63],[-40,1],[-43,43],[-22,41],[-59,53],[-80,-2],[-40,-18],[-25,-33],[4,-43],[27,-39],[72,-65],[53,-89],[7,-30],[-23,-46],[-21,-13],[-37,1],[-34,14],[-49,65],[-28,25],[-44,2],[-67,-25],[-26,-32],[-5,-51],[54,-144],[-11,-31],[-59,-40],[-35,34],[-48,112],[-38,64],[-114,76],[-31,15],[-65,16],[-92,40],[-30,24],[-33,52],[-65,54],[-15,26],[10,44],[30,23],[59,19],[26,-2],[111,-36],[13,30],[11,129],[-20,3],[-55,-17],[-44,13],[-50,3],[-24,10],[5,26],[120,18],[62,-15],[17,9],[-10,33],[-59,7],[-36,17],[-21,55],[14,45],[40,12],[61,-3],[111,-68],[1,-61],[48,-21],[34,-80],[33,-3],[76,44],[47,15],[50,0],[89,-39],[50,-14],[77,14],[73,27],[126,98],[55,34],[115,56],[87,51],[39,38],[25,73],[0,59],[-24,49],[-4,112],[-24,104],[-34,66],[-33,23],[-38,11],[-40,-5],[-34,-24],[-50,-76],[-14,-45],[-22,-143],[-18,-23],[-72,-28],[-39,7],[-52,23],[-54,82],[-61,74],[-13,66],[-29,57],[-36,-1],[-58,-53],[-44,-68],[-18,-47],[3,-80],[-31,-57],[-28,-19],[-44,-55],[-23,-18],[-36,-1],[-46,50],[-78,144],[-6,25],[25,2],[20,-27],[37,-3],[11,40],[25,7],[28,-11],[13,-25],[23,-3],[33,16],[8,43],[16,20],[-52,95],[-55,50],[-42,8],[-17,-29],[-5,-51],[-21,3],[-87,154],[-25,33],[-56,34],[-7,43],[-47,40],[-1,23],[35,17],[10,18],[13,94],[-15,17],[-47,11],[-24,14],[8,38],[31,50],[45,134],[1,34],[-20,124],[40,18],[-5,96],[-37,77],[-24,24],[-51,29],[-117,13],[-36,19],[3,16],[123,95],[49,29],[42,8],[81,-5],[33,-34],[47,-94],[44,-28],[63,-17],[28,10],[-9,76],[43,-1],[20,-38],[49,-8],[-4,-39],[-21,-55],[-2,-45],[34,-14],[49,12],[36,28],[56,83],[-3,34],[-53,30],[-64,6],[-7,9],[73,37],[6,55],[49,13],[49,3],[21,10],[14,72],[5,82],[67,18],[34,-23],[35,2],[21,15],[40,7],[7,52],[-14,-1],[-30,60],[-69,-18],[-50,-29],[-49,-39],[-38,0],[-46,47],[21,66],[-31,42],[-2,103],[37,32],[54,-26],[17,-59],[65,8],[3,36],[-10,72],[-37,2],[-13,-23],[-53,9],[-22,33],[-87,-15],[-41,7],[-17,32],[-1,35],[-21,17],[-2,32],[44,52],[51,-18],[-34,-59],[21,-14],[61,-1],[47,-10],[2,-47],[75,-11],[20,7],[-14,80],[104,3],[91,16],[84,-4],[61,4],[6,-32],[-25,-25],[6,-108],[-10,-22],[-27,1],[-22,-17],[1,-20],[38,-6],[-34,-28],[6,-21],[24,7],[19,-30],[52,1],[32,44],[21,8],[-16,97],[-1,47],[30,22],[161,50],[2,29],[18,17],[55,8],[10,22],[9,-32],[67,-24],[87,3],[32,-45],[-10,-48],[-45,-13],[-12,-40],[-32,-11],[-39,3],[-25,-35],[-55,-11],[2,-57],[27,-13],[80,13],[78,5],[38,-27],[2,-54],[17,-59],[28,-51],[55,-13],[39,-26],[44,-18],[80,4],[34,-7],[37,-41],[100,-2],[24,8],[-5,56],[26,41],[-9,20],[23,25],[-20,60],[45,19],[66,-21],[41,-2],[25,12],[15,32],[-9,64],[7,33],[45,50],[27,20],[79,37],[-22,44],[-88,47],[-12,31],[-2,65],[-51,2],[-88,-27],[-50,3],[-44,-39],[-90,47],[-85,34],[-32,19],[-81,-4],[-53,-24],[-48,-108],[-31,-6],[-37,15],[-13,44],[-23,2],[-42,-20],[-40,2],[-55,32],[-7,16],[-1,65],[-25,2],[-15,-67],[-32,6],[-60,26],[-7,22],[-59,35],[-2,138],[-10,63],[7,13],[63,21],[73,16],[-16,49],[-72,10],[-25,13],[41,111],[12,16],[51,10],[71,3],[38,-8],[4,-46],[70,-27],[-31,-88],[18,-40],[87,-32],[7,-19],[-27,-14],[-4,-20],[27,-9],[1,-21],[45,-23],[75,-13],[33,-20],[111,-36],[74,-4],[31,19],[-10,25],[-46,62],[-15,37],[21,15],[64,-53],[12,29],[0,49],[77,37],[-22,47],[-46,20],[-70,114],[-101,4],[-23,16],[-71,125],[-82,23],[1,103],[-43,53],[-8,30],[22,7],[24,38],[2,39],[-15,77],[-19,35],[-35,8],[-81,-14],[-47,-1],[-52,20],[-10,38],[13,54],[71,103],[42,52],[0,35],[-69,22],[-16,35],[34,57],[26,68],[-2,52],[-29,32],[-19,85],[20,66],[17,16],[54,17],[67,-9],[66,-84],[45,-30],[71,-22],[92,-7],[72,-26],[68,-84],[37,-37],[94,-41],[42,-7],[81,1],[28,-51],[102,13],[103,-4],[124,8],[22,41],[100,-1],[171,-22],[19,44],[-37,79],[39,55],[-20,30],[4,96],[16,39],[34,27],[57,58],[76,67],[37,56],[21,86],[12,26],[20,0],[42,-167],[19,-118],[19,-49],[6,-42],[19,-10],[19,33],[18,4],[6,-30],[41,-2],[20,10],[30,83],[19,12],[22,-42],[1,-36],[-21,-49],[9,-13],[46,-6],[-9,-31],[-107,-54],[-25,-24],[4,-17],[37,-28],[67,0],[59,12],[36,-2],[18,-27],[-20,-48],[-43,-25],[-46,-12],[-43,-2],[-81,23],[-44,19],[-28,29],[-37,80],[-45,11],[-13,-12],[-20,-75],[-12,-88],[17,-92],[49,-102],[60,-68],[55,-73],[16,-70],[68,-8],[57,71],[42,29],[65,60],[65,23],[29,-4],[-23,-74],[-44,-15],[-92,-41],[-72,-95],[-44,-3],[-54,32],[-57,47],[-53,33],[-49,18],[-53,-11],[-76,-46],[-38,-44],[-44,-72],[-18,-65],[19,-117],[23,-63],[24,-26],[46,-18],[106,-21],[76,-6],[88,42],[67,-28],[-17,-45],[-57,-62],[-25,-36],[-17,-56],[5,-37],[45,-99],[123,-191],[55,-74],[93,-111],[99,-93],[92,-44],[239,-55],[20,-17],[-43,-68],[-81,-45],[-109,-42],[-98,-10],[-190,41],[-67,7],[-78,-8],[-25,-13],[-65,-57],[-39,-64],[-6,-54],[7,-26],[30,-36],[58,-40],[55,-29],[114,-32],[204,-34],[127,-43],[47,-31],[48,-51],[40,-60],[22,-69],[3,-54],[74,9],[170,63],[49,26],[34,37],[28,52],[29,114],[-3,48],[-16,59],[2,22],[36,75],[34,100],[51,30],[86,6],[36,-26],[5,-43],[-14,-41],[13,-24],[24,6],[45,31],[20,2],[2,-79],[24,-95],[6,-57],[3,-143],[17,-13],[47,2],[18,-10],[64,34],[66,16],[83,9],[128,27],[35,0],[82,-23],[44,41],[26,0],[31,-26],[70,35],[34,-19],[28,2],[88,24],[65,4],[67,-29],[71,-54],[61,-5],[69,-87],[39,-62],[32,-63],[33,-50],[26,-58],[23,-90],[14,-89],[3,-56],[-12,-71],[21,-45],[20,-12],[19,12],[73,0],[47,-18],[74,0],[38,-11],[44,-26],[38,-35],[53,-79],[59,-118],[5,-40],[-8,-101],[-10,-43],[-26,-47],[-146,-187],[-62,-92],[-80,-80],[-97,-64],[-7,-34],[11,-91],[33,-78],[36,-16],[71,26],[45,31],[52,17],[97,3],[36,-9],[77,-43],[66,-51],[21,-65],[28,-37],[20,-5],[57,39],[48,18],[41,4],[61,-9],[16,34],[42,48],[26,14],[39,-1],[43,-40],[65,-38],[98,-45],[25,-36],[12,-37],[2,-53],[-78,-8],[-37,-17],[-33,-31],[-14,-54],[42,-2],[65,16],[40,-16],[19,-26],[10,-55],[-36,-33],[-45,-24],[-21,-29],[-18,-63],[-41,-108],[-11,-60],[0,-64],[-13,-69],[15,-18],[99,-13],[56,22],[21,22],[22,48],[59,83],[41,38],[64,20],[102,-9],[23,-16],[27,-81],[0,-56],[10,-53],[-28,-51],[-54,-58],[-44,-27],[-42,-39],[-21,-48],[-4,-62],[40,-35],[24,3],[54,27],[27,37],[62,6],[29,-14],[11,-35],[-6,-23],[-63,-53],[-3,-31],[39,-50],[42,-30],[17,-25],[-9,-100],[42,-46],[-22,-13],[-66,6],[-23,-20],[8,-30],[53,-10],[51,27],[7,-26],[-15,-27],[-21,-7],[-9,-28],[21,-10],[-3,-49],[25,-59],[-31,-15],[-31,28],[-30,2],[-15,-56],[-98,-19],[-99,2],[-69,-11],[-102,-4],[-47,-30],[-19,-66],[-5,-40],[10,-76],[52,-8],[49,-20],[45,-35],[7,-26],[-14,-21],[-40,-10],[-38,-29],[-69,-2],[-4,-55],[-50,-27],[-88,-15],[-35,-13],[-94,-73],[-131,-137],[-16,-30],[4,-23],[76,-97],[41,-9],[65,56],[16,25],[17,92],[23,28],[50,20],[145,-4],[172,-20],[13,-13],[-32,-48],[-61,-55],[-5,-25],[17,-26],[74,-38],[47,-15],[29,6],[34,34],[11,64],[-7,49],[-21,66],[7,55],[39,26],[53,9],[110,-14],[50,-15],[109,-61],[-11,-37],[16,-63],[-109,-100],[-19,-61],[-5,-47],[-22,-30],[-52,-39],[-52,-48],[-81,-57],[-23,-24],[-3,-49],[25,-102],[-5,-13],[-69,-13],[-68,-4],[-72,-20],[3,-42],[30,-44],[63,-44],[29,2],[115,77],[32,57],[-17,37],[17,29],[51,17],[59,32],[30,32],[97,183],[58,79],[14,43],[5,64],[18,75],[23,61],[35,155],[28,53],[51,5],[89,-38],[52,-46],[45,-54],[40,-99],[18,-73],[10,-93],[19,-58],[52,-88],[46,-49],[69,-56],[40,-53],[-36,-53],[-83,-85],[-27,-41],[-12,-64],[9,-38],[34,-40],[32,-4],[53,-47],[26,-67],[71,-74],[39,-89],[-6,-61],[-35,-10],[-30,-21],[-21,-67],[-33,-61],[-5,-32],[53,-98],[42,-43],[-2,-67],[-22,-49],[-71,-28],[-30,0],[-97,55],[6,-37],[37,-57],[25,-64],[9,-46],[18,-35],[50,-49],[73,-102],[45,-37],[108,-43],[122,-39],[54,-11],[144,-13],[85,-21],[47,0],[3,73],[27,17],[-17,47],[-22,32],[-75,72],[10,30],[-27,16],[-7,23],[-8,122],[-20,89],[-34,103],[-16,29],[-37,31],[-15,119],[4,30],[41,146],[-40,54],[5,19],[36,12],[48,46],[74,45],[36,-1],[53,-30],[68,-104],[39,-22],[47,-10],[55,-26],[49,-41],[45,-66],[45,-88],[77,-95],[-22,-146],[20,0],[11,-83],[86,-140],[29,-36],[51,-17],[124,-22],[44,-23],[29,-40],[47,-1],[23,-10],[85,-73],[107,-58],[49,-1],[35,-14],[21,-30],[-4,-65],[10,-27],[35,-24],[37,32],[36,60],[41,-4],[17,-46],[-11,-57],[47,-32],[31,-43],[1,-54],[-37,-47],[-27,-19],[-116,-42],[-93,-41],[-110,-7],[-91,-57],[-106,-34],[-123,-8],[-60,15],[-91,47],[-48,19],[-89,23],[-86,8],[-105,-17],[-37,-19],[-38,-63],[-67,-11],[-24,-40],[29,-41],[121,-66],[30,-30],[40,-93],[33,-62],[84,-117],[-99,-79],[21,-47],[62,-60],[119,-97],[-14,1],[-145,41],[-101,5],[-60,17],[-164,82],[-165,63],[-41,11],[-73,3],[-67,-21],[-43,-32],[-40,-60],[-29,-86],[-10,-134],[14,-33],[47,12],[114,-1],[101,-16],[132,4],[86,-11],[66,-17],[111,-14],[-60,-50],[-56,-63],[84,-33],[35,-6],[78,1],[36,8],[58,36],[62,59],[56,10],[145,5],[151,-3],[168,10],[110,22],[173,41],[87,24],[114,25],[123,12],[91,-18],[128,-9],[138,-20],[-45,-101],[-80,-106],[-45,-80],[-38,-102],[-32,-67],[-49,-120],[-10,-37],[-39,-108],[21,-29],[-2,-48],[-39,-45],[-80,-77],[-111,-122],[-61,-56],[-69,-78],[-74,-65],[-81,-60],[-54,-48],[-88,-109],[-33,15],[-109,-177],[-61,-113],[-63,-59],[-74,-39],[-64,-54],[-54,-65],[-36,-32],[-15,-59],[1,-101],[-13,-35],[-21,-22],[-68,-49],[-83,-94],[-66,-63],[-52,-60],[-64,-93],[-106,-134],[-153,-124],[48,-102],[22,-129],[15,-44],[25,-119],[-1,-47],[-43,-72],[-6,-48],[9,-66],[17,-212],[4,-111],[15,-53],[8,-78],[-13,-49],[-72,-84],[-99,-97],[-131,-101],[-1,-39],[-18,-50],[-74,-127],[-57,-53],[-114,-147],[-66,-102],[-44,-59],[-14,-45],[-2,-58],[17,-24],[82,-25],[59,-32],[73,-24],[56,-33],[58,2],[36,-62],[22,-85],[32,-73],[58,-144],[4,-35],[-24,-117],[3,-29],[42,-65],[25,-50],[18,-85],[47,-79],[44,-32],[9,-29],[-13,-95],[-2,-63],[24,-42],[113,-146],[58,-98],[32,-103],[11,-80],[16,-171],[33,-192],[7,-73],[-21,-55],[-13,-55],[-54,-52],[-31,-55],[-67,-86],[-27,-65],[-187,-216],[-146,-135],[10,-82],[3,-107],[-7,-23],[-2,-96],[62,-166],[89,-121],[31,-106],[29,-76],[55,-93],[47,-50],[42,-28],[69,-15],[86,2],[77,16],[122,9],[154,-12],[19,-11],[45,-69],[46,-117],[3,-92],[-26,-43],[1,-46],[-29,-73],[-53,-59],[-22,-102],[-78,-116],[49,-94],[60,-98],[27,-59],[70,-106],[101,-108],[79,-71],[68,-43],[19,-45],[18,-106],[33,-117],[9,-49],[35,-101],[87,-153],[48,-56],[54,-34],[42,-17],[20,32],[69,-15],[20,11],[31,-23],[33,-131],[61,-128],[24,-57],[35,-124],[38,-177],[36,-118],[52,-146],[42,-51],[24,-55],[40,-131],[28,-191],[-4,-292],[20,-112],[-5,-35],[-29,-55],[-14,-46],[-32,-178],[-5,-42],[-35,-185],[-34,-95],[-28,-63],[-38,-63],[-61,-120],[-48,-113],[-23,-88],[64,-139],[17,-51],[10,-74],[-5,-46],[-19,-55],[-58,-124],[-52,-79],[32,-46],[6,-26],[-12,-74],[-43,-24],[-37,-7],[-27,-18],[-79,-147],[-32,-103],[-38,-245],[-4,-61],[14,-188],[-6,-41],[-42,-78],[-30,-34],[-43,-35],[-32,-15],[-77,-18],[-65,-4],[-104,-59],[-189,-58],[6,-48],[48,-83],[76,-155],[73,-172],[40,-124],[96,-204],[2,-68],[-7,-55],[-38,-149],[-22,-114],[-16,-44],[-48,-78],[-19,-21],[-45,-7],[-49,9],[-1,-70],[20,-48],[-4,-36],[19,-60],[-20,-46],[-38,-31],[-144,-73],[-21,-57],[14,-7],[-15,-58],[-1,-47],[48,-110],[-17,-38],[14,-24],[-23,-83],[0,-109],[-16,-206],[54,-16],[45,-27],[18,-35],[-22,-95],[0,-43],[14,-68],[-89,-80],[-28,-40],[-80,-65],[-51,-67],[-34,-15],[-42,-74],[-57,-66],[-57,-79],[-62,-99],[-105,-179],[-48,-107],[-18,-49],[-34,-67],[-40,-60],[-20,-64],[-18,-89],[-9,-69],[-19,-54],[-56,-112],[-23,-106],[-11,-77],[-33,-128],[-45,-97],[-35,-89],[-22,-134],[-4,-117],[13,-46],[20,-32],[41,-5],[13,-95],[-19,-144],[-22,-71],[-48,-102],[-15,-52],[-19,-132],[-11,-51],[-29,-65],[-91,-132],[-16,-29],[-20,-72],[-4,-97],[11,-77],[22,-59],[15,-68],[-6,-89],[3,-110],[-17,-124],[-3,-51],[13,-70],[0,-71],[12,-102],[31,-105],[16,-96],[28,-118],[27,-49],[34,-11],[66,3],[22,-17],[52,-162],[52,-131],[32,-68],[44,-72],[78,-172],[42,-62],[60,-66],[61,-85],[91,-191],[13,-20],[-7,-34],[44,-101],[-10,-66],[0,-73],[-11,-82],[15,-40],[-98,-85],[-49,-30],[-2,-80],[-47,-109],[-86,-86],[-113,-65],[71,-48],[38,-14],[53,-2],[62,7],[33,-15],[19,-37],[56,-22],[129,-17],[77,-1],[21,-23],[25,-3],[10,-19],[74,1],[17,-48],[15,-4],[146,-1],[38,-4],[57,-64],[29,1],[38,-43],[64,-19],[16,3],[34,43],[56,-1],[82,19],[42,-1],[102,-14],[112,-37],[35,-1],[64,13],[58,-32],[67,-17],[63,5],[87,24],[84,15],[46,46],[55,2],[41,45],[33,69],[36,28],[56,-2],[59,31],[53,67],[19,46],[22,96],[51,5],[50,43],[31,58],[33,19],[30,60],[57,58],[57,32],[55,12],[74,24],[67,39],[117,29],[53,-2],[48,-16],[103,-8],[26,-13],[91,-69],[40,-17],[184,-18],[36,-13],[108,-86],[71,-25],[74,1],[78,-13],[72,0],[53,-35],[134,-27],[65,55],[39,52],[77,80],[25,4],[37,-28],[15,-32],[3,-57],[12,-66],[38,-113],[4,-53],[16,-25],[57,-40],[31,35],[49,90],[45,38],[78,106],[48,29],[169,48],[54,2],[106,-15],[53,46],[70,43],[27,3],[124,-71],[93,-64],[121,-71],[82,-63],[25,-33],[57,-107],[55,-138],[11,-40],[13,-116],[-3,-173],[28,-13],[215,-41],[77,-21],[141,-48],[97,-25],[99,-4],[39,11],[73,40],[87,34],[71,37],[48,-23],[107,-78],[153,-101],[71,-31],[-3,50],[107,-34],[146,-52],[46,-79],[41,-109],[48,-47],[112,-57],[69,-22],[37,-32],[68,-23],[114,-75],[91,-27],[69,-10],[141,0],[55,-3],[79,-15],[167,8],[79,10],[56,-2],[11,31],[34,-38],[62,-114],[30,-45],[51,-60],[48,-36],[150,-95],[143,-82],[51,-35],[107,-99],[48,-36],[126,-65],[165,-73],[67,-18],[106,-17],[96,-6],[51,-8],[104,-31],[118,-65],[67,-44],[38,-18],[65,-76],[75,-45],[12,-29],[134,-97],[96,-61],[99,-54],[80,-35],[42,-11],[108,-41],[54,6],[95,50],[40,15],[78,6],[64,-3],[17,-20],[147,-6],[155,-20],[188,-9],[259,8],[174,-5],[290,-20],[79,-7],[251,-6],[152,-11],[105,-16],[123,-44],[77,-39],[138,-57],[90,-42],[105,-59],[31,-10],[168,-15],[35,-23],[16,-43],[23,-25],[74,-44],[57,-21],[114,-19],[87,-5],[232,-5],[54,-15],[66,-55],[163,-89],[63,-26],[24,-1],[39,31],[128,9],[44,-21],[88,-66],[23,-32],[3,-45],[24,-38],[24,-16],[24,4],[114,86],[80,38],[117,35],[92,4],[81,-18],[107,-12],[135,-29],[72,-25],[88,-48],[64,-22],[67,-6],[114,4],[63,-5],[76,-19],[82,-45],[94,-44],[36,-8],[39,18],[95,-7],[85,-16],[291,-71],[103,-5],[76,13],[111,-25],[120,-42],[126,-59],[74,-24],[191,-46],[156,-11],[220,-68],[47,21],[70,52],[142,75],[47,2],[191,-23],[18,2],[68,30],[76,23],[90,-1],[81,-32],[114,-68],[59,-42],[40,-40],[114,-166],[153,-151],[55,-48],[124,-79],[62,-46],[120,-81],[82,-48],[147,-79],[132,-56],[131,-82],[51,-37],[63,-59],[60,-35],[65,-25],[102,-18],[84,-8],[158,-4],[140,8],[145,-6],[114,-26],[105,-29],[136,-20],[114,-7],[113,16],[96,-6],[46,-24],[49,-35],[132,-108],[99,-70],[58,-28],[80,-26],[79,-32],[60,-12],[58,-33],[50,-18],[288,-52],[66,-10],[67,-21],[72,-30],[87,-51],[71,-14],[78,-2],[149,6],[84,17],[15,133],[45,137],[48,10],[116,6],[109,16],[118,28],[50,7],[74,22],[97,36],[145,40],[63,28],[197,46],[278,81],[63,24],[62,64],[38,46],[71,34],[313,116],[40,39],[-4,69],[6,27],[95,3],[40,-7],[144,-46],[76,-14],[16,8],[45,-9],[-33,120],[-5,62],[16,16],[169,-50],[106,-43],[77,-21],[85,11],[168,41],[73,1],[115,-9],[204,-3],[113,70],[80,-28],[64,4],[124,-30],[36,-1],[69,11],[44,23],[20,-5],[69,9],[18,9],[31,-57],[65,-61],[50,-6],[104,42],[52,0],[40,-17],[89,-18],[37,-25],[20,10],[18,45],[21,21],[39,5],[36,-9],[56,15],[87,7],[64,-4],[41,-22],[35,-39],[30,-16],[57,3],[40,44],[19,48],[38,18],[49,-24],[26,-3],[15,32],[34,-42],[29,35],[13,-42],[45,26],[48,-24],[28,9],[12,31],[53,45],[28,34],[24,-16],[67,-12],[84,3],[67,8],[66,20],[101,1],[21,-49],[51,-13],[42,7],[49,-13],[34,14],[27,-5],[-16,47],[37,-2],[22,21],[12,-32],[45,24],[66,87],[23,-31],[35,-1],[12,-28],[28,-6],[43,-32],[20,-73],[22,-23],[16,28],[38,110],[39,-6],[-8,-48],[16,-8],[14,-88],[25,-26],[23,-1],[58,19],[5,28],[17,7],[142,-7],[25,9],[38,-5],[27,-76],[44,29],[39,13],[131,15],[35,44],[61,42],[34,-24],[49,-12],[33,2],[39,-20],[28,-3],[95,11],[8,33],[-12,58],[-41,55],[-67,59],[22,33],[14,52],[29,52],[29,-5],[69,-49],[31,-15],[63,-16],[20,-19],[47,-2],[42,-12],[68,27],[23,20],[14,40],[8,58],[53,95],[-23,75],[-121,145],[-48,43],[17,22],[46,-19],[108,-113],[48,-65],[52,-90],[20,3],[40,-38],[80,-27],[26,20],[16,39],[64,78],[-12,87],[40,56],[40,99],[4,41],[30,57],[49,-47],[-24,-23],[-39,-60],[5,-53],[-23,-39],[14,-27],[-4,-77],[20,-60],[-26,-73],[22,-21],[50,3],[11,-50],[7,-117],[-23,-22],[-35,-2],[-6,-49],[15,-60],[40,-30],[-18,-88],[-19,-52],[71,-41],[-2,-36],[11,-27],[3,-50],[-12,-40],[0,-57],[26,-12],[78,28],[53,-4],[49,80],[-18,32],[29,26],[16,-8],[6,46],[34,101],[18,38],[55,63],[48,-20],[-56,-55],[7,-75],[27,0],[20,17],[27,-3],[12,-22],[14,14],[20,-27],[23,14],[6,-18],[32,18],[7,-12],[82,21],[76,33],[75,44],[19,-23],[-19,-13],[-9,-42],[-18,-28],[-47,-38],[-107,-51],[-17,-64],[36,-19],[19,-76],[27,-50],[25,-16],[54,-4],[86,44],[55,-23],[49,6],[39,-13],[16,-23],[32,-97],[112,-25],[23,-45],[74,-55],[62,-17],[35,65],[25,29],[-26,19],[-9,44],[36,67],[9,71],[31,-20],[15,-43],[25,-29],[107,-32],[46,-4],[15,22],[-19,51],[42,-2],[0,111],[11,18],[75,52],[27,5],[157,-23],[109,-139],[62,-3],[71,7],[52,27],[76,-26],[37,-35],[22,-102],[52,-82],[20,-19],[51,-12],[65,10],[25,-9],[6,-26],[23,-24],[5,-37],[54,4],[23,80],[21,27],[79,-33],[11,-22],[36,3],[17,34],[96,57],[28,45],[5,28],[-44,49],[-38,30],[-78,30],[-46,-2],[-47,-27],[-37,-41],[-31,14],[14,74],[23,66],[-6,26],[23,-5],[84,5],[100,-6],[2,58],[10,39],[12,-7],[42,38],[43,-7],[-15,-52],[1,-78],[9,-24],[51,0],[61,-15],[68,-30],[21,28],[71,70],[95,39],[111,25],[63,-1],[66,-20],[43,5],[46,22],[47,49],[-30,41],[-47,32],[-21,36],[9,13],[78,46],[36,31],[19,44],[3,43],[65,45],[54,25],[48,33],[78,92],[25,-52],[167,24],[58,24],[59,34],[69,53],[58,56],[11,-17],[-1,-74],[30,-48],[9,-28],[0,-58],[42,13],[27,24],[25,-40],[2,-45],[39,-16],[73,9],[102,38],[161,46],[37,-1],[6,-67],[57,-106],[47,-56],[97,-46],[130,-30],[36,-26],[6,-33],[-25,-132],[11,-32],[28,-17],[85,-33],[209,-43],[55,-4],[27,10],[6,31],[-20,32],[-30,25],[25,24],[55,1],[62,12],[41,-22],[20,-153],[55,-2],[40,10],[202,-39],[179,-17],[22,-9],[42,6],[159,-11],[92,7],[31,17],[25,80],[42,14],[10,-33],[21,-25],[13,-57],[25,-46],[37,-45],[33,-14],[70,0],[75,-8],[57,1],[82,18],[55,20],[29,-10],[8,-35],[128,1],[35,26],[-68,10],[65,42],[73,-69],[184,101],[170,-19],[43,-17],[26,1],[39,18],[45,51],[20,61],[30,-8],[65,9],[16,13],[78,34],[111,57],[47,16],[16,-19],[139,-26],[64,-4],[55,12],[102,-21],[65,-6],[85,47],[70,-66],[96,-60],[57,4],[50,-27],[189,13],[129,7],[19,5],[133,-7],[48,4],[87,20],[80,-1],[170,-20],[55,4],[57,27],[53,5],[94,32],[130,10],[131,48],[46,9],[47,21],[23,23],[131,12],[133,66],[126,37],[99,12],[142,-17],[57,2],[82,22],[116,2],[51,14],[127,72],[68,45],[30,6],[84,-28],[38,-5],[80,6],[94,24],[143,-4],[141,35],[148,59],[70,12],[70,24],[86,-27],[17,40],[21,5],[18,-18],[88,45],[50,12],[4,26],[55,7],[17,-36],[33,-9],[74,6],[57,24],[34,69],[36,26],[35,-43],[136,10],[80,16],[4,13],[108,17],[14,76],[3,64],[62,-29],[48,-10],[68,-34],[59,-16],[113,8],[73,-17],[30,17],[92,24],[97,8],[46,-4],[54,6],[22,12],[9,53],[29,2],[12,-17],[34,-1],[107,23],[67,20],[88,42],[45,10],[14,-22],[55,5],[31,26],[73,42],[60,17],[38,3],[134,-21],[180,-19],[95,3],[154,29],[40,21],[22,24],[-7,60],[-71,50],[-9,46],[27,29],[135,13],[197,-53],[135,-25],[108,-10],[137,8],[133,18],[183,-19],[87,-2],[83,-8],[240,-38],[190,-12],[281,-22],[142,-5],[46,4],[69,-5],[181,-4],[229,30],[43,34],[34,10],[329,29],[79,11],[59,-3],[101,-16],[121,-1],[93,31],[81,15],[65,-38],[24,-6],[67,8],[163,7],[232,54],[84,-6],[102,19],[153,51],[119,14],[62,17],[129,28],[179,13],[64,-18],[72,1],[129,-11],[93,-3],[96,-9],[84,-13],[181,-8],[91,0],[100,-15],[73,-23],[22,2],[32,31],[40,-9],[32,-28],[60,-33],[44,-34],[40,-12],[39,0],[31,14],[14,23],[25,8],[14,31],[107,-5],[20,-62],[22,-25],[110,-4],[62,2],[203,24],[85,-40],[45,-36],[32,124],[92,18],[225,35],[10,88],[14,54],[13,19],[91,3],[142,33],[48,25],[74,-35],[157,-171],[95,-81],[43,-29],[117,-43],[80,-23],[213,-47],[55,-17],[75,-38],[43,-30],[-24,-48],[-107,-42],[-25,-49],[-10,-51],[-58,-57],[27,-3],[51,27],[77,-42],[69,-49],[27,-10],[106,10],[141,4],[129,-32],[51,-20],[58,-4],[58,17],[49,24],[91,19],[161,-9],[158,-15],[88,-31],[57,-32],[93,-65],[32,-44],[13,-53],[48,-39],[155,42],[111,-26],[26,-74],[77,-41],[31,-8],[139,2],[114,16],[120,13],[102,43],[52,12],[58,-76],[27,-76],[117,76],[65,51],[28,12],[69,63],[57,21],[51,5],[28,-5],[14,-19],[15,-75],[27,-54],[56,-68],[47,-68],[46,26],[202,-94],[152,-4],[110,14],[80,45],[25,8],[55,-2],[27,-13],[74,-70],[26,-12],[114,-25],[168,-41],[77,-35],[46,22],[89,15],[28,-3],[150,24],[79,-71],[27,-9],[56,-3],[42,33],[3,27],[31,44],[-9,27],[-31,42],[6,23],[24,16],[55,17],[19,16],[115,-103],[79,-98],[67,-71],[50,-20],[44,-89],[19,-72],[24,-7],[28,-46],[127,18],[55,-2],[111,-20],[27,-13],[38,-36],[26,-2],[60,-50],[27,0],[21,-52],[84,-72],[23,-42],[51,17],[87,2],[55,-19],[82,14],[49,-21],[27,0],[35,33],[19,45],[8,44],[63,-2],[29,-47],[103,-47],[27,-72],[62,22],[2,27],[31,-5],[53,56],[24,12],[61,1],[123,16],[85,-3],[25,-7],[10,-22],[-35,-75],[2,-24],[-24,-48],[-27,-95],[35,-93],[16,-22],[52,-5],[22,-15],[-5,-44],[-31,-4],[-49,-65],[-52,-23],[-57,5],[-46,-69],[71,-31],[119,-3],[51,-24],[95,-11],[99,1],[131,21],[41,40],[-63,41],[81,20],[51,-10],[25,11],[99,-16],[58,-18],[103,-20],[30,5],[60,52],[18,49],[79,6],[-36,-41],[9,-22],[52,-2],[39,-42],[32,-6],[23,19],[87,-13],[38,2],[16,87],[27,99],[-17,45],[9,30],[42,39],[136,61],[51,39],[76,37],[63,6],[129,-1],[39,-8],[61,21],[81,-36],[47,-41],[26,-8],[165,8],[65,-46],[287,35],[48,13],[176,29],[45,10],[152,20],[139,30],[112,12],[124,21],[78,23],[38,38],[14,53],[-12,122],[88,82],[32,16],[54,50],[38,45],[31,9],[29,-26],[33,7],[36,-12],[0,-22],[28,0],[89,31],[49,35],[58,-6],[38,-22],[30,-29],[81,1],[5,14],[-66,84],[-75,34],[-21,21],[-12,44],[21,47],[97,72],[70,119],[44,38],[127,20],[45,-21],[102,-11],[59,10],[22,15],[64,-22],[30,9],[82,78],[71,2],[60,-25],[71,23],[56,-4],[163,9],[64,-13],[46,8],[30,-5],[65,61],[32,24],[62,25],[35,-2],[114,-58],[50,-22],[15,-126],[1,-37],[-54,-30],[-48,19],[-29,1],[-82,-21],[-60,0],[-50,-15],[-102,-52],[-23,-34],[-24,-77],[-36,-86],[-87,-113],[142,-20],[-17,-81],[-28,-76],[-45,-60],[-70,-71],[21,-114],[15,-44],[33,-120],[30,-72],[27,-46],[29,-31],[32,42],[63,58],[46,72],[110,42],[45,11],[25,-14],[17,-41],[5,-66],[-25,-42],[28,-28],[36,16],[75,136],[73,-23],[142,-33],[37,-58],[7,-24],[-15,-38],[55,-121],[2,-162],[-36,-82],[3,-32],[20,-59],[72,-22],[97,-79],[150,-37],[131,-20],[41,7],[31,-40],[55,-8],[58,28],[38,-2],[25,-18],[49,9],[47,81],[81,55],[59,0],[66,35],[60,-26],[29,-5],[30,11],[18,39],[14,96],[87,17],[42,2],[57,19],[28,0],[41,-37],[-18,-31],[1,-31],[29,-49],[33,-36],[47,5],[38,28],[92,17],[-7,40],[6,56],[-24,41],[-10,35],[1,89],[44,34],[44,13],[32,-2],[95,50],[78,6],[45,-9],[19,22],[108,-10],[52,-35],[123,-75],[148,62],[80,22],[50,5],[68,-16],[89,3],[23,19],[52,69],[21,51],[8,110],[11,67],[18,7],[22,-18],[23,26],[19,-17],[39,7],[45,34],[70,96],[12,32],[20,2],[21,-32],[25,1],[21,23],[15,78],[-9,47],[-76,47],[-24,33],[21,50],[56,69],[41,40],[12,-5],[12,-62],[42,-29],[54,22],[32,44],[54,13],[46,-39],[100,-3],[41,-14],[49,-30],[48,-154],[177,-25],[38,0],[193,-35],[202,-27],[9,-9],[-20,-49],[10,-39],[69,56],[45,-13],[11,-32],[26,-164],[59,-39],[51,-21],[63,10],[37,-24],[40,8],[58,-37],[94,-28],[8,-17],[31,32],[-25,25],[-59,27],[-53,32],[-64,49],[2,32],[51,42],[3,40],[-17,108],[3,30],[48,94],[64,59],[74,40],[22,30],[22,61],[-16,85],[-55,89],[-123,180],[-8,39],[7,45],[32,53],[28,22],[15,36],[59,43],[113,48],[65,22],[74,34],[55,12],[19,-26],[-41,-60],[-22,-48],[-7,-44],[16,-38],[57,-17],[18,-30],[68,-78],[39,-4],[59,-29],[33,-5],[48,-25],[24,28],[90,9],[37,-44],[83,-9],[89,-38],[24,11],[52,-60],[22,-15],[42,-3],[107,43],[53,31],[66,30],[84,26],[142,9],[64,14],[108,13],[135,10],[74,20],[106,2],[57,-13],[74,5],[77,-6],[70,16],[21,42],[-64,17],[-12,-24],[-47,34],[12,47],[36,-4],[98,4],[110,-2],[72,4],[65,-8],[113,-4],[58,53],[19,9],[80,75],[81,64],[61,-21],[44,-1],[32,15],[8,34],[15,7],[111,-10],[20,12],[29,-10],[48,19],[62,-14],[70,-4],[152,-21],[113,-22],[70,-47],[115,-47],[91,-19],[59,-2],[77,-20],[81,-7],[134,17],[87,-13],[46,32],[72,66],[29,1],[159,-29],[49,-3],[26,11],[145,74],[33,27],[5,-39],[28,-45],[61,-46],[73,-30],[21,4],[53,69],[99,81],[50,-6],[147,-33],[51,-5],[65,3],[82,15],[-38,79],[59,-11],[73,6],[8,36],[34,27],[60,9],[109,-6],[160,-26],[44,7],[181,56],[109,12],[102,-14],[61,0],[49,9],[56,-23],[143,-20],[45,-2],[95,7],[26,9],[5,22],[78,-31],[21,-18],[17,-54],[27,-15],[78,21],[187,-13],[158,-13],[96,-23],[163,17],[172,7],[284,-52],[114,0],[86,-14],[101,-24],[111,-44],[60,-29],[79,-47],[82,-18],[79,6],[93,24],[71,37],[53,36],[88,83],[121,126],[58,51],[96,28],[51,45],[104,62],[56,22],[124,15],[94,-6],[141,12],[118,18],[55,14],[44,-64],[27,-83],[20,-29],[39,-10],[40,-35],[80,-32],[99,-51],[35,-10],[4,36],[41,34],[15,54],[128,41],[43,-12],[53,26],[30,-21],[40,-12],[25,-23],[50,-13],[60,18],[6,50],[44,44],[13,43],[99,5],[23,-12],[28,13],[95,12],[65,-2],[37,15],[55,-5],[103,-17],[32,0],[-3,-37],[11,-20],[43,-16],[36,51],[35,26],[22,0],[39,-36],[60,23],[65,34],[160,-58],[95,-16],[103,-3],[110,-14],[102,-67],[75,-69],[46,16],[59,43],[65,-8],[30,-24],[82,-49],[96,-42],[63,-37],[67,-31],[67,8],[67,-7],[123,-59],[49,-7],[87,-27],[61,13],[20,27],[24,-6],[10,-99],[30,-40],[61,9],[36,-9],[21,-54],[15,-15],[160,-63],[134,-72],[65,-5],[40,-59],[42,-44],[44,-27],[118,-38],[83,-18],[65,1],[49,-15],[28,-50],[74,5],[-11,-74],[9,-41],[30,-23],[37,-12],[60,-31],[76,-21],[50,0],[19,-13],[-22,-73],[-33,-11],[-81,22],[-21,-10],[2,-51],[-20,-36],[-29,-23],[-12,-33],[32,-61],[11,-46],[-34,-91],[38,-44],[21,-9],[153,-19],[38,6],[14,-20],[47,-2],[68,-35],[57,-15],[-47,-18],[-56,8],[-31,23],[-16,-15],[-23,9],[-37,-6],[4,21],[-25,9],[-53,-25],[-42,3],[-35,-11],[-5,-21],[62,-41],[36,19],[45,-12],[50,-30],[49,3],[-12,-44],[26,-24],[68,0],[118,-14],[37,49],[41,36],[50,22],[65,-17],[19,-27],[5,-43],[-11,-78],[38,-8],[30,12],[12,-19],[41,-7],[59,0],[42,28],[36,4],[44,32],[47,15],[11,27],[49,8],[47,-15],[36,-1],[7,-26],[-24,-17],[-65,-17],[-22,-24],[-83,-6],[-77,-17],[28,-64],[-9,-32],[27,-22],[38,-13],[141,48],[9,-15],[-45,-55],[-70,-31],[-38,1],[-47,-13],[-7,-21],[24,-28],[57,-17],[43,13],[53,-30],[-7,-49],[20,11],[6,44],[38,28],[68,19],[47,5],[38,29],[97,27],[-10,-32],[19,-25],[44,-23],[68,-7],[34,-15],[19,-73],[20,-4],[11,33],[14,-5],[22,59],[25,-9],[7,-68],[-24,-27],[-44,-20],[5,-18],[69,-18],[19,-12],[85,-94],[49,-39],[73,140],[6,31],[46,104],[59,61],[14,30],[17,71],[-7,63],[-34,52],[36,45],[28,88],[140,-75],[33,-85],[7,-30],[50,-57],[-37,-92],[-1,-51],[21,-6],[37,19],[61,3],[105,-39],[49,-10],[115,-45],[73,-14],[67,-23],[39,-6],[44,-33],[92,-26],[77,-29],[43,-39],[75,-34],[46,-31],[32,-11],[41,7],[26,-26],[3,-36],[-68,-15],[-43,3],[-83,31],[-107,29],[-207,75],[-144,36],[-89,6],[-70,-10],[-9,-44],[16,-16],[-13,-28],[-25,-20],[-22,-45],[-50,-148],[-57,-140],[13,-11],[88,-14],[33,11],[31,-15],[112,-29],[67,43],[81,34],[49,-3],[147,-37],[117,-37],[38,-36],[112,-36],[46,-20],[84,-11],[30,-18],[8,-34],[-16,-86],[4,-59],[36,-46],[56,-34],[52,-50],[17,-31],[122,95],[37,9],[22,-21],[17,-39],[44,-30],[131,-23],[95,-36],[41,-27],[12,-18],[63,-12],[68,-35],[87,-39],[70,-36],[128,-48],[50,-15],[37,-1],[26,-44],[44,-20],[72,-13],[94,-30],[31,-19],[43,6],[73,-22],[85,6],[31,-4],[76,-29],[5,-22],[51,-24],[88,-12],[36,-12],[112,-63],[26,32],[62,-71],[64,8],[49,-14],[78,-39],[18,-4],[41,27],[45,-3],[54,-26],[0,-25],[41,4],[80,-31],[152,-64],[39,-3],[65,-36],[49,-5],[61,-16],[17,-23],[120,-10],[36,-18],[19,18],[57,28],[-4,-22],[-28,-21],[46,1],[99,-31],[5,-15],[58,-4],[23,38],[54,66],[35,-14],[73,-18],[12,-21],[56,-21],[37,-5],[12,13],[4,78],[-13,35],[5,32],[27,23],[37,69],[63,56],[43,5],[70,-11],[87,-5],[79,24],[21,23],[30,6],[57,-6],[68,-36],[18,18],[30,-46],[37,-1],[21,-23],[62,-30],[34,9],[49,-20],[37,5],[67,-21],[22,-19],[59,-23],[49,19],[75,-47],[-12,-48],[13,-32],[-14,-36],[2,-144],[21,-52],[7,-59],[-15,-65],[-38,-89],[-36,-47],[-49,-35],[-37,-40],[-71,-51],[-113,-58],[-54,-50],[-8,-27],[36,-23],[20,36],[40,48],[47,38],[17,-5],[-108,-124],[12,-16],[73,-29],[41,3],[92,-36],[10,22],[25,-5],[45,-35],[26,-4],[13,27],[32,2],[18,35],[32,1],[10,-31],[32,-1],[39,29],[40,3],[40,-10],[-11,-46],[73,-31],[15,19],[-9,33],[29,52],[58,3],[4,-26],[-26,-6],[14,-62],[101,-26],[26,78],[22,31],[21,9],[54,-18],[111,-68],[5,-18],[47,-49],[14,-26],[-1,-47],[-40,-52],[27,-13],[43,-53],[20,38],[19,-14],[1,29],[41,-7],[32,8],[-1,46],[18,-13],[17,24],[40,-9],[-21,-27],[33,-5],[70,5],[19,-37],[36,-41],[63,-49],[37,22],[-23,25],[22,33],[5,-29],[26,-24],[0,-31],[17,-8],[22,24],[35,-31],[24,62],[-10,44],[8,22],[23,-11],[26,-44],[110,-32],[174,-5],[30,-61],[76,-78],[151,-124],[32,43],[38,4],[4,-37],[15,-20],[34,-13],[104,9],[25,-7],[83,-49],[39,-13],[48,-2],[61,-54],[45,-13],[36,6],[110,46],[73,-14],[114,-79],[54,49],[46,30],[64,-33],[17,-43],[2,-88],[-7,-64],[7,-153],[-57,-6],[-12,-17],[8,-48],[4,-94],[24,-94],[-14,-26],[-25,-130],[-32,-102],[-70,-153],[-40,-55],[-50,-146],[-39,-69],[-42,-95],[-12,-66],[95,15],[59,-4],[49,-16],[34,-55],[5,-41],[-28,-241],[-30,-212],[-21,-111],[-30,-111],[5,-74],[33,-44],[55,-22],[79,-14],[46,-1],[127,7],[84,12],[260,23],[186,-2],[32,4],[103,-26],[74,3],[85,15],[75,30],[105,71],[74,40],[47,13],[53,5],[49,-12],[45,-31],[87,-90],[56,-45],[104,-74],[27,-29],[13,-41],[-8,-53],[-21,-50],[-44,-52],[-46,-32],[-89,-40],[-125,-31],[-66,-6],[-25,-20],[-109,-11],[-87,-36],[-52,-38],[-74,-100],[-31,-54],[-34,-101],[-1,-62],[22,-115],[24,-73],[129,-8],[28,4],[142,47],[139,32],[138,39],[52,7],[95,1],[107,10],[127,-9],[96,11],[89,38],[28,24],[136,90],[89,40],[72,6],[26,-20],[13,-65],[-2,-41],[-21,-77],[-72,-147],[-24,-80],[-5,-37],[-32,-134],[-1,-63],[18,-67],[28,-66],[10,-43],[43,-81],[50,-109],[142,-65],[60,-37],[49,-42],[18,-61],[-24,-104],[-32,-91],[-9,-55],[-1,-94],[17,-36],[32,-33],[91,-46],[11,-43],[-25,-49],[-54,-54],[-55,-64],[-21,-31],[-11,-40],[-35,-41],[-27,-71],[-5,-32],[24,-180],[18,-92],[-19,-138],[19,-88],[29,-91],[-148,-119],[-42,-25],[-53,-1],[-123,25],[-90,-5],[-29,26],[-90,-43],[-35,-36],[-47,-88],[-23,-7],[-56,3],[-83,21],[-127,60],[-83,34],[-63,31],[-34,-2],[-148,15],[-126,1],[-156,-5],[-64,8],[-123,2],[-75,-5],[-60,-12],[-32,-38],[-82,-185],[-54,-150],[-18,-67],[-31,-83],[-37,-58],[-51,-18],[-96,-11],[-81,-15],[-44,-18],[-74,-44],[-103,-43],[-58,8],[-154,80],[-109,67],[-37,19],[-80,26],[-181,31],[-71,6],[-99,-5],[-46,-20],[-39,-59],[-13,-53],[-14,-97],[-23,-86],[-37,-38],[-37,-5],[-53,4],[-118,29],[-136,21],[-133,5],[-119,23],[-33,28],[-18,34],[-27,86],[-19,80],[-42,64],[-51,35],[-96,53],[-57,48],[-14,42],[1,87],[-22,121],[-25,57],[-30,32],[-32,20],[-67,9],[-131,-16],[-121,-4],[-44,-10],[-65,1],[-38,13],[-26,44],[-18,92],[-18,65],[-20,18],[-49,8],[-123,-14],[-48,34],[-89,155],[-78,184],[-37,38],[-39,5],[-72,-43],[-47,-77],[-48,-171],[-27,-57],[-31,-30],[-56,-34],[-33,-12],[-43,6],[-72,63],[-90,104],[-130,130],[-92,70],[-33,33],[-28,67],[-10,46],[-5,99],[-14,32],[-39,34],[-56,16],[-69,-5],[-114,-34],[-51,-25],[-82,-15],[-44,42],[-29,49],[-33,24],[-150,83],[-92,30],[-13,20],[1,48],[20,64],[-7,98],[-23,73],[-122,146],[-45,46],[-53,29],[-107,22],[-68,4],[-49,-4],[-92,-22],[-61,-20],[-110,-48],[-87,-27],[-67,-44],[-24,-35],[-30,-121],[-40,-24],[-41,-7],[-62,3],[-223,-33],[-47,-2],[-58,11],[-126,59],[-52,18],[-90,2],[-93,-18],[-79,-4],[-59,12],[-119,38],[-95,25],[-95,14],[-99,-16],[-87,-64],[-66,-37],[-76,-35],[-50,-14],[-74,-9],[-46,-12],[-44,-25],[-58,-55],[-45,-54],[17,-31],[44,-16],[68,-11],[14,-129],[17,-37],[-37,-35],[1,-25],[52,-48],[78,-7],[136,-94],[138,-132],[38,-25],[2,-79],[8,-20],[-4,-115],[-14,-103],[-17,-66],[16,-17],[5,-93],[-71,-11],[-3,-24],[43,-84],[-5,-62],[-26,-3],[-158,43],[-107,7],[-17,-21],[-41,-93],[-52,-52],[8,-63],[-33,-34],[36,-33],[1,-53],[132,-25],[17,-18],[7,-109],[-1,-75],[26,-66],[19,-10],[1,-24],[20,-10],[-15,-95],[2,-77],[23,-9],[1,-117],[28,-12],[-2,-55],[115,4],[3,-29],[45,-1],[139,-17],[92,-23],[29,2],[40,-18],[-19,-14],[-101,-16],[-61,-28],[32,-21],[43,-63],[-75,-47],[-38,-10],[-10,-31],[27,-81],[39,6],[30,16],[49,1],[28,33],[7,28],[108,-40],[172,-41],[10,13],[56,-8],[91,5],[3,-14],[55,6],[102,-8],[86,-36],[65,-46],[23,-6],[-15,-34],[-1,-32],[15,-37],[-12,-45],[13,-38],[-9,-45],[28,-31],[8,-41],[58,-59],[-4,-33],[34,-55],[-29,-31],[-50,-8],[-4,-36],[42,-13],[44,-39],[-24,-39],[22,-41],[-51,-93],[-16,-62],[8,-44],[39,-43],[-31,-24],[-49,-61],[-22,-52],[15,-19],[111,-44],[118,-55],[18,-33],[-22,-67],[24,-15],[-17,-23],[40,-47],[43,-64],[70,-15],[26,-24],[67,-21],[38,17],[33,-24],[35,-8],[0,-22],[-48,-12],[5,-33],[55,-31],[7,-13],[-31,-42],[-22,-75],[43,-19],[-9,-12],[-48,-7],[18,-69],[-5,-22],[-34,3],[-14,-19],[21,-20],[-15,-29],[-42,0],[-25,-47],[15,-23],[-20,-7],[-55,32],[-54,-1],[20,-57],[32,-33],[-14,-51],[9,-26],[-31,-31],[-3,-42],[13,-39],[-12,-26],[-54,-34],[2,-31],[41,-10],[38,-39],[60,-38],[56,-19],[69,-46],[63,-25],[-12,-60],[-59,-7],[-11,-74],[2,-36],[-55,-67],[-45,-42],[-89,-101],[-85,-85],[19,-24],[-11,-17],[11,-54],[-39,1],[16,-35],[60,-28],[21,-22],[-32,-37],[51,-30],[86,-27],[157,-61],[48,-26],[147,-52],[73,-22],[-24,-44],[-44,-11],[-10,-20],[26,-63],[-41,-22],[22,-18],[-37,-15],[-12,-40],[-13,22],[-22,-17],[-14,-50],[-23,-21],[-38,-96],[-59,-35],[-13,-30],[10,-31],[-29,-12],[-1,-15],[-29,-11],[-76,-132],[-31,-8],[-49,-51],[-21,-38],[-29,-24],[-16,-50],[-40,-9],[-87,-121],[-29,-13],[-1,-15],[-51,-85],[49,-23],[-110,-122],[-37,-57],[-30,-33],[-42,-69],[-46,-98],[-22,-18],[-19,-55],[0,-25],[-47,-10],[-21,-44],[-55,-84],[-136,-23],[-9,-37],[-23,-15],[1,-30],[-23,-7],[-20,-35],[-26,-15],[-20,-48],[-12,-81],[65,-50],[-43,-47],[-15,-29],[-35,-6],[-55,16],[-26,-46],[-38,-20],[9,-44],[-15,-44],[23,-57],[76,-26],[-28,-56],[-20,-56],[-9,-54],[-38,-64],[-3,-27],[-70,-59],[-19,-34],[-9,-44],[-22,-32],[-13,-40],[-31,-44],[-53,-2],[-31,-46],[-31,-18],[-40,-57],[0,-18],[-30,-29],[-1,-37],[11,-31],[37,-43],[27,-60],[28,-45],[26,-13],[-22,-59],[-2,-39],[-22,-64],[-21,-7],[12,-32],[34,-30],[-11,-35],[12,-45],[-32,-64],[3,-66],[-24,-15],[-16,-42],[3,-60],[-34,-92],[-22,-26],[-45,-77],[-26,-59],[6,-37],[-19,-31],[-14,-75],[7,-50],[-2,-41],[20,-16],[16,-33],[-4,-80],[6,-29],[-21,-63],[-37,-6],[-31,-48],[-18,-50],[37,-43],[-5,-23],[-58,-54],[1,-56],[-35,-17],[-21,-23],[-41,-114],[-13,-70],[1,-28],[-15,-38],[2,-39],[-16,-11],[-36,33],[-20,-39],[-2,-59],[31,-53],[4,-40],[-28,-9],[-10,-88],[-16,-44],[-19,-95],[-31,-51],[-18,-49],[-12,-89],[10,-11],[-8,-50],[-15,-30],[8,-85],[27,-22],[37,-7],[6,-23],[-13,-22],[-36,-18],[41,-5],[-10,-22],[3,-38],[-26,5],[7,-40],[-24,-37],[0,-44],[-29,-16],[-13,-64],[1,-25],[-71,-1353],[-55,-1227],[-269,-22],[-116,81],[-357,69],[-48,-4],[-34,45],[-59,19],[-61,30],[-81,17],[-32,14],[-47,44],[-30,49],[-40,38],[-26,6],[-27,-24],[-63,28],[-29,70],[-26,27],[-71,54],[-19,22],[-15,68],[-12,11],[-46,-19],[-101,49],[-14,54],[-23,24],[-46,-8],[-21,8],[-11,44],[-44,43],[-52,-25],[-26,2],[-21,44],[-26,3],[-32,-42],[-26,2],[-1,37],[-31,4],[-30,-28],[-25,-4],[-69,10],[-13,20],[14,64],[-24,35],[-65,42],[-62,64],[-9,21],[-45,40],[-70,48],[-35,-26],[-37,-7],[-14,36],[-38,3],[-31,-42],[2,-51],[-33,-8],[-27,-31],[-34,1],[-35,-31],[-17,-2],[-25,35],[-65,10],[-12,-15],[1,-50],[35,-71],[-20,-34],[-1,-26],[-19,-11],[-53,-3],[-33,-17],[-12,-32],[68,-49],[6,-43],[-49,-18],[-11,-30],[14,-46],[-13,-44],[16,-25],[61,-38],[-1,-17],[-149,-68],[1,-30],[114,-91],[78,-57],[12,-33],[-51,-19],[-19,-31],[-62,-36],[-11,-29],[-36,-26],[-73,-17],[-8,-13],[49,-67],[6,-22],[-63,-11],[-7,-10],[0,-84],[-10,-64],[42,-82],[24,-27],[1,-40],[-56,-19],[-9,-25],[21,-58],[7,-71],[48,-19],[8,-46],[-29,-57],[16,-31],[3,-41],[-14,-46],[42,-48],[68,-47],[13,-21],[-8,-42],[39,-43],[2,-37],[-30,-5],[-22,17],[-38,5],[-31,-25],[-3,-21],[22,-19],[50,-23],[-11,-45],[37,-12],[42,6],[39,-9],[-5,-35],[-61,0],[-34,-58],[6,-56],[27,-2],[49,23],[31,-25],[0,-41],[55,-15],[7,-31],[-50,-17],[-8,-19],[22,-29],[-14,-24],[-35,-18],[12,-26],[85,-1],[10,-38],[-6,-34],[13,-48],[-46,-54],[-10,-34],[21,-23],[32,-13],[35,-56],[-28,-47],[-7,-33],[49,-60],[11,-35],[56,-54],[12,-41],[-10,-42],[25,-36],[-2,-27],[-46,-42],[26,-41],[-8,-54],[23,-28],[84,-11],[41,-38],[-5,-26],[-49,-40],[0,-21],[26,-32],[7,-53],[-42,-69],[14,-16],[40,-2],[24,-14],[-25,-33],[8,-54],[-14,-38],[-62,-74],[10,-25],[-43,-52],[5,-19],[-41,-40],[-12,-1],[-148,77],[32,24],[-36,22],[-58,-3],[-72,19],[-43,57],[-54,37],[-40,-7],[-5,-31],[-57,-35],[-45,-20],[-8,-27],[-26,-14],[-74,-19],[-70,57],[-25,9],[-26,-26],[-60,24],[-86,23],[-45,22],[-43,31],[-54,-5],[-21,-18],[4,-22],[-25,-60],[15,-87],[-7,-28],[-36,-43],[-65,-62],[-28,-78],[19,-70],[-5,-41],[-24,-18],[37,-3],[36,-36],[22,-105],[-54,-7],[-46,-19],[-32,10],[-1,-26],[-41,-52],[-6,-27],[-20,0],[-41,-57],[-44,-29],[-4,-21],[39,-54],[-45,-5],[-10,-23],[-3,-50],[-41,-38],[-32,-14],[-33,2],[-47,-26],[-26,-32],[-32,-79],[-55,-43],[-11,-34],[-27,-30],[48,-6],[10,-19],[-28,1],[-30,-21],[30,-7],[7,-28],[43,-20],[32,-4],[-8,-17],[20,-51],[0,-42],[-20,-34],[7,-35],[-47,36],[-18,-13],[3,-38],[-83,17],[-6,-17],[20,-22],[-86,-17],[-11,23],[-37,23],[-41,-6],[-33,9],[20,-40],[-6,-16],[-32,12],[-87,-29],[-59,13],[0,18],[-26,15],[-85,20],[-68,-28],[-16,27],[-30,21],[-34,-1],[-9,-32],[-54,-25],[23,-46],[11,-58],[-15,-36],[-50,-6],[7,-32],[-39,-15],[-68,12],[4,-21],[-32,-19],[9,-60],[-68,-5],[-11,-10],[-55,2],[-5,-16],[-35,9],[-56,-37],[-45,13],[-103,15],[-26,12],[-22,50],[-36,30],[-64,1],[-84,-13],[-83,8],[-298,0],[-211,8],[-199,2],[-175,7],[-26,-2],[-224,6],[-14,58],[-32,15],[-37,-21],[-3,-16],[-73,-9],[17,-11],[-16,-21],[-56,-11],[-21,51],[-17,11],[7,27],[-19,4],[-44,-21],[-61,-12],[-67,30],[-40,48],[-63,49],[-26,-24],[-45,-26],[-48,12],[-24,17],[-116,9],[-57,-14],[-17,20],[2,33],[-18,28],[-32,20],[-33,39],[-23,2],[-60,-16],[-25,18],[53,49],[15,33],[-12,13],[-56,3],[-44,13],[-51,2],[-47,-49],[-46,-21],[-52,-8],[-14,-16],[-77,-4],[-28,-28],[-92,-22],[-47,-28],[-72,-8],[-68,38],[-46,41],[27,70],[2,25],[-30,61],[-34,25],[-51,16],[-42,28],[-18,39],[-24,14],[-13,33],[-45,10],[-29,35],[-45,5],[-10,-29],[-39,-24],[25,-31],[11,-47],[-45,-55],[-61,-1],[-34,37],[-55,27],[-57,-1],[-8,-18],[63,-31],[19,-19],[14,-45],[-19,-32],[-89,-54],[-38,-37],[-19,-70],[15,-60],[-11,-56],[-64,-70],[-53,-6],[-34,78],[-55,55],[-35,20],[-50,13],[-101,7],[-80,21],[-40,25],[-55,48],[-32,20],[-53,-10],[-84,-56],[-35,-29],[-64,-75],[-2,-31],[21,-17],[30,-3],[65,34],[30,5],[67,-12],[19,-23],[3,-46],[-21,-61],[-40,-52],[2,-48],[71,-82],[24,-14],[57,10],[63,60],[31,-15],[-2,-31],[37,-32],[17,-29],[-11,-58],[1,-46],[13,-24],[52,-42],[8,-46],[58,-47],[58,-16],[51,-35],[7,-47],[-67,-31],[-39,2],[-9,22],[-63,17],[-23,0],[10,-19],[-32,-28],[1,-28],[-29,-21],[13,-28],[37,-18],[29,-41],[40,0],[1,-32],[35,-22],[17,-50],[35,-42],[98,-74],[26,-39],[65,-68],[40,-96],[16,-10],[84,-11],[31,-38],[9,-66],[58,-18],[54,-32],[19,-26],[30,-68],[4,-35],[14,-3],[17,-50],[7,-91],[-43,-9],[-77,-2],[-10,-25],[0,-61],[19,-23],[-1,-28],[37,-57],[-5,-60],[-11,-23],[1,-76],[-125,6],[-36,28],[-43,21],[-35,-1],[-68,-35],[-109,-7],[-83,26],[-36,24],[-18,36],[-8,43],[1,55],[-14,24],[-26,7],[-59,-22],[-33,-4],[-27,12],[-29,31],[-50,91],[-67,75],[-35,58],[-34,164],[-17,113],[-25,43],[-32,30],[-68,37],[-73,27],[-25,19],[-7,33],[24,26],[69,21],[19,19],[-14,20],[-48,9],[-109,8],[-46,24],[-78,80],[-83,31],[-70,76],[-24,2],[-33,-32],[-22,-38],[-56,-44],[-65,-13],[-54,-27],[4,-29],[-21,-25],[-46,-8],[-90,5],[-27,-13],[4,-54],[-117,-19],[-6,-30],[-35,-25],[-12,-77],[3,-26],[-34,-29],[17,-17],[-18,-12],[-107,0],[-63,-45],[-10,-17],[-45,-21],[-8,-26],[-57,19],[-7,15],[-43,1],[-47,-35],[-50,-13],[-59,-6],[-64,-55],[-27,-58],[-32,-13],[-33,0],[-35,-20],[-52,9],[-20,35],[-40,28],[1,-31],[26,-77],[36,-78],[31,-96],[26,-95],[13,-88],[18,-66],[17,-89],[39,-115],[35,-132],[60,-152],[63,-145],[50,-212],[36,-75],[39,-130],[34,-97],[49,-187],[25,-60],[34,-116],[30,-87],[31,-111],[13,-76],[14,-35],[49,-95],[19,-72],[-3,-58],[-41,-163],[-8,-48],[-42,-141],[-21,-103],[-61,-168],[-44,-176],[-29,-92],[-50,-187],[-54,-151],[-30,-93],[-53,-202],[-26,-70],[-41,-144],[-31,-141],[-53,-153],[-57,-194],[-32,-83],[-31,-115],[-42,-134],[-53,-159],[-37,-131],[-19,-52],[-76,-308],[-23,-66],[-12,-91],[-17,-58],[-20,-38],[-16,-90],[-18,-28],[-19,-59],[-35,-74],[-12,-57],[67,-19],[13,-19],[38,-3],[7,-31],[-11,-18],[-52,-23],[-14,-28],[-23,-6],[-6,-28],[40,-17],[20,-39],[-33,-29],[-2,-34],[45,-29],[3,-67],[-18,-5],[-12,-61],[16,-34],[-30,-17],[41,-29],[-6,-32],[-38,-5],[-48,12],[-18,-14],[14,-33],[44,-13],[-19,-23],[-41,1],[-42,-9],[-11,-28],[55,-48],[-39,-32],[-17,-53],[-33,-18],[-39,-3],[-57,-41],[-8,-18],[5,-92],[-26,-17],[-7,-27],[26,-41],[-14,-24],[-38,-7],[-44,-24],[-56,-45],[-18,4],[-128,73],[-54,8],[-55,-12],[-24,-21],[-39,-5],[-22,-19],[-39,5],[-5,-19],[-43,-25],[-35,2],[-43,52],[2,23],[-100,-18],[-12,-8],[-62,19],[-14,15],[5,50],[-22,54],[-6,48],[-69,33],[1,25],[-28,29],[-53,0],[-52,44],[-3,31],[-18,9],[15,40],[-8,53],[31,50],[-35,26],[-4,31],[-32,28],[-8,32],[-50,27],[5,47],[34,14],[2,31],[-18,78],[16,28],[-8,25],[-67,51],[-37,13],[4,15],[29,-3],[-9,150],[6,21],[-26,10],[19,32],[51,10],[21,13],[-6,23],[-23,13],[-8,25],[-47,13],[-6,18],[18,45],[-31,52],[-70,11],[-23,14],[-3,23],[-97,31],[-24,18],[-14,-28],[-31,16],[-55,64],[1,41],[-24,19],[-29,1],[-14,39],[-67,14],[12,17],[-17,34],[-18,-1],[-51,-46],[-7,-25],[-44,-10],[-14,35],[-27,16],[-44,-10],[-23,33],[-68,5],[-30,-7],[-27,-24],[-52,25],[-33,46],[-14,45],[-39,-5],[-27,28],[4,32],[-45,84],[-66,38],[22,53],[52,59],[-2,22],[-31,48],[-8,28],[-27,22],[9,42],[-30,-9],[-11,11],[22,59],[-5,26],[-90,50],[1,26],[30,8],[79,-22],[51,7],[47,59],[52,27],[32,58],[17,55],[-28,19],[-33,45],[20,26],[51,-13],[43,-23],[18,17],[-5,40],[-80,95],[4,21],[39,11],[89,-37],[43,-7],[15,30],[-23,33],[-38,33],[-56,35],[-30,47],[-71,-3],[-31,11],[-41,32],[-31,1],[-26,20],[51,59],[29,21],[40,-4],[19,9],[3,27],[-27,15],[-113,2],[-88,-18],[-22,1],[-23,26],[16,53],[97,21],[18,26],[-8,28],[-34,25],[-40,15],[-86,-3],[-126,24],[-27,-36],[17,-40],[-21,-38],[8,-56],[35,-54],[4,-26],[-36,-42],[-55,-15],[-19,-16],[-63,20],[-77,2],[-43,-90],[-33,-27],[-53,-70],[-56,-18],[-47,1],[-24,-17],[-16,-52],[-46,-12],[-18,-28],[-44,14],[-30,-1],[0,-19],[-37,-13],[-52,13],[-4,22],[-31,-15],[-54,4],[-18,34],[-38,26],[-95,23],[-7,68],[-18,19],[-19,46],[-56,69],[-71,-5],[-26,8],[-20,25],[-14,62],[-24,7],[-107,-14],[-63,-24],[-25,6],[-69,42],[-34,-50],[-53,4],[-28,26],[-42,-22],[-31,9],[3,26],[-22,8],[-73,-25],[-30,21],[-34,0],[-43,15],[-47,41],[-111,53],[-32,22],[-66,18],[-66,48],[-132,74],[-96,50],[-105,69],[-99,49],[-105,61],[-129,81],[-198,103],[-203,116],[-103,51],[-217,123],[20,-190],[32,-144],[13,-141],[28,-143],[15,-100],[31,-114],[2,-96],[38,-226],[25,-225],[4,-119],[32,-208],[4,-60],[24,-150],[11,-123],[33,-183],[14,-136],[-3,-89],[35,-142],[-5,-55],[10,-55],[-4,-115],[11,-95],[15,-49],[14,-109],[18,-91],[14,-100],[13,-128],[16,-86],[6,-71],[21,-141],[4,-67],[22,-83],[-10,-59],[8,-74],[-18,-9],[-62,-4],[-94,36],[-43,-11],[-59,0],[-23,11],[-45,2],[-24,-16],[-29,1],[-8,-19],[-66,19],[-28,-11],[-42,10],[-8,19],[-39,7],[-24,-38],[-31,-7],[-63,46],[-21,0],[-41,-26],[-38,7],[-11,30],[-18,3],[-1,48],[-45,54],[-41,-1],[-25,-29],[-35,-21],[-55,37],[-23,-6],[-44,-43],[-53,1],[-44,-10],[-37,1],[28,29],[-35,26],[-10,23],[-34,27],[-34,4],[-100,55],[8,30],[-14,24],[10,19],[-30,16],[8,27],[-46,34],[-33,-7],[-32,13],[-89,2],[-33,30],[-31,0],[-50,22],[-48,-30],[-50,25],[-64,0],[-58,19],[-58,5],[-20,16],[5,43],[-8,42],[-28,60],[-17,19],[-3,64],[-26,22],[-28,64],[-18,12],[-56,-14],[-21,18],[-45,0],[-24,-15],[-35,7],[-22,-14],[-1,-25],[-30,-17],[-10,-27],[-25,-7],[-6,-34],[-54,-6],[-19,8],[-61,-5],[-7,27],[-56,12],[-27,28],[-38,8],[-7,21],[-25,10],[6,32],[-20,23],[-31,-1],[-68,49],[-33,57],[10,22],[-40,37],[0,43],[-26,16],[-4,46],[-20,37],[9,16],[-28,21],[23,21],[-28,14],[-31,46],[-21,58],[29,12],[-23,43],[-14,46],[20,17],[-24,25],[18,47],[4,38],[-24,45],[8,53],[-24,20],[13,23],[-34,10],[23,61],[34,-1],[4,55],[-35,56],[2,65],[-43,24],[-40,39],[24,36],[-28,12],[-8,22],[-50,47],[21,61],[-31,28],[-56,12],[26,21],[-35,25],[-33,-10],[-16,26],[20,17],[-38,38],[-23,2],[-4,31],[-31,27],[-18,39],[-27,26],[8,19],[-46,36],[-34,13],[-13,62],[8,14],[-23,46],[18,18],[-12,32],[15,20],[0,67],[-29,-7],[-16,26],[45,31],[-24,49],[27,31],[8,35],[-13,68],[29,43],[-16,20],[26,21],[-18,19],[12,17],[-21,60],[38,8],[-32,33],[16,27],[5,56],[-96,91],[-27,-16],[-28,-65],[0,-77],[-25,-7],[-13,29],[-28,7],[-43,-26],[-31,2],[-2,-34],[-26,8],[-26,-19],[-22,5],[-57,-64],[-10,-25],[-1,-53],[-36,-4],[-24,-43],[-39,-17],[-7,-30],[-30,-41],[-42,-34],[-16,7],[-51,-54],[-38,15],[9,31],[-21,10],[-42,-23],[-8,-36],[27,-52],[-19,-43],[-47,-37],[56,-16],[26,-23],[-9,-21],[16,-23],[-13,-14],[46,-10],[18,-88],[37,-63],[22,-62],[0,-81],[24,-32],[18,-108],[29,-42],[-4,-17],[-56,-31],[3,-64],[31,-2],[16,-22],[33,-13],[18,13],[19,-16],[40,-7],[68,0],[-9,-24],[19,-25],[-14,-19],[-50,-4],[33,-18],[22,-46],[25,-32],[0,-26],[-19,-48],[2,-33],[-19,-23],[12,-29],[-36,-55],[12,-45],[26,-16],[-24,-43],[-5,-37],[-50,-30],[24,-55],[-71,-37],[2,-52],[-15,-14],[-46,-7],[-59,18],[-160,65],[-56,18],[-24,-19],[-23,-84],[28,-97],[-2,-67],[-21,-80],[17,-69],[15,-99],[1,-36],[16,-85],[1,-31],[31,-164],[-7,-49],[-41,-73],[-62,-75],[-39,-68],[-59,-87],[-69,-87],[-110,-153],[-85,-136],[-2,-18],[19,-56],[34,-60],[40,-94],[42,-63],[17,-54],[5,-59],[14,-54],[30,-163],[18,-139],[30,-131],[2,-44],[-21,-66],[-56,-118],[-80,-49],[-10,-14],[49,-77],[-1,-35],[-16,-32],[-30,-30],[-41,4],[13,-25],[-40,-1],[-3,-23],[-42,41],[-30,-28],[-35,-12],[11,-25],[-31,3],[-6,-17],[-114,32],[-43,-32],[-17,-37],[-39,6],[-21,-16],[21,-24],[-31,2],[4,-46],[-36,-3],[-23,-19],[-33,19],[-32,-17],[-2,-21],[-26,-11],[-24,29],[-50,5],[-39,-35],[-33,8],[-30,-14],[5,-24],[-39,2],[-13,22],[-26,-25],[-35,-4],[-7,-40],[-78,-23],[-26,-35],[-5,25],[-55,6],[-31,-7],[-39,40],[-37,-18],[-41,14],[-9,27],[-49,-4],[-21,7],[-1,22],[26,21],[-12,20],[-19,-12],[-37,6],[8,24],[-35,0],[1,-24],[-58,-7],[-3,26],[-32,3],[-6,32],[-47,-10],[-5,-28],[-16,-5],[-60,32],[-49,-16],[24,-15],[11,-75],[-38,-28],[-51,12],[-57,-2],[-27,-38],[39,-52],[17,-50],[92,-62],[64,-52],[43,-12],[19,-25],[-8,-67],[-68,-34],[-108,-19],[-32,-57],[-21,-58],[-26,-49],[24,-42],[-12,-58],[-18,-25],[-89,-8],[-77,1],[-62,-73],[-150,21],[-27,45],[-51,46],[-45,21],[-23,32],[-55,28],[-28,39],[-37,30],[-37,8],[-6,-30],[-15,6],[-31,-20],[1,-23],[-23,-54],[9,-70],[-207,43],[-148,21],[-114,27],[-65,9],[-90,-1],[-98,-41],[-96,-25],[-226,-36],[-50,45],[-34,10],[-81,3],[-39,8],[-155,52],[-181,56],[-193,50],[-422,123],[-142,53],[-213,42],[-151,12],[-174,0],[-27,9],[-63,58],[-112,46],[-19,22],[77,142],[14,45],[-111,36],[-43,-20],[-80,-20],[-59,-5],[-97,19],[-59,2],[-8,48],[-22,16],[-66,0],[-129,20],[-56,45],[-2,33],[-42,2],[-58,-18],[-17,25],[18,26],[-34,6],[-57,-98],[-16,-3],[-119,13],[-38,-1],[-64,-20],[-83,-77],[-31,-13],[-65,26],[-66,11],[-42,-14],[-34,13],[-61,-16],[-20,16],[16,31],[-43,20],[-5,-15],[-53,12],[-8,36],[-37,29],[3,38],[-57,3],[-19,-29],[-40,4],[-24,-43],[-126,-28],[-16,-43],[-65,-4],[-1,32],[-28,19],[-16,92],[-15,12],[2,32],[-15,13],[-31,-23],[-91,25],[-65,-62],[-34,-3],[-11,19],[-76,-13],[-66,-25],[-18,21],[2,35],[-21,13],[-20,-14],[-8,33],[7,52],[-40,45],[-9,46],[17,57],[-40,-7],[27,54],[-30,-16],[-78,33],[-29,-26],[-146,24],[-144,16],[-93,-7],[-105,28],[-59,9],[-48,-1],[-62,-23],[-84,-3],[-27,4],[-65,28],[-27,19],[-49,-2],[-21,23],[-70,-3],[-72,-36],[-130,-28],[-22,-23],[-102,-6],[-28,19],[-47,6],[-7,-22],[-24,-4],[-41,-32],[-30,16],[-36,3],[-64,-38],[-41,13],[-99,-6],[-22,8],[-200,15],[-20,-28],[22,-170],[16,-97],[10,-157],[9,-68],[4,-75],[17,-110],[6,-72],[13,-74],[17,-146],[5,-72],[41,-63],[72,-101],[78,-135],[41,-55],[31,-53],[66,-91],[79,-117],[24,-44],[143,-204],[71,-116],[93,-138],[4,-59],[-1,-138],[2,-76],[-26,-64],[-81,-226],[-14,-27],[-45,-134],[-28,-54],[-15,-52],[-8,-88],[-107,-125],[-33,-47],[-107,-134],[-52,-61],[-42,-60],[-68,-83],[-73,-77],[-62,-89],[-71,-77],[-28,-38],[-8,-34],[-35,-19],[-7,-21],[63,-2],[-2,-17],[-34,2],[-3,-24],[16,-25],[45,-39],[-1,-23],[-47,4],[-18,-26],[16,-29],[22,-7],[24,16],[2,-21],[-23,-14],[15,-21],[14,29],[32,-8],[-6,-61],[-76,14],[8,-18],[33,-18],[-1,-17],[43,-6],[-7,-37],[42,11],[38,-26],[-10,-29],[33,-18],[-14,-25],[-65,4],[-2,-17],[29,-10],[2,-24],[23,-18],[-27,-38],[-37,6],[20,-20],[-25,-12],[13,-44],[19,-14],[6,-28],[18,15],[9,-19],[-27,-13],[8,-41],[63,-37],[18,20],[30,-1],[-18,-37],[8,-9],[-55,-33],[4,-43],[21,12],[1,-23],[35,-40],[-25,-10],[-4,-24],[30,-12],[-9,-60],[-151,-9],[-69,-10],[-59,51],[-29,16],[-86,70],[-104,75],[-108,44],[-59,44],[-6,74],[-38,36],[-41,-8],[-56,-26],[-20,-43],[-61,-2],[-68,-15],[-26,-42],[-45,-18],[-45,21],[-18,-8],[-67,35],[-71,29],[-74,-18],[-5,-15],[-36,-13],[-53,7],[-52,-16],[-11,-13],[-53,5],[-33,24],[-4,21],[-39,32],[-34,-8],[-20,17],[-1,66],[-26,10],[11,23],[-35,36],[11,8],[-46,12],[-40,44],[14,15],[-16,20],[-51,8],[-77,42],[-23,-6],[-12,24],[-27,-29],[-38,-14],[-66,16],[-51,58],[-15,-2],[-21,27],[-40,1],[-27,-14],[-64,-17],[-10,-19],[-70,-23],[-36,-41],[-37,-26],[-47,-6],[-39,19],[-50,3],[-47,12],[-56,41],[-8,25],[-20,-11],[-76,65],[-58,28],[-17,-4],[-49,29],[-15,53],[-19,3],[-8,-32],[-13,10],[-43,-56],[14,-111],[-2,-76],[-30,-79],[-30,-95],[-87,-189],[-58,-155],[9,-50],[68,-101],[-17,-17],[-73,-14],[-48,-18],[-109,-66],[-84,-21],[-63,-6],[-66,-14],[-17,23],[-21,103],[-2,48],[12,54],[-5,26],[-29,43],[-48,27],[-6,15],[20,58],[1,42],[36,72],[-37,35],[-105,-126],[-104,-143],[-74,-106],[-188,-260],[-61,-92],[-53,-112],[-51,-126],[-41,-119],[-78,-191],[-57,-115],[150,-138],[12,-19],[159,-115],[34,-108],[54,-275],[23,-83],[2,-39],[-148,40],[-109,-2],[-133,9],[-111,-35],[-58,-23],[-99,4],[-193,48],[-165,8],[-54,22],[-28,0],[-212,23],[-68,12],[-76,4],[-116,13],[-53,-39],[131,-64],[100,-55],[69,-33],[47,-80],[46,-101],[32,-44],[49,-89],[9,-24],[-13,-94],[-29,-150],[-24,-38],[-35,-27],[-126,-75],[-146,-64],[-247,-103],[-36,-33],[-6,-34],[13,-222],[20,-400],[44,-71],[51,-32],[106,-26],[34,-17],[82,-114],[28,-181],[59,-181],[25,-57],[55,-94],[68,-93],[167,-217],[41,-108],[10,-36],[83,-163],[62,-140],[32,-44],[16,-43],[-23,-34],[-63,-48],[-87,-89],[-110,-137],[-103,-158],[-65,-85],[-95,-163],[-117,-184],[-27,-29],[-93,-66],[-48,-17],[-5,-44],[25,-47],[4,-56],[-14,-61],[-53,-143],[-20,-80],[-11,-67],[-47,-35],[-42,-40],[-56,-88],[-39,-82],[60,-71],[28,-43],[2,-58],[20,-63],[34,-13],[20,-38],[-9,-81],[12,-136],[-5,-62],[2,-282],[3,-81],[-9,-85],[-16,-38],[-108,-127],[-64,-100],[-9,-39],[7,-58],[20,-68],[9,-59],[-13,-32],[-62,-32],[-61,-87],[-50,-84],[-101,-256],[-16,-47],[-21,13],[-15,56],[-2,47],[-62,37],[-48,36],[-59,68],[-71,50],[-21,38],[-40,113],[-147,38],[-138,22],[-58,-12],[-57,20],[-63,14],[-80,6],[-100,-17],[-35,3],[-253,2],[-57,-47],[-29,-16],[-71,-9],[-166,10],[-68,9],[-269,22],[-36,-1],[-106,-57],[-50,-32],[-82,-90],[-61,-58],[-57,-77],[-37,-75],[-38,-91],[-28,-31],[-41,-169],[-11,-73],[-40,-88],[-25,-79],[-20,-37],[8,-90],[-12,-40],[-61,-124],[-18,-46],[-22,-90],[-41,-93],[29,-32],[3,-79],[13,-56],[21,-50],[21,-19],[11,-50],[2,-85],[14,-146],[32,-117],[15,-158],[20,-74],[135,-1],[65,13],[148,17],[115,-12],[122,11],[97,3],[106,10],[94,1],[106,14],[124,6],[114,-7],[138,-4],[123,12],[74,0],[58,56],[14,0],[114,-75],[100,-89],[82,-66],[26,1],[70,20],[57,6],[0,-14],[-35,-41],[-45,-97],[-28,-114],[-34,-187],[-14,-100],[-23,-98],[-17,-128],[-2,-100],[32,-151],[-17,-47],[-64,-52],[142,-45],[3,-46],[-105,9],[67,-95],[18,-47],[-74,2],[-65,-14],[-32,-17],[-17,-25],[-18,-76],[-115,-26],[-88,-2],[-100,27],[-9,32],[26,115],[38,67],[21,63],[-124,38],[-52,10],[-130,54],[-45,41],[-31,44],[-31,8],[-6,-80],[18,-15],[-45,-17],[-30,5],[-149,69],[-28,6],[-65,-62],[-27,-17],[-70,19],[-81,47],[-122,189],[-151,21],[-70,2],[-18,79],[9,39],[-122,118],[-46,21],[-1,-12],[23,-133],[32,-106],[55,-133],[17,-54],[12,-80],[32,-59],[11,-42],[-8,-80],[7,-56],[-3,-57],[-48,-142],[-38,-140],[-5,-67],[9,-101],[32,-128],[37,-93],[-86,-80],[22,-102],[-32,-19],[0,-34],[-16,-34],[-3,-55],[38,-143],[10,-101],[50,-7],[21,-59],[-16,-29],[78,-50],[-26,-76],[0,-40],[-34,0],[-17,-14],[23,-57],[83,-175],[35,3],[20,-60],[-14,-51],[3,-65],[-22,-95],[6,-35],[43,-42],[101,-51],[58,-14],[-9,48],[204,36],[104,-13],[37,-47],[-3,-35],[-49,-102],[-7,-29],[-48,-51],[19,-34],[101,-52],[223,-165],[27,-9],[64,-65],[34,3],[13,-143],[7,-29],[28,-45],[73,-76],[115,-160],[77,-102],[4,-22],[-8,-241],[-17,-329],[84,11],[74,-8],[46,63],[42,36],[38,15],[20,-35],[102,-134],[27,-9],[70,10],[75,23],[8,54],[12,24],[86,66],[26,9],[-5,-191],[-173,-70],[-24,-21],[-14,-93],[-44,-119],[-44,-157],[-84,-155],[-79,-183],[-19,-55],[10,-94],[84,-75],[66,-92],[69,-67],[65,-74],[168,59],[117,22],[178,10],[139,-3],[-66,-191],[-85,-202],[-58,-152],[5,-24],[151,-66],[81,-19],[287,92],[138,81],[25,7],[-57,-205],[94,-72],[10,-13],[-8,-181],[275,22],[105,-9],[40,-10],[70,-1],[25,-77],[7,-48],[34,-87],[47,-105],[9,-47],[-2,-87],[-15,-105],[-9,-118],[-13,-103],[13,-47],[-2,-97],[-22,-65],[8,-47],[86,-63],[0,-85],[-6,-45],[-69,-155],[72,-107],[21,-41],[61,-73],[24,-74],[26,-158],[38,-40],[84,-66],[112,-78],[144,-107],[40,-34],[73,-75],[19,-40],[-11,-21],[-70,-69],[-44,-37],[-70,-49],[-45,-48],[132,-94],[144,-101],[165,-107],[32,-41],[11,-41],[31,-230],[21,-195],[-2,-38],[17,-183],[17,-124],[34,-353],[2,-121],[7,-66],[14,-44],[56,-20],[133,13],[70,-30],[49,-11],[52,6],[43,24],[59,43],[27,3],[19,-15],[5,-53],[31,-64],[-14,-110],[-338,-14],[-11,-23],[10,-43],[4,-75],[29,-117],[25,-43],[158,-27],[140,-32],[-3,-43],[-77,-266],[-32,-65],[255,-9],[52,4],[63,14],[163,104],[44,22],[136,80],[149,98],[79,33],[59,1],[100,-24],[-69,-252],[-15,-16],[-48,14],[-25,-12],[-70,-3],[-25,43],[-50,-12],[-46,-75],[-11,-52],[-15,-169],[20,-71],[3,-46],[-134,9],[-90,14],[-98,-34],[-199,-55],[-23,-3],[-65,-193],[-65,-250],[-22,-146],[-28,-77],[-40,-91],[-22,-41],[245,-177],[173,-4],[100,10],[195,5],[57,-30],[60,-94],[77,-159],[53,-157],[21,-100],[6,-71],[-21,-34],[-168,57],[-78,38],[-31,7],[-38,-8],[-125,-148],[-137,-132],[41,-162],[41,-90],[189,-52],[127,-44],[149,-43],[75,-28],[15,-16],[-26,-58],[-87,-32],[-112,-79],[-48,-18],[46,-121],[10,-51],[41,-87],[43,-105],[42,-114],[19,-68],[61,-179],[19,-42],[28,-94],[103,-15],[30,-9],[212,-12],[-38,-199],[-70,-16],[-101,-40],[-96,-23],[10,-192],[183,-91],[2,-285],[-2,-185],[5,-278],[0,-703],[5,-266],[10,-170],[0,-60],[8,-203],[13,-397],[-5,-154],[-8,-97],[-15,-6],[-22,-104],[15,-54],[49,-41],[252,-140],[38,-31],[25,-56],[15,-58],[9,-95],[25,-169],[25,-103],[32,-145],[17,-96],[19,-69],[48,-53],[83,-38],[60,-55],[5,-49],[-24,-216],[0,-83],[17,-21],[38,13],[99,11],[54,-6],[14,-36],[0,-248],[-9,-13],[5,-101],[-16,-140],[3,-53],[19,-64],[54,-46],[114,-111],[37,-71],[65,-95],[41,-50],[48,-87],[63,-94],[75,-87],[76,-97],[25,-63],[54,-63],[92,-143],[34,-43],[100,-138],[92,-43],[139,-62],[81,-17],[72,-36],[39,-29],[75,-38],[101,-66],[50,-47],[56,-24],[59,-11],[88,-42],[95,-79],[70,-22],[60,10],[39,37],[1,43],[111,8],[82,26],[36,-9],[182,61],[45,25],[35,40],[80,28],[71,-4],[29,27],[8,42],[-11,8],[-103,10],[-27,13],[-76,15],[13,36],[33,33],[24,67],[21,235],[91,34],[16,21],[-6,87],[6,49],[26,75],[-43,9],[-57,-19],[-42,-3],[-211,29],[-110,160],[-3,80],[9,75],[33,136],[-2,50],[-54,2],[-61,-16],[-51,-4],[-56,6],[73,432],[27,205],[-114,83],[-118,75],[-7,93],[11,237],[10,74],[-5,26],[-40,101],[-44,78],[-87,135],[-22,55],[-37,134],[-33,104],[-46,205],[-25,85],[-73,38],[-93,80],[-3,10],[-13,175],[3,96],[-3,94],[10,102],[3,87],[9,63],[-3,101],[-58,-7],[-60,6],[37,258],[0,84],[-34,6],[-85,-2],[11,33],[28,164],[19,65],[142,8],[8,26],[36,179],[13,89],[33,171],[2,124],[-15,26],[-117,-2],[-133,12],[184,140],[94,94],[124,149],[27,50],[-7,21],[-71,86],[-77,105],[-28,72],[61,13],[125,5],[185,20],[115,19],[15,11],[-7,77],[24,50],[-20,98],[-55,41],[-5,34],[-33,92],[-29,34],[7,13],[-32,32],[-39,1],[-16,35],[-44,40],[-38,71],[11,32],[38,5],[85,0],[204,9],[85,14],[194,10],[-75,111],[-125,144],[-62,52],[-121,10],[-5,146],[6,187],[23,1],[77,27],[17,-31],[90,-204],[33,-45],[41,-33],[34,-38],[170,-24],[33,109],[-8,96],[-12,26],[-6,52],[4,92],[-9,90],[-29,117],[-5,59],[3,89],[-12,103],[-16,178],[3,70],[48,-3],[5,-21],[36,-13],[37,19],[11,-37],[31,-16],[7,10],[25,-34],[5,-27],[23,-13],[20,57],[36,-5],[-9,-45],[14,-30],[-4,-44],[31,-11],[24,-48],[-9,-61],[29,10],[1,-62],[32,3],[6,-41],[36,-17],[-7,-31],[-39,-39],[22,-12],[-1,-27],[-54,-27],[-11,-18],[-22,11],[-30,-12],[6,-20],[44,-35],[-3,-30],[-25,-2],[17,-36],[-4,-45],[-39,-38],[-15,-52],[23,-10],[14,-40],[17,-8],[7,-31],[25,-26],[35,-14],[-3,-30],[-37,-18],[34,-13],[6,-54],[33,83],[71,152],[138,-79],[7,-62],[110,77],[141,87],[313,-29],[124,-14],[150,-24],[82,-31],[213,16],[13,-118],[-56,-39],[-59,-86],[-44,-54],[-47,-47],[-63,-43],[-59,-9],[38,-146],[12,-8],[21,-72],[112,18],[155,44],[23,-3],[98,29],[141,-208],[38,-23],[74,-115],[227,-345],[-534,-133],[-126,-35],[8,-27],[-46,-55],[-18,10],[-51,-41],[2,-49],[42,4],[90,-41],[17,-18],[53,-19],[98,-44],[-8,-54],[13,-41],[315,128],[343,141],[350,-418],[-78,-405],[-166,-27],[-284,-50],[237,-135],[310,-172],[137,147],[22,0],[122,-123],[158,43],[268,79],[40,-105],[-126,-153],[140,-29],[112,-30],[-30,-140],[-91,7],[-128,-3],[-147,-10],[-217,-83],[30,-212],[225,-11],[-73,-196],[-58,-169],[-43,-20],[-107,-141],[128,-204],[500,77],[8,-48],[-175,-87],[-298,-137],[41,-19],[64,-55],[73,-102],[87,21],[79,-67],[44,-24],[73,-16],[108,9],[-8,23],[12,39],[-7,33],[47,11],[-7,17],[37,-12],[135,58],[-14,-235],[-66,-40],[-187,-157],[-61,-35],[-66,-50],[-49,-27],[7,-114],[189,-24],[167,-25],[24,-7],[154,-12],[-4,-7],[-122,-95],[30,-192],[150,4],[45,-124],[-109,-16],[-41,-12],[-153,-27],[-20,-213],[-22,-111],[226,-6],[139,4],[71,-8],[-61,-147],[-43,-136],[-23,-85],[152,-43],[118,-22],[91,-30],[57,-7],[11,-52],[4,-90],[-4,-58],[-190,-120],[132,-250],[16,-44],[96,-166],[10,-45],[95,-160],[30,-62],[-9,-12],[-189,-64],[-157,-63],[-38,-175],[87,-6],[76,18],[124,-16],[106,2],[49,-31],[-90,-162],[-24,-37],[0,-53],[-49,-92],[-38,-111],[-16,-95],[-18,-47],[175,-5],[225,0],[276,13],[81,-9],[-2,-8],[-132,-229],[-68,-102],[-122,-214],[-54,-78],[-76,-77],[140,-15],[16,5],[132,4],[76,-5],[4,-14],[-28,-129],[-49,-183],[-68,-217],[-23,-86],[-28,-77],[-17,-16],[1,-51],[17,-29],[54,-62],[93,-61],[64,-3],[109,40],[111,35],[64,5],[39,-14],[13,-17],[1,-171],[-25,-205],[-8,-138],[5,-131],[38,-15],[178,-97],[141,-54],[98,-50],[156,-69],[72,-42],[70,-82],[52,-33],[49,18],[68,50],[112,95],[71,51],[85,73],[103,97],[35,14],[38,-17],[18,-32],[18,-73],[18,-34],[49,14],[85,62],[69,37],[44,-12],[25,-23],[29,-72],[41,-48],[129,6],[33,-7],[7,-26],[-3,-77],[-23,-77],[4,-43],[46,-37],[104,-28],[45,-25],[33,-34],[76,-115],[6,-26],[-8,-38],[-30,-17],[-74,13],[-58,48],[-33,37],[-59,50],[-46,3],[-34,-16],[-51,-45],[-77,-92],[-34,-65],[9,-56],[30,-6],[42,18],[66,53],[34,18],[92,30],[61,-13],[15,-29],[0,-35],[-13,-27],[-65,-68],[-6,-54],[30,-7],[101,36],[40,25],[52,12],[53,-17],[45,-40],[14,-25],[2,-60],[-34,-27],[-100,-2],[8,-27],[56,-43],[54,-71],[43,-32],[116,-58],[57,-21],[38,4],[27,16],[35,39],[12,27],[-6,42],[-46,106],[-7,71],[37,75],[66,82],[13,40],[-4,52],[-49,115],[-12,50],[12,26],[44,31],[36,-5],[102,-52],[39,-14],[73,-12],[53,9],[82,47],[46,49],[30,102],[21,38],[49,63],[34,55],[27,162],[26,39],[97,40],[50,31],[10,27],[-2,112],[-10,88],[6,34],[54,35],[26,2],[61,-30],[48,-45],[22,-35],[8,-35],[19,-133],[10,-43],[21,-37],[31,19],[4,37],[33,26],[90,22],[33,19],[-8,44],[41,29],[76,2],[29,-9],[45,-36],[42,9],[71,-10],[43,20],[28,-2],[115,-59],[37,-12],[61,1],[91,20],[32,23],[-1,39],[-22,56],[1,25],[42,41],[30,11],[56,-30],[17,-43],[-15,-93],[22,-11],[25,12],[25,-12],[11,-27],[-7,-49],[17,-17],[14,13],[51,83],[48,11],[53,-28],[32,1],[16,23],[29,74],[20,28],[80,41],[65,45],[40,43],[56,82],[51,18],[88,-1],[39,34],[24,4],[84,-42],[83,-1],[43,-18],[63,-71],[9,-34],[37,-50],[58,-6],[45,17],[67,9],[70,-4],[14,26],[-68,49],[3,32],[36,45],[74,72],[32,8],[37,-22],[1,-85],[39,-14],[20,13],[52,64],[67,35],[-1,63],[8,20],[51,53],[28,87],[37,58],[76,60],[50,20],[108,26],[79,43],[80,50],[130,67],[74,23],[86,38],[47,64],[17,123],[35,50],[96,63],[103,104],[29,21],[41,47],[34,86],[23,34],[70,71],[26,16],[103,32],[66,9],[29,32],[12,29],[-5,64],[17,57],[40,30],[82,27],[75,48],[46,43],[27,-3],[70,-32],[30,10],[4,27],[-111,123],[-23,36],[-3,72],[41,29],[37,14],[77,-2],[62,-33],[47,-51],[20,-47],[1,-28],[-54,-118],[-12,-35],[-1,-50],[16,-83],[26,-67],[32,-9],[45,23],[90,25],[45,39],[-6,66],[-35,96],[-10,50],[9,44],[38,7],[32,-28],[39,-49],[18,4],[15,61],[43,43],[8,21],[-35,91],[-8,54],[-24,51],[-9,56],[12,57],[-12,49],[-44,77],[-42,94],[-35,34],[-49,70],[0,41],[24,19],[57,22],[-5,35],[-50,70],[-42,71],[-75,55],[-46,43],[-29,38],[3,47],[46,52],[66,61],[55,34],[76,18],[134,9],[56,-8],[50,-20],[26,-24],[12,-67],[28,-23],[54,-6],[-22,64],[22,42],[30,22],[25,3],[15,-71],[36,-15],[69,14],[59,-10],[32,-23],[16,-41],[1,-51],[-51,-29],[-19,-41],[10,-43],[29,-9],[51,24],[42,54],[24,15],[43,4],[154,-35],[73,-29],[37,13],[-4,27],[-24,52],[17,40],[87,-12],[130,-3],[9,22],[-18,57],[17,47],[27,27],[5,22],[-10,51],[14,22],[49,14],[48,-14],[26,-17],[34,3],[17,30],[-39,48],[1,20],[47,31],[-11,64],[-23,31],[-58,18],[-16,23],[9,20],[81,52],[43,57],[28,0],[27,-44],[3,-47],[12,-21],[50,52],[96,65],[-5,21],[-55,55],[13,32],[50,38],[88,38],[51,31],[69,74],[50,30],[31,-10],[12,-23],[29,12],[18,34],[47,45],[2,25],[-104,43],[-76,66],[-31,12],[-155,40],[-70,4],[-47,-4],[-41,-48],[-63,17],[-80,11],[-39,18],[-37,-43],[-39,-15],[-31,2],[-24,18],[2,18],[56,32],[-5,35],[52,55],[58,33],[20,38],[-7,44],[11,60],[-17,82],[-29,58],[-1,30],[27,42],[-23,61],[3,71],[-41,102],[-30,20],[-67,3],[-40,32],[-44,59],[-7,29],[19,39],[-5,83],[42,66],[-7,62],[18,48],[-10,31],[8,26],[58,39],[1,37],[-18,23],[-58,1],[-34,24],[-26,-2],[-14,-33],[-27,-8],[-38,14],[-22,20],[-3,48],[19,33],[-5,71],[21,75],[56,86],[34,77],[41,8],[39,-5],[16,18],[-6,26],[-34,66],[-44,46],[-30,54],[1,44],[-20,66],[-129,126],[-20,34],[3,53],[35,62],[26,83],[55,38],[11,28],[-20,25],[-96,52],[-44,32],[-13,63],[26,59],[0,65],[15,33],[-25,36],[-39,1],[-22,21],[-25,80],[50,41],[40,46],[-7,18],[-116,76],[-42,22],[-38,40],[-74,34],[-59,5],[-48,60],[-36,18],[-9,19],[12,33],[86,55],[25,45],[16,68],[3,64],[-39,60],[-21,14],[-57,10],[-19,30],[18,21],[-9,20],[-82,24],[-30,40],[-44,25],[-69,101],[-35,63],[-18,99],[35,28],[81,7],[17,15],[-14,41],[-14,94],[-35,50],[-86,56],[-4,45],[26,28],[61,36],[42,16],[9,24],[-13,29],[-49,56],[10,99],[12,24],[-23,60],[-72,57],[-37,72],[-59,33],[-47,77],[-10,78],[5,26],[-12,76],[21,85],[-26,56],[-37,51],[-47,4],[-9,-17],[29,-41],[-60,-51],[-27,-9],[-59,64],[-60,38],[-10,14],[-2,58],[9,18],[50,41],[13,41],[43,71],[7,70],[15,28],[2,43],[-29,94],[-21,-6],[-24,-40],[-29,0],[-42,19],[-31,35],[5,40],[38,65],[7,31],[34,35],[-5,25],[-36,29],[-7,69],[23,109],[6,62],[-31,26],[-56,16],[-48,1],[-19,-10],[-54,13],[-36,53],[-32,30],[-43,19],[-46,10],[-45,22],[-42,33],[-15,28],[-26,111],[-59,93],[-50,62],[-16,41],[-22,91],[1,97],[6,27],[74,86],[89,78],[46,47],[37,85],[1,88],[-7,41],[-31,63],[-45,42],[-35,19],[-49,13],[-87,10],[-84,-1],[-79,-10],[-120,-8],[-167,9],[-103,32],[-50,45],[-16,63],[2,30],[26,46],[63,71],[55,49],[161,103],[71,56],[91,59],[166,82],[106,72],[65,40],[77,55],[79,63],[105,73],[57,34],[116,80],[71,44],[192,141],[185,90],[31,32],[6,22],[-14,66],[-69,201],[-25,54],[-23,85],[6,65],[39,39],[139,73],[126,79],[168,162],[28,42],[6,31],[-10,115],[-12,35],[-52,188],[-19,109],[-9,80],[-28,58],[-54,142],[-26,89],[-21,150],[-41,85],[-18,72],[8,48],[-31,82],[2,22],[24,12],[110,5],[99,-11],[64,-12],[84,-29],[57,-38],[61,-60],[68,-92],[83,-83],[115,-92],[60,-37],[62,-22],[28,7],[31,33],[14,34],[12,82],[6,242],[15,53],[33,49],[46,44],[78,43],[85,26],[70,5],[47,-12],[41,-24],[41,-69],[13,-73],[3,-96],[-10,-147],[3,-82],[39,-205],[16,-164],[11,-64],[-6,-69],[-21,-69],[-15,-113],[-33,-134],[-43,-69],[-33,-35],[-84,-77],[-59,-80],[2,-20],[23,-17],[57,5],[78,16],[85,6],[98,-5],[107,3],[94,12],[89,28],[43,39],[41,76],[31,100],[54,257],[10,83],[-10,101],[0,258],[9,131],[19,88],[42,88],[61,84],[35,72],[106,107],[94,75],[48,30],[75,33],[90,29],[161,64],[38,19],[75,52],[169,155],[132,66],[91,56],[126,87],[78,58],[146,114],[74,69],[82,85],[83,96],[75,71],[79,56],[106,58],[104,69],[53,29],[142,69],[153,86],[138,92],[101,94],[62,50],[34,36],[45,68],[46,58],[49,38],[67,35],[41,11],[224,3],[94,-25],[120,-58],[123,-44],[112,-5],[68,54],[41,54],[73,77],[89,119],[51,77],[34,79],[52,100],[33,29],[74,-7],[64,-23],[69,-33],[76,-30],[99,-9],[63,11],[45,25],[53,52],[48,94],[5,39],[-4,123],[0,136],[-5,68],[-15,97],[-10,209],[-25,243],[-17,82],[-35,121],[253,129],[14,30],[4,50],[-45,129],[-52,124],[-27,39],[-91,34],[-31,31],[6,54],[-7,50],[-57,9],[-27,37],[14,52],[-7,24],[-103,-5],[-72,59],[-48,70],[-16,87],[-9,98],[20,91],[38,37],[48,15],[28,22],[29,44],[116,14],[45,23],[14,26],[-1,33],[-28,78],[-19,33],[-76,107],[-55,114],[-4,19],[7,102],[-23,44],[-65,82],[-21,35],[9,50],[29,52],[-55,191],[15,44],[51,42],[35,56],[-14,39],[-81,92],[-10,34],[6,29],[38,90],[0,59],[-51,62],[-44,84],[16,72],[-2,123],[-4,32],[-30,95],[-31,71],[-19,62],[-9,75],[6,76],[-7,50],[-35,82],[-11,54],[-16,130],[9,66],[34,102],[-10,52],[14,81],[-16,36],[-40,60],[4,66],[-23,77],[1,48],[-28,39],[-32,2],[-22,43],[8,48],[-41,23],[-28,66],[-15,12],[-58,19],[-2,20],[16,76],[-24,95],[-26,41],[-49,34],[-22,41],[-6,38],[-58,99],[30,31],[31,49],[61,42],[73,5],[14,16],[-31,80],[3,60],[-13,69],[35,68],[-15,40],[-33,44],[-31,118],[-18,50],[-17,18],[-41,8],[-31,29],[-21,44],[-3,51],[-19,51],[-30,42],[8,28],[23,18],[21,64],[21,171],[-4,108],[-11,30],[-61,95],[-13,36],[5,56],[-16,83],[-47,89],[-66,103],[-65,87],[-5,38],[14,17],[46,18],[36,35],[85,46],[84,-1],[3,33],[-17,22],[3,36],[43,22],[11,73],[25,13],[89,2],[38,-20],[57,10],[68,51],[60,-7],[72,-42],[25,-8],[99,26],[42,-10],[24,27],[-11,35],[-44,95],[-41,1],[-49,-12],[-66,9],[-30,17],[-17,32],[-4,76],[21,53],[4,37],[-8,34],[-43,53],[-17,32],[8,97],[-45,134],[-14,23],[18,32],[84,69],[60,62],[53,28],[11,29],[-7,23],[-22,14],[-83,12],[-13,19],[-7,153],[34,23],[76,-16],[21,15],[23,64],[-16,75],[8,19],[45,29],[13,23],[19,77],[38,27],[66,6],[47,-12],[101,-15],[123,1],[22,-13],[-14,-82],[14,-68],[28,-3],[38,11],[89,42],[107,33],[77,48],[43,17],[64,2],[4,-73],[34,-115],[33,-80],[2,-60],[23,-39],[89,-9],[32,-32],[12,-75],[-5,-71],[-13,-52],[9,-71],[42,-88],[31,-43],[53,-55],[9,-73],[40,-89],[25,-122],[1,-57],[14,-34],[94,-125],[31,-52],[27,-72],[15,-56],[25,-35],[-1,-39],[-20,-28],[7,-44],[33,-36],[15,-83],[19,-45],[23,-25],[20,-53],[-1,-104],[63,-102],[51,-125],[26,-90],[56,-28],[102,26],[63,-41],[7,-73],[22,-59],[48,-89],[58,-27],[54,3],[83,-7],[25,-42],[33,-101],[30,-3],[22,35],[47,53],[65,48],[28,3],[23,-48],[36,29],[37,11],[44,-3],[49,-14],[2,-30],[-92,-89],[7,-47],[43,-19],[59,8],[74,29],[24,-11],[75,12],[36,-34],[15,-47],[51,-39],[23,-45],[47,-24],[64,-18],[28,-34],[98,-13],[26,-76],[36,-50],[42,-14],[79,10],[47,0],[67,-38],[67,2],[95,43],[79,16],[114,-8],[104,-30],[81,-42],[63,-48],[61,-6],[81,15],[90,54],[55,1],[80,-42],[65,13],[67,33],[76,22],[59,-5],[39,25],[-34,70],[-16,62],[-2,93],[55,104],[24,77],[4,72],[-11,52],[-24,55],[-31,42],[-52,55],[-17,28],[13,49],[51,59],[71,71],[49,86],[2,110],[18,40],[6,42],[29,31],[69,-12],[68,10],[84,-62],[54,-52],[30,-19],[75,26],[73,-28],[56,-9],[81,-25],[22,11],[20,37],[51,23],[78,63],[22,33],[-10,32],[6,38],[35,52],[-8,25],[-28,33],[45,69],[101,88],[63,24],[124,6],[52,98],[3,50],[40,20],[35,-16],[24,-88],[30,-8],[63,15],[98,60],[11,62],[11,15],[60,18],[-28,47],[25,45],[-24,56],[3,25],[42,24],[11,38],[-2,48],[11,55],[21,42],[27,32],[52,32],[77,31],[43,29],[41,54],[23,50],[51,76],[52,56],[71,100],[55,56],[83,73],[36,42],[55,102],[61,64],[7,22],[14,139],[35,65],[44,29],[86,31],[100,42],[19,-8],[24,-34],[49,-21],[101,24],[36,22],[57,64],[59,47],[47,17],[80,15],[53,-28],[83,10],[101,-5],[69,-17],[45,-22],[28,-46],[-3,-101],[-24,-42],[-36,-42],[2,-57],[26,-78],[12,-60],[-10,-39],[-49,-43],[-26,-37],[1,-20],[65,-61],[36,-60],[10,-52],[50,-15],[67,4],[33,-20],[27,-39],[3,-55],[-21,-43],[-11,-76],[7,-74],[-8,-28],[10,-32],[103,-12],[57,-25],[36,3],[41,22],[93,75],[37,20],[41,-8],[67,-33],[70,-66],[84,-30],[43,-5],[52,5],[90,26],[59,-1],[80,-33],[80,-100],[14,-62],[21,-13],[65,-19],[69,-113],[45,-113],[72,-70],[27,-48],[-21,-109],[19,-42],[49,-42],[35,-50],[11,-47],[-5,-20],[-139,-191],[-26,-41],[-30,-19],[-42,1],[-30,-26],[-34,-96],[-1,-56],[15,-68],[41,-135],[-20,-74],[1,-101],[27,-38],[33,-23],[50,-20],[50,-38],[15,-23],[0,-71],[9,-126],[34,-35],[51,-3],[55,19],[25,-1],[51,-22],[71,-8],[86,10],[50,15],[25,18],[17,31],[69,21],[25,39],[18,71],[24,57],[43,56],[39,98],[45,89],[14,16],[61,28],[8,17],[-11,91],[-28,84],[-33,85],[-2,60],[13,41],[57,90],[47,56],[8,30],[-22,26],[-41,21],[-10,41],[23,56],[42,45],[44,28],[28,77],[48,78],[123,42],[74,51],[33,66],[4,41],[-14,90],[-47,52],[-15,119],[-66,192],[-73,76],[-19,43],[17,57],[53,68],[13,30],[31,104],[30,31],[87,44],[89,30],[67,29],[3,10],[102,46],[119,37],[139,13],[247,-30],[125,21],[21,-92],[26,-25],[69,1],[145,-34],[42,-16],[42,-27],[59,-59],[29,-49],[19,-109],[45,-153],[24,-39],[28,-13],[92,13],[69,0],[36,-36],[22,-74],[8,-63],[28,-49],[20,-19],[49,-11],[32,-50],[3,-112],[21,-65],[40,-162],[-1,-44],[-18,-92],[27,-93],[-5,-104],[-7,-44],[-37,-36],[-11,-28],[2,-103],[-30,-130],[-50,-101],[-75,-137],[-73,-118],[-32,-34],[-80,-60],[-22,-27],[-10,-45],[-74,-143],[-53,-93],[-45,-45],[-19,-34],[-43,-172],[-17,-109],[14,-37],[30,-3],[44,10],[38,-1],[42,-48],[26,-17],[57,-20],[49,-45],[3,-45],[-40,-18],[-39,4],[-16,-22],[15,-26],[-20,-51],[-44,-50],[-21,-48],[5,-55],[31,-68],[14,-122],[23,-28],[54,-7],[21,24],[-2,46],[-33,173],[49,6],[27,-32],[65,10],[71,-39],[127,-23],[63,-21],[76,-49],[128,-109],[38,-44],[0,-39],[-45,-22],[-72,-6],[-42,-15],[-49,8],[-56,-3],[-34,-22],[-29,-35],[-36,-79],[7,-98],[-26,-123],[0,-62],[22,-60],[5,-40],[-27,-115],[-15,-107],[3,-113],[-22,-83],[5,-27],[20,-13],[31,24],[30,73],[32,5],[52,-79],[25,-27],[74,-24],[15,-69],[16,-36],[19,-89],[14,-37],[29,-31],[23,-9],[33,20],[13,28],[14,109],[20,45],[42,33],[28,3],[37,-14],[22,-25],[8,-32],[4,-102],[98,-195],[68,-73],[17,-30],[12,-75],[30,-56],[-11,-36],[-37,-36],[-19,-31],[-7,-54],[7,-49],[39,-80],[25,-20],[16,19],[-8,37],[16,15],[28,-8],[13,-65],[-17,-43],[-1,-85],[-64,6],[-15,-23],[2,-45],[14,-40],[63,-82],[131,-132],[22,-30],[16,-76],[0,-31],[-20,-14],[-56,23],[-19,-1],[-55,-132],[11,-33],[29,-32],[19,-39],[-10,-107],[5,-59],[-16,-36],[-69,-81],[-7,-43],[-34,-110],[13,-96],[58,-18],[46,17],[84,19],[31,-6],[18,-29],[17,-71],[33,-60],[29,-27],[48,-27],[18,-53],[-31,-77],[-94,-104],[-16,-49],[17,-67],[-26,-57],[8,-27],[112,56],[50,-10],[14,-28],[3,-39],[-30,-49],[-53,-33],[-3,-19],[22,-28],[75,-7],[19,-48],[9,-80],[-30,-59],[9,-85],[-18,-90],[53,-74],[-10,-34],[1,-65],[30,-73],[11,-41],[-8,-26],[-55,-28],[-29,-31],[14,-28],[36,-17],[95,-20],[35,-41],[-13,-26],[-95,-27],[-43,-25],[-33,-30],[-20,-44],[11,-21],[83,-42],[38,-27],[54,-51],[27,-41],[-38,-46],[146,-50],[27,-18],[12,-34],[-82,28],[-22,-1],[-13,-28],[27,-90],[-1,-66],[-36,-19],[-97,-3],[-22,-15],[-7,-55],[-44,-34],[-19,-35],[38,-34],[88,5],[49,-6],[115,-52],[105,-14],[23,-20],[7,-28],[3,-149],[-38,-44],[-127,-21],[-17,-23],[28,-62],[47,-36],[74,-75],[41,-13],[30,29],[31,11],[22,-36],[-8,-65],[-32,-34],[-104,-67],[-44,-40],[-7,-54],[28,-58],[61,-85],[11,-28],[21,-172],[20,-64],[5,-59],[-22,-112],[-10,-131],[14,-35],[54,-13],[20,12],[45,128],[27,6],[56,-12],[134,100],[52,12],[57,-27],[79,-15],[38,-55],[19,-126],[7,-206],[24,-121],[29,-254],[11,-25],[47,-37],[65,-2],[93,28],[74,-3],[24,-21],[31,-80],[5,-117],[-9,-37],[-33,-46],[-34,-28],[-21,20],[-37,63],[-39,-4],[-5,-15],[28,-109],[24,-68],[39,-162],[37,-221],[9,-27],[36,3],[37,52],[39,16],[15,-12],[11,-60],[-48,-58],[-2,-69],[-13,-34],[-91,-78],[-12,-20],[16,-55],[25,-20],[44,-5],[93,0],[146,28],[58,-5],[26,-24],[1,-31],[-14,-28],[-52,-44],[-102,-60],[-113,-27],[-25,-23],[0,-39],[41,-103],[23,-34],[55,-43],[39,-21],[96,-37],[46,6],[18,13],[59,65],[89,124],[20,10],[28,-7],[12,-43],[-1,-77],[-16,-49],[1,-36],[45,-27],[117,-22],[86,-25],[79,-36],[16,-16],[14,-44],[6,-66],[-4,-29],[-67,-78],[-29,-43],[17,-38],[17,-5],[62,17],[28,-12],[12,-49],[24,-55],[13,-67],[-19,-50],[-38,-32],[-48,-28],[-52,-64],[-21,-38],[-22,-68],[-18,-116],[1,-70],[11,-98],[-17,-60],[-55,-75],[-105,-115],[-43,-58],[-50,-49],[-123,-78],[-10,-47],[59,-114],[28,-36],[52,-22],[30,25],[-16,89],[-4,68],[41,2],[99,-150],[44,-15],[74,33],[55,17],[17,-12],[27,-57],[-4,-76],[-29,-64],[-2,-44],[37,-68],[101,-71],[93,-49],[97,-83],[33,-44],[1,-57],[-85,-67],[-19,-22],[-6,-38],[43,-79],[-55,-71],[1,-21],[40,-82],[-3,-26],[-65,-75],[1,-33],[-35,-147],[8,-40],[38,-29],[100,-46],[50,-34],[29,-31],[15,-36],[-1,-95],[11,-54],[61,-152],[22,-70],[75,-197],[-10,-33],[-22,-4],[-47,15],[-86,49],[-48,2],[-20,-43],[44,-169],[50,-57],[69,-38],[85,-39],[30,-52],[3,-21],[-23,-47],[-38,-58],[-26,-62],[10,-50],[33,-55],[62,-90],[6,-17],[38,-36],[55,-83],[44,-37],[87,-31],[-8,-111],[-19,-22],[-51,-7],[-218,-4],[-171,-8],[-159,-12],[-149,7],[-259,-5],[-121,1],[-144,-6],[-120,0],[-151,-6],[-70,-10],[-315,-1],[32,-64],[11,-41],[-6,-33],[-25,-32],[8,-31],[48,-43],[29,-46],[26,-88],[-6,-35],[50,-82],[4,-75],[-4,-59],[4,-67],[14,-53],[4,-87],[-17,-38],[3,-30],[-14,-42],[5,-101],[-47,-71],[23,-108],[-39,-59],[11,-106],[-2,-111],[-12,-153],[11,-150],[21,-104],[133,9],[45,-12],[61,-60],[18,-44],[-5,-38],[-71,-18],[-99,14],[-13,-40],[41,-34],[43,-80],[16,-51],[6,-68],[-9,-81],[11,-58],[26,-42],[28,-27],[35,-199],[32,-54],[56,-111],[49,-72],[-11,-12],[-60,-12],[-33,-105],[-40,-18],[-5,-22],[14,-30],[-44,-53],[18,-30],[34,-19],[-61,-25],[-11,-39],[82,-69],[-54,-54],[5,-65],[-48,-36],[-24,-34],[2,-49],[-36,-109],[-2,-36],[111,-82],[39,-41],[48,-25],[84,-92],[95,-31],[27,-18],[-20,-64],[-28,-53],[-6,-46],[-36,-36],[-44,-24],[-16,-68],[-25,-24],[-31,-78],[-55,-102],[-1,-49],[-79,-138],[-24,-48],[12,-30],[57,-27],[-29,-37],[58,-40],[49,-103],[11,-50],[38,-44],[149,-49],[56,20],[24,-3],[8,-63],[-3,-30],[67,-114],[17,-99],[46,-26],[4,-47],[28,-2],[34,-26],[71,10],[49,34],[77,-36],[93,-172],[-4,-59],[27,-55],[56,-41],[27,-34],[22,-59],[-3,-76],[-30,-23],[-9,-56],[88,-109],[46,-36],[42,-132],[-19,-49],[50,-79],[38,-23],[29,-47],[0,-70],[-8,-30],[3,-73],[60,-33],[13,-32],[-34,-34],[-27,-9],[19,-49],[-55,-13],[-42,-17],[4,-61],[-38,-77],[-12,-69],[-8,-101],[-53,-53],[-56,-12],[-70,-32],[-10,-49],[5,-57],[-10,-87],[17,-34],[24,-93],[30,-35],[-15,-78],[-23,-26],[-15,-51],[20,-77],[-13,-52],[-68,-108],[-52,-163],[-18,-81],[118,-62],[47,-6],[-22,-55],[19,-96],[-12,-58],[-55,-141],[19,-12],[3,-92],[20,-69],[25,-41],[59,-54],[5,-25],[-63,-89],[-52,-36],[-11,-44],[14,-69],[70,-54],[8,-77],[-11,-53],[-27,-24],[-128,-22],[-26,-16],[-9,-38],[85,-82],[-19,-54],[-32,-31],[-81,34],[-30,-17],[-55,-76],[-60,-55],[-10,-40],[-2,-117],[11,-91],[15,-44],[3,-165],[5,-51],[42,-79],[14,-64],[4,-71],[-7,-124],[45,-59],[-14,-16],[-78,-6],[-29,-34],[-54,-112],[1,-55],[35,-92],[59,-58],[-13,-31],[-120,-18],[1,-43],[63,-52],[39,-15],[32,-33],[0,-67],[28,-50],[49,3],[269,-10],[235,40],[198,28],[62,-19],[27,-33],[98,-85],[16,-42],[-38,-116],[-39,-94],[-45,-90],[-19,-56],[-5,-41],[46,-58],[74,-50],[63,-20],[42,0],[14,76],[2,89],[22,28],[85,25],[43,-3],[49,-23],[63,-41],[90,-50],[68,2],[80,54],[54,61],[62,49],[39,12],[30,-14],[1,-47],[-24,-137],[-1,-62],[11,-114],[18,-58],[6,-51],[23,-64],[37,-60],[63,-75],[63,-99],[27,-57],[33,-43],[83,-66],[112,-112],[13,-43],[-6,-123],[15,-32],[33,-18],[56,30],[35,31],[193,222],[42,39],[55,86],[31,35],[22,8],[35,-19],[29,-34],[39,-89],[24,-89],[14,-118],[-4,-164],[-11,-75],[-24,-120],[4,-33],[70,-85],[156,-70],[102,-30],[99,-44],[23,-24],[-56,-39],[-67,-29],[-67,-121],[83,-218],[37,3],[128,25],[29,-10],[-26,-36],[-1,-55],[127,-72],[6,-53],[-18,-26],[-91,-27],[-111,-20],[-26,-48],[22,-32],[91,-2],[-16,-76],[27,-62],[-34,-72],[76,-52],[54,-19],[29,-33],[-5,-19],[-69,-17],[-54,-6],[-76,6],[-169,80],[-48,-22],[34,-41],[81,-57],[56,-110],[54,-80],[105,-135],[-97,-114],[-103,-46],[-57,-35],[-5,-29],[97,-51],[28,-65],[-114,-105],[104,-36],[38,-19],[-11,-102],[43,-113],[22,-72],[35,-139],[36,-8],[17,25],[-7,89],[71,10],[22,-49],[37,-54],[-43,-91],[-19,-93],[36,-54],[171,-102],[16,-133],[-5,-74],[-13,-83],[-31,-132],[4,-120],[34,-67],[64,11],[35,-19],[9,-39],[-18,-98],[32,-94],[29,-43],[40,-122],[-65,-105],[23,-120],[22,-82],[-12,-95],[56,-14],[28,-53],[-8,-87],[26,-73],[63,-42],[-3,-46],[-32,-61],[3,-51],[52,-84],[61,-49],[76,-52],[77,-39],[112,-37],[185,-73],[142,-29],[43,-14],[66,-52],[60,-26],[60,1],[112,66],[41,0],[39,-46],[27,-84],[5,-83],[38,-51],[34,9],[67,33],[26,-2],[19,-20],[-9,-25],[-89,-66],[-23,-41],[21,-27],[56,-24],[63,-64],[37,-85],[47,-21],[46,-45],[33,-167],[2,-57],[-15,-47],[-75,-114],[-48,-63],[-11,-37],[9,-43],[38,-22],[26,-28],[43,-118],[-4,-73],[30,-130],[50,-147],[10,-43],[-6,-81],[4,-79],[17,-47],[36,-56],[45,-85],[2,-74],[11,-31],[38,-63],[9,-29],[1,-56],[-12,-89],[16,-34],[32,-17],[68,-8],[20,-24],[-17,-43],[15,-203],[20,-43],[71,21],[20,-16],[-25,-59],[-56,-97],[1,-27],[48,-16],[23,-18],[-4,-21],[-30,-7],[-98,25],[-27,-3],[-22,-22],[-16,-90],[12,-60],[20,-24],[26,-6],[50,7],[32,-95],[-15,-36],[-83,16],[-15,-22],[3,-105],[21,-84],[3,-169],[4,-31],[69,-41],[-5,-54],[42,-49],[5,-22],[-67,-45],[1,-21],[34,-18],[78,1],[82,8],[46,-9],[-1,-177],[-15,-31],[-62,-54],[-45,-66],[-58,-126],[8,-10],[59,-3],[22,-10],[-2,-28],[-25,-40],[-20,-88],[8,-38],[128,-123],[40,-8],[55,3],[24,-7],[6,-21],[-28,-51],[6,-49],[-43,-5],[-90,40],[-44,5],[-14,-30],[24,-57],[-12,-101],[10,-23],[42,-48],[119,-97],[31,-53],[26,-79],[37,-71],[8,-36],[-25,-47],[-67,-34],[-1,-31],[33,-46],[58,-10],[50,13],[23,-18],[-22,-33],[-70,-25],[-34,0],[-72,31],[-27,4],[-25,-40],[-4,-31],[11,-28],[54,-29],[30,0],[53,17],[36,-5],[-4,-53],[16,-58],[-6,-75],[-38,-58],[1,-13],[57,-70],[5,-40],[-26,-43],[-58,-41],[-85,-45],[-30,-10],[-33,8],[-57,27],[-81,16],[-41,1],[-11,-28],[22,-77],[20,-101],[-4,-68],[-39,-47],[-73,-60],[-21,-48],[-39,-31],[-65,-22],[1,-44],[36,-31],[44,-11],[132,-51],[38,-31],[71,-80],[45,-58],[30,-48],[10,-46],[-38,-108],[-2,-64],[19,-30],[72,-34],[46,17],[43,25],[48,3],[17,-25],[3,-37],[-13,-62],[50,-20],[30,-21],[7,-24],[-17,-43],[6,-78],[-25,-37],[-12,-40],[15,-15],[55,13],[27,-6],[8,-19],[-22,-67],[21,-100],[-7,-8],[-66,-7],[13,-28],[37,-28],[11,-31],[-23,-31],[10,-32],[65,6],[33,-5],[11,-38],[-59,-1],[-15,-84],[19,-20],[47,6],[21,-11],[44,-75],[28,-68],[-9,-22],[-53,-35],[-17,-25],[-8,-41],[21,-47],[31,4],[39,43],[47,33],[34,1],[69,-17],[35,-23],[20,-44],[-19,-33],[-153,-77],[12,-15],[40,-5],[62,28],[33,6],[35,-35],[-17,-82],[-37,-12],[-59,24],[-9,-10],[6,-56],[-33,-56],[-8,-27],[15,-21],[62,-1],[17,-35],[-49,-29],[-60,4],[-22,-24],[-48,-26],[-50,-38],[-39,-52],[9,-17],[38,-18],[64,-15],[22,-18],[-6,-24],[-72,-34],[-24,-23],[18,-123],[39,-104],[13,-54],[-7,-76],[7,-43],[-38,-165],[-5,-62],[65,-26],[24,-31],[-6,-28],[-49,-127],[1,-91],[29,-87],[8,-99],[43,-74],[96,-105],[26,-50],[-14,-23],[-45,-29],[-9,-39],[74,-89],[13,-26],[26,-83],[3,-54],[-24,-101],[-23,-59],[0,-46],[19,-97],[4,-58],[-27,-77],[16,-21],[29,-9],[27,-24],[48,-100],[42,-77],[7,-126],[-26,-27],[-123,12],[-17,-8],[30,-35],[103,-27],[36,-29],[-10,-28],[-132,-140],[-6,-19],[27,-22],[82,-11],[32,-27],[-3,-48],[-52,-61],[-12,-40],[18,-94],[-19,-120],[10,-13],[34,11],[63,49],[35,5],[49,-51],[17,-58],[-19,-24],[-90,-28],[3,-26],[72,-64],[18,-8],[77,16],[21,-25],[-13,-64],[-39,-32],[-59,-17],[-27,-15],[27,-32],[67,-40],[34,-48],[-1,-67],[17,-79],[-35,-49],[2,-36],[66,-1],[17,-8],[-1,-36],[-19,-25],[-11,-42],[24,-67],[-11,-41],[-69,-42],[-19,-31],[21,-39],[57,-1],[36,-13],[18,-24],[-73,-33],[17,-53],[1,-34],[57,-16],[4,-20],[-28,-54],[-4,-61],[11,-35],[28,-46],[26,-12],[86,-4],[38,-87],[4,-31],[-19,-45],[-2,-69],[21,-49],[24,-91],[63,-11],[43,-15],[15,-16],[14,-48],[10,-93],[24,-81],[75,-194],[-31,-60],[-4,-31],[17,-46],[1,-62],[17,-34],[45,-38],[16,-28],[7,-53],[-3,-51],[-33,-92],[-23,-34],[-3,-57],[24,-96],[14,-103],[26,-30],[55,-36],[48,-15],[23,-17],[-22,-73],[-5,-46],[35,-32],[15,-43],[39,-56],[-33,-94],[51,-41],[-2,-24],[-24,-25],[-6,-26],[7,-49],[-15,-15],[-60,8],[-31,-7],[16,-21],[109,-76],[22,-33],[-69,-54],[7,-27],[58,-21],[35,-51],[-50,-7],[32,-39],[-30,-16],[33,-51],[25,-66],[-29,-45],[5,-80],[-36,-31],[-4,-36],[-21,-12],[-43,2],[1,-18],[34,-11],[0,-16],[-30,-24],[-28,-7],[10,-50],[-6,-26],[-24,-18],[-3,-28],[39,-16],[76,-46],[-8,-16],[-97,-20],[-47,-36],[10,-25],[153,-114],[-5,-10],[-63,-20],[-2,-31],[65,-111],[6,-24],[-50,-8],[-34,34],[-30,3],[16,-41],[-15,-11],[-58,-15],[-20,-26],[7,-67],[31,-10],[60,15],[18,-56],[-26,-9],[7,-44],[-37,-18],[-7,-16],[41,-14],[49,-44],[38,-2],[54,15],[24,-24],[15,-65],[73,-35],[39,-4],[3,-29],[-19,-26],[-30,-18],[-47,-53],[14,-37],[79,5],[46,-21],[73,-99],[31,-64],[29,-141],[-5,-30],[-36,-66],[11,-34],[27,-31],[0,-82],[23,-65],[8,-88],[-42,-73],[-29,-78],[30,-48],[1,-19],[-23,-33],[-29,-10],[4,-49],[-52,-94],[0,-61],[-8,-57],[14,-59],[28,-32],[14,-60],[-50,-87],[-3,-52],[8,-73],[51,-66],[10,-45],[19,-40],[44,-29],[13,-23],[25,-78],[29,-35],[23,-58],[-8,-79],[31,-74],[12,-113],[1,-84],[-10,-54],[8,-19],[35,-12],[8,-96],[19,-52],[4,-46],[-25,-85],[2,-68],[-26,-59],[4,-21],[28,-14],[8,-31],[-38,-23],[1,-21],[25,-65],[37,-79],[-7,-23],[-58,-39],[-3,-30],[37,-37],[51,-13],[137,-15],[237,-44],[30,-16],[21,-100],[-1,-163],[-11,-104],[-15,-87],[-6,-93],[6,-84],[20,-108],[10,-88],[27,-175],[50,-283],[4,-49],[-105,-12],[-31,-19],[20,-122],[-6,-119],[-13,-59],[-15,-36],[-26,-27],[-51,-23],[-95,-29],[-83,-5],[-106,25],[-74,29],[-88,56],[-43,39],[-26,34],[-18,43],[2,132],[46,184],[1,31],[-32,43],[-221,54],[-70,11],[-121,35],[-54,11],[-61,-51],[-87,-109],[-50,-46],[-54,-27],[-177,-55],[-79,-15],[-36,-15],[-58,-48],[-19,-30],[-32,-71],[-20,-96],[10,-34],[36,-56],[57,-55],[84,-51],[72,-53],[65,-62],[85,-59],[31,-33],[39,-75],[18,-61],[7,-98],[30,-121],[26,-70],[25,-45],[109,-152],[49,-97],[26,-63],[10,-76],[-16,-73],[-1,-79],[44,-72],[83,-99],[47,-72],[30,-30],[84,-45],[16,-20],[6,-58],[-20,-100],[0,-43],[32,-194],[20,-70],[31,-91],[44,-77],[33,-34],[40,-26],[134,-66],[67,-28],[10,-15],[-7,-127],[-17,-90],[-34,-119],[-69,-136],[-102,-129],[-42,-62],[-18,-66],[1,-36],[17,-98],[22,-96],[29,-57],[24,-26],[125,-98],[36,-22],[26,-38],[12,-49],[0,-53],[24,-123],[-2,-84],[-31,-70],[-36,-108],[-31,-138],[-7,-60],[5,-66],[41,-103],[65,-70],[95,-65],[54,-59],[65,-14],[30,-18],[63,-72],[30,-47],[66,-146],[10,-66],[3,-115],[-4,-65],[-18,-36],[-22,-15],[-171,-76],[-37,-32],[-4,-57],[7,-48],[22,-65],[29,-59],[33,-46],[9,-44],[-12,-70],[5,-43],[42,-73],[37,-49],[44,-71],[15,-61],[-6,-143],[1,-52],[13,-38],[35,-41],[29,-49],[7,-45],[-11,-63],[-19,-56],[-26,-132],[-1,-30],[30,-46],[38,-46],[31,-53],[18,-69],[33,-54],[46,-62],[15,-38],[-13,-88],[-44,-99],[1,-41],[43,-88],[38,-66],[50,-73],[106,-228],[31,-78],[36,-68],[26,-64],[33,-119],[24,-106],[39,-133],[71,-219],[12,-89],[39,-181],[16,-132],[51,-279],[24,-58],[32,-47],[13,-48],[-8,-66],[-39,-89],[-22,-101],[2,-71],[28,-80],[8,-52],[-12,-27],[-36,-30],[-56,-20],[-64,-10],[-84,-6],[-45,6],[-60,19],[-49,3],[-19,-15],[-58,-140],[-76,-128],[-74,-60],[-65,-46],[-26,-85],[-2,-77],[-15,-73],[34,-139],[47,-102],[34,-95],[-2,-45],[-28,-102],[-1,-24],[42,-41],[135,-43],[49,-33],[25,-63],[2,-61],[-12,-56],[-22,-34],[-58,-35],[-149,-56],[-64,-32],[-96,-55],[-58,-41],[-9,-22],[-11,-75],[5,-118],[-20,-81],[-27,-153],[-17,-54],[-3,-59],[27,-89],[24,-64],[-14,-41],[-20,-29],[-4,-29],[14,-30],[72,-95],[-7,-116],[6,-120],[5,-47],[41,-90],[-2,-107],[2,-111],[-18,-117],[-10,-87],[1,-59],[-16,-71],[-41,-69],[-29,-63],[-19,-99],[1,-65],[-19,-115],[-59,-23],[-22,-27],[-7,-75],[53,-82],[35,-15],[17,-74],[-6,-36],[-42,-86],[-63,-72],[37,-111],[10,-48],[2,-103],[21,-188],[8,-30],[-2,-52],[-28,-102],[-30,-75],[-52,-63],[-13,-50],[-30,-82],[-3,-79],[-43,-131],[-10,-67],[9,-98],[-10,-89],[-45,-159],[3,-29],[45,-109],[85,-149],[32,-49],[66,-122],[8,-58],[-3,-107],[-30,-147],[-31,-119],[-3,-128],[-17,-127],[-11,-213],[-5,-54],[-24,-107],[-42,-98],[-13,-47],[2,-54],[17,-98],[41,-101],[8,-63],[27,-86],[32,-124],[46,-142],[14,-147],[19,-78],[40,-189],[57,-207],[11,-94],[-38,-171],[1,-166],[-14,-76],[-8,-134],[-1,-102],[8,-174],[-2,-146],[8,-127],[-3,-179],[5,-129],[41,-128],[28,-100],[42,-85],[93,-171],[41,-89],[4,-101],[-3,-116],[2,-97],[28,-188],[3,-93],[11,-74],[33,-146],[29,-187],[29,-123],[26,-158],[14,-160],[2,-159],[-3,-77],[-19,-139],[-26,-157],[6,-41],[42,-61],[51,-65],[20,-42],[8,-57],[12,-165],[0,-58],[20,-59],[30,-118],[53,-116],[46,-138],[20,-115],[1,-45],[-24,-186],[0,-70],[-13,-126],[1,-36],[32,-219],[20,-203],[17,-93],[28,-88],[24,-49],[55,-95],[31,-63],[9,-63],[-4,-85],[24,-166],[39,-116],[33,-65],[37,-57],[94,-173],[51,-108],[41,-152],[-4,-102],[7,-154],[23,-114],[69,-249],[54,-172],[45,-185],[40,-137],[44,-100],[65,-71],[37,-52],[18,-42],[13,-119],[-14,-104],[-28,-86],[-10,-76],[7,-87],[17,-66],[17,-155],[23,-141],[3,-64],[14,-97],[17,-82],[32,-123],[11,-95],[15,-44],[87,-196],[90,-214],[58,-158],[36,-130],[30,-132],[35,-108],[104,-275],[32,-109],[25,-118],[13,-31],[88,-117],[99,-110],[54,-40],[43,-68],[55,-151],[35,-45],[63,-54],[53,-57],[18,-35],[26,-90],[7,-79],[19,-100],[6,-106],[-8,-51],[-27,-36],[-151,-81],[-110,-37],[-127,-29],[-125,-14],[-96,-35],[-86,-50],[-68,-31],[-129,-46],[-65,-12],[-51,22],[-72,98],[-40,17],[-53,-45],[-49,-67],[-70,-122],[-49,-60],[-43,-13],[-73,30],[-38,8],[-67,-8],[-85,-22],[-42,-21],[-195,-141],[-49,-58],[-57,-131],[-25,-38],[-57,-53],[-91,-52],[-43,-38],[-35,-59],[-31,-102],[5,-77],[29,-89],[-36,-28],[-68,-20],[-78,-29],[-199,-28],[-201,-8],[-76,1],[-60,-13],[-88,-43],[-36,-33],[-53,-28],[-102,9],[-18,22],[-14,43],[-24,116],[-13,42],[-40,166],[-43,217],[-11,79],[-20,178],[-13,196],[-8,49],[-20,182],[-17,57],[-137,223],[-35,111],[-11,130],[-7,34],[-66,198],[-111,298],[-86,307],[-57,147],[-37,108],[-54,203],[-34,162],[-10,61],[-37,132],[-87,176],[-10,112],[-35,98],[-51,81],[-31,67],[-6,196],[-11,46],[-43,80],[-70,95],[-24,46],[-12,90],[10,69],[30,102],[5,41],[-21,52],[-34,117],[-27,50],[-24,68],[-15,62],[-46,73],[-57,65],[-23,12],[-156,-60],[-55,-13],[-218,-36],[-103,-9],[-49,-9],[-147,-71],[-97,-35],[-103,-83],[-101,-87],[-75,-44],[-89,-35],[-75,-1],[-49,29],[-75,77],[-107,53],[-66,10],[-76,3],[-28,8],[-134,74],[-29,4],[-48,-10],[-60,-32],[-6,-66],[8,-42],[29,-57],[27,-85],[5,-117],[-9,-100],[51,-81],[-4,-37],[-29,-44],[-32,-29],[-90,-61],[-72,-57],[-43,-41],[-155,-118],[-37,-36],[-34,44],[-68,66],[-67,8],[-248,93],[-68,18],[-45,-2],[-70,-20],[-82,-34],[-128,-66],[-42,-10],[-77,32],[-36,51],[-25,68],[-50,151],[-10,9],[-78,28],[-86,46],[-37,13],[-75,11],[-53,15],[-33,25],[-65,83],[-62,38],[-36,-1],[-86,-27],[-124,-33],[-34,-28],[-12,-55],[-20,-25],[-24,-3],[-59,43],[-64,38],[-91,-36],[-78,-20],[-77,4],[-26,15],[-20,31],[-21,66],[-17,120],[-22,45],[-62,10],[-130,-7],[-44,8],[-20,28],[-4,53],[7,86],[-22,24],[-41,17],[-25,51],[-2,56],[7,49],[-9,55],[-14,144],[-6,281],[5,36],[28,61],[41,62],[37,41],[29,62],[10,78],[22,39],[5,57],[-16,125],[-36,80],[-30,85],[-33,112],[-25,137],[-23,86],[-14,147],[-5,86],[-21,84],[-98,122],[-85,71],[-41,45],[-47,31],[-10,39],[-108,62],[-82,-31],[-91,29],[-130,181],[-52,81],[-42,53],[-86,75],[-17,42],[2,58],[13,53],[-5,28],[-90,79],[-106,42],[-59,49],[-54,69],[-83,149],[-66,88],[-58,56],[-114,74],[-49,55],[-34,51],[-80,80],[-83,50],[-57,59],[-40,-11],[-70,-52],[-115,-69],[-40,-1],[-76,26],[-49,26],[-78,27],[-31,-7],[-30,-29],[-68,-93],[-37,-69],[-164,-159],[-68,-78],[-56,-55],[-39,-25],[-68,-20],[-24,-114],[-43,-5],[-96,47],[-107,67],[-88,64],[-14,-2],[-43,-128],[-25,-64],[-28,-185],[-4,-201],[-69,-123],[-42,-27],[-64,-13],[34,-220],[4,-172],[-13,-38],[-72,-41],[-162,-55],[-122,-23],[-26,-15],[-13,-30],[-3,-49],[17,-96],[19,-34],[30,-9],[51,-2],[31,-27],[5,-117],[-21,-107],[-40,-23],[-45,12],[-34,-3],[-39,-25],[-44,-41],[-106,2],[-66,19],[-58,40],[-80,68],[-54,-3],[-34,-103],[-39,-32],[-109,-13],[-100,52],[-70,17],[-40,62],[-60,71],[-67,48],[-36,2],[-17,-18],[-33,-81],[-30,-47],[-38,-31],[-34,0],[-45,40],[-34,77],[-26,99],[-33,106],[-38,92],[-44,33],[-77,-14],[-83,-25],[-108,-25],[-100,7],[-49,-8],[-78,-43],[-50,-11],[-86,1],[-101,11],[-79,-4],[-56,-11],[-14,-20],[10,-71],[29,-84],[-26,-59],[-15,-155],[-4,-138],[-58,-44],[-38,-54],[-101,-77],[2,-45],[48,-105],[36,-37],[63,-45],[47,-42],[33,-47],[2,-16],[-51,-23],[-84,-7],[-41,-22],[-33,-40],[-43,-79],[-29,-23],[-92,-33],[-69,-44],[-79,-67],[-43,-62],[-28,-72],[-20,-76],[11,-62],[68,-48],[9,-34],[-23,-69],[52,-49],[9,-28],[-53,-37],[-11,-62],[-94,-62],[-13,-39],[46,-123],[30,-51],[62,-46],[56,-32],[46,-44],[0,-29],[-21,-24],[-111,-49],[-21,-33],[-7,-86],[-30,-50],[-53,-35],[-77,-21],[-44,4],[-106,39],[-91,-23],[-32,-46],[-137,2],[-165,-26],[-89,-22],[-73,-41],[-13,-138],[-65,-11],[-71,30],[-13,-24],[-58,-16],[-21,19],[41,97],[-47,14],[-30,-5],[-27,-80],[-44,-40],[-216,-73],[-57,-22],[-92,-218],[-167,-97],[-62,-39],[-16,-68],[-29,-44],[-105,-8],[-41,-8],[-36,-31],[-16,-41],[-104,-71],[-32,-43],[6,-37],[21,-51],[-14,-127],[13,-104],[49,-134],[-38,-147],[3,-112],[167,-316],[48,-71],[52,-115],[56,-90],[31,-29],[37,-85],[38,-30],[9,-36],[-25,-67],[53,-62],[108,-53],[83,-80],[61,-84],[20,-55],[-1,-135],[-49,-190],[5,-58],[20,-59],[39,-52],[36,-73],[10,-151],[33,-61],[-35,-44],[-106,-43],[-112,-135],[-52,-129],[27,-54],[59,-56],[28,-81],[26,-60],[87,-146],[43,-102],[62,-27],[4,-22],[-76,-144],[-70,-91],[-70,-38],[-87,-28],[-87,-61],[30,-70],[-9,-43],[-66,-65],[-1,-78],[-31,13],[-47,-35],[4,-51],[-50,-61],[22,-81],[-22,-66],[-79,-82],[-35,-92],[-30,-61],[-57,-45],[-25,-53],[-65,6],[-91,20],[-20,-19],[-103,-73],[-141,-91],[-147,-102],[-89,-110],[-41,-114],[-70,-106],[-90,-28],[-131,-59],[-55,-105],[24,-88],[3,-70],[-31,-111],[4,-109],[36,-92],[56,-193],[37,-97],[111,-31],[84,1],[92,29],[129,48],[118,58],[87,36],[119,-25],[151,-49],[38,-100],[67,-189],[35,-129],[-14,-28],[17,-85],[-12,-38],[-57,-71],[-78,-82],[-59,-152],[30,-135],[24,-118],[71,-280],[75,-68],[162,-123],[51,9],[97,35],[202,86],[55,18],[54,-16],[176,-77],[88,-205],[81,-157],[54,-98],[72,-178],[62,-166],[36,-74],[91,-72],[199,-119],[173,-118],[329,-265],[112,-55],[55,-43],[182,-441],[41,-194],[-18,-70],[-89,-170],[-31,-28],[-146,-189],[-21,-72],[-82,-321],[-41,-120],[1,-80],[18,-400],[15,-35],[102,-122],[57,-53],[175,-218],[23,-20],[209,-729],[21,-133],[46,-171],[30,-129],[12,-101],[-20,-156],[5,-129],[-13,-152],[0,-199],[-17,-375],[-7,-312],[14,-92],[49,-79],[78,-111],[121,-193],[69,-123],[170,-259],[25,-34],[99,-96],[156,-168],[111,-95],[121,-138],[79,-85],[186,-177],[182,-200],[93,-79],[106,-125],[58,-59],[39,-73],[69,-230],[82,-225],[38,-99],[42,-137],[77,-227],[52,-164],[55,-137],[54,-172],[91,-236],[28,-80],[45,-153],[47,-132],[58,-208],[30,-154],[67,-206],[57,-253],[24,-99],[41,-138],[61,-234],[30,-153],[26,-70],[67,-242],[31,-176],[22,-79],[30,-30],[165,-299],[32,-71],[45,-71],[27,-53],[88,-154],[58,-85],[88,-159],[19,-63],[32,-68],[-63,-136],[-1,-32],[14,-137],[18,-97],[33,-105],[35,-135],[1,-24],[34,-136],[15,-42],[33,-33],[74,-95],[27,-22],[33,-61],[18,-72],[-5,-86],[-59,11],[-123,73],[-86,38],[-41,-1],[-55,-35],[-71,-36],[-90,-17],[-73,-2],[-155,25],[-62,17],[-56,7],[-35,19],[-35,39],[-52,26],[-89,32],[-44,22],[-72,66],[-76,44],[-78,63],[-91,58],[-51,28],[-75,59],[-65,64],[-160,112],[-31,37],[-75,58],[-77,47],[-86,69],[-43,48],[-26,48],[-129,206],[-40,73],[-35,50],[-41,73],[-53,122],[-52,88],[-36,93],[-14,54],[-28,69],[-54,111],[-18,44],[-26,107],[-30,70],[-18,57],[-12,65],[-28,83],[-1,29],[-33,158],[-22,65],[-30,49],[-57,137],[-16,28],[-32,85],[-48,144],[-34,74],[-30,100],[-46,170],[-23,31],[-51,108],[-34,107],[-40,99],[-56,109],[-54,96],[-22,48],[-28,81],[-94,100],[-24,45],[-31,80],[-58,97],[-46,92],[-37,61],[-153,277],[-32,38],[-40,67],[-62,125],[-62,82],[-18,37],[-65,95],[-47,61],[-58,96],[-102,155],[-35,68],[-54,72],[-52,116],[-47,64],[-96,146],[-208,266],[-89,122],[-59,85],[-29,55],[-71,88],[-56,84],[-66,73],[-58,80],[-88,100],[-230,284],[-34,36],[-10,34],[-2,91],[-60,81],[-75,149],[-102,143],[-22,48],[-38,128],[-111,234],[-27,98],[-34,86],[-35,48],[-32,92],[-50,78],[-47,97],[-55,74],[-121,180],[-24,50],[-27,112],[-35,96],[-31,108],[-38,121],[-22,53],[-31,145],[-71,228],[-31,77],[-114,339],[-11,74],[-41,93],[-26,97],[-43,126],[-15,55],[-53,118],[-47,64],[-15,41],[-111,170],[-138,201],[-186,240],[-146,167],[-93,99],[-128,143],[-170,206],[-86,84],[-123,135],[-50,51],[-57,68],[-82,78],[-73,83],[-192,198],[-216,250],[-85,86],[-425,489],[-66,66],[-108,125],[-154,155],[-30,69],[-47,55],[-125,137],[-214,226],[-35,42],[-170,180],[-59,76],[-167,203],[-188,214],[-67,83],[-60,65],[-57,74],[-59,64],[-31,53],[-44,44],[-56,81],[-42,49],[-99,104],[-104,104],[-150,165],[-92,98],[-160,197],[-61,83],[-72,59],[-62,79],[-40,62],[-68,82],[-15,26],[-5,47],[-20,96],[-11,18],[-59,56],[-90,153],[-57,123],[-35,108],[-43,58],[37,128],[5,97],[-5,168],[4,164],[4,58],[17,88],[-7,79],[-18,99],[-50,141],[-14,63],[1,37],[18,67],[13,90],[1,65],[16,121],[-16,54],[-75,208],[-16,68],[-8,80],[12,143],[22,50],[6,85],[-9,128],[8,55],[25,65],[20,179],[13,76],[22,203],[-4,94],[1,111],[21,135],[-60,238],[3,74],[21,127],[62,181],[-49,137],[-87,154],[-60,166],[4,62],[-13,150],[-35,74],[-66,74],[7,30],[-18,50],[-44,55],[-47,21],[-38,43],[-27,11],[-29,45],[-11,44],[1,55],[-42,221],[-57,173],[-115,328],[-53,184],[-73,185],[-26,76],[-63,131],[-16,121],[-10,19],[-99,265],[-64,123],[-54,83],[-157,210],[-163,225],[-226,306],[-81,137],[-35,74],[-96,68],[-45,45],[-64,82],[-143,174],[-55,58],[-62,83],[-71,135],[-21,-3],[-27,28],[-33,69],[-66,83],[-20,9],[-36,51],[-25,18],[-47,61],[-50,50],[-23,35],[-63,51],[-111,105],[-46,57],[-147,154],[-159,184],[-79,65],[-111,116],[-1,12],[-82,71],[-56,89],[-106,186],[-65,164],[-44,33],[-40,43],[-48,67],[-48,123],[-11,80],[24,64],[57,-2],[43,24],[166,46],[116,62],[100,76],[66,71],[66,40],[46,14],[59,28],[97,1],[45,33],[32,11],[27,-5],[48,-57],[61,-12],[86,12],[22,27],[7,77],[-21,113],[-27,32],[-99,138],[-116,124],[-30,36],[-101,160],[-56,98],[-66,95],[-42,43],[-134,-49],[-144,-40],[-44,-3],[-70,24],[-58,47],[-111,137],[-117,18],[-117,-215],[-128,-74],[-186,-54],[-216,-39],[-48,4],[-39,-15],[-134,-78],[-25,-128],[27,-111],[-7,-116],[-12,-29],[-3,-54],[-94,-78],[-48,-115],[-230,-31],[-115,-33],[-94,55],[-88,43],[-125,22],[-134,-24],[-89,-26],[-42,5],[-127,123],[-159,125],[-265,165],[-222,179],[-152,83],[-142,118],[-92,115],[-125,143],[-141,150],[-114,149],[-107,107],[-100,115],[-61,100],[-43,121],[-52,178],[-53,108],[-59,154],[16,121],[16,91],[65,81],[83,55],[64,26],[41,-5],[19,48],[6,104],[24,216],[107,333],[-10,335],[-19,130],[5,10],[-242,451],[-33,540],[-130,870],[52,867],[176,346],[246,578],[-5,292],[12,192],[52,205],[113,250],[57,70],[49,50],[46,57],[81,192],[46,78],[64,53],[49,60],[39,88],[24,98],[74,143],[9,50],[-283,148],[-254,107],[-123,92],[323,898],[547,1202],[559,1224],[411,1137],[28,333],[346,-46],[53,-4],[-16,109],[-27,96],[7,117],[-2,93],[-19,91],[-4,63],[1,177],[-3,69],[-33,105],[-82,171],[-41,119],[-54,173],[-50,283],[-16,75],[-21,181],[-5,77],[-21,76],[15,54],[3,97],[-22,101],[14,51],[77,222],[5,30],[-5,122],[-28,39],[-56,43],[-118,68],[-87,37],[-11,20],[-9,73],[11,75],[-19,25],[-37,20],[-29,0],[-100,-43],[-78,-12],[-118,1],[-60,-4],[-184,9],[-64,13],[-45,3],[-46,54],[-26,58],[-18,73],[1,154],[8,57],[16,61],[9,80],[3,78],[27,199],[42,219],[41,149],[35,185],[-5,93],[8,317],[12,150],[25,134],[0,35],[18,71],[28,142],[22,129],[6,87],[-1,97],[-5,75],[-22,114],[-27,70],[-62,50],[-51,31],[-29,28],[-21,73],[-60,317],[0,35],[22,137],[43,85],[16,110],[22,65],[-15,116],[-29,27],[-83,28],[-19,13],[-46,56],[-45,92],[-117,177],[-106,198],[-44,117],[27,27],[48,9],[14,17],[-121,185],[-52,91],[-37,86],[-47,149],[-22,96],[-22,165],[-15,71],[-4,47],[-19,24],[-51,17],[-14,16],[18,57],[6,109],[-63,293],[-4,59],[-13,38],[-17,96],[-60,38],[-37,5],[-92,-3],[-75,-25],[-106,-2],[-55,13],[-120,39],[-41,21],[-78,80],[-100,135],[-63,134],[-81,131],[-58,130],[-68,110],[-41,92],[-8,79],[-58,151],[-44,151],[-40,118],[-45,92],[-32,34],[-46,34],[-27,42],[-49,159],[-68,118],[-109,93],[-41,51],[-36,117],[-40,114],[-76,180],[-17,71],[-13,101],[-7,171],[-22,105],[-17,63],[-27,55],[0,45],[33,67],[67,108],[37,46],[15,79],[28,41],[23,17],[-12,56],[-22,163],[-34,123],[-195,141],[-308,280],[-1,15],[-35,14],[-226,108],[-231,100],[-209,189],[-97,66],[-25,79],[-3,178],[-24,144],[52,51],[-52,111],[-33,109],[33,116],[-45,117],[-105,253],[-305,325],[-102,131],[-160,111],[-10,0],[-133,264],[-125,756],[-140,1128],[-108,874],[-42,267],[-16,88],[-32,94],[-16,72],[-15,144],[4,33],[197,-2],[66,4],[96,-1],[-29,97],[-34,24],[-2,27],[-70,90],[-21,9],[-29,52],[-2,44],[-26,34],[-10,36],[1,85],[14,34],[-27,29],[-35,4],[30,49],[-27,44],[-31,22],[29,18],[15,46],[-45,30],[47,47],[-12,35],[-41,48],[-28,13],[-84,119],[9,44],[-31,37],[-14,60],[-34,17],[-42,2],[-57,-7],[-208,-9],[-94,4],[-226,-2],[-76,-5],[-68,4],[-306,-1],[-209,-3],[-187,0],[-167,-2],[-71,-5],[-74,2],[-170,-8],[-176,0],[-92,-6],[-148,-2],[-247,-13],[-83,2],[-42,-7],[-160,-1],[-108,-8],[-145,-4],[-95,-7],[-84,0],[-77,-6],[-230,-11],[-36,10],[-16,82],[-22,83],[-14,84],[-2,48],[-13,94],[0,57],[-25,151],[-22,105],[-34,121],[-31,148],[-45,179],[-15,48],[-29,147],[-20,80],[-28,72],[-35,162],[-82,235],[-34,75],[-66,176],[-20,38],[-37,96],[-89,184],[-38,105],[-72,171],[-46,96],[-68,117],[-39,78],[-16,51],[-43,105],[-66,127],[-27,62],[-53,71],[-77,121],[-70,80],[-40,39],[-58,80],[-134,159],[-148,190],[-74,85],[-83,106],[-45,67],[-29,30],[-83,128],[-160,203],[-37,38],[-150,182],[-99,123],[-39,41],[-135,176],[-129,196],[-138,204],[-147,250],[-25,52],[-87,154],[-84,137],[-53,65],[-36,59],[-87,108],[-114,113],[-83,66],[-39,40],[-119,96],[-57,36],[-134,100],[-102,97],[-105,153],[-121,137],[-152,155],[-61,72],[-45,44],[-51,69],[-146,188],[-35,42],[-45,67],[-17,48],[-19,92],[3,107],[8,110],[-17,51],[-62,66],[-105,64],[-67,50],[-130,81],[-63,49],[-68,45],[-78,59],[-103,100],[-98,111],[-47,63],[-49,55],[-27,63],[-54,82],[-114,-11],[-168,116],[-167,167],[-252,231],[-377,385],[-517,487],[-210,117],[-309,142],[-388,16],[-2,-3],[-716,266],[-1088,413],[-61,24],[9,-26],[80,-110],[6,-39],[-15,-43],[-41,-55],[-62,-62],[-80,-88],[30,-38],[50,40],[40,42],[75,47],[46,9],[75,-7],[86,-35],[57,-32],[64,-47],[74,-79],[58,-68],[77,-70],[75,-84],[76,-133],[40,-85],[6,-77],[91,-130],[68,-61],[-4,-76],[-21,-57],[-31,-56],[-43,-57],[-35,-83],[-115,-173],[-42,15],[-99,18],[-123,5],[6,11],[67,15],[-16,29],[-81,58],[-95,46],[-143,97],[-97,83],[-148,111],[-54,51],[-49,24],[-83,20],[-14,-55],[13,-102],[-27,-156],[0,-82],[-20,-133],[32,-42],[-6,-13],[-62,-10],[-2,-15],[40,-7],[-26,-26],[11,-26],[-49,-5],[-10,-35],[-61,-56],[-49,-58],[-65,-97],[-38,-73],[-22,-137],[-3,-58],[-135,24],[-82,9],[-165,9],[-95,19],[-73,24],[-59,3],[-110,-4],[-136,23],[-103,27],[-139,45],[-57,-2],[-71,21],[-73,7],[-53,-9],[-129,-43],[-74,-28],[-124,-21],[-9,-10],[-90,-19],[-122,-33],[-57,37],[-61,73],[-120,125],[-24,-17],[-111,-55],[-75,-33],[-40,-12],[-93,-40],[-95,-31],[-71,-33],[-69,-22],[-97,-39],[-95,-30],[-103,-39],[-20,-3],[-108,-43],[-37,-28],[-47,-49],[-22,-39],[-81,-83],[-11,-38],[-142,-95],[-55,-43],[-79,-133],[-37,12],[23,-42],[74,-93],[75,-84],[109,-101],[54,-68],[113,-120],[42,-57],[378,-420],[21,-31],[55,-62],[69,-93],[52,-59],[40,-60],[51,-90],[30,-40],[57,-99],[72,-108],[46,-62],[55,-86],[141,-257],[59,-127],[32,-55],[67,-134],[30,-79],[35,-79],[45,-79],[31,-77],[17,-26],[56,-125],[20,-26],[44,-147],[16,-2],[76,26],[273,135],[7,59],[191,21],[273,-16],[181,-56],[104,-124],[29,-164],[-91,-54],[-76,-26],[-91,41],[-30,-27],[29,-54],[90,-83],[61,40],[167,26],[-1,-163],[28,-205],[-61,-68],[-16,-68],[29,-82],[-32,-150],[-16,-137],[-1,-95],[-90,55],[-197,43],[-105,110],[17,95],[47,205],[16,136],[1,41],[-15,0],[-61,-68],[-34,-286],[-62,-150],[-76,-27],[-105,97],[-45,-13],[135,-124],[45,-55],[-77,-68],[106,13],[76,-14],[-1,-137],[44,-55],[14,-136],[-105,28],[-76,0],[-61,-54],[-136,15],[-60,96],[-60,69],[-30,-14],[75,-55],[-1,-95],[-106,14],[-105,42],[-1,-41],[212,-70],[119,-124],[-1,-123],[-46,-54],[-105,42],[-16,-82],[-62,-122],[-60,55],[14,-109],[-136,-13],[-226,166],[-181,83],[-151,-13],[15,-41],[121,0],[135,-111],[75,-69],[-1,-82],[-46,-54],[-105,28],[-46,1],[-1,-150],[-273,2],[15,-55],[-61,-13],[-76,-95],[-16,-41],[-1,-82],[-121,-26],[-106,42],[-243,-149],[-44,124],[-298,548],[-330,344],[-299,370],[3,287],[95,422],[54,144],[-132,-3],[-148,6],[-80,-4],[-116,5],[-144,-1],[-102,9],[-66,0],[-104,9],[-141,21],[-161,4],[-30,-60],[-43,-114],[405,-302],[614,-484],[-417,-455],[-122,-34],[-141,-58],[-427,11],[-409,98],[-86,3],[-105,-10],[-143,-34],[-317,-6],[-105,-42],[-75,-5],[-50,14],[-85,34],[-77,21],[-87,51],[-245,0],[-173,-13],[17,-112],[74,-350],[137,-738],[50,-220],[-18,-147],[-21,-115],[-30,-123],[45,-29],[681,-13],[219,22],[87,-51],[201,-171],[31,-403],[22,-310],[84,-678],[29,-633],[39,-678],[33,-745],[-353,7],[-1206,485],[312,-1118],[222,-795],[292,-1765],[-18,-264],[-177,-27],[-126,1],[-312,17],[-95,21],[-31,38],[-19,57],[-15,-18],[-16,-56],[-24,-145],[-2,-208],[37,-119],[37,-201],[14,-174],[-2,-194],[-55,-132],[-47,-187],[-56,-173],[-39,-111],[-8,-62],[-24,-62],[-124,-83],[-31,-48],[0,-70],[-10,-284],[-42,-305],[-47,-111],[-9,-222],[-39,-83],[-163,-187],[-125,-179],[-169,-34],[-47,-69],[-8,-90],[-86,-131],[-154,-48],[-162,-110],[-131,-103],[-155,-200],[-155,-159],[-147,-110],[-39,6],[-78,-151],[-197,-169],[-120,-93],[-61,-20],[-184,1],[-212,-16],[-134,-23],[-47,-41],[-8,-118],[-227,-9],[-65,-17],[-32,-76],[-84,-17],[-93,-107],[0,-42],[-54,4],[-62,-38],[-16,-97],[-31,-62],[-213,-183],[-158,-141],[-194,-186],[-185,-131],[-127,-107],[-51,-51],[-27,-45],[-22,7],[3,-87],[-201,-144],[-128,-64],[-171,-48],[-24,-48],[-39,-37],[-27,-51],[-60,-40],[-77,-27],[-158,60],[-219,96],[-131,74],[-293,241],[-127,122],[-58,189],[-40,210],[-6,167],[-1090,118],[-164,-373],[-371,-735],[-208,-588],[-455,-1028],[-221,-807],[-1233,253],[-2655,545],[30,-2662],[11,-1850],[10,-1563],[12,-1824],[-217,1],[-1901,43],[-1395,31],[-1698,37],[-1839,40],[-1718,37],[-1379,29],[-61,46],[-9,86],[10,136],[22,230],[73,497],[22,405],[0,257],[-24,196],[-2,42],[-593,-214],[-1385,-479],[-152,-45],[-25,-15],[-65,-66],[-67,-49],[-116,-58],[-22,-18],[-105,-126],[-56,-82],[-339,-431],[-195,-244],[-82,-112],[-152,-190],[-93,-127],[-252,-318],[-217,-282],[-101,-140],[-85,-132],[-133,-264],[-28,-41],[-118,-71],[-152,-71],[-138,-30],[-62,0],[-179,36],[-413,208],[-698,365],[-169,85],[-49,-27],[-107,-17],[-161,-14],[-100,-19],[-197,-11],[-141,-2],[-152,8],[-134,18],[-393,70],[-548,85],[-407,75],[-539,87],[-270,52],[-435,77],[-708,132],[-151,0],[-163,25],[-137,-3],[-14,-21],[-48,-141],[-38,-24],[-54,-15],[-76,-10],[-66,16],[-32,40],[-17,39],[-1097,2],[-570,20],[-273,-9],[-66,14],[-139,-54],[-319,-237],[-215,-213],[-126,-97],[-83,-36],[-169,-123],[-203,-92],[-259,-45],[-162,-17],[-98,-2],[-322,-165],[-397,-117],[-380,-108],[-519,16],[-646,87],[-835,205],[-593,187],[-254,132],[-258,234],[-388,377],[-297,455],[-37,210],[-209,9],[-476,48],[-794,96],[-477,176],[-229,112],[-159,128],[-176,287],[-159,352],[-71,528],[0,447],[53,448],[177,720],[335,607],[354,256],[706,287],[362,201],[-147,20],[-198,64],[-164,69],[-203,65],[-130,11],[-194,-7],[-63,-8],[-4,160],[8,191],[-25,57],[-76,-19],[-59,15],[-232,-49],[-240,-31],[-375,-64],[-63,7],[-168,12],[-21,-6],[-313,-45],[-252,-32],[-92,-102],[-132,-104],[-277,-161],[-147,-57],[-300,-87],[-177,-41],[-498,-23],[-309,2],[-397,-2],[-225,-19],[-297,-1],[-440,-86],[-103,-79],[-25,-115],[10,-32],[110,-291],[185,-576],[125,-566],[22,-296],[-5,-276],[-21,-290],[-87,-360],[-27,-197],[-16,-182],[16,-227],[44,-241],[54,-192],[55,-222],[54,-340],[55,-448],[11,-295],[0,-754],[-10,-231],[-11,-143],[-11,-217],[-5,-177],[-38,-113],[-152,-25],[-603,-74],[-364,-10],[-571,43],[-793,108],[-484,157],[-354,177],[-440,423],[-539,379],[-299,187],[-414,196],[-266,118],[-223,118],[-212,138],[-82,98],[-186,202],[-103,-179],[-128,-200],[-248,-559],[-210,-409],[-348,-818],[-211,-367],[-220,-368],[-285,-317],[-459,-368],[-441,-251],[-312,-134],[-350,-117],[-330,-51],[-350,-16],[-414,166],[-341,207],[-221,158],[-114,91],[-31,-425],[-146,-508],[-80,-162],[-67,-158],[-19,-130],[-13,-135],[52,-153],[53,-124],[241,-352],[136,-165],[124,-182],[157,-217],[143,-289],[39,-85],[-805,27],[-2903,-36],[-1290,591],[-421,496],[-513,-371],[-602,-210],[-652,-83],[-696,-83],[-694,2],[-696,-44],[-740,-6],[-696,32],[-463,-47],[-511,162],[-326,355],[-50,23],[-211,-446],[-1198,-447],[-899,-274],[-1501,25],[-1163,63],[-899,-106],[-486,-309],[-1013,63],[-378,474],[-860,991],[-453,483],[-662,796],[-758,1068],[-220,380],[-49,43],[-103,97],[-218,214],[-61,68],[-159,142],[-60,81],[-52,81],[-49,93],[-17,42],[-26,109],[-16,138],[2,94],[9,82],[30,135],[14,50],[95,248],[66,117],[78,188],[59,115],[116,290],[59,170],[17,100],[40,377],[15,227],[7,188],[9,136],[-1,124],[-8,143],[-11,41],[-29,66],[-68,124],[-40,52],[-86,82],[-101,114],[-154,153],[-119,112],[-86,121],[-50,61],[-46,74],[-16,46],[-16,76],[0,71],[16,82],[5,235],[-5,67],[4,72],[23,80],[39,107],[42,94],[11,34],[25,156],[19,52],[24,25],[55,34],[163,68],[136,44],[333,69],[260,35],[93,-7],[129,-27],[124,-18],[148,-5],[26,16],[55,0],[130,10],[45,16],[26,21],[16,36],[40,137],[94,272],[67,265],[38,111],[70,254],[4,87],[-13,83],[-19,61],[-29,179],[-16,78],[0,89],[-9,134],[-13,109],[0,110],[6,169],[26,232],[32,202],[10,150],[111,71],[-28,142],[-13,90],[-37,201],[-44,96],[-47,69],[-37,46],[-128,128],[-104,126],[-110,111],[-137,146],[-66,75],[-81,29],[-59,39],[-31,48],[-47,177],[-33,71],[-56,56],[-76,39],[-81,109],[-67,101],[-56,103],[-20,45],[-54,152],[-28,101],[-14,77],[-44,139],[-33,144],[-63,208],[-21,96],[-38,126],[-22,119],[2,73],[-41,183],[7,63],[49,163],[78,192],[77,122],[107,125],[96,88],[73,73],[69,79],[48,41],[139,38],[96,50],[72,25],[76,18],[251,208],[154,151],[166,131],[54,33],[296,141],[72,43],[119,86],[92,93],[36,71],[30,83],[9,42],[-10,101],[-30,64],[-35,44],[-93,60],[-69,20],[-45,-2],[-77,-29],[-55,-38],[-99,-91],[-92,-131],[-83,-126],[-64,-81],[-35,-24],[-64,-14],[-78,13],[-43,24],[-40,33],[-24,35],[-34,87],[-70,153],[-34,93],[-46,101],[-44,136],[-51,49],[-42,49],[-31,61],[-16,78],[1,36],[22,103],[32,74],[44,39],[48,30],[66,101],[51,63],[83,132],[44,109],[14,63],[-4,114],[-47,146],[-5,-4],[-48,67],[-133,145],[-61,58],[-192,168],[-161,156],[-225,204],[-144,119],[-56,62],[-82,104],[-93,153],[-57,115],[-64,154],[-8,52],[-7,221],[3,95],[-11,135],[-29,17],[-8,70],[4,66],[-13,85],[-28,65],[-46,44],[-58,23],[-58,-13],[-85,-28],[-111,-61],[-65,-44],[-131,-81],[-76,-22],[-57,-10],[-44,7],[-68,25],[-26,23],[-27,41],[17,62],[36,47],[81,81],[117,105],[47,53],[21,41],[5,49],[-9,35],[-28,41],[-69,52],[-93,47],[-177,80],[-202,132],[-62,47],[-91,54],[-105,76],[-70,41],[-49,44],[-12,26],[-22,87],[5,95],[11,65],[17,40],[47,68],[44,40],[81,33],[119,22],[32,12],[145,7],[86,-12],[89,-31],[117,-52],[130,-43],[42,-9],[96,3],[56,23],[28,25],[7,39],[-20,67],[-32,48],[-62,63],[-91,67],[-57,49],[-90,96],[-34,47],[-152,233],[-25,30],[-64,56],[-69,48],[-95,88],[-137,120],[-58,37],[-26,1],[-47,-16],[-217,-60],[-45,-2],[-131,47],[-61,65],[-10,28],[-3,71],[32,299],[37,161],[46,174],[7,45],[28,75],[1,72],[-13,56],[-47,107],[-39,78],[-3,31],[24,65],[50,60],[27,45],[10,46],[-6,69],[-22,56],[-72,63],[-90,94],[-57,76],[-14,49],[2,50],[11,50],[29,67],[84,97],[155,160],[42,60],[21,49],[12,59],[-13,46],[-20,31],[-60,59],[-90,74],[-176,118],[-172,108],[-109,93],[-106,108],[-28,33],[-23,62],[0,37],[35,56],[75,51],[118,50],[156,72],[44,35],[75,99],[29,44],[54,62],[33,29],[104,71],[125,52],[67,32],[119,33],[42,16],[34,29],[13,41],[-26,69],[-127,130],[-136,114],[-72,86],[-45,40],[-20,40],[-14,90],[14,62],[44,71],[108,149],[43,94],[16,116],[44,168],[14,82],[8,75],[-14,74],[-31,68],[-68,78],[-78,51],[-124,64],[-99,92],[-87,93],[-63,62],[-46,70],[-67,167],[-137,271],[-49,148],[-11,150],[-22,111],[8,94],[-1,115],[-19,104],[-13,108],[-18,67],[-55,335],[-23,91],[-63,173],[-65,145],[-47,83],[-25,57],[-90,178],[-56,82],[-68,49],[-59,16],[-176,22],[-41,10],[-134,58],[-76,42],[-27,-6],[-65,20],[-98,21],[-114,14],[-50,1],[-44,14],[-58,33],[-105,41],[-126,39],[-92,13],[-102,44],[-58,32],[-68,48],[-58,69],[-6,45],[17,50],[66,36],[44,10],[146,-10],[58,-9],[155,-64],[81,-2],[75,-20],[120,-13],[52,2],[118,24],[51,30],[-7,55],[-19,68],[-65,169],[-55,111],[-34,81],[-16,51],[-17,90],[-9,115],[26,99],[37,70],[31,47],[71,87],[55,50],[73,52],[123,73],[60,49],[145,133],[119,122],[51,70],[3,82],[-41,103],[-43,43],[-162,37],[-75,6],[-235,45],[-105,37],[-116,61],[-63,55],[-51,56],[-60,81],[-27,44],[-60,142],[-23,78],[-69,163],[-25,53],[-46,119],[-17,71],[-10,139],[19,59],[73,12],[-13,24],[9,22],[-20,11],[29,16],[6,19],[24,6],[53,-48],[48,3],[0,45],[14,14],[61,19],[2,34],[-21,22],[-35,5],[-31,21],[16,33],[143,84],[89,16],[51,-9],[50,0],[21,14],[19,50],[65,42],[36,119],[2,31],[39,120],[30,120],[8,69],[-12,58],[5,57],[50,79],[61,47],[64,86],[78,93],[14,5],[66,-18],[43,3],[127,-9],[21,10],[-4,22],[-33,23],[5,28],[33,58],[8,39],[4,112],[-13,84],[-48,50],[-22,57],[-64,41],[-4,39],[-15,38],[-49,68],[-52,50],[-113,81],[-39,8],[-55,-35],[-28,-8],[-40,12],[-36,42],[-46,22],[-154,96],[-73,41],[-55,24],[-115,65],[-93,58],[-75,61],[-102,48],[-28,41],[-9,78],[-44,124],[-8,58],[-17,60],[-22,21],[-39,5],[-58,35],[-67,28],[-44,10],[-29,18],[-57,63],[-30,58],[-28,79],[-10,52],[-4,87],[33,171],[16,57],[18,8],[34,78],[33,28],[39,15],[-4,25],[33,64],[3,38],[-85,67],[-63,19],[-50,-6],[-42,-23],[-35,-7],[-39,42],[-31,55],[-26,24],[-14,30],[29,41],[64,37],[27,49],[-11,22],[-26,11],[75,138],[79,120],[47,47],[38,10],[220,-33],[31,-2],[-6,96],[10,40],[29,27],[0,19],[-61,19],[-1,140],[-37,23],[19,15],[91,2],[94,17],[-22,59],[6,29],[30,16],[48,-3],[101,-24],[71,-25],[13,34],[-14,151],[6,76],[25,59],[17,16],[54,16],[-6,49],[24,20],[19,-11],[25,-43],[39,-12],[36,-28],[42,7],[38,31],[41,9],[19,42],[163,155],[9,13],[77,-36],[30,3],[17,33],[145,-27],[43,-16],[42,40],[6,56],[-13,183],[10,67],[33,89],[-10,17],[-40,8],[-62,-7],[-50,-13],[10,145],[89,44],[40,30],[63,70],[62,103],[16,58],[13,135],[-1,93],[5,73],[28,85],[59,141],[28,90],[57,233],[-6,52],[-35,58],[-77,100],[-97,147],[-78,90],[-31,-3],[-50,35],[-10,17],[26,75],[2,38],[-36,75],[-25,36],[-56,39],[-62,31],[-9,29],[-1,66],[-12,41],[-51,92],[-13,45],[-49,70],[-17,43],[-17,81],[-23,20],[-51,21],[-41,35],[-47,69],[-38,-18],[-78,-11],[-12,-16],[-33,-76],[-63,-100],[-79,-5],[-47,-13],[-55,13],[-54,-4],[-63,-26],[-118,-41],[-35,2],[-16,27],[-14,51],[-22,21],[-65,9],[-40,101],[-7,62],[-41,17],[-91,-42],[-71,-82],[-11,-2],[-64,90],[-23,18],[-42,8],[-64,-20],[-40,-31],[-78,35],[-19,36],[20,19],[79,20],[-23,21],[-86,-2],[-10,28],[5,81],[-15,20],[-52,-8],[-46,5],[-5,44],[58,2],[18,11],[-5,28],[-33,23],[-39,6],[-24,16],[-3,42],[61,97],[34,41],[-25,14],[-64,0],[-13,19],[-5,40],[-18,13],[-60,-21],[-41,19],[-133,94],[70,104],[28,131],[-11,71],[-19,37],[-135,123],[-49,60],[-3,28],[23,24],[63,16],[53,3],[138,-2],[47,5],[78,26],[68,60],[39,81],[-10,43],[-31,41],[-39,25],[-145,66],[-174,63],[-67,17],[-107,18],[-34,12],[-63,40],[-69,68],[-26,38],[-51,94],[-7,58],[54,38],[77,29],[41,28],[39,52],[10,38],[-2,142],[11,61],[3,96],[19,84],[32,86],[-5,27],[-32,30],[-50,-21],[-65,10],[-131,11],[-67,2],[-163,30],[-79,0],[-19,-15],[-48,-104],[-22,-34],[-46,-43],[-44,-17],[-29,3],[-38,28],[-79,73],[-56,17],[-51,-21],[-61,-40],[-51,-51],[-63,-70],[-97,-136],[-20,-10],[-41,21],[-38,165],[-73,196],[-34,148],[-9,96],[34,228],[25,90],[37,88],[34,42],[58,29],[203,79],[5,10],[62,21],[46,26],[51,39],[49,61],[-12,33],[-125,88],[-55,79],[-36,88],[-21,80],[-14,95],[3,127],[42,192],[-85,67],[-40,37],[-128,41],[-88,9],[-48,-7],[-93,0],[-52,24],[-80,60],[-88,91],[-48,76],[3,53],[14,18],[50,-2],[69,-45],[116,-55],[90,-30],[152,-26],[141,-10],[97,1],[136,-6],[62,-13],[101,-43],[79,-42],[59,-23],[79,9],[43,33],[43,62],[21,84],[-14,46],[-20,17],[-52,15],[-84,8],[-55,-4],[-26,8],[-16,21],[-4,91],[-10,45],[-29,65],[-7,46],[56,100],[51,55],[67,33],[20,96],[20,11],[9,-20],[-10,-29],[51,2],[-13,44],[24,0],[14,-20],[22,10],[-13,43],[30,69],[10,53],[-5,20],[-37,48],[18,46],[31,45],[28,75],[41,37],[24,48],[-2,72],[-11,21],[-49,14],[-56,-8],[-51,17],[-66,38],[-36,38],[-74,51],[2,66],[-33,29],[22,126],[-18,16],[4,45],[25,97],[-30,40],[-5,49],[14,21],[11,45],[5,82],[-38,19],[-9,32],[-14,123],[-76,48],[-74,16],[-33,20],[-57,125],[-20,16],[29,62],[-94,66],[-80,35],[7,33],[-83,11],[-2,21],[43,1],[114,-13],[0,34],[-44,21],[-14,26],[35,5],[9,27],[43,-4],[11,25],[-5,55],[15,55],[-14,13],[-2,35],[13,30],[56,-1],[18,17],[70,-16],[12,31],[49,0],[-35,48],[-13,33],[21,7],[70,-20],[69,50],[-36,107],[-4,109],[-60,0],[4,54],[-93,7],[-15,7],[26,21],[-39,8],[13,17],[-1,42],[-46,8],[9,34],[40,0],[32,-13],[15,19],[32,5],[16,36],[25,-15],[103,23],[14,51],[58,20],[12,-21],[46,-28],[26,4],[17,70],[83,-36],[55,7],[16,17],[-27,45],[-14,42],[-15,74],[1,32],[45,31],[27,-4],[71,-34],[114,-42],[47,-23],[54,-11],[59,19],[84,98],[120,50],[74,14],[15,20],[8,48],[31,36],[12,72],[20,16],[26,45],[25,-1],[19,42],[25,7],[16,46],[22,12],[-11,25],[-1,44],[18,46],[76,33],[44,48],[49,29],[1,78],[24,5],[183,-1],[41,-29],[43,18],[13,46],[26,15],[-6,72],[34,36],[15,43],[-23,45],[-22,13],[-2,27],[33,86],[0,26],[25,44],[41,36],[51,33],[15,50],[85,-11],[118,-38],[56,-10],[36,5],[11,46],[-23,11],[7,77],[25,-2],[12,-43],[11,46],[21,15],[-3,47],[-13,22],[10,98],[2,104],[-13,47],[-34,60],[-24,10],[-4,22],[26,44],[-8,26],[-45,24],[-26,2],[-28,-17],[-13,18],[4,71],[10,24],[120,-30],[4,-23],[77,-6],[25,15],[-5,77],[-28,40],[-22,13],[11,66],[35,42],[8,54],[41,32],[6,51],[69,20],[27,2],[6,25],[22,14],[-15,19],[25,77],[26,16],[150,-13],[29,12],[5,44],[26,4],[46,91],[152,26],[24,37],[175,-7],[26,10],[34,32],[22,7],[8,48],[19,13],[18,43],[-21,11],[3,100],[55,49],[25,1],[38,27],[26,3],[-2,52],[13,19],[62,-10],[28,12],[59,6],[21,12],[90,-17],[63,-3],[64,-13],[88,1],[32,-40],[-20,-14],[-3,-25],[36,-32],[23,-92],[-9,-23],[-28,-5],[25,-43],[0,-106],[11,-19],[51,11],[8,49],[40,-30],[49,-3],[-6,21],[-42,25],[1,70],[19,45],[-45,11],[4,26],[40,25],[21,41],[-10,42],[48,23],[14,19],[-38,58],[14,21],[72,34],[0,46],[18,17],[14,45],[26,40],[45,22],[-31,35],[34,73],[29,10],[41,-25],[22,9],[6,22],[-19,20],[20,16],[-33,118],[-44,48],[-77,29],[-105,7],[-31,42],[-10,47],[16,36],[46,60],[60,43],[54,11],[72,-6],[60,-15],[37,-25],[51,-51],[43,-22],[43,-1],[53,12],[65,27],[-34,52],[-49,24],[-171,37],[-78,39],[-49,40],[-23,47],[-4,48],[-48,-3],[-45,17],[-15,-19],[-25,-100],[-28,-78],[-17,-22],[-25,10],[-9,44],[9,44],[34,105],[7,52],[-63,46],[-108,23],[-62,-10],[-23,-16],[-2,-50],[35,-80],[98,-125],[38,-43],[-3,-23],[-25,-8],[-20,15],[-28,45],[-50,59],[-46,65],[-27,51],[-53,53],[-52,0],[-19,-42],[-43,-34],[-25,-2],[-20,-43],[-30,6],[-38,-22],[-75,-68],[-4,-55],[-11,-29],[-57,-16],[-30,1],[-80,-30],[-10,-20],[-99,-31],[-40,-35],[-73,-17],[-31,-16],[-39,21],[-96,-61],[-104,-98],[-104,-3],[-62,-14],[-31,1],[-80,26],[-22,13],[-181,84],[-183,106],[3,74],[-36,27],[37,31],[-39,31],[-54,5],[-3,26],[-22,9],[-44,-19],[-24,-49],[-60,-1],[-17,19],[12,19],[-3,53],[-25,0],[-22,19],[-194,17],[9,-21],[77,-6],[89,-42],[1,-51],[-20,-12],[-24,-40],[-23,-9],[-69,-70],[-19,19],[-46,-29],[-60,49],[-27,52],[56,92],[16,78],[-2,24],[29,84],[-14,20],[-40,25],[-7,176],[-23,45],[-46,22],[-40,68],[-13,73],[-26,7],[-13,20],[-74,13],[-55,23],[-41,28],[-25,0],[-71,-46],[-38,-34],[-8,-21],[-44,-21],[-58,-2],[-3,-23],[-41,-26],[-65,46],[-25,-1],[-63,-22],[1,-27],[-19,-13],[-27,5],[-10,26],[-48,3],[-17,-21],[-25,2],[-34,-29],[-77,10],[-51,15],[0,-94],[-7,-80],[-29,-34],[-12,49],[7,48],[-35,33],[-50,6],[-149,58],[-53,14],[-45,26],[-54,-4],[-17,14],[-20,54],[-52,1],[-13,17],[-72,-15],[-144,-11],[-21,-17],[-50,3],[-25,10],[-127,3],[-20,-51],[-24,-15],[-24,14],[-3,49],[-50,50],[-46,-14],[-25,7],[-19,45],[-24,14],[-76,-15],[5,-44],[-18,-17],[-48,-12],[-26,6],[-5,-24],[9,-65],[-37,-29],[-45,-13],[-83,0],[-93,15],[-21,23],[17,45],[-8,21],[-98,55],[-44,38],[-31,45],[-112,242],[-41,-11],[-49,-61],[-82,-109],[-60,-59],[-91,-61],[-74,-55],[-47,-29],[-46,-4],[-57,48],[-15,50],[6,48],[43,88],[76,74],[67,77],[11,68],[-50,17],[-69,33],[-118,68],[-232,91],[-4,26],[-51,26],[-31,-1],[-8,53],[-30,29],[-11,69],[-30,15],[-21,-8],[-8,-55],[-44,-6],[-17,-140],[7,-83],[33,-36],[-19,-44],[-31,-34],[6,-41],[-38,-29],[-15,-23],[-41,-101],[-28,-80],[2,-21],[31,-89],[0,-92],[-10,-44],[29,-60],[60,-58],[5,-64],[-21,-68],[7,-21],[79,-81],[23,-43],[-61,-39],[-73,-26],[-154,-28],[-113,-1],[-113,8],[-98,26],[-119,8],[-41,-28],[-4,-21],[-44,-3],[-6,25],[-23,6],[-30,38],[-32,66],[-19,13],[-6,-23],[-50,-3],[-5,23],[-73,18],[-20,-44],[-48,-13],[-87,0],[-23,-9],[-24,9],[2,41],[-26,6],[-17,43],[-71,32],[-52,10],[-5,154],[-46,23],[32,56],[110,-1],[-33,33],[-10,66],[5,34],[80,8],[20,12],[-24,44],[-47,7],[-31,84],[-82,19],[43,16],[-14,41],[-33,37],[-48,-5],[-26,11],[-16,44],[-67,71],[-50,9],[-38,27],[-77,-7],[-120,1],[-84,-19],[-26,-31],[-23,-96],[-131,-31],[-43,-20],[-54,-10],[-28,5],[-51,51],[-44,32],[-73,42],[-84,35],[-87,26],[-82,10],[-84,42],[-72,18],[-40,2],[-57,41],[-41,-1],[-77,41],[-27,2],[-219,136],[-85,26],[-48,9],[-119,8],[-23,40],[68,109],[18,42],[11,110],[22,80],[93,201],[17,57],[-13,57],[-44,28],[-81,-3],[-89,5],[-77,16],[-82,47],[-89,82],[-17,31],[-1,89],[10,38],[11,92],[-19,81],[-40,75],[-42,52],[-73,56],[-118,43],[-57,12],[-69,-12],[-54,-22],[-44,-7],[-31,13],[-18,43],[4,71],[-11,131],[-18,147],[30,36],[43,36],[88,48],[55,49],[178,140],[69,81],[101,-6],[32,-7],[33,-25],[-17,-36],[-46,-35],[-78,-11],[-75,-57],[-36,-51],[-14,-67],[25,-48],[62,-1],[51,25],[60,40],[44,14],[53,5],[59,-12],[99,-37],[47,-27],[8,-31],[-42,-109],[-10,-65],[25,-33],[78,1],[92,24],[68,23],[47,24],[23,26],[17,63],[-27,173],[11,189],[-14,136],[-18,45],[-28,38],[18,38],[57,24],[108,33],[51,0],[17,-41],[-6,-30],[-31,-57],[-51,-66],[-21,-39],[11,-59],[23,-41],[47,-61],[68,-62],[50,-36],[111,-46],[64,-14],[91,-10],[98,29],[53,42],[34,80],[1,47],[-10,88],[11,73],[15,39],[73,123],[47,66],[8,34],[-8,26],[-59,32],[-43,33],[-30,36],[-46,80],[-43,40],[-58,9],[-55,-2],[-115,-21],[-149,-18],[-42,16],[-4,42],[36,46],[36,66],[25,84],[11,121],[16,54],[19,36],[73,84],[29,55],[-5,36],[-29,55],[-24,24],[-80,18],[-55,-10],[-24,10],[-31,56],[-15,56],[-3,50],[17,50],[28,24],[54,2],[208,-106],[76,-33],[73,-22],[102,7],[12,25],[-17,35],[-104,116],[-6,22],[14,26],[48,30],[90,39],[9,130],[10,56],[66,45],[88,-2],[57,-19],[132,-79],[27,-6],[52,8],[34,18],[68,55],[114,120],[29,43],[8,63],[-19,64],[-61,103],[-134,70],[-4,22],[25,4],[22,26],[-6,33],[-30,8],[-3,63],[-18,9],[17,67],[57,6],[32,115],[-5,68],[16,60],[-90,-94],[-27,22],[-9,25],[-22,15],[-33,-5],[-7,57],[-19,7],[-6,27],[-84,8],[-13,17],[-38,-4],[0,95],[42,15],[16,60],[-12,40],[-19,20],[-131,57],[-33,50],[35,56],[-17,35],[65,77],[31,11],[79,1],[135,68],[78,58],[55,75],[-8,65],[-28,41],[-25,-18],[-26,15],[-31,88],[-52,17],[-60,9],[-34,49],[55,132],[-12,21],[37,127],[30,0],[0,33],[20,12],[13,57],[29,4],[2,-53],[44,-5],[11,13],[4,42],[31,5],[3,35],[-30,43],[-21,73],[36,5],[5,22],[33,7],[2,23],[23,14],[-41,29],[-8,34],[19,7],[17,33],[11,70],[-21,19],[31,120],[24,27],[-4,35],[26,14],[-19,25],[7,53],[24,12],[-8,31],[-31,36],[21,15],[43,2],[10,21],[-25,20],[23,22],[94,-17],[19,29],[23,0],[10,-25],[30,-17],[-1,-35],[48,-1],[0,39],[38,6],[7,42],[29,-4],[23,-23],[-2,-31],[-56,-17],[5,-34],[26,6],[37,-82],[38,10],[85,-16],[10,-24],[42,4],[21,-9],[7,-25],[44,5],[4,-45],[58,2],[1,-21],[-41,-14],[-3,-27],[-82,-36],[1,-47],[33,-1],[13,43],[33,-14],[20,-32],[71,4],[4,21],[-22,11],[-37,-3],[-6,44],[44,22],[7,16],[24,-20],[22,-53],[45,16],[6,21],[-15,24],[-39,18],[9,29],[-31,13],[41,43],[12,33],[27,30],[52,-2],[12,-29],[24,-2],[13,29],[61,-7],[5,-50],[-76,-17],[-19,-20],[130,-21],[4,55],[-14,24],[33,19],[60,-12],[4,-55],[28,21],[77,15],[-1,19],[-41,10],[-2,22],[-58,13],[31,88],[-36,8],[-26,-17],[-87,19],[-26,15],[-8,31],[26,75],[48,0],[10,28],[-14,5],[9,36],[-33,7],[13,54],[42,23],[15,29],[-71,39],[-10,21],[18,16],[-25,12],[15,29],[-23,13],[82,41],[22,17],[-15,10],[-46,-30],[-38,-15],[6,31],[39,88],[44,4],[1,20],[-64,20],[-41,24],[2,17],[-38,12],[23,50],[-56,12],[33,37],[-3,26],[-29,38],[38,32],[57,82],[15,38],[52,61],[26,44],[-8,7],[38,64],[15,49],[53,8],[50,17],[75,14],[48,20],[32,29],[-2,27],[-21,40],[-1,46],[60,7],[10,46],[-104,-6],[-64,-23],[-46,14],[44,29],[-3,47],[-17,1],[77,79],[-23,12],[11,22],[39,2],[30,45],[-44,12],[6,87],[-20,23],[84,55],[4,22],[-25,33],[-152,84],[-21,38],[-49,17],[-79,-2],[-71,-18],[-67,-70],[0,-27],[-20,-38],[-35,-14],[-64,-10],[-41,3],[-27,15],[-21,57],[3,37],[23,12],[32,62],[77,52],[33,40],[-9,45],[-26,37],[0,-45],[-12,-39],[-122,-100],[-92,-40],[-117,-37],[-74,-12],[-92,-24],[-60,-23],[-69,-44],[-21,-80],[1,-52],[-8,-42],[-44,-75],[17,-25],[-15,-54],[14,-26],[98,-46],[61,-59],[74,-123],[11,-45],[-11,-12],[-84,-17],[-67,5],[-37,12],[-92,48],[-41,44],[-72,128],[-52,75],[-61,64],[-36,10],[-59,-13],[-65,-50],[-22,-37],[-10,-37],[16,-58],[54,-58],[54,-37],[40,-38],[18,-46],[-7,-56],[-22,-14],[-50,-6],[-71,3],[-84,14],[-118,46],[-92,46],[-82,53],[-58,-2],[-34,-10],[-18,-21],[-5,-47],[-40,-9],[-37,-45],[-14,23],[28,35],[-7,14],[-56,-44],[-25,-1],[14,36],[27,12],[35,47],[40,23],[-83,146],[-24,33],[-96,94],[8,17],[-72,54],[-101,64],[-63,48],[-40,46],[-50,-55],[-49,49],[29,67],[34,23],[-9,146],[-17,69],[-48,71],[-76,90],[-33,33],[-44,69],[-30,35],[-34,18],[-36,-5],[-51,-20],[-64,-6],[-38,-10],[-56,-46],[-36,-58],[-37,-17],[-58,5],[-58,33],[-27,45],[-74,93],[-148,145],[-59,6],[-42,-11],[-134,-56],[-36,8],[-126,65],[-14,50],[0,86],[23,73],[25,58],[-20,50],[-30,2],[-27,-16],[-37,-39],[-40,-14],[-45,30],[7,103],[-2,66],[9,52],[-26,26],[-47,11],[-60,1],[-36,-15],[-65,-68],[-44,4],[-9,31],[19,32],[45,52],[-5,113],[6,54],[-8,48],[-75,68],[-17,48],[-15,16],[-73,36],[-87,89],[-50,36],[-34,14],[-76,56],[-96,4],[-65,-11],[-68,-24],[-38,-27],[-44,3],[-115,40],[-154,60],[-1,44],[20,47],[-26,57],[-107,65],[-91,38],[-24,26],[-17,119],[7,29],[51,84],[-4,30],[-95,166],[-2,74],[-61,135],[-7,28],[-5,89],[-38,89],[-43,44],[9,51],[54,57],[30,19],[-36,51],[-161,108],[4,30],[-39,44],[-33,69],[-116,-28],[-74,-9],[-7,26],[23,95],[-17,85],[-32,61],[119,63],[51,62],[36,89],[6,88],[-13,36],[13,23],[69,38],[14,14],[-47,11],[-97,-13],[-51,18],[-11,47],[-19,31],[-22,-33],[-44,-3],[-35,-110],[-19,-14],[-115,72],[-24,11],[-68,-36],[-44,26],[-34,-8],[-67,-62],[-43,-18],[-76,-10],[-77,-49],[-31,-9],[-37,-73],[-22,-18],[-66,-5],[-23,-16],[-63,14],[-87,39],[-42,-25],[-68,-14],[-44,-36],[-20,-33],[-59,12],[-20,-16],[-66,-7],[-25,9],[1,32],[20,20],[14,44],[36,-14],[11,20],[30,-2],[16,-25],[13,36],[-27,71],[-30,-24],[-112,47],[-54,33],[-40,7],[-4,14],[94,45],[66,37],[22,30],[-19,12],[-59,-41],[-149,-71],[-63,-51],[-68,-16],[-23,-24],[-12,-45],[25,-41],[-7,-34],[-41,15],[-53,4],[-66,33],[-23,-7],[-74,13],[-19,-19],[-50,28],[-35,-28],[-57,1],[-45,16],[-41,26],[-45,-34],[-28,3],[-35,-15],[-20,13],[-24,56],[4,38],[27,34],[-4,47],[22,62],[67,64],[14,40],[28,37],[27,11],[28,101],[72,-16],[46,-2],[100,28],[82,15],[19,25],[-6,81],[-24,28],[-11,89],[-3,69],[20,39],[-28,14],[-5,56],[105,26],[-33,31],[-41,9],[-12,75],[55,13],[-5,33],[-18,8],[-19,54],[-5,57],[24,12],[13,33],[-31,9],[2,67],[16,14],[-2,63],[-111,18],[-126,-63],[-94,-16],[-209,-4],[-66,-9],[-44,0],[-56,-9],[-35,-22],[-41,-9],[-77,-59],[-149,11],[-203,25],[11,103],[30,171],[10,39],[-40,42],[-76,34],[-13,55],[-83,17],[38,88],[30,22],[35,70],[34,0],[23,68],[45,73],[128,-26],[22,63],[22,18],[29,2],[15,17],[42,19],[21,41],[-35,100],[14,77],[19,20],[52,24],[81,1],[1,30],[-26,54],[-21,86],[-8,72],[74,71],[13,30],[-6,66],[-12,52],[-58,209],[-62,6],[-123,35],[-3,114],[39,32],[-30,138],[23,74],[-17,47],[-3,50],[-30,60],[-2,33],[11,52],[-4,25],[-46,118],[-1,71],[-50,150],[3,61],[46,28],[30,6],[14,25],[26,1],[9,52],[-21,49],[-8,62],[47,2],[8,30],[9,106],[-28,21],[-5,48],[10,64],[39,44],[12,26],[59,16],[38,-5],[74,16],[0,57],[-17,37],[-1,56],[98,-12],[0,108],[-13,46],[-28,52],[-53,-2],[28,-128],[-18,-29],[-85,2],[-11,104],[17,10],[2,93],[93,6],[-45,148],[-3,27],[-34,127],[-45,-14],[3,-29],[-36,7],[-6,42],[17,25],[96,25],[48,19],[4,57],[32,64],[6,30],[69,72],[19,57],[35,20],[57,9],[11,36],[-13,96],[0,49],[10,77],[-9,53],[-27,88],[-8,54],[3,116],[-15,53],[-19,13],[-90,-14],[-60,15],[-67,-22],[-32,5],[-69,40],[-58,5],[-35,28],[-73,-6],[-86,47],[-49,40],[-2,31],[-115,47],[26,82],[2,37],[-29,8],[-38,-29],[-39,16],[-37,29],[27,19],[56,23],[67,8],[57,-5],[63,-14],[78,-27],[151,-62],[35,-5],[60,6],[58,22],[133,69],[76,65],[50,54],[41,20],[23,137],[-32,93],[3,34],[81,36],[68,-13],[99,-6],[110,17],[68,32],[24,30],[2,61],[-36,105],[35,40],[51,25],[65,-7],[16,13],[-18,29],[-78,13],[-23,43],[-60,-3],[-47,30],[-63,56],[-36,21],[2,29],[30,52],[-83,8],[-14,-12],[15,-41],[-33,-4],[-29,48],[-1,28],[29,14],[60,-5],[46,18],[37,-11],[22,-32],[18,-56],[17,-13],[111,14],[9,-28],[-8,-48],[50,18],[7,29],[50,31],[17,-4],[21,-31],[38,1],[13,66],[29,32],[85,80],[18,49],[0,57],[-21,63],[-57,63],[-257,136],[-84,39],[-105,67],[-46,56],[-36,69],[-8,31],[-7,100],[41,327],[24,93],[27,66],[42,59],[73,56],[6,28],[-15,53],[-53,64],[-67,41],[-77,13],[-61,-10],[-41,-17],[-56,-64],[-104,-99],[-52,4],[-11,35],[-28,13],[32,22],[-14,32],[-23,11],[-14,34],[48,105],[-9,23],[-50,69],[-21,67],[47,-10],[116,4],[55,13],[48,30],[-1,55],[23,4],[7,26],[-23,24],[3,31],[63,-16],[17,19],[-20,67],[20,40],[47,-4],[46,62],[41,-2],[49,-34],[80,-9],[43,17],[56,-43],[132,-11],[64,10],[56,-45],[74,-97],[97,-93],[42,-18],[32,-3],[31,12],[47,34],[20,27],[12,74],[-8,79],[-22,84],[1,50],[14,33],[62,52],[61,27],[103,32],[96,26],[67,5],[114,-21],[88,-44],[28,-34],[7,-73],[-47,-83],[-19,-47],[-4,-49],[22,-39],[23,-20],[44,-17],[63,-10],[60,6],[77,24],[50,33],[76,83],[92,78],[25,8],[47,-7],[88,-79],[28,-9],[98,4],[62,29],[59,-28],[66,-14],[32,-37],[24,-4],[28,-37],[25,1],[61,25],[-8,-47],[31,9],[-8,43],[10,36],[32,25],[38,-6],[15,10],[114,-16],[43,0],[21,11],[15,70],[105,-28],[37,9],[68,-26],[29,15],[-8,39],[-62,108],[-80,150],[-6,60],[31,63],[-1,44],[60,-9],[61,37],[40,2],[26,13],[152,11],[89,18],[38,15],[66,62],[115,46],[92,67],[43,44],[18,43],[33,104],[52,127],[7,46],[33,88],[86,-19],[140,-20],[239,-42],[13,69],[70,-44],[75,-10],[25,43],[28,1],[-9,56],[-58,-7],[12,-35],[-11,-13],[-46,-11],[-22,98],[-15,-18],[-39,8],[-11,88],[-26,3],[9,28],[68,6],[54,17],[18,30],[-95,-25],[11,49],[-76,-1],[-13,81],[17,32],[18,8],[34,47],[83,-15],[48,24],[76,107],[8,33],[259,-126],[30,23],[16,29],[21,5],[10,48],[159,26],[139,-10],[6,-40],[37,-15],[1,-35],[31,-9],[6,-26],[200,24],[9,-8],[-30,-74],[5,-25],[127,5],[13,53],[-6,29],[15,31],[58,4],[11,41],[-37,102],[-58,193],[104,5],[-11,67],[-36,117],[78,19],[23,13],[-28,79],[-46,-5],[-11,88],[56,18],[19,-21],[43,4],[26,-33],[30,-10],[37,-62],[42,25],[37,1],[14,-47],[20,-1],[-2,32],[-42,98],[-18,58],[-30,29],[-33,109],[54,22],[-44,82],[-6,29],[29,51],[-34,-11],[-9,32],[-35,34],[11,87],[-2,44],[-23,48],[27,7],[62,52],[40,-16],[22,14],[-13,33],[-32,33],[-28,42],[-25,-1],[-36,-33],[-69,32],[-108,126],[-35,16],[28,37],[-8,53],[15,13],[-13,20],[-38,-16],[-12,30],[28,13],[36,45],[48,42],[22,49],[12,84],[27,64],[8,75],[-12,90],[-16,57],[-16,111],[6,80],[14,48],[35,42],[75,41],[74,26],[89,18],[212,7],[68,-9],[282,-56],[130,-36],[160,-27],[66,-4],[33,18],[-1,51],[-17,74],[-26,61],[-25,39],[-78,107],[-44,73],[-44,103],[-20,9],[-7,53],[57,129],[-5,47],[-18,66],[-34,41],[-124,49],[-126,26],[-36,2],[-115,-8],[-107,-24],[-93,-9],[-99,-53],[-55,-39],[-70,-65],[-36,-59],[-31,-70],[-61,-60],[-75,-43],[-49,-10],[-84,3],[-124,48],[-20,101],[57,65],[26,55],[14,55],[1,62],[14,103],[27,124],[31,67],[47,58],[48,43],[-17,100],[2,105],[27,74],[114,134],[104,151],[43,50],[10,37],[-18,77],[-48,5],[-96,33],[-66,14],[-48,38],[-132,47],[-104,20],[-91,40],[-61,19],[-31,37],[-17,61],[6,47],[-12,32],[4,54],[11,20],[29,11],[121,0],[86,-18],[49,-4],[122,18],[78,24],[-95,92],[-61,-44],[-27,-10],[-37,12],[-54,6],[-80,81],[-23,55],[11,61],[19,43],[94,79],[103,48],[114,46],[76,26],[-143,165],[-89,-42],[-106,-18],[-52,6],[-40,14],[-68,58],[-44,72],[-7,45],[3,48],[28,125],[15,141],[15,64],[92,247],[33,77],[22,65],[1,144],[6,37],[-1,106],[-9,60],[-23,47],[-38,42],[-48,40],[-45,28],[-65,19],[-98,-2],[-106,-31],[-67,-34],[-90,-57],[-68,-50],[-114,-61],[-110,-69],[-83,-63],[-116,-1],[-9,43],[1,90],[15,98],[2,115],[-20,147],[-20,41],[-46,50],[-43,3],[-75,-20],[-33,2],[-32,27],[-5,30],[9,45],[23,61],[28,51],[22,86],[33,53],[35,30],[56,34],[73,11],[49,-18],[69,-38],[65,-28],[33,0],[42,21],[223,157],[255,175],[231,157],[18,17],[245,170],[253,177],[14,8],[249,181],[-74,126],[-27,78],[-59,227],[-15,47],[-39,89],[-48,51],[-81,64],[-77,73],[-114,101],[-33,38],[-22,76],[7,130],[38,228],[20,245],[28,270],[5,99],[4,186],[24,190],[17,90],[-2,147],[4,65],[-9,87],[4,132],[29,115],[28,97],[29,170],[14,65],[53,293],[28,195],[56,191],[-5,94],[-14,85],[-30,72],[-41,53],[-2,49],[10,84],[-2,80],[-10,62],[-33,96],[-36,79],[-38,109],[-27,96],[-25,56],[-31,93],[-41,77],[-89,145],[-38,71],[-76,106],[-57,118],[-63,92],[-30,30],[-54,36],[-99,56],[-116,50],[-39,28],[-152,142],[-45,34],[-88,87],[-94,62],[-62,23],[-102,21],[-96,44],[-91,33],[-149,1],[-324,9],[-90,7],[-161,-16],[-255,-38],[-110,-3],[-82,9],[-73,-1],[-89,-24],[-52,12],[-60,2],[-60,-75],[-67,-99],[-31,-59],[-86,-109],[-86,-3],[-25,19],[12,21],[-27,151],[-9,21],[-36,4],[-44,-12],[-112,-42],[-191,-61],[-194,-42],[-57,46],[-45,-23],[-103,-82],[-24,4],[-55,121],[-92,164],[-39,102],[-112,-5],[-83,-13],[-89,-8],[-105,2],[-63,6],[-91,-3],[-101,8],[-22,-64],[-13,-90],[-22,-26],[-85,-5],[-146,22],[-113,29],[-108,37],[-59,29],[-69,15],[-92,11],[-16,36],[-19,111],[7,121],[-5,111],[-5,10],[-48,1],[-110,11],[-96,17],[-146,12],[-212,37],[-105,6],[-44,-6],[-18,-65],[-48,-142],[-67,-89],[-50,-89],[-22,-48],[-79,-258],[-54,-131],[-55,-196],[-42,-93],[-29,-94],[-14,-26],[-20,4],[-65,106],[-62,122],[-15,39],[-71,132],[-107,172],[-59,105],[-63,104],[-39,83],[-77,120],[-41,71],[-75,147],[-41,64],[-198,351],[-40,81],[-107,188],[-34,26],[-202,-53],[-150,-18],[-93,1],[-266,-6],[-135,103],[-114,113],[-59,69],[-60,61],[-54,13],[-49,32],[-32,36],[-224,21],[-161,35],[-47,32],[-31,4],[-50,29],[-184,91],[-184,77],[-52,36],[-130,67],[-144,70],[-202,140],[-93,76],[-48,32],[-112,64],[-92,58],[-120,62],[-58,18],[-73,34],[-99,28],[-139,59],[-121,38],[-88,10],[-93,15],[-72,-5],[-91,-16],[-133,-31],[-88,-34],[-168,-111],[-53,-25],[-49,-34],[-86,-22],[-113,-18],[-104,-26],[-107,-15],[-98,-23],[-122,-36],[-162,-35],[-50,-8],[-74,4],[-96,18],[-100,39],[-94,19],[-92,8],[-134,-8],[-200,-31],[-53,-5],[-108,2],[-121,14],[-114,-2],[-119,12],[-116,27],[-178,26],[-154,40],[-102,47],[-140,44],[-123,56],[-143,96],[-73,42],[-83,37],[-40,35],[-24,37],[-107,111],[-117,94],[-73,69],[-55,35],[-59,28],[-35,34],[-32,47],[-67,78],[-77,75],[-85,53],[-96,67],[-163,136],[-185,135],[-56,37],[-210,168],[-153,139],[-39,61],[-14,64],[-66,117],[-65,93],[-81,97],[-71,117],[-47,65],[-79,75],[-56,35],[-113,52],[-140,82],[-51,43],[-42,27],[-50,11],[-139,53],[-24,5],[-145,7],[-136,19],[-97,7],[-93,21],[-177,68],[-60,29],[-110,45],[-154,33],[-186,63],[-122,22],[-56,4],[-232,33],[-94,-3],[-100,7],[-94,29],[-85,20],[-100,38],[-74,-7],[-80,49],[-136,62],[-100,75],[-71,49],[-44,42],[-47,60],[-39,122],[-64,122],[-32,48],[-108,185],[-52,73],[-46,53],[-107,86],[-41,44],[-93,71],[-45,47],[-34,48],[-126,103],[-46,29],[-131,95],[-77,23],[-68,26],[-66,42],[-18,0],[-90,44],[-141,55],[-70,11],[-60,-1],[-105,27],[-24,47],[-26,30],[-192,147],[-65,35],[-174,207],[-128,114],[-118,138],[-55,49],[-89,67],[-128,126],[-82,98],[-136,130],[-115,60],[-58,54],[-114,139],[-83,69],[-48,27],[-83,91],[-121,126],[-128,162],[-46,53],[-81,109],[-50,55],[-131,179],[-30,53],[-13,51],[-19,34],[-29,81],[-98,178],[-53,140],[-82,108],[-90,136],[-118,162],[-109,127],[-68,95],[-38,40],[-1,64],[-24,71],[-45,68],[-103,127],[-93,131],[-93,115],[-56,49],[-167,221],[-89,103],[-56,96],[-97,142],[-70,93],[-63,112],[-33,48],[-87,110],[-22,54],[-29,52],[-50,63],[-92,48],[-98,39],[-306,141],[-51,68],[-78,85],[-44,61],[-45,43],[-116,82],[-109,100],[-108,77],[-52,44],[-46,32],[-76,69],[-12,19],[69,97],[93,110],[107,104],[91,107],[103,104],[77,71],[132,144],[116,110],[65,75],[140,147],[100,109],[58,54],[124,100],[23,26],[-4,35],[68,37],[124,83],[62,49],[140,34],[64,27],[63,107],[27,72],[46,15],[31,20],[67,79],[103,84],[32,50],[4,33],[75,118],[34,126],[92,241],[34,67],[90,153],[17,50],[-3,39],[-66,86],[-32,35],[-120,100],[20,56],[26,2],[84,109],[26,25],[85,111],[82,87],[-17,20],[-160,84],[-52,19],[51,63],[35,75],[-14,22],[-72,22],[-20,17],[84,90],[58,50],[21,10],[58,-72],[116,-65],[50,3],[78,94],[86,112],[74,88],[49,65],[54,59],[56,74],[17,7],[173,-52],[51,-12],[111,-36],[68,-9],[80,3],[174,18],[16,45],[-2,167],[-6,25],[-49,0],[11,108],[-5,151],[15,5],[-16,215],[9,31],[51,75],[72,131],[49,126],[57,107],[40,57],[89,104],[109,88],[83,62],[155,97],[12,3],[19,-70],[53,-121],[48,-98],[30,-99],[18,-77],[45,-84],[36,-88],[24,-27],[32,-16],[82,0],[102,13],[7,21],[-8,39],[-63,199],[-26,124],[-20,145],[4,124],[26,185],[2,58],[-7,28],[-34,23],[3,76],[-10,37],[-46,100],[77,6],[13,-52],[20,-23],[174,-4],[64,2],[20,24],[-3,21],[-63,26],[22,60],[23,103],[65,2],[13,18],[-43,29],[-2,14],[112,27],[89,46],[-32,21],[-51,12],[8,52],[-4,66],[-28,38],[13,21],[25,3],[-13,36],[13,23],[46,20],[21,-53],[46,-8],[87,-1],[-17,98],[19,16],[4,-55],[18,-73],[11,-11],[64,17],[52,0],[39,13],[61,-11],[110,0],[28,-42],[24,-6],[21,16],[83,29],[16,18],[0,61],[-27,112],[-34,90],[5,11],[120,18],[20,8],[0,44],[45,4],[89,20],[59,3],[27,-7],[100,-4],[32,4],[23,50],[-30,30],[-80,12],[-91,2],[-84,11],[-10,-11],[-47,15],[-85,86],[-38,45],[-87,90],[-24,43],[-65,76],[-11,27],[6,24],[43,59],[44,26],[105,36],[-9,59],[-109,65],[-68,47],[-110,6],[-12,6],[-28,76],[-83,21],[-29,29],[75,90],[76,130],[48,69],[44,-13],[47,-69],[27,-28],[42,-11],[72,24],[66,13],[19,-19],[4,-64],[83,6],[-1,18],[-36,16],[5,22],[58,30],[3,111],[-62,3],[-27,57],[-15,13],[-81,-9],[-67,-73],[-22,17],[2,68],[12,77],[-19,23],[-153,25],[-98,24],[-30,12],[-4,17],[24,63],[-4,18],[-47,45],[-18,125],[-74,68],[-87,102],[-94,69],[-82,32],[-21,-1],[-52,-24],[-89,18],[-15,90],[-24,80],[-17,80],[-11,130],[2,95],[-8,135],[-20,98],[-7,80],[60,11],[-45,33],[12,5],[146,0],[100,14],[19,-2],[15,-47],[86,-61],[83,-36],[110,-2],[117,19],[75,21],[53,157],[27,5],[-60,106],[-7,27],[28,0],[116,-29],[37,-5],[49,9],[19,21],[3,120],[11,53],[80,13],[54,34],[39,75],[33,39],[112,-32],[65,-31],[-47,-56],[-3,-13],[59,-20],[38,9],[115,116],[74,50],[82,90],[41,23],[55,-20],[94,-56],[46,-1],[75,25],[121,63],[53,15],[68,35],[54,41],[68,32],[174,67],[62,15],[140,27],[138,20],[89,8],[134,1],[124,-7],[120,-23],[46,-30],[64,-58],[62,-64],[30,-44],[50,-128],[73,-116],[29,-38],[50,-97],[79,-111],[135,-136],[42,-34],[68,-42],[57,-47],[89,-64],[82,-53],[81,-78],[45,-51],[108,-108],[58,-70],[42,-62],[97,-193],[28,-70],[22,-83],[39,-216],[7,-112],[0,-110],[8,-167],[-5,-119],[-20,-85],[-12,-82],[-24,-73],[-65,-130],[-58,-133],[-56,-78],[-24,-43],[137,-8],[26,11],[58,-1],[19,-30],[76,10],[56,38],[4,30],[-21,49],[3,44],[14,41],[6,63],[20,27],[10,95],[-4,71],[24,78],[70,118],[38,44],[44,31],[50,23],[55,16],[63,-2],[14,-19],[-12,-68],[-49,-109],[6,-9],[65,-14],[-8,-102],[28,-42],[59,10],[7,42],[41,5],[25,53],[56,-11],[-3,-28],[115,-18],[4,-33],[-29,-9],[-16,-38],[26,-23],[45,-3],[8,34],[47,24],[39,36],[111,21],[54,-2],[62,-48],[70,10],[4,-61],[24,-38],[34,11],[-16,-27],[34,-3],[47,24],[76,-6],[-22,-29],[-29,-8],[13,-85],[-14,-17],[-82,14],[-13,-42],[10,-41],[37,-41],[48,-133],[39,-25],[-22,-66],[12,-23],[39,-24],[43,0],[62,35],[39,66],[34,118],[111,14],[39,31],[38,9],[19,20],[-6,57],[18,13],[73,8],[34,-6],[39,-30],[18,67],[32,36],[98,10],[26,-6],[18,-29],[24,-66],[3,-83],[-28,-60],[1,-26],[37,-50],[54,-34],[36,-36],[35,-53],[34,-34],[44,-17],[82,1],[43,11],[86,4],[14,54],[40,34],[18,52],[-22,31],[-4,65],[76,22],[99,5],[14,33],[6,49],[12,24],[83,88],[39,36],[14,26],[3,41],[-16,98],[25,14],[59,4],[14,18],[-25,56],[13,28],[74,35],[-9,57],[-32,58],[-54,73],[3,33],[-22,49],[-54,-4],[-31,-27],[-26,9],[-40,33],[-54,-20],[-64,-5],[-39,-54],[-38,9],[-22,-7],[-38,-40],[-21,8],[47,107],[17,27],[-7,83],[3,38],[-13,29],[-47,23],[-53,-5],[-104,-36],[-22,13],[-17,73],[-30,85],[-75,180],[-17,55],[-6,64],[17,44],[23,19],[39,4],[99,-45],[34,6],[-2,76],[20,28],[22,-10],[63,-56],[51,-3],[48,-19],[55,26],[-2,21],[-55,137],[-20,100],[5,55],[21,16],[29,-4],[31,-38],[25,-16],[23,17],[-13,55],[-60,88],[12,37],[22,17],[58,17],[28,32],[5,37],[17,29],[60,36],[-5,38],[-60,127],[26,41],[101,41],[155,52],[91,37],[57,-5],[42,-22],[53,-41],[39,-4],[33,10],[50,111],[30,51],[118,71],[-11,52],[-53,46],[-1,24],[32,15],[81,-20],[48,1],[90,39],[45,-7],[17,-23],[-15,-43],[-87,-75],[-3,-32],[37,-3],[65,12],[27,-5],[12,-42],[-23,-14],[-65,0],[-2,-34],[34,-30],[48,-13],[74,18],[32,-9],[15,-30],[-2,-49],[12,-26],[62,11],[84,30],[86,-10],[31,-16],[92,-74],[69,-67],[35,-12],[113,1],[31,10],[37,38],[-8,51],[6,55],[28,18],[24,-5],[8,-34],[34,-29],[46,26],[27,-1],[16,-31],[59,-6],[81,21],[69,71],[40,49],[28,57],[75,81],[18,56],[-7,53],[-24,51],[-33,19],[15,39],[-11,18],[-36,5],[-29,24],[-36,73],[9,29],[45,17],[-7,26],[-90,1],[-54,-18],[-46,23],[-30,55],[2,58],[-12,24],[7,40],[26,23],[84,-17],[18,8],[-6,23],[-40,57],[10,60],[92,108],[65,45],[69,-1],[37,39],[45,-8],[23,27],[8,56],[34,58],[23,89],[13,4],[49,-30],[54,-22],[13,-36],[30,-1],[32,-54],[28,-90],[10,-5],[115,-7],[57,6],[28,11],[36,39],[-13,34],[-34,186],[-37,3],[7,18],[-35,-1],[-80,37],[-10,19],[47,2],[65,16],[84,-31],[51,14],[1,53],[-13,16],[-68,32],[-55,3],[-110,16],[-15,8],[26,76],[8,95],[18,58],[46,96],[6,36],[-15,29],[-31,24],[-35,-21],[-8,22],[-1,62],[19,12],[7,-22],[51,-5],[55,5],[164,41],[3,52],[-33,37],[52,54],[-8,31],[45,32],[10,51],[16,26],[44,-11],[45,1],[11,11],[-3,67],[11,55],[19,24],[26,72],[-24,63],[-13,68],[30,6],[12,-21],[5,-68],[29,-21],[-2,-25],[-28,-66],[-2,-46],[39,-18],[4,-57],[50,14],[68,-9],[34,-24],[43,-10],[38,-50],[27,-16],[39,14],[49,32],[-2,23],[-58,-13],[-12,23],[48,34],[35,0],[6,77],[-15,39],[-41,69],[13,39],[48,28],[16,-4],[1,-37],[-19,-47],[11,-17],[33,10],[11,26],[32,14],[18,-7],[18,-42],[17,-13],[47,43],[6,19],[-37,43],[-21,11],[-29,36],[-37,-18],[-30,7],[5,29],[81,29],[25,35],[-64,-8],[-10,7],[-28,81],[9,3],[77,-28],[38,16],[-7,30],[-33,26],[-49,23],[-24,28],[4,15],[96,1],[60,42],[68,73],[13,42],[-2,122],[27,88],[23,31],[39,15],[96,-15],[44,3],[30,18],[17,43],[36,37],[10,71],[-31,50],[-38,10],[-64,-2],[-10,23],[-43,16],[-61,35],[-60,9],[-120,-6],[-68,7],[-90,28],[-37,77],[-17,48],[-24,136],[-10,28],[8,45],[-15,164],[34,-7],[82,72],[150,155],[11,28],[-3,90],[13,52],[110,159],[86,55],[31,33],[26,48],[45,46],[35,-7],[3,28],[67,95],[-2,30],[-25,7],[-42,-7],[-74,7],[-72,29],[-44,56],[-6,68],[18,143],[20,31],[-5,27],[1,99],[-7,49],[-37,59],[-27,59],[1,29],[-18,60],[-24,52],[14,104],[43,37],[34,90],[32,99],[-2,18],[-77,167],[-64,19],[-59,31],[20,123],[33,16],[-17,23],[-70,183],[18,17],[3,34],[-16,75],[115,1],[106,26],[13,52],[29,36],[95,19],[16,22],[22,-5],[61,15],[27,29],[14,40],[69,14],[37,17],[35,45],[-8,52],[-22,64],[8,46],[39,14],[48,-41],[20,15],[-14,98],[-12,37],[20,50],[-22,57],[-52,46],[1,25],[117,71],[-7,44],[-63,52],[-85,25],[-13,31],[29,59],[69,170],[-4,36],[-92,12],[-18,17],[1,40],[36,56],[-5,24],[-122,-23],[-43,22],[-73,99],[-33,63],[-31,76],[-118,71],[-111,12],[-47,28],[-6,27],[20,41],[59,71],[54,38],[9,35],[-14,27],[-59,60],[-33,64],[-6,37],[9,104],[-23,72],[11,72],[26,90],[-2,57],[-24,59],[-40,54],[-44,43],[-26,9],[-62,-68],[-50,-7],[-28,28],[-6,73],[22,35],[44,40],[0,39],[14,169],[43,43],[96,48],[14,-51],[-51,-11],[-53,-23],[-16,-24],[-7,-58],[16,-20],[3,-45],[-15,-63],[-26,-27],[-53,-79],[3,-24],[25,-27],[21,13],[51,61],[33,17],[59,-43],[52,-78],[28,-9],[102,-14],[19,5],[6,27],[57,-4],[202,-29],[82,-16],[72,-19],[114,-10],[40,-20],[54,-8],[63,23],[59,32],[42,36],[41,-19],[24,-1],[-5,33],[52,2],[50,-10],[19,14],[-4,23],[-29,-1],[-15,20],[38,2],[-6,18],[-66,7],[-20,26],[41,58],[26,64],[-9,34],[42,16],[67,77],[18,43],[16,159],[35,43],[127,-4],[14,-76],[33,15],[96,-27],[18,9],[-2,28],[98,-3],[14,-24],[63,5],[82,-22],[55,0],[86,-17],[38,2],[86,-18],[32,10],[65,-7],[19,-32],[15,-101],[0,-107],[12,-19],[113,-7],[79,-10],[100,-5],[58,9],[50,-11],[30,34],[69,-13],[76,-53],[59,-18],[78,-16],[193,-25],[96,-18],[83,-26],[36,4],[21,-24],[37,3],[96,-25],[93,-6],[78,3],[-30,-47],[-49,-32],[-100,-43],[-24,-24],[14,-45],[46,-44],[-14,-82],[3,-40],[25,-28],[67,-5],[53,-28],[22,1],[13,26],[-20,39],[42,14],[11,16],[56,-8],[32,96],[31,41],[8,45],[56,-22],[42,20],[41,-27],[32,4],[18,37],[49,30],[74,-33],[42,-29],[90,-14],[63,11],[62,-15],[77,-42],[31,-39],[2,-19],[-15,-85],[-6,-133],[-18,-44],[-23,-28],[-75,-59],[-18,-21],[3,-41],[91,-76],[123,-58],[93,-23],[69,7],[27,19],[120,10],[47,-6],[7,52],[68,-38],[62,-1],[72,26],[92,0],[45,-6],[0,45],[26,34],[24,8],[15,77],[19,25],[96,-4],[67,4],[47,23],[54,59],[16,46],[35,-8],[45,21],[0,50],[26,20],[-33,79],[9,126],[103,-6],[74,-36],[72,-16],[27,21],[73,30],[75,40],[41,32],[49,0],[27,34],[38,-10],[69,30],[20,60],[30,16],[22,-5],[37,41],[42,32],[-15,89],[22,10],[29,46],[33,11],[65,-5],[43,-13],[57,-1],[28,40],[36,7],[98,-34],[61,3],[100,-23],[52,-48],[79,1],[66,-6],[142,45],[81,16],[59,30],[42,6],[127,62],[52,-33],[75,-26],[81,-14],[147,-18],[82,-14],[49,6],[167,-37],[74,4],[116,-2],[25,-23],[10,-43],[43,-15],[12,-42],[-1,-41],[91,-5],[102,19],[85,41],[29,56],[35,42],[81,24],[9,51],[23,37],[-6,34],[-19,11],[41,32],[7,33],[31,27],[34,-2],[120,5],[106,11],[40,-11],[-13,-62],[58,9],[178,7],[58,9],[64,-9],[109,3],[85,-13],[68,15],[147,-2],[48,-10],[102,-1],[44,-16],[94,-10],[15,-19],[17,-51],[46,-36],[13,-66],[23,-17],[121,-5],[102,17],[38,-10],[0,-97],[59,-8],[80,10],[38,28],[57,-20],[101,-25],[-3,-119],[42,-30],[0,-31],[-33,-94],[14,-19],[60,-25],[-2,-45],[-29,-159],[5,-16],[115,19],[106,12],[8,20],[82,36],[12,-69],[54,-50],[42,-26],[57,-18],[23,6],[73,-13],[7,18],[58,7],[4,-31],[-32,-19],[-15,-31],[2,-40],[-37,-15],[-5,-44],[34,-40],[23,13],[83,-12],[41,10],[19,91],[55,37],[65,110],[29,57],[56,47],[16,-22],[48,1],[83,-73],[102,-16],[51,5],[9,29],[46,58],[5,43],[23,47],[19,69],[81,-18],[38,7],[11,-23],[-19,-71],[1,-52],[62,-18],[7,-22],[-16,-76],[-3,-76],[6,-44],[202,-70],[91,-19],[48,-20],[120,-20],[199,-80],[69,-42],[118,-27],[91,-31],[109,-19],[121,-3],[74,-8],[12,5],[-6,86],[10,10],[63,-14],[45,-2],[11,37],[46,15],[58,-6],[59,17],[12,93],[1,68],[13,44],[7,79],[-1,72],[26,41],[66,41],[11,24],[-10,24],[20,39],[25,18],[42,-13],[53,1],[-4,69],[35,-11],[20,-20],[30,2],[15,42],[85,0],[43,30],[28,1],[4,23],[-26,56],[9,31],[49,90],[43,29],[-7,68],[-11,45],[36,56],[4,74],[43,49],[16,32],[124,-6],[96,7],[-6,77],[37,12],[7,63],[29,-10],[42,9],[40,-2],[60,17],[-37,95],[82,11],[23,-7],[62,-108],[49,10],[5,-12],[-44,-40],[23,-13],[108,27],[17,-19],[-33,-20],[-15,-38],[0,-46],[11,-33],[43,-41],[-24,-53],[25,-63],[50,-26],[10,-29],[81,3],[55,-23],[29,22],[51,11],[40,45],[29,13],[108,-7],[63,-18],[12,-36],[39,-18],[-9,-55],[8,-88],[16,-61],[-2,-29],[-25,-75],[-8,-52],[20,-21],[96,-19],[27,8],[41,32],[4,20],[91,12],[5,108],[12,12],[91,17],[-6,37],[23,0],[18,-90],[-81,-25],[9,-20],[38,-22],[-35,-18],[-20,-54],[4,-53],[56,-48],[25,-89],[0,-81],[15,-20],[-13,-86],[8,-27],[105,-1],[34,-16],[117,8],[172,-1],[50,-6],[50,-20],[25,-1],[1,47],[14,59],[-14,139],[65,-1],[50,-14],[40,-46],[129,-22],[69,-20],[11,-36],[96,-58],[81,-16],[21,-11],[21,10],[36,-22],[30,2],[8,25],[102,13],[18,25],[42,1],[20,-32],[1,-34],[51,-50],[2,-49],[-17,-68],[8,-33],[-13,-52],[-10,-104],[24,-31],[51,-20],[88,-25],[85,5],[65,-25],[19,-21],[79,-56],[25,-6],[15,48],[2,80],[27,80],[-7,58],[19,26],[62,44],[35,40],[30,-1],[36,18],[-28,58],[51,50],[70,44],[43,42],[52,21],[29,33],[86,-31],[17,-12],[-2,-33],[69,-9],[-3,-60],[36,-37],[46,-7],[15,-25],[-7,-62],[13,-25],[79,7],[9,25],[42,51],[39,16],[13,20],[85,-2],[17,116],[31,56],[-48,21],[-112,37],[-62,6],[-8,9],[16,42],[46,20],[29,1],[16,45],[21,14],[1,21],[41,25],[-19,43],[-1,28],[-17,12],[-2,40],[10,91],[16,18],[-4,23],[-28,0],[-24,-18],[-68,3],[-21,-34],[-59,-14],[-51,1],[-88,28],[-32,26],[-1,33],[-63,38],[-78,69],[-3,57],[25,63],[92,89],[2,37],[-24,58],[20,72],[11,72],[0,53],[-22,31],[7,44],[15,3],[31,-45],[37,-8],[16,-24],[53,-49],[11,-64],[106,4],[58,-25],[65,8],[47,36],[69,-16],[34,-1],[42,26],[2,29],[36,27],[61,-31],[44,-15],[46,14],[33,62],[24,17],[45,11],[96,-48],[17,33],[3,52],[-66,54],[-39,44],[-20,51],[20,70],[-17,99],[12,88],[-30,82],[-7,55],[-20,27],[-61,38],[-97,100],[-104,67],[-65,84],[53,52],[73,92],[11,25],[-27,40],[-42,32],[-51,70],[-19,44],[6,50],[43,29],[56,70],[31,19],[77,11],[-7,79],[13,43],[43,46],[100,-13],[35,30],[102,11],[100,33],[123,52],[55,3],[46,80],[96,-5],[55,15],[35,93],[4,39],[48,-4],[-1,-17],[64,19],[46,-12],[12,9],[32,58],[37,-27],[5,24],[-33,24],[9,41],[32,0],[12,39],[26,-2],[20,17],[32,99],[23,37],[31,13],[21,54],[31,16],[101,-17],[40,-13],[36,0],[27,-21],[11,-28],[-12,-33],[22,-45],[98,-10],[33,-27],[27,-7],[135,1],[106,-15],[28,-8],[17,-23],[-3,-86],[13,-44],[36,-20],[28,5],[31,36],[-2,36],[-34,139],[-12,197],[12,100],[6,87],[12,103],[16,53],[10,144],[16,112],[0,56],[12,62],[10,170],[-2,71],[-15,79],[-16,21],[-28,-6],[-18,-32],[-3,-41],[-27,-28],[-58,-3],[-28,-30],[-5,-63],[-53,-35],[-43,-14],[-115,-8],[-50,-8],[-38,7],[-9,24],[-35,0],[-76,-22],[-34,36],[-40,30],[-31,46],[-55,-7],[-52,19],[-48,-23],[-30,3],[17,48],[32,45],[-7,25],[-55,-13],[-26,-39],[-44,38],[4,75],[45,25],[17,43],[-8,10],[-124,-3],[-59,2],[-111,16],[-37,-8],[-26,-138],[-24,-20],[-84,-14],[-87,15],[-60,25],[-71,2],[-69,47],[-34,41],[-1,24],[-25,11],[-86,6],[-26,11],[-17,-76],[2,-82],[-19,-23],[-87,-7],[-44,26],[-34,48],[-21,-13],[-9,-28],[-59,-4],[-62,56],[-67,15],[-102,-54],[-35,1],[-18,18],[-27,-5],[-22,-46],[-25,-9],[-59,2],[-52,-17],[-59,-3],[-37,34],[-11,29],[-127,22],[-29,18],[-2,23],[-153,8],[-28,6],[-33,43],[14,150],[-13,51],[16,45],[-1,46],[-16,18],[8,49],[-9,77],[-27,3],[6,-50],[-13,-26],[-52,4],[-15,-21],[-27,6],[-24,-14],[-2,-56],[-14,-24],[-83,-7],[-103,0],[-53,8],[-71,1],[-17,17],[0,51],[-86,72],[-14,25],[-28,12],[-55,138],[-56,83],[-3,25],[-38,69],[-43,33],[-14,75],[-2,78],[-15,46],[3,54],[-17,51],[0,29],[20,75],[-8,28],[-27,4],[-54,-12],[-183,-17],[-79,-28],[-58,11],[-109,0],[-51,19],[-42,2],[-117,-19],[-1,-28],[-61,-50],[-9,-22],[16,-80],[20,-51],[43,-35],[26,-97],[-2,-27],[-17,-18],[-110,-10],[-49,32],[-244,196],[-40,48],[-18,44],[-13,101],[-27,9],[-58,-5],[-40,61],[6,28],[-128,59],[-27,16],[-77,65],[56,56],[-3,87],[15,84],[20,18],[-5,57],[5,58],[-200,-35],[-1,100],[-34,8],[-17,27],[-87,-25],[-125,-16],[-34,10],[-31,46],[0,29],[22,27],[-41,71],[11,49],[-29,38],[2,51],[-19,17],[-217,-25],[-55,-21],[-34,-2],[-7,46],[-16,22],[-108,0],[-68,5],[-21,19],[12,47],[-12,73],[-25,13],[-60,0],[-7,23],[28,112],[31,70],[-36,36],[-5,23],[10,139],[-8,83],[17,24],[58,0],[61,10],[-34,43],[-46,39],[-88,-1],[-25,8],[21,72],[-2,108],[-15,52],[8,30],[113,18],[21,46],[20,15],[2,58],[-15,79],[-16,28],[-59,-10],[-33,3],[-26,108],[-10,60],[-91,-17],[-61,-5],[-178,-7],[-176,-13],[-21,18],[-18,143],[10,122],[-9,28],[-25,12],[-84,4],[-118,28],[-24,-10],[-57,0],[-91,18],[15,17],[84,49],[45,43],[34,42],[18,46],[9,77],[37,26],[45,-10],[1,-24],[-27,-21],[21,-43],[87,6],[82,-11],[60,1],[16,40],[28,8],[71,-1],[26,11],[8,22],[7,79],[34,73],[-7,54],[-28,30],[-44,9],[-23,55],[5,27],[36,42],[41,6],[142,-13],[2,55],[-7,99],[-57,-2],[-14,11],[4,73],[13,77],[-23,14],[-15,30],[-64,1],[-49,-13],[-31,4],[-32,41],[-9,92],[-16,21],[-37,11],[-3,87],[22,48],[37,57],[43,5],[88,59],[15,17],[-18,19],[-61,-9],[-11,11],[61,25],[93,48],[54,50],[20,10],[60,6],[43,16],[33,46],[29,143],[0,38],[-22,27],[-80,73],[-46,72],[6,69],[22,49],[64,113],[-8,90],[-13,21],[-90,101],[-45,74],[-6,65],[3,63],[-86,206],[-45,52],[-29,93],[-76,-16],[-94,-13],[-49,-18],[-79,-4],[-142,-32],[-72,-1],[-56,9],[-37,23],[-27,37],[-30,75],[-8,59],[-34,103],[-77,129],[12,36],[-3,98],[5,137],[-8,48],[28,47],[7,58],[-12,26],[-60,55],[-33,56],[9,80],[19,44],[1,53],[43,51],[31,56],[9,34],[-32,17],[-126,-1],[-22,10],[-31,39],[-40,5],[-98,-41],[-41,-2],[-72,8],[-119,-30],[-123,-17],[3,-48],[-20,-16],[-201,-62],[-63,-28],[48,-25],[4,-43],[-31,-9],[-70,-4],[-33,-43],[-35,35],[-58,-22],[-49,23],[-74,-2],[-36,6],[-9,80],[-81,8],[-122,53],[-115,73],[-2,58],[-11,41],[-20,21],[-183,-15],[-104,33],[-27,-6],[-15,-36],[-24,-12],[-1,-41],[23,-22],[75,-19],[15,-53],[5,-63],[18,-87],[-1,-49],[-37,-80],[-16,-48],[5,-48],[27,-36],[46,-36],[46,-20],[74,-58],[29,-90],[41,-15],[55,-4],[56,42],[49,3],[11,-96],[-6,-58],[-11,-25],[-63,-2],[-74,-98],[-53,-48],[-48,-70],[-51,-23],[-78,-17],[-147,-15],[-27,7],[-88,37],[-43,4],[-87,-26],[-52,15],[-66,-15],[-78,-37],[-37,-58],[-21,-94],[-35,-10],[-158,36],[-2,11],[58,146],[34,60],[55,3],[10,26],[-12,62],[-55,100],[5,156],[-3,22],[-25,8],[-68,-20],[-63,-10],[-147,1],[-33,14],[-48,-7],[-17,-21],[-50,-22],[-50,-9],[-101,2],[1,-27],[-52,-25],[-143,-14],[-7,-63],[-23,-7],[-105,-1],[-54,-6],[-82,10],[29,-31],[-1,-19],[-56,-11],[-6,-34],[7,-61],[-36,-1],[-10,35],[-23,27],[37,39],[11,29],[-13,43],[-54,4],[-16,-27],[-38,-2],[-25,24],[-76,-4],[11,-54],[49,-103],[4,-25],[-14,-35],[-8,-55],[-33,-22],[16,-27],[9,-73],[23,-83],[25,-181],[15,-61],[-139,-52],[26,-91],[-76,-28],[-163,-7],[-35,-11],[-8,-102],[-26,-19],[-2,-48],[-26,-6],[-87,54],[-25,4],[-6,22],[-48,12],[-9,24],[-140,9],[-75,33],[-84,20],[-61,0],[-105,-25],[-62,-20],[-63,-7],[-19,-14],[-103,0],[-27,24],[-122,-17],[-49,1],[-32,25],[-121,-17],[-121,-33],[-10,21],[-1,72],[-19,18],[-8,111],[-49,-13],[-24,101],[-131,-4],[-81,-26],[-82,-1],[-46,-27],[-70,-19],[-38,-25],[-39,-47],[-55,2],[-14,101],[4,57],[-39,90],[-15,74],[-20,133],[-21,37],[-37,33],[-3,27],[73,23],[17,29],[30,5],[39,-32],[43,-1],[10,19],[-7,45],[14,48],[-38,10],[-15,25],[-30,-19],[-35,2],[-17,57],[-78,37],[-89,28],[-70,-18],[-154,-18],[-128,-29],[-128,-19],[-92,-22],[-84,-12],[-30,13],[-26,58],[-8,45],[-26,46],[-23,14],[-24,44],[-10,44],[-77,-11],[-18,5],[-42,41],[-30,19],[-14,61],[-23,60],[-42,27],[-16,27],[-77,-11],[-66,5],[-73,-43],[-18,0],[1,38],[44,20],[58,47],[-15,39],[-9,67],[4,78],[-11,11],[-59,-17],[-70,-6],[-76,-12],[-37,-17],[-35,-74],[-12,-44],[-68,-28],[-10,-11],[-6,-62],[-31,-48],[-9,-61],[-15,-12],[-49,-4],[-69,20],[-43,21],[-47,58],[-30,7],[-65,-3],[-25,-15],[-46,2],[-90,36],[-65,8],[-76,-1],[-102,7],[-46,-2],[-27,-19],[-11,-24],[-132,5],[-64,14],[-3,37],[-40,16],[-24,26],[-108,3],[-12,11],[19,70],[-16,26],[-123,-15],[-30,-19],[-60,-3],[-87,-16],[-103,19],[-31,12],[-91,51],[-43,19],[17,66],[19,29],[28,17],[-1,96],[-14,6],[-119,-31],[-17,-37],[-51,-31],[-64,-19],[8,-69],[20,-62],[0,-41],[-28,-77],[-22,-24],[-50,-19],[21,-28],[7,-36],[-57,-4],[-80,19],[-120,-25],[-27,14],[-13,27],[12,39],[45,14],[13,17],[-5,58],[-37,46],[-12,78],[15,62],[12,82],[-76,26],[-26,16],[18,81],[-6,71],[49,17],[12,14],[53,2],[-42,44],[17,69],[16,32],[-15,32],[-8,118],[-23,36],[-58,-9],[-46,-20],[-50,-9],[-50,4],[-8,-67],[-51,8],[1,63],[10,55],[2,109],[-6,121],[-9,25],[-112,18],[-91,20],[-14,-53],[-38,-68],[-44,-125],[-46,-53],[-33,1],[-28,16],[-52,46],[-93,60],[18,41],[33,130],[-2,53],[-24,28],[-33,18],[-18,24],[-94,17],[-37,30],[-39,-3],[-8,-34],[-50,-42],[-61,15],[-18,-12],[0,-47],[-19,-3],[-25,26],[-13,42],[-28,43],[-42,33],[-86,48],[-88,24],[-65,27],[-38,42],[-23,75],[-46,61],[1,25],[36,62],[5,26],[-93,18],[-87,7],[-5,137],[13,71],[50,118],[55,82],[43,45],[39,58],[28,163],[9,190],[7,69],[-123,15],[-128,0],[-13,-5],[30,-51],[-86,0],[-19,64],[-82,22],[-194,40],[-42,-139],[-8,-11],[-63,2],[-4,116],[-36,-4],[-127,5],[-58,12],[-56,1],[-93,-76],[-61,-12],[-48,23],[-7,18],[-8,91],[-102,-11],[-3,22],[28,59],[-2,93],[-10,26],[-89,7],[-30,28],[-18,65],[-29,11],[-156,42],[11,52],[-17,52],[-105,-17],[-160,-40],[-234,-12],[39,131],[96,27],[-18,50],[54,25],[36,59],[0,22],[-66,23],[-27,61],[-14,75],[-23,73],[17,83],[-15,18],[-40,-11],[-18,20],[3,29],[18,35],[56,49],[4,28],[-18,34],[24,98],[41,67],[67,68],[70,45],[65,20],[66,59],[-27,33],[30,140],[-21,8],[-3,64],[26,86],[24,113],[-6,84],[2,49],[-33,22],[-70,3],[22,61],[17,93],[7,76],[17,89],[10,77],[-7,54],[-47,19],[7,82],[-1,78],[8,96],[-20,41],[-93,7],[-4,-16],[-210,25],[-45,-17],[-31,1],[-41,37],[-51,10],[-101,59],[-108,12],[-79,24],[-148,1],[-37,7],[-50,26],[-34,-3],[-39,-18],[-36,12],[-25,42],[-109,-2],[-31,-8],[-75,-92],[-52,23],[-78,46],[-52,12],[-132,20],[-77,3],[-20,43],[-44,7],[-117,-11],[-36,17],[-52,11],[16,146],[20,74],[41,66],[46,87],[6,40],[-31,54],[-41,33],[-68,8],[-105,-27],[-48,0],[-102,-20],[-44,-18],[-37,-27],[-25,21],[-28,5],[-36,-13],[-14,54],[0,85],[-23,3],[16,97],[62,110],[-2,19],[-101,8],[-63,-2],[-22,19],[-54,16],[3,45],[-79,-5],[-7,30],[-54,35],[-17,-11],[-116,5],[-27,-7],[-45,23],[-63,-4],[-50,5],[-86,-37],[-4,63],[11,4],[-5,47],[-32,14],[-12,35],[22,68],[-8,68],[24,44],[30,21],[-13,30],[13,20],[-33,20],[-35,6],[-16,17],[9,42],[104,-16],[21,7],[28,80],[33,17],[14,95],[-31,82],[-35,-28],[-29,8],[-27,-41],[-117,24],[-75,22],[-56,9],[-24,47],[-35,6],[20,52],[-56,1],[-17,16],[-45,-3],[-53,9],[-128,36],[48,89],[15,63],[20,43],[-19,23],[10,42],[-77,36],[-15,-2],[-27,-65],[-20,-11],[-52,20],[-87,24],[-36,70],[-103,0],[-13,21],[-84,-29],[-57,-14],[1,22],[-34,24],[-21,37],[-41,10],[-24,112],[-118,7],[-24,58],[16,36],[-132,32],[-59,11],[-173,54],[-77,-84],[-33,-24],[-83,12],[-94,-6],[1,18],[-33,13],[30,58],[-32,15],[-6,61],[-59,27],[23,46],[66,0],[-11,40],[-83,25],[-59,11],[-64,27],[17,48],[65,144],[-32,40],[-123,50],[4,32],[-98,27],[-33,23],[-159,51],[-48,29],[-67,18],[-138,55],[-9,25],[28,56],[-59,24],[43,38],[-116,40],[-184,69],[-102,16],[-12,10],[49,46],[3,58],[-17,20],[32,97],[-93,14],[-28,16],[-61,-11],[-89,13],[-58,43],[-77,-22],[-44,-40],[-36,3],[-22,34],[-30,12],[3,32],[-40,20],[-16,29],[-40,19],[-69,67],[-74,34],[-75,-3],[-12,31],[-73,58],[13,30],[18,9],[50,-4],[58,20],[23,65],[-16,80],[9,22],[45,22],[-2,44],[21,42],[-12,76],[-6,104],[-11,83],[3,58],[-3,70],[-18,78],[-18,31],[-41,23],[19,35],[-9,35],[-107,54],[-46,31],[-110,62],[-85,60],[-36,6],[-22,-60],[-21,-26],[-28,-3],[-63,12],[-106,29],[-14,-32],[-158,35],[6,43],[-16,5],[-12,-73],[-16,-13],[13,-26],[-1,-60],[-30,-39],[10,-22],[-33,-43],[-71,11],[-44,25],[-6,18],[15,72],[-71,8],[-38,17],[-46,-38],[-42,-10],[-67,7],[-55,-13],[-23,-18],[1,-42],[-15,-25],[-49,-25],[-19,-24],[-1,-46],[-20,-17],[-57,-21],[-17,-22],[20,-32],[62,-27],[-3,-24],[-24,-11],[-69,2],[8,-30],[42,-19],[-2,-37],[-53,-20],[-52,-4],[-54,30],[-41,66],[-28,1],[-38,-48],[-26,-20],[-27,0],[-58,18],[-82,49],[-108,28],[-72,31],[15,-96],[-12,-24],[-52,-2],[-27,24],[-60,-37],[-32,-63],[-25,-84],[34,-10],[33,20],[22,-8],[-20,-50],[-72,-29],[-35,-120],[-29,-20],[-52,5],[-118,35],[-108,27],[-53,26],[15,69],[-49,30],[17,59],[-21,39],[-71,63],[-42,20],[-55,7],[-12,10],[18,42],[-63,31],[23,54],[-7,9],[-110,31],[-40,4],[-29,-19],[-8,-52],[-30,2],[-80,31],[-26,-18],[-26,-1],[-22,27],[-37,-60],[-73,-33],[-4,-37],[15,-25],[31,-20],[-16,-21],[-81,15],[2,-34],[59,-29],[-18,-53],[-25,-8],[-82,11],[-31,10],[-51,-27],[6,-79],[-58,-9],[2,-28],[-49,-61],[0,-50],[-18,-18],[-117,33],[-153,61],[-18,14],[-42,-5],[-66,-51],[-113,-20],[7,-68],[-59,5],[1,-29],[23,-33],[-2,-40],[22,-18],[-28,-29],[-83,-5],[11,-94],[-13,-22],[-39,-21],[-18,-41],[-24,-8],[-51,10],[-20,-34],[-40,-17],[-196,13],[-3,39],[23,46],[60,94],[3,13],[-49,3],[-23,-50],[-26,10],[-32,-22],[-125,9],[-14,18],[17,74],[41,65],[8,30],[39,29],[24,139],[-18,47],[-4,107],[-81,17],[-42,48],[-87,6],[-13,46],[-37,13],[-29,-3],[-68,13],[-94,3],[-45,25],[-33,-26],[-48,7],[-65,19],[-35,-40],[-61,-1],[-26,-26],[-29,-3],[-123,16],[-48,16],[-32,23],[-59,16],[-50,5],[-48,-8],[11,74],[3,94],[22,84],[23,47],[34,27],[5,39],[27,11],[11,27],[35,30],[37,97],[-110,44],[-61,42],[-66,13],[-65,6],[-68,-38],[-26,7],[-46,48],[-23,-23],[-24,-6],[-11,25],[18,19],[19,50],[38,67],[40,58],[38,17],[8,26],[-61,26],[-28,29],[-39,-42],[-24,6],[-2,40],[-44,22],[-24,65],[4,12],[-46,31],[-25,-11],[-69,57],[-7,36],[-41,6],[25,14],[38,75],[111,32],[35,34],[64,89],[16,43],[2,35],[-9,58],[-47,29],[-71,-7],[-55,6],[-42,27],[-57,61],[5,50],[27,23],[90,26],[89,11],[78,43],[76,63],[126,171],[8,35],[-18,62],[-45,58],[-62,53],[-23,64],[50,124],[2,90],[-21,94],[-32,21],[-28,-3],[-58,-34],[-42,-1],[-29,-41],[-7,-92],[-14,-40],[-30,-39],[-37,-24],[-51,9],[-63,54],[50,46],[5,69],[12,59],[3,66],[-11,45],[-41,65],[-23,15],[-43,-5],[-55,-24],[-50,-42],[-15,0],[-27,40],[-79,83],[48,79],[49,48],[72,17],[18,28],[-22,37],[-45,6],[-4,10],[58,75],[6,38],[105,64],[-14,37],[15,33],[52,59],[15,36],[-67,53],[-40,40],[-36,48],[-10,25],[-72,9],[-122,-6],[-66,30],[-59,45],[-22,38],[-9,49],[49,27],[69,11],[5,12],[-74,50],[-37,65],[15,99],[15,34],[71,27],[58,44],[-32,80],[7,45],[-51,27],[-31,48],[1,36],[-37,21],[-39,-52],[-38,-21],[-27,3],[-47,23],[-37,45],[1,79],[15,35],[76,80],[53,140],[76,100],[-28,6],[43,84],[69,79],[105,94],[41,42],[76,35],[51,3],[45,-9],[70,-52],[49,-19],[24,34],[53,-5],[87,-18],[70,1],[-10,68],[16,57],[66,102],[-37,64],[1,47],[18,41],[39,13],[99,3],[75,21],[56,39],[61,32],[54,67],[-23,81],[-53,78],[-47,50],[-26,13],[-41,-2],[-5,65],[-110,77],[-4,37],[28,29],[10,33],[-8,79],[53,13],[89,-3],[22,32],[30,14],[92,19],[48,39],[18,40],[4,36],[-71,1],[-87,40],[-28,68],[2,49],[19,48],[55,52],[88,14],[137,49],[27,28],[4,41],[32,45],[-11,31],[-55,8],[2,77],[8,45],[20,31],[57,37],[48,102],[9,51],[-60,73],[-19,60],[11,86],[24,61],[67,12],[13,48],[35,16],[25,-2],[59,-24],[38,87],[39,-30],[28,-3],[8,-23],[86,-68],[13,0],[115,105],[21,34],[-12,43],[1,87],[-12,103],[-28,76],[-51,68],[-38,17],[-45,35],[-3,15],[29,22],[37,11],[46,32],[57,0],[138,-39],[52,4],[-18,47],[-27,44],[27,21],[60,13],[60,21],[86,11],[89,24],[59,6],[35,-6],[91,-1],[45,16],[42,65],[63,32],[110,8],[103,-15],[58,12],[36,-13],[36,9],[124,-5],[51,24],[65,69],[111,80],[21,49],[-24,101],[-35,20],[-90,-15],[-59,-5],[-157,27],[-60,21],[-27,23],[-17,44],[8,86],[12,37],[28,29],[115,58],[14,44],[-23,43],[-59,45],[-102,61],[-29,23],[-13,30],[12,49],[43,59],[57,35],[59,23],[58,-10],[41,-18],[101,-104],[12,13],[-14,31],[-44,58],[10,99],[-3,34],[-44,140],[-41,67],[21,46],[32,19],[47,0],[43,-48],[17,-7],[35,25],[18,53],[29,30],[139,73],[22,27],[-19,46],[-107,36],[-35,27],[-21,51],[1,36],[47,68],[36,40],[-6,29],[-53,47],[-104,11],[-78,38],[-33,9],[-120,12],[-26,23],[-74,96],[-59,44],[-17,48],[7,52],[-21,23],[-34,-2],[-74,-48],[1,-50],[-37,-62],[-71,-60],[-46,-3],[-44,15],[-45,52],[-16,50],[9,91],[16,28],[42,33],[43,16],[101,22],[26,13],[-1,38],[-87,78],[-42,-3],[-35,19],[8,41],[-9,36],[-76,95],[-18,45],[1,36],[20,37],[57,63],[106,70],[-4,78],[-1,132],[46,74],[39,20],[132,3],[86,23],[71,54],[17,37],[1,77],[20,125],[1,76],[62,49],[71,41],[29,26],[22,39],[0,36],[-19,38],[-36,19],[-85,25],[-21,33],[-12,73],[10,41],[153,208],[48,61],[18,32],[5,38],[-19,31],[-44,16],[-40,25],[-20,79],[20,158],[18,33],[67,50],[19,-32],[37,14],[40,29],[12,36],[35,67],[130,27],[88,39],[39,11],[44,-8],[40,-21],[52,-63],[37,-24],[40,1],[33,22],[17,36],[2,36],[-37,16],[-86,-9],[-40,13],[-21,32],[-2,38],[29,28],[41,3],[65,51],[40,12],[-8,77],[7,77],[41,9],[41,-7],[36,-20],[26,-35],[27,-70],[26,-34],[122,-10],[79,24],[74,47],[90,-11],[81,25],[79,37],[32,36],[20,36],[-11,35],[-41,8],[-77,40],[-27,26],[7,37],[19,35],[64,49],[91,2],[37,-109],[75,-38],[83,-14],[41,14],[24,73],[25,37],[79,-26],[52,-8],[29,26],[1,37],[-79,32],[-27,33],[11,35],[40,19],[44,-5],[28,-28],[45,-11],[34,24],[85,12],[11,34],[-2,75],[37,18],[81,5],[43,18],[-5,37],[-29,26],[-108,62],[-18,37],[-12,73],[33,35],[32,-23],[24,-34],[40,-8],[31,25],[65,70],[80,24],[32,28],[-13,37],[7,40],[38,16],[85,-2],[-35,-24],[-12,-37],[27,-26],[42,-2],[21,32],[-7,37],[10,34],[60,53],[37,5],[56,-22],[37,-74],[9,-39],[23,-45],[91,-10],[7,26],[-16,28],[-41,30],[41,28],[126,15],[30,-7],[39,-61],[49,-11],[32,24],[18,42],[51,20],[33,51],[21,-1],[18,-42],[22,-26],[98,-68],[65,-6],[45,44],[37,17],[115,-3],[55,17],[25,23],[20,55],[77,82],[17,57],[25,29],[34,-1],[32,-27],[40,-1],[44,21],[-34,77],[22,26],[12,45],[76,53],[29,0],[23,-30],[-14,-46],[25,-25],[18,11],[21,52],[68,43],[35,67],[40,17],[46,-15],[2,-27],[-48,-60],[5,-22],[43,-5],[42,15],[57,34],[40,-4],[52,-63],[33,-30],[53,10],[11,22],[16,118],[57,4],[12,-58],[52,-41],[36,20],[-3,61],[73,69],[48,27],[35,5],[71,-3],[108,-32],[25,0],[81,48],[34,-2],[60,-56],[20,-8],[28,42],[56,23],[95,10],[60,23],[6,34],[-13,24],[-53,9],[-26,30],[-18,42],[3,43],[51,14],[80,11],[12,53],[18,1],[57,44],[16,1],[42,-30],[31,-1],[12,16],[-27,113],[24,31],[26,-6],[55,-34],[56,8],[72,42],[78,10],[54,19],[43,53],[55,15],[101,-1],[33,13],[47,46],[58,-6],[37,-33],[20,-1],[23,37],[1,57],[-28,36],[-24,10],[23,61],[28,2],[20,-23],[70,17],[0,40],[-90,53],[12,84],[28,22],[59,14],[31,41],[52,2],[13,60],[2,48],[-60,40],[-14,22],[10,32],[48,36],[53,24],[54,17],[28,22],[16,55],[-8,23],[-136,69],[-73,47],[-91,-6],[-59,74],[21,19],[42,-31],[55,-22],[43,7],[5,29],[-42,49],[-63,52],[-29,9],[-79,-28],[-46,13],[6,43],[26,44],[-6,37],[-28,31],[0,39],[53,67],[11,22],[3,104],[12,29],[-4,42],[22,32],[24,8],[-5,40],[-27,27],[15,28],[38,24],[11,42],[-16,26],[-40,7],[-28,-25],[-54,29],[-14,23],[26,45],[23,80],[-23,51],[2,22],[28,38],[53,8],[4,20],[-24,3],[-27,31],[-14,54],[40,53],[3,25],[-35,51],[4,37],[35,17],[52,-21],[38,-6],[-15,19],[0,34],[27,120],[36,21],[25,-10],[-18,-47],[39,-8],[18,44],[83,30],[30,27],[18,51],[38,43],[7,24],[65,44],[13,31],[47,32],[-25,99],[-5,60],[55,38],[53,15],[36,-6],[41,-23],[28,3],[25,38],[-3,100],[26,60],[46,15],[10,25],[65,8],[24,-29],[-32,-39],[17,-41],[52,14],[23,21],[-13,35],[-24,16],[-5,34],[26,11],[40,-13],[18,-39],[38,-3],[54,16],[12,26],[6,112],[104,12],[30,-27],[69,-4],[8,20],[-44,7],[-28,45],[49,-21],[-33,58],[18,20],[19,-29],[16,10],[-9,53],[19,18],[59,10],[36,-37],[7,46],[69,33],[26,-2],[9,-20],[-18,-48],[25,-2],[27,48],[119,30],[55,6],[6,35],[42,-10],[20,-16],[27,4],[-14,34],[35,21],[26,-2],[32,-28],[3,39],[43,-4],[61,17],[62,-25],[54,10],[7,-20],[55,-6],[74,1],[50,-6],[56,-19],[34,-25],[30,35],[29,-24],[29,-8],[16,30],[5,54],[42,126],[-15,31],[-2,43],[-22,55],[-27,-10],[-73,-7],[-39,-32],[-63,0],[-109,23],[-11,9],[23,139],[-53,17],[-96,-1],[12,49],[51,54],[39,-18],[16,14],[-18,18],[27,41],[57,-5],[6,54],[23,13],[15,-27],[18,22],[16,-6],[7,26],[46,4],[7,24],[-56,19],[10,23],[49,23],[33,26],[104,-19],[133,-37],[55,-4],[47,6],[60,-19],[46,0],[5,29],[86,11],[74,-4],[86,-20],[91,-16],[49,4],[44,21],[36,64],[-23,14],[7,36],[19,37],[46,-12],[22,22],[-5,33],[-48,21],[17,34],[36,6],[15,80],[-26,37],[1,27],[50,39],[39,13],[2,39],[-28,72],[5,18],[36,0],[58,45],[14,44],[0,74],[25,9],[22,68],[15,15],[-20,32],[14,54],[79,90],[-11,48],[13,21],[56,-20],[31,7],[21,20],[41,12],[21,31],[-6,20],[45,48],[-3,53],[18,38],[78,30],[73,14],[52,94],[12,79],[10,10],[48,7],[-23,-63],[-1,-23],[24,-19],[-16,-53],[-43,-8],[-2,-40],[86,-12],[7,-8],[-5,-93],[-37,-51],[-53,-19],[-9,-38],[5,-40],[68,-16],[-17,-43],[5,-25],[23,-17],[108,-39],[24,-18],[16,-51],[-22,-33],[31,-14],[57,22],[92,-6],[48,23],[54,-26],[15,-33],[37,-14],[53,4],[22,-13],[44,57],[57,-16],[21,16],[41,-14],[-4,-71],[-16,-22],[18,-41],[55,-6],[9,-34],[40,17],[24,-62],[-24,-26],[13,-22],[78,-4],[2,-22],[26,-10],[24,12],[164,-33],[14,18],[-9,23],[28,21],[-20,15],[78,-22],[47,30],[-46,78],[-6,41],[-17,32],[-1,34],[-19,41],[-34,50],[-8,49],[24,11],[92,-1],[26,-5],[55,-29],[120,-17],[32,26],[58,-4],[118,9],[62,16],[34,26],[-12,47],[22,9],[35,43],[21,9],[30,-27],[55,-31],[2,-30],[-25,-18],[3,-65],[-51,-26],[-6,-33],[32,-18],[-13,-19],[-52,-22],[5,-45],[3,-133],[-18,-23],[-55,-1],[1,-41],[23,-31],[97,10],[15,25],[6,61],[95,-25],[-29,76],[81,10],[122,-4],[62,-17],[62,-30],[49,14],[-25,101],[1,26],[30,65],[75,59],[78,44],[20,42],[-9,64],[-27,29],[-45,13],[-126,-41],[-33,1],[-31,22],[-25,33],[-15,51],[12,30],[43,20],[49,-4],[62,-18],[62,10],[27,35],[17,46],[7,75],[31,50],[65,88],[-27,58],[-60,-12],[-26,-26],[-58,-80],[-62,-57],[-26,-12],[-38,4],[-57,56],[-65,107],[-27,36],[-21,45],[6,36],[52,82],[18,45],[19,110],[18,31],[38,32],[87,58],[15,26],[-9,46],[-23,27],[-48,-6],[-42,-29],[-65,-75],[-20,-10],[-37,6],[-46,29],[-56,83],[-20,88],[-40,56],[-49,49],[-103,93],[-4,54],[35,16],[105,16],[66,32],[19,46],[-7,105],[-18,34],[-34,19],[-43,-5],[-55,-35],[-69,-98],[-27,-24],[-41,-7],[-61,34],[-29,64],[-21,84],[-28,30],[-103,9],[-39,12],[-35,28],[-1,54],[20,24],[143,73],[52,42],[61,84],[3,35],[-60,7],[-27,-8],[-67,-48],[-33,-10],[-75,6],[-31,12],[-44,40],[-12,26],[-15,66],[0,48],[29,59],[24,13],[79,17],[41,29],[0,66],[-194,70],[-80,19],[-35,14],[-24,51],[7,39],[47,45],[52,9],[76,0],[53,15],[49,40],[4,44],[-147,92],[-56,80],[-16,57],[-2,51],[-28,40],[-90,11],[-48,43],[4,47],[-1,109],[-8,24],[-40,10],[-62,-10],[-52,0],[-86,23],[-54,43],[-2,30],[20,59],[50,44],[88,22],[53,41],[13,21],[31,102],[-88,6],[-88,21],[-102,32],[-102,5],[-68,19],[-101,45],[-96,16],[-57,16],[-78,8],[-89,40],[-100,11],[-152,7],[-101,-8],[-106,1],[-139,-4],[-38,-25],[-93,-1],[-58,-11],[-57,-2],[-107,17],[-67,29],[-86,25],[-31,51],[-28,17],[2,39],[70,39],[1,27],[-43,29],[-32,-9],[-33,-61],[-16,-4],[-43,47],[-40,18],[-13,35],[-51,1],[-131,-12],[-22,-6],[2,-96],[-51,-31],[-14,-24],[25,-69],[29,-47],[-46,0],[-80,12],[-24,39],[-6,59],[7,24],[-128,7],[-27,82],[-43,32],[-33,8],[-38,63],[-62,36],[-5,61],[-62,11],[-4,82],[-7,12],[-70,12],[-60,28],[8,60],[5,106],[-8,15],[-45,28],[-30,-6],[-61,-34],[-24,-27],[-13,-67],[-30,-23],[-72,-4],[-71,-16],[-137,-49],[-85,-39],[-56,-18],[-29,4],[-27,29],[-49,107],[-43,19],[-55,1],[-58,10],[-84,-7],[-43,19],[-66,5],[-49,27],[-29,37],[-21,73],[-18,35],[-52,33],[-13,-30],[-252,-42],[-101,-25],[-74,-46],[-36,-54],[-12,-76],[46,-40],[23,-38],[16,-74],[-17,-75],[5,-54],[43,-35],[59,-24],[9,-11],[-20,-114],[-29,-48],[-35,-38],[-87,-41],[-13,-23],[3,-76],[12,-81],[-34,-89],[2,-47],[23,-44],[41,-24],[-1,-50],[-55,-38],[-67,-23],[-47,-29],[-47,-56],[-24,-117],[-13,-28],[-35,-27],[-29,9],[-26,46],[11,61],[-12,73],[-26,72],[-33,74],[-45,123],[-15,26],[-54,47],[-18,44],[5,59],[34,80],[-7,21],[-72,14],[22,79],[-5,22],[-246,14],[15,132],[-5,105],[6,44],[-13,70],[-61,35],[-38,-4],[-92,-50],[-24,3],[-55,33],[25,89],[-25,26],[-20,-21],[-26,3],[-23,27],[-5,80],[-22,12],[10,159],[3,96],[20,72],[93,97],[71,94],[51,81],[44,33],[130,83],[105,55],[48,38],[60,72],[51,50],[53,68],[36,68],[41,91],[12,53],[-18,120],[-26,68],[5,60],[11,35],[27,48],[60,42],[105,50],[48,31],[31,47],[15,82],[-3,82],[-28,110],[-36,109],[-9,67],[19,56],[27,54],[64,71],[59,79],[41,46],[68,58],[42,28],[-3,51],[7,60],[38,73],[67,57],[77,30],[32,60],[13,58],[5,65],[15,87],[3,75],[-6,63],[-47,132],[-7,55],[23,47],[78,62],[55,62],[27,91],[6,51],[-19,30],[-46,33],[18,41],[49,49],[33,92],[5,50],[-5,100],[8,37],[23,37],[59,38],[33,7],[58,32],[49,16],[31,2],[68,18],[27,18],[33,45],[42,30],[55,9],[87,24],[34,0],[188,-11],[42,12],[39,40],[6,28],[-16,50],[-44,33],[-113,30],[-130,6],[-55,-5],[-37,27],[-43,72],[-2,43],[13,50],[34,50],[31,28],[88,41],[101,28],[72,28],[28,32],[15,126],[2,113],[21,53],[23,30],[52,39],[62,25],[181,50],[70,54],[40,40],[35,83],[57,2],[50,-9],[36,-32],[41,-7],[-4,-48]],[[167027,1742],[25,10],[30,-23],[53,5],[50,-5],[39,22],[21,-8],[19,-39],[5,-33],[-80,-180],[-30,-98],[-13,-66],[13,-99],[-3,-59],[-26,-110],[3,-39],[15,-36],[60,-91],[17,-61],[12,-79],[13,-42],[-3,-71],[16,-53],[41,-49],[16,-48],[27,-47],[13,-51],[-21,-98],[-7,-59],[2,-119],[14,-75],[-7,-29],[-49,-12],[-59,6],[-70,-1],[-27,29],[-65,114],[-10,131],[-15,42],[0,34],[15,38],[26,24],[37,20],[28,49],[-2,92],[-7,38],[-37,95],[5,108],[-3,22],[-31,38],[25,60],[0,44],[-17,55],[-46,55],[-26,56],[-43,33],[-67,62],[-39,50],[-104,50],[-37,24],[-21,42],[13,34],[41,79],[4,25],[49,101],[29,-15],[42,3],[59,31],[19,60],[29,51],[19,1],[21,-38]],[[149483,50052],[52,3],[43,12],[80,-13],[43,-35],[39,-15],[75,1],[41,-26],[58,-112],[98,-180],[70,-146],[122,-224],[63,-103],[86,-186],[31,-123],[35,-74],[39,-156],[11,-76],[13,-276],[-7,-63],[1,-99],[-9,-122],[-3,-111],[-13,-97],[-22,-118],[-41,-124],[-20,-42],[-35,-102],[-133,-329],[-56,-118],[-39,-93],[-115,-209],[-230,-462],[-43,-138],[-51,-130],[-33,-108],[-107,-311],[-47,-161],[-36,-134],[-53,-145],[-107,-247],[-72,-155],[-159,-375],[-70,-175],[-53,-152],[-133,-394],[-29,-124],[-37,-119],[-22,-32],[-90,-53],[-36,-27],[-32,-39],[-33,-19],[-6,-91],[2,-142],[12,-52],[43,-109],[2,-25],[-22,-153],[-12,-39],[-44,-53],[-47,-29],[-220,-34],[-132,-5],[-79,16],[-91,36],[-19,29],[-6,55],[-2,118],[4,155],[9,58],[24,50],[4,45],[-40,123],[5,108],[37,207],[60,203],[0,87],[21,99],[29,84],[85,146],[81,114],[90,92],[60,77],[68,44],[54,68],[11,27],[8,107],[-11,92],[-2,120],[-7,67],[-21,93],[-53,460],[-15,176],[9,49],[35,91],[68,94],[43,45],[92,138],[31,96],[48,96],[20,80],[6,90],[-7,43],[-3,85],[-6,14],[-9,126],[-24,149],[-36,83],[-35,119],[-52,143],[-63,131],[-23,101],[-23,47],[-62,58],[-27,61],[-23,35],[-6,30],[14,129],[-5,53],[12,141],[14,86],[1,121],[21,57],[8,48],[15,27],[81,58],[64,78],[24,62],[1,77],[-6,50],[-23,31],[-19,57],[10,54],[50,48],[-7,83],[-36,49],[-18,115],[9,113],[10,19],[56,32],[21,37],[86,59],[107,45],[50,48],[42,27],[31,30],[22,39],[44,43],[107,138],[40,58],[47,142],[26,42],[125,106],[50,32],[31,10],[28,-16]],[[118591,53666],[-46,-27],[-57,26],[13,77],[48,7],[66,27],[73,99],[48,58],[48,47],[69,-9],[2,-58],[-22,-69],[-46,-84],[-196,-94]],[[119004,54953],[0,-58],[-45,-50],[-50,-14],[-99,-4],[-38,-38],[-70,-91],[-53,-39],[-64,-34],[-106,-121],[-18,-58],[-102,-125],[-100,-74],[-62,-40],[-42,-19],[2,-58],[-30,-30],[-56,-21],[-42,6],[-18,14],[-29,77],[-50,188],[1,75],[11,61],[7,90],[12,37],[38,66],[-9,160],[-21,58],[-30,23],[-33,10],[-32,-13],[-26,-27],[-17,-71],[-16,-40],[-28,-28],[-39,-14],[-60,-2],[-16,18],[0,169],[12,39],[46,31],[55,16],[36,37],[45,23],[90,7],[27,10],[37,40],[54,6],[72,31],[91,49],[64,20],[43,24],[125,45],[80,21],[139,17],[95,8],[123,6],[76,-9],[35,-22],[12,-25],[43,-49],[3,-108],[-60,-114],[-13,-86]],[[117108,56088],[81,-5],[232,10],[44,-1],[42,-19],[45,-45],[51,-65],[32,-54],[41,-49],[35,-74],[17,-74],[0,-68],[-45,-126],[-60,-107],[-156,-313],[-50,-122],[-46,-77],[-102,-280],[-25,-81],[-45,-1],[-24,-16],[-2,-43],[-12,-34],[-36,-54],[-38,-3],[-71,66],[-37,-19],[-7,-29],[12,-27],[-8,-45],[-92,-38],[-24,-25],[-26,-47],[-20,-18],[-50,-5],[-111,8],[-71,29],[-20,20],[-25,50],[12,43],[62,34],[78,32],[42,64],[32,33],[26,53],[-18,27],[-29,-5],[-56,-36],[-34,-32],[-114,-65],[-30,-40],[-24,-8],[-59,-2],[-34,-52],[-69,-46],[-28,-45],[-94,-67],[-96,-43],[-137,-66],[-72,-40],[-72,-65],[-71,-46],[-34,-45],[-133,-38],[-66,-43],[-70,-3],[-51,43],[-38,15],[-33,41],[-46,42],[-19,45],[-50,4],[-52,-5],[-88,84],[-35,87],[-24,77],[-51,63],[-17,45],[-2,110],[-6,49],[-25,54],[-15,59],[4,90],[-14,29],[-43,32],[-16,36],[-12,232],[-1,140],[-12,124],[5,201],[24,132],[61,142],[143,227],[146,155],[274,229],[179,141],[183,155],[41,19],[71,14],[40,-6],[121,-34],[54,-23],[61,-40],[168,-148],[57,-46],[115,-76],[73,-52],[229,-145],[83,-31],[58,-15],[119,-13]],[[130384,66166],[-48,-6],[-97,12],[-37,12],[-54,34],[-55,86],[-171,246],[-57,107],[-21,85],[-3,76],[40,65],[253,188],[166,131],[232,121],[427,212],[133,30],[74,-14],[34,-31],[17,-43],[68,-214],[-8,-79],[-19,-85],[-35,-71],[-33,-49],[-126,-116],[-45,-60],[-15,-31],[-40,-49],[-120,-44],[-35,-38],[-33,-20],[-177,-91],[-33,-35],[-11,-74],[14,-90],[0,-63],[-23,-40],[-68,-38],[-94,-24]],[[125720,68333],[-44,-3],[-101,44],[-27,24],[-18,36],[-17,72],[-72,149],[-42,67],[-74,178],[-11,54],[4,49],[27,48],[40,57],[129,119],[60,32],[67,28],[88,12],[82,-13],[35,-24],[42,-41],[179,-253],[33,-72],[12,-59],[-26,-68],[-6,-50],[-18,-42],[-33,-134],[-45,-63],[-76,-53],[-156,-87],[-32,-7]],[[126527,69510],[-28,-8],[-65,11],[-107,46],[-36,27],[-20,32],[-3,38],[12,52],[41,57],[34,21],[93,9],[36,-13],[35,-27],[38,-80],[3,-71],[-21,-77],[-12,-17]],[[129627,75545],[-69,-3],[-114,42],[-35,6],[-90,45],[-15,20],[-7,97],[26,76],[17,23],[40,14],[55,-10],[8,-28],[-12,-11],[-3,-43],[18,-27],[89,-51],[22,-27],[9,-47],[22,-20],[66,-13],[3,-22],[-30,-21]],[[129480,75461],[-21,-54],[-13,-67],[35,-100],[4,-27],[-60,-48],[-1,-40],[27,-52],[5,-56],[36,-17],[6,-29],[-34,-24],[-140,9],[-84,-32],[-36,-26],[2,-12],[-103,-33],[-40,31],[-75,81],[-110,110],[-75,94],[-73,133],[-49,51],[-88,102],[-47,98],[-68,91],[-61,137],[-23,34],[-71,55],[51,12],[81,-3],[107,26],[166,1],[36,-6],[16,-78],[16,-156],[23,-130],[-1,-89],[30,11],[9,35],[2,137],[-12,70],[1,97],[16,24],[41,3],[36,13],[40,61],[51,14],[81,-1],[68,-44],[32,-35],[29,-95],[29,-129],[23,-30],[157,-68],[29,-28],[0,-21]],[[137438,70937],[162,-354],[92,-169],[90,-219],[74,-194],[20,-87],[-32,-78],[37,-53],[13,-66],[58,-113],[3,-53],[-50,-80],[16,-103],[61,-113],[72,-98],[71,-78],[61,-135],[-19,-106],[-77,-86],[-181,-154],[-39,-53],[37,-128],[-8,-87],[-37,-171],[-105,-134],[-73,-58],[-73,-46],[-188,-89],[-73,-24],[-134,-8],[-180,-17],[-146,-24],[-69,-40],[-63,-24],[-97,-74],[-59,-12],[-28,-28],[-66,-30],[-55,-15],[-42,-34],[-52,-12],[-194,5],[-162,-8],[-239,-54],[-251,58],[-118,33],[-75,31],[-89,51],[-49,-9],[-76,1],[-134,54],[-41,25],[-100,29],[-28,-9],[-176,2],[-100,41],[-103,67],[-25,64],[-69,69],[-7,30],[-68,19],[-128,-21],[-207,-4],[-53,-48],[-162,-159],[-70,-23],[-516,49],[-252,85],[-365,228],[-96,137],[-85,152],[-312,238],[-442,174],[-25,235],[-237,105],[-604,205],[-86,108],[-2,96],[187,20],[83,-5],[194,34],[61,14],[98,-9],[-210,272],[-57,274],[-51,298],[-29,374],[-23,-4],[-146,13],[-27,7],[-20,148],[-14,127],[-35,109],[-9,233],[15,123],[0,1895],[10,292],[52,171],[121,145],[99,107],[479,2],[428,1],[-43,108],[-43,91],[-84,219],[5,145],[59,171],[37,77],[56,159],[31,63],[80,139],[37,41],[84,108],[47,41],[77,132],[56,69],[161,120],[163,112],[268,178],[66,0],[284,-84],[295,-96],[346,-235],[508,-489],[489,-516],[444,-512],[644,-848],[242,-364],[572,-750],[268,-430],[335,-668],[135,-231]],[[35576,215655],[37,-3],[131,44],[73,20],[121,26],[66,0],[31,-16],[34,-34],[19,-75],[-11,-30],[7,-69],[40,-51],[-8,-27],[-45,-41],[-6,-30],[13,-43],[1,-40],[-20,-8],[-103,1],[-40,-14],[-20,-33],[22,-87],[6,-52],[-21,-59],[20,-16],[-1,-58],[73,12],[71,33],[103,56],[87,34],[98,43],[32,2],[119,-16],[29,-15],[44,-112],[14,-74],[36,-108],[52,-16],[9,-24],[-27,-23],[-48,-1],[-34,-14],[-5,-84],[9,-18],[43,5],[38,22],[30,-4],[34,-23],[27,8],[51,37],[95,-7],[25,-16],[19,-33],[22,-84],[-1,-32],[-23,-15],[-66,-17],[-34,-59],[-4,-53],[-25,-57],[-2,-20],[22,-11],[65,8],[133,49],[91,39],[29,-2],[-14,-46],[4,-26],[22,-12],[71,-4],[170,50],[58,48],[35,42],[41,12],[55,-16],[21,31],[16,53],[84,-2],[15,-94],[22,-35],[11,-45],[-26,-22],[-21,-39],[-11,-94],[-26,-135],[-33,-89],[-5,-109],[-36,-25],[-35,-3],[-43,22],[-56,49],[-58,7],[-34,-10],[-35,-33],[-57,-72],[-31,-55],[-10,-59],[-11,-13],[-100,-6],[-75,-26],[-72,3],[-110,12],[-66,-7],[-155,-45],[-56,-33],[-45,-5],[-62,16],[-42,23],[-99,76],[-33,37],[-75,125],[-19,63],[-54,87],[-31,28],[-72,41],[-162,124],[-87,41],[-79,16],[-37,-10],[-71,-44],[-28,-9],[-63,13],[-41,41],[-14,77],[-14,125],[-33,74],[-1,26],[49,53],[74,17],[27,27],[28,76],[0,48],[-12,36],[-72,115],[-14,12],[-67,3],[-26,18],[-18,45],[-21,25],[-13,67],[4,50],[-7,34],[-38,53],[-26,52],[-52,133],[-16,74],[27,14],[71,-4],[31,15],[5,36],[-16,51],[-32,39],[-73,65],[15,26],[-12,58],[35,30],[50,10],[73,-9],[78,-31],[-12,-28],[96,-64]]],"transform":{"scale":[0.000025835773903666922,0.00002662175469321196],"translate":[88.00816912400006,20.590608254000188]},"objects":{"bgd_admin0":{"type":"GeometryCollection","geometries":[{"arcs":[[[0]],[[1]],[[2]],[[3]],[[4]],[[5]],[[6]],[[7]],[[8]],[[9]],[[10]],[[11]],[[12]]],"type":"MultiPolygon","properties":{"id":"BD","name":"Bangladesh","parent_id":null,"parent_name":null,"area_sqkm":145962.104388,"center_lat":23.76925187,"center_lon":90.28539067},"id":"BD"}]}}}