{"type":"Topology","arcs":[[[63145,52327],[-78,-128],[-29,-36],[-46,-31],[-100,-4],[-26,-16],[-1,-57],[21,-90],[46,-93],[-78,-76],[-53,-115],[-21,-68],[-63,-91],[-44,-24],[-71,-82],[-25,-75],[8,-37],[-13,-52],[-18,-4],[-147,12],[-74,-4],[-156,-41],[-82,-53],[-35,-31],[21,-73],[4,-46],[-12,-41],[-59,-123],[-52,-58],[-74,-45],[-18,-20],[-25,-73],[-45,-62],[7,-88],[0,-98],[-7,-49],[-26,-64],[7,-256],[6,-130],[-6,-80],[-84,-19],[-67,-26],[-45,-48],[22,-62],[31,-45],[15,-116],[-11,-68],[10,0],[-13,-75],[-64,-172],[-58,-90],[-63,-18],[-84,24],[-56,3],[-92,-34],[-16,-34],[79,-62],[48,-56],[21,-45],[21,-128],[22,-47],[67,-50],[-7,-37],[-58,8],[-132,91],[-43,38],[-94,29],[-79,-2],[-178,31],[-129,8],[-32,34],[-63,94],[-47,38],[-153,72],[-31,-11],[5,-88],[22,-115],[47,-23],[87,-69],[23,47],[31,-7],[-19,-43],[58,-47],[24,-1],[5,-30],[34,-8],[6,-92],[-14,-13],[16,-45],[22,-8],[4,-28],[49,-3],[15,27],[22,0],[-7,71],[92,51],[13,-26],[-16,-76],[62,-16],[-10,-66],[19,-7],[-14,-68],[11,-26],[29,-11],[9,-83],[-55,-20],[-24,-29],[-11,-51],[-106,25],[-43,46],[-130,11],[-13,-32],[-11,-108],[-19,-28],[2,-40],[31,-6],[-21,-32],[1,-38],[-26,-55],[25,-69],[-14,-113],[-33,-68],[-10,-74],[18,-42],[63,-101],[33,-84],[4,-111],[32,-97],[99,-100],[111,-80],[-5,-29],[-57,-86],[-17,-37],[17,-30],[114,-88],[18,-27],[31,-130],[30,-20],[102,-34],[55,-12],[133,-71],[28,-29],[99,-62],[55,-43],[56,-66],[114,-80],[96,-14],[68,-26],[105,-20],[155,-46],[173,-91],[157,-129],[29,0],[112,69],[153,-215],[58,-62],[79,75],[98,120],[86,141],[4,34],[-181,72],[-38,67],[0,82],[54,24],[124,35],[104,25],[47,30],[19,56],[8,114],[27,75],[39,57],[73,78],[35,50],[32,164],[34,50],[23,13],[101,-3],[124,-50],[100,-4],[70,18],[142,52],[153,22],[7,-25],[32,-20],[112,-105],[61,-86],[25,-7],[82,46],[48,19],[-5,52],[19,26],[40,-4],[47,-25],[69,-63],[-27,-62],[-16,-114],[-28,-9],[-72,11],[19,-53],[17,4],[33,-77],[-6,-36],[-56,2],[-40,32],[11,22],[-55,14],[-14,-51],[15,-50],[48,-68],[8,-39],[22,-6],[-15,-66],[20,-11],[-13,-31],[26,-13],[6,-49],[57,-36],[121,48],[-5,43],[-112,91],[-10,35],[10,25],[46,33],[119,17],[109,42],[54,-6],[31,-33],[20,7],[102,90],[107,167],[339,140],[169,32],[81,4],[116,52],[28,42],[19,-1],[8,-49],[-22,-51],[-62,-81],[-24,-69],[-21,-90],[-48,-109],[2,-41],[62,-13],[101,22],[35,-3],[50,-29],[-6,-60],[-47,-76],[4,-34],[29,-28],[51,-10],[97,41],[43,-4],[45,-25],[47,-40],[35,-57],[54,-2],[20,-29],[104,-48],[75,36],[77,5],[30,-18],[9,-35],[-36,-109],[24,-71],[36,-60],[-18,-36],[-36,-19],[-3,-55],[27,-49],[41,-11],[67,-49],[-62,-60],[-115,-136],[-28,-63],[-125,6],[-116,-16],[-15,-30],[44,-72],[149,-146],[133,2],[92,28],[57,24],[52,41],[23,48],[50,-6],[52,-31],[65,-72],[-3,-57],[-28,-83],[-98,-74],[-42,-42],[-90,-128],[-59,-35],[-48,10],[-52,28],[-76,7],[-232,-197],[-104,-69],[-66,-36],[-40,-45],[-18,-49],[39,-33],[3,-34],[-59,12],[-57,-69],[-36,-129],[0,-56],[49,-171],[22,-99],[-3,-113],[-45,-140],[-6,-57],[18,-69],[65,-21],[88,-61],[44,-90],[-82,-225],[-8,-81],[9,-36],[110,-148],[14,-6],[-49,-25],[-44,1],[-107,53],[-42,-3],[-104,-52],[-19,-34],[-4,-43],[8,-67],[19,-63],[21,-30],[-8,-64],[-73,-115],[-24,-79],[12,-60],[-7,-211],[-43,-11],[-30,16],[-51,65],[-19,82],[2,59],[-30,28],[-56,-29],[-43,-9],[-89,19],[-173,-39],[17,-32],[83,-104],[10,-54],[-10,-15],[-157,-50],[-138,-93],[-79,-39],[-127,-17],[-84,-3],[-110,-31],[-48,-27],[-22,-41],[-18,-190],[-26,-76],[-22,-14],[-36,7],[-118,56],[-52,7],[-44,-12],[-32,-29],[1,-28],[33,-32],[65,-23],[192,-58],[44,-24],[31,-55],[-19,-30],[-45,-19],[-128,-23],[-60,-25],[-24,-35],[0,-55],[71,-150],[-10,-79],[-38,-56],[-78,-81],[-92,-86],[-106,-136],[-59,-20],[-103,6],[-91,39],[-15,16],[-98,-1],[-70,8],[-93,-38],[-23,-19],[-37,-79],[-26,-9],[-18,-57],[22,-62],[-34,-54],[-44,-5],[-15,11],[-31,71],[-26,30],[-37,19],[-121,47],[-1,23],[84,94],[9,31],[-61,20],[-352,-5],[-169,-8],[-77,20],[-21,26],[-8,54],[43,46],[51,10],[133,4],[87,21],[153,69],[133,44],[50,36],[7,24],[-22,14],[-268,3],[-95,8],[-110,-9],[-24,29],[6,27],[117,95],[51,50],[61,82],[82,58],[46,15],[12,23],[-56,56],[-134,46],[-87,21],[-41,0],[-55,-34],[-51,-16],[-70,7],[-27,22],[-51,135],[-95,123],[-63,14],[-96,-46],[-55,-3],[-77,68],[-21,65],[-18,15],[-66,22],[-24,29],[40,38],[36,0],[52,-61],[42,0],[25,16],[18,57],[32,35],[50,35],[6,23],[-29,39],[-78,37],[-30,44],[6,53],[-31,19],[-73,9],[-60,74],[-26,8],[-53,-14],[-115,-56],[-107,-42],[-146,-73],[-22,-28],[8,-71],[67,-100],[9,-68],[-39,-82],[-13,-52],[3,-83],[15,-34],[76,-58],[42,-60],[35,-73],[32,-43],[42,-5],[76,34],[31,40],[39,94],[41,-3],[30,-58],[-28,-100],[-52,-110],[40,-29],[99,-17],[164,-49],[81,-28],[13,-31],[-38,-33],[-142,-101],[-2,-29],[61,-109],[66,-173],[37,-62],[-15,-32],[-43,0],[-257,66],[-45,-14],[36,-51],[108,-116],[16,-39],[-2,-57],[-37,-19],[-88,8],[-356,60],[-238,20],[-16,-7],[-4,-44],[19,-45],[209,-211],[16,-39],[-23,-30],[-154,-109],[-57,-50],[-6,-64],[22,-26],[90,-63],[73,-61],[97,-120],[125,-176],[24,-76],[-3,-34],[-21,-12],[-89,-15],[-296,-71],[-118,-17],[-63,17],[-142,120],[-90,46],[-76,-2],[-71,-39],[-50,-53],[-159,-191],[-24,-36],[-135,-157],[-134,-116],[-62,-74],[-28,-50],[-17,-92],[0,-89],[8,-46],[35,-84],[84,-122],[103,-140],[56,-81],[26,-75],[-17,-67],[-30,-25],[-95,-50],[-75,-9],[-106,-3],[-191,15],[-136,18],[-109,-11],[-54,-18],[-40,-32],[-44,-100],[-12,-144],[72,-398],[-25,-60],[-98,-181],[-58,-84],[-109,-188],[-96,-147],[-27,-66],[-90,-299],[-41,-154],[-56,-177],[-60,-137],[-76,-101],[-195,-22],[-158,7]],[[58732,35232],[-154,8],[-349,36],[-582,71],[-349,132],[-168,84],[-116,95],[-130,215],[-116,263],[-52,395],[0,335],[39,334],[130,538],[245,454],[259,192],[518,215],[266,150],[-109,14],[-145,49],[-120,51],[-148,49],[-96,8],[-188,-11],[-3,120],[6,142],[-19,43],[-55,-14],[-43,11],[-170,-37],[-176,-23],[-275,-48],[-170,14],[-244,-38],[-185,-24],[-68,-76],[-96,-78],[-203,-120],[-108,-43],[-220,-65],[-130,-30],[-365,-18],[-226,2],[-291,-2],[-165,-14],[-218,0]],[[53943,38611],[-37,12],[-42,44],[-48,76],[-35,208],[-12,163],[-55,415],[-17,68],[-23,56],[-28,40],[-35,120],[-48,83],[-74,57],[-50,21],[-30,30],[-22,50],[-28,21],[20,8],[-18,34],[-62,246],[-15,82],[-13,116],[-14,63],[-37,68],[-90,105],[-68,59],[-28,84],[-4,147],[24,122],[95,221],[64,158],[88,180],[48,126],[87,180],[52,144],[52,191],[35,339],[-4,206],[-12,177],[-36,184],[-32,140],[-52,273],[0,121],[-16,74],[-34,71]],[[53389,43994],[56,-9],[81,0],[71,14],[82,0],[33,-22],[95,13],[41,14],[139,-12],[145,0],[151,5],[135,26],[74,29],[68,41],[82,61],[59,63],[36,73],[73,191],[41,10],[54,-17],[72,-42],[88,-61],[85,-35],[86,-25],[53,7],[23,62],[-31,204],[-12,60],[6,23],[137,63],[47,84],[35,38],[102,62],[4,28],[-38,95],[-38,74],[-56,89],[-32,95],[-11,76],[4,96],[14,218],[22,41],[37,20],[55,9],[-17,-61],[-6,-87],[21,-127],[47,-76],[176,-177],[43,13],[115,138],[38,-2],[23,-71],[57,-97],[20,-21],[66,-28],[39,-2],[14,27],[4,114],[12,65],[26,84],[36,67],[58,16],[122,-14],[27,7],[-47,105],[-37,99],[-8,259],[41,19],[59,-40],[77,-3],[241,5],[67,19],[50,5],[49,-9],[22,9],[15,174],[17,74],[33,87],[69,106],[14,59],[31,71],[54,86],[51,144],[-5,64],[-122,135],[-29,58],[-69,227],[-2,45],[14,60],[72,108],[37,82],[8,50],[-25,127],[8,30],[37,28],[110,42],[43,55],[5,69],[-18,84],[22,32],[36,23],[41,-4],[66,-30],[71,-5],[36,27],[-5,133],[16,109],[33,112],[16,29],[41,-3],[86,-51],[21,-21],[76,-37],[46,-9],[42,6],[39,31],[13,51],[-11,92],[5,77],[-7,60],[-48,104],[-70,109],[-13,33],[-4,64],[59,16]],[[57947,49004],[73,2],[74,57],[80,96],[53,27],[55,17],[58,-17],[50,-39],[17,-26],[39,-3],[83,65],[49,95],[47,130],[37,85],[52,7],[37,-49],[103,-93],[98,-57],[64,-26],[78,-11],[97,6],[21,91],[40,60],[27,22],[33,52],[55,49],[155,110],[166,84],[61,47],[46,48],[38,60],[104,202],[58,128],[104,155],[160,183],[134,181],[66,108],[71,93],[133,158],[103,77],[223,179],[72,50],[96,84],[153,113],[94,44],[106,83],[26,53],[10,222],[-4,112],[-44,207],[23,167],[42,121],[75,139],[126,150],[79,102],[66,-12]],[[61909,52992],[33,-14],[97,-9],[63,-17],[107,8],[73,-8],[30,-27],[43,-1],[80,-26],[146,-20],[74,2],[8,55],[-9,25],[22,10],[71,-30],[30,43],[104,21],[104,90],[187,56],[72,-16],[158,8],[22,-53],[46,-22],[-67,-81],[-15,-46],[-7,-65],[-27,-37],[-63,-45],[-122,-136],[-77,-63],[-4,-30],[34,-112],[23,-125]],[[71962,69921],[47,0],[209,-334],[497,-528],[606,-480],[75,-57],[52,-75],[71,-121],[127,-124],[306,-400],[75,-63],[172,-28],[206,-28],[176,-46],[154,-158],[164,-166],[96,-120]],[[74995,67193],[46,-56],[93,-62],[26,-25],[101,-196],[18,-62],[56,-93],[134,-234],[208,-414],[67,-83],[86,-86],[239,-194],[130,-131],[208,-366],[-69,-224],[-130,-74],[-595,-31],[-114,10],[-83,25],[-24,23],[-61,-3],[-42,13],[-25,34],[-17,-17],[78,-208],[3,-98],[-28,-227],[7,-29],[41,7],[11,24],[53,1],[-6,-14],[49,-18],[19,-32],[42,-17],[175,-117],[148,-79],[-2,-79],[-60,-53],[7,-90],[-52,46],[-154,-83],[-8,-16]],[[75570,63865],[-36,-108],[-45,-86],[-76,-98],[22,-25],[-43,-40],[21,-20],[-226,-183],[-40,37],[-50,-8],[-19,-93],[-14,2],[-46,-102],[-57,-26],[-102,-33],[-189,-28],[3,29],[-63,-37],[11,-103],[-11,-52],[-124,-15],[-139,-1],[-246,-46],[-151,-39],[-80,-39],[-55,-41],[-130,-200],[-80,-92],[-175,-74],[-233,-78],[-131,-32],[-7,-106],[37,2],[-15,-72],[28,-18],[-16,-43],[-85,-146],[-32,-38],[-59,-40],[-92,-18],[-116,-7],[-116,9],[-25,-72],[-76,-153],[-43,-120],[-71,-210],[0,-52],[50,-128],[84,-239],[102,-168],[30,-64],[29,-153],[18,-164],[2,-131],[-29,-182],[-35,-124],[-222,-349],[-97,-156],[-134,-243],[-83,-125],[-82,23],[-73,41],[3,15],[-41,9],[-87,-1],[-26,-68],[-75,17],[-45,-69],[-195,7],[-19,-54],[-120,20],[0,-83],[7,-83],[20,-57],[236,-30],[86,-39],[126,-99],[49,-64],[33,-123],[-9,-201],[13,-153],[14,-107],[0,-96],[-34,-86],[-63,-69],[-186,-89],[-75,-66],[-20,-75],[7,-141],[-5,-136],[12,-168],[27,-16],[105,-33],[82,-38],[53,-41],[221,-190],[162,-148],[58,-47],[38,-133]],[[72290,56253],[-234,-11],[-180,0],[-48,-47],[-54,-66],[-19,-64],[7,-61],[-59,-71],[15,-63],[53,-54],[117,-68],[53,-56],[32,-47],[10,-46],[-2,-132],[-109,-47],[-181,-95],[-108,-31],[-231,-19],[-73,1],[-76,-23],[-70,-73],[-12,-63],[34,-61],[46,-22],[86,-4],[178,27],[57,3],[38,-15],[24,-25],[-11,-72],[-110,-124],[-144,-106],[-45,-44],[-27,-69],[-31,-38],[-78,-40],[-80,-18],[-98,15],[-25,49],[-5,36],[-2,176],[-11,69],[-27,31],[-82,24],[-80,-9],[-44,-41],[-100,-154],[-69,-66],[-69,-39],[-91,-28],[-125,-47],[-132,-43],[-98,-21],[-137,-5],[-66,29],[-74,61],[-71,29],[-79,-33],[-69,13],[-14,-36],[-151,-211],[-77,-86],[-150,-201],[-82,-149],[-66,-167],[-26,-102],[0,-57],[73,-227],[37,-148],[-28,-84],[-32,-42],[-76,-137],[-52,-120],[-35,-54],[-31,-69],[-15,0],[-33,-71],[-101,-84],[-33,-8],[-122,219],[-65,84],[-220,188],[-86,57],[-158,63],[-140,16],[-135,34],[-153,84],[-128,90],[-173,147],[-218,148],[-96,27],[-93,-10],[-31,-31],[-20,-55],[-40,-170],[-21,-48],[-244,-11],[-29,-250],[-18,-25],[-167,-137],[21,-78],[-144,-117],[-52,-16],[-85,-13],[-36,8],[-86,52],[-39,37],[-107,122],[-73,65],[5,7],[73,-29],[5,26],[-176,118],[-74,15],[-54,-6],[-26,-16],[-56,-71],[-43,-132],[-29,21],[-15,-12],[-53,13],[-8,17],[-53,11],[-29,-5],[-34,24],[-58,-17],[-75,-3],[-1,-31],[-27,-97],[2,-58],[-29,-33],[-46,3],[-98,26],[-29,-68],[-39,2],[-1,52],[-114,10],[-47,12],[20,98],[-47,19],[12,-24],[-12,-56],[-21,1],[-49,-29],[-59,0],[-14,56],[55,68],[-34,17],[-121,-84],[-72,-92],[-44,-126],[-50,-53],[-27,-9],[-63,-49],[-50,-10],[-58,16],[-63,39],[-24,3],[-108,-45],[-46,-41],[-51,-24],[-157,-13],[-52,-17],[-88,-52],[-157,-27]],[[61909,52992],[27,33],[204,331],[36,63],[48,53],[86,107],[80,72],[62,32],[310,80],[160,49],[78,34],[156,168],[67,51],[138,77],[66,25],[75,-2],[82,11],[70,32],[112,78],[142,120],[148,201],[111,116],[47,34],[58,13],[39,-44],[48,-10],[90,70],[13,36],[44,184],[-5,85],[-94,31],[-33,35],[-1,34],[17,36],[71,70],[88,46],[160,39],[75,4],[42,-7],[108,-43],[64,-85],[39,-37],[61,-3],[21,20],[99,163],[38,87],[15,57],[-6,96],[24,106],[46,11],[85,-69],[43,-24],[58,4],[68,104],[31,26],[78,40],[129,37],[67,-2],[98,-24],[68,-82],[27,27],[-23,105],[-63,59],[-49,74],[-110,112],[-19,101],[-2,43],[-33,25],[-54,15],[-9,44],[-5,139],[30,54],[60,20],[21,-20],[47,24],[213,9],[112,-14],[48,81],[19,67],[28,53],[43,4],[115,-72],[97,-77],[54,-60],[50,-70],[45,-84],[31,-43],[87,-74],[92,-52],[115,-57],[89,-26],[65,-29],[67,-2],[113,35],[27,25],[21,48],[0,116],[-18,-7],[-19,87],[-32,55],[50,8],[-93,113],[-17,36],[-263,166],[-166,90],[-78,101],[-80,39],[-110,21],[-89,9],[-146,-7],[-105,3],[-23,15],[2,29],[28,43],[127,150],[40,75],[59,84],[24,8],[47,-31],[50,-54],[85,-65],[30,-15],[123,-36],[-5,31],[33,5],[88,-8],[100,48],[54,104],[16,53],[1,65],[-46,156],[-28,70],[-29,48],[-51,31],[-75,14],[-88,-4],[-121,-36],[-79,-47],[-38,-3],[-16,26],[-203,60],[-145,122],[-138,66],[-39,26],[-59,10],[-107,6],[-168,22],[-3,-68],[-22,-23],[16,-57],[60,-279],[-14,-34],[-41,-17],[-70,39],[-36,49],[-43,83],[-65,150],[-36,97],[-16,80],[5,24],[72,47],[63,112],[53,75],[8,50],[-26,36],[-57,44],[-294,152],[-195,126],[-85,30],[-33,-7],[-103,-91],[-74,-35],[-43,-13],[-48,5],[-123,95],[-75,40],[-169,38],[-46,57],[-14,34],[-2,87],[16,160],[-1,174],[-33,75],[-89,182],[9,39],[107,9],[49,33],[2,44],[-50,165],[-5,87],[7,111],[-9,28],[-31,19],[-148,63],[-26,36],[26,81],[-3,55],[-22,29],[-66,52],[-47,51],[-59,105],[-54,58],[-27,41],[-65,10],[-106,-7],[-50,-15],[-71,13],[-36,19],[-51,49],[-23,-1],[-41,-40],[-68,-33],[-69,-2],[-34,-54],[-27,-18],[-50,-9],[-43,4],[-110,35],[-48,-12],[-25,25],[-75,37],[-4,44],[24,3],[-18,45],[-67,6],[-39,57],[-27,11],[21,33],[40,117],[-2,69],[-14,26],[-71,6],[-14,-53],[-42,12],[0,22],[-83,28],[25,90],[-51,-3],[-139,-24],[-9,54],[22,54],[-43,-9],[-9,24],[-21,-33],[-2,55],[-45,6],[-5,82],[9,15],[-82,85],[-3,58],[-38,-21],[-64,-2],[-3,13],[-68,21],[-96,-13],[-2,-13],[34,-111],[-20,-26],[-96,-2],[-30,44],[-20,-113],[-21,8],[-75,-79],[-33,-151],[-9,-112],[6,-19],[57,24],[109,-37],[-43,-109],[-57,-19],[-14,-36],[-51,-5],[7,-39],[-34,-5],[-7,-31],[-49,3],[-6,12],[-59,14],[3,-41],[24,-81],[2,-38]],[[61488,60683],[1,-19],[-113,-1],[-3,-48],[-25,-91],[-159,20],[-8,80],[-39,26],[15,68],[15,7],[23,129],[29,51],[-61,-16],[-10,-22],[-81,-1],[-111,26],[-87,43],[-61,46],[-52,-17],[-5,-44],[22,-14],[-8,-43],[23,-3],[-13,-56],[-76,14],[-91,26],[-29,-3],[-9,-31],[-48,20],[-50,50],[-10,76],[24,138],[1,36],[-26,-4],[-113,14],[-41,-53],[-38,6],[-44,-9],[-47,88],[-45,30],[9,-21],[-44,-16],[-111,24],[-38,20],[8,99],[-52,10],[-9,19],[-43,6],[-6,17],[-37,2],[0,24],[-58,23],[-17,-13],[-174,12],[-8,-57],[8,-18],[-39,1],[-16,-28],[-135,38],[-68,6],[-29,12],[21,55],[35,10],[25,56],[-7,52],[-102,29],[-77,13],[-120,34],[-50,-21],[-107,-14],[-21,17],[-51,8],[-76,-47],[-67,4],[-25,22],[-38,76],[-76,70],[-45,65],[-57,153],[-9,100],[-91,60],[-58,90],[-35,29],[-37,3],[-105,38],[-69,14],[-95,42],[-37,9],[58,14],[37,36],[45,17],[15,47],[-49,26],[-72,104],[49,18],[27,58],[13,67],[37,46],[-18,38],[-147,-12],[-121,-50],[-64,-34],[-55,-58],[-88,-71],[-104,-42],[-91,2],[-55,19],[47,62],[5,39],[31,15],[21,54],[13,111],[28,120],[40,73],[-7,33],[12,40],[-9,56],[15,152],[-12,185],[9,107],[20,138],[0,50],[-25,68],[-2,86],[-67,7],[-120,31],[-108,10],[-82,-12],[-107,1]],[[57024,63980],[1,117],[-6,32],[-24,30],[5,112],[16,68],[30,54],[27,20],[6,33],[-16,17],[-28,75],[44,22],[8,32],[35,43],[38,10],[0,87],[27,47],[-54,50],[68,139],[25,28],[35,12],[176,364],[22,226],[14,65],[-8,90],[27,64],[32,3],[207,-45],[187,-10],[46,-8],[151,-7],[26,57],[11,57],[40,123],[46,79],[-8,20],[-76,62],[-32,38],[-3,102],[8,79],[38,75],[0,75],[-46,69],[22,256],[41,21],[217,-58],[11,-34],[54,-10],[36,39],[27,73],[43,32],[76,134],[-21,35],[30,40],[35,72],[13,8],[93,-48],[87,-25],[8,25],[-38,25],[3,33],[59,126],[38,23],[33,0],[48,104],[35,126],[23,39],[44,47],[16,49],[25,137],[27,13],[68,-7],[121,2],[97,-17],[158,-14],[258,-13],[122,4],[63,-9],[19,23],[13,82],[-9,77],[42,179],[28,172],[-60,20],[-7,37],[49,71],[41,101],[23,8],[33,77],[5,64],[23,15],[70,131],[13,45],[32,6],[150,-3],[13,19],[17,82],[-23,36],[-62,0],[-151,12]],[[60350,69068],[3,39],[29,53],[81,35],[138,31],[55,4],[153,-21],[42,2],[70,65],[25,72],[34,71],[0,36],[-27,41],[-6,40],[72,39],[39,36],[51,-6],[17,51],[66,-16],[70,-7],[73,-38],[90,-9],[40,-39],[30,-7],[90,15],[6,-59],[37,-26],[102,-2],[47,-39],[92,17],[71,-13],[56,-56],[39,-18],[82,19],[19,-28],[30,3],[41,42],[62,42],[16,38],[23,105],[39,47],[89,62],[64,4],[51,29],[36,38],[42,-46],[104,-80],[24,-27],[38,-85],[80,-104],[-13,-28],[5,-55],[37,-65],[36,-40],[144,-98],[96,-47],[73,-127],[-6,-44],[-41,-90],[-30,-104],[-56,-101],[-21,-54],[-14,-83],[3,-259],[10,-114],[-12,-13],[1,-82],[25,-7],[-4,-158],[-16,-55],[-26,-40],[-30,-111],[-39,-182],[3,-129],[9,-69],[40,-130],[30,-59],[22,-120],[83,-229],[24,-2],[28,-79],[29,-22],[-10,41],[-5,104],[44,9],[105,183],[32,42],[103,52],[82,16],[94,-10],[61,-14],[59,-48],[1,-52],[-76,-161],[0,-43],[40,-22],[40,16],[72,45],[150,106],[138,77],[112,42],[62,5],[113,-2],[87,-9],[72,-16],[89,-37],[8,24],[58,28],[84,24],[63,3],[91,16],[291,77],[103,16],[49,15],[63,40],[67,86],[50,-25],[95,137],[58,96],[23,59],[16,72],[17,130],[0,56],[-13,104],[-27,89],[-2,78],[-143,137],[-54,32],[-82,116],[-18,57],[-67,100],[-115,129],[-17,77],[-4,88],[14,85],[-2,57],[-20,120],[7,33],[38,65],[74,20],[180,17],[91,22],[186,57],[54,2],[123,-14],[54,0],[122,-18],[176,-4]],[[66421,69249],[62,-5],[27,-29],[119,10],[100,24],[168,20],[39,12],[50,40],[30,4],[68,-27],[45,-60],[34,-18],[75,-20],[65,12],[57,36],[54,0],[2,-89],[16,-32],[151,27],[32,-9],[124,-87],[25,-8],[76,3],[78,-15],[45,-30],[47,-18],[125,-86],[22,-2],[35,51],[33,6],[102,-36],[65,6],[25,-9],[25,-36],[56,-27],[29,0],[59,-27],[8,-55],[31,-44],[-24,-57],[-39,-36],[-43,-9],[-57,-37],[-8,-35],[-66,-37],[-26,-76],[-69,-20],[-22,-45],[-53,-46],[-36,-62],[3,-106],[23,-50],[35,-29],[18,-36],[-13,-101],[38,-68],[32,-17],[68,-6],[76,17],[147,57],[125,59],[157,54],[198,84],[263,48],[17,6],[98,-149],[78,-7],[164,13],[264,6],[100,19],[93,72],[228,117],[107,6],[14,104],[16,-2],[2,58],[13,78],[6,111],[129,127],[30,55],[294,67],[-139,142],[-129,307],[68,60],[78,27],[118,-108],[129,-36],[23,48],[-44,322],[37,318],[58,17],[113,-19],[140,-9],[505,-6]],[[82930,53443],[79,-122],[155,-251],[95,-126],[82,-131],[60,-128],[78,-131],[78,-142],[62,-104],[107,-238],[69,-117],[71,-137],[55,-125],[70,-118],[69,-135],[139,-218],[137,-240],[207,-367],[64,-99],[102,-260],[190,-334],[71,-245],[89,-253],[71,-291],[4,-202],[31,-119],[62,-212],[82,-145],[148,-204],[58,-119],[27,-145],[4,-135],[-39,-155],[-51,-179],[-8,-118],[-25,-131],[-42,-121],[-43,-179],[-36,-169],[1,-175],[29,-217],[97,-414],[-8,-280],[0,-227],[20,-347],[23,-83],[15,-82],[-119,-384],[-46,-78],[-16,-49],[-60,-118],[-52,-85],[-62,-191],[-77,-275],[-278,-585],[-90,-210]],[[84679,42998],[-6,1],[-120,-279],[-273,-549],[-152,-440],[-334,-769],[-162,-604],[-903,190],[-1946,407],[22,-1990],[8,-1383],[8,-1169],[8,-1364],[-159,1],[-1393,32],[-1023,23],[-1244,28],[-1348,30],[-1259,27],[-1011,22],[-44,35],[-7,63],[23,274],[54,372],[16,303],[0,192],[-19,178]],[[73415,36629],[169,62],[-19,149],[-27,177],[-25,94],[-15,188],[21,111],[32,58],[77,100],[77,82],[74,73],[72,110],[44,96],[82,160],[51,130],[17,70],[14,111],[8,137],[-7,149],[-34,194],[-29,26],[-60,28],[-243,89],[-277,92],[-220,71],[-48,20],[-24,55],[44,109],[86,136],[70,97],[27,57],[7,40],[-11,45],[-124,342],[-38,139],[-34,104],[-28,45],[-90,90],[-30,58],[-18,137],[-13,143],[1,91],[-18,137],[-28,130],[-15,98],[-6,231],[12,119],[35,107],[65,136],[75,229],[13,251],[1,150],[10,230],[-6,60],[-29,90],[-86,165],[13,60],[51,158],[42,145],[9,63],[1,85],[-18,36],[-154,63],[-80,41],[-51,35],[-88,111],[-19,60],[0,81],[16,53],[142,158],[69,95],[101,232],[19,67],[116,173],[115,197],[193,369],[150,180],[96,169],[135,225],[81,165],[70,179],[36,75],[88,128],[81,144],[71,172],[59,111],[43,100],[41,48],[34,5],[95,49],[216,128],[168,115],[51,43],[65,95],[25,103],[80,348],[49,174],[60,374],[55,272],[3,163],[10,195],[0,139],[-21,263],[-24,260],[-5,196],[4,185],[-2,114],[-10,190],[-19,260],[-13,232],[-8,90],[7,76],[88,136],[22,59],[-2,54],[-41,173],[-61,142],[-97,345],[-49,291],[-14,24],[-92,44],[-126,29],[-25,12],[-112,88],[-75,117],[-169,248],[-34,38],[-67,52],[-142,68],[-42,27],[-42,89],[-25,72],[-122,237],[-14,62],[-36,72],[-27,104],[-42,95],[-67,98],[-61,132],[-67,116],[-75,118],[-42,78],[-38,119],[-5,131],[-20,21],[-92,67],[-22,23],[-114,186],[-134,276],[-47,139],[-16,85],[-90,111],[-63,93],[-87,101],[-119,106],[-140,147],[-152,176],[-143,170],[-15,8]],[[75570,63865],[74,-78],[86,-15],[68,-55],[55,21],[12,73],[66,3],[94,114],[57,23],[48,9],[162,4],[152,-2],[50,6],[327,8],[22,-48],[17,-167],[-7,-201],[0,-204],[11,-105],[-7,-204],[5,-236],[18,-112],[13,-131],[14,-73],[56,-115],[113,-168],[62,-59],[60,-42],[499,-197],[114,-63],[127,-88],[75,-59],[100,-89],[100,-109],[28,-45],[17,-83],[70,-221],[29,-163],[22,-282],[24,-226],[16,-172],[16,-93],[4,-225],[-20,-38],[11,-165],[55,-233],[51,-284],[10,-87],[20,-289],[10,-93],[9,-145],[20,-136],[34,-113],[92,-263],[49,-84],[110,-112],[214,-138],[196,-122],[188,-73],[71,-45],[44,-37],[69,-80],[87,-114],[93,-132],[101,-127],[166,-163],[56,-60],[141,-170],[152,-160],[295,-269],[173,-167],[314,-279],[77,-77],[89,-81],[39,-47],[191,-190],[109,-95],[138,-161],[88,-133],[62,-85],[256,-415],[129,-239],[82,-136],[79,-99],[144,-250],[137,-234],[60,-133]],[[57947,49004],[8,45],[-21,41],[43,114],[25,29],[73,197],[16,102],[-42,43],[-16,-1],[-94,82],[-136,-6],[-33,55],[-12,66],[-48,17],[-70,47],[-44,65],[-81,144],[-26,23],[11,-90],[-2,-83],[-14,-71],[14,-75],[-24,-26],[-33,6],[-34,36],[-18,74],[-20,13],[-120,7],[-35,24],[-30,-19],[-40,2],[-88,50],[-41,53],[-8,37],[27,137],[17,47],[67,105],[28,152],[-21,109],[10,18],[46,-2],[9,55],[21,30],[98,-29],[54,7],[75,58],[62,39],[59,26],[54,90],[-14,22],[-56,31],[-19,72],[-46,36],[-1,104],[-27,55],[-36,8],[-23,133],[-76,19],[-11,12],[4,118],[-12,96],[-16,40],[63,84],[15,33],[17,96],[-4,113],[-8,37],[-57,25],[-54,2],[0,28],[59,36],[128,41],[94,43],[32,0],[-14,-46],[19,-33],[82,-28],[68,-11],[96,5],[54,-16],[100,-12],[53,-29],[126,8],[61,26],[16,110],[28,110],[-42,25],[-77,31],[-31,29],[30,49],[-17,13],[27,84],[-8,52],[13,21],[56,12],[23,-26],[26,10],[11,36],[32,17],[11,47],[32,10],[3,-75],[42,-11],[-25,-39],[14,-22],[-43,-11],[-4,-44],[117,-56],[3,-79],[30,3],[-2,-41],[62,13],[58,-5],[17,-23],[49,12],[-22,-133],[2,-52],[64,-81],[-4,-51],[11,-13],[63,-8],[-7,-17],[80,-9],[7,34],[-11,30],[40,37],[182,-10],[7,55],[68,26],[88,12],[123,-30],[23,9],[36,56],[59,108],[26,72],[40,189],[-40,50],[36,21],[25,-27],[13,-39],[68,-37],[131,110],[167,116],[75,60],[25,30],[8,41],[-6,66],[16,68],[79,34],[24,50],[28,34],[6,39],[31,22],[50,15],[6,88],[-33,77],[-33,57],[-92,-8],[-39,-16],[-85,-6],[7,38],[-11,101],[21,39],[-21,25],[29,6],[-8,61],[-29,-6],[-51,38],[-45,-9],[-21,66],[-72,-23],[-84,-46],[-12,-36],[12,-49],[33,-34],[-6,-20],[25,-18],[-62,-25],[-8,-23],[-37,-16],[-74,12],[17,29],[-15,18],[-35,0],[-102,50],[-72,58],[-27,-11],[-16,-54],[-23,-21],[-94,27],[-59,-11],[-19,-20],[-109,6],[5,-15],[-52,-17],[15,-33],[26,-3],[-20,-76],[-31,-2],[-41,-32],[-20,-52],[-134,-12],[-43,-33],[-16,6],[-13,55],[25,54],[-8,15],[-47,3],[20,52],[47,4],[-3,62],[-27,30],[-78,21],[-19,42],[-70,-20],[-43,17],[-14,53],[44,37],[60,76],[33,73],[-35,7],[-4,52],[-22,13],[-13,41],[-63,-9],[-17,-39],[15,-34],[-17,-11],[-90,2],[-35,-52],[-29,3],[-20,-35],[-41,3],[59,77],[23,86],[4,99],[16,131],[21,47],[-47,68],[4,75],[-15,53],[15,28],[-39,16],[30,49],[13,63],[-21,27],[-26,64],[31,75],[-17,79],[24,105],[-5,95],[-15,51],[22,48],[5,63],[-64,63],[-90,156],[-14,91],[3,100],[14,69],[-7,106],[-40,82],[-43,57],[-51,10],[0,21],[87,61],[53,84],[57,174],[44,98],[55,30],[163,-142],[127,-82],[37,1],[227,36],[174,38],[142,41],[88,48],[81,89],[22,45],[32,39],[77,151],[67,81],[54,46],[-99,75],[-31,60],[22,89],[-21,52],[-51,23],[-20,27],[-17,89],[-48,-12],[-31,30],[-33,75],[14,59],[48,-3],[28,62],[3,86],[-20,92],[-51,18],[-73,-1],[-8,100],[1,108],[10,38],[22,3],[10,62],[3,77],[-38,34],[-61,14],[152,70],[92,37],[166,88],[97,58],[361,129],[68,37],[128,49],[162,48],[-18,53],[5,69],[38,-2],[-5,23],[40,1],[8,28],[29,5],[-9,66],[20,5],[0,119],[51,-2],[12,71],[48,16],[44,27],[41,54],[11,121],[16,5],[26,160],[39,25],[64,5],[15,21],[41,170],[61,13],[-5,62],[-31,17],[6,148],[30,18],[78,-6],[30,18],[11,55],[35,-5],[8,26],[2,120],[57,-6],[43,31],[111,-20],[16,21],[-1,80],[84,10],[2,30],[47,8],[25,-11],[27,52],[24,0],[18,68],[13,-18],[15,24],[-8,41],[13,14],[83,1],[65,19],[15,42],[33,12],[-50,10],[-7,23],[43,-1],[-12,23],[58,6],[-52,35],[-58,-4],[-74,7],[-43,23],[-62,96],[-93,82]],[[73415,36629],[-435,-160],[-1015,-358],[-111,-34],[-66,-61],[-50,-36],[-101,-56],[-76,-95],[-42,-61],[-248,-323],[-143,-182],[-60,-84],[-111,-142],[-69,-95],[-184,-238],[-159,-211],[-74,-104],[-63,-99],[-97,-197],[-21,-31],[-86,-53],[-112,-53],[-101,-22],[-45,0],[-132,27],[-302,155],[-511,273],[-124,64],[-36,-21],[-78,-12],[-118,-11],[-74,-14],[-145,-8],[-103,-2],[-111,6],[-99,14],[-288,52],[-401,64],[-298,56],[-395,65],[-198,39],[-319,57],[-519,99],[-110,0],[-120,18],[-101,-2],[-45,-121],[-28,-18],[-95,-19],[-48,12],[-36,60],[-805,1],[-417,15],[-200,-7],[-49,10],[-101,-40],[-234,-177],[-158,-159],[-92,-72],[-61,-28],[-124,-91],[-148,-69],[-191,-34],[-118,-13],[-72,-1],[-236,-124],[-291,-87],[-278,-81],[-381,12],[-473,65],[-613,154],[-434,139],[-186,99],[-190,175],[-284,282],[-217,340],[-27,156]],[[53389,43994],[-58,109],[-40,96],[0,77],[-16,140],[-25,383],[-8,159],[-28,128],[-56,118],[-76,125],[-76,111],[-232,272],[-84,109],[-45,66],[-26,146],[-48,161],[-34,139],[-37,179],[-27,185],[-14,165],[2,91],[21,266],[35,211],[52,214],[49,178],[68,190],[29,91],[72,160],[136,251],[64,97],[122,165],[231,279],[60,107],[97,157],[56,167],[78,260],[9,251],[-4,81],[-28,86],[-48,89],[-73,94],[-79,77],[-98,76],[-185,160],[-89,82],[-111,137],[-97,145],[-31,76],[-10,76],[7,80],[14,60],[97,138],[59,57],[66,38],[80,12],[160,51],[61,53],[93,147],[50,39],[175,101],[168,72],[107,19],[34,22],[251,-19],[70,0],[93,-16],[99,23],[87,45],[111,84],[75,48],[94,117],[23,46],[22,77],[22,132],[-17,102],[-41,72],[-30,35],[-101,76],[-62,24],[-87,17],[-23,17],[-100,17],[-58,0],[-98,-21],[-207,-63],[-92,-42],[-107,13],[-179,16],[-105,15],[-68,23],[-80,37],[-78,50],[-110,98],[-54,68],[-37,63],[-37,108],[-6,63],[-21,108],[4,52],[43,89],[40,42],[114,50],[68,15],[229,14],[43,-8],[195,0],[79,5],[120,-2],[125,-55],[99,-73],[59,-30],[161,-69],[90,-33],[258,-75],[216,-36],[77,-4],[182,31],[227,11],[9,89],[30,144],[-3,103],[-32,63],[-66,35],[-39,5],[-214,8],[-126,1],[-178,12],[-111,-3],[-256,-26],[-129,-6],[-81,4],[-85,20],[-18,18],[16,50],[62,73],[200,219],[212,207],[233,239],[69,98],[98,155],[79,190],[52,147],[88,289],[51,187],[22,104],[21,202],[-3,107],[-8,69],[-49,83],[-67,52],[-122,59],[-100,29],[-302,48],[-295,38],[-123,9],[-262,-3],[63,145],[79,145],[36,90],[27,120],[8,76],[18,259],[1,70],[44,148],[28,47],[9,36],[-53,21],[-94,-8],[-44,38],[-101,35],[-121,-17],[-59,10],[-69,36],[-110,37],[-95,24],[-54,42],[-194,96],[-61,37],[-50,108],[-23,63],[-1,82],[7,39],[54,94],[50,55],[77,107],[75,16],[20,-14],[48,-69],[67,-124],[72,-104],[36,-144],[8,-86],[36,-44],[48,13],[213,157],[87,80],[63,74],[77,55],[134,77],[116,41],[25,15],[115,123],[8,22],[-39,45],[-113,96],[-262,161],[-105,44],[-95,60],[-170,40],[-246,38],[-191,-7],[-178,-23],[-160,-32],[-238,-24],[-82,-19],[-71,-28],[-86,-20],[-77,28],[-36,40],[-34,68],[-9,75],[4,34],[29,71],[63,64],[89,55],[102,35],[123,59],[207,134],[193,115],[316,153],[116,52],[79,29],[66,0],[94,-46],[87,-30],[97,-23],[153,-28],[85,-22],[33,98],[-11,142],[1,59],[27,159],[10,27],[89,130],[15,45],[12,159],[-6,28],[-87,58],[-87,14],[-55,0],[-95,-20],[-131,-41],[-84,-3],[-37,7],[-69,33],[-62,47],[-26,33],[-11,88],[11,50],[14,127],[-3,54],[-30,91],[4,63],[15,40],[98,44],[162,20],[24,76],[43,65],[60,43],[118,0],[39,-16],[174,-26],[95,7],[29,14],[84,10],[-14,67],[-33,73],[-84,88],[-62,53],[-150,70],[-99,34],[-106,17],[-73,25],[-55,38],[0,44],[37,154],[-2,61],[279,187],[158,100],[149,120],[48,22],[82,3],[54,-78],[106,44],[19,17],[5,254],[-9,84],[-42,120],[-37,69],[-68,71],[-37,25]],[[54869,63344],[13,43],[23,138],[-9,93],[-44,79],[-22,68],[-39,-14],[-38,7],[-26,76],[21,23],[47,17],[48,-17],[21,-55],[83,2],[1,-38],[49,-71],[73,24],[42,-41],[-12,-48],[8,-20],[77,7],[-15,-65],[54,-14],[17,13],[88,3],[122,-16],[119,34],[37,34],[5,46],[18,3],[14,55],[91,-11],[34,11],[6,-38],[39,-11],[86,30],[11,24],[29,-8],[9,19],[64,4],[35,40],[38,11],[16,-18],[38,20],[-15,25],[-7,62],[40,28],[141,-45],[48,49],[51,-8],[72,12],[33,18],[54,2],[26,-16],[109,23],[119,-15],[54,28],[61,8],[98,26]],[[130655,35399],[-26,-69],[-12,-112],[25,-104],[59,-147],[-23,-128],[31,-31],[99,-32],[36,-24],[18,-47],[2,-46],[-25,-68],[-43,-25],[-108,-42],[-118,-66],[-42,-31],[-15,-71],[3,-89],[-49,-259],[38,-115],[-25,-52],[7,-44],[53,-71],[-5,-87],[8,-125],[30,-67],[0,-164],[-32,-249],[-51,-99],[-14,-74],[1,-48],[-14,-86],[-59,-38],[-6,-56],[39,-61],[26,-11],[8,-82],[-31,-64],[-46,-54],[35,-119],[1,-78],[20,-201],[-43,-133],[-38,-46],[-32,-99],[-2,-59],[-31,-98],[-7,-50],[6,-74],[-7,-66],[-33,-120],[35,-103],[86,-148],[48,-90],[4,-124],[-45,-199],[-2,-96],[-12,-95],[-12,-199],[-18,-80],[-40,-109],[14,-114],[30,-75],[6,-47],[77,-263],[10,-110],[43,-200],[42,-154],[8,-71],[-28,-127],[1,-125],[-11,-57],[-6,-176],[6,-130],[-2,-109],[6,-96],[-2,-133],[4,-96],[50,-171],[100,-191],[29,-67],[3,-235],[20,-140],[2,-70],[33,-164],[21,-140],[21,-92],[19,-118],[10,-120],[0,-176],[-33,-221],[4,-31],[68,-94],[15,-32],[14,-166],[1,-44],[36,-131],[39,-88],[34,-102],[15,-120],[-17,-140],[-9,-173],[23,-164],[15,-151],[33,-136],[80,-155],[4,-110],[18,-124],[28,-87],[121,-220],[37,-81],[30,-114],[-3,-76],[5,-115],[17,-85],[51,-187],[39,-128],[33,-139],[29,-102],[33,-75],[47,-53],[40,-70],[10,-89],[-10,-78],[-21,-64],[-7,-57],[17,-115],[32,-269],[23,-133],[23,-92],[19,-104],[64,-147],[66,-160],[43,-118],[48,-196],[26,-81],[76,-205],[52,-193],[63,-88],[73,-82],[40,-30],[32,-51],[40,-112],[25,-34],[86,-83],[32,-93],[19,-135],[4,-79],[-25,-65],[-112,-60],[-80,-28],[-93,-22],[-91,-10],[-71,-26],[-113,-61],[-95,-34],[-47,-10],[-37,17],[-53,73],[-29,13],[-40,-33],[-35,-51],[-51,-91],[-37,-45],[-31,-10],[-81,29],[-112,-23],[-31,-15],[-143,-106],[-35,-43],[-43,-98],[-59,-68],[-67,-39],[-31,-28],[-26,-44],[-23,-77],[4,-57],[21,-67],[-27,-21],[-107,-37],[-145,-20],[-203,-5],[-44,-10],[-65,-32],[-65,-46],[-75,7],[-23,48],[-17,87],[-39,156],[-32,162],[-23,192],[-9,147],[-20,172],[-13,43],[-101,167],[-26,82],[-12,123],[-49,149],[-81,222],[-64,229],[-68,191],[-40,152],[-32,167],[-27,99],[-64,131],[-7,84],[-26,73],[-60,111],[-4,146],[-9,35],[-31,59],[-69,106],[-8,67],[6,52],[26,107],[-40,126],[-19,37],[-29,98],[-34,54],[-58,58],[-115,-45],[-200,-37],[-112,-13],[-107,-53],[-71,-26],[-150,-128],[-55,-32],[-65,-26],[-55,-2],[-36,23],[-55,57],[-78,39],[-125,16],[-98,55],[-57,-4],[-43,-24],[-5,-49],[47,-138],[4,-87],[-7,-75],[37,-60],[-2,-28],[-45,-55],[-66,-45],[-84,-73],[-114,-89],[-27,-27],[-75,82],[-49,6],[-182,70],[-50,13],[-84,-16],[-154,-75],[-31,-7],[-56,24],[-27,38],[-54,164],[-155,71],[-94,20],[-24,18],[-48,62],[-46,29],[-25,-1],[-154,-44],[-25,-22],[-9,-40],[-33,-22],[-90,61],[-123,-42],[-57,3],[-34,35],[-15,49],[-13,90],[-16,33],[-45,8],[-95,-6],[-33,6],[-14,21],[2,104],[-46,31],[-19,38],[4,79],[-17,149],[-4,210],[24,72],[57,77],[21,46],[8,59],[20,71],[-12,94],[-27,60],[-45,147],[-36,167],[-14,174],[-15,63],[-72,91],[-127,110],[-7,29],[-79,47],[-61,-24],[-66,22],[-164,236],[-63,55],[-13,32],[7,104],[-65,59],[-78,32],[-44,36],[-39,51],[-61,112],[-48,66],[-43,42],[-83,55],[-61,79],[-59,60],[-60,37],[-42,45],[-30,-9],[-51,-39],[-84,-51],[-29,-1],[-149,59],[-45,-27],[-50,-69],[-27,-52],[-120,-119],[-91,-99],[-78,-34],[-18,-85],[-32,-4],[-70,36],[-143,97],[-10,-1],[-50,-144],[-20,-138],[-3,-151],[-51,-91],[-31,-21],[-47,-9],[25,-165],[3,-128],[-9,-29],[-53,-30],[-119,-41],[-89,-18],[-29,-33],[-2,-37],[12,-72],[14,-25],[60,-9],[22,-19],[4,-88],[-16,-80],[-28,-17],[-58,6],[-61,-49],[-78,2],[-48,14],[-101,81],[-40,-3],[-25,-77],[-28,-24],[-81,-10],[-73,39],[-51,13],[-73,100],[-50,36],[-38,-13],[-46,-95],[-54,-23],[-32,29],[-26,58],[-43,153],[-27,69],[-33,25],[-56,-11],[-140,-37],[-73,5],[-36,-6],[-57,-32],[-37,-8],[-137,9],[-99,-11],[-10,-16],[7,-53],[21,-62],[-19,-44],[-11,-116],[-3,-104],[-42,-32],[-28,-40],[-74,-58],[1,-34],[36,-78],[107,-93],[25,-47],[-37,-18],[-62,-5],[-30,-16],[-56,-89],[-20,-17],[-68,-25],[-51,-33],[-58,-50],[-31,-46],[-35,-111],[8,-46],[49,-37],[7,-24],[-17,-52],[45,-58],[-39,-27],[-8,-47],[-69,-46],[-10,-29],[35,-92],[21,-38],[87,-59],[33,-32],[-15,-40],[-81,-37],[-16,-24],[-5,-65],[-21,-37],[-39,-27],[-57,-15],[-32,3],[-78,29],[-66,-17],[-24,-34],[-100,1],[-122,-20],[-65,-16],[-53,-31],[-9,-103],[-48,-8],[-52,23],[-10,-19],[-42,-12],[-16,14],[30,73],[-56,7],[-20,-60],[-32,-30],[-200,-71],[-67,-163],[-168,-102],[-12,-51],[-21,-32],[-108,-12],[-37,-54],[-77,-53],[-24,-32],[21,-66],[-11,-95],[10,-77],[36,-101],[-28,-110],[2,-83],[122,-237],[36,-53],[37,-86],[42,-67],[23,-22],[27,-64],[27,-22],[7,-27],[-18,-50],[39,-47],[79,-39],[61,-60],[44,-62],[15,-42],[-1,-101],[-36,-142],[19,-87],[55,-93],[7,-113],[24,-46],[-25,-33],[-78,-32],[-82,-101],[-39,-97],[21,-40],[42,-42],[40,-106],[64,-109],[32,-75],[45,-21],[3,-16],[-56,-108],[-51,-68],[-52,-28],[-63,-22],[-64,-45],[22,-52],[-7,-32],[-48,-49],[-1,-58],[-23,9],[-34,-26],[3,-38],[-36,-45],[16,-61],[-16,-50],[-59,-61],[-47,-114],[-42,-34],[-19,-39],[-113,19],[-90,-69],[-212,-144],[-65,-83],[-30,-85],[-51,-79],[-118,-44]],[[118247,16652],[-26,30],[-67,9],[31,31],[-36,99],[-15,14],[-57,-7],[-29,8],[78,105],[25,49],[18,67],[-27,30],[-59,20],[-31,36],[-16,65],[32,86],[-24,36],[-41,36],[-13,46],[19,83],[-90,43],[18,26],[45,16],[-26,106],[52,19],[-20,33],[35,22],[25,48],[-3,64],[39,39],[88,34],[42,64],[64,54],[49,51],[-40,110],[26,84],[86,164],[11,54],[-35,57],[88,33],[50,90],[71,50],[56,64],[-13,52],[-6,71],[56,25],[-20,72],[-47,58],[-84,-5],[-126,-37],[-55,7],[-34,46],[-14,45],[22,45],[-27,52],[-27,26],[0,52],[-68,59],[29,102],[-68,79],[-28,45],[-75,92],[15,77],[-20,71],[-55,14],[-48,26],[-62,53],[-34,91],[-88,136],[-55,33],[-13,65],[1,90],[-54,104],[-82,86],[-15,94],[3,44],[-27,46],[-34,84],[5,58],[24,32],[-30,75],[-2,86],[-25,39],[-33,27],[-44,94],[-88,141],[-2,87],[-76,154],[-16,48],[0,68],[-47,108],[-51,207],[-1,27],[-41,23],[-1,48],[-36,60],[2,100],[-15,31],[7,73],[-34,110],[-51,62],[29,73],[-7,37],[-45,30],[-42,61],[2,33],[134,24],[57,-37],[22,8],[68,61],[24,0],[34,-33],[3,-62],[11,-25],[66,-16],[49,19],[19,27],[25,84],[36,64],[53,47],[93,34],[73,49],[42,18],[14,63],[-60,21],[-16,48],[24,54],[40,51],[-5,53],[-31,36],[32,32],[7,65],[32,52],[76,25],[23,16],[28,58],[26,1],[7,-56],[13,-14],[46,5],[8,22],[20,-29],[50,-11],[35,21],[98,-11],[91,36],[45,29],[20,-9],[31,-74],[64,-57],[9,-27],[-10,-44],[31,1],[112,39],[22,-37],[36,-25],[1,-44],[23,-87],[28,-7],[13,-91],[18,-68],[56,-56],[10,-71],[55,-57],[14,-36],[-2,-49],[23,-18],[33,-58],[-21,-65],[23,-70],[42,-31],[19,-72],[33,-31],[1,-68],[55,1],[62,59],[75,23],[44,-26],[42,-4],[90,36],[46,40],[8,38],[38,69],[29,20],[101,-10],[70,-30],[44,0],[80,22],[30,-20],[85,-15],[79,-39],[63,25],[72,-26],[93,58],[-1,36],[19,40],[53,44],[21,47],[-1,60],[-17,24],[-57,9],[-27,25],[-59,4],[-68,55],[-53,62],[-4,51],[27,14],[2,85],[40,61],[36,103],[-19,45],[-67,28],[-49,33],[-100,-6],[6,50],[19,44],[-41,53],[21,49],[6,72],[-19,83],[-54,74],[-61,40],[-3,29],[45,8],[79,1],[47,16],[29,68],[-3,43],[24,10],[33,-18],[4,37],[85,-6],[10,12],[-74,113],[27,75],[10,99],[-17,82],[-1,44],[52,37],[-28,85],[-21,43],[-32,115],[-89,1],[-18,9],[-14,61],[-45,-3],[-91,-48],[-13,33],[-44,24],[-93,5],[-39,67],[-3,48],[57,53],[19,34],[5,102],[-48,45],[-117,70],[-40,45],[-6,102],[-18,31],[-92,15],[-123,1],[-67,-47],[-45,-16],[-4,-27],[-33,-10],[-30,28],[-6,51],[12,71],[9,102],[-43,100],[-108,-19],[-63,4],[-33,21],[-26,-17],[-23,-64],[-71,-3],[-100,-53],[-16,-65],[-34,-34],[-2,-36],[41,-66],[-14,-51],[-26,26],[-35,98],[-22,42],[12,24],[3,96],[-9,36],[-19,6],[-93,-48],[-44,-45],[-36,-75],[-50,4],[-49,90],[-88,11],[-12,107],[43,25],[-20,38],[1,38],[-29,65],[-52,26],[-29,29],[-63,93],[-1,56],[-42,35],[-24,58],[-38,25],[-18,59],[-1,48],[-36,50],[-11,36],[1,80],[49,47],[82,1],[30,11],[24,31],[8,63],[18,61],[54,42],[79,34],[131,72],[48,33],[85,76],[19,35],[6,53],[65,86],[40,83],[11,41],[33,59],[-18,46],[-116,65],[-33,29],[3,55],[-81,64],[-16,27],[21,32],[4,39],[-38,54],[-48,23],[7,52],[-10,62],[-32,-2],[-38,-33],[-42,48],[-1,32],[17,28],[86,60],[6,20],[10,136],[21,48],[-47,62],[-160,140],[-40,5],[-97,-14],[-32,-40],[-9,-82],[-36,-52],[-50,-35],[-78,-25],[-87,-65],[-30,-12],[-90,-7],[-7,46],[-55,70],[-60,32],[53,88],[20,101],[-8,39],[5,101],[-38,63],[-53,49],[-26,68],[-17,19],[-86,27],[-204,78],[-23,36],[-46,30],[-33,50],[-63,55],[-42,26],[-97,20],[-135,9],[-68,14],[-37,18],[-58,57],[-10,34],[-95,121],[-23,17],[-61,3],[-120,-7],[-24,31],[21,37],[88,-15],[50,8],[44,99],[32,20],[112,-19],[74,32],[55,83],[0,107],[-29,19],[-56,-7],[-127,35],[-108,-3],[-80,21],[12,20],[117,55],[63,39],[3,95],[14,24],[43,25],[57,-7],[29,21],[-1,55],[-62,54],[-34,11],[6,52],[-51,25],[-182,-44],[-3,17],[82,52],[30,61],[-36,76],[-46,147],[-44,2],[-24,-15],[-59,11],[-35,21],[-7,33],[-44,23],[-29,-5],[-3,46],[23,37],[35,29],[89,40],[34,52],[102,21],[43,42],[-3,38],[-21,67],[-33,24],[-3,24],[28,24],[49,78],[22,23],[67,32],[57,6],[81,-56],[37,22],[14,85],[1,60],[-33,28],[-70,14],[-32,79],[-70,105],[8,39],[40,-28],[116,-45],[86,-1],[47,28],[30,37],[3,55],[-11,55],[-22,19],[-84,28],[-19,63],[-57,30],[-27,41],[5,59],[33,20],[41,55],[45,24],[13,25],[-21,50],[-104,3],[-30,31],[7,32],[30,33],[96,-5],[136,-65],[46,-13],[96,-1],[31,8],[80,-1],[68,-26],[79,4],[35,-45],[72,3],[72,31],[63,11],[65,-2],[27,8],[132,5],[64,-18],[46,0],[17,16],[8,64],[55,77],[-23,59],[-102,-21],[-16,15],[-8,91],[72,136],[57,142],[49,136],[40,84],[30,143],[20,35],[68,52],[86,27],[53,61],[35,25],[77,35],[42,26],[42,61],[3,43],[-29,52],[-8,64],[30,32],[74,38],[56,7],[22,-27],[0,-39],[-16,-103],[1,-83],[24,-73],[52,-43],[104,-44],[63,-2],[34,27],[47,4],[7,74],[-20,55],[37,145],[52,44],[59,-3],[63,-25],[136,-12],[128,40],[48,4],[32,47],[-28,69],[-84,85],[-18,31],[-5,48],[7,70],[-56,79],[-58,96],[6,103],[32,69],[11,102],[-27,52],[-53,25],[-80,76],[-21,79],[-48,33],[-135,-27],[-28,-16],[-33,-93],[-35,-3],[-26,-32],[-43,7],[2,93],[10,81],[-6,43],[-31,69],[-61,11],[-53,30],[-41,45],[2,42],[28,10],[54,-55],[28,4],[4,142],[21,51],[-34,35],[-3,32],[36,71],[-8,14],[-53,-3],[-68,29],[-79,-3],[-65,6],[-33,-8],[-71,-54],[-34,-4],[-17,-31],[27,-55],[-6,-27],[-35,-30],[-25,-46],[7,-48],[29,-34],[40,-4],[33,-43],[-9,-62],[7,-32],[22,-18],[70,-28],[44,-35],[0,-82],[20,-29],[37,-23],[14,-43],[-16,-81],[31,-48],[-29,-58],[1,-55],[82,-79],[1,-43],[-41,-25],[-6,-46],[13,-19],[117,-46],[26,-21],[4,-176],[16,-33],[26,20],[19,-23],[74,-49],[-18,-42],[-5,-57],[4,-95],[-12,-1],[3,-54],[42,-134],[-3,-40],[-31,-13],[-63,2],[-80,35],[-48,67],[-7,47],[17,9],[10,77],[4,96],[-31,38],[-55,44],[-40,15],[-97,-8],[-31,-18],[-46,-73],[-6,-70],[-23,-59],[-38,-42],[-130,-67],[-23,-25],[-8,-84],[-53,-45],[-154,78],[-27,25],[-51,17],[-45,-6],[-43,-57],[-50,-5],[-162,21],[-64,32],[-12,77],[-41,87],[-4,31],[-54,72],[-84,34],[-20,50],[1,70],[-60,69],[-94,11],[-94,-12],[-62,-27],[-6,-41],[-39,-33],[-66,-1],[-112,-21],[-86,5],[-59,11],[-45,-19],[-11,-32],[-37,-1],[-42,26],[-22,139],[-70,67],[-17,89],[7,112],[-45,22],[-85,4],[-25,-47],[-151,1],[-109,48],[-57,7],[-74,-17],[-40,19],[-47,108],[-62,11],[-17,17],[-10,52],[8,80],[73,62],[9,65],[-55,14],[-4,34],[36,58],[23,18],[34,51],[21,59],[37,35],[68,-13],[50,3],[53,40],[7,25],[6,106],[35,37],[20,63],[-20,53],[-49,25],[-44,62],[-21,77],[22,65],[-18,70],[-76,93],[-14,33],[3,92],[78,23],[1,65],[-34,106],[12,53],[-11,27],[-45,38],[-2,21],[53,64],[-3,40],[-32,7],[-55,-8],[4,176],[21,46],[5,83],[-7,29],[-31,30],[-103,23],[5,94],[-44,24],[-73,24],[-29,36],[-22,67],[-31,9],[-24,29],[-21,67],[-49,33],[-52,-3],[-58,-21],[-58,17],[-55,44],[13,116],[-2,46],[12,59]],[[115030,37075],[13,11],[71,-1],[-8,75],[23,48],[54,-1],[28,67],[38,36],[55,8],[45,43],[10,41],[37,10],[24,-10],[28,-47],[48,-11],[42,13],[66,68],[19,30],[124,35],[50,-72],[19,-14],[64,1],[31,-9],[-2,62],[14,16],[29,-9],[50,-78],[37,-5],[98,39],[55,34],[65,5],[8,29],[-6,89],[19,45],[46,32],[150,29],[58,17],[39,23],[41,-22],[15,-58],[-53,-11],[-12,-33],[-85,-27],[-24,-64],[80,-41],[5,-21],[-92,-41],[-8,-96],[-36,-32],[5,-29],[36,-17],[-2,-28],[33,10],[116,-37],[17,-24],[-12,-103],[17,-27],[139,-70],[20,-38],[80,-57],[59,-31],[124,52],[96,62],[116,13],[41,-7],[36,18],[29,37],[52,24],[39,-5],[35,-33],[127,14],[86,26],[9,22],[97,34],[77,-35],[14,43],[22,10],[51,-23],[17,-38],[52,-10],[50,14],[26,22],[49,14],[49,0],[57,108],[-66,57],[-31,4],[-26,-21],[-23,7],[1,31],[-32,44],[-41,13],[-14,20],[11,37],[-20,18],[-41,5],[-4,40],[-38,66],[15,58],[16,16],[-7,50],[10,52],[-30,22],[-64,-30],[-46,27],[1,15],[48,18],[-10,38],[4,70],[11,28],[-34,29],[-61,16],[-16,48],[29,34],[-5,33],[88,21],[57,45],[89,5],[32,-22],[91,14],[50,-31],[7,-36],[-13,-50],[8,-23],[46,-2],[37,64],[56,0],[21,-26],[43,9],[31,21],[27,-10],[48,48],[-23,40],[45,36],[36,48],[135,30],[110,6],[27,28],[-22,38],[-38,3],[-25,-16],[-35,15],[28,12],[0,53],[-19,19],[25,34],[25,5],[13,52],[34,87],[89,-6],[56,59],[22,-2],[39,38],[-1,17],[34,22],[16,30],[54,1],[9,30],[37,36],[61,2],[87,26],[33,42],[2,48],[-30,53],[-96,44],[13,63],[-10,81],[-60,14],[-85,110],[-27,17],[-57,-12],[-7,37],[57,40],[-23,29],[-14,52],[4,35],[30,15],[6,62],[-15,11],[27,22],[-27,26],[67,12],[52,-8],[74,32],[97,28],[37,-7],[-19,32],[32,12],[33,37],[-41,60],[-42,22],[-123,16],[-68,-12],[-51,33],[-51,10],[-7,-25],[-42,-21],[-37,82],[11,45],[39,33],[14,69],[-11,37],[-54,29],[-64,1],[-29,11],[-56,-15],[-15,105],[-60,48],[-43,-16],[-33,31],[-95,8],[-24,30],[-32,15],[-36,-2],[-32,46],[-29,-30],[-15,-44],[-37,21],[-14,-72],[-31,-5],[-15,32],[36,26],[-40,50],[0,25],[-34,21],[-4,67],[-58,31],[-11,30],[14,36],[-20,3],[-27,-27],[-50,-10],[-22,11],[25,21],[48,-2],[-19,47],[-29,42],[-22,55],[-42,28],[-87,24],[-107,35],[42,28],[71,80],[58,32],[29,-2],[34,74],[-37,58],[18,20],[45,0],[-1,42],[81,46],[4,22],[35,12],[23,29],[5,73],[58,56],[-21,55],[-78,6],[-50,36],[-84,40],[-23,-18],[-113,-6],[-40,40],[-10,40],[20,27],[-21,26],[-92,-36],[-44,21],[-106,-17],[-29,-22],[11,69],[50,65],[24,61],[25,24],[40,-1],[98,75],[17,79],[-9,65],[-93,39],[-20,-16],[-57,28],[-84,-31],[-23,16],[-40,1],[-27,32],[-49,4],[-43,19],[-64,3],[-46,-10],[-26,35],[-4,50],[-45,20],[28,56],[47,-16],[55,65],[20,-6],[4,30],[31,11],[87,-79],[36,-16],[-1,24],[42,14],[39,-1],[43,20],[-11,18],[33,112],[33,27],[63,10],[36,45],[117,23],[-2,14],[84,37],[45,31],[5,97],[48,16],[13,32],[-2,75],[-48,24],[8,32],[-39,11],[11,31],[-56,23],[-51,71],[1,43],[-52,-32],[-20,22],[-34,3],[-5,24],[16,52],[-54,39],[-11,37],[-23,2],[1,62],[69,8],[24,14],[9,51],[33,24],[-7,37],[14,19],[33,-9],[78,43],[27,33],[3,66],[28,4],[-18,92],[19,34],[-23,34],[-41,0],[-62,29],[-19,-44],[-41,1],[-54,21],[-12,17],[21,98],[-10,22],[-39,18],[34,72],[-16,53],[36,50],[-31,56],[-15,48],[-88,50],[-43,41],[5,97],[56,26],[28,47],[107,108],[-22,91],[-25,16],[5,40],[26,-4],[22,31],[17,-11],[3,73],[-34,15],[-13,30],[-51,15],[2,27],[-63,86],[7,41],[-24,-7],[-43,41],[-21,-18],[-28,43],[-53,2],[5,50],[-8,43],[-50,97],[-76,132],[-60,80],[-43,89],[18,29],[72,5],[18,78],[-31,95],[20,49],[33,9],[-27,47],[-6,35],[-33,9],[-7,51],[-26,3],[-9,-27],[-25,15],[16,65],[-17,22],[-56,20],[-14,30],[-59,52],[-5,44],[-24,11],[8,63],[43,69],[34,73],[-41,42],[54,60],[25,64],[-17,16],[-38,76],[-31,18],[21,12],[1,31],[35,-2],[22,32],[-2,67],[-15,19],[1,58],[-18,16],[-11,57],[-20,43],[-50,38],[-1,22],[-48,8],[-24,41],[8,48],[-33,67],[10,34],[84,57],[44,22],[14,123],[-25,61],[-16,94],[6,32],[59,37],[31,34],[14,42],[61,50],[111,106],[16,78],[-18,15],[51,60],[6,57],[28,85],[11,130],[-44,2],[-36,99],[-43,51],[13,46],[52,17],[65,39],[26,68],[2,29],[-23,52],[37,17],[1,85],[-13,27],[64,52],[-85,163],[-6,47],[-18,37],[-94,4],[-36,31],[-46,-41],[-18,38],[44,22],[7,19],[-22,40],[26,66],[0,70]],[[117462,49397],[43,-2],[236,20],[211,29],[255,4],[118,-14],[199,-8],[116,-12],[169,-47],[132,-93],[42,-52],[126,-217],[60,-139],[25,-79],[39,-266],[13,-46],[40,-96],[56,-55],[41,-15],[116,2],[25,6],[199,90],[267,155],[229,145],[222,111],[194,116],[235,144],[184,73],[62,7],[89,21],[49,41],[74,27],[16,-6],[89,14],[192,5],[104,22],[105,-1],[166,11],[135,-32],[150,-74],[191,-106],[101,-34],[135,-64],[60,-10],[129,-8],[324,1],[73,-7],[146,5],[38,12],[115,-19],[100,-37],[132,-24],[111,-5],[124,13],[194,30],[33,-17],[62,-78],[39,-39],[58,-41],[0,-99],[30,-61],[52,-127],[47,-69],[17,-45],[62,-114],[109,-163],[28,-59],[118,-150],[77,-119],[91,-169],[15,-66],[23,-26],[73,-54],[138,-139],[62,-115],[33,-31],[161,-103],[42,-21],[89,-20],[51,-26],[62,-45],[103,-110],[64,-38],[106,-5],[89,-14],[75,-49],[63,-58],[110,-139],[91,-177],[77,-103],[67,-122],[2,-112],[10,-34],[58,-108],[0,-30],[-41,-136],[8,-99],[22,-88],[21,-44],[39,-46],[85,-43],[120,-37],[32,-37],[39,-25],[21,-41],[74,-178],[14,-53],[-1,-140],[29,-49],[11,-110],[38,-188],[4,-73],[-12,-56],[-48,-110],[20,-66],[38,-53],[107,-105],[62,-87],[74,-51],[43,-57],[25,-112],[39,-139],[5,-57],[-5,-118],[14,-241],[-19,-57],[1,-31],[46,-59],[41,-75],[24,-103],[48,-107],[-2,-50],[-47,-63],[-43,-42],[-32,-54],[-14,-44],[-19,-102],[22,-131],[28,-267],[-17,-75],[-80,-107],[2,-54],[90,-59],[32,-32],[42,-60],[57,-62],[70,-23],[96,-42],[34,-21],[20,-38],[13,-62],[6,-168],[-16,-76],[4,-30],[70,-89],[54,-46],[220,-52],[241,-292],[25,-279],[-54,-157],[-80,-200],[-84,-148],[20,-81],[-15,-105],[48,-137],[29,-113],[30,-32],[48,1],[35,-19],[10,-27],[2,-70],[30,-45],[72,-55],[72,-42],[73,-166],[16,-65],[31,-68],[42,-43],[19,-37],[56,-16],[88,4],[37,-33],[14,-70],[-8,-119],[3,-52],[52,-42],[48,-5],[41,-24],[24,-59],[12,-80],[-4,-95],[42,-55],[104,-68],[-3,-66],[11,-17],[80,-19],[48,-49],[19,-107],[50,-27],[32,-53],[-5,-83],[14,-102],[29,-93],[103,-265],[66,-83],[83,-95],[52,-139],[104,-167],[70,-98],[34,-109],[38,-166],[11,-112],[10,-176],[50,-215],[65,-117],[132,-152],[90,-115]],[[93483,95648],[-29,-39],[10,-83],[-1,-57],[-44,-130],[-64,-141],[-43,-116],[7,-37],[50,-76],[-12,-12],[-89,-25],[-80,-49],[-62,-16],[-94,-15],[-13,18],[-15,77],[7,76],[-25,52],[-39,31],[15,74],[26,55],[-27,26],[-77,-94],[-268,-381],[-44,-69],[-40,-84],[-67,-183],[-57,-143],[-42,-85],[110,-104],[9,-14],[117,-86],[24,-81],[58,-296],[-108,29],[-80,-2],[-97,7],[-124,-43],[-73,3],[-141,36],[-121,6],[-60,16],[-206,27],[-140,12],[-40,-29],[221,-113],[68,-136],[66,-117],[-31,-182],[-44,-49],[-92,-56],[-287,-125],[-31,-50],[24,-466],[32,-53],[37,-23],[103,-32],[60,-86],[21,-135],[43,-136],[59,-112],[171,-232],[38,-108],[61,-122],[45,-104],[35,-66],[-126,-127],[-81,-103],[-75,-118],[-48,-63],[-70,-122],[-85,-138],[-88,-71],[-36,-13],[-3,-33],[18,-34],[-7,-88],[-39,-107],[-23,-110],[-65,-56],[-41,-65],[-28,-62],[64,-86],[16,-90],[39,-38],[-6,-61],[9,-101],[-4,-47],[4,-271],[-18,-92],[-80,-95],[-47,-74],[-1,-73],[21,-95],[-9,-24],[-46,-24],[-81,-128],[-85,-226],[-17,10],[-12,77],[-80,54],[-44,51],[-52,37],[-44,113],[-108,28],[-101,17],[-43,-9],[-88,25],[-59,5],[-72,-13],[-212,4],[-63,-48],[-52,-6],[-368,31],[-26,-1],[-115,-66],[-105,-112],[-42,-57],[-54,-124],[-21,-23],[-30,-127],[-8,-54],[-63,-153],[6,-67],[-53,-123],[-30,-101],[-30,-69],[21,-25],[3,-59],[48,-130],[12,-173],[24,-88],[10,-118],[15,-55],[99,-1],[156,23],[85,-9],[238,17],[68,1],[79,11],[90,4],[185,-8],[144,9],[53,41],[83,-55],[134,-116],[112,20],[-58,-114],[-21,-85],[-35,-215],[-17,-73],[-12,-96],[-2,-74],[24,-114],[-13,-34],[-47,-39],[104,-34],[2,-34],[-77,7],[50,-72],[12,-35],[-54,2],[-47,-11],[-37,-31],[-12,-57],[-84,-20],[-65,-1],[-73,21],[-7,23],[19,86],[43,97],[-128,36],[-96,41],[-56,63],[-22,6],[-5,-59],[14,-12],[-55,-9],[-131,56],[-67,-59],[-51,15],[-60,35],[-89,141],[-111,16],[-51,1],[-13,59],[7,29],[-90,88],[-33,16],[8,-61]],[[89309,86452],[-80,35],[-133,14],[-44,-22],[-31,-40],[-89,-12],[-28,12],[-19,-16],[11,-42],[-6,-32],[-23,-19],[-28,35],[-31,16],[-7,-29],[-36,6],[-46,33],[-32,3],[-29,-59],[-31,12],[-34,103],[-24,1],[-46,28],[-23,-7],[-34,-35],[-29,12],[-7,28],[26,36],[34,20],[-5,17],[-58,-3],[-36,31],[-62,16],[-34,31],[-4,32],[28,1],[14,-29],[53,-21],[26,30],[-17,33],[43,80],[60,61],[-14,38],[-38,16],[-90,-85],[-7,63],[-48,35],[13,103],[-22,9],[-54,-84],[-22,24],[-5,48],[8,46],[20,8],[16,43],[-14,32],[-46,-4],[-3,28],[59,18],[22,30],[-54,29],[10,40],[-23,20],[-26,-41],[-67,28],[-3,-33],[39,-23],[-44,-55],[-37,-9],[-39,14],[-5,30],[-45,94],[14,40],[-1,66],[-34,43],[10,68],[-11,35],[-23,-11],[-1,-73],[-32,-46],[-41,47],[-32,18],[-64,2],[36,70],[19,-6],[7,-42],[53,18],[50,42],[0,45],[-39,-25],[-17,11],[-28,68],[-54,-33],[-2,-26],[-74,-35],[-53,38],[6,26],[34,-11],[29,10],[35,58],[153,28],[24,25],[-3,21],[46,51],[-35,65],[-20,-12],[-33,-55],[-75,27],[-24,-31],[-62,28],[-53,-5],[-92,-34],[22,41],[8,72],[-72,-8],[-1,-45],[-58,-30],[-172,20],[-32,61],[-41,51],[-63,-44],[-21,22],[-24,56],[6,15],[52,-3],[31,14],[59,91],[21,65],[-24,30],[-38,-23],[3,-47],[-49,-14],[-10,44],[-38,8],[-23,-16],[25,-21],[-17,-48],[-27,-3],[-12,-39],[-38,11],[-49,70],[-50,18],[86,109],[60,99],[-12,37],[-30,-6],[-50,-37],[-3,-32],[-49,-42],[-59,18],[-17,-17],[-5,-58],[-16,-33],[-58,37],[-36,54],[16,33],[36,1],[73,119],[6,46],[-34,-9],[-57,6],[-25,-23],[-39,-60],[-23,1],[-15,34],[-2,47],[73,42],[2,33],[-17,86],[-39,27],[-25,-18],[-15,-74],[-41,-17],[-141,86],[0,46],[51,-17],[31,9],[17,25],[4,47],[-13,82],[3,54],[26,25],[52,7],[38,86],[-3,30],[-71,-25],[-54,-53],[-51,-23],[-87,-26],[-24,0],[-1,27],[97,198],[-8,21],[-42,-15],[-95,-1],[-17,-14],[11,-45],[-12,-30],[-35,-33],[-61,14],[-15,27],[10,64],[46,64],[76,65],[12,32],[-18,27],[-78,-22],[-66,-68],[-77,-62],[-57,-21],[-25,3],[-26,27],[-13,65],[11,39],[22,25],[27,-3],[23,-37],[33,-1],[68,87],[8,48],[-9,58],[-40,60],[-43,78],[-20,-16],[-46,-91],[-50,-39],[-31,8],[-42,114],[-29,129],[13,47],[59,1],[18,33],[-70,60],[-24,51],[-53,177],[-190,-48],[-106,-33],[-114,-27],[-383,-98],[-79,-29],[-15,23],[-49,7],[-26,132],[-8,11],[-83,-7],[-24,21],[-45,-3],[-9,-23],[36,-37],[36,-96],[46,-44],[-4,-19],[-273,-33],[-122,-4],[-173,-30],[-259,-38],[-121,-36],[-67,-13],[-83,-29],[-9,-49],[-1,-101],[-36,-19],[-143,-1],[-137,6],[-18,47],[-89,-29],[-184,-51],[-85,-31],[-122,-31],[-35,-18],[-212,-75],[-87,-37],[-124,-45],[-31,27],[2,75],[-56,5],[-32,-12],[-76,-4],[-77,-18],[-114,-10],[-30,-64],[-30,-121],[-15,-7],[-139,5],[-22,-11],[-3,-54],[-21,-22],[-94,-39],[-96,-64],[-7,-14],[-2,-102],[44,-176],[5,-83],[-11,-127],[-12,-42],[-52,-95],[-47,-118],[-4,-38],[-40,1],[-29,-17],[-117,-103],[-113,-62],[-69,-21],[-13,6],[-37,87],[-43,39],[-27,2],[-97,-26],[-63,-11],[-86,29],[-44,46],[-54,30],[-146,17],[-91,-30],[-113,-19],[-110,-3],[-66,19],[-91,99],[-3,69],[-16,22],[-53,13],[-3,59],[-28,14],[-34,-37],[-109,2],[-48,34],[-154,0],[-92,54],[-22,26],[-52,-26],[-19,-48],[-7,-49],[-77,62],[-69,12],[-51,-19],[6,180],[-26,125],[-18,30],[28,2],[-49,106],[-3,50],[27,84],[-55,3],[-16,-67],[-18,-39],[-100,-152],[-48,-46],[-29,-45],[53,-31],[-34,-12],[-32,-40],[-101,-100],[-60,-2],[-117,-54],[-32,-31],[-3,-39],[34,-97],[3,-31],[-27,-75],[-30,-54],[-95,-207],[-18,-61],[0,-96],[20,-64],[20,-33],[51,-34],[73,-18],[55,-46],[39,-43],[52,-80],[19,-56],[19,-120],[-26,-101],[-36,-51],[-46,-34],[-83,-39],[-58,-17],[-105,-4],[-103,21],[-28,15],[-55,53],[-26,50],[-52,226],[-34,66],[-51,27],[-56,-8],[-117,-74],[-50,-26],[-100,-32],[-131,-30],[-142,-26]],[[77540,87132],[-53,256],[-49,124],[-39,81],[-107,120],[-88,70],[-115,142],[-57,108],[-57,212],[-10,142],[25,162],[36,119],[41,53],[47,83],[69,95],[124,144],[13,24]],[[77320,89067],[31,71],[91,86],[110,129],[44,70],[85,156],[28,40],[113,88],[135,122],[97,110],[91,134],[65,123],[46,119],[19,108],[-15,63],[-8,123],[6,171],[-8,66],[-34,126],[-36,117],[-47,112],[-58,116],[-15,52],[-14,97],[1,143],[19,88],[31,69],[34,56],[43,54],[62,50],[58,25],[73,14],[213,18],[235,8],[153,-2],[87,4],[327,-1],[162,5],[206,-38],[78,-4],[41,-18],[116,-4],[161,19],[102,35],[66,32],[279,169],[137,100],[52,32],[63,25],[76,0],[153,-37],[244,-97],[102,-46],[127,-77],[206,-98],[67,-24],[92,-17],[102,10],[123,45],[95,61],[199,182],[99,120],[49,93],[13,47],[106,268],[25,114],[31,100],[86,168],[47,107],[73,112],[57,62],[72,65],[99,70],[166,70],[64,45],[71,109],[29,92],[28,162],[9,179],[9,70],[-2,95],[-10,94],[6,58],[21,59],[134,114],[151,87],[110,42],[52,28],[45,49],[52,113],[9,64],[2,157],[-9,82],[-27,122],[-51,146],[-28,121],[-8,64],[-16,34],[2,107],[39,186],[28,70],[53,94],[110,160],[68,91],[107,125],[94,86]],[[84496,96748],[68,78],[88,112],[86,83],[95,73],[100,68],[128,110],[97,64],[17,31],[41,19],[219,75],[63,42],[84,87],[38,30],[164,72],[125,87],[67,65],[108,127],[106,150],[75,113],[30,53],[22,80],[8,106],[-10,121],[-21,78],[-57,127],[-142,225],[-61,73],[-45,40],[-148,110],[-126,68],[-120,76],[-61,29],[-180,71],[-171,53],[-180,80],[-91,68],[-113,76],[-94,92],[-127,143],[-92,118],[-59,91],[-5,51],[42,90],[132,144],[29,42],[233,121],[137,53],[118,58],[64,38],[118,91],[106,96],[89,91],[70,84],[66,64],[140,200],[31,55],[106,152],[50,89],[30,28],[82,9],[55,13],[61,33],[57,14],[85,-9],[63,-21],[223,5],[136,8],[264,-17],[91,-16],[134,-35],[104,-46],[50,-14],[42,4],[32,18],[18,64],[-7,57],[-19,45],[-54,77],[-64,53],[-160,82],[-35,30],[-33,49],[-1,55],[22,69],[52,122],[64,68],[38,31],[66,21],[46,4],[110,-3],[98,5],[60,12],[101,2],[142,-12],[62,-17],[134,20],[230,18],[7,5],[175,6],[133,17],[186,33],[92,30],[98,40],[102,80],[56,81],[30,70],[40,37],[95,19],[70,23],[191,83],[112,58],[128,75]],[[89847,103214],[91,-125],[19,-111],[70,-28],[75,-107],[39,-44],[82,-70],[47,-13],[50,-37],[58,-93],[50,-58],[13,-26],[91,18],[65,-23],[87,-1],[11,-61],[64,-24],[68,16],[52,67],[32,-15],[34,-45],[29,-18],[64,-6],[75,39],[75,-4],[1,-27],[-75,-30],[-6,-20],[44,-25],[52,5],[43,22],[42,67],[47,3],[-1,-56],[72,-55],[113,-28],[19,19],[-42,25],[13,22],[97,-40],[38,-9],[-33,-52],[31,-14],[25,56],[55,-31],[63,10],[60,-30],[32,-49],[55,-4],[38,21],[38,-26],[101,-42],[63,13],[31,-48],[65,0],[99,-13],[53,12],[32,-14],[20,-43],[21,-11],[22,30],[-31,27],[3,37],[32,-5],[23,-58],[20,-17],[21,14],[8,71],[40,12],[-3,-53],[31,-31],[36,31],[78,21],[61,-32],[19,2],[17,40],[49,-29],[52,15],[16,-12],[-10,-43],[39,7],[40,84],[-24,24],[-14,45],[-48,-14],[-1,52],[-66,-29],[-24,1],[-16,45],[38,90],[9,57],[46,35],[41,57],[-43,107],[30,37],[64,47],[-9,56],[51,50],[90,51],[36,60],[12,112],[56,15],[62,93],[22,0],[46,41],[7,30],[33,25],[47,4],[51,28],[33,-3],[11,32],[57,-4],[95,-18],[14,-34],[102,-35],[88,-7],[49,4],[-7,-56],[13,-11],[76,-17],[21,-15],[4,-39],[-29,-90],[8,-18],[49,-14],[-4,-128],[32,10],[42,-19],[-10,-41],[-9,-146],[-12,-66],[-28,-5],[-51,-40],[-40,-114],[24,-72],[-1,-65],[-14,-24],[-100,-12],[-27,30],[-136,7],[-4,-35],[13,-48],[-20,-14],[-100,7],[-40,-4],[-51,-38],[-18,-44],[-12,-104],[-24,-17],[-71,0],[-28,29],[-13,58],[-20,9],[-45,-45],[-28,-113],[-25,-136],[-113,1],[-75,19],[-26,121],[-17,14],[-50,2],[-35,-23],[-40,-5],[-7,-39],[-31,-52],[-1,-73],[-14,-33],[36,-48],[-66,11],[-42,-48],[-33,21],[-13,-25],[45,-39],[-19,-20],[-61,-21],[-63,-11],[-5,-42],[39,7],[-8,-46],[15,-65],[99,-38],[113,-60],[62,-12],[119,47],[122,43],[70,-14],[12,23],[0,75],[63,25],[34,-15],[100,-74],[24,17],[-23,77],[6,21],[182,14],[47,7],[12,-67],[-4,-70],[8,-56],[38,-39],[2,-101],[-7,-119],[-24,-25],[-2,-74],[-31,2],[-42,67],[-19,15],[2,51],[-40,50],[-43,7],[-166,-30],[-29,-38],[-54,-31],[-21,-47],[-40,13],[-41,-12],[-71,0],[-100,11],[-130,-3],[-12,-10],[-25,-82],[31,-52],[-22,-8],[-185,18],[-2,-76],[-36,-52],[5,-41],[-16,-133],[12,-53],[32,-34],[-19,-121],[-22,-67],[-21,-117],[-93,-7],[-96,51],[-26,-139],[17,-148],[-29,-24],[-62,5],[-89,-19],[-5,-57],[11,-87],[109,-5],[87,13],[56,-11],[10,-113],[-15,-46],[16,-34],[16,-89],[-8,-133],[-14,-94],[174,-38],[146,-25],[97,-9],[72,-43],[106,-5],[38,-20],[-9,-31],[-57,-34],[-71,-15],[-36,4],[-75,41],[-22,1],[19,-90],[-15,-93],[-144,44],[-102,6],[-47,12],[-71,0],[-49,-40],[-3,-52],[20,-10],[-26,-277],[24,-43],[-4,-35],[-37,0],[-12,-22],[-5,-70],[65,-4],[49,23],[31,-1],[38,-43],[102,-63],[24,-23],[26,4],[28,30],[17,64],[53,13],[18,-15],[53,21],[84,6],[63,-15],[45,2],[12,-75],[-5,-111],[-88,-15],[-23,-19],[-5,-46],[1,-123],[-6,-51],[-48,-43],[-12,-31],[-41,-20],[-7,-43],[22,-169],[44,4],[-1,-15],[-58,-68],[19,-63],[0,-61],[20,-6],[19,51],[42,5],[52,-30],[59,30],[97,-59],[54,-20],[55,-4],[78,-46],[51,-21],[13,-22],[-9,-59],[10,-70],[-30,-25],[33,-66],[-26,-55],[7,-39],[67,-17],[64,-35],[34,-40],[60,-9],[18,-14],[-23,-63],[38,-100],[-36,-50],[46,-58],[-39,-43],[-6,-25],[-58,-66],[-40,2],[-45,38],[-33,-33],[-47,-7],[7,-37],[95,-7],[45,-63],[-27,-64],[18,-23],[-4,-68],[-70,-38],[-48,-51],[-7,-54],[-26,-3],[-37,46],[-31,11],[-5,-56],[-35,-22],[-10,-40],[-50,-4],[1,-49],[-61,-40],[19,-27],[-18,-46],[4,-68],[23,-37],[75,-1],[50,-23],[13,-24],[41,-29],[19,-44]],[[75975,81585],[103,-198],[76,-109],[55,-92],[57,-115],[12,-39],[20,-117],[12,-37],[63,-148],[126,-128],[97,-129],[45,-75],[36,-102],[-9,-101],[-23,-100],[17,-43],[-8,-21],[10,-67],[-5,-93],[36,-55],[109,-8],[87,-37],[43,-45],[54,-38],[119,-39],[90,-42],[-6,-19],[48,-119],[7,-69],[32,-44],[47,-39],[45,-22],[42,0],[26,49],[-20,58],[-21,27],[-74,61],[-23,101],[12,55],[39,3],[52,-14],[53,5],[132,-56],[46,-11],[79,-35],[52,-34],[28,-79],[13,-111],[55,-24],[48,7],[39,27],[12,27],[3,99],[14,13],[116,53],[37,24],[-1,59],[-44,16],[5,42],[-43,30],[44,3],[48,-14],[50,11],[0,54],[33,60],[86,78],[15,25],[4,150],[16,41],[-7,86],[15,44],[34,23],[26,-12],[6,-35],[29,-50],[22,-13],[62,35],[29,-7],[-8,-41],[-31,-29],[1,-20],[137,24],[54,-24],[-12,-30],[-30,-3],[-12,-31],[39,-31],[88,-22],[70,20],[94,-13],[-9,-34],[-79,0],[-46,-14],[-29,-29],[3,-29],[35,-12],[51,27],[59,-10],[63,-1],[27,-27],[63,86],[24,103],[41,11],[7,44],[-12,77],[9,26],[27,5],[9,37],[112,26],[31,-36],[42,-2],[32,-24],[12,-42],[29,-26],[22,4],[23,39],[24,11],[3,51],[26,10],[12,-22],[39,20],[80,-4],[9,61],[39,37],[-20,17],[-6,63],[-24,29],[13,242],[38,4],[21,24],[38,-8],[91,10],[58,-4],[12,-22],[141,2],[29,10],[-15,130],[1,42],[21,24],[98,19],[132,0],[42,34],[54,9],[61,-5],[63,-70],[14,-62],[48,-8],[35,-48],[9,-48],[-21,-19],[12,-40],[-36,-58],[15,-27],[120,6],[61,-6],[90,-73],[19,-27],[15,-56],[31,-20],[46,-9],[56,39],[114,-3],[46,-8],[14,-19],[52,4],[12,28],[51,6],[28,-70],[15,-82],[40,-34],[45,-11],[31,-66],[-10,-31],[6,-88],[15,-81],[43,-112],[57,-207],[14,-129],[37,-124],[36,-74],[51,-170],[25,-26],[44,21],[149,-6],[16,-64],[3,-122],[-13,-50],[-38,-101],[11,-17],[66,-5],[19,-29],[74,-5],[20,31],[116,-1],[17,-47],[53,-26],[4,-48],[-28,-34],[26,-59],[36,-20],[56,-4],[75,16],[51,-1],[30,-65],[42,-8],[60,-52],[35,-43],[96,-58],[61,-79],[28,-89],[-9,-105],[18,-63],[47,-30],[-3,-63],[-45,-25],[-50,-1],[-6,-56],[26,-89],[37,-58],[41,-21],[8,-114],[-20,-15],[3,-98],[129,-10],[32,-17],[159,-2],[14,-9],[4,-65],[35,-26],[84,2],[32,73],[24,4],[26,31],[19,54],[89,-1],[16,-35],[1,-58],[46,-52],[13,-93],[-28,-20],[-16,-68],[-26,-29],[8,-59],[76,-30],[2,-75],[22,-16],[18,-58],[23,-10],[44,-82],[67,-15],[38,18],[51,-42],[40,1],[17,-26],[31,-3],[35,-29],[14,-83],[35,-24],[23,-45],[-2,-60],[19,-156],[-18,-62],[6,-51],[-21,-66],[102,-75],[16,24],[45,-5],[32,-41],[7,-59],[-46,8],[-1,-69],[28,-85],[-17,-53],[50,-45],[60,-5],[55,41],[-17,36],[10,30],[39,6],[48,43],[44,3],[73,17],[30,-4],[6,-84],[57,-148],[42,-22],[18,-113],[11,-31],[27,-12],[6,-66],[37,-36],[35,-9],[49,-177],[36,-20],[43,45],[58,41],[9,-35],[-12,-53],[30,-16],[13,-59],[26,-7],[33,16],[10,-17],[-13,-38],[24,-7],[8,-47],[-44,-39],[-9,-52],[12,-50],[51,-23],[16,-27],[7,-71],[-10,-86],[95,-18],[56,-23],[51,10],[17,-42],[26,-3],[4,29],[33,-2],[16,-56],[-9,-33],[30,-59],[-64,-13],[11,-70],[8,-127],[101,-53],[17,-57],[-6,-127],[-9,-81],[-29,-46],[-15,-51],[-54,-97],[-46,-16],[-7,-18],[-62,-35],[-88,1],[-87,-46],[4,-108],[7,-15],[-68,-57],[-8,-37],[18,-13],[9,-44],[-4,-43],[19,-14],[2,-42],[-25,-10],[3,-23],[40,-14],[-37,-29],[44,-37],[42,6],[15,35],[-20,22],[33,6],[43,-57],[-15,-22],[-83,-17],[-85,-49],[-128,-23],[-5,-9],[18,-86],[75,-12],[15,-11],[1,-42],[-54,-6],[-3,-14],[-68,-18],[-26,-25],[-69,-9],[-16,-31],[-91,-13],[-10,-32],[54,-63],[45,-20],[52,-136],[-19,-28],[-6,-46],[88,-63],[3,-62],[-59,-79],[11,-23],[39,-13],[13,-36],[-30,-20],[9,-106],[-25,-27],[32,-12],[70,13],[55,-9],[18,-14],[11,-88],[-43,-59],[-14,-43],[23,-18],[-47,-67],[-21,-74],[-22,-25],[-93,-15],[-54,6],[-88,-29],[-245,25],[-88,-14],[-113,-69],[-12,-31],[-86,-73]],[[84302,71409],[-27,11],[-89,-5],[-59,-14],[-13,-19],[-82,0],[-56,-14],[-19,-36],[-79,-24],[-52,19],[-14,18]],[[83812,71345],[15,24],[-64,48],[4,30],[34,-11],[-7,111],[-90,7],[-44,67],[-8,50],[-57,40],[-94,-9],[-88,2],[-46,-35],[-29,14],[-147,-35],[-45,31],[-57,-4],[-62,-33],[-11,28],[-34,16],[-37,35],[-28,-1],[-101,-27],[-113,40],[-22,49],[-193,-6],[-66,-15],[-50,7],[-5,49],[55,20],[15,34],[-3,88],[-14,15],[-57,8],[-23,-22],[-14,-64],[-79,-19],[-131,5],[-14,38],[17,14],[-11,60],[-28,77],[-27,3],[-69,30],[-40,32],[-59,78],[-52,28],[-5,56],[-47,33],[-17,-28],[-160,11],[-107,-33],[-32,7],[-12,80],[-53,15],[-75,-1],[-33,14],[-117,-29],[-36,3],[-24,21],[-54,-32],[-121,-28],[-23,-27],[-74,-35],[0,-34],[-46,4],[-22,35],[-28,-8],[13,-60],[-68,24],[-81,-8],[-21,-28],[-77,9],[24,-26],[-8,-63],[-14,-18],[7,-53],[-29,-26],[15,-55],[54,-68],[68,-22],[6,-33],[-49,-21],[-18,-45],[-67,-24],[-56,-48],[-40,-8],[-37,-28],[-61,20],[-6,-51],[9,-44],[-19,-21],[-56,-12],[-9,-24],[11,-100],[-36,-37],[-59,-11],[-98,-32],[-46,-24],[-26,-36],[-47,5],[-83,-2],[-51,-20],[-5,-37],[-23,-28],[-38,-14],[23,-42],[-1,-29],[-25,-16],[11,-73],[-44,-1],[-32,-43],[-87,-15],[-101,10],[-78,0],[-116,-16],[-88,-2],[-76,-29],[-14,-17],[40,-32],[24,-73],[-79,-58],[-30,-86],[9,-53],[-32,-99],[-1,-89],[-10,-73],[-33,-94],[2,-21],[34,-10],[4,-73],[-40,-39],[15,-26],[-47,-30],[-5,-42],[-29,-7],[31,-15],[18,-75],[30,-24],[-76,-26],[5,-51],[27,3],[39,34],[34,-11],[-33,-39],[-33,-20],[-48,-4],[-49,40],[-55,-38],[-268,8],[-172,-10],[-45,-24],[-126,-85],[-111,-52],[-62,-56],[-80,-24],[-58,-3],[-68,-36],[-4,-64],[16,-18],[63,-23],[37,-41],[-38,-38],[-54,-28],[-73,-27],[-59,-45],[-113,-31],[-17,-21],[69,-13],[5,-28],[-72,-27],[-73,-43],[-91,-89],[-177,-156],[-89,34],[-46,34],[-91,105],[-77,48],[-69,29],[-150,127],[-75,72],[-83,66],[-93,49],[-112,31],[-128,13],[-98,22],[-10,-8],[-95,9],[-71,-23],[-192,-124],[-102,-51],[-70,-56],[-46,-20],[-81,12],[-47,-10],[-33,-74],[-97,-38],[-19,-33],[38,-26],[27,-63],[14,-58],[47,-69],[12,-89],[16,-46],[63,-75],[-13,-34],[-52,-75],[-66,-55],[-97,-42],[-12,-48],[21,-28],[62,-32],[86,-1],[59,-28],[49,-10],[72,-57],[2,-40],[-24,-17],[-139,-15],[-93,-25],[-15,-60],[23,-30],[9,-62],[-8,-44],[-45,-86],[-82,-126],[-27,-63],[-54,-69],[-52,-90],[-47,-57],[-11,-33],[-8,-114],[-25,-73]],[[71962,69921],[-222,226],[-116,151],[-116,309],[-46,340],[95,33],[192,21],[114,47],[154,44],[112,37],[39,20],[64,4],[36,15],[65,160],[89,129],[172,162],[-37,220],[-10,118],[20,169],[-47,58],[51,116],[84,62],[54,27],[119,33],[130,127],[14,242],[125,91],[82,44],[22,49],[11,131],[22,69],[96,134],[37,110],[13,69],[-5,47],[4,91],[-22,73],[-18,188],[-38,149],[29,246],[-1,38],[26,47],[34,166],[-11,44],[23,42],[-92,65],[19,60],[-10,19],[-109,-7],[-72,33],[-56,-30],[-39,-6],[-31,12],[-63,86],[-39,98],[-56,166],[-82,148],[-101,129],[-58,66],[-61,88],[-40,33],[-38,98],[-11,96],[-26,0],[-42,-28],[-7,70],[-80,141],[-33,48],[-37,32],[8,82],[29,126],[33,7],[102,-33],[36,3],[3,38],[-14,78],[75,179],[39,71],[60,90],[236,282],[70,75],[91,85],[-87,20],[-107,14],[-36,122],[-65,259],[-102,98],[-97,79],[-82,58],[-54,27],[-164,63],[-33,23],[-81,137],[-80,55],[-49,68],[-55,103],[-40,51],[-84,39]],[[71789,78335],[-6,302],[123,305],[99,173],[77,76],[130,194],[160,214],[138,167],[160,159],[130,194],[46,152],[46,118],[32,201],[-30,215],[0,91],[77,13],[38,21],[30,83],[39,160],[0,83],[-75,42],[-59,1],[-53,14],[-37,216],[37,64],[88,-2],[-2,-53],[28,-25],[65,-17],[80,-1],[148,14],[73,-24],[47,12],[104,52],[125,31],[64,4],[34,-22],[68,-94],[44,-29],[37,-10],[161,7],[98,19],[52,19],[109,59],[76,76],[55,121],[54,38],[107,44],[97,24],[100,-6],[71,-19],[107,-44],[171,-102],[63,-30],[157,-52],[86,-20],[201,-33],[122,-1],[105,22],[89,34]],[[105028,67233],[22,-32],[246,-11],[19,-43],[-11,-35],[4,-87],[21,-95],[42,-95],[-30,-34],[8,-73],[79,-152],[4,-39],[24,-37],[15,-61],[49,-25],[85,-12],[10,-36],[-72,-27],[4,-31],[-15,-79],[5,-62],[48,-44],[-2,-50],[-31,-68],[89,-13],[24,-26],[-13,-47],[-63,3],[-25,-12],[0,-34],[-27,-50],[-48,-22],[11,-91],[-33,-92],[0,-48],[-47,-56],[24,-33],[11,-68],[-59,-93],[-10,-64],[39,-53],[31,-78],[7,-101],[47,19],[4,-12],[-71,-60],[-65,-92],[-10,-68],[-53,-43],[-9,-45],[-60,-43],[-4,-75],[22,-89],[46,-58],[10,-42],[70,-32],[21,-40],[103,-63],[43,-46],[46,-3],[3,-46],[-36,-57],[37,-40],[126,-63],[106,52],[80,-54],[86,13],[78,-26],[24,-38],[9,-42],[27,-30],[0,-33],[80,-54],[38,-16],[82,-60],[17,-64],[9,-81],[27,-59],[19,-83],[-52,-30],[10,-66],[-16,-136],[54,-32],[48,-39],[7,-44],[26,-25],[5,-40],[50,-47],[57,-15],[10,-70],[-47,-34],[36,-80],[-1,-66],[-55,-96],[-6,-43],[27,-37],[49,-25],[76,-57],[13,-75],[35,-90],[36,-52],[44,-5],[18,-25],[32,-127],[-3,-46],[24,-63],[44,-57],[-34,-60],[57,-47],[28,-53],[52,-48],[9,-49],[20,-34],[36,-26],[118,-19],[106,-42],[8,-16],[-31,-77],[-32,-57],[14,-33],[74,-51],[67,-34],[20,-32],[-49,-99],[26,-43],[34,5],[72,65],[26,34],[3,40],[-26,57],[-2,52],[38,28],[64,30],[45,10],[36,49],[2,88],[54,55],[25,67],[51,69],[52,23],[76,6],[126,-6],[104,-45],[52,-44],[56,-18],[100,23],[153,18],[69,1],[26,-28],[-27,-69],[-62,-34],[-38,-32],[-22,-35],[-13,-99],[15,-94],[28,-39],[37,-7],[81,40],[25,113],[22,25],[26,-6],[25,-79],[78,-18],[76,-103],[51,-50],[71,-23],[75,-48],[17,18],[-16,90],[43,21],[72,86],[29,6],[32,-17],[7,-24],[-13,-87],[2,-37],[56,-66],[14,-37],[-25,-45],[-92,-71],[-55,-51],[-16,-96],[17,-44],[37,24],[60,98],[21,1],[70,-33],[36,-8],[34,15],[151,161],[61,52],[59,26],[38,-30],[45,25],[34,6],[59,-26],[27,-43],[54,-46],[132,-8],[59,-13],[23,-35],[4,-59],[-17,-39],[-1,-76],[18,-33],[56,-24],[43,2],[33,-14],[34,-67],[-7,-44],[-53,-29],[-61,20],[-6,32],[-42,40],[-80,20],[-58,-34],[-12,-30],[-20,-130],[-50,-136],[-10,-69],[-27,-63],[-20,-73],[-49,-119],[-15,-69],[-49,-145],[-10,-78],[22,-104],[80,-185],[63,-200],[23,-44],[31,-16],[58,-9],[142,5],[54,-40],[58,-81],[61,-23],[45,2],[77,19],[34,39],[53,25],[43,58],[69,32],[61,-25],[28,-43],[19,-3],[206,89],[69,-1],[25,-9],[73,-49],[56,-72],[27,-50],[7,-43],[-10,-35],[-53,-41]],[[111203,58924],[-5,-71],[5,-100],[-36,-23],[12,-46],[25,-13],[78,-12],[21,-15],[71,-12],[85,14],[14,-31],[-10,-25],[1,-59],[40,-61],[42,-33],[93,-51],[-8,-69],[-50,-61],[-81,-70],[-39,-63],[-57,-16],[2,-167],[38,-46],[53,-90],[35,-39],[28,-49],[-32,-136],[-4,-87],[31,-37],[5,-36],[-55,-4],[-7,-47],[14,-63],[40,-36],[30,-64],[-50,-51],[70,-161],[4,-41],[55,-43],[12,-51],[27,-47],[3,-64],[-47,-39],[-54,-15],[-6,-28],[13,-34],[28,-20],[64,-12],[75,-68],[36,-52],[-3,-45],[41,-28],[21,-29],[48,-35],[12,-71],[-19,-44],[6,-59],[60,-10],[31,-20],[36,-64],[3,-38],[-24,-39],[33,-51],[5,-60],[21,-15],[8,-40],[-17,-30],[24,-25],[20,-72],[50,0],[40,-31],[11,-26],[-27,-18],[-5,-48],[10,-23],[-9,-67],[-22,-19],[76,-50],[28,-77],[5,-55],[30,-94],[-9,-69],[42,-23],[13,-25],[0,-55],[11,-63],[-3,-56],[-14,-60],[29,-61],[44,-114],[27,-84],[16,-144],[1,-108],[33,-62],[-4,-79],[-44,-20],[-11,-36],[55,-6],[38,-16],[32,-42],[21,-75],[34,-55],[-2,-138],[-15,-14],[-51,-1],[-24,-13],[-16,-90],[-35,-39],[-1,-50],[-61,-62],[-2,-64],[20,-36],[49,-30],[15,-46],[87,-30],[37,56],[83,-2],[26,-28],[37,-16],[80,0],[49,39],[58,-36],[76,67],[63,-18],[65,-35],[38,15],[17,27],[36,-16],[49,61],[109,18],[3,111],[-10,45],[6,40],[25,40],[52,34],[67,30],[116,1],[67,-8],[11,27],[0,77],[14,18],[-32,63],[36,62],[77,3],[49,33],[-17,59],[-75,76],[-28,64],[0,77],[30,43],[67,39],[98,13],[55,41],[6,60],[18,30],[37,7],[-27,36],[-38,-2],[-32,65],[-6,70],[-61,26],[-30,32],[4,54],[-27,83],[11,50],[41,20],[-52,46],[-78,22],[-26,56],[-64,49],[-4,36],[35,100],[-10,138],[40,109],[6,134],[33,38],[-55,-3],[-63,33],[29,46],[2,32],[-57,61],[-39,82],[-76,45],[-59,53],[-13,133],[16,49],[50,64],[47,108],[61,213],[40,63],[81,64],[38,9],[54,-13],[14,41],[47,24],[109,36],[97,-43],[68,27],[39,70],[-23,74],[17,60],[105,-7],[39,30],[-27,74],[13,36],[24,21],[62,-1],[28,-34],[39,-70],[8,-58],[-24,-157],[9,-27],[41,-7],[50,23],[50,-22],[-22,-106],[11,-6],[116,125],[41,26],[66,21],[59,-21],[28,-25],[84,41],[47,54],[55,-7],[89,2],[45,28],[78,7],[28,-24],[-4,-61],[10,-60],[16,-16],[35,16],[12,-34],[187,18],[19,-13],[8,-67],[-7,-73],[-21,-45],[135,57],[13,-59],[-77,-52],[-96,-143],[-34,-34],[47,9],[24,-12],[7,-76],[103,-139],[41,-40],[76,-33],[30,1],[130,-41],[17,-36],[51,-8],[33,-39],[2,-61],[40,-4],[54,-81],[14,-62],[22,-1],[43,-94],[11,-104],[-18,-41],[-76,-83],[-82,-61],[17,-26],[62,3],[74,28],[37,-12],[53,-105],[0,-103],[33,-67],[1,-66],[-33,-36],[-54,-28],[6,-25],[64,-140],[-7,-205],[16,-21],[50,5],[91,64],[47,-5],[22,-43],[111,-298],[97,-196],[-19,-29],[-67,-64],[31,-115],[31,-19],[12,-116],[55,-63],[4,-28],[38,-73],[51,-23],[1,-163],[15,-60],[21,-27],[-24,-36],[34,-14],[27,-48],[73,-25],[4,-23],[-40,-34],[-38,-67],[-29,-29],[61,-34],[55,-105],[9,-50],[-9,-60],[4,-45],[-65,-51],[-102,-52],[32,-49],[85,-40],[44,-53],[73,-44],[97,-34],[22,-59],[-22,-103],[1,-38],[-14,-125],[73,-41],[2,-34],[-69,1],[-62,-44],[-46,-111],[-84,6],[-58,-41],[-87,26],[-17,-28],[-44,-12],[-4,-60],[-47,-108],[-16,-6],[-77,15],[-51,-7],[-60,7],[-13,-17],[-1,-99],[56,-78],[-132,-108],[-91,-92],[-86,-58],[-41,-68],[-78,-46],[-25,-23],[-71,-36],[-3,-38],[74,-99],[-1,-22],[59,-53],[-5,-62],[43,-9],[65,43],[24,-7],[56,-112],[41,-62],[2,-57],[29,-30],[3,-60],[31,-60],[61,-33],[-14,-48],[29,-22],[43,-11],[37,-41],[-14,-76],[18,-44],[49,-52],[33,-1],[44,23],[48,8],[63,36],[131,39],[45,-31],[87,7],[24,-20],[63,-15],[0,-13],[-72,-94],[-6,-28],[21,-109],[27,-91],[-30,-31],[-105,15],[-49,-43],[-7,-49],[28,-44],[75,-5],[67,-19],[56,-27],[73,18],[57,-6],[48,-29],[12,-42],[-28,-143]],[[115030,37075],[-31,-17],[-68,-84],[-20,12],[6,144],[-12,96],[-20,49],[-19,114],[-45,3],[-76,-24],[-38,-33],[-32,-92],[-69,46],[-48,1],[-34,55],[-127,46],[-55,1],[41,-47],[-23,-60],[1,-28],[45,-69],[-82,-43],[-37,14],[-24,-10],[-6,-74],[27,-38],[-3,-40],[-73,-75],[-72,75],[-39,-30],[-47,-9],[-47,4],[-27,-27],[-120,-21],[-224,-20],[-26,-9],[-72,39],[-47,-3],[-18,26],[-5,44],[-186,8],[-45,23],[-70,-12],[-8,-58],[-22,-26],[-108,26],[-37,-40],[-124,-79],[-59,-12],[-33,-16],[-76,-5],[-57,59],[-39,7],[-88,31],[-71,-23],[9,-65],[-44,-21],[-3,-20],[31,-44],[-46,-57],[-29,-79],[-59,-56],[13,-48],[63,1],[26,-27],[-12,-48],[-29,-40],[-103,-100],[-27,-17],[-110,10],[-30,23],[-11,32],[8,54],[34,65],[-19,67],[-43,20],[-39,-7],[-37,-28],[-32,-44],[-50,-123],[-32,-41],[-33,14],[-151,93],[-13,-83],[-19,-52],[-68,-68],[-48,-29],[-96,-24],[-51,12],[-69,49],[-83,-3],[-114,-54],[-50,-38],[-28,-70],[-8,-85],[11,-35],[56,-62],[20,-33],[15,-77],[-10,-94],[-16,-37],[-59,-70],[-58,-14],[-98,16],[-88,53]],[[110812,35590],[-11,81],[-20,72],[3,157],[-16,115],[-1,184],[-25,78],[-60,129],[-69,217],[-49,268],[-19,193],[-15,57],[11,40],[2,73],[-17,75],[67,205],[0,113],[-62,62],[-86,51],[-63,27],[-15,70],[8,56],[-14,19],[-48,15],[-74,-33],[-57,-9],[-130,-2],[-135,7],[-80,12],[-34,40],[-32,98],[1,115],[17,89],[9,117],[20,150],[31,163],[30,111],[26,139],[-4,70],[5,237],[9,112],[19,126],[33,159],[16,96],[5,66],[-5,128],[-15,85],[-20,53],[-105,82],[-15,54],[-44,237],[17,129],[31,63],[11,83],[17,48],[-11,87],[-22,20],[-60,21],[-48,51],[-33,70],[-86,132],[-77,147],[-33,88],[66,40],[-89,138],[-39,68],[-26,64],[-35,112],[-16,71],[-30,212],[-61,43],[12,43],[5,81],[-46,219],[-3,44],[-22,100],[-44,29],[-95,1],[-54,-18],[-78,-2],[-128,39],[-31,16],[-56,60],[-74,100],[-46,101],[-60,97],[-42,98],[-50,82],[-30,69],[-6,59],[-42,113],[-62,201],[-33,69],[-57,51],[-20,31],[-35,119],[-50,88],[-81,70],[-29,37],[-56,173],[-56,135],[-22,128],[-5,129],[-29,125],[-20,41],[1,34],[73,131],[27,34],[11,59],[37,44],[-24,164],[-26,92],[-142,105],[-252,231],[-166,80],[-170,75],[-153,141],[-71,50],[-18,59],[-2,133],[-18,108],[39,38],[-39,83],[-24,81],[24,87],[-110,277],[-224,243],[-74,98],[-125,83],[-97,197],[-92,565],[-182,1497],[-42,265],[-35,125],[-8,132],[263,1],[-21,72],[-115,152],[-1,33],[-26,52],[0,63],[11,25],[-46,25],[22,37],[-43,50],[22,13],[11,34],[-33,23],[34,35],[-8,26],[-51,46],[-62,89],[7,32],[-23,28],[-10,45],[-25,12],[-225,-10],[-69,3],[-786,-5],[-228,-4],[-125,-6],[-305,-5],[-181,-11],[-208,-4],[-256,-14],[-61,0],[-226,-13],[-26,8],[-28,123],[-21,169],[0,43],[-18,112],[-41,169],[-23,111],[-44,170],[-36,169],[-21,55],[-25,120],[-60,176],[-115,288],[-66,137],[-27,79],[-86,199],[-79,146],[-44,117],[-67,142],[-40,52],[-56,91],[-81,89],[-42,60],[-98,119],[-109,142],[-54,63],[-115,152],[-61,96],[-117,151],[-27,29],[-183,228],[-28,31],[-99,131],[-196,299],[-108,187],[-82,155],[-62,102],[-64,92],[-65,82],[-83,84],[-176,151],[-141,101],[-74,73],[-77,115],[-89,102],[-189,202],[-203,274],[-26,105],[8,162],[-13,38],[-45,50],[-221,145],[-154,115],[-75,74],[-142,172],[-20,47],[-40,61]],[[98895,57954],[10,1],[-302,782],[-191,515],[-345,602],[-153,248],[-95,141],[-70,58],[-69,30]],[[97680,60331],[-5,161],[-8,36],[-2,168],[-52,79],[1,78],[-81,376],[-45,580],[7,110],[-18,27],[-15,187],[29,183],[34,113],[147,187],[82,93],[39,74],[98,88],[49,30],[33,49],[22,59],[18,183],[28,89],[49,94],[13,183],[-14,46],[-9,114],[18,120],[33,84],[101,114],[49,34],[42,102],[-2,97],[-25,73],[-28,41],[-124,31],[-58,-23],[-114,-24],[1,98],[15,112],[-27,96],[-12,65],[9,48],[33,41],[81,38],[4,13],[-36,39],[-119,53],[11,52],[-33,20],[76,8],[124,-15],[117,-1],[307,38],[256,17],[68,-9],[55,23],[3,-18],[62,-1],[85,-12],[46,-46],[44,-29],[60,-26],[79,16],[86,0],[104,29],[20,35],[-7,76],[17,25],[48,25],[57,15],[106,61],[129,63],[53,35],[48,16],[53,39],[14,36],[4,63],[-83,155],[-6,37],[34,23],[115,30],[55,24],[35,42],[0,72],[-32,76],[-75,91],[-68,31],[-131,15],[-87,31],[-16,41],[13,30],[79,103],[28,20],[46,8],[75,-55],[81,-100],[60,-18],[51,33],[18,52],[66,105],[62,73],[14,30],[78,56],[36,-37],[80,-42],[48,6],[124,57],[107,-24],[49,-41],[23,-71],[32,-39],[50,3],[17,25],[-8,138],[24,26],[117,55],[76,30],[43,28],[54,62],[-39,66]],[[101258,66752],[74,47],[135,109],[137,128],[26,10],[27,-13],[40,-104],[36,11],[62,47],[51,27],[50,-26],[22,-54],[30,-36],[94,5],[25,-6],[2,-76],[-17,-58],[3,-32],[34,-28],[76,-21],[57,-44],[56,-86],[-1,-48],[-22,-13],[-54,10],[-110,101],[-34,2],[-62,-45],[-56,-69],[-26,-48],[7,-43],[53,10],[73,53],[68,22],[44,-10],[11,-21],[-9,-47],[-48,-51],[-4,-40],[22,-6],[141,56],[39,-13],[43,-49],[2,-45],[-25,-20],[-74,-1],[6,-21],[41,-32],[40,-53],[31,-24],[127,-59],[28,3],[46,41],[4,51],[-34,80],[-5,53],[27,56],[48,61],[7,69],[-44,123],[40,43],[27,-3],[103,-50],[54,-9],[38,7],[61,35],[33,37],[23,76],[75,116],[20,122],[20,29],[107,53],[7,20],[-4,175],[59,28],[44,-23],[52,-60],[27,-158],[15,-27],[50,61],[90,31],[-5,33],[29,22],[56,1],[54,-34],[83,0],[52,13],[84,-44],[72,-8],[67,15],[24,17],[-17,89],[53,40],[41,-23],[13,-32],[-11,-69],[34,0],[27,-29],[-5,-36],[22,-4],[37,63],[36,8],[62,-20],[48,93],[105,64],[71,94],[37,14],[65,-1],[46,28],[62,-31],[61,-1],[31,-14],[46,-52],[34,-64],[42,-4],[53,17]],[[95007,56485],[-51,-2],[-109,35],[-77,49],[-5,73],[31,74],[30,10],[40,-7],[-5,-62],[13,-20],[66,-38],[38,-70],[49,-10],[-20,-32]],[[94899,56422],[-25,-90],[29,-95],[-44,-36],[0,-30],[19,-39],[4,-42],[30,-35],[-24,-17],[-103,6],[-62,-23],[-24,-29],[-76,-25],[-29,24],[-136,143],[-55,70],[-54,99],[-100,115],[-34,73],[-50,68],[-45,103],[-17,25],[-52,41],[38,9],[59,-3],[79,20],[148,-3],[11,-59],[12,-117],[17,-97],[-1,-66],[29,34],[1,103],[-8,52],[0,73],[11,18],[57,11],[29,46],[38,10],[59,0],[74,-59],[42,-168],[17,-22],[115,-52],[21,-36]],[[100732,53040],[119,-265],[67,-126],[66,-164],[54,-145],[15,-66],[-24,-58],[28,-40],[9,-49],[42,-84],[2,-40],[-36,-60],[12,-77],[45,-84],[52,-73],[53,-59],[44,-100],[-14,-80],[-56,-64],[-133,-116],[-28,-39],[26,-96],[-5,-65],[-27,-128],[-77,-99],[-107,-79],[-138,-66],[-53,-18],[-231,-19],[-106,-18],[-97,-48],[-72,-55],[-43,-9],[-20,-21],[-89,-34],[-31,-25],[-38,-9],[-142,4],[-119,-6],[-175,-41],[-184,44],[-86,24],[-121,62],[-91,-6],[-99,40],[-30,19],[-73,22],[-20,-7],[-129,1],[-73,31],[-76,50],[-19,48],[-50,52],[-5,22],[-50,14],[-94,-15],[-151,-3],[-158,-155],[-52,-17],[-378,37],[-184,63],[-268,170],[-70,103],[-63,114],[-228,177],[-324,131],[-18,175],[-174,78],[-443,154],[-63,81],[-1,72],[137,15],[60,-4],[187,36],[72,-7],[-154,203],[-42,205],[-37,223],[-21,280],[-17,-4],[-127,15],[-25,206],[-26,81],[-6,175],[11,92],[0,1417],[8,218],[37,128],[89,108],[73,80],[665,3],[-64,149],[-61,163],[4,108],[43,128],[27,58],[41,119],[81,151],[89,111],[34,31],[57,99],[41,51],[118,90],[316,217],[48,0],[208,-63],[217,-72],[253,-176],[373,-365],[358,-386],[325,-383],[472,-634],[177,-272],[420,-561],[197,-321],[245,-500],[99,-172]],[[93703,58171],[157,97],[67,45],[144,111],[60,57],[105,129],[16,32],[63,89],[131,234],[64,137],[55,138],[20,63],[49,194],[21,114],[66,274],[61,196],[911,-370]],[[95693,59711],[7,-19],[58,-83],[-6,-61],[-30,-41],[-105,-112],[23,-29],[65,62],[56,35],[88,2],[63,-26],[89,-59],[96,-111],[57,-52],[55,-63],[85,-163],[5,-57],[66,-98],[50,-45],[-3,-57],[-15,-43],[-54,-84],[-26,-62],[-85,-130],[-103,26],[-90,3],[53,20],[-11,21],[-60,43],[-69,35],[-105,72],[-71,63],[-108,82],[-40,38],[-97,33],[-10,-40],[9,-77],[-20,-117],[1,-61],[-15,-100],[19,-41],[-45,-7],[28,-16],[-11,-39],[-36,-4],[-8,-26],[-80,-85],[-76,-128],[-19,-145],[-158,24],[-122,7],[-123,32],[-123,-1],[-100,17],[-177,55],[-42,-2],[-52,16],[-92,-2],[-149,-53],[-253,-62],[-42,28],[-132,147]],[[89309,86452],[31,-127],[53,-139],[8,-60],[32,-76],[-6,-60],[3,-84],[-35,-106],[-28,-105],[3,-125],[23,-96],[28,-69],[-63,-60],[16,-77],[-24,-14],[-13,-92],[27,-106],[8,-76],[36,-6],[15,-44],[-11,-21],[57,-38],[-19,-87],[-38,-10],[78,-173],[26,2],[15,-45],[-9,-87],[-16,-71],[5,-26],[32,-31],[73,-38],[43,-11],[-7,36],[150,27],[76,-10],[27,-35],[-2,-26],[-41,-98],[-35,-38],[14,-25],[74,-39],[163,-124],[20,-7],[47,-48],[25,2],[9,-107],[26,-55],[53,-57],[141,-196],[3,-16],[-6,-181],[-13,-245],[62,7],[55,-5],[34,47],[58,38],[89,-126],[20,-7],[106,24],[15,59],[82,56],[-3,-143],[-128,-52],[-17,-16],[-10,-69],[-32,-89],[-33,-118],[-62,-116],[-71,-178],[7,-70],[62,-56],[48,-69],[98,-105],[124,44],[85,16],[131,8],[102,-2],[-49,-144],[-62,-150],[-43,-114],[4,-18],[111,-49],[59,-14],[211,69],[119,65],[-42,-153],[76,-64],[-6,-135],[202,16],[158,-15],[23,-93],[60,-144],[4,-99],[-26,-244],[9,-36],[-1,-72],[-16,-48],[6,-36],[62,-47],[-4,-97],[-51,-116],[68,-111],[45,-55],[18,-55],[19,-118],[89,-79],[188,-139],[83,-81],[14,-30],[-60,-67],[-83,-64],[-33,-36],[202,-146],[121,-80],[31,-62],[23,-171],[16,-146],[11,-165],[12,-93],[25,-264],[1,-91],[15,-82],[42,-15],[97,10],[87,-31],[39,5],[75,50],[33,-9],[4,-40],[22,-47],[-10,-83],[-248,-10],[-7,-17],[10,-89],[21,-87],[18,-32],[116,-21],[103,-24],[-3,-32],[-56,-198],[-23,-49],[187,-7],[84,14],[119,78],[132,76],[110,73],[57,24],[43,2],[74,-19],[-51,-188],[-115,-13],[-19,32],[-37,-9],[-33,-56],[-19,-165],[16,-87],[-97,6],[-67,11],[-71,-26],[-163,-43],[-48,-144],[-48,-187],[-16,-109],[-66,-157],[180,-132],[127,-3],[73,7],[143,4],[42,-22],[44,-70],[56,-119],[39,-118],[20,-128],[-16,-25],[-123,42],[-57,29],[-50,0],[-92,-111],[-100,-99],[30,-121],[30,-67],[138,-39],[93,-33],[110,-32],[65,-33],[-19,-43],[-63,-25],[-82,-59],[-35,-13],[41,-129],[61,-144],[124,-371],[97,-18],[156,-9],[-28,-149],[-51,-12],[-75,-29],[-69,-17],[7,-145],[134,-67],[0,-352],[4,-207],[-1,-526],[4,-199],[7,-127],[16,-494],[-10,-187],[-11,-5],[-16,-77],[11,-41],[36,-31],[184,-105],[28,-23],[30,-85],[24,-197],[69,-309],[35,-39],[61,-29],[44,-41],[3,-37],[-17,-161],[0,-62],[12,-16],[101,18],[39,-5],[10,-27],[-2,-270],[-12,-105],[16,-87],[123,-118],[27,-52],[78,-109],[81,-136],[111,-137],[18,-47],[40,-48],[67,-106],[88,-123]],[[95354,69642],[-110,-25],[-39,4],[-57,-18],[-189,-12],[-184,0],[-40,-36],[-118,6],[-21,28],[-47,1],[-76,-16],[-13,-27],[-90,-18],[-68,-44],[-32,12],[-32,44],[-58,-28],[-90,-76],[-16,-26],[-45,-11],[-45,-36],[-39,-19],[-35,-46],[-43,-20],[-62,-9],[-27,-199],[-93,5],[-63,50],[-24,2],[-89,-36],[-63,-13],[-40,4],[-91,36],[-39,26],[-20,30],[-65,6],[-57,-28],[-57,-18],[-63,36],[-26,51],[-86,12],[-46,23],[-21,33],[-18,78],[-25,17],[-48,-2],[-43,-14],[-42,-45],[19,-39],[-42,-24],[-15,-29],[-33,-26],[-25,17],[8,41],[-30,7],[-30,-20],[-71,-10],[-33,-36],[-33,-2],[-41,18],[-105,20]],[[92228,69241],[-47,18],[-133,3],[-63,10],[-77,26],[-116,4],[-67,35],[-91,1],[-41,17],[-2,28],[34,56],[-33,102],[-135,-31],[-87,-16],[-22,5],[-18,38],[-38,1],[-15,-30],[-42,-21],[-5,-37],[12,-93],[-4,-30],[-27,-1],[-13,62],[-12,5],[-90,-14],[-20,36],[-9,115],[-17,12],[-279,7],[-41,-10],[-24,-92],[-50,-19],[-56,6],[-41,-43],[-71,-14],[-69,16],[-41,-5],[-41,-31],[-44,-8],[-128,12],[-34,36],[-35,67],[-21,64],[-25,26],[-64,-14],[-61,45],[-58,25],[-72,-15],[-25,-25],[-38,14],[-36,64],[21,41],[-29,46],[-36,20],[-7,35],[-63,22],[-12,17],[35,66],[-37,54],[-3,23],[-46,22],[-33,-27],[-48,-20],[-83,-6],[-62,-46],[-99,-12],[-104,-7],[-78,9],[-42,-7],[-18,-20],[-37,1],[-23,-24],[-36,-5],[16,-60],[-3,-59],[-31,-21],[-33,25],[-103,34],[-31,19],[-31,-20],[-34,7],[-48,-11],[-3,-30],[-35,0],[-13,37],[-76,-1],[-22,-42],[-50,11],[-175,7],[-69,9],[-25,-33],[-20,1],[-24,-38],[-36,-27],[-81,6],[-80,16],[-30,-30],[-37,0],[-46,-25],[-36,5],[-85,-6],[-39,-27],[-81,-9],[-11,22],[-55,12],[-68,-8],[-19,-28],[-94,-6],[-15,25],[-99,6],[-21,9],[3,64],[44,13],[17,50],[-24,32],[-108,43],[-138,10],[-103,-11],[-104,0],[-1,54],[-42,20],[-17,29],[-125,35],[-82,-4],[-122,18],[-14,45],[-32,27],[-33,68],[-117,53],[-26,84],[-59,54],[0,29],[35,64],[-1,30],[-62,43],[-20,61],[10,24],[-18,52],[4,46],[-27,127],[-38,20],[-3,55],[-49,10],[-11,-23],[-73,-8],[-15,-25],[-58,-1],[-10,-13],[5,-76],[-26,-55],[-24,-20],[-66,-21],[-74,11],[-16,74],[-23,12],[-34,91],[-14,14],[-74,3],[-65,14],[-24,59],[-45,-1],[-34,-39],[-127,-8],[-154,9],[-17,73],[-19,46],[-48,1],[-18,16],[-104,-7],[-14,-27],[-86,-8],[-22,-25],[-81,-2],[-29,9],[-18,77],[-15,15],[13,54],[26,17],[15,42],[-9,109],[-21,46],[-64,4],[0,40],[-26,37],[-51,17],[-9,33]],[[75975,81585],[212,104],[130,67],[53,33],[79,64],[67,74],[40,88],[24,125],[-1,64],[-10,54],[-28,45],[-96,88],[-104,64],[-50,44],[-24,42],[-50,132],[-22,41],[-72,110],[-33,59],[-105,167],[-28,119],[-25,177],[-66,68],[-132,100],[-123,101],[-106,68],[-68,34],[-105,30],[-69,2],[-187,-30],[-88,4],[-46,11],[-61,30],[-37,34],[-48,75],[-18,82],[1,64],[24,92],[28,53],[47,52],[44,18],[105,10],[114,-14],[116,-23],[61,13],[18,66],[-9,90],[-37,77],[-112,173],[-30,53],[-132,286],[-33,60],[-24,16],[-88,-48],[-133,-49],[-58,-15],[-92,3],[-49,9],[-90,31],[-138,66],[-69,23]],[[74242,85061],[69,76],[38,30],[83,141],[74,178],[52,141],[30,123],[29,90],[61,215],[34,136],[19,98],[7,161],[22,128],[43,87],[39,27],[101,10],[148,-24],[156,-54],[82,-8],[47,17],[41,43],[49,90],[292,86],[29,-2],[125,-82],[91,-47],[228,-178],[173,-88],[73,-41],[78,-24],[178,-38],[262,-9],[123,30],[91,44],[91,69],[44,67],[122,271],[70,233],[4,75]],[[118247,16652],[-44,-21],[-41,-78],[18,-66],[2,-52],[-22,-84],[3,-81],[25,-69],[42,-144],[27,-73],[81,-23],[62,1],[162,57],[150,70],[87,-18],[111,-37],[77,-216],[26,-96],[-11,-21],[13,-63],[-9,-29],[-99,-115],[-44,-113],[40,-190],[52,-208],[56,-52],[118,-91],[109,33],[148,64],[40,13],[40,-12],[129,-57],[64,-154],[99,-190],[98,-257],[27,-56],[66,-53],[146,-89],[127,-89],[241,-198],[82,-41],[40,-32],[133,-330],[31,-145],[-13,-53],[-66,-126],[-22,-21],[-107,-142],[-76,-294],[-30,-89],[1,-60],[13,-299],[11,-26],[75,-92],[41,-39],[129,-163],[17,-15],[153,-545],[16,-100],[55,-224],[9,-75],[-15,-117],[4,-97],[-10,-113],[0,-149],[-12,-281],[-5,-233],[10,-69],[93,-142],[89,-144],[50,-92],[143,-219],[73,-72],[114,-125],[82,-72],[146,-166],[136,-132],[134,-150],[68,-59],[120,-138],[28,-54],[51,-172],[88,-243],[31,-102],[95,-292],[40,-103],[40,-128],[87,-237],[33,-114],[34,-99],[42,-155],[23,-115],[48,-154],[60,-264],[30,-103],[45,-175],[22,-114],[19,-52],[49,-181],[23,-132],[16,-59],[22,-22],[121,-224],[23,-53],[118,-208],[42,-64],[64,-118],[38,-98],[-46,-102],[9,-126],[13,-73],[24,-79],[27,-119],[36,-132],[78,-96],[44,-62],[14,-54],[-4,-64],[-44,8],[-89,55],[-64,28],[-29,-1],[-93,-53],[-66,-13],[-54,-1],[-200,37],[-51,43],[-136,60],[-52,49],[-56,33],[-57,47],[-104,64],[-103,92],[-117,84],[-78,71],[-56,35],[-63,52],[-51,72],[-94,153],[-86,147],[-38,92],[-38,65],[-57,162],[-53,116],[-20,80],[-35,95],[-54,250],[-115,272],[-35,108],[-25,55],[-55,202],[-55,104],[-54,154],[-97,189],[-20,61],[-69,74],[-41,94],[-42,72],[-173,322],[-24,28],[-75,144],[-140,206],[-117,187],[-26,51],[-40,54],[-38,87],[-104,157],[-153,199],[-108,155],[-22,41],[-93,128],[-155,190],[-168,212],[-33,52],[-1,68],[-44,61],[-55,111],[-75,107],[-44,131],[-81,175],[-45,138],[-26,36],[-23,69],[-37,58],[-34,73],[-129,190],[-18,37],[-20,83],[-26,73],[-50,171],[-16,40],[-23,108],[-52,170],[-22,58],[-84,253],[-8,55],[-30,70],[-62,208],[-39,88],[-45,79],[-82,127],[-101,150],[-136,179],[-107,125],[-162,181],[-124,154],[-64,64],[-168,189],[-60,58],[-53,62],[-141,148],[-159,187],[-62,65],[-312,365],[-48,50],[-79,93],[-113,116],[-22,52],[-126,143],[-157,169],[-150,166],[-166,209],[-231,270],[-85,103],[-96,134],[-103,114],[-76,78],[-178,196],[-162,210],[-52,44],[-136,186],[-18,107],[-51,55],[-67,115],[-41,92],[-26,80],[-31,44],[27,96],[4,72],[-4,126],[6,166],[12,66],[-18,133],[-37,105],[-10,74],[23,118],[13,139],[-67,197],[-18,110],[9,107],[16,37],[5,64],[-7,96],[24,90],[25,190],[16,151],[-3,154],[16,101],[-44,178],[2,55],[15,95],[46,136],[-36,102],[-63,115],[-45,124],[4,47],[-10,111],[-26,56],[-48,55],[-9,60],[-32,41],[-34,16],[-47,40],[-22,34],[-7,74],[-31,165],[-42,129],[-84,246],[-39,138],[-73,195],[-46,97],[-11,91],[-81,212],[-46,92],[-40,62],[-115,157],[-119,168],[-166,229],[-60,103],[-25,55],[-70,51],[-33,34],[-238,296],[-52,101],[-35,19],[-24,52],[-63,69],[-133,160],[-127,117],[-34,42],[-108,116],[-116,137],[-59,49],[-141,149],[-119,205],[-48,123],[-32,25],[-65,82],[-35,92],[-8,59],[18,48],[41,-1],[32,18],[122,34],[85,46],[73,57],[48,53],[49,31],[77,31],[70,1],[33,25],[44,4],[35,-43],[45,-9],[63,9],[16,21],[5,57],[-15,84],[-92,127],[-108,120],[-115,193],[-48,71],[-31,32],[-98,-37],[-105,-30],[-33,-2],[-51,18],[-43,36],[-81,102],[-86,13],[-85,-161],[-94,-55],[-137,-40],[-222,-38],[-98,-58],[-19,-96],[20,-82],[-4,-87],[-11,-62],[-69,-58],[-36,-87],[-168,-23],[-84,-24],[-134,73],[-92,16],[-98,-17],[-65,-20],[-31,4],[-93,92],[-116,93],[-194,123],[-163,134],[-112,62],[-104,89],[-67,86],[-91,107],[-104,111],[-84,112],[-78,80],[-74,86],[-44,74],[-31,91],[-39,133],[-38,81],[-44,115],[24,159],[47,60],[61,41],[47,20],[30,-4],[14,36],[22,239],[78,250],[-7,250],[-10,105],[-177,337],[-25,403],[-95,651],[38,648],[129,259],[180,432],[-3,218],[9,144],[37,153],[83,187],[112,133],[59,143],[34,58],[47,40],[36,45],[28,65],[18,74],[54,107],[7,37],[-208,111],[-186,80],[-90,69],[237,671],[401,899],[410,915],[301,850],[20,249],[292,-37]],[[122418,1302],[41,-10],[75,1],[44,10],[18,-54],[-59,-135],[-32,-121],[10,-75],[-2,-44],[-19,-82],[13,-56],[44,-68],[31,-136],[-2,-54],[11,-39],[30,-36],[42,-110],[-21,-118],[7,-166],[-36,-9],[-95,4],[-20,22],[-48,85],[-7,98],[-11,31],[11,53],[47,33],[20,38],[-7,96],[-27,72],[2,97],[-23,28],[18,45],[-12,74],[-34,41],[-19,42],[-80,71],[-29,38],[-103,55],[-16,31],[79,179],[52,-9],[43,23],[35,83],[29,-28]],[[109560,37424],[70,11],[58,-9],[60,-38],[55,1],[30,-20],[115,-218],[51,-110],[90,-167],[45,-77],[64,-139],[22,-92],[26,-55],[29,-117],[8,-56],[9,-207],[-13,-295],[-25,-161],[-71,-201],[-97,-246],[-70,-157],[-85,-156],[-168,-346],[-31,-103],[-38,-98],[-24,-80],[-79,-232],[-60,-221],[-39,-109],[-131,-300],[-117,-281],[-51,-131],[-137,-408],[-21,-92],[-27,-90],[-16,-24],[-92,-59],[-48,-44],[-5,-67],[2,-106],[9,-40],[31,-81],[-14,-133],[-9,-29],[-33,-40],[-34,-22],[-161,-25],[-97,-4],[-58,12],[-66,28],[-14,21],[-6,129],[2,116],[28,115],[-30,91],[5,81],[27,155],[44,152],[-1,65],[15,74],[22,62],[62,110],[60,85],[65,69],[45,57],[49,33],[48,71],[6,80],[-8,69],[-7,140],[-15,70],[-39,344],[-11,131],[32,105],[81,104],[68,103],[22,71],[36,72],[15,60],[4,68],[-18,200],[-18,112],[-26,62],[-26,88],[-38,107],[-47,98],[-16,76],[-17,35],[-45,43],[-42,95],[11,96],[-4,39],[19,170],[1,91],[32,98],[59,44],[47,58],[18,46],[-4,95],[-30,66],[7,41],[37,35],[-6,62],[-26,37],[-13,86],[7,84],[48,39],[15,28],[63,43],[79,34],[90,79],[48,61],[108,147],[34,106],[20,31],[91,79],[59,31],[21,-11]],[[97680,60331],[-11,-33],[-191,126],[-188,118],[-38,21],[-204,137],[-83,80],[-145,118],[-90,52],[-55,21],[-31,1],[-101,26],[-157,63],[-95,27],[-85,3],[-112,25],[-119,63],[-63,50],[-50,17],[-197,136],[-36,51],[-47,87],[-58,141],[-46,180],[-52,103],[-56,55],[-89,59],[-41,-11],[-1,-64],[-28,-51],[-72,14],[-24,-49],[-137,-30],[-236,-93],[-137,-80],[-66,-6],[-74,14],[-117,56],[-57,44],[-73,74],[-72,103],[-76,81],[-70,57],[-151,74],[-78,63],[-50,58],[-37,90],[-10,115],[14,42],[58,66],[71,21],[87,-3],[79,-22],[107,-52],[68,-27],[114,-15],[95,27],[51,22],[35,33],[-16,28],[-194,-28],[-38,20],[-44,73],[-58,80],[-23,70],[21,102],[-14,107],[-21,25],[-161,-10],[-60,43],[-146,8],[-33,16],[-29,43],[-3,58],[11,32],[33,38],[28,9],[130,-5],[68,4],[63,19],[121,77],[50,9],[37,-11],[50,-51],[60,-105],[35,-24],[32,-3],[36,18],[11,24],[26,131],[32,85],[2,37],[-16,76],[-3,69],[16,55],[30,22],[41,-6],[29,-26],[101,-152],[74,-58],[72,-9],[45,12],[10,31],[-42,49],[-73,36],[-21,31],[12,59],[23,33],[53,45],[42,47],[7,32],[-27,33],[-61,-9],[-115,-75],[-96,-17],[-121,1],[-35,34],[-1,39],[20,66],[72,109],[73,82],[21,53],[-19,16],[-51,-9],[-120,-51],[-63,18],[-98,105],[-74,61],[12,29],[144,56],[36,2],[102,-36],[111,-81],[27,-9],[53,21],[-3,49],[-46,60],[-23,51],[4,39],[38,89],[1,59],[-26,53],[1,33],[38,15],[95,-38],[58,-39],[49,-6],[35,28],[12,36],[-26,86],[-52,70],[-58,44],[-111,51],[-49,54],[-13,90],[-25,81],[-39,14],[-27,-32],[2,-72],[-31,-46],[-34,2],[-97,34],[-68,5],[7,-20],[-23,-25],[-85,24],[-28,-45],[-129,-82],[-59,16],[-37,-7],[-92,-40],[-39,11],[19,73],[-42,52],[-51,-21],[-33,0],[-55,-130],[-113,-90],[-25,7],[-20,-45],[-47,-37],[-53,2],[-14,-14],[-76,-3],[12,56],[-35,-10],[-39,10],[-34,-19],[-33,20],[-29,39],[-30,14],[-94,3],[-64,27],[-93,19],[8,-44],[-22,-33],[13,-15],[-2,-82],[-29,-12],[-31,-37],[-3,-34],[-118,22],[-35,0],[-44,-82],[-24,-12],[-5,-54],[-33,-90],[-37,-13],[-34,23],[-35,48],[-35,-47],[-26,-14],[-27,16],[6,26],[39,18],[-12,27],[-51,22],[-5,25],[27,40],[-28,8],[1,23],[-29,-9],[-41,43],[-14,65],[-21,17],[-32,-5],[-12,-25],[-46,-20],[-53,12],[2,49],[-54,11],[6,121],[-17,55],[-47,23],[5,16],[69,-1],[19,22],[-49,61],[28,54],[52,-8],[40,-52],[61,-14],[48,21],[-10,80],[146,23],[7,12],[-42,158],[-45,118],[-5,57],[5,130],[11,77],[34,20],[-10,193],[26,131],[-2,52],[-68,20],[-24,43],[34,87],[9,67],[-17,184],[-35,46],[-74,13],[-32,21],[-33,-2],[-32,26],[16,25],[49,2],[-10,45],[47,-9],[1,113],[-8,145],[14,11],[17,59],[37,7],[5,107],[-13,67],[26,23],[11,111],[1,73],[-33,27],[0,53],[32,70],[38,138],[3,63],[-27,93],[9,32],[-20,135],[-5,115],[17,42],[77,25],[12,113],[59,74],[6,69],[-13,36],[-42,19],[-9,78],[-32,55],[-14,48],[-37,-6],[-20,15],[11,32],[88,-12],[50,15],[12,19],[-9,49],[-59,29],[-27,34],[-62,1],[-67,28],[2,53],[-26,46],[5,49],[43,57],[37,140]],[[95354,69642],[11,-12],[169,-79],[60,-13],[136,-77],[74,-49],[36,-36],[85,-26],[64,-31],[70,-59],[51,-17],[44,8],[29,28],[1,32],[80,6],[61,19],[26,-6],[134,45],[58,49],[59,21],[52,-3],[21,20],[-2,38],[-76,7],[-75,21],[34,52],[17,49],[16,176],[66,26],[12,15],[-4,65],[23,93],[-31,7],[-73,-17],[-154,22],[-81,120],[4,115],[25,102],[-2,38],[-84,-11],[-79,2],[54,323],[20,153],[-84,62],[-86,56],[-6,70],[8,176],[8,56],[-33,95],[-96,159],[-16,41],[-52,179],[-33,153],[-19,63],[-54,29],[-67,60],[-12,138],[0,142],[16,188],[-2,76],[-87,-1],[27,193],[0,63],[-87,2],[29,148],[14,48],[104,7],[32,153],[34,194],[1,93],[-11,19],[-86,-1],[-97,9],[135,105],[68,70],[92,111],[20,38],[-114,159],[-21,53],[45,9],[92,5],[135,14],[96,23],[-5,58],[17,37],[-15,73],[-40,31],[-4,26],[-40,103],[-23,24],[-29,1],[-44,56],[-28,53],[8,24],[240,10],[62,11],[142,8],[-55,83],[-92,107],[-45,39],[-88,7],[-4,109],[4,140],[73,21],[79,-175],[25,-34],[54,-53],[125,-18],[24,81],[-6,72],[-13,59],[3,69],[-7,66],[-21,88],[-1,110],[-21,211],[2,52],[36,-2],[29,-25],[28,14],[8,-28],[28,-4],[38,-56],[15,43],[27,-4],[-7,-33],[7,-56],[23,-8],[18,-36],[-7,-46],[21,8],[1,-46],[23,2],[4,-31],[27,-13],[-34,-52],[15,-29],[-85,-35],[37,-41],[-21,-24],[10,-60],[-29,-29],[-11,-38],[63,-87],[26,-10],[-30,-36],[25,-9],[5,-41],[76,176],[101,-60],[5,-45],[81,57],[103,65],[230,-21],[201,-29],[59,-23],[157,12],[9,-89],[-41,-29],[-43,-64],[-67,-75],[-46,-33],[-43,-6],[27,-109],[25,-60],[82,13],[113,33],[89,19],[104,-155],[27,-17],[221,-344],[-391,-99],[-93,-27],[6,-20],[-33,-41],[-14,7],[-37,-30],[1,-37],[31,3],[78,-44],[111,-47],[4,-71],[482,201],[256,-313],[-56,-302],[-330,-58],[400,-229],[101,109],[16,0],[89,-91],[313,90],[29,-78],[-92,-114],[184,-44],[-22,-105],[-66,5],[-202,-10],[-159,-62],[22,-158],[165,-8],[-96,-273],[-32,-15],[-78,-105],[94,-153],[366,58],[6,-37],[-128,-65],[-218,-102],[76,-55],[54,-76],[64,15],[90,-68],[53,-12],[79,7],[-2,71],[57,12],[99,44],[-11,-176],[-48,-31],[-137,-117],[-129,-84],[5,-85],[139,-18],[140,-23],[113,-10],[-93,-76],[22,-143],[110,3],[33,-93],[-222,-41],[-15,-160],[-16,-82],[166,-5],[102,3],[52,-6],[-45,-110],[-48,-165],[111,-32],[87,-17],[66,-22],[42,-6],[8,-38],[0,-111],[-139,-89],[97,-188],[11,-32],[70,-125],[8,-33],[70,-120],[15,-55],[-138,-48],[-115,-47],[-29,-131],[65,-4],[55,13],[91,-12],[78,1],[36,-22],[-84,-149],[0,-40],[-36,-69],[-28,-83],[-24,-106],[293,-4],[202,10],[59,-7],[-98,-177],[-50,-76],[-89,-160],[-40,-59],[-56,-57],[103,-11],[108,7],[56,-5],[-18,-106],[-36,-137],[-87,-284],[-12,-50],[53,-68],[68,-46],[47,-2],[161,56],[47,3],[38,-22],[1,-129],[-19,-153],[-5,-103],[4,-98],[158,-83],[103,-41],[72,-38],[115,-51],[52,-31],[51,-62],[50,-21]],[[115457,85867],[52,-26],[100,9],[11,12],[62,1],[60,-14],[90,-65],[43,-52],[106,-180],[47,-111],[55,-113],[42,-103],[142,-266],[33,-94],[13,-57],[41,-116],[123,-194],[36,-111],[27,-138],[29,-100],[64,-156],[20,-64],[14,-99],[44,-102],[55,-86],[28,-80],[10,-77],[17,-60],[75,-189],[41,-85],[29,-135],[40,-229],[46,-241],[48,-199],[30,-231],[8,-136],[3,-133],[25,-112],[-3,-72],[9,-66],[18,-57],[14,-119],[30,-146],[61,-167],[26,-126],[36,-211],[19,-227],[6,-119],[-23,-135],[-23,-59],[-35,-55],[-44,-52],[-56,-48],[-59,-35],[-189,-90],[-105,-43],[-127,-62],[-134,-58],[-127,-79],[-112,-82],[-371,-233],[-189,-79],[-227,-133],[-177,-115],[-110,-75],[-93,-73],[-54,-60],[-24,-51],[0,-43],[32,-70],[222,-180],[141,-89],[221,-103],[183,-99],[310,-188],[166,-97],[175,-75],[95,-50],[96,-69],[143,-124],[66,-70],[63,-84],[31,-85],[22,-98],[14,-162],[-5,-78],[-1,-214],[19,-167],[48,-179],[17,-165],[6,-100],[42,-232],[1,-125],[13,-97],[5,-93],[1,-125],[17,-132],[19,-197],[19,-97],[10,-188],[37,-167],[-13,-56],[23,-100],[83,-234],[30,-71],[37,-146],[36,-99],[32,-142],[110,-269],[69,-143],[61,-171],[1,-43],[69,-291],[4,-75],[16,-99],[-4,-48],[28,-101],[48,-80],[22,-59],[49,-71],[48,-112],[46,-78],[43,-50],[180,-294],[33,-48],[50,-98],[137,-201],[122,-231],[121,-197],[32,-66],[56,-97],[0,-21],[-210,9],[-54,-8],[-83,13],[-114,-1],[-87,-8],[-239,-38],[-94,-11],[-101,-26],[-162,-50],[-174,-34],[-103,-28],[-86,-11],[-143,-44],[-153,-64],[-106,-40],[-67,-15],[-96,-33],[-166,-39],[-170,-46],[-44,-5],[-118,-30],[-48,-7],[-112,-30],[-240,-39],[-148,-31],[-32,-16],[82,-230],[103,-258],[87,-237],[92,-186],[29,-114],[32,-73],[54,-106],[47,-77],[61,-146],[58,-151],[64,-144],[98,-171],[79,-162],[31,-128],[43,-97],[21,-66],[15,-87],[55,-191],[16,-79],[73,-276],[51,-213],[17,-146],[-1,-67],[-33,-222],[-81,-73],[-225,-155],[-234,-138],[-71,-61],[-64,-44],[-193,-153],[-50,-52],[-106,-86],[-103,-70],[-125,-102],[-59,-40],[-236,-185],[-90,-88],[-165,-187],[-66,-84],[-65,-141],[-33,-60],[-45,-63],[-110,-116],[-82,-66],[-102,-40],[-110,-30],[-107,-1],[-69,10],[-172,58],[75,47],[-127,35],[-510,129],[-146,24],[-82,-3],[-65,-22],[-75,-86],[-47,-80],[-23,-60],[-11,-61],[-59,-188],[-16,-37],[61,-130],[481,-543],[84,-118],[-29,-21],[-172,-77],[-173,-44],[-154,-29],[-159,-26],[-209,-19],[0,-102],[-24,-92],[-29,-64],[-81,-156],[0,-44],[-49,-124],[-26,-128],[-35,-223],[-25,-255],[-14,-299],[4,-76],[41,-234],[40,-119],[49,-106],[77,-147],[96,-164],[45,-98],[123,-247],[58,-124],[87,-197],[88,-287],[19,-87],[34,-70],[-80,-83],[-86,-70],[-38,-22],[-121,-39],[-149,-28],[-72,-5],[-88,6],[-212,1],[-140,-13],[-28,-70],[-36,-219],[-14,-294],[-35,-165],[-15,-7],[-154,-28],[-87,-8],[-186,13],[-98,-13],[-99,-39],[-91,-18],[-92,-1],[-159,29]],[[105028,67233],[81,0],[10,18],[-50,37],[2,25],[81,87],[51,-10],[0,-64],[29,-11],[53,58],[49,26],[-1,47],[43,55],[21,65],[27,43],[56,45],[116,34],[116,70],[95,50],[118,46],[34,48],[13,92],[26,37],[69,47],[127,128],[25,65],[68,78],[95,37],[49,6],[30,46],[-4,48],[12,42],[29,22],[60,21],[90,68],[71,-26],[24,27],[-81,92],[-17,27],[-2,54],[57,33],[56,-3],[46,-24],[34,-38],[15,-57],[-47,-113],[10,-100],[20,-50],[23,-7],[99,36],[33,29],[-4,49],[-26,72],[-1,70],[28,6],[52,-58],[24,49],[38,48],[-26,68],[-30,120],[9,43],[-9,37],[-63,128],[-62,77],[0,31],[59,30],[-3,27],[-68,105],[-54,41],[-55,61],[1,35],[83,84],[40,26],[56,13],[98,7],[41,-6],[56,-33],[8,-50],[21,-17],[39,-5],[-16,48],[16,31],[41,19],[11,-53],[26,-11],[51,11],[67,-25],[12,-69],[-37,-22],[-14,-30],[7,-33],[21,-7],[38,18],[31,41],[49,14],[113,-26],[53,-22],[27,10],[-21,59],[13,30],[64,-9],[95,-2],[-7,59],[37,72],[-8,37],[47,27],[54,-23],[37,25],[-28,51],[34,23],[-7,48],[-18,23],[-42,13],[-5,33],[59,39],[32,42],[21,0],[19,-33],[11,-51],[37,39],[70,49],[-43,57],[9,24],[36,28],[102,51],[51,56],[37,22],[31,-24],[69,68],[1,18],[-76,33],[-55,49],[-137,39],[-86,0],[-30,-36],[-105,21],[-28,13],[-27,-31],[-51,-10],[-16,27],[40,23],[-4,26],[39,41],[42,25],[15,29],[3,77],[-13,62],[-21,43],[19,54],[-16,45],[1,54],[-30,76],[-21,15],[-50,2],[-29,24],[-37,66],[14,29],[-4,62],[31,50],[-5,46],[12,79],[42,29],[-12,45],[-43,1],[-44,16],[-30,-31],[-44,25],[12,61],[-4,53],[16,56],[41,64],[25,58],[58,3],[12,13],[-30,69],[-54,74],[-14,82],[-94,95],[-15,25],[2,40],[26,46],[19,62],[40,29],[-6,39],[-103,63],[-10,47],[19,44],[12,74],[-19,26],[-45,17],[-18,60],[66,65],[-5,13],[-116,73],[-27,31],[-54,24],[-44,5],[-68,72],[9,25],[62,41],[19,33],[14,99],[-29,45],[-57,18],[-8,53],[-59,18],[-54,49],[-77,122],[-13,74],[26,21],[59,6],[13,11],[-21,100],[-26,38],[-63,42],[-3,34],[19,21],[76,38],[-3,40],[-36,42],[16,92],[-17,45],[-52,42],[-28,54],[-43,25],[-34,57],[-13,135],[15,63],[-45,81],[-35,3],[15,-44],[-64,-44],[-43,47],[-51,39],[-2,43],[43,45],[41,83],[17,105],[-21,71],[-32,-35],[-52,15],[-23,26],[4,30],[33,72],[24,26],[-29,41],[-6,51],[21,128],[-64,31],[-49,-7],[-39,10],[-50,62],[-65,22],[-64,41],[-30,104],[-80,116],[-28,98],[6,93],[54,65],[99,93],[27,63],[-5,97],[-23,47],[-32,32],[-62,24],[-125,6],[-146,-14],[-122,8],[-76,23],[-37,34],[-12,47],[21,57],[87,89],[118,77],[118,86],[122,62],[125,84],[115,88],[256,173],[141,105],[135,67],[27,41],[-10,49],[-86,254],[4,49],[29,29],[102,55],[92,59],[124,121],[24,54],[-7,87],[-47,166],[-21,142],[-60,149],[-19,66],[-15,112],[-30,64],[-13,54],[5,36],[-22,61],[19,26],[81,3],[119,-17],[62,-22],[86,-73],[50,-68],[61,-63],[84,-68],[89,-45],[21,5],[33,51],[9,61],[4,181],[11,40],[58,69],[57,32],[63,20],[51,4],[64,-27],[31,-52],[11,-126],[-7,-110],[2,-61],[29,-154],[19,-171],[-31,-187],[-24,-100],[-31,-52],[-86,-83],[-43,-61],[18,-27],[162,21],[149,-2],[70,8],[65,21],[31,30],[30,57],[23,74],[39,192],[8,63],[-7,75],[-1,193],[7,98],[14,65],[31,67],[45,62],[25,54],[78,80],[69,56],[90,47],[184,70],[82,53],[124,116],[97,49],[160,107],[163,129],[115,115],[61,72],[55,53],[58,42],[78,43],[114,74],[104,51],[113,64],[101,69],[144,134],[67,95],[35,28],[80,34],[164,3],[69,-19],[88,-43],[90,-33],[82,-4],[50,41],[84,98],[102,146],[63,134],[25,21],[54,-4],[153,-65],[73,-6],[79,26],[39,39],[34,70],[4,29],[-6,245],[-11,72],[-7,157],[-19,181],[-38,152],[186,97],[12,59],[-33,97],[-38,93],[-19,29],[-67,25],[-23,23],[-1,78],[-41,7],[-20,28],[5,57],[-76,-4],[-53,44],[-34,53],[-19,138],[15,68],[28,27],[35,11],[42,50],[85,11],[33,17],[9,43],[-20,59],[-70,105],[-40,85],[2,90],[-17,33],[-63,87],[28,77],[-40,143],[11,33],[37,31],[25,42],[-9,29],[-60,69],[-3,47],[28,68],[0,43],[-37,46],[-32,64],[11,53],[-5,116],[-58,171],[-8,150],[-25,61],[-20,138],[7,50],[25,76],[-8,39],[11,60],[-41,71],[2,50],[-16,58],[1,36],[-21,28],[-23,2],[-17,33],[6,35],[-30,17],[-20,49],[-54,24],[10,72],[-17,71],[-19,30],[-36,26],[-21,59],[-42,74],[44,60],[45,31],[54,4],[10,12],[-23,59],[-7,97],[26,51],[-35,63],[-23,88],[-26,51],[-30,6],[-38,55],[-2,37],[-36,70],[38,82],[15,128],[-3,81],[-62,120],[3,42],[-11,62],[-83,144],[-48,65],[-3,28],[70,52],[62,35],[62,-1],[-8,69],[32,16],[8,55],[83,11],[28,-16],[42,8],[50,38],[43,-5],[72,-37],[72,19],[31,-8],[18,21],[-41,97],[-65,-9],[-49,7],[-35,37],[-3,57],[16,40],[-3,53],[-44,63],[6,72],[-43,118],[13,24],[62,52],[43,46],[39,21],[8,21],[-21,28],[-61,9],[-9,15],[-5,114],[25,17],[55,-12],[32,59],[-12,56],[39,36],[24,75],[28,20],[48,5],[109,-21],[90,1],[16,-10],[-10,-61],[10,-51],[48,6],[65,32],[79,24],[88,49],[47,1],[3,-54],[49,-146],[1,-45],[17,-29],[66,-7],[23,-24],[9,-56],[-14,-91],[7,-54],[31,-66],[62,-73],[6,-54],[29,-67],[30,-159],[91,-133],[31,-95],[18,-27],[-15,-50],[5,-33],[24,-26],[11,-62],[46,-93],[-1,-77],[46,-77],[38,-93],[19,-67],[41,-21],[74,19],[46,-30],[6,-55],[51,-110],[43,-20],[100,-3],[18,-32],[24,-76],[22,-2],[51,66],[48,35],[21,3],[16,-36],[54,30],[68,-13],[1,-22],[-67,-67],[5,-35],[31,-14],[44,6],[54,22],[18,-9],[55,10],[26,-26],[11,-35],[38,-30],[16,-33],[81,-31],[21,-26],[72,-10],[19,-56],[26,-38],[31,-10],[92,7],[49,-28],[49,1],[70,33],[58,11],[83,-5],[77,-23],[60,-31],[45,-36],[45,-5],[59,11],[66,41],[41,0],[58,-31],[48,10],[82,37],[47,3]],[[83812,71345],[-163,-8],[-13,-6],[1,-73],[-55,-29],[-57,-9],[-4,-30],[47,-50],[-11,-44],[6,-140],[-1,-77],[-23,-30],[-85,6],[-32,-7],[-4,-53],[12,-102],[-54,-12],[-71,-3],[-8,-93],[-87,-44],[-13,-84],[16,-35],[91,-7],[8,-24],[-6,-122],[18,-60],[50,6],[-2,-23],[-76,-14],[-2,-33],[35,-23],[-6,-20],[-91,-4],[-21,-9],[-2,-40],[-29,-6],[-58,23],[-29,39],[-83,23],[-28,55],[-44,15],[-11,26],[-48,14],[21,-56],[5,-66],[-12,-68],[10,-63],[-58,-26],[-39,-4],[-108,-84],[-29,17],[2,52],[-10,38],[-80,3],[-19,-15],[-49,2],[-17,-74],[-73,1],[-68,41],[-19,-3],[-1,-42],[33,-11],[26,-53],[79,-4],[7,-79],[37,-69],[48,-9],[16,-40],[-4,-94],[-22,-2],[-123,16],[-62,22],[-29,41],[-45,10],[-14,65],[-64,2],[-20,26],[-149,-10],[-32,-12],[-6,-25],[17,-52],[43,-75],[9,-103],[27,-34],[34,-16],[158,-34],[33,-21],[20,-38],[-1,-64],[-13,-62],[29,-25],[47,-154],[16,-24],[32,-5],[12,47],[50,-4],[16,-104],[24,-27],[-46,-45],[-50,7],[-37,37],[-87,8],[-40,-15],[-34,11],[-77,-1],[-29,-18],[17,-28],[62,-11],[-6,-51],[-29,-6],[-4,-37],[31,-47],[-10,-20],[-68,28],[-102,75],[-55,23],[-51,8],[-20,-11],[-6,-85],[-15,-7],[-64,15],[-31,-53],[0,-32],[-27,-24],[3,-82],[-51,-9],[-3,-63],[-38,-21],[11,-32],[35,-22],[61,-18],[-9,-45],[14,-85],[-16,-78],[27,-18],[15,-37],[89,-7],[-2,-38],[22,-40],[25,39],[56,15],[2,22],[27,7],[56,49],[45,17],[96,-8],[37,-39],[80,7],[37,12],[-3,-34],[35,-21],[20,18],[54,-28],[25,47],[39,-13],[25,-38],[16,-52],[-22,-27],[-75,18],[-6,-56],[24,-36],[32,2],[8,21],[67,0],[22,-22],[32,14],[22,-39],[71,-30],[27,-73],[-6,-56],[-26,-45],[13,-27],[91,-24],[34,-57],[51,-38],[13,-40],[2,-128],[-12,-31],[14,-27],[41,-3],[7,34],[51,62],[39,-5],[50,12],[39,32],[24,-37],[35,10],[3,23],[-43,23],[-4,38],[59,-1],[17,22],[-39,15],[4,21],[37,9],[0,19],[-46,-1],[5,41],[39,5],[51,-30],[23,-29],[3,25],[49,-9],[42,-42],[4,-45],[27,-13],[-3,40],[64,2],[17,-48],[-62,-44],[7,-49],[-30,-26],[30,-36],[94,-9],[102,6],[16,-16],[-5,-67],[18,-48],[75,6],[78,-91],[77,4],[2,22],[68,6],[12,25],[-2,56],[40,41],[20,5],[94,-33],[20,-126],[48,-52],[83,-17],[38,-70],[71,-66],[31,24],[-1,77],[17,74],[46,4],[87,22],[137,-26],[47,-30],[-45,-79],[-1,-75],[43,-46],[-1,-58],[28,-42],[-38,-23],[-56,-11],[-17,-35],[45,-34],[39,-8],[38,15],[50,-36],[-3,-31],[-41,-23],[-63,3],[0,-47],[34,-39],[-43,-47],[54,-36],[3,-30],[-53,-20],[-14,-50],[17,-39],[-19,-39],[-57,-23],[-56,-38],[-68,-70],[-70,-22],[14,-51],[46,1],[43,-12],[36,-34],[-10,-27],[-52,-24],[-8,-42],[46,-36],[-13,-23],[-35,-8],[-36,21],[-14,-29],[38,-52],[-34,-51],[19,-50],[-76,-63],[-49,-17],[-9,-19],[14,-39],[-12,-43],[-70,-38],[-11,-27],[25,-32],[119,29],[24,-55],[-6,-14],[-52,3],[-75,-9],[-44,-38],[28,-58],[70,-32],[22,-88],[46,-20],[26,18],[36,-56],[56,-5],[8,-75],[-10,-14],[-117,-2],[-25,-44],[2,-36],[-49,-11],[-18,-29],[6,-64],[-39,-21],[-31,-45],[29,-14],[2,-40],[28,-53],[26,-13],[3,-24],[56,-46],[-20,-31],[10,-83],[26,-62],[-37,-13],[-47,-45],[-25,-55],[-61,-65],[-85,10],[-68,-6],[-20,-11],[4,-29],[-49,-25],[-37,-45],[-13,-38],[-68,-39],[-19,-49],[-64,50],[-32,10],[-50,-6],[-72,-39],[-105,-22],[-25,13],[39,27],[-29,12],[-29,-10],[-13,-28],[-37,-11],[-31,-41],[18,-36],[54,0],[1,-30],[-39,-29],[-80,39],[-57,-5],[-126,-33],[-25,13],[-10,60],[-32,14],[-41,-40],[-75,-115],[-11,-50],[17,-35],[71,-67],[44,-62],[15,-56],[-3,-73],[-31,-113],[4,-70],[26,-29],[-5,-35],[-48,-35],[-32,-12],[-22,16],[-12,44],[-30,13],[-29,-39],[-6,-35],[39,-59],[12,-36],[-9,-28],[-41,-45],[-56,-28],[-122,-14],[-95,-159],[-14,-86],[-37,-128],[-44,-43],[-101,0],[-246,28],[-54,11],[-59,-7],[-41,-44],[-214,-31],[-115,-27],[-85,-11],[-101,-34],[70,-105],[102,-97],[66,-44],[120,-47],[166,-38],[131,-57],[64,-41],[168,-92],[123,-58],[206,-131],[246,-140],[158,-67],[103,-85],[113,-60],[145,-142],[224,-191],[46,-32],[64,-58],[74,-37],[99,-31],[21,-19],[-1,-46],[-16,-67],[2,-119],[-5,-70],[-15,-323],[-4,-257],[6,-83],[-6,-133],[60,-21],[286,-46],[272,-68],[75,-12],[124,-75],[70,-225],[16,-39],[41,-139],[71,-93],[16,-31],[-3,-107],[4,-101],[8,-56],[-80,-70],[-57,-37],[-151,-130],[-98,-74],[-89,-77],[-32,-37],[-100,-156],[-40,-77],[-57,-96],[-41,-95],[-90,-177],[-53,-118],[31,-21],[42,-52],[44,-15],[31,-24],[28,-52],[62,-48],[104,-135],[84,-123],[106,-193],[119,-282],[33,-120],[19,-122],[-6,-132],[5,-73],[19,-90],[2,-73],[-17,-128],[9,-74],[25,-10],[99,2],[69,-5],[85,3],[-4,-82],[18,-103],[14,-152],[31,-130],[51,-149],[72,-171],[23,-67],[-11,-68],[-63,-57],[-79,-60],[-236,-90],[-123,-59],[-111,-100],[-244,-131],[-152,-66],[-152,-76],[-87,-36],[-154,-88],[-108,-54],[-265,-126],[-270,-131],[-141,-76],[-153,-69],[-215,-116],[-46,-31]],[[98895,57954],[-83,-8],[-123,87],[-123,125],[-185,172],[-276,288],[-379,364],[-154,87],[-226,107],[-285,12],[-1,-3],[-525,200],[-797,308],[-45,18]],[[93703,58171],[-154,-78],[-168,-62],[-52,-25],[-121,-45],[-160,-54],[-79,-32],[-62,-57],[-16,-30],[-59,-62],[-9,-28],[-144,-103],[-57,-100],[-28,9],[17,-31],[110,-133],[79,-75],[39,-51],[84,-90],[31,-42],[276,-315],[107,-139],[38,-43],[130,-217],[127,-191],[103,-192],[44,-95],[72,-142],[48,-118],[33,-59],[76,-170],[14,-20],[33,-110],[67,19],[201,100],[5,44],[140,16],[199,-12],[133,-42],[77,-92],[21,-123],[-67,-40],[-56,-20],[-66,31],[-23,-20],[22,-41],[66,-62],[45,30],[122,20],[-1,-123],[21,-153],[-45,-51],[-12,-51],[22,-61],[-23,-112],[-13,-102],[0,-71],[-66,41],[-144,32],[-77,82],[12,71],[34,153],[13,133],[-56,-51],[-25,-214],[-45,-112],[-56,-20],[-77,72],[-33,-10],[99,-92],[33,-41],[-56,-51],[78,10],[55,-11],[-1,-102],[33,-41],[10,-102],[-78,21],[-55,0],[-45,-40],[-100,11],[-43,72],[-44,51],[-22,-10],[55,-41],[-1,-72],[-78,11],[-77,31],[0,-30],[155,-53],[87,-92],[0,-92],[-34,-41],[-77,32],[-12,-61],[-45,-92],[-44,41],[10,-81],[-100,-10],[-165,124],[-133,62],[-111,-9],[11,-31],[89,0],[154,-134],[-1,-62],[-33,-40],[-78,21],[-33,0],[-1,-112],[-200,2],[11,-41],[-45,-10],[-56,-71],[-11,-31],[-1,-61],[-89,-20],[-77,32],[-179,-111],[-32,92],[-218,410],[-242,257],[-219,277],[2,214],[69,316],[40,108],[-97,-3],[-108,4],[-249,1],[-199,13],[-104,16],[-118,3],[-54,-130],[297,-226],[450,-362],[-305,-340],[-90,-25],[-103,-44],[-313,9],[-299,72],[-64,3],[-76,-8],[-106,-25],[-232,-4],[-77,-32],[-54,-4],[-156,52],[-64,38],[-180,0],[-126,-9],[12,-85],[54,-261],[101,-552],[36,-164],[-12,-110],[-38,-178],[33,-22],[499,-10],[161,16],[63,-38],[148,-127],[39,-533],[61,-507],[21,-474],[29,-507],[24,-557],[-259,5],[-884,363],[392,-1430],[214,-1320],[-13,-197],[-130,-20],[-93,1],[-228,12],[-70,16],[-36,71],[-23,-55],[-18,-109],[-1,-156],[27,-88],[27,-151],[10,-130],[-1,-145],[-40,-98],[-35,-140],[-70,-212],[-23,-94],[-90,-61],[-23,-37],[-8,-264],[-30,-228],[-35,-83],[-7,-166],[-28,-62],[-120,-140],[-91,-134],[-124,-25],[-34,-52],[-6,-67],[-63,-98],[-113,-36],[-119,-82],[-96,-77],[-114,-150],[-114,-118],[-107,-83],[-29,5],[-56,-113],[-145,-126],[-88,-70],[-45,-15],[-135,1],[-155,-12],[-98,-18],[-35,-30],[-6,-89],[-166,-6],[-48,-13],[-23,-57],[-62,-12],[-68,-80],[0,-32],[-40,3],[-45,-28],[-12,-73],[-22,-46],[-156,-137],[-116,-105],[-142,-140],[-136,-97],[-93,-80],[-57,-72],[-16,5],[2,-65],[-147,-108],[-95,-48],[-124,-35],[-67,-102],[-43,-30],[-57,-20],[-116,45],[-161,72],[-95,55],[-215,180],[-93,91],[-43,142],[-29,157],[-4,125],[-793,87]],[[86918,40126],[-33,-20],[-42,19],[9,58],[84,25],[53,74],[71,79],[50,-7],[2,-44],[-16,-51],[-34,-63],[-144,-70]],[[87221,41088],[0,-43],[-33,-37],[-36,-11],[-73,-3],[-79,-96],[-86,-55],[-78,-91],[-13,-42],[-75,-94],[-73,-56],[-76,-44],[1,-43],[-63,-38],[-43,15],[-22,58],[-36,140],[0,56],[13,113],[37,77],[-6,120],[-16,43],[-46,24],[-43,-29],[-24,-83],[-49,-32],[-44,-1],[-12,13],[0,127],[9,29],[74,35],[60,45],[65,5],[48,37],[39,5],[120,60],[170,66],[58,16],[102,12],[160,11],[55,-7],[26,-16],[41,-55],[2,-81],[-44,-85],[-10,-65]],[[85832,41937],[59,-3],[202,6],[31,-14],[71,-83],[53,-77],[26,-55],[12,-55],[0,-51],[-33,-94],[-44,-80],[-114,-234],[-37,-92],[-34,-57],[-74,-209],[-19,-61],[-51,-13],[-10,-57],[-26,-41],[-28,-2],[-52,50],[-27,-15],[-2,-75],[-68,-29],[-51,-67],[-118,2],[-52,22],[-33,53],[9,32],[102,49],[55,72],[19,40],[-35,16],[-66,-50],[-83,-49],[-22,-30],[-61,-7],[-25,-39],[-51,-35],[-20,-33],[-69,-51],[-171,-81],[-52,-30],[-53,-48],[-52,-35],[-25,-33],[-98,-29],[-48,-32],[-52,-3],[-65,44],[-57,62],[-15,34],[-74,-1],[-65,63],[-43,123],[-37,47],[-13,33],[-5,119],[-30,85],[3,67],[-42,46],[-11,27],[-9,173],[-1,105],[-9,92],[4,151],[18,98],[44,106],[105,170],[107,116],[200,171],[132,105],[134,117],[82,24],[118,-30],[85,-47],[164,-145],[138,-96],[168,-108],[103,-34],[88,-10]],[[95561,49472],[-34,-4],[-71,9],[-67,34],[-41,64],[-125,185],[-42,80],[-15,63],[-2,57],[29,49],[186,140],[121,98],[170,90],[314,159],[96,23],[55,-11],[25,-24],[62,-192],[-19,-122],[-50,-90],[-92,-87],[-74,-105],[-88,-32],[-50,-44],[-130,-67],[-24,-27],[-8,-55],[10,-114],[-17,-31],[-49,-28],[-70,-18]],[[92143,51093],[-32,-3],[-74,33],[-33,45],[-12,54],[-53,111],[-31,50],[-54,134],[-5,76],[49,79],[94,89],[94,45],[64,9],[60,-10],[56,-49],[132,-189],[24,-53],[9,-45],[-19,-51],[-42,-169],[-33,-46],[-56,-40],[-114,-65],[-24,-5]],[[92735,51973],[-69,2],[-78,34],[-26,20],[-17,53],[9,39],[30,42],[25,16],[68,6],[52,-29],[28,-60],[2,-53],[-24,-70]],[[115457,85867],[47,16],[-36,98],[-2,70],[41,78],[17,57],[3,54],[-25,80],[-73,94],[9,37],[90,97],[35,64],[2,82],[17,62],[21,23],[51,-9],[50,7],[124,-99],[54,19],[53,-21],[101,-25],[31,35],[37,18],[58,47],[15,24],[-3,53],[26,39],[-26,43],[33,52],[74,65],[46,18],[91,5],[38,73],[2,38],[30,15],[25,-13],[18,-65],[68,5],[72,45],[16,58],[44,13],[-21,35],[19,34],[-16,61],[31,17],[15,106],[35,55],[126,69],[84,135],[39,42],[52,74],[101,96],[26,32],[41,76],[44,48],[15,120],[26,49],[32,22],[137,55],[31,-32],[36,-15],[74,17],[112,99],[93,25],[38,-22],[61,8],[74,-3],[84,-30],[20,-34],[-2,-76],[-44,-63],[1,-42],[28,-103],[-7,-29],[-36,-33],[-18,-43],[48,-45],[26,-45],[7,-39],[37,-11],[49,3],[44,-44],[2,-41],[-15,-32],[-8,-57],[7,-100],[75,-9],[42,-19],[56,19],[96,71],[78,-31],[52,-49],[62,-23],[69,0],[66,20],[43,-1],[59,-25],[58,-74],[11,-47],[63,-24],[51,-84],[32,-85],[53,-52],[20,-36],[-16,-81],[14,-32],[62,-69],[5,-49],[-103,-143],[-41,-45],[-30,1],[-22,-20],[-25,-72],[-1,-42],[41,-152],[-14,-55],[0,-76],[20,-27],[61,-33],[47,-46],[7,-147],[25,-26],[37,-2],[59,13],[37,-16],[53,-6],[99,18],[30,37],[52,16],[17,29],[31,95],[32,43],[28,73],[44,78],[50,34],[-8,68],[-45,127],[8,75],[83,131],[-46,36],[-8,31],[17,41],[63,55],[20,57],[36,59],[90,31],[54,39],[25,49],[-8,98],[-34,38],[-12,90],[-48,143],[-53,57],[-14,32],[12,42],[39,52],[32,100],[23,23],[63,33],[65,22],[126,63],[88,28],[102,10],[181,-23],[92,17],[14,-69],[19,-19],[51,1],[107,-26],[61,-32],[43,-44],[21,-37],[14,-81],[33,-115],[38,-39],[118,11],[27,-28],[22,-102],[35,-51],[36,-8],[23,-37],[2,-84],[45,-170],[-13,-102],[19,-69],[-9,-111],[-35,-48],[2,-77],[-22,-97],[-92,-178],[-53,-88],[-82,-71],[-78,-160],[-39,-70],[-47,-59],[-32,-128],[-12,-82],[11,-27],[82,4],[31,-36],[60,-28],[36,-33],[2,-34],[-58,-11],[-15,-74],[-48,-73],[4,-41],[23,-51],[10,-91],[17,-21],[39,-5],[14,52],[-24,130],[36,4],[20,-24],[48,8],[52,-30],[93,-17],[46,-16],[55,-36],[94,-81],[28,-33],[0,-30],[-33,-16],[-84,-15],[-76,3],[-46,-43],[-27,-59],[5,-73],[-19,-92],[0,-46],[20,-75],[-20,-86],[-11,-80],[2,-84],[-15,-63],[17,-30],[23,18],[22,55],[24,4],[56,-79],[54,-18],[48,-173],[37,-30],[34,36],[10,81],[15,34],[31,25],[47,-9],[22,-42],[3,-76],[72,-146],[63,-77],[8,-56],[22,-42],[-7,-27],[-42,-50],[0,-77],[29,-60],[18,-15],[6,42],[32,5],[10,-48],[-13,-33],[0,-63],[-47,5],[-11,-18],[12,-64],[45,-61],[113,-121],[11,-80],[-15,-10],[-54,16],[-41,-98],[44,-78],[-8,-80],[4,-45],[-12,-27],[-50,-60],[-30,-114],[9,-72],[42,-14],[96,27],[23,-4],[25,-75],[24,-45],[57,-40],[13,-40],[-22,-57],[-69,-78],[-12,-37],[12,-50],[-19,-43],[6,-20],[82,42],[37,-7],[12,-50],[-22,-37],[-39,-24],[15,-36],[54,-5],[21,-96],[-22,-44],[6,-63],[-13,-68],[39,-55],[-7,-74],[31,-85],[-6,-20],[-61,-44],[36,-33],[69,-16],[26,-30],[-10,-20],[-69,-20],[-56,-41],[-6,-49],[60,-31],[68,-58],[20,-31],[-28,-34],[107,-38],[29,-38],[-77,20],[-10,-21],[20,-68],[0,-49],[-27,-14],[-71,-2],[-16,-12],[-5,-41],[-46,-51],[27,-26],[101,-1],[84,-39],[77,-10],[22,-36],[2,-111],[-27,-33],[-94,-15],[-12,-18],[21,-47],[88,-82],[30,-10],[45,30],[16,-27],[-6,-49],[-23,-25],[-77,-50],[-32,-30],[-5,-41],[74,-127],[15,-129],[18,-92],[-16,-83],[-7,-99],[10,-26],[55,0],[32,95],[61,-4],[98,74],[38,10],[43,-21],[57,-11],[28,-41],[14,-94],[5,-155],[17,-90],[22,-190],[42,-46],[48,-2],[68,21],[54,-2],[18,-15],[23,-60],[3,-88],[-6,-27],[-49,-56],[-43,62],[-32,-14],[38,-133],[29,-120],[33,-186],[27,3],[27,38],[40,3],[8,-44],[-35,-44],[-12,-77],[-75,-73],[30,-56],[100,-4],[108,21],[42,-4],[19,-17],[-9,-45],[-39,-33],[-74,-45],[-83,-20],[-19,-46],[47,-103],[70,-48],[69,-27],[48,14],[43,48],[65,93],[35,2],[9,-31],[-12,-121],[33,-21],[149,-35],[58,-27],[22,-45],[1,-71],[-70,-91],[12,-28],[58,9],[21,-9],[26,-77],[9,-50],[-13,-38],[-63,-44],[-54,-77],[-16,-51],[-13,-87],[9,-125],[-13,-45],[-40,-56],[-145,-166],[-90,-59],[-7,-35],[63,-112],[38,-17],[22,20],[-14,117],[30,1],[73,-112],[31,-11],[95,37],[32,-51],[-3,-57],[-21,-48],[-2,-33],[28,-50],[73,-54],[69,-36],[71,-62],[24,-33],[1,-43],[-76,-66],[-5,-29],[32,-59],[-41,-53],[31,-77],[-3,-19],[-47,-57],[0,-25],[-25,-109],[6,-30],[27,-22],[74,-35],[58,-48],[11,-26],[-1,-72],[8,-40],[116,-313],[-7,-25],[-51,8],[-63,37],[-35,1],[-15,-32],[32,-126],[37,-43],[113,-57],[24,-55],[-45,-78],[-19,-47],[8,-37],[69,-109],[73,-101],[32,-28],[64,-23],[-6,-83],[-52,-22],[-159,-3],[-242,-15],[-109,5],[-279,-2],[-304,-9],[-51,-8],[-231,-1],[24,-48],[3,-55],[-13,-47],[57,-67],[19,-65],[-5,-27],[37,-61],[0,-100],[16,-155],[-20,-82],[3,-75],[-34,-53],[17,-81],[-29,-44],[8,-80],[-1,-83],[-9,-114],[8,-112],[16,-78],[97,7],[33,-10],[45,-44],[9,-62],[-52,-13],[-72,11],[-10,-31],[30,-25],[32,-59],[16,-90],[-7,-60],[8,-44],[40,-51],[25,-149],[65,-123],[36,-54],[-52,-18],[-24,-79],[-29,-13],[6,-39],[-32,-39],[38,-37],[-45,-19],[-8,-29],[61,-52],[-40,-40],[3,-49],[-53,-52],[2,-36],[-28,-109],[145,-111],[62,-69],[89,-36],[-35,-88],[-4,-34],[-59,-45],[-11,-51],[-19,-18],[-23,-58],[-40,-76],[-1,-37],[-75,-139],[9,-22],[41,-21],[-21,-27],[42,-30],[37,-77],[8,-37],[28,-34],[109,-36],[58,13],[4,-70],[49,-85],[12,-74],[34,-20],[3,-35],[46,-20],[51,7],[37,25],[56,-27],[68,-128],[-3,-44],[20,-42],[61,-56],[16,-44],[-2,-56],[-22,-18],[-7,-42],[65,-81],[34,-27],[30,-99],[-14,-36],[37,-59],[49,-52],[-3,-130],[43,-25],[9,-24],[-44,-32],[14,-37],[-71,-22],[3,-46],[-28,-57],[-15,-127],[-38,-40],[-93,-33],[-11,-144],[30,-95],[22,-26],[-11,-59],[-28,-57],[15,-57],[-10,-39],[-49,-81],[-38,-122],[-13,-61],[86,-46],[34,-5],[-16,-40],[14,-73],[-9,-43],[-40,-106],[14,-8],[2,-69],[33,-82],[43,-41],[4,-18],[-46,-67],[-38,-27],[-8,-33],[10,-52],[51,-40],[6,-57],[-8,-40],[-20,-18],[-94,-16],[-25,-40],[62,-62],[-14,-41],[-23,-23],[-60,26],[-22,-13],[-40,-56],[-44,-41],[-7,-30],[-1,-88],[18,-101],[6,-161],[31,-60],[13,-101],[-5,-92],[33,-45],[-10,-12],[-57,-4],[-21,-26],[-40,-83],[0,-41],[26,-69],[44,-43],[-10,-24],[-88,-13],[1,-32],[98,-75],[-1,-50],[21,-37],[37,2],[196,-8],[172,31],[146,20],[45,-14],[92,-88],[12,-31],[-29,-87],[-61,-138],[-18,-72],[34,-44],[54,-37],[77,-15],[11,57],[1,66],[16,21],[62,19],[68,-20],[112,-68],[50,2],[59,40],[39,46],[45,36],[51,-1],[1,-35],[-18,-103],[7,-131],[35,-129],[74,-102],[90,-149],[61,-49],[82,-83],[9,-32],[-4,-92],[35,-38],[67,46],[141,166],[31,29],[40,64],[39,32],[47,-39],[28,-67],[18,-67],[10,-88],[-3,-122],[-25,-146],[3,-25],[51,-63],[114,-53],[75,-22],[72,-33],[17,-18],[-89,-51],[-50,-90],[61,-163],[121,21],[21,-8],[-19,-27],[-1,-41],[93,-54],[5,-39],[-13,-20],[-67,-20],[-81,-15],[-19,-36],[16,-24],[66,-1],[-11,-57],[19,-47],[-25,-53],[56,-39],[40,-15],[17,-38],[-90,-17],[-56,4],[-124,60],[-35,-16],[25,-31],[60,-42],[41,-83],[39,-60],[77,-100],[-70,-86],[-118,-60],[-3,-22],[70,-38],[21,-49],[-83,-79],[104,-41],[-8,-76],[47,-138],[26,-104],[39,12],[-6,67],[52,7],[44,-76],[-32,-69],[-14,-69],[26,-41],[126,-76],[12,-99],[-13,-117],[-23,-99],[3,-90],[24,-50],[48,8],[25,-14],[7,-29],[-13,-74],[23,-70],[21,-32],[30,-91],[-48,-79],[33,-151],[-9,-70],[41,-11],[21,-40],[-6,-64],[19,-55],[46,-32],[-2,-34],[-24,-45],[3,-39],[38,-63],[100,-75],[56,-29],[82,-28],[137,-54],[135,-32],[48,-40],[44,-19],[44,1],[82,49],[31,0],[28,-34],[20,-63],[4,-62],[27,-38],[74,31],[33,-17],[-7,-18],[-65,-49],[-17,-31],[57,-38],[46,-48],[27,-64],[35,-16],[34,-33],[23,-125],[-9,-78],[-90,-132],[-1,-60],[47,-37],[31,-88],[-3,-55],[22,-97],[44,-143],[-2,-119],[13,-35],[59,-105],[2,-56],[36,-70],[7,-64],[-9,-66],[35,-38],[50,-7],[15,-17],[-13,-32],[12,-152],[14,-32],[52,15],[14,-12],[-59,-116],[1,-21],[52,-24],[-24,-22],[-73,19],[-36,-19],[-11,-67],[9,-45],[33,-23],[37,6],[24,-71],[-11,-27],[-61,12],[-11,-16],[2,-79],[15,-63],[5,-149],[51,-31],[-4,-41],[35,-52],[-50,-34],[27,-30],[117,7],[33,-6],[0,-133],[-11,-23],[-46,-40],[-33,-50],[-42,-93],[64,-18],[-34,-116],[6,-29],[94,-92],[87,-9],[-16,-54],[5,-37],[-32,-3],[-66,30],[-32,4],[-11,-23],[18,-43],[-9,-75],[38,-53],[87,-73],[23,-39],[53,-140],[-19,-34],[-49,-26],[24,-57],[42,-8],[36,9],[17,-13],[-15,-25],[-77,-18],[-72,26],[-19,-30],[6,-44],[39,-21],[87,8],[9,-83],[-5,-56],[-26,-53],[41,-52],[4,-30],[-19,-32],[-43,-31],[-84,-41],[-66,26],[-90,13],[-8,-21],[32,-133],[-4,-51],[-28,-35],[-53,-45],[-16,-36],[-29,-23],[-48,-17],[1,-32],[27,-23],[128,-47],[29,-23],[85,-103],[29,-71],[-28,-80],[-2,-48],[15,-22],[53,-26],[64,31],[36,3],[15,-47],[-10,-46],[59,-31],[-7,-50],[4,-58],[-27,-57],[51,-2],[26,-19],[-16,-50],[14,-75],[-53,-11],[45,-65],[-17,-23],[8,-24],[71,1],[8,-29],[-43,-1],[-11,-62],[14,-16],[50,-3],[52,-107],[-45,-43],[-18,-49],[16,-35],[22,3],[63,56],[75,-11],[41,-50],[-14,-25],[-112,-58],[38,-14],[69,25],[26,-26],[-13,-62],[-27,-9],[-43,18],[-2,-49],[-30,-62],[11,-16],[45,-1],[13,-26],[-36,-21],[-44,2],[-88,-65],[-28,-39],[34,-26],[47,-12],[12,-31],[-71,-43],[14,-91],[37,-119],[1,-88],[-28,-124],[-4,-46],[47,-20],[19,-23],[-41,-115],[1,-69],[21,-65],[6,-74],[32,-55],[70,-79],[19,-37],[-43,-39],[-7,-29],[54,-67],[28,-81],[3,-40],[-35,-120],[0,-35],[17,-115],[-20,-58],[54,-41],[65,-132],[5,-94],[-19,-20],[-90,9],[10,-33],[75,-19],[27,-22],[-8,-21],[-97,-105],[16,-31],[60,-8],[23,-20],[-1,-36],[-39,-45],[-9,-30],[14,-71],[-14,-89],[32,-2],[46,37],[26,4],[36,-39],[12,-43],[-14,-18],[-66,-21],[2,-19],[66,-54],[56,12],[16,-19],[-9,-48],[-29,-24],[-63,-24],[69,-53],[25,-36],[-1,-50],[12,-59],[-25,-37],[1,-27],[61,-6],[-22,-78],[17,-50],[-8,-30],[-51,-32],[-13,-23],[15,-29],[42,-1],[39,-28],[-53,-24],[13,-66],[42,-12],[-18,-54],[-2,-46],[28,-61],[82,-12],[28,-64],[-13,-109],[34,-105],[77,-19],[21,-48],[7,-70],[18,-60],[55,-146],[-26,-68],[14,-80],[57,-75],[2,-77],[-40,-95],[-3,-42],[29,-149],[58,-50],[53,-23],[-20,-90],[25,-23],[40,-74],[-24,-70],[38,-32],[-20,-36],[1,-56],[-11,-11],[-66,0],[11,-16],[80,-56],[16,-25],[-51,-40],[5,-20],[43,-16],[26,-39],[-37,-4],[24,-29],[-22,-13],[42,-87],[-21,-34],[4,-60],[-27,-23],[-2,-26],[-48,-8],[26,-34],[-42,-23],[7,-38],[-25,-53],[85,-46],[-6,-12],[-71,-16],[-35,-26],[8,-19],[112,-86],[-50,-22],[-2,-23],[53,-101],[-37,-6],[-47,28],[12,-31],[-54,-19],[-14,-19],[5,-51],[23,-8],[43,12],[14,-42],[-19,-7],[5,-32],[-33,-26],[31,-11],[35,-32],[68,10],[18,-19],[11,-48],[82,-30],[2,-21],[-71,-72],[11,-28],[58,4],[33,-16],[54,-74],[23,-48],[21,-105],[-31,-72],[28,-49],[0,-61],[18,-49],[5,-65],[-31,-55],[-21,-58],[23,-50],[-38,-33],[3,-36],[-38,-70],[-6,-89],[10,-44],[21,-24],[10,-45],[-37,-65],[4,-93],[37,-49],[21,-64],[32,-22],[29,-75],[38,-70],[-6,-59],[23,-56],[9,-146],[-7,-41],[31,-23],[6,-72],[17,-73],[-19,-64],[2,-51],[-19,-44],[29,-49],[-27,-33],[45,-108],[-46,-46],[-3,-22],[27,-28],[138,-21],[174,-33],[22,-12],[15,-75],[-1,-122],[-19,-143],[-4,-69],[46,-340],[37,-212],[3,-36],[-77,-10],[-23,-14],[14,-91],[-4,-89],[-21,-71],[-56,-37],[-70,-22],[-60,-4],[-78,19],[-54,22],[-97,71],[-32,57],[2,99],[34,138],[-23,55],[-162,40],[-52,8],[-128,35],[-44,-38],[-64,-82],[-37,-34],[-39,-20],[-215,-64],[-42,-36],[-37,-75],[-15,-72],[34,-67],[42,-41],[114,-78],[47,-47],[86,-69],[41,-101],[6,-73],[22,-91],[37,-86],[80,-113],[55,-120],[7,-56],[-12,-56],[0,-59],[32,-54],[117,-149],[62,-34],[16,-58],[-15,-107],[23,-145],[38,-121],[32,-57],[53,-45],[148,-71],[8,-11],[-6,-94],[-37,-157],[-51,-101],[-105,-144],[-13,-76],[29,-145],[39,-62],[91,-73],[46,-45],[26,-168],[-2,-63],[-48,-133],[-23,-103],[-1,-95],[30,-77],[47,-52],[69,-49],[40,-44],[70,-24],[68,-89],[48,-109],[8,-49],[-1,-135],[-29,-37],[-126,-57],[-26,-25],[1,-78],[38,-92],[24,-35],[7,-33],[-6,-84],[91,-145],[11,-45],[-4,-147],[9,-28],[47,-67],[5,-33],[-22,-90],[-19,-121],[72,-108],[14,-51],[58,-87],[10,-29],[-9,-66],[-32,-73],[1,-31],[31,-66],[64,-104],[78,-170],[68,-158],[42,-167],[81,-264],[9,-67],[28,-135],[12,-98],[37,-209],[41,-79],[10,-36],[-6,-49],[-28,-66],[-17,-76],[2,-53],[26,-99],[-35,-42],[-41,-16],[-108,-11],[-78,18],[-49,-8],[-43,-105],[-55,-96],[-96,-74]],[[60716,96755],[-11,-185],[0,-69],[63,0],[4,-44],[50,-3],[91,-32],[30,-27],[32,27],[42,-34],[49,-7],[22,-29],[55,-3],[-12,-32],[41,-43],[-20,-53],[-4,-61],[28,-35],[79,-46],[20,-35],[-34,-12],[2,-45],[39,-28],[9,-45],[49,-57],[41,-65],[163,-10],[33,28],[63,-10],[107,24],[-68,31],[-9,36],[112,72],[114,19],[28,33],[62,28],[78,-14],[19,8],[31,-17],[-6,-68],[25,-43],[59,3],[43,29],[18,59],[28,42],[77,-13],[44,-35],[44,-81],[44,-12],[55,19],[39,42],[82,25],[18,40],[23,15],[65,-35],[78,9],[63,-18],[148,9],[163,-14],[21,-7],[38,26],[18,74],[-19,25],[-10,107],[-53,140],[39,24],[-1,41],[-31,82],[23,28],[-17,30],[-28,-23],[-35,13],[21,68],[37,46],[22,-12],[115,-11],[47,-24],[105,-87],[73,-50],[42,-15],[-6,-38],[-38,-19],[2,-39],[-20,-53],[43,-42],[31,-57],[30,-18],[97,1],[54,-20],[32,-47],[-16,-27],[-6,-65],[30,-34],[-30,-29],[-29,0],[-73,-58],[-35,-76],[-36,-37],[7,-46],[-47,-36],[8,-20],[31,0],[41,-41],[23,-40],[16,3],[29,-62],[-8,-4],[84,-165],[15,-85],[76,-175],[-10,-21],[27,-70],[-87,-1],[26,-18],[8,-33],[-60,-49],[31,-46],[42,-9],[36,-26],[72,11],[62,-43],[51,0],[-10,-43],[-24,-41],[42,-59],[25,-18],[81,68],[45,23],[84,17],[62,35],[24,3],[21,-25],[-18,-42],[42,-3],[32,-21],[54,1],[14,-20],[88,-6],[36,-15],[78,-9],[29,-21],[79,-6],[21,-31],[18,-76],[28,-58],[22,-100],[-5,-81],[36,9],[128,2],[94,-3],[90,22],[51,-5],[69,28],[64,0],[-2,30],[-47,136],[9,13],[91,-10],[81,-2],[61,-35],[98,3],[43,-8],[30,-47],[-13,-55],[10,-36],[94,-54],[36,-7],[37,27],[56,-6],[30,20],[-3,76],[-46,24],[-48,5],[-14,39],[84,40],[61,20],[24,43],[37,-82],[48,-80],[52,-109],[13,-89],[-5,-170],[44,-178],[4,-105],[-9,-30],[2,-93],[-10,-122],[-16,-23],[-17,-68],[8,-100],[-12,-60],[-62,-81],[-4,-37],[28,-35],[-45,-39],[-2,-44],[25,-76],[35,-55],[77,-79],[11,-20],[-29,-102],[15,-82],[23,-73],[21,-102],[42,15],[31,-38],[-30,-76],[40,-24],[130,104],[32,38],[6,38],[-40,88],[-13,58],[50,47],[28,65],[135,45],[167,47],[74,0],[74,19],[101,61],[39,10],[116,-30],[31,-17],[49,-62],[48,-46],[20,-57],[70,-71],[4,-74],[14,-58],[-10,-26],[47,-89],[235,51],[32,-8],[100,-2],[137,21],[73,49],[34,36],[178,54],[28,41],[80,70],[92,59],[80,63],[57,18],[39,33],[66,74],[94,-32],[63,-15],[113,-46],[70,-44],[94,-9],[54,10],[110,8],[2,-24],[76,-67],[-27,-29],[0,-44],[30,-46],[-22,-25],[-17,-80],[8,-29],[42,-35],[0,-34],[-35,-52],[4,-38],[75,-20],[35,-31],[36,-56],[40,-37],[78,-56],[29,-31],[48,-104],[-8,-95],[11,-38],[-20,-74],[56,-31],[4,-77],[-10,-92],[-24,-91]],[[69933,91503],[-22,-94],[8,-99],[37,-45],[72,-63],[25,-43],[28,-72],[63,-42],[49,-46],[37,4],[36,40],[45,-16],[26,-134],[19,-66],[-31,-38],[-14,-74],[1,-74],[75,-4],[29,-34],[-40,-27],[-63,7],[-46,-50],[7,-36],[-10,-56],[-24,-49],[33,-50],[-3,-28],[-69,-125],[-28,-93],[0,-60],[-12,-98],[-14,-30],[-49,-46],[-72,-50],[-35,-40],[-37,-10],[-78,-49],[-12,-60],[52,-76],[49,-45],[90,-10],[106,-98],[51,-85],[2,-56],[-22,-59],[-3,-44],[29,-146],[0,-45],[20,-39],[78,-34],[48,-30],[12,-23],[-39,-76],[-51,-49],[10,-33],[50,-57],[57,-52],[55,-29],[75,-5],[-3,-50],[-51,-94],[-14,-99],[27,-59],[93,-16],[54,-34],[71,-75],[6,-57],[-46,-86],[-1,-18],[31,-66],[14,-57],[64,-60],[125,-69],[76,-36],[51,-50],[-36,-37],[-42,-24],[-81,-15],[-118,-8],[32,-45],[-45,-18],[-76,-5],[4,-36],[-32,-13],[-133,-11],[-43,-29],[-24,-68],[-40,5],[-32,-34],[-139,-29],[-15,-18],[-86,-34],[-10,-45],[-25,-22],[-73,-37],[-8,-49],[-29,-63],[-57,17],[-15,-51],[-109,-4],[-20,110],[-26,-4],[4,-34],[-17,-31],[3,-29],[-23,2],[-36,-32],[-38,3],[-32,-22],[4,-24],[-47,-17],[2,-26],[-40,-39],[45,-38],[2,-52],[-42,-27],[-171,-138],[-36,-56],[-84,-44],[91,-96],[70,-100],[210,-254],[99,-90],[75,-84],[32,-50],[50,-59],[39,-65],[-1,-98],[-37,-77],[-27,-16],[-103,-20],[-373,-124],[-67,26],[-148,-42],[-81,-54],[-76,-64],[-110,-110],[-27,-36],[-56,-105],[-88,-38]],[[68718,84909],[-119,134],[-70,69],[-56,71],[-55,55],[-63,44],[-58,53],[-117,123],[-43,40],[-100,51],[-51,40],[-62,72],[-155,97],[-34,42],[-63,139],[-48,42],[-44,11],[-189,14],[-254,14],[-95,26],[-67,2],[-45,-23],[-101,-100],[-119,-144],[-67,-56],[-108,-65],[-101,-30],[-81,2],[-256,65],[-115,36],[-83,43],[-93,66],[-168,145],[-190,133],[-345,208],[-205,40],[-97,46],[-77,45],[-55,59],[-35,72],[-42,-22],[-45,-52],[-60,-90],[-94,-97],[-186,-105],[-14,-18],[5,-89],[-7,-55],[-25,-38],[-32,-5],[-72,35],[-44,9],[-83,-17],[-104,22],[-91,-31],[-33,1],[-104,33],[-35,-14],[-38,-194],[16,-87],[-2,-70],[14,-44],[32,-32],[-10,-86],[-25,-34],[19,-40],[-49,-46],[-48,-96],[-48,71],[-46,51],[-33,1],[-41,-29],[-23,-48],[-6,-41],[-45,-101],[-18,-102],[-24,-38],[-54,-49],[-68,-19],[-144,-130],[-17,-24],[9,-114],[-7,-117],[-31,-50],[35,-22],[12,-49],[-37,-4],[-39,-40],[-36,-11],[-12,-54],[-38,-10],[-5,-27],[-51,0],[-78,-39],[-112,-70],[-14,-28],[-73,3],[-23,-27],[0,-60],[-34,-116],[-38,-55],[-6,-25],[21,-86],[3,-61],[-7,-72],[46,-38],[16,2],[-5,-61],[-34,-53],[-80,-40],[-137,-46],[-51,-23],[-69,-48],[-79,-33],[-30,11],[-82,68],[-6,-17],[-51,15],[-40,-42],[-79,-115],[-26,-22],[-95,5],[-17,-21],[-2,-72],[10,-31],[71,-43],[13,-28],[40,-138],[2,-118],[-16,-49],[-32,-52],[30,-39],[-4,-28],[-43,-64],[-9,-49],[-54,-92],[-33,-10],[-136,102],[-162,-102],[-15,-2]],[[61190,82463],[-280,144],[-85,54],[-94,207],[-193,153],[-176,249],[-44,153],[-113,127],[-20,0],[-64,58],[-180,-7],[-227,9],[-115,25],[49,176],[-116,3],[-924,-246],[-29,50],[-85,46],[-115,27],[-65,7],[-208,65],[-102,24],[-265,52],[-100,10],[6,17],[146,93],[107,82],[158,97],[-77,65],[-204,98],[-75,43],[-103,75],[-54,159],[-14,78],[-8,129],[20,22],[131,56],[50,2],[61,29],[-17,71],[-26,76],[-43,81],[-53,75],[-28,139],[-82,12],[-302,12],[-128,-6],[-71,-8],[-160,-43],[-64,-8],[-87,-1]],[[56722,85294],[-47,475],[129,40],[18,27],[87,8],[0,18],[53,34],[71,69],[51,93],[13,85],[0,71],[-9,124],[-71,98],[1,29],[31,38],[67,47],[28,40],[51,10],[67,-39],[53,12],[37,21],[22,58],[-12,61],[23,43],[75,23],[45,-10],[11,59],[23,-19],[36,21],[2,56],[-73,33],[12,51],[21,-2],[45,43],[37,20],[-37,3],[19,37],[-38,50],[-10,49],[35,2],[77,-16],[59,12],[-5,26],[-80,2],[-9,75],[-50,4],[-27,30],[11,20],[93,-15],[-3,67],[4,102],[16,10],[63,1],[13,20],[-19,107],[-49,53],[18,11],[81,-18],[74,4],[45,-19],[34,10],[17,83],[43,87],[-19,31],[12,22],[-4,64],[-40,19],[9,35],[130,38],[94,-55],[38,9],[184,14],[23,22],[77,-13],[3,-60],[129,-24],[12,-8],[16,-76],[101,-2],[6,-70],[39,7],[4,118],[25,24],[-1,82],[12,24],[94,61],[219,3],[102,23],[53,29],[182,-60],[17,-146],[-6,-137],[21,-11],[109,-12],[82,-32],[75,-2],[16,47],[43,40],[-6,43],[-33,65],[91,36],[47,8],[-5,94],[70,104],[6,61],[34,22],[123,-1],[27,21],[29,95],[96,57],[48,108],[42,59],[39,7],[93,-43],[77,75],[69,-6],[29,-33],[47,-18],[65,24],[53,-2],[56,-31],[25,-48],[-5,-73],[34,-62],[9,-59],[-93,-89],[3,-35],[25,-34],[20,-86],[19,-42],[39,-33],[66,-20],[85,7],[110,35],[47,4],[118,-15],[99,-23],[94,-42],[64,-72],[77,10],[34,-15],[29,-53],[0,-73],[9,-24],[31,24],[23,141],[49,11],[53,-28],[29,4],[34,34],[40,22],[31,1],[113,-36],[16,25],[31,5],[9,51],[51,4],[80,-32],[38,-29],[75,-102],[80,-171],[44,-31],[118,-63],[56,7],[82,-37],[94,61],[174,73],[27,47],[189,-18],[122,-4],[131,8],[121,20],[-34,58],[-21,72],[-65,92],[-115,96],[-98,53],[-154,99],[-72,85],[-29,17],[-69,0],[-65,13],[-97,10],[-101,26],[-68,40],[-36,33],[-25,46],[-58,158],[11,78],[94,132],[65,98],[0,53],[29,102],[29,55],[44,46],[18,40],[94,154],[68,95],[26,17],[74,-3],[22,139],[12,43],[62,173],[30,72],[54,175],[38,75],[32,95],[35,280],[20,135],[6,72],[-1,103],[-23,125],[-71,199],[-34,-54],[-87,-104],[-61,-16],[-45,4],[-95,30],[-115,50],[-69,10],[-38,29],[-85,46],[-52,44],[-118,11],[-106,-12],[-160,-103],[-40,-5],[-62,71],[-20,-2],[-88,-49],[-56,-16],[-115,-2],[-119,-17],[-119,-45],[-137,-40],[-79,-5],[-21,-35],[-47,-35],[-97,-35],[-28,32],[-214,18],[-123,17],[-103,6],[-2,-43],[-29,-8],[-89,-3],[-3,149],[-21,112],[-16,50],[26,46],[-31,58],[-95,120],[-30,-2],[-41,48],[-94,95],[-6,59],[-18,22],[-43,3],[-47,66],[-74,90],[-45,91],[-47,42],[-92,22],[-12,22],[2,60],[-23,30],[-56,29],[-128,94],[-47,48],[-43,85],[-61,53],[-18,32],[-43,144],[-27,68],[-76,108],[5,55],[-35,26],[-78,30],[-35,44],[-20,46],[-111,3],[-4,33],[-68,29],[-97,14],[2,77],[-56,45],[-114,123],[-70,3],[-102,14],[-24,-33],[-19,-82],[-50,-56],[-68,-21],[-63,-5],[-70,13],[-58,29],[-77,71],[-60,98],[-18,79],[16,43],[126,73],[91,57],[92,49],[22,54],[-2,42],[-31,18],[-43,-12],[-98,-42],[-64,-8],[-50,19],[-80,120],[88,53],[39,50],[-5,86],[14,117],[-7,66],[-51,107],[-63,45],[-31,41],[26,59],[67,26],[89,-7],[67,18],[43,22],[66,60],[-7,100],[-60,0],[-61,-37],[-107,-24],[-120,2],[-97,46],[-56,11],[-69,-22],[-119,-18],[-62,20],[-49,33],[-20,38],[-6,76],[-23,105],[-21,14],[-70,14],[-68,5],[-24,39],[2,31],[131,34],[-2,29],[-86,29],[-38,86],[-13,55],[1,65],[14,12],[113,51],[30,47],[38,27],[107,15],[43,20],[40,33],[47,123],[43,59],[89,49],[-19,47],[-53,16],[-80,-26],[-132,-68],[-56,-14],[-40,16],[-16,30],[0,47],[32,32],[-11,60],[-76,44],[-64,0],[-33,21],[-183,13],[-43,-7],[1,-58],[-93,1],[-44,26],[5,11],[-73,73],[1,39],[22,42],[8,72],[-33,32],[-3,48],[-60,13],[-26,-19],[16,-54],[-2,-84],[-18,-17],[-37,3],[-54,40],[-16,28],[-51,14],[-52,-12],[6,-94],[18,-33],[-11,-19],[-68,21],[-48,44],[-17,29]],[[56744,96071],[-23,84],[-66,23],[-18,37],[11,25],[49,27],[89,8],[17,-21],[67,2],[54,42],[1,43],[52,49],[6,24],[-13,80],[29,45],[-5,30],[-27,33],[-6,58],[-39,38],[-127,-14],[-62,29],[-16,39],[10,64],[62,77],[24,56],[56,35],[45,-15],[25,23],[61,8],[46,41],[6,-23],[-38,-45],[25,-57],[2,-89],[9,-28],[143,-28],[95,4],[27,-31],[11,-61],[-26,-39],[-29,-11],[-81,-53],[-34,-7],[-9,29],[-38,20],[-23,-31],[0,-47],[31,-78],[45,6],[24,-59],[61,-18],[107,23],[52,22],[107,68],[68,33],[92,-4],[28,47],[100,14],[37,-1],[182,35],[120,-3],[81,6],[25,-29],[17,30],[58,28],[-17,39],[13,41],[2,49],[38,39],[17,-24],[52,-135],[61,-3],[109,61],[15,49],[-6,51],[-22,56],[9,49],[32,24],[158,-1],[52,-7],[45,-33],[16,-94],[64,-17],[34,16],[32,-23],[35,3],[76,-111],[48,-108],[44,-7],[57,-100],[60,-46],[72,-89],[102,6],[50,-37],[43,14],[19,64],[-9,123],[7,43],[19,11],[196,-4],[55,-11],[56,-24],[9,17],[-13,41],[26,38],[72,-4],[35,28],[-12,33],[60,23],[35,35],[99,14],[52,1],[61,-12],[49,37],[153,-3],[135,-21]],[[52243,87706],[66,-58],[131,-86],[204,-116],[98,-52],[189,-88],[186,-120],[132,-109],[184,-139],[91,-91],[71,-62],[161,-163],[153,-178],[90,-90],[29,-38],[122,-132],[74,-101],[50,-83],[25,-56],[68,-121],[21,-113],[145,26],[95,-31],[65,56],[59,-4],[55,-19],[47,-3],[176,-41],[157,-52],[160,-42],[108,-40],[81,-16],[-57,-102],[26,-10],[83,30],[153,16],[45,20],[121,27],[171,-111],[59,-18],[63,-29],[-16,-33],[29,-26],[74,-38],[193,1],[159,-13],[53,12],[30,24]],[[61190,82463],[-157,-55],[46,-62],[-66,-20],[102,-138],[358,-370],[164,-125]],[[61637,81693],[-106,-105],[-69,-42],[-54,-22],[-175,40],[-32,-178],[-35,-140],[-38,-133],[-36,-93],[-52,-68],[-64,-68],[-47,-5],[-84,44],[-70,20],[-64,80],[-167,136],[-43,-44],[-29,-95],[-23,-35],[-94,-105],[-89,-56],[-253,-112],[-105,-25],[-222,-16],[-20,-14],[-53,-76],[8,-67],[-48,-57],[-5,-30],[-33,-25],[2,-65],[56,-57],[-68,-53],[37,-87],[33,-7],[19,-44],[-20,-18],[29,-62],[35,-42],[-60,-97],[-61,-78],[-58,-54],[-118,-96],[-77,-78],[-38,-26],[-107,-108],[138,1],[145,9],[26,-17],[172,-16],[47,-9],[12,-18],[-52,-47],[-197,-155],[-38,-25],[-105,-98],[-4,-26],[51,-15],[-4,-87],[-43,-74],[26,-60],[-7,-29],[-78,23],[-2,-18],[56,-24],[-12,-84],[-4,-76],[27,-22],[118,-49],[-4,-36],[-51,-10],[-18,-33],[-111,-56],[-17,-85],[-75,8],[-43,-87],[-45,-136],[-23,-46],[49,-22],[16,-30],[8,-60],[-35,-126],[-31,-70],[-66,-63],[-5,-17],[24,-83],[20,-21],[-10,-33],[76,-20],[15,31],[70,8],[9,-25],[-16,-37],[27,-36],[-4,-63],[41,-19],[126,-16],[-9,-79],[24,0],[-15,-27],[18,-68],[26,-23],[18,-51],[38,-15],[-5,-21],[-58,2],[-9,-38],[-124,2],[6,-33],[-10,-45],[17,-4],[-2,-35],[-45,-11],[-52,14],[-28,-27],[11,-101],[18,-9],[-8,-44],[21,-250],[-24,-34],[-84,-48],[-63,-54],[-94,-12],[-50,14],[-6,-13],[-57,0],[-28,-110],[-25,-28],[-22,0],[-12,63],[1,75],[-43,57],[-25,3],[-56,-34],[-54,-47],[-79,-41],[-19,3],[-42,58],[-33,100],[-79,154],[-32,54],[-67,87],[-82,85],[-134,154],[-9,-10],[-76,82],[10,6],[-37,41],[-151,142],[-91,58],[-82,30],[-72,4],[-28,-39],[-9,-68],[18,-79],[44,-93],[21,-110],[-9,-194],[-8,-48],[-34,-94],[14,-3],[-51,-73],[-56,-59],[-53,-45],[-73,-102],[-17,-65],[-3,-94],[14,-139],[-3,-121],[-12,-45],[-58,-59],[17,-18]],[[57167,75759],[-21,-11],[-65,0],[-38,49],[-38,81],[-34,105],[-28,41],[-56,52],[-134,74],[-97,62],[-10,18],[24,41],[53,38],[150,85],[46,34],[93,95],[30,46],[54,107],[16,53],[-3,38],[-35,82],[-26,16],[-78,-14],[-99,-62],[-68,-21],[-75,6],[-89,45],[-30,-20],[-40,2],[-28,27],[-106,7],[-108,0],[-61,-8],[-50,49],[-66,40],[-53,71],[-35,84],[-67,-8],[-52,12],[-23,50],[28,75],[-18,90],[-24,40],[-128,166],[-31,27],[-52,21],[-224,57],[-149,54],[-7,35],[-47,57],[-19,50],[-64,13],[-60,-21],[-35,-48],[-16,-38],[-13,-128],[3,-134],[-18,-87],[0,-60],[22,-55],[42,-36],[48,-19],[40,4],[20,26],[5,86],[13,27],[54,7],[95,-87],[94,-53],[42,-50],[-10,-84],[-54,-126],[-24,-31],[-41,-21],[-116,-30],[-61,-59],[-48,-128],[-27,-18],[-157,61],[-98,9],[-164,-17],[-154,1],[-83,-34],[-54,-52],[-29,-77],[5,-70],[17,-58],[-32,-51],[-69,-20],[-84,-12],[-80,4],[-107,15],[-135,37],[-55,32],[-63,49],[14,68],[56,60],[32,55],[41,161],[32,52],[125,83],[31,49],[-17,54],[-69,52],[-118,21],[-74,37],[-59,106],[-46,23],[-84,4],[-72,-14],[-68,-27],[-228,-125],[-80,-57],[-100,-55],[-66,-47],[-57,-57],[-15,-26],[-48,-124],[-34,-51],[-56,-21],[-39,27],[-47,67],[-93,119],[-31,32],[-5,89],[29,115],[-10,38],[-49,27],[-105,22],[-61,3],[-125,-2],[-84,-17],[-43,-48],[-62,-135],[-51,-58],[-59,-1],[-191,101],[-95,66],[-11,32],[-24,179],[-24,59],[-48,19],[-47,-8],[-61,-42],[-50,-80],[-63,-131],[-51,-74],[-51,-47],[-68,-49],[-128,-75],[-87,-104],[-34,-72],[-39,-59],[-78,-99],[-110,-108],[-86,-63],[-70,-7],[-42,13],[-40,53],[-72,4],[-51,-21],[-156,-47],[55,-28],[-20,-30],[41,-25],[-4,-27],[18,-27],[-22,-61],[-34,17],[-5,61],[-43,5],[-14,-45],[25,14],[10,-42],[-27,-50],[-4,-71],[-25,-17],[-3,41],[-19,26],[-33,-1],[-14,33],[-107,6],[-28,17],[-26,-9],[-14,-45],[-28,-15],[-5,-32],[-27,15],[-4,-30],[23,-30],[-23,-8],[25,-31],[-20,-35],[-66,20],[-4,-23],[32,-15],[-18,-10],[-43,13],[-18,22],[-11,-22],[49,-99],[-17,-26],[-36,-18],[-83,-19],[-29,4],[-38,32],[-2,23],[27,2],[-5,36],[-49,12],[0,54],[-24,-2],[-33,60],[17,28],[-37,33],[-38,2],[1,57],[-43,28],[-43,-10],[-38,-29],[-19,-32],[-12,-72],[8,-20],[42,-8],[5,-21],[-21,-83],[-71,0],[-34,-39],[-29,-6],[-44,24],[-17,112],[43,47],[-4,15],[-67,15],[3,33],[-32,23],[-167,81],[-91,30],[-60,11],[-1,-29],[154,-74],[62,-54],[-25,-17],[-47,16],[-39,-17],[30,-45],[41,-38],[-19,-47],[-23,-22],[92,-94],[75,-38],[165,-42],[61,-47],[85,-151],[69,-81],[-2,-48],[-44,-43],[-50,-33],[-96,-47],[-20,-39],[-6,-46],[5,-68],[-15,-42],[-42,-65],[-71,-47],[-108,-27],[-99,-7],[-43,-27],[-8,-61],[18,-37],[68,-82],[11,-42],[-27,-42],[-56,-51],[-101,-57],[-76,-25],[-116,-22],[-89,-23],[-52,-42],[7,-48],[59,-115],[1,-49],[-42,-78],[-75,-25],[-75,4],[-52,-27],[-78,-75],[-87,-110],[-59,-115],[-28,-30],[-65,-29],[-108,-31],[-148,-113]],[[47669,73598],[-131,16],[3,17],[65,84],[64,161],[2,28],[-82,157],[-35,50],[-53,44],[-96,113],[-97,100],[-100,118],[-102,47],[-60,1],[-79,-11],[14,-36],[-33,-10],[-192,-16],[-106,-27],[-141,-65],[-120,-38],[-102,-27],[-61,0],[-97,51],[-36,26],[-23,33],[-27,96],[-15,98],[-14,30],[-7,75],[17,115],[25,103],[55,83],[99,123],[67,56],[77,39],[53,51],[55,38],[65,30],[196,57],[97,24],[117,-10],[81,11],[55,16],[44,29],[-39,64],[-63,66],[-56,39],[-70,36],[-193,76],[-185,45],[-141,14],[-68,-3],[-57,-19],[-104,-2],[-65,16],[-63,29],[-65,46],[-74,43],[-99,89],[-75,116],[-8,50],[97,74],[-43,64]],[[45740,76321],[-29,43],[-36,77],[-71,127],[-31,46],[-65,138],[-22,58],[-46,84],[-97,125],[-49,49],[56,139],[28,45],[123,84],[-114,35],[-21,66],[-79,189],[-21,27],[26,103],[48,237],[-7,99],[-17,38],[-86,80],[-39,28],[-63,84],[-11,42],[61,50],[58,20],[51,4],[174,-3],[61,3],[-50,153],[-43,118],[-55,191],[-35,104],[-97,380],[-11,84],[-15,173],[-5,201],[-10,120],[-21,111],[24,152],[38,98],[34,59],[33,81],[52,153],[-9,137],[-14,61],[2,51],[-14,65],[-24,58],[-169,153],[-109,79],[-91,86],[-185,134],[-132,82],[-142,80],[-141,61],[-332,134],[-95,35],[-112,23],[-137,42],[-274,97],[-106,51],[-89,27],[-122,15],[-69,0],[-123,-11],[-141,-137],[11,-14],[9,-102],[-26,-59],[-10,-60],[-32,-109],[-87,13],[-39,13],[-22,-80],[63,-93],[32,-58],[81,-123],[17,-39],[-3,-65],[-21,-49],[-72,-61],[-50,-24],[-84,-11],[-96,-2],[-87,8],[-70,25],[-109,73],[-50,63],[-49,92],[-24,95],[-19,109],[8,167],[-5,169],[44,178],[66,166],[154,171],[257,131],[288,98],[114,4],[126,-2],[101,-30],[85,1],[84,25],[77,70],[27,35],[18,55],[-54,79],[-62,29],[-138,36],[-74,14],[-190,11],[-93,30],[-163,62],[-81,35],[-46,32],[-38,58],[-71,155],[-87,214],[-13,81],[16,221],[-5,58],[-41,97],[-40,52]],[[42260,83983],[50,41],[45,24],[107,127],[22,45],[15,70],[68,-4],[40,-51],[32,1],[79,-24],[79,-15],[69,11],[-6,-43],[-26,-53],[0,-40],[60,-33],[42,-2],[30,-19],[40,-77],[68,-58],[-13,-46],[23,-55],[42,-32],[5,-23],[47,-10],[69,0],[23,16],[2,47],[57,-15],[0,-45],[94,-22],[37,8],[23,-23],[8,-52],[-24,-62],[21,-46],[46,-66],[55,-10],[85,75],[22,31],[103,95],[12,22],[-4,83],[-43,28],[-19,-24],[-31,16],[-161,-24],[-41,15],[-47,36],[7,20],[68,-20],[-5,24],[-63,92],[19,50],[34,8],[38,33],[45,76],[73,25],[-23,50],[15,40],[-30,29],[19,82],[14,22],[48,27],[60,-8],[118,26],[40,-15],[45,6],[22,-32],[24,-7],[17,22],[13,78],[46,7],[4,24],[-48,209],[58,21],[229,9],[47,-96],[165,-107],[125,-41],[75,-45],[72,-14],[136,21],[88,35],[67,55],[30,44],[-16,45],[-62,28],[-105,75],[-4,18],[36,63],[33,26],[67,5],[52,-22],[56,-52],[40,-65],[50,-149],[7,-61],[97,-14],[59,-95],[40,0],[61,-21],[84,-15],[23,-34],[43,4],[76,-27],[22,3],[-12,59],[-16,28],[14,19],[87,-31],[16,-18],[4,-46],[37,-4],[27,-42],[64,22],[-18,69],[28,0],[59,-30],[36,1],[53,29],[69,-33],[26,-31],[2,48],[57,12],[8,-20],[109,20],[1,41],[43,99],[-6,38],[28,51],[3,44],[18,16],[15,59],[23,21],[-16,26],[47,56],[64,59],[64,21],[51,0],[80,-12],[107,-28],[51,8],[35,-45],[42,-78],[12,-48],[20,-16],[25,-123],[52,-30],[-33,-100],[-9,-111],[-19,-15],[-30,22],[23,-97],[87,9],[31,-21],[10,-40],[46,8],[100,-11],[128,2],[66,14],[117,40],[104,77],[34,13],[73,-4],[21,21],[75,0],[98,-65],[56,15],[37,47],[37,6],[32,-13],[28,-48],[60,16],[0,173],[4,33],[46,-15],[44,3],[64,-23],[2,-84],[19,-92],[29,-65],[134,-69],[19,-39],[56,-35],[96,-30],[66,-7],[26,9],[173,35],[46,-3],[16,40],[-20,65],[14,32],[-33,17],[-6,41],[33,8],[29,-32],[58,32],[98,12],[46,-19],[60,7],[20,51],[50,31],[17,68],[-4,17],[-42,24],[-2,39],[-28,65],[4,43],[-45,70],[-101,65],[-12,37],[-62,54],[-44,5],[-107,49],[-13,34],[-128,98],[-86,48],[-66,16],[-7,15],[2,84],[18,24],[-15,15],[-15,128],[-20,55],[-41,38],[155,145],[-2,40],[18,21],[-30,43],[31,45],[-13,23],[20,31],[-23,19],[13,21],[-35,63],[7,25],[-22,31],[0,97],[-8,117],[-41,92],[-30,129],[-29,51],[38,35],[-94,58],[-88,63],[-50,61],[103,-23],[58,1],[87,43],[40,71],[31,30],[32,3],[30,-25],[31,-56],[17,-102],[93,-130],[94,-18],[39,2],[35,29],[140,-12],[30,10],[68,-21],[58,-8],[31,6],[9,40],[-8,171],[-17,87],[14,-2],[51,40],[91,1],[35,23],[22,41],[27,8],[95,-9],[136,-25],[111,4],[46,23],[83,23],[33,29],[35,8],[44,-45],[60,-3],[19,16],[72,13],[8,21],[-23,39],[4,18],[40,31],[86,12],[-9,34],[-51,21],[-3,81],[27,485],[-28,48],[3,37],[34,-23],[45,13],[176,85],[342,161],[41,4],[32,-59],[6,-77],[70,-39],[143,-38],[185,-56],[134,-34],[68,2],[42,-20],[79,-16],[8,-33],[-13,-26],[118,-172],[20,14],[30,-27],[20,14],[-5,36],[-40,45],[10,85],[-9,27],[-56,64],[-19,54],[52,11],[16,20],[79,6]],[[74982,103084],[18,-31],[29,-102],[36,-41],[53,-33],[115,-52],[88,-54],[191,-77],[275,-73],[79,-13]],[[75866,102608],[8,-28],[47,-60],[30,-92],[5,-54],[-11,-33],[-61,-85],[-51,-32],[-101,-43],[-75,-54],[-44,-66],[-9,-52],[1,-65],[-22,-109],[-8,-80],[28,-73],[-15,-113],[10,-48],[54,-82],[38,-42],[137,-125],[94,-60],[53,-54],[26,-59],[9,-49],[62,-154],[6,-43],[-60,-76],[-23,-69],[-5,-45],[23,-122],[-42,-77],[-23,-72],[-7,-57],[11,-53],[59,-89],[5,-55],[-7,-42],[-26,-59],[-5,-73],[11,-47],[25,-43],[61,-71],[56,-38],[76,-25],[47,-27],[16,-63],[-22,-64],[-26,-44],[-87,-55],[-78,-22],[-35,-21],[-72,-84],[-60,-104],[-41,-85],[-105,-113],[-15,-38],[-3,-64],[25,-53],[153,-23],[78,-20],[44,3],[58,17],[90,53],[55,44],[69,-5],[83,-42],[68,-61],[45,-70],[12,-59],[-3,-64],[-58,-81],[-40,-34],[-101,-43],[-79,-21],[-68,-7],[-134,13],[-72,24],[-106,9],[-148,-4],[-78,-29],[-65,-6],[-77,16],[-95,-52],[-65,-46],[-70,-39],[-69,-24],[-46,-2],[-82,24],[-42,20],[-70,55],[-58,60],[-71,118],[-25,60],[-11,56],[-40,-5],[-22,-62],[-25,-141],[1,-90],[24,-151],[4,-158],[-11,-116],[-14,-60],[-33,-60],[-65,-93],[-16,-40],[12,-88],[94,-244],[24,-43],[118,-229],[27,-41],[114,-214],[27,-41],[46,-107],[-64,-13],[65,-111],[48,-96],[68,-84],[8,-60],[59,-154],[-3,-56],[-22,-48],[-64,-71],[-42,-30],[-110,-39],[-85,-22],[-154,-65],[-53,-6],[-48,-57],[-31,-119],[-54,-245],[-29,-62],[-46,-123],[-12,-46],[-44,-84],[-75,-89],[-71,-55],[-55,-20],[-74,-39],[-58,-44],[-35,-42],[-35,-81],[-1,-72],[-10,-203],[-1,-224],[11,-114],[-9,-51],[-27,-82],[-18,-148],[-27,-91],[-48,-58],[-84,-33],[-88,-46],[-206,-75],[-132,-51],[-92,-24],[-186,-41],[-75,-22],[-283,-25],[-70,-11],[-141,-44],[-90,-63],[-20,-56],[16,-91],[70,-105],[157,-144],[91,-58],[-15,-21],[-47,-21]],[[72696,92825],[-38,-9],[-63,6],[-36,-34],[-142,-3],[-90,-83],[-36,-18],[-4,-89],[-43,-39],[-62,-5],[-30,26],[-3,-45],[-27,5],[-4,42],[-117,-4],[-2,16],[-47,18],[-6,-36],[-27,19],[-40,2],[-86,32],[-37,-9],[-45,-43],[-32,5],[-84,32],[-51,72],[-5,85],[-71,31],[-3,-30],[17,-29],[-20,-77],[-66,-7],[-44,44],[-50,-5],[-48,-27],[-7,-27],[-42,-27],[0,-36],[17,-2],[22,-47],[25,-9],[37,-79],[15,-48],[-12,-73],[21,-46],[-15,-13],[-15,47],[-20,-25],[-35,7],[4,-28],[-31,-3],[-49,20],[-70,-31],[-56,-16],[-134,25],[-38,-19],[14,-56],[-1,-72],[-28,-69],[1,-74],[-38,-21],[-27,-55],[23,-53],[-3,-39],[-33,-42],[-35,12],[-43,-25],[-78,-27],[-45,-46],[-34,0],[-25,-29],[-43,-2],[-19,-57],[-63,-1],[-24,-71],[-65,-18],[-4,-11],[-80,-21],[-92,18],[-23,-14],[-25,36],[-90,39],[-58,-37]],[[60716,96755],[22,5],[19,44],[-28,50],[12,73],[-11,102],[74,15],[18,47],[-22,94],[8,80],[12,17],[116,6],[20,28],[98,-12],[21,22],[43,14],[23,30],[-23,25],[-39,78],[6,63],[-65,87],[92,30],[75,63],[54,-3],[21,96],[77,10],[30,23],[51,9],[-3,57],[40,32],[61,-15],[43,-26],[11,39],[17,1],[10,36],[-24,37],[9,35],[37,37],[19,39],[-19,37],[31,33],[-16,23],[-3,128],[-24,41],[-83,40],[-28,25],[-6,36],[-28,33],[-10,66],[20,78],[-16,85],[12,30],[-1,83],[29,-43],[27,-17],[103,5],[33,-24],[26,-45],[42,-105],[24,-45],[66,-46],[47,9],[57,29],[93,32],[52,0],[67,-26],[37,-31],[29,-52],[12,-43],[23,-28],[85,28],[78,17],[43,-9],[12,-19],[48,7],[20,36],[3,61],[133,74],[71,7],[70,31],[193,24],[70,17],[32,22],[33,45],[15,87],[-57,136],[-24,27],[-128,89],[-34,35],[-44,69],[-90,64],[-30,74],[-13,55],[0,89],[8,34],[40,51],[14,129],[-15,69],[19,35],[45,41],[20,36],[87,94],[20,61],[3,211],[-15,86],[132,122],[54,39],[43,48],[23,40],[23,81],[28,39],[91,58],[52,71],[20,9],[67,96],[109,25],[68,62],[13,53],[-1,48],[-40,37],[19,52],[2,37],[25,33],[57,29],[105,4],[89,92],[11,59],[22,38],[29,18],[62,10],[33,18],[45,49],[34,101],[-19,28],[26,27],[56,4],[48,34],[136,56],[126,12],[48,16],[57,48],[95,39],[79,59],[13,53],[-10,80],[-18,45],[6,63],[-36,129],[-1,33],[19,56],[39,28],[1,59],[17,16],[113,69],[89,108],[20,41],[45,19],[12,19],[-5,43],[12,34],[-33,127],[-32,22],[-16,32],[45,51],[-14,26],[56,27],[21,38],[-21,1],[-22,38],[-88,-7],[-13,30],[27,30],[-3,38],[-24,33],[-58,40],[-58,10],[-7,47],[-58,60]],[[64833,103573],[57,20],[48,32],[94,108],[91,55],[63,24],[60,46],[74,81],[117,49],[39,22],[51,-15],[24,73],[57,56],[82,35],[63,-3],[47,-16],[15,19],[83,-20],[184,-120],[45,-19],[95,3],[85,-13],[58,61],[9,-31],[22,17],[-8,33],[22,-1],[55,65],[31,-2],[29,27],[5,40],[80,0],[23,-35],[56,11],[-1,-46],[25,-2],[-17,-44],[4,-28],[-14,-66],[8,-27],[-24,-103],[64,-54],[45,-24],[24,-87],[35,-43],[89,-1],[305,114],[20,15],[31,115],[60,-28],[82,23],[40,2],[31,-18],[64,-108],[65,-69],[41,-66],[40,25],[114,17],[88,29],[20,-18],[59,54],[14,73],[60,67],[52,41],[12,119],[60,74],[39,26],[36,60],[65,81],[34,34],[124,101],[19,-19],[9,-71],[63,-10],[36,28],[-5,54],[24,40],[39,18],[-15,94],[-14,4],[0,83],[-27,42],[4,62],[20,47],[-21,35],[-8,42],[17,27],[1,45],[14,29],[-22,40],[-5,60],[36,11],[45,-16],[43,39],[142,185],[48,27],[45,-3],[106,19],[78,2],[99,-15],[112,22],[84,-5],[60,-29],[69,-58],[75,-133],[17,-16],[78,-22],[46,-45],[102,-26],[46,-63],[44,-30],[-17,-38],[12,-27],[109,-4],[9,-63],[51,-6],[33,-25],[54,2],[53,-21],[30,-89],[61,-75],[48,-9],[102,5],[45,47],[271,-59],[164,-19],[71,-13],[40,-21],[63,-82],[162,-109],[73,-22],[70,15],[35,-19],[-1,-22],[-125,-164],[-107,-160],[-17,-32],[2,-53],[51,-47],[99,-24],[66,-4],[101,-35],[103,-62],[47,-66],[29,-23],[86,-17],[123,-65],[37,-28],[12,-41],[-80,-133],[3,-9],[75,-10],[61,-32],[101,-85],[75,-80],[63,-36],[106,6],[37,-22],[85,-70],[70,-84],[75,-101],[35,-36],[37,-17],[108,-11],[62,12],[82,30],[47,25],[106,81],[81,113],[42,25],[167,64],[88,57],[82,72],[161,83],[63,21],[170,-9],[49,25],[38,41],[54,32],[106,-3],[50,-9],[112,-36],[46,-30],[84,-73],[71,-71],[31,-19],[187,-52],[120,-7]],[[57167,75759],[72,-39],[-10,-29],[24,-10],[-45,-127],[21,-7],[-21,-51],[-4,-71],[-58,-54],[62,-26],[23,-44],[13,-90],[22,-70],[43,-28],[77,13],[20,-69],[-69,-34],[-158,-179],[-35,-44],[26,-41],[63,-41],[27,10],[5,-34],[-67,16],[4,-68],[19,0],[-8,-36],[-73,-31],[5,-66],[35,-71],[11,-49],[-13,-23],[-31,-8],[-1,-59],[-22,-5],[0,-36],[-35,-47],[-25,4],[6,-25],[-20,-49],[-43,3],[-113,91],[-59,34],[-42,4],[-34,-17],[0,-56],[20,-41],[-2,-33],[-82,-63],[-58,-13],[-72,-38],[-41,-50],[-25,-46],[-46,-131],[-23,-48],[-35,0],[-71,23],[-68,33],[-8,-16],[-45,12],[-106,-14],[-26,-16],[18,-77],[-20,-63],[18,-12],[-11,-36],[-90,3],[-9,-84],[28,-194],[-19,-66],[-79,-9],[6,-31],[-39,-12],[-1,-30],[-37,-4],[3,-118],[-8,-95],[7,-105],[33,-10],[-14,-44],[11,-35],[-94,0],[-27,30],[-29,-15],[-59,8],[-25,-53],[1,-88],[-20,-27],[-46,-9],[-22,-23],[-20,-228],[-8,-25],[-95,-87],[-14,-38],[-37,-8],[-132,29],[-64,4],[-85,16],[-39,21],[-33,-10],[-2,-136],[-27,-11],[-44,19],[-71,-23],[-10,-55],[32,-51],[-5,-83],[12,-109],[-8,-22],[-36,1],[-26,-20],[-32,-91],[58,-85],[-27,-85],[-36,-80],[20,-42],[-22,-159],[-12,-13],[-73,16],[-18,-38],[-12,-80],[9,-18],[-23,-68],[129,-32],[107,-2],[67,-19],[41,17],[48,-18],[17,-38],[44,-12],[30,37],[54,-25],[57,-11],[114,12],[57,-24],[47,-36],[84,-83],[69,-2],[139,-15],[118,-6],[170,17],[39,35],[48,123],[60,140],[32,117],[19,117],[33,61],[27,17],[44,-5],[1,-27],[75,10],[64,38],[4,40],[50,5],[166,76],[147,54],[36,-27],[14,-31],[7,-165],[-31,-53],[38,-12],[149,-4],[55,-8],[178,-54],[198,-35],[155,-65],[83,-24],[20,-19],[0,-55],[-64,-1],[-14,-11],[-29,-223],[22,-38],[-10,-57],[37,-52],[176,4],[30,6],[66,48],[24,41],[-16,28],[28,7],[21,54],[18,16],[55,-3],[23,13],[63,99],[88,106],[28,0],[142,-35],[91,-11],[97,22],[57,39],[53,81],[25,63],[57,-4],[-2,-22],[-85,-154],[2,-59],[-11,-92],[4,-25],[56,-16],[279,14],[71,10],[95,-3],[98,46],[85,14],[46,0],[10,61],[120,-4],[8,-33],[-10,-108],[15,-12],[219,-20],[49,-2],[-8,-82],[-102,-6],[-23,-14],[-3,-34],[-23,-64],[-85,-21],[-12,-117],[-16,-91],[28,-58],[-22,-108],[0,-37],[-31,-136],[-4,-92],[5,-112],[52,-15],[4,-48],[47,-10],[157,10],[26,87],[65,-10],[73,-38],[50,-76],[81,-40],[99,-17],[-11,-34],[-114,-18],[-29,-59],[-50,-64],[-235,62],[-110,13],[-38,-19],[-5,-67],[3,-155],[12,-23],[-11,-51],[45,-167],[34,-78],[19,-22],[-25,-25],[47,3],[24,-79],[-14,-168],[12,-22],[-39,-62],[62,-55],[64,-76],[31,-60],[36,-16],[132,-2],[31,68],[20,78],[62,117],[65,102],[50,48],[38,86],[-16,23],[-62,35],[8,68],[12,21],[57,-2]],[[54869,63344],[-125,24],[-40,22],[-42,92],[-32,55],[-17,53],[-61,112],[-34,40],[-54,43],[-89,27],[-88,51],[-50,43],[-55,80],[-20,67],[-3,76],[23,98],[-8,75],[-73,48],[-43,9],[-117,6],[-72,-11],[-110,-4],[-187,3],[-64,11],[-126,8],[-162,50],[-67,37],[-117,45],[-143,32],[-71,-5],[34,-178],[-25,-120],[-22,-67],[-248,83],[-171,83],[-81,57],[-26,11],[-45,-14],[-81,11],[-236,96],[-55,44],[25,126],[-5,27],[60,2],[56,38],[23,0],[66,38],[62,13],[70,-18],[123,-56],[-27,40],[-52,38],[-61,64],[-129,189],[-95,205],[-30,98],[1,82],[-129,114],[-84,110],[-41,44],[-131,125],[-93,45],[-60,51],[-60,35],[-120,40],[-72,-5],[-55,22],[-62,0],[-122,46],[-41,22],[-12,23],[77,164],[93,244],[-15,200],[-97,194]],[[50929,66897],[-6,11],[-72,30],[-79,51],[-82,61],[-24,29],[-27,59],[-2,152],[9,57],[50,123],[27,22],[26,85],[-24,30],[-81,40],[-166,65],[-86,24],[-164,24],[-60,13],[-100,11],[-104,22],[-124,44],[-70,37],[-70,59],[-53,64],[-43,81],[-12,51],[0,57],[-17,68],[-17,154],[-29,171],[-94,218],[-97,175],[-33,53],[-44,31],[-117,-11],[-53,28],[-94,-4],[-57,6],[-89,33],[-48,53],[-27,81],[31,77],[46,62],[52,88],[65,79],[41,72],[2,42],[-47,99],[-48,72],[-27,59],[-125,27],[-81,10],[-133,8],[-99,29],[-82,44],[-130,46],[-226,94],[-240,145],[-62,46],[-212,186],[-31,60],[-164,164],[-87,128],[-53,129],[-19,106],[4,35],[41,53],[77,57],[88,31],[106,13],[41,-6],[67,-26],[63,-16],[96,-54],[67,-55],[36,-55],[29,-62],[12,-74],[49,-108],[43,-50],[26,-13],[163,112],[25,57],[25,95],[64,61],[74,27],[-15,-53],[42,-9],[148,34],[129,-42],[60,24],[75,60],[38,22],[218,57],[67,53],[32,77],[27,102],[25,64],[-9,53],[-47,127],[-34,61],[-78,95],[-70,61],[-55,61],[-48,73],[-3,59],[20,81],[77,169],[56,45],[89,51],[102,24],[343,8],[186,8],[58,20],[50,36],[22,41],[6,40],[-64,100],[-42,20],[-61,53],[-187,64],[-75,-6],[-55,-18],[-59,-5],[-117,8],[-72,12],[-117,-23],[-175,-54],[-228,-102],[-103,-43],[-41,-31],[-67,-23],[-169,-115],[-98,-61],[-197,-184],[-86,-53],[-47,2],[-81,28],[-47,25],[-78,112],[-34,74],[-39,51],[-33,84],[-37,71],[-30,43],[-26,105],[14,96],[30,107],[8,84],[-8,33],[22,120],[28,99],[38,112],[22,29],[100,86],[26,47]],[[90395,113512],[61,-116],[-5,-37],[-27,-38],[-65,8],[-75,43],[-110,48],[-77,42],[-124,41],[-31,2],[-29,-21],[57,-46],[24,-30],[15,-56],[-6,-35],[-43,-79],[-52,-49],[36,-38],[36,-61],[133,-23],[72,-44],[38,-11],[75,3],[63,-17],[35,-35],[119,-37],[60,-36],[11,-23],[-7,-48],[-30,-90],[3,-39],[30,-45],[82,-97],[34,-58],[-18,-38],[-138,-21],[-49,-30],[-22,-37],[5,-27],[53,-103],[48,19],[30,26],[59,10],[68,-40],[3,-15],[-39,-34],[6,-62],[13,-34],[11,-89],[9,-14],[171,16],[127,-11],[83,-73],[44,-5],[54,33],[41,1],[86,-28],[61,-37],[84,-79],[23,-46]],[[91511,111772],[-94,-70],[-62,-53],[-45,-55],[-29,-63],[-10,-80],[30,-66],[11,-52],[-39,-74],[-39,-94],[-12,-47],[-43,-111],[-40,-140],[-59,-151],[-46,-106],[-57,-91],[-101,-117],[-96,-102],[-49,-45],[-28,-8],[-115,-116],[-101,-124],[-82,-77],[-100,-108],[-112,-98],[-55,-40],[-101,-61],[-53,15],[-17,27],[-53,125],[-65,54],[-55,0],[-82,-32],[-46,-32],[-86,-81],[-116,-89],[-135,-116],[-61,-90],[-90,-108],[-25,-42],[5,-46],[32,-22],[69,-15],[0,-40],[52,9],[53,57],[25,42],[44,44],[68,43],[85,26],[136,-3],[271,-52],[165,-8],[111,-20],[104,-28],[66,-48],[4,-24],[-32,-28],[-42,-1],[-109,16],[-58,-37],[-46,-46],[-29,-72],[-9,-55],[74,-11],[32,-25],[46,-108],[17,-11],[49,18],[191,17],[37,21],[15,32],[-6,67],[6,50],[32,95],[39,60],[92,69],[53,15],[141,-95],[114,-58],[78,0],[17,31],[-121,120],[-24,42],[15,57],[33,25],[81,12],[82,-9],[54,-19],[50,-32],[44,-48],[76,-121],[64,-118],[51,-134],[19,-40],[35,-127],[34,-95],[12,-78],[3,-153],[7,-38],[-11,-111],[5,-75],[30,-119],[88,-212],[5,-65],[-31,-16],[-56,1],[-92,49],[-43,30],[-104,88],[-38,17],[-96,18],[-79,3],[-57,-7],[-69,-18],[-44,-22],[-25,7],[29,-39],[12,-42],[-5,-97],[7,-52],[37,-67],[11,-44],[-3,-46],[-26,-70],[-94,-161],[-13,-37],[22,-19],[-4,-31],[-48,-103],[-2,-24],[36,-14],[83,2],[57,16],[9,16],[-88,99],[-11,45],[52,46],[31,9],[63,-33],[26,-35],[64,-24],[26,-23],[88,7],[65,58],[62,-8],[132,-45],[-10,-30],[28,-46],[64,-34],[18,-20],[-14,-47],[52,-39],[-11,-50],[29,-30],[-16,-32],[-39,-19],[78,-41],[40,-39],[7,-27],[57,-67],[44,-13],[48,-41],[26,-44],[86,-101],[7,-37],[-48,-25],[-54,-57],[-109,23],[-102,56],[-36,8],[-60,-27],[-31,-74],[-41,-67],[-61,-80],[-163,-139],[-126,39],[-46,5],[-64,-6],[-100,-22],[-119,-63],[-46,-45],[-18,-50],[-2,-59],[59,-14],[121,-115],[101,-88],[81,-92],[76,-101],[49,-59],[59,-91],[71,-89],[27,-49],[37,-85],[32,-116],[13,-95],[-2,-79],[-12,-67],[-46,-62],[-63,-30],[-51,-2],[-166,20],[-128,26],[-254,43],[-266,60],[-185,31],[-128,10],[-202,-2],[-161,-21],[-100,-22],[-111,-45],[-62,-68],[-38,-66],[-60,-143],[-64,-138],[-101,-197],[-42,-97],[-33,-106],[-15,-107],[2,-111],[8,-20],[77,1],[16,45],[43,30],[193,37],[162,57],[109,29],[88,50],[117,49],[106,22],[78,2],[53,-13],[62,6],[23,-66],[-7,-122],[-15,-60],[-29,-71],[-37,-61],[-53,-61],[-97,-91],[-54,-41],[-231,-145],[-132,-65]],[[84496,96748],[-87,45],[-71,26],[-56,2],[-141,-26],[-170,-7],[-87,13],[-53,18],[-36,28],[-48,58],[-29,77],[5,105],[46,130],[87,175],[27,80],[2,45],[-18,70],[-43,52],[-67,30],[-107,19],[-66,24],[-31,29],[-21,54],[-23,95],[-14,94],[-120,146],[-48,38],[-50,25],[-94,-6],[-55,-14],[-217,-142],[-140,-61],[-76,-27],[-100,-16],[-138,8],[-97,28],[-78,52],[-102,89],[-123,138],[-95,87],[-70,50],[-104,59],[-119,49],[-104,31],[-48,22],[-109,30],[-125,50],[-84,16],[-85,-3],[-155,18],[-151,10],[-21,26],[-2,39],[-78,75],[-105,54],[-111,42],[17,88],[52,79],[97,49],[271,78],[136,67],[39,31],[49,58],[48,78],[43,112],[0,39],[15,89],[-18,60],[-84,79],[-71,33],[-62,6],[-52,-15],[-88,-45],[-105,-6],[-157,-1],[-65,8],[-54,17],[-53,40],[-82,92],[-23,-13],[-33,-64],[-157,112],[-154,84],[-56,25],[-39,34],[-73,111],[-50,104],[-16,84],[15,61],[-6,103],[7,48],[-34,95],[-66,59],[-138,43],[-17,13],[-38,116],[-48,111],[-35,63],[-38,23],[-37,-38],[6,-73],[-20,-4],[-194,31],[-102,50],[-95,68],[-57,58],[-37,14],[-21,36],[-5,92],[7,34],[72,93],[24,42],[33,95],[9,47],[-15,119],[9,64],[31,76],[6,51],[-14,30],[-55,31],[-77,31],[-58,39],[-54,53],[-51,65],[-15,71],[30,50],[18,64],[-8,62],[-27,44],[-39,93],[-36,33],[-158,89],[-89,82],[-62,18],[-52,-8],[-121,-34],[-205,-15],[-96,-28],[-99,-48],[-198,-158],[-97,-55],[-106,-21],[-142,10],[-105,-1],[-155,-49],[-54,-11],[-115,-35],[-97,-20],[-98,12],[-71,32],[-114,67],[-102,43],[-75,23],[-218,44],[-101,5]],[[74982,103084],[12,63],[10,124],[-15,90],[-23,33],[-96,60],[-21,58],[-45,70],[-26,8],[-8,58],[-12,167],[9,87],[14,60],[4,134],[-29,120],[-18,129],[-27,94],[-70,140],[-95,136],[-106,139],[-32,55],[-39,96],[-33,61],[-115,156],[-17,6],[-67,-14],[-43,28],[-16,42],[30,76],[23,32],[67,27],[50,78],[26,115],[53,80],[88,53],[24,25],[41,72],[34,128],[22,123],[5,169],[29,30],[50,-3],[20,16],[46,188],[54,75],[4,20],[-29,25],[-23,46],[-9,90],[47,92],[35,39],[8,71],[20,74],[18,33],[73,60],[5,67],[-38,48],[35,203],[-94,84],[-140,107],[-4,19],[62,24],[13,81],[-28,35],[-31,-7],[-56,42],[-41,86],[-54,39],[-70,22],[-78,12],[-240,19],[-43,9],[-44,31],[-46,46],[-65,18],[-52,2],[-127,21],[-112,36],[-114,72],[-13,-8],[-16,-61],[-29,-10],[-74,73],[-111,20],[-60,17],[-44,26],[-25,58],[-37,120],[-22,41],[-71,27],[-83,54],[5,107],[-98,163],[0,24],[47,101],[-31,55],[2,50],[-23,112],[-1,96],[82,46],[81,23],[35,17],[34,42],[19,76],[-26,140],[42,-8],[94,8],[21,17],[20,53],[37,26],[69,-5],[53,32],[33,-48],[47,-3],[42,10],[131,50],[16,-1],[142,-53],[99,-20],[32,1],[55,-16],[27,-22],[6,-84],[143,-74],[34,-32],[134,-166],[80,-62],[28,-10],[85,37],[48,10],[23,-16],[-1,-43],[-35,-73],[20,-20],[62,-7],[82,7],[131,56],[58,-12],[31,-37],[1,-28],[30,-30],[86,15],[49,1],[66,-19],[35,-28],[1,-61],[90,-39],[52,-73],[44,-2],[143,30],[38,-2],[75,-19],[105,-13],[52,29],[23,49],[13,110],[-5,92],[-63,47],[-9,55],[17,21],[74,-4],[35,31],[42,94],[12,46],[-5,48],[-97,92],[47,21],[-50,37],[-4,26],[34,16],[-38,33],[55,34],[-25,7],[3,24],[36,8],[-32,12],[-6,39],[24,12],[84,3],[12,13],[-2,78],[7,35],[50,40],[37,1],[65,-19],[56,39],[70,16],[2,57],[77,63],[52,20],[30,24],[42,-17],[23,-39],[6,-46],[-6,-70],[22,-71],[-32,-116],[-5,-91],[13,-21],[40,6],[81,-7],[46,-114],[-13,-24],[46,-21],[62,1],[11,-57],[40,-4],[28,-83],[-10,-24],[21,-19],[-9,-34],[12,-56],[-18,-30],[24,-105],[20,-43],[54,-51],[25,-10],[19,-96],[15,4],[18,93],[37,33],[68,-1],[75,33],[7,67],[27,57],[38,57],[68,53],[35,7],[10,23],[-11,90],[13,15],[51,1],[55,86],[8,34],[49,84],[14,73],[-6,140],[16,88],[14,22],[55,3],[82,-47],[103,-85],[10,-23],[36,-13],[55,25],[-24,22],[27,14],[-6,76],[63,26],[12,98],[17,10],[29,-50],[174,7],[78,-39],[78,-15],[102,-12],[42,16],[27,-8],[41,15],[35,29],[111,-13],[30,7],[118,-27],[33,-31],[94,-4],[24,34],[6,166],[-35,18],[-31,73],[38,18],[17,26],[52,-34],[38,10],[17,52],[18,130],[13,49],[84,58],[62,16],[12,57],[-20,45],[-55,65],[-14,29],[9,89],[37,60],[19,79],[25,12],[74,-38],[9,-86],[-34,-37],[16,-22],[46,17],[31,36],[-1,89],[47,83],[-65,59],[47,57],[38,81],[75,66],[11,40],[-17,64],[-116,125],[89,89],[17,54],[75,31],[87,50],[33,56],[-17,59],[68,76],[-7,103],[-17,65],[-24,27]],[[79786,112213],[15,29],[67,19],[36,0],[50,-19],[35,-80],[64,7],[174,-18],[86,-18],[74,-59],[28,44],[12,74],[23,26],[39,-13],[31,59],[55,69],[71,34],[-38,40],[33,46],[-1,30],[41,37],[18,51],[106,-40],[-2,31],[110,49],[87,33],[34,-1],[43,-23],[-14,-131],[18,-6],[33,33],[50,-26],[82,5],[29,-15],[73,13],[14,-18],[48,5],[61,-13],[8,-30],[42,12],[20,108],[16,7],[10,48],[55,23],[74,17],[109,-6],[147,-37],[72,-24],[39,-1],[67,46],[69,5],[24,-19],[53,-119],[34,1],[16,22],[155,58],[36,27],[8,114],[-22,84],[7,95],[-53,96],[-5,22],[96,-21],[105,23],[182,14],[57,-28],[5,-45],[70,3],[19,-16],[61,-160],[-3,-67],[24,-30],[70,2],[37,40],[-6,39],[27,4],[58,-16],[32,45],[77,-5],[25,25],[76,-68],[31,-36],[66,11],[50,54],[27,65],[108,19],[36,90],[40,37],[21,1],[26,-93],[24,-47],[41,-44],[49,-19],[48,-6],[75,-36],[83,-55],[50,-47],[44,13],[23,34],[91,83],[39,22],[46,9],[70,-40],[53,1],[30,-40],[70,-27],[65,18],[29,23],[120,-32],[89,5],[36,28],[125,71],[49,6],[59,-19],[98,-54],[58,6],[51,52],[22,51],[-1,81],[22,48],[1,51],[-39,56],[-6,40],[48,89],[61,76],[73,128],[26,27],[47,23],[13,-12],[70,-5],[12,-35],[54,-29],[68,8],[19,-43],[67,1],[43,-9],[7,-27],[-50,-21],[30,-27],[-113,-21],[-42,-89],[31,-71],[-4,-86],[50,-50],[33,25],[32,-8],[56,33],[27,-7],[7,-33],[28,-4],[68,23],[-17,42],[98,17],[141,51],[5,-26],[-46,-7],[-1,-17],[43,-16],[104,36],[50,59],[4,36],[27,18],[185,34],[34,-5],[85,15],[94,-70],[16,-26],[40,-12],[0,-48],[66,11],[84,-73],[-2,-64],[14,-17],[83,-5],[120,-86],[35,-78],[34,-22],[28,3],[52,26],[-5,-35],[20,-38],[30,-16],[45,17],[0,48],[-32,90],[25,17],[31,-14],[30,-38],[-11,-34],[63,-74],[50,-12],[30,24],[18,35],[-3,42],[-74,115],[20,31],[46,-5],[87,-32],[44,4],[46,24],[57,-53],[62,-12],[46,28],[9,31],[34,27],[39,-22],[36,59],[27,25],[60,13],[81,-52],[34,33],[8,58],[37,64],[10,50],[25,50],[-10,57],[8,17],[51,0],[8,49],[-51,64],[-37,31],[-65,84],[-4,44],[28,46],[19,8],[-6,33],[-65,62],[-1,21],[40,9],[15,48],[-46,49],[57,44],[37,-10],[48,-51],[76,-28],[30,-28],[1,-42],[21,-52],[32,-1],[89,16],[39,27],[68,72],[23,-19],[3,-33],[20,-8],[23,42],[55,30],[34,0],[30,-26],[66,30],[56,-76],[95,-86],[83,-32],[78,15],[82,57],[27,48],[45,36],[11,63],[23,21],[52,11],[25,56],[23,-4],[5,-33],[58,-47],[36,5],[35,-26],[12,-27],[78,-68],[83,-11],[48,36],[50,7],[43,40],[23,-15],[3,-103],[15,-88],[25,-67]],[[64656,80077],[-100,-144],[-40,-96],[-52,-55],[-47,-12],[-16,-71],[28,-23],[0,-51],[-21,-29],[-36,-3],[-93,18],[-105,-8],[-62,-13],[-42,2],[-115,63],[-237,-32],[-43,-16],[-47,-32],[-46,-4],[-14,-35],[30,-48],[-2,-44],[-39,-56],[-46,-40],[-183,-48],[-65,-3],[9,-43],[-32,-21],[-98,5],[-94,-26],[-16,-46],[42,-29],[7,-23],[-24,-158],[-1,-91],[50,-39],[70,-34],[14,-42],[70,-8],[60,5],[109,-3],[55,-12],[72,-1],[39,-10],[80,-58],[43,-18],[81,-18],[179,-66],[63,-45],[104,-98],[45,-71],[-19,-32],[-63,37],[-190,-16],[-57,-11],[-100,-32],[-51,5],[-39,-19],[-74,-60],[-60,-32],[-107,-74],[-28,-32],[-29,-125],[-63,-119],[10,-48],[21,-36],[51,-32],[104,-23],[90,10],[28,-13],[22,-87],[0,-63],[34,-6],[65,34],[21,-17],[-20,-128],[-58,-66],[-56,-37],[-132,-75],[-97,-44],[-76,-43],[-119,-45],[-11,-25],[65,-81],[33,-29],[49,-11],[78,8],[47,-10],[35,-42],[6,-74],[64,-109],[44,-55],[-26,-90],[0,-132],[-20,-37],[-4,-100],[-7,-29],[-68,-35],[-50,-50],[-3,-24],[23,-29],[-20,-72],[5,-66],[18,-53],[-6,-27],[-44,-36],[-45,-75],[-22,-109],[-56,-179],[-53,-122],[-73,-133],[-35,-105],[-7,-53],[7,-48],[41,-56],[-14,-49],[72,-45],[65,-94],[-1,-33],[41,-75],[51,-29],[0,-43],[-24,-261],[10,-126],[23,-6],[71,16],[49,21],[40,48],[47,16],[10,-15],[-56,-124],[20,-18],[-14,-41],[-48,-91],[15,-9],[6,-139],[-13,-11],[13,-38],[22,9],[8,-28],[26,-14],[39,-52],[22,-14],[69,-80],[14,-26],[147,-24],[114,-8],[45,-10],[35,-35],[34,-61],[87,-126],[90,-149],[28,26],[5,66],[32,-4],[53,-38],[70,0],[89,-21],[5,-63],[18,-46],[34,-15],[3,-26],[-40,-50],[-16,-108],[16,-131],[81,-134],[90,-80],[-13,-125],[-64,-54],[47,-32],[-54,-44],[35,-41],[36,-14],[-19,-92],[20,-11],[8,-66],[-4,-48],[45,-106],[15,-64],[-11,-54],[29,-36],[22,-6],[50,26],[18,-56],[212,35],[117,0],[4,-73],[44,-108],[-9,-59],[-22,-48],[8,-35],[130,46],[52,10],[25,47],[80,-15],[85,-47],[61,-23],[54,16],[27,42],[112,-18],[102,5],[6,-32],[96,9],[15,-63],[42,1],[-19,104],[75,5],[1,53],[110,-7],[23,-28],[146,-3],[19,32],[47,4],[7,-81],[-11,-50],[34,-11],[-56,-47],[-31,-10],[-32,-40],[-59,-48],[-55,-31],[33,-61],[0,-78],[-39,-87],[-60,-75],[21,-40],[49,-43],[39,26],[90,-19],[0,-88],[-18,-15],[-13,-79],[-26,-53],[-33,-5],[21,-28],[-7,-88],[48,-9],[58,10],[4,-53],[-16,-135],[-4,-77],[-34,-44],[-66,-46],[-21,-55],[-47,-69],[-19,-97],[-50,-139],[4,-35],[-56,-132],[-52,-41],[-77,-28],[-44,-3],[11,-21],[60,-46],[-6,-41],[44,-50],[28,-5],[61,-35],[-12,-41],[57,-67],[20,-13],[78,-12],[38,-41],[11,-44]],[[61637,81693],[72,-56],[518,-286],[68,-40],[100,-94],[99,-70],[86,-30],[155,-91],[50,111],[40,-3],[151,-110],[203,-123],[219,-102],[41,-28],[131,-48],[74,-40],[96,-40],[142,-49],[148,-64],[88,-44],[187,-128],[303,-239],[48,-42]],[[52243,87706],[-181,192],[-132,156],[-73,111],[70,64],[-9,31],[-32,179],[-12,131],[2,34],[-75,184],[-65,52],[-104,62],[-209,109],[-66,55],[-80,98],[-56,102],[-24,28],[-56,110],[-73,93],[-144,125],[-46,24],[-73,64],[-82,63],[-131,94],[-75,69],[-143,99],[-84,85],[-52,95],[-53,69],[-45,107],[-17,74],[-34,107],[-13,87],[-26,118],[-27,237],[-13,52],[-58,9],[-208,2],[-153,-5],[-117,-9],[-181,9],[-132,17],[-84,28],[-73,15],[-7,16]],[[48997,91148],[-34,101],[-23,25],[-56,4],[-49,38],[-93,118],[-197,204],[-118,103],[-49,93],[-24,89],[-31,82],[-57,9],[-28,28],[-14,40],[-30,197],[-30,26],[-64,-15],[-52,-60],[-29,-74],[-9,-149],[-51,12],[-6,71],[5,73],[-32,28],[112,126],[49,81],[-7,37],[-43,78],[-17,76],[32,72],[37,36],[83,39],[-30,99],[-19,8],[-52,-20],[-38,22],[-12,86],[60,65],[-99,336],[-6,40],[27,-6],[-16,132],[-31,169],[-207,1],[-38,10],[-42,28],[3,34],[50,65],[-1,62],[-23,62],[-9,55],[-23,50],[-36,45],[49,25],[42,7],[3,27],[65,43],[46,-2],[35,12],[51,-27],[-19,670],[5,376],[35,200],[72,125],[187,216],[419,331]],[[48620,96082],[32,29],[81,53],[168,93],[50,34],[119,57],[188,63],[121,22],[153,17],[73,-7],[58,-15],[99,-3],[88,5],[143,37],[187,80],[91,47],[111,71],[66,71]],[[50448,96736],[27,-34],[19,-49],[4,-74],[-13,-45],[1,-55],[-47,-244],[0,-101],[-7,-57],[-15,-33],[-70,-85],[-66,-129],[-32,-75],[-64,-108],[-51,-119],[24,-18],[50,-9],[-29,-71],[-36,-47],[-163,-103],[-140,-111],[-16,-37],[25,-21],[60,13],[31,-31],[75,4],[20,-10],[32,-53],[28,-22],[86,41],[-4,24],[19,30],[52,16],[50,40],[91,55],[17,137],[39,65],[53,21],[73,-17],[56,4],[39,-13],[0,-35],[-28,-70],[-12,-61],[2,-41],[20,-6],[89,20],[145,17],[52,-11],[78,-42],[0,-37],[-23,-71],[12,-17],[85,-20],[101,-11],[15,11],[0,159],[14,13],[110,-1],[12,11],[9,81],[65,20],[99,-26],[57,-1],[37,-14],[3,-52],[44,-25],[49,20],[117,-48],[41,-3],[85,-21],[14,-74],[13,-15],[78,-18],[-17,-118],[48,-35],[64,2],[18,35],[-7,65],[28,15],[106,-19],[22,-30],[3,-43],[28,-30],[43,-21],[6,-49],[21,-18],[53,4],[19,32],[51,25],[35,-32],[51,12],[34,-5],[48,43],[14,36],[62,7],[39,21],[29,40],[-9,21],[-69,55],[-23,73],[18,23],[49,19],[21,76],[0,83],[-34,38],[-68,31],[-16,41],[18,90],[15,30],[40,-16],[80,3],[25,22],[14,40],[31,27],[66,-8],[29,-14],[-8,-139],[14,-84],[17,-15],[95,-44],[-11,-28],[-46,-41],[36,-33],[-26,-70],[9,-46],[24,-15],[60,-78],[-1,-39],[18,-23],[48,-15],[97,0],[98,-19],[74,-4],[32,29],[1,32],[-26,34],[-62,24],[-50,37],[-13,26],[6,80],[30,28],[59,10],[28,15],[21,48],[-2,35],[-24,33],[16,14],[40,-7],[176,22],[85,34],[8,65],[-29,61],[54,52],[11,108],[29,9],[26,-14],[4,-28],[-27,-28],[3,-49],[162,-8],[46,31],[25,37],[38,90],[16,5],[73,-23],[17,8],[16,54],[34,10],[12,33],[32,18],[155,27],[17,27],[56,5],[72,-5],[43,23],[21,-12],[-9,-27],[-169,-198],[-21,-44],[9,-17],[114,3],[24,39],[66,169],[58,42],[62,-1],[99,-31],[49,-2],[-4,40],[-36,54],[-56,-5],[-38,21],[-7,46],[-53,28],[-50,3],[-4,59],[64,42],[22,28],[-34,73],[59,10],[53,-7],[21,-23],[52,-3],[-6,105],[3,83],[-19,66],[2,34],[32,20],[-3,40],[22,0],[52,-74],[0,-37],[-24,-25],[10,-31],[105,-33],[26,-24],[5,-70],[44,-11],[51,-32],[7,-37],[25,-36],[121,-32],[94,14],[8,37],[-3,61],[28,45],[-8,18],[-10,165],[9,132],[16,17],[133,-13],[20,27],[-6,53],[-71,24],[-8,23],[21,37],[25,-6],[84,-50],[85,-9],[47,-56],[-21,-111],[13,-52],[94,-97],[53,-43],[16,-60],[-3,-43],[-59,-12],[-53,8],[-113,-5],[-25,-15],[25,-144],[64,-43],[21,3],[174,-18],[35,2],[35,-21],[41,-94],[21,-21],[49,-7],[23,-40],[-67,-29],[26,-42],[33,-14],[46,21],[32,44],[108,-6],[40,-17],[59,4],[111,19],[64,33],[6,19],[-32,76],[-62,99],[39,38]],[[68718,84909],[28,-31],[-33,-11],[-32,-50],[13,-36],[81,-19],[73,-29],[18,-15],[35,-115],[39,-52],[52,-104],[64,-55],[3,-160],[-12,-98],[-14,-47],[-118,-135],[-91,-99],[-75,-95],[-17,-76],[29,-73],[68,-94],[74,-68],[17,-31],[-1,-99],[63,-62],[165,-111],[136,-27],[103,11],[142,56],[69,78],[124,128],[44,-16],[9,-24],[128,-110],[79,134],[35,45],[-31,51],[26,57],[38,54],[-6,15],[29,35],[-22,29],[85,71],[72,24],[107,17],[113,31],[158,30],[62,-11],[70,-32],[131,19],[53,14],[18,22],[-56,44],[6,53],[38,-4],[55,16],[110,15],[44,21],[38,-38],[67,-42],[65,-71],[38,-28],[195,-88],[-20,-72],[128,-57],[59,-51],[116,-43],[77,-22],[136,-84],[146,-140],[130,-189],[130,-184],[76,-89],[31,-64],[9,22],[99,26],[-16,44],[44,15],[239,39],[17,35],[-22,99],[-60,118],[101,66],[61,47],[5,75],[-23,102],[-44,87],[-261,377],[-79,79],[-26,71],[-64,0],[-11,112],[1,46],[20,141],[297,79],[483,229],[237,22],[261,55],[108,60],[115,49],[79,54],[65,76],[41,67],[38,41]],[[71789,78335],[-160,86],[-290,146],[-146,94],[-303,209],[-137,98],[-68,28],[-56,0],[-30,-58],[-62,-13],[-64,2],[-76,-28],[3,-32],[-30,-10],[-36,36],[-89,19],[-115,2],[-56,16],[-16,26],[-8,124],[-20,10],[-103,-53],[-18,-24],[-88,12],[-59,25],[-25,33],[-35,-13],[27,68],[-10,20],[-65,7],[-53,-24],[-34,-1],[-54,15],[-52,42],[-18,29],[-31,-9],[-33,20],[-12,-48],[-45,-1],[-65,-41],[-81,15],[-81,6],[-8,30],[-38,3],[-24,60],[9,16],[-26,23],[-58,21],[-199,-10],[-5,-35],[15,-64],[-57,-49],[-23,-37],[-39,-14],[-14,-25],[-24,3],[-24,29],[-96,-21],[-11,-15],[-64,42],[-86,42],[-137,45],[-105,27],[-141,12],[-105,24],[-65,4],[-53,-30],[-212,-54],[-91,66],[-27,44],[-55,-5],[-32,9],[-23,53],[-36,7],[-19,-22],[-27,11],[-10,75],[-43,14],[-17,41],[-12,64],[-236,161],[-103,38],[-80,0],[-13,-25],[-22,12],[-20,72],[-37,29],[-30,7],[-35,-43],[-44,13],[-36,-6],[-9,-26],[-31,-12],[-72,57],[-34,3],[-54,-18],[-7,32],[-52,-27],[-35,1],[-32,-28],[-44,14],[-27,-7],[-90,23],[-17,51],[-56,41],[-37,47],[-50,-15],[-77,6],[-1,-27],[37,-11],[55,-73],[-10,-29],[-44,25],[-76,3],[-220,150],[-56,41],[-44,4],[-79,40],[-34,27],[-14,81],[-22,16],[-54,-4],[-4,-17],[-41,-12],[-62,-3],[-58,-19],[-168,-96],[-81,-56],[-101,85]],[[72696,92825],[66,-38],[124,-40],[70,-10],[164,-1],[60,-6],[43,-17],[82,-63],[11,-30],[-9,-41],[57,-34],[85,-3],[36,-22],[38,21],[4,68],[19,65],[-1,60],[37,20],[108,-10],[-1,-39],[48,-120],[51,-13],[48,54],[3,-29],[60,-91],[-4,-38],[-34,-54],[-13,-65],[61,-96],[-27,-16],[-62,35],[-20,-33],[27,-39],[-28,-52],[-14,-80],[-31,-50],[-15,-49],[2,-50],[13,-41],[-14,-85],[-63,5],[-136,24],[-75,-4],[-16,-24],[15,-36],[-67,-68],[6,-78],[42,-76],[61,-49],[7,-21],[-34,-55],[4,-17],[81,-49],[76,-34],[31,-44],[65,-53],[5,-21],[-32,-46],[58,-64],[36,-12],[60,42],[70,102],[50,23],[53,-26],[27,1],[52,71],[35,35],[23,61],[-4,95],[-19,48],[-52,68],[-29,63],[61,60],[26,69],[33,116],[44,72],[107,83],[40,23],[87,87],[58,47],[61,-32],[30,-1],[50,-26],[64,16],[72,32],[63,83],[12,-14],[-18,-48],[26,-36],[2,-30],[-18,-51],[24,-37],[55,-16],[91,-4],[17,-23],[-13,-38],[-4,-122],[18,-11],[74,-7],[0,-29],[-47,-52],[-77,-40],[-74,-13],[-45,-19],[-28,-32],[27,-57],[66,-48],[53,-11],[36,-26],[52,-74],[47,9],[20,-11],[-29,-26],[17,-13],[137,80],[43,-15],[21,-25],[-4,-45],[-48,-123],[-49,-38],[-25,5],[-32,47],[-30,21],[-189,-19],[-63,-13],[-74,-26],[-89,-105],[-31,-57],[-25,-85],[-43,-17],[-29,-38],[-7,-43],[-52,-58],[55,-90],[16,-44],[3,-72],[67,-81],[29,-6],[52,-36],[44,-93],[44,-166],[13,-64],[37,-15],[54,-51],[29,-3],[41,-32],[55,6],[15,49],[21,24],[28,-24],[16,12],[31,-21],[21,6],[-1,32],[55,23],[16,36],[27,14],[32,-36],[10,-49],[39,-3],[-10,-29],[-66,-60],[48,-42],[34,2],[77,-28],[42,21],[21,35],[52,9],[72,-3],[54,15],[50,-15],[25,-30],[87,-15],[12,14],[15,79],[73,-5],[87,22],[9,20],[-56,40],[3,38],[-24,50],[-3,35],[16,42],[11,89],[-78,71],[-7,34],[20,62],[-51,33],[-10,30],[-56,18],[-23,67],[-47,9],[-11,34],[68,100],[-9,25],[-59,44],[-5,28],[36,4],[49,-50],[60,8],[23,-85],[45,-53],[57,-30],[125,-39],[38,11],[92,-63],[97,-56],[116,-58],[45,-16],[16,21],[62,-46],[99,-95],[25,-43],[74,-22],[1,-31],[44,-50],[-58,-67],[-12,-42],[276,-58],[34,-30],[37,-61],[12,-46],[22,-3],[50,22],[19,-8],[3,-51],[55,5],[37,-20],[-22,-46],[21,-21],[107,-20],[83,-31],[-77,-88],[-58,-94],[-17,-39],[-116,-170],[-49,-123],[-2,-81],[27,-113],[20,-25],[53,-35]],[[42260,83983],[-143,137],[-143,172],[-60,51],[-33,17],[-68,13],[-129,2],[-65,6],[-35,16],[-42,43],[-2,47],[44,83],[45,47],[171,163],[77,93],[83,131],[11,99],[-9,48],[-30,69],[-208,198],[-86,55],[-83,29],[-391,80],[-119,22],[-106,10],[-100,-4],[-72,4],[-88,19],[-60,51],[-72,98],[-9,47],[52,118],[82,88],[8,48],[18,12],[-15,29],[-137,175],[-25,8],[-146,89],[-179,91],[-150,89],[-71,71],[-89,120],[-82,83],[-74,34],[-74,1],[-127,-28],[-222,-75],[-99,-23],[-129,-57],[-60,-4],[-99,-46],[6,-23],[95,-30],[0,-45],[-40,-40],[-70,-50],[-98,-36],[-92,-26],[-44,-4],[-96,16],[-63,35]],[[38518,86449],[-54,41],[-74,41],[-52,9],[-70,1],[-171,-8],[-66,13],[-12,58],[42,131],[-1,77],[-43,70],[-53,49],[-98,65],[-97,46],[-262,200],[-102,90],[-91,65],[-41,40],[-15,46],[-8,88],[14,110],[-9,46],[-23,24],[-102,61],[-65,32],[-70,63],[-20,47],[-10,52],[-10,140],[-9,48],[-42,71],[-46,39],[-60,35],[-78,28],[-160,25],[-11,6]],[[36549,88398],[29,71],[37,-3],[35,72],[31,26],[75,8],[25,69],[113,-20],[29,68],[131,6],[31,51],[12,40],[-6,58],[12,25],[72,86],[2,35],[43,83],[26,117],[19,7],[1,41],[-117,0],[-69,-25],[-108,26],[-39,27],[70,107],[-44,87],[75,-11],[32,27],[116,-33],[20,42],[25,7],[80,-12],[60,7],[91,24],[36,23],[-10,81],[-52,19],[11,47],[39,-2],[17,142],[-6,52],[-78,3],[-11,81],[13,38],[37,-13],[9,40],[-7,40],[5,84],[22,110],[49,111],[55,111],[2,35],[44,100],[13,49],[24,8],[1,39],[-30,30],[31,63],[10,65],[-46,10],[24,134],[26,11],[83,0],[15,85],[40,67],[37,5],[-3,30],[30,43],[33,23],[86,28],[22,28],[62,5],[1,95],[-6,86],[-17,60],[30,76],[6,108],[-9,135],[16,29],[53,23],[5,16],[44,11],[61,48],[-1,67],[26,40],[69,-9],[22,15],[65,10],[-40,32],[-17,64],[-61,22],[-33,1],[-20,22],[47,61],[38,95],[1,71],[-57,25],[-7,36]],[[38307,92575],[13,89],[43,21],[81,-30],[93,3],[57,96],[-12,40],[9,22],[-41,49],[10,57],[4,270],[-4,5],[312,-34],[259,-46],[82,-23],[81,-58],[76,-89],[180,-242],[108,-138],[40,-45],[48,-39],[143,-63],[140,-82],[248,-132],[219,-138],[98,-69],[205,-159],[151,-132],[132,-101],[137,-115],[125,-86],[218,-113],[277,-133],[291,-124],[13,-70],[493,-221],[78,-26],[258,-108],[124,-38],[96,-2],[144,-10],[327,-34],[77,-17],[31,79],[64,-18],[130,-56],[138,-38],[53,-7],[12,-92],[31,-9],[127,-15],[173,-37],[47,1],[100,71],[33,34],[99,75],[5,26],[120,-13],[260,-52],[134,-11],[227,6],[88,10],[141,-14],[177,-28],[183,-24],[112,5],[143,38],[30,41],[1,46],[13,2],[97,54],[44,30],[28,-3],[261,-83],[-36,-66],[202,-63],[141,4],[102,12],[47,18],[244,47],[373,33],[79,0],[119,20],[92,28],[83,45],[115,76],[83,65],[98,66],[36,34],[125,37],[45,1],[60,22],[127,97],[33,14],[-30,13],[-12,116],[29,1]],[[50448,96736],[26,32],[-12,32],[-24,118],[16,11],[127,18],[108,40],[54,36],[66,69],[22,33],[101,113],[110,109],[67,52],[55,33],[177,152],[36,47],[75,114],[66,132],[43,154],[14,173],[-1,121],[-16,71],[-38,50],[-75,126],[-42,111],[-14,54],[-15,99],[10,121],[1,80],[-10,84],[-2,98],[7,120],[-4,102],[32,90],[57,94],[20,50],[6,47],[-21,38],[-41,33],[-165,68],[-65,37],[-59,62],[-44,68],[-55,199],[-45,53],[-83,-12],[-82,-30],[-64,-5],[-74,-17],[-53,-20],[-81,-2],[-122,78],[-42,58],[-27,52],[0,53],[98,105],[40,28],[62,24],[270,37],[86,18],[-41,186],[-63,204],[-29,129],[-109,273],[-26,120],[-27,60],[-10,61],[-47,141],[-40,140],[-29,136],[-6,70],[-28,135],[-4,68],[-23,211],[5,189],[28,102],[54,101],[47,102],[21,87],[2,46],[18,78],[5,94],[-9,176],[-22,100],[-12,141],[-45,116],[-78,105],[-38,34],[-104,68],[-97,81],[-58,104],[-14,37],[-27,129],[3,86],[33,95],[9,73],[-11,82],[0,79],[-28,114],[-18,46],[-57,97],[-78,59],[-117,101],[-35,10],[-79,41],[-112,69],[-59,57],[-58,104],[-10,111],[13,84],[28,93],[35,56],[54,54],[93,75],[114,112],[54,84],[21,72],[11,101],[-12,155],[-32,128],[-48,154],[57,9],[205,-21],[64,-2],[-63,52],[-59,110],[-3,18],[75,-1],[-26,79],[-32,42],[-62,28],[-48,54],[-167,50],[-34,-14],[12,-50],[-64,-24],[-65,126],[-42,111],[-94,239],[-47,101],[-29,149],[-5,67],[4,75],[46,145],[61,104],[40,82],[38,55],[33,65],[-13,12],[-171,-4],[-37,9],[-103,-7],[-10,16],[7,83],[-10,33],[12,89],[-3,57],[-13,22],[30,61],[-5,19],[-38,26],[-1,41],[60,37],[15,-19],[32,0],[23,20],[38,0],[31,18],[66,89],[60,64],[80,105],[40,74],[-22,32],[-45,-2],[-155,-110],[-37,5],[-29,40],[9,75],[12,39],[68,103],[76,69],[3,46],[79,108],[3,44],[-26,76],[-20,25],[-17,68],[-41,13],[-62,-34],[-37,21],[-19,84],[-51,71],[-104,12],[-59,48],[-18,-14],[-48,51],[-84,1],[-34,36],[-21,51],[-1,35],[22,43],[74,57],[43,19],[44,-5],[94,-37],[70,-41],[29,56],[1,89],[33,119],[-32,32],[-68,15],[-30,35],[20,52],[54,2],[11,51],[-37,10],[11,44],[218,-4],[131,-12],[47,3],[47,21],[16,47],[123,4],[47,9],[-15,119],[-12,46],[-2,99],[-34,190],[12,80],[18,46],[50,63],[68,47],[156,76],[125,78],[61,31],[92,63]],[[50524,111897],[56,-67],[101,-32],[249,-18],[44,7],[60,24],[111,-22],[12,9],[-22,40],[-41,45],[-6,32],[27,45],[54,45],[67,22],[77,2],[30,47],[-12,25],[-75,32],[-76,2],[-15,13],[46,40],[1,22],[-59,33],[-16,27],[36,47],[31,10],[51,-40],[25,-70],[37,3],[34,68],[62,84],[35,27],[95,-9],[72,-17],[23,42],[-148,159],[1,58],[17,25],[59,29],[56,57],[36,48],[27,18],[78,13],[-44,6],[-46,21],[-94,71],[28,42],[-24,37],[48,33],[58,19],[33,-8],[103,-54],[33,31],[-32,53],[0,26],[29,37],[114,24],[25,20],[-6,68],[3,119],[39,-15],[199,-129],[28,-12],[20,40],[6,98],[-26,43],[-91,59],[-46,45],[-48,64],[-20,45],[-38,52],[18,49],[37,15],[52,-17],[21,9],[23,64],[-9,21],[-62,22],[-40,43],[1,36],[-20,32],[4,41],[49,39],[64,14],[111,2],[59,-31],[51,1],[105,-22],[106,16],[48,16],[62,36],[64,49],[16,22],[-66,78],[-38,103],[7,97],[67,98],[84,109],[109,126],[64,128],[44,7],[22,-46],[82,-60],[46,-21],[75,-16],[100,16],[88,38],[45,41],[26,87],[45,10],[13,19],[0,123],[-20,100],[-59,145],[-27,79],[-46,97],[-49,53],[-84,46],[-6,18],[-164,125],[-28,4],[-36,28],[-19,34],[-16,62],[2,153],[18,29],[27,147],[-9,62],[-42,84],[-7,81],[18,103],[41,74],[54,68],[36,-3],[13,28],[-20,34],[-60,-3],[-35,23],[43,39],[132,-21],[66,2],[19,-24],[1,-41],[84,-73],[47,10],[38,-47],[73,14],[34,-7],[42,-39],[43,-2],[-9,81],[-13,22],[-61,49],[34,35],[34,-2],[58,-87],[-12,-35],[22,-4],[53,-46],[18,-30],[36,36],[31,5],[18,-24],[23,10],[41,65],[1,69],[32,31],[52,19],[24,56],[86,-3],[97,-24],[65,-30],[26,8],[0,40],[-20,21],[-39,0],[-7,50],[22,44],[81,-8],[-10,55],[-43,8],[-32,-18],[-32,10],[-85,69],[9,44],[30,20],[20,-7],[7,-32],[48,-24],[98,2],[101,43],[58,15],[23,23],[0,55],[72,-3],[10,-17],[-32,-100],[32,-11],[67,-53],[38,-66],[41,-19],[3,-22],[-27,-30],[6,-42],[34,-88],[-1,-36],[35,1],[57,32],[86,-19],[24,19],[72,10],[77,-14],[44,1],[60,-21],[49,-57],[21,-73],[-22,-64],[49,22],[11,-27],[-41,-32],[-79,-25],[-25,-36],[35,-27],[45,33],[52,-29],[-1,-34],[42,-45],[39,-60],[-14,-17],[41,-38],[34,19],[48,-33],[83,-71],[81,-16],[92,8],[27,70],[42,8],[88,-36],[24,5],[52,85],[21,17],[52,-50],[36,-6],[86,50],[12,26],[-18,20],[-10,57],[34,124],[51,-2],[43,34],[-7,51],[13,13],[68,-3],[3,22],[-34,107],[48,45],[86,9],[73,1],[21,9],[134,5],[43,15],[-4,17],[38,24],[-33,43],[28,27],[67,-35],[37,22],[5,50],[29,77],[89,-15],[46,32],[7,25],[-44,7],[70,116],[18,53],[7,67],[-44,78],[-12,56],[0,60],[63,89],[50,28],[38,0],[32,31],[49,12],[22,46],[67,0],[25,37],[10,-50],[125,-2],[5,-14],[57,8],[22,-14],[165,-51],[37,-27],[26,9],[76,84],[54,37],[44,18],[196,48],[127,-16],[40,-43],[23,20],[-12,24],[39,29],[29,70],[44,29],[38,11],[114,3]],[[58712,117860],[86,-49],[-13,-50],[61,-22],[22,-52],[28,-18],[17,-35],[74,-24],[19,-19],[-2,-57],[11,-32],[100,-106],[38,-55],[-17,-133],[42,-32],[17,-46],[-37,-66],[3,-14],[75,-7],[67,-17],[18,-26],[-38,-16],[-63,20],[-12,-13],[59,-49],[22,-43],[-32,-15],[-67,9],[-72,-2],[-40,-23],[9,-65],[-15,-99],[-15,-53],[24,-72],[25,-116],[22,-22],[101,8],[388,-2],[156,10],[114,12],[110,-2],[209,16],[55,-48],[56,-31],[32,-28],[6,-26],[-44,-33],[-15,-68],[12,-83],[-50,-102],[-72,-96],[-20,-57],[5,-35],[24,-22],[23,-91],[17,-23],[67,-48],[-30,-81],[4,-28],[39,-52],[63,-68],[19,-65],[-15,-83],[-23,-74],[-28,-53],[11,-54],[42,-49],[83,-54],[30,-81],[26,-47],[34,-33],[11,-68],[29,-104],[-18,-42],[33,-47],[0,-52],[29,-110],[-4,-66],[20,-45],[-53,-54],[0,-57],[26,-86],[66,-51],[76,-30],[34,-62],[6,-61],[-18,-47],[-45,-59],[4,-46],[26,-71],[-8,-23],[58,-126],[-47,-95],[-16,-57],[-59,-153],[-36,-11],[-97,16],[-26,-65],[-4,-40],[-55,-87],[-34,-42],[-11,40],[-75,17],[-34,-19],[-13,-59],[7,-48],[-8,-78],[11,-68],[-3,-48],[-23,-106],[-40,-90],[-65,-57],[-6,-42],[152,-156],[50,-71],[50,-87],[22,-22],[94,-138],[24,-14],[13,-49],[21,-12],[183,9],[104,-28],[21,-62],[-44,-52],[-63,-28],[-32,-57],[8,-40],[39,-71],[5,-38],[66,-168],[114,-317],[94,-199],[21,-28],[41,-17],[76,9],[47,22],[50,4],[-24,-54],[8,-64],[73,-156],[23,-69],[37,-73],[49,-133],[26,-9],[42,73],[39,40],[71,38],[84,10],[31,-12],[48,-45],[31,-59],[-3,-41],[96,-81],[67,-21],[53,24],[57,-20],[33,-49],[31,-10],[43,15],[33,-7],[58,-37],[100,-34],[16,-12],[8,-48],[-17,-29],[-45,-18],[-114,-74],[-6,-42],[30,-76],[72,-50],[32,1],[112,69],[45,-5],[52,-38],[11,-46],[26,-37],[40,-29],[78,-23],[33,-34],[23,-63],[39,-79],[100,-103],[54,-6],[52,20],[71,-9],[26,16],[14,69],[38,5],[60,-60],[61,-4],[66,-61],[48,-33],[-72,-15],[-39,-24],[-55,-64],[-24,-11],[-104,-23],[-22,-19],[-30,-62],[-115,-73],[-91,-40],[-14,-24],[-26,-146],[-32,-12],[-334,-6],[-14,-27],[11,-149],[34,-144],[8,-11],[79,-20],[121,-45],[15,-44],[-14,-117],[16,-1],[3,-60],[27,-104],[-1,-74],[70,-35],[4,-49],[58,-45],[7,-53],[41,-48],[47,-95],[63,-83],[80,-49],[49,-10],[65,-33],[12,-27],[43,-42],[41,-16],[81,30],[42,-1],[19,28],[29,1],[5,-42],[-22,-60],[-25,-113],[-10,-75],[-14,-37],[-51,-195],[-49,-140],[-121,-427],[-67,-190],[-35,-112],[-16,-80],[-21,-56],[-102,-368],[-5,-51],[15,-30],[16,-88],[87,-124],[2,-88],[10,-7],[116,-21],[107,-39],[76,0],[93,18],[8,-29],[-30,-65],[6,-103],[49,-92],[90,-105],[41,-39],[26,-104],[51,-131],[8,-69],[26,-63],[-6,-111],[-22,-77],[5,-34],[46,-68],[35,-10],[42,-63],[6,-33],[36,-8],[34,-49],[29,-12],[157,-4],[33,-38],[62,31],[76,-15],[7,-24],[26,27],[53,-12],[22,12],[0,-53],[36,-36],[41,-3],[1,-18],[68,-17],[4,-24],[-33,-33],[49,-22],[-11,-22],[14,-34],[45,7],[4,-26],[93,6],[57,15]],[[53943,38611],[-322,-65],[-76,-59],[-18,-86],[88,-241],[136,-431],[91,-424],[17,-220],[-4,-207],[-16,-217],[-64,-269],[-19,-147],[-12,-136],[12,-170],[32,-180],[40,-144],[40,-166],[40,-254],[40,-335],[8,-221],[0,-563],[-16,-280],[-11,-295],[-28,-84],[-112,-19],[-442,-55],[-267,-8],[-418,33],[-581,80],[-355,118],[-259,132],[-323,317],[-395,283],[-219,139],[-303,147],[-195,88],[-164,89],[-155,102],[-60,74],[-137,151],[-75,-134],[-94,-150],[-181,-418],[-155,-305],[-255,-612],[-154,-274],[-162,-275],[-208,-237],[-337,-275],[-323,-188],[-229,-100],[-256,-88],[-242,-38],[-256,-12],[-304,124],[-250,155],[-162,118],[-83,68]],[[45790,32447],[4,58],[-98,170],[-185,171],[-122,125],[-135,121],[-105,100],[-480,382],[-427,394],[-349,398],[-180,440],[21,447],[99,339],[127,348],[240,396],[258,655],[-331,394],[-364,400],[-137,278],[-72,258],[-5,365],[63,273],[113,370],[134,579],[223,718],[373,904],[298,624],[122,537],[-7,411],[-102,371],[-391,596],[-599,750],[-120,312],[5,238],[320,291],[462,320],[477,273],[5,392],[-133,305],[-1,339],[212,429],[318,366],[393,565],[175,290],[57,204],[-51,573],[-96,497],[-203,658],[-304,550],[-271,530],[-148,794],[-115,758],[-91,387],[-48,183],[-82,221],[-55,168],[-103,245],[-103,322],[-40,154],[-68,188],[-71,117],[-252,312],[-187,238],[-210,202],[-87,65],[-86,107],[-66,115],[0,137],[-9,80],[24,129],[38,95],[27,31],[19,63],[100,144],[117,122],[135,72],[219,129],[8,30],[-37,87],[-60,101],[-65,123],[-17,81],[-38,86],[-2,69],[23,58],[-14,52],[17,47],[151,85],[74,64],[45,102],[8,48],[-14,65],[42,44],[40,-2],[129,-119],[105,-91],[36,-46],[92,-41],[50,-30],[73,-21],[72,6],[1,88],[-24,124],[-32,87],[-43,76],[-64,86],[-98,88],[-53,80],[-3,31],[34,18],[88,17],[88,-2],[98,21],[44,3],[73,19],[73,40],[55,47],[111,60],[251,14],[26,15],[13,45],[-6,101],[-19,79],[-25,32],[-54,4],[-113,-25],[-139,-3],[-58,29],[-21,24],[-68,142],[-4,39],[19,29],[70,71],[62,45],[35,-6],[100,-86],[39,3],[45,58],[46,102],[19,99],[-12,109],[-40,51],[-20,66],[5,30],[53,87],[46,52],[146,177],[36,57],[52,105],[-10,96],[-59,17],[12,51],[22,18],[76,98],[0,91],[-16,138],[151,4],[18,20],[93,12],[10,-36],[86,-43],[79,-74],[77,-23],[34,-22],[12,-50],[25,-45],[32,29],[-25,61],[40,0],[12,-36],[22,25],[42,0],[101,25],[7,43],[-5,60],[55,13],[54,31],[1,44],[33,-16],[-3,-37],[21,-55],[0,-53],[15,-34],[-18,-41],[62,-35],[10,-34],[-8,-86],[-47,-58],[34,-60],[2,-79],[18,-8],[43,19],[138,31],[36,-2],[42,54],[20,42],[-32,31],[-13,78],[-19,223],[-13,56],[17,32],[40,-5],[52,42],[82,37],[-22,35],[-4,43],[61,120],[43,162],[7,53],[23,53],[-14,6],[25,53],[7,58],[45,24],[-9,54],[-33,13],[32,20],[118,-50],[133,-64],[16,101],[13,123],[-39,31],[-1,19],[31,71],[2,31],[-35,13],[0,33],[32,26],[24,62],[62,13],[0,65],[170,3],[87,23],[57,28],[91,-11],[88,35],[149,40],[45,24],[99,74],[44,-16],[66,40],[22,35],[13,51],[-3,38],[18,54],[85,154],[-13,61],[29,50],[0,22],[28,101],[3,43],[19,26],[-4,31],[-69,36],[-42,42],[-19,34],[-48,152],[-47,-5],[-60,21],[-53,4],[-34,16],[-63,65],[-41,74],[-55,11],[-45,80],[-13,53],[-22,29],[-24,94],[6,36],[52,26],[38,39],[114,-8],[25,7],[47,48],[53,74],[30,19],[48,1],[52,-36],[33,-78],[38,-6],[24,55],[29,36],[82,41],[27,30],[16,40],[-10,57],[-51,31],[-95,-2],[-45,9],[-38,28],[-9,32],[56,36],[169,33],[227,54],[30,18],[40,89],[0,28],[-27,39],[-73,7],[-128,28],[-23,32],[14,34],[80,89],[53,30],[107,87],[113,74],[158,127],[34,38],[17,41],[3,53],[-47,29],[-83,-10],[-84,-55],[-87,-85],[-84,-41],[-43,18],[-13,43],[22,89],[25,43],[97,85],[58,41],[133,103],[55,49],[21,40],[60,148],[26,31],[124,74],[58,49],[24,62],[39,72],[31,77],[13,13],[-13,127],[47,44],[-55,8],[-4,35],[-36,9],[0,94],[21,28],[62,40]],[[49545,66800],[97,-74],[75,-35],[47,0],[21,16],[22,73],[27,45],[6,55],[19,78],[46,89],[67,54],[53,31],[130,48],[177,55],[72,-14],[90,-4],[46,-47],[-25,-68],[-151,-176],[-38,-58],[-3,-29],[73,-99],[29,-21],[199,15],[106,35],[89,54],[110,74]],[[28603,87563],[-112,9],[-49,-54],[16,-38],[-45,-48],[-7,-82],[-31,-133],[-19,-42],[-15,-98],[30,-56],[-5,-97],[-30,-90],[-2,-29],[34,-10],[-7,-175],[-43,-16],[-8,-53],[6,-77],[17,-68],[59,-120],[30,-72],[59,-104],[3,-26],[-17,-49],[-63,-116],[-20,-56],[-15,-84],[17,-21],[2,-38],[-27,-37],[-25,4],[-63,35],[-28,-4],[9,-49],[21,-1],[13,-37],[41,-10],[25,-67],[37,-56],[9,-123],[12,-113],[-48,-69],[-70,-50],[60,-73],[1,-64],[-23,-32],[-44,-9],[-1,-35],[32,-47],[26,-13],[6,-50],[-34,6],[-33,-35],[7,-32],[24,-11],[-4,-32],[-20,-9],[10,-65],[-39,-27],[-17,-109],[-31,-27],[-48,-17],[-238,-212],[-74,-52],[-38,-61],[-38,-6],[-19,-43],[-36,-39],[-27,-82],[-15,-74],[29,-85],[67,-7],[8,-14],[-36,-93],[-61,-46],[-80,-15],[-46,-113],[-28,-101],[-38,9],[-72,-53],[-27,-54],[26,-60],[37,-51],[-37,-73],[55,-29],[-16,-68],[-27,-24],[-75,32],[-65,45],[-6,33],[-45,20],[-126,-18],[-17,38],[-75,-8],[-57,45],[-56,-20],[-71,-5],[-19,-18],[-61,39],[-46,-11],[-64,4],[-28,-33],[-47,-29],[0,-15],[-66,-47],[13,-13],[-22,-32],[-13,-57],[-26,-26],[7,-51],[59,-60],[39,2],[102,120],[57,2],[36,-18],[88,-99],[63,-44],[44,-17],[47,-42],[-39,-43],[29,-24],[26,-49],[-2,-69],[-41,-80],[-33,26],[-1,-34],[-33,-29],[18,-4],[-76,-51],[-84,-3],[-22,-41],[-30,-6],[-11,-48],[-65,-46],[-40,4],[-9,-23],[25,-43],[3,-82],[19,-7],[-7,-44],[-31,-36],[16,-22],[-38,-38],[20,-39],[2,-49],[-28,-5],[-29,-74],[7,-44],[-15,-22],[39,-13],[10,-40],[-10,-26],[-5,-78],[12,-38],[-8,-49],[-19,-26],[2,-30],[47,-118],[5,-54],[-22,-110],[-23,-49],[-121,-145],[-45,-45],[-71,-47],[-5,-36],[34,-48],[-6,-58],[13,-23],[-2,-52],[-20,-26],[-53,-4],[-124,26],[-21,-35],[-16,-89],[9,-48],[41,-27],[12,-40],[-9,-108],[5,-39],[-85,-21],[-128,-63],[-92,-59],[-27,-30],[-23,-80],[30,-24],[33,5],[138,63],[97,68],[76,27],[65,10],[155,-9],[39,-11],[86,-51],[32,-32],[34,-72],[-6,-156],[-7,-26],[-43,-29],[-59,-19],[-67,28],[-97,57],[-54,-66],[36,-71],[-26,-43],[13,-34],[-22,-61],[-40,-23],[0,-15],[68,-94],[3,-42],[-31,-49],[-2,20],[-36,5],[-112,36],[-92,22],[-43,-29],[-34,31],[-101,73],[-67,17],[-98,2],[-72,-36],[4,-54],[41,-12],[59,8],[67,27],[56,-39],[21,-98],[1,-101],[-18,-26],[-53,-34],[-89,-14],[-172,22],[-90,1],[-46,50],[-14,48],[-40,43],[-23,8],[-139,-18],[-23,-13],[2,-41],[-32,-26],[-12,23],[-40,-27],[-23,5],[-17,-34],[-66,-56],[-9,32],[-62,-14],[-40,9],[-17,42],[-59,12],[-31,-14],[-7,-36],[-47,-3],[-5,-62],[-24,-40],[9,-52],[-50,-58],[18,-42],[-47,-25],[25,-46],[-20,-39],[2,-56],[29,-20],[-33,-21],[-63,-16],[-11,-47],[15,-19],[-57,8],[-60,-29],[-4,-20],[68,-23],[-21,-22],[-60,-36],[-33,50],[-63,8],[-15,-28],[-38,-11],[-50,-59],[-4,-31],[27,-18],[11,48],[33,1],[4,-30],[-33,-43],[3,-34],[-90,9],[-27,22],[-50,-49],[-48,-7],[-13,26],[40,11],[-4,63],[31,3],[-11,57],[32,10],[9,29],[-52,10],[-9,33],[-25,-23],[-56,-150],[-19,-72],[-21,-2],[-73,114],[-90,52],[-46,7],[-40,-11],[-77,6],[-82,92],[3,81],[-27,33],[-49,17],[-34,-24],[-22,-80],[-35,-10],[-52,-85],[-51,-43],[-33,17],[-28,-38],[0,-24],[-46,7],[-45,51],[-144,108],[0,14],[-80,77],[-55,-12],[33,-16],[-15,-27],[-124,2],[-12,-30],[-40,-16],[20,-26],[-44,-83],[-52,-9],[-26,-49],[-39,-12],[1,-56],[-60,-61],[-127,-37],[-51,5],[-33,35],[-13,124],[-25,13],[6,28],[-115,21],[-56,-8],[-38,5],[-50,-29],[-26,-58],[-46,-62],[-4,-52],[-25,-44],[-127,-131],[-27,-17],[-26,26],[135,180],[-10,40],[-63,37],[-95,-71],[-4,-17],[-61,-46],[-34,3],[-46,-12],[-102,-60]],[[21421,78119],[-12,21],[-98,52],[-3,16],[35,23],[-26,30],[-3,48],[-13,7],[12,49],[42,5],[24,86],[-4,51],[12,44],[-66,-69],[-43,46],[-24,-4],[-5,43],[-18,25],[-100,16],[1,71],[30,11],[12,45],[-22,45],[-97,43],[-23,37],[25,42],[-13,26],[48,57],[81,9],[99,51],[57,44],[40,55],[-6,49],[-20,31],[-38,-2],[-22,66],[-83,19],[-24,37],[40,98],[-9,16],[27,95],[23,0],[23,76],[22,3],[1,-40],[32,-3],[12,41],[24,30],[-22,32],[-15,54],[27,4],[45,50],[-30,21],[-5,26],[26,30],[8,52],[-15,15],[22,89],[18,20],[8,95],[17,9],[-28,50],[46,13],[-11,31],[17,16],[69,-12],[14,21],[46,-31],[-1,-27],[35,-1],[1,30],[27,4],[6,32],[38,-20],[-1,-24],[-42,-12],[23,-21],[27,-62],[28,8],[100,-27],[21,-25],[32,3],[3,-34],[42,2],[-31,-46],[-60,-27],[1,-35],[24,-1],[10,32],[38,-34],[52,3],[3,16],[-43,5],[-4,33],[55,14],[16,-40],[33,12],[-7,34],[-29,13],[-16,32],[59,79],[38,-2],[26,-23],[10,22],[45,-5],[4,-38],[-56,-13],[-14,-14],[95,-16],[-8,59],[25,14],[44,-9],[3,-41],[20,16],[56,11],[-32,38],[-42,10],[23,66],[-46,-7],[-64,14],[-25,35],[19,56],[35,0],[4,51],[-24,5],[10,41],[41,39],[-51,29],[5,27],[-24,41],[60,31],[5,20],[-61,-34],[32,89],[34,18],[-47,15],[-57,40],[18,37],[-42,9],[25,28],[-24,47],[28,24],[53,90],[38,46],[52,122],[130,30],[59,36],[-18,85],[44,5],[8,34],[-76,-4],[-48,-17],[-33,10],[32,22],[-15,36],[57,59],[-9,25],[28,2],[22,33],[-31,9],[3,65],[-14,17],[61,42],[-15,40],[-112,64],[-14,28],[-37,13],[-57,-2],[-53,-13],[-48,-53],[-15,-48],[-26,-11],[-77,-5],[-19,11],[-16,43],[42,83],[57,39],[24,29],[-26,62],[-8,-63],[-90,-75],[-67,-29],[-86,-29],[-54,-8],[-112,-35],[-50,-33],[-15,-60],[-6,-71],[-32,-56],[12,-18],[-11,-40],[11,-20],[71,-35],[45,-44],[55,-91],[-1,-43],[-61,-13],[-49,4],[-95,45],[-29,33],[-53,95],[-39,57],[-44,48],[-70,-3],[-47,-37],[-24,-56],[12,-43],[39,-43],[69,-56],[13,-35],[-5,-42],[-53,-14],[-113,12],[-86,34],[-68,35],[-60,40],[-67,-9],[-17,-51],[-29,-7],[-28,-33],[-10,16],[15,37],[-59,-34],[56,72],[29,17],[-61,109],[-88,95],[6,13],[-127,88],[-75,70],[-37,-41],[-36,37],[21,50],[25,17],[-6,109],[-12,52],[-36,53],[-80,92],[-54,77],[-25,14],[-64,-19],[-74,-12],[-41,-34],[-27,-43],[-27,-13],[-43,4],[-42,24],[-74,104],[-109,108],[-73,-4],[-99,-42],[-26,6],[-92,49],[-11,37],[0,64],[35,99],[-14,36],[-22,2],[-47,-41],[-30,-10],[-32,22],[10,166],[-19,19],[-79,9],[-26,-11],[-48,-51],[-32,3],[-6,23],[46,63],[-5,161],[-55,51],[-23,47],[-54,27],[-63,67],[-118,79],[-70,3],[-97,-26],[-29,-20],[-31,2],[-198,74],[14,69],[-19,42],[-79,49],[-66,28],[-18,20],[-12,88],[43,85],[-4,22],[-69,125],[-2,55],[-44,101],[-9,88],[-28,66],[-32,33],[7,38],[62,57],[-27,38],[-118,81],[3,22],[-29,33],[-23,52],[-140,-28],[-5,19],[17,72],[-13,63],[-23,45],[88,48],[37,46],[26,67],[4,109],[61,39],[-34,8],[-71,-9],[-38,13],[-22,58],[-16,-24],[-35,-7]],[[17868,84806],[-55,62],[-23,47],[34,72],[70,-19],[-3,27],[25,31],[118,9],[37,34],[33,6],[11,53],[59,24],[-18,36],[-40,-16],[-79,20],[-26,26],[-2,49],[33,95],[53,-14],[15,25],[-45,8],[0,31],[68,22],[33,32],[2,40],[40,-4],[-25,62],[-13,58],[-27,-3],[-8,-30],[-54,-6],[29,85],[-20,22],[37,0],[37,48],[57,1],[-17,28],[27,6],[61,79],[-19,52],[7,52],[87,-17],[87,-3],[78,-35],[119,-70],[47,-17],[24,4],[50,56],[25,40],[34,-10],[45,-50],[52,3],[24,-10],[24,23],[102,-24],[12,7],[47,87],[21,14],[12,113],[19,56],[61,67],[33,-3],[90,-88],[72,-35],[15,18],[-27,29],[-17,53],[91,-19],[-12,48],[24,28],[-6,75],[13,60],[61,20],[99,42],[55,-23],[61,7],[47,31],[52,7],[36,51],[116,37],[84,66],[82,55],[31,5],[114,64],[102,71],[115,102],[67,-29],[23,14],[55,79],[18,40],[66,68],[63,47],[-9,62],[92,64],[50,13],[77,-2],[57,-24],[49,-7],[121,14],[155,4],[64,14],[66,27],[110,16],[28,50],[17,70],[43,58],[39,-9],[22,14],[64,81],[-23,42],[47,24],[-10,31],[6,48],[83,93],[1,12],[-58,13],[-3,32],[23,10],[5,58],[-55,7],[-2,21],[-55,-12],[-28,34],[19,77],[4,117],[-16,18],[6,76],[27,71],[2,43],[24,54],[73,-12],[24,54],[42,20],[17,78],[-8,119],[-14,19],[-16,126],[28,82],[25,26],[-2,69],[11,59],[24,71],[-10,93],[47,18],[41,92],[38,45],[74,-19],[12,-70],[34,-7],[16,-26],[70,1],[26,28],[44,5],[119,46],[210,44],[10,-27],[58,-48],[63,38],[32,41],[0,55],[12,31],[-9,40],[32,81],[-11,52],[27,122],[23,42],[38,111],[12,50],[69,117],[25,71],[86,129],[32,60],[25,70],[-7,100],[24,42],[39,41],[50,24],[158,40],[61,30],[63,120],[7,58],[-4,59],[24,48],[61,48],[83,40],[92,-5],[112,-29]],[[24127,91036],[15,-49],[82,-66],[28,4],[57,46],[105,60],[88,37],[78,11],[103,-8],[91,-19],[106,-43],[144,-77],[98,-25],[82,4],[50,36],[40,74],[128,153],[41,27],[55,-26],[56,-86],[22,-66],[11,-74],[12,-27],[175,-61],[83,-52],[30,-38],[53,-99],[1,-67],[-45,-73],[-51,-58],[-38,-60],[-25,-208],[-60,-174],[-118,-226],[-16,-82],[21,-32],[65,-19],[82,9],[124,34],[95,42],[34,23],[84,76],[37,50],[71,116],[31,26],[75,-5],[100,-48],[1,41],[-31,56],[9,17],[-31,79],[-6,47],[71,-31],[136,-46],[67,-49],[24,52],[54,88],[69,93],[40,36],[70,13],[102,1],[82,7],[86,-27],[70,-70],[109,-85],[28,-33],[28,-59],[20,-105],[-2,-65],[19,-72],[41,14],[4,-71],[55,1],[87,-18],[36,10],[53,-31],[11,-50],[32,-22],[39,6],[14,26],[83,-4],[83,-15],[131,-66],[66,-20],[20,89],[25,56],[31,22],[38,-10],[20,-66],[-5,-110],[-37,-101],[-110,-167],[-30,-60],[-67,-164],[-37,-78],[-76,-103],[-24,-23],[-41,-75],[3,-62],[64,-40],[95,3],[89,20],[63,-6],[39,-20],[84,-103],[35,-55],[36,-81],[18,-56],[16,-121],[-7,-77],[-36,-94],[-46,-81],[6,-60],[36,-86],[127,-213],[51,-92],[46,-67]],[[35471,78077],[20,2],[14,44],[72,4],[84,-23],[52,-81],[169,-37],[32,-18],[24,16],[18,-44],[34,-13],[-2,-24],[29,-16],[-54,-23],[-69,-55],[6,-32],[-19,-19],[-3,-37],[20,-43],[1,-65],[96,-36],[21,-21],[75,-20],[23,-67],[75,22],[-19,-48],[6,-64],[-10,-81],[-16,-41],[29,-11],[43,-39],[22,1],[27,-58],[39,-16],[20,-42],[82,-32],[56,-10],[-4,-45],[54,-22],[46,1],[35,-16],[21,21],[23,-15],[53,-6],[14,-64],[-15,-20],[52,-60],[9,34],[29,-1],[-13,-57],[44,-7],[13,-16],[-42,-24],[27,-27],[34,5],[-1,-108],[61,-8],[28,14],[17,102],[67,52],[46,17],[39,-4],[72,-74],[24,-63],[9,-51],[83,-80],[14,-43],[26,-189],[-37,-108],[-6,-60],[36,-32],[71,-5],[142,70],[87,64],[60,24],[33,-16],[46,-131],[60,-96],[39,-52],[27,-85],[7,-67],[-8,-107],[5,-40],[18,-16],[53,5],[105,87],[78,38],[82,55],[28,38],[14,49],[30,42],[40,10],[109,11],[17,15],[37,142],[32,42],[50,-4],[127,-57],[-14,-114],[-12,-29],[24,-6],[0,-31],[23,-34],[-13,-119],[14,-7],[126,27],[36,-8],[0,-18],[-59,5],[-2,-47],[120,-6],[31,15],[59,-73],[39,-2],[2,-34],[31,25],[24,-38],[91,2],[6,-20],[35,5],[47,-30],[-1,-47],[24,-9],[73,1],[39,-80],[16,4],[9,-36],[81,-35],[44,-33],[53,12],[44,-47],[55,1],[-17,-69],[10,-32],[33,-10],[98,0],[32,20],[11,-42],[35,14],[23,-23],[17,15],[10,-26],[38,-35],[36,17],[16,-61],[65,-36],[-14,-28],[29,-12],[-13,-86],[48,-1]],[[40217,74911],[-3,-28],[-55,-24],[-53,-114],[-13,-83],[14,-56],[46,-13],[24,-50],[8,-87],[21,-20],[-4,-95],[8,-19],[122,-29],[32,-42],[-46,-12],[-2,29],[-22,-22],[-30,2],[-15,-48],[18,-3],[-11,-37],[-27,-16],[-74,-9],[-20,15],[-3,-32],[-26,0],[-12,43],[-58,5],[12,-51],[-30,15],[-48,-30],[34,-27],[5,-36],[-44,-65],[12,-39],[23,13],[-12,28],[32,11],[16,-17],[49,-2],[-9,-43],[44,-55],[7,-51],[-23,-51],[23,-38],[-41,24],[-32,-8],[35,-95],[25,-104],[6,-86],[-18,-12],[4,-34],[27,-7],[-9,-55],[-36,-69],[3,-40],[-30,-4],[16,-44],[-5,-63],[-17,-33],[14,-83],[55,-60],[-7,-82],[-20,-35],[45,-17],[-25,-52],[-28,18],[-56,-101],[-2,-85],[-86,-6],[-19,-72],[2,-35],[33,1],[-3,-25],[53,-14],[-4,-41],[-47,-7],[4,-21],[-93,32],[-36,-23],[-30,-61],[5,-35],[28,-5],[-18,-35],[29,0],[40,33],[-13,-30],[19,-59],[28,-8],[-25,-76],[-84,7],[-28,17],[-38,-5],[-10,-63],[28,-26],[-34,-67],[0,-37],[52,-41],[176,-84],[82,-28],[-43,-157],[6,-34],[-177,-13],[-34,37],[-87,24],[-10,-32],[-39,16],[-85,-77],[-4,22],[-33,-2],[-1,22],[-43,16],[-35,-34],[-20,7],[-1,71],[-39,-10],[-1,-27],[-27,4],[-9,33],[-40,-1],[-5,21],[-29,-3],[-7,31],[-39,3],[-20,-37],[58,-7],[27,-25],[-73,-24],[-7,32],[-45,-15],[-4,-21],[-43,-25],[-65,-17],[-11,-26],[-70,12],[-22,-49],[-40,7],[-42,-23],[-89,-17],[29,-26],[127,-139],[29,-49],[56,-143],[23,-74],[30,-74],[-51,-43],[-8,-43],[24,-46],[65,-72],[39,-73],[8,-51],[2,-89],[-21,-58],[-23,-120],[-39,-107],[-67,-140],[-21,-74],[14,-9],[24,51],[134,-86],[42,6],[110,-30],[29,23],[72,0],[122,26],[96,-18],[64,-20],[13,-14],[87,-27],[7,32],[57,-12],[41,13],[58,-3],[2,38],[19,29],[7,82],[46,12],[45,36],[34,43],[41,4],[3,44],[56,31],[45,66],[-8,94],[38,7],[11,51],[72,126],[103,4],[22,37],[36,6],[0,34],[18,5],[7,64],[36,39],[30,57],[54,10],[15,-44],[-22,-163],[-13,-55],[8,-89],[-30,-26],[42,-51],[13,-139],[-3,-123],[10,-100],[-48,-70],[-10,-53],[-26,-31],[1,-59],[-12,-20],[19,-26],[2,-36],[-33,-3],[13,-72],[70,-75],[126,-38],[39,-3],[13,-22],[42,27],[38,9],[54,-15],[36,-41],[-26,-33],[-41,-2],[-12,21],[-26,-17],[-26,13],[-84,-12],[-24,-19],[-28,5],[-2,22],[-42,-7],[-3,-44],[40,-12],[5,-43],[-35,-62],[-4,-94],[-13,-39],[6,-35],[41,-17],[8,-29],[45,-14],[8,-44],[20,-38],[43,2],[32,48],[47,19],[30,-6],[29,32],[23,-1],[-22,-108],[13,-76],[27,-73],[24,-19],[6,-48],[64,-41],[64,-92],[11,-38],[86,-34],[-2,-27],[47,-12],[21,12],[43,-17],[54,16],[95,14],[53,51],[35,4],[125,-17],[83,-2],[15,16],[52,-5],[15,50],[50,-2],[6,24],[50,-13],[32,-31],[36,-11],[0,-16],[37,-7],[0,-28],[86,-29],[75,-10],[16,-46],[63,-33],[60,-73],[18,-72],[-15,-55],[34,-59],[24,-64],[23,-118],[71,-3],[78,-16],[69,-29],[18,11],[110,0],[23,-29],[-6,-53],[-71,-5],[10,-51],[219,4],[43,-16],[9,-22],[-41,-127],[8,-14],[75,8],[7,-26],[-11,-139],[30,-14],[34,79],[52,-29],[8,-34],[32,-60],[27,-176],[2,-59],[26,-61],[49,-12],[78,-56],[51,-2],[32,-27],[0,-45],[19,-36],[34,-18],[78,-2],[49,14],[141,79],[19,24],[9,52],[38,31],[18,-21],[18,17]],[[43997,67223],[19,-17],[42,-107],[25,-132],[-2,-122],[-13,-22],[-63,-26],[-63,-62],[-13,-24],[-21,-100],[-61,-46],[-109,-96],[-71,-92],[-61,-22],[-45,-56],[-120,-76],[-45,-6],[-74,-36],[-63,-16],[-66,-4],[-39,10],[-134,-59],[-76,-44],[-50,-98],[13,-97],[-6,-64],[-39,-66],[-67,-64],[-57,-18],[-41,8],[-159,103],[-122,87],[-264,201],[-170,149],[-85,87],[-57,80],[-18,48],[15,80],[6,91],[-22,116],[-35,104],[-108,270],[-125,191],[-96,118],[-120,95],[-20,38],[-41,114],[-67,261],[-69,65],[-100,32],[-87,-7],[-133,-61],[-114,-22],[-105,1],[-47,-36],[-23,-75],[-26,-31],[-54,-28],[-46,-120],[-97,-38],[-2,-58],[19,-69],[-5,-38],[6,-132],[-18,-87],[22,-78],[-26,-116],[-6,-85],[-32,-81],[31,-133],[-57,-204],[-91,-25],[-25,-17],[-101,-37],[-65,-9],[-191,-54],[-56,-37],[-31,-46],[-76,-45],[-23,-107],[-87,-55],[-112,-5],[-48,8],[-3,-85],[-46,-22],[10,-61],[59,-43],[9,-46],[-113,-25],[-201,-7],[-64,6],[-89,20],[-73,32],[-87,5],[-103,-11],[-49,-11],[-12,-24],[-58,-29],[-49,-92],[14,-83],[-4,-30],[-45,-26],[-158,-26],[-116,2],[-225,-20],[-132,-17],[13,-27],[-23,-78],[15,-44],[-4,-75],[-23,-68],[155,-44],[36,-85],[41,-61],[-1,-48],[47,-36],[49,-136],[22,-27],[6,-43],[-42,-60],[1,-49],[70,-61],[43,-59],[6,-86],[61,-66],[-9,-43],[-47,-98],[-64,-22],[-95,6],[-88,32],[-50,-153],[30,-6],[10,-67],[47,-51],[22,-39],[98,27],[54,-11],[70,-28],[8,-31],[30,-3],[5,-94],[-5,-58],[8,-73],[-16,-25],[-32,-9],[-32,25],[-41,-10],[-56,2],[-32,-16],[-7,-39],[58,-111],[-2,-26],[-41,-84],[-5,-173],[37,-44],[-6,-25],[-49,-89],[-72,-63],[-31,-13],[-69,8],[-23,-14],[-167,-22],[-127,-29],[-141,-47],[-70,3],[-63,47],[4,37],[67,40],[39,38],[23,52],[49,75],[6,27],[-49,23],[-27,-2],[-175,11],[-142,17],[-194,47],[-105,10],[-94,25],[-78,2],[-74,-9],[-19,22],[-17,68],[18,37],[110,5],[67,-11],[90,30],[74,86],[49,34],[6,29],[-21,8],[-73,-3],[-122,18],[-109,-10],[-56,12],[-31,18],[-31,59],[-9,47],[-25,42],[-64,46],[-82,20],[0,-61],[-12,-28],[-18,-149],[-20,-117],[-12,-25],[-32,1],[-179,101],[-66,56],[-35,-6],[-31,-65],[-100,12],[-60,28],[-41,2],[5,-39],[-21,-3],[14,-39],[-12,-32],[26,-108],[18,-17],[-7,-46],[-22,-13],[-56,7],[-95,54],[-100,8],[1,51],[-27,61],[-63,3],[-27,-61],[-84,-10],[-9,-46],[-17,-6],[-21,-84],[-31,-18],[-13,-73],[-33,-84]],[[35133,63064],[-105,-30],[-75,0],[-2,27],[-115,-49],[-5,-40],[-104,-35],[66,-68],[6,-27],[-26,-56],[-47,-14],[-43,26],[-20,-18],[-58,-7],[-7,-35],[-26,-1],[3,-35],[-95,-15],[-38,22],[-9,22],[-33,-1],[-17,-69],[-29,-17],[-60,25],[-23,-28],[-41,12],[-62,-80],[-34,-20],[-56,37],[-47,0],[-17,-32],[-40,2],[-7,-30],[-34,-58],[-46,-37],[-5,-34],[-24,-8],[-18,26],[-27,-3],[-48,-30],[-70,0],[-12,26],[-81,10],[-7,-25],[-29,7],[-6,25],[-48,11],[-21,68],[-189,-6],[4,-34],[-21,-80],[-57,13],[-55,-1],[-20,106],[-24,50],[-51,51],[-43,6],[-66,-36],[-48,-54],[-17,-39],[-30,-125],[-69,-196],[-30,-43],[-48,-43],[-66,-42],[-69,-32],[-179,-70],[-60,-10],[-41,3],[-45,20],[-35,31],[-41,81],[-15,124],[20,46],[89,31],[98,8],[87,18],[77,35],[72,69],[37,77],[19,90],[3,185],[-23,74],[-29,51],[-40,47],[-74,64],[-93,56],[-107,39],[-24,1],[-15,-29],[5,-116],[32,-105],[-6,-20],[-53,-17],[-91,1],[-74,18],[-101,56],[-83,65],[-37,38],[-46,66],[-59,110],[-106,181],[-30,76],[-10,78],[5,66],[26,96],[31,80],[45,86],[28,69],[53,179],[-4,43],[-24,39],[-142,134],[-103,74],[-157,82],[-49,36],[-51,56],[-21,40],[-9,53],[23,84],[137,203],[111,77],[37,-13],[162,-157],[149,-111],[58,-36],[64,-18],[95,-7],[77,14],[1,51],[-63,217],[-29,79],[-116,204],[-46,70],[-62,136],[-5,39],[-71,143],[-59,80],[-39,15],[-112,8],[-62,13],[-88,38],[-59,50],[-61,70],[-34,63],[11,54],[20,15],[90,36],[47,37],[3,49],[-44,17],[-70,4],[-69,-23],[-92,-75],[-43,-26],[-101,-40],[-37,-21],[1,-35],[191,-85],[36,-33],[13,-52],[-23,-122],[-20,-28],[-69,-51],[-57,-19],[-132,9],[-72,23],[-279,166],[-53,39],[-42,51],[-69,120],[-7,32],[-51,-12],[-113,-42],[-40,-51],[-13,-100],[-30,-7],[-53,13],[-42,34],[-34,-23],[-27,18],[-42,-27],[-70,18],[-1,13],[-46,15],[-4,44],[-44,2],[-23,-57],[-65,-14],[-41,8],[-19,-56],[-30,-35],[-81,5],[-17,41],[-28,10],[-13,28],[-43,30],[20,42],[-23,9],[1,53],[35,61],[2,58],[-59,19],[-37,-47],[-17,10],[-31,-69],[20,-37],[-32,-74],[-31,2],[-47,-102],[-16,-50],[-25,-22],[-84,41],[-97,76],[-127,74],[-86,57],[-90,84],[-100,121],[-37,20],[-82,16],[-130,-17],[-69,-14],[-188,14],[-127,-45],[-57,-6],[-63,45],[1,-47],[30,-18],[-12,-18],[-33,17],[-14,-32],[-28,9],[1,-42],[-19,-65],[-26,-22],[70,14],[8,-18],[-29,-9],[1,-21],[36,6],[24,-15],[-24,-31],[39,-32],[25,-62],[31,12],[7,-28],[-30,-9],[2,-50],[-17,-67],[42,-40],[28,-81],[-8,-37],[14,-82],[-26,-38],[-216,94],[-59,50],[-173,13],[-17,-19],[1,-137],[-28,-2],[-51,75],[-97,58],[-41,-48],[-38,17],[-53,-8],[-8,-27],[-42,2],[-21,-30],[18,-12],[-49,-92],[-26,13],[-81,-10],[-13,-33],[-33,34],[31,82],[-126,22],[-18,89],[-54,43],[-2,-26],[-48,-6],[-2,-48],[-23,19],[-50,-3],[-19,-34],[45,-11],[-11,-49],[-37,19],[-8,-19],[29,-13],[-5,-21],[-41,12],[32,-29],[-28,-14],[37,-16],[-10,-16],[-36,6],[5,-57],[-46,24],[-42,36],[4,37],[-52,8],[-24,-91],[-53,-7],[21,88],[-71,-26],[-46,16],[-26,36],[-24,-4],[-3,-28],[-40,4],[-1,62],[51,20],[27,-6],[-39,51],[-41,1],[-27,-21],[-31,-63],[-21,8],[-18,-59],[-24,10],[-4,-44],[-38,-20],[-62,0],[-6,-14],[-48,19],[-21,-15],[-24,113],[-44,16],[4,17],[60,23],[5,26],[42,48],[-17,68],[-130,-44],[-2,-25],[-50,-10],[-17,-63],[-49,4],[-51,-12],[-48,2]],[[25537,65383],[-28,54],[-135,69],[-128,46],[-152,35],[-46,30],[-51,52],[-56,98],[-6,43],[40,29],[87,42],[36,67],[-2,107],[11,117],[37,127],[-28,43],[-36,-16],[-47,8],[-146,9],[-119,23],[-58,0],[-14,-11],[-35,-78],[-50,-58],[-54,-10],[-85,76],[-41,12],[-82,-45],[-84,-91],[-71,-101],[-45,7],[-28,123],[-53,148],[-25,110],[-7,72],[25,170],[18,68],[28,66],[25,30],[42,23],[198,82],[71,49],[36,45],[-9,25],[-92,66],[-39,58],[-27,67],[-26,130],[3,95],[30,144],[-92,77],[-93,31],[-65,7],[-103,-5],[-38,17],[-59,45],[-64,68],[-35,57],[12,53],[36,-1],[51,-34],[85,-41],[67,-22],[111,-20],[103,-8],[171,-3],[45,-10],[175,-80],[58,7],[32,24],[31,47],[16,62],[-11,34],[-52,24],[-103,4],[-30,21],[-10,102],[-27,82],[41,75],[37,41],[50,25],[15,72],[13,-28],[38,1],[-9,33],[43,-7],[-10,32],[23,52],[3,54],[-26,36],[35,68],[20,56],[31,28],[17,36],[-9,69],[-36,11],[-41,-7],[-86,42],[-80,66],[1,49],[-24,22],[16,94],[-13,13],[21,105],[-22,30],[-4,37],[19,49],[3,62],[-27,14],[-18,116],[-55,35],[-78,27],[-42,94],[-15,12],[22,47],[-70,49],[-58,26],[5,25],[-61,8],[-1,16],[115,-9],[0,25],[-43,35],[32,24],[32,-3],[16,101],[-12,36],[9,22],[54,12],[52,-11],[8,23],[36,-1],[-35,61],[67,-9],[50,37],[-26,79],[-3,82],[-44,0],[3,41],[-68,5],[8,21],[-28,5],[8,45],[-33,6],[6,26],[53,-11],[35,18],[11,27],[19,-11],[75,17],[10,39],[42,14],[43,-36],[19,3],[12,52],[62,-27],[51,18],[-19,34],[-21,110],[33,24],[190,-77],[40,-8],[43,14],[61,73],[88,38],[54,10],[17,50],[23,27],[9,54],[33,46],[19,0],[60,79],[-9,52],[13,34],[56,25],[68,57],[1,59],[152,3],[30,-22],[31,14],[29,45],[-4,54],[36,59],[-35,64],[43,116],[67,52],[11,37],[62,-8],[86,-29],[68,-3],[8,34],[-16,8],[4,58],[28,-34],[23,46],[-12,52],[9,151],[-9,35],[-46,69],[19,33],[-39,37],[-39,-12],[-10,14],[11,71],[88,-23],[3,-16],[56,-5],[18,11],[-4,58],[-36,40],[8,49],[26,32],[5,39],[30,24],[5,38],[70,17],[21,29],[-11,15],[18,57],[19,12],[110,-10],[21,9],[4,33],[19,3],[34,68],[111,19],[17,29],[129,-6],[60,37],[6,35],[27,42],[-15,9],[2,74],[41,37],[64,24],[8,53],[46,-8],[79,22],[159,-24],[65,0],[23,-30],[-17,-28],[26,-25],[18,-68],[-28,-21],[19,-33],[0,-78],[8,-15],[37,8],[6,37],[29,-23],[36,-2],[-35,35],[1,52],[14,34],[-33,8],[47,68],[-7,32],[46,31],[-28,44],[63,41],[0,34],[42,77],[33,16],[-23,27],[26,54],[20,7],[31,-18],[21,49],[-25,89],[-31,36],[-57,21],[-77,5],[-23,32],[-7,35],[45,72],[44,32],[40,9],[97,-16],[64,-57],[64,-18],[86,30],[-25,39],[-36,18],[-125,28],[-58,29],[-36,29],[-19,72],[-68,10],[-12,-14],[-38,-133],[-31,-10],[-7,33],[32,112],[5,39],[-46,34],[-79,17],[-63,-19],[-1,-37],[26,-60],[99,-126],[-20,-23],[-72,89],[-54,86],[-38,40],[-39,0],[-13,-31],[-50,-27],[-15,-32],[-50,-12],[-55,-51],[-11,-63],[-64,-11],[-58,-22],[-8,-16],[-72,-23],[-29,-25],[-77,-25],[-28,15],[-71,-45],[-75,-74],[-145,-11],[-75,29],[-133,62],[-134,80],[3,55],[-27,20],[27,24],[-28,22],[-40,4],[-18,26],[-33,-14],[-17,-37],[-44,0],[-6,68],[-34,14],[-143,13],[7,-16],[56,-4],[66,-32],[0,-38],[-99,-98],[-14,15],[-34,-22],[-44,36],[-20,39],[41,69],[11,76],[21,63],[-40,34],[-5,131],[-17,34],[-33,16],[-30,51],[-9,55],[-29,20],[-54,10],[-70,38],[-19,0],[-52,-34],[-34,-42],[-32,-15],[-42,-2],[-33,-36],[-47,34],[-65,-18],[1,-20],[-34,-5],[-27,22]],[[25090,74195],[6,72],[-24,5],[8,101],[21,0],[-13,37],[23,77],[-26,40],[-31,73],[48,16],[0,28],[41,-17],[58,1],[3,28],[64,3],[65,-19],[44,11],[32,-21],[70,2],[41,28],[51,-5],[5,36],[40,6],[-1,29],[56,-8],[36,9],[-1,28],[-41,14],[-14,54],[-38,12],[-25,28],[-17,-15],[-57,43],[-27,-32],[-25,20],[-8,31],[50,45],[-26,30],[8,51],[75,-3],[-2,-41],[19,2],[18,34],[31,0],[3,91],[25,-27],[15,27],[12,-27],[23,26],[27,-40],[16,45],[9,66],[30,28],[13,74],[-33,34],[-75,2],[-27,35],[-4,35],[-40,-1],[-28,39],[-24,-39],[-66,37],[-14,43],[-80,9],[-61,-66],[-37,-4],[-20,50],[8,69],[142,-1],[72,21],[79,1],[83,-36],[155,-12],[54,-63],[85,32],[28,31],[32,-11],[14,29],[37,-21],[5,32],[60,-3],[61,40],[25,41],[19,4],[-4,38],[206,-92],[130,-25],[60,21],[8,-12],[116,13],[0,-80],[39,25],[11,-39],[71,6],[-23,-56],[100,-38],[33,-37],[66,-4],[46,18],[10,28],[60,35],[1,34],[37,1],[-10,25],[29,10],[7,23],[52,21],[59,-4],[65,18],[39,37],[21,-28],[50,12],[43,-6],[18,29],[6,-44],[32,9],[3,40],[41,-8],[65,-46],[50,32],[88,90],[30,49],[-30,26],[-32,77],[-33,17],[10,33],[-20,75],[-38,1],[-65,32],[-26,-21],[-54,7],[16,-15],[6,-47],[-36,5],[-9,18],[-28,-15],[-4,31],[56,67],[-17,33],[-23,-14],[-31,23],[-89,-10],[-16,-29],[-16,45],[-36,-9],[-23,33],[-70,-2],[-34,34],[-2,32],[-50,4],[-10,-33],[-45,-38],[18,57],[-31,21],[1,27],[22,6],[-5,24],[-40,17],[-48,-19],[-20,26],[8,24],[105,59],[48,48],[7,96],[-24,66],[-36,24],[26,65],[-24,19],[5,25],[-14,66],[-65,32],[-17,30],[0,59],[-25,15],[-2,59],[37,32],[18,31],[61,-3],[16,24],[104,85],[127,76],[-11,21],[39,32],[52,19],[63,55],[-24,24],[37,28],[64,-4],[30,-17],[87,-9],[65,1],[59,9],[175,-6],[87,7],[22,22],[113,-3],[22,-14],[-5,-25],[57,-14],[-4,-38],[38,-12],[40,10],[2,39],[106,38],[88,13],[65,64],[61,20],[167,36],[119,37],[66,29],[34,56],[-7,42],[-22,10],[-128,-2],[-67,27],[-45,56],[-31,81],[-38,58],[-71,29],[-111,-12],[-28,9],[-52,58],[-34,64],[31,47],[79,39],[116,5],[50,32],[8,28],[77,-47],[7,24],[-30,26],[45,17],[127,26],[59,-18],[48,-27],[-7,-17],[19,-41],[47,-14],[8,31],[87,-12],[77,5],[18,-32],[-28,-88],[-16,-26],[11,-33],[-54,-60],[25,-45],[-9,-44],[93,-14],[9,17],[55,-20],[45,8],[8,-27],[49,-13],[35,9],[9,-20],[52,-14],[30,49],[28,-5],[-19,-37],[36,-14],[2,52],[37,24],[18,-19],[7,26],[19,-28],[60,1],[-2,33],[69,17],[40,-11],[43,43],[13,33],[57,-80],[-14,-46],[11,-19],[-35,-27],[13,-18],[43,-4],[28,14],[9,-23],[-16,-35],[45,4],[15,-40],[-51,-17],[-23,-32],[1,-72],[-19,2],[-25,-81],[-59,-4],[-63,-27],[-58,38],[-41,-3],[-23,-64],[-54,3],[-10,-16],[-56,-14],[18,-45],[-34,-21],[-20,-71],[-39,-17],[-17,-35],[34,-63],[139,-81],[116,-50],[-16,-69],[24,-21],[7,-53],[32,-121],[45,-195],[4,-67],[-130,-53],[-99,-58],[-55,-40],[-131,-122],[-40,-46],[-117,-106],[41,-59],[60,-56],[227,267],[102,77],[244,114],[160,46],[52,-5],[45,11],[106,-10],[79,-28],[159,-85],[74,-51],[133,-104],[79,-71],[42,-58],[97,28],[-18,80],[37,-5],[68,-145],[13,-81],[-8,-66],[-25,-60],[40,-44],[73,-40],[0,-13],[44,-19],[2,-27],[44,9],[46,-36],[76,-34],[117,-23],[34,-23],[59,-3],[51,-29],[5,-27],[38,-7],[14,40],[38,32],[3,37],[19,13],[90,-17],[48,-35],[77,-16],[40,-25],[43,-10],[53,1],[10,12],[19,92],[13,121],[-1,77],[16,14],[72,-3],[32,-34],[48,-15],[120,-14],[28,11],[18,-52],[27,-19],[58,1],[76,29],[151,16],[-21,106],[45,84],[71,-10],[120,-2],[152,5],[155,-3],[191,8],[168,18],[53,72],[27,117],[52,66],[53,26],[21,53],[-17,135],[-42,22],[-27,45],[20,60],[10,63],[-2,74],[23,63],[33,-8],[-25,49],[25,14],[16,100],[26,34],[88,-142],[31,-60],[38,0],[28,25],[28,4],[4,23],[31,-1],[11,25],[22,-17],[48,16],[34,36],[18,41],[34,2],[34,32],[75,-21],[-15,58],[60,-31],[33,10],[-7,-32],[42,-20],[6,-31],[53,-12],[24,34],[50,1],[27,40],[36,22],[30,-26],[32,64],[68,-9],[5,22],[58,-9],[12,33],[5,71],[37,70],[-70,67],[-63,79],[-98,13],[-33,17],[-18,59],[-28,17],[-3,28],[-31,39],[96,8],[48,11],[23,-58],[128,-17],[27,36],[33,-10],[162,3],[29,33],[-58,-2],[-24,14],[20,26],[8,52],[38,15],[-36,33],[-4,35],[-20,2],[-29,47],[16,3],[-7,63],[16,47],[-35,10],[7,41],[-16,37],[111,28],[60,-1],[-16,14],[30,108],[30,-3],[4,19],[31,1],[3,49],[14,13],[-4,40]],[[38518,86449],[2,-131],[124,9],[94,18],[77,-23],[3,-33],[-24,-21],[-26,-64],[-31,-10],[-11,-67],[-40,-16],[-2,-50],[-54,-17],[-84,-141],[-9,-63],[-26,-26],[-68,29],[-34,-4],[-36,-39],[-4,-56],[-21,-16],[-23,-49],[-30,-4],[-31,-64],[-36,21],[-23,-6],[-9,-80],[42,12],[21,-11],[0,-47],[21,-30],[-12,-31],[-30,-7],[-11,-32],[1,-110],[-17,-77],[-33,-57],[-15,-70],[-9,-98],[-33,-6],[-17,-25],[-72,-6],[-15,-21],[-27,-119],[-14,-89],[5,-54],[-19,-33],[5,-71],[-5,-87],[-56,-27],[-10,-20],[-9,-92],[-10,-32],[-31,-35],[-35,-68],[9,-25],[128,-28],[-22,-114],[11,-57],[-10,-60],[-61,-92],[-23,-8],[-29,-72],[-46,-14],[-24,-82],[-110,34],[-45,-19],[-18,-32],[-22,6],[-57,-36],[-58,-9],[-3,-30],[-51,42],[-34,-14],[-61,-4],[-19,-21],[34,-12],[16,-28],[-62,-64],[17,-13],[-9,-27],[-56,-88],[-3,-28],[-48,-59],[-38,10],[-52,-55],[-8,-67],[-20,-71],[48,-13],[-31,-38],[17,-41],[-87,-40],[28,-20],[-19,-34],[-36,-28],[-135,-13],[6,-51],[30,-15],[-29,-57],[-42,-151],[-41,-115],[46,-32],[-27,-85],[38,10],[5,-28],[42,-36],[9,-99],[-32,-10],[-12,-25],[23,-10],[-14,-36],[-22,0],[-48,-55],[42,-18],[3,-28],[81,-29],[56,-42],[-8,-36],[-20,5],[-22,-28],[-17,-92],[-73,21],[-100,42],[-25,-48],[-2,-54],[-34,-31],[-18,-51],[5,-38],[56,-21],[8,-34],[37,4],[42,21],[22,-13],[1,-35],[19,-29],[2,-49],[41,-49],[8,-70],[-7,-18],[31,-73],[0,-33],[20,-49],[-31,-130],[-9,-90],[22,-88],[-26,-54],[-27,-6],[-30,22],[-49,2],[4,-36],[-30,-13],[-2,-48],[33,-26],[-1,-58],[-17,-23],[23,-36],[8,-92],[-13,-61],[-27,20],[-43,2],[-11,-27],[-58,31],[-19,-26],[52,-34],[53,-5],[-8,-38],[-84,7],[-20,20],[-3,-56],[-18,-14],[-40,2],[-44,-20],[5,-17],[61,3],[9,-14],[-27,-39],[-77,-18],[-83,12],[-25,-15],[44,-14],[-74,-35],[-54,-67],[-19,-52],[-46,-15],[-24,-33],[-29,-8],[-31,25],[-16,-8],[3,-35],[-22,-3],[-45,51],[-28,-16],[3,-23],[-33,-48],[-29,-8],[-48,19],[-22,-49],[-11,52],[-39,16],[-68,7],[-19,23],[-108,26],[2,31],[-26,11],[-28,-36],[-92,25],[-63,4],[-12,-202],[27,19],[97,4],[104,-18],[9,-14],[-8,-70],[63,-36],[120,-4],[38,-20],[-35,-28],[-50,-70],[-10,-39],[-61,22],[-49,-20],[-24,-51],[-109,-28],[-22,-48],[-41,-35],[-40,-67],[-41,-9],[-14,-39],[13,-28],[75,-22],[20,-31],[82,-33],[-2,-31],[-62,-43],[-25,-51],[-55,-19],[-55,-1],[-79,-20],[-68,-38],[-6,-46],[56,-55],[40,-27],[1,-46],[-28,-50],[-95,-9],[-55,-22],[-4,-62],[58,-31],[3,-65],[35,-11],[-6,-75],[27,-22],[-7,-57],[-68,-28],[-12,-18],[-89,-2],[3,-91],[13,-14],[67,5],[78,-5],[50,10],[19,-32],[40,-14],[10,-27],[43,-46],[48,-19],[-3,-37],[39,-3]],[[25090,74195],[-46,-15],[-25,-21],[-94,18],[-5,-130],[-21,-26],[-4,73],[-25,24],[-37,5],[-181,73],[-40,-3],[-27,51],[-48,14],[-52,-12],[-106,-8],[-15,-12],[-55,9],[-93,2],[-15,-38],[-35,0],[-2,36],[-37,38],[-52,-6],[-31,45],[-56,-12],[-9,-46],[-55,-4],[3,-66],[-60,-31],[-61,-1],[-68,11],[-15,18],[6,49],[-72,42],[-55,61],[-81,182],[-31,-9],[-96,-127],[-44,-44],[-155,-109],[-34,-3],[-42,36],[-6,74],[32,65],[104,113],[9,51],[-88,38],[-87,51],[-170,67],[-2,20],[-60,19],[-6,39],[-22,21],[-9,52],[-37,6],[-6,-42],[-32,-4],[-13,-105],[5,-62],[25,-26],[-37,-59],[4,-31],[-38,-38],[-51,-136],[25,-82],[-8,-102],[22,-45],[44,-43],[3,-48],[-10,-67],[57,-60],[17,-32],[-44,-30],[-54,-19],[-113,-21],[-165,6],[-72,19],[-87,6],[-33,-37],[-33,-2],[-42,51],[-25,50],[-54,-10],[-4,17],[-53,14],[-15,-33],[-35,-10],[-98,0],[1,31],[-32,37],[-90,31],[-3,115],[-34,17],[23,42],[81,0],[-24,24],[-4,75],[74,15],[-18,32],[-35,6],[-22,63],[-60,14],[31,12],[-34,58],[-54,5],[-12,33],[-50,53],[-64,26],[-145,-4],[-61,-14],[-19,-23],[-17,-72],[-95,-23],[-32,-15],[-60,-4],[-38,38],[-86,56],[-125,45],[-60,8],[-61,31],[-83,15],[-41,31],[-31,-1],[-76,33],[-160,101],[-98,26],[-87,6],[-16,30],[62,113],[8,82],[17,60],[68,150],[12,43],[-10,42],[-32,21],[-124,2],[-57,12],[-60,35],[-65,61],[-13,23],[0,67],[16,97],[-14,61],[-61,95],[-53,41],[-87,33],[-42,9],[-122,-31],[-36,42],[3,53],[-21,208],[53,54],[65,36],[170,141],[51,60],[97,-9],[25,-19],[-12,-27],[-34,-26],[-58,-9],[-55,-42],[-26,-38],[-10,-50],[18,-36],[46,0],[81,48],[71,14],[43,-9],[108,-48],[5,-23],[-30,-82],[-8,-48],[18,-25],[58,1],[117,35],[51,38],[12,47],[-19,129],[8,141],[-11,102],[-33,62],[13,28],[121,43],[37,0],[13,-31],[-28,-65],[-52,-78],[8,-44],[51,-76],[87,-74],[81,-34],[114,-18],[72,21],[38,32],[25,60],[-6,100],[19,84],[87,142],[1,45],[-44,23],[-53,52],[-34,60],[-32,30],[-82,5],[-84,-16],[-109,-13],[-31,12],[-3,32],[52,83],[19,63],[8,90],[26,68],[53,62],[22,42],[-4,26],[-39,60],[-59,13],[-58,0],[-23,42],[-12,79],[33,56],[39,1],[153,-79],[109,-42],[74,6],[-3,44],[-77,87],[6,36],[102,52],[14,139],[48,33],[64,-1],[42,-14],[97,-59],[58,1],[75,55],[83,90],[22,32],[5,47],[-14,48],[-33,56]],[[28603,87563],[118,-181],[103,-94],[78,-59],[108,-56],[118,-27],[50,1],[60,17],[39,28],[101,134],[95,164],[42,46],[85,114],[28,52],[10,47],[-12,35],[-45,21],[-200,68],[-140,57],[-26,22],[-1,26],[32,48],[110,60],[88,23],[52,-1],[23,-14],[59,-80],[75,-74],[81,-55],[70,-21],[45,4],[72,27],[85,41],[95,56],[173,74],[18,32],[-5,33],[-32,35],[-111,50],[-125,33],[-59,32],[-41,58],[-58,142],[-33,124],[-28,74],[-147,251],[-22,70],[-2,66],[8,65],[52,84],[64,55],[71,39],[163,39],[72,2],[73,-21],[20,-43],[8,-91],[-24,-100],[-32,-66],[-22,-70],[9,-36],[58,-22],[138,21],[133,49],[97,-2],[12,-72],[-29,-196],[1,-92],[35,-33],[52,-16],[120,-12],[82,-22],[44,-27],[22,-56],[35,-165],[10,-126],[24,-68],[47,-39],[70,0],[91,50],[54,67],[34,77],[62,88],[66,11],[61,-12],[55,-36],[30,-44],[30,-75],[1,-105],[-14,-62],[-45,-97],[-46,-53],[-41,-64],[-40,-95],[-12,-70],[1,-61],[11,-51],[24,-56],[36,-117],[11,-56],[25,-53],[59,-60],[50,31],[49,128],[54,82],[4,40],[-73,145],[-8,59],[15,62],[44,44],[130,42],[12,21],[-24,117],[227,8],[21,7],[29,52],[45,53],[132,-29],[23,-23],[3,-46],[131,-2],[0,-17],[93,-5],[5,24],[49,6],[40,-11],[-5,-30],[49,-8],[20,35],[31,124],[26,200],[3,60],[66,-1],[140,33],[-37,45],[7,36],[35,24],[150,11],[8,9],[3,93],[53,36],[27,32],[25,-23],[72,12],[20,87],[42,-3],[-9,-41],[47,1],[19,23],[18,-25],[57,-18],[59,-39],[21,-28],[47,-11],[149,-10],[34,-31],[31,-3],[6,31],[58,17],[26,29],[85,15],[16,54],[52,28],[9,30],[42,64],[54,-12],[78,20],[22,42],[-28,56],[44,21],[23,51],[94,14],[75,27],[65,-12],[19,-38],[129,-17],[30,-11],[14,-37],[61,-15],[31,8],[43,109],[34,15],[100,-13],[33,24],[18,-18],[24,10],[49,-17],[2,42],[15,-5],[2,74],[47,-8],[4,21],[52,-17],[105,8],[19,-5],[33,-60],[99,-88],[79,-102],[112,-214],[66,-118],[84,-34],[62,-4],[98,4],[54,-25],[96,-58],[50,-42],[45,-17],[108,-14],[155,6],[102,30]],[[43997,67223],[35,32],[50,67],[37,65],[78,84],[223,-76],[282,-74],[69,-42],[20,-43],[-52,-83],[-12,-91],[9,-35],[55,-31],[109,-42],[44,-60],[38,-33],[53,-26],[31,-32],[35,-73],[50,-44],[62,-31],[77,-145],[29,-37],[70,-26],[158,-35],[-3,77],[40,115],[-4,33],[54,111],[50,146],[57,23],[97,-14],[25,-173],[0,-116],[98,-9],[49,15],[66,94],[55,-23],[58,-8],[42,32],[23,31],[107,61],[81,-33],[44,50],[64,8],[45,88],[25,113],[0,34],[-41,11],[-10,20],[74,92],[66,25],[102,-29],[60,-42],[74,-17],[40,-43],[56,5],[32,39],[88,3],[33,-14],[2,-56],[19,-6],[24,-90],[62,-15],[38,-24],[-14,-82],[163,58],[12,34],[-10,62],[4,47],[42,39],[56,1],[55,20],[87,13],[58,-1],[50,-26],[69,-12],[87,-32],[102,1],[50,-52],[93,-35],[142,-1],[53,25],[98,27],[71,9],[114,-29],[52,-7],[20,-18],[76,-9],[141,76],[17,-2],[16,-42],[-36,-46],[14,-19],[66,-18],[41,-28],[27,-65],[68,-57],[42,-2],[89,26],[58,53],[36,1],[71,-18],[26,-17]],[[45790,32447],[-23,-318],[-107,-380],[-59,-121],[-49,-118],[-23,-198],[38,-114],[38,-93],[177,-263],[100,-123],[91,-137],[114,-162],[106,-216],[28,-63],[-590,19],[-2127,-27],[-946,443],[-309,370],[-375,-277],[-442,-157],[-478,-62],[-510,-62],[-509,1],[-510,-32],[-542,-5],[-510,24],[-339,-35],[-375,121],[-239,265],[-37,18]],[[37383,30745],[11,23],[-127,195],[-54,624],[-79,694],[-56,994],[-129,832],[-55,740],[22,510],[199,324],[299,303],[324,256],[500,164],[399,233],[23,324],[49,278],[-77,463],[-228,415],[-353,392],[-479,507],[-277,322],[-431,762],[-456,831],[-152,369],[-1,70],[99,185],[250,187],[125,139],[-2,278],[-201,115],[-26,23],[-175,-48],[-225,-116],[-438,-189],[-46,41],[-17,122],[49,162],[98,348],[197,649],[99,278],[348,442],[300,302],[349,279],[100,186],[149,232],[-22,165],[-23,4],[-111,135],[-125,118],[-51,75],[-46,47],[-41,54],[-28,63],[-15,85],[23,63],[50,60],[46,76],[22,80],[9,89],[-33,63],[-138,151],[-235,172],[-185,219],[-10,46],[27,110],[128,127],[87,56],[225,68],[187,107],[78,63],[50,81],[8,131],[-19,80],[-41,29],[-166,46],[-206,-10],[-206,-51],[-202,-35],[-83,4],[-92,54],[-60,84],[-34,295],[-15,148],[-33,114],[-41,55],[-185,155],[-444,500],[-69,84],[-19,46],[-10,89],[9,51],[18,34],[33,24],[171,-20],[141,-45],[123,-27],[93,7],[62,54],[21,40],[8,60],[-32,121],[-84,188],[-55,167],[-20,37],[-34,120],[-19,38],[-35,112],[-63,36],[-49,-5],[-136,-49],[-204,-114],[-66,-19],[-190,-13],[-42,22],[-34,61],[-15,55],[5,123],[42,48],[94,50],[148,59],[84,48],[79,37],[66,64],[33,73],[32,136],[-3,70],[-22,78],[-33,58],[-83,103],[-61,60],[-46,73],[-61,61],[-64,106],[-36,70],[-60,165],[2,171],[5,30],[71,226],[47,109],[50,64],[60,15],[93,0],[126,19],[50,40],[30,65],[-32,78],[-72,109],[-12,63],[31,70],[72,32],[160,28],[239,52],[186,67],[132,38],[33,22],[13,34],[-8,50],[-48,43],[-316,142],[-158,76],[-131,82],[-134,103],[-74,83],[-44,69],[-50,116],[-52,135],[-16,155],[7,59],[-10,75],[0,79],[8,93],[-6,129],[-13,56],[-54,108],[-75,98],[-83,71],[-59,62],[-45,61],[-52,95],[-8,99],[9,56],[72,109],[65,144],[91,131],[87,21],[158,21],[114,24],[52,17],[38,28],[26,39],[34,98],[58,219],[22,110],[8,139],[5,173],[-10,34],[-35,56],[-65,59],[-101,60],[-94,17],[-190,-5],[-76,12],[-31,23],[-17,56],[21,132],[50,77],[80,19],[120,2],[118,-5],[52,4],[46,17],[12,28],[-28,82],[-48,58],[-172,116],[-138,87],[-104,93],[-10,44],[9,46],[54,72],[80,60],[22,25],[30,67],[7,42],[-4,149],[20,70],[50,77],[26,7],[137,-3],[50,-8],[48,-36],[69,-124],[32,-71],[20,-67],[6,-60],[-5,-119],[-14,-63],[-66,-122],[-7,-34],[13,-31],[53,-65],[139,-94],[143,-68],[117,-42],[199,-45],[41,19],[34,38],[-3,19],[-47,20],[-188,44],[-100,39],[-23,34],[-11,66],[108,84],[114,59],[390,223],[107,56],[39,39],[12,42],[-80,62],[-195,84],[-236,77],[-194,53],[-125,63],[-97,66],[-238,91],[-18,49],[32,141],[29,84],[15,119],[-18,95],[-5,67],[-54,66],[-30,155],[8,102],[-13,285],[4,232],[34,31],[57,-37],[49,-82],[-4,-68],[-20,-92],[12,-94],[1,-76],[-18,-33],[2,-103],[53,-32],[127,20],[65,-24],[78,-18],[65,8],[40,16],[89,53],[54,-1],[60,-29],[114,-118],[84,-104],[136,-158],[31,-20],[34,-3],[40,26],[106,119],[78,155],[5,84],[-14,96],[-24,47],[-36,34],[-68,37],[57,13],[-13,174],[5,29],[39,83],[44,42],[30,2],[26,29],[30,2],[9,-37],[58,-24],[52,19],[9,-27],[93,-3],[37,12],[49,-27],[11,41],[37,20],[23,-9],[112,-2],[54,10],[0,57],[-73,3],[-27,53],[45,32],[39,84],[19,17],[31,87],[0,27],[-51,27],[-51,44],[-37,78],[-33,44],[-116,73],[-21,69],[17,76],[-48,11],[-25,45],[-100,1],[-30,52],[-82,75],[10,43],[-31,60],[-8,66],[12,52],[36,96],[-3,17],[-68,128],[-59,45],[-97,34],[-114,61],[-18,37],[8,82],[-3,53],[29,93],[-10,49],[-23,25],[-67,38],[3,48],[51,31],[-18,25],[-120,32],[-38,27],[-17,74],[-20,47],[-41,26],[-42,-15],[-57,-105],[-60,-19],[-38,-32],[-112,3],[-61,40],[-96,15],[-42,-37],[-23,0],[-14,34],[-47,31],[3,28],[-46,24],[-12,33],[-41,9],[-3,27],[24,86],[32,75],[-1,71],[-63,35],[29,80],[1,48],[-52,10],[19,22],[-90,34],[-33,-53],[-26,19],[-80,1],[-35,-99],[-67,5],[-65,15],[-20,-21],[-39,26],[-55,58],[-26,46],[-12,81],[43,31],[59,14],[49,36],[23,58],[42,65],[-8,25],[16,103],[66,71],[26,66],[-28,20],[-37,70],[-28,32],[-49,22],[-48,-2],[-21,-60],[-25,-19],[-63,33]],[[24213,99043],[138,-4],[206,66],[109,38],[17,-13],[75,23],[8,-112],[-11,-133],[-9,-14],[0,-153],[190,76],[158,70],[193,61],[147,58],[139,33],[-7,139],[-14,123],[-80,2],[64,92],[75,34],[221,61],[68,2],[6,-64],[-65,-43],[-8,-84],[-59,-95],[14,-32],[98,-21],[119,32],[103,46],[51,57],[89,63],[93,91],[86,-55],[175,-106],[173,-53],[73,-12],[137,-6],[95,-12],[333,-28],[148,-9],[240,2],[103,-17],[162,-46],[214,-70]],[[28280,99030],[83,-46],[107,-101],[33,-54],[24,-95],[38,-65],[105,-97],[46,-69],[56,-67],[22,-56],[13,-147],[53,-116],[31,-84],[-8,-115],[15,-83],[16,-18],[63,-183],[19,-79],[58,-138],[40,1],[38,-93],[21,-73],[19,-36],[37,-115],[65,-235],[7,-81],[23,-76],[62,-161],[46,-102],[35,-100],[48,-116],[62,-125],[112,-200],[23,-60],[69,-100],[76,-129],[20,-57],[2,-37],[23,-61],[61,-97],[37,-43],[117,-114],[46,-40],[115,-51],[57,-12],[137,-43],[181,-7],[174,-50],[15,-11],[-16,-208],[7,-41],[79,-15],[322,-16],[189,22],[344,-15],[262,2],[245,25],[14,-23],[94,-97],[-19,-59],[17,-3],[-1,-56],[29,-27],[-14,-40],[70,-5],[103,20],[25,16],[47,-46],[170,19],[48,16],[44,44],[63,34],[-2,31],[71,97],[39,-6],[6,24],[47,66],[15,57],[-32,5],[1,76],[-46,4],[15,85],[60,63],[-5,25],[-37,17],[-19,64],[22,47],[16,134],[32,67],[262,-7],[86,16],[149,0],[54,-14],[137,15],[136,39],[74,12],[162,8],[6,-70],[-13,-138],[-15,-71],[-11,-142],[34,-9],[2,-61],[39,29],[67,24],[119,61],[94,30],[92,-23],[69,-50],[88,-24],[-10,-54],[17,-4],[-28,-87],[-25,-155],[-12,-203],[6,-108],[-3,-67],[11,-85],[38,-88],[47,7],[20,-14],[17,-65],[78,-31],[1,-20],[104,-17],[16,-14],[24,-81],[3,-70],[26,-79],[-22,-25],[9,-62],[56,-113],[46,-78],[71,-17],[34,-102],[-21,-16],[-2,-37],[30,-111],[38,-104],[-4,-22],[96,-44],[155,-137],[50,-14],[93,18],[123,6],[239,-6],[102,-45],[91,-28],[101,-52],[89,-57],[258,-62],[13,-66],[20,-57],[85,-124],[68,-74],[185,21],[148,29],[329,107],[205,112],[172,139],[113,-62],[14,-34],[-22,-58],[20,-53],[81,-5],[49,5],[21,38],[86,-21]],[[24127,91036],[-10,28],[8,83],[70,187],[21,94],[2,37],[24,113],[31,70],[83,76],[85,25],[57,25],[117,69],[79,110],[92,83],[49,63],[8,55],[-8,59],[-61,84],[-110,28],[-77,10],[-150,0],[-49,-14],[-108,-47],[-113,-93],[-78,-86],[-85,-30],[-140,6],[-102,51],[-226,174],[-28,59],[-3,48],[22,43],[46,29],[43,-3],[87,-28],[153,-29],[161,-18],[45,1],[110,18],[76,22],[32,20],[77,67],[72,98],[59,92],[34,89],[19,74],[11,119],[-9,110],[-10,51],[-56,131],[-134,187],[-132,144],[-132,107],[-79,54],[-126,77],[-154,68],[-10,14],[-172,69],[-92,4],[-121,12],[-71,17],[-68,-45],[-75,-76],[-35,-50],[-41,-151],[-22,-7],[-55,18],[-70,68],[-57,90],[-34,80],[-9,71],[-45,177],[-6,144],[8,53],[2,152],[-9,99],[-19,76],[-41,86],[-52,91],[-50,68],[-58,50],[-75,22],[-107,2],[-80,-15],[-96,-40],[-73,-43],[-89,-86],[-40,-51],[-23,-60],[-26,-141],[21,-227],[-20,-54],[-40,-41],[-76,-14],[-38,8],[-69,37],[-95,67],[-27,26],[-83,153],[-11,39],[-1,93],[-19,81],[-56,68],[-36,23],[-48,10],[-82,-1],[-103,-30],[-155,-62],[-210,-110],[-50,-8],[-107,33]],[[20604,94715],[35,31],[16,37],[9,62],[19,48],[6,57],[-32,193],[15,95],[25,32],[55,30],[119,33],[156,5],[50,-6],[206,-42],[95,-27],[118,-20],[48,-3],[25,13],[-14,94],[-37,74],[-57,80],[-33,55],[-52,123],[43,97],[-17,85],[-25,30],[-91,36],[-93,20],[-111,-4],[-78,-18],[-68,-7],[-113,-69],[-51,-49],[-49,-96],[-45,-45],[-55,-32],[-98,-6],[-90,37],[-15,75],[41,49],[30,82],[11,123],[20,93],[22,50],[70,76],[-12,75],[2,78],[19,56],[83,99],[77,114],[32,37],[7,27],[-14,58],[-34,4],[-119,35],[-35,29],[-98,35],[-75,15],[-112,43],[-23,28],[-12,46],[-2,99],[30,23],[88,1],[99,-17],[90,13],[57,18],[-70,69],[-64,-40],[-67,13],[-58,61],[-18,41],[23,78],[68,59],[76,36],[139,54],[-104,123],[-66,-31],[-77,-14],[-68,15],[-50,43],[-32,54],[-3,70],[21,93],[11,106],[11,48],[107,290],[4,215],[-6,45],[-45,67],[-68,50],[-47,14],[-72,-1],[-78,-23],[-49,-26],[-116,-79],[-84,-46],[-80,-52],[-60,-47],[-86,-1],[-6,100],[11,73],[1,86],[-14,110],[-48,67],[-32,3],[-79,-13],[-23,20],[2,56],[38,84],[16,64],[24,40],[67,48],[54,8],[134,-63],[55,16],[163,117],[356,248],[13,13],[365,260],[193,141],[-54,94],[-20,58],[-43,170],[-40,101],[-234,217],[-24,28],[-17,57],[5,97],[28,171],[15,183],[21,202],[6,212],[30,210],[1,159],[-5,77]],[[20613,101920],[36,-33],[48,-74],[48,-86],[49,-70],[114,-184],[61,-120],[104,13],[200,-202],[85,-144],[110,-134],[47,-49],[34,-108],[51,-133],[34,-76],[26,-23],[55,42],[156,-141],[86,-102],[5,-24],[-99,-89],[-10,-25],[-101,-85],[134,-97],[65,-55],[164,-99],[67,-56],[58,-19],[86,-50],[43,-49],[45,-77],[27,-69],[76,-53],[121,-49],[97,-27],[161,-57],[168,-33],[154,2],[173,8],[118,13],[77,47],[99,73],[46,18],[95,-65],[226,-192],[33,-32],[-33,-52],[50,-31],[9,-25],[-10,-87],[32,3],[80,80]],[[45740,76321],[-121,-5],[-54,4],[-163,54],[-92,56],[71,140],[-55,65],[-165,-2],[-193,-14],[-30,-12],[-58,13],[-14,42],[-61,1],[-63,11],[-14,22],[-102,-14],[-82,-1],[-51,8],[-49,-16],[-10,-48],[-58,-56],[-76,17],[-75,-1],[-74,10],[-115,37],[-17,-88],[5,-107],[-21,-35],[-32,-18],[-24,-41],[-56,-52],[-203,-23],[-121,-18],[-8,-65],[-86,19],[-32,-2],[-41,-42],[-80,-17],[-19,-21],[-33,-79],[-24,-92],[-99,-40],[-56,-61],[-4,-90],[4,-87],[-52,-43],[-24,-42],[12,-28],[-19,-15],[-7,-61],[-81,5],[-38,12],[-39,33],[-49,62],[-20,7],[13,50],[-59,26],[-2,15],[-56,7],[-62,63],[-69,6],[-73,-23],[-102,-51],[-18,42],[-56,60],[-14,59],[-48,62],[-13,65],[-31,6],[-57,-18],[-54,24],[-117,16],[-78,-8],[-133,16],[-49,-64],[0,-21],[50,-120],[49,-176],[-66,21],[-39,-3],[-114,44],[-73,39],[-64,-16],[-33,-52],[-62,0],[-26,-51],[-41,-7],[-12,-41],[19,-13],[-11,-45],[-41,-49],[25,-11],[-31,-39],[-25,-150],[22,-11],[-5,-57],[33,-10],[-4,-22],[-56,-12],[-26,27],[-36,-18],[-4,-59],[27,-6],[-24,-29],[-60,23],[-36,-43],[15,-109],[-5,-15],[-42,3],[-98,26],[-62,-39],[-34,17],[-97,4],[-50,20],[-77,9],[-46,-14],[-27,-37],[-61,-31],[-32,8],[-49,-8],[-43,7],[-78,27],[-27,-6]],[[17868,84806],[-23,-77],[-14,-11],[-102,62],[-49,-27],[-33,20],[-24,-7],[-50,-46],[-87,-20],[-79,-44],[-43,-68],[-66,-16],[-45,11],[-64,29],[-32,-19],[-49,-10],[-47,-52],[-43,9],[-15,-12],[-67,1],[26,73],[27,-11],[51,22],[-20,53],[-22,-18],[-82,35],[-72,40],[117,61],[3,32],[-43,-30],[-110,-54],[-46,-38],[-50,-12],[-25,-52],[18,-30],[-5,-25],[-69,14],[-49,24],[-71,5],[-14,-15],[-36,22],[-26,-21],[-42,0],[-63,32],[-33,-25],[-46,-10],[-32,52],[23,54],[-4,35],[17,47],[49,47],[31,58],[20,8],[20,76],[86,-14],[134,32],[14,19],[-5,60],[-17,22],[-10,117],[14,29],[-20,11],[-4,42],[77,20],[-54,29],[-9,56],[40,10],[-31,71],[-4,43],[28,33],[-23,7],[12,108],[-82,13],[-92,-46],[-69,-13],[-153,-3],[-121,-13],[-56,-23],[-57,-44],[-109,8],[-149,18],[8,77],[30,157],[-30,32],[-56,25],[-9,42],[-61,12],[28,66],[22,16],[26,52],[25,1],[16,50],[34,55],[93,-19],[17,47],[79,41],[15,31],[-26,75],[11,58],[52,33],[59,0],[-34,127],[-5,55],[54,52],[9,23],[-13,88],[-43,156],[-45,5],[-90,26],[-2,85],[28,24],[-22,103],[17,56],[-15,72],[-21,45],[3,83],[-33,88],[-1,52],[-37,113],[2,45],[85,45],[7,39],[-22,83],[35,2],[12,102],[-20,15],[3,84],[38,52],[126,20],[-14,112],[72,-9],[0,81],[-30,73],[-39,-1],[20,-96],[-13,-21],[-62,1],[-8,78],[13,7],[1,70],[69,4],[-34,111],[-27,115],[-57,-27],[8,51],[105,32],[4,43],[27,70],[51,54],[14,43],[68,21],[8,27],[-10,72],[7,94],[-32,146],[2,87],[-25,49],[-66,-11],[-43,12],[-50,-17],[-74,34],[-42,4],[-26,21],[-53,-5],[-64,35],[-36,30],[-1,23],[-84,35],[20,90],[-21,5],[-28,-21],[-55,33],[60,32],[49,6],[88,-14],[169,-67],[69,1],[42,17],[98,51],[92,88],[31,15],[16,104],[-24,69],[3,25],[59,27],[123,-14],[80,12],[50,25],[17,22],[2,45],[-26,79],[25,30],[38,18],[47,-5],[-1,32],[-57,9],[-17,32],[-44,-1],[-107,79],[24,61],[-61,6],[0,-39],[-24,-3],[-22,57],[65,6],[34,13],[27,-8],[42,-75],[82,10],[0,-57],[37,14],[5,22],[37,23],[27,-26],[28,0],[10,50],[83,83],[14,80],[-16,46],[-42,47],[-188,103],[-61,29],[-78,50],[-33,41],[-33,75],[-5,75],[30,244],[38,120],[31,43],[53,43],[-7,60],[-38,48],[-49,30],[-57,11],[-75,-21],[-41,-48],[-76,-74],[-38,3],[-29,36],[24,16],[-38,58],[36,79],[-44,68],[-15,50],[34,-7],[85,3],[76,32],[-1,41],[22,23],[-14,41],[46,-12],[12,14],[-15,50],[15,30],[35,-3],[34,47],[29,-2],[36,-26],[59,-6],[31,12],[42,-32],[96,-8],[47,8],[41,-34],[54,-73],[71,-69],[54,-16],[58,34],[15,21],[8,55],[-22,122],[11,62],[46,39],[44,20],[146,44],[49,4],[84,-17],[64,-32],[21,-26],[5,-54],[-49,-98],[-2,-36],[33,-44],[78,-20],[100,22],[37,24],[56,63],[68,58],[52,0],[65,-59],[92,-3],[45,21],[92,-31],[62,-58],[63,19],[-7,-35],[24,7],[1,59],[23,18],[39,4],[84,-12],[47,8],[11,52],[77,-21],[27,7],[50,-19],[21,11],[-6,29],[-104,193],[-4,44],[22,48],[0,33],[44,-7],[44,28],[49,11],[111,8],[93,25],[49,46],[84,35],[67,49],[31,34],[38,109],[38,96],[30,99],[340,-60],[10,52],[51,-33],[55,-8],[19,32],[20,1],[-7,42],[-42,-5],[9,-26],[-42,-18],[-16,73],[-39,-8],[-9,66],[-13,23],[90,18],[13,22],[-70,-19],[8,37],[-55,0],[-9,60],[50,65],[61,-11],[35,17],[56,81],[5,24],[190,-94],[50,43],[7,36],[116,19],[102,-7],[4,-31],[28,-11],[0,-26],[28,-26],[146,18],[-11,-80],[92,4],[17,85],[42,2],[8,31],[-27,76],[-42,144],[76,4],[-34,137],[73,25],[-20,59],[-34,-4],[-8,66],[41,13],[46,-13],[41,-32],[27,-46],[58,19],[10,-34],[13,22],[-44,118],[-22,21],[-24,81],[39,17],[-36,83],[22,38],[-26,-8],[-32,49],[7,98],[-17,36],[65,44],[29,-12],[7,35],[-44,56],[-45,-25],[-50,24],[-79,94],[-26,12],[21,28],[-5,64],[-28,-12],[-9,22],[48,44]],[[37383,30745],[-154,-334],[-878,-334],[-659,-205],[-1100,19],[-852,47],[-660,-80],[-356,-230],[-742,47],[-277,354],[-630,741],[-333,361],[-485,595],[-555,799],[-162,284],[-111,105],[-159,160],[-45,51],[-117,105],[-82,122],[-48,101],[-20,81],[-11,104],[8,131],[32,138],[70,186],[48,87],[58,141],[43,86],[85,217],[43,127],[13,74],[29,282],[11,170],[12,242],[-7,200],[-30,80],[-49,93],[-30,38],[-63,62],[-74,85],[-113,115],[-87,84],[-100,135],[-33,55],[-24,92],[0,53],[12,61],[3,280],[17,60],[67,176],[19,116],[13,39],[59,44],[119,51],[99,33],[245,52],[190,25],[68,-4],[95,-21],[91,-13],[108,-4],[20,12],[135,8],[52,27],[41,129],[69,204],[49,198],[28,83],[51,190],[3,65],[-23,108],[-33,192],[0,66],[-17,182],[5,208],[19,174],[24,151],[7,113],[81,53],[-57,323],[-33,72],[-61,86],[-94,95],[-76,95],[-81,82],[-148,166],[-60,22],[-43,29],[-22,36],[-35,132],[-24,54],[-41,42],[-56,28],[-108,157],[-56,111],[-40,113],[-31,134],[-32,103],[-24,109],[-46,155],[-43,166],[-16,89],[1,54],[-30,137],[5,48],[36,121],[57,144],[57,91],[78,93],[124,121],[85,89],[103,29],[70,37],[109,33],[183,155],[113,113],[122,98],[40,25],[217,105],[52,32],[87,64],[68,70],[26,53],[28,93],[-6,76],[-48,81],[-69,45],[-50,15],[-33,-2],[-56,-22],[-41,-28],[-72,-68],[-129,-192],[-47,-60],[-25,-19],[-47,-10],[-57,10],[-61,42],[-18,26],[-134,325],[-33,102],[-68,73],[-22,46],[-12,84],[16,78],[24,55],[67,52],[86,122],[61,99],[32,82],[10,46],[-2,86],[-35,109],[-136,155],[-185,170],[-119,116],[-164,153],[-106,88],[-101,125],[-68,114],[-42,86],[-47,115],[-6,39],[-5,165],[2,71],[-8,101],[-21,13],[-3,102],[-10,63],[-20,49],[-34,33],[-42,17],[-105,-31],[-81,-45],[-144,-94],[-97,-24],[-83,24],[-39,48],[13,47],[85,95],[86,79],[50,70],[-2,62],[-22,31],[-50,39],[-198,96],[-388,261],[-36,33],[-25,84],[3,72],[21,78],[34,51],[33,30],[59,24],[111,25],[106,6],[64,-9],[150,-62],[126,-39],[70,2],[62,36],[5,29],[-14,51],[-69,83],[-109,86],[-91,107],[-111,174],[-65,65],[-51,35],[-170,156],[-42,27],[-54,-11],[-159,-45],[-33,-1],[-96,35],[-45,49],[-9,74],[23,223],[28,120],[59,221],[-9,95],[-63,139],[15,71],[57,79],[3,86],[-16,42],[-53,47],[-66,70],[-42,57],[-10,36],[9,75],[22,50],[61,73],[114,120],[30,44],[25,81],[-24,58],[-110,99],[-129,88],[-127,81],[-79,70],[-98,106],[-17,73],[25,42],[55,38],[201,91],[32,27],[76,106],[65,68],[75,53],[141,63],[118,37],[35,53],[-19,51],[-93,97],[-100,86],[-86,94],[-14,29],[-11,68],[10,46],[32,53],[80,111],[32,71],[11,87],[32,126],[16,117],[-10,55],[-22,51],[-50,58],[-58,39],[-90,47],[-73,69],[-110,116],[-34,52],[-49,125],[-100,203],[-36,110],[-8,113],[-16,83],[6,70],[-1,86],[-24,158],[-13,51],[-40,250],[-17,68],[-46,129],[-48,109],[-34,61],[-85,177],[-40,61],[-50,37],[-44,11],[-159,24],[-98,44],[-56,31],[-19,-4],[-120,30],[-120,12],[-152,65],[-92,29],[-68,10],[-117,57],[-50,36],[-42,52],[-5,33],[13,38],[81,34],[149,-14],[114,-48],[59,-2],[55,-14],[126,-9],[86,18],[38,23],[-19,92],[-48,126],[-40,83],[-37,98],[-19,154],[20,74],[49,87],[53,65],[93,77],[90,54],[150,136],[88,91],[37,53],[2,61],[-30,77],[-31,32],[-119,28],[-55,5],[-172,33],[-77,28],[-85,46],[-84,83],[-64,93],[-44,106],[-16,58],[-69,162],[-34,89],[-12,53],[-8,104],[14,44],[54,9],[-18,42],[43,31],[39,-35],[35,2],[0,33],[55,25],[-14,42],[-48,20],[12,24],[105,63],[64,12],[75,-7],[29,48],[47,32],[28,111],[29,90],[22,90],[6,52],[-5,86],[36,59],[45,34],[104,134],[59,-10],[124,-4],[13,24],[-24,18],[28,63],[8,113],[-9,64],[-35,37],[-16,43],[-48,30],[-13,57],[-36,52],[-38,37],[-83,60],[-28,6],[-62,-32],[-29,9],[-26,31],[-147,89],[-93,49],[-153,91],[-55,46],[-75,36],[-21,30],[-6,59],[-32,93],[-19,88],[-86,45],[-103,42],[-42,47],[-43,103],[-10,104],[24,128],[50,107],[53,31],[23,96],[-62,50],[-46,14],[-37,-4],[-56,-23],[-29,31],[-52,82],[22,30],[47,28],[19,37],[-27,24],[55,104],[58,89],[34,36],[28,7],[184,-26],[-4,72],[28,64],[-44,15],[-1,104],[-13,28],[67,1],[68,14],[-16,43],[27,34],[35,-2],[126,-37],[10,26],[-11,113],[4,57],[19,43],[52,25],[-4,36],[17,16],[33,-41],[54,-30],[31,5],[58,30],[14,32],[126,125],[56,-27],[35,27],[106,-20],[32,-12],[30,30],[4,42],[-9,137],[8,49],[24,67],[-37,19],[-82,-15],[7,108],[66,33],[75,75],[46,77],[11,43],[9,102],[4,123],[20,64],[44,106],[20,67],[42,174],[-5,39],[-153,228],[-57,67],[-22,-2],[-45,39],[21,84],[-44,83],[-87,52],[-17,102],[-37,69],[-9,34],[-36,52],[-25,93],[-85,56],[-34,52],[-85,-22],[-33,-69],[-46,-74],[-93,-14],[-79,7],[-133,-50],[-26,2],[-22,58],[-16,16],[-47,7],[-30,75],[-5,47],[-30,12],[-66,-32],[-61,-62],[-47,67],[-47,20],[-47,-16],[-29,-23],[-57,27],[-15,27],[15,14],[58,15],[-17,15],[-63,-1],[-4,81],[-11,15],[-71,-2],[-4,33],[42,2],[10,29],[-70,33],[-3,31],[70,104],[-65,10],[-26,54],[-45,-16],[-30,15],[-97,70],[51,78],[21,98],[-22,80],[-99,92],[-36,45],[15,39],[46,12],[175,4],[56,20],[50,45],[27,69]],[[51560,135506],[-17,-102],[-3,-88],[24,-58],[31,-4],[9,-71],[-14,-107],[-63,-168],[-21,-137],[-21,-49],[-68,-98],[-26,-76],[-3,-72],[8,-58],[28,-95],[-3,-149],[-14,-131],[9,-52],[9,-130],[23,-78],[32,-160],[20,-37],[73,-6],[16,-12],[38,-121],[62,-149],[32,-54],[57,-129],[120,-159],[76,-158],[-5,-25],[32,-76],[-16,-165],[12,-30],[-72,-63],[-36,-23],[-2,-60],[-34,-81],[-63,-65],[-83,-48],[80,-46],[85,3],[37,-39],[42,-16],[94,-13],[57,0],[40,-35],[55,1],[12,-36],[146,-6],[42,-48],[21,1],[28,-33],[59,-11],[24,32],[41,-1],[61,14],[105,-11],[82,-27],[73,8],[42,-24],[49,-12],[47,3],[125,30],[34,34],[40,2],[30,33],[24,52],[27,21],[41,-2],[43,23],[39,51],[30,106],[37,4],[37,31],[22,44],[25,14],[22,45],[42,43],[41,25],[95,26],[49,29],[85,22],[151,-20],[85,-61],[29,-13],[135,-13],[27,-10],[78,-64],[53,-18],[54,0],[110,-9],[38,-27],[99,-20],[47,41],[86,99],[18,3],[38,-45],[11,-92],[37,-122]],[[55013,132128],[-27,-21],[-78,-32],[-87,-62],[-116,0],[-136,-31],[-20,-46],[8,-140],[19,-25],[-27,-28],[-22,-52],[-60,-63],[-31,-111],[-6,-53],[7,-83],[-6,-40],[44,-35],[5,-37],[-19,-19],[-128,-6],[-131,1],[-37,9],[-19,35],[-30,88],[-36,39],[-50,19],[-51,-1],[-25,-20],[-46,-5],[-80,8],[16,-100],[-14,-119],[-24,-3],[-4,62],[-23,122],[-14,-7],[-4,-75],[-12,-48],[-46,1],[38,-47],[14,-183],[-5,-62],[-16,-64],[2,-124],[35,-10],[-31,-205],[-47,-119],[-23,-145],[-5,-85],[-8,-26],[-60,-33],[-75,-64],[-20,-44],[11,-48],[20,-16],[-79,-46],[-59,-54],[41,-41],[-26,-79],[-8,-61],[-2,-88],[-9,-84],[-19,-50],[0,-58],[-23,-30],[-3,-54],[-46,-27],[3,-112],[8,-23],[-25,-52],[-20,-15],[-10,-49],[38,-79],[54,-30],[162,-40],[83,-7],[82,7],[68,22],[63,-76],[68,-53],[32,-38],[23,-7],[46,-44],[-46,-8],[7,-23],[-52,-48],[-59,-80],[-34,-24],[-102,-249],[-36,-141],[18,-32],[-26,-61],[83,9],[19,-10],[-22,-89],[-42,-100],[-56,-58],[37,-61],[13,-54],[-8,-29],[-128,-33],[9,-22],[46,23],[62,-9],[15,-36],[-69,-22],[-46,11],[-10,-80],[18,-9],[15,-71],[23,-63],[17,5],[-19,-60],[20,-64],[-3,-45],[-16,-20],[-53,-2],[-8,-22],[110,-215],[19,12],[32,-49],[60,-38],[35,-106],[50,-97],[63,-77],[89,-90],[54,-73],[78,-80],[-4,-21],[24,-46],[-13,-46],[8,-43],[-9,-28],[3,-63],[32,5],[-88,-90],[11,-27],[-34,-45],[19,-4],[-26,-45],[14,-36],[58,-72],[50,-75],[15,-81],[23,-30],[52,-3],[20,-48],[21,-11],[90,0],[-59,-68],[-117,-125],[-106,-97],[-220,-161],[47,-94],[-4,-90],[-34,-106],[-43,12],[-124,7],[-90,17],[-333,8],[-29,-38],[-22,-106],[-6,-178],[-32,-106],[-28,-51],[162,9],[116,-6],[44,-86],[-45,-144],[2,-72],[52,-103],[15,-50],[55,-87],[14,-57],[15,-110],[-26,-71],[-48,-49],[-7,-26],[20,-15],[122,78],[69,9],[24,-12],[-14,-49],[103,-20],[52,-48],[45,-97],[80,-52],[-62,-85],[-5,-84],[15,-171],[0,-136],[-15,-50],[-53,11],[-51,28],[-121,40],[72,-151],[-78,-44],[28,-33],[56,-37],[46,-5],[33,-82],[138,6],[108,-18],[28,207],[-22,14],[163,30],[170,22],[66,3],[65,-6],[87,-26],[50,-29],[23,-28],[44,-16],[36,-26],[15,-33],[-36,-15],[70,-152],[11,-145],[26,-81],[-16,-144],[1,-77],[27,-46],[121,-107],[38,-27],[136,-58],[137,-33],[130,-22],[148,-51],[13,47],[118,-60],[114,-36],[135,-60],[69,30],[131,33],[223,44],[45,-49],[91,-116],[20,-34],[40,-27],[166,-67],[111,-29],[101,0],[88,-34],[60,-1],[62,-15],[16,44],[86,-42],[37,2],[-8,61],[15,27],[-3,55],[60,0],[129,96],[63,32],[-4,-24],[-97,-85],[-52,-75],[-3,-51],[21,-28],[28,-2],[40,-27],[58,-1],[228,35],[68,6],[13,49],[109,9],[35,-15],[17,-41],[66,-47],[72,-14],[58,-31],[82,-2],[24,-24],[31,3],[47,-20],[4,64],[90,-19],[84,11],[90,26],[9,-22],[88,30],[57,-3],[43,-26],[74,-23],[99,-6],[64,19],[100,-9],[29,-27],[59,-1],[169,42],[82,13],[60,-1],[81,-30],[60,-33],[42,-9],[32,40],[118,1],[86,-49],[-13,-42],[29,-20],[37,12],[58,-34],[129,-5],[125,56],[51,17],[181,135],[48,-3],[92,51],[47,5],[51,-13],[30,-26],[35,-53],[2,-37],[-29,-92],[-25,-42],[118,-44],[34,-22],[70,-14],[57,11],[65,-13],[21,-61],[23,-13],[208,22],[38,-4],[86,-28],[75,-41],[82,-66],[83,-28],[52,-28],[0,-43]],[[61980,120658],[-36,-27],[-7,-75],[187,-55],[52,-4],[63,-28],[-51,-20],[14,-75],[-20,-18],[-25,12],[-4,43],[-20,13],[-33,-17],[-59,-91],[-59,-43],[-31,-160],[-11,-23],[-42,-27],[-47,-1],[-150,38],[-7,-78],[17,-8],[66,10],[87,1],[27,8],[63,-4],[76,9],[51,25],[37,-10],[-44,-29],[-16,-60],[10,-10],[84,-4],[33,-22],[3,-40],[-134,-38],[-83,3],[-17,-15],[-9,-47],[-151,-34],[66,-53],[12,-48],[-17,-51],[19,-38],[-19,-136],[-23,-16],[-57,5],[-44,-9],[-87,-42],[18,-47],[29,-39],[28,-14],[11,-27],[-5,-73],[42,-15],[7,-30],[-27,-15],[21,-25],[47,-23],[58,-6],[52,6],[-11,-32],[-44,-11],[-39,-60],[-64,-15],[-29,11],[-13,41],[-50,40],[-80,-3],[-26,-16],[-8,-42],[-33,-2],[-64,25],[-15,35],[-35,5],[-48,-22],[-39,-3],[-5,-64],[-74,-94],[-75,-44],[-41,-35],[25,-23],[54,0],[-73,-58],[-53,-52],[-33,-64],[60,-48],[14,-123],[-54,-24],[-45,-55],[29,-83],[37,-71],[1,-29],[-33,-93],[-31,-44],[-158,-13],[-55,18],[-24,19],[-36,-10],[-61,-46],[-77,-26],[-61,-86],[15,-61],[-62,-25],[-8,-32],[38,-16],[-1,-43],[-24,-26],[-149,-24],[-15,10],[-11,77],[-62,29],[-32,25],[-33,0],[-42,19],[-6,49],[-49,37],[-54,27],[-80,23],[-25,-8],[3,-48],[-74,-37],[-31,5],[-22,36],[-100,21],[-5,-30],[-32,-26],[15,-29],[-5,-37],[-41,-12],[-57,29],[-23,-5],[-21,-33],[-47,-21],[-99,-8],[-30,50],[-35,-6],[-54,20],[-42,29],[-24,62],[-95,70],[-94,14],[-110,-28],[-75,-29],[-99,-18],[-49,-34]],[[50524,111897],[32,21],[-46,80],[-17,-1],[-80,44],[-30,37],[-4,93],[-13,72],[-26,103],[-58,141],[-29,39],[-127,71],[-43,56],[-27,82],[-12,61],[-30,64],[-86,117],[-26,56],[3,77],[33,92],[4,30],[-18,64],[54,20],[211,6],[221,47],[82,33],[-42,96],[-23,148],[5,60],[7,274],[18,103],[16,191],[7,215],[-59,132],[94,43],[77,14],[53,31],[56,47],[130,82],[3,42],[24,32],[-10,69],[-74,82],[-39,10],[-66,-17],[-27,3],[-41,29],[12,104],[66,5],[-59,39],[-40,49],[-24,67],[5,24],[66,52],[37,50],[25,77],[-14,16],[-117,46],[-25,3],[-104,-41],[-11,7],[-24,113],[-23,31],[-43,12],[-32,27],[-32,103],[-21,36],[-75,24],[-23,16],[-13,102],[-20,97],[12,41],[97,16],[120,-7],[74,-59],[21,86],[34,19],[52,-4],[21,61],[2,72],[33,66],[38,51],[-3,38],[-20,19],[-12,43],[-96,40],[-90,8],[-131,46],[-13,22],[88,90],[30,41],[32,105],[4,118],[-25,112],[0,28],[-41,101],[-27,43],[-130,114],[-75,55],[-131,-68],[-125,-55],[-80,-44],[-40,-11],[-183,89],[-59,38],[-187,97],[-21,-4],[-46,-47],[-11,-43],[35,-52],[1,-24],[-53,-60],[-97,-150],[-20,31],[16,39],[-2,62],[-39,41],[-24,71],[-18,10],[-76,6],[-43,17],[-67,62],[-51,18],[-78,83],[-115,48]],[[48593,117666],[191,221],[89,122],[36,75],[23,14],[171,2],[141,11],[175,33],[49,16],[28,24],[-8,43],[-77,49],[-54,21],[-83,14],[-231,8],[-201,43],[-92,37],[-200,98],[-326,201],[-177,141],[-86,78],[-117,112],[-101,104],[-87,96],[-52,69],[-51,126],[-19,69],[-11,120],[-18,64],[-98,168],[-72,102],[-51,91],[-50,70],[-36,88],[-37,303],[-18,73],[-46,72],[-36,41],[-54,81],[-39,86],[24,15],[167,55],[68,31],[71,23],[25,28],[30,99],[79,32],[-8,48],[33,30],[45,3],[141,-34],[-2,50],[-61,209],[-7,92],[-13,13],[-103,6],[-117,82],[-12,21],[-14,87],[-43,142],[21,118],[1,48],[19,98],[59,71],[46,99],[-4,116],[-25,126],[-32,77],[19,71],[-19,147],[-26,68],[-32,59],[-68,151],[-229,224],[-75,96],[-30,52],[-7,71],[12,67],[-3,143],[7,147],[-10,86],[-27,108],[-48,149],[-107,240],[-90,226],[-86,267],[-6,37]],[[46531,125046],[54,37],[68,20],[60,29],[20,21],[32,128],[-3,118],[5,55],[-10,120],[-83,236],[-3,104],[14,83],[-11,41],[-118,23],[-83,42],[-47,50],[-67,116],[-27,65],[-64,39],[123,150],[22,39],[22,70],[-3,115],[12,66],[12,9],[122,-3],[10,9],[-11,213],[3,98],[10,72],[-48,29],[4,64],[26,123],[26,95],[14,97],[40,181],[18,34],[-26,33],[15,40],[83,111],[65,57],[96,113],[46,70],[68,75],[-8,20],[80,99],[92,105],[63,97],[20,44],[17,126],[6,94],[26,75],[69,128],[52,113],[38,66],[40,102],[86,193],[65,97],[79,79],[105,155],[74,238],[14,57],[27,64],[63,76],[96,41],[104,23],[64,22],[74,11],[127,4],[204,-25],[88,-4],[118,-18],[99,-9],[43,77],[40,91],[2,29],[-22,70],[-1,59],[19,58],[62,83],[248,10],[-8,26],[78,3],[-17,77],[-11,177],[14,185],[20,94],[24,39],[28,-5],[62,111],[28,113],[-12,44],[-61,111],[-29,67],[-58,103],[-22,20],[-140,172],[-11,20],[-25,102],[-18,156],[-15,47],[20,2],[-18,127],[-6,138],[-11,17],[-31,-22],[-96,15],[-22,-33],[-25,74],[-100,227],[-56,116],[-43,128],[-10,80],[-38,46],[-47,74],[-60,114],[-33,88],[-89,24],[-23,26],[15,59],[48,35],[179,92],[25,8],[66,47],[222,205],[74,27],[-18,72],[10,51]],[[49150,134382],[54,125],[23,20],[139,60],[334,10],[63,18],[254,36],[57,14],[57,26],[46,37],[51,222],[20,192],[24,88],[-1,95],[-33,131],[-40,42],[-31,-4],[39,-106],[-25,5],[-29,85],[-28,39],[-80,36],[-76,7],[4,64],[76,124],[-31,83],[-29,33],[-146,30],[-23,37],[-8,45],[7,57],[67,-9],[2,38],[144,-19],[295,-65],[117,-39],[94,-98],[78,-29],[86,-64],[124,-36],[125,-27],[130,-40],[132,-27],[292,-99],[56,-13]],[[74037,128696],[-12,-65],[-32,-30],[33,-45],[-6,-69],[46,-24],[-29,-48],[-8,-77],[64,-32],[-34,-36],[6,-42],[-49,-39],[-14,-41],[-29,-12],[-15,-41],[37,-51],[-39,-42],[20,-40],[-15,-43],[-88,-27],[-78,-32],[-34,-45],[-6,-38],[43,10],[36,-26],[79,-26],[17,-18],[-20,-25],[-6,-41],[46,-27],[-4,-68],[-56,-46],[-43,-69],[-120,-21],[-18,-26],[-3,-39],[19,-33],[56,-21],[-32,-67],[-83,-33],[-48,-58],[7,-72],[27,-44],[-5,-36],[-41,-40],[-40,-13],[-8,-20],[46,-44],[93,-2],[22,-28],[-3,-44],[-97,-120],[-86,-53],[2,-30],[45,-35],[-6,-30],[-38,-61],[-69,-82],[-53,-45],[-40,-46],[-122,-72],[-34,0],[-17,-32],[13,-31],[39,-25],[33,30],[57,-77],[10,-40],[54,-22],[-5,-35],[-51,-21],[-18,-41],[-40,-10],[-5,-52],[-44,-86],[37,-70],[-34,-61],[38,-18],[2,-17],[-48,-59],[18,-26],[22,1],[22,54],[72,60],[80,41],[23,21],[-1,58],[-46,18],[16,14],[55,0],[8,67],[59,1],[52,65],[81,18],[24,-7],[53,-102],[8,-55],[38,-35],[0,-21],[-43,-1],[-16,-18],[-10,-58],[-41,31],[7,37],[-37,-8],[-16,-77],[14,-23],[58,-3],[58,-12],[62,-38],[23,-71],[30,-32],[17,-53],[-15,-24],[-62,-17],[-50,-25],[-56,27],[-57,-22],[10,-29],[126,-34],[6,-30],[-105,-39],[-25,-18],[-12,-83],[-26,-124],[-35,-37],[3,-21],[50,-36],[70,2],[28,-11],[-9,-36],[-52,-26],[-58,4],[-16,-18],[4,-43],[21,-19],[57,4],[63,-11],[18,-17],[-36,-56],[-34,-21],[-37,39],[-38,6],[-129,-21],[-51,-2],[-45,26],[-50,71],[-56,101],[-14,-4],[-46,-99],[-49,-71],[-41,-45],[-53,0],[-136,97],[-201,121],[-30,6],[-81,-24],[-89,-63],[-25,-5],[-67,15],[-69,31],[-72,45],[-43,51],[20,45],[1,113],[24,22],[-18,21],[-61,-23],[-102,2],[27,-45],[5,-44],[-52,19],[-58,-11],[-40,-41],[-10,-40],[-4,-120],[-16,-41],[-33,-30],[-61,11],[-120,74],[-55,22],[-75,7],[-38,-72],[-6,-53],[32,-81],[30,-26],[49,-7],[77,12],[90,-10],[31,-29],[34,-143],[5,-88],[-18,-82],[-25,-34],[-47,-29],[53,-66],[-36,-27],[-58,-11],[-23,6],[-29,67],[-87,17],[-49,34],[-75,124],[-43,47],[-45,69],[-20,48],[-48,154],[0,34],[-44,35],[-22,3],[-48,-32],[-72,-160],[-38,-35],[-56,18],[-18,26],[-17,67],[-34,72],[-31,20],[-74,-25],[-2,-165],[-18,-138],[-20,-33],[-35,-25],[-34,6],[32,114],[-117,-26],[-57,-29],[73,-31],[20,-19],[-25,-21],[-21,-45],[10,-19],[-35,-20],[-34,24],[-51,-16],[-10,-44],[-89,-48],[-17,-53],[-40,-25],[-20,-42],[-6,-77],[27,-29],[198,6],[74,-3],[16,-23],[-10,-42],[-27,-28],[8,-49],[17,-18],[50,-2],[31,-30],[-4,-168],[-66,-113],[38,-40],[58,-2],[26,13],[44,54],[56,11],[18,-14],[-16,-53],[5,-64],[25,-44],[15,-66],[19,-8],[31,31],[34,-7],[22,-58],[18,-16],[66,55],[55,32],[47,5],[6,-32],[-14,-31],[-58,-40],[-83,-30],[-42,-92],[-16,-51],[-6,-119],[-12,-85],[-19,-25],[-45,-9],[-8,-30],[13,-60],[-24,-47],[20,-34],[-13,-67],[19,-73],[75,-6],[19,-21],[-6,-103],[33,-39],[123,71],[59,25],[34,27],[41,10],[3,38],[24,60],[18,4],[71,-29],[37,-30],[-49,-66],[-17,-39],[22,-51],[-24,-32],[-32,-5],[-67,14],[-26,-30],[26,-54],[41,-8],[84,44],[13,-25],[54,-6],[68,24],[25,-13],[12,-42],[63,-57],[80,-15],[31,6],[53,-40],[-1,-26],[-40,-16],[-1,-24],[27,-23],[-7,-27],[-64,-6],[-63,5],[-26,-34],[-55,-26],[10,-35],[-88,-63],[-5,-21],[29,-17],[0,-40],[27,-64],[-34,-41],[1,-39],[-25,-33],[1,-49],[57,-27],[31,22],[31,-8],[19,-27],[6,-51],[-19,-32],[42,-30],[51,-106],[-17,-40],[-59,-18],[-15,-18],[7,-40],[20,-20],[3,-89],[-51,-28],[-71,-15],[-42,-33],[-10,-28],[41,-45],[14,-94],[31,-45],[44,-18],[32,-48],[35,-31],[61,-25],[110,32],[73,7],[78,-24],[46,-35],[39,-9],[26,40],[108,49],[147,3],[80,-28],[-43,-51],[1,-17],[39,-25],[-37,-96],[7,-49],[20,-38],[69,-57],[42,-5],[38,-36],[-32,-19],[-40,6],[-29,-30],[-8,-268],[12,-61],[33,-19],[19,-36],[35,-4],[32,-34],[-18,-22],[-80,9],[-39,-12],[-20,-29],[7,-41],[50,-63],[3,-20],[-31,-51],[-49,-27],[7,-37],[-7,-121],[80,-10],[58,4],[28,-19],[32,-73],[21,-12],[53,17],[9,57],[24,41],[44,33],[32,40],[102,29],[31,-12],[47,-43],[87,-16],[1,-87],[12,-84],[-16,-29],[-31,-1],[-16,43],[-35,16],[-37,-24],[-3,-42],[-35,-40],[-8,-69],[-51,-11],[-42,-30],[22,-50],[-25,-43],[-38,-39],[-61,10],[-39,-31],[-99,-62],[-54,-27],[-115,-98],[-11,-88],[14,-67],[29,-15],[121,23],[104,56],[65,75],[37,73],[62,53],[25,7],[61,-41],[1,-37],[-17,-98],[9,-94],[53,-7],[142,19],[115,-15],[70,3],[36,-7],[38,-45],[20,3],[21,-33],[72,32],[56,42],[65,35],[54,3],[20,-86],[57,-21],[-4,-82],[46,-16],[158,-23],[33,-10],[71,-75],[26,-37],[21,-106],[22,-55],[53,-3],[101,19],[-2,24],[49,47],[120,17],[164,0],[29,-135],[66,-24],[23,-46],[23,-16],[61,-1],[41,12],[68,-3],[30,38],[89,-2],[40,9],[55,58],[50,14],[44,29],[137,53],[-30,50],[-1,41],[16,16],[87,8],[61,-18],[107,-75],[9,29],[24,-1],[9,27],[51,7],[30,-16],[18,15],[39,-15],[19,-33],[46,-22],[82,29],[39,-1],[40,30],[38,11],[54,-9],[-4,-36],[97,-28],[35,11],[38,48],[50,34],[110,-24],[40,-22],[7,-39],[-10,-30],[78,-20],[-3,-56],[-31,-21],[-4,-43],[-53,-15],[-67,-61],[-33,-95],[22,-42],[40,-22],[216,-51],[97,-39],[46,-35],[54,-66],[19,-88],[-7,-38],[-31,-57],[-74,-54],[-43,-17],[-80,-16],[-113,-11],[-38,18],[-56,93],[-45,107],[-51,-21],[-39,46],[-35,6],[-69,-81],[-37,-19],[-33,-36],[-22,-64],[9,-95],[63,-114],[-14,-61],[-28,-56],[-49,-28],[12,-35],[30,12],[57,-45],[89,26],[90,7],[16,-23],[79,-42],[42,-10],[99,-47],[85,-15],[2,-38],[31,-147],[40,-10],[145,5],[21,-84],[-6,-22],[39,-119],[15,-101],[-18,-22],[-81,-12],[-18,-11],[-19,-59],[-48,-10],[-110,15],[-79,28],[-69,15],[-119,-178],[-32,-86],[-59,-122],[-110,-26],[-38,-21],[-37,-42],[-5,-39],[22,-86],[-4,-47],[25,-18],[14,-40],[-21,-69],[-26,-51],[-13,-52],[111,5],[74,18],[50,-63],[109,-169],[7,-24],[-44,-25],[-90,-17],[39,-66],[-53,-21],[-47,-41],[-26,-57],[5,-50],[-11,-65],[-46,-72],[3,-20],[61,-123],[45,-110],[23,-15],[53,-1],[26,-17],[75,-145],[45,-41],[15,-28],[111,-106],[108,-133],[70,-60],[44,6],[80,121],[97,-7],[-4,-115],[18,-5],[101,21],[136,16],[63,-17],[14,-108],[19,-7],[14,-128],[21,-129],[32,-13],[59,1],[83,17],[14,-16],[59,-5],[163,12],[44,-13],[3,-35],[34,-13],[1,-33],[26,-61],[29,-116],[16,-101],[-57,-29],[-32,-356],[16,-7],[172,0],[116,-36],[72,-4],[60,26],[44,-5],[31,39],[35,68],[-13,38],[-37,25],[-8,34],[30,20],[46,-17],[47,-38],[33,-87],[45,-57],[42,-31],[82,-33],[67,-20],[84,6],[58,-19],[21,-29],[15,-66],[-7,-72],[33,-106],[5,-52],[-18,-60],[-74,-78],[-4,-59],[-53,-45],[-60,-31],[35,-58],[26,-6],[42,14],[74,40],[23,-7],[-3,-66],[-33,-60],[-59,-39],[28,-25],[113,-50],[17,15],[33,79],[67,-15],[103,20],[68,23],[38,26],[2,43],[-109,65],[2,18],[42,16],[50,-6],[26,-21],[58,-98],[35,-24],[39,-3],[52,13],[22,21],[-5,55],[-28,52],[1,21],[62,-2],[66,21]],[[61980,120658],[173,-40],[61,-2],[121,-32],[99,-19],[135,-5],[56,11],[78,0],[51,-12],[54,0],[125,22],[101,36],[73,40],[63,52],[25,78],[49,88],[25,22],[84,45],[-34,53],[-24,89],[69,123],[-30,19],[60,65],[4,98],[12,92],[39,85],[44,136],[30,75],[-20,50],[-22,20],[-63,9],[-49,18],[-12,44],[8,22],[-92,24],[-45,23],[12,48],[-9,33],[-52,26],[-57,61],[-27,56],[20,110],[120,68],[55,7],[101,-22],[76,-47],[68,-19],[48,-4],[81,7],[80,22],[112,-10],[-23,43],[-31,144],[-48,96],[-44,51],[-62,40],[-96,45],[-140,24],[-51,25],[20,67],[58,70],[-52,18],[-92,47],[-54,-107],[-9,-39],[-25,-11],[-91,51],[-72,21],[-3,65],[26,-9],[9,41],[-34,11],[-54,105],[1,49],[33,57],[52,45],[150,150],[-9,19],[-28,-31],[-67,54],[25,19],[21,55],[109,92],[46,64],[27,93],[44,262],[12,122],[-2,43],[-43,83],[-29,-10],[26,109],[-12,33],[-165,76],[2,103],[29,14],[-12,73],[18,11],[-18,136],[42,50],[-8,21],[-66,4],[17,33],[-10,38],[-50,22],[1,38],[48,92],[36,35],[38,-12],[59,67],[30,45],[5,61],[14,17],[92,-44],[52,2],[61,23],[40,65],[26,63],[33,25],[-28,37],[-3,38],[29,54],[29,-10],[55,55],[33,20],[58,5],[9,-33],[71,24],[-9,-61],[59,-24],[-25,-78],[-11,-87],[-17,-3],[-12,-52],[58,-28],[40,-55],[72,-1],[33,16],[18,58],[18,6],[32,-28],[64,14],[29,34],[45,4],[-17,28],[45,39],[50,18],[35,-5],[36,-34],[41,9],[6,32],[37,12],[-47,5],[3,56],[21,10],[10,49],[47,22],[38,1],[-5,54],[29,16],[-4,55],[173,-9],[-11,34],[12,58],[-26,31],[-78,4],[-51,25],[-2,42],[54,85],[80,-14],[73,11],[40,65],[25,22],[79,-12],[45,10],[28,-10],[39,-45],[43,42],[80,-43],[51,-9],[7,40],[-14,23],[-50,9],[-14,22],[22,11],[18,46],[115,35],[-23,52],[-21,11],[-62,-9],[-58,-18],[-37,41],[0,50],[21,50],[-33,14],[-60,-11],[-115,-109],[-37,30],[34,30],[-11,32],[-34,-1],[-75,-54],[-38,-63],[-52,-31],[-20,-27],[-37,-10],[-69,-52],[3,23],[-35,28],[-50,6],[10,55],[-56,19],[-28,23],[-5,54],[26,11],[-2,59],[-21,26],[10,36],[-60,4],[-82,29],[-25,-10],[-7,-36],[-59,5],[-84,22],[-46,40],[-43,1],[-83,21],[-37,1],[15,51],[0,63],[95,10],[-2,45],[-24,92],[-46,11],[39,78],[8,35],[10,169],[-29,4],[5,96],[50,269],[50,144],[-68,-7],[-31,44],[24,19],[102,8],[10,68],[-46,28],[22,98],[-35,43],[18,21],[8,45],[35,22],[-17,27],[-61,24],[-35,-17],[-20,10],[-41,54],[-13,47],[7,82],[52,137],[-40,18],[-53,-1],[-21,-31],[-20,37],[-40,3],[-18,19],[-7,43],[8,40],[30,-7],[50,11],[-14,11],[10,73],[-7,45],[16,55],[42,98],[29,116],[16,120],[25,77],[-16,84],[-42,50],[-3,18],[33,90],[39,23]],[[64066,129386],[29,14],[131,-17],[214,-53],[75,-4],[56,10],[81,-19],[88,-32],[93,-44],[193,-52],[115,-8],[161,-51],[86,55],[104,55],[34,2],[141,-17],[118,41],[66,-1],[60,-24],[83,-50],[73,-62],[83,-124],[153,-149],[91,-59],[133,-95],[168,-95],[96,-42],[97,-61],[83,-72],[92,-45],[136,-19],[116,-3],[103,6],[106,-4],[161,-41],[99,-16],[83,-5],[83,12],[70,-4],[71,-45],[96,-80],[73,-52],[42,-21],[117,-44],[44,-9],[79,-38],[260,-46],[101,-38],[64,-39],[52,-10],[167,3],[61,13],[11,99],[33,103],[200,23],[123,27],[125,43],[106,30],[46,21],[145,35],[204,59],[46,19],[73,82],[53,25],[229,87],[29,30],[2,71],[98,-3],[106,-34],[101,-12],[-25,90],[8,58],[125,-37],[77,-32],[56,-16],[63,9],[123,30],[287,-8],[83,52],[59,-20],[47,2],[90,-22],[77,8],[111,26],[22,-43],[48,-45],[37,-4],[76,31],[38,0],[137,-37],[29,49],[54,-3],[41,11],[111,3],[78,-58],[42,2],[43,69],[27,13],[55,-20],[11,24],[26,-31],[21,26],[9,-32],[33,20],[36,-18],[88,89],[67,-21],[110,9],[49,14],[74,1],[15,-36],[104,-15],[45,7],[-12,35],[44,14],[8,-24],[33,18],[49,65],[17,-23],[86,-50],[15,-55],[16,-17],[39,103],[29,-5],[16,-107],[13,-15]],[[83809,128674],[-1,-32],[-79,-79],[79,-31],[57,-13],[44,-36],[23,-51],[48,-29],[-15,-45],[-74,-51],[-8,-55],[16,-70],[-28,-4],[-32,22],[-33,-43],[-80,10],[-13,-24],[37,-44],[-19,-68],[-48,-14],[-55,17],[-122,17],[-37,-133],[-26,-185],[15,-66],[90,-4],[20,-40],[-15,-50],[25,-32],[74,-19],[14,-34],[-32,-18],[3,-20],[34,-20],[-67,-44],[46,-73],[-7,-99],[-64,-67],[-146,-71],[-33,-98],[69,-53],[46,-82],[60,-58],[64,-28],[107,-95],[73,-81],[64,-50],[67,-20],[101,-1],[51,-86],[3,-18],[-32,-32],[-48,-24],[-31,-34],[18,-27],[6,-78],[-13,-52],[0,-50],[47,-79],[65,-32],[26,-69],[-27,-11],[4,-52],[-44,-9],[-1,-33],[-25,-10],[-117,-17],[-46,56],[-37,27],[-43,2],[-38,-22],[0,-29],[-56,-32],[-47,-7],[-31,13],[-66,74],[-71,26],[-89,131],[-31,36],[-54,35],[-37,12],[-38,-13],[-27,-34],[-79,-34],[-62,15],[-64,42],[-23,-20],[-12,-38],[-56,15],[-48,-8],[-13,-47],[28,-30],[98,-57],[-17,-37],[14,-52],[59,-100],[16,-54],[-18,-12],[-136,-21],[21,-104],[-3,-60],[-26,-64],[-27,-93],[2,-43],[30,-14],[71,8],[18,-19],[-9,-47],[-46,-47],[4,-55],[-25,-35],[26,-26],[92,15],[54,-3],[48,26],[67,-10],[47,3],[104,-16],[95,-4],[57,9],[22,-72],[106,-108],[20,-8],[62,12],[44,-4],[48,-38],[62,-23],[-26,-22],[-119,-32],[-68,-25],[-53,9],[-68,34],[-41,-14],[-98,-54],[-42,6],[-38,-38],[-5,-35],[-121,-18],[-54,3],[-23,-13],[-11,-35],[22,-52],[-41,-23],[-45,-8],[-11,-63],[2,-94],[31,-117],[33,-39],[-16,-77],[86,-77],[42,-63],[58,-4],[75,7],[58,15],[-25,-115],[16,-60],[-10,-45],[4,-71],[-37,-46],[-78,6],[5,-50],[-64,-38],[16,-81],[-36,-26],[5,-26],[115,-68],[15,-27],[-10,-73],[-19,-60],[-7,-52],[115,-34],[14,-89],[110,-1],[13,-10],[68,-4],[7,37],[22,14],[95,4],[28,-27],[44,-7],[35,-23],[70,-83],[47,-140],[25,-22],[80,-22],[33,-19],[18,-41],[-4,-106],[-63,-98],[-3,-69],[-21,-40],[-88,-53],[-35,-43],[-34,-22],[-36,-63],[-40,20],[-69,-16],[-116,13],[-92,-19],[-46,-40],[-10,-74],[33,-25],[74,64],[34,22],[35,1],[24,-33],[-3,-37],[-44,-47],[11,-91],[-15,-117],[43,-62],[3,-68],[-7,-54],[-51,5],[6,-34],[-24,-31],[21,-45],[26,-17],[24,-70],[43,-44],[29,14],[31,-10],[82,-68],[38,-10],[89,20],[21,33],[6,66],[49,9],[16,28],[44,5],[5,-89],[14,12],[3,62],[15,11],[63,-7],[120,35],[18,0],[69,-41],[89,-35],[99,-13],[32,21],[57,-9],[38,-16],[1,-48],[48,-12],[15,-27],[-5,-72],[8,-33],[-10,-78],[9,-51],[35,-68],[21,-157],[-21,-39],[13,-35],[77,30],[96,-20],[42,4],[24,30],[79,62],[127,70],[27,-6],[-16,-58],[18,-41],[103,-54],[69,-26],[12,-41],[-49,-22],[-99,-2],[-12,-25],[32,-53],[82,-15],[18,24],[78,51],[42,10],[41,-41],[12,-90],[17,-28],[64,12],[23,67],[-14,65],[8,61],[69,77],[59,43],[24,62],[104,89],[-32,65],[-15,51],[3,36],[51,20],[43,35],[76,24],[67,-5],[69,-62],[38,-64],[34,-19],[45,20],[31,-3],[-5,-59],[25,-9],[41,38],[60,38],[41,6],[101,-13],[100,1],[73,-60],[-48,-31],[17,-15],[98,32],[59,59],[27,5],[82,-60],[48,-2],[10,-25],[-12,-42],[11,-20],[142,-134],[42,30],[19,-3],[27,-68],[6,-42],[36,-19],[51,-1],[30,38],[86,-35],[60,-1],[-2,-49],[14,-27],[29,-8],[53,22],[28,-34],[-17,-61],[11,-38],[55,-9],[43,-75],[30,-29],[29,-76],[39,-38],[-2,-57],[-45,8],[-17,-14],[-38,9],[-30,-41],[4,-59],[-27,-59],[42,-55],[104,-40],[35,-32],[34,-195],[18,-30],[52,-23],[15,-84],[26,-46],[206,-30],[32,25],[15,34],[28,-4],[2,-73],[21,-41],[36,0],[24,-54],[40,-27],[42,-9],[-32,-27],[-91,3],[-39,-25],[-58,-2],[-118,-146],[-3,-70],[-29,-27],[-5,-47],[-19,-28],[-24,-3],[-14,-29],[45,-48],[5,-19],[-34,-81],[-29,-47],[-23,-63],[11,-35],[53,-45],[-9,-48],[20,-52],[66,-67],[9,-64],[33,-21],[140,-42],[14,-49],[70,-37],[78,-25],[21,-21],[-17,-26],[12,-36],[-32,-17],[-13,-46],[9,-35],[30,-34],[64,-12],[39,8],[60,39],[157,78],[34,47],[2,89],[55,44],[41,62],[64,42],[6,31],[33,62],[71,11],[-46,84],[-46,144],[-50,50],[-137,83],[-7,59],[44,57],[39,71],[44,41],[89,39],[40,45],[11,88],[11,34],[25,16],[39,-9],[67,-43],[30,-31],[10,-56],[30,-27],[98,9],[58,-10],[7,-34],[-42,-26],[2,-40],[42,-33],[73,-11],[76,-21],[13,-30],[2,-100],[23,-73],[-22,-76],[34,-81],[5,-43],[-12,-150],[-37,-72],[-120,-94],[-155,-158],[-24,-72],[14,-58],[48,-4],[83,16],[90,-20],[25,-20],[37,-88],[10,-85],[-5,-33],[16,-36],[-8,-75],[-124,-10],[-1,-30],[27,-26],[14,-59],[-84,-75],[-135,-61],[-14,-29],[24,-59],[-7,-59],[-70,-29],[-57,20],[-58,46],[-76,-48],[-160,-94],[-131,-61],[-119,-4],[32,-39],[57,-23],[40,0],[193,30],[36,-12],[56,-45],[10,-37],[-22,-60],[8,-44],[33,-28],[31,-4],[67,67],[40,7],[48,-23],[42,-92],[-4,-38],[-46,-114],[-51,-25],[-51,22],[-109,163],[-45,16],[-36,-8],[-45,-35],[-12,-28],[6,-137],[31,-45],[68,-68],[49,-67],[4,-90],[-26,-17],[-78,-15],[-58,-29],[-84,-26],[-40,-32],[12,-22],[-6,-38],[35,-24],[78,-5],[115,11],[193,-28],[55,28],[18,-9],[20,-64],[-44,-66],[1,-20],[78,-39],[65,2],[19,30],[15,58],[30,59],[22,21],[70,109],[13,30],[38,13],[167,-27],[183,-73],[59,-32],[40,-52],[71,-66],[29,-15],[23,-38],[52,-46],[56,-16],[34,-25],[31,-55],[27,-23],[21,11],[25,62],[34,9],[39,-18],[67,-69],[53,-39],[46,7],[-39,72],[1,39],[23,17],[71,-11],[42,-19],[39,5],[132,135],[64,34],[38,33],[0,31],[-23,29],[20,77],[60,22],[67,-6],[58,-23],[52,-35],[15,-41],[-3,-32],[-41,-70],[-32,-128],[-8,-56],[4,-137],[-3,-49],[-25,-64],[-100,-33],[-41,-35],[-9,-46],[17,-25],[83,-47],[41,17],[76,-14],[53,-36],[33,-54],[73,-7],[40,-33],[84,32],[71,-1],[26,-28],[7,-34],[-6,-110],[-13,-116],[42,-49],[2,-31],[-63,-63],[-41,-57],[-55,-44],[-112,-45],[-138,46],[-64,26],[-85,22],[8,-65],[27,-21],[-8,-34],[-32,-44],[76,-55],[192,-23],[21,-18],[-3,-97],[-30,-82],[-28,-135],[-80,-38],[-18,-30],[-11,-52],[-25,-19],[-56,54],[-32,-7],[-49,-39],[-17,1],[-22,50],[-19,7],[-55,-16],[-114,1],[-44,-6],[-64,-31],[-24,-30],[-14,-53],[-10,-158],[-16,-18],[2,-41],[-12,-111],[-18,-81],[-18,-44],[-36,-43],[-32,2],[-55,41],[-95,-21],[-5,-26],[-38,-32],[-72,-1]],[[74037,128696],[65,9],[16,26],[150,-2],[20,-56],[61,31],[96,11],[25,33],[45,31],[25,-17],[60,-8],[49,-17],[70,8],[-3,68],[-30,41],[-50,44],[48,102],[22,-3],[73,-48],[61,-26],[65,-10],[66,34],[17,74],[39,71],[-17,56],[-89,108],[-35,32],[13,17],[33,-14],[79,-85],[74,-116],[43,-26],[59,-20],[78,102],[-9,65],[30,42],[53,148],[37,-35],[-47,-62],[4,-40],[-17,-30],[10,-20],[-2,-57],[14,-45],[-19,-54],[53,-14],[13,-125],[-42,-18],[-5,-37],[11,-45],[30,-22],[-27,-104],[52,-31],[8,-84],[-9,-73],[19,-9],[58,20],[39,-2],[35,59],[-13,25],[33,13],[4,34],[38,104],[41,47],[35,-14],[-41,-42],[5,-56],[35,13],[39,-8],[36,-23],[88,20],[111,58],[-20,-80],[-34,-29],[-79,-38],[-12,-47],[26,-15],[14,-56],[20,-37],[58,-16],[63,33],[40,-17],[36,5],[40,-27],[24,-73],[82,-19],[17,-33],[54,-42],[45,-12],[45,71],[-26,46],[26,50],[7,54],[23,-15],[29,-54],[112,-28],[11,17],[-14,38],[30,-1],[1,83],[63,52],[20,4],[115,-17],[79,-104],[98,3],[38,20],[56,-19],[27,-26],[16,-77],[53,-75],[37,-10],[66,1],[25,-64],[39,2],[17,60],[16,20],[92,-38],[13,25],[70,42],[25,55],[-61,59],[-57,22],[-34,-1],[-61,-51],[-23,11],[27,105],[-4,19],[151,-4],[1,43],[48,52],[31,-5],[-11,-39],[8,-76],[82,-12],[49,-22],[68,73],[69,30],[82,18],[46,-1],[49,-14],[65,20],[34,36],[-56,55],[-16,27],[90,67],[17,65],[122,77],[57,69],[19,-39],[122,18],[85,43],[94,81],[7,-68],[28,-56],[0,-43],[52,27],[19,-63],[28,-12],[54,7],[75,28],[118,35],[27,-1],[4,-51],[42,-79],[35,-42],[71,-34],[95,-23],[31,-44],[-18,-99],[8,-23],[83,-38],[152,-32],[61,5],[4,23],[-37,43],[18,17],[87,10],[30,-16],[14,-115],[70,6],[148,-29],[131,-13],[164,-10],[67,5],[23,13],[18,60],[31,10],[32,-86],[45,-68],[25,-10],[147,-5],[101,28],[27,-33],[94,0],[26,19],[-50,8],[47,32],[54,-52],[135,75],[124,-14],[32,-13],[48,14],[32,39],[15,45],[70,1],[150,78],[34,12],[12,-14],[102,-20],[87,6],[123,-20],[62,35],[52,-50],[70,-44],[42,3],[36,-21],[247,19],[97,-5],[99,18],[59,-1],[125,-15],[40,3],[42,20],[39,4],[68,24],[96,8],[130,42],[51,33],[96,9],[97,50],[93,27],[72,9],[105,-13],[98,17]],[[55013,132128],[6,-20],[42,-31],[58,94],[33,28],[57,79],[35,22],[124,36],[118,-10],[89,67],[20,2],[92,-53],[68,-48],[88,-53],[60,-47],[60,-105],[41,-103],[17,-116],[-2,-130],[21,-10],[157,-31],[160,-51],[71,-19],[72,-3],[199,91],[34,-16],[79,-59],[112,-75],[52,-23],[-2,37],[186,-65],[33,-58],[30,-82],[36,-35],[81,-43],[51,-16],[27,-24],[50,-17],[84,-56],[117,-28],[144,-2],[57,-11],[222,11],[8,24],[25,-29],[45,-85],[60,-79],[144,-98],[143,-87],[113,-101],[93,-49],[120,-54],[128,-26],[108,-11],[75,-23],[164,-95],[48,-57],[55,-33],[8,-22],[98,-72],[71,-46],[131,-66],[110,-40],[39,5],[100,49],[103,2],[13,-15],[108,-4],[114,-16],[137,-6],[190,6],[128,-4],[270,-20],[184,-5],[112,-8],[76,-12],[90,-33],[57,-29],[167,-74],[100,-52],[123,-11],[26,-17],[28,-51],[96,-48],[84,-15],[233,-7],[40,-11],[48,-41],[120,-67],[64,-21],[28,24],[94,6],[97,-64],[37,-86],[35,-9],[83,64],[59,29],[86,26],[67,3],[137,-23],[100,-21],[53,-20],[111,-52],[132,-1],[103,-18],[128,-67],[27,-6]],[[48593,117666],[-29,12],[-72,-21],[-172,-22],[-44,15],[-84,-8],[-56,-15],[-129,-12],[-64,13],[-80,27],[-137,30],[-169,47],[-35,0],[-59,-49],[-117,-128],[-12,-56],[10,-47],[39,-54],[15,-62],[-34,-80],[-87,-161],[-41,-17],[-28,-73],[-113,-74],[3,-25],[73,-142],[-44,-8],[-138,12],[-131,-39],[-109,-17],[7,-87],[58,-177],[7,-35],[43,-123],[24,-96],[-4,-11],[-60,-8],[-132,-29],[-67,-41],[-101,-108],[-124,-33],[-27,-20],[-27,-102],[-109,11],[-7,-30],[70,-57],[70,-39],[54,-58],[45,-129],[12,-90],[-31,-20],[-40,23],[-38,4],[-158,-122],[-144,-100],[-103,-95],[-30,-45],[-39,-83],[-26,-14],[-31,10],[-16,27],[-96,23],[-35,25],[-36,3],[-67,-23],[-29,-42],[-37,40],[-37,-8],[39,-57],[-20,-10],[-38,41],[-18,36],[-26,-29],[-36,7],[-22,45],[-53,43],[-12,46],[17,69],[-55,26],[-130,42],[-52,7],[-16,49],[-31,52],[-16,56],[-49,2],[-184,-36],[-111,3],[-59,8],[-73,-26],[-143,-9],[-22,-20],[-14,24],[-26,-40],[-28,-5],[-11,-67],[-15,-13],[-63,-3],[-26,75],[-21,5],[-4,51],[-23,96],[9,23],[-43,184],[-65,-13],[-99,-88],[-78,8],[-7,-77],[-24,-30],[5,-39],[34,-36],[26,-57],[6,-51],[36,-70],[35,-22],[61,-4],[12,-37],[-8,-55],[-44,-54],[-27,-18],[21,-33],[-28,-67],[16,-96],[-2,-50],[-40,20],[-55,5],[-72,-20],[-30,-19],[-51,-81],[-20,-45],[6,-50],[73,-34],[51,-108],[-57,-36],[-15,-47],[-9,-70],[-48,12],[-9,-18],[31,-17],[-30,-103],[-70,-53],[-13,-71],[11,-36],[56,-18],[26,21],[38,-6],[10,25],[70,-5],[50,-15],[125,23],[83,4],[10,-29],[-5,-57],[-33,-21],[-29,-52],[-30,-25],[-65,-20],[-20,-18],[-47,-112],[27,-77],[58,-92],[12,-53],[2,-68],[43,-89],[-5,-34],[-46,-34],[-48,-81],[-144,63],[-44,2],[-3,-95],[25,-44],[-39,-50],[214,-48],[64,11],[43,25],[113,19],[59,37],[156,75],[131,-78],[116,9],[65,35],[42,-16],[44,-55],[14,-108],[33,-18],[81,-112],[72,10],[19,32],[43,-5],[68,-24],[103,-68],[95,-51],[16,-71],[-26,-96],[-15,-16],[4,-38],[-70,-93],[-3,-15],[40,-112],[43,-142],[7,-92],[18,-8],[-34,-83],[12,-68],[-15,-82],[5,-31],[35,-50],[2,-51],[-48,-68],[-15,-37],[-16,-84],[-28,-43],[-59,-11],[-57,-32],[-52,3],[-57,-37],[-32,-73],[-43,-55],[-81,75],[-53,-95],[-86,-7],[-51,4],[-45,-12],[-40,-54],[-71,-14],[-13,-71],[-35,-5],[-3,50],[-59,-18],[-34,-74],[-45,12],[-103,5],[-32,18],[-15,73],[5,81],[-37,23],[-35,-6],[4,48],[-132,11],[-116,-6],[-25,-133],[15,-44],[-26,-27],[-65,13],[-49,-5],[-49,-22],[-13,21],[20,42],[-3,82],[-35,26],[-33,3],[-135,-8],[-28,80],[-63,88],[-43,45],[-35,76],[-101,-38],[-11,-69],[40,-34],[6,-21],[-30,-45],[6,-99],[49,-68],[45,-21],[6,-52],[-125,-67],[-40,-72],[-82,-124],[-92,-61],[-58,-14],[-45,15],[12,70],[57,108],[52,49],[30,59],[0,67],[-42,101],[-70,41],[-63,24],[-179,43],[-96,3],[-68,35],[-29,-5],[-10,-30],[-30,3],[-9,-59],[-55,-19],[-165,-10],[-11,31],[-75,31],[-41,-29],[-47,14],[-25,55],[-21,15],[-113,-17],[-24,-35],[-83,-2],[-21,-50],[-35,-23],[-61,14],[-40,-26],[24,-91],[16,-16],[4,-104],[-66,-22],[-82,-5],[-84,64],[-49,1],[-12,-25],[-38,-21],[-34,-1],[-132,-47],[-22,133],[-58,13],[-140,6],[-75,47],[-149,11],[-91,17],[-57,1],[-32,17],[-124,6],[-12,25],[20,56],[-26,62],[-87,1],[-39,69],[0,18],[-46,33],[-131,17],[-238,-4],[-15,-6],[3,-72],[-6,-94],[-18,-24],[-33,-7],[-43,-35],[-126,-42],[-63,-4],[-62,9],[-36,23],[-87,9],[-6,35],[5,100],[-95,-7],[-159,15],[-35,-6],[-26,-79],[-35,-14],[-113,15],[-208,33],[-16,35],[-114,9],[-18,-10],[-59,2],[-20,25],[-110,4],[-39,-14],[-42,18],[-63,10],[-187,-6],[-2,122],[-129,17],[-1,-38],[-45,-46],[-26,4],[-39,-44],[-19,6]],[[37715,111463],[-22,23],[-27,-18],[-22,38],[-35,1],[-16,25],[44,36],[-8,21],[-35,10],[43,53],[-84,28],[2,25],[32,35],[5,43],[-27,14],[-13,-44],[-83,12],[-9,20],[46,13],[11,21],[-62,25],[2,46],[-58,24],[-29,37],[35,24],[-8,17],[-37,-6],[5,75],[-41,65],[-4,57],[11,60],[-32,31],[33,44],[18,51],[39,34],[15,91],[18,25],[-9,51],[-132,1],[-116,-12],[-82,-15],[-63,-1],[-11,18],[-38,2],[0,-16],[-130,7],[2,64],[-12,38],[-23,27],[10,57],[-17,25],[1,120],[14,103],[-97,10],[-104,-5],[-57,7],[10,49],[60,58],[-19,33],[-76,-3],[-37,25],[13,70],[-74,-4],[-6,21],[-44,27],[-65,0],[-33,32],[-54,-3],[-13,15],[-141,-12],[6,58],[-17,23],[-56,3],[-14,-69],[-64,-42],[-92,-6],[-12,28],[-63,0],[-24,66],[13,49],[-189,-9],[-94,-12],[3,-94],[-35,0],[-16,-34],[-32,-4],[12,-49],[-27,-35],[-42,-9],[-13,-29],[-64,-7],[-1,33],[-40,-3],[-23,-129],[110,-17],[54,-25],[-6,-74],[-22,-91],[-18,-23],[19,-62],[-67,-15],[-38,-37],[-90,7],[-49,-50],[-34,-6],[-2,-36],[-18,0],[-10,-95],[-45,-50],[-63,-5],[-11,-41],[15,-25],[30,-2],[-5,-36],[-33,-6],[-36,-47],[-37,-18],[-9,-24],[33,-21],[50,-79],[-1,-18],[-107,-15],[-58,7],[-35,-30],[-27,11],[-22,-36],[-32,-10],[-40,-38],[-93,1],[-13,92],[-37,12],[-9,89],[-23,21],[-69,-1],[-15,107],[-33,1],[-17,101],[-13,4],[10,89],[-85,13],[-19,17],[7,55],[78,17],[12,61],[-2,117],[-13,76],[-3,61],[-75,-12],[-29,-20],[-65,-6],[-71,-18],[-8,-162],[-33,-6],[-13,-27],[-28,43],[-13,73],[14,92],[-94,71],[-64,13],[-105,2],[44,61],[67,15],[42,44],[-5,72],[-11,31],[23,51],[5,52],[-18,38],[24,10],[118,-13],[57,55],[22,2],[-2,51],[11,43],[45,19],[4,16],[-47,12],[-69,4],[-42,-24],[-39,14],[28,67],[5,56],[-12,44],[-73,64],[-18,3],[-26,-61],[-35,-17],[-213,19],[9,70],[29,2],[30,118],[-6,28],[-46,37],[-68,42],[-65,-17],[-73,-28],[-3,-19],[-46,-7],[-16,-59],[-52,-50],[-19,2],[-6,-37],[-50,7],[-101,76],[-16,-55],[-23,-25],[-7,-65],[-41,-43],[0,-105],[10,-24],[115,-26],[8,-83],[-69,-14],[-41,-24],[-9,-33],[-41,-18],[27,-25],[14,10],[18,-56],[-9,-32],[28,-19],[-32,-15],[-2,-31],[-63,-14],[0,-12],[-77,-5],[-8,-26],[-243,11],[-32,-24],[-31,-47],[13,-19],[-36,-21],[-19,17],[-82,-12],[-35,5],[-33,44],[93,37],[10,95],[-27,-3],[-21,36],[-74,-14],[-64,6],[-28,36],[-32,79],[-40,46],[5,45],[-33,5],[5,69],[-16,65],[-42,10],[-36,81],[-83,133],[68,37],[-9,59],[6,55],[-12,86],[-41,1],[8,25],[-15,87],[65,62],[71,9],[19,-13],[61,-6],[37,35],[17,126],[3,67],[-45,12],[-38,-5],[3,22],[33,18],[-10,31],[36,75],[48,8],[72,-12],[124,29],[18,15],[27,-16],[-15,-80],[22,-35],[203,14],[11,24],[53,20],[46,0],[7,60],[-14,15],[-2,135],[-68,49],[3,102],[-22,110],[-165,4],[-12,23],[-125,-23],[-23,-55],[9,-52],[-23,-45],[-46,4],[-28,-53],[-53,-2],[-129,-21],[-8,15],[-35,188],[-68,-40],[-36,-9]],[[32001,114994],[-64,2],[-23,19],[25,50],[52,40],[10,30],[1,74],[-77,-45],[-61,32],[-30,77],[9,95],[-39,44],[19,37],[83,-7],[51,64],[-12,21],[-68,9],[-52,18],[8,21],[79,-25],[5,21],[-41,50],[37,13],[58,-7],[-57,89],[3,36],[24,24],[70,0],[65,41],[66,-8],[29,57],[49,18],[9,18],[-41,49],[49,5],[10,36],[43,46],[5,24],[-48,3],[-3,30],[30,10],[-5,24],[-44,40],[24,6],[40,-27],[54,13],[5,72],[13,9],[-1,73],[-24,41],[3,32],[29,27],[12,53],[-4,75],[-23,5],[-48,-36],[-44,-3],[-97,-35],[-85,-8],[-35,-13],[-95,-60],[-48,9],[-17,67],[19,3],[-25,33],[0,110],[-18,25],[-33,2],[-14,-64],[-64,11],[-5,-39],[-44,-5],[-15,-32],[26,-24],[5,33],[23,3],[58,-32],[-56,-32],[0,-47],[17,-12],[-7,-76],[-24,3],[-36,30],[-63,4],[-34,-46],[4,-41],[45,4],[5,41],[26,14],[-8,-68],[9,-74],[28,-36],[-12,-35],[3,-47],[29,20],[35,-3],[21,19],[-2,38],[-35,20],[-16,50],[77,-14],[14,-22],[-9,-120],[10,-52],[36,-15],[2,-28],[-23,-9],[0,-27],[-105,12],[-8,63],[-18,31],[-124,18],[-119,24],[-58,40],[-65,9],[-20,-36],[-80,-8],[21,-28],[182,-16],[63,-37],[43,-53],[-14,-13],[-2,-75],[-15,-10],[-98,0],[-46,11],[-21,37],[-5,36],[-31,21],[-11,-19],[3,-54],[-93,2],[-80,53],[-27,36],[-9,44],[-26,43],[-66,45],[-35,44],[-70,34],[-34,-29],[-83,-14],[-14,-60],[-48,-18],[-32,-44],[-68,13],[-58,-4],[-50,-13],[-12,-26],[-44,2],[-3,31],[33,47],[4,92],[12,75],[-34,24],[6,36],[51,-4],[8,-61],[58,-24],[35,25],[0,18],[-40,4],[7,40],[79,1],[15,-27],[32,3],[25,75],[29,7],[36,31],[39,12],[0,41],[-28,6],[-5,37],[-80,6],[-42,32],[-64,3],[-84,30],[-54,30],[-7,38],[68,7],[13,36],[25,2],[-10,52],[34,18],[42,44],[11,67],[11,14],[203,23],[-1,20],[-56,34],[-142,4],[-32,11],[-6,46],[25,31],[-8,63],[-50,23],[-11,25],[-47,28],[55,38],[47,16],[-8,21],[-45,12],[-132,9],[-26,20],[-1,71],[49,22],[-1,56],[-41,61],[36,7],[30,95],[30,65],[70,63],[32,20],[-1,59],[-34,30],[-82,43],[-39,1],[-19,51],[-129,5],[-47,39],[-56,-8],[4,-60],[-68,2],[-4,-17],[32,-40],[7,-32],[-49,3],[-49,17],[-52,-3],[-21,-25],[-14,-58],[-131,-6],[-11,14],[-17,82],[-35,13],[-8,25],[-42,4],[-61,-27],[-29,-34],[-23,-4],[-37,33],[-14,62],[-21,28],[-14,56],[-76,-2],[-22,-17],[-84,-17],[-27,-28],[-110,-141],[-61,-40],[-105,9],[-120,-2],[-29,-39],[-51,2],[-44,51],[-22,-4],[-3,-33],[-21,-13],[-78,-9],[-5,-64],[17,-91],[-12,-124],[-154,0],[-24,-13],[-9,-134],[-13,-21],[-89,11],[-108,-7],[-91,59],[-39,-2],[-64,-28],[-65,-14],[-7,-35],[5,-64],[-23,-40],[-36,-21],[-18,-61],[-64,-9],[-30,-19],[-14,-43],[5,-79],[-22,-147],[34,-55],[10,-48],[-88,20],[-39,37],[-183,39],[-98,-17],[-59,-47],[-19,-61],[51,-59],[-12,-17],[-74,-15],[-125,66],[-69,14],[-9,24],[-33,18],[-8,41],[-41,26],[-11,40],[74,-42],[54,-12],[12,10],[-14,76],[-42,17],[-1,50],[-17,25],[-68,33],[0,22],[30,51],[95,23],[16,46],[-15,95],[2,86],[48,13],[27,32],[0,32],[39,39],[15,53],[58,57],[27,7],[12,29],[-1,172],[3,50],[78,57],[-16,24],[-55,-14],[-31,3],[-4,53],[-24,21],[-8,35],[-43,-15],[-16,22],[23,39],[55,4],[78,18],[31,36],[11,88],[-8,46],[-2,159],[20,31],[58,5],[-16,19],[60,11],[-10,60],[-48,-13],[-69,29],[-110,18],[-12,89],[8,21],[-59,46],[0,42],[22,85],[-27,3],[-8,53],[-24,4],[4,38],[-20,21],[0,43],[27,22],[71,-25],[15,-35],[74,29],[23,42],[4,42],[59,1],[4,-95],[47,0],[8,21],[51,0],[7,18],[40,-28],[54,53],[15,39],[0,52],[-152,3],[-82,10],[-17,29],[27,64],[-9,136],[-67,26],[-16,155],[-17,41],[1,61],[-47,16],[45,76],[28,31],[20,57],[38,9],[54,-3],[51,62],[62,0],[47,29],[54,-3],[20,46],[43,-3]],[[27872,119898],[37,-25],[61,-3],[48,-23],[50,1],[43,-15],[68,-6],[63,6],[67,38],[43,-10],[94,22],[30,-51],[18,-54],[-33,-62],[21,-77],[48,19],[28,-30],[45,1],[37,33],[16,92],[56,14],[27,58],[35,19],[127,-16],[21,-23],[61,9],[41,-19],[35,28],[36,8],[77,-13],[27,82],[28,10],[65,-5],[11,32],[-13,84],[30,-11],[58,12],[35,28],[44,-2],[31,-47],[70,48],[32,0],[19,-70],[52,-20],[12,-24],[60,11],[23,56],[25,19],[4,89],[23,21],[124,9],[43,24],[10,85],[40,36],[25,-6],[47,-62],[107,-10],[15,-16],[116,-11],[25,52],[61,27],[42,35],[205,0],[9,12],[-11,84],[-39,7],[-111,-12],[-35,6],[-6,37],[-35,46],[-11,65],[-21,49],[-118,-1],[-9,70],[51,14],[24,52],[25,9],[-5,37],[78,62],[106,-52],[12,-36],[81,-45],[37,-6],[96,9],[46,88],[67,9],[12,30],[-10,43],[-5,101],[36,35],[28,95],[25,42],[-45,14],[-99,-26],[-20,26],[2,28],[-33,179],[-27,59],[-61,-19],[-47,139],[-7,75],[8,56],[-26,19],[-92,7],[-28,87],[9,68],[46,4],[-18,49],[-13,114],[35,3],[71,-21],[26,11],[25,120],[31,11],[35,52],[84,11],[9,29],[2,77],[-11,31],[-83,-11],[-6,15],[17,86],[-1,131],[-41,40],[-40,81],[-27,24],[-7,56],[74,20],[129,-18],[123,21],[24,-12],[2,73],[19,10],[4,85],[34,48],[98,1],[61,-8],[21,-24],[11,-71],[57,5],[59,-9],[5,46],[109,-7],[22,-48],[-21,-29],[53,-23],[34,-3],[37,-37],[125,-15],[-26,-39],[16,-6],[-4,-38],[18,-36],[-38,-80],[-18,-13],[-85,-129],[16,-7],[101,-1],[178,8],[412,3],[122,6],[221,-3],[43,8],[130,3],[119,-14],[74,18],[45,23],[145,12],[27,-7],[17,-89],[23,-32],[3,-51],[44,-16],[18,-49],[118,-24],[34,3],[51,23],[11,23],[-39,-7],[-58,13],[-14,49],[76,47],[-42,41],[8,44],[-47,17],[-11,23],[35,15],[14,24],[-96,96],[42,12],[-11,45],[16,48],[-1,41],[-96,-9],[20,75],[-8,23],[-52,-24],[-56,19],[9,29],[31,14],[25,35],[-18,23],[-32,-23],[-21,24],[-47,17],[-18,55],[24,14],[54,-17],[35,20],[-27,34],[14,50],[68,14],[23,49],[6,88],[22,19],[54,1],[29,44],[108,-19],[129,3],[10,46],[-71,9],[-2,64],[-51,16],[-39,-5],[-20,12],[21,57],[9,54],[-34,19],[-21,57],[195,51],[34,-15],[49,3],[88,-13],[50,5],[9,37],[-5,58],[-152,5],[-46,20],[13,41],[48,-5],[36,14],[23,34],[38,30],[17,61],[37,-6],[21,48],[70,47],[33,135],[36,24],[86,3],[59,50],[60,70],[41,80],[23,16],[-11,37],[-19,8],[-149,11],[21,50],[-28,54],[60,39],[43,-8],[19,-38],[58,-10],[16,-88],[37,-13],[-1,-36],[51,-10],[32,22],[69,4],[31,-22],[20,-78],[22,-4],[215,14],[21,7],[9,79],[49,40],[17,53],[20,4],[12,35],[50,14],[23,43],[-2,53],[-31,29],[-2,129],[15,95],[44,107],[-5,69],[8,52],[20,4],[4,34],[40,23],[15,29],[120,-8],[-5,23],[-40,30],[14,12],[-22,104],[-36,101],[-55,83],[-3,53],[44,10],[50,29],[15,39],[61,2],[36,-19],[44,4],[28,70],[69,39],[53,89],[54,18],[47,55],[189,106],[55,16],[111,66],[41,38],[51,11],[26,59],[43,48],[21,59],[-44,-15],[-22,15]],[[36099,126427],[35,104],[54,7],[17,39],[-10,45],[-45,28],[29,44],[75,4],[13,43],[56,73],[1,91],[17,69],[57,42],[37,5],[81,32],[38,107],[19,33],[28,14],[44,-45],[53,-1],[-1,64],[35,27],[28,-29],[132,-17],[7,-60],[106,-6],[17,21],[36,5],[24,-15],[125,-23],[111,107],[-9,17],[34,19],[103,-20],[67,4],[23,33],[92,-11],[32,-26],[28,-45],[10,-78],[24,-24],[-12,-69],[11,-32],[58,-42],[84,-30],[-41,-114],[-34,-41],[-84,-31],[-112,-15],[-10,-17],[25,-36],[36,0],[124,39],[34,-31],[27,-84],[62,2],[94,81],[38,-30],[29,-42],[41,-85],[46,-33],[64,-29],[31,-43],[-6,-61],[75,-22],[27,5],[83,-14],[-31,-35],[-77,-145],[50,-38],[1,-32],[-33,-32],[0,-24],[102,-157],[15,-37],[-7,-42],[13,-34],[55,-10],[89,5],[110,22],[6,-38],[123,-50],[63,-56],[64,-34],[40,-5],[33,-23],[25,-49],[1,-62],[46,-17],[-1,-61],[-29,-35],[35,-23],[83,-2],[-6,-54],[58,-39],[11,8],[5,132],[-32,26],[19,70],[23,183],[-21,13],[7,52],[38,20],[24,39],[45,4],[57,-12],[100,-35],[79,7],[-57,159],[-17,64],[-40,31],[-4,51],[36,2],[130,-18],[126,-31],[42,44],[57,101],[31,-6],[35,-44],[77,-54],[29,-75],[36,30],[70,-9],[40,-42],[0,-83],[23,-120],[23,-49],[57,-6],[45,141],[33,46],[150,20],[86,-10],[25,-34],[-4,-59],[47,-31],[56,11],[55,26],[-12,26],[-67,-28],[-21,31],[9,49],[28,24],[155,10],[101,46],[63,-1],[25,-19],[-14,-52],[30,-76],[-8,-21],[-84,-70],[-38,-96],[0,-107],[15,-19],[52,0],[11,-12],[8,-65],[24,-9],[17,39],[3,49],[-23,35],[-1,34],[-29,45],[7,61],[30,8],[39,-24],[51,7],[21,-18],[17,-65],[43,-25],[58,12],[32,33],[53,-33],[15,-38],[-16,-59],[-26,-27],[-75,-6],[0,-39],[48,-6],[147,34],[96,-16],[24,15],[7,48],[34,113],[28,3],[34,-22],[72,-15],[92,15],[115,35],[79,-9],[49,-36],[12,-31],[8,-146],[31,-53],[47,-22],[109,5],[10,-12],[73,-15],[30,-26],[53,-90],[31,-6],[90,4],[46,-25],[1,-42],[113,-2],[80,-27],[61,-1],[82,-13],[68,12],[18,26],[94,-11],[-4,59],[54,27],[-5,-38],[33,-32],[21,-54],[70,-36],[41,1],[62,46],[24,7],[146,-34],[78,-7],[27,-49],[26,0],[16,29],[27,-1],[25,-29],[62,-22],[44,-2],[24,30],[111,7],[107,-59],[83,-8],[4,46],[23,31],[50,8],[51,-6],[51,-30],[45,-9],[13,16],[-51,43],[-3,28],[75,21],[1,31],[41,11],[11,-35],[48,2],[1,25],[24,2],[9,-34],[191,4],[69,8],[48,23],[78,10],[83,1],[46,58],[59,62],[61,19],[159,-13],[65,-2],[37,10],[122,-60],[103,-55],[199,-99],[186,-107],[74,-39],[59,-10],[127,-7],[16,10],[-8,57],[135,122]],[[34053,130373],[-18,-52],[-1,-68],[-57,-12],[-18,-29],[-82,-6],[-1,-105],[-63,-19],[-48,-26],[-1,-43],[-39,-28],[0,-36],[-115,-78],[32,-146],[2,-54],[-17,-77],[-66,-11],[33,-108],[26,-14],[6,-87],[-4,-45],[-37,-94],[-17,-23],[-79,-46],[-46,-5],[-40,-61],[-41,-11],[10,-71],[253,-18],[15,-27],[26,0],[26,24],[38,-32],[-6,-67],[29,-18],[-44,-24],[-4,-48],[19,-33],[3,-88],[26,-10],[60,2],[76,-14],[5,-79],[32,13],[114,12],[27,-11],[1,-46],[47,-52],[62,-1],[33,42],[26,6],[15,-59],[-6,-65],[55,-12],[27,-80],[48,-9],[13,-52],[-29,-82],[18,-33],[-34,-14],[-15,-52],[-33,-27],[-54,2],[-11,-27],[40,-23],[-14,-27],[100,-14],[92,2],[9,-25],[-27,-21],[66,14],[48,-3],[108,15],[22,-68],[21,-10],[13,-94],[36,-10],[38,-114],[21,-43],[15,-60],[35,-60],[47,-45],[37,-20],[73,-64],[13,-23],[-4,-43],[65,-75],[63,-2],[15,-84],[21,-18],[2,-50],[-40,-15],[14,-115],[56,-48],[-2,-47],[12,-43],[36,-23],[13,-38],[-10,-49],[53,-7],[33,16],[118,-16],[34,4],[14,-18],[77,-1],[1,25],[43,-3],[-20,-43],[-1,-46],[20,-15],[36,2],[59,-36],[52,13],[71,-43],[50,8],[44,-8],[42,-34],[6,-37],[61,-25],[42,-5]],[[27872,119898],[3,48],[23,123],[58,82],[-40,35],[-8,38],[-24,35],[-43,28],[3,159],[55,8],[11,21],[74,18],[109,86],[31,0],[8,46],[-8,35],[42,71],[39,0],[30,124],[39,46],[62,36],[-1,122],[-8,13],[-102,10],[-12,52],[-23,49],[-29,120],[-23,24],[-39,6],[59,271],[42,224],[26,73],[2,99],[29,9],[-16,38],[24,123],[-13,17],[-81,32],[19,76],[-20,29],[-71,11],[29,67],[-10,62],[12,14],[-16,76],[9,26],[49,1],[19,46],[25,18],[59,-11],[-4,61],[13,29],[-17,47],[-29,46],[-1,29],[32,111],[-4,38],[-68,43],[-39,5],[-7,54],[6,99],[9,29],[36,9],[90,1],[117,-11],[25,90],[32,53],[12,108],[-10,9],[-1,93],[-58,26],[-30,52],[-17,140],[-13,26],[3,50],[35,18],[56,-2],[1,110],[-52,19],[10,91],[64,42],[-16,29],[64,-11],[1,-38],[32,-21],[6,88],[25,93],[-36,35],[20,56],[37,-36],[50,9],[-4,27],[-104,35],[-13,23],[-15,-50],[-62,14],[-39,29],[42,59],[38,29],[113,-5],[20,18],[-23,14],[25,21],[42,3],[0,55],[-62,32],[-30,-30],[1,59],[-39,75],[-52,-8],[-62,25],[-10,50],[6,32],[51,82],[78,53],[2,53],[29,35],[3,79],[-88,11],[-51,-21],[-26,38],[-81,-4],[-81,8],[-33,26],[-67,3],[-26,-61],[-39,-7],[-9,-81],[-25,-18],[-27,84],[-19,12],[-88,11],[-13,17],[-61,3],[-101,20],[-55,78],[2,41],[-32,46],[-94,11],[-91,-9],[-42,-18],[-13,64],[-26,6],[-6,-32],[-100,-29],[-56,-2],[-38,27],[-110,17],[-26,-6],[-13,-47],[-87,23],[-87,-10],[-49,15],[-6,-35],[33,-82],[-6,-61],[70,-35],[-18,-29],[-26,0],[-31,-126],[-19,-26],[-29,0],[-16,-27],[-6,-81],[13,-44],[49,-35],[36,0],[-3,-55],[46,-48],[-58,-56],[-42,3],[-7,74],[-39,11],[-88,90],[25,50],[26,15],[-17,55],[-32,14],[-117,17],[-54,-9],[-31,-17],[-57,25],[54,52],[56,125],[53,174],[0,23],[-29,36],[-5,55],[-35,19],[-100,0],[-49,29],[-40,91],[-42,37],[-20,78],[-67,95],[7,31],[-25,32],[-5,53],[17,73],[35,71],[24,22],[6,59],[45,58],[49,103],[4,91],[32,69],[76,119],[12,65],[0,83],[-25,92],[-23,142],[6,75],[25,58],[2,31],[-20,53],[-57,45],[-44,53],[-40,30],[-11,41],[-31,6],[-128,78],[-39,9],[-11,32],[-27,8],[-99,90],[-7,43],[35,12],[30,54],[15,81],[21,17],[62,-3],[12,63],[-15,40],[-60,46],[-68,24],[-107,11],[2,27],[65,42],[54,58],[32,109],[-5,96],[-21,99],[-5,85],[-32,17]],[[25961,128473],[6,86],[19,60],[-5,43],[85,82],[49,13],[-21,43],[38,38],[83,64],[38,15],[21,25],[75,-32],[-1,-25],[51,-6],[-3,-45],[26,-28],[45,-24],[5,-65],[57,5],[38,57],[39,27],[62,-1],[12,86],[23,42],[-118,44],[-45,4],[6,38],[55,16],[27,60],[31,19],[-28,62],[6,97],[10,31],[-39,-13],[-49,2],[-16,-26],[-81,-9],[-64,21],[-25,44],[-46,28],[-57,52],[-2,43],[19,46],[67,67],[-17,71],[24,108],[0,39],[-17,24],[16,35],[23,-34],[28,-6],[50,-55],[8,-47],[77,3],[43,-19],[48,6],[34,27],[76,-13],[30,19],[28,43],[77,-35],[34,11],[24,46],[51,21],[70,-36],[15,64],[-77,72],[-15,39],[15,52],[-13,74],[9,66],[-27,102],[-59,49],[-71,74],[-77,51],[-47,63],[39,39],[61,87],[-51,54],[-51,85],[5,38],[31,21],[41,53],[23,14],[56,8],[-5,59],[10,32],[31,34],[73,-9],[26,23],[75,8],[73,24],[90,39],[40,3],[34,59],[71,-4],[40,11],[29,99],[34,-16],[47,15],[33,-9],[33,50],[13,47],[24,-1],[8,29],[34,12],[24,74],[39,37],[16,41],[22,11],[130,-22],[28,-36],[-9,-25],[16,-34],[72,-7],[44,-26],[99,1],[98,-18],[13,-16],[-3,-65],[10,-32],[47,-12],[23,27],[-22,110]],[[28328,131385],[30,-5],[5,-24],[65,-12],[105,19],[41,-8],[14,-46],[36,-24],[36,3],[5,22],[41,14],[17,64],[39,46],[-6,25],[60,-22],[18,16],[67,-11],[24,176],[54,-25],[10,21],[39,-2],[5,-32],[31,3],[26,-20],[65,-18],[-44,-9],[0,-25],[63,-52],[38,30],[44,0],[10,-36],[-25,-27],[28,-11],[11,-30],[36,-2],[57,-26],[44,5],[33,-30],[-4,-31],[56,-9],[6,19],[-47,35],[-52,63],[23,-4],[101,-74],[34,-15],[39,-48],[103,-19],[5,23],[26,-14],[33,14],[22,-104],[10,-20],[44,-16],[20,39],[70,-4],[7,19],[39,-9],[26,16],[22,68],[18,10],[-11,59],[-36,22],[76,43],[39,-12],[14,43],[41,-16],[-9,-61],[34,15],[51,-15],[9,-33],[24,22],[6,-49],[28,-16],[-17,-19],[24,-23],[41,-1],[-19,-34],[13,-11],[21,32],[25,3],[21,-60],[26,-9],[18,-41],[39,-3],[-10,-50],[-17,-7],[19,-32],[73,2],[6,-30],[36,-1],[-4,-20],[-53,-11],[40,-50],[61,-4],[8,24],[40,-41],[37,-15],[57,29],[13,-35],[-52,-3],[8,-28],[69,5],[9,29],[39,-34],[-39,-11],[-9,-28],[67,-14],[5,-20],[-36,-46],[39,-2],[3,-18],[-59,-37],[38,-8],[44,39],[19,-10],[-22,-30],[19,-24],[16,32],[19,-7],[17,-50],[70,0],[5,35],[-28,-10],[-22,24],[16,11],[96,-18],[60,-36],[28,25],[47,2],[10,30],[49,58],[72,2],[120,-26],[46,7],[20,144],[47,18],[15,53],[5,68],[18,16],[65,8],[13,-23],[-2,-64],[20,-18],[6,-43],[39,-12],[23,-38],[83,-50],[26,-2],[36,20],[88,10],[160,26],[-18,119],[0,109],[-37,7],[-27,54],[60,-26],[45,12],[93,0],[83,10],[29,-8],[99,11],[-18,-68],[46,-17],[31,-38],[97,16],[25,-35],[29,1],[34,-26],[12,-45],[-94,-47],[-30,-34],[36,-10],[53,8],[29,-55],[67,23],[34,-17],[17,-42],[-6,-25],[36,-52],[68,-36],[106,10],[12,-69],[31,-76],[54,12],[16,31],[-10,27],[39,-23],[35,-36],[47,-1],[18,52],[42,20],[28,-25],[107,24],[1,38],[44,61],[15,83],[64,-8],[55,-35],[-10,-163],[20,-21],[6,-53],[56,-9],[15,-41],[125,2],[50,9],[36,23],[18,-66]],[[32001,114994],[-14,-105],[-48,-60],[-26,-140],[31,-64],[-15,-55],[17,-22],[-23,-36],[31,-51],[-9,-34],[-63,16],[-29,-19],[29,-32],[90,-45],[55,19],[-1,-46],[-21,-16],[-110,-11],[-65,-83],[-59,-20],[-64,88],[-38,10],[-14,-22],[3,-57],[14,-47],[-41,20],[-12,53],[-37,32],[-32,-37],[8,-68],[21,-51],[3,-45],[-64,-14],[-16,-50],[-6,-72],[-58,-24],[-45,-64],[-29,-13],[-32,48],[-36,12],[-48,-24],[-102,-79],[-27,-65],[-23,-9],[-98,3],[-19,-43],[-28,-29],[27,-51],[45,-12],[-17,-19],[-33,15],[-24,-8],[-3,-48],[38,-39],[22,-2],[5,-61],[37,-1],[4,-18],[-42,-16],[-4,-73],[54,-24],[-2,-31],[27,-34],[-9,-18],[-34,15],[-61,-33],[-14,-76],[14,-40],[-20,-30],[-1,-47],[22,0],[-1,-60],[-16,-44],[-26,-26],[30,-21],[7,-41],[-41,-62],[0,-27],[63,19],[17,-30],[-60,-66],[-25,-16],[-53,-85],[8,-53],[-12,-35],[49,-11],[43,-28],[37,-63],[81,-23],[-6,-80],[68,41],[20,-36],[-57,-32],[0,-14],[45,-30],[0,-18],[-36,-61],[-4,-36],[32,-68],[3,-74],[-19,-54],[34,-53],[-12,-101],[-43,-61],[36,-61],[-50,-35],[-10,-39],[-19,-10],[-80,-7],[-21,-14],[-3,-32],[71,-43],[-4,-43],[-28,-33],[-64,-12],[-3,-50],[-15,-49],[1,-93],[40,-49],[-25,-44],[34,-11],[-29,-39],[-25,8],[-60,-48],[-41,-51],[-40,29],[-22,38],[-1,51],[-31,57],[-54,20],[-79,3],[-6,-122],[-28,-26],[-73,-4],[-5,-118],[-16,-52],[-81,-8],[-131,14],[-2,-16],[-38,6],[-143,5],[-66,25],[-3,55],[-37,55],[-42,8],[-45,-9],[-72,-43],[-49,-56],[-50,-17],[-75,28],[-53,40],[-23,33],[-175,182],[-27,15],[-80,-2],[-80,17],[-21,16],[-23,75],[-103,176],[-36,49],[-28,15],[-71,7],[-86,-3],[-67,-44],[-23,-31],[-44,-92],[-36,-56],[-15,-4],[-103,36],[-63,4],[-59,60],[-58,36],[-39,49],[-9,28],[53,31],[77,20],[31,20],[30,68],[-22,59],[-58,53],[-53,21],[-123,63],[-49,20],[-82,15],[-75,38],[-35,30],[-49,-36],[-22,6],[-30,37],[-175,97],[-17,58],[-132,27],[-8,18],[-37,-8],[-53,15],[-12,28],[-33,5],[-9,60],[-73,41],[-50,-10],[-11,-28],[-31,5],[-3,-26],[-67,7],[-94,-5]],[[27090,112146],[-35,7],[-22,23],[-45,9],[-70,-81],[-55,-74],[-27,-23],[-33,8],[-23,58],[-96,27],[-14,56],[-68,17],[17,23],[-6,33],[-33,40],[-35,-12],[-34,30],[-51,4],[28,48],[-3,28],[-70,-8],[3,-25],[-33,-82],[-39,-18],[-12,23],[-45,2],[-28,18],[16,112],[-26,50],[0,41],[-17,15],[-87,9],[-6,18],[-81,22],[24,97],[-6,78],[5,28],[-22,36],[5,78],[-68,50],[-17,33],[-4,107],[21,64],[-74,22],[-11,20],[8,41],[-31,2],[-5,-41],[-32,23],[-18,48],[-74,119],[-41,-11],[-3,25],[-91,116],[-15,71],[0,62],[-12,103],[-1,56],[-17,49],[-237,-12],[-101,26],[-114,-101],[-55,-13],[-49,0],[1,-67],[-72,91],[-82,42],[-54,40],[-33,-30],[-72,-8],[3,-49],[34,-40],[20,-51],[-8,-40],[-49,-21],[-26,31],[-45,25],[-48,-1],[-31,15],[11,21],[-6,61],[-45,40],[19,99],[-129,14],[-91,20],[-66,25],[9,20],[53,8],[0,21],[-41,20],[7,59],[-81,13],[11,102],[-166,36],[-87,14],[-154,8],[-149,-21],[-98,-4],[-169,6],[-23,-112],[-18,-27],[-47,-24],[-70,-10],[-100,21],[-123,35],[-229,88],[-12,32],[26,91],[31,36],[24,51],[0,143],[9,78],[-21,39],[-174,40],[-66,26],[35,129],[8,11],[-37,31],[-25,102],[-23,39],[-57,42],[-110,34],[-110,0],[-60,-53],[-52,-56],[-47,-84],[-47,-26],[-96,-38],[-76,-48],[-128,-59],[-83,-111],[-29,-21],[-53,-17],[-71,-7],[-170,43],[-114,46],[-135,82],[-136,144],[62,60],[-172,88],[-65,24],[-9,-35],[-43,-41],[-48,-82],[-20,-89],[-46,-70],[11,-154],[-9,-39],[-46,-79],[-28,-10],[-88,27],[-17,24],[-70,30],[-80,-112],[-10,-32],[-31,-9],[-98,13],[-19,16],[-3,67],[17,128],[-164,-7],[-61,-17],[1,-58],[-117,-45],[-131,-6],[-30,-11],[-56,-117],[10,-5],[-25,-52],[47,-17],[41,-32],[45,-7],[-13,-120],[-3,-74],[-43,-88],[-90,-38],[-53,-1],[-50,-65],[-10,-44],[78,-6],[113,-29],[18,-60],[15,-2],[2,-70],[11,-20],[76,-13],[9,-14],[-18,-106],[-24,-10],[-172,69],[-49,-30],[-33,-95],[-30,-17],[-36,10],[-64,44],[-3,34],[43,15],[43,94],[-37,73],[-30,10],[-19,-74],[-67,22],[-12,71],[-43,10],[-98,6],[-81,-93],[-13,-25],[-34,-19],[-125,2],[-96,21],[-42,3],[-7,-30],[-30,-31],[-77,4],[-72,-96],[-45,-7],[-53,13],[-67,3],[-15,-72],[-11,-14],[-94,-4],[-23,20],[-12,153],[-23,34],[-68,-1],[-22,-14],[-15,-64],[-26,-48],[8,-51],[-33,-78],[-29,-48],[-56,-45],[-101,-48],[-53,-4],[-71,27],[-23,47],[-65,37],[-19,30],[52,68],[-57,17],[-23,54],[11,24],[105,62],[29,44],[-15,34],[-41,-7],[-79,-42],[-71,24],[-32,97],[-59,120],[-39,105],[-1,39],[30,65],[5,36],[28,44],[81,23],[-7,104],[-16,63],[-21,45],[-9,72],[35,28],[11,35],[-4,60],[21,39],[7,43],[-52,33],[-17,40],[-39,10],[-7,18],[14,217],[-19,53],[-26,145],[-1,83],[-54,60],[-32,56],[-4,51],[-50,62],[-38,22],[-71,16],[-73,-8],[-83,16],[-69,-5],[-84,-51],[-46,-7],[-52,-47],[-56,-4],[-99,14],[-69,4],[3,-63],[-10,-51],[-55,-136],[-22,-41],[-60,-41],[-107,-30],[-24,-17],[-61,-124],[-64,-19],[-40,-21],[-20,50],[-28,26],[-62,5],[-28,32],[-31,-20],[0,44],[42,84],[48,24],[10,54],[43,89],[49,43],[-35,37],[-99,-1],[-48,27],[-18,29],[-63,27],[-15,18],[1,48],[-155,73],[-68,3],[-71,-17],[-81,5],[-45,34],[-51,12],[-97,-55],[-43,-8],[-31,-42],[-88,5],[-39,34],[3,20],[-36,39],[-38,2],[-81,-38],[-82,4],[-62,35],[-39,-1],[-55,42],[-65,33],[-80,-25],[-47,-3],[-74,25],[-25,32],[-12,40],[4,46],[-29,22],[-110,-9],[-31,8],[-63,59],[-59,12],[-69,75],[4,17]],[[14053,115970],[23,31],[24,208],[9,29],[58,66],[39,27],[-19,28],[-104,3],[-85,22],[-38,29],[-163,74],[-83,30],[-69,-54],[-25,-83],[-26,-8],[-99,1],[-50,10],[-224,69],[-81,-12],[-52,-104],[-71,10],[-60,-12],[-74,36],[-34,30],[13,59],[2,69],[25,114],[57,158],[-3,32],[-64,35],[-160,19],[-31,10],[-16,27],[43,84],[33,7],[16,119],[26,21],[97,26],[59,7],[182,-46],[81,-29],[-8,-161],[-14,-112],[21,-49],[48,-22],[53,8],[85,-38],[18,-35],[47,-26],[58,-4],[29,58],[-14,33],[80,7],[86,-53],[29,6],[5,30],[-42,20],[-26,34],[12,75],[-68,70],[-11,58],[18,44],[40,16],[50,112],[13,62],[8,133],[-4,36],[-36,35],[-42,-15],[-52,-44],[-34,9],[-31,50],[-72,11],[-116,40],[-53,-44],[-51,-136],[-53,-79],[-40,-2],[-90,31],[-27,56],[10,50],[-44,24],[-57,5],[-48,15],[-78,51],[-92,25],[-20,30],[15,23],[-8,48],[22,39],[-57,17],[-35,24],[-37,4],[-62,-16],[-65,2],[-61,-48],[-78,36],[-22,33],[-77,-2],[-60,-20],[-61,31],[-50,-116],[-38,-19],[-45,-5],[-1,-42],[-23,-22],[-36,-6],[-63,6],[-100,-29],[-87,-41],[-46,-6],[-41,24],[-88,13],[-17,21],[-1,48],[16,63],[31,21],[111,29],[50,76],[-31,21],[-22,43],[10,37],[36,13],[68,72],[91,23],[27,-54],[66,-23],[18,42],[85,-2],[-2,48],[-19,44],[3,63],[-28,36],[0,48],[22,39],[13,70],[17,23],[30,87],[5,63],[32,33],[50,-14],[49,-34],[34,-38],[40,23],[36,80],[18,58],[-3,40],[-19,32],[0,65],[57,163],[-7,63],[-23,26],[-31,5],[-70,-13],[-29,-17],[-29,-48],[-76,-25],[-36,-101],[-46,-20],[-60,16],[-123,49],[-16,34],[6,25],[-26,57],[-28,25],[-51,15],[-48,-23],[-6,-39],[-31,-16],[-60,5],[-87,20],[-56,34],[-45,6],[-4,16],[34,34],[54,130],[92,-13],[43,25],[4,42],[-22,52],[-8,77],[-16,39],[15,25],[-32,17],[-101,11],[-99,-12],[3,-15],[81,-4],[68,-10],[7,-44],[-29,-10],[-4,-56],[-34,-67],[-33,-23],[-81,40],[-56,5],[-25,-16],[-85,-96],[-1,-74],[-35,-41],[-101,-8],[-53,-43],[-64,-105],[-80,-18],[-93,16],[-50,34],[-66,33],[-2,36],[23,44],[13,77],[-20,81],[16,67],[32,32],[21,-23],[-8,-91],[49,-8],[70,17],[49,-10],[5,27],[63,-2],[32,-29],[45,-14],[59,11],[52,42],[8,42],[-13,39],[-47,78],[-84,55],[51,14],[97,-21],[71,15],[40,58],[5,66],[-39,65],[9,44],[52,9],[43,20],[70,17],[42,-5],[20,-21],[11,-51],[-8,-30],[18,-9],[37,29],[50,1],[68,90],[90,8],[39,-54],[13,-53],[-8,-80],[19,-18],[84,1],[59,-11],[81,-62],[45,19],[58,82],[5,25],[62,56],[0,34],[122,0],[63,-8],[84,-40],[72,10],[86,-5],[68,73],[5,33],[-40,-5],[-86,82],[-66,73],[-104,33],[-86,11],[-9,35],[7,42],[63,35],[7,67],[35,17],[95,1],[73,-29],[53,-40],[94,-31],[43,-34],[98,-120],[-1,-56],[44,-44],[97,-52],[17,-37],[70,-99],[18,11],[14,43],[41,57],[46,40],[7,49],[-33,25],[-9,52],[7,54],[35,27],[-16,72],[-33,38],[-17,54],[13,61],[31,31],[126,42],[43,2],[-2,39],[22,53],[47,16],[22,47],[47,20],[32,71],[3,74],[57,69],[-6,60],[35,19],[101,11],[14,24],[-20,17],[-35,-15],[-13,42],[-42,50],[9,28],[-19,90],[-24,13],[-34,74],[-13,120],[-42,61],[-30,17],[44,100],[18,58],[64,26],[49,4],[167,49],[-23,77],[31,93],[1,59],[-59,49],[-19,31],[38,63],[13,78],[-65,30],[-4,78],[-83,26],[-31,47],[-34,20],[-64,8],[-39,-23],[-13,31],[-62,13],[-151,151],[-58,31],[-35,-24],[-77,-18],[-31,-51],[-75,-6],[-10,-18],[-50,-9],[-61,-54],[-89,3],[-65,16],[-30,-9],[-34,-169],[12,-26],[73,6],[90,-31],[8,-24],[-16,-86],[-42,-45],[-163,-44],[-70,42],[-85,35],[-133,22],[-34,20],[-75,86],[6,35],[-21,34],[-78,33],[-51,38],[20,60],[-30,160],[22,45],[-10,28],[26,38],[-20,49],[-4,56],[22,64],[94,120],[14,58],[-22,113],[-14,30],[-40,46],[-192,108],[-67,31],[-127,16],[-25,10],[-56,-33],[-63,-14],[-17,-26],[-67,-38],[-45,8],[-34,-29],[-20,8],[3,43],[-59,19],[-18,-5],[-123,-67],[-56,-42],[-126,9],[-16,17]],[[10983,122848],[19,7],[-33,59],[8,45],[67,81],[47,34],[51,-1],[27,29],[33,-6],[17,20],[6,42],[25,44],[16,66],[86,-36],[9,-27],[22,-1],[24,-40],[20,-67],[92,-10],[62,14],[26,28],[-9,26],[-25,139],[-28,2],[-79,41],[-7,14],[83,13],[61,-23],[37,11],[1,39],[-59,36],[-121,14],[-11,7],[19,56],[6,71],[47,116],[4,26],[-34,40],[-25,-16],[-7,63],[57,-12],[40,4],[120,31],[2,39],[-24,28],[38,40],[-6,23],[33,24],[19,58],[32,-8],[41,9],[7,91],[33,71],[-28,99],[31,-12],[4,-51],[21,-15],[-22,-68],[-1,-35],[28,-13],[3,-43],[37,10],[50,-6],[56,-26],[48,-48],[64,33],[-1,18],[-43,-10],[-8,18],[35,24],[25,1],[5,57],[-41,81],[9,29],[35,21],[13,-30],[-14,-36],[32,-5],[8,19],[36,5],[27,-41],[38,47],[-63,67],[-50,-8],[4,22],[59,21],[19,26],[-55,0],[-20,60],[63,-18],[28,11],[-5,23],[-60,37],[-15,32],[70,1],[44,31],[50,55],[10,31],[-2,91],[20,66],[45,34],[70,-11],[55,16],[39,60],[7,53],[-22,37],[-76,6],[-6,17],[-77,39],[-44,7],[-88,-5],[-49,5],[-67,21],[-39,94],[-25,122],[6,34],[-11,122],[25,-5],[60,54],[110,116],[6,88],[9,39],[80,118],[64,42],[41,61],[61,50],[50,71],[-2,22],[-103,6],[-53,21],[-32,42],[-5,51],[14,107],[14,22],[-8,132],[-47,88],[1,21],[-31,85],[10,77],[32,28],[48,141],[-1,14],[-57,125],[-90,36],[15,93],[12,29],[-52,136],[16,39],[-12,56],[84,1],[78,19],[30,66],[70,14],[73,24],[30,51],[77,24],[26,33],[-22,87],[6,34],[29,11],[35,-31],[14,12],[-19,100],[15,38],[-16,43],[-38,34],[1,19],[86,53],[-6,33],[-46,38],[-62,19],[-10,24],[72,171],[-3,26],[-67,10],[-13,42],[27,42],[-4,18],[-89,-18],[-32,17],[-53,74],[-47,104],[-87,54],[-81,8],[-34,21],[10,51],[43,53],[39,28],[7,27],[-53,65],[-29,75],[7,78],[-17,54],[27,121],[-2,42],[-46,85],[-52,39],[-45,-51],[-37,-5],[-21,21],[-4,55],[49,55],[10,156],[31,32],[71,36],[10,-38],[-76,-25],[-17,-62],[14,-48],[-11,-47],[-58,-80],[20,-38],[53,55],[24,13],[43,-32],[39,-58],[95,-18],[18,24],[190,-24],[113,-27],[84,-7],[69,-21],[89,41],[31,27],[48,-15],[-5,25],[75,-6],[11,28],[-32,14],[24,15],[-49,5],[-15,19],[31,43],[19,48],[-7,26],[31,12],[49,57],[13,33],[12,118],[26,33],[92,-4],[11,-56],[24,11],[70,-20],[13,27],[71,-2],[10,-17],[46,3],[60,-16],[132,-12],[63,-13],[71,2],[14,-23],[11,-76],[0,-80],[9,-14],[214,-17],[42,7],[37,-8],[22,25],[50,-9],[56,-40],[101,-26],[211,-32],[103,-35],[27,3],[71,-19],[125,-2],[-22,-35],[-36,-24],[-74,-32],[-17,-18],[10,-34],[34,-33],[-8,-91],[18,-21],[49,-4],[39,-21],[26,21],[-15,29],[39,22],[41,-5],[52,135],[41,-16],[31,15],[54,-17],[12,27],[36,23],[85,-47],[66,-10],[47,8],[45,-11],[56,-32],[23,-29],[-14,-177],[-30,-53],[-68,-61],[2,-30],[67,-57],[90,-43],[68,-17],[51,5],[20,14],[88,7],[34,-4],[5,39],[50,-29],[46,0],[52,19],[101,-4],[0,33],[36,32],[11,58],[14,18],[120,0],[34,17],[40,44],[11,35],[26,-7],[33,16],[0,38],[19,15],[-24,59],[6,94],[76,-4],[54,-27],[53,-12],[20,15],[108,52],[30,25],[36,-1],[20,26],[28,-7],[51,22],[14,45],[39,8],[57,55],[-11,66],[37,42],[25,8],[121,-14],[20,30],[27,5],[72,-25],[44,2],[73,-18],[39,-35],[106,-4],[104,34],[59,12],[74,27],[94,46],[38,-25],[54,-19],[228,-34],[36,4],[122,-28],[139,2],[26,-50],[31,-11],[9,-62],[66,-4],[75,15],[62,31],[47,73],[59,17],[24,66],[-19,34],[30,24],[28,45],[113,2],[78,9],[29,-9],[-9,-46],[42,7],[131,5],[169,2],[62,-10],[50,11],[108,-1],[110,-8],[101,-20],[24,-52],[33,-27],[10,-50],[17,-12],[88,-4],[75,13],[28,-8],[0,-72],[43,-6],[59,7],[27,21],[117,-34],[-3,-88],[31,-23],[-25,-93],[55,-33],[-23,-152],[4,-13],[162,24],[6,15],[60,26],[9,-51],[70,-57],[42,-13],[70,-5],[48,18],[-21,-37],[-9,-54],[-27,-11],[-4,-33],[25,-30],[17,10],[60,-8],[30,6],[15,69],[40,28],[69,124],[41,36],[47,-17],[60,-54],[76,-12],[37,4],[40,65],[4,32],[31,87],[95,-25],[-14,-53],[1,-40],[45,-13],[-7,-73],[2,-90],[149,-53],[101,-28],[89,-15],[145,-60],[51,-32],[86,-20],[67,-23],[80,-14],[152,-5],[3,72],[79,-12],[8,28],[33,11],[43,-4],[43,12],[10,121],[9,32],[5,113],[19,31],[48,31],[1,36],[33,42],[69,-9],[-3,52],[63,-22],[11,32],[62,-1],[55,41],[-19,42],[43,90],[31,22],[-13,84],[26,42],[3,56],[44,61],[90,-5],[71,5],[-5,58],[28,9],[5,46],[81,-2],[44,13],[-27,71],[77,3],[45,-80],[40,-2],[-33,-30],[17,-10],[80,20],[-23,-57],[8,-59],[31,-31],[-17,-40],[18,-46],[37,-20],[7,-21],[59,2],[41,-17],[58,24],[51,43],[79,-5],[46,-14],[9,-27],[29,-12],[-7,-42],[18,-111],[-26,-117],[15,-16],[70,-13],[50,29],[3,15],[67,9],[3,81],[75,21],[13,28],[14,-67],[-60,-19],[34,-31],[-25,-13],[-15,-41],[3,-39],[41,-36],[18,-67],[0,-61],[11,-15],[-3,-84],[77,-1],[25,-12],[86,6],[125,-1],[92,-20],[11,79],[-10,104],[84,-11],[30,-34],[145,-31],[7,-28],[71,-43],[90,-12],[48,-15],[6,18],[75,10],[44,20],[16,-50],[37,-38],[-22,-228],[17,-23],[103,-34],[62,3],[47,-18],[72,-57],[25,5]],[[37715,111463],[-69,-65],[-17,-35],[16,-41],[-12,-43],[24,-68],[-19,-26],[-35,-15],[79,-39],[4,-25],[-31,-23],[-67,28],[-30,3],[-32,-21],[-12,-83],[-15,-46],[-42,-45],[7,-54],[-11,-33],[-31,-34],[-61,-28],[-45,-89],[-35,-9],[-29,20],[-9,-14],[27,-72],[-59,-61],[-82,-5],[-6,-33],[49,-26],[5,-23],[-29,-27],[-56,11],[35,-38],[-27,-41],[-40,-19],[0,-27],[22,-26],[-25,-73],[-91,3],[-27,13],[-27,-23],[2,-36],[45,-30],[-7,-27],[-86,20],[-14,-10],[-11,-65],[-28,-11],[-30,41],[-7,-23],[37,-48],[-10,-82],[-27,-57],[11,-23],[-30,-13],[-96,3],[-49,-8],[-8,-45],[-39,-3],[-10,-56],[-30,0],[-44,-77],[-36,1],[3,-47],[-22,-62],[-69,-18],[-49,-39],[-37,-52],[-44,-23],[-46,4],[-5,42],[-29,-4],[-16,-40],[61,-73],[-50,-43],[-15,-26],[-24,10],[-26,-33],[24,-19],[70,-15],[-1,-85],[31,-7],[-19,-57],[-116,4],[2,-22],[84,-38],[17,-38],[-111,33],[-38,-5],[7,-29],[69,-11],[17,-24],[27,18],[29,-37],[-65,-11],[-3,-11],[49,-43],[-28,-25],[-2,-46],[-42,-37],[-15,-53],[-35,28],[-42,-31],[-35,-41],[7,-33],[-11,-31],[9,-40],[-21,-60],[-80,-65],[-67,-62],[-41,-23],[-117,-20],[-26,-26],[-73,-20],[-28,-25],[-12,-37],[-43,-1],[-31,-22],[8,-17],[-72,-43],[21,-26],[-37,-28],[-18,7],[-27,55],[-39,-6],[31,-63],[-52,-35],[-48,-45],[9,-26],[-20,-54],[12,-60],[92,-16],[32,-28],[101,-26],[102,6],[70,21],[76,58],[69,38],[67,-29],[62,5],[111,-60],[6,-60],[42,-7],[6,-29],[42,-20],[157,-7],[11,-80],[20,-26],[13,-108],[-57,-193],[9,-6],[-16,-97],[98,-50],[-23,-170],[4,-145],[17,-69],[-13,-74],[-12,-17],[-8,-67],[-17,-1],[-53,-55],[65,-25],[18,-48],[91,-55],[-3,-94],[41,-55],[42,-95],[28,-30],[29,0],[124,62],[33,10],[48,-56],[85,-119],[48,-44],[123,-55],[54,-42],[5,-53],[32,-102],[50,61],[91,10],[4,-53],[17,-61],[22,-27],[-45,5],[33,-63]],[[37228,105609],[-39,-10],[-36,-100],[23,-8],[6,-64],[-23,-39],[-45,-44],[-32,-69],[-41,-35],[-46,-7],[-7,-30],[-112,-13],[-134,-36],[-35,-53],[-27,-119],[-12,-26],[-159,28],[-127,4],[-1,-178],[-63,-228],[7,-54],[56,-93],[3,-39],[-33,-121],[-12,-8],[-67,12],[-86,35],[-44,-12],[-78,4],[4,-40],[-26,-32],[-39,-208],[-116,-7],[-80,68],[-21,-3],[-31,-91],[-19,-91],[-56,-117],[-66,-96],[-80,-50],[-47,-3],[-88,-200],[-55,-25],[-56,0],[-18,15],[-79,2],[-41,47],[-124,20],[-51,-84],[-36,-24],[-13,-71],[0,-58],[-70,-17],[-53,13],[-22,-27],[-25,-103],[6,-68],[20,-1],[-8,-47],[16,-26],[178,-2],[13,-8],[-3,-56],[26,-29],[-34,-143],[27,-8],[-28,-98],[-56,-122],[-66,16],[-90,32],[-11,-60],[-77,-167],[-25,-22],[-79,14],[-24,15],[-61,13],[-57,-56],[50,-63],[29,-57],[4,-84],[18,-37],[-19,-54],[-68,-59],[10,-66],[-17,-35],[-76,-109],[-29,-49],[-102,-90],[-79,-38],[-31,-45],[-76,31],[-77,19],[-47,-16],[-29,-39],[-6,-41],[-21,-11],[-96,-12],[-23,-13],[-43,-83],[-48,-26],[-93,-37],[-22,3],[-19,31],[-79,-24],[-67,-53],[-33,-1],[-67,52],[-43,-3],[-48,-53],[-13,-46],[-29,-35],[-104,-74],[-155,-225],[-18,-35],[-5,-118],[-106,-118],[-118,-94],[-85,-35],[-130,-10],[-59,-12],[-50,-23],[-29,-43],[-63,105],[-31,-48],[-37,3],[11,45],[-33,15],[-6,38],[-32,-38],[-62,39],[-91,8],[-42,-29],[-54,10],[-41,40],[-44,10],[3,-32],[25,-36],[26,1],[-1,-61],[-147,-6],[-61,-18],[-67,-3],[-213,4],[-20,-18],[-9,-61],[-28,-68],[-120,9],[-151,-28],[-42,-63],[-166,30],[-16,-22],[-79,29],[-41,97],[-16,7],[-33,-35],[-17,34],[-29,13],[-84,3],[-10,-94],[12,-28],[-3,-53],[12,-19],[-17,-84],[-31,-2],[-90,-62],[-39,-34],[-204,-52],[-8,34],[-35,-7],[-48,12],[-54,-2],[10,-45],[-44,3],[-10,43],[23,21],[-108,8],[-43,98],[-63,87],[-60,56],[-257,253],[-20,4],[-52,-43],[-33,-57],[-6,-116],[-17,-75],[-36,-18],[-58,5],[-62,69],[-30,-11],[-23,137],[-20,13],[-37,71],[-32,34],[-40,23],[-70,6],[-24,-7],[-94,-71],[-66,-64],[-37,-48],[-108,-61],[-35,-9],[-123,13],[-57,-27],[-51,2],[-261,-115],[16,-15],[98,-48],[36,-26],[115,-40],[45,-80],[35,1],[50,-76],[97,21],[86,-22],[-3,-22],[-113,-22],[-276,-39],[-82,-18],[59,-25],[198,-7],[266,10],[-16,-65],[-36,-34],[-77,-31],[-146,73],[-96,21],[87,-113],[41,-88],[29,-79],[5,-131],[-16,-73],[-62,-110],[-65,-65]],[[24213,99043],[80,88],[33,27],[6,80],[16,54],[46,14],[72,106],[10,28],[62,74],[111,-3],[32,-8],[145,-14],[128,288],[64,137],[55,106],[21,14],[124,15],[134,22],[23,17],[4,47],[-90,-22],[-147,-23],[-41,63],[27,11],[-16,17],[39,16],[16,51],[48,9],[-13,25],[-35,2],[8,60],[-14,29],[-137,-10],[-74,-13],[-145,-14],[-43,12],[12,58],[-112,32],[-70,12],[-60,-31],[-130,32],[-33,-72],[-154,76],[34,103],[43,98],[52,-6],[20,51],[76,-15],[13,8],[30,76],[48,21],[21,94],[-2,43],[-143,55],[-30,18],[3,32],[30,74],[105,7],[46,11],[29,31],[-3,37],[25,126],[16,56],[-19,19],[17,82],[-34,17],[-24,32],[-102,5],[18,59],[8,68],[-40,31],[-43,19],[40,15],[14,22],[84,6],[31,109],[-5,84],[-78,14],[3,51],[-9,142],[21,76],[39,-1],[57,105],[13,40],[-36,52],[114,31],[12,-2],[-14,-103],[-11,-27],[9,-38],[-15,-58],[83,-46],[50,52],[110,-36],[46,10],[39,55],[51,32],[129,-11],[57,18],[70,37],[9,53],[-49,57],[-4,46],[19,54],[49,38],[21,2],[117,-81],[106,14],[76,105],[34,18],[48,-19],[50,12],[10,49],[-1,73],[-23,36],[24,40],[-5,39],[49,60],[-26,79],[-32,2],[-6,28],[-106,24],[-108,13],[-14,14],[-39,132],[-40,110],[-32,57],[-77,20],[-10,27],[26,105],[0,36],[23,56],[9,137],[-5,76],[16,36],[-3,77],[-34,4],[-41,25],[-137,13],[-156,30],[-95,12],[-51,-3],[-3,-21],[-81,6],[-86,-49],[-38,5],[11,45],[-25,16],[-11,101],[-3,99],[-23,1],[-42,148],[-50,92],[-40,53],[-51,40],[-58,20],[-91,-5],[-15,22],[-116,-58],[50,-26],[-71,-49],[-23,20],[-39,-43],[-4,-37],[48,-45],[26,-92],[-18,-14],[-129,-1],[-42,9],[-4,28],[11,124],[-2,48],[-22,37],[-120,69],[-21,21],[-26,66],[-32,54],[1,30],[55,144],[30,10],[33,-14],[12,62],[-26,35],[13,21],[-10,59],[-77,157],[-16,47],[-34,9],[-11,41],[5,42],[28,62],[45,38],[61,23],[86,23],[35,28],[22,70],[10,63],[20,52],[47,60],[66,47],[40,53],[15,95],[22,3],[114,-20],[21,-39],[59,-54],[28,41],[63,-57],[34,-12],[9,37],[-18,30],[145,54],[48,65],[45,-51],[25,10],[9,-22],[63,-25],[33,65],[85,-17],[71,53],[-31,-49],[21,-28],[51,16],[34,212],[37,158],[10,86],[-47,34],[-104,46],[-24,20],[4,37],[48,69],[33,73],[83,226],[46,104],[13,87],[18,64],[51,8],[25,38],[-17,5],[-22,42],[-68,14],[55,122],[0,49],[33,44],[18,47],[1,43],[-20,59],[-28,46],[-40,22],[-10,101],[4,98],[10,93],[-7,35],[-56,20],[11,67],[26,48],[62,70],[44,61],[-18,63],[-116,94],[-127,81],[10,30],[60,98],[58,-8],[69,82],[15,54],[-46,17],[-13,41],[-3,67],[-35,113],[-78,20],[-17,15],[26,78],[46,37],[3,184],[87,29],[58,11],[8,-45],[42,-2],[58,72],[-5,34],[6,104],[8,49],[44,91],[18,13],[58,-6],[21,-47],[31,-3],[2,26],[40,65],[38,39],[-21,53],[11,24],[85,57],[49,15],[65,-22],[89,-62],[54,-11],[29,32],[-58,16],[-26,18],[33,67],[14,124],[38,-10],[38,29],[22,56],[-5,76],[-32,42],[-68,43],[-46,-54],[-77,-76],[-76,-30],[-69,-4],[-77,21],[-60,-4],[-140,-33],[-90,-6],[-54,-36],[-60,-15],[-14,14],[-1,45],[32,90],[1,83],[-27,41],[-42,13],[-78,0],[-96,-23],[-71,-50],[-40,-46],[-38,9],[-48,33],[-33,41],[-24,7],[58,40],[-25,31],[53,18],[10,27],[36,-15],[9,31],[-42,60],[-1,47],[74,36],[22,88],[20,7],[13,-57],[-14,-32],[46,-17],[40,27],[62,-24],[67,4],[17,-38],[50,-24],[17,13],[-42,35],[-22,199],[3,28],[54,19],[71,36],[63,12],[119,-12],[51,31],[29,29],[93,67],[106,3],[79,21],[36,69],[160,-61],[77,-49],[44,-35],[42,-12],[86,-6],[9,-53],[-20,-25],[73,1],[155,19],[32,29],[55,100],[14,70],[44,58],[128,10],[270,59],[22,27],[12,87],[-16,56],[-29,21],[33,341],[-57,17],[-8,40],[9,81],[15,35],[4,85],[14,45],[-2,53]],[[14053,115970],[-35,16],[-76,-39],[-8,-18],[-15,-99],[7,-24],[-22,-37],[-7,-47],[-57,-33],[-88,-7],[-104,12],[-34,-135],[2,-22],[41,-16],[18,-28],[-1,-73],[-18,-97],[5,-24],[2,-122],[-45,-52],[-64,-25],[-42,-5],[-5,-38],[25,-26],[-28,-42],[-8,-35],[-46,-58],[-51,4],[-39,34],[-57,9],[-45,38],[-35,2],[-63,38],[-39,3],[-76,-10],[-31,-33],[-54,13],[-35,-7],[-76,12],[-48,-15],[-43,-74],[-12,-74],[-29,-47],[29,-43],[144,-54],[27,-32],[69,-38],[101,-10],[59,-49],[57,-15],[64,5],[32,106],[44,58],[37,29],[-26,42],[47,64],[30,2],[67,-65],[25,-11],[124,-13],[52,39],[0,59],[69,-17],[41,-1],[68,20],[70,-12],[65,47],[29,47],[195,-2],[64,-9],[-5,-64],[-14,-25],[-11,-71],[-1,-114],[-26,14],[-76,9],[-49,27],[-97,13],[-20,-97],[25,-59],[-10,-47],[-58,-10],[-55,7],[-15,32],[-104,17],[-96,-126],[-58,-20],[4,-40],[83,-10],[28,-77],[-3,-48],[-59,-18],[-21,12],[-76,3],[-35,55],[-30,-5],[-136,4],[-41,22],[-30,1],[-40,-53],[-57,-14],[-78,35],[-36,28],[-80,19],[-12,-29],[3,-45],[-20,-15],[-116,-28],[-80,12],[-28,16],[-42,46],[0,54],[-57,1],[-52,22],[-102,95],[-146,35],[-96,36],[-111,-23],[-15,-62],[-46,-30],[14,-110],[0,-107],[29,-63],[-45,-100],[-108,34],[-112,-17],[-67,8],[-90,-38],[13,-53],[72,-49],[102,-23],[61,-31],[33,-53],[-11,-102],[6,-47],[-47,-82],[-60,-41],[-65,-4],[-89,20],[-39,-6],[-27,25],[13,-43],[-19,-69],[-4,-187],[34,-79],[49,-75],[39,-45],[-2,-24],[-41,-18],[-46,12],[-103,-25],[-44,-17],[-30,-47],[-105,-107],[-46,-22],[-111,-24],[-105,-35],[-84,0],[-9,-13],[20,-70],[-121,-2],[-24,-14],[-28,-64],[-24,-28],[-33,-13],[-87,-4],[-95,33],[-22,-3],[-52,28],[-30,34],[-73,-2],[-40,23],[-118,1],[-71,-28],[-26,-34],[-8,-69],[15,-67],[-3,-34],[-23,-23],[-23,7],[-8,91],[-19,24],[-85,43],[-16,52],[-44,32],[-58,-5],[-63,-51],[-66,-21],[-9,-20],[-5,-127],[-53,-41],[-14,-28],[-80,-44],[-40,-45],[-43,-19],[-33,-67],[-31,20],[-161,2],[-39,8],[-32,29],[-31,-19],[-26,32],[-25,-16],[-29,-52],[-40,-10],[8,-49],[-16,-56],[-30,-46],[-28,-19],[-10,-49],[-48,-14],[19,-29],[-35,2],[-25,-19],[-8,-48],[-39,-19],[-6,-42],[-84,-31],[-55,-66],[-35,-15],[-70,26],[-31,20],[-138,22],[-41,-4],[-38,-56],[55,-104],[-10,-34],[-30,-14],[-84,-1],[-63,42],[33,-68],[26,-71],[14,-113],[79,-152],[41,-91],[81,-247],[18,-73],[10,-79],[5,-154],[36,-168],[3,-101],[-26,-114],[-23,-37],[-8,-101],[-106,-241],[-33,-84],[-16,-75],[-5,-93],[5,-62],[20,-93],[56,-143],[75,-123],[55,-116],[72,-129],[98,-190],[49,-55],[125,-91],[117,-106],[96,-107],[-28,-52],[-120,-109],[-150,-108],[-70,-61],[-90,-68],[-162,-113],[-254,-160],[-185,-144],[-93,-64]],[[8046,107444],[-46,36],[-112,105],[-29,45],[-10,48],[-49,87],[-47,70],[-60,72],[-86,136],[-58,56],[-41,27],[-83,38],[-103,62],[-68,52],[-36,8],[-120,44],[-106,5],[-171,20],[-68,15],[-130,51],[-124,55],[-113,25],[-136,47],[-301,44],[-142,3],[-131,37],[-73,28],[-55,-5],[-59,37],[-99,46],[-125,92],[-67,77],[-29,91],[-47,91],[-102,175],[-72,93],[-109,98],[-68,53],[-57,71],[-93,77],[-130,93],[-106,37],[-127,64],[-104,41],[-95,7],[-77,20],[-37,58],[-141,110],[-47,26],[-128,155],[-94,86],[-86,102],[-106,87],[-93,94],[-60,73],[-100,98],[-85,45],[-42,40],[-84,104],[-60,52],[-35,20],[-150,162],[-187,242],[-36,42],[-97,133],[-21,40],[-45,124],[-72,133],[-39,105],[-60,81],[-66,101],[-86,121],[-80,95],[-78,101],[-1,48],[-18,53],[-32,51],[-76,95],[-68,98],[-68,86],[-41,37],[-122,165],[-66,77],[-41,71],[-122,177],[-46,83],[-88,118],[-38,79],[-36,48],[-364,170],[-160,192],[-84,61],[-81,75],[-151,114],[-64,66],[51,73],[68,82],[78,78],[67,80],[132,131],[96,107],[86,83],[47,56],[176,191],[133,115],[14,46],[50,28],[136,98],[103,26],[47,20],[46,80],[20,54],[56,26],[50,59],[75,63],[27,62],[55,88],[25,95],[67,180],[91,164],[10,66],[-72,91],[-88,75],[15,41],[19,2],[143,184],[60,65],[-12,14],[-118,63],[-38,15],[37,46],[26,57],[-10,16],[-68,29],[62,68],[58,44],[43,-54],[84,-48],[37,2],[211,269],[80,99],[12,6],[246,-75],[108,-5],[128,13],[12,34],[-6,143],[-36,0],[8,81],[-3,113],[10,4],[-11,161],[97,177],[35,94],[42,80],[94,120],[141,113],[123,75],[14,-53],[74,-163],[35,-132],[59,-129],[41,-32],[135,10],[0,45],[-47,148],[-19,93],[-14,109],[2,92],[19,138],[-4,65],[-24,17],[-5,84],[-34,75],[57,5],[23,-56],[175,-2],[13,34],[-46,20],[33,122],[47,1],[9,13],[-32,32],[82,20],[65,35],[-61,25],[3,88],[-20,28],[28,18],[-1,44],[34,15],[16,-40],[97,-6],[-12,73],[38,-92],[113,23],[45,-9],[81,0],[20,-31],[94,29],[12,59],[-41,159],[102,20],[0,33],[98,17],[160,-2],[17,37],[-22,22],[-229,22],[-153,165],[-66,89],[-3,39],[31,44],[32,19],[77,27],[-6,44],[-130,84],[-89,9],[-21,57],[-61,15],[-21,22],[55,67],[90,149],[33,-10],[54,-72],[31,-8],[101,27],[14,-14],[3,-48],[61,5],[-23,42],[42,22],[2,83],[-45,3],[-31,51],[-59,-6],[-50,-55],[-16,13],[11,109],[-14,16],[-113,19],[-93,27],[12,74],[-35,33],[-13,94],[-55,50],[-63,77],[-69,51],[-60,24],[-54,-19],[-65,14],[-11,68],[-30,119],[-8,98],[-4,171],[-20,133],[43,9],[-24,28],[108,0],[87,9],[11,-35],[63,-46],[61,-27],[80,-1],[86,14],[55,16],[38,117],[21,4],[-44,79],[15,21],[85,-23],[63,3],[14,16],[10,129],[59,11],[40,24],[52,86],[82,-24],[48,-23],[-37,-52],[43,-15],[29,7],[83,87],[55,37],[60,68],[30,16],[41,-14],[68,-42],[34,-1],[55,18],[88,48],[39,11],[90,57],[177,74],[148,31],[166,21],[190,-4],[87,-17],[34,-23],[93,-91],[21,-33],[38,-96],[74,-115],[37,-72],[58,-83],[99,-102],[122,-92],[126,-88],[59,-57],[112,-120],[73,-98],[71,-145],[37,-114],[28,-162],[12,-291],[-4,-88],[-23,-125],[-18,-55],[-90,-197],[-59,-90],[100,-6],[62,8],[14,-23],[55,8],[42,28],[-13,59],[17,110],[14,21],[8,71],[-3,53],[18,58],[51,88],[60,57],[77,28],[46,-1],[11,-14],[-9,-50],[-36,-82],[52,-17],[-6,-76],[20,-32],[44,7],[5,31],[30,5],[18,39],[42,-8],[-3,-21],[84,-14],[3,-24],[-33,-36],[52,-19],[6,26],[63,44],[82,16],[39,-2],[45,-35],[52,7],[3,-45],[31,-41],[59,16],[55,-5],[-36,-27],[9,-63],[-10,-13],[-60,10],[-3,-62],[27,-31],[35,-99],[29,-19],[-16,-49],[37,-35],[32,0],[45,26],[29,49],[25,88],[81,11],[71,45],[8,52],[79,1],[29,-22],[13,50],[23,27],[91,3],[30,-71],[3,-62],[-20,-64],[27,-37],[40,-26],[77,-92],[32,-12],[60,0],[95,11],[10,41],[29,25],[14,39],[-17,23],[-2,48],[55,17],[72,4],[24,80],[90,92],[12,50],[-12,74],[62,13],[10,14],[-18,41],[10,21],[54,26],[-7,43],[-63,98],[-14,61],[-39,-3],[-24,-20],[-48,31],[-86,-18],[-29,-40],[-44,1],[-27,-30],[-16,6],[47,100],[-3,90],[-44,39],[-39,-3],[-76,-27],[-16,9],[-35,119],[-55,134],[-17,89],[30,47],[29,3],[72,-34],[25,5],[-2,57],[15,20],[62,-49],[73,-16],[40,19],[-42,119],[-14,75],[4,41],[36,8],[41,-40],[17,13],[-10,41],[-43,65],[8,28],[59,26],[20,23],[17,50],[44,27],[-4,29],[-44,94],[19,31],[74,31],[180,66],[42,-3],[70,-48],[52,5],[59,121],[87,53],[-8,39],[-39,35],[22,28],[95,-14],[66,29],[45,-22],[-11,-32],[-63,-56],[-2,-24],[94,3],[9,-31],[-65,-11],[-1,-25],[60,-32],[54,13],[24,-7],[18,-79],[107,31],[63,-7],[90,-67],[51,-51],[25,-8],[83,1],[50,35],[-1,80],[38,9],[31,-47],[53,18],[12,-22],[43,-5],[59,16],[80,90],[21,42],[55,60],[13,42],[-23,79],[-24,13],[11,29],[-56,36],[-26,54],[7,22],[32,12],[-4,20],[-67,1],[-39,-14],[-34,17],[-22,42],[-2,91],[19,17],[55,-13]],[[37228,105609],[41,-18],[80,13],[84,-2],[86,-14],[60,5],[15,-42],[82,9],[10,31],[56,6],[6,48],[40,-2],[34,-32],[61,-7],[0,-17],[97,-5],[62,-10],[44,-27],[56,-4],[16,17],[31,-4],[63,18],[-9,12],[98,41],[34,36],[58,-12],[5,39],[49,-3],[55,10],[8,-28],[24,9],[61,-27],[0,-42],[110,-57],[14,9],[103,-26],[21,-47],[84,-22],[18,-12],[2,-54],[37,-44],[55,-26],[74,-17],[73,-33],[108,-37],[59,47],[17,-9],[33,-66],[40,-1],[45,-18],[7,-27],[39,-23],[-27,-54],[-20,-16],[31,-37],[-79,-1],[-11,-18],[-8,-109],[41,-41],[96,-25],[21,-30],[43,-17],[39,33],[73,-8],[149,22],[88,-18],[-12,-41],[47,-3],[91,-38],[-4,-51],[-41,1],[-31,-42],[-5,-80],[25,-28],[95,2],[-11,-44],[19,-26],[44,4],[18,-31],[-4,-44],[-36,-66],[-9,-41],[-30,7],[-20,42],[-69,11],[-7,-36],[33,-39],[38,-27],[-28,-35],[-30,4],[13,-51],[58,-41],[11,-52],[-16,-37],[-45,-21],[9,-60],[-34,-190],[43,-24],[15,-36],[45,-3],[43,-31],[15,-36],[-11,-28],[-13,-105],[-21,-42],[12,-30],[53,-11],[4,-35],[58,-9],[16,-71],[-4,-81],[-39,-72],[-51,14],[-24,-43],[-15,-78],[-27,-26],[11,-48],[3,-89],[-15,-65],[8,-8],[115,-9],[13,39],[37,-5],[23,72],[98,-13],[46,7],[77,-11],[8,102],[29,66],[3,47],[19,56],[30,36],[37,4],[46,-13],[67,4],[14,83],[0,59],[15,13],[57,-9],[33,-26],[51,-23],[6,-60],[133,-65],[45,0],[14,-14],[-31,-77],[34,-34],[10,-40],[42,-59],[31,-79],[-19,-34],[-40,-19],[-6,-79],[-44,-84],[-19,-115],[-48,-4],[-61,-44],[5,-38],[40,-21],[4,-39],[-77,-8],[-74,5],[-15,-14],[-81,11],[-58,-3],[-6,-63],[34,-49],[56,-17],[14,-17],[105,-60],[68,2],[38,13],[31,45],[24,7],[92,-16],[102,32],[56,-7],[90,25],[11,65],[45,-2],[101,-81],[51,-62],[22,-72],[-18,-71],[-126,-126],[-36,-13],[-62,35],[-15,-22],[-64,4],[-8,67],[-74,14],[15,-53],[48,-117],[31,-107],[-13,-50],[25,-87],[14,-16],[1,-44],[17,-55],[41,6],[21,18],[-5,-57],[58,5],[40,15],[115,25],[56,-17],[246,-55],[-39,48],[21,25],[38,149],[-21,76],[16,25],[61,50],[84,-2],[23,-62],[34,33],[36,2],[48,-41],[77,-35],[9,15],[-48,20],[0,31],[36,21],[32,35],[22,-18],[-9,-41],[41,-82],[18,-18],[32,-80],[37,-68],[59,-26],[-41,-25],[-2,-29],[66,-82],[98,-13],[5,-34],[29,-12],[194,-13],[23,-74],[82,-8],[30,-113],[-15,-26],[-38,-18],[-3,-29],[-70,-14],[-70,9],[-66,-81],[0,-36],[38,-31],[-8,-106],[23,-45],[34,-29],[67,-24],[66,-39],[26,-5],[108,15],[91,-8],[81,-60],[32,-94],[-1,-54],[-38,-41],[-23,-8],[-54,18],[-106,50],[-96,1],[4,-34],[-29,-62],[4,-22],[50,-77],[104,-28],[8,-8],[-21,-95],[-77,14],[-46,-2],[-54,-17],[-56,-51],[-22,-99],[52,-34],[93,-20],[37,-148],[5,-107],[60,-42],[27,-46],[131,-69],[55,-73],[47,-14],[40,-60],[35,-29],[62,25],[15,21],[43,-5],[-2,-67],[29,6],[25,31],[22,119],[17,19],[87,-47],[57,4],[141,-73],[42,-35],[25,-92],[-19,-81],[-26,-30],[-60,13],[-92,48],[-18,-26],[27,-103],[29,-48],[42,-46],[75,-34],[111,-38],[63,100],[174,-26],[124,-2],[41,-7],[9,-17],[-7,-65],[103,-8],[1,-59],[55,11],[90,-10],[88,-62],[29,0],[105,-87],[201,-69],[14,-22],[43,-27],[57,51],[43,8],[25,-72],[103,30],[-26,-53],[9,-13],[61,23],[12,-6],[157,-153],[239,-229],[32,-5],[60,-44],[176,96],[116,-75],[130,-56],[128,-60],[132,-67],[116,-101],[15,-34],[214,-188],[153,-94],[68,-13],[75,-60],[60,-25],[35,-46],[-72,-40],[-56,-42],[-7,-91],[39,-109],[23,-83],[8,-58],[-19,-70],[1,-50],[92,25],[46,23],[157,34],[88,11],[65,-60],[65,-43],[-15,-12],[33,-32],[65,-43],[-3,-15],[-104,22],[9,-35],[44,-27],[2,-33],[66,-40],[-18,-20],[7,-63],[70,-159],[24,-21],[75,14],[92,-54],[234,-125],[103,-45]],[[20613,101920],[2,86],[42,159],[70,395],[21,145],[40,143],[-13,134],[-23,54],[-29,40],[6,99],[-10,106],[-50,131],[-47,154],[-42,111],[-29,58],[-94,161],[-55,79],[-42,88],[-46,69],[-62,50],[-73,41],[-84,37],[-29,21],[-209,197],[-69,47],[-120,33],[-137,57],[-109,1],[-238,6],[-66,6],[-118,-12],[-186,-29],[-81,-1],[-114,5],[-65,-18],[-82,11],[-44,-56],[-72,-118],[-63,-82],[-63,-2],[-29,142],[-33,19],[-254,-86],[-143,-31],[-42,34],[-32,-17],[-76,-61],[-18,3],[-40,90],[-68,123],[-28,76],[-82,-4],[-126,-15],[-264,9],[-16,-47],[-9,-68],[-17,-19],[-62,-4],[-107,16],[-162,49],[-43,22],[-118,20],[-12,27],[-14,83],[5,90],[-4,83],[-189,29],[-108,9],[-154,28],[-110,0],[-48,-155],[-49,-66],[-53,-103],[-58,-192],[-39,-99],[-41,-146],[-31,-70],[-31,-89],[-15,2],[-48,80],[-56,120],[-52,99],[-78,128],[-90,157],[-28,62],[-87,143],[-55,110],[-30,48],[-145,262],[-29,61],[-79,140],[-25,19],[-148,-39],[-109,-14],[-264,-3],[-99,77],[-83,84],[-87,97],[-40,10],[-59,51],[-164,15],[-119,27],[-228,117],[-135,57],[-38,27],[-201,102],[-148,105],[-68,57],[-185,115],[-88,47],[-96,38],[-72,21],[-103,44],[-88,29],[-132,19],[-121,-16],[-97,-24],[-64,-25],[-123,-83],[-75,-44],[-222,-50],[-79,-10],[-161,-45],[-155,-32],[-125,17],[-73,29],[-136,20],[-98,-6],[-186,-27],[-168,12],[-83,-1],[-87,8],[-86,21],[-130,20],[-113,29],[-75,36],[-102,32],[-90,42],[-105,71],[-115,60],[-125,136],[-85,71],[-54,51],[-84,48],[-98,118],[-57,57],[-132,90],[-120,101],[-176,129],[-108,89]],[[17493,153534],[44,-32],[43,-50],[25,-48],[-8,-36],[56,-46],[82,-31],[78,-15],[40,-48],[37,-12],[117,-14],[45,-25],[61,-74],[30,-71],[73,-105],[121,-163],[74,-48],[22,-44],[29,-17],[-1,-22],[67,-60],[22,-100],[50,-72],[27,-18],[22,17],[53,-64],[33,-16],[153,3],[60,-7],[76,38],[56,6],[118,-1],[188,16],[90,-13],[78,2],[63,23],[4,-133],[-6,-31],[18,-63],[27,-18],[83,2],[62,-23],[96,19],[61,38],[39,-10],[37,-58],[59,52],[67,-14],[37,16],[30,44],[-25,29],[18,31],[50,9],[33,28],[-12,24],[78,82],[47,-3],[29,28],[78,-2],[63,9],[52,-61]],[[20642,152382],[18,-31],[-36,-46],[-8,-29],[14,-95],[25,-88],[33,-91],[67,-82],[28,-54],[63,-77],[47,-99],[-1,-55],[43,-120],[3,-43],[-9,-94],[-20,-67],[-46,-121],[-13,-95],[15,-68],[56,-86],[62,-114],[17,-45],[13,-79],[-3,-57],[6,-159],[-14,-22],[-117,-88],[-71,-38],[24,-57],[31,-25],[119,-32],[70,-35],[73,-61],[32,-50],[17,9],[-7,42],[20,61],[-5,73],[60,24],[107,-6],[45,-36],[54,-19],[161,-12],[45,2],[105,24],[31,0],[39,-21],[83,-76],[76,-39],[126,-1],[56,-21],[36,-23],[103,-93],[106,-56],[40,-40],[-19,-32],[27,-30],[73,-126],[-15,-64],[-52,-49],[-26,-60],[21,-7],[-23,-138],[42,-135],[13,-60],[27,-77],[24,-9],[35,-52],[63,-48],[12,-38],[38,-72],[33,-132],[37,-5],[21,-38],[30,-23],[-6,-45],[63,-56],[21,-147],[41,-169],[44,-102],[-1,-41],[-18,-98],[18,-12],[70,-2],[88,-26],[13,-18],[14,-128],[-17,-154],[-29,-38],[-95,-95],[0,-23],[88,-10],[-4,-96],[18,-46],[80,-109],[-23,-96],[27,-67],[10,-96],[-17,-33],[-8,-98],[-15,-62],[58,-64],[14,-2],[6,-79],[65,-26],[73,5],[88,37],[114,-2],[59,-21],[22,-71],[39,-10],[-40,-77],[-4,-74],[5,-84],[33,-237],[48,-80],[29,11],[35,-16],[29,8],[-1,-39],[-37,-4],[-3,-28],[65,-114],[52,-134],[16,-25],[32,-8],[124,-7],[30,-39],[62,-21],[41,-31],[15,-31],[31,-16],[46,19],[69,12],[159,-17],[49,9],[87,-6],[62,29],[38,-6],[32,-34],[13,-35],[-6,-35],[33,-30],[-27,-29],[8,-34],[39,-53],[-17,-69],[21,-64],[61,16],[4,-30],[-45,-38],[-2,-81],[33,-58],[72,-46],[3,-15],[-43,-86],[19,-54],[-44,-82],[12,-31],[80,-14],[31,-30],[-7,-26],[25,-37],[44,-9],[107,30],[165,-16],[22,-11],[73,5],[23,-25],[96,21],[81,8],[-15,57],[-51,29],[-15,-7],[-25,35],[-39,10],[-87,-17],[-38,-35],[-78,-16],[1,75],[37,30],[1,80],[23,39],[76,21],[65,-10],[9,-26],[-38,-32],[4,-47],[47,-12],[26,-45],[36,4],[29,-30],[41,1],[84,20],[1,17],[-39,1],[1,16],[164,14],[18,-9],[9,-47],[32,-22],[-13,-22],[20,-55],[35,-11],[9,45],[22,-5],[31,-42],[88,-32],[-12,42],[16,10],[18,-47],[-6,-43],[14,-15],[65,26],[63,-20],[6,16],[-43,32],[-1,47],[52,21],[14,-28],[-15,-40],[34,-45],[92,10]],[[26468,144516],[-37,-17],[-6,-25],[69,-32],[35,-37],[-8,-47],[-73,-50],[-31,-48],[-96,-32],[-14,-17],[-76,21],[-94,-28],[-47,-34],[50,-130],[-10,-86],[-36,-28],[10,-60],[26,7],[12,-41],[-23,-18],[28,-94],[36,-27],[17,-52],[93,-88],[38,-20],[21,-139],[26,-39],[50,-34],[-13,-24],[-36,4],[-27,-78],[-1,-99],[76,-30],[30,-22],[15,36],[56,-30],[0,-23],[56,-22],[74,1],[45,-17],[6,-38],[54,-29],[55,9],[17,14],[-15,72],[35,10],[45,36],[101,-13],[43,-27],[1,-63],[-40,-12],[50,-44],[-15,-18],[42,-45],[-2,-75],[43,3],[11,-36],[71,14],[50,-18],[74,5],[97,-90],[2,-58],[-62,-51],[-37,-10],[22,-26],[-8,-36],[-33,-17],[-17,-34],[26,-49],[67,-56],[49,-12],[102,5],[85,50],[48,1],[41,18],[6,21],[67,28],[53,-29],[86,-33],[24,-24],[1,-42],[32,13],[22,-36],[-15,-49],[42,-36],[16,14],[24,-24],[-51,-58],[64,-2],[17,-51],[-30,-37],[-43,-4],[-49,16],[-5,-28],[-25,-13],[-56,8],[-12,-28],[34,-20],[-22,-32],[8,-29],[-49,-18],[-16,-24],[87,-45],[27,-22],[49,-1],[30,-30],[12,-41],[26,-37],[-8,-35],[44,-22],[-1,-56],[-36,7],[-24,-21],[-51,-6],[-16,-25],[15,-61],[-9,-41],[-29,-38],[93,-102],[26,-8],[6,-34],[-61,6],[15,-34],[52,-18],[18,-25],[21,27],[-7,28],[22,4],[34,-31],[12,-48],[38,1],[26,32],[45,-1],[25,27],[44,-26],[44,-66],[-17,-33],[-40,-8],[10,-27],[40,4],[68,-33],[5,-48],[-34,-14],[-5,-46],[44,-27],[-10,-52],[26,-36],[-4,-47],[115,7],[148,24],[24,49],[21,13],[74,1],[35,-50],[40,-8],[28,-21],[142,21],[158,-87],[16,-15],[5,-62],[33,-42],[-5,-73],[26,-19],[-1,-34],[-21,-27],[22,-37],[-36,-32],[13,-60],[37,-41],[-2,-25],[54,-8],[45,-43],[3,37],[91,47],[-11,18],[43,29],[49,4],[18,-31],[29,-15],[23,18],[-9,64],[26,25],[31,3],[23,-40],[44,47],[67,-27],[211,-53],[81,-33],[121,15],[30,-42],[-1,-42],[20,-51],[-7,-53],[49,27],[46,-30],[32,-49],[49,-34],[46,-48],[47,-66],[79,-42],[83,-25],[24,-39],[88,-46],[35,16],[32,-11],[45,12],[23,27],[38,-5],[48,-48],[9,-52],[-43,-74],[-62,-56],[-29,-37],[-24,-56],[-14,-76],[-31,-75],[-23,-21],[-32,7],[-31,31],[-28,-64],[-25,-87],[86,-87],[46,28],[40,-12],[-10,-65],[4,-91],[23,-36],[45,-9],[81,-41],[-4,-62],[-23,-51],[-66,-81],[59,-83],[6,-88],[-7,-38],[26,-35],[-41,-36],[-16,-33],[25,-35],[45,28],[18,-42],[116,-32],[-35,-14],[-88,7],[-16,-19],[28,-81],[39,25],[69,28],[36,-16],[13,-34],[27,-27],[34,0],[29,-77],[-29,-14],[-27,15],[-12,51],[-46,25],[-66,-12],[10,-40],[59,-21],[1,-40],[-28,-109],[-29,-16],[-42,11],[-44,-12],[3,-67],[-56,66],[-31,-25],[27,-27],[-26,-117],[-13,-26],[11,-34],[-49,-9],[-4,-31],[49,-58],[25,-17],[97,-6],[-1,-45],[-41,16],[-29,-5],[-56,-63],[41,-29],[163,16],[-4,-112],[-20,-35],[-53,-33],[-57,-24],[-7,-39],[9,-63],[43,-55],[58,-25],[65,-5],[83,-17],[43,-24],[-2,-23],[-36,-31],[19,-48],[-27,-32],[26,-45],[7,-43],[23,-2],[16,40],[36,37],[59,8],[-14,49],[24,70],[54,54],[48,-25],[-5,-23],[-39,-22],[-20,-29],[21,-43],[-16,-93],[22,-20],[27,31],[39,11],[79,-40],[22,3],[33,-34],[-19,-17],[-50,12],[-75,-10],[-68,-21],[-83,-42],[-50,-36],[-31,-3],[-11,-26],[47,-57],[41,14],[53,-12],[55,-37],[45,-17],[33,27],[34,-86],[57,-58],[26,-72],[19,4],[41,55],[-63,29],[69,37],[14,-25],[86,-41],[-33,-57],[-24,-64],[-46,-16],[-5,-27],[22,-29],[89,-28],[38,-24],[35,-44],[62,-15],[109,-42],[79,-10],[42,-62],[45,-20],[23,-66],[40,-64],[-42,-19],[-34,-53],[-5,-51],[74,-85],[-6,-56],[-48,-74],[-13,-46],[-63,-7],[-114,26],[-65,26],[-68,51],[-21,3],[-50,-29],[-11,-37],[54,-72],[95,3],[53,19],[23,-13],[8,-41],[75,-39],[65,-1],[82,10],[28,21],[79,14],[19,-20],[15,-49],[39,-46],[-12,-33],[-106,27],[-56,23],[-54,1],[-24,-16],[-1,-34],[32,-24],[64,16],[57,-18],[36,-37],[76,9],[63,45],[10,47],[32,6],[13,-31],[2,-92],[23,-23],[53,-9],[31,20],[52,67],[48,6],[19,51],[18,12],[54,-62],[61,-43],[15,-32],[-10,-43],[71,-34],[84,-12],[61,-20],[66,-89],[6,-73],[35,-102],[45,-25],[23,9],[89,69],[35,42],[89,-15],[47,-20],[100,1],[27,19],[11,39],[-41,52],[26,25],[29,-51],[85,-38],[-5,-62],[28,-62],[53,-39],[66,-75],[54,-49],[66,10],[-3,-53],[17,-33],[32,-20],[9,-40],[-23,-44],[-52,-57],[-94,-49],[-31,-54],[8,-25],[-34,-16],[38,-10],[108,27],[94,64],[41,2],[86,-12],[60,-17],[54,-36],[32,-59],[0,-39],[-39,-43],[-41,-18],[11,-19],[50,7],[143,45],[25,18],[7,41],[-40,82],[17,54],[65,16],[46,-8],[42,-60],[2,-127],[19,-47],[43,-72],[-29,-55],[-51,-16],[-50,5],[-35,-18],[21,-55],[34,-46],[95,-36],[42,-26],[30,0],[32,23],[57,72],[53,-14],[-13,-56],[-50,-48],[-59,-40],[-86,-22],[-58,-48],[-16,-37],[26,-31],[-6,-36],[67,-26],[22,-19],[-2,-27],[-34,-14],[-39,26],[-33,43],[-36,-23],[-98,92],[29,81],[-26,6],[-48,-106],[-44,-22],[-23,-82],[-72,-114],[-14,-50],[8,-97],[32,-33],[64,-30],[92,4],[24,67],[-20,98],[9,47],[24,27],[36,5],[43,-22],[37,-49],[73,-58],[82,2],[37,10],[33,-32],[49,21],[40,-19],[-1,-33],[-28,-36],[26,-31],[-37,-37],[-34,-13],[-109,-8],[-33,-9],[-54,-48],[-16,-56],[21,-50],[47,-37],[2,-70],[16,-16],[131,-15],[54,8],[74,-10],[96,-51],[40,-12],[81,29],[66,72],[41,100],[52,40],[50,6],[35,-23],[53,-55],[12,-32],[-39,-44],[-76,-42],[-13,-57],[-50,-59],[-54,-37],[39,-19],[53,65],[38,26],[88,-5],[58,-48],[36,-67],[23,-58],[28,-15],[104,-29],[66,-11],[108,3],[45,-44],[-4,-72],[-27,-24]],[[36182,132301],[-40,-14],[-135,5],[-119,-35],[-92,13],[-36,-4],[-65,-48],[-27,-71],[33,-71],[32,-15],[40,3],[110,-23],[-9,-34],[-35,8],[-28,-18],[4,-23],[-34,-13],[-114,-7],[-66,-32],[-110,-13],[-65,-32],[-18,-42],[34,-37],[82,-7],[64,-14],[89,-90],[30,-19],[-3,-38],[87,-54],[-4,-66],[19,-68],[37,-58],[53,-14],[36,-31],[-60,-56],[3,-30],[40,-16],[84,-62],[67,-72],[101,-43],[67,0],[36,-29],[21,-35],[-2,-36],[27,-15],[54,-82],[6,-51],[-30,-157],[9,-18],[82,-70],[51,-74],[37,-115],[22,-45],[55,-43],[132,-39],[2,-47],[-26,-52],[-45,-45],[-32,4],[-152,-8],[-61,1],[-60,26],[-26,50],[-97,3],[4,107],[-14,7],[-208,41],[-150,-24],[-10,24],[-51,40],[-33,-18],[-4,-49],[10,-37],[31,-43],[62,-39],[-7,-35],[-113,14],[-14,-14],[-154,-8],[-9,50],[-21,5],[-59,-50],[3,49],[-14,9],[-88,1],[-19,-25],[-19,14],[-125,-24],[-35,-23],[-29,-40],[-23,13],[-95,-8],[-54,61],[-25,10],[-113,-4],[-38,5],[0,31],[-23,50],[-28,16],[-24,38],[-31,-4],[-13,-33],[-63,-6],[-114,33],[-17,-18],[-58,9],[6,28],[-2,98],[-58,16],[-100,5],[-27,14],[-83,-19],[-50,-78],[-85,1]],[[28328,131385],[-14,168],[22,217],[12,40],[7,107],[21,172],[7,128],[-12,112],[-32,11],[-16,-55],[-19,-21],[-43,-2],[-21,-23],[-3,-46],[-71,-37],[-121,-12],[-34,23],[-82,-17],[-54,50],[-22,34],[-40,-5],[-39,14],[-57,-14],[36,69],[-5,19],[-40,-10],[-20,-29],[-32,28],[3,56],[33,19],[6,40],[-134,-1],[-81,12],[-27,-7],[-19,-103],[-17,-14],[-62,-11],[-64,11],[-44,19],[-52,2],[-51,35],[-44,56],[-81,13],[-13,-57],[2,-61],[-15,-17],[-63,-5],[-32,19],[-25,36],[-22,-31],[-44,-3],[-45,42],[-49,11],[-75,-40],[-58,11],[-17,-35],[-143,-20],[-34,47],[-94,16],[-23,31],[-133,11],[-23,32],[10,112],[-10,38],[12,34],[-12,48],[-1,94],[-20,2],[-5,-57],[-38,4],[-48,-23],[-12,-59],[-136,-6],[-91,7],[-13,51],[-94,82],[-40,102],[-41,63],[-30,70],[-32,25],[-20,189],[-13,59],[15,57],[-6,20],[-194,-18],[-57,-21],[-43,9],[-80,-1],[-68,16],[-86,-14],[0,-21],[-52,-54],[27,-98],[32,-26],[18,-73],[-13,-33],[-81,-8],[-36,25],[-179,146],[-42,69],[-10,75],[-62,3],[-29,46],[4,21],[-94,43],[-76,61],[41,42],[-2,65],[11,63],[15,13],[0,87],[-147,-27],[-1,75],[-37,26],[-64,-19],[-92,-12],[-24,8],[-24,35],[17,41],[-30,53],[8,37],[-22,28],[-12,52],[-159,-20],[-65,-16],[-17,50],[-129,4],[-15,14],[8,35],[-9,55],[-62,10],[-5,17],[20,84],[23,52],[-30,44],[7,104],[-6,62],[13,18],[87,7],[-58,62],[-83,5],[16,54],[-7,142],[82,14],[31,45],[1,43],[-23,80],[-67,-5],[-26,126],[-67,-13],[-304,-19],[-16,13],[-13,108],[7,91],[-25,30],[-61,3],[-86,21],[-60,-8],[-67,13],[73,50],[58,64],[20,91],[27,20],[33,-7],[-19,-34],[15,-32],[64,4],[104,-7],[12,30],[72,5],[25,24],[5,59],[25,55],[-5,40],[-53,29],[-17,42],[31,51],[29,5],[104,-10],[-3,115],[-52,7],[13,112],[-28,33],[-106,-5],[-23,30],[-7,68],[-39,25],[-2,64],[43,79],[31,4],[65,44],[-2,27],[-53,1],[113,55],[54,45],[76,17],[24,34],[21,135],[-75,75],[-33,53],[4,52],[63,122],[-6,67],[-75,91],[-33,55],[-2,96],[-64,154],[-33,38],[-21,70],[-125,-22],[-35,-13],[-58,-3],[-104,-24],[-94,7],[-47,44],[-53,177],[-56,97],[9,27],[1,175],[-5,36],[20,36],[-4,62],[-44,41],[-24,42],[21,133],[32,38],[29,67],[-23,12],[-93,0],[-39,37],[-29,4],[-72,-31],[-82,4],[-88,-22],[-90,-13],[-13,-48],[-147,-46],[-46,-21],[35,-19],[3,-32],[-73,-10],[-25,-32],[-26,27],[-42,-17],[-36,17],[-81,3],[-6,60],[-59,6],[-90,39],[-84,55],[-10,74],[-15,15],[-134,-11],[-76,25],[-48,-40],[16,-47],[55,-14],[28,-152],[-1,-37],[-39,-95],[4,-37],[53,-53],[34,-15],[54,-44],[22,-67],[70,-14],[41,31],[36,2],[8,-71],[-12,-62],[-47,-2],[-54,-73],[-38,-36],[-36,-52],[-95,-30],[-107,-11],[-84,32],[-32,3],[-64,-19],[-38,11],[-49,-11],[-57,-28],[-26,-43],[-16,-71],[-26,-7],[-116,27],[42,117],[24,45],[41,3],[-2,66],[-40,74],[3,117],[-20,22],[-96,-22],[-167,5],[-49,-31],[-110,-5],[0,-20],[-38,-19],[-105,-11],[-5,-47],[-134,-11],[-59,8],[20,-38],[-41,-8],[0,-71],[-25,-1],[-25,47],[35,51],[-9,32],[-40,3],[-11,-21],[-47,17],[-56,-3],[9,-40],[39,-96],[-16,-67],[-25,-17],[12,-20],[23,-117],[19,-135],[11,-45],[-102,-39],[19,-68],[-56,-21],[-119,-6],[-26,-7],[-6,-77],[-19,-14],[-1,-36],[-19,-5],[-128,88],[-103,6],[-55,25],[-62,15],[-45,0],[-182,-49],[-75,-1],[-20,18],[-126,-12],[-23,19],[-89,-13],[-89,-25],[-7,70],[-14,13],[-7,83],[-35,-9],[-18,75],[-96,-3],[-59,-19],[-60,-1],[-85,-35],[-57,-53],[-40,2],[-10,75],[3,42],[-29,68],[-26,154],[-42,53],[-2,20],[53,17],[35,26],[28,-24],[32,-1],[12,84],[-38,26],[-48,-13],[-13,43],[-57,28],[-65,21],[-52,-14],[-112,-14],[-94,-21],[-223,-40],[-22,10],[-25,77],[-36,45],[-25,66],[-69,-5],[-53,45],[-27,90],[-43,41],[-56,-8],[-49,4],[-53,-32],[-13,28],[76,49],[-18,80],[3,58],[-158,-18],[-28,-12],[-34,-88],[-57,-30],[-5,-46],[-22,-36],[-7,-46],[-47,-11],[-82,30],[-35,43],[-69,3],[-52,-10],[-66,28],[-48,6],[-164,3],[-28,-33],[-97,4],[-47,11],[-1,27],[-47,32],[-80,2],[6,60],[-13,20],[-89,-11],[-23,-14],[-107,-15],[-98,23],[-99,53],[13,49],[34,34],[0,73],[-11,4],[-87,-24],[-13,-27],[-84,-37],[21,-129],[-21,-57],[-53,-33],[21,-48],[-42,-3],[-58,15],[-88,-19],[-30,31],[9,29],[43,23],[-4,44],[-27,34],[-9,58],[20,108],[-75,31],[13,61],[-4,53],[45,23],[38,1],[-31,33],[25,76],[-11,23],[-6,89],[-17,27],[-113,-29],[-37,4],[-5,-51],[-38,6],[9,89],[-3,171],[-7,19],[-149,29],[-38,-91],[-32,-93],[-34,-40],[-24,1],[-127,91],[37,128],[-1,40],[-55,52],[-69,13],[-27,22],[-29,-2],[-6,-26],[-36,-31],[-45,11],[-13,-44],[-32,18],[-30,63],[-94,60],[-112,39],[-28,31],[-17,56],[-34,46],[31,84],[-132,19],[-3,102],[9,53],[37,88],[40,62],[60,77],[21,122],[11,194],[-90,11],[-103,-4],[22,-38],[-63,0],[-14,47],[-203,47],[-30,-104],[-52,-7],[-3,87],[-120,1],[-83,9],[-68,-56],[-45,-10],[-35,18],[-11,81],[-75,-8],[18,61],[-9,89],[-65,5],[-21,21],[-14,48],[-136,40],[9,39],[-13,39],[-77,-13],[-117,-30],[-172,-8],[29,97],[70,20],[-13,38],[39,18],[27,61],[-49,17],[-19,46],[-27,111],[12,62],[-53,20],[15,47],[41,37],[-10,47],[18,73],[29,50],[50,51],[51,34],[48,15],[48,44],[-20,24],[22,105],[-15,6],[-2,48],[37,149],[-3,99],[-25,17],[-51,2],[16,46],[37,250],[-5,40],[-34,15],[10,191],[-15,31],[-68,5],[-3,-12],[-154,19],[-56,-12],[-29,27],[-38,7],[-74,45],[-79,9],[-58,18],[-108,0],[-42,13]],[[11927,142640],[69,60],[15,45],[-62,66],[-63,21],[-26,21],[42,32],[41,45],[40,64],[4,45],[-48,10],[-18,59],[23,71],[52,37],[46,-7],[135,-91],[29,8],[40,44],[-20,36],[17,35],[-76,102],[-39,33],[12,62],[20,42],[-46,33],[30,145],[39,25],[-16,54],[-31,46],[-33,7],[-44,-10],[-76,-59],[-42,-12],[-75,31],[-23,33],[-39,84],[-12,60],[212,15],[53,20],[39,48],[-14,34],[-105,12],[-55,29],[-69,51],[-27,53],[35,48],[86,53],[-8,40],[-29,20],[-66,26],[-70,61],[-20,-47],[-20,-14],[-51,9],[-9,48],[-17,18],[-51,18],[-89,77],[-39,2],[36,-42],[14,-59],[-35,-37],[-108,18],[-15,-29],[43,-41],[6,-21],[-50,-47],[-138,23],[-57,21],[-17,26],[-19,86],[-55,54],[40,36],[23,54],[-19,32],[-40,7],[-99,-18],[-24,64],[-26,29],[-42,23],[17,17],[-25,42],[26,13],[17,47],[-2,63],[-18,34],[-111,87],[1,22],[49,97],[8,47],[-10,19],[-111,69],[16,63],[3,139],[-44,100],[2,38],[36,18],[21,27],[-16,74],[-8,94],[-58,78],[-38,65],[-13,66],[8,50],[-23,29],[16,19],[50,-27],[32,11],[17,51],[-12,30],[27,17],[2,50],[34,107],[18,32],[-13,14],[-56,9],[-5,35],[-30,42],[0,48],[125,36],[17,38],[-4,65],[-37,64],[-39,29],[-18,44],[3,64],[-32,90],[15,58],[16,146],[-29,98],[-4,74],[10,81],[15,33],[26,6],[109,-21],[73,4],[79,25],[31,26],[51,84],[36,113],[11,126],[43,95],[6,58],[-11,38],[22,58],[-16,73],[32,39],[116,65],[30,10],[23,-36],[49,-24],[-45,-19],[44,-31],[-36,-35],[37,-44],[26,21],[56,-5],[68,-62],[84,-104],[48,-37],[70,54],[-3,43],[29,3],[11,59],[-37,34],[-43,13],[-65,58],[-19,35],[-86,53],[2,39],[55,25],[166,25],[83,-9],[54,-31],[4,-22],[32,-16],[0,-51],[28,-15],[24,25],[57,-9],[14,-30],[22,17],[8,57],[-19,51],[-24,15],[20,38],[47,4],[162,-18],[32,-23],[-19,-101],[16,-15],[-13,-51],[23,-38],[-4,-38],[122,-1],[80,-24],[-20,-44],[74,-30],[20,12],[-3,50],[132,-9],[12,38],[27,6],[3,85],[-10,27],[43,70],[-24,54],[20,88],[102,-9],[55,-41],[-14,-75],[16,-45],[67,-55],[-10,-53],[31,-15],[108,-15],[162,9],[43,16],[-8,78],[70,2],[19,-24],[37,25],[-12,20],[-46,16],[8,21],[76,22],[-17,35],[-11,67],[-36,44],[22,29],[-30,85],[11,22],[-14,37],[43,25],[-36,18],[-4,31],[31,26],[16,33],[-26,13],[-17,-37],[-24,-5],[-73,28],[-13,31],[-120,49],[8,52],[36,1],[10,20],[47,-5],[48,-70],[44,-10],[-5,30],[-32,62],[-27,24],[-6,47],[-33,25],[32,195],[26,64],[113,28],[79,5],[13,18],[74,-1],[72,27],[43,32],[36,-16],[43,-37],[32,18],[35,-25],[33,5],[80,92],[5,78],[41,-4],[59,12],[35,89],[-1,43],[-17,13],[-54,-1],[-24,-44],[-45,-36],[-27,25],[8,95],[-29,27],[15,40],[-2,84],[17,33],[-79,6],[-19,33],[-20,-19],[-15,-51],[-24,44],[-38,-7],[-38,24],[9,54],[43,19],[20,-21],[78,5],[37,-5],[-10,-49],[70,16],[25,31],[20,-31],[32,3],[0,-31],[-36,-22],[8,-50],[35,30],[1,22],[44,-11],[-47,-59],[-26,7],[-2,-26],[48,-3],[-9,-28],[-37,-11],[38,-47],[25,14],[-10,37],[64,12],[0,37],[-31,10],[25,18],[1,49],[-38,7],[-2,30],[24,-13],[34,9],[-35,40],[-1,68],[-35,53],[-42,15],[11,33],[63,18],[51,72],[17,95],[27,56],[99,33],[39,-32],[39,94],[18,10],[110,152],[46,33],[100,-9],[109,0],[110,-16],[43,29],[-22,71],[34,97],[1,63],[18,46],[-1,57],[-18,54],[-84,70],[-60,4],[-21,71],[-24,44],[-21,87],[-40,59],[-2,20],[26,66],[-17,40],[20,65],[-1,78],[-19,11],[2,37],[21,15],[2,40],[42,46],[89,40],[71,14],[69,-3],[20,26],[-18,89],[82,43],[36,-57],[33,-17],[19,50],[-60,27],[-3,38],[-40,70],[18,56],[-20,53],[46,99],[29,11],[5,75],[-16,12],[6,38],[35,25],[-15,42],[34,14],[85,-44],[6,-17],[38,20],[49,-11],[63,19],[-12,18],[-63,3],[-29,50],[37,23],[14,46],[46,15],[19,-11],[-8,-50],[-46,0],[6,-47],[53,0],[62,111],[57,-5],[21,-16],[64,-10],[95,25],[-45,40],[-123,4],[-78,10],[-30,18],[-27,45],[-60,7],[38,20],[80,-37],[62,-7],[96,0],[36,-23],[35,2],[53,-18],[52,23],[-10,-36],[7,-46],[45,-54],[90,-50],[18,32],[218,-20],[54,5],[24,-19],[53,-4],[52,8],[69,41],[50,18],[19,20],[-15,103],[40,15],[24,53],[-8,25],[65,30],[79,11],[35,14],[24,-8],[78,53],[70,15],[-20,18],[56,0],[30,19],[-44,18],[34,29],[-46,53],[-18,90],[41,76],[9,41],[-24,102],[-41,5],[-25,19],[10,16],[76,0],[39,35],[-14,28],[59,20],[-6,26],[34,23],[4,27],[30,3],[-3,32],[23,12],[18,-41],[56,14],[30,-30],[21,6],[-11,48],[-104,102],[25,24],[31,-10],[47,-47],[25,-55],[36,-29],[64,-17],[75,-37]],[[36182,132301],[27,-9],[72,13],[33,15],[27,39],[90,-80],[84,-4],[215,19],[138,-1],[85,4],[71,-29],[91,63],[23,1],[34,37],[72,0],[124,-41],[29,-23],[82,63],[81,-47],[66,-10],[36,84],[44,-16],[38,1],[120,28],[1,49],[-24,11],[82,35],[9,42],[53,19],[-45,59],[3,22],[32,42],[-24,56],[-26,27],[-39,79],[-49,-20],[8,-84],[-113,-23],[-83,18],[-10,50],[-51,41],[5,37],[-29,25],[42,20],[-1,23],[-37,38],[29,20],[40,-20],[14,18],[-23,21],[25,27],[53,-18],[86,86],[98,-47],[88,-7],[23,101],[22,160],[-32,9],[-63,-5],[-9,-22],[-91,10],[-22,38],[12,83],[-16,98],[53,51],[-2,29],[40,41],[65,144],[-21,27],[-4,89],[-47,58],[-1,35],[19,44],[-43,17],[-12,40],[42,89],[30,81],[60,-4],[56,9],[45,30],[75,-8],[50,14],[16,31],[-44,57],[-21,43],[-41,43],[4,16],[68,46],[32,71],[61,60],[41,18],[111,22],[53,48],[15,77],[41,65],[-7,107],[50,22],[9,22],[-30,18],[26,26],[-32,43],[31,42],[6,28],[40,26],[13,33],[23,0],[31,-29],[35,7],[28,25],[44,3],[25,29],[20,67],[33,-6],[12,36],[-19,57],[-43,41],[20,68],[18,31],[112,38],[-37,21],[3,19],[-80,-1],[-5,99],[33,8],[42,-21],[44,20],[3,44],[43,25],[-1,41],[-75,72],[-73,29],[-10,51],[34,72],[25,34],[14,88],[-8,51],[-32,78],[23,26],[45,-1],[36,-28],[11,-30],[43,-25],[136,-17],[48,5],[55,111],[11,61],[25,27],[3,55],[17,30],[-12,32],[44,52],[-1,34],[31,29],[32,110],[-10,36],[29,29],[57,22],[61,-40],[26,3],[12,27],[49,45],[5,67],[13,-22],[38,-17],[9,-51],[54,-7],[70,-38],[41,-1],[33,-33],[27,1],[48,25],[74,3],[20,70],[-12,12],[63,63],[52,37],[12,80],[15,47],[36,41],[99,-55],[23,5],[52,124],[24,162],[7,80],[19,18],[128,-20],[53,32],[51,59],[31,61],[-63,49],[-52,76],[-15,54],[8,30],[36,40],[71,61],[16,53],[-82,65],[-36,64],[2,42],[23,16],[80,28],[44,81],[90,16],[9,31],[-64,-4],[-49,15],[-16,43],[-36,12],[-27,-10],[5,-31],[36,-67],[-6,-50],[-50,19],[-33,58],[-17,52],[-20,15],[-67,-29],[-31,9],[-14,24],[31,48],[-16,48],[29,30],[31,5],[67,-23],[72,7],[35,28],[56,89],[-2,55],[-41,5],[-95,-84],[-31,-15],[-41,24],[-21,55],[0,51],[32,62],[-2,78],[-39,29],[-48,1],[-29,-12],[-58,-77],[-51,-103],[-27,-31],[-73,-19],[-26,26],[5,20],[102,108],[8,71],[-54,21],[-38,-34],[-13,-77],[-36,-15],[-33,41],[-25,12],[-82,-24],[-51,-44],[-2,-23],[45,-50],[10,-32],[-17,-30],[-41,6],[-68,-5],[-19,56],[39,64],[-30,37],[-121,61],[-31,-2],[-31,-46],[-61,-71],[-32,-6],[-130,73],[-1,51],[-38,61],[28,20],[53,-13],[22,-20],[-15,-80],[22,-25],[76,7],[16,58],[73,89],[0,40],[-87,45],[-52,36],[-72,37],[-19,20],[34,41],[55,24],[43,-52],[67,1],[44,39],[72,6],[1,48],[-53,30],[-29,5],[-143,-27],[34,33],[20,53],[-6,45],[14,12],[77,10],[3,40],[-15,43],[-26,10],[-8,100],[5,74],[-50,113],[3,48],[85,57],[41,43],[28,92],[-6,108],[-21,84],[5,65],[20,39],[50,41],[75,-8],[55,-18],[127,3],[26,10],[108,3],[23,-32],[59,5],[18,-22],[31,11],[-5,68],[32,16],[1,30],[32,0],[-5,-27],[34,-11],[35,9],[17,-18],[-36,-9],[-32,-46],[4,-12],[63,-18],[-8,-70],[24,-10],[138,-7],[14,34],[37,-4],[64,84],[33,62],[108,-7],[20,-17],[28,70],[27,-22],[62,4],[46,15],[20,67],[30,13],[87,-24],[20,37],[-33,41],[13,20],[48,16],[18,-8],[75,0],[18,-33],[43,15],[7,31],[-42,26],[62,-13],[14,-22],[30,5],[7,-34],[-10,-39],[13,-44],[-16,-49],[16,-19],[97,-26],[18,-13],[15,-51],[53,-21],[2,-35],[49,-7],[0,-37],[50,-30],[27,7],[65,-81],[-38,-41],[10,-45],[17,3],[42,-42],[28,-12],[46,10],[109,-28],[22,25],[18,52],[-17,33],[-39,31],[15,30],[22,0],[86,107],[0,21],[-84,49],[-31,2],[-61,50],[-32,10],[-11,23],[16,28],[1,61],[-13,89],[2,78],[-39,62],[5,38],[46,43],[24,41],[36,21],[-7,45],[62,81],[102,-15],[96,7],[-35,47],[-13,57],[-36,59],[11,26],[41,38],[34,-19],[53,-63],[92,-33],[24,3],[76,43],[127,40],[22,14],[135,117],[24,69],[-48,20],[-36,41],[43,62],[27,60],[7,40],[46,62],[90,23],[55,89],[47,105],[49,-6]],[[43222,141919],[184,-88],[29,-19],[25,-61],[54,-45],[65,-28],[88,-25],[44,-25],[58,-73],[32,-73],[38,-135],[-6,-126],[-61,-110],[-25,-130],[9,-71],[57,-58],[-61,-6],[-106,36],[-50,-34],[-36,-67],[-15,-71],[-16,-28],[-117,15],[-41,-6],[6,-92],[24,-54],[14,-61],[37,-95],[25,-18],[150,-47],[170,-44],[47,-23],[87,-23],[219,-5],[131,-20],[29,-26],[61,-143],[96,-108],[117,-174],[21,-60],[74,-80],[85,-74],[33,-51],[66,-45],[94,-3],[70,8],[57,35],[38,6],[125,86],[44,17],[30,30],[21,78],[34,16],[94,-11],[140,20],[92,-40],[7,-39],[75,-6],[27,-24],[69,-27],[46,-43],[78,-87],[107,-86],[26,-32],[71,-112],[59,-61],[40,-30],[121,-73],[135,-57],[152,-54],[138,-86],[111,-104],[68,-29],[172,-30],[75,5],[56,-8],[81,-1],[247,51],[96,-52],[61,-57],[17,-55],[-28,-21],[-79,5],[-27,-19],[3,-77],[-21,-41],[-99,-10],[-48,-17],[-76,-42],[-29,-32],[-27,-56],[-11,-99],[8,-43],[37,-73],[37,-37],[122,-70],[109,-72],[86,-65],[25,-46],[26,-95],[-10,-44],[-39,-47],[-51,-31],[-95,-12],[-86,-2],[-86,12],[-138,33],[-80,2],[-59,-8],[-68,-19],[-49,-50],[-8,-58],[21,-46],[47,-45],[152,-90],[105,-102],[77,-61],[19,-35],[-47,-129],[-17,-61],[58,-30],[28,3],[40,41],[214,3],[34,17],[7,50],[99,-16],[69,-1],[64,-10],[25,-18],[20,-41],[16,-67],[-13,-103],[3,-60],[14,-64],[-35,-62],[-33,-88],[-41,-207],[-32,-69],[-118,-226],[-96,-143],[-89,-64],[-13,-23],[9,-64],[47,-9],[77,27],[74,38],[88,22],[8,-56],[45,-68],[10,-56],[-32,-84],[18,-109],[-18,-23],[-42,-17],[23,-150],[80,-34],[-73,-23],[-105,-54],[-4,-39],[14,-21],[54,-36],[58,-61],[13,-73],[21,-25],[20,5],[42,46],[46,35],[43,11],[11,-46],[67,10],[132,37],[120,43],[119,24],[160,7],[84,34],[17,19],[92,34],[48,-2],[40,-22],[-30,-141],[-9,-69],[23,-19],[57,11],[121,-12],[32,-36],[0,-26],[-37,-40],[-18,-74],[-34,-65],[-25,-87],[-53,-95],[30,-18],[33,21]],[[43222,141919],[-18,58],[65,54],[5,28],[-18,50],[-10,83],[15,44],[-74,44],[-1,-116],[7,-32],[-25,-36],[-20,1],[-9,41],[-32,45],[-39,7],[-39,-22],[-51,-77],[-113,-102],[-2,43],[31,61],[2,31],[-23,25],[3,47],[-25,212],[-23,19],[-60,-16],[-38,-28],[-15,17],[7,69],[-3,77],[6,54],[48,168],[65,142],[27,69],[17,69],[-13,144],[-101,-12],[-14,9],[-8,85],[-23,85],[-19,43],[-14,99],[1,50],[24,97],[22,56],[6,48],[-31,57],[-75,111],[-20,44],[-79,119],[-16,2],[-160,-56],[-128,-27],[-29,-23],[-106,1],[-118,150],[-46,112],[-39,76],[-7,53],[31,26],[107,31],[126,10],[98,17],[8,210],[13,69],[2,106],[-5,121],[-22,20],[-96,5],[-3,47],[-63,20],[-16,-18],[-102,1],[-29,16],[-3,71],[-48,-1],[-14,-13],[-61,-10],[-32,-23],[-16,11],[-41,64],[-24,79],[11,57],[35,33],[-155,216],[-54,91],[-26,55],[-37,39],[-67,95],[-41,13],[-58,115],[-38,50],[-49,15],[-32,-11],[-41,-43],[-39,8],[28,59],[-3,38]],[[41133,146060],[21,9],[37,79],[4,136],[15,79],[-26,36],[-56,51],[38,75],[-42,53],[25,88],[14,17],[73,4],[9,27],[43,6],[19,-13],[22,-64],[22,13],[-16,63],[37,0],[41,-75],[61,-2],[11,37],[-52,37],[-38,8],[1,17],[64,47],[-7,45],[-34,16],[-21,-21],[21,-14],[-14,-26],[-54,12],[-34,48],[2,37],[-48,28],[-18,33],[-82,-19],[-29,-33],[-2,49],[-18,-8],[-23,-47],[-63,-24],[12,-88],[-57,0],[-71,23],[-4,27],[34,9],[-10,42],[3,84],[43,-6],[-1,40],[52,27],[59,61],[34,2],[68,25],[25,20],[88,-6],[52,-32],[38,27],[-11,24],[29,45],[46,-27],[31,45],[100,5],[20,30],[13,63],[57,27],[-3,97],[30,-2],[27,-28],[9,28],[88,-18],[-18,-47],[50,-3],[14,-35],[-59,-16],[9,-59],[78,-79],[-30,-16],[3,-79],[54,-23],[35,-40],[20,-6],[7,-61],[36,0],[5,-24],[-63,-23],[-12,-18],[23,-36],[64,-39],[59,-12],[101,27],[10,-26],[-113,-55],[-7,-21],[50,-6],[95,43],[32,-83],[61,-38],[66,0],[129,-28],[13,73],[54,2],[23,-12],[27,-46],[71,8],[158,-5],[-30,79],[25,24],[-9,55],[43,42],[-5,41],[-95,24],[-14,49],[25,20],[-3,63],[75,6],[2,-30],[57,-12],[18,-30],[-4,-98],[91,-6],[11,10],[91,-1],[54,20],[34,33],[36,53],[4,42],[20,27],[7,65],[27,6],[0,38],[-18,49],[24,47],[4,148],[-13,16],[17,130],[-2,30],[-66,18],[-16,153],[-16,36],[-17,93],[21,59],[-41,71],[-46,35],[-20,56],[11,23],[34,2],[92,32],[170,-43],[63,-11],[58,-20],[50,-6],[34,-62],[72,-12],[70,14],[64,63],[6,55],[32,63],[-5,59],[-48,65],[16,42],[2,59],[47,12],[41,48],[171,4],[113,20],[0,57],[182,27],[-2,69],[29,22],[8,75],[-20,53],[-39,-19],[-84,-18],[-20,-14],[-1,-57],[-29,5],[-127,-10],[-106,6],[-42,41],[-59,-2],[-4,-69],[-46,72],[-62,29],[-88,24],[-66,9],[-53,-3],[-38,22],[-13,32],[-6,85],[-20,66],[-30,48],[-38,10],[-44,-20],[-67,57],[-109,-6],[-53,73],[-18,55],[-9,109],[-27,109],[-18,46],[24,37],[-27,21],[-73,-11],[-121,0],[-48,15],[-64,37],[-24,32],[-19,71],[-1,44],[33,133],[-47,17],[-61,68],[-44,107],[-79,-23],[-5,14],[116,141],[12,49],[-11,72],[-97,128],[-2,119],[-6,43],[-27,96],[-46,75],[-60,63],[-17,133],[-122,33],[18,24],[60,14],[19,15],[11,41],[-52,42],[-26,-24],[-81,-100],[-31,-47],[-51,-23],[-84,14],[-5,-60],[-60,-6],[-161,-26],[-49,70],[-65,28],[-6,36],[-36,111],[-37,27],[-52,22],[-23,95],[21,71],[-9,14],[11,68]],[[41623,151396],[10,31],[45,27],[-1,55],[127,107],[52,25],[35,57],[13,58],[-45,60],[-4,89],[100,29],[21,17],[37,68],[60,28],[-2,42],[23,14],[66,-32],[20,-24],[47,-9],[42,-25],[75,1],[74,-28],[94,-16],[59,7],[32,16],[18,62],[76,56],[126,45],[70,4],[26,-90],[68,28],[54,-47],[47,8],[58,31],[36,-44],[90,-28],[75,-36],[20,27],[46,19],[3,33],[-42,1],[-48,-32],[-59,12],[-14,27],[33,-4],[10,24],[48,8],[107,-9],[11,-44],[42,-1],[15,-47],[46,-8],[5,-70],[39,-6],[8,38],[81,-22],[-13,-65],[-66,-3],[-4,-18],[-67,-9],[-13,-21],[-72,-29],[-73,-49],[-1,-28],[22,-47],[-43,-20],[-22,12],[-13,-37],[24,-22],[-8,-78],[130,-52],[43,-10],[-43,-60],[-35,-81],[-28,-45],[-18,-78],[22,-50],[36,-48],[93,-51],[105,-20],[108,-57],[85,-10],[117,-5],[-3,109],[98,45],[50,2],[-1,37],[20,36],[-17,56],[24,81],[73,49],[9,-17],[50,-11],[2,-66],[-35,-84],[-6,-67],[8,-58],[25,-34],[43,-16],[56,0],[137,27],[38,22],[20,97],[-46,73],[-1,61],[-74,-16],[-23,26],[27,56],[55,56],[14,-87],[16,-15],[74,15],[51,22],[45,-5],[17,-31],[8,-76],[26,6],[-4,38],[21,10],[-7,36],[35,32],[-5,58],[-31,27],[13,81],[-12,30],[-49,59],[-1,19],[42,28],[28,45],[3,46],[-18,58],[-2,46],[-28,45],[-63,58],[-98,30],[30,19],[-41,40],[47,17],[-21,41],[-53,-1],[32,70],[29,18],[4,30],[-20,61],[-6,69],[-13,5],[-22,133],[-17,44],[10,11],[-5,87],[15,23],[63,4],[51,-56],[44,9],[22,49],[-5,31],[-52,81],[16,82],[76,43],[22,102],[37,21],[43,-15],[50,-85],[30,-20],[82,16],[15,32],[29,20],[13,73],[-11,18],[-72,-1],[-29,17],[-9,61],[-34,0],[0,45],[123,-3],[50,-9],[72,34],[82,76],[39,28],[115,24],[59,31],[48,73],[14,55],[-10,44],[-32,21],[-83,-20],[-35,0],[-58,73],[-22,46],[8,57],[29,22],[55,5],[12,-12],[27,-88],[31,-37],[52,-12],[74,5],[76,15],[-48,-82],[13,-63],[40,-30],[36,-11],[72,16],[53,66],[92,31],[21,26],[18,83],[25,26],[63,11],[40,-8],[102,-41],[50,-1],[127,55],[53,10],[101,-26],[46,13],[15,41],[-15,61],[-89,84],[-85,62],[-88,47],[-92,29],[-17,18],[-40,83],[-32,52],[-22,60],[4,34],[33,58],[56,29],[-4,71],[20,26],[50,0],[-10,36],[-76,34],[-70,44],[-33,48],[-9,51],[121,43],[-17,37],[-86,48],[-24,93],[-20,36],[-33,25],[-103,29],[-36,-1],[-31,-23],[-4,-80],[-23,-73],[-42,-47],[-29,1],[-47,62],[-44,40],[-58,-2],[-48,-37],[2,-33],[73,-78],[44,-88],[-32,-45],[-52,12],[-56,67],[-33,1],[-49,-18],[-19,-25],[-3,-37],[39,-108],[-8,-23],[-43,-30],[-26,25],[-35,84],[-28,48],[-83,57],[-138,53],[-105,117],[29,49],[62,13],[82,-27],[9,23],[9,96],[-55,-10],[-87,19],[4,20],[88,13],[45,-11],[5,31],[-69,18],[-16,41],[10,34],[75,7],[81,-51],[1,-45],[35,-17],[24,-59],[25,-2],[56,32],[70,11],[102,-39],[110,31],[93,73],[189,106],[28,28],[18,55],[0,43],[-18,37],[-3,84],[-17,78],[-25,49],[-52,25],[-54,-21],[-37,-57],[-27,-141],[-13,-17],[-52,-21],[-67,23],[-84,116],[-10,50],[-21,42],[-26,0],[-43,-40],[-45,-86],[2,-60],[-23,-43],[-69,-68],[-27,-1],[-33,37],[-58,108],[14,20],[42,-22],[8,29],[39,-2],[10,-19],[41,10],[17,47],[-38,71],[-41,37],[-30,6],[-17,-60],[-14,2],[-64,116],[-60,50],[-5,32],[-35,47],[33,26],[9,71],[-62,31],[28,66],[33,100],[-14,118],[29,14],[-3,71],[-28,58],[-55,39],[-85,10],[-24,26],[90,72],[66,27],[60,-4],[24,-25],[34,-71],[79,-33],[20,8],[-6,56],[31,-1],[15,-28],[36,-6],[-20,-104],[25,-10],[62,30],[41,62],[-2,25],[-39,22],[-52,12],[54,28],[4,41],[88,19],[13,115],[50,13],[25,-16],[70,17],[-5,39],[-23,44],[-50,-13],[-73,-51],[-27,0],[-34,35],[16,50],[-23,31],[-2,77],[27,24],[40,-20],[12,-44],[48,6],[-6,81],[-36,-16],[-38,7],[-17,25],[-64,-12],[-30,6],[-30,86],[33,40],[37,-14],[-25,-44],[15,-11],[79,-8],[2,-35],[70,-3],[-10,60],[76,2],[66,12],[107,0],[-14,-42],[4,-81],[-43,-43],[28,-5],[-25,-21],[36,-33],[38,1],[40,39],[-13,107],[22,17],[118,37],[14,35],[41,5],[63,-25],[64,2],[23,-34],[-7,-35],[-33,-10],[-9,-30],[-52,-6],[-19,-26],[-40,-9],[2,-41],[20,-10],[115,13],[29,-20],[1,-41],[33,-82],[40,-9],[61,-33],[84,-3],[26,-31],[92,5],[-4,42],[29,65],[-15,44],[34,14],[48,-16],[48,8],[11,24],[-1,72],[52,53],[58,27],[-16,33],[-64,35],[-10,72],[-38,2],[-65,-20],[-36,2],[-33,-29],[-151,75],[-59,-4],[-39,-17],[-35,-81],[-50,6],[-10,33],[-77,-12],[-40,24],[-6,61],[-18,2],[-11,-51],[-68,25],[-48,42],[-4,160],[100,28],[-12,36],[-71,18],[39,95],[89,9],[29,-6],[2,-34],[51,-21],[-22,-65],[13,-30],[64,-24],[-18,-40],[54,-39],[55,-10],[105,-42],[55,-3],[22,15],[-52,92],[15,11],[47,-39],[9,58],[57,28],[-17,34],[-33,15],[-51,86],[-75,3],[-16,12],[-52,93],[-60,17],[0,78],[-37,61],[33,34],[-9,87],[-40,32],[-93,-11],[-39,15],[3,69],[83,116],[-1,25],[-50,17],[-12,26],[44,94],[-1,39],[-22,24],[-14,63],[15,49],[53,25],[48,-7],[49,-63],[33,-22],[52,-17],[67,-5],[53,-19],[77,-91],[69,-30],[90,-4],[20,-39],[75,10],[76,-3],[90,6],[17,31],[73,-1],[125,-17],[14,33],[-27,60],[29,41],[-15,22],[3,72],[12,29],[122,114],[27,42],[24,83],[15,0],[31,-124],[14,-89],[18,-68],[41,20],[4,-22],[45,6],[22,62],[14,9],[17,-58],[-15,-37],[40,-14],[-7,-23],[-78,-41],[-19,-18],[30,-34],[120,8],[13,-20],[-15,-36],[-31,-19],[-66,-10],[-91,31],[-21,22],[-27,60],[-43,-1],[-23,-122],[12,-69],[36,-76],[85,-106],[11,-51],[51,-7],[41,53],[78,67],[69,14],[-16,-55],[-100,-42],[-53,-71],[-33,-3],[-120,84],[-35,14],[-39,-8],[-56,-35],[-60,-87],[-13,-48],[14,-87],[17,-48],[51,-33],[133,-20],[64,32],[50,-21],[-13,-34],[-59,-73],[-9,-70],[33,-74],[90,-142],[108,-139],[72,-70],[68,-32],[175,-42],[15,-12],[-32,-51],[-59,-34],[-80,-31],[-72,-8],[-139,31],[-106,-1],[-66,-52],[-29,-48],[-5,-40],[28,-47],[83,-51],[84,-24],[149,-25],[93,-33],[34,-23],[65,-83],[18,-92],[54,7],[125,47],[36,19],[46,67],[20,85],[-11,96],[50,132],[38,22],[63,4],[26,-19],[-6,-63],[9,-18],[65,30],[2,-59],[18,-72],[6,-149],[60,-16],[47,25],[203,39],[86,-17],[32,31],[42,-20],[51,27],[25,-15],[85,20],[48,3],[49,-22],[52,-40],[44,-4],[51,-65],[76,-131],[37,-111],[12,-108],[-9,-53],[15,-34],[83,0],[34,-13],[54,0],[60,-28],[28,-26],[39,-59],[43,-88],[-2,-106],[-27,-67],[-106,-140],[-46,-69],[-59,-60],[-71,-47],[4,-94],[24,-58],[26,-12],[123,56],[71,1],[83,-39],[48,-38],[16,-48],[35,-31],[77,42],[75,-3],[42,61],[48,10],[32,-30],[119,-63],[27,-54],[1,-40],[-57,-6],[-51,-36],[-10,-40],[78,10],[44,-31],[7,-41],[-60,-43],[-15,-22],[-43,-127],[-18,-144],[11,-14],[72,-10],[42,16],[75,115],[29,28],[47,16],[75,-7],[17,-12],[20,-61],[7,-81],[-21,-38],[-39,-43],[-63,-50],[-15,-36],[-3,-47],[29,-26],[57,23],[20,27],[45,5],[22,-11],[3,-43],[-46,-40],[-2,-23],[71,-78],[-6,-75],[31,-34],[-65,-6],[-11,-37],[39,-8],[37,21],[6,-19],[-27,-26],[7,-65],[18,-44],[-22,-11],[-45,22],[-11,-41],[-72,-15],[-73,1],[-125,-11],[-34,-22],[-18,-80],[8,-57],[74,-20],[32,-27],[-5,-34],[-57,-30],[-50,-1],[-3,-41],[-37,-21],[-90,-21],[-69,-54],[-96,-102],[-9,-40],[56,-72],[30,-8],[59,61],[13,69],[53,36],[107,-3],[126,-15],[-14,-45],[-45,-42],[9,-38],[54,-29],[56,-6],[25,26],[8,47],[-21,86],[6,41],[67,27],[117,-22],[80,-46],[-9,-27],[13,-47],[-80,-75],[-18,-81],[-16,-23],[-153,-125],[-1,-37],[14,-85],[-101,-13],[-52,-15],[2,-32],[22,-32],[46,-34],[21,2],[84,57],[24,43],[-13,28],[13,22],[81,36],[22,24],[71,137],[42,59],[14,80],[30,102],[26,115],[20,40],[38,4],[65,-29],[71,-75],[30,-73],[20,-124],[14,-44],[38,-65],[84,-79],[30,-40],[-27,-40],[-81,-93],[-8,-49],[31,-58],[24,-3],[38,-35],[20,-50],[52,-55],[28,-67],[-4,-46],[-47,-23],[-44,-119],[39,-73],[31,-33],[-2,-50],[-16,-37],[-74,-21],[-71,42],[32,-70],[38,-109],[36,-37],[54,-76],[33,-28],[168,-61],[242,-34],[2,55],[20,13],[-29,59],[-54,54],[7,22],[-25,29],[-5,92],[-40,143],[-40,45],[-10,89],[32,131],[-28,41],[64,58],[55,33],[65,-23],[50,-78],[104,-44],[35,-30],[66,-115],[56,-71],[-16,-109],[15,0],[9,-62],[83,-132],[128,-29],[33,-17],[21,-30],[51,-9],[63,-54],[78,-43],[62,-12],[15,-22],[-3,-48],[33,-39],[53,69],[31,-3],[12,-34],[-8,-43],[35,-24],[22,-32],[1,-41],[-47,-48],[-153,-63],[-81,-5],[-66,-43],[-78,-25],[-90,-6],[-44,11],[-67,36],[-100,31],[-63,6],[-77,-13],[-27,-14],[-28,-47],[-49,-9],[-18,-30],[22,-30],[88,-49],[22,-23],[54,-116],[61,-87],[-73,-59],[16,-36],[132,-117],[-116,32],[-74,3],[-44,13],[-120,61],[-151,56],[-53,2],[-49,-16],[-32,-24],[-30,-44],[-21,-65],[-7,-100],[10,-25],[35,9],[83,-1],[74,-12],[97,4],[193,-32],[-85,-85],[61,-24],[83,-4],[69,33],[46,44],[146,12],[111,-3],[124,8],[80,16],[274,67],[90,10],[67,-14],[94,-7],[101,-14],[-33,-77],[-58,-79],[-33,-59],[-88,-216],[-36,-109],[14,-57],[-264,-283],[-152,-129],[-65,-82],[-25,11],[-80,-132],[-44,-84],[-47,-45],[-53,-29],[-47,-40],[-67,-73],[-10,-44],[1,-75],[-26,-43],[-50,-37],[-147,-162],[-46,-69],[-79,-100],[-111,-94],[35,-76],[16,-96],[29,-122],[0,-35],[-32,-54],[2,-85],[15,-242],[17,-97],[-9,-37],[-53,-63],[-72,-73],[-96,-75],[-14,-66],[-55,-95],[-42,-40],[-83,-110],[-81,-121],[-12,-76],[13,-18],[60,-19],[97,-42],[41,-24],[42,1],[27,-47],[16,-63],[66,-162],[3,-27],[-18,-87],[3,-22],[48,-85],[14,-64],[34,-60],[40,-45],[-12,-118],[18,-31],[83,-109],[42,-74],[24,-77],[19,-188],[30,-198],[-25,-82],[-40,-39],[-72,-105],[-19,-49],[-138,-161],[-106,-102],[9,-140],[-6,-90],[45,-124],[65,-90],[44,-136],[40,-70],[66,-58],[50,-11],[63,1],[57,12],[89,7],[113,-9],[47,-60],[34,-87],[2,-69],[-19,-32],[0,-35],[-21,-54],[-39,-45],[-16,-76],[-57,-86],[80,-144],[20,-44],[51,-79],[74,-81],[58,-53],[50,-32],[14,-34],[13,-79],[31,-124],[25,-76],[64,-114],[36,-42],[70,-38],[14,24],[88,-21],[24,-97],[62,-139],[26,-93],[28,-132],[65,-198],[30,-38],[47,-138],[21,-144],[-3,-218],[15,-84],[-36,-101],[-52,-303],[-25,-71],[-94,-184],[-34,-84],[-17,-66],[47,-104],[19,-94],[-17,-75],[-43,-93],[-38,-59],[28,-54],[-9,-55],[-78,-37],[-58,-109],[-24,-77],[-28,-184],[-3,-45],[11,-141],[-5,-31],[-30,-58],[-54,-52],[-79,-24],[-49,-3],[-75,-45],[-139,-42],[4,-36],[35,-63],[56,-116],[54,-128],[29,-93],[70,-152],[-3,-93],[-56,-229],[-49,-74],[-69,1],[0,-52],[25,-107],[-14,-35],[-29,-23],[-105,-55],[-17,-126],[35,-82],[-19,-109],[0,-81],[-12,-154],[73,-32],[13,-26],[-16,-71],[10,-83],[-65,-61],[-21,-29],[-58,-49],[-37,-49],[-25,-12],[-31,-56],[-84,-108],[-122,-208],[-48,-116],[-55,-95],[-14,-48],[-20,-118],[-55,-124],[-25,-137],[-24,-96],[-58,-137]],[[41133,146060],[-37,25],[-64,-66],[-34,-9],[-72,82],[-20,11],[-32,-37],[-37,-4],[-16,-42],[-27,-9],[5,77],[-79,-16],[-56,1],[-59,14],[-100,43],[-65,-8],[-143,14],[9,179],[-64,-1],[-64,-19],[-82,-7],[-92,-26],[-18,-22],[-18,43],[-37,10],[-64,-36],[-53,9],[-32,22],[-8,42],[-97,3],[-36,-10],[-20,-28],[-56,-1],[-41,30],[-171,34],[-108,0],[-69,5],[-86,24],[-38,39],[-24,56],[-114,19],[-47,29],[-96,86],[-130,147],[8,42],[2,110],[-12,49],[-42,-19],[-19,25],[-36,-1],[-123,-39],[-26,-1],[-35,36],[-59,43],[-196,74],[-41,-8],[-51,60],[-108,86],[-26,9],[-53,-24],[-34,5],[-69,84],[-51,71],[-5,129],[23,108],[2,82],[-13,49],[-60,47],[-19,27],[-96,45],[2,30],[-24,30],[-61,8],[-95,-3],[-72,38],[-58,-13],[-42,4],[-85,135],[-8,50],[-34,-8],[-97,12],[-33,16],[-38,49],[-23,10],[-23,78],[-20,30],[-77,42],[-43,57],[-12,41],[-40,-19],[-49,28],[-16,37],[-69,75],[-73,125],[-30,132],[37,13],[-152,38],[-40,48],[-50,82],[-20,12],[-82,4],[-72,-11],[-101,-113],[-37,-3],[-75,-32],[-101,-20],[-29,8],[-26,39],[-42,108],[-68,49],[-68,2],[-111,-14],[-21,5],[-79,52],[-44,45],[-100,33],[-107,26],[-57,29],[-86,19],[-103,122],[-41,76],[-99,66],[-66,77],[-25,17],[-17,59],[-4,66],[-13,38],[-27,-11],[-13,-47],[-27,-32],[-62,12],[-84,131],[-80,64],[-10,28],[13,49],[-50,24],[16,67],[-121,77],[-50,91],[-31,-6],[-28,15],[5,25],[-38,113],[-39,37],[-134,29],[-102,45],[-118,84],[-81,73],[-15,33],[-43,34],[-121,33],[-29,-4],[-71,-35],[-91,-22],[-37,-1],[-155,40],[-42,-14],[-67,6],[-104,22],[-52,25],[-42,8],[-72,36],[-45,13],[-45,30],[-59,63],[-133,94]],[[32199,151005],[-9,14],[-81,48],[-53,42],[-110,102],[-78,82],[-76,27],[-24,28],[-45,26],[-15,31],[-53,40],[-5,37],[-49,102],[-11,53],[-84,20],[-20,39],[-91,103],[-38,53],[11,70],[-14,75],[-57,144],[-27,48],[-37,37],[-1,95],[-27,14],[-21,47],[-63,31],[-18,66],[0,62],[-52,79],[-20,93],[42,-18],[16,11],[-112,111],[-118,105],[9,44],[71,9],[11,20],[-37,64],[-16,88],[4,64],[16,62],[-34,38],[-72,136],[-16,98],[-33,111],[11,21],[46,13],[-10,39],[46,8],[-4,42],[-51,165],[43,36],[15,44],[29,37],[39,-8],[71,50],[-147,173],[-122,153],[-22,41],[13,48],[10,85],[-30,146],[5,49],[25,61],[11,70],[5,100],[-9,97],[-13,63],[133,-19],[60,6],[58,42],[35,47],[21,53],[1,51],[-27,105],[-99,264],[-5,42],[27,212],[-9,55],[-47,77],[-82,82],[-147,99],[-31,32],[-15,43],[-9,125],[-85,67],[-25,32],[-50,24],[-98,106],[-35,22],[-112,13],[-46,-4],[-24,-40],[-90,5],[-33,-24],[-104,-2],[-45,55],[-61,2],[-72,30],[23,34],[-71,41],[-22,-10],[-17,22],[-79,-15],[-42,44],[-59,3],[38,-47],[-12,-13],[-139,25],[-27,45],[-53,36],[-3,28],[24,45],[37,41],[-27,19],[-52,-36],[-14,-53],[-26,2],[3,48],[-27,32],[-61,1],[-15,22],[38,46],[1,26],[-40,100],[-24,102],[-59,-1],[-38,52],[-85,27],[-39,-39],[-24,13],[26,74],[7,62],[27,27],[59,27],[143,15],[57,66],[31,96],[-36,65],[1,34],[22,45],[25,153],[21,46],[22,-38],[28,89],[-44,124],[-26,32],[-97,40],[-32,27],[-149,26],[-65,34],[-28,132],[-53,137],[-10,47]],[[28745,158791],[17,0],[-25,43],[20,44],[44,29],[76,-39],[0,-88],[-32,-16],[45,-2],[17,29],[12,72],[113,-10],[44,-26],[16,-92],[31,-14],[46,12],[-49,2],[4,61],[24,58],[41,9],[17,-71],[97,-28],[89,-63],[30,-13],[151,11],[-2,34],[-26,19],[1,32],[-48,40],[12,66],[-1,89],[32,6],[44,28],[11,34],[-15,40],[58,31],[41,7],[12,18],[35,-15],[0,-22],[61,-26],[15,-23],[34,11],[74,-19],[7,41],[-79,42],[14,59],[52,8],[3,43],[-26,67],[-31,28],[-12,106],[52,-1],[5,76],[-41,76],[-16,45],[-26,29],[-29,-6],[-106,22],[0,32],[65,6],[29,-13],[108,18],[16,15],[18,58],[-5,48],[-40,38],[-71,16],[-36,43],[15,29],[56,38],[7,37],[21,14],[-10,31],[-41,34],[-9,35],[-29,-11],[-11,19],[-34,-7],[-48,-41],[-32,2],[-23,101],[-50,0],[-44,15],[-78,-11],[-25,-48],[-3,-78],[-53,0],[-32,-24],[16,-24],[55,8],[30,-8],[-18,-33],[-9,-124],[31,-2],[30,-29],[-11,36],[7,66],[17,48],[46,28],[19,-35],[-29,-23],[-40,-116],[17,-64],[-10,-30],[-31,33],[-62,-28],[7,-87],[12,-24],[-20,-15],[-122,34],[-6,32],[-40,5],[34,44],[9,37],[-57,12],[-21,27],[91,51],[-6,45],[-22,12],[-30,-20],[-4,-43],[-59,-17],[-34,26],[-55,9],[-36,28],[-71,-22],[-37,-43],[-17,0],[-15,71],[-51,18],[-24,56],[-59,-23],[-26,9],[-35,67],[41,72],[51,18],[-27,84],[-31,21],[1,24],[39,36],[35,80],[57,41],[30,72],[-13,31],[-31,-2],[-69,26],[-26,-8],[-20,37],[-32,-53],[-40,-1],[20,-62],[-38,-2],[-71,-65],[22,-26],[-26,-32],[-31,-9],[18,-36],[27,16],[35,-71],[43,-47],[31,-14],[-32,-67],[-7,-65],[-36,-14],[-20,47],[-55,-5],[-27,16],[-33,52],[20,59],[-18,24],[10,46],[-62,25],[15,41],[-31,47],[-43,-2],[-29,30],[2,45],[-21,9],[-7,-49],[-23,-4],[-48,36],[2,-50],[15,-33],[1,-89],[-25,-44],[-84,-49],[-27,-111],[-53,1],[-86,-21],[-17,54],[3,47],[24,68],[30,10],[16,46],[-7,44],[-20,-3],[-11,-67],[-19,3],[4,64],[-14,-63],[-18,-21],[-4,72],[-76,30],[-55,-8],[-142,9],[-10,146],[-24,13],[-16,53],[-2,72],[64,69],[15,49],[-45,49],[19,41],[64,-10],[17,-21],[52,-2],[0,-20],[31,-7],[23,-40],[57,8],[43,-42],[46,9],[10,74],[-75,32],[-11,62],[-59,18],[-4,51],[87,-2],[20,-40],[89,82],[66,167],[-16,15],[-46,4],[-8,49],[-93,-13],[-81,21],[17,61],[-82,4],[-18,-60],[-30,-14],[-67,18],[-21,26],[-24,108],[-67,60],[-16,37],[57,23],[33,-27],[64,-2],[-25,-26],[74,-19],[-33,-24],[65,5],[-17,48],[-42,43],[-13,32],[-9,118],[21,2],[-27,55],[-30,28],[-16,-9],[27,-34],[-68,14],[-25,-24],[-50,-5],[-32,-44],[-39,1],[-36,62],[-47,20],[-27,40],[-73,8],[-4,-36],[-59,-6],[-46,15],[-23,44],[-25,-58],[-41,-27],[-36,35],[-18,57],[-40,8],[-19,-35],[-6,-56],[-27,-5],[-5,-30],[79,-49],[-10,-64],[7,-69],[-4,-55],[25,-17],[-8,-72],[-84,-9],[3,-71],[27,-90],[-122,1],[-12,35],[-43,-7],[15,19],[-20,32],[-6,-23],[-37,16],[-15,-10],[-1,46],[12,53],[-17,93],[12,55],[19,0],[-3,37],[27,5],[35,-35],[21,-1],[75,52],[-5,18],[-65,46],[-69,15],[-32,-18],[-6,-45],[-100,11],[-75,-2],[3,55],[68,80],[20,-2],[19,70],[-24,30],[36,0],[13,65],[34,10],[28,27],[155,34],[3,114],[-38,8],[-41,-13],[-23,22],[-8,39],[-26,12],[-18,63],[-81,3],[-31,-47],[-16,-43],[-1,-59],[-34,-14],[19,-130],[-29,1],[-10,29],[-47,-11],[-51,29],[-43,8],[-66,-9],[-66,-22],[-40,24],[12,37],[-81,10],[-52,21],[-52,43],[-20,47],[7,22],[-40,39],[-112,-34],[-7,-24],[-28,-5],[-38,-82],[-52,-15],[-18,15],[50,27],[40,44],[-2,49],[-43,18],[1,42],[-62,-4],[-95,-27],[-23,20],[-57,9],[27,59],[-53,-3],[14,16],[-14,42],[13,60],[65,29],[-3,21],[103,12],[90,-1],[-19,56],[53,20],[-23,33],[-140,-24],[-26,12],[-45,-8],[-26,44],[-28,11],[-66,1],[-3,28],[19,36],[70,10],[20,31],[39,0],[30,31],[32,8],[-5,38],[23,44],[-7,39],[45,26],[11,127],[-11,29],[-2,127],[-18,23],[2,54],[-107,2],[-46,-63],[-47,-10],[-27,31],[-30,58],[-54,-4],[-26,45],[-26,88],[22,-2],[33,-40],[63,16],[78,10],[44,31],[52,-4],[59,-26],[166,-11],[79,-23],[76,96],[86,123],[-53,61],[-65,-12],[-65,29],[-47,143],[-16,15],[19,30],[41,0],[25,15],[170,5],[38,26],[-6,48],[-100,1],[-97,10],[10,122],[63,-3],[-5,29],[77,-22],[78,-14],[77,-52],[48,-60],[1,-61],[174,-7],[15,19],[-49,54],[36,8],[-8,16],[49,3],[-3,37],[-71,26],[78,46],[60,1],[86,21],[16,40],[-52,50],[-3,17],[-67,46],[-9,18],[66,4],[1,78],[-60,15],[-3,42],[-23,35],[4,51],[109,-1],[47,19],[-5,76],[-11,20],[58,-2],[72,-28],[78,-65],[55,-5],[36,47],[96,48],[-63,18],[-94,-9],[-4,45],[-55,26],[1,127],[119,-38],[109,-26],[2,-108],[33,-16],[-21,-33],[13,-10],[120,10],[19,-40],[93,-9],[36,-48],[-2,-49],[27,-5],[6,80],[61,15],[-9,-39],[-19,0],[5,-60],[74,28],[59,-17],[-29,-63],[-51,2],[5,-68],[52,-13],[34,20],[19,-19],[-40,-33],[0,-55],[-50,-48],[-74,-8],[-6,-69],[38,1],[9,-55],[80,-33],[-13,-58],[-45,-44],[16,-23],[-23,-20],[86,-19],[-20,-61],[0,-43],[136,-22],[13,-31],[106,-10],[-3,-48],[56,-10],[7,-34],[-10,-69],[83,-26],[58,41],[-26,55],[-33,-2],[-33,44],[-1,63],[-74,35],[15,80],[62,-19],[3,-57],[42,2],[38,28],[19,40],[80,-4],[14,13],[58,-25],[41,4],[-29,-56],[-9,-52],[21,-22],[47,-76],[-1,-31],[50,-6],[122,26],[84,32],[59,6],[114,-41],[22,-33],[-17,-13],[-2,-51],[17,-51],[-32,-6],[-14,-26],[-60,-41],[13,-47],[74,-5],[17,16],[-25,32],[40,23],[19,29],[131,-1],[33,-14],[2,-89],[36,-15],[18,-49],[-3,-55],[65,-10],[-16,-63],[9,-48],[76,-17],[36,13],[12,36],[-16,92],[60,19],[29,-12],[85,2],[110,-9],[67,-26],[97,3],[47,-21],[22,-58],[61,-18],[14,9],[11,79],[25,10],[35,-21],[43,77],[17,-34],[-31,-49],[38,-33],[34,3],[-4,54],[55,31],[22,-11],[32,-48],[80,14],[90,-59],[6,-23],[-18,-111],[25,-2],[17,122],[87,7],[146,52],[35,8],[8,-23],[63,6],[14,-35],[-67,-70],[-85,-36],[-38,7],[-25,-22],[34,-50],[59,6],[3,21],[49,11],[34,22],[117,-16],[3,34],[25,17],[45,-1],[11,-25],[63,-38],[-7,-31],[-27,-20],[-79,-16],[-28,-29],[-17,-76],[34,0],[10,-82],[-44,-36],[-33,-5],[-4,-120],[8,-35],[33,-10],[4,-21],[-17,-83],[-23,-6],[-9,-36],[9,-60],[-26,-45],[-25,-13],[-205,28],[-9,-25],[-1,-74],[20,-24],[64,-2],[46,55],[43,-1],[3,-45],[46,11],[57,-23],[26,-40],[45,6],[42,-25],[16,20],[63,-15],[2,-21],[56,-6],[-7,-37],[-46,-22],[-16,-74],[-59,9],[-9,-55],[37,-1],[31,24],[-24,-48],[34,-51],[35,-9],[23,-57],[-5,-69],[8,-86],[-16,-13],[1,-47],[36,-33],[27,1],[-1,-36],[20,-33],[-58,-15],[-23,-45],[-42,-21],[-12,-56],[-30,-43],[-60,-5],[-6,-15],[-55,-5],[11,-43],[-72,-73],[-25,-50],[-36,-4],[-59,17],[-46,-26],[16,-34],[63,-22],[66,31],[58,3],[29,-46],[22,0],[19,112],[16,-3],[10,41],[57,-5],[5,32],[21,5],[27,37],[-6,18],[67,-13],[-20,-40],[2,-86],[50,-3],[7,-21],[67,-9],[31,18],[18,45],[30,2],[-10,32],[60,16],[11,-48],[52,2],[9,-22],[54,-36],[0,-23],[-36,-13],[18,-53],[40,-41],[90,2],[13,49],[78,-7],[15,23],[106,22],[18,25],[57,-14],[64,6],[7,-34],[23,-19],[-143,16],[6,-18],[35,-3],[18,-20],[47,6],[10,-26],[51,3],[20,37],[69,17],[39,23],[-49,38],[-5,25],[40,3],[54,-53],[-27,-30],[22,-30],[-8,-35],[5,-99],[-30,-35],[-42,1],[-99,-15],[-4,-24],[63,0],[77,10],[6,-23],[-61,2],[4,-23],[52,1],[23,-79],[17,-23],[-64,-10],[-15,-36],[-65,3],[-82,-16],[-32,16],[-64,-16],[23,-41],[40,22],[46,-17],[62,17],[1,-39],[-23,-7],[8,-26],[28,-12],[3,-33],[-45,6],[-26,18],[-1,34],[-34,-3],[-9,-24],[24,-20],[9,-58],[52,-13],[5,44],[50,-2],[3,-35],[-25,-15],[1,-29],[-45,15],[-36,-5],[-8,-44],[-68,-17],[-38,-28],[-5,-38],[33,-64],[-73,-89],[-45,-23],[-39,0],[-49,83],[-48,60],[8,83],[-19,63],[-41,10],[-27,28],[17,143],[-26,22],[-124,7],[2,68],[-14,7],[7,61],[-25,5],[4,96],[-33,-1],[-38,24],[-2,41],[30,24],[-39,2],[-15,-41],[7,-38],[-41,-4],[-33,-51],[13,-103],[-76,-65],[-15,-36],[46,-41],[168,-53],[7,-38],[-22,-33],[-70,-17],[-23,-40],[9,-59],[42,-64],[54,-12],[-7,-26],[-69,-22],[4,-15],[-53,-24],[-21,-147],[11,-44],[-60,-45],[13,-33],[53,-31],[22,89],[70,8],[3,-88],[-24,-14],[0,-81],[27,-19],[39,45],[38,8],[-10,-76],[30,-29],[39,18],[36,-7],[56,-44],[44,-51],[67,-25],[82,-60],[96,-60],[18,-18],[8,-54],[-44,-3],[-20,-57],[-46,-23],[-4,-35],[21,-45],[-30,-8],[-31,-29],[18,-69],[90,-56],[36,27],[34,-7],[28,-70],[115,0],[4,33],[26,38],[0,35],[145,-100],[26,-29],[-6,-40],[-142,46],[-60,-8],[29,-58],[-36,-57],[4,-30],[26,-24],[8,-60],[27,3],[71,34],[20,-26],[-81,-43],[38,-36],[39,-13],[56,6],[37,25],[18,-5],[23,-46],[4,-112],[-40,-71],[1,-33],[36,-29],[-19,-19],[41,-69],[57,-75],[-42,-11],[-11,-158],[29,-52],[19,-2],[32,-46],[38,-23],[38,11],[24,-47],[40,-2],[2,-19],[-41,-20],[15,-52],[-28,-12],[-15,-38],[-83,-38],[-16,-77],[-27,-26],[-67,2],[-30,-42],[37,-23],[4,-50],[-24,0],[-31,-27],[8,-62],[-20,-36],[4,-51],[-56,-27],[-15,-23],[20,-17],[-43,-5],[-3,-30],[42,-31],[-16,-8],[-8,-63],[-38,12],[36,-69],[31,-8],[-4,-49],[32,-50],[95,-11],[-36,-81],[-4,-30],[37,-64],[61,-14],[38,5],[5,19],[118,9],[13,-42],[58,-26],[20,-28],[13,-73],[31,-23],[92,-12],[-38,-96],[-46,-6],[-142,-3],[-13,-29],[29,-45],[-10,-72],[9,-26],[60,-42],[3,-101],[25,-1],[-28,-30],[29,0],[-25,-34],[20,-13],[51,4],[9,-37],[-36,4],[13,-67],[24,-7],[10,-62],[21,-13],[32,30],[64,-53],[6,37],[32,2],[3,-30],[-43,-33],[30,-33],[28,0],[31,22],[64,-153],[40,21],[23,-10],[12,-52],[29,40],[59,-6],[21,-36],[87,21],[48,34],[20,-60],[32,-1],[55,-41],[24,21],[5,-25],[27,-8],[24,22],[37,-15],[16,23],[40,-12],[-7,-52],[74,20],[30,-2],[25,-39],[2,-43],[36,14],[15,-23],[32,-9],[14,21],[34,-17],[13,39],[26,27],[-8,33],[54,-30],[27,12],[-39,27],[52,2],[66,26],[16,-20],[36,22],[31,-44],[55,0],[12,-23],[35,21],[29,-28],[39,22],[15,-27],[49,-31],[34,5],[45,39],[16,-24],[31,14],[26,-29],[33,31],[21,-8],[-8,-46],[32,7],[4,30],[66,-18],[35,-25],[31,5],[40,-74],[40,11],[-13,58],[18,35],[29,3],[2,-114],[-15,-36],[55,-63],[-34,-28],[3,-22],[30,-3],[35,21],[55,-79],[54,20],[10,-23],[39,-19],[19,26],[58,-15],[12,-24],[-16,-66],[26,-12],[-36,-41],[10,-32],[42,-34],[36,17],[-39,-46],[66,-1],[36,39],[30,-30],[75,-8],[-15,-57],[58,6],[-43,-40],[64,17],[31,-10],[-12,-27],[0,-108],[-35,-46],[64,-43],[-32,-12],[23,-24],[31,24],[71,24],[68,-12],[54,1],[13,-32],[22,50],[49,11],[14,-38],[28,10],[69,-4],[1,-44],[-19,-13],[-10,-99],[-54,-38],[-76,-41],[-10,-52],[-29,-14],[-50,-60],[-29,-4],[-9,-63],[-44,-64],[1,-59],[23,-37],[-11,-63],[-36,-69],[13,-36],[-2,-45],[26,-13],[43,6],[-3,-25],[56,-23],[53,13],[70,-20],[22,21],[16,-42],[24,9],[121,-41],[41,-5],[-19,53],[60,-19],[25,13],[24,-19],[37,10],[-15,25],[26,8],[11,62],[43,9],[7,37],[67,-31],[49,-50],[-24,-12],[-12,-48],[8,-50],[-12,-30],[21,-34],[-11,-71],[-40,-28],[-24,-75],[-59,-2],[-32,-50],[82,-24],[240,-3],[50,-10],[8,-36],[40,-10],[10,-29],[27,21],[39,-11],[10,14],[46,0],[25,-26],[41,54],[2,48],[27,27],[43,17],[3,-77],[77,-12],[-7,-25],[55,25],[-18,-52],[62,22],[9,-49],[32,24],[59,-87],[64,-48],[59,-34],[62,-23],[-13,-49],[29,4],[53,51],[34,7],[21,-31],[32,9],[49,-21],[45,-34],[23,-46],[46,-35],[-31,-30],[8,-21],[52,-1],[9,-19],[-27,-20],[45,-19],[-10,-41],[53,-24],[11,42],[37,17],[16,-19],[-5,-36],[15,-14],[26,17],[14,-38],[38,-6],[41,-65],[-51,-56],[-32,-23],[28,-25],[48,58],[7,-35],[30,3],[5,-29],[-26,-18],[29,-16],[-29,-18],[42,-3],[79,-69],[26,4],[36,44],[12,-54],[22,-18],[21,21],[72,24],[9,-32],[-38,-4],[-36,-38],[-38,-3],[35,-49],[63,-30],[41,13],[25,-22],[79,11],[53,-51],[52,-17],[53,14],[23,-13],[21,18],[37,-16],[39,22],[50,-18],[44,45],[41,-24],[51,-12],[35,16],[3,40],[28,20],[33,1],[26,-35],[81,-24],[26,21],[42,-1],[71,18],[59,-14],[59,5],[47,-20],[48,-42],[63,23],[22,-36],[24,23],[-3,68],[22,36],[-28,80],[-60,54],[-1,31],[-22,62],[14,68],[77,3],[66,50],[88,41],[51,7],[65,41],[19,65],[76,40],[2,29],[-42,24],[20,56],[47,18],[-19,56],[25,56],[-37,20],[44,19],[103,-23],[109,32],[101,12],[59,32],[82,19],[8,13],[-44,61],[32,11],[49,-61],[47,-29],[52,-19],[38,-40],[70,-133],[29,-160],[-26,-68],[-63,-81],[-70,-132],[-20,-64],[8,-91],[-32,-9],[19,-54],[29,-32],[74,-45],[93,-28],[186,-31],[133,-9],[100,-40],[176,-121],[72,-70],[100,-53],[207,-18],[116,-1],[115,-20],[77,-6],[46,-71],[13,-36],[5,-65],[-26,-38],[-32,-18],[-146,-114],[7,-47],[-44,-37],[51,-24]],[[26075,161245],[27,-2],[96,33],[142,34],[48,0],[48,-37],[14,-56],[-3,-75],[29,-38],[-38,-50],[5,-85],[-90,-5],[-44,-35],[21,-104],[-16,-44],[15,-12],[-1,-44],[54,9],[127,67],[136,57],[110,-10],[21,-11],[33,-84],[10,-55],[27,-81],[38,-12],[-13,-35],[-60,-11],[2,-76],[60,20],[46,-21],[58,34],[69,-5],[32,-37],[16,-86],[-65,-24],[-25,-45],[-23,-97],[64,-2],[164,65],[22,0],[-8,-54],[68,-13],[125,38],[68,68],[30,8],[41,-12],[26,63],[62,-1],[11,-71],[25,-59],[-35,-46],[-27,-171],[-24,-67],[-4,-81],[-52,-21],[-72,52],[-68,-2],[-68,-78],[-38,-95],[-73,-4],[-55,-20],[-133,12],[-49,-6],[-113,-33],[-41,-25],[-79,8],[-103,74],[-24,27],[-55,94],[-15,48],[-39,64],[-75,52],[-119,93],[-64,30],[-58,12],[-100,-47],[-46,10],[-29,31],[-21,151],[-25,74],[36,40],[54,12],[20,21],[20,57],[-8,63],[-63,94],[-49,2],[-20,14],[-28,52],[-12,114],[-47,78],[-38,99],[-11,55],[19,11],[52,-3],[23,11],[-8,65],[-77,78],[11,19],[-9,44],[26,22],[36,8],[54,-7],[57,-23],[-8,-21],[70,-48]],[[32199,151005],[-121,-36],[-41,-26],[-74,43],[-42,5],[-22,-30],[-63,-48],[-71,-39],[-34,0],[-87,70],[-71,79],[-110,42],[-15,-29],[-63,3],[-56,-14],[-33,13],[-82,-55],[33,-44],[38,-90],[-7,-53],[-34,-30],[3,-48],[-34,-15],[-37,-92],[1,-51],[-51,-63],[-32,-80],[2,-34],[-32,-60],[-17,-66],[-50,-67],[-64,-24],[-48,43],[-36,-5],[-27,-24],[4,-29],[40,5],[25,-42],[107,-47],[22,7],[17,54],[49,23],[27,-22],[-31,-14],[-11,-36],[3,-56],[-80,-58],[6,-38],[35,7],[34,-12],[25,-96],[-31,-43],[-14,-88],[-27,-16],[-36,-61],[58,-68],[40,3],[-17,-61],[14,-15],[-34,-6],[-50,-37],[-2,-37],[-60,-67],[19,-80],[41,-20],[2,-122],[30,-26],[24,38],[58,-14],[0,-18],[66,-11],[35,-48],[2,-23],[-26,-27],[48,-63],[23,14],[52,-68],[-13,-37],[31,-30],[16,13],[60,-2],[50,-22],[23,7],[5,-53],[-35,-123],[-96,-54],[-70,-52],[-56,-28],[-54,-15],[-81,-35],[-9,-87],[5,-62],[33,-59],[-25,-50],[-59,-67],[-94,-37],[-34,-27],[-3,-42],[15,-31],[74,-97],[24,-60],[25,-25],[-14,-29],[-64,-42],[-77,-21],[-182,-31],[-29,-25],[-26,-60],[10,-111],[23,-128],[18,-59],[-22,-37],[22,-49],[39,-54],[-58,-31],[-32,3],[-34,25],[-129,-43],[-23,16],[-25,142],[-25,26],[-88,-17],[-21,35],[-39,29],[-44,6],[-29,-41],[-31,6],[-16,26],[-28,-11],[-40,15],[-27,-15],[-39,27],[-30,-15],[-25,13],[-109,-14],[-11,-40],[-32,1],[-19,-19],[-54,-6],[-25,-38],[15,-28],[-1,-44],[-90,-47],[-24,-48],[-27,-9],[-17,-48],[-46,-27],[-18,-43],[0,-60],[-44,-17],[-7,-34],[-49,-41],[-57,-35],[-26,16],[28,84],[-55,20],[-72,-15],[-60,18],[-29,27],[-95,9],[-75,-38],[-61,-6],[-52,11],[-193,-20],[-97,0],[-23,33],[-65,0],[-52,-45],[-32,-14],[-14,-27],[-47,-31],[-74,8],[-8,-18],[36,-25],[-13,-21],[-58,-22],[-58,-9],[-88,33],[-119,-1],[-59,4],[-48,-7],[-37,-46],[-52,-25],[-17,-45],[-25,-28],[-230,12],[-108,-4],[-36,9],[-8,31],[-29,22],[-53,3],[-42,46],[-33,14],[-94,11],[-94,-24],[-77,31],[-30,-9],[-16,-58],[15,-19],[-49,-31],[-38,-9],[-22,53],[-96,-17],[-61,-45],[-94,-37],[-2,-15],[39,-35],[-10,-35],[-29,-30],[-43,-3],[6,-30],[82,27],[73,-68],[45,-14],[26,9],[36,42],[50,26],[36,-28],[-2,-32],[47,-56],[-2,-65],[54,-50],[45,-83],[-27,-40],[-40,-19],[-37,-42],[42,-30],[44,-9],[73,2],[8,-75],[-52,-27],[-9,-61],[-56,-34],[0,-34],[-122,-12],[-82,1],[-15,-17],[-40,10],[-22,-98],[-22,5],[-25,44],[-28,-37],[-18,-97],[-7,-72],[50,-24],[0,-34],[-21,-45],[-124,-5],[-13,-41],[48,-17],[24,19],[31,-29],[46,6],[10,-20],[-36,-46],[-20,-125],[2,-46],[138,-20],[83,12],[17,-10],[-4,-59],[47,-6],[21,-16],[-4,-44],[18,-58],[5,-126],[-47,-2],[-34,-23],[44,-18],[0,-25],[24,-19],[-58,-35],[-16,25],[-59,3],[-7,41],[-20,-35],[-39,-3],[-19,24],[46,12],[-23,37],[-46,-22],[-9,-53],[-23,23],[-3,30],[-23,17],[-17,-38],[41,-51],[-51,-63],[-38,-1],[5,-31]],[[20642,152382],[29,36],[98,55],[49,48],[26,41],[38,113],[168,43],[39,-42],[26,-8],[36,-48],[87,-8],[19,18],[48,1],[10,32],[38,38],[-9,30],[-46,6],[-20,65],[6,65],[27,22],[-41,54],[-15,66],[22,21],[40,5],[23,-32],[-23,-55],[13,-9],[49,19],[-8,59],[21,54],[-19,75],[5,20],[65,65],[38,-10],[59,12],[-13,121],[51,63],[63,39],[104,9],[23,31],[-11,47],[71,66],[38,67],[26,88],[-29,43],[-80,72],[23,74],[-5,43],[-28,26],[-180,102],[-63,56],[-47,29],[-73,-8],[-28,27],[-18,43],[-71,36],[12,23],[25,-9],[87,4],[46,15],[60,42],[74,78],[30,61],[53,153],[51,68],[28,84],[-10,58],[14,38],[65,62],[66,51],[94,98],[46,100],[93,105],[57,101],[6,26],[-21,42],[9,43],[-21,45],[-86,19],[-65,29],[10,82],[5,140],[-20,104],[-2,50],[15,15],[51,1],[20,15],[-28,52],[-27,120],[3,101],[-34,44],[-91,63],[-24,31],[-30,73],[-5,50],[53,175],[8,108],[12,45],[-23,24],[-85,12],[-26,35],[37,26],[63,5],[62,-7],[53,28],[50,67],[55,10],[86,70],[80,36],[33,173],[60,112],[7,95],[10,34],[-8,53],[-19,13],[-93,-4],[-56,-11],[-17,14],[9,95],[12,41],[77,13],[58,-9],[-2,143],[-23,83],[-29,72],[-71,103],[-24,26],[-71,104],[-30,54],[-39,-1],[-88,67],[-52,63],[-26,19],[-115,52],[-93,-6],[-60,-41],[-52,2],[-15,-23],[-140,-14],[-17,32],[-5,116],[-19,118],[-30,113],[-4,71],[-20,113],[-43,111],[29,87],[84,94],[18,29],[43,106],[6,51],[-5,111],[10,72],[28,108],[5,116],[-8,37],[-49,59],[-39,62],[-67,56],[-5,96],[23,75]],[[21352,160373],[52,-31],[79,-5],[32,23],[133,21],[48,23],[94,70],[150,-7],[55,2],[66,44],[39,11],[106,53],[44,55],[25,14],[50,-1],[49,-44],[58,-5],[83,-29],[32,-37],[52,-31],[91,-89],[41,-3],[123,-124],[27,-15],[127,-39],[1,-36],[-134,-111],[-36,-54],[-11,-64],[1,-53],[-23,-33],[12,-24],[-16,-73],[-48,-90],[21,-62],[74,-10],[6,-49],[13,-5],[1,-47],[16,-14],[13,-61],[-16,-45],[-71,-25],[-7,-24],[20,-26],[23,-130],[-19,-44],[25,-73],[49,32],[76,7],[27,-7],[13,-47],[56,4],[41,-14],[27,-50],[-15,-26],[-5,-66],[115,16],[13,21],[26,-5],[-1,-59],[33,-22],[-37,-40],[-40,-11],[10,-140],[110,4],[17,-46],[67,-17],[55,11],[57,0],[5,-181],[60,-16],[43,-26],[52,6],[-1,59],[62,24],[89,17],[9,22],[40,8],[86,1],[27,-33],[50,-5],[56,-64],[29,-2],[17,26],[44,7],[105,-3],[88,35],[76,14],[49,-44],[117,5],[16,14],[-39,101],[-2,69],[38,80],[-59,-2],[-40,-61],[-64,-5],[-11,27],[3,86],[-18,44],[-76,6],[-23,16],[10,71],[-9,26],[-85,37],[-66,17],[-24,26],[6,257],[-14,66],[17,55],[62,44],[25,30],[-10,22],[-79,66],[-14,34],[20,29],[110,25],[33,22],[5,31],[-32,51],[15,61],[74,52],[52,50],[23,0],[68,29],[47,34],[103,8],[94,15],[77,6],[136,3],[136,18],[113,1],[219,-10],[68,-19],[110,-1],[141,16],[29,-42],[23,-6],[15,-36],[50,18],[61,-48],[61,-26],[70,-103],[40,-15],[35,-49],[5,-39],[69,-121],[25,-112],[27,-9],[18,-41],[92,-60],[69,-121],[28,-31],[29,-80],[39,-28],[98,-115],[20,-62],[21,3],[66,-92],[-10,-20],[15,-52],[45,0],[9,16],[50,-2],[5,-57],[133,-22],[70,-25],[70,0],[64,20],[40,-3],[45,20],[9,23],[81,15],[17,20],[75,-1],[32,61],[27,6],[157,3],[177,27],[73,-5],[86,-43],[37,-4],[263,4],[87,7],[103,-8],[27,-21],[34,-3],[60,-29],[38,50],[30,11]],[[17493,153534],[59,71],[31,107],[117,77],[-6,35],[21,56],[14,-13],[93,72],[-6,38],[-37,15],[-18,25],[-52,13],[3,19],[54,-1],[36,55],[-27,33],[16,72],[85,21],[67,58],[7,46],[-13,74],[-2,81],[-112,77],[-21,36],[11,58],[-13,23],[1,77],[-33,58],[-67,21],[-39,49],[-6,56],[28,56],[-28,48],[-30,23],[-79,24],[-34,71],[19,48],[-84,101],[-36,84],[-26,37],[-95,74],[12,48],[-14,25],[-44,17],[-46,41],[-135,99],[-44,24],[-84,72],[-36,42],[-86,72],[-58,9],[-171,43],[-105,-8],[-52,-10],[-95,-5],[-15,8],[-15,53],[23,97],[-11,14],[-63,21],[-61,-7],[-49,59],[-23,5],[-46,-23],[-40,21],[-19,-16],[-54,74],[1,17],[-58,87],[-90,14],[-52,33],[51,52],[7,24],[-29,22],[-64,18],[-105,76],[-18,47],[11,32],[43,39],[18,32],[-5,41],[-138,37],[-44,71],[-58,-14],[-124,4],[4,38],[-59,-3],[-24,47],[-27,9],[35,26],[19,36],[27,2],[13,46],[-22,32],[20,55],[-7,18],[-37,1],[-37,-59],[-78,-22],[0,-31],[-59,-25],[-84,-6],[7,-33],[-19,-23],[20,-38],[-15,-42],[-55,-17],[-17,53],[-35,1],[-37,-25],[-5,61],[-19,8],[-78,-5],[-11,-28],[-41,3],[-19,-19],[-61,-9],[-45,7],[-10,93],[-28,12],[16,44],[6,57],[-52,49],[3,64],[21,9],[9,65],[-44,64],[-43,127],[-65,-7],[2,-48],[-64,19],[10,40],[-85,-37],[-70,5],[-10,51],[-76,10],[-19,-17],[-37,2],[30,46],[-48,6],[-9,-17],[-48,22],[-54,-3],[-14,-33],[-62,7],[-64,19],[-20,-15],[-75,7],[-21,13],[-74,-5],[-50,-28],[-64,17],[-38,27],[-41,0],[-16,17],[-80,-22],[-50,-36],[-123,5],[-41,-6],[-12,-30],[52,-28],[17,-42],[46,-7],[0,-28],[-140,13],[-20,-20],[15,-69],[-30,-47],[-37,12],[-70,-36],[-74,14],[-38,-5],[-26,36],[-1,30],[43,34],[9,25],[-84,-9],[-44,34],[-136,1],[-28,-42],[-105,8],[-51,34],[-75,2],[-9,10],[-106,16],[-26,-12],[-34,-46],[-77,-9],[44,75],[-101,24],[4,38],[-35,13],[-152,2],[-26,-25],[-36,-3],[-39,-23],[2,25],[-32,24],[-34,2],[-6,22],[-63,28],[-23,-18],[-43,-6],[-127,34],[-12,-64],[79,-8],[-8,-31],[-37,-5],[-20,-55],[33,-15],[57,7],[3,13],[-62,6],[7,14],[101,-2],[-18,-36],[15,-24],[-51,9],[-23,-29],[-81,-23],[-93,-18],[-28,2],[-27,71],[-60,47],[-59,-19],[-47,12],[-16,33],[-91,13],[-58,21],[-18,-18],[-57,-12],[-28,13],[-89,-1],[4,-49],[-7,-187],[46,-11],[5,-38],[-23,-48],[5,-23],[-31,1],[-13,-31],[15,-18],[-24,-36],[-38,-92],[-45,18],[-114,14],[-38,12],[-32,-36],[-49,-4],[-55,-28],[6,-13],[-39,-66],[-32,6],[-6,63],[-74,-1],[-4,18],[-106,20],[-13,-20],[-57,4],[-40,-23],[-35,7],[-154,58],[-18,35],[-50,27],[14,29],[-25,18],[4,47],[-111,42],[-67,-1],[-46,-68],[-99,17],[-56,-10],[-43,-48],[-88,-18],[-19,29],[30,1],[29,100],[39,8],[17,43],[-115,38],[-17,39],[-31,24],[14,62],[-27,33],[-28,9],[-20,36],[-81,19],[-4,32],[-28,4],[-46,41]],[[8846,157634],[13,22],[41,18],[70,6],[44,18],[-5,43],[-39,7],[-32,54],[2,32],[95,19],[9,40],[55,33],[43,-21],[31,10],[-19,85],[17,23],[60,-30],[41,6],[52,32],[97,21],[32,40],[40,11],[74,-1],[58,44],[43,-4],[41,-25],[17,27],[1,43],[-37,35],[16,45],[35,-16],[51,13],[0,30],[-66,39],[9,63],[64,27],[23,31],[38,1],[11,81],[-44,30],[-3,41],[35,26],[79,31],[20,17],[6,58],[-99,51],[-54,35],[-67,-4],[-43,55],[15,15],[71,-40],[32,5],[4,22],[-31,37],[-67,45],[-59,-21],[-33,10],[23,65],[-25,51],[0,29],[47,67],[8,130],[34,30],[-23,51],[38,38],[-3,51],[-30,6],[-20,-20],[-50,39],[36,94],[-17,38],[22,45],[39,6],[-34,40],[-11,41],[32,58],[-26,38],[3,27],[26,14],[66,-21],[-11,40],[19,90],[45,8],[-13,-35],[29,-6],[13,33],[61,22],[67,109],[48,32],[44,47],[-22,119],[40,29],[39,11],[57,-21],[39,30],[-2,75],[19,45],[41,30],[47,6],[18,-22],[-23,-29],[12,-31],[55,26],[-31,64],[49,-1],[13,-30],[67,10],[9,19],[5,84],[75,9],[22,-20],[51,-3],[-47,54],[36,-16],[-24,43],[39,1],[-7,40],[57,21],[27,-28],[5,35],[50,24],[26,-16],[-13,-36],[18,-2],[20,36],[127,27],[5,26],[65,-17],[-10,26],[44,15],[24,-21],[2,29],[76,9],[46,-19],[39,8],[6,-15],[94,-3],[78,-19],[25,-19],[22,26],[42,-24],[46,157],[-28,96],[-73,-12],[-29,-24],[-46,0],[-88,24],[17,104],[-39,13],[-71,-1],[10,37],[37,40],[28,-14],[19,55],[41,-4],[5,41],[28,-11],[69,53],[-41,13],[7,18],[60,37],[76,-14],[98,-29],[75,3],[77,-15],[4,22],[63,8],[54,-3],[129,-27],[69,19],[26,47],[-16,11],[19,55],[33,-10],[13,42],[-35,16],[39,29],[10,60],[-18,48],[65,39],[2,29],[-21,54],[73,47],[10,88],[19,7],[27,62],[-16,24],[11,40],[58,68],[1,51],[42,-15],[68,29],[11,39],[33,35],[11,68],[57,23],[53,10],[39,71],[8,58],[43,14],[-18,-65],[17,-14],[-11,-39],[-32,-7],[-1,-30],[68,-14],[-3,-70],[-28,-38],[-38,-15],[-4,-58],[50,-12],[-12,-32],[20,-31],[79,-29],[30,-52],[-16,-25],[23,-10],[41,16],[68,-4],[35,17],[40,-19],[10,-25],[83,-17],[32,42],[87,-10],[-15,-69],[13,-31],[41,-5],[6,-25],[30,12],[18,-46],[-9,-35],[58,-4],[20,-24],[18,9],[120,-24],[24,46],[43,-5],[34,22],[-34,58],[-17,80],[-40,68],[-5,37],[85,8],[59,-26],[89,-13],[23,20],[129,4],[70,31],[-9,35],[57,46],[63,-43],[-17,-37],[2,-48],[-38,-20],[-4,-24],[24,-14],[-48,-30],[6,-133],[-13,-18],[-40,-1],[17,-53],[71,8],[16,64],[69,-19],[-21,57],[59,7],[90,-2],[91,-36],[36,10],[-19,76],[23,68],[55,44],[57,33],[15,32],[-7,47],[-52,32],[-93,-31],[-24,1],[-41,41],[-3,61],[32,14],[81,-16],[46,8],[32,60],[5,56],[71,103],[-20,44],[-44,-9],[-61,-79],[-46,-43],[-47,-6],[-42,42],[-82,140],[4,28],[51,94],[14,82],[41,48],[64,43],[11,19],[-24,55],[-66,-26],[-47,-56],[-42,-4],[-34,23],[-41,61],[-14,66],[-30,42],[-111,106],[-3,41],[25,12],[77,11],[49,25],[14,34],[-5,78],[-38,40],[-32,-4],[-40,-26],[-51,-73],[-50,-23],[-44,25],[-22,48],[-15,63],[-21,22],[-75,7],[-54,30],[13,58],[106,55],[37,31],[45,63],[3,26],[-45,6],[-68,-43],[-80,-3],[-54,40],[-21,68],[1,36],[21,44],[76,23],[30,21],[-1,50],[-142,52],[-84,24],[-18,39],[5,29],[35,34],[94,6],[39,12],[35,30],[3,32],[-107,69],[-41,60],[-13,81],[-21,29],[-66,9],[-35,32],[2,117],[-35,25],[-84,-8],[-62,18],[-40,32],[13,66],[37,33],[64,17],[49,46],[22,77],[-64,4],[-139,39],[-76,4],[-49,14],[-74,34],[-170,30],[-65,30],[-184,13],[-74,-5],[-180,-3],[-28,-19],[-152,-10],[-79,12],[-112,41],[-43,51],[2,29],[51,29],[1,21],[-32,21],[-24,-6],[-35,-49],[-61,49],[-10,26],[-149,-13],[1,-72],[-47,-41],[39,-86],[-93,8],[-17,30],[1,61],[-94,6],[-20,61],[-55,30],[-28,47],[-46,27],[-4,46],[-45,7],[-8,71],[-52,9],[-43,21],[9,124],[-39,32],[-66,-30],[-18,-20],[-10,-50],[-21,-17],[-105,-15],[-204,-79],[-41,24],[-36,81],[-32,14],[-82,8],[-61,-5],[-80,17],[-58,48],[-29,81],[-37,24],[-10,-22],[-185,-31],[-74,-18],[-54,-35],[-26,-41],[-9,-57],[51,-58],[11,-55],[-12,-56],[3,-40],[82,-53],[-15,-85],[-47,-64],[-64,-31],[-9,-17],[11,-117],[-25,-67],[19,-68],[29,-18],[0,-38],[-41,-28],[-83,-39],[-35,-41],[-18,-88],[-35,-41],[-40,41],[8,45],[-8,55],[-88,221],[-40,35],[-13,32],[4,45],[25,60],[-5,15],[-53,11],[12,75],[-180,11],[11,99],[1,111],[-10,52],[-44,27],[-28,-4],[-68,-37],[-57,27],[18,66],[-19,20],[-33,-14],[-17,20],[-4,60],[-16,10],[10,190],[15,54],[67,72],[90,132],[128,86],[76,41],[35,29],[82,91],[39,50],[56,119],[9,40],[-13,90],[-19,50],[4,46],[28,61],[43,32],[112,61],[23,34],[11,62],[-2,61],[-47,164],[-6,50],[33,82],[121,147],[80,64],[3,84],[28,54],[49,42],[56,23],[24,45],[24,157],[-3,103],[-34,99],[-5,41],[17,35],[58,47],[39,46],[25,106],[-48,47],[13,31],[36,36],[24,69],[0,112],[23,56],[43,28],[67,29],[109,27],[75,69],[103,25],[163,-8],[31,9],[28,30],[-7,58],[-32,25],[-83,22],[-135,1],[-28,20],[-31,54],[8,69],[47,59],[65,31],[127,42],[20,24],[11,94],[2,84],[32,62],[38,30],[46,18],[132,37],[81,71],[25,62],[79,-5],[57,-29],[-3,-37],[28,-5],[11,-91],[-53,-176],[103,-23],[-30,-122],[-6,-53],[4,-96],[43,-182],[25,-82],[19,-111],[1,-53],[-23,-149],[10,-56],[22,-1],[34,-111],[21,-92],[1,-116],[-20,-119],[-10,-114],[34,-90],[61,-53],[45,-100],[67,-134],[39,-111],[41,-78],[84,-87],[90,-58],[65,0],[80,-9],[19,-40],[3,-85],[48,-50],[87,-61],[20,-2],[176,22],[50,31],[-26,12],[-21,38],[81,36],[5,117],[25,79],[77,0],[24,-52],[-3,-40],[68,8],[87,-4],[199,10],[29,-3],[48,-54],[87,-8],[94,-17],[23,-23],[-6,-41],[-68,-87],[-9,-69],[17,-42],[73,-9],[102,48],[26,-12],[2,-45],[-21,-59],[-2,-46],[-33,-19],[-62,5],[-2,-25],[37,-18],[78,-12],[5,-28],[-20,-37],[6,-75],[-9,-75],[45,-88],[-1,-48],[-25,-43],[19,-35],[47,41],[177,19],[43,13],[-13,71],[25,8],[77,-16],[48,25],[70,3],[18,-14],[24,-83],[24,-12],[10,-31],[36,-20],[55,-5],[91,7],[69,19],[68,-32],[-2,-30],[33,-95],[-23,-17],[-17,-44],[-67,-41],[-9,-21],[43,-30],[-16,-52],[59,-9],[40,-45],[1,-58],[19,-6],[33,-63],[-17,-14],[14,-45],[-57,-15],[7,-64],[69,9],[38,17],[30,-47],[-83,-8],[-10,-27],[76,5],[10,-17],[-33,-40],[0,-32],[40,-28],[176,24],[50,11],[25,37],[69,7],[25,-26],[232,32],[134,29],[103,8],[6,-37],[-43,-64],[-6,-83],[-59,-58],[11,-40],[67,20],[30,-2],[5,-29],[-19,-40],[-55,-2],[-3,-31],[43,-15],[101,55],[30,-12],[-10,-27],[-52,-31],[19,-122],[81,32],[22,-46],[-66,-46],[-13,-32],[9,-50],[83,-16],[6,-45],[-29,-15],[-109,28],[-9,-16],[42,-46],[66,-15],[67,16],[45,1],[111,-22],[195,-3],[86,-18],[28,-15],[71,0],[53,-47],[16,-41],[-20,-66],[32,-2],[115,36],[31,-46],[51,5],[27,47],[52,24],[1,138],[-14,124],[12,110],[2,107],[-7,26],[27,11],[122,1],[59,-15],[44,1],[62,17],[169,1],[134,-5],[159,1],[9,-9],[12,-135],[14,-87],[11,-134],[20,-140],[13,-4],[11,-58],[31,-1],[-4,-38],[22,-92],[10,-145],[-36,-27],[-39,9],[-7,-49],[-47,-9],[15,-95],[45,1],[15,-38],[50,-5],[14,31],[66,2],[10,-86],[39,-2],[83,15],[22,-42],[73,-27],[127,12],[31,-37],[71,6],[95,26],[26,-81],[16,-27],[-3,-108],[-32,-38],[-78,-25],[-62,-10],[-5,-17],[50,-15],[14,-24],[50,-15],[39,12],[5,-28],[87,-12],[63,29],[106,-2],[24,-26],[72,-141],[35,-30],[28,20],[70,-24],[4,-49],[48,-15],[49,15],[108,7],[91,-3],[38,82],[24,8],[-14,-46],[10,-26],[33,-6],[10,20],[-8,67],[-25,25],[2,31],[75,-4],[13,-64],[37,9],[-4,40],[25,19],[11,-44],[-46,-40],[-24,-62],[-1,-47],[29,-26],[47,6],[-8,-44],[28,-36],[-2,-48],[-88,21],[-55,-2],[-19,-40],[-60,-4],[-9,39],[-82,-22],[24,-56],[-129,-26],[-44,15],[-5,-43],[37,-7],[11,-24],[33,-3],[81,-31],[52,20],[8,-64],[68,28],[104,6],[45,-11],[24,41],[70,6],[9,-24],[-42,-17],[-19,-55],[-52,-29],[2,-27],[54,31],[12,-22],[-19,-61],[4,-52],[99,21],[25,-12],[64,15],[2,27],[68,14],[81,37],[59,-33],[17,-21],[-2,-70],[-114,-20],[-105,-4],[-168,-56],[-67,3],[-35,-14],[-69,-10],[-6,-52],[-33,-8],[9,-51],[17,-12],[127,21],[2,-34],[-17,-39],[0,-53],[51,-60],[37,-176],[61,-67],[43,-6],[63,8],[42,-46],[-4,-21],[-55,-11],[-39,22],[-32,-25],[21,-57],[41,-62],[62,19],[68,-7],[-19,-36],[8,-118],[-3,-43],[-59,-80],[-37,-6],[1,-28],[24,-33],[77,-35],[16,-49],[44,-20],[64,19],[47,-14],[-25,-47],[-35,-21],[33,-34],[-21,-26],[9,-42],[41,-60],[24,-12],[68,20],[69,38],[21,67],[45,32],[-13,49],[16,102],[34,37],[104,-16],[78,4],[140,-20],[25,5],[30,49],[39,33],[46,70],[91,-9],[39,16],[-7,25],[-52,64],[-2,54],[78,-1],[65,-20],[82,3],[145,-3],[112,23],[12,-23],[29,-140],[95,-112],[15,-40],[-27,-80],[10,-42],[68,-35],[70,-25],[63,-44],[12,-50],[-60,-121],[-5,-49],[-32,-39],[-3,-52],[-33,-58],[1,-109],[40,-90],[-3,-49],[-33,-80],[10,-46],[70,-104],[8,-81],[25,-50]],[[11927,142640],[-22,12],[-53,-16],[-27,9],[-18,32],[-103,-8],[-55,-69],[-96,52],[-134,24],[-56,2],[-15,33],[-32,4],[-86,-8],[-65,22],[12,109],[14,55],[65,114],[4,30],[-23,41],[-30,24],[-49,6],[-77,-20],[-110,-15],[-60,-34],[-39,20],[-26,-10],[-10,41],[-1,63],[-16,3],[12,71],[45,83],[-1,15],[-121,4],[-55,26],[2,33],[-58,-3],[-5,22],[-40,26],[-12,-8],[-85,4],[-53,12],[-83,1],[-63,-28],[2,85],[-33,37],[16,51],[-6,50],[40,49],[0,37],[-62,33],[7,31],[92,-7],[20,60],[24,13],[10,71],[-22,61],[-26,-21],[-21,7],[-20,-31],[-181,40],[-18,36],[-26,4],[15,39],[-53,13],[-72,5],[-94,27],[35,66],[26,79],[-7,48],[-68,26],[-34,-57],[-102,33],[-26,53],[-76,0],[-9,15],[-104,-32],[1,17],[-40,45],[-30,8],[-18,83],[-86,5],[-17,44],[11,27],[-140,32],[-127,40],[-81,-80],[-60,8],[-69,-4],[-24,23],[22,44],[-23,11],[-5,46],[-43,20],[17,34],[48,0],[-7,30],[-105,27],[-47,20],[61,143],[-24,30],[-90,38],[3,24],[-72,20],[-24,18],[-117,37],[-35,22],[-49,13],[-101,42],[-7,18],[21,42],[-43,18],[31,28],[-220,82],[-84,19],[36,35],[-10,58],[24,73],[-89,22],[-44,-8],[-66,10],[-42,32],[-57,-16],[-32,-31],[-26,3],[-38,34],[2,24],[-71,51],[-50,50],[-55,26],[-55,-2],[-8,22],[-54,43],[23,30],[36,-3],[43,15],[17,49],[-12,59],[40,33],[14,65],[-22,196],[0,96],[-13,58],[-43,40],[7,53],[-78,40],[-115,70],[-62,44],[-26,5],[-31,-64],[-67,6],[-78,23],[-10,-25],[-116,26],[-7,36],[-12,-128],[-15,-46],[-24,-32],[-52,8],[-33,19],[7,67],[-80,19],[-33,-29],[-80,-2],[-58,-23],[-9,-50],[-51,-37],[0,-34],[-56,-29],[1,-40],[46,-20],[-20,-26],[-51,1],[38,-36],[-2,-28],[-77,-18],[-40,23],[-30,49],[-20,0],[-47,-50],[-63,13],[-59,37],[-80,21],[-52,23],[11,-72],[-9,-18],[-38,-2],[-20,19],[-44,-28],[-24,-47],[-18,-63],[66,2],[-15,-38],[-53,-22],[-26,-89],[-21,-15],[-38,3],[-166,47],[-39,19],[12,52],[-36,22],[12,45],[-15,29],[-53,47],[-79,27],[13,32],[-46,23],[11,47],[-80,23],[-51,-11],[-6,-38],[-81,24],[-38,-14],[-16,20],[-27,-45],[-53,-25],[-3,-27],[34,-34],[-12,-16],[-60,12],[2,-26],[43,-22],[-13,-39],[-18,-6],[-83,16],[-38,-21],[5,-59],[-43,-7],[2,-21],[-36,-45],[-13,-51],[-86,25],[-112,45],[-44,7],[-48,-38],[-83,-15],[5,-51],[-43,4],[32,-89],[-21,-23],[-60,-3],[7,-70],[-37,-33],[-14,-30],[-55,1],[-44,-38],[-144,10],[-2,29],[64,114],[-36,3],[-17,-38],[-43,-9],[-91,7],[-11,13],[12,56],[37,71],[28,22],[18,103],[-13,35],[-3,80],[-60,14],[-31,35],[-63,4],[-10,35],[-98,17],[-69,2],[-33,19],[-24,-19],[-83,19],[-26,-30],[-44,-1],[-41,-21],[-90,12],[-58,29],[-80,16],[-35,-6],[10,125],[16,63],[42,56],[3,28],[54,52],[27,72],[-81,33],[-45,31],[-95,15],[-50,-29],[-53,41],[-35,-22],[-8,19],[85,145],[33,32],[-65,42],[-28,-32],[-20,34],[-31,17],[-15,58],[-34,23],[-18,-9],[-51,43],[-17,42],[28,56],[81,24],[73,92],[14,59],[-7,42],[-35,22],[-92,0],[-73,66],[4,37],[20,17],[66,19],[65,8],[57,33],[56,47],[93,128],[-8,72],[-33,44],[-46,39],[-16,48],[36,93],[2,67],[-16,70],[-43,14],[-43,-26],[-31,0],[-21,-31],[-5,-68],[-32,-60],[-28,-18],[-37,7],[-46,40],[37,34],[14,146],[-8,33],[-30,49],[-49,8],[-76,-50],[-89,92],[35,59],[36,36],[53,13],[13,20],[-16,28],[-36,13],[43,56],[4,28],[77,47],[-10,28],[60,96],[-79,69],[-33,55],[-53,7],[-90,-4],[-48,22],[-43,34],[-23,65],[90,37],[-54,38],[-27,48],[22,99],[52,21],[42,33],[-23,59],[5,34],[-37,20],[-23,36],[1,27],[-27,15],[-57,-54],[-54,19],[-27,34],[1,59],[11,26],[55,60],[39,105],[56,74],[-21,5],[32,63],[50,59],[108,102],[55,26],[71,-5],[51,-39],[36,-14],[17,25],[103,-16],[51,0],[-7,51],[11,42],[49,77],[-27,48],[14,65],[28,11],[73,2],[55,15],[86,53],[39,50],[-17,61],[-73,96],[-49,8],[-4,48],[-81,58],[-3,28],[28,46],[-5,60],[38,9],[66,-3],[16,25],[89,25],[35,29],[17,57],[-53,0],[-63,30],[-20,51],[14,73],[41,38],[64,10],[101,38],[46,84],[-8,24],[-41,6],[8,91],[56,51],[36,76],[6,38],[-44,55],[-14,45],[9,64],[17,45],[49,9],[10,37],[44,10],[43,-18],[28,65],[118,-93],[9,0],[85,79],[15,25],[-17,175],[-20,56],[-38,51],[-63,50],[82,49],[42,0],[101,-29],[38,2],[-33,69],[20,15],[88,26],[172,31],[92,-6],[33,12],[31,49],[46,24],[80,6],[76,-11],[42,8],[144,-6],[38,18],[47,51],[81,60],[16,36],[-18,76],[-26,15],[-109,-15],[-115,20],[-64,33],[-12,33],[15,92],[20,22],[84,43],[11,33],[-17,32],[-118,79],[-31,40],[9,37],[31,44],[85,44],[73,-21],[74,-79],[-2,33],[-32,43],[6,101],[-33,104],[-30,50],[16,34],[57,15],[44,-41],[26,18],[34,62],[102,55],[16,20],[-13,34],[-79,27],[-25,20],[-15,66],[61,80],[-5,22],[-39,35],[-76,8],[-81,36],[-88,9],[-74,89],[-42,32],[-13,36],[5,39],[-40,16],[-54,-36],[0,-37],[-27,-47],[-52,-45],[-66,9],[-33,39],[-11,37],[6,69],[43,45],[124,38],[0,29],[-65,58],[-56,12],[-1,57],[-55,71],[-13,61],[57,75],[78,52],[-4,158],[34,55],[28,15],[97,2],[63,17],[52,40],[12,28],[1,58],[14,93],[1,57],[98,67],[38,49],[-15,55],[-88,33],[-16,25],[-9,54],[8,31],[160,225],[-10,52],[-61,31],[-15,58],[15,119],[13,24],[49,38],[14,-25],[56,33],[35,77],[95,20],[93,37],[62,-21],[38,-47],[27,-18],[53,17],[14,54],[-27,12],[-63,-7],[-29,9],[-17,53],[51,23],[48,38],[29,10],[-5,57],[5,57],[29,7],[57,-20],[58,-104],[89,-8],[58,18],[54,36],[66,-9],[60,19],[57,28],[38,54],[-7,26],[-30,6],[-77,49],[20,54],[46,37],[67,1],[27,-81],[55,-29],[61,-11],[30,11],[36,82],[96,-25],[22,47],[-58,24],[-20,24],[9,27],[61,10],[54,-29],[25,18],[61,9],[7,82],[28,13],[59,4],[31,13],[-25,47],[-79,46],[-22,83],[24,26],[41,-43],[30,-5],[70,70],[58,19],[24,21],[-4,57],[27,12],[63,-2],[-34,-45],[50,-21],[15,24],[2,53],[45,40],[68,-13],[50,-118],[67,-8],[-7,41],[-29,22],[29,21],[93,11],[21,-5],[29,-46],[37,-8],[36,50],[38,15],[23,37],[16,0],[29,-51],[72,-51],[48,-5],[60,46],[84,-2],[40,12],[33,59],[56,61],[32,64],[48,-21],[62,16],[-25,57],[24,53],[56,40],[38,-22],[-10,-35],[19,-19],[28,47],[50,33],[25,50],[30,12],[34,-11],[1,-20],[-36,-44],[36,-21],[72,37],[30,-3],[62,-70],[39,8],[20,104],[41,3],[9,-43],[38,-30],[27,14],[-3,46],[54,51],[35,20],[78,2],[97,-24],[60,36],[25,-1],[44,-42],[22,3]],[[103315,114841],[37,11],[74,52],[32,10],[73,-6],[31,-48],[-6,-39],[-71,-76],[-71,-41],[-88,-66],[-18,-44],[5,-48],[28,-111],[-92,-91],[-79,-15],[-58,6],[-56,-18],[-35,-34],[-12,-32],[20,-29],[98,-46],[32,-29],[-9,-42],[-80,-107],[2,-51],[43,-26],[104,-22],[-15,-82],[19,-44],[98,-51],[56,-21],[80,-87],[-80,-184],[41,7],[180,-68],[34,11]],[[103632,113380],[62,-31],[25,-58],[18,-7],[14,-69],[37,-67],[41,-25],[-9,-102],[49,-140],[-7,-89],[-27,-95],[-33,-41],[14,-30],[-27,-25],[-16,-50],[-20,0],[6,-88],[-4,-38],[-45,-66],[-59,16],[-118,63],[-80,28],[-79,7],[-112,-17],[-85,-30],[-47,-26],[-53,-16],[-42,0],[-124,46],[-47,5],[-17,-26],[17,-39],[35,-29],[92,-41],[6,-33],[-50,-25],[-68,-9],[-66,67],[9,40],[-30,25],[36,36],[-5,51],[-46,0],[-2,53],[-56,29],[-96,67],[-53,45],[-32,-16],[-73,-75],[-158,-125],[-42,-58],[-33,16],[-67,-93],[-6,-71],[16,-51],[27,-25],[89,-30],[28,23],[73,98],[130,53],[69,5],[60,18],[60,-2],[2,-19],[82,-67],[9,-41],[27,-44],[-5,-24],[-100,7],[-72,-87],[7,-38],[90,-15],[42,-32],[70,-1],[19,-27],[8,-60],[27,-73],[16,-88],[35,-62],[35,-18],[102,16],[6,24],[70,-9],[47,21],[12,-42],[-20,-50],[-29,-19],[15,-53],[-27,-29],[1,-47],[-16,-24],[28,-30],[45,11],[54,-31],[5,-46],[29,-13],[0,-21],[45,-82],[36,1],[44,46],[34,-4],[22,-28],[-32,-54],[9,-19],[50,-28],[-64,-74],[-56,35],[-7,-28],[-67,12],[-11,-34],[8,-39],[-30,-25],[-48,-12],[-55,41],[-38,55],[-65,6],[-36,29],[-31,-20],[-59,-18],[-14,-21],[7,-54],[23,-46],[14,-57],[65,-13],[23,-23],[8,-42],[-25,-65],[-10,-129],[-19,-13],[-90,-13],[-34,34],[-26,-22],[-32,-53],[12,-60],[29,3],[40,-52],[-4,-33],[18,-44],[-34,-20],[-67,9],[-39,-35],[-35,-1],[0,-33],[-33,-6],[-51,21],[-124,8],[-29,-7],[-21,-37],[9,-16],[54,-25],[14,-27],[-28,-33],[-28,-60],[-31,-33],[-43,-75],[-60,-58],[-13,-33],[6,-35],[-40,-5],[3,-43],[47,-33],[17,-26],[-44,-22],[24,-22],[-5,-24],[-61,-31],[1,-24],[-28,-13],[16,-29],[-63,-4],[4,-14],[47,0],[-11,-37],[19,-24],[-15,-86],[-36,-39],[-22,-139],[22,-71],[25,-40],[-11,-93],[32,-32],[-4,-47],[32,-40],[-9,-52],[13,-65],[-52,-99],[-23,-65],[3,-77],[-6,-88],[-27,-90],[-20,-33],[23,-27],[-34,-19],[-41,-98],[17,-63],[34,14],[103,-22],[51,-101],[24,-86],[-23,-42],[-69,-68],[-10,-30],[40,-4],[34,-56],[-26,-62],[-1,-59],[79,-85],[0,-29],[-22,-50],[-49,19],[-142,13],[-219,3],[-70,-5],[-28,-36],[-3,-28],[28,-52],[-8,-116],[4,-122],[-4,-179],[15,-92],[2,-61],[20,-169],[17,-111],[-39,-150],[-13,-75],[0,-111],[11,-62],[11,-141],[189,-18],[88,-13],[156,0],[13,86],[83,3],[48,-6],[37,-27],[-24,-16],[-2,-35],[-99,-41],[30,-102],[0,-34],[20,-73],[49,-91],[44,-32],[38,-15],[53,-82],[21,-85],[34,-186],[-6,-120],[16,-64],[6,-63],[1,-155],[-4,-142],[5,-53],[-6,-65],[-50,-159],[-56,-59],[-15,-56],[-36,-45],[5,-78],[-16,-28],[-105,-93],[-60,-69],[-147,-131],[-15,-34],[-2,-50],[18,-13],[30,-56],[71,-74],[25,-55],[-4,-42],[-29,-46],[18,-62],[34,-32],[35,-12],[49,-83],[8,-77],[-29,-82],[8,-114],[-1,-85],[-32,-40],[-54,-36],[-50,9],[-19,-17],[-20,-85],[83,14],[61,-24],[34,-52],[6,-33],[-13,-39],[-38,-51],[7,-19],[49,-14],[-40,-104],[-10,-103],[11,-29],[108,-39],[27,-28],[31,-54],[-10,-75],[7,-68],[13,-34],[68,-75],[4,-119],[60,-45],[112,-56],[28,-33],[-1,-54],[32,-61],[1,-70],[-48,-54],[17,-58],[81,0],[82,-13],[27,-27],[25,-158],[103,-36],[20,-23],[13,-68],[-31,-67],[23,-208]],[[103239,100764],[-21,-13],[-17,-63],[21,-72],[-2,-50],[-15,-60],[12,-52],[24,-188],[23,-122],[-5,-36],[-30,-55],[-45,-56],[-72,-116],[-51,-65],[-80,-115],[-63,-101],[13,-56],[54,-115],[30,-47],[13,-40],[36,-207],[13,-104],[22,-97],[2,-34],[-16,-49],[-41,-88],[-66,-47],[36,-58],[0,-26],[-34,-46],[-53,-34],[-30,31],[-48,-30],[9,-19],[-28,-10],[-83,23],[-44,-51],[-29,5],[-22,-29],[3,-34],[-44,-17],[-24,14],[-44,-37],[-17,22],[-37,4],[-29,-26],[-46,-4],[3,-19],[-38,19],[-44,-23],[-6,-29],[-79,-25],[-64,-1],[-28,30],[-27,-13],[-36,31],[-52,2],[19,32],[-50,11],[-62,-6],[-30,46],[-35,-8],[-15,-24],[-44,24],[-36,-12],[18,-11],[8,-56],[-28,-21],[-79,7],[-20,-28],[41,-77],[115,-85],[45,-28],[-6,-50],[-50,-25],[-79,-14],[-58,-123],[18,-31],[-22,-62],[-122,-6],[-45,-55],[-110,16],[-20,34],[-87,74],[-40,21],[-48,52],[-27,6],[-5,-23],[-34,-10],[-15,-58],[6,-52],[-151,32],[-109,15],[-132,28],[-65,-1],[-72,-31],[-70,-19],[-166,-26],[-37,33],[-113,16],[-246,81],[-141,37],[-310,92],[-103,39],[-157,32],[-110,9],[-128,0],[-66,50],[-82,35],[-14,16],[57,106],[9,33],[-81,27],[-90,-29],[-43,-4],[-114,16],[-22,48],[-48,0],[-95,15],[-41,33],[-2,25],[-73,-12],[0,38],[-24,4],[-42,-73],[-127,7],[-47,-15],[-60,-57],[-24,-10],[-95,28],[-56,-2],[-45,-12],[-3,36],[-74,12],[-6,28],[-26,21],[2,28],[-42,3],[-15,-22],[-29,3],[-17,-32],[-92,-21],[-13,-32],[-47,-3],[-21,38],[-12,69],[-20,43],[-23,-18],[-67,19],[-47,-47],[-34,12],[-104,-28],[-11,42],[-30,-1],[-1,64],[-29,33],[-7,35],[12,42],[-29,-5],[20,41],[-22,-13],[-57,26],[-22,-20],[-212,30],[-68,-6],[-77,21],[-79,7],[-45,-18],[-61,-2],[-88,38],[-35,-1],[-16,17],[-51,-3],[-53,-27],[-96,-21],[-15,-17],[-75,-4],[-56,18],[-52,-43],[-49,15],[-47,-29],[-29,10],[-89,1],[-147,12],[-14,-21],[28,-200],[17,-225],[26,-190],[16,-163],[83,-123],[57,-101],[159,-236],[18,-33],[104,-153],[52,-87],[69,-103],[3,-204],[-19,-48],[-103,-290],[-31,-79],[-6,-65],[-219,-274],[-80,-107],[-54,-58],[-46,-67],[-72,-86],[-6,-25],[-31,-30],[47,-2],[-29,-29],[44,-47],[0,-18],[-35,3],[-13,-19],[42,-57],[33,16],[-4,-46],[-56,10],[29,-39],[31,-4],[-4,-28],[30,8],[28,-19],[7,-54],[-48,2],[38,-51],[-50,-48],[27,-64],[7,-43],[46,-28],[34,14],[-6,-34],[-41,-25],[3,-32],[42,-38],[-22,-26],[22,-9],[-6,-45],[-161,-14],[-128,103],[-76,56],[-79,33],[-44,33],[-4,55],[-28,27],[-71,-25],[-14,-33],[-95,-13],[-19,-31],[-33,-13],[-46,9],[-102,48],[-54,-13],[-30,-21],[-39,5],[-46,-21],[-39,3],[-55,58],[-40,7],[-12,73],[-80,75],[-1,26],[-38,6],[-82,45],[-48,-32],[-48,12],[-63,62],[-30,1],[-67,-23],[-7,-14],[-52,-18],[-53,-50],[-134,21],[-62,41],[-55,49],[-91,39],[-11,40],[-32,-17]],[[91511,111772],[86,78],[157,93],[62,26],[77,11],[90,-12],[64,-1],[90,23],[115,64],[237,113],[11,22],[1,88],[-8,65],[-28,99],[-10,74],[2,125],[21,45],[54,36],[120,141],[43,6],[31,-38],[-32,-70],[10,-45],[200,-69],[64,-27],[108,-20],[37,-15],[85,-5],[53,33],[47,182],[35,57],[36,91],[-21,91],[-31,53],[-10,84],[14,29],[77,42],[189,59],[24,45],[-10,46],[-55,70],[-63,65],[-17,63],[5,40],[55,122],[3,48],[-54,142],[-10,72],[1,147],[33,55],[26,16],[61,0],[45,-27],[10,-29],[-3,-62],[39,-78],[76,-75],[35,-7],[42,14],[30,24],[32,47],[53,55],[116,105],[77,47],[37,9],[117,11],[35,12],[61,59],[60,101],[76,169],[62,108],[18,11],[53,-2],[32,-37],[10,-84],[20,-43],[45,4],[35,19],[110,90],[184,87],[61,48],[9,48],[-26,62],[-58,80],[-44,36],[-48,8],[-180,9],[-37,15],[-13,31],[33,69],[66,31],[85,11],[45,-5],[249,-50],[95,-28],[53,-7],[67,18],[18,26],[1,94],[28,74],[56,33],[46,0],[73,-43],[24,-29],[43,-73],[56,-35],[67,-13],[62,-46],[73,-43],[0,-34],[-57,-42],[-22,-26],[13,-20],[61,-40],[7,-38],[-48,-131],[10,-23],[47,3],[131,70],[40,11],[21,-21],[-22,-77],[11,-39],[69,2],[98,24],[81,8],[69,-8],[82,-22],[46,23],[86,182],[38,40],[42,12],[72,-10],[90,-3],[61,-28],[7,-36],[-27,-60],[-21,-91],[3,-59],[30,-62],[26,-14],[39,8],[9,21],[3,102],[30,17],[103,-64],[86,-69],[27,-157],[89,-161],[22,-81],[-13,-92],[13,-28],[51,-3],[43,13],[36,39],[9,68],[-8,147],[7,64],[62,97],[36,23],[52,17],[111,-4],[91,20],[106,53],[40,-15],[7,-30],[-16,-97],[-26,-71],[4,-32],[43,0],[41,37],[54,68],[71,77],[65,62],[115,83],[120,-117],[33,-19],[48,8],[-44,147],[-1,49],[51,4],[80,-53],[52,-63],[86,-87],[50,-4],[-1,47],[-28,66],[35,25],[187,-97],[130,-51],[96,-14],[119,-40],[47,-1],[119,70],[46,-32],[14,-160],[21,-24],[31,11],[-8,64],[4,52],[27,20],[36,-2],[87,-38],[98,-91],[1,-56],[-45,-125],[2,-64],[38,-47],[28,-1],[27,48],[38,46],[68,19],[33,23],[22,60],[16,120],[40,127],[64,99],[38,8],[45,-165],[28,-64],[57,-74],[53,-11],[32,8],[19,36],[-23,39],[-25,87],[14,34],[26,9],[40,-34],[117,-144],[76,-43],[64,-10],[84,-35],[30,-28],[23,-73],[40,-175],[13,-29],[46,13],[20,54],[4,154],[-29,151],[-14,34],[-41,58],[-65,1],[-92,-11],[-68,27],[-5,46],[24,82],[81,76],[76,16],[82,42],[53,73],[35,21],[47,-7],[32,-25],[51,-95],[0,-95],[-24,-71],[15,-69],[32,-31],[117,-45],[40,-7],[29,32],[-60,71],[11,44],[29,42],[53,19],[7,21],[53,30],[100,24],[59,4],[171,-7],[88,-28],[47,1],[17,14],[-16,56],[6,55],[40,-15],[55,-57],[58,-78],[81,-129],[75,-55],[40,-121],[41,-30],[77,-12],[73,17],[33,55],[-1,64],[-58,180],[2,41],[32,71],[61,49],[119,22],[202,49],[216,44],[97,38]],[[103632,113380],[13,47],[108,9],[6,37],[53,-1],[56,31],[32,50],[35,-34],[46,-19],[9,31],[32,-19],[12,29],[39,31],[14,-8],[135,-183],[25,-80],[51,-119],[30,-119],[-30,-58],[-44,-63],[22,-45],[96,-56],[130,-36],[273,-85],[171,-75],[162,-79],[189,-60],[259,-27],[123,54],[88,57],[119,24],[71,-63],[21,-34],[38,0],[30,17],[24,61],[88,-1],[35,18],[10,50],[1,92],[9,42],[45,68],[180,138],[161,75],[153,98],[30,71],[-14,56],[30,55],[73,4],[117,-12],[82,15],[23,16],[-5,50],[-74,148],[1,56],[36,79],[54,65],[73,47],[232,63],[43,-6],[51,-72],[14,-106],[78,-48],[52,18],[71,47],[147,80],[112,85],[310,198],[94,22],[83,28],[79,-4],[183,-35],[97,-46],[40,-52],[23,-115],[98,14],[258,90],[112,50],[35,23],[29,56],[-6,97],[9,27],[114,21],[58,-2],[54,-28],[69,-49],[38,-5],[62,44],[54,28],[56,4],[65,-21],[49,-37],[28,-65],[24,-79],[12,-115],[15,-26],[32,-8],[67,13],[148,55],[100,63],[30,48],[23,88],[1,79],[-11,140],[27,30],[95,-7],[102,-33],[46,-22],[-59,-144],[71,-28],[140,-29],[102,-34],[126,1],[35,56],[27,61],[75,85],[29,47],[18,-31],[-8,-52],[-19,-45],[58,-42],[61,-31],[184,-33],[2,44],[73,-62],[42,-17],[33,-49],[88,-17],[88,-37],[61,-10],[101,-54],[106,-22],[20,-109],[20,-19],[70,-33],[23,-21],[133,-66],[40,7],[32,47],[85,77],[113,6],[76,14],[27,15],[-13,55],[69,54],[27,4],[16,38],[66,6],[42,14],[19,31],[-26,19],[38,46],[41,4],[9,25],[47,1],[-1,-33],[32,-5],[39,18],[113,-27],[60,-1],[123,-25],[11,14],[136,-40],[4,-24],[27,-2],[8,56],[-34,8],[-1,66],[62,-24],[56,-46],[6,-30],[38,21],[-32,25],[21,12],[133,-28],[38,12],[41,-11],[16,15],[28,101],[26,0],[20,52],[48,37],[-13,31],[13,154],[3,164],[-11,152],[-1,112],[16,7],[7,102],[51,68],[0,33],[-17,48],[-54,67],[-50,-9],[40,59],[6,28],[-28,39],[-178,21],[10,24],[103,12],[62,85],[31,18],[103,35],[39,34],[8,59],[22,3],[56,-57],[19,-31],[-81,-98],[26,-13],[42,20],[63,-7],[67,-56],[66,-42],[26,9],[-1,103],[21,12],[69,13],[10,31],[90,70],[105,134],[-11,44],[-54,35],[12,68],[-16,39],[15,74],[27,0],[41,-39],[53,-16],[128,-4],[1,-8],[226,-1],[15,53],[26,52],[65,30],[36,28],[6,34],[-33,18],[-23,102],[45,30],[-1,39],[23,28],[14,-32],[24,-5],[59,205],[-24,5],[13,120],[-15,3],[-1,93],[24,2],[9,67],[-102,12],[-93,24],[4,145],[1,228],[-29,31],[28,61],[50,0],[0,18],[-76,57],[99,-49],[129,-23],[92,-6],[106,1],[40,-81],[7,-48],[56,-50],[9,-58],[81,-21],[105,-6],[59,9],[66,47],[73,21],[50,54],[12,35],[78,95],[27,9],[107,7],[35,-4],[23,-19],[49,-77],[90,-56],[53,-5],[59,60],[37,17],[71,12],[93,-3],[53,13],[14,18],[35,-8],[43,54],[34,16],[66,-19],[83,6],[47,-25],[42,7],[55,54],[46,33],[110,64],[46,2],[47,-46],[181,70],[157,40],[61,-8],[29,-31],[13,-42],[62,-29],[217,-11],[38,-9],[78,-33],[43,10],[89,98],[-13,56],[49,139],[-6,145],[-65,40],[-56,80],[2,100],[11,40],[5,81],[-3,79],[36,41],[58,115],[34,50],[102,41],[42,-20],[23,-110],[32,1],[43,39],[54,24],[60,-18],[53,9],[15,62],[-29,55],[-4,30],[23,67],[72,46],[187,42],[45,26],[81,60],[163,49],[87,-2],[101,-22],[89,-28],[37,3],[30,24],[20,52],[-3,49],[-20,42],[-76,80],[-69,42],[-31,38],[14,32],[118,-14],[72,5],[49,32],[43,65],[37,39],[40,7]],[[120360,119240],[38,-51],[-55,-35],[-28,-7],[-8,-24],[21,-60],[86,17],[25,45],[80,-29],[126,-31],[115,8],[117,-12],[63,-28],[65,-38],[-12,-49],[11,-28],[-9,-34],[3,-62],[27,-54],[42,-44],[-3,-25],[25,-41],[-21,-23],[-37,-6],[-3,-27],[63,-38],[-17,-30],[15,-30],[-37,-70],[-11,-47],[5,-32],[29,-32],[-59,-64],[-16,-39],[11,-14],[168,-74],[13,-25],[-16,-50],[5,-28],[61,-83],[51,-11],[68,-34],[28,13],[50,-24],[-35,-26],[3,-24],[46,-33],[-22,-32],[-17,-56],[32,-14],[-42,-14],[10,-68],[-36,-12],[5,-37],[-31,0],[-22,-58],[-41,24],[-39,0],[15,-42],[23,-26],[-4,-57],[-22,-24],[7,-60],[-48,-44],[1,-24],[30,-7],[28,-30],[85,-42],[51,-35],[46,-18],[-9,-45],[-43,-5],[-6,-82],[-139,-157],[-63,-64],[15,-71],[-29,0],[11,-25],[60,-38],[-23,-28],[37,-22],[178,-66],[35,-19],[161,-56],[-17,-32],[-40,-24],[20,-47],[-31,-17],[-19,-54],[-26,4],[-55,-125],[-43,-26],[-3,-46],[-43,-28],[-55,-99],[-23,-6],[-73,-85],[-11,-37],[-30,-6],[-123,-176],[36,-17],[-81,-91],[-79,-118],[-35,-74],[-15,-13],[-14,-60],[-35,-8],[-56,-96],[-99,-16],[-7,-28],[-66,-77],[-24,-96],[47,-37],[-42,-57],[-66,8],[-19,-35],[-28,-15],[-4,-66],[17,-42],[56,-20],[-36,-83],[-6,-41],[-30,-68],[-51,-44],[-21,-59],[-49,-86],[-38,-2],[-46,-47],[-51,-79],[7,-50],[27,-32],[41,-79],[18,-10],[-33,-121],[-15,-5],[33,-47],[1,-59],[-23,-48],[2,-49],[-30,-43],[3,-45],[-26,-69],[-49,-77],[-18,-44],[-20,-106],[3,-69],[27,-37],[1,-81],[-15,-47],[-27,-4],[-36,-74],[27,-32],[-46,-57],[0,-42],[-40,-30],[-31,-86],[-18,-130],[-38,16],[-16,-73],[26,-70],[-21,-6],[-7,-66],[-26,-104],[-36,-75],[-1,-75],[-17,-60],[6,-63],[47,-22],[-7,-95],[-32,-54],[1,-33],[-22,-12],[-8,-66],[-52,-1012],[-41,-918],[-197,-16],[-85,60],[-261,52],[-36,-3],[-25,34],[-88,36],[-83,23],[-56,70],[-49,33],[-19,-18],[-47,21],[-21,52],[-85,77],[-19,59],[-34,-14],[-74,36],[-27,59],[-50,0],[-8,33],[-32,32],[-57,-17],[-35,35],[-23,-31],[-42,32],[-41,-24],[-50,7],[0,64],[-17,26],[-47,31],[-85,94],[-52,35],[-53,-24],[-10,26],[-28,3],[-23,-32],[2,-38],[-44,-29],[-25,1],[-38,-25],[-19,26],[-47,7],[-8,-48],[25,-53],[-15,-45],[-53,-10],[-33,-37],[50,-37],[5,-32],[-36,-13],[2,-57],[-9,-33],[55,-47],[0,-13],[-109,-51],[1,-22],[140,-111],[9,-25],[-38,-14],[-13,-23],[-46,-27],[-34,-41],[-59,-23],[40,-66],[-46,-8],[-13,-118],[48,-82],[1,-30],[-41,-14],[14,-115],[35,-14],[6,-34],[-21,-43],[13,-54],[-9,-34],[30,-36],[50,-35],[4,-48],[28,-31],[2,-28],[-66,12],[-25,-34],[53,-31],[-8,-34],[86,-11],[-3,-27],[-45,0],[-25,-43],[5,-42],[55,16],[22,-19],[1,-30],[40,-11],[5,-24],[-36,-12],[10,-37],[-36,-31],[9,-19],[62,-1],[12,-90],[-40,-65],[38,-27],[26,-42],[-26,-60],[44,-71],[41,-41],[2,-62],[16,-47],[-33,-31],[19,-30],[-6,-41],[17,-21],[61,-8],[30,-29],[-39,-49],[24,-79],[-31,-52],[58,-24],[-19,-24],[-4,-69],[-46,-56],[8,-18],[-32,-39],[4,-15],[-39,-30],[-108,58],[23,17],[-26,17],[-43,-2],[-53,14],[-31,43],[-40,27],[-29,-5],[-3,-23],[-76,-42],[-5,-19],[-74,-25],[-70,49],[-18,-19],[-108,35],[-64,40],[-40,-4],[-30,-75],[6,-86],[-75,-79],[-20,-58],[14,-52],[-3,-31],[36,-43],[15,-78],[-97,-31],[-114,-139],[29,-40],[-34,-5],[-9,-54],[-30,-29],[-48,-9],[-54,-43],[-23,-59],[-40,-32],[-28,-48],[35,-5],[-35,-29],[27,-26],[55,-17],[8,-83],[-9,-52],[-34,27],[-11,-38],[-61,13],[10,-30],[-63,-12],[-35,35],[-55,2],[11,-43],[-24,10],[-64,-22],[-43,10],[-18,24],[-63,15],[-50,-20],[-33,35],[-72,-43],[26,-78],[-12,-27],[-36,-4],[5,-24],[-28,-11],[-51,9],[-20,-30],[7,-45],[-128,-15],[-41,-28],[-109,21],[-61,69],[-109,-9],[-60,6],[-219,0],[-154,6],[-146,2],[-311,8],[-11,43],[-24,11],[-29,-27],[-54,-7],[2,-24],[-42,-8],[-36,69],[-78,-24],[-48,22],[-76,73],[-52,-38],[-52,22],[-86,7],[-41,-11],[-11,40],[-61,65],[-61,-11],[-19,14],[40,36],[2,35],[-111,13],[-34,-36],[-83,-34],[-56,-3],[-21,-21],[-67,-16],[-35,-21],[-52,-6],[-50,28],[-33,31],[21,71],[-22,46],[-93,51],[-41,64],[-33,8],[-21,26],[-33,4],[-36,-40],[26,-58],[-32,-41],[-45,-1],[-65,48],[-48,-15],[46,-22],[24,-48],[-13,-24],[-66,-41],[-28,-28],[-14,-52],[11,-45],[-8,-42],[-47,-52],[-39,-4],[-25,58],[-39,41],[-63,25],[-74,5],[-59,16],[-92,69],[-40,-7],[-87,-63],[-47,-56],[-2,-24],[38,-15],[48,25],[71,-5],[16,-52],[-15,-45],[-30,-39],[2,-36],[52,-61],[59,-3],[46,45],[61,-80],[-8,-43],[10,-53],[38,-31],[6,-35],[43,-34],[43,-13],[37,-26],[5,-35],[-49,-23],[-35,18],[-64,12],[8,-14],[-44,-57],[58,-65],[29,-1],[1,-23],[26,-17],[38,-69],[71,-55],[68,-80],[28,-71],[74,-17],[23,-28],[6,-49],[42,-14],[54,-43],[48,-117],[5,-68],[-88,-8],[-7,-64],[40,-81],[-11,-62],[0,-57],[-92,4],[-58,37],[-25,-1],[-50,-26],[-80,-5],[-61,19],[-40,45],[-4,74],[-30,23],[-67,-20],[-41,33],[-37,68],[-49,56],[-25,43],[-26,122],[-12,85],[-42,55],[-122,62],[13,44],[51,16],[3,29],[-115,12],[-34,18],[-57,60],[-61,23],[-51,57],[-17,2],[-41,-53],[-41,-32],[-87,-30],[-12,-41],[-100,-2],[-20,-9],[3,-41],[-86,-15],[-30,-41],[-6,-76],[-26,-44],[-79,0],[-86,-62],[-6,-20],[-79,27],[-34,-26],[-80,-14],[-47,-42],[-20,-43],[-73,-24],[-38,6],[-44,47],[1,-23],[46,-116],[41,-143],[35,-181],[54,-185],[91,-222],[37,-159],[26,-55],[53,-171],[36,-139],[66,-197],[32,-140],[46,-97],[14,-54],[-3,-43],[-35,-158],[-31,-105],[-16,-77],[-44,-126],[-33,-132],[-58,-208],[-61,-182],[-39,-151],[-49,-161],[-23,-105],[-38,-114],[-42,-146],[-24,-61],[-22,-86],[-70,-220],[-41,-137],[-56,-230],[-17,-49],[-9,-68],[-27,-72],[-11,-67],[-53,-120],[-9,-43],[87,-31],[-3,-37],[-39,-17],[-31,-46],[30,-13],[14,-29],[-24,-21],[-1,-26],[33,-21],[2,-51],[-23,-49],[12,-26],[-22,-13],[30,-21],[-4,-24],[-63,5],[-3,-35],[32,-10],[-14,-17],[-60,-6],[-8,-20],[40,-36],[-29,-25],[-12,-39],[-53,-16],[-48,-44],[4,-69],[-24,-33],[19,-30],[-10,-19],[-61,-22],[-40,-34],[-107,57],[-40,7],[-40,-9],[-63,-34],[-28,4],[-36,-33],[-25,1],[-32,39],[2,18],[-82,-20],[-56,25],[4,38],[-21,76],[-50,25],[-20,40],[-39,0],[-38,33],[-15,30],[11,30],[-7,39],[24,38],[-59,87],[-36,20],[4,36],[25,10],[-12,81],[6,40],[-50,38],[-9,131],[-15,23],[14,24],[53,17],[-27,46],[-35,10],[9,47],[-22,39],[-52,8],[-19,27],[-71,24],[-50,4],[-41,48],[0,31],[-38,15],[-10,29],[-50,11],[-16,37],[-43,-53],[-32,-8],[-30,38],[-32,-7],[-17,25],[-50,3],[-42,-23],[-38,19],[-34,68],[-29,-4],[-50,108],[-48,28],[16,40],[38,44],[-30,73],[-19,16],[6,32],[-30,2],[12,63],[-66,37],[23,26],[58,-17],[38,6],[34,44],[38,20],[35,85],[-44,47],[15,20],[68,-27],[10,42],[-59,72],[32,23],[97,-32],[11,22],[-45,49],[-41,27],[-22,34],[-52,-2],[-95,48],[59,60],[43,4],[-18,31],[-82,2],[-81,-13],[-16,19],[11,40],[72,16],[6,40],[-53,30],[-64,-2],[-92,18],[-19,-27],[11,-30],[-14,-28],[5,-42],[28,-61],[-25,-31],[-55,-23],[-46,15],[-56,2],[-32,-67],[-63,-73],[-93,-25],[-12,-40],[-47,-29],[-54,10],[-28,-25],[-103,19],[-41,44],[-69,17],[-5,51],[-28,49],[-41,52],[-51,-4],[-34,24],[-10,47],[-18,5],[-79,-11],[-45,-17],[-70,35],[-24,-37],[-39,3],[-21,19],[-31,-16],[-36,32],[-54,-19],[-22,16],[-56,12],[-35,30],[-105,56],[-48,14],[-49,36],[-166,92],[-77,52],[-73,36],[-171,107],[-145,76],[-150,88],[-75,38],[-159,91],[15,-142],[23,-107],[10,-106],[31,-182],[23,-85],[2,-71],[27,-169],[18,-169],[4,-89],[23,-155],[29,-249],[24,-137],[10,-102],[-2,-67],[25,-106],[5,-82],[-4,-86],[20,-107],[55,-385],[22,-208],[16,-62],[-7,-45],[6,-54],[-59,-11],[-69,28],[-75,-9],[-50,10],[-44,-25],[-49,13],[-20,-8],[-65,28],[-41,-34],[-46,35],[-45,-20],[-28,5],[-21,25],[-1,36],[-33,40],[-30,0],[-44,-38],[-40,27],[-50,-36],[-97,-6],[20,22],[-58,56],[-25,3],[-73,42],[3,54],[-17,32],[-33,26],[-113,6],[-24,22],[-59,17],[-36,-23],[-36,19],[-47,0],[-100,29],[-2,64],[-33,59],[-2,48],[-53,73],[-41,-10],[-16,13],[-76,-6],[-17,-29],[-47,-38],[-5,-25],[-98,-2],[-5,20],[-41,9],[-71,50],[4,24],[-87,53],[-24,42],[7,17],[-29,27],[0,33],[-19,11],[-3,35],[-29,55],[17,16],[-43,45],[-16,43],[22,9],[-27,67],[-3,32],[16,63],[-17,33],[-3,72],[-25,7],[17,46],[25,-1],[3,41],[-26,43],[1,48],[-60,47],[17,27],[-62,61],[15,45],[-23,21],[-41,9],[19,16],[-26,19],[-24,-8],[3,32],[-71,73],[-32,49],[6,15],[-59,36],[-4,57],[-17,35],[14,13],[2,89],[-33,14],[33,23],[-17,37],[25,49],[-9,51],[28,63],[-19,72],[27,6],[-23,24],[15,62],[-71,68],[-19,-11],[-21,-49],[0,-58],[-18,-5],[-30,27],[-54,-18],[-2,-26],[-54,-4],[-42,-48],[-8,-58],[-26,-3],[-17,-32],[-30,-13],[-26,-53],[-43,-21],[-38,-40],[-27,11],[-9,31],[-31,-17],[-6,-27],[20,-39],[-14,-32],[-34,-28],[60,-29],[-4,-43],[33,-8],[13,-65],[43,-94],[1,-60],[17,-24],[13,-81],[18,-45],[-40,-22],[2,-48],[58,-28],[14,10],[43,-18],[50,0],[-15,-67],[33,-58],[-26,-97],[9,-22],[-26,-41],[28,-46],[-22,-59],[-36,-23],[17,-41],[-52,-28],[2,-39],[-45,-15],[-43,13],[-155,61]],[[104810,128037],[61,-23],[60,-4],[40,-20],[71,-21],[30,-28],[-9,-53],[44,-88],[17,-91],[41,-24],[111,1],[4,-70],[15,-28],[-47,-62],[-17,-36],[6,-26],[127,-5],[135,17],[-9,-29],[4,-104],[10,-53],[-8,-42],[-39,-39],[-58,-43],[-20,-34],[-8,-50],[-75,-64],[-65,-37],[45,-12],[14,-74],[15,-26],[25,1],[23,31],[58,36],[6,-8],[-59,-72],[-45,-29],[-15,-31],[-37,1],[-19,-42],[4,-38],[43,-57],[11,-53],[-32,-51],[-20,-103],[43,-43],[22,-52],[77,-76],[145,-106],[75,-41],[80,-62],[9,-15],[-46,-62],[-24,-50],[-45,-45],[5,-36],[24,-14],[72,-4],[25,-19],[-8,-38],[-69,-28],[-136,-11],[-92,7],[-71,-23],[-41,-30],[-140,58],[-79,28],[-57,4],[-73,-23],[-48,-105],[-58,-32],[-155,-54],[-83,-15],[-48,8],[-139,-4],[-64,-25],[-52,-37],[-56,-79],[-13,-45],[6,-77],[140,-108],[5,-21],[-19,-48],[-77,-83],[-86,-45],[-65,-3],[-128,43],[-56,1],[-42,-11],[-40,-32],[95,-56],[63,-51],[75,-88],[63,-155],[10,-62],[-30,-52],[-59,-12],[-116,1],[-49,-7],[-111,-5],[-30,-11],[-1,-28],[53,-55],[77,-55],[113,-34],[51,-25],[141,-102],[45,-39],[57,-114],[21,-28],[100,-76],[102,-24],[45,-24],[36,-56],[-68,-39],[-114,-26],[-128,-10],[-149,16],[-152,47],[-88,36],[-123,57],[-67,-1],[-19,-28],[22,-49],[55,-67],[90,-78],[72,-49],[42,-19],[94,-25],[130,-22],[171,-37],[108,-39],[84,-11],[112,8],[17,-5],[85,-89],[-7,-41],[18,-68],[-7,-30],[-50,-28],[-43,11],[-48,-9],[-10,-30],[114,-91],[71,-40],[166,-50],[45,-71],[-12,-91],[-72,-78],[-68,-87],[-32,-106],[-60,-59],[30,-63],[94,-17],[85,-4],[71,-26],[-19,-46],[-67,-52],[-108,-43],[-77,6],[-20,-9],[-50,-106],[-55,-41],[-69,-4],[-64,8],[-101,36],[-49,-14],[-16,-28],[-8,-63],[0,-83],[49,-42],[66,-7],[20,-35],[-23,-24],[-58,7],[20,-35],[2,-35],[-21,-55],[-33,13],[-60,2],[-9,-25],[57,-25],[-1,-28],[38,-4],[-4,-81],[-56,-30],[-3,-53],[11,-15],[67,2],[3,21],[46,3],[76,-16],[-19,-60],[61,-23],[-1,-147],[-43,-1],[4,-23],[-36,13],[-48,-10],[-245,8],[4,-48],[68,-6],[185,2],[107,-16],[3,-34],[-36,-74],[-23,-70],[-52,2],[-13,-17],[-10,-81],[-97,3],[-179,-13],[-53,-58],[128,-16],[32,5],[1,-144],[-19,-1],[10,-101],[31,-41],[-9,-22],[29,-25],[84,3],[6,-17],[89,-13],[12,28],[93,13],[41,-7],[-3,-142],[4,-82],[13,-6],[-30,-49],[-9,-51],[-93,0],[-19,-25],[-17,-55],[11,-52],[-50,2],[-40,-51],[-71,22],[-15,-13],[-72,53],[19,56],[7,114],[-10,22],[-55,13],[31,41],[-17,26],[-70,-47],[-11,33],[-30,-29],[-46,-1],[-14,32],[-23,0],[-43,-28],[-12,-35],[13,-21],[62,-2],[-5,-36],[35,-29],[-22,-98],[-47,-70],[-11,-55],[23,-4],[-5,-43],[-52,7],[-44,-18],[-69,10],[-15,-37],[-52,-3],[5,-34],[-25,1],[-43,-24],[-65,24],[-61,-71],[-76,-65],[-59,-75],[12,-70],[90,1],[16,-19],[12,-72],[-17,-31],[5,-71],[29,-11],[67,23],[-4,-95],[15,-78],[-11,-49],[3,-99],[-98,-51],[-3,94],[-17,6],[1,115],[-33,2],[-8,-60],[-20,2],[-4,142],[-20,0],[4,-188],[26,-9],[6,-35],[-4,-140],[58,17],[23,-36],[-2,-120],[29,-3],[-2,-52],[-62,19],[-26,-5],[-12,-31],[8,-78],[24,-106],[139,-1],[11,57],[37,1],[37,-101],[15,-16],[107,41],[37,-90],[6,-89],[-38,-124],[22,-74],[16,-17],[68,-29],[-8,-40],[-88,5],[-60,-11],[26,-34],[30,-7],[-2,-20],[44,-23],[-5,-57],[-42,-21],[-73,36],[-46,2],[-64,-45],[-81,34],[-124,77],[-52,47],[-37,48],[-49,-2],[-15,-17],[27,-17],[13,-35],[-46,-79],[-47,-32],[-78,-24],[-38,-28],[-3,-46],[-30,-3],[-30,84],[-74,-13],[-28,-43],[-68,-5],[-25,-13],[1,-35],[-44,-9],[-30,-43],[-30,-15],[23,-21],[160,2],[7,19],[120,-3],[13,17],[59,-3],[6,-59],[46,-18],[-16,-93],[-22,-44],[-14,-83],[30,-22],[46,0],[45,22],[71,9],[22,47],[30,13],[6,-19],[-26,-30],[6,-31],[28,6],[28,47],[54,-2],[34,20],[97,-22],[201,-116],[-6,-17],[138,-195],[21,-84],[-115,-250],[-100,-15],[-105,9],[-79,-54],[-13,-100],[-109,-28],[-9,-16],[67,-37],[58,-17],[14,-16],[-3,-66],[34,-24],[26,-53],[41,-3],[60,-40],[35,-40],[64,-30],[-1,-53],[-41,-28],[22,-48],[88,-16],[20,-19],[-59,-10],[-28,-143],[-35,22],[-148,17],[-12,8],[1,80],[-189,-1],[-1,-74],[-24,-13],[-58,-4],[-4,-53],[-15,-45],[-64,22],[-27,-37],[38,-26],[50,2],[75,-35],[14,-48],[-13,-69],[-24,-42],[32,-32],[8,-39],[114,-42],[-7,-54],[-18,-48],[-21,-5],[-14,30],[-111,-44],[-82,-7],[-73,3],[-195,-6],[-17,-123],[-4,-74],[82,-6],[15,47],[4,98],[82,-1],[94,7],[63,-33],[0,-42],[-19,-74],[11,-53],[-71,-75],[-27,-47],[-15,-61],[-4,-69],[-24,-55],[21,-35]],[[83809,128674],[89,3],[37,11],[143,87],[21,4],[90,-25],[59,5],[68,18],[105,-3],[104,26],[108,44],[103,27],[63,-20],[12,30],[29,-10],[64,34],[37,9],[3,19],[40,6],[12,-27],[79,-2],[42,17],[25,52],[26,19],[26,-32],[100,8],[61,21],[80,13],[12,105],[173,-67],[83,6],[54,-13],[89,31],[105,3],[56,14],[6,39],[56,-12],[127,33],[98,39],[9,-17],[41,4],[76,50],[72,15],[98,-16],[132,-14],[70,3],[112,21],[46,34],[-5,45],[-52,37],[-7,34],[20,22],[99,10],[144,-39],[99,-19],[80,-8],[100,6],[98,13],[134,-14],[124,-7],[176,-29],[345,-25],[321,-7],[168,22],[56,33],[242,22],[57,8],[117,-14],[90,-1],[68,23],[59,11],[65,-32],[169,10],[170,41],[62,-4],[74,13],[112,39],[88,10],[140,34],[131,9],[47,-13],[53,1],[232,-17],[62,-10],[199,-6],[143,-27],[24,23],[29,-7],[100,-70],[57,-9],[52,33],[10,23],[79,-3],[30,-65],[126,-2],[150,18],[61,-30],[34,-27],[23,93],[233,39],[7,66],[20,55],[66,2],[104,25],[35,18],[54,-26],[115,-127],[101,-83],[145,-49],[197,-48],[86,-51],[-17,-35],[-79,-32],[-26,-75],[-42,-42],[57,18],[127,-76],[181,11],[132,-40],[43,-2],[78,30],[66,14],[234,-17],[65,-24],[110,-72],[23,-33],[10,-40],[35,-29],[113,32],[82,-20],[19,-55],[79,-37],[102,2],[172,22],[112,40],[43,-56],[20,-57],[154,104],[50,47],[42,15],[58,0],[41,-110],[75,-102],[34,20],[148,-71],[112,-3],[80,11],[77,39],[60,-10],[73,-62],[207,-49],[57,-26],[33,16],[196,27],[58,-53],[60,-9],[32,24],[24,53],[-29,52],[4,17],[73,37],[84,-77],[106,-127],[37,-15],[32,-66],[14,-54],[39,-40],[93,14],[121,-16],[48,-37],[19,-1],[44,-38],[19,0],[16,-39],[61,-54],[18,-31],[37,13],[64,1],[40,-14],[60,11],[56,-17],[26,26],[19,66],[47,-2],[21,-35],[75,-35],[20,-54],[69,33],[39,42],[153,22],[62,-2],[26,-22],[-25,-56],[-37,-125],[38,-86],[54,-15],[-4,-33],[-23,-3],[-36,-49],[-37,-16],[-42,3],[-34,-52],[52,-23],[87,-2],[38,-18],[69,-8],[73,0],[96,16],[30,30],[-47,31],[60,14],[56,2],[190,-41],[22,4],[44,38],[14,37],[57,5],[-26,-31],[45,-18],[29,-31],[39,10],[92,-9],[32,139],[-13,34],[37,52],[100,45],[93,57],[141,4],[29,-6],[44,16],[60,-28],[54,-36],[120,6],[48,-34],[210,26],[197,39],[111,15],[102,22],[173,25],[58,17],[28,28],[10,40],[-9,91],[65,61],[23,12],[67,72],[23,7],[21,-20],[25,5],[46,-26],[66,24],[35,26],[43,-5],[50,-38],[63,12],[-49,62],[-54,26],[-24,48],[15,36],[71,54],[51,89],[33,27],[93,16],[32,-16],[76,-8],[59,18],[47,-16],[22,7],[60,58],[52,2],[44,-19],[52,17],[161,4],[47,-10],[55,2],[71,64],[71,17],[120,-59],[12,-123],[-39,-22],[-57,15],[-141,-27],[-74,-39],[-17,-25],[-44,-122],[-64,-85],[104,-15],[-33,-117],[-85,-98],[16,-85],[35,-123],[22,-54],[41,-57],[70,75],[34,54],[114,39],[30,-41],[4,-50],[-18,-31],[20,-21],[26,12],[55,102],[158,-42],[32,-62],[-11,-27],[41,-91],[1,-121],[-26,-62],[16,-67],[54,-17],[70,-59],[111,-28],[95,-15],[30,5],[23,-30],[41,-5],[42,20],[46,-15],[36,8],[34,60],[60,41],[43,0],[48,26],[45,-20],[43,5],[13,29],[10,72],[157,29],[30,-28],[-13,-47],[46,-63],[35,4],[27,21],[68,12],[-1,72],[-25,57],[1,67],[32,25],[55,8],[70,37],[91,-2],[13,17],[80,-8],[127,-82],[109,47],[96,19],[49,-12],[66,3],[55,65],[15,39],[14,132],[29,-8],[17,19],[42,-7],[33,25],[75,97],[29,-24]],[[104810,128037],[20,19],[11,58],[-6,35],[-56,35],[-17,25],[15,37],[71,81],[18,-49],[30,-22],[40,16],[23,33],[40,10],[33,-29],[74,-3],[66,-32],[35,-115],[158,-20],[141,-25],[148,-20],[0,-73],[50,42],[33,-10],[27,-147],[81,-45],[46,8],[27,-18],[29,6],[43,-27],[69,-21],[29,10],[-19,19],[-82,45],[-47,36],[1,24],[38,32],[-8,133],[35,70],[47,44],[54,30],[32,68],[-11,63],[-131,201],[-1,63],[55,84],[44,32],[185,77],[40,9],[14,-19],[-47,-81],[7,-61],[41,-13],[64,-81],[28,-3],[103,-44],[18,22],[66,6],[27,-33],[61,-7],[65,-28],[17,8],[39,-45],[47,-13],[78,32],[87,46],[61,19],[105,7],[125,20],[100,7],[54,15],[78,2],[41,-10],[111,0],[51,12],[15,30],[-46,13],[-9,-17],[-34,25],[8,35],[26,-3],[206,4],[131,-9],[174,151],[44,-15],[56,10],[17,30],[117,-6],[35,14],[209,-28],[82,-17],[52,-35],[84,-35],[110,-16],[57,-15],[59,-5],[98,13],[64,-10],[86,73],[174,-23],[125,63],[24,21],[25,-63],[45,-34],[68,-20],[39,51],[72,61],[145,-29],[86,-2],[59,11],[-28,60],[44,-9],[53,5],[31,47],[44,7],[80,-4],[117,-20],[165,47],[80,9],[74,-11],[81,7],[41,-17],[105,-15],[103,4],[22,23],[73,-37],[12,-40],[20,-11],[57,15],[253,-19],[71,-17],[119,13],[126,4],[208,-38],[84,0],[137,-28],[81,-33],[102,-57],[60,-14],[58,5],[68,18],[91,54],[65,62],[88,95],[43,37],[70,21],[38,34],[76,47],[41,16],[91,11],[69,-4],[103,9],[127,24],[32,-48],[35,-84],[57,-34],[157,-69],[4,27],[29,25],[11,41],[94,30],[31,-8],[39,19],[70,-42],[36,-10],[45,13],[4,38],[33,33],[9,32],[227,12],[27,11],[139,-16],[6,-43],[32,-12],[26,38],[42,20],[29,-27],[91,43],[117,-44],[70,-12],[76,-2],[80,-11],[75,-50],[55,-51],[77,44],[48,-6],[82,-54],[165,-83],[98,1],[90,-44],[101,-25],[76,25],[8,-74],[22,-30],[70,0],[27,-52],[117,-47],[99,-54],[47,-3],[60,-78],[32,-20],[87,-28],[145,-24],[20,-38],[54,4],[-8,-55],[7,-31],[93,-49],[106,-25],[-16,-55],[-24,-8],[-60,16],[-15,-7],[1,-39],[-44,-68],[32,-81],[-26,-67],[44,-40],[184,-26],[92,-38],[-35,-12],[-119,13],[-15,23],[-39,-19],[-57,-6],[-3,-16],[45,-30],[27,14],[69,-32],[36,3],[-9,-33],[19,-18],[136,-11],[58,64],[36,16],[48,-12],[17,-52],[-8,-59],[133,-16],[124,59],[7,20],[36,6],[61,-12],[5,-20],[-65,-25],[-16,-18],[-117,-17],[20,-48],[-6,-24],[47,-26],[104,36],[6,-11],[-33,-42],[-51,-23],[-63,-9],[13,-37],[42,-12],[31,10],[40,-23],[41,26],[85,18],[27,22],[71,19],[-7,-23],[46,-36],[75,-17],[14,-54],[33,18],[16,44],[18,-7],[5,-51],[-49,-35],[3,-14],[65,-22],[62,-70],[36,-30],[53,105],[38,101],[44,46],[22,75],[-4,47],[-26,39],[27,34],[20,66],[103,-56],[29,-87],[37,-42],[-27,-69],[-1,-38],[87,13],[113,-38],[84,-33],[131,-32],[33,-25],[124,-41],[32,-29],[111,-57],[31,5],[21,-46],[-82,-9],[-139,45],[-152,56],[-105,27],[-65,4],[-52,-7],[6,-45],[-44,-70],[-37,-110],[-42,-105],[74,-18],[25,8],[104,-33],[49,32],[60,26],[35,-3],[194,-55],[28,-27],[115,-42],[62,-8],[28,-39],[-12,-65],[3,-44],[26,-34],[41,-25],[51,-61],[89,71],[28,7],[28,-45],[33,-22],[96,-17],[69,-28],[39,-33],[46,-9],[165,-83],[130,-47],[28,0],[19,-33],[85,-25],[91,-36],[32,4],[53,-16],[85,1],[56,-21],[41,-35],[91,-18],[82,-47],[19,24],[45,-54],[48,7],[106,-43],[30,20],[102,-38],[170,-70],[29,-2],[47,-28],[81,-15],[13,-17],[88,-8],[26,-13],[56,34],[-24,-32],[34,1],[119,-38],[56,78],[80,-23],[8,-16],[69,-20],[11,68],[-6,50],[47,69],[46,42],[32,3],[115,-11],[58,17],[15,18],[64,0],[50,-27],[13,13],[22,-34],[27,-1],[61,-40],[25,8],[112,-27],[59,-32],[36,14],[55,-35],[-8,-36],[0,-158],[20,-83],[-10,-49],[-28,-66],[-26,-36],[-116,-94],[-82,-43],[-46,-57],[27,-18],[44,63],[46,25],[-79,-93],[63,-34],[29,3],[68,-27],[26,12],[33,-26],[52,19],[13,26],[23,1],[31,-24],[29,22],[58,-6],[-8,-34],[54,-24],[5,39],[21,39],[42,3],[-16,-24],[10,-47],[74,-19],[19,58],[32,30],[39,-14],[81,-50],[49,-69],[-1,-36],[-29,-39],[51,-49],[29,39],[54,1],[-1,35],[55,2],[-15,-21],[75,0],[40,-59],[47,-36],[30,38],[31,-47],[16,18],[27,-23],[17,46],[-8,33],[23,9],[19,-33],[81,-25],[127,-3],[23,-46],[55,-58],[111,-93],[23,32],[28,3],[14,-42],[25,-10],[76,7],[79,-42],[64,-12],[45,-40],[59,-5],[81,34],[53,-10],[84,-59],[73,59],[47,-24],[12,-33],[-3,-114],[5,-114],[-51,-17],[9,-107],[18,-70],[-52,-192],[-52,-115],[-29,-41],[-37,-109],[-59,-123],[-9,-49],[70,11],[79,-15],[29,-72],[-43,-338],[-37,-166],[3,-56],[24,-33],[99,-27],[126,5],[62,9],[191,17],[159,2],[76,-20],[117,14],[55,22],[76,53],[55,30],[73,13],[69,-32],[63,-67],[118,-89],[29,-52],[-21,-77],[-32,-39],[-99,-54],[-92,-23],[-48,-5],[-18,-15],[-80,-8],[-64,-27],[-38,-28],[-77,-116],[-25,-75],[-1,-46],[16,-86],[18,-55],[94,-6],[125,38],[203,54],[186,13],[93,-7],[70,8],[66,29],[120,85],[65,30],[53,4],[19,-14],[8,-80],[-15,-57],[-53,-110],[-18,-60],[-27,-128],[0,-47],[41,-132],[67,-141],[105,-49],[80,-59],[13,-46],[-18,-78],[-23,-68],[-8,-111],[36,-52],[67,-34],[8,-32],[-18,-37],[-80,-88],[-24,-54],[-25,-30],[-23,-77],[30,-203],[-14,-104],[35,-133],[-108,-89],[-31,-19],[-39,-1],[-90,19],[-66,-4],[-21,20],[-66,-32],[-26,-27],[-34,-66],[-58,-3],[-61,15],[-200,94],[-133,10],[-207,-3],[-137,7],[-99,-13],[-24,-28],[-60,-138],[-75,-225],[-27,-43],[-37,-13],[-130,-20],[-87,-47],[-75,-31],[-42,5],[-114,60],[-107,65],[-58,19],[-133,24],[-125,0],[-33,-15],[-28,-44],[-20,-112],[-18,-65],[-26,-28],[-66,0],[-87,21],[-100,16],[-97,3],[-87,18],[-38,46],[-34,124],[-30,48],[-108,66],[-42,36],[-10,31],[1,65],[-16,91],[-19,42],[-45,39],[-49,7],[-96,-12],[-169,-10],[-28,10],[-19,33],[-26,117],[-51,20],[-90,-11],[-35,25],[-65,116],[-57,138],[-27,28],[-29,4],[-53,-32],[-35,-58],[-34,-127],[-43,-65],[-65,-35],[-32,5],[-52,47],[-67,78],[-95,97],[-92,77],[-27,85],[-4,74],[-39,48],[-41,13],[-50,-4],[-84,-26],[-37,-18],[-61,-11],[-53,68],[-134,80],[-68,22],[-8,51],[14,48],[-4,73],[-17,55],[-123,143],[-39,22],[-78,16],[-86,0],[-112,-31],[-80,-36],[-64,-20],[-50,-33],[-18,-27],[-22,-90],[-28,-18],[-76,-3],[-164,-24],[-76,6],[-131,58],[-66,1],[-126,-16],[-43,9],[-157,47],[-70,11],[-72,-12],[-64,-48],[-104,-54],[-124,-26],[-33,-19],[-76,-82],[13,-23],[82,-19],[11,-97],[12,-28],[-27,-45],[38,-35],[58,-6],[99,-70],[101,-99],[28,-19],[8,-73],[-3,-86],[-23,-127],[12,-12],[4,-70],[-52,-8],[-3,-18],[32,-63],[-4,-47],[-19,-2],[-116,32],[-78,6],[-42,-86],[-38,-39],[5,-46],[-24,-26],[26,-25],[1,-39],[97,-19],[12,-13],[5,-138],[33,-75],[15,-8],[-11,-71],[1,-57],[18,-7],[0,-87],[21,-9],[-2,-41],[84,3],[2,-22],[136,-13],[117,-29],[-13,-11],[-75,-12],[-44,-21],[17,-12]]],"transform":{"scale":[0.00003525018293281088,0.000035604897000865776],"translate":[88.00816912400005,20.59060825400019]},"objects":{"bgd_admin2":{"type":"GeometryCollection","geometries":[{"arcs":[[0,1,2,3,4,5]],"type":"Polygon","properties":{"id":"BD1004","name":"Barguna","parent_id":"BD10","parent_name":"Barishal","area_sqkm":1534.96166888,"center_lat":22.12826176,"center_lon":90.11013297},"id":"BD1004"},{"arcs":[[6,7,8,9,-6,10,11,12,13,14]],"type":"Polygon","properties":{"id":"BD1006","name":"Barishal","parent_id":"BD10","parent_name":"Barishal","area_sqkm":2553.41538168,"center_lat":22.81938712,"center_lon":90.36878699},"id":"BD1006"},{"arcs":[[15,16,17,-9,18]],"type":"Polygon","properties":{"id":"BD1009","name":"Bhola","parent_id":"BD10","parent_name":"Barishal","area_sqkm":3471.66293553,"center_lat":22.31032075,"center_lon":90.76398251},"id":"BD1009"},{"arcs":[[-5,19,-11]],"type":"Polygon","properties":{"id":"BD1042","name":"Jhalokati","parent_id":"BD10","parent_name":"Barishal","area_sqkm":735.7051492,"center_lat":22.57234148,"center_lon":90.1818978},"id":"BD1042"},{"arcs":[[20,-1,-10,-18]],"type":"Polygon","properties":{"id":"BD1078","name":"Patuakhali","parent_id":"BD10","parent_name":"Barishal","area_sqkm":3125.03385852,"center_lat":22.16518723,"center_lon":90.40725721},"id":"BD1078"},{"arcs":[[-20,-4,21,22,-12]],"type":"Polygon","properties":{"id":"BD1079","name":"Pirojpur","parent_id":"BD10","parent_name":"Barishal","area_sqkm":1272.69156063,"center_lat":22.53203658,"center_lon":89.99209019},"id":"BD1079"},{"arcs":[[23,24,25,26]],"type":"Polygon","properties":{"id":"BD2003","name":"Bandarban","parent_id":"BD20","parent_name":"Chattogram","area_sqkm":4591.01309293,"center_lat":21.80450621,"center_lon":92.36513578},"id":"BD2003"},{"arcs":[[27,28,29,30,31,32]],"type":"Polygon","properties":{"id":"BD2012","name":"Brahmanbaria","parent_id":"BD20","parent_name":"Chattogram","area_sqkm":1928.26864757,"center_lat":23.95334265,"center_lon":91.08317152},"id":"BD2012"},{"arcs":[[33,34,35,-7,36,37]],"type":"Polygon","properties":{"id":"BD2013","name":"Chandpur","parent_id":"BD20","parent_name":"Chattogram","area_sqkm":1719.82858231,"center_lat":23.2611099,"center_lon":90.74888906},"id":"BD2013"},{"arcs":[[[38,39,-26,40,41,42,43,44]],[[45]],[[46]],[[47]],[[48,49]]],"type":"MultiPolygon","properties":{"id":"BD2015","name":"Chattogram","parent_id":"BD20","parent_name":"Chattogram","area_sqkm":4879.23669021,"center_lat":22.44673258,"center_lon":91.8192279},"id":"BD2015"},{"arcs":[[50,51,52,-34,53,54,-29]],"type":"Polygon","properties":{"id":"BD2019","name":"Cumilla","parent_id":"BD20","parent_name":"Chattogram","area_sqkm":3097.33937792,"center_lat":23.43704815,"center_lon":91.03297863},"id":"BD2019"},{"arcs":[[[-25,55,-41]],[[56]],[[57]]],"type":"MultiPolygon","properties":{"id":"BD2022","name":"Cox's Bazar","parent_id":"BD20","parent_name":"Chattogram","area_sqkm":2326.7008648,"center_lat":21.47601131,"center_lon":92.06251685},"id":"BD2022"},{"arcs":[[-44,58,-52,59]],"type":"Polygon","properties":{"id":"BD2030","name":"Feni","parent_id":"BD20","parent_name":"Chattogram","area_sqkm":929.47783669,"center_lat":22.99495456,"center_lon":91.41199797},"id":"BD2030"},{"arcs":[[60,-39,61]],"type":"Polygon","properties":{"id":"BD2046","name":"Khagrachhari","parent_id":"BD20","parent_name":"Chattogram","area_sqkm":2977.80470582,"center_lat":23.17194143,"center_lon":91.95645652},"id":"BD2046"},{"arcs":[[62,-19,-8,-36]],"type":"Polygon","properties":{"id":"BD2051","name":"Lakshmipur","parent_id":"BD20","parent_name":"Chattogram","area_sqkm":1503.10893536,"center_lat":22.85093416,"center_lon":90.85368875},"id":"BD2051"},{"arcs":[[[-59,-43,63,-49,64,-16,-63,-35,-53]],[[65]],[[66]],[[67]],[[68]],[[69]],[[70]]],"type":"MultiPolygon","properties":{"id":"BD2075","name":"Noakhali","parent_id":"BD20","parent_name":"Chattogram","area_sqkm":3236.99995684,"center_lat":22.65806244,"center_lon":91.12949863},"id":"BD2075"},{"arcs":[[-27,-40,-61,71]],"type":"Polygon","properties":{"id":"BD2084","name":"Rangamati","parent_id":"BD20","parent_name":"Chattogram","area_sqkm":5643.29864602,"center_lat":22.82507051,"center_lon":92.28109045},"id":"BD2084"},{"arcs":[[72,73,74,75,76,77]],"type":"Polygon","properties":{"id":"BD3026","name":"Dhaka","parent_id":"BD30","parent_name":"Dhaka","area_sqkm":1469.78789999,"center_lat":23.78845091,"center_lon":90.25058528},"id":"BD3026"},{"arcs":[[78,-76,79,80,81,82,83,84]],"type":"Polygon","properties":{"id":"BD3029","name":"Faridpur","parent_id":"BD30","parent_name":"Dhaka","area_sqkm":2037.64363305,"center_lat":23.47760067,"center_lon":89.8359007},"id":"BD3029"},{"arcs":[[85,86,87,-73,88,89]],"type":"Polygon","properties":{"id":"BD3033","name":"Gazipur","parent_id":"BD30","parent_name":"Dhaka","area_sqkm":1814.77335566,"center_lat":24.09865562,"center_lon":90.44618398},"id":"BD3033"},{"arcs":[[90,-13,-23,91,92,-82]],"type":"Polygon","properties":{"id":"BD3035","name":"Gopalganj","parent_id":"BD30","parent_name":"Dhaka","area_sqkm":1485.91306709,"center_lat":23.1048026,"center_lon":89.89924094},"id":"BD3035"},{"arcs":[[93,94,-32,95,-86,96,97]],"type":"Polygon","properties":{"id":"BD3048","name":"Kishoreganj","parent_id":"BD30","parent_name":"Dhaka","area_sqkm":2563.05403084,"center_lat":24.37801526,"center_lon":90.94330613},"id":"BD3048"},{"arcs":[[98,-14,-91,-81,99]],"type":"Polygon","properties":{"id":"BD3054","name":"Madaripur","parent_id":"BD30","parent_name":"Dhaka","area_sqkm":1153.85009152,"center_lat":23.2220734,"center_lon":90.16623392},"id":"BD3054"},{"arcs":[[-77,-79,100,101,102,103]],"type":"Polygon","properties":{"id":"BD3056","name":"Manikganj","parent_id":"BD30","parent_name":"Dhaka","area_sqkm":1393.47567608,"center_lat":23.84080399,"center_lon":89.95119195},"id":"BD3056"},{"arcs":[[104,-54,-38,105,-100,-80,-75]],"type":"Polygon","properties":{"id":"BD3059","name":"Munshiganj","parent_id":"BD30","parent_name":"Dhaka","area_sqkm":933.55131652,"center_lat":23.52584217,"center_lon":90.41611008},"id":"BD3059"},{"arcs":[[-30,-55,-105,-74,-88,106]],"type":"Polygon","properties":{"id":"BD3067","name":"Narayanganj","parent_id":"BD30","parent_name":"Dhaka","area_sqkm":706.36174762,"center_lat":23.72381057,"center_lon":90.57814584},"id":"BD3067"},{"arcs":[[-31,-107,-87,-96]],"type":"Polygon","properties":{"id":"BD3068","name":"Narsingdi","parent_id":"BD30","parent_name":"Dhaka","area_sqkm":1163.25917557,"center_lat":24.00321306,"center_lon":90.77405373},"id":"BD3068"},{"arcs":[[-101,-85,107,108,109,110]],"type":"Polygon","properties":{"id":"BD3082","name":"Rajbari","parent_id":"BD30","parent_name":"Dhaka","area_sqkm":1129.65495727,"center_lat":23.72854143,"center_lon":89.56051711},"id":"BD3082"},{"arcs":[[-37,-15,-99,-106]],"type":"Polygon","properties":{"id":"BD3086","name":"Shariatpur","parent_id":"BD30","parent_name":"Dhaka","area_sqkm":1202.54441303,"center_lat":23.24458485,"center_lon":90.41464125},"id":"BD3086"},{"arcs":[[-89,-78,-104,111,112,113]],"type":"Polygon","properties":{"id":"BD3093","name":"Tangail","parent_id":"BD30","parent_name":"Dhaka","area_sqkm":3372.66236835,"center_lat":24.35844942,"center_lon":90.00040535},"id":"BD3093"},{"arcs":[[-92,-22,-3,114,115,116]],"type":"Polygon","properties":{"id":"BD4001","name":"Bagerhat","parent_id":"BD40","parent_name":"Khulna","area_sqkm":4072.47573707,"center_lat":22.32884616,"center_lon":89.74397499},"id":"BD4001"},{"arcs":[[117,118,119,120]],"type":"Polygon","properties":{"id":"BD4018","name":"Chuadanga","parent_id":"BD40","parent_name":"Khulna","area_sqkm":1166.18449469,"center_lat":23.60906908,"center_lon":88.84861979},"id":"BD4018"},{"arcs":[[121,122,123,124,125,126]],"type":"Polygon","properties":{"id":"BD4041","name":"Jashore","parent_id":"BD40","parent_name":"Khulna","area_sqkm":2576.4179111,"center_lat":23.08947488,"center_lon":89.17481232},"id":"BD4041"},{"arcs":[[-109,127,-127,128,-118,129]],"type":"Polygon","properties":{"id":"BD4044","name":"Jhenaidah","parent_id":"BD40","parent_name":"Khulna","area_sqkm":1965.50773686,"center_lat":23.48847571,"center_lon":89.08704706},"id":"BD4044"},{"arcs":[[130,-116,131,132,-124]],"type":"Polygon","properties":{"id":"BD4047","name":"Khulna","parent_id":"BD40","parent_name":"Khulna","area_sqkm":4457.26501016,"center_lat":22.36573943,"center_lon":89.45281579},"id":"BD4047"},{"arcs":[[133,134,-110,-130,-121,135,136,137]],"type":"Polygon","properties":{"id":"BD4050","name":"Kushtia","parent_id":"BD40","parent_name":"Khulna","area_sqkm":1639.25400634,"center_lat":23.926195,"center_lon":89.01845028},"id":"BD4050"},{"arcs":[[-84,138,-122,-128,-108]],"type":"Polygon","properties":{"id":"BD4055","name":"Magura","parent_id":"BD40","parent_name":"Khulna","area_sqkm":1042.34058494,"center_lat":23.44365871,"center_lon":89.43284888},"id":"BD4055"},{"arcs":[[-120,139,-136]],"type":"Polygon","properties":{"id":"BD4057","name":"Meherpur","parent_id":"BD40","parent_name":"Khulna","area_sqkm":718.33741115,"center_lat":23.79355067,"center_lon":88.7067574},"id":"BD4057"},{"arcs":[[-83,-93,-117,-131,-123,-139]],"type":"Polygon","properties":{"id":"BD4065","name":"Narail","parent_id":"BD40","parent_name":"Khulna","area_sqkm":983.94158793,"center_lat":23.13120113,"center_lon":89.57821256},"id":"BD4065"},{"arcs":[[-133,140,-125]],"type":"Polygon","properties":{"id":"BD4087","name":"Satkhira","parent_id":"BD40","parent_name":"Khulna","area_sqkm":3962.99979627,"center_lat":22.30789672,"center_lon":89.14334959},"id":"BD4087"},{"arcs":[[141,142,143,-113,144,145,146,147]],"type":"Polygon","properties":{"id":"BD4539","name":"Jamalpur","parent_id":"BD45","parent_name":"Mymensingh","area_sqkm":2051.86733662,"center_lat":24.97724238,"center_lon":89.84721435},"id":"BD4539"},{"arcs":[[148,-97,-90,-114,-144,149,150]],"type":"Polygon","properties":{"id":"BD4561","name":"Mymensingh","parent_id":"BD45","parent_name":"Mymensingh","area_sqkm":4332.79562492,"center_lat":24.69929007,"center_lon":90.4296179},"id":"BD4561"},{"arcs":[[151,-98,-149,152]],"type":"Polygon","properties":{"id":"BD4572","name":"Netrakona","parent_id":"BD45","parent_name":"Mymensingh","area_sqkm":2800.1205077,"center_lat":24.870764,"center_lon":90.84529938},"id":"BD4572"},{"arcs":[[-150,-143,153]],"type":"Polygon","properties":{"id":"BD4589","name":"Sherpur","parent_id":"BD45","parent_name":"Mymensingh","area_sqkm":1327.99066062,"center_lat":25.08294035,"center_lon":90.07545687},"id":"BD4589"},{"arcs":[[-146,154,155,156,157,158]],"type":"Polygon","properties":{"id":"BD5010","name":"Bogura","parent_id":"BD50","parent_name":"Rajshahi","area_sqkm":2930.12778131,"center_lat":24.82433095,"center_lon":89.38040124},"id":"BD5010"},{"arcs":[[159,-158,160,161,162]],"type":"Polygon","properties":{"id":"BD5038","name":"Joypurhat","parent_id":"BD50","parent_name":"Rajshahi","area_sqkm":965.86615981,"center_lat":25.09298379,"center_lon":89.08381655},"id":"BD5038"},{"arcs":[[-161,-157,163,164,165,166]],"type":"Polygon","properties":{"id":"BD5064","name":"Naogaon","parent_id":"BD50","parent_name":"Rajshahi","area_sqkm":3438.80294377,"center_lat":24.90021071,"center_lon":88.7516789},"id":"BD5064"},{"arcs":[[167,168,-134,169,-164,-156]],"type":"Polygon","properties":{"id":"BD5069","name":"Natore","parent_id":"BD50","parent_name":"Rajshahi","area_sqkm":1904.98111437,"center_lat":24.38056174,"center_lon":89.08741492},"id":"BD5069"},{"arcs":[[170,171,-166]],"type":"Polygon","properties":{"id":"BD5070","name":"Chapainababganj","parent_id":"BD50","parent_name":"Rajshahi","area_sqkm":1689.37734036,"center_lat":24.7155962,"center_lon":88.26399218},"id":"BD5070"},{"arcs":[[-102,-111,-135,-169,172]],"type":"Polygon","properties":{"id":"BD5076","name":"Pabna","parent_id":"BD50","parent_name":"Rajshahi","area_sqkm":2391.82687311,"center_lat":24.05304736,"center_lon":89.38618128},"id":"BD5076"},{"arcs":[[-170,-138,173,-171,-165]],"type":"Polygon","properties":{"id":"BD5081","name":"Rajshahi","parent_id":"BD50","parent_name":"Rajshahi","area_sqkm":2422.60833827,"center_lat":24.46837737,"center_lon":88.6506542},"id":"BD5081"},{"arcs":[[-145,-112,-103,-173,-168,-155]],"type":"Polygon","properties":{"id":"BD5088","name":"Sirajganj","parent_id":"BD50","parent_name":"Rajshahi","area_sqkm":2511.87134166,"center_lat":24.39152372,"center_lon":89.60146461},"id":"BD5088"},{"arcs":[[174,175,176,177,-163,178,179]],"type":"Polygon","properties":{"id":"BD5527","name":"Dinajpur","parent_id":"BD55","parent_name":"Rangpur","area_sqkm":3460.11505763,"center_lat":25.6304274,"center_lon":88.78628242},"id":"BD5527"},{"arcs":[[-147,-159,-160,-178,180,181]],"type":"Polygon","properties":{"id":"BD5532","name":"Gaibandha","parent_id":"BD55","parent_name":"Rangpur","area_sqkm":2150.49849315,"center_lat":25.29828454,"center_lon":89.50543518},"id":"BD5532"},{"arcs":[[-148,-182,182,183,184]],"type":"Polygon","properties":{"id":"BD5549","name":"Kurigram","parent_id":"BD55","parent_name":"Rangpur","area_sqkm":2267.58691302,"center_lat":25.79047676,"center_lon":89.69509011},"id":"BD5549"},{"arcs":[[[-184,185,186,187]],[[188]]],"type":"MultiPolygon","properties":{"id":"BD5552","name":"Lalmonirhat","parent_id":"BD55","parent_name":"Rangpur","area_sqkm":1235.71671498,"center_lat":26.06289852,"center_lon":89.23651267},"id":"BD5552"},{"arcs":[[-187,189,-176,190,191]],"type":"Polygon","properties":{"id":"BD5573","name":"Nilphamari","parent_id":"BD55","parent_name":"Rangpur","area_sqkm":1596.27322029,"center_lat":26.02555724,"center_lon":88.93006041},"id":"BD5573"},{"arcs":[[-191,-175,192,193]],"type":"Polygon","properties":{"id":"BD5577","name":"Panchagarh","parent_id":"BD55","parent_name":"Rangpur","area_sqkm":1403.83373939,"center_lat":26.28531035,"center_lon":88.57854183},"id":"BD5577"},{"arcs":[[-186,-183,-181,-177,-190]],"type":"Polygon","properties":{"id":"BD5585","name":"Rangpur","parent_id":"BD55","parent_name":"Rangpur","area_sqkm":2363.10360259,"center_lat":25.65134796,"center_lon":89.23683216},"id":"BD5585"},{"arcs":[[-193,-180,194]],"type":"Polygon","properties":{"id":"BD5594","name":"Thakurgaon","parent_id":"BD55","parent_name":"Rangpur","area_sqkm":1805.62495092,"center_lat":25.99009611,"center_lon":88.3445448},"id":"BD5594"},{"arcs":[[195,196,197,-33,-95,198]],"type":"Polygon","properties":{"id":"BD6036","name":"Habiganj","parent_id":"BD60","parent_name":"Sylhet","area_sqkm":2610.6973759,"center_lat":24.36943192,"center_lon":91.43170685},"id":"BD6036"},{"arcs":[[-197,199,200]],"type":"Polygon","properties":{"id":"BD6058","name":"Moulvibazar","parent_id":"BD60","parent_name":"Sylhet","area_sqkm":2673.50901975,"center_lat":24.48107681,"center_lon":91.91646745},"id":"BD6058"},{"arcs":[[201,-199,-94,-152,202]],"type":"Polygon","properties":{"id":"BD6090","name":"Sunamganj","parent_id":"BD60","parent_name":"Sylhet","area_sqkm":3666.85626182,"center_lat":24.93984869,"center_lon":91.34559611},"id":"BD6090"},{"arcs":[[-200,-196,-202,203]],"type":"Polygon","properties":{"id":"BD6091","name":"Sylhet","parent_id":"BD60","parent_name":"Sylhet","area_sqkm":3422.24911618,"center_lat":24.91968618,"center_lon":91.98768344},"id":"BD6091"}]}}}