{"type":"Topology","arcs":[[[81632,78283],[53,0],[238,-373],[563,-592],[688,-537],[85,-63],[59,-85],[80,-135],[144,-139],[347,-448],[85,-70],[196,-32],[234,-31],[136,-32],[64,-19],[38,-35],[135,-143],[187,-185],[160,-198],[107,-69],[29,-27],[55,-112],[59,-108],[21,-70],[63,-104],[152,-262],[236,-463],[76,-93],[98,-97],[271,-217],[110,-104],[38,-42],[59,-101],[177,-309],[-78,-251],[-149,-83],[-674,-34],[-130,10],[-93,29],[-28,25],[-69,-3],[-47,15],[-30,38],[-19,-20],[14,-42],[75,-190],[3,-110],[-17,-155],[-14,-99],[8,-33],[46,9],[13,27],[60,0],[-7,-16],[56,-19],[26,-21],[-5,-15],[48,-19],[199,-132],[156,-78],[12,-10],[-4,-89],[-67,-58],[-2,-46],[10,-55],[-59,51],[-175,-93],[-9,-18],[17,-24],[67,-63],[45,-2],[52,-15],[41,-39],[36,-22],[28,2],[35,21],[14,82],[74,3],[107,127],[64,27],[55,10],[184,4],[173,-2],[56,7],[104,1],[199,8],[69,0],[25,-54],[6,-79],[9,-41],[3,-68],[-8,-224],[1,-228],[12,-118],[-7,-124],[-1,-105],[6,-264],[20,-126],[15,-146],[16,-82],[63,-128],[128,-188],[71,-66],[68,-47],[68,-30],[98,-36],[207,-80],[122,-44],[71,-31],[129,-71],[144,-98],[86,-66],[113,-100],[60,-60],[53,-62],[32,-50],[19,-93],[80,-248],[32,-182],[11,-108],[15,-208],[27,-253],[18,-193],[18,-104],[4,-62],[1,-190],[-23,-42],[12,-185],[24,-88],[39,-172],[31,-161],[27,-157],[11,-98],[22,-324],[12,-104],[11,-162],[22,-153],[38,-126],[67,-181],[38,-113],[56,-94],[69,-75],[55,-50],[149,-93],[94,-63],[150,-89],[73,-47],[131,-48],[82,-33],[80,-51],[50,-42],[79,-88],[98,-128],[105,-148],[116,-142],[57,-59],[131,-124],[62,-68],[161,-190],[172,-179],[61,-56],[274,-244],[196,-188],[203,-176],[154,-136],[87,-87],[101,-90],[44,-52],[217,-213],[123,-107],[45,-48],[112,-132],[99,-149],[70,-95],[82,-126],[43,-74],[166,-265],[146,-267],[94,-152],[89,-112],[163,-279],[156,-262],[66,-146],[92,-140],[176,-280],[108,-142],[47,-80],[46,-66],[67,-144],[89,-146],[88,-159],[71,-116],[121,-268],[78,-130],[81,-154],[62,-139],[79,-133],[79,-151],[158,-244],[156,-269],[234,-410],[71,-101],[2,-10],[115,-292],[216,-374],[80,-274],[101,-283],[81,-326],[4,-227],[35,-132],[71,-238],[93,-162],[168,-228],[65,-133],[31,-163],[4,-151],[-43,-173],[-59,-201],[-8,-133],[-29,-146],[-48,-135],[-48,-200],[-41,-190],[1,-196],[33,-243],[72,-307],[38,-156],[-9,-314],[0,-254],[22,-388],[27,-93],[16,-92],[-111,-350],[-24,-80],[-51,-88],[-19,-54],[-68,-132],[-59,-95],[-70,-214],[-44,-161],[-43,-148],[-316,-654],[-102,-235]],[[96058,48141],[-7,1],[-136,-313],[-309,-615],[-173,-492],[-378,-861],[-184,-676],[-1025,212],[-2208,456],[25,-2228],[10,-1549],[8,-1308],[10,-1527],[-180,1],[-1581,36],[-1160,26],[-1411,31],[-1530,33],[-1428,31],[-1146,25],[-51,38],[-7,72],[26,306],[61,416],[18,339],[0,216],[-20,164],[-2,35],[-493,-179],[-1151,-401],[-126,-38],[-21,-13],[-54,-55],[-56,-40],[-96,-49],[-19,-15],[-87,-106],[-47,-68],[-282,-362],[-161,-204],[-69,-93],[-126,-160],[-78,-106],[-209,-266],[-180,-236],[-85,-117],[-70,-111],[-111,-221],[-23,-34],[-98,-59],[-127,-60],[-114,-25],[-52,0],[-149,30],[-343,174],[-580,306],[-140,71],[-42,-23],[-88,-14],[-134,-11],[-83,-16],[-165,-9],[-116,-2],[-126,6],[-112,16],[-327,58],[-455,71],[-339,63],[-448,73],[-224,43],[-362,65],[-589,110],[-125,1],[-136,20],[-114,-2],[-11,-18],[-40,-118],[-32,-20],[-108,-21],[-55,13],[-40,67],[-913,1],[-473,17],[-228,-8],[-55,12],[-115,-45],[-265,-198],[-179,-178],[-105,-82],[-69,-30],[-141,-103],[-168,-77],[-215,-38],[-135,-14],[-82,-1],[-267,-139],[-330,-98],[-316,-90],[-432,14],[-537,72],[-694,172],[-493,156],[-211,111],[-215,196],[-323,315],[-246,381],[-31,176],[-174,7],[-396,40],[-660,81],[-396,147],[-191,94],[-132,107],[-147,241],[-132,294],[-58,442],[0,375],[44,374],[147,603],[279,508],[293,214],[588,241],[301,168],[-123,17],[-164,54],[-137,57],[-168,55],[-109,9],[-161,-6],[-52,-7],[-4,135],[7,159],[-21,48],[-63,-16],[-49,13],[-192,-42],[-200,-25],[-312,-54],[-192,16],[-18,-5],[-259,-38],[-210,-27],[-77,-85],[-110,-87],[-230,-135],[-122,-48],[-249,-73],[-148,-34],[-414,-19],[-257,2],[-329,-2],[-188,-16],[-247,-1]],[[61192,43228],[-42,14],[-48,50],[-54,84],[-39,234],[-15,183],[-62,463],[-19,77],[-26,63],[-33,44],[-24,72],[-15,63],[-54,93],[-84,63],[-57,24],[-34,34],[-25,55],[-31,24],[22,9],[-20,38],[-71,275],[-17,92],[-14,130],[-16,70],[-42,77],[-39,52],[-63,66],[-77,66],[-32,93],[-5,165],[27,136],[109,248],[72,177],[99,202],[54,140],[100,202],[59,161],[58,215],[18,181],[23,198],[-5,231],[-14,198],[-41,206],[-36,156],[-59,306],[0,136],[-18,82],[-50,103],[-55,99],[-45,107],[0,87],[-18,156],[-28,429],[-9,178],[-32,144],[-63,132],[-87,140],[-86,123],[-159,182],[-104,123],[-96,122],[-50,74],[-11,86],[-19,78],[-55,180],[-38,155],[-42,201],[-31,207],[-16,184],[2,103],[9,88],[15,209],[25,157],[15,80],[59,239],[55,199],[77,213],[34,103],[81,178],[102,189],[52,93],[73,108],[139,185],[71,86],[143,167],[48,59],[68,119],[68,105],[42,72],[63,186],[89,292],[10,281],[-5,91],[-32,95],[-53,100],[-83,105],[-90,86],[-111,85],[-210,180],[-101,91],[-125,155],[-111,162],[-36,85],[-10,85],[7,90],[17,66],[60,81],[49,74],[67,63],[75,43],[90,14],[182,56],[70,60],[39,56],[22,46],[44,63],[56,43],[140,77],[59,37],[191,80],[121,22],[39,24],[284,-22],[80,1],[106,-18],[112,25],[99,51],[89,63],[36,31],[86,54],[53,59],[54,72],[25,51],[25,87],[0,28],[25,119],[-2,39],[-17,75],[-47,81],[-34,39],[-115,85],[-70,28],[-99,18],[-26,19],[-112,20],[-67,-1],[-111,-23],[-235,-71],[-104,-46],[-89,5],[-33,9],[-203,17],[-118,17],[-78,26],[-91,42],[-88,56],[-125,109],[-61,76],[-41,71],[-43,120],[-7,71],[-24,121],[6,59],[48,99],[45,48],[129,56],[77,16],[204,10],[57,5],[49,-8],[221,-1],[89,7],[136,-2],[142,-62],[112,-82],[67,-33],[139,-57],[44,-21],[102,-37],[293,-84],[244,-40],[88,-5],[110,16],[96,19],[177,11],[81,2],[10,99],[15,54],[19,108],[-3,114],[-19,54],[-17,17],[-76,39],[-44,6],[-242,9],[-143,1],[-202,13],[-126,-3],[-102,-12],[-93,-5],[-96,-12],[-146,-7],[-92,4],[-96,23],[-20,20],[0,29],[17,27],[71,81],[226,246],[241,232],[150,148],[115,119],[78,110],[68,102],[42,71],[90,213],[60,164],[53,171],[46,154],[58,209],[25,116],[24,226],[-3,121],[-10,77],[-14,37],[-41,56],[-76,58],[-138,66],[-114,33],[-343,52],[-334,43],[-140,10],[-118,2],[-179,-5],[56,119],[16,44],[90,162],[40,101],[31,134],[9,85],[20,290],[1,78],[51,166],[31,53],[10,40],[-12,14],[-48,10],[-106,-10],[-50,43],[-83,34],[-32,6],[-97,-18],[-41,-2],[-67,11],[-78,41],[-124,41],[-108,27],[-61,47],[-66,35],[-154,73],[-69,41],[-58,120],[-25,71],[-2,92],[8,44],[30,58],[32,47],[56,62],[88,119],[34,14],[51,5],[23,-16],[53,-77],[77,-139],[81,-116],[41,-162],[9,-96],[42,-49],[54,14],[90,63],[152,112],[98,91],[72,82],[87,62],[152,86],[132,46],[28,17],[51,50],[80,88],[8,24],[-44,51],[-77,59],[-51,48],[-169,105],[-129,75],[-118,50],[-108,67],[-193,44],[-153,21],[-126,22],[-139,-2],[-78,-5],[-202,-26],[-181,-36],[-63,-9],[-206,-18],[-94,-21],[-81,-32],[-98,-22],[-47,9],[-40,22],[-40,45],[-39,76],[-10,83],[5,39],[32,79],[31,39],[41,34],[100,61],[117,39],[139,66],[235,149],[218,130],[120,55],[240,116],[131,58],[90,33],[45,7],[29,-7],[107,-52],[98,-34],[110,-25],[174,-32],[96,-24],[24,53],[14,57],[-13,159],[1,65],[32,179],[11,29],[101,146],[17,51],[4,100],[9,78],[-6,32],[-99,65],[-99,15],[-62,0],[-108,-23],[-149,-45],[-95,-4],[-42,7],[-79,38],[-70,53],[-29,37],[-12,45],[-1,53],[13,56],[16,143],[-4,60],[-33,101],[4,71],[17,45],[20,15],[91,34],[184,22],[27,85],[40,50],[9,24],[68,48],[134,0],[44,-18],[103,-19],[95,-10],[107,7],[34,15],[95,12],[-17,75],[-37,82],[-95,98],[-71,60],[-99,49],[-71,30],[-112,37],[-120,19],[-83,28],[-62,43],[0,49],[41,173],[-2,67],[317,210],[179,112],[169,135],[55,25],[93,3],[17,-13],[21,-53],[23,-22],[120,50],[21,19],[7,284],[-11,94],[-48,134],[-41,78],[-78,79],[-41,28]],[[62243,70920],[14,48],[27,155],[0,66],[-11,38],[-50,88],[-24,76],[-45,-15],[-43,7],[-30,85],[24,26],[54,20],[54,-20],[24,-61],[94,2],[1,-43],[14,-29],[41,-50],[83,27],[48,-46],[-14,-54],[9,-22],[88,8],[8,-8],[-25,-65],[61,-16],[19,15],[100,3],[79,-16],[59,-2],[135,39],[42,38],[6,51],[21,4],[16,61],[52,-12],[50,-1],[40,12],[6,-41],[44,-13],[98,34],[12,26],[33,-9],[11,22],[24,-6],[48,10],[40,45],[43,12],[18,-20],[43,22],[-16,28],[-9,69],[46,32],[56,-21],[53,-9],[51,-20],[24,15],[30,40],[58,-10],[82,14],[37,20],[61,3],[30,-19],[62,9],[61,18],[42,-2],[93,-15],[61,31],[69,9],[104,24],[8,47],[0,89],[-6,36],[-27,34],[6,125],[18,75],[34,62],[31,22],[6,36],[-18,20],[-31,83],[49,26],[9,36],[40,47],[34,-8],[9,19],[1,98],[30,53],[-15,25],[-46,31],[12,33],[65,123],[27,30],[41,14],[141,285],[28,47],[31,75],[9,112],[15,108],[0,34],[16,72],[-9,101],[30,72],[37,3],[170,-39],[64,-11],[213,-12],[52,-8],[171,-8],[30,64],[12,64],[28,70],[18,67],[53,89],[-10,22],[-86,70],[-37,41],[-3,115],[9,89],[22,31],[22,53],[0,83],[-47,56],[-6,22],[25,286],[15,21],[31,3],[247,-65],[12,-39],[62,-11],[40,45],[31,81],[49,36],[86,150],[-24,39],[33,45],[41,81],[15,8],[105,-53],[98,-28],[10,28],[-44,28],[4,36],[67,142],[44,25],[37,0],[28,74],[26,43],[40,141],[25,43],[50,54],[19,54],[28,153],[31,16],[77,-9],[137,3],[111,-20],[178,-15],[293,-14],[85,-2],[54,6],[71,-10],[21,25],[16,92],[-11,86],[23,85],[25,116],[31,192],[-68,23],[-14,14],[7,28],[55,79],[47,113],[26,8],[37,87],[6,72],[26,17],[39,65],[6,31],[34,50],[16,50],[35,7],[171,-3],[14,21],[20,92],[-3,25],[-23,15],[-71,1],[-171,13],[3,43],[33,59],[92,40],[157,35],[62,4],[174,-24],[47,2],[31,20],[48,53],[28,81],[39,80],[0,40],[-30,45],[-7,45],[17,17],[65,27],[44,41],[58,-7],[20,57],[74,-18],[80,-8],[83,-42],[102,-11],[45,-43],[34,-8],[102,17],[7,-66],[41,-30],[116,-1],[54,-44],[24,-5],[37,22],[43,2],[80,-14],[64,-63],[45,-21],[57,20],[35,2],[22,-32],[34,4],[46,47],[71,46],[18,43],[14,82],[12,36],[45,52],[100,70],[72,5],[58,31],[27,43],[14,1],[48,-53],[118,-89],[27,-29],[43,-96],[91,-117],[-14,-30],[5,-63],[42,-72],[40,-46],[164,-109],[61,-25],[49,-28],[71,-116],[11,-25],[-7,-50],[-46,-100],[-34,-117],[-64,-113],[-24,-61],[-16,-92],[3,-290],[12,-128],[-14,-15],[2,-92],[28,-7],[-4,-177],[-19,-61],[-30,-45],[-34,-125],[-44,-204],[4,-144],[10,-77],[31,-87],[15,-59],[34,-66],[25,-135],[93,-256],[28,-2],[31,-89],[34,-24],[-12,46],[-6,116],[19,16],[31,-6],[10,31],[39,52],[70,123],[37,47],[117,57],[92,19],[108,-12],[68,-16],[68,-53],[1,-58],[-87,-181],[0,-48],[46,-25],[45,18],[82,51],[96,69],[74,49],[88,45],[68,41],[128,47],[70,6],[128,-2],[98,-10],[82,-17],[101,-42],[9,26],[66,32],[95,26],[72,4],[103,18],[331,86],[116,19],[56,16],[71,45],[76,96],[57,-28],[108,154],[66,107],[26,66],[18,80],[19,147],[0,62],[-14,116],[-31,100],[-3,88],[-161,152],[-62,37],[-67,99],[-26,30],[-20,64],[-76,112],[-71,83],[-60,62],[-20,86],[-4,98],[16,96],[-2,63],[-23,134],[8,38],[44,72],[84,23],[203,19],[104,25],[144,41],[67,22],[61,3],[139,-16],[61,-1],[139,-19],[103,1],[167,-11],[30,-33],[136,11],[113,27],[191,22],[44,14],[56,45],[34,4],[54,-14],[24,-16],[51,-67],[39,-20],[85,-23],[73,14],[64,40],[62,0],[3,-100],[17,-35],[172,30],[36,-10],[140,-98],[29,-9],[86,3],[89,-16],[51,-34],[54,-20],[86,-53],[55,-43],[25,-2],[40,57],[37,6],[115,-40],[75,6],[28,-9],[28,-40],[63,-30],[34,-1],[66,-29],[9,-62],[36,-49],[1,-22],[-28,-43],[-45,-39],[-48,-11],[-43,-20],[-22,-22],[-9,-38],[-75,-42],[-30,-86],[-77,-22],[-26,-49],[-60,-52],[-40,-70],[-3,-76],[6,-43],[26,-55],[40,-33],[19,-40],[-14,-114],[43,-75],[37,-19],[77,-7],[86,19],[166,63],[142,67],[179,60],[224,94],[298,54],[20,7],[110,-167],[89,-8],[186,15],[300,6],[113,22],[106,80],[259,131],[121,7],[16,116],[18,-2],[2,65],[15,88],[7,124],[146,142],[34,61],[333,75],[-157,160],[-147,343],[77,67],[89,31],[135,-121],[146,-41],[25,54],[-49,361],[42,356],[65,19],[115,-14],[13,-8],[160,-10],[572,-7]],[[106046,107088],[-33,-44],[10,-93],[-1,-64],[-49,-145],[-73,-158],[-48,-131],[7,-41],[56,-84],[-13,-15],[-101,-27],[-90,-55],[-71,-18],[-107,-16],[-14,19],[-17,86],[8,86],[-28,58],[-45,34],[17,49],[0,35],[30,61],[-31,29],[-87,-105],[-148,-209],[-156,-218],[-51,-77],[-44,-94],[-43,-105],[-33,-100],[-65,-160],[-48,-95],[125,-116],[10,-16],[133,-96],[27,-91],[45,-230],[19,-69],[2,-33],[-123,33],[-90,-2],[-111,8],[-140,-49],[-83,4],[-160,40],[-137,6],[-69,19],[-176,20],[-57,10],[-159,13],[-45,-32],[110,-53],[140,-74],[39,-67],[39,-85],[26,-36],[49,-95],[-12,-79],[-23,-125],[-20,-32],[-30,-23],[-105,-63],[-326,-140],[-30,-27],[-5,-28],[11,-186],[16,-335],[37,-60],[42,-26],[88,-22],[29,-14],[68,-96],[23,-151],[49,-152],[21,-48],[46,-78],[56,-78],[139,-182],[43,-121],[68,-136],[52,-117],[26,-36],[14,-37],[-19,-29],[-53,-39],[-72,-75],[-91,-115],[-86,-132],[-54,-71],[-79,-136],[-97,-155],[-23,-24],[-77,-55],[-40,-15],[-4,-36],[21,-39],[3,-48],[-11,-50],[-45,-120],[-26,-124],[-73,-62],[-47,-73],[-32,-69],[73,-96],[2,-48],[16,-53],[29,-11],[16,-31],[-8,-69],[11,-113],[-4,-52],[1,-236],[3,-68],[-8,-71],[-13,-32],[-90,-106],[-53,-84],[-7,-32],[5,-49],[24,-107],[-10,-27],[-52,-26],[-51,-73],[-41,-71],[-85,-214],[-12,-39],[-19,11],[-13,87],[-91,60],[-50,57],[-59,42],[-17,32],[-34,94],[-122,32],[-115,18],[-48,-9],[-100,28],[-66,5],[-83,-14],[-240,4],[-71,-53],[-59,-8],[-138,9],[-56,8],[-224,18],[-30,0],[-130,-75],[-68,-75],[-51,-50],[-47,-64],[-62,-138],[-24,-26],[-34,-142],[-9,-61],[-34,-74],[-20,-66],[-17,-31],[6,-76],[-9,-33],[-51,-104],[-34,-113],[-33,-78],[24,-27],[3,-66],[28,-89],[17,-16],[9,-41],[2,-72],[12,-122],[26,-98],[13,-133],[17,-61],[112,-1],[53,11],[123,14],[96,-10],[102,10],[169,10],[77,1],[89,12],[103,5],[209,-9],[102,10],[62,0],[49,46],[11,0],[95,-62],[83,-75],[68,-55],[127,22],[-29,-46],[-37,-81],[-23,-95],[-29,-156],[-12,-84],[-19,-82],[-13,-108],[-2,-83],[27,-127],[-15,-39],[-53,-43],[118,-38],[2,-38],[-87,7],[56,-80],[15,-39],[-62,2],[-53,-12],[-42,-36],[-15,-63],[-95,-22],[-73,-1],[-83,23],[-8,26],[22,96],[31,56],[18,53],[-103,32],[-43,8],[-109,46],[-63,70],[-25,7],[-5,-66],[15,-13],[-38,-14],[-25,4],[-124,57],[-23,6],[-77,-66],[-58,16],[-67,39],[-102,158],[-125,18],[-58,1],[-15,67],[8,32],[-102,99],[-38,17],[18,-121],[27,-89],[60,-156],[9,-67],[27,-50],[9,-35],[-6,-67],[3,-94],[-40,-119],[-31,-118],[-5,-56],[7,-84],[27,-107],[31,-78],[-71,-67],[18,-86],[-27,-15],[-13,-57],[-2,-46],[31,-120],[9,-85],[41,-6],[17,-49],[-13,-24],[65,-42],[-22,-64],[0,-33],[-42,-12],[19,-47],[69,-147],[29,3],[17,-51],[-12,-42],[2,-55],[-18,-80],[5,-28],[36,-36],[84,-42],[48,-13],[-7,41],[169,30],[86,-11],[31,-39],[-2,-30],[-41,-85],[-5,-24],[-40,-43],[16,-28],[83,-44],[186,-138],[22,-8],[54,-54],[28,2],[10,-119],[29,-62],[61,-64],[160,-219],[4,-19],[-8,-201],[-14,-275],[70,8],[62,-6],[38,53],[35,30],[31,12],[17,-29],[85,-112],[23,-8],[58,8],[62,20],[17,65],[71,56],[21,7],[-3,-160],[-144,-59],[-20,-17],[-12,-78],[-36,-99],[-37,-132],[-70,-130],[-66,-153],[-16,-46],[9,-79],[70,-63],[55,-77],[57,-56],[54,-61],[140,49],[97,18],[148,8],[116,-2],[-55,-160],[-71,-168],[-48,-128],[4,-20],[126,-55],[67,-16],[239,77],[114,67],[21,7],[-47,-172],[86,-72],[-7,-151],[229,18],[87,-7],[34,-9],[58,-1],[26,-104],[68,-161],[7,-39],[-2,-72],[-12,-88],[-18,-185],[10,-40],[-1,-81],[-18,-54],[7,-40],[71,-53],[-5,-109],[-58,-129],[60,-89],[18,-35],[50,-62],[21,-61],[21,-133],[32,-33],[69,-55],[94,-66],[120,-89],[94,-91],[15,-34],[-9,-17],[-58,-58],[-95,-72],[-37,-40],[229,-163],[137,-90],[27,-34],[9,-35],[26,-192],[17,-163],[-1,-32],[14,-153],[14,-104],[28,-296],[2,-101],[17,-92],[47,-17],[110,11],[99,-35],[44,6],[84,56],[39,-10],[4,-44],[25,-54],[-11,-93],[-281,-11],[-9,-19],[12,-99],[24,-98],[20,-36],[131,-23],[117,-27],[-3,-36],[-63,-222],[-27,-55],[212,-7],[95,15],[136,87],[150,85],[124,83],[65,27],[49,1],[83,-20],[-57,-211],[-12,-14],[-41,12],[-20,-10],[-58,-2],[-21,36],[-42,-11],[-38,-63],[-9,-43],[-13,-141],[17,-59],[3,-39],[-111,7],[-76,12],[-81,-29],[-184,-48],[-55,-161],[-54,-210],[-18,-122],[-56,-140],[-19,-35],[203,-148],[145,-3],[83,8],[162,4],[47,-25],[50,-79],[64,-133],[44,-131],[18,-84],[4,-59],[-17,-29],[-140,48],[-64,31],[-58,0],[-104,-124],[-113,-110],[34,-136],[34,-75],[157,-44],[105,-37],[124,-36],[63,-23],[12,-14],[-22,-48],[-72,-27],[-93,-66],[-39,-15],[37,-101],[9,-43],[70,-161],[140,-416],[111,-20],[176,-10],[-32,-167],[-57,-13],[-85,-33],[-79,-20],[8,-161],[152,-76],[1,-239],[-1,-154],[4,-233],[0,-588],[4,-223],[9,-143],[17,-552],[-4,-129],[-7,-81],[-13,-5],[-18,-87],[13,-45],[41,-35],[209,-117],[32,-26],[33,-95],[7,-80],[21,-141],[47,-208],[14,-80],[17,-58],[39,-44],[70,-32],[49,-46],[4,-41],[-20,-181],[0,-69],[15,-18],[31,11],[83,9],[44,-5],[12,-30],[0,-208],[-7,-11],[4,-84],[-13,-118],[2,-44],[16,-53],[45,-39],[94,-93],[31,-59],[88,-122],[40,-72],[52,-79],[126,-154],[21,-52],[45,-54],[76,-119],[112,-151],[192,-89],[67,-14],[155,-86],[84,-56],[41,-39],[47,-20],[49,-9],[73,-36],[79,-65],[58,-19],[50,8],[33,31],[1,37],[91,6],[69,22],[30,-7],[151,50],[38,21],[29,34],[66,23],[59,-3],[24,23],[-3,42],[-85,8],[-86,23],[12,30],[27,28],[20,56],[18,197],[75,29],[13,17],[-5,73],[5,41],[22,62],[-36,8],[-82,-18],[-175,24],[-92,134],[-3,67],[8,62],[28,115],[-2,41],[-45,2],[-51,-13],[-89,2],[61,361],[22,172],[-95,69],[-98,63],[-6,78],[10,198],[8,62],[-37,107],[-37,64],[-73,114],[-17,46],[-59,199],[-38,172],[-21,71],[-61,31],[-77,68],[-13,154],[0,159],[11,159],[7,52],[-2,85],[-49,-6],[-50,5],[31,216],[0,70],[-99,3],[9,28],[24,138],[16,54],[117,7],[37,171],[11,74],[28,144],[1,104],[-13,21],[-97,-1],[-111,10],[153,118],[79,78],[103,125],[23,42],[-6,17],[-59,72],[-65,88],[-23,60],[51,11],[104,5],[154,16],[95,16],[13,9],[-6,65],[20,41],[-17,82],[-45,35],[-5,29],[-45,116],[-27,26],[-33,1],[-13,30],[-36,33],[-32,59],[9,27],[272,12],[71,11],[161,9],[-63,93],[-103,121],[-51,43],[-101,8],[-4,122],[5,157],[82,23],[15,-25],[75,-171],[27,-38],[62,-59],[142,-21],[27,92],[-6,81],[-16,65],[4,77],[-8,75],[-24,98],[-1,123],[-24,236],[3,59],[40,-3],[4,-17],[30,-11],[31,15],[9,-30],[32,-5],[25,-52],[18,-10],[17,47],[30,-4],[-8,-37],[12,-26],[-3,-37],[26,-9],[20,-40],[-8,-51],[24,8],[1,-51],[27,2],[4,-35],[30,-14],[-6,-26],[-32,-32],[17,-33],[-44,-22],[-52,-16],[4,-17],[37,-29],[-2,-25],[-21,-2],[14,-30],[-3,-38],[-33,-32],[-13,-43],[20,-9],[11,-33],[41,-55],[29,-11],[-2,-25],[-31,-16],[28,-10],[5,-45],[27,69],[60,127],[115,-66],[5,-52],[92,65],[117,73],[260,-25],[103,-12],[125,-20],[68,-25],[177,13],[11,-99],[-46,-32],[-50,-72],[-75,-85],[-52,-36],[-50,-7],[32,-123],[10,-6],[17,-61],[93,15],[129,37],[19,-3],[82,24],[118,-173],[31,-20],[250,-384],[-444,-112],[-105,-29],[7,-22],[-38,-47],[-16,8],[-41,-34],[1,-41],[35,3],[75,-34],[14,-15],[125,-53],[-6,-45],[10,-34],[547,225],[291,-350],[-64,-339],[-138,-23],[-236,-42],[196,-112],[258,-144],[114,122],[18,0],[102,-102],[131,36],[223,65],[33,-87],[-104,-128],[117,-25],[92,-25],[-25,-117],[-75,6],[-107,-3],[-122,-8],[-180,-70],[25,-176],[187,-10],[-61,-164],[-48,-141],[-36,-17],[-89,-118],[106,-171],[416,65],[6,-41],[-145,-73],[-247,-114],[33,-16],[54,-46],[60,-85],[73,17],[66,-56],[36,-20],[61,-14],[89,8],[-2,79],[64,14],[112,49],[-12,-197],[-54,-34],[-156,-132],[-50,-29],[-96,-64],[6,-96],[157,-19],[159,-27],[128,-10],[-105,-85],[25,-162],[125,4],[37,-104],[-252,-46],[-16,-178],[-18,-93],[187,-5],[116,3],[59,-7],[-51,-123],[-55,-184],[127,-36],[98,-19],[75,-26],[48,-5],[9,-43],[0,-125],[-158,-100],[110,-209],[13,-37],[79,-139],[9,-38],[79,-133],[25,-52],[-7,-10],[-158,-54],[-130,-53],[-32,-146],[73,-5],[63,14],[103,-13],[88,2],[41,-26],[-95,-167],[0,-44],[-41,-77],[-31,-93],[-14,-79],[-14,-40],[145,-4],[187,0],[230,11],[67,-8],[-111,-198],[-57,-85],[-101,-179],[-45,-66],[-64,-64],[116,-13],[124,8],[63,-5],[3,-11],[-23,-108],[-41,-153],[-99,-318],[-14,-14],[1,-42],[59,-76],[78,-52],[53,-2],[90,34],[92,28],[54,4],[43,-25],[1,-144],[-21,-171],[-6,-116],[4,-109],[31,-13],[148,-81],[118,-45],[81,-42],[130,-58],[60,-35],[57,-69],[44,-27],[40,15],[57,42],[93,79],[60,43],[70,61],[86,82],[29,11],[31,-15],[15,-26],[15,-61],[16,-29],[40,12],[70,52],[58,31],[37,-10],[20,-19],[25,-61],[33,-40],[108,5],[27,-6],[3,-86],[-19,-64],[4,-36],[38,-31],[86,-24],[38,-21],[27,-28],[63,-97],[-1,-53],[-25,-15],[-61,12],[-49,40],[-76,72],[-39,3],[-28,-13],[-42,-38],[-64,-77],[-29,-54],[8,-47],[25,-6],[35,16],[83,60],[77,24],[50,-11],[13,-24],[-11,-52],[-55,-57],[-4,-45],[25,-6],[84,31],[33,20],[43,11],[45,-15],[49,-54],[1,-51],[-28,-22],[-83,-1],[6,-23],[47,-36],[45,-60],[35,-27],[97,-48],[47,-18],[32,3],[52,46],[10,23],[-5,35],[-39,89],[-5,60],[30,63],[55,68],[11,34],[-3,43],[-41,97],[-10,41],[10,22],[36,26],[30,-4],[117,-55],[61,-11],[44,8],[69,39],[37,41],[26,86],[86,130],[22,136],[22,32],[81,34],[42,26],[8,23],[-2,94],[-8,73],[5,29],[45,29],[21,2],[50,-26],[41,-37],[18,-30],[31,-177],[17,-31],[26,17],[4,30],[27,22],[75,19],[27,16],[-6,36],[33,25],[64,1],[24,-7],[37,-30],[35,8],[59,-9],[59,15],[95,-50],[31,-9],[51,1],[76,17],[27,19],[-1,33],[-18,67],[35,34],[25,9],[46,-24],[15,-36],[-13,-78],[40,1],[30,-33],[-6,-41],[26,-4],[42,70],[40,9],[44,-23],[26,1],[55,104],[66,34],[54,38],[33,36],[46,69],[43,15],[74,-1],[31,29],[21,3],[70,-35],[68,-1],[36,-16],[52,-58],[8,-29],[31,-42],[48,-5],[93,22],[59,-3],[11,21],[-57,41],[3,27],[30,38],[62,60],[26,7],[31,-19],[1,-71],[32,-12],[60,65],[55,29],[0,53],[49,61],[23,73],[31,49],[63,49],[42,17],[90,22],[132,78],[108,56],[61,20],[72,31],[39,54],[14,103],[29,41],[80,53],[143,144],[29,72],[19,29],[58,59],[22,13],[85,27],[56,8],[34,51],[-4,54],[14,47],[33,25],[68,23],[62,40],[39,36],[80,-29],[25,8],[3,23],[-92,102],[-19,31],[-2,60],[65,36],[63,-2],[52,-27],[39,-43],[17,-63],[-54,-128],[-1,-41],[13,-70],[22,-56],[27,-8],[36,19],[75,21],[38,33],[-5,55],[-29,81],[-8,41],[7,37],[31,6],[60,-64],[15,3],[12,51],[43,54],[-30,76],[-6,46],[-20,42],[-8,46],[10,49],[-10,41],[-36,64],[-35,79],[-30,28],[-40,59],[0,34],[67,34],[-4,30],[-77,117],[-61,47],[-63,67],[2,40],[93,95],[46,28],[64,15],[111,7],[47,-7],[41,-16],[21,-20],[10,-56],[24,-19],[44,-5],[-18,53],[18,35],[47,21],[12,-59],[30,-12],[57,11],[50,-8],[26,-20],[13,-34],[1,-42],[-42,-25],[-16,-34],[8,-37],[24,-7],[43,20],[35,46],[55,16],[129,-30],[60,-24],[31,11],[-24,66],[15,33],[72,-10],[108,-2],[8,19],[-16,47],[15,40],[27,40],[-9,43],[11,18],[42,12],[61,-26],[28,2],[14,26],[-32,40],[1,17],[39,26],[-9,54],[-20,25],[-48,15],[-5,36],[67,44],[36,47],[23,0],[22,-37],[13,-57],[41,44],[80,55],[-4,17],[-45,46],[10,27],[42,32],[73,32],[42,25],[58,63],[41,24],[36,-27],[24,10],[15,29],[39,37],[2,21],[-86,36],[-64,55],[-155,44],[-97,0],[-34,-41],[-119,24],[-32,15],[-31,-35],[-58,-11],[-18,30],[46,26],[-4,29],[43,46],[48,28],[17,32],[-6,37],[9,50],[-14,68],[-24,49],[0,25],[22,35],[-19,51],[2,60],[-34,85],[-25,17],[-56,3],[-33,26],[-36,50],[-7,24],[16,33],[-4,70],[36,55],[-6,51],[14,40],[-1,49],[48,32],[1,31],[-15,20],[-48,0],[-50,19],[-12,-28],[-22,-7],[-50,29],[-3,40],[16,27],[-4,60],[18,62],[46,73],[29,64],[66,3],[13,15],[-34,77],[-36,39],[-24,44],[0,37],[-16,55],[-108,106],[-16,28],[2,45],[29,52],[22,69],[46,32],[8,24],[-16,21],[-80,43],[-36,27],[-11,52],[21,50],[0,54],[13,28],[-21,30],[-33,1],[-18,17],[-21,68],[42,34],[33,38],[-5,15],[-97,64],[-35,18],[-31,34],[-61,28],[-50,5],[-40,50],[-37,31],[10,28],[71,45],[21,38],[13,57],[3,53],[-33,51],[-64,20],[-16,25],[7,35],[-68,19],[-25,34],[-36,21],[-58,84],[-29,53],[-15,83],[29,24],[68,5],[14,13],[-12,34],[-11,78],[-30,43],[-71,47],[-4,38],[22,23],[86,43],[-4,44],[-41,47],[9,83],[10,20],[-19,51],[-60,47],[-31,61],[-49,27],[-39,65],[-8,65],[4,22],[-10,64],[17,70],[-21,48],[-31,42],[-39,4],[-7,-15],[23,-34],[-49,-42],[-23,-8],[-49,53],[-58,44],[-2,48],[49,50],[11,34],[36,60],[20,117],[-25,79],[-16,-4],[-21,-34],[-59,16],[-25,29],[4,33],[31,54],[6,27],[28,29],[-4,21],[-29,25],[-7,57],[20,91],[4,52],[-26,22],[-46,14],[-56,-9],[-44,11],[-57,70],[-74,25],[-72,46],[-13,23],[-22,93],[-48,78],[-42,51],[-32,111],[7,104],[61,72],[112,104],[31,72],[1,73],[-6,35],[-26,52],[-37,36],[-70,27],[-72,8],[-70,-1],[-166,-16],[-138,9],[-86,26],[-42,38],[-14,53],[24,63],[52,60],[47,40],[133,87],[59,47],[76,49],[138,69],[142,93],[130,100],[290,193],[160,118],[154,75],[30,46],[-12,55],[-57,168],[-21,45],[-19,71],[5,54],[32,33],[116,61],[105,67],[140,135],[27,61],[-8,97],[-53,187],[-23,158],[-23,48],[-45,119],[-22,74],[-17,126],[-35,71],[-14,60],[6,40],[-25,69],[21,29],[92,3],[135,-19],[70,-24],[47,-32],[51,-50],[57,-77],[69,-69],[95,-77],[50,-31],[51,-19],[24,6],[37,56],[10,69],[5,202],[13,45],[27,41],[38,37],[66,35],[70,22],[58,5],[73,-30],[35,-58],[11,-62],[1,-79],[-8,-124],[3,-68],[33,-172],[21,-191],[-4,-57],[-17,-59],[-13,-94],[-28,-112],[-35,-58],[-98,-94],[-48,-67],[20,-31],[112,18],[71,5],[82,-4],[88,2],[79,10],[74,24],[35,33],[34,63],[27,84],[44,215],[9,69],[-8,85],[-1,216],[8,110],[16,73],[34,74],[51,70],[29,60],[88,90],[79,63],[102,52],[75,25],[133,54],[94,59],[141,130],[109,54],[76,48],[105,72],[186,144],[130,129],[69,81],[62,59],[66,47],[88,49],[131,82],[118,58],[127,71],[114,78],[165,150],[75,106],[41,31],[55,30],[35,9],[186,2],[78,-20],[100,-49],[102,-37],[93,-4],[57,46],[34,44],[61,65],[74,100],[42,64],[28,66],[44,84],[27,24],[62,-5],[173,-73],[83,-7],[52,9],[37,21],[45,43],[39,79],[5,32],[-8,274],[-13,81],[-7,175],[-22,204],[-14,69],[-29,101],[211,108],[14,67],[-37,108],[-43,103],[-23,34],[-75,28],[-26,25],[5,46],[-6,42],[-47,8],[-22,30],[11,44],[-6,20],[-86,-4],[-60,49],[-39,59],[-13,73],[-8,82],[17,76],[31,30],[40,13],[48,56],[96,12],[37,19],[11,49],[-23,66],[-79,117],[-46,95],[3,101],[-19,37],[-72,98],[8,42],[24,43],[-46,160],[13,37],[41,35],[29,47],[-11,33],[-67,77],[-4,53],[32,75],[0,49],[-42,52],[-37,71],[13,60],[-5,129],[-25,80],[-41,111],[-7,63],[4,64],[-6,41],[-28,69],[-10,45],[-13,109],[7,56],[29,85],[-9,44],[12,67],[-46,80],[3,56],[-19,64],[1,41],[-24,32],[-26,1],[-19,37],[7,40],[-34,19],[-23,55],[-61,27],[12,80],[-21,79],[-21,34],[-40,29],[-24,66],[-48,83],[50,67],[51,36],[61,3],[12,14],[-26,67],[2,50],[-11,58],[30,57],[-40,70],[-26,98],[-29,58],[-34,6],[-26,24],[-17,38],[-3,42],[-16,43],[-25,35],[26,39],[18,53],[17,143],[-4,91],[-9,25],[-50,80],[-11,30],[4,46],[-13,70],[-39,75],[-55,86],[-55,72],[-3,32],[50,29],[29,30],[71,38],[70,-1],[-12,47],[3,30],[36,18],[9,62],[21,10],[74,2],[31,-17],[47,9],[57,42],[50,-6],[80,-41],[83,21],[35,-8],[20,23],[-46,108],[-74,-9],[-56,8],[-39,40],[-3,64],[18,45],[-4,59],[-50,71],[7,81],[-38,113],[-11,19],[15,27],[70,58],[49,52],[45,22],[9,25],[-24,31],[-69,10],[-11,16],[-6,128],[28,19],[64,-13],[17,13],[19,53],[-14,63],[45,40],[26,83],[32,23],[55,5],[123,-22],[102,0],[18,-11],[-11,-68],[11,-57],[55,7],[74,35],[89,27],[65,40],[35,15],[53,2],[4,-62],[28,-96],[27,-67],[2,-50],[19,-32],[74,-8],[26,-27],[11,-63],[-16,-102],[8,-60],[35,-74],[70,-82],[7,-61],[34,-74],[20,-103],[2,-47],[11,-29],[78,-105],[26,-43],[35,-107],[20,-30],[0,-32],[-17,-24],[6,-37],[27,-29],[13,-70],[35,-59],[16,-44],[0,-87],[51,-86],[43,-104],[22,-75],[46,-24],[85,22],[52,-34],[6,-61],[19,-50],[39,-74],[49,-23],[114,-3],[21,-35],[27,-85],[25,-3],[57,74],[54,40],[24,3],[19,-41],[29,25],[32,10],[77,-15],[1,-25],[-76,-75],[6,-39],[35,-16],[49,6],[62,25],[20,-9],[63,10],[30,-29],[12,-39],[43,-33],[19,-37],[38,-20],[53,-15],[24,-29],[81,-11],[22,-63],[30,-42],[35,-12],[104,8],[56,-31],[56,1],[79,36],[65,13],[95,-6],[87,-25],[68,-35],[52,-40],[51,-5],[66,12],[75,45],[46,1],[67,-35],[54,11],[55,27],[64,19],[49,-4],[32,21],[-28,58],[-13,52],[-2,78],[46,87],[19,64],[4,60],[-9,44],[-20,46],[-83,105],[11,41],[101,109],[41,72],[2,92],[19,69],[24,25],[58,-9],[56,8],[70,-52],[70,-59],[63,21],[60,-23],[47,-8],[67,-20],[35,39],[42,19],[65,54],[18,27],[-3,58],[29,45],[-29,47],[37,58],[83,74],[53,20],[103,5],[44,82],[2,42],[33,17],[29,-14],[20,-73],[25,-7],[52,12],[82,51],[18,64],[50,16],[-23,39],[21,37],[-20,47],[2,21],[35,20],[17,119],[40,61],[43,27],[64,26],[36,24],[34,45],[18,42],[43,64],[44,47],[59,83],[45,48],[70,60],[29,36],[46,85],[51,54],[17,134],[29,55],[37,24],[155,62],[35,-36],[41,-17],[84,19],[30,19],[47,54],[49,39],[39,15],[67,12],[44,-24],[69,9],[84,-4],[95,-33],[23,-38],[-3,-85],[-49,-70],[1,-48],[22,-65],[10,-50],[-8,-33],[-41,-36],[-21,-48],[54,-51],[30,-50],[9,-44],[41,-12],[56,3],[27,-17],[22,-33],[3,-45],[-17,-36],[-9,-64],[7,-112],[85,-10],[48,-21],[30,2],[34,19],[77,62],[31,17],[34,-6],[55,-28],[59,-55],[70,-26],[79,0],[75,23],[49,-1],[67,-28],[66,-84],[11,-52],[72,-27],[58,-94],[36,-95],[61,-58],[22,-40],[-18,-92],[16,-35],[41,-35],[29,-42],[5,-56],[-116,-160],[-21,-34],[-25,-16],[-35,1],[-25,-22],[-28,-80],[-1,-47],[12,-57],[34,-114],[-16,-61],[1,-85],[22,-31],[70,-36],[53,-52],[8,-165],[28,-29],[42,-3],[67,16],[42,-19],[60,-7],[71,9],[42,12],[34,41],[58,18],[20,33],[15,59],[20,48],[36,47],[32,82],[50,88],[50,23],[7,15],[-9,75],[-51,142],[-2,51],[11,33],[48,76],[39,47],[6,25],[-52,39],[-8,35],[19,47],[34,37],[37,24],[23,64],[40,65],[103,36],[61,42],[28,56],[3,34],[-12,75],[-39,43],[-12,101],[-55,160],[-61,63],[-16,37],[14,47],[45,57],[36,113],[25,25],[73,37],[73,25],[59,33],[84,38],[100,31],[115,12],[206,-26],[104,18],[17,-77],[21,-21],[58,1],[121,-29],[69,-36],[49,-49],[24,-42],[16,-90],[38,-129],[19,-32],[24,-11],[76,11],[58,0],[29,-31],[19,-61],[6,-53],[41,-57],[41,-9],[26,-42],[2,-94],[17,-54],[34,-136],[-1,-37],[-14,-76],[22,-78],[-10,-124],[-40,-54],[2,-86],[-25,-109],[-42,-85],[-62,-114],[-61,-99],[-26,-28],[-67,-51],[-18,-22],[-9,-38],[-61,-120],[-45,-78],[-37,-37],[-16,-29],[-36,-143],[-14,-92],[12,-30],[94,5],[34,-41],[69,-31],[41,-38],[2,-37],[-33,-15],[-32,3],[-13,-18],[12,-22],[-17,-43],[-36,-41],[-18,-41],[5,-46],[25,-57],[12,-102],[19,-23],[45,-6],[17,20],[-1,38],[-28,145],[41,6],[23,-27],[54,8],[59,-33],[105,-19],[53,-18],[63,-41],[106,-91],[32,-37],[0,-33],[-37,-18],[-60,-5],[-36,-12],[-87,4],[-52,-48],[-30,-66],[6,-82],[-22,-104],[0,-51],[22,-84],[-22,-96],[-13,-89],[3,-95],[-18,-70],[20,-34],[26,21],[25,61],[27,4],[43,-66],[21,-22],[61,-21],[54,-193],[43,-33],[28,16],[10,24],[11,91],[18,38],[34,27],[54,-9],[25,-48],[4,-85],[81,-163],[57,-62],[14,-24],[9,-63],[25,-47],[-8,-30],[-47,-56],[-6,-45],[6,-41],[33,-67],[21,-17],[12,15],[-6,31],[37,6],[10,-54],[-14,-36],[-1,-71],[-53,5],[-12,-20],[13,-71],[52,-68],[109,-111],[19,-25],[13,-90],[-17,-11],[-62,19],[-46,-111],[9,-28],[40,-59],[-8,-90],[4,-49],[-13,-31],[-58,-67],[-34,-128],[11,-81],[48,-15],[109,30],[25,-4],[15,-25],[14,-59],[27,-51],[64,-44],[15,-45],[-25,-65],[-78,-87],[-14,-41],[15,-56],[-22,-48],[6,-22],[94,47],[42,-9],[13,-55],[-25,-42],[-44,-27],[16,-40],[62,-5],[16,-41],[8,-67],[-25,-49],[7,-71],[-15,-75],[44,-62],[-7,-84],[34,-95],[-6,-21],[-46,-24],[-24,-26],[11,-23],[30,-14],[79,-18],[30,-34],[-12,-21],[-79,-23],[-63,-46],[-16,-37],[9,-18],[68,-35],[77,-65],[23,-34],[-32,-39],[121,-42],[23,-15],[10,-28],[-87,23],[-11,-24],[23,-76],[-1,-54],[-30,-17],[-80,-2],[-19,-13],[-6,-46],[-36,-28],[-16,-29],[31,-29],[74,5],[40,-6],[96,-43],[88,-12],[24,-40],[3,-125],[-31,-37],[-106,-17],[-14,-19],[23,-53],[39,-29],[61,-63],[35,-11],[50,33],[19,-30],[-7,-54],[-26,-28],[-87,-57],[-37,-33],[-5,-46],[23,-48],[50,-71],[10,-24],[17,-144],[17,-53],[4,-49],[-18,-94],[-9,-110],[12,-29],[44,-12],[18,11],[37,107],[22,5],[47,-10],[111,83],[43,11],[48,-23],[65,-13],[32,-46],[16,-105],[6,-173],[19,-100],[25,-213],[9,-21],[39,-31],[54,-2],[78,24],[61,-3],[20,-17],[26,-68],[4,-97],[-7,-31],[-56,-62],[-48,69],[-37,-16],[23,-91],[20,-57],[33,-135],[30,-185],[8,-23],[30,3],[30,43],[33,14],[13,-11],[9,-50],[-40,-48],[-2,-58],[-11,-29],[-76,-65],[-10,-16],[14,-47],[20,-17],[115,-4],[121,24],[48,-5],[21,-19],[-10,-50],[-43,-37],[-85,-50],[-94,-23],[-20,-19],[-1,-33],[35,-86],[18,-29],[79,-53],[79,-31],[54,16],[49,54],[73,104],[40,2],[11,-35],[-2,-65],[-12,-71],[38,-23],[97,-18],[72,-20],[65,-31],[25,-50],[1,-79],[-79,-102],[14,-32],[66,10],[23,-10],[30,-87],[10,-56],[-15,-42],[-72,-50],[-61,-85],[-18,-58],[-15,-96],[1,-59],[9,-82],[-14,-50],[-46,-63],[-86,-97],[-36,-48],[-42,-41],[-102,-65],[-8,-40],[49,-95],[23,-30],[43,-19],[25,22],[-14,74],[-3,57],[34,2],[83,-126],[36,-13],[108,42],[14,-10],[22,-48],[-3,-63],[-25,-53],[-1,-37],[31,-57],[83,-60],[78,-41],[81,-69],[27,-37],[1,-48],[-87,-74],[-4,-32],[35,-67],[-46,-59],[1,-18],[34,-68],[-3,-22],[-54,-63],[1,-28],[-29,-122],[7,-34],[31,-24],[83,-39],[66,-54],[12,-30],[-1,-80],[9,-45],[51,-127],[18,-59],[63,-164],[-8,-28],[-57,9],[-72,41],[-40,2],[-17,-36],[37,-142],[42,-48],[127,-64],[28,-61],[-51,-88],[-21,-52],[8,-42],[79,-121],[37,-44],[45,-70],[36,-31],[73,-26],[-7,-93],[-15,-18],[-43,-6],[-181,-3],[-142,-7],[-133,-10],[-123,5],[-216,-4],[-100,2],[-120,-6],[-100,0],[-126,-4],[-57,-9],[-262,-1],[27,-54],[3,-62],[-21,-26],[7,-26],[40,-36],[24,-39],[22,-73],[-5,-30],[42,-69],[-1,-111],[15,-101],[4,-73],[-14,-31],[-9,-61],[3,-84],[-38,-60],[19,-90],[-33,-49],[9,-89],[-1,-94],[-10,-127],[9,-126],[18,-87],[110,8],[37,-11],[51,-50],[15,-36],[-4,-33],[-59,-14],[-83,11],[-10,-33],[34,-29],[36,-66],[13,-43],[5,-58],[-8,-67],[10,-49],[45,-58],[28,-166],[74,-138],[41,-60],[-60,-21],[-27,-87],[-33,-15],[7,-44],[-36,-44],[15,-25],[28,-17],[-51,-20],[-9,-33],[69,-58],[-46,-45],[4,-55],[-40,-29],[-20,-29],[2,-41],[-30,-91],[-1,-30],[92,-69],[32,-34],[41,-21],[69,-77],[79,-26],[23,-15],[-17,-54],[-23,-45],[-5,-38],[-30,-30],[-37,-20],[-13,-57],[-21,-20],[-26,-65],[-46,-85],[-1,-42],[-85,-156],[10,-25],[47,-22],[-23,-31],[47,-33],[42,-87],[8,-41],[32,-38],[124,-41],[66,15],[4,-78],[56,-96],[14,-82],[38,-22],[4,-39],[24,-2],[28,-22],[58,9],[42,28],[63,-30],[78,-144],[-4,-49],[23,-47],[46,-34],[23,-29],[18,-49],[-2,-63],[-25,-20],[-8,-47],[73,-91],[39,-30],[34,-111],[-15,-40],[41,-66],[32,-20],[24,-39],[-7,-84],[3,-61],[49,-28],[11,-27],[-50,-35],[16,-42],[-81,-25],[3,-51],[-31,-64],[-17,-142],[-44,-44],[-47,-11],[-58,-27],[-8,-40],[4,-49],[-8,-72],[14,-29],[20,-78],[24,-29],[-12,-65],[-19,-22],[-12,-42],[17,-65],[-12,-43],[-56,-91],[-43,-136],[-15,-68],[98,-52],[39,-5],[-18,-46],[16,-81],[-11,-48],[-45,-118],[15,-10],[3,-77],[17,-58],[21,-34],[48,-45],[5,-21],[-53,-75],[-43,-30],[-9,-37],[11,-58],[58,-45],[7,-64],[-9,-44],[-22,-21],[-107,-18],[-21,-14],[-8,-31],[71,-69],[-15,-45],[-28,-26],[-67,28],[-25,-14],[-46,-63],[-49,-46],[-9,-34],[-1,-98],[9,-77],[12,-36],[7,-180],[35,-67],[11,-53],[4,-60],[-6,-103],[37,-50],[-11,-14],[-65,-4],[-24,-29],[-45,-94],[1,-46],[29,-77],[49,-48],[-11,-27],[-99,-14],[0,-36],[53,-44],[32,-13],[26,-28],[0,-55],[24,-42],[41,3],[223,-9],[195,34],[165,23],[52,-16],[22,-27],[81,-71],[14,-36],[-32,-97],[-32,-79],[-37,-75],[-20,-81],[38,-49],[61,-42],[53,-16],[35,-1],[12,64],[1,75],[18,23],[71,21],[36,-3],[40,-19],[128,-76],[56,2],[67,45],[45,51],[51,41],[33,10],[24,-12],[2,-39],[-21,-115],[0,-51],[8,-96],[21,-91],[19,-54],[31,-50],[52,-63],[52,-82],[23,-49],[27,-36],[69,-55],[94,-93],[10,-36],[-5,-103],[13,-27],[27,-15],[47,25],[29,26],[160,186],[35,33],[46,72],[44,35],[53,-44],[32,-75],[20,-74],[12,-99],[-3,-137],[-29,-163],[3,-28],[58,-71],[130,-59],[85,-25],[82,-37],[19,-19],[-46,-33],[-56,-25],[-56,-101],[70,-182],[137,23],[23,-9],[-21,-29],[-1,-47],[106,-60],[4,-44],[-14,-22],[-76,-23],[-92,-16],[-22,-41],[18,-26],[76,-2],[-13,-64],[22,-52],[-28,-60],[63,-43],[45,-17],[24,-27],[-4,-16],[-102,-19],[-64,5],[-140,67],[-40,-18],[28,-35],[67,-47],[47,-93],[45,-67],[87,-112],[-80,-96],[-86,-39],[-47,-28],[-4,-25],[80,-42],[23,-55],[-94,-88],[118,-46],[-9,-85],[54,-156],[29,-115],[30,-7],[14,20],[-6,75],[59,8],[18,-41],[31,-45],[-36,-76],[-15,-78],[29,-45],[142,-86],[14,-110],[-15,-132],[-25,-110],[3,-101],[27,-56],[54,9],[29,-16],[8,-33],[-15,-82],[26,-79],[24,-36],[34,-101],[-55,-88],[20,-100],[18,-70],[-10,-79],[47,-12],[23,-44],[-6,-72],[21,-62],[52,-35],[-2,-38],[-27,-51],[3,-44],[43,-70],[114,-85],[64,-32],[93,-31],[154,-61],[118,-24],[36,-12],[54,-44],[50,-21],[50,1],[93,55],[35,0],[32,-39],[22,-70],[5,-70],[31,-42],[84,35],[38,-19],[-8,-21],[-74,-54],[-20,-35],[18,-23],[47,-20],[52,-53],[31,-71],[39,-18],[39,-38],[26,-139],[3,-48],[-13,-40],[-62,-95],[-41,-53],[-8,-31],[7,-35],[53,-42],[36,-99],[-3,-61],[24,-109],[50,-160],[-5,-67],[4,-66],[14,-39],[67,-119],[2,-62],[41,-78],[8,-71],[-10,-75],[13,-28],[27,-14],[56,-8],[17,-19],[-14,-36],[13,-170],[16,-36],[59,17],[16,-13],[-20,-50],[-47,-81],[1,-22],[59,-28],[-28,-25],[-82,22],[-40,-21],[-13,-75],[10,-50],[38,-26],[41,6],[27,-80],[-12,-29],[-69,13],[-13,-19],[2,-88],[18,-70],[6,-167],[57,-35],[-4,-45],[39,-59],[-56,-38],[1,-18],[29,-15],[133,8],[37,-8],[0,-148],[-12,-25],[-52,-46],[-38,-55],[-48,-105],[7,-9],[67,-11],[-22,-57],[-17,-73],[7,-33],[106,-102],[99,-10],[5,-18],[-23,-43],[5,-41],[-36,-4],[-74,34],[-38,4],[-11,-25],[20,-48],[-10,-85],[43,-59],[99,-81],[26,-45],[22,-65],[30,-60],[7,-31],[-21,-38],[-56,-29],[0,-26],[27,-38],[49,-8],[40,10],[20,-15],[-18,-28],[-59,-21],[-28,0],[-82,29],[-21,-33],[6,-50],[45,-23],[69,14],[30,-4],[-3,-44],[12,-49],[-5,-63],[-30,-60],[47,-58],[5,-34],[-22,-36],[-49,-34],[-95,-46],[-74,29],[-68,14],[-34,0],[-9,-23],[18,-65],[17,-84],[-4,-57],[-32,-39],[-61,-51],[-18,-40],[-32,-26],[-54,-18],[1,-37],[30,-25],[37,-10],[109,-43],[32,-26],[97,-115],[24,-41],[8,-38],[-31,-90],[-2,-54],[16,-25],[60,-29],[74,35],[40,4],[17,-52],[-11,-53],[67,-34],[5,-20],[-14,-36],[5,-65],[-31,-64],[13,-13],[45,11],[30,-21],[-19,-57],[17,-83],[-60,-13],[11,-23],[31,-23],[9,-26],[-20,-26],[9,-27],[81,1],[9,-32],[-48,-1],[-13,-70],[16,-17],[56,-4],[37,-63],[23,-57],[-7,-18],[-44,-30],[-21,-55],[18,-40],[25,4],[32,36],[39,27],[29,1],[57,-14],[29,-19],[17,-37],[-16,-27],[-127,-65],[43,-16],[79,28],[29,-29],[-14,-70],[-31,-10],[-49,21],[-2,-55],[-34,-70],[12,-17],[51,-1],[15,-30],[-41,-24],[-50,3],[-18,-19],[-82,-54],[-32,-43],[39,-30],[53,-13],[14,-35],[-60,-28],[-20,-20],[15,-102],[32,-87],[11,-46],[-6,-64],[6,-35],[-31,-139],[-5,-51],[54,-22],[21,-26],[-47,-129],[2,-77],[24,-73],[6,-83],[36,-61],[80,-88],[21,-43],[-49,-43],[-7,-32],[61,-75],[32,-91],[3,-45],[-20,-85],[-19,-49],[0,-39],[16,-81],[3,-48],[-22,-65],[13,-18],[47,-27],[74,-149],[6,-105],[-22,-22],[-101,10],[-14,-7],[24,-30],[86,-22],[30,-24],[-8,-24],[-110,-117],[17,-35],[69,-9],[26,-22],[-2,-41],[-44,-50],[-10,-34],[15,-78],[-15,-101],[36,-2],[53,41],[29,5],[40,-43],[14,-49],[-16,-20],[-74,-23],[2,-22],[75,-60],[64,13],[17,-21],[-10,-54],[-32,-26],[-72,-27],[22,-26],[56,-34],[29,-41],[-2,-55],[14,-66],[-29,-42],[2,-30],[69,-7],[-1,-30],[-24,-56],[20,-57],[-10,-34],[-57,-35],[-16,-26],[18,-33],[47,0],[44,-32],[-60,-27],[15,-73],[48,-14],[3,-16],[-24,-45],[-3,-51],[32,-69],[22,-9],[72,-4],[32,-72],[2,-26],[-15,-38],[-2,-57],[18,-42],[20,-76],[88,-22],[24,-53],[8,-79],[20,-67],[62,-163],[-25,-50],[-4,-26],[14,-38],[1,-52],[14,-28],[38,-32],[13,-24],[3,-86],[-27,-78],[-19,-28],[-3,-48],[20,-81],[12,-86],[21,-24],[46,-31],[59,-26],[-22,-100],[29,-27],[12,-36],[33,-47],[-27,-78],[42,-35],[-22,-41],[1,-63],[-12,-12],[-50,7],[-26,-7],[13,-17],[91,-64],[18,-27],[-58,-45],[6,-23],[49,-18],[29,-43],[-42,-5],[27,-33],[-25,-13],[28,-43],[20,-55],[-23,-38],[3,-67],[-29,-26],[-4,-30],[-54,-8],[30,-38],[-48,-26],[8,-42],[-25,-37],[-3,-23],[96,-52],[-6,-13],[-81,-17],[-39,-30],[8,-21],[127,-96],[-56,-25],[-2,-26],[54,-92],[5,-21],[-42,-6],[-27,28],[-26,3],[14,-34],[-61,-22],[-16,-22],[5,-57],[26,-8],[50,13],[15,-47],[-21,-7],[5,-37],[-37,-29],[35,-12],[40,-36],[32,-2],[44,13],[21,-21],[12,-54],[61,-30],[32,-3],[3,-24],[-80,-81],[12,-31],[65,4],[39,-18],[60,-82],[26,-54],[24,-118],[-4,-25],[-30,-55],[31,-55],[0,-69],[20,-54],[6,-73],[-35,-61],[-24,-66],[26,-56],[-19,-27],[-24,-9],[3,-41],[-43,-78],[-7,-99],[12,-50],[23,-26],[12,-51],[-42,-73],[5,-104],[42,-55],[24,-72],[36,-24],[32,-84],[24,-30],[19,-48],[-6,-67],[26,-62],[10,-94],[0,-70],[-8,-45],[36,-27],[6,-80],[16,-44],[4,-38],[-22,-71],[2,-57],[-22,-50],[27,-29],[7,-26],[-32,-19],[1,-18],[52,-120],[-6,-19],[-48,-33],[-2,-25],[30,-31],[43,-11],[113,-12],[198,-37],[25,-14],[17,-83],[-1,-137],[-22,-160],[-5,-77],[6,-71],[16,-91],[31,-220],[42,-237],[3,-40],[-87,-11],[-26,-16],[16,-102],[-5,-99],[-23,-80],[-22,-22],[-42,-20],[-79,-24],[-69,-4],[-88,21],[-61,24],[-74,47],[-36,32],[-36,65],[1,111],[39,154],[1,25],[-27,36],[-184,46],[-58,9],[-146,39],[-50,-43],[-73,-92],[-41,-38],[-45,-23],[-147,-45],[-96,-26],[-48,-40],[-42,-84],[-17,-80],[8,-30],[30,-46],[48,-46],[70,-43],[59,-44],[54,-52],[71,-50],[26,-27],[32,-63],[15,-51],[6,-82],[25,-101],[42,-97],[91,-127],[62,-134],[9,-63],[-14,-62],[0,-66],[36,-60],[69,-83],[39,-60],[25,-25],[70,-38],[13,-16],[5,-49],[-16,-84],[0,-35],[26,-163],[43,-135],[36,-64],[61,-51],[167,-78],[9,-13],[-7,-106],[-14,-76],[-28,-99],[-57,-114],[-85,-108],[-35,-52],[-15,-55],[1,-30],[32,-163],[45,-69],[103,-82],[30,-18],[22,-32],[10,-85],[20,-104],[-2,-70],[-25,-59],[-31,-90],[-25,-115],[-6,-51],[4,-55],[34,-87],[54,-58],[79,-55],[45,-49],[54,-11],[25,-16],[52,-60],[25,-40],[55,-122],[9,-55],[-1,-150],[-33,-43],[-143,-63],[-30,-27],[2,-88],[42,-104],[28,-38],[7,-38],[-10,-58],[4,-36],[35,-61],[68,-101],[12,-51],[-4,-163],[11,-32],[53,-75],[6,-38],[-25,-100],[-22,-135],[56,-77],[26,-44],[15,-58],[66,-97],[12,-32],[-11,-74],[-36,-82],[1,-35],[35,-74],[73,-116],[89,-191],[25,-65],[52,-111],[47,-188],[33,-111],[59,-184],[10,-74],[32,-152],[13,-110],[42,-233],[20,-49],[27,-40],[11,-40],[-7,-55],[-32,-74],[-18,-85],[1,-60],[24,-67],[6,-43],[-39,-48],[-47,-17],[-123,-13],[-88,21],[-40,3],[-16,-13],[-48,-117],[-63,-107],[-116,-89],[-22,-71],[-1,-65],[-13,-61],[29,-116],[39,-85],[28,-80],[-2,-38],[-24,-105],[35,-35],[112,-35],[41,-28],[21,-53],[2,-51],[-11,-47],[-18,-28],[-48,-29],[-124,-47],[-133,-74],[-48,-34],[-17,-80],[4,-100],[-16,-68],[-23,-127],[-14,-46],[-2,-49],[42,-128],[-29,-59],[9,-49],[60,-80],[-6,-97],[9,-140],[34,-75],[1,-183],[-24,-170],[1,-50],[-13,-59],[-59,-111],[-16,-82],[1,-55],[-15,-96],[-49,-20],[-18,-22],[-7,-63],[45,-68],[28,-13],[15,-62],[-5,-30],[-35,-72],[-52,-60],[39,-133],[1,-87],[23,-225],[-24,-86],[-25,-63],[-43,-52],[-36,-111],[-2,-66],[-36,-110],[-8,-56],[7,-82],[-8,-74],[-37,-134],[2,-24],[38,-91],[70,-125],[27,-41],[55,-102],[6,-48],[-2,-90],[-25,-123],[-26,-100],[-3,-107],[-14,-106],[-13,-224],[-20,-89],[-35,-83],[-10,-39],[1,-45],[14,-82],[34,-84],[7,-53],[49,-176],[38,-119],[12,-123],[49,-224],[47,-172],[9,-80],[-31,-142],[1,-140],[-12,-63],[-7,-198],[6,-146],[-2,-122],[7,-106],[-2,-150],[4,-108],[57,-190],[35,-72],[78,-143],[34,-75],[3,-84],[-1,-179],[24,-156],[2,-79],[9,-62],[28,-121],[23,-157],[25,-103],[21,-132],[12,-134],[-1,-198],[-16,-117],[-21,-130],[5,-35],[77,-105],[17,-36],[16,-185],[0,-49],[42,-148],[44,-98],[38,-115],[17,-96],[1,-38],[-20,-156],[-10,-194],[26,-183],[17,-170],[14,-78],[23,-74],[92,-173],[7,-52],[-3,-72],[20,-139],[32,-97],[137,-247],[42,-90],[34,-127],[-3,-86],[6,-128],[18,-96],[59,-209],[44,-144],[38,-155],[33,-114],[37,-84],[53,-59],[31,-44],[15,-35],[11,-99],[-12,-88],[-23,-72],[-8,-63],[5,-73],[14,-56],[15,-129],[19,-118],[3,-54],[25,-149],[27,-103],[9,-80],[12,-37],[73,-164],[74,-179],[49,-132],[30,-109],[25,-110],[29,-91],[86,-230],[27,-91],[21,-100],[11,-25],[72,-98],[83,-92],[45,-34],[36,-57],[45,-126],[29,-38],[53,-45],[44,-48],[36,-104],[7,-67],[15,-83],[5,-89],[-7,-43],[-22,-30],[-126,-68],[-91,-31],[-106,-24],[-103,-12],[-80,-29],[-72,-42],[-57,-26],[-107,-38],[-54,-11],[-42,19],[-60,82],[-33,15],[-45,-38],[-40,-57],[-58,-101],[-41,-51],[-36,-11],[-92,32],[-56,-7],[-70,-18],[-35,-17],[-163,-119],[-40,-48],[-48,-109],[-20,-33],[-48,-43],[-75,-44],[-36,-32],[-30,-49],[-25,-86],[4,-64],[24,-75],[-30,-23],[-121,-42],[-166,-23],[-167,-6],[-63,1],[-50,-11],[-73,-36],[-30,-28],[-44,-24],[-85,8],[-27,54],[-19,97],[-44,175],[-36,181],[-26,216],[-11,164],[-23,193],[-14,48],[-114,186],[-29,93],[-15,137],[-55,166],[-92,249],[-72,257],[-78,214],[-45,170],[-36,187],[-31,111],[-72,146],[-9,94],[-29,83],[-42,67],[-26,56],[-5,164],[-9,39],[-36,67],[-58,79],[-20,39],[-10,75],[8,58],[25,85],[4,35],[-17,43],[-28,98],[-22,42],[-33,109],[-38,61],[-48,54],[-19,10],[-130,-50],[-46,-10],[-181,-31],[-126,-15],[-122,-60],[-81,-28],[-86,-70],[-83,-73],[-63,-37],[-74,-29],[-62,-1],[-41,25],[-63,64],[-88,44],[-141,17],[-112,62],[-64,-4],[-50,-27],[-5,-55],[7,-36],[24,-47],[22,-72],[4,-97],[-7,-84],[42,-68],[-3,-31],[-51,-61],[-75,-51],[-95,-82],[-129,-99],[-30,-30],[-29,37],[-57,55],[-55,6],[-207,78],[-56,15],[-37,-1],[-59,-17],[-68,-29],[-106,-55],[-35,-8],[-64,27],[-30,43],[-62,183],[-74,31],[-102,49],[-106,22],[-28,21],[-54,69],[-52,33],[-29,-1],[-175,-50],[-28,-24],[-10,-46],[-37,-24],[-102,68],[-76,-30],[-64,-17],[-64,4],[-39,38],[-17,55],[-15,101],[-18,37],[-51,9],[-108,-6],[-37,7],[-16,23],[-4,45],[6,72],[-53,34],[-20,43],[4,88],[-8,46],[-11,120],[-5,236],[4,29],[23,52],[65,85],[24,53],[9,65],[18,33],[4,47],[-14,105],[-30,67],[-24,71],[-27,94],[-21,114],[-20,72],[-15,196],[-18,70],[-81,102],[-71,60],[-34,37],[-39,26],[-9,33],[-89,52],[-69,-26],[-75,24],[-186,264],[-72,62],[-14,35],[12,93],[-4,24],[-74,66],[-89,36],[-49,41],[-44,57],[-69,124],[-55,75],[-49,46],[-95,62],[-68,89],[-67,67],[-69,42],[-47,50],[-34,-10],[-57,-44],[-96,-57],[-33,-1],[-64,22],[-105,44],[-26,-6],[-25,-24],[-56,-78],[-31,-58],[-137,-133],[-56,-65],[-46,-46],[-33,-21],[-57,-17],[-20,-95],[-36,-4],[-79,39],[-89,56],[-74,53],[-11,-1],[-57,-161],[-23,-154],[-3,-169],[-57,-103],[-35,-23],[-54,-10],[28,-185],[4,-144],[-11,-32],[-60,-34],[-134,-46],[-101,-19],[-33,-38],[-3,-41],[14,-80],[16,-28],[68,-10],[25,-22],[4,-98],[-17,-90],[-33,-19],[-66,7],[-69,-55],[-88,2],[-55,16],[-48,33],[-66,57],[-46,-2],[-28,-86],[-32,-27],[-91,-12],[-83,44],[-58,14],[-34,52],[-49,60],[-56,40],[-30,2],[-14,-16],[-28,-67],[-24,-39],[-32,-26],[-29,-1],[-37,34],[-29,64],[-48,172],[-31,77],[-38,28],[-63,-12],[-159,-42],[-83,6],[-41,-7],[-65,-36],[-42,-9],[-71,1],[-84,9],[-66,-3],[-46,-9],[-12,-18],[9,-59],[24,-70],[-22,-49],[-12,-130],[-4,-116],[-48,-37],[-32,-44],[-84,-65],[2,-38],[40,-88],[30,-31],[92,-73],[28,-52],[-42,-20],[-70,-5],[-34,-19],[-27,-34],[-36,-65],[-24,-20],[-77,-27],[-57,-38],[-66,-55],[-36,-52],[-23,-60],[-16,-64],[9,-52],[56,-40],[8,-28],[-20,-59],[44,-40],[7,-24],[-44,-31],[-8,-51],[-79,-52],[-11,-33],[39,-103],[24,-43],[98,-65],[38,-37],[-17,-44],[-92,-41],[-18,-28],[-5,-72],[-25,-42],[-44,-29],[-64,-18],[-37,4],[-88,32],[-76,-19],[-26,-38],[-114,1],[-138,-22],[-73,-18],[-61,-35],[-11,-115],[-54,-9],[-59,25],[-11,-20],[-48,-14],[-18,16],[35,82],[-40,12],[-24,-5],[-23,-67],[-36,-33],[-180,-61],[-47,-19],[-77,-182],[-190,-114],[-14,-57],[-23,-37],[-122,-13],[-30,-27],[-13,-33],[-87,-60],[-27,-36],[23,-73],[-12,-107],[11,-87],[41,-112],[-31,-124],[2,-93],[139,-264],[40,-60],[43,-96],[47,-76],[25,-24],[31,-71],[31,-25],[8,-30],[-21,-56],[45,-53],[89,-43],[69,-68],[51,-70],[17,-46],[-2,-113],[-40,-159],[4,-48],[17,-50],[32,-43],[30,-61],[8,-127],[28,-51],[-29,-37],[-88,-36],[-93,-113],[-44,-108],[23,-45],[49,-47],[45,-118],[72,-122],[36,-85],[51,-23],[4,-18],[-64,-121],[-58,-76],[-58,-32],[-73,-24],[-72,-51],[25,-58],[-7,-36],[-55,-55],[-1,-65],[-26,11],[-39,-29],[4,-43],[-42,-51],[19,-68],[-19,-55],[-66,-69],[-54,-128],[-47,-38],[-21,-44],[-54,5],[-75,17],[-103,-77],[-117,-77],[-123,-84],[-73,-93],[-34,-96],[-59,-88],[-74,-23],[-109,-50],[-46,-87],[19,-75],[3,-58],[-25,-93],[3,-91],[30,-77],[46,-162],[31,-81],[92,-26],[70,1],[77,24],[107,40],[98,49],[72,30],[99,-21],[126,-41],[87,-242],[30,-108],[-12,-23],[14,-71],[-11,-32],[-47,-60],[-65,-68],[-49,-128],[45,-212],[59,-233],[63,-58],[134,-102],[43,7],[81,29],[168,72],[46,15],[45,-13],[146,-65],[72,-171],[113,-214],[60,-148],[51,-139],[31,-63],[75,-60],[165,-99],[144,-99],[273,-222],[93,-46],[47,-36],[150,-369],[35,-163],[-15,-59],[-74,-142],[-25,-23],[-122,-158],[-18,-61],[-68,-269],[-33,-99],[0,-67],[15,-336],[12,-28],[85,-103],[47,-44],[146,-182],[20,-17],[173,-611],[18,-111],[38,-143],[25,-109],[9,-84],[-16,-131],[4,-108],[-11,-127],[0,-167],[-14,-313],[-6,-262],[12,-76],[40,-67],[65,-93],[101,-161],[58,-103],[141,-217],[21,-28],[82,-81],[130,-140],[92,-80],[166,-186],[155,-149],[151,-167],[77,-66],[89,-105],[48,-49],[32,-61],[58,-192],[99,-272],[35,-114],[65,-191],[43,-137],[46,-115],[45,-144],[98,-265],[38,-128],[39,-110],[48,-174],[25,-129],[55,-172],[68,-295],[34,-115],[51,-197],[25,-128],[22,-58],[55,-202],[26,-148],[18,-67],[25,-24],[137,-251],[27,-59],[133,-233],[48,-71],[73,-133],[16,-53],[27,-57],[-53,-114],[11,-141],[15,-81],[27,-88],[29,-113],[1,-20],[41,-149],[28,-28],[61,-79],[23,-19],[27,-51],[15,-60],[-4,-72],[-50,9],[-101,61],[-72,32],[-34,-1],[-105,-59],[-75,-15],[-61,-1],[-129,21],[-98,20],[-29,16],[-29,32],[-154,68],[-60,54],[-62,37],[-65,53],[-118,72],[-63,50],[-54,53],[-133,94],[-26,31],[-62,48],[-64,40],[-71,58],[-36,40],[-22,40],[-107,172],[-33,61],[-64,103],[-44,103],[-43,73],[-64,182],[-60,129],[-22,90],[-40,106],[-10,54],[-23,70],[-1,24],[-28,132],[-18,55],[-25,40],[-87,210],[-40,120],[-29,62],[-62,227],[-20,26],[-42,89],[-28,91],[-34,82],[-110,212],[-22,68],[-79,83],[-46,105],[-47,81],[-197,361],[-27,31],[-85,161],[-51,68],[-15,32],[-93,131],[-48,79],[-85,130],[-29,57],[-45,61],[-43,97],[-39,53],[-80,122],[-173,223],[-123,174],[-24,46],[-59,73],[-47,70],[-54,62],[-49,66],[-73,84],[-191,238],[-29,30],[-8,28],[-1,77],[-50,68],[-63,124],[-85,120],[-18,40],[-31,107],[-93,196],[-22,82],[-29,72],[-28,41],[-27,77],[-41,65],[-40,81],[-45,62],[-101,151],[-20,42],[-22,93],[-30,81],[-57,191],[-19,45],[-25,121],[-59,190],[-26,65],[-95,284],[-9,62],[-34,78],[-22,81],[-48,151],[-44,99],[-39,54],[-12,34],[-93,142],[-115,168],[-154,201],[-121,140],[-78,83],[-106,120],[-141,172],[-72,71],[-191,212],[-68,66],[-61,69],[-159,166],[-180,209],[-71,72],[-353,409],[-55,56],[-90,105],[-128,129],[-25,58],[-143,160],[-178,190],[-29,35],[-142,151],[-48,64],[-140,169],[-261,303],[-48,63],[-49,53],[-26,44],[-36,37],[-46,68],[-117,128],[-87,87],[-202,220],[-132,165],[-51,70],[-60,49],[-52,66],[-33,52],[-69,91],[-21,120],[-58,61],[-75,128],[-47,103],[-29,90],[-36,49],[31,107],[4,81],[-4,141],[7,186],[14,74],[-6,65],[-15,84],[-42,117],[-11,84],[15,56],[12,75],[0,55],[13,101],[-13,46],[-62,174],[-14,57],[-6,67],[10,120],[18,41],[5,71],[-7,108],[6,46],[21,54],[17,149],[11,65],[18,169],[-3,172],[18,113],[-50,199],[2,62],[18,106],[52,152],[-41,115],[-72,128],[-51,139],[4,53],[-11,125],[-29,62],[-55,62],[5,25],[-15,42],[-36,46],[-39,18],[-31,36],[-22,9],[-25,38],[-9,36],[1,47],[-35,184],[-48,145],[-95,275],[-44,154],[-61,154],[-22,65],[-52,109],[-13,101],[-9,16],[-82,222],[-53,103],[-45,70],[-130,175],[-136,188],[-188,256],[-68,116],[-28,61],[-80,57],[-37,38],[-173,214],[-45,48],[-52,70],[-59,113],[-40,21],[-27,58],[-56,70],[-16,7],[-150,180],[-52,43],[-93,87],[-38,48],[-122,130],[-133,153],[-66,54],[-92,98],[0,10],[-69,59],[-46,75],[-88,155],[-54,138],[-37,27],[-73,93],[-40,102],[-9,67],[20,54],[47,-2],[36,20],[138,39],[96,52],[83,63],[55,60],[55,34],[88,35],[80,1],[37,27],[50,5],[40,-47],[50,-11],[72,10],[18,23],[6,64],[-18,95],[-104,142],[-122,134],[-84,134],[-46,82],[-55,79],[-35,37],[-111,-42],[-120,-33],[-36,-2],[-59,19],[-48,40],[-93,115],[-97,14],[-97,-179],[-107,-62],[-154,-45],[-180,-33],[-39,4],[-33,-13],[-111,-65],[-22,-108],[23,-92],[-5,-98],[-13,-69],[-78,-65],[-40,-97],[-192,-26],[-95,-27],[-78,46],[-73,36],[-105,18],[-111,-20],[-74,-21],[-35,4],[-105,102],[-132,105],[-220,138],[-185,150],[-127,69],[-118,99],[-76,97],[-104,119],[-117,126],[-95,125],[-89,89],[-83,97],[-51,83],[-35,102],[-44,149],[-44,90],[-49,129],[27,178],[54,67],[68,46],[54,22],[34,-4],[16,40],[5,87],[19,181],[89,279],[-7,280],[-16,109],[4,8],[-201,378],[-28,452],[-108,728],[43,726],[147,289],[204,484],[-4,245],[10,161],[43,171],[94,209],[126,149],[68,161],[38,64],[53,45],[41,50],[32,74],[20,82],[62,120],[8,41],[-236,125],[-211,89],[-103,77],[269,752],[455,1006],[465,1025],[341,951],[23,279],[289,-38],[43,-4],[-13,92],[-22,80],[5,98],[-1,77],[-16,77],[-3,53],[-2,205],[-27,88],[-68,144],[-35,99],[-44,145],[-55,300],[-22,215],[-17,64],[12,45],[2,81],[-18,85],[76,229],[4,25],[-4,102],[-24,32],[-46,37],[-98,57],[-72,31],[-10,16],[-7,61],[9,63],[-16,22],[-55,16],[-83,-36],[-65,-10],[-147,-2],[-154,7],[-90,13],[-39,46],[-21,48],[-15,61],[1,129],[20,99],[10,132],[22,167],[35,183],[35,124],[29,156],[-5,78],[7,265],[10,125],[20,113],[1,29],[38,178],[18,108],[5,73],[-5,144],[-18,95],[-23,59],[-118,92],[-17,60],[-50,266],[0,29],[19,115],[35,71],[13,92],[18,54],[-12,97],[-24,23],[-69,23],[-54,58],[-38,78],[-97,148],[-87,165],[-37,98],[22,23],[40,8],[12,14],[-101,154],[-44,76],[-30,72],[-39,125],[-18,80],[-18,139],[-17,98],[-15,20],[-54,29],[14,47],[6,91],[-53,246],[-3,49],[-25,112],[-50,32],[-107,1],[-62,-20],[-89,-2],[-145,43],[-34,18],[-65,67],[-83,113],[-52,113],[-68,109],[-48,109],[-57,91],[-33,78],[-7,66],[-48,127],[-37,126],[-34,98],[-37,78],[-65,57],[-22,34],[-41,134],[-56,99],[-91,78],[-34,42],[-30,98],[-33,95],[-63,151],[-15,60],[-11,84],[-5,144],[-33,140],[-23,46],[1,38],[28,56],[55,90],[31,38],[12,67],[43,49],[-11,47],[-17,136],[-29,103],[-162,118],[-256,234],[-30,24],[-188,90],[-192,84],[-174,158],[-81,56],[-20,66],[-3,149],[-20,121],[44,42],[-44,93],[-27,92],[27,97],[-37,98],[-87,211],[-254,272],[-85,110],[-133,93],[-8,0],[-111,221],[-104,633],[-206,1676],[-35,223],[-13,74],[-27,78],[-13,61],[-12,121],[3,27],[164,-2],[134,3],[-24,81],[-28,20],[-2,23],[-58,75],[-17,7],[-24,44],[-2,37],[-30,59],[1,71],[12,28],[-23,25],[-29,3],[25,40],[-23,38],[-26,18],[25,15],[12,38],[-37,26],[39,39],[-10,30],[-34,40],[-23,11],[-70,99],[7,37],[-25,31],[-12,50],[-28,14],[-256,-11],[-78,3],[-562,-3],[-174,-3],[-155,0],[-259,-4],[-142,-6],[-146,-1],[-77,-5],[-123,-1],[-205,-12],[-237,-4],[-90,-7],[-120,-3],[-79,-7],[-70,1],[-256,-14],[-30,8],[-31,138],[-24,190],[0,47],[-21,126],[-19,88],[-27,101],[-26,125],[-50,189],[-24,123],[-17,67],[-23,61],[-29,135],[-68,197],[-29,63],[-55,147],[-47,112],[-74,154],[-31,88],[-60,144],[-38,79],[-57,99],[-32,65],[-50,130],[-55,107],[-22,52],[-44,59],[-64,101],[-92,100],[-48,67],[-111,134],[-123,158],[-62,72],[-130,170],[-70,107],[-133,169],[-30,32],[-207,256],[-32,34],[-113,147],[-222,335],[-122,209],[-93,173],[-70,114],[-44,55],[-30,49],[-72,91],[-95,94],[-69,56],[-33,33],[-98,80],[-48,30],[-111,84],[-85,81],[-87,129],[-101,114],[-126,130],[-89,97],[-163,216],[-66,90],[-15,41],[-15,77],[9,182],[-15,42],[-51,56],[-87,53],[-56,41],[-108,68],[-174,129],[-85,83],[-82,93],[-80,99],[-23,53],[-44,68],[-95,-8],[-140,97],[-139,139],[-209,194],[-313,322],[-430,408],[-175,97],[-257,119],[-323,14],[-1,-3],[-595,223],[-905,345],[-51,21],[8,-22],[66,-92],[5,-32],[-12,-37],[-34,-46],[-119,-125],[26,-33],[74,69],[63,40],[38,7],[62,-5],[72,-30],[101,-66],[109,-123],[64,-59],[63,-70],[62,-111],[34,-71],[5,-65],[75,-109],[57,-51],[-3,-64],[-18,-47],[-61,-95],[-29,-70],[-96,-144],[-35,13],[-82,15],[-103,4],[61,22],[-13,24],[-68,48],[-78,39],[-119,81],[-81,70],[-123,92],[-45,43],[-40,20],[-69,17],[-12,-46],[10,-86],[-22,-130],[0,-69],[-16,-111],[21,-46],[-51,-8],[31,-19],[-21,-21],[9,-22],[-41,-4],[-8,-30],[-51,-47],[-40,-48],[-55,-82],[-32,-61],[-18,-114],[-2,-49],[-181,28],[-137,8],[-79,15],[-61,21],[-140,-2],[-113,19],[-86,23],[-115,38],[-48,-1],[-59,17],[-60,6],[-44,-8],[-169,-59],[-103,-18],[-8,-8],[-176,-44],[-47,31],[-52,62],[-99,104],[-20,-14],[-154,-74],[-111,-43],[-79,-27],[-59,-27],[-138,-51],[-182,-60],[-89,-36],[-70,-64],[-19,-33],[-66,-70],[-10,-32],[-118,-79],[-46,-36],[-65,-111],[-31,10],[19,-36],[62,-77],[62,-71],[90,-85],[45,-56],[95,-101],[35,-47],[313,-352],[64,-78],[57,-78],[43,-49],[76,-126],[25,-33],[47,-83],[98,-143],[46,-72],[117,-215],[50,-106],[82,-158],[54,-132],[37,-66],[86,-191],[17,-22],[37,-123],[76,20],[228,113],[5,49],[159,18],[227,-13],[150,-47],[87,-104],[24,-137],[-76,-45],[-63,-23],[-75,35],[-26,-22],[25,-46],[75,-69],[51,33],[138,22],[-1,-137],[23,-172],[-50,-56],[-14,-57],[25,-69],[-27,-125],[-13,-115],[-1,-80],[-75,47],[-163,35],[-88,93],[14,79],[39,171],[14,149],[-12,0],[-51,-57],[-28,-239],[-51,-126],[-63,-22],[-88,81],[-38,-11],[113,-104],[37,-46],[-64,-57],[89,11],[62,-12],[-1,-114],[38,-46],[11,-115],[-88,24],[-63,0],[-51,-45],[-113,12],[-49,81],[-50,57],[-25,-11],[62,-46],[-1,-80],[-88,12],[-87,35],[-1,-34],[176,-59],[100,-103],[-1,-103],[-39,-46],[-87,35],[-14,-68],[-51,-103],[-50,47],[12,-92],[-113,-10],[-188,138],[-150,70],[-126,-11],[12,-34],[101,-1],[112,-92],[62,-58],[0,-68],[-38,-46],[-88,24],[-38,0],[-1,-125],[-227,1],[12,-45],[-50,-11],[-64,-80],[-13,-34],[0,-69],[-101,-22],[-88,35],[-202,-124],[-37,103],[-248,459],[-274,288],[-249,310],[3,240],[79,354],[45,120],[-110,-3],[-123,5],[-67,-3],[-96,5],[-120,-1],[-226,15],[-117,18],[-134,3],[-25,-51],[-36,-95],[337,-253],[510,-405],[-346,-380],[-102,-29],[-117,-49],[-355,10],[-339,81],[-72,3],[-87,-8],[-120,-29],[-263,-5],[-87,-35],[-62,-4],[-113,40],[-64,18],[-73,42],[-203,0],[-143,-10],[13,-95],[62,-292],[114,-619],[41,-183],[-14,-123],[-18,-96],[-25,-103],[37,-25],[566,-11],[183,18],[72,-42],[167,-143],[26,-337],[18,-260],[70,-568],[24,-530],[32,-567],[28,-624],[-294,6],[-1002,406],[444,-1601],[243,-1478],[-15,-221],[-147,-23],[-106,2],[-258,13],[-80,18],[-25,32],[-16,48],[-26,-62],[-20,-122],[-2,-174],[31,-99],[31,-169],[11,-145],[-1,-163],[-46,-110],[-39,-157],[-46,-145],[-33,-92],[-7,-53],[-20,-52],[-102,-69],[-26,-40],[-9,-297],[-34,-255],[-39,-93],[-8,-186],[-33,-69],[-135,-156],[-104,-150],[-141,-28],[-38,-58],[-7,-76],[-71,-110],[-129,-40],[-134,-92],[-110,-86],[-129,-168],[-129,-132],[-122,-93],[-32,6],[-64,-127],[-164,-141],[-100,-78],[-51,-17],[-153,1],[-176,-13],[-112,-20],[-38,-35],[-8,-98],[-188,-8],[-54,-14],[-26,-64],[-71,-14],[-77,-89],[0,-35],[-45,3],[-51,-32],[-14,-81],[-26,-52],[-176,-153],[-132,-118],[-161,-156],[-154,-109],[-106,-90],[-42,-43],[-22,-38],[-18,6],[1,-73],[-166,-120],[-107,-54],[-142,-39],[-20,-41],[-32,-31],[-23,-43],[-50,-33],[-64,-23],[-131,51],[-183,80],[-108,62],[-244,202],[-105,102],[-49,158],[-33,176],[-4,140],[-900,98]],[[81632,78283],[-251,254],[-132,168],[-132,346],[-52,381],[108,37],[218,24],[56,18],[72,34],[176,50],[126,41],[45,22],[73,5],[41,16],[40,93],[33,87],[101,144],[195,182],[-41,246],[-12,132],[23,190],[-53,64],[57,130],[95,70],[61,30],[135,36],[134,132],[14,11],[8,96],[8,175],[142,102],[93,49],[25,55],[4,87],[8,59],[25,78],[49,61],[61,88],[41,124],[15,78],[-6,52],[5,101],[-25,82],[-20,211],[-44,166],[33,276],[-2,42],[31,53],[39,186],[-15,16],[2,33],[25,47],[-10,14],[-94,59],[-5,16],[27,51],[-11,22],[-124,-9],[-31,8],[-51,30],[-35,-9],[-29,-25],[-43,-6],[-36,13],[-71,97],[-45,108],[-63,187],[-36,70],[-57,95],[-115,145],[-65,74],[-70,98],[-45,38],[-44,109],[-12,107],[-29,0],[-48,-31],[-8,78],[-90,158],[-38,54],[-41,36],[8,92],[33,140],[37,9],[116,-37],[42,3],[3,42],[-17,64],[1,24],[44,99],[41,101],[44,80],[68,100],[141,168],[127,148],[79,84],[104,96],[-99,22],[-122,15],[-8,47],[-32,91],[-37,145],[-28,95],[-9,49],[-116,110],[-110,88],[-93,65],[-62,31],[-185,70],[-37,26],[-93,153],[-40,20],[-50,42],[-56,76],[-63,115],[-45,58],[-95,43],[-7,338],[140,341],[113,194],[86,85],[147,217],[182,241],[156,186],[182,178],[148,217],[52,171],[52,131],[36,226],[-33,241],[0,101],[86,15],[44,23],[34,93],[44,179],[1,93],[-86,47],[-67,2],[-60,15],[-42,242],[42,72],[100,-3],[-2,-59],[31,-28],[74,-19],[90,-2],[169,17],[42,-8],[40,-20],[54,14],[118,58],[142,35],[72,4],[39,-25],[77,-104],[50,-33],[42,-11],[67,-1],[115,9],[111,21],[60,22],[123,65],[86,85],[63,136],[61,43],[121,48],[110,27],[114,-6],[81,-22],[121,-49],[134,-76],[60,-38],[71,-33],[179,-59],[97,-23],[121,-16],[107,-20],[138,-2],[61,11],[108,32],[83,33],[209,104],[147,75],[61,37],[90,72],[75,82],[46,99],[27,140],[-1,71],[-12,61],[-32,51],[-109,98],[-53,37],[-64,35],[-57,49],[-27,47],[-57,147],[-24,47],[-83,123],[-38,66],[-118,187],[-32,133],[-28,198],[-19,27],[-56,50],[-150,111],[-139,114],[-120,75],[-78,38],[-119,34],[-78,2],[-94,-18],[-118,-15],[-100,4],[-53,13],[-68,34],[-42,37],[-55,84],[-21,92],[1,72],[28,103],[31,59],[54,58],[50,20],[119,12],[129,-16],[132,-25],[48,3],[21,11],[20,74],[-1,65],[-9,35],[-42,87],[-126,193],[-35,59],[-43,98],[-106,223],[-37,67],[-28,18],[-100,-54],[-151,-55],[-65,-16],[-105,3],[-56,10],[-102,34],[-156,75],[-79,25],[79,85],[43,34],[24,33],[70,125],[84,199],[59,158],[34,137],[33,102],[69,241],[39,151],[22,110],[8,181],[24,143],[26,63],[23,35],[44,30],[115,11],[68,-8],[100,-19],[177,-60],[47,-10],[45,1],[54,18],[47,49],[56,100],[81,20],[43,18],[207,58],[33,-2],[141,-92],[103,-52],[259,-199],[196,-99],[83,-46],[88,-27],[202,-42],[220,-10],[78,0],[139,33],[104,50],[103,76],[50,76],[46,98],[91,205],[54,186],[26,75],[8,61],[-7,50],[-37,159],[-10,21],[-10,79],[-55,139],[-45,91],[-90,105],[-30,30],[-101,78],[-130,159],[-65,121],[-64,237],[-12,159],[11,93],[18,88],[41,134],[46,59],[53,93],[79,106],[140,161],[51,107],[102,96],[125,145],[51,79],[96,174],[32,45],[50,43],[78,55],[153,137],[110,122],[36,47],[67,104],[74,138],[52,132],[22,122],[-17,71],[-10,137],[7,191],[-9,75],[-38,141],[-41,130],[-53,126],[-67,129],[-16,59],[-16,109],[1,159],[22,98],[34,78],[39,63],[49,60],[70,57],[66,27],[83,16],[141,14],[100,6],[267,9],[173,-2],[99,4],[372,-1],[184,6],[42,-4],[98,-23],[93,-16],[89,-4],[45,-20],[133,-5],[89,7],[94,14],[115,39],[74,36],[178,108],[139,81],[155,112],[60,36],[71,28],[86,1],[174,-42],[106,-40],[170,-68],[103,-50],[13,-2],[144,-87],[234,-109],[76,-26],[104,-20],[82,3],[34,8],[139,51],[109,67],[226,205],[34,36],[78,98],[55,104],[15,53],[66,164],[16,28],[38,108],[29,127],[35,113],[17,21],[22,57],[58,109],[54,121],[38,66],[44,59],[65,69],[82,73],[112,78],[189,79],[38,20],[34,31],[81,121],[32,103],[32,182],[10,200],[11,78],[-3,107],[-11,105],[6,65],[24,66],[153,128],[170,97],[125,47],[59,32],[52,54],[43,81],[16,45],[10,72],[1,176],[-9,92],[-31,136],[-57,164],[-32,135],[-10,72],[-18,38],[2,120],[22,87],[23,121],[31,78],[60,106],[126,180],[76,100],[122,141],[107,96],[77,87],[100,126],[97,92],[108,82],[113,77],[146,122],[110,72],[19,35],[46,22],[249,84],[71,46],[96,98],[42,33],[186,81],[75,48],[67,49],[76,73],[40,51],[83,92],[85,123],[35,44],[85,126],[34,61],[25,89],[9,119],[-11,134],[-24,88],[-32,78],[-32,65],[-161,252],[-69,81],[-52,45],[-167,122],[-144,77],[-136,86],[-68,31],[-205,80],[-194,59],[-106,46],[-10,-2],[-88,47],[-104,75],[-81,50],[-47,35],[-106,104],[-145,159],[-104,133],[-67,101],[-6,58],[26,66],[23,35],[64,65],[85,95],[33,47],[31,18],[120,57],[113,61],[156,59],[134,66],[72,42],[134,101],[120,108],[101,102],[80,94],[74,72],[46,68],[61,79],[52,77],[35,62],[41,52],[79,118],[58,99],[33,32],[94,9],[62,15],[4,11],[65,26],[64,15],[20,-7],[77,-3],[72,-23],[215,7],[38,-2],[154,9],[178,-9],[121,-10],[103,-17],[153,-39],[117,-52],[57,-16],[48,5],[36,20],[21,72],[-8,64],[-22,50],[-61,86],[-73,59],[-114,54],[-67,38],[-40,34],[-37,55],[-1,61],[24,78],[59,136],[73,77],[43,33],[75,24],[52,5],[124,-4],[112,6],[68,14],[114,2],[161,-14],[71,-19],[152,22],[106,6],[155,14],[8,7],[199,6],[150,19],[211,37],[104,34],[112,45],[44,28],[71,61],[64,91],[34,78],[46,41],[107,22],[80,25],[85,34],[131,59],[127,65],[145,84]],[[101920,115558],[57,-82],[47,-58],[22,-124],[78,-31],[86,-120],[45,-49],[92,-78],[53,-15],[57,-42],[66,-104],[57,-64],[14,-30],[103,20],[74,-25],[100,-2],[0,-44],[12,-23],[72,-28],[40,2],[37,17],[59,74],[37,-16],[38,-51],[33,-20],[72,-7],[86,44],[43,6],[42,-11],[1,-30],[-85,-34],[-7,-22],[50,-27],[58,5],[50,25],[47,75],[18,10],[35,-7],[-11,-36],[10,-27],[41,-37],[42,-25],[127,-31],[22,22],[-48,27],[16,25],[109,-45],[44,-10],[-38,-58],[6,-24],[29,8],[28,63],[63,-35],[71,12],[69,-34],[35,-55],[63,-4],[43,23],[43,-29],[114,-47],[52,17],[20,-3],[13,-37],[22,-17],[74,1],[112,-15],[61,14],[35,-16],[24,-48],[24,-13],[24,34],[-34,30],[3,41],[36,-5],[26,-65],[22,-18],[25,15],[8,80],[46,13],[9,-14],[-13,-46],[14,-33],[22,-1],[40,35],[62,23],[27,0],[69,-36],[21,3],[19,45],[57,-34],[59,18],[17,-14],[-11,-47],[44,7],[24,36],[6,39],[16,18],[-28,28],[-15,50],[-40,-22],[-15,6],[-1,59],[-75,-33],[-27,1],[-18,51],[43,100],[10,64],[52,40],[47,63],[-37,77],[-12,43],[34,42],[57,34],[16,18],[-10,63],[19,9],[38,47],[59,27],[43,30],[42,67],[13,125],[64,17],[18,17],[52,88],[24,-1],[53,46],[8,34],[38,28],[53,4],[58,32],[37,-4],[13,36],[65,-4],[107,-20],[16,-39],[31,-16],[38,-4],[47,-19],[99,-7],[56,3],[-8,-62],[14,-12],[87,-19],[23,-17],[6,-44],[-14,-59],[-20,-42],[9,-19],[56,-16],[-5,-143],[37,10],[48,-20],[-12,-47],[0,-62],[-10,-101],[-14,-74],[-31,-6],[-46,-27],[-13,-18],[-30,-95],[-15,-32],[28,-81],[-1,-73],[-17,-26],[-112,-13],[-31,33],[-155,8],[-4,-39],[14,-54],[-23,-16],[-112,8],[-46,-4],[-58,-43],[-21,-49],[-13,-116],[-27,-20],[-80,0],[-33,32],[-15,66],[-22,10],[-28,-42],[-23,-8],[-12,-66],[-20,-61],[-23,-101],[-5,-51],[-129,1],[-84,21],[-30,136],[-19,15],[-57,2],[-39,-25],[-46,-5],[-8,-45],[-35,-58],[-1,-81],[-17,-38],[42,-53],[-4,-16],[-42,31],[-29,-3],[-47,-53],[-38,23],[-14,-28],[51,-44],[-22,-23],[-70,-23],[-72,-12],[-16,-22],[11,-25],[44,7],[-8,-51],[16,-72],[113,-44],[128,-66],[71,-13],[134,52],[33,7],[105,41],[25,-12],[55,-4],[14,27],[0,83],[71,28],[38,-16],[114,-83],[27,19],[-26,86],[8,23],[205,16],[53,8],[14,-75],[-4,-78],[9,-64],[43,-43],[3,-113],[-8,-133],[-28,-29],[-2,-82],[-35,2],[-48,76],[-21,16],[2,57],[-45,56],[-50,7],[-61,-6],[-126,-27],[-34,-43],[-61,-34],[-23,-53],[-46,15],[-46,-13],[-81,-1],[-114,12],[-147,-3],[-13,-11],[-29,-92],[35,-58],[-25,-9],[-210,20],[-6,-10],[4,-75],[-41,-58],[6,-45],[-18,-150],[13,-59],[37,-38],[-1,-31],[-20,-104],[2,-20],[-28,-56],[-12,-81],[6,-36],[-17,-14],[-106,-7],[-47,22],[-43,32],[-18,3],[-30,-156],[19,-165],[-33,-28],[-70,7],[-101,-23],[-6,-63],[13,-98],[19,-6],[104,2],[98,13],[64,-11],[12,-127],[-17,-51],[17,-39],[19,-99],[-1,-67],[-8,-82],[-20,-85],[4,-21],[38,-13],[79,-10],[81,-19],[67,-8],[98,-20],[110,-10],[82,-48],[120,-6],[43,-22],[-10,-35],[-64,-38],[-81,-17],[-41,4],[-85,46],[-25,1],[2,-34],[19,-67],[-16,-103],[-164,49],[-73,10],[-42,-4],[-54,14],[-80,0],[-32,-39],[-24,-6],[-3,-58],[22,-11],[-18,-201],[-12,-109],[8,-38],[19,-11],[-4,-39],[-41,1],[-14,-25],[-6,-78],[74,-5],[55,26],[35,-2],[43,-47],[51,-36],[65,-35],[28,-26],[29,5],[32,33],[19,72],[60,15],[21,-17],[60,24],[95,6],[71,-17],[52,3],[13,-85],[-5,-124],[-100,-16],[-27,-22],[-6,-52],[2,-137],[-7,-58],[-54,-47],[-13,-36],[-48,-22],[-7,-48],[25,-188],[50,4],[-2,-17],[-66,-76],[23,-70],[-1,-69],[23,-7],[22,57],[47,5],[59,-33],[19,2],[49,31],[110,-65],[60,-22],[62,-5],[28,-21],[39,-11],[22,-20],[58,-23],[15,-24],[-10,-67],[11,-78],[-35,-28],[38,-74],[-19,-20],[-11,-42],[9,-44],[50,-18],[25,0],[74,-39],[38,-45],[68,-10],[20,-16],[-25,-71],[42,-112],[-10,-25],[-33,-16],[2,-15],[53,-64],[-45,-48],[-6,-29],[-45,-57],[-22,-16],[-44,2],[-51,42],[-28,-8],[-9,-29],[-55,-8],[9,-40],[43,-8],[45,8],[19,-8],[43,-48],[8,-23],[-25,-38],[-5,-33],[20,-27],[-4,-76],[-80,-43],[-54,-57],[-9,-60],[-29,-3],[-41,52],[-36,11],[-5,-62],[-40,-25],[-11,-45],[-57,-5],[10,-41],[-9,-13],[-56,-25],[-13,-19],[21,-31],[-20,-52],[4,-76],[27,-41],[41,5],[43,-6],[58,-25],[14,-28],[46,-32],[23,-49]],[[138869,1458],[21,9],[25,-20],[85,1],[33,17],[17,-6],[20,-60],[-67,-151],[-24,-81],[-11,-56],[11,-83],[-3,-50],[-21,-91],[15,-63],[49,-76],[36,-152],[-3,-61],[13,-43],[34,-41],[36,-80],[11,-43],[-23,-132],[1,-99],[12,-63],[-6,-24],[-41,-10],[-107,4],[-23,25],[-54,95],[-8,110],[-12,35],[12,60],[53,37],[23,41],[-8,109],[-30,80],[1,108],[-25,32],[20,50],[1,37],[-14,46],[-39,46],[-22,47],[-91,79],[-32,43],[-87,41],[-31,20],[-17,35],[45,95],[3,21],[41,85],[24,-13],[35,2],[49,27],[15,50],[25,42],[15,1],[18,-32]],[[124283,41900],[79,12],[66,-10],[35,-30],[33,-13],[63,1],[33,-21],[131,-245],[57,-122],[102,-188],[52,-86],[72,-156],[26,-102],[29,-62],[33,-131],[9,-63],[10,-232],[-5,-53],[0,-82],[-8,-102],[-2,-93],[-29,-180],[-34,-104],[-46,-121],[-110,-275],[-79,-177],[-96,-174],[-191,-388],[-36,-115],[-42,-109],[-28,-90],[-89,-260],[-68,-248],[-45,-121],[-89,-206],[-59,-130],[-133,-315],[-58,-146],[-44,-127],[-111,-330],[-23,-103],[-31,-101],[-19,-26],[-104,-67],[-27,-33],[-27,-16],[-6,-75],[2,-119],[10,-45],[36,-91],[1,-20],[-18,-128],[-9,-33],[-38,-45],[-38,-24],[-183,-28],[-110,-4],[-66,13],[-75,31],[-16,23],[-7,145],[3,130],[8,48],[20,42],[3,38],[-33,103],[4,90],[31,173],[50,170],[-1,74],[18,82],[24,70],[71,123],[68,95],[74,78],[50,64],[57,37],[45,56],[8,23],[7,90],[-9,77],[-2,100],[-5,56],[-18,78],[-44,386],[-12,147],[7,40],[29,77],[57,79],[35,37],[77,115],[25,81],[41,80],[17,67],[5,76],[-6,36],[-15,188],[-20,125],[-30,70],[-30,99],[-42,119],[-53,111],[-19,84],[-19,39],[-52,49],[-47,106],[12,107],[-4,44],[10,119],[11,72],[2,101],[36,110],[67,49],[54,65],[19,52],[-4,106],[-19,26],[-15,48],[8,45],[41,40],[-5,70],[-30,41],[-16,96],[8,95],[9,16],[46,27],[17,31],[72,49],[89,38],[102,87],[18,33],[37,36],[122,165],[39,118],[22,35],[104,89],[67,35],[24,-13]],[[98598,44925],[-37,-23],[-48,22],[11,65],[39,5],[56,23],[60,83],[80,88],[57,-8],[2,-48],[-19,-58],[-38,-70],[-163,-79]],[[98942,46002],[0,-48],[-38,-42],[-41,-11],[-82,-4],[-32,-32],[-58,-76],[-44,-33],[-53,-28],[-89,-102],[-15,-48],[-85,-104],[-83,-63],[-86,-49],[1,-48],[-25,-26],[-46,-17],[-49,17],[-25,64],[-41,157],[0,63],[15,126],[42,87],[-7,134],[-18,48],[-53,28],[-48,-33],[-27,-93],[-23,-24],[-33,-12],[-50,-1],[-13,15],[0,141],[10,33],[38,26],[46,13],[30,31],[37,20],[75,5],[23,9],[31,33],[44,6],[60,25],[76,41],[53,17],[36,20],[104,37],[66,18],[116,14],[181,13],[63,-8],[30,-19],[45,-61],[3,-91],[-50,-96],[-11,-72]],[[97366,46952],[67,-3],[229,7],[35,-16],[80,-92],[26,-46],[35,-40],[29,-62],[14,-62],[0,-57],[-37,-105],[-51,-90],[-129,-262],[-42,-102],[-38,-65],[-84,-234],[-22,-68],[-37,-1],[-20,-13],[-11,-65],[-30,-45],[-32,-3],[-59,56],[-31,-16],[4,-47],[-6,-37],[-77,-33],[-58,-75],[-41,-4],[-92,7],[-60,24],[-37,59],[10,36],[116,55],[35,54],[27,27],[21,45],[-14,22],[-25,-4],[-75,-57],[-94,-55],[-25,-33],[-70,-8],[-27,-44],[-58,-38],[-24,-38],[-78,-56],[-193,-91],[-60,-34],[-60,-54],[-59,-39],[-28,-37],[-111,-32],[-54,-36],[-59,-3],[-43,36],[-31,13],[-65,69],[-17,38],[-84,-1],[-73,71],[-30,72],[-19,65],[-43,53],[-14,37],[-6,133],[-21,46],[-13,49],[4,75],[-12,24],[-36,28],[-13,30],[-10,194],[-1,117],[-10,104],[4,168],[20,111],[51,118],[119,190],[121,130],[228,192],[149,117],[152,131],[34,16],[59,11],[33,-4],[101,-30],[45,-19],[51,-33],[139,-124],[48,-38],[156,-108],[190,-121],[117,-39],[100,-11]],[[108403,55389],[-39,-5],[-81,10],[-76,38],[-46,73],[-142,206],[-47,89],[-18,72],[-2,63],[33,55],[211,156],[137,110],[193,102],[356,177],[110,26],[62,-12],[28,-27],[14,-36],[56,-179],[-7,-65],[-15,-72],[-57,-100],[-104,-97],[-50,-77],[-34,-41],[-99,-37],[-57,-48],[-147,-76],[-27,-30],[-9,-62],[11,-75],[0,-52],[-19,-34],[-56,-32],[-79,-20]],[[104526,57204],[-37,-3],[-84,37],[-37,49],[-15,61],[-60,125],[-34,56],[-61,149],[-10,45],[4,41],[55,88],[107,100],[106,50],[73,10],[68,-11],[64,-55],[149,-211],[28,-60],[9,-50],[-21,-57],[-48,-189],[-37,-52],[-63,-45],[-130,-73],[-26,-5]],[[105197,58189],[-24,-7],[-54,9],[-89,38],[-30,23],[-19,59],[10,43],[34,48],[28,18],[78,7],[59,-34],[31,-66],[3,-60],[-27,-78]],[[107774,63241],[-58,-3],[-94,35],[-30,5],[-74,38],[-13,17],[-6,81],[36,82],[33,12],[47,-8],[-6,-69],[15,-22],[74,-43],[18,-23],[8,-39],[18,-17],[54,-11],[3,-18],[-25,-17]],[[107652,63170],[-18,-45],[-11,-56],[33,-106],[-50,-40],[0,-34],[21,-43],[5,-48],[30,-13],[4,-25],[-27,-20],[-117,7],[-70,-26],[-28,-32],[-86,-28],[-33,26],[-154,160],[-62,79],[-61,111],[-114,128],[-39,82],[-56,76],[-51,115],[-19,29],[-59,45],[42,11],[67,-3],[90,22],[138,1],[30,-5],[13,-66],[13,-130],[19,-109],[-1,-74],[25,9],[8,29],[1,115],[-9,59],[1,81],[12,20],[65,13],[33,51],[42,11],[67,0],[57,-37],[27,-29],[24,-79],[24,-109],[20,-25],[129,-57],[25,-41]],[[114268,59383],[135,-296],[76,-142],[75,-183],[62,-162],[16,-74],[-26,-65],[31,-44],[11,-55],[47,-95],[3,-44],[-41,-67],[13,-87],[51,-94],[59,-82],[60,-65],[50,-113],[-15,-89],[-64,-72],[-151,-129],[-32,-44],[30,-108],[-7,-73],[-30,-143],[-87,-111],[-61,-49],[-61,-39],[-156,-74],[-61,-20],[-112,-7],[-149,-14],[-121,-20],[-58,-34],[-52,-20],[-81,-62],[-49,-10],[-23,-23],[-55,-26],[-46,-12],[-35,-29],[-43,-10],[-161,4],[-135,-6],[-199,-45],[-209,49],[-97,27],[-63,26],[-74,43],[-40,-8],[-64,1],[-111,45],[-34,21],[-83,25],[-23,-8],[-147,1],[-83,35],[-85,55],[-22,54],[-57,58],[-5,25],[-57,16],[-107,-17],[-171,-4],[-45,-39],[-134,-134],[-59,-19],[-429,41],[-209,71],[-304,191],[-80,115],[-71,127],[-259,199],[-367,146],[-21,196],[-197,88],[-502,172],[-72,91],[-1,80],[156,16],[68,-4],[162,29],[50,12],[81,-9],[-174,228],[-47,230],[-43,250],[-24,313],[-19,-4],[-144,16],[-28,231],[-29,91],[-7,195],[12,103],[0,1587],[9,244],[42,143],[101,122],[83,89],[754,3],[-36,90],[-36,77],[-69,183],[4,121],[49,143],[30,65],[46,133],[26,52],[67,117],[100,124],[40,35],[63,111],[47,57],[134,101],[136,93],[223,150],[54,-1],[236,-70],[246,-80],[288,-197],[422,-410],[406,-431],[369,-429],[536,-710],[201,-304],[476,-628],[223,-360],[278,-560],[112,-193]],[[102542,127088],[69,-129],[-5,-43],[-31,-42],[-73,9],[-86,48],[-124,54],[-87,47],[-53,21],[-88,25],[-36,3],[-33,-25],[65,-51],[28,-34],[17,-62],[-7,-40],[-49,-87],[-59,-56],[41,-42],[40,-68],[151,-26],[82,-49],[43,-13],[85,3],[71,-19],[40,-38],[136,-42],[67,-40],[12,-26],[-7,-54],[-22,-52],[-13,-49],[4,-43],[34,-50],[94,-110],[38,-64],[-21,-43],[-33,-9],[-73,-4],[-50,-11],[-56,-33],[-24,-41],[5,-31],[60,-115],[54,21],[35,29],[66,12],[37,-14],[41,-31],[4,-17],[-46,-38],[7,-69],[16,-39],[12,-99],[10,-16],[118,14],[77,4],[112,-5],[32,-8],[46,-47],[47,-34],[50,-5],[61,36],[47,2],[97,-32],[70,-41],[95,-88],[26,-52],[-107,-78],[-69,-60],[-52,-61],[-33,-71],[-13,-61],[2,-28],[34,-75],[12,-58],[-44,-83],[-44,-105],[-14,-52],[-49,-125],[-45,-156],[-66,-170],[-53,-117],[-64,-103],[-56,-58],[-59,-73],[-109,-114],[-56,-50],[-31,-9],[-130,-130],[-115,-139],[-94,-86],[-50,-58],[-63,-63],[-127,-109],[-62,-46],[-115,-68],[-26,-2],[-34,19],[-19,30],[-61,140],[-73,60],[-62,0],[-94,-36],[-52,-35],[-35,-38],[-62,-53],[-52,-35],[-80,-64],[-153,-131],[-69,-101],[-35,-33],[-68,-87],[-27,-47],[5,-52],[36,-24],[78,-18],[0,-44],[59,10],[61,64],[28,48],[50,48],[77,49],[48,21],[49,8],[154,-4],[139,-29],[168,-29],[187,-9],[127,-22],[118,-31],[74,-54],[5,-28],[-36,-30],[-49,-2],[-93,19],[-30,-1],[-66,-41],[-52,-52],[-33,-81],[-10,-61],[84,-13],[37,-28],[52,-121],[19,-12],[55,21],[94,6],[123,13],[42,23],[17,36],[-7,75],[7,55],[37,107],[43,68],[51,44],[53,33],[61,17],[21,-10],[139,-97],[129,-65],[56,-8],[33,8],[19,35],[-31,35],[-106,99],[-27,47],[3,40],[14,25],[37,27],[91,13],[94,-9],[61,-22],[57,-36],[50,-53],[87,-136],[72,-132],[57,-150],[22,-45],[40,-142],[38,-106],[14,-87],[5,-91],[-2,-81],[8,-43],[-12,-124],[5,-84],[12,-63],[22,-70],[37,-91],[64,-146],[5,-73],[-35,-19],[-64,2],[-104,54],[-49,34],[-117,99],[-44,19],[-109,20],[-90,4],[-64,-8],[-78,-21],[-50,-24],[-28,7],[33,-43],[12,-47],[-5,-108],[8,-58],[42,-76],[13,-49],[-4,-52],[-30,-78],[-55,-89],[-52,-91],[-14,-42],[26,-21],[-5,-35],[-54,-115],[-3,-27],[41,-15],[94,2],[64,18],[10,18],[-99,111],[-13,50],[59,51],[36,11],[36,-11],[35,-26],[30,-40],[72,-26],[30,-26],[33,-5],[66,13],[75,65],[70,-9],[150,-51],[-12,-34],[9,-30],[23,-21],[72,-38],[21,-23],[-16,-52],[43,-22],[16,-22],[-13,-56],[33,-33],[-18,-36],[-44,-21],[88,-46],[46,-44],[8,-31],[64,-74],[50,-15],[54,-46],[30,-48],[40,-41],[58,-73],[7,-41],[-54,-28],[-61,-65],[-123,27],[-116,62],[-41,9],[-46,-11],[-22,-19],[-35,-82],[-47,-75],[-69,-91],[-37,-35],[-50,-35],[-98,-85],[-143,43],[-52,6],[-73,-6],[-113,-26],[-136,-69],[-52,-51],[-20,-56],[-2,-66],[67,-15],[73,-64],[64,-65],[115,-99],[92,-103],[86,-114],[55,-65],[67,-101],[80,-101],[32,-54],[41,-96],[36,-130],[16,-106],[-2,-89],[-15,-74],[-52,-69],[-71,-34],[-58,-2],[-189,21],[-144,30],[-93,13],[-195,35],[-302,67],[-210,35],[-145,11],[-230,-3],[-183,-22],[-112,-25],[-97,-33],[-29,-17],[-71,-77],[-43,-73],[-67,-161],[-73,-154],[-115,-221],[-47,-108],[-38,-120],[-17,-119],[2,-125],[9,-21],[88,0],[18,51],[49,34],[59,14],[159,27],[114,36],[70,28],[124,33],[100,55],[133,55],[119,25],[89,2],[60,-15],[70,7],[27,-73],[1,-52],[-9,-86],[-18,-67],[-33,-79],[-41,-68],[-61,-69],[-109,-101],[-61,-46],[-263,-162],[-150,-74]],[[62243,70920],[-143,27],[-45,25],[-47,102],[-37,63],[-19,58],[-69,125],[-39,46],[-61,48],[-101,29],[-100,58],[-56,48],[-40,47],[-23,42],[-23,76],[-3,85],[26,109],[1,55],[-10,30],[-31,27],[-52,26],[-48,10],[-134,7],[-82,-12],[-123,-5],[-136,6],[-77,-2],[-73,12],[-95,1],[-48,7],[-123,35],[-61,22],[-75,42],[-134,49],[-161,37],[-81,-6],[39,-199],[-23,-85],[-6,-49],[-25,-75],[-81,24],[-127,46],[-73,23],[-193,92],[-93,64],[-29,12],[-51,-15],[-92,11],[-267,108],[-63,49],[5,49],[23,93],[-6,30],[69,2],[9,16],[54,27],[26,0],[75,42],[70,15],[80,-21],[139,-62],[-31,44],[-59,43],[-69,72],[-20,38],[-41,46],[-85,128],[-58,116],[-50,114],[-33,108],[1,92],[-41,32],[-106,96],[-95,123],[-47,49],[-148,140],[-106,51],[-68,57],[-68,39],[-68,27],[-68,17],[-81,-5],[-63,25],[-71,0],[-138,51],[-47,25],[-13,26],[12,32],[75,152],[106,273],[0,37],[-17,187],[-27,47],[-52,113],[-38,69],[-82,34],[-90,57],[-92,69],[-28,32],[-30,66],[3,52],[-6,118],[11,64],[33,89],[24,49],[30,24],[22,47],[7,49],[-26,32],[-92,45],[-189,73],[-98,27],[-185,27],[-68,15],[-114,12],[-117,24],[-142,49],[-79,42],[-79,66],[-60,72],[-49,91],[-14,56],[0,65],[-19,76],[-20,172],[-33,192],[-22,56],[-84,187],[-110,197],[-38,59],[-49,34],[-49,-9],[-84,-3],[-60,32],[-106,-5],[-66,7],[-100,37],[-55,59],[-30,91],[35,86],[52,69],[59,99],[74,88],[46,82],[2,46],[-19,30],[-34,81],[-54,81],[-31,66],[-56,9],[-86,21],[-92,12],[-151,8],[-112,33],[-93,49],[-147,51],[-256,106],[-112,69],[-161,93],[-71,51],[-240,209],[-36,66],[-87,84],[-98,101],[-99,142],[-60,145],[-22,119],[5,39],[47,59],[87,64],[100,35],[55,2],[65,13],[46,-7],[77,-30],[71,-17],[109,-61],[76,-62],[41,-61],[33,-69],[14,-84],[55,-120],[49,-57],[29,-14],[185,125],[13,54],[15,10],[29,106],[73,69],[84,31],[-18,-60],[48,-10],[168,39],[146,-48],[68,27],[85,67],[43,25],[248,64],[41,22],[35,37],[36,86],[30,114],[29,72],[-10,60],[-22,68],[-32,74],[-38,68],[-89,106],[-78,68],[-64,68],[-54,83],[-3,65],[22,92],[63,128],[25,60],[63,51],[101,57],[117,26],[176,6],[212,3],[151,9],[60,0],[66,23],[57,40],[25,46],[6,45],[-72,112],[-48,22],[-69,60],[-212,71],[-85,-6],[-63,-20],[-67,-6],[-53,9],[-79,0],[-82,14],[-132,-26],[-199,-60],[-259,-115],[-116,-48],[-48,-35],[-75,-26],[-192,-128],[-111,-69],[-223,-205],[-98,-60],[-53,2],[-92,31],[-54,29],[-38,48],[-50,77],[-38,83],[-45,57],[-38,94],[-41,79],[-35,49],[-25,79],[-4,38],[16,108],[34,120],[10,94],[-10,37],[25,134],[31,111],[44,125],[25,32],[114,97],[29,52],[-149,18],[3,19],[75,94],[40,92],[32,89],[3,31],[-94,176],[-39,55],[-61,50],[-97,108],[-11,19],[-110,111],[-114,133],[-116,52],[-68,1],[-90,-12],[17,-41],[-38,-11],[-218,-18],[-120,-29],[-160,-74],[-136,-42],[-115,-30],[-70,0],[-110,57],[-41,29],[-26,36],[-30,109],[-18,109],[-15,34],[-8,84],[18,129],[29,115],[47,58],[16,35],[112,137],[76,63],[87,44],[61,57],[61,43],[75,33],[221,64],[58,21],[53,5],[133,-11],[92,13],[61,17],[51,33],[-45,72],[-70,74],[-65,43],[-79,41],[-158,64],[-61,21],[-209,50],[-160,16],[-77,-4],[-66,-20],[-117,-3],[-74,18],[-71,32],[-75,52],[-83,48],[-113,100],[-84,129],[-9,56],[110,83],[-83,120],[-40,86],[-80,143],[-36,51],[-74,155],[-24,65],[-53,93],[-110,140],[-56,55],[64,156],[32,50],[140,95],[-129,39],[-25,74],[-89,211],[-25,30],[30,115],[55,266],[-9,111],[-19,43],[-98,89],[-44,31],[-34,38],[-37,57],[-13,47],[22,25],[47,30],[67,23],[58,5],[197,-4],[69,3],[-57,172],[-48,131],[-62,215],[-41,116],[-46,173],[-63,252],[-13,95],[-17,193],[-5,92],[-1,133],[-11,135],[-24,124],[19,93],[8,77],[44,109],[38,66],[37,91],[60,171],[-11,154],[-16,69],[2,57],[-15,72],[-28,65],[-192,172],[-123,88],[-102,96],[-211,150],[-150,92],[-160,90],[-160,68],[-377,149],[-108,40],[-127,26],[-155,47],[-311,109],[-120,56],[-101,30],[-138,17],[-80,1],[-138,-13],[-54,-48],[-107,-105],[12,-16],[11,-114],[-29,-66],[-11,-68],[-37,-121],[-99,14],[-44,15],[-25,-89],[72,-105],[36,-65],[91,-137],[20,-45],[-4,-72],[-23,-55],[-23,-25],[-58,-43],[-58,-26],[-94,-14],[-109,-1],[-100,8],[-79,29],[-123,81],[-58,71],[-54,103],[-28,106],[-21,122],[2,114],[7,73],[-6,189],[49,200],[75,186],[176,191],[291,146],[327,110],[129,4],[143,-1],[114,-34],[97,2],[95,27],[87,79],[31,38],[21,63],[-12,25],[-50,63],[-70,32],[-156,41],[-85,15],[-83,2],[-132,10],[-105,34],[-185,70],[-92,38],[-52,36],[-44,65],[-80,174],[-99,240],[-14,90],[18,247],[-6,66],[-47,109],[-48,58],[-160,153],[-161,193],[-69,57],[-38,19],[-76,14],[-146,2],[-74,7],[-40,18],[-48,48],[-2,53],[50,92],[51,53],[194,182],[88,105],[93,147],[11,60],[2,51],[-10,53],[-35,77],[-235,222],[-98,61],[-94,34],[-443,89],[-135,24],[-121,12],[-114,-5],[-81,4],[-99,22],[-69,57],[-82,109],[-10,54],[23,60],[37,71],[57,66],[35,32],[10,55],[20,13],[-17,33],[-64,84],[-91,111],[-29,9],[-166,100],[-202,102],[-171,100],[-81,79],[-52,76],[-48,58],[-93,93],[-38,25],[-47,13],[-83,1],[-144,-30],[-181,-58],[-71,-27],[-112,-25],[-147,-64],[-67,-5],[-81,-31],[-31,-20],[6,-26],[67,-14],[41,-19],[0,-51],[-46,-45],[-79,-56],[-111,-41],[-105,-28],[-49,-5],[-110,18],[-57,29],[-75,56],[-84,46],[-59,10],[-79,1],[-195,-8],[-75,14],[-15,20],[1,45],[49,147],[7,54],[-9,32],[-48,78],[-60,55],[-112,73],[-109,52],[-157,115],[-141,109],[-116,100],[-102,73],[-47,44],[-17,52],[-9,99],[16,123],[-11,51],[-26,27],[-116,68],[-73,36],[-80,71],[-23,53],[-11,58],[-11,156],[-11,54],[-47,79],[-52,44],[-68,39],[-89,32],[-195,32],[23,34],[11,48],[42,-4],[17,46],[24,35],[23,4],[11,25],[85,10],[28,77],[129,-23],[33,76],[148,7],[36,57],[13,45],[-6,64],[13,29],[82,96],[1,39],[49,93],[30,131],[22,8],[1,46],[-133,0],[-50,-10],[-28,-18],[-123,29],[-44,30],[79,120],[-50,97],[86,-12],[35,30],[94,-22],[39,-15],[22,47],[28,8],[92,-13],[67,7],[104,28],[9,19],[31,7],[-11,90],[-59,21],[12,53],[45,-3],[1,37],[18,123],[-7,57],[-88,4],[-12,90],[14,44],[42,-15],[11,44],[-8,45],[5,94],[25,123],[55,125],[62,124],[3,39],[51,112],[14,55],[28,9],[1,44],[-35,16],[0,18],[36,70],[17,59],[-6,14],[-52,10],[27,151],[29,13],[94,-1],[18,96],[44,74],[42,6],[-3,33],[34,49],[38,26],[97,31],[25,31],[59,-5],[12,11],[1,106],[-7,96],[-19,68],[34,85],[7,121],[-4,105],[-6,46],[18,32],[59,26],[6,18],[50,12],[40,40],[30,14],[-2,75],[30,44],[78,-9],[25,17],[74,10],[-6,22],[-39,15],[-20,71],[-69,25],[-38,1],[-22,25],[53,67],[43,107],[9,63],[-8,17],[-64,28],[-9,40]],[[43454,103647],[3,54],[12,46],[50,23],[36,-5],[55,-29],[106,3],[65,108],[-15,45],[11,25],[-27,2],[3,25],[-23,28],[12,63],[5,303],[-5,5],[354,-37],[293,-52],[93,-26],[92,-65],[87,-100],[204,-270],[122,-155],[45,-51],[55,-43],[162,-71],[160,-91],[281,-148],[248,-155],[111,-77],[232,-178],[172,-147],[150,-114],[155,-129],[142,-96],[248,-126],[314,-150],[329,-138],[15,-78],[64,-28],[496,-220],[88,-29],[293,-121],[140,-43],[109,-1],[163,-12],[371,-38],[87,-19],[35,88],[73,-20],[148,-62],[156,-43],[60,-7],[14,-104],[35,-9],[145,-18],[111,-27],[85,-15],[53,2],[113,79],[38,39],[112,84],[5,29],[137,-14],[128,-27],[167,-32],[151,-12],[259,6],[100,11],[159,-15],[201,-31],[207,-27],[128,6],[162,42],[-3,14],[37,31],[1,53],[15,1],[110,61],[50,34],[31,-4],[296,-92],[-40,-75],[229,-70],[160,4],[116,13],[52,20],[91,20],[187,34],[423,36],[89,1],[135,22],[105,31],[94,51],[130,84],[94,73],[111,74],[42,38],[141,42],[52,1],[67,24],[145,109],[37,15],[-34,15],[-14,131],[33,0],[-38,113],[-26,29],[-63,3],[-56,44],[-107,131],[-222,229],[-134,115],[-23,32],[-33,72],[-27,100],[-36,92],[-64,10],[-32,31],[-15,45],[-34,220],[-35,30],[-28,3],[-44,-20],[-60,-68],[-22,-40],[-10,-42],[-1,-78],[-9,-88],[-46,-2],[-12,14],[-7,80],[6,82],[-36,31],[126,141],[56,91],[-8,42],[-49,87],[-19,85],[10,37],[26,44],[42,40],[94,43],[-34,111],[-22,9],[-59,-22],[-42,25],[-17,62],[3,34],[25,36],[43,36],[-20,61],[-42,153],[-50,162],[-7,45],[31,-7],[-5,63],[-11,34],[-2,52],[-36,188],[-37,7],[-51,-9],[-78,-2],[-68,5],[-44,12],[-48,32],[4,37],[57,73],[-2,69],[-25,70],[-11,62],[-22,26],[-3,30],[-41,50],[55,28],[47,8],[4,30],[48,23],[26,25],[52,-2],[40,13],[58,-30],[-22,750],[6,421],[40,224],[81,140],[213,242],[475,370],[36,33],[92,60],[190,104],[57,37],[135,64],[99,36],[114,35],[138,25],[173,18],[83,-8],[57,-21],[8,5],[113,-4],[100,6],[93,20],[69,22],[167,73],[45,16],[104,52],[125,80],[55,55],[50,61],[-14,35],[-27,132],[18,13],[69,4],[75,16],[75,23],[47,21],[61,40],[76,78],[25,37],[96,102],[18,24],[125,122],[76,59],[62,37],[201,170],[41,52],[85,128],[54,100],[21,48],[39,129],[9,44],[6,98],[11,95],[-2,135],[-17,80],[-43,57],[-86,140],[-48,124],[-16,61],[-16,111],[0,46],[11,89],[1,90],[-11,94],[-2,109],[8,135],[-6,114],[37,101],[64,105],[24,56],[6,53],[-24,42],[-46,37],[-187,77],[-74,41],[-67,70],[-49,75],[-26,81],[-37,142],[-43,38],[-8,21],[-94,-13],[-93,-34],[-73,-6],[-84,-18],[-60,-23],[-37,-6],[-55,4],[-138,87],[-48,65],[-30,59],[-10,39],[10,20],[110,117],[46,31],[70,28],[68,15],[43,2],[126,18],[70,6],[97,20],[-26,107],[-20,101],[-38,111],[-34,118],[-33,145],[-53,135],[-71,170],[-29,134],[-30,68],[-12,67],[-27,89],[-26,70],[-20,83],[-25,73],[-8,57],[-25,96],[-7,78],[-31,151],[-5,77],[-27,236],[5,109],[-6,43],[8,59],[31,115],[61,113],[37,88],[16,25],[24,98],[2,52],[21,87],[6,105],[-4,139],[-6,58],[-26,112],[-13,158],[-52,130],[-48,70],[-40,48],[-43,38],[-118,75],[-110,92],[-66,116],[-16,41],[-30,145],[4,96],[15,60],[21,47],[11,82],[-12,90],[0,90],[-33,128],[-19,50],[-44,83],[-21,26],[-89,67],[-132,112],[-41,11],[-89,46],[-60,42],[-67,35],[-67,65],[-35,52],[-30,64],[-12,124],[15,95],[31,103],[40,63],[61,60],[105,84],[130,126],[62,94],[24,81],[12,112],[-3,91],[-11,83],[-36,143],[-55,173],[8,9],[57,1],[233,-23],[73,-3],[-72,59],[-67,122],[-3,20],[85,0],[-29,88],[-38,47],[-70,32],[-54,59],[-63,23],[-126,34],[-39,-16],[14,-56],[-73,-27],[-74,141],[-47,125],[-107,267],[-53,113],[-34,167],[-5,75],[4,84],[8,33],[45,129],[69,116],[45,93],[43,62],[37,72],[-14,14],[-194,-5],[-42,10],[-117,-8],[-11,19],[9,43],[-1,49],[-11,37],[13,100],[-9,22],[5,42],[-14,24],[34,68],[-5,22],[-44,29],[-1,45],[32,29],[36,13],[17,-21],[36,0],[27,23],[43,-1],[35,21],[75,99],[68,71],[91,119],[45,82],[-25,36],[-51,-3],[-27,-13],[-52,-44],[-97,-66],[-41,6],[-34,45],[10,84],[14,44],[48,77],[30,38],[85,78],[4,51],[89,120],[4,50],[-30,85],[-22,28],[-1,33],[-18,43],[-47,15],[-71,-39],[-24,1],[-17,24],[-7,52],[-15,41],[-58,80],[-118,14],[-67,53],[-20,-16],[-54,57],[-96,1],[-39,40],[-23,58],[-1,39],[24,48],[84,64],[49,21],[50,-5],[107,-42],[30,-25],[50,-21],[18,16],[14,47],[1,100],[12,25],[26,108],[-37,35],[-77,18],[-34,38],[23,58],[61,3],[15,25],[-3,33],[-41,10],[-4,39],[17,11],[111,-1],[50,-6],[85,2],[149,-14],[53,4],[54,23],[18,53],[140,4],[52,10],[-17,134],[-13,51],[-3,111],[-19,115],[-12,34],[-6,64],[13,89],[21,52],[56,71],[78,53],[62,33],[114,51],[142,87],[68,36],[106,70]],[[57314,125280],[63,-75],[21,-13],[94,-23],[153,-11],[76,-1],[53,-8],[50,8],[68,26],[126,-24],[14,10],[-25,45],[-48,50],[-5,37],[30,49],[61,51],[77,24],[87,3],[15,7],[18,46],[-13,27],[-85,36],[-86,2],[-18,15],[53,45],[0,24],[-32,27],[-34,10],[-18,30],[40,53],[35,11],[59,-44],[28,-79],[25,-11],[17,14],[39,77],[70,93],[40,31],[33,-8],[75,-2],[37,-16],[44,-3],[21,15],[5,32],[-93,100],[-61,53],[-14,25],[1,65],[19,28],[68,33],[64,63],[40,53],[31,21],[88,15],[-50,7],[-52,23],[-107,80],[-1,21],[33,25],[-27,21],[0,21],[55,37],[65,21],[37,-9],[118,-60],[33,17],[4,17],[-36,59],[-1,30],[33,41],[60,17],[70,10],[28,23],[2,30],[-18,31],[9,14],[5,68],[-2,66],[45,-17],[140,-88],[85,-57],[32,-13],[23,45],[7,109],[-29,49],[-104,66],[-52,51],[-54,71],[-24,50],[-42,58],[-3,19],[24,37],[42,17],[59,-20],[23,10],[26,72],[-11,23],[-70,25],[-45,48],[1,41],[-23,35],[6,46],[55,44],[72,15],[126,2],[67,-34],[58,1],[119,-25],[121,18],[54,18],[71,40],[72,55],[17,25],[-74,88],[-8,36],[-35,79],[8,108],[48,62],[27,48],[48,54],[48,68],[123,141],[74,143],[24,16],[26,-8],[25,-51],[92,-67],[52,-23],[85,-19],[60,5],[54,13],[100,42],[51,47],[19,43],[10,54],[18,13],[34,-2],[14,21],[-4,51],[9,17],[-5,71],[-23,111],[-28,80],[-38,82],[-31,89],[-52,109],[-56,59],[-58,37],[-37,14],[-7,20],[-111,81],[-75,60],[-31,4],[-41,32],[-23,37],[-17,70],[2,170],[20,34],[12,82],[19,82],[-11,69],[-47,94],[-7,91],[19,116],[47,82],[62,77],[40,-3],[15,30],[-23,38],[-68,-3],[-39,26],[48,44],[34,-2],[116,-21],[75,1],[22,-26],[1,-46],[50,-38],[45,-45],[53,12],[43,-53],[37,-1],[46,18],[39,-8],[47,-45],[37,-14],[12,12],[-10,91],[-15,24],[-69,56],[38,39],[39,-3],[23,-24],[42,-72],[-13,-40],[25,-4],[21,-27],[40,-25],[20,-34],[41,41],[35,5],[20,-26],[26,11],[47,73],[7,45],[-7,32],[37,34],[59,21],[27,64],[37,4],[61,-8],[110,-27],[74,-33],[30,8],[-1,45],[-22,24],[-45,-1],[-8,56],[25,50],[33,3],[60,-12],[-13,61],[-48,10],[-36,-21],[-36,12],[-50,45],[-46,32],[9,49],[34,22],[23,-7],[8,-37],[54,-27],[111,3],[48,15],[67,33],[66,18],[26,25],[0,62],[81,-4],[13,-19],[-28,-69],[-9,-43],[36,-12],[76,-60],[44,-73],[46,-22],[3,-25],[-30,-33],[7,-47],[38,-99],[-2,-40],[41,1],[64,36],[38,-4],[25,-15],[35,-3],[27,22],[39,12],[43,0],[87,-17],[49,1],[69,-23],[55,-63],[24,-83],[-25,-71],[56,24],[13,-30],[-47,-36],[-89,-28],[-29,-39],[39,-31],[51,37],[33,-28],[26,-4],[0,-38],[47,-51],[44,-67],[-15,-19],[46,-43],[39,21],[55,-36],[51,-51],[42,-29],[92,-18],[104,9],[9,43],[22,35],[48,10],[100,-40],[27,5],[59,96],[24,19],[32,-22],[26,-35],[41,-7],[98,56],[14,30],[-21,22],[-12,64],[19,58],[4,47],[16,34],[58,-3],[24,33],[25,6],[-8,57],[14,14],[78,-3],[3,24],[-38,120],[54,50],[98,11],[83,1],[23,10],[152,5],[49,18],[-5,18],[44,27],[-31,27],[-7,21],[32,30],[76,-39],[42,25],[6,56],[21,75],[12,11],[63,-16],[37,-1],[17,23],[36,13],[7,28],[-50,8],[38,52],[43,78],[20,59],[8,75],[-28,60],[-22,27],[-14,63],[0,67],[71,100],[57,32],[43,0],[36,34],[57,13],[24,52],[76,0],[29,42],[10,-57],[143,-2],[5,-16],[65,9],[25,-15],[125,-35],[62,-23],[42,-29],[29,10],[87,93],[61,42],[50,21],[106,23],[59,21],[58,9],[144,-18],[23,-12],[22,-36],[25,22],[-12,27],[44,33],[32,78],[51,32],[42,13],[108,-2],[22,6],[98,-56],[-16,-56],[38,-6],[32,-18],[24,-59],[32,-20],[19,-39],[84,-26],[22,-22],[-2,-64],[12,-36],[28,-37],[18,-7],[42,-55],[26,-20],[17,-40],[26,-21],[2,-30],[-18,-64],[-3,-55],[16,-25],[31,-11],[4,-39],[15,-12],[-42,-74],[4,-16],[85,-7],[27,-14],[49,-6],[21,-29],[-43,-18],[-72,23],[-14,-15],[68,-54],[24,-49],[-36,-16],[-76,9],[-82,-2],[-45,-25],[10,-73],[-17,-111],[-17,-59],[27,-81],[4,-42],[21,-55],[4,-33],[24,-25],[115,9],[231,-2],[60,3],[149,-3],[177,11],[130,13],[125,-2],[96,9],[123,3],[17,6],[63,-54],[63,-34],[37,-32],[6,-28],[-49,-37],[-3,-47],[-14,-30],[13,-93],[-57,-113],[-33,-50],[-48,-58],[-23,-64],[6,-40],[27,-24],[17,-49],[9,-53],[19,-26],[77,-53],[-35,-91],[5,-31],[44,-59],[36,-31],[36,-44],[19,-40],[2,-33],[-16,-93],[-27,-83],[-32,-59],[-4,-26],[17,-34],[48,-56],[93,-60],[34,-91],[30,-53],[38,-36],[13,-76],[20,-56],[13,-61],[-21,-47],[38,-52],[0,-59],[14,-31],[19,-92],[-5,-74],[23,-50],[-21,-32],[-39,-28],[0,-65],[29,-96],[30,-30],[45,-28],[47,-12],[39,-21],[40,-69],[6,-68],[-21,-53],[-35,-34],[-16,-32],[5,-52],[30,-79],[-9,-26],[25,-65],[32,-41],[8,-35],[-53,-106],[-18,-64],[-27,-59],[-24,-80],[-17,-32],[-40,-13],[-69,16],[-41,3],[-29,-73],[-5,-45],[-40,-52],[-23,-46],[-38,-47],[-12,45],[-21,13],[-65,6],[-39,-21],[-14,-67],[8,-53],[-9,-87],[12,-77],[-3,-53],[-27,-119],[-44,-100],[-74,-64],[-7,-48],[172,-174],[57,-80],[57,-97],[25,-25],[107,-154],[27,-16],[14,-55],[24,-13],[207,10],[72,-13],[47,-19],[18,-26],[6,-43],[-12,-24],[-39,-34],[-71,-32],[-21,-21],[-15,-42],[9,-45],[45,-80],[5,-42],[74,-188],[130,-355],[107,-223],[23,-32],[48,-18],[85,10],[54,24],[56,5],[-27,-60],[9,-72],[83,-175],[26,-77],[42,-82],[56,-148],[29,-11],[48,82],[44,45],[81,43],[47,10],[47,0],[36,-13],[54,-51],[36,-65],[-4,-46],[109,-91],[31,-19],[45,-4],[60,27],[65,-23],[37,-54],[36,-12],[49,16],[37,-7],[66,-41],[113,-39],[18,-13],[9,-54],[-20,-32],[-50,-20],[-130,-83],[-7,-47],[12,-48],[23,-38],[25,-10],[57,-45],[35,1],[128,77],[51,-5],[58,-43],[14,-52],[29,-41],[45,-33],[89,-26],[37,-37],[26,-71],[45,-88],[72,-79],[41,-36],[61,-7],[59,23],[80,-11],[30,18],[16,77],[43,5],[68,-66],[70,-5],[22,-12],[52,-56],[59,-27],[-5,-10],[-81,-17],[-44,-27],[-63,-71],[-26,-13],[-119,-25],[-25,-21],[-34,-70],[-131,-82],[-102,-45],[-16,-27],[-30,-163],[-36,-14],[-379,-6],[-16,-31],[13,-166],[18,-59],[20,-103],[9,-12],[90,-23],[137,-49],[17,-50],[-16,-92],[0,-39],[18,-1],[4,-67],[30,-116],[-7,-57],[6,-26],[79,-39],[5,-56],[39,-21],[27,-29],[8,-59],[18,-33],[28,-21],[54,-106],[23,-19],[8,-29],[40,-46],[91,-54],[56,-12],[32,-23],[41,-13],[14,-31],[31,-14],[18,-33],[46,-17],[93,33],[47,-1],[22,31],[32,2],[6,-47],[-25,-68],[-29,-126],[-11,-84],[-15,-41],[-58,-219],[-57,-156],[-86,-309],[-50,-170],[-76,-212],[-41,-126],[-17,-90],[-24,-62],[-116,-412],[-6,-58],[18,-32],[8,-70],[10,-29],[98,-139],[6,-29],[-4,-69],[12,-9],[132,-24],[121,-43],[86,0],[82,23],[24,-3],[9,-31],[-35,-73],[7,-116],[33,-70],[23,-33],[102,-117],[47,-45],[29,-116],[59,-147],[9,-77],[19,-22],[9,-48],[-6,-124],[-25,-86],[5,-38],[21,-40],[32,-36],[39,-12],[22,-42],[26,-29],[7,-37],[40,-9],[40,-54],[32,-14],[133,1],[45,-5],[8,-28],[29,-14],[71,33],[14,-8],[73,-8],[8,-27],[28,31],[38,3],[23,-17],[25,13],[0,-59],[24,-8],[17,-32],[46,-3],[1,-21],[77,-18],[4,-27],[-36,-23],[0,-15],[55,-25],[-12,-24],[15,-37],[52,7],[5,-29],[104,7],[94,24],[64,30],[27,20],[33,45],[73,76],[103,62],[72,26],[68,53],[84,90],[133,55],[44,25],[58,-17],[27,81],[18,27],[46,37],[93,39],[72,-4],[53,-18],[17,21],[94,-22],[123,-76],[86,-58],[51,-21],[108,3],[96,-15],[12,27],[22,1],[32,41],[10,-35],[25,18],[-9,38],[25,-2],[29,36],[30,14],[4,23],[35,-2],[4,20],[28,11],[-13,24],[19,20],[91,1],[26,-40],[63,13],[0,-52],[27,-3],[-18,-49],[5,-31],[-17,-74],[9,-30],[-26,-116],[5,-12],[67,-47],[51,-27],[27,-98],[39,-48],[101,-1],[22,11],[160,54],[165,62],[22,16],[36,130],[7,7],[60,-38],[54,9],[39,16],[46,2],[36,-19],[71,-122],[34,-28],[41,-49],[45,-74],[46,29],[130,19],[100,31],[22,-19],[46,30],[21,30],[16,81],[42,39],[26,37],[54,32],[5,13],[13,134],[68,83],[45,29],[30,34],[10,33],[74,91],[39,38],[141,113],[21,-21],[10,-80],[18,-11],[53,-1],[42,32],[-6,61],[27,45],[45,19],[-17,106],[-16,4],[-6,72],[6,21],[-31,47],[5,70],[22,52],[-24,39],[-9,48],[20,29],[1,51],[16,32],[-25,45],[-6,68],[41,12],[51,-17],[49,43],[105,132],[55,74],[55,31],[52,-4],[119,22],[89,2],[112,-17],[127,25],[95,-5],[69,-33],[78,-65],[85,-149],[20,-18],[88,-25],[52,-49],[115,-29],[53,-71],[50,-35],[1,-23],[-21,-19],[14,-29],[92,0],[32,-5],[10,-71],[57,-7],[38,-28],[62,3],[40,-7],[20,-17],[34,-100],[69,-83],[54,-11],[83,-1],[33,7],[51,53],[77,-15],[230,-51],[98,-15],[89,-7],[80,-14],[45,-24],[72,-91],[53,-32],[29,-26],[101,-65],[83,-24],[80,16],[40,-21],[-2,-25],[-142,-183],[-121,-179],[-18,-36],[1,-59],[21,-29],[37,-24],[112,-26],[75,-5],[115,-39],[69,-36],[48,-34],[53,-74],[33,-25],[97,-19],[140,-74],[42,-31],[14,-45],[-91,-150],[3,-9],[86,-11],[69,-36],[114,-96],[85,-89],[72,-41],[88,9],[32,-2],[42,-24],[96,-79],[80,-94],[84,-112],[40,-41],[43,-19],[64,-13],[58,0],[70,14],[93,33],[54,29],[120,90],[92,126],[48,29],[189,71],[99,64],[94,81],[123,59],[59,33],[72,24],[192,-10],[56,28],[43,46],[62,36],[120,-3],[57,-10],[127,-41],[52,-34],[95,-82],[81,-79],[35,-21],[98,-26],[55,-20],[59,-12],[136,-9],[14,71],[11,139],[-4,56],[-13,45],[-26,37],[-65,46],[-44,21],[-20,24],[-4,41],[-51,79],[-30,8],[-9,65],[-13,187],[10,98],[15,66],[8,114],[-2,36],[-33,136],[-21,143],[-30,106],[-61,113],[-18,44],[-108,152],[-54,66],[-67,90],[-36,61],[-44,107],[-38,69],[-70,99],[-60,76],[-20,6],[-75,-15],[-12,21],[-37,10],[-18,47],[33,85],[26,36],[77,30],[56,88],[30,129],[60,89],[100,59],[27,28],[47,80],[38,144],[25,138],[5,189],[33,34],[57,-4],[23,18],[53,210],[26,44],[34,40],[5,23],[-33,28],[-25,52],[-11,100],[53,104],[40,43],[15,57],[-6,23],[23,82],[20,37],[83,67],[8,22],[-3,53],[-13,29],[-29,25],[39,227],[-106,94],[-160,120],[-3,21],[70,28],[1,43],[13,48],[-32,39],[-35,-9],[-29,12],[-34,35],[-47,96],[-61,44],[-79,25],[-89,14],[-272,21],[-49,9],[-50,36],[-52,52],[-74,19],[-59,2],[-144,24],[-127,41],[-31,14],[-98,65],[-15,-8],[-18,-69],[-33,-10],[-84,82],[-47,12],[-79,9],[-68,19],[-50,30],[-28,65],[-43,134],[-24,45],[-80,31],[-95,61],[-3,48],[9,71],[-38,43],[-9,29],[-65,111],[1,27],[53,112],[-1,23],[-34,39],[3,57],[-27,125],[-1,107],[93,52],[92,25],[40,20],[38,47],[16,40],[5,44],[-29,157],[48,-9],[107,10],[24,18],[21,60],[43,29],[78,-6],[61,36],[17,-37],[20,-17],[53,-3],[48,11],[148,56],[18,-1],[162,-59],[112,-23],[36,1],[63,-18],[30,-25],[10,-36],[-3,-57],[162,-83],[39,-36],[152,-185],[17,-8],[73,-62],[32,-11],[97,41],[54,11],[26,-18],[-1,-48],[-40,-82],[23,-22],[71,-8],[92,9],[125,56],[24,6],[66,-14],[35,-41],[1,-31],[34,-34],[98,17],[55,1],[76,-21],[39,-32],[1,-68],[18,-13],[84,-30],[60,-83],[49,-2],[162,34],[43,-2],[86,-22],[119,-15],[59,33],[25,55],[16,124],[-6,102],[-71,53],[-11,61],[19,24],[84,-5],[40,36],[47,105],[15,51],[-6,54],[-79,67],[-30,10],[-2,26],[46,11],[8,13],[-57,41],[-4,28],[38,19],[-5,21],[-38,16],[16,21],[32,-1],[15,18],[-29,7],[3,27],[34,-10],[8,20],[-37,13],[-7,44],[27,13],[95,3],[15,15],[-3,88],[8,38],[56,45],[43,1],[73,-21],[64,43],[79,18],[2,64],[88,71],[59,22],[34,27],[47,-19],[27,-44],[6,-51],[-7,-78],[25,-80],[-36,-130],[-5,-101],[14,-24],[46,7],[92,-8],[39,-84],[13,-44],[-15,-27],[53,-23],[70,1],[12,-64],[19,-16],[27,11],[31,-92],[-11,-27],[23,-22],[-9,-38],[13,-62],[-20,-34],[27,-117],[22,-48],[62,-58],[28,-11],[22,-107],[17,4],[20,104],[42,37],[78,-1],[35,21],[49,16],[8,75],[31,64],[43,63],[34,33],[43,27],[40,8],[11,26],[-12,100],[15,17],[57,2],[62,96],[10,38],[31,41],[24,53],[16,82],[2,53],[-8,103],[18,98],[16,26],[62,2],[93,-51],[117,-96],[11,-26],[41,-14],[51,14],[12,14],[-27,24],[30,15],[-7,86],[55,14],[16,15],[10,44],[4,66],[19,11],[33,-56],[197,8],[89,-44],[89,-17],[116,-14],[47,19],[31,-9],[46,17],[40,32],[125,-15],[35,9],[133,-31],[38,-34],[107,-5],[27,38],[6,186],[-39,20],[-22,34],[-13,47],[43,21],[20,29],[28,-27],[30,-11],[43,12],[20,58],[20,145],[15,55],[95,65],[70,18],[14,64],[-22,49],[-63,73],[-16,33],[10,99],[42,68],[22,88],[28,14],[45,-31],[39,-12],[8,-27],[3,-69],[-18,-32],[-21,-9],[17,-25],[53,19],[35,41],[7,31],[-7,68],[53,93],[-16,23],[-51,28],[-8,15],[53,64],[18,51],[26,40],[85,73],[13,45],[-20,71],[-13,18],[-118,123],[18,25],[43,32],[40,43],[19,59],[21,16],[64,19],[49,34],[50,23],[26,28],[11,34],[-19,67],[77,85],[2,39],[-10,76],[-19,72],[-20,33],[10,30],[76,21],[41,1],[57,-22],[25,-43],[14,-47],[73,8],[81,-5],[116,-14],[98,-21],[38,-21],[45,-45],[33,50],[13,82],[26,30],[44,-15],[35,66],[62,77],[29,20],[52,18],[-43,45],[7,25],[31,26],[-2,35],[47,40],[21,58],[120,-46],[-2,36],[64,24],[46,32],[14,-2],[99,38],[38,-2],[49,-25],[8,-21],[-15,-21],[-9,-105],[21,-7],[38,37],[55,-30],[94,7],[33,-18],[83,15],[16,-20],[54,6],[68,-15],[10,-34],[48,14],[22,121],[19,8],[11,53],[63,26],[83,19],[124,-7],[167,-41],[81,-27],[44,-1],[77,52],[77,5],[28,-21],[60,-133],[39,1],[18,24],[176,65],[41,30],[10,79],[-1,49],[-25,95],[8,106],[-4,18],[-57,89],[-5,25],[109,-23],[119,25],[77,3],[76,12],[53,0],[51,-16],[14,-15],[5,-50],[80,3],[21,-17],[70,-180],[-4,-75],[28,-34],[80,3],[25,39],[16,6],[-7,44],[31,4],[65,-18],[37,50],[87,-5],[28,28],[87,-77],[35,-40],[75,12],[34,28],[23,33],[30,73],[20,9],[54,-1],[48,13],[42,101],[45,41],[23,1],[31,-104],[27,-53],[46,-49],[55,-21],[55,-7],[85,-40],[94,-62],[57,-52],[50,15],[26,38],[77,63],[27,29],[44,25],[52,11],[79,-46],[60,1],[34,-44],[80,-30],[73,20],[33,25],[136,-35],[101,5],[42,32],[105,63],[36,16],[56,7],[67,-22],[111,-60],[66,7],[58,58],[25,57],[-2,91],[25,53],[2,57],[-45,63],[-6,44],[54,100],[69,86],[82,143],[30,30],[53,26],[15,-14],[80,-5],[13,-40],[62,-31],[26,-4],[50,12],[22,-48],[76,1],[18,12],[31,-22],[8,-30],[-44,-10],[-13,-14],[34,-30],[-87,-11],[-41,-13],[-48,-99],[27,-46],[8,-33],[-8,-58],[4,-38],[57,-57],[37,29],[36,-9],[9,13],[54,23],[32,-8],[7,-36],[32,-5],[30,19],[47,7],[-19,47],[111,19],[30,18],[33,4],[97,34],[6,-28],[-52,-8],[-2,-19],[49,-18],[50,23],[68,17],[57,66],[5,41],[30,20],[210,38],[39,-6],[96,17],[47,-30],[23,-30],[37,-18],[18,-30],[45,-13],[-13,-42],[13,-11],[76,12],[94,-82],[-2,-72],[16,-18],[55,-9],[39,3],[136,-97],[40,-86],[39,-25],[31,2],[36,29],[24,1],[-6,-40],[22,-42],[34,-18],[52,19],[0,55],[-37,99],[29,20],[34,-16],[35,-43],[-13,-37],[72,-83],[57,-13],[33,26],[21,40],[-3,46],[-85,129],[23,35],[52,-6],[53,-25],[47,-11],[49,5],[52,27],[65,-60],[71,-13],[51,31],[10,35],[39,31],[44,-25],[41,65],[31,29],[68,15],[23,-21],[45,-18],[23,-21],[21,3],[18,35],[10,65],[41,72],[12,56],[29,55],[-12,64],[9,19],[57,1],[10,55],[-59,71],[-41,35],[-30,46],[-44,47],[-4,50],[32,51],[21,9],[-7,38],[-73,69],[-2,24],[45,9],[18,26],[0,28],[-52,43],[0,12],[64,49],[42,-11],[55,-57],[86,-31],[34,-32],[1,-47],[24,-58],[36,-1],[55,14],[46,3],[44,31],[26,33],[51,47],[27,-20],[3,-38],[23,-9],[26,47],[62,34],[39,0],[34,-30],[26,5],[49,29],[18,-16],[45,-69],[108,-96],[94,-36],[88,17],[60,34],[33,30],[31,54],[51,40],[13,70],[25,24],[60,12],[28,63],[26,-4],[6,-37],[31,-37],[34,-16],[42,6],[39,-30],[13,-30],[61,-57],[29,-19],[70,-15],[23,3],[55,40],[57,8],[49,44],[25,-16],[4,-116],[17,-98],[28,-75]],[[61192,43228],[-366,-71],[-85,-67],[-21,-96],[99,-270],[154,-483],[105,-474],[18,-247],[-4,-231],[-18,-243],[-72,-301],[-23,-165],[-13,-153],[13,-190],[37,-202],[45,-160],[45,-186],[46,-284],[45,-375],[9,-248],[1,-631],[-9,-193],[-9,-120],[-9,-182],[-4,-148],[-32,-95],[-127,-20],[-501,-63],[-303,-8],[-474,37],[-660,90],[-402,131],[-294,148],[-366,355],[-448,317],[-249,156],[-343,165],[-222,98],[-186,99],[-176,115],[-68,82],[-155,170],[-85,-150],[-107,-168],[-205,-468],[-176,-342],[-289,-685],[-175,-307],[-183,-308],[-237,-266],[-382,-307],[-366,-210],[-260,-113],[-290,-98],[-275,-42],[-291,-14],[-344,139],[-284,174],[-184,132],[-94,75],[-26,-355],[-121,-425],[-67,-136],[-56,-132],[-16,-109],[-10,-113],[43,-128],[44,-103],[200,-296],[114,-137],[103,-153],[130,-182],[119,-241],[32,-72],[-669,23],[-2413,-31],[-1073,496],[-350,414],[-426,-310],[-501,-176],[-542,-69],[-579,-69],[-577,1],[-579,-37],[-615,-5],[-578,27],[-385,-39],[-425,135],[-271,297],[-42,20],[-175,-374],[-996,-374],[-748,-229],[-1247,21],[-967,52],[-748,-89],[-404,-258],[-843,53],[-314,397],[-715,830],[-376,403],[-551,667],[-630,894],[-183,318],[-126,117],[-181,180],[-51,57],[-132,118],[-50,68],[-43,68],[-55,113],[-22,91],[-13,116],[1,78],[8,69],[37,155],[78,207],[56,98],[64,158],[49,96],[97,243],[49,142],[14,83],[33,316],[13,190],[5,157],[8,114],[-1,105],[-6,119],[-34,90],[-56,104],[-33,43],[-72,69],[-84,95],[-128,129],[-99,93],[-72,101],[-41,51],[-38,62],[-27,102],[0,60],[13,68],[5,198],[-1,115],[19,68],[76,196],[21,131],[16,43],[66,49],[135,57],[113,38],[277,58],[216,28],[77,-5],[108,-23],[103,-15],[123,-4],[22,13],[154,9],[58,31],[13,30],[34,114],[78,228],[56,222],[31,93],[59,213],[3,72],[-11,69],[-16,52],[-37,215],[0,74],[-8,112],[-11,92],[0,92],[6,141],[21,194],[27,170],[8,126],[93,59],[-24,119],[-41,243],[-37,81],[-70,96],[-106,107],[-87,106],[-91,92],[-114,122],[-55,64],[-67,24],[-49,32],[-26,41],[-40,148],[-27,59],[-46,47],[-63,32],[-68,92],[-55,85],[-64,124],[-45,126],[-23,85],[-12,65],[-36,116],[-28,121],[-52,174],[-17,80],[-32,106],[-18,100],[1,60],[-33,154],[5,52],[41,137],[65,160],[64,103],[89,104],[140,135],[57,66],[40,34],[116,32],[80,42],[123,36],[208,174],[128,126],[138,110],[46,28],[246,118],[60,36],[98,72],[77,78],[30,59],[32,105],[-8,85],[-25,53],[-29,37],[-78,50],[-57,17],[-37,-2],[-64,-24],[-46,-32],[-82,-76],[-76,-109],[-70,-106],[-53,-68],[-29,-20],[-53,-12],[-65,11],[-69,48],[-20,29],[-29,73],[-57,128],[-28,78],[-39,84],[-37,114],[-77,82],[-25,51],[-13,95],[18,87],[27,62],[76,58],[55,84],[42,53],[69,110],[37,92],[12,52],[-3,96],[-40,122],[-154,174],[-51,48],[-159,141],[-135,131],[-186,171],[-120,99],[-47,52],[-68,87],[-77,128],[-48,97],[-53,128],[-7,44],[-5,185],[2,79],[-9,113],[-24,14],[-7,60],[4,54],[-12,72],[-22,55],[-39,36],[-48,19],[-119,-34],[-92,-51],[-163,-105],[-110,-27],[-94,27],[-44,54],[14,52],[30,39],[67,68],[97,88],[40,44],[17,35],[-3,70],[-24,34],[-57,44],[-224,106],[-168,110],[-52,40],[-75,45],[-88,64],[-58,34],[-40,37],[-29,94],[4,80],[9,54],[14,34],[39,57],[37,33],[67,28],[126,28],[121,7],[72,-11],[73,-26],[97,-43],[109,-37],[35,-7],[79,3],[46,19],[24,21],[6,32],[-17,57],[-26,39],[-52,54],[-76,55],[-47,41],[-74,81],[-29,39],[-126,196],[-74,71],[-58,40],[-79,74],[-114,101],[-48,30],[-61,-12],[-180,-50],[-37,-2],[-109,39],[-51,55],[-11,83],[27,250],[31,134],[38,146],[6,38],[23,63],[1,60],[-11,47],[-71,155],[-3,26],[20,54],[64,88],[8,39],[-5,58],[-18,47],[-60,52],[-74,79],[-48,63],[-12,41],[11,84],[24,56],[70,82],[129,134],[35,49],[17,42],[10,49],[-27,64],[-50,50],[-75,62],[-146,99],[-144,90],[-90,78],[-111,118],[-20,51],[1,32],[29,46],[62,44],[98,41],[129,60],[37,30],[87,119],[73,76],[85,60],[161,70],[133,42],[28,24],[11,34],[-21,57],[-106,109],[-113,96],[-60,72],[-37,34],[-17,33],[-12,75],[12,52],[36,60],[90,124],[36,79],[13,97],[37,141],[18,131],[-11,63],[-26,56],[-56,65],[-66,43],[-102,54],[-83,77],[-125,129],[-38,59],[-56,140],[-114,227],[-40,124],[-9,125],[-19,93],[7,79],[-1,96],[-16,87],[-10,90],[-15,57],[-46,280],[-19,77],[-53,144],[-53,122],[-40,69],[-96,197],[-45,68],[-57,42],[-50,13],[-146,18],[-34,8],[-111,49],[-64,35],[-22,-4],[-135,33],[-137,14],[-37,11],[-48,27],[-87,35],[-105,32],[-76,11],[-133,64],[-57,40],[-48,58],[-5,38],[14,41],[55,31],[37,8],[121,-8],[48,-8],[129,-53],[67,-3],[63,-16],[99,-11],[44,2],[98,20],[42,25],[-22,103],[-53,141],[-46,93],[-41,111],[-14,75],[-9,96],[23,84],[56,97],[59,73],[46,42],[61,44],[102,61],[50,41],[120,111],[99,102],[43,59],[2,68],[-34,87],[-36,35],[-135,32],[-62,5],[-195,37],[-87,31],[-97,52],[-52,46],[-43,47],[-72,104],[-50,119],[-19,65],[-78,181],[-38,100],[-15,59],[-8,117],[16,49],[61,9],[-4,39],[-17,9],[50,35],[43,-40],[40,2],[0,37],[63,28],[1,29],[-17,18],[-55,22],[14,27],[119,71],[73,13],[84,-8],[18,12],[15,42],[54,36],[31,99],[1,26],[33,101],[25,100],[6,58],[-10,48],[4,48],[42,67],[51,38],[53,73],[64,77],[67,-11],[36,3],[105,-7],[15,26],[-27,20],[31,71],[7,33],[3,93],[-11,72],[-39,41],[-19,48],[-54,34],[-15,64],[-41,58],[-43,41],[-94,68],[-32,7],[-70,-36],[-32,10],[-30,35],[-39,19],[-128,80],[-106,54],[-173,103],[-63,52],[-84,40],[-24,34],[-7,65],[-36,104],[-22,99],[-18,17],[-32,4],[-48,29],[-117,47],[-47,53],[-25,49],[-24,66],[-11,116],[27,144],[14,47],[14,7],[28,65],[60,36],[-2,21],[27,54],[2,32],[-71,56],[-52,16],[-42,-5],[-63,-26],[-33,35],[-59,92],[24,34],[54,31],[22,41],[-31,27],[62,117],[66,99],[39,40],[32,9],[183,-28],[26,-2],[-6,80],[9,34],[24,39],[-51,16],[0,116],[-31,20],[16,12],[75,2],[78,14],[-18,49],[5,25],[25,13],[40,-2],[84,-20],[59,-21],[11,29],[-12,125],[5,64],[21,50],[59,27],[-5,40],[20,18],[37,-46],[62,-33],[35,6],[32,25],[33,8],[16,35],[143,141],[64,-30],[25,2],[14,28],[120,-23],[37,-13],[34,33],[5,47],[-11,153],[9,56],[27,75],[-41,21],[-94,-17],[9,121],[74,37],[33,25],[53,59],[51,87],[14,47],[10,114],[4,138],[23,72],[49,118],[23,76],[48,195],[-5,43],[-29,49],[-64,83],[-82,123],[-64,75],[-25,-2],[-50,43],[21,63],[1,32],[-50,93],[-47,33],[-51,25],[-8,80],[-11,35],[-42,77],[-11,37],[-41,59],[-14,36],[-13,68],[-62,34],[-35,29],[-39,58],[-31,-15],[-65,-9],[-37,-78],[-53,-83],[-66,-5],[-39,-10],[-45,11],[-45,-3],[-150,-57],[-29,2],[-25,65],[-19,18],[-54,8],[-33,84],[-6,52],[-34,14],[-75,-35],[-60,-69],[-9,-1],[-53,75],[-54,22],[-53,-17],[-33,-26],[-65,30],[-16,30],[17,16],[65,16],[-19,17],[-72,-1],[-8,24],[4,67],[-12,17],[-82,-2],[-4,36],[48,2],[11,33],[-27,19],[-52,18],[-3,35],[50,82],[29,34],[-20,12],[-54,0],[-15,49],[-15,11],[-50,-18],[-34,17],[-110,78],[58,87],[23,110],[-9,59],[-16,31],[-112,103],[-41,51],[-3,23],[20,20],[52,13],[159,1],[39,4],[65,22],[56,50],[33,68],[-8,36],[-26,34],[-33,22],[-120,55],[-145,52],[-173,39],[-52,34],[-57,57],[-65,111],[-6,48],[46,32],[64,24],[34,24],[32,43],[8,32],[-1,119],[9,51],[2,81],[16,69],[27,72],[-4,23],[-28,26],[-40,-19],[-54,9],[-166,11],[-135,25],[-65,0],[-17,-12],[-39,-87],[-57,-65],[-61,-12],[-97,85],[-46,14],[-43,-17],[-50,-34],[-95,-101],[-81,-114],[-17,-8],[-33,17],[-32,138],[-61,165],[-29,123],[-7,81],[28,190],[21,76],[31,74],[28,34],[48,25],[169,66],[56,26],[81,55],[41,50],[-11,28],[-104,74],[-45,66],[-30,74],[-18,67],[-11,79],[3,106],[34,161],[-104,87],[-106,35],[-74,7],[-117,-5],[-43,19],[-66,50],[-73,77],[-40,63],[2,44],[12,15],[41,-1],[58,-38],[96,-45],[75,-26],[127,-22],[117,-8],[80,1],[114,-5],[51,-11],[84,-36],[114,-54],[66,8],[36,27],[35,52],[18,70],[-11,38],[-60,27],[-70,7],[-46,-3],[-35,24],[-11,114],[-25,54],[-5,38],[46,84],[42,46],[56,28],[17,80],[17,10],[-1,-41],[42,1],[-10,37],[31,-16],[18,8],[-11,36],[26,58],[3,61],[-30,40],[14,38],[27,38],[23,63],[34,31],[20,40],[-2,60],[-9,18],[-41,12],[-47,-8],[-42,15],[-55,32],[-29,31],[-62,44],[2,54],[-28,25],[19,105],[-15,14],[3,38],[21,80],[-26,34],[-4,41],[21,55],[5,69],[-32,16],[-8,27],[-12,103],[-63,40],[-61,14],[-27,16],[-48,104],[-17,14],[25,52],[-78,55],[-67,29],[6,28],[-69,9],[-2,18],[131,-10],[0,29],[-37,17],[-11,22],[29,3],[7,24],[36,-4],[9,21],[-4,46],[13,46],[-14,41],[11,24],[47,0],[14,14],[59,-13],[9,26],[41,-1],[-40,68],[18,6],[58,-16],[57,41],[-29,89],[-3,92],[-50,0],[2,45],[-76,6],[9,23],[-33,7],[10,49],[-38,8],[7,28],[60,-11],[39,20],[13,30],[21,-12],[86,19],[11,43],[48,16],[49,-41],[22,4],[13,58],[70,-30],[45,6],[13,14],[-21,37],[-25,98],[1,26],[37,27],[216,-86],[45,-10],[49,16],[69,82],[101,42],[60,11],[20,57],[26,30],[9,61],[39,51],[20,0],[16,34],[21,6],[14,39],[18,10],[-10,57],[14,39],[64,28],[37,40],[40,24],[1,65],[20,4],[152,0],[34,-25],[36,16],[11,38],[22,12],[-5,61],[28,30],[13,36],[-40,71],[28,72],[-1,22],[22,37],[76,58],[13,41],[70,-9],[98,-32],[76,-4],[10,39],[-19,9],[6,64],[20,-2],[10,-36],[10,39],[17,13],[-13,57],[8,83],[1,87],[-10,39],[-52,77],[22,37],[-7,21],[-37,21],[-45,-13],[-11,15],[3,60],[9,20],[100,-26],[3,-19],[64,-4],[21,12],[-5,65],[-41,44],[9,55],[29,36],[6,44],[35,27],[5,43],[80,18],[23,33],[-12,16],[21,65],[21,13],[125,-12],[23,11],[5,36],[22,4],[38,76],[126,22],[20,31],[146,-6],[67,41],[8,40],[30,47],[-17,9],[2,84],[46,41],[21,1],[53,25],[9,60],[51,-9],[90,25],[75,-14],[106,-14],[73,1],[27,-33],[-19,-32],[29,-27],[20,-77],[-31,-24],[21,-36],[-1,-88],[10,-17],[42,10],[6,40],[34,-24],[41,-3],[-6,17],[-34,21],[1,59],[16,38],[-38,9],[3,22],[34,21],[17,34],[-8,35],[51,35],[-31,49],[11,17],[61,29],[-1,38],[49,86],[37,18],[-26,30],[29,60],[23,9],[35,-21],[23,26],[-16,17],[17,13],[-28,99],[-36,40],[-64,24],[-88,6],[-26,35],[-7,40],[13,30],[38,50],[50,36],[45,10],[60,-6],[50,-12],[73,-64],[35,-18],[36,-2],[98,33],[-28,44],[-41,20],[-142,31],[-65,33],[-41,33],[-19,39],[-3,41],[-40,-3],[-37,15],[-13,-16],[-21,-84],[-23,-65],[-14,-19],[-21,8],[-8,37],[36,125],[6,44],[-52,38],[-90,19],[-51,-8],[-20,-13],[-1,-42],[29,-67],[113,-141],[-23,-26],[-82,100],[-61,97],[-43,44],[-44,0],[-16,-35],[-35,-29],[-21,-1],[-17,-36],[-25,5],[-32,-19],[-62,-56],[-12,-71],[-73,-12],[-66,-25],[-9,-17],[-82,-26],[-33,-29],[-61,-14],[-26,-14],[-32,17],[-80,-50],[-86,-83],[-86,-2],[-78,-11],[-85,33],[-150,70],[-153,89],[3,62],[-30,23],[31,26],[-32,25],[-45,5],[-21,29],[-37,-16],[-20,-41],[-49,-1],[-7,76],[-39,16],[-162,15],[8,-18],[64,-5],[74,-35],[1,-43],[-37,-44],[-19,-7],[-58,-59],[-15,17],[-39,-25],[-49,41],[-23,44],[47,77],[12,84],[23,71],[-44,38],[-6,147],[-20,38],[-37,18],[-34,57],[-10,62],[-33,22],[-61,11],[-80,42],[-21,0],[-59,-38],[-39,-46],[-36,-18],[-48,-1],[-3,-19],[-34,-22],[-54,38],[-73,-19],[1,-23],[-39,-6],[-8,21],[-39,3],[-63,-40],[-65,8],[-42,13],[0,-79],[-6,-67],[-24,-29],[-10,42],[6,40],[-29,27],[-42,5],[-124,48],[-44,12],[-38,22],[-44,-3],[-31,57],[-43,0],[-11,15],[-60,-13],[-120,-9],[-17,-14],[-62,11],[-106,2],[-17,-42],[-20,-13],[-20,12],[-2,41],[-41,42],[-39,-12],[-21,6],[-15,37],[-20,12],[-63,-12],[4,-37],[-15,-15],[-62,-4],[3,-75],[-31,-25],[-37,-10],[-69,0],[-77,12],[-17,20],[14,37],[-7,18],[-81,46],[-37,32],[-26,37],[-93,203],[-34,-9],[-109,-142],[-50,-50],[-176,-121],[-39,-4],[-47,41],[-13,41],[6,41],[36,73],[62,62],[56,65],[10,57],[-99,42],[-99,57],[-193,75],[-2,23],[-43,21],[-26,0],[-7,44],[-24,24],[-10,58],[-42,6],[-7,-47],[-36,-4],[-15,-118],[6,-69],[28,-30],[-16,-37],[-26,-29],[5,-34],[-44,-43],[-57,-152],[28,-92],[-1,-77],[-8,-37],[24,-50],[50,-48],[4,-55],[-17,-56],[5,-18],[66,-68],[19,-35],[-50,-34],[-62,-21],[-127,-24],[-94,0],[-94,7],[-81,22],[-99,6],[-35,-24],[-3,-17],[-37,-2],[-48,57],[-28,55],[-61,-11],[-4,20],[-61,14],[-17,-36],[-40,-11],[-111,0],[1,35],[-21,4],[-15,36],[-58,27],[-44,9],[-4,129],[-38,19],[26,46],[92,0],[-27,27],[-5,84],[67,7],[17,10],[-20,36],[-39,7],[-26,70],[-68,16],[35,13],[-11,35],[-28,30],[-61,6],[-13,37],[-57,59],[-41,7],[-31,23],[-64,-6],[-101,1],[-69,-16],[-21,-26],[-20,-80],[-108,-27],[-36,-16],[-68,-4],[-43,42],[-98,63],[-69,29],[-73,21],[-68,9],[-69,35],[-94,17],[-47,34],[-34,0],[-64,33],[-23,3],[-182,113],[-110,29],[-100,8],[-18,33],[56,91],[15,35],[9,92],[19,67],[77,168],[14,48],[-11,48],[-37,23],[-66,-2],[-74,4],[-65,13],[-68,39],[-74,69],[-14,26],[-1,75],[18,108],[-16,69],[-33,62],[-35,44],[-61,46],[-98,37],[-48,9],[-57,-9],[-82,-25],[-25,11],[-15,36],[3,59],[-9,111],[-15,122],[61,61],[73,40],[46,41],[147,117],[58,68],[110,-11],[28,-21],[-14,-30],[-38,-29],[-65,-10],[-63,-48],[-29,-42],[-12,-56],[21,-40],[51,-1],[92,54],[81,16],[49,-9],[83,-32],[39,-22],[6,-26],[-35,-92],[-8,-54],[21,-28],[65,1],[133,40],[58,42],[14,52],[-22,145],[8,158],[-11,114],[-38,69],[15,32],[47,20],[90,28],[42,0],[14,-35],[-31,-72],[-59,-88],[9,-49],[58,-86],[57,-52],[41,-30],[93,-38],[128,-20],[82,24],[44,35],[28,67],[-7,113],[9,61],[13,33],[60,103],[39,55],[1,50],[-50,27],[-60,58],[-39,67],[-36,33],[-48,8],[-46,-2],[-95,-18],[-124,-15],[-35,14],[-3,35],[30,38],[29,56],[21,70],[10,101],[29,76],[60,70],[25,46],[-5,30],[-44,66],[-66,15],[-46,-8],[-20,8],[-26,47],[-14,89],[14,41],[23,21],[44,1],[174,-88],[63,-28],[61,-18],[84,6],[10,20],[-14,29],[-87,98],[7,40],[40,25],[75,33],[8,108],[8,48],[55,37],[72,-1],[48,-16],[110,-66],[66,1],[85,61],[94,101],[25,36],[6,53],[-16,53],[-51,87],[-111,58],[-3,18],[39,25],[-5,28],[-25,7],[-3,52],[-15,8],[14,56],[48,5],[27,96],[-5,57],[14,50],[-75,-78],[-48,52],[-27,-5],[-7,49],[-20,28],[-70,7],[-11,14],[-32,-3],[1,79],[34,12],[13,51],[-25,50],[-109,48],[-27,42],[28,46],[-14,29],[54,65],[26,9],[66,1],[112,57],[65,49],[46,62],[-7,55],[-23,34],[-21,-15],[-22,13],[-25,73],[-94,22],[-28,41],[46,110],[-10,18],[31,106],[25,0],[0,28],[16,10],[11,48],[24,3],[2,-44],[36,-4],[13,46],[25,4],[3,29],[-25,36],[-17,61],[30,4],[4,19],[27,5],[21,32],[-34,24],[-6,29],[29,33],[9,58],[-17,17],[26,100],[19,22],[-3,30],[22,12],[-15,21],[5,44],[20,10],[-7,26],[-25,30],[53,14],[8,18],[-21,17],[20,18],[78,-14],[16,24],[52,-35],[-1,-29],[39,-2],[1,33],[31,6],[7,35],[42,-23],[-1,-26],[-47,-14],[4,-29],[22,5],[31,-69],[32,9],[70,-14],[9,-20],[34,4],[23,-28],[37,4],[4,-38],[48,1],[1,-17],[-35,-12],[-2,-22],[-68,-30],[1,-40],[27,0],[11,36],[28,-13],[16,-26],[59,3],[4,18],[-50,6],[-5,37],[37,19],[26,-3],[18,-45],[38,14],[-8,37],[-32,15],[7,24],[-26,11],[34,36],[32,53],[44,-1],[10,-25],[20,-1],[11,24],[51,-6],[4,-42],[-63,-14],[-16,-17],[107,-18],[4,47],[-12,20],[28,16],[50,-11],[3,-46],[23,18],[64,12],[0,16],[-35,9],[-1,18],[-49,11],[27,74],[-31,7],[-21,-15],[-73,16],[-21,12],[-7,27],[22,63],[39,0],[4,57],[-27,6],[11,46],[35,19],[12,24],[-58,33],[6,30],[-20,11],[12,24],[-20,11],[69,34],[5,23],[-69,-38],[5,26],[32,74],[36,3],[2,16],[-54,17],[-34,20],[2,15],[-32,10],[20,42],[-47,9],[28,32],[-28,53],[32,27],[47,69],[13,31],[43,51],[16,43],[31,54],[12,41],[148,33],[40,16],[27,24],[-19,56],[-1,39],[50,6],[9,38],[-87,-5],[-53,-18],[-39,10],[37,25],[-2,39],[-15,2],[64,65],[-9,29],[31,2],[25,37],[-35,10],[4,73],[-17,19],[70,47],[4,17],[-21,28],[-127,71],[-17,32],[-41,14],[-65,-2],[-60,-15],[-55,-59],[-16,-54],[-30,-12],[-87,-6],[-22,13],[-18,48],[2,31],[20,10],[26,52],[65,43],[26,33],[-6,39],[-22,30],[-10,-70],[-102,-84],[-76,-33],[-97,-31],[-62,-10],[-77,-20],[-49,-19],[-58,-37],[-17,-67],[-7,-79],[-35,-63],[13,-21],[-12,-45],[12,-22],[81,-39],[51,-49],[61,-103],[0,-48],[-69,-14],[-56,5],[-108,50],[-33,37],[-60,106],[-44,64],[-50,54],[-31,8],[-48,-12],[-54,-41],[-27,-62],[13,-48],[45,-49],[78,-63],[15,-39],[-6,-47],[-60,-16],[-58,2],[-71,12],[-97,38],[-77,39],[-68,44],[-76,-9],[-15,-18],[-5,-39],[-33,-8],[-31,-37],[-11,18],[17,42],[-47,-37],[-20,-1],[11,30],[23,10],[29,40],[33,19],[-69,122],[-20,27],[-80,79],[7,14],[-59,46],[-85,53],[-52,41],[-34,38],[-41,-46],[-41,41],[24,56],[29,20],[-7,122],[-15,57],[-40,59],[-91,104],[-61,86],[-28,16],[-72,-22],[-85,-13],[-47,-38],[-30,-48],[-30,-15],[-49,4],[-48,28],[-22,38],[-62,78],[-123,121],[-49,5],[-35,-9],[-111,-47],[-30,6],[-105,55],[-12,42],[0,72],[40,110],[-16,41],[-26,2],[-53,-46],[-33,-12],[-37,25],[11,186],[-21,21],[-89,10],[-31,-12],[-53,-57],[-37,3],[-7,26],[53,71],[-4,94],[5,45],[-7,41],[-62,56],[-27,54],[-61,30],[-72,75],[-70,41],[-63,47],[-80,3],[-53,-9],[-57,-20],[-32,-22],[-36,2],[-96,33],[-128,51],[-1,36],[17,40],[-22,48],[-89,54],[-75,32],[-20,22],[-14,99],[5,25],[43,70],[-4,25],[-78,139],[-3,62],[-50,113],[-10,98],[-32,74],[-36,37],[8,43],[45,48],[25,15],[-30,43],[-134,91],[3,25],[-32,36],[-27,59],[-97,-24],[-62,-8],[-5,22],[19,80],[-15,71],[-26,50],[99,54],[43,51],[29,75],[5,74],[-10,30],[10,19],[70,44],[-39,9],[-81,-11],[-43,15],[-25,65],[-18,-27],[-37,-3],[-29,-92],[-16,-11],[-115,69],[-57,-30],[-36,22],[-28,-7],[-56,-52],[-36,-15],[-63,-8],[-64,-41],[-26,-8],[-31,-61],[-18,-16],[-55,-3],[-19,-14],[-52,12],[-73,32],[-35,-21],[-56,-11],[-37,-30],[-16,-28],[-49,10],[-17,-13],[-54,-6],[-22,7],[1,27],[28,54],[31,-12],[33,15],[14,-21],[10,30],[-22,60],[-25,-21],[-93,40],[-82,45],[134,69],[18,25],[-16,10],[-49,-34],[-123,-60],[-53,-42],[-57,-14],[-19,-20],[-9,-38],[20,-34],[-6,-28],[-78,15],[-55,28],[-19,-6],[-61,11],[-16,-16],[-42,24],[-29,-24],[-48,1],[-71,35],[-37,-28],[-53,-10],[-16,11],[-20,47],[3,31],[23,29],[-4,39],[18,52],[56,54],[35,64],[23,9],[23,85],[98,-15],[83,23],[69,12],[15,21],[-5,68],[-20,24],[-11,132],[16,32],[-23,13],[-4,47],[87,21],[-28,27],[-33,7],[-11,62],[46,11],[-35,80],[-4,48],[31,37],[-26,8],[1,56],[14,12],[-2,52],[-92,15],[-104,-52],[-79,-13],[-174,-4],[-137,-15],[-64,-26],[-64,-49],[-124,8],[-168,22],[8,86],[34,176],[-33,35],[-64,28],[-10,47],[-69,13],[31,74],[25,19],[30,58],[28,1],[19,56],[37,62],[107,-22],[18,52],[42,17],[48,30],[17,35],[-29,84],[12,64],[59,37],[67,0],[1,25],[-22,46],[-18,72],[-5,60],[61,59],[10,25],[-14,99],[-49,175],[-51,6],[-103,29],[-2,95],[32,27],[-25,115],[19,62],[-13,39],[-3,43],[-25,49],[4,93],[-38,99],[-1,59],[-41,126],[2,50],[96,51],[8,43],[-17,42],[-7,52],[39,1],[14,114],[-23,17],[-4,40],[8,54],[42,59],[49,13],[32,-4],[62,13],[-1,48],[-14,31],[0,47],[81,-11],[0,91],[-34,82],[-44,-2],[23,-107],[-15,-24],[-71,2],[-9,87],[14,8],[2,78],[78,5],[-38,124],[-31,129],[-37,-12],[3,-24],[-30,6],[-5,35],[14,21],[80,21],[39,16],[4,47],[31,79],[57,60],[16,48],[29,17],[48,7],[9,31],[-11,80],[8,105],[-7,44],[-22,74],[-7,46],[3,97],[-13,44],[-16,11],[-74,-12],[-50,13],[-56,-18],[-27,3],[-57,34],[-49,4],[-29,24],[-60,-6],[-72,40],[-41,33],[-1,26],[-96,40],[22,69],[1,30],[-24,7],[-31,-24],[-63,37],[68,36],[56,7],[100,-16],[65,-23],[126,-52],[78,1],[49,19],[110,57],[64,54],[41,45],[34,17],[20,115],[-28,78],[3,28],[67,31],[57,-11],[82,-6],[92,14],[56,28],[20,25],[2,50],[-30,88],[29,34],[42,21],[54,-6],[14,11],[-15,24],[-65,11],[-19,36],[-50,-2],[-39,25],[-52,47],[-30,17],[1,24],[26,44],[-70,7],[-11,-10],[12,-34],[-27,-4],[-24,41],[-1,23],[24,11],[50,-4],[38,15],[31,-9],[33,-74],[14,-10],[93,12],[0,-65],[42,16],[6,24],[41,26],[32,-29],[31,1],[11,55],[95,93],[15,42],[0,47],[-18,53],[-47,52],[-213,115],[-70,32],[-88,57],[-38,46],[-36,84],[-7,84],[35,273],[19,78],[23,56],[35,49],[61,47],[5,23],[-13,45],[-44,53],[-55,34],[-65,12],[-84,-23],[-47,-54],[-86,-83],[-44,4],[-9,29],[-23,11],[26,18],[-31,36],[-11,29],[40,88],[-49,76],[-17,56],[39,-7],[96,3],[46,11],[40,24],[-1,46],[25,26],[-19,20],[2,26],[53,-14],[13,17],[-16,55],[16,34],[40,-4],[38,53],[34,-2],[41,-29],[66,-7],[36,14],[47,-36],[109,-9],[54,8],[46,-38],[61,-81],[81,-77],[62,-18],[65,38],[17,23],[9,62],[-6,66],[-19,70],[1,43],[12,27],[51,43],[51,23],[166,49],[55,4],[95,-18],[73,-37],[24,-28],[5,-61],[-55,-109],[-2,-41],[37,-49],[89,-23],[50,5],[63,20],[42,28],[63,69],[77,66],[60,0],[73,-66],[23,-7],[81,3],[52,24],[49,-23],[55,-12],[27,-31],[19,-4],[24,-31],[71,22],[-7,-39],[27,8],[-7,36],[8,30],[26,20],[45,4],[95,-13],[53,9],[12,59],[88,-24],[30,8],[57,-22],[24,12],[-7,33],[-118,216],[-5,50],[26,53],[-1,37],[50,-8],[50,32],[56,12],[126,9],[106,28],[55,51],[95,40],[76,55],[36,37],[43,123],[43,107],[6,38],[27,73],[72,-15],[116,-17],[199,-35],[11,58],[58,-37],[62,-8],[21,35],[23,1],[-7,47],[-48,-6],[9,-29],[-47,-20],[-18,81],[-13,-15],[-32,7],[-9,74],[-21,3],[6,23],[57,5],[45,15],[15,25],[-79,-22],[9,42],[-63,-1],[-10,67],[56,73],[69,-12],[41,20],[62,90],[7,27],[216,-106],[38,44],[17,4],[8,41],[132,21],[117,-8],[4,-34],[31,-12],[1,-30],[26,-7],[5,-22],[166,20],[7,-6],[-24,-62],[4,-22],[105,5],[18,95],[49,3],[9,34],[-31,85],[-48,162],[87,4],[-10,57],[-29,97],[83,27],[-23,66],[-38,-4],[-10,73],[47,16],[16,-17],[36,2],[21,-27],[26,-8],[30,-52],[35,21],[31,0],[12,-38],[14,25],[-35,82],[-14,49],[-25,24],[-28,91],[45,18],[-36,69],[-5,25],[24,42],[-29,-9],[-7,27],[-29,28],[7,110],[-19,40],[22,6],[52,44],[33,-14],[19,12],[-11,27],[-50,63],[-21,-1],[-30,-28],[-57,27],[-90,106],[-29,13],[24,31],[-5,73],[-32,-14],[-10,25],[23,11],[70,73],[18,41],[10,70],[23,54],[6,63],[-10,75],[-13,47],[-13,94],[4,67],[13,39],[29,36],[62,34],[61,22],[74,15],[176,6],[57,-7],[234,-47],[108,-31],[133,-22],[56,-4],[27,15],[-1,43],[-14,62],[-42,84],[-66,89],[-36,62],[-36,86],[-17,7],[-6,44],[48,109],[-19,95],[-29,34],[-103,40],[-105,22],[-125,-5],[-89,-20],[-78,-7],[-82,-45],[-46,-32],[-58,-55],[-55,-108],[-51,-50],[-63,-36],[-40,-9],[-70,3],[-103,40],[-17,85],[47,54],[34,92],[0,52],[12,86],[23,104],[25,56],[40,49],[39,36],[-14,84],[2,88],[22,62],[95,111],[86,127],[37,42],[8,31],[-16,64],[-39,5],[-80,27],[-55,12],[-40,32],[-110,39],[-86,17],[-76,33],[-51,16],[-25,31],[-14,51],[5,40],[-11,27],[4,44],[34,26],[100,1],[112,-19],[101,15],[66,20],[-80,77],[-73,-45],[-75,15],[-67,68],[-19,46],[9,51],[16,36],[78,66],[85,40],[159,61],[-119,138],[-75,-35],[-87,-15],[-77,17],[-56,48],[-37,60],[-3,78],[23,104],[13,119],[12,53],[122,325],[1,122],[5,31],[-1,88],[-7,50],[-19,40],[-32,35],[-78,57],[-53,15],[-82,-1],[-88,-26],[-56,-28],[-131,-90],[-95,-51],[-92,-58],[-68,-52],[-97,-1],[-7,36],[0,75],[13,82],[1,96],[-16,124],[-17,33],[-37,42],[-36,3],[-63,-16],[-27,1],[-27,23],[3,62],[43,94],[18,72],[28,45],[76,53],[60,9],[41,-15],[111,-55],[27,0],[36,18],[185,131],[212,147],[192,131],[15,14],[414,291],[12,6],[206,152],[-61,105],[-23,65],[-49,190],[-44,114],[-40,43],[-68,53],[-64,62],[-94,85],[-28,31],[-18,63],[5,110],[32,191],[17,205],[23,226],[8,238],[19,159],[15,76],[1,177],[-6,87]],[[23383,114110],[40,-38],[55,-82],[55,-97],[56,-78],[129,-206],[69,-134],[118,14],[22,-24],[205,-202],[96,-162],[125,-150],[53,-54],[13,-25],[25,-96],[58,-148],[40,-86],[29,-25],[53,48],[9,-1],[177,-158],[98,-114],[5,-28],[-112,-99],[-12,-28],[-113,-95],[5,-14],[45,-24],[101,-71],[74,-61],[186,-111],[76,-63],[65,-21],[98,-56],[49,-56],[51,-85],[31,-77],[25,-26],[61,-34],[137,-54],[110,-31],[183,-63],[84,-20],[107,-17],[174,1],[196,10],[54,10],[81,4],[87,53],[111,82],[53,20],[29,-14],[78,-59],[129,-106],[128,-109],[38,-36],[-38,-58],[57,-35],[10,-28],[-12,-97],[37,3],[79,81],[23,11],[145,-7],[234,74],[124,42],[19,-14],[85,26],[9,-126],[-12,-148],[-10,-16],[0,-172],[215,85],[179,79],[219,68],[167,65],[157,37],[-7,155],[-16,138],[-91,3],[11,25],[61,77],[86,39],[181,46],[69,22],[77,2],[7,-72],[-62,-31],[-12,-16],[-8,-95],[-22,-44],[-45,-62],[15,-36],[112,-24],[135,37],[116,51],[59,64],[100,71],[47,50],[59,51],[97,-62],[199,-118],[196,-59],[83,-14],[155,-7],[108,-13],[378,-31],[167,-10],[195,4],[78,-2],[117,-19],[184,-52],[243,-79],[39,-15],[54,-36],[122,-113],[38,-60],[26,-106],[43,-73],[119,-108],[52,-78],[64,-75],[25,-63],[15,-165],[10,-30],[51,-100],[34,-94],[-8,-128],[17,-92],[17,-21],[40,-105],[32,-100],[22,-88],[65,-155],[45,1],[44,-104],[24,-81],[21,-41],[42,-128],[38,-144],[17,-43],[18,-77],[9,-90],[25,-85],[71,-181],[52,-114],[40,-112],[55,-130],[70,-139],[127,-224],[26,-68],[60,-95],[18,-17],[86,-145],[24,-63],[2,-42],[25,-68],[70,-109],[42,-48],[132,-128],[53,-44],[130,-57],[64,-13],[97,-34],[60,-14],[92,-1],[112,-8],[198,-55],[17,-12],[-18,-234],[8,-46],[89,-17],[83,-7],[11,16],[33,-14],[238,-13],[113,17],[101,9],[391,-18],[297,3],[278,28],[16,-25],[107,-110],[-15,-22],[-7,-44],[19,-3],[-1,-63],[33,-30],[-15,-45],[79,-5],[117,22],[28,18],[54,-52],[92,7],[26,10],[74,4],[55,18],[49,50],[72,38],[-3,35],[82,108],[44,-6],[6,26],[53,74],[18,64],[-37,6],[1,84],[-51,6],[16,94],[21,31],[47,40],[-6,28],[-42,19],[-18,31],[-2,40],[24,53],[8,37],[10,113],[25,69],[11,7],[138,-5],[113,2],[47,-5],[97,17],[107,3],[62,-3],[62,-15],[100,7],[55,10],[154,43],[85,13],[127,4],[56,5],[7,-78],[-14,-93],[-1,-61],[-16,-79],[-13,-160],[39,-10],[1,-68],[45,32],[76,27],[93,42],[42,27],[106,33],[105,-26],[78,-56],[35,-16],[65,-10],[-12,-61],[20,-4],[-33,-98],[-27,-173],[-13,-172],[-1,-56],[7,-120],[-3,-76],[12,-95],[20,-61],[23,-37],[53,8],[23,-16],[19,-72],[88,-36],[2,-22],[117,-19],[19,-16],[27,-90],[3,-79],[30,-88],[-25,-28],[10,-69],[64,-128],[52,-86],[19,-14],[62,-5],[38,-115],[-24,-17],[-1,-42],[20,-77],[-10,-4],[23,-43],[43,-116],[-5,-26],[109,-49],[149,-126],[28,-27],[56,-16],[105,20],[140,7],[271,-7],[116,-50],[104,-32],[55,-34],[59,-24],[37,-28],[64,-35],[292,-69],[15,-74],[23,-64],[96,-139],[77,-83],[210,24],[168,32],[373,120],[233,125],[195,156],[128,-70],[16,-38],[-25,-64],[23,-60],[91,-5],[56,5],[24,42],[97,-23]],[[58489,151713],[-20,-114],[-3,-99],[27,-65],[35,-4],[10,-80],[-16,-120],[-18,-59],[-40,-86],[-12,-43],[-25,-153],[-24,-55],[-76,-111],[-30,-84],[-3,-81],[9,-65],[31,-106],[-5,-75],[2,-92],[-16,-146],[11,-59],[0,-60],[9,-85],[27,-88],[13,-80],[23,-99],[22,-41],[29,-9],[54,3],[18,-14],[44,-136],[69,-167],[37,-60],[65,-144],[35,-52],[50,-55],[51,-72],[86,-177],[-6,-28],[37,-84],[-9,-55],[1,-62],[-10,-68],[13,-34],[-81,-71],[-41,-25],[-2,-67],[-39,-91],[-72,-72],[-93,-55],[59,-40],[31,-11],[96,4],[27,-13],[16,-31],[47,-18],[107,-15],[64,0],[46,-38],[62,1],[14,-41],[165,-7],[48,-54],[24,2],[31,-37],[67,-13],[28,36],[47,-1],[68,16],[120,-12],[93,-31],[82,9],[48,-26],[56,-15],[53,5],[72,20],[70,12],[38,39],[46,2],[34,37],[27,58],[31,24],[46,-2],[49,25],[44,57],[16,39],[18,79],[42,5],[42,36],[25,49],[28,15],[25,51],[48,48],[47,27],[107,30],[56,32],[97,25],[44,-1],[40,-14],[86,-7],[97,-68],[33,-15],[154,-15],[29,-11],[90,-72],[59,-20],[61,0],[65,-11],[60,0],[44,-29],[112,-23],[53,46],[33,44],[64,67],[21,4],[30,-24],[13,-27],[12,-103],[32,-94],[4,-44],[13,-21],[48,-35],[25,30],[40,75],[38,32],[65,89],[40,24],[140,40],[45,2],[89,-13],[44,39],[58,36],[22,3],[104,-60],[77,-53],[101,-60],[68,-52],[20,-28],[47,-90],[46,-116],[9,-33],[11,-97],[-3,-144],[24,-12],[179,-34],[64,-18],[117,-40],[80,-21],[83,-3],[32,9],[61,34],[72,28],[60,31],[39,-19],[89,-65],[128,-85],[58,-26],[-2,42],[211,-72],[38,-66],[34,-91],[40,-39],[93,-49],[57,-18],[31,-27],[57,-19],[94,-63],[76,-23],[57,-8],[163,-2],[66,-13],[139,7],[65,8],[47,-2],[9,27],[29,-32],[51,-96],[67,-88],[40,-30],[125,-80],[119,-68],[42,-29],[89,-83],[40,-30],[105,-55],[137,-61],[56,-15],[88,-14],[123,-12],[85,-26],[186,-106],[54,-64],[63,-37],[9,-25],[112,-81],[80,-51],[82,-45],[66,-29],[125,-44],[45,5],[113,55],[117,2],[14,-17],[123,-4],[129,-17],[156,-8],[215,7],[145,-5],[307,-22],[208,-5],[127,-9],[87,-13],[102,-38],[64,-32],[190,-83],[88,-50],[25,-8],[140,-12],[29,-19],[32,-58],[62,-36],[47,-18],[95,-16],[72,-4],[193,-4],[45,-13],[55,-46],[135,-74],[73,-23],[32,26],[107,7],[36,-17],[74,-55],[18,-27],[3,-38],[20,-32],[40,-9],[95,72],[66,31],[98,30],[76,3],[67,-15],[89,-11],[112,-23],[60,-22],[74,-39],[52,-19],[57,-5],[94,4],[52,-5],[64,-16],[68,-38],[78,-36],[30,-7],[33,15],[79,-6],[70,-13],[242,-60],[86,-4],[63,11],[92,-21],[100,-35],[105,-50],[61,-20],[159,-38],[130,-9],[182,-57],[39,18],[59,43],[118,62],[39,2],[159,-18],[135,46],[74,-2],[68,-27],[95,-56],[49,-35],[33,-34],[95,-139],[127,-127],[45,-40],[103,-66],[152,-106],[190,-106],[110,-48],[109,-68],[95,-80],[49,-29],[55,-22],[84,-15],[70,-6],[132,-3],[116,6],[121,-5],[182,-45],[113,-18],[94,-6],[94,14],[80,-5],[80,-50],[109,-90],[83,-58],[47,-24],[133,-49],[50,-10],[89,-42],[240,-44],[55,-8],[115,-43],[72,-43],[59,-12],[66,-1],[124,5],[69,14],[13,112],[37,114],[40,9],[96,5],[91,13],[140,30],[142,48],[120,33],[52,24],[165,39],[231,67],[52,20],[83,93],[60,28],[259,97],[34,33],[2,80],[79,2],[32,-6],[120,-38],[63,-12],[51,-1],[-27,101],[-5,52],[14,13],[141,-41],[88,-36],[64,-18],[70,9],[140,35],[61,0],[96,-7],[169,-3],[94,58],[67,-22],[53,3],[102,-25],[88,8],[37,20],[17,-5],[72,15],[25,-48],[54,-51],[42,-5],[86,36],[44,-1],[33,-13],[74,-16],[31,-21],[16,9],[33,55],[62,-3],[46,12],[73,6],[53,-3],[34,-19],[55,-46],[47,3],[33,37],[16,40],[31,15],[62,-23],[13,27],[29,-35],[23,29],[11,-35],[38,22],[40,-20],[23,7],[10,26],[67,66],[20,-13],[56,-10],[125,9],[56,17],[83,1],[18,-41],[42,-12],[35,6],[41,-10],[51,7],[-14,39],[31,-1],[19,17],[9,-27],[38,21],[54,73],[20,-26],[29,-2],[10,-23],[58,-32],[18,-61],[18,-19],[13,24],[32,92],[32,-6],[-7,-40],[13,-7],[13,-73],[20,-21],[68,14],[18,30],[118,-7],[52,4],[22,-63],[70,35],[109,12],[28,37],[51,35],[29,-19],[68,-9],[55,-20],[80,9],[6,29],[-10,48],[-34,46],[-56,50],[19,27],[11,44],[24,43],[24,-4],[84,-54],[52,-13],[17,-16],[73,-12],[57,23],[19,16],[19,83],[44,79],[-19,63],[-101,121],[-40,36],[15,18],[37,-15],[90,-95],[40,-54],[43,-76],[17,3],[33,-32],[67,-22],[22,17],[13,32],[53,65],[-10,73],[34,47],[32,83],[4,35],[25,47],[41,-39],[-53,-70],[4,-44],[-19,-33],[11,-23],[-3,-64],[17,-50],[-21,-61],[18,-18],[41,2],[10,-41],[5,-98],[-18,-19],[-30,-1],[-5,-42],[13,-50],[33,-25],[-31,-117],[59,-34],[10,-94],[-10,-82],[21,-10],[66,23],[44,-3],[40,67],[-15,27],[38,15],[5,38],[43,116],[45,53],[41,-16],[-47,-46],[6,-63],[39,14],[44,-9],[17,-22],[24,-4],[100,23],[63,27],[63,37],[15,-19],[-15,-11],[-23,-58],[-38,-33],[-90,-42],[-13,-53],[29,-17],[16,-63],[22,-42],[21,-13],[45,-4],[72,37],[46,-20],[40,6],[46,-30],[26,-82],[94,-21],[19,-37],[62,-47],[51,-14],[50,80],[-22,15],[-8,37],[30,56],[8,60],[26,-17],[33,-60],[89,-27],[38,-4],[13,19],[-16,42],[34,-2],[1,93],[9,15],[63,44],[22,4],[131,-19],[90,-116],[110,3],[44,23],[63,-22],[30,-29],[19,-86],[60,-84],[42,-11],[54,9],[21,-8],[24,-41],[4,-31],[45,3],[19,67],[18,23],[65,-28],[9,-18],[30,2],[15,29],[80,47],[27,61],[-68,66],[-65,26],[-38,-2],[-40,-22],[-30,-35],[-26,12],[12,62],[19,55],[-5,22],[172,-5],[1,48],[54,59],[35,-6],[-12,-44],[9,-85],[42,0],[51,-12],[56,-25],[77,81],[78,33],[93,21],[52,-1],[55,-16],[36,4],[38,18],[39,41],[-25,34],[-39,28],[-18,29],[103,75],[16,37],[2,36],[54,39],[85,47],[65,78],[21,-44],[138,21],[98,48],[58,45],[48,46],[9,-14],[-1,-62],[32,-64],[0,-48],[58,31],[20,-34],[2,-37],[32,-14],[61,8],[85,32],[134,38],[30,-1],[6,-56],[47,-88],[39,-47],[81,-39],[107,-25],[30,-22],[6,-27],[-21,-111],[9,-27],[94,-42],[174,-36],[46,-3],[22,8],[5,27],[-42,47],[21,20],[98,11],[34,-18],[16,-129],[79,7],[168,-32],[149,-15],[186,-11],[75,6],[27,14],[21,67],[35,11],[25,-48],[11,-48],[51,-76],[28,-11],[167,-6],[69,14],[45,17],[24,-8],[7,-29],[107,1],[29,21],[-56,8],[53,36],[61,-58],[153,84],[141,-15],[36,-15],[55,16],[37,43],[17,51],[24,-7],[55,8],[170,87],[39,14],[13,-17],[116,-21],[53,-4],[46,10],[84,-17],[54,-5],[71,39],[59,-56],[79,-49],[48,3],[41,-23],[280,21],[111,-6],[40,3],[72,17],[67,-1],[141,-16],[46,3],[47,23],[44,4],[78,27],[108,8],[109,40],[39,7],[57,38],[109,10],[111,55],[105,31],[82,10],[119,-15],[47,3],[64,16]],[[95071,144063],[-1,-36],[-61,-67],[-28,-21],[89,-35],[65,-15],[49,-40],[27,-56],[55,-33],[-18,-50],[-83,-57],[-13,-27],[3,-35],[18,-49],[0,-30],[-31,-3],[-37,24],[-19,-11],[-18,-38],[-25,-4],[-46,18],[-20,-2],[-15,-27],[9,-26],[33,-23],[-3,-40],[-18,-36],[-55,-16],[-62,18],[-89,17],[-49,3],[-43,-149],[-11,-105],[-17,-102],[1,-42],[15,-32],[56,4],[46,-9],[23,-44],[-17,-57],[28,-35],[84,-21],[16,-38],[-37,-21],[4,-23],[39,-22],[-76,-49],[32,-39],[20,-42],[-9,-111],[-15,-24],[-56,-51],[-166,-80],[-10,-46],[-27,-63],[18,-21],[59,-38],[53,-92],[68,-66],[72,-31],[54,-43],[35,-43],[32,-20],[83,-91],[74,-56],[32,-15],[43,-7],[114,-1],[17,-17],[42,-80],[2,-20],[-35,-35],[-55,-28],[-35,-37],[20,-31],[8,-87],[-15,-58],[-1,-56],[34,-66],[19,-23],[75,-36],[29,-77],[-31,-13],[15,-35],[-10,-23],[-50,-10],[-1,-36],[-28,-12],[-133,-19],[-52,63],[-42,30],[-49,2],[-43,-24],[0,-33],[-40,-11],[-24,-24],[-53,-8],[-35,14],[-75,83],[-57,13],[-24,17],[-100,146],[-36,40],[-61,39],[-42,14],[-43,-15],[-31,-37],[-89,-39],[-71,17],[-72,47],[-26,-22],[-14,-43],[-63,16],[-55,-8],[-18,-19],[3,-34],[33,-33],[110,-65],[-19,-41],[16,-58],[67,-112],[18,-60],[-20,-14],[-154,-23],[23,-117],[-4,-67],[-28,-72],[-31,-104],[2,-47],[34,-17],[80,10],[21,-21],[-11,-54],[-51,-52],[4,-61],[-28,-40],[7,-27],[22,-2],[105,17],[61,-3],[55,29],[76,-12],[53,4],[118,-18],[55,4],[52,-8],[27,15],[38,-6],[18,-29],[-7,-25],[13,-26],[76,-70],[45,-51],[22,-9],[71,14],[50,-5],[55,-43],[70,-25],[-29,-25],[-135,-36],[-34,-19],[-44,-8],[-60,10],[-29,23],[-49,14],[-45,-16],[-111,-60],[-49,7],[-43,-43],[-5,-38],[-138,-21],[-61,3],[-26,-14],[-12,-39],[25,-58],[-47,-26],[-51,-9],[-12,-71],[2,-104],[36,-132],[37,-43],[-21,-73],[3,-14],[97,-86],[11,-28],[37,-42],[66,-5],[84,7],[66,17],[7,-10],[-25,-54],[-10,-64],[17,-67],[-11,-51],[11,-52],[-6,-28],[-42,-51],[-26,-6],[-29,16],[-33,-3],[6,-56],[-18,-18],[-55,-24],[0,-36],[18,-55],[-41,-30],[6,-28],[130,-76],[18,-31],[-12,-82],[-22,-66],[-8,-59],[46,-8],[20,-16],[40,2],[25,-16],[15,-99],[126,-1],[14,-12],[78,-5],[15,11],[-7,31],[24,15],[108,5],[32,-30],[50,-8],[39,-26],[80,-92],[53,-157],[28,-24],[91,-25],[37,-22],[21,-46],[2,-42],[-6,-76],[-71,-111],[-5,-76],[-24,-45],[-36,-29],[-62,-30],[-41,-49],[-38,-24],[-41,-71],[-23,-3],[-22,25],[-79,-17],[-132,14],[-104,-21],[-52,-45],[-11,-83],[11,-21],[26,-7],[44,31],[40,41],[39,25],[40,1],[27,-37],[-4,-42],[-50,-52],[13,-103],[-17,-130],[38,-43],[11,-26],[3,-77],[-8,-60],[-21,-8],[-19,21],[-18,-7],[7,-38],[-27,-35],[23,-51],[30,-19],[27,-78],[49,-49],[33,16],[35,-12],[60,-54],[33,-22],[43,-11],[47,5],[54,18],[24,36],[-6,24],[14,50],[23,16],[32,-6],[18,31],[30,14],[19,-7],[6,-100],[16,13],[4,69],[16,12],[72,-7],[136,39],[21,0],[78,-46],[101,-39],[53,-2],[59,-13],[36,24],[65,-10],[43,-18],[1,-54],[55,-14],[16,-29],[-5,-82],[9,-36],[-11,-88],[10,-56],[40,-77],[8,-74],[18,-67],[-2,-34],[-24,-45],[15,-38],[64,31],[23,2],[108,-22],[49,4],[26,34],[90,69],[145,78],[31,-6],[-1,-33],[-18,-32],[21,-46],[117,-61],[77,-29],[14,-45],[-56,-25],[-40,-5],[-72,3],[-13,-28],[36,-60],[92,-16],[21,26],[88,58],[48,11],[33,-20],[14,-26],[14,-101],[19,-31],[73,13],[26,76],[-17,72],[10,68],[78,87],[67,48],[28,69],[61,56],[51,29],[5,15],[-36,72],[-17,58],[3,40],[57,23],[50,38],[86,27],[53,5],[23,-10],[79,-69],[43,-73],[38,-21],[50,23],[36,-3],[-5,-67],[28,-10],[46,43],[68,43],[47,6],[115,-14],[113,1],[83,-68],[-55,-35],[20,-16],[31,16],[80,20],[66,66],[31,5],[93,-66],[55,-3],[11,-28],[-14,-47],[13,-22],[106,-97],[38,-48],[17,-6],[48,34],[21,-4],[31,-75],[7,-47],[40,-21],[59,-1],[33,41],[98,-38],[42,6],[27,-7],[7,-28],[-11,-27],[16,-30],[33,-10],[61,25],[22,-3],[10,-35],[-20,-68],[12,-42],[63,-11],[49,-84],[34,-32],[33,-85],[18,-29],[26,-14],[8,-34],[-10,-30],[-51,9],[-20,-15],[-43,10],[-34,-46],[5,-66],[-22,-29],[-9,-37],[16,-35],[32,-27],[62,-29],[56,-16],[39,-36],[16,-106],[23,-112],[20,-34],[38,-3],[21,-22],[17,-94],[30,-52],[31,-9],[80,-7],[122,-17],[36,28],[18,37],[32,-3],[2,-83],[24,-46],[40,0],[18,-18],[9,-41],[47,-32],[46,-9],[-10,-23],[-26,-8],[-103,4],[-44,-28],[-66,-3],[-133,-163],[-4,-78],[-33,-30],[-5,-53],[-22,-31],[-27,-4],[-16,-32],[51,-54],[6,-21],[-39,-91],[-33,-53],[-26,-70],[13,-39],[59,-50],[-10,-55],[23,-58],[74,-75],[12,-71],[36,-24],[79,-26],[81,-20],[18,-21],[-2,-35],[78,-40],[89,-29],[24,-24],[-19,-29],[13,-40],[-36,-19],[-15,-52],[11,-39],[33,-38],[73,-13],[44,9],[69,43],[177,88],[39,53],[-4,37],[6,62],[18,23],[44,27],[48,69],[72,47],[6,34],[38,70],[80,12],[-52,94],[-52,162],[-57,55],[-155,93],[-7,66],[49,65],[0,12],[45,67],[49,46],[101,44],[45,49],[13,38],[0,61],[12,38],[29,19],[44,-11],[40,-32],[36,-16],[35,-34],[11,-63],[34,-30],[90,3],[21,6],[65,-11],[8,-38],[-47,-29],[2,-45],[47,-37],[83,-11],[55,-24],[31,0],[16,-35],[-4,-69],[6,-42],[21,-38],[5,-43],[-25,-86],[39,-90],[5,-49],[-13,-168],[-42,-80],[-137,-106],[-176,-176],[-27,-81],[1,-44],[15,-20],[54,-5],[95,17],[102,-22],[28,-22],[24,-43],[18,-56],[11,-95],[-5,-37],[18,-40],[-9,-84],[-140,-11],[-2,-34],[31,-29],[16,-66],[-96,-84],[-152,-68],[-16,-32],[27,-67],[-9,-66],[-78,-32],[-66,22],[-65,52],[-87,-55],[-181,-105],[-149,-68],[-134,-5],[36,-43],[64,-26],[46,0],[219,34],[41,-13],[63,-51],[11,-42],[-24,-66],[8,-50],[38,-31],[35,-5],[76,75],[46,8],[54,-26],[28,-49],[19,-53],[-4,-43],[-53,-127],[-57,-29],[-57,25],[-65,95],[-27,52],[-33,35],[-50,18],[-41,-9],[-51,-39],[-13,-32],[-1,-119],[6,-34],[36,-50],[78,-76],[55,-75],[4,-101],[-29,-18],[-89,-17],[-65,-33],[-95,-29],[-46,-36],[14,-25],[-17,-22],[9,-20],[41,-27],[88,-6],[131,12],[106,-12],[113,-19],[62,32],[20,-11],[23,-71],[-50,-74],[1,-22],[88,-45],[46,-7],[28,10],[22,34],[17,65],[33,65],[26,24],[79,122],[15,34],[43,15],[41,-4],[149,-27],[87,-32],[71,-35],[49,-15],[67,-35],[45,-59],[81,-73],[32,-17],[27,-43],[59,-52],[63,-18],[39,-27],[35,-62],[31,-25],[23,12],[28,70],[39,9],[45,-20],[76,-78],[60,-43],[34,-4],[18,12],[-5,23],[-40,57],[2,44],[26,19],[81,-13],[47,-20],[44,5],[47,52],[103,99],[72,38],[44,38],[0,35],[-26,32],[22,86],[69,24],[76,-6],[65,-26],[59,-39],[18,-46],[-5,-36],[-45,-78],[-37,-144],[-9,-63],[5,-153],[-4,-54],[-29,-72],[-113,-37],[-46,-39],[-10,-52],[19,-28],[94,-53],[47,19],[86,-15],[60,-41],[37,-60],[83,-8],[45,-36],[96,36],[44,5],[37,-7],[29,-32],[8,-37],[-7,-123],[-5,-9],[-9,-121],[47,-55],[3,-35],[-73,-71],[-46,-63],[-62,-50],[-75,-24],[-28,-23],[-24,-3],[-156,51],[-73,30],[-97,24],[-5,-27],[15,-46],[30,-22],[-9,-39],[-31,-21],[-6,-29],[47,-41],[39,-20],[107,-15],[112,-10],[24,-21],[3,-51],[-7,-58],[-33,-91],[-21,-74],[-12,-77],[-91,-43],[-20,-33],[-13,-58],[-28,-21],[-24,13],[-8,28],[-31,18],[-36,-7],[-57,-44],[-19,1],[-24,56],[-22,8],[-62,-18],[-130,1],[-50,-7],[-72,-34],[-28,-34],[-16,-59],[-11,-177],[-18,-20],[2,-46],[-13,-124],[-21,-91],[-20,-50],[-40,-48],[-37,3],[-39,37],[-23,8],[-68,-8],[-41,-14],[-5,-30],[-43,-36],[-40,-8],[-42,7]],[[57314,125280],[36,24],[-31,63],[-22,26],[-19,-1],[-90,49],[-35,41],[-7,40],[3,65],[-15,81],[-30,115],[-27,75],[-38,82],[-33,44],[-144,79],[-27,24],[-22,39],[-31,92],[-13,69],[-35,71],[-97,131],[-29,62],[-5,33],[9,55],[37,102],[4,34],[-21,71],[62,23],[240,7],[250,52],[69,21],[24,15],[-47,108],[-27,166],[6,67],[9,307],[10,97],[9,18],[9,141],[9,73],[8,241],[-11,40],[-30,44],[-26,64],[61,33],[46,15],[87,15],[61,36],[64,52],[146,92],[4,47],[27,35],[-11,78],[-34,30],[-50,62],[-44,10],[-75,-19],[-30,4],[-47,32],[13,117],[62,-5],[13,10],[-67,45],[-45,54],[-28,75],[7,27],[75,59],[41,55],[29,87],[-16,17],[-133,52],[-28,3],[-119,-46],[-12,8],[-27,127],[-26,34],[-49,14],[-37,30],[-18,44],[-18,71],[-23,40],[-86,28],[-25,17],[-15,115],[-23,109],[14,45],[110,18],[51,0],[85,-8],[38,-23],[46,-43],[11,8],[0,64],[12,25],[40,20],[58,-4],[24,69],[2,80],[31,45],[7,29],[43,58],[-3,42],[-23,21],[-14,48],[-109,45],[-102,9],[-148,51],[-15,25],[100,101],[33,46],[36,117],[5,132],[-28,126],[1,31],[-47,113],[-31,49],[-43,41],[-105,86],[-84,61],[-45,-18],[-104,-57],[-142,-62],[-91,-50],[-45,-11],[-208,99],[-67,42],[-212,109],[-23,-5],[-53,-52],[-12,-48],[40,-59],[0,-26],[-60,-68],[-49,-81],[-60,-86],[-20,-1],[-3,36],[18,43],[-3,70],[-44,45],[-27,80],[-21,11],[-85,6],[-50,20],[-76,69],[-57,20],[-88,93],[-131,54],[72,85],[61,65],[83,97],[101,137],[41,84],[27,16],[194,2],[160,12],[198,37],[55,18],[32,27],[-8,48],[-88,55],[-62,24],[-93,15],[-98,6],[-74,-3],[-90,6],[-126,24],[-103,24],[-104,42],[-227,109],[-236,142],[-38,19],[-95,64],[-201,159],[-98,86],[-70,71],[-63,55],[-114,117],[-99,107],[-59,77],[-58,142],[-21,76],[-13,135],[-21,71],[-42,79],[-39,54],[-30,56],[-81,114],[-58,102],[-56,78],[-22,40],[-20,58],[-42,340],[-19,82],[-53,80],[-41,46],[-61,91],[-44,96],[27,17],[189,62],[77,34],[81,26],[28,31],[34,111],[41,22],[49,13],[-9,55],[37,34],[51,2],[62,-11],[98,-27],[-3,57],[-68,233],[-8,103],[-15,15],[-116,7],[-133,91],[-14,24],[-17,97],[-47,159],[23,133],[1,53],[22,110],[67,80],[52,110],[-5,130],[-28,141],[-36,86],[22,80],[-22,164],[-30,76],[-36,66],[-53,124],[-25,46],[-259,251],[-85,107],[-34,58],[-8,79],[13,76],[-3,160],[7,85],[1,79],[-12,97],[-30,120],[-54,168],[-34,87],[-18,25],[-27,67],[-43,89],[-102,253],[-44,129],[-19,75],[-35,95],[-7,41]],[[52783,140001],[62,42],[77,22],[68,33],[22,23],[32,102],[6,42],[-4,132],[5,61],[-11,134],[-72,197],[-22,68],[4,38],[-7,78],[16,93],[-13,46],[-133,25],[-44,17],[-51,31],[-53,56],[-30,45],[-46,85],[-31,73],[-73,43],[34,30],[26,39],[80,100],[25,42],[24,79],[-2,129],[14,73],[12,11],[140,-4],[11,11],[-6,67],[-7,171],[4,109],[10,81],[-54,33],[5,72],[15,50],[14,88],[30,105],[16,109],[45,203],[21,38],[-30,37],[17,45],[94,124],[74,63],[46,49],[62,78],[53,78],[77,84],[-9,23],[91,111],[104,117],[71,109],[23,49],[5,66],[14,76],[8,105],[29,83],[78,144],[59,127],[43,73],[45,115],[99,216],[43,72],[30,36],[90,89],[119,174],[20,70],[64,195],[16,65],[30,72],[44,61],[27,23],[63,20],[46,26],[119,26],[72,25],[84,12],[144,4],[114,-11],[117,-17],[100,-5],[134,-19],[113,-10],[48,86],[46,102],[2,32],[-26,79],[0,66],[21,65],[54,78],[16,14],[282,11],[-9,30],[88,4],[-19,85],[-13,199],[7,128],[9,78],[23,106],[28,44],[31,-6],[70,124],[22,65],[11,62],[-14,48],[-69,125],[-33,75],[-67,116],[-24,21],[-159,194],[-13,22],[-28,114],[-20,175],[-17,53],[22,2],[-20,142],[-7,155],[-12,19],[-36,-26],[-56,5],[-52,12],[-25,-36],[-29,82],[-53,122],[-19,32],[-41,100],[-64,130],[-48,144],[-12,90],[-10,24],[-33,26],[-53,83],[-68,129],[-38,97],[-101,28],[-26,29],[-1,26],[19,40],[53,39],[204,103],[28,9],[75,53],[184,165],[68,64],[84,31],[-20,80],[19,88],[53,109],[26,23],[158,67],[65,-1],[53,10],[51,-3],[209,5],[73,20],[178,27],[109,13],[65,16],[65,29],[52,41],[42,171],[16,79],[3,51],[19,162],[16,83],[12,16],[-1,107],[-38,147],[-14,29],[-32,18],[-34,-5],[44,-118],[-6,-23],[-23,28],[-33,95],[-32,44],[-36,23],[-55,17],[-85,8],[-7,30],[12,42],[48,86],[37,53],[-1,21],[-33,71],[-33,37],[-135,24],[-32,10],[-26,41],[-8,51],[7,63],[13,5],[63,-14],[3,42],[164,-21],[334,-73],[73,-21],[59,-23],[50,-57],[57,-53],[88,-32],[99,-72],[140,-40],[141,-30],[148,-45],[150,-31],[185,-62],[48,-11],[98,-37],[64,-14]],[[23383,114110],[3,96],[47,178],[80,442],[23,163],[46,160],[-4,79],[-12,70],[-25,61],[-33,45],[-3,41],[9,70],[-2,67],[-8,52],[-27,80],[-31,66],[-31,92],[-22,80],[-47,124],[-34,65],[-74,121],[-32,60],[-63,89],[-47,98],[-52,77],[-70,56],[-83,46],[-96,42],[-33,23],[-126,120],[-37,28],[-74,73],[-78,52],[-52,19],[-84,18],[-80,36],[-75,28],[-125,1],[-269,7],[-75,6],[-133,-13],[-212,-32],[-92,-2],[-68,7],[-60,0],[-75,-21],[-93,12],[-50,-63],[-56,-83],[-25,-49],[-72,-92],[-71,-2],[-21,16],[10,18],[-22,126],[-8,17],[-30,4],[-288,-97],[-162,-34],[-47,38],[-37,-20],[-86,-68],[-20,3],[-45,102],[-78,137],[-32,85],[-93,-4],[-143,-17],[-139,7],[-76,-3],[-84,6],[-18,-53],[-11,-76],[-19,-21],[-70,-5],[-122,19],[-93,25],[-90,30],[-49,24],[-58,13],[-76,9],[-14,31],[-15,92],[5,102],[-4,93],[-135,18],[-80,14],[-122,10],[-175,31],[-88,5],[-37,-5],[-54,-173],[-56,-74],[-60,-115],[-66,-216],[-44,-110],[-46,-164],[-36,-78],[-35,-100],[-16,3],[-55,89],[-64,134],[-58,111],[-89,144],[-102,175],[-32,70],[-99,159],[-62,124],[-34,53],[-165,294],[-33,68],[-89,157],[-28,22],[-168,-44],[-124,-16],[-78,1],[-221,-4],[-113,86],[-94,94],[-99,109],[-45,11],[-41,27],[-26,29],[-186,18],[-135,29],[-39,27],[-25,4],[-195,100],[-153,64],[-43,31],[-228,114],[-168,117],[-77,64],[-210,129],[-100,52],[-48,15],[-61,28],[-82,24],[-116,49],[-100,32],[-150,22],[-136,-18],[-111,-27],[-73,-28],[-140,-93],[-84,-49],[-72,-18],[-93,-16],[-87,-22],[-89,-12],[-81,-19],[-102,-30],[-177,-36],[-61,3],[-79,15],[-84,32],[-78,16],[-76,7],[-111,-6],[-211,-31],[-90,3],[-100,11],[-95,-2],[-99,10],[-97,23],[-148,22],[-128,33],[-84,40],[-117,37],[-102,46],[-119,80],[-60,36],[-70,31],[-142,153],[-97,78],[-61,58],[-94,53],[-112,133],[-64,63],[-71,44],[-79,57],[-136,113],[-154,113],[-47,31],[-174,141],[-127,117],[-33,50],[-11,54],[-55,97],[-54,79],[-68,81],[-59,98],[-39,54],[-65,63],[-47,30],[-94,43],[-117,69],[-77,58],[-41,9],[-136,49],[-120,5],[-113,17],[-81,6],[-77,17],[-148,57],[-141,62],[-128,28],[-154,52],[-102,18],[-47,4],[-192,27],[-78,-2],[-84,6],[-148,41],[-83,32],[-62,-6],[-67,41],[-113,52],[-142,104],[-36,35],[-39,50],[-33,102],[-54,102],[-115,196],[-43,61],[-39,44],[-89,72],[-34,37],[-77,59],[-66,80],[-105,86],[-147,104],[-121,41],[-54,35],[-16,0],[-74,37],[-118,46],[-58,9],[-49,-1],[-88,23],[-42,64],[-159,123],[-54,30],[-145,173],[-106,96],[-98,115],[-46,41],[-74,56],[-107,105],[-68,82],[-113,109],[-96,51],[-47,45],[-96,116],[-68,58],[-40,23],[-170,181],[-212,271],[-41,47],[-110,149],[-24,45],[-51,139],[-81,149],[-45,117],[-68,90],[-75,114],[-97,136],[-91,106],[-57,79],[-31,34],[-1,54],[-21,59],[-37,57],[-85,106],[-78,110],[-77,96],[-46,41],[-139,185],[-75,86],[-46,81],[-81,119],[-58,78],[-52,93],[-100,133],[-42,88],[-42,53],[-76,40],[-82,33],[-254,118],[-43,57],[-65,71],[-36,51],[-38,36],[-96,68],[-91,84],[-171,128],[-73,74],[58,82],[77,92],[89,87],[75,89],[86,87],[64,59],[109,121],[97,92],[54,63],[117,123],[82,91],[49,45],[103,84],[19,22],[-3,29],[57,31],[102,70],[52,41],[117,28],[52,23],[53,89],[22,61],[64,29],[56,66],[86,71],[26,41],[4,28],[62,99],[29,105],[76,202],[28,56],[75,128],[14,42],[-3,32],[-81,101],[-100,84],[17,47],[22,2],[69,91],[22,21],[71,93],[68,73],[-14,16],[-133,71],[-43,16],[42,52],[29,64],[-11,18],[-60,19],[-17,13],[70,76],[65,50],[49,-61],[96,-54],[42,3],[238,301],[92,111],[14,6],[278,-84],[57,-7],[66,2],[145,15],[14,38],[-3,139],[-4,21],[-41,0],[10,90],[-5,127],[12,4],[-12,180],[7,26],[42,63],[60,110],[40,105],[48,90],[33,47],[74,88],[160,125],[139,84],[16,-59],[83,-183],[41,-147],[37,-71],[30,-73],[46,-36],[69,0],[84,11],[0,50],[-53,166],[-21,104],[-17,122],[3,103],[21,155],[-4,72],[-28,19],[2,64],[-7,31],[-39,84],[65,5],[10,-44],[16,-19],[199,-2],[14,38],[-52,22],[18,50],[19,87],[54,1],[11,15],[-38,36],[94,22],[73,39],[-27,18],[-41,10],[6,43],[-3,56],[-23,31],[31,20],[-11,30],[11,20],[38,16],[18,-44],[38,-7],[72,0],[-14,81],[16,14],[3,-46],[25,-70],[52,14],[44,0],[32,11],[51,-9],[92,-1],[22,-35],[107,33],[13,15],[1,51],[-23,94],[-28,75],[4,9],[117,22],[0,37],[110,20],[155,-6],[27,3],[19,42],[-25,24],[-67,11],[-75,1],[-117,13],[-71,72],[-104,113],[-19,36],[-55,63],[-4,44],[36,49],[36,22],[87,30],[-6,49],[-92,54],[-56,40],[-101,10],[-24,64],[-69,17],[-23,24],[61,76],[64,109],[39,57],[37,-11],[62,-81],[34,-9],[115,31],[16,-16],[4,-54],[69,5],[-31,29],[4,18],[48,26],[2,92],[-51,3],[-35,58],[-67,-7],[-56,-61],[-18,14],[1,57],[11,65],[-16,18],[-128,22],[-106,29],[-3,15],[17,68],[-40,37],[-15,106],[-61,56],[-73,86],[-78,57],[-68,27],[-61,-21],[-74,15],[-12,76],[-34,133],[-9,110],[2,79],[-7,112],[-17,83],[-6,67],[50,9],[-28,32],[122,0],[99,10],[13,-40],[71,-50],[69,-31],[92,-1],[97,15],[62,19],[44,130],[23,5],[-50,89],[-6,22],[23,0],[96,-24],[72,3],[16,17],[3,101],[8,44],[67,12],[45,28],[32,63],[28,33],[93,-27],[54,-26],[-42,-58],[49,-17],[32,7],[95,98],[62,42],[68,75],[35,19],[45,-17],[78,-46],[39,-2],[62,21],[100,53],[45,13],[56,30],[45,33],[57,27],[144,57],[168,35],[115,17],[74,6],[112,1],[103,-6],[99,-19],[38,-25],[105,-103],[25,-37],[42,-107],[84,-129],[42,-80],[66,-93],[112,-114],[91,-64],[48,-40],[142,-98],[68,-64],[37,-43],[89,-91],[84,-110],[80,-162],[24,-59],[18,-69],[32,-181],[6,-93],[0,-93],[7,-140],[-4,-99],[-27,-140],[-20,-61],[-54,-108],[-48,-112],[-66,-101],[113,-7],[22,10],[48,-1],[16,-26],[63,9],[47,32],[3,25],[-18,40],[20,124],[16,23],[9,80],[-4,59],[20,65],[58,99],[32,37],[36,26],[88,32],[52,-1],[12,-16],[-10,-57],[-41,-91],[59,-19],[-6,-85],[22,-36],[50,8],[5,35],[34,5],[21,44],[48,-9],[-3,-24],[95,-15],[3,-27],[-23,-8],[-14,-32],[22,-19],[37,-3],[6,29],[40,20],[32,30],[93,18],[45,-2],[51,-40],[58,8],[3,-50],[20,-32],[29,9],[-14,-23],[28,-2],[40,20],[63,-5],[-42,-31],[11,-71],[-12,-14],[-68,11],[-11,-35],[8,-35],[31,-34],[39,-111],[33,-21],[-18,-55],[42,-40],[36,1],[51,29],[33,55],[28,98],[93,13],[79,49],[-4,49],[14,10],[61,7],[28,-5],[33,-25],[15,56],[27,30],[81,8],[22,-5],[34,-79],[3,-70],[-23,-50],[0,-22],[31,-41],[45,-29],[87,-103],[37,-14],[68,1],[36,9],[72,3],[11,46],[33,28],[16,44],[-19,25],[-3,55],[63,18],[82,5],[26,89],[103,103],[13,56],[-13,83],[21,11],[49,3],[12,16],[-21,46],[11,23],[61,30],[-8,48],[-26,49],[-45,60],[3,28],[-18,41],[-45,-3],[-27,-23],[-54,35],[-45,-16],[-53,-5],[-33,-45],[-49,2],[-32,-34],[-18,7],[53,112],[-3,101],[-11,24],[-39,20],[-44,-4],[-87,-31],[-18,11],[-14,61],[-25,72],[-62,151],[-14,46],[-5,53],[33,53],[33,3],[82,-38],[28,6],[-2,63],[17,23],[70,-55],[43,-2],[40,-16],[45,21],[-1,18],[-46,115],[-17,84],[5,46],[42,9],[46,-45],[19,15],[-11,46],[-49,73],[9,31],[67,29],[23,26],[19,56],[50,30],[-5,32],[-49,106],[21,34],[84,35],[129,43],[75,31],[48,-4],[79,-53],[60,5],[66,136],[99,60],[-10,43],[-44,39],[-1,20],[27,12],[67,-17],[40,1],[75,33],[37,-6],[14,-19],[-12,-36],[-72,-63],[-2,-26],[84,7],[23,-5],[10,-34],[-20,-12],[-54,0],[-2,-28],[29,-26],[40,-11],[62,15],[26,-7],[12,-26],[9,-62],[51,9],[70,25],[71,-8],[27,-14],[76,-61],[58,-57],[28,-9],[94,0],[26,8],[30,32],[-6,43],[5,46],[43,11],[7,-28],[28,-25],[39,22],[22,-1],[14,-26],[49,-5],[66,18],[91,100],[24,48],[62,67],[15,48],[-6,44],[-20,43],[-27,15],[13,33],[-64,39],[-30,62],[8,24],[37,14],[-5,22],[-76,1],[-44,-16],[-39,20],[-25,46],[-2,102],[21,19],[70,-14],[11,26],[-34,47],[9,51],[76,91],[54,37],[57,-1],[31,33],[37,-6],[20,22],[7,47],[27,49],[19,74],[11,3],[86,-43],[11,-31],[25,0],[27,-45],[22,-76],[105,-10],[70,15],[30,32],[-10,28],[-29,156],[-31,3],[-90,45],[-8,16],[93,14],[71,-25],[41,11],[1,45],[-67,40],[-137,16],[-13,7],[22,63],[7,80],[14,48],[39,81],[5,30],[-39,44],[-28,-18],[-8,71],[64,-13],[46,5],[136,34],[2,43],[-27,32],[43,45],[-6,26],[37,26],[21,65],[37,-9],[47,10],[-3,56],[10,46],[15,20],[22,60],[-20,53],[-11,57],[25,5],[10,-17],[4,-58],[24,-17],[-24,-76],[-2,-39],[32,-15],[4,-48],[42,12],[56,-7],[28,-21],[35,-8],[32,-42],[23,-13],[73,38],[-2,20],[-48,-11],[-10,19],[40,28],[29,1],[5,64],[-46,90],[10,33],[40,24],[15,-35],[-17,-39],[10,-15],[27,9],[9,21],[42,6],[29,-46],[44,52],[-72,75],[-31,-14],[-25,5],[4,25],[67,24],[21,29],[-61,0],[-23,67],[71,-20],[32,12],[-6,26],[-69,41],[-16,36],[80,1],[50,35],[56,61],[11,35],[-2,102],[23,74],[19,26],[32,12],[80,-12],[37,2],[25,15],[13,37],[31,31],[8,59],[-25,42],[-86,6],[-8,20],[-86,43],[-50,7],[-100,-5],[-56,6],[-76,23],[-44,105],[-28,137],[6,38],[-12,137],[28,-6],[68,60],[125,131],[9,23],[-3,75],[11,44],[91,132],[72,46],[26,28],[21,41],[38,38],[29,-6],[3,24],[56,79],[-3,25],[-116,6],[-61,25],[-36,47],[-5,56],[15,120],[16,25],[-9,147],[-53,99],[1,24],[-35,94],[12,87],[35,31],[55,159],[-1,15],[-65,139],[-53,16],[-49,26],[17,103],[27,14],[-13,19],[-59,153],[18,43],[-14,63],[96,0],[88,22],[11,43],[24,31],[79,15],[82,27],[23,25],[11,33],[88,26],[30,38],[-7,43],[-18,54],[6,38],[33,12],[39,-35],[17,14],[-11,82],[-11,30],[18,43],[-19,47],[-44,38],[2,22],[97,59],[-6,37],[-53,43],[-70,21],[-11,26],[24,50],[58,142],[-4,30],[-76,10],[-15,14],[1,34],[30,46],[-4,21],[-102,-20],[-36,19],[-60,83],[-53,116],[-99,60],[-92,10],[-39,23],[-5,22],[16,35],[50,60],[44,31],[8,29],[-12,23],[-49,50],[-27,54],[-5,31],[8,87],[-20,60],[9,60],[22,76],[-2,47],[-20,50],[-33,45],[-58,43],[-52,-56],[-41,-6],[-24,23],[-5,62],[19,29],[36,33],[12,174],[36,36],[80,41],[11,-44],[-86,-28],[-13,-20],[-7,-48],[17,-55],[-13,-52],[-66,-89],[23,-43],[61,62],[27,15],[49,-37],[43,-65],[108,-19],[21,26],[48,-3],[167,-24],[129,-29],[94,-9],[34,-17],[44,-7],[102,47],[35,30],[54,-17],[-5,28],[85,-7],[13,31],[-36,16],[31,2],[-5,15],[-55,6],[-17,21],[35,49],[21,53],[-7,29],[34,13],[56,65],[16,36],[12,133],[30,36],[105,-4],[12,-63],[27,13],[80,-23],[14,31],[81,-3],[11,-20],[53,5],[68,-19],[46,0],[71,-14],[32,1],[71,-15],[27,8],[54,-6],[16,-26],[13,-84],[-1,-90],[10,-16],[160,-15],[83,-3],[49,7],[41,-9],[25,28],[57,-10],[64,-45],[114,-28],[160,-21],[80,-15],[68,-22],[31,4],[17,-21],[31,2],[80,-21],[142,-2],[-25,-39],[-41,-27],[-83,-35],[-20,-21],[11,-37],[39,-38],[-12,-68],[2,-34],[22,-23],[55,-5],[44,-23],[29,23],[-17,32],[45,25],[47,-6],[26,80],[25,35],[7,37],[47,-18],[35,17],[34,-23],[27,4],[14,30],[41,26],[62,-28],[35,-25],[75,-11],[52,9],[51,-12],[64,-36],[26,-32],[-10,-87],[-6,-112],[-34,-60],[-77,-67],[2,-35],[77,-63],[101,-48],[78,-19],[57,5],[23,16],[100,8],[39,-5],[5,44],[56,-32],[53,-1],[59,22],[114,-5],[0,38],[41,35],[13,65],[16,21],[136,-1],[38,19],[45,50],[14,39],[29,-8],[37,18],[0,42],[22,17],[-28,66],[8,106],[85,-5],[62,-31],[60,-13],[22,18],[61,25],[62,33],[34,27],[41,0],[23,28],[32,-8],[57,25],[16,50],[44,9],[65,62],[-12,74],[18,9],[24,38],[27,9],[90,-15],[48,0],[23,33],[30,6],[82,-28],[50,2],[83,-20],[44,-40],[120,-4],[118,38],[67,13],[50,25],[34,5],[106,52],[44,-27],[61,-22],[68,-12],[191,-26],[40,5],[139,-32],[158,2],[21,-19],[8,-37],[36,-12],[9,-69],[76,-4],[84,15],[71,35],[24,46],[30,36],[66,20],[8,43],[19,31],[-21,37],[34,27],[6,28],[26,22],[128,3],[89,9],[33,-9],[-11,-52],[48,8],[148,6],[48,7],[53,-8],[91,3],[70,-11],[57,12],[123,-1],[39,-8],[85,-1],[37,-14],[78,-8],[27,-58],[37,-31],[11,-55],[20,-15],[100,-4],[85,15],[32,-9],[0,-80],[49,-7],[67,8],[31,23],[131,-38],[-2,-99],[35,-26],[0,-25],[-28,-79],[12,-15],[49,-22],[-1,-38],[-24,-132],[4,-14],[184,27],[6,16],[69,30],[9,-58],[81,-63],[47,-15],[19,5],[60,-11],[6,15],[49,6],[3,-26],[-27,-16],[-10,-60],[-31,-12],[-4,-37],[28,-34],[19,11],[69,-9],[34,7],[16,77],[46,31],[78,140],[46,39],[13,-18],[41,0],[69,-61],[85,-13],[42,4],[7,25],[39,48],[4,36],[35,97],[67,-15],[32,6],[9,-19],[-16,-60],[1,-44],[52,-14],[5,-19],[-13,-64],[2,-100],[168,-59],[76,-16],[39,-16],[101,-17],[165,-67],[58,-35],[97,-23],[77,-26],[90,-16],[172,-5],[-5,72],[8,9],[90,-13],[9,30],[38,13],[48,-5],[49,14],[11,78],[0,57],[11,36],[5,127],[22,34],[55,35],[1,40],[37,48],[35,-11],[44,1],[-4,58],[47,-26],[24,1],[13,35],[70,0],[63,46],[-22,46],[8,27],[41,75],[36,24],[-16,94],[30,47],[3,62],[50,68],[103,-4],[79,5],[-5,65],[31,10],[6,52],[24,-8],[68,5],[50,15],[-30,79],[68,10],[19,-6],[51,-90],[45,-2],[-37,-34],[20,-11],[90,23],[14,-16],[-28,-16],[-12,-32],[9,-67],[35,-34],[-19,-44],[20,-53],[42,-22],[9,-24],[67,3],[46,-20],[23,19],[43,9],[34,37],[24,11],[89,-5],[53,-16],[10,-30],[32,-15],[-8,-46],[7,-73],[14,-52],[-29,-130],[16,-18],[80,-15],[56,33],[4,17],[75,10],[4,90],[10,10],[76,14],[-5,31],[19,0],[16,-75],[-68,-21],[39,-35],[-29,-15],[-17,-46],[4,-43],[46,-41],[21,-74],[-1,-68],[13,-17],[-10,-72],[6,-23],[87,-1],[29,-13],[97,7],[143,-1],[42,-5],[62,-17],[12,88],[-11,116],[54,0],[41,-12],[34,-38],[107,-19],[58,-16],[8,-31],[81,-49],[101,-13],[30,-19],[25,2],[7,21],[85,10],[15,21],[35,1],[17,-55],[42,-42],[2,-41],[-14,-57],[7,-28],[-11,-43],[-8,-87],[19,-26],[116,-38],[71,4],[54,-20],[81,-65],[21,-5],[12,41],[2,66],[22,67],[-5,49],[16,22],[52,37],[28,33],[55,14],[-23,49],[42,42],[58,36],[36,36],[43,17],[25,28],[85,-36],[-1,-28],[57,-8],[-3,-50],[30,-31],[39,-5],[12,-21],[-6,-52],[11,-21],[65,6],[44,63],[43,30],[70,-1],[15,97],[25,47],[-133,49],[-51,4],[6,43],[63,18],[31,66],[34,22],[-31,69],[7,110],[10,34],[-44,-15],[-55,2],[-18,-28],[-49,-12],[-43,1],[-73,24],[-27,21],[-1,28],[-52,32],[-64,57],[-3,48],[21,53],[76,74],[2,32],[-20,48],[26,120],[0,44],[-19,27],[18,39],[26,-38],[32,-6],[57,-61],[9,-54],[88,3],[48,-20],[54,6],[39,30],[86,-14],[35,22],[1,24],[30,23],[87,-39],[39,12],[27,52],[58,23],[80,-40],[14,28],[2,43],[-54,45],[-33,37],[-17,43],[17,59],[-14,82],[10,74],[-25,69],[-6,46],[-17,22],[-50,32],[-81,84],[-87,56],[-53,70],[44,44],[60,77],[10,21],[-23,33],[-35,27],[-43,58],[-15,38],[5,42],[35,23],[47,59],[26,17],[64,9],[-6,66],[11,35],[36,39],[82,-11],[30,25],[84,9],[84,28],[102,43],[45,3],[39,67],[80,-4],[46,12],[29,78],[3,33],[40,-3],[-1,-15],[53,16],[38,-10],[37,56],[31,-22],[4,19],[-28,21],[8,35],[27,-1],[10,33],[38,13],[27,83],[18,30],[27,11],[17,46],[25,12],[148,-24],[31,-41],[-9,-28],[18,-38],[81,-8],[50,-29],[112,1],[112,-19],[14,-19],[-3,-72],[12,-37],[29,-17],[23,4],[26,30],[-1,31],[-23,93]],[[32135,147099],[34,-6],[5,-27],[74,-13],[58,16],[61,5],[47,-9],[15,-18],[0,-33],[21,0],[20,-27],[41,3],[6,25],[46,16],[20,71],[44,52],[-6,28],[67,-25],[20,18],[76,-12],[12,43],[-4,31],[17,92],[-18,25],[21,5],[61,-27],[12,23],[44,-2],[6,-36],[35,3],[29,-22],[44,-2],[30,-18],[-50,-11],[0,-28],[39,-25],[17,-33],[15,1],[44,33],[49,1],[12,-41],[-23,-5],[-6,-26],[33,-12],[12,-33],[40,-2],[65,-30],[50,6],[38,-33],[-6,-36],[65,-9],[6,21],[-53,39],[-24,38],[-27,5],[-9,28],[27,-5],[115,-83],[38,-17],[15,-33],[29,-20],[117,-22],[6,26],[29,-15],[38,16],[12,-39],[12,-78],[12,-23],[50,-17],[23,43],[79,-4],[9,20],[43,-9],[30,18],[25,76],[21,11],[-13,66],[-41,25],[45,32],[41,16],[44,-13],[16,48],[47,-18],[-11,-69],[39,17],[34,-20],[25,3],[9,-37],[12,28],[15,-3],[7,-55],[32,-18],[-19,-21],[27,-25],[47,-2],[-22,-38],[15,-12],[23,35],[29,4],[18,-31],[6,-37],[29,-9],[20,-46],[36,10],[8,-14],[-10,-55],[-20,-9],[22,-35],[36,8],[46,-6],[8,-34],[40,0],[-5,-23],[-50,0],[-9,-13],[45,-55],[41,4],[28,-9],[9,27],[37,-23],[9,-23],[41,-17],[65,33],[15,-39],[-59,-4],[9,-31],[78,6],[10,31],[44,-37],[-43,-13],[-11,-31],[76,-15],[6,-22],[-40,-52],[43,-3],[4,-20],[-67,-41],[43,-9],[50,44],[21,-11],[-25,-34],[22,-27],[18,35],[26,16],[-4,-24],[19,-56],[79,1],[16,16],[-9,23],[-33,-11],[-24,27],[17,12],[56,-16],[54,-4],[67,-41],[21,0],[11,29],[53,2],[12,34],[55,64],[83,3],[135,-30],[44,-2],[9,10],[17,146],[6,15],[52,21],[18,59],[6,77],[20,18],[73,8],[15,-26],[-3,-71],[24,-21],[6,-48],[44,-13],[27,-43],[50,-23],[44,-33],[29,-2],[41,23],[100,11],[91,18],[91,11],[0,26],[-21,107],[0,123],[-41,7],[0,22],[-24,1],[-7,38],[26,-1],[0,-22],[42,-7],[51,14],[105,-1],[95,12],[32,-9],[40,9],[72,3],[-22,-49],[2,-26],[52,-20],[14,-33],[22,-9],[56,4],[53,14],[29,-40],[32,1],[39,-29],[14,-50],[-107,-53],[-34,-23],[0,-15],[41,-11],[33,14],[27,-5],[16,-47],[17,-14],[76,25],[38,-19],[20,-47],[-7,-28],[41,-58],[20,-1],[16,-25],[41,-14],[48,0],[73,11],[13,-78],[35,-85],[61,14],[18,34],[-11,31],[45,-26],[39,-40],[53,-1],[21,57],[47,23],[32,-28],[122,27],[0,43],[36,35],[14,33],[8,74],[9,19],[73,-9],[63,-40],[-11,-182],[22,-23],[6,-60],[64,-10],[18,-45],[141,2],[57,10],[40,25],[18,-70],[-17,-61],[-1,-77],[-65,-13],[-21,-33],[-80,1],[-12,-7],[-1,-118],[-72,-22],[-54,-28],[-1,-49],[-45,-31],[0,-40],[-87,-54],[-43,-33],[23,-88],[13,-76],[2,-61],[-11,-76],[-8,-9],[-75,-13],[38,-121],[29,-15],[7,-98],[-5,-50],[-42,-105],[-19,-26],[-89,-52],[-53,-6],[-46,-68],[-46,-12],[12,-79],[158,-14],[73,1],[56,-7],[16,-31],[30,0],[2,18],[27,9],[13,-24],[30,-11],[-6,-76],[32,-20],[-49,-27],[-4,-54],[21,-37],[3,-98],[29,-11],[69,2],[75,-7],[11,-8],[-3,-59],[8,-30],[37,15],[89,6],[26,-10],[14,17],[30,-13],[2,-51],[53,-58],[71,-1],[38,47],[28,6],[18,-65],[-7,-73],[62,-14],[31,-89],[54,-10],[15,-58],[-33,-93],[21,-37],[-38,-15],[-21,-32],[3,-27],[-38,-30],[-60,3],[-13,-30],[45,-27],[-16,-30],[26,-17],[20,15],[50,0],[17,-13],[106,2],[9,-28],[-38,-10],[8,-13],[45,1],[30,15],[54,-4],[123,17],[15,-15],[9,-61],[24,-12],[2,-49],[13,-56],[40,-11],[20,-43],[24,-85],[24,-48],[17,-67],[40,-68],[53,-49],[41,-23],[84,-72],[14,-26],[-4,-48],[74,-83],[71,-3],[17,-94],[24,-20],[2,-56],[-45,-16],[-1,-29],[16,-100],[64,-54],[-3,-53],[15,-48],[40,-26],[15,-42],[-11,-56],[60,-6],[37,17],[134,-18],[38,4],[16,-20],[88,-1],[2,29],[47,-4],[-22,-49],[-1,-51],[22,-17],[42,3],[37,-31],[30,-10],[59,15],[80,-48],[57,8],[50,-8],[48,-38],[6,-41],[69,-29],[46,-8],[18,31],[23,89],[11,10],[51,-3],[19,44],[-11,50],[-45,17],[-6,14],[33,50],[84,4],[16,49],[63,81],[1,102],[19,77],[65,47],[42,6],[92,36],[43,120],[22,37],[32,15],[49,-51],[61,-1],[-2,73],[40,30],[32,-33],[150,-19],[8,-67],[120,-7],[19,23],[41,6],[27,-17],[114,-25],[28,0],[126,120],[-10,18],[38,22],[117,-23],[76,5],[26,37],[105,-13],[35,-29],[13,-43],[19,-7],[13,-54],[-1,-34],[27,-27],[-14,-77],[13,-35],[66,-47],[96,-34],[-21,-65],[-27,-63],[-38,-45],[-35,-19],[-60,-16],[-128,-17],[-11,-19],[29,-41],[40,0],[57,16],[50,23],[35,6],[38,-36],[31,-93],[21,-10],[49,11],[106,92],[44,-34],[32,-47],[18,-51],[28,-44],[53,-37],[72,-32],[23,-17],[12,-32],[-6,-68],[20,-13],[65,-12],[30,6],[77,-7],[17,-9],[-35,-40],[-86,-162],[25,-28],[31,-14],[1,-36],[-38,-36],[0,-27],[116,-176],[18,-41],[-8,-47],[14,-38],[63,-11],[100,6],[126,25],[6,-43],[139,-57],[72,-62],[72,-38],[47,-6],[36,-25],[29,-55],[1,-70],[52,-18],[7,-42],[-7,-27],[-34,-39],[40,-26],[79,5],[15,-7],[-6,-60],[65,-44],[13,9],[6,147],[-37,30],[22,78],[17,114],[9,91],[-24,14],[8,59],[43,22],[27,43],[51,5],[65,-13],[51,-24],[62,-15],[90,7],[3,13],[-29,62],[-39,104],[-19,71],[-45,35],[-5,57],[41,2],[148,-20],[29,-11],[113,-24],[47,49],[65,114],[35,-7],[40,-49],[55,-30],[33,-31],[32,-84],[42,33],[79,-9],[23,-13],[22,-34],[0,-94],[7,-52],[19,-81],[26,-55],[49,-16],[16,9],[51,158],[38,51],[170,23],[97,-11],[29,-38],[-5,-67],[21,-23],[32,-11],[64,12],[62,28],[-13,30],[-76,-32],[-24,36],[11,54],[31,27],[54,0],[121,11],[115,52],[72,-1],[28,-21],[-15,-59],[33,-85],[-9,-24],[-95,-77],[-43,-109],[-5,-61],[5,-58],[16,-21],[59,0],[13,-14],[10,-72],[27,-10],[19,43],[3,55],[-26,40],[-2,37],[-32,51],[8,68],[34,9],[44,-27],[58,7],[24,-20],[19,-72],[49,-28],[66,13],[36,37],[29,-7],[32,-29],[16,-43],[-18,-67],[-30,-30],[-84,-6],[-16,-16],[16,-28],[54,-7],[43,13],[124,25],[109,-18],[27,17],[7,54],[18,42],[22,85],[32,3],[38,-25],[81,-17],[50,13],[55,5],[131,39],[54,-1],[35,-10],[56,-40],[13,-35],[10,-163],[35,-60],[52,-24],[40,8],[85,-3],[11,-13],[83,-16],[33,-30],[38,-55],[23,-46],[35,-6],[102,4],[11,-15],[41,-13],[1,-47],[43,-5],[86,3],[90,-31],[69,-1],[94,-14],[76,14],[21,28],[25,2],[81,-14],[-4,66],[61,30],[-5,-42],[36,-36],[25,-60],[79,-40],[47,0],[70,52],[27,8],[166,-39],[88,-7],[31,-55],[30,0],[18,32],[30,0],[29,-34],[70,-24],[50,-2],[27,34],[27,6],[99,1],[121,-66],[94,-9],[5,51],[26,36],[57,8],[58,-6],[57,-34],[52,-10],[14,19],[-58,48],[-3,31],[85,23],[1,35],[47,12],[13,-39],[54,2],[1,29],[28,2],[9,-39],[70,-1],[63,6],[84,0],[79,8],[54,26],[88,12],[94,1],[53,65],[67,69],[30,16],[39,5],[180,-14],[74,-2],[41,11],[139,-67],[117,-62],[225,-110],[126,-69],[85,-52],[85,-43],[67,-11],[144,-8],[17,11],[-8,64],[152,136]],[[32135,147099],[-5,23],[-11,165],[11,84],[14,159],[14,44],[8,120],[23,193],[8,143],[-1,59],[-13,66],[-36,13],[-18,-61],[-22,-24],[-48,-2],[-24,-26],[-4,-52],[-44,-29],[-36,-13],[-137,-13],[-31,6],[-8,21],[-29,0],[-63,-19],[-62,55],[-26,38],[-45,-6],[-44,17],[-39,-20],[-26,3],[15,40],[26,38],[-5,21],[-46,-11],[-22,-33],[-36,32],[3,63],[37,21],[7,44],[-151,-1],[-92,14],[-31,-8],[-22,-115],[-20,-16],[-70,-12],[-72,12],[-50,22],[-59,1],[-58,39],[-50,64],[-71,5],[-21,9],[-14,-64],[1,-68],[-16,-20],[-72,-5],[-37,22],[-28,40],[-24,-35],[-50,-3],[-52,47],[-55,13],[-85,-45],[-66,11],[-19,-38],[-70,-6],[-43,-14],[-49,-3],[-31,28],[-8,25],[-107,18],[-25,35],[-127,7],[-24,5],[-27,35],[11,126],[-11,43],[14,37],[-14,54],[7,41],[-8,64],[-22,2],[4,-41],[-10,-22],[-43,4],[-12,-18],[-43,-7],[-2,-46],[-11,-21],[-155,-6],[-103,8],[-14,14],[0,43],[-107,91],[-45,115],[-47,70],[-3,21],[-31,57],[-36,28],[-11,63],[-2,65],[-12,39],[2,45],[-14,67],[16,63],[-6,23],[-220,-21],[-66,-23],[-48,9],[-90,0],[-77,18],[-98,-16],[-1,-23],[-50,-42],[-8,-19],[14,-67],[16,-43],[36,-28],[21,-82],[-15,-38],[-92,-8],[-41,27],[-202,164],[-34,40],[-14,37],[-12,84],[-22,8],[-48,-5],[-33,52],[4,23],[-106,49],[-87,68],[48,47],[-3,73],[12,70],[17,15],[0,97],[-166,-29],[-2,83],[-28,7],[-13,22],[-73,-21],[-104,-13],[-28,8],[-26,39],[18,47],[-34,59],[9,41],[-24,32],[2,43],[-16,14],[-181,-21],[-73,-19],[-20,57],[-146,4],[-17,16],[10,39],[-10,61],[-21,11],[-50,1],[-6,18],[23,94],[26,59],[-34,49],[8,117],[-6,70],[14,19],[99,8],[-67,69],[-73,0],[-20,6],[17,60],[-2,91],[-12,43],[7,26],[93,15],[35,50],[1,49],[-12,66],[-14,24],[-76,-6],[-30,140],[-76,-14],[-198,-10],[-146,-11],[-18,15],[-16,120],[9,102],[-28,34],[-70,3],[-98,24],[-67,-9],[-76,15],[13,15],[69,40],[66,72],[15,38],[7,64],[31,22],[38,-8],[-22,-38],[17,-35],[73,5],[68,-10],[50,1],[13,33],[82,6],[29,28],[5,66],[29,61],[-6,45],[-24,25],[-36,8],[-19,46],[4,23],[30,35],[34,5],[118,-11],[-4,129],[-59,7],[3,62],[11,64],[-31,37],[-54,1],[-67,-8],[-25,34],[-8,77],[-44,27],[-3,73],[49,88],[36,4],[73,50],[-2,29],[-51,-7],[-10,9],[128,61],[62,51],[50,5],[36,13],[27,38],[24,121],[1,31],[-85,84],[-39,60],[6,58],[71,136],[-7,75],[-85,102],[-38,62],[-2,107],[-72,173],[-37,43],[-24,78],[-142,-25],[-40,-15],[-66,-3],[-118,-27],[-60,-1],[-47,8],[-30,19],[-23,31],[-24,63],[-8,50],[-28,85],[-63,109],[10,30],[-3,82],[4,114],[-6,41],[23,39],[5,49],[-10,21],[-50,46],[-27,47],[8,67],[15,37],[1,45],[36,42],[34,75],[-27,14],[-105,0],[-44,41],[-34,4],[-81,-34],[-94,5],[-98,-25],[-103,-14],[3,-41],[-18,-13],[-166,-52],[-53,-23],[40,-21],[3,-36],[-83,-11],[-28,-36],[-29,29],[-48,-18],[-41,19],[-92,3],[-7,68],[-67,6],[-102,44],[-95,62],[-11,82],[-17,18],[-152,-13],[-86,28],[-22,-5],[-33,-40],[-1,-35],[19,-18],[62,-16],[13,-44],[4,-53],[15,-73],[-1,-41],[-44,-107],[5,-41],[60,-60],[38,-16],[62,-49],[24,-75],[34,-13],[46,-3],[46,35],[41,2],[9,-80],[-14,-69],[-52,-2],[-62,-82],[-43,-40],[-41,-59],[-42,-19],[-65,-14],[-122,-13],[-95,37],[-36,3],[-73,-21],[-43,12],[-55,-13],[-65,-31],[-31,-48],[-17,-79],[-29,-8],[-132,30],[-1,10],[48,121],[28,51],[46,3],[8,21],[-10,52],[-46,83],[4,131],[-23,25],[-109,-24],[-122,0],[-27,12],[-40,-6],[-14,-18],[-41,-18],[-43,-7],[-83,1],[1,-22],[-44,-21],[-118,-12],[-6,-53],[-19,-5],[-133,-7],[-68,9],[23,-42],[-46,-9],[0,-80],[-29,-1],[-28,52],[40,57],[-10,36],[-46,4],[-12,-23],[-32,-1],[-21,19],[-64,-3],[10,-45],[40,-86],[4,-21],[-18,-76],[-28,-18],[13,-23],[8,-61],[19,-69],[21,-152],[12,-51],[-115,-43],[21,-77],[-63,-23],[-135,-6],[-30,-9],[-6,-85],[-22,-16],[-1,-41],[-22,-5],[-98,67],[-40,10],[-7,21],[-117,7],[-62,28],[-71,17],[-50,0],[-139,-38],[-52,-6],[-16,-11],[-85,-1],[-23,20],[-101,-14],[-41,1],[-27,21],[-100,-14],[-101,-28],[-9,78],[-16,15],[-7,93],[-40,-11],[-20,85],[-110,-4],[-66,-22],[-69,0],[-38,-23],[-58,-16],[-32,-21],[-32,-39],[-46,2],[-11,84],[3,47],[-33,76],[-29,173],[-17,32],[-31,27],[-2,22],[60,20],[14,24],[25,4],[33,-27],[36,0],[2,53],[11,40],[-31,8],[-12,22],[-25,-16],[-29,2],[-15,47],[-65,32],[-74,23],[-58,-16],[-128,-15],[-106,-24],[-107,-16],[-145,-28],[-26,10],[-22,49],[-6,38],[-22,38],[-19,12],[-28,74],[-79,-5],[-60,50],[-30,101],[-35,23],[-14,22],[-64,-9],[-55,5],[-61,-36],[-14,31],[37,17],[49,39],[-20,89],[3,65],[-10,9],[-48,-14],[-122,-15],[-31,-14],[-39,-98],[-65,-33],[-5,-52],[-25,-40],[-8,-52],[-53,-13],[-93,35],[-40,48],[-78,3],[-21,-12],[-38,1],[-75,31],[-55,7],[-185,3],[-32,-37],[-110,5],[-53,12],[-2,30],[-34,14],[-19,22],[-91,2],[-10,10],[17,58],[-14,22],[-102,-13],[-25,-16],[-50,-2],[-72,-13],[-112,25],[-111,59],[14,55],[39,38],[-1,81],[-12,5],[-98,-26],[-15,-31],[-42,-26],[-53,-16],[6,-58],[17,-52],[0,-34],[-23,-64],[-18,-21],[-42,-15],[23,-54],[-47,-3],[-67,16],[-99,-21],[-34,34],[11,33],[48,26],[-5,49],[-30,38],[-10,66],[22,120],[-85,34],[15,69],[-5,59],[51,26],[44,2],[-35,36],[28,85],[-13,27],[-7,98],[-18,30],[-49,-7],[-80,-24],[-42,4],[-6,-57],[-43,7],[10,99],[1,91],[-5,101],[-7,21],[-168,32],[-12,-44],[-32,-57],[-37,-105],[-38,-45],[-27,2],[-67,51],[-77,51],[15,34],[27,109],[-1,44],[-63,59],[-78,14],[-30,25],[-33,-2],[-7,-29],[-42,-35],[-50,12],[-15,-9],[0,-39],[-37,19],[-34,70],[-34,29],[-72,39],[-73,20],[-54,24],[-32,34],[-19,63],[-39,51],[2,21],[34,74],[-78,15],[-72,6],[-4,114],[10,59],[42,99],[46,69],[36,38],[32,49],[24,136],[13,217],[-102,12],[-118,-4],[25,-43],[-72,0],[-15,54],[-69,18],[-161,34],[-34,-117],[-59,-7],[-4,97],[-30,-3],[-105,4],[-95,11],[-78,-64],[-51,-10],[-39,20],[-13,91],[-84,-10],[-3,19],[23,49],[-1,78],[-9,22],[-74,6],[-24,23],[-16,54],[-154,45],[10,43],[-14,44],[-88,-14],[-133,-34],[-194,-10],[32,110],[80,22],[-15,42],[45,21],[30,50],[0,18],[-55,19],[-22,52],[-31,124],[14,69],[-12,15],[-34,-10],[-15,17],[18,54],[46,41],[-11,52],[20,82],[34,56],[56,57],[58,38],[54,16],[54,50],[-22,27],[25,117],[-17,7],[-3,54],[22,71],[20,95],[-3,112],[-28,18],[-58,3],[18,51],[14,78],[6,63],[22,139],[-6,46],[-39,16],[5,133],[7,81],[-17,34],[-77,6],[-3,-13],[-175,21],[-63,-14],[-34,31],[-43,8],[-84,50],[-89,10],[-66,20],[-123,1],[-73,27],[-60,-18],[-30,11],[-21,35],[-91,-2],[-25,-7],[-62,-77],[-109,58],[-153,27],[-64,3],[-16,36],[-36,5],[-98,-9],[-74,24],[14,122],[16,62],[73,128],[5,34],[-26,45],[-34,27],[-56,7],[-87,-23],[-41,0],[-84,-16],[-68,-38],[-44,22],[-30,-11],[-11,45],[-1,72],[-18,2],[13,80],[51,93],[-1,16],[-85,7],[-52,-2],[-62,29],[1,38],[-65,-4],[-6,25],[-45,29],[-14,-9],[-96,4],[-23,-6],[-37,20],[-94,1],[-72,-32],[2,96],[-26,11],[-10,30],[18,57],[-7,56],[20,37],[25,18],[0,41],[-70,37],[8,35],[86,-13],[17,5],[24,68],[27,14],[12,79],[-26,69],[-29,-24],[-24,8],[-22,-35],[-206,45],[-21,40],[-29,5],[17,44],[-46,1],[-15,13],[-81,5],[-106,30],[39,74],[29,89],[-15,20],[8,34],[-77,30],[-22,-55],[-17,-9],[-115,37],[-30,58],[-86,0],[-11,18],[-117,-36],[1,18],[-28,21],[-18,30],[-34,8],[-20,94],[-98,6],[-20,49],[13,30],[-158,36],[-144,45],[-64,-70],[-28,-20],[-69,9],[-78,-4],[-27,26],[25,48],[-26,13],[-5,51],[-49,22],[19,38],[55,1],[-9,33],[-119,31],[-53,22],[14,40],[55,120],[-27,34],[-102,42],[3,27],[-82,22],[-27,20],[-132,42],[-40,25],[-56,14],[-114,47],[-8,21],[23,47],[-49,20],[36,31],[-249,92],[-85,13],[-10,8],[40,39],[3,49],[-14,16],[27,81],[-78,12],[-23,14],[-51,-9],[-73,10],[-49,37],[-64,-19],[-37,-34],[-29,3],[-19,28],[-24,10],[2,28],[-34,16],[-12,24],[-34,16],[-58,57],[-61,28],[-62,-2],[-10,25],[-61,48],[26,33],[41,-3],[49,17],[19,54],[-14,67],[8,19],[37,18],[-1,37],[17,35],[-10,64],[-5,87],[-9,69],[0,107],[-15,66],[-15,26],[-34,18],[16,30],[-8,29],[-89,45],[-130,78],[-70,50],[-30,6],[-35,-72],[-76,7],[-89,25],[-11,-27],[-131,29],[5,36],[-14,4],[-10,-61],[-3,-83],[-25,-33],[8,-18],[-27,-36],[-59,9],[-37,21],[7,76],[-58,6],[-32,15],[-38,-32],[-35,-9],[-56,6],[-46,-11],[-19,-15],[-11,-56],[-41,-21],[-16,-20],[-1,-38],[-64,-32],[-14,-19],[16,-27],[53,-22],[-23,-29],[-58,1],[7,-24],[35,-17],[-1,-31],[-45,-17],[-43,-3],[-45,26],[-34,55],[-23,0],[-53,-57],[-71,16],[-68,41],[-90,23],[-60,26],[13,-80],[-10,-20],[-44,-2],[-22,20],[-50,-31],[-27,-53],[-20,-70],[28,-9],[28,17],[18,-6],[-17,-42],[-60,-25],[-29,-100],[-24,-17],[-43,4],[-188,53],[-44,21],[13,58],[-41,25],[13,50],[-17,32],[-59,53],[-35,17],[-56,14],[15,35],[-52,26],[13,52],[-91,27],[-33,3],[-24,-16],[-7,-43],[-25,2],[-67,26],[-43,-16],[-18,22],[-31,-50],[-60,-28],[-3,-31],[38,-37],[-14,-19],[-68,13],[2,-28],[49,-25],[-15,-44],[-20,-7],[-94,18],[-43,-22],[5,-67],[-48,-7],[2,-24],[-41,-50],[0,-43],[-15,-14],[-97,27],[-127,51],[-50,8],[-55,-43],[-94,-17],[6,-57],[-49,5],[20,-53],[-2,-33],[18,-15],[-23,-24],[-69,-4],[9,-79],[-43,-36],[-15,-34],[-20,-7],[-43,8],[-16,-29],[-33,-14],[-163,12],[-3,32],[72,128],[-41,3],[-19,-43],[-22,9],[-27,-18],[-103,7],[-12,15],[14,62],[35,55],[6,25],[32,24],[20,116],[-15,40],[-3,89],[-67,15],[-35,40],[-73,4],[-10,39],[-111,20],[-79,2],[-38,21],[-26,-22],[-95,22],[-29,-34],[-50,-1],[-22,-21],[-24,-2],[-103,13],[-66,33],[-91,17],[-39,-7],[8,63],[3,78],[18,71],[20,39],[28,22],[4,33],[61,57],[30,81],[-91,37],[-51,35],[-108,16],[-57,-32],[-22,6],[-38,40],[-39,-24],[-10,21],[31,57],[65,105],[32,14],[6,22],[-51,22],[-23,24],[-32,-35],[-20,5],[-2,33],[-36,19],[-17,65],[-38,25],[-20,-9],[-58,48],[-6,30],[-34,5],[21,12],[31,63],[92,27],[30,28],[53,74],[15,66],[-8,48],[-39,24],[-58,-5],[-47,5],[-34,22],[-48,51],[5,42],[22,19],[74,22],[74,9],[65,37],[64,52],[105,144],[6,29],[-15,52],[-37,48],[-52,45],[-19,53],[41,104],[2,75],[-18,78],[-25,19],[-24,-3],[-48,-29],[-36,-1],[-23,-33],[-6,-77],[-37,-67],[-30,-20],[-42,7],[-53,46],[42,38],[13,107],[3,56],[-9,37],[-34,54],[-19,13],[-36,-3],[-46,-21],[-41,-35],[-101,103],[40,66],[40,40],[60,14],[15,23],[-17,31],[-41,15],[48,62],[4,32],[88,53],[-11,31],[12,28],[43,50],[13,29],[-90,78],[-37,62],[-61,7],[-101,-5],[-55,25],[-49,38],[-19,31],[-7,42],[41,23],[58,8],[3,10],[-61,43],[-30,54],[12,83],[12,28],[59,23],[48,37],[-26,66],[6,38],[-43,22],[-26,41],[2,30],[-31,17],[-33,-43],[-31,-18],[-62,22],[-31,38],[1,66],[13,29],[62,67],[45,118],[63,83],[-23,5],[36,70],[57,67],[122,113],[62,30],[81,-5],[57,-44],[41,-15],[20,28],[117,-19],[57,1],[-8,56],[14,48],[55,85],[-31,54],[1,40],[15,34],[32,11],[82,2],[63,17],[97,60],[45,56],[-19,68],[-44,66],[-40,42],[-55,9],[-4,53],[-92,66],[-3,30],[31,52],[-6,67],[44,10],[74,-3],[19,28],[101,27],[40,33],[18,64],[-59,0],[-72,34],[-23,56],[1,42],[15,40],[47,43],[72,12],[115,41],[22,23],[4,35],[26,37],[-9,27],[-46,6],[9,103],[16,25],[47,31],[40,86],[8,42],[-51,61],[-15,51],[9,72],[20,51],[56,9],[11,41],[50,12],[49,-20],[32,72],[133,-104],[11,1],[96,87],[17,29],[-10,36],[1,72],[-10,87],[-23,64],[-43,56],[-69,44],[-3,13],[94,54],[47,0],[115,-33],[43,4],[-37,76],[22,17],[100,29],[71,9],[74,20],[50,6],[104,-7],[37,14],[36,54],[52,27],[91,7],[86,-13],[48,10],[30,-11],[30,8],[104,-4],[42,20],[54,58],[92,66],[18,41],[-20,85],[-30,17],[-123,-17],[-131,23],[-50,17],[-23,19],[-14,37],[17,103],[23,24],[96,49],[12,37],[-20,36],[-48,37],[-85,52],[-35,44],[9,41],[36,50],[97,48],[82,-23],[84,-88],[-2,37],[-36,49],[6,112],[-37,117],[-34,56],[18,38],[26,16],[39,0],[50,-46],[29,20],[15,45],[24,25],[116,62],[18,22],[-16,38],[-89,31],[-29,22],[-17,43],[1,30],[69,90],[-5,25],[-45,39],[-86,9],[-92,40],[-100,10],[-22,19],[-61,81],[-49,36],[-15,40],[7,44],[-18,20],[-28,-3],[-61,-40],[0,-41],[-30,-52],[-59,-51],[-39,-2],[-36,12],[-38,44],[-13,42],[7,76],[49,51],[119,31],[22,11],[-1,33],[-73,65],[-34,-3],[-29,16],[-2,64],[-62,80],[-15,68],[17,31],[48,52],[88,59],[-5,176],[39,62],[33,17],[109,2],[71,19],[59,46],[15,31],[0,64],[17,104],[1,65],[52,40],[58,35],[43,54],[0,30],[-16,32],[-30,16],[-70,21],[-18,28],[-10,60],[8,35],[182,252],[5,32],[-16,26],[-70,34],[-17,66],[17,133],[15,27],[55,42],[16,-27],[64,36],[40,86],[107,23],[106,42],[70,-24],[43,-53],[31,-20],[33,0],[28,19],[16,60],[-31,14],[-72,-8],[-33,11],[-18,27],[-1,32],[24,23],[34,3],[54,42],[33,11],[-6,64],[6,64],[34,7],[64,-22],[22,-29],[22,-59],[22,-29],[101,-8],[65,20],[62,40],[75,-9],[68,20],[65,32],[43,60],[-9,29],[-34,7],[-64,34],[-23,21],[22,60],[53,42],[76,1],[31,-91],[62,-32],[69,-12],[34,12],[20,61],[21,31],[108,-29],[25,22],[1,32],[-66,26],[-23,27],[10,30],[33,16],[36,-4],[24,-23],[37,-10],[29,20],[70,10],[9,29],[-1,63],[31,14],[67,5],[35,15],[-4,31],[-24,21],[-90,52],[-15,32],[-9,61],[27,29],[46,-48],[34,-7],[79,80],[67,20],[27,24],[-11,30],[5,34],[32,13],[71,-1],[-29,-21],[-10,-30],[22,-23],[35,-1],[18,27],[2,60],[50,44],[31,4],[46,-19],[31,-62],[26,-69],[77,-9],[-8,45],[-34,25],[34,24],[105,12],[24,-5],[33,-52],[41,-9],[26,20],[15,35],[43,17],[27,43],[18,-1],[33,-57],[82,-57],[53,-5],[38,37],[30,14],[96,-2],[46,13],[21,20],[16,46],[64,69],[15,47],[21,24],[27,0],[27,-23],[34,-1],[36,18],[-28,64],[18,22],[10,38],[63,45],[24,-1],[19,-24],[-11,-40],[21,-21],[32,53],[57,37],[28,55],[34,15],[38,-13],[2,-22],[-40,-50],[4,-19],[36,-4],[82,41],[33,-3],[71,-78],[44,8],[9,18],[14,99],[47,3],[10,-48],[43,-34],[30,16],[-3,51],[61,58],[40,23],[89,1],[89,-26],[21,0],[67,40],[29,-2],[66,-53],[24,35],[46,19],[79,8],[50,19],[-6,49],[-44,8],[-36,60],[2,36],[108,21],[10,45],[15,1],[48,36],[48,-24],[36,12],[-22,95],[19,26],[68,-34],[46,7],[60,35],[65,9],[45,15],[36,45],[46,12],[84,-1],[27,12],[39,38],[48,-5],[47,-28],[19,30],[1,48],[-42,39],[18,51],[23,1],[17,-19],[58,15],[0,33],[-75,44],[10,70],[24,19],[49,11],[26,35],[43,2],[12,90],[-49,34],[-4,45],[40,30],[89,34],[23,19],[14,46],[-7,19],[-113,57],[-61,40],[-75,-5],[-49,62],[17,16],[35,-26],[45,-19],[36,7],[5,24],[-35,41],[-53,43],[-23,8],[-67,-24],[-38,11],[5,36],[22,37],[-5,31],[-24,26],[0,33],[53,74],[10,146],[38,34],[-4,34],[-22,22],[12,24],[31,20],[10,35],[-13,22],[-34,6],[-23,-22],[-45,25],[-11,19],[21,38],[19,67],[-19,43],[25,50],[44,7],[-39,44],[-11,46],[33,44],[2,21],[-29,43],[4,30],[29,15],[74,-23],[-12,45],[22,100],[31,18],[20,-9],[-15,-39],[32,-7],[15,37],[70,25],[24,23],[15,42],[37,57],[54,36],[12,26],[39,27],[-21,83],[-4,50],[45,32],[44,13],[64,-24],[24,2],[21,31],[-3,84],[22,51],[38,12],[8,21],[54,7],[20,-24],[-26,-33],[14,-34],[43,11],[19,18],[-30,42],[-5,29],[22,9],[34,-10],[14,-33],[32,-3],[44,14],[11,21],[5,94],[86,10],[25,-22],[57,-3],[7,16],[-36,6],[-24,37],[41,-17],[-27,48],[14,17],[29,-16],[-7,45],[16,14],[49,9],[30,-30],[5,38],[58,27],[29,-18],[-15,-40],[21,-2],[22,41],[99,24],[46,6],[5,29],[52,-22],[22,3],[-12,29],[51,16],[27,-23],[2,32],[36,-3],[50,13],[52,-20],[45,8],[6,-17],[107,-4],[88,-21],[29,-21],[24,30],[48,-27],[14,25],[5,45],[34,106],[-32,107],[-83,-14],[-33,-26],[-52,-1],[-91,20],[-9,7],[19,117],[-44,14],[-80,0],[10,40],[43,46],[32,-16],[-2,27],[23,35],[47,-5],[5,46],[19,10],[13,-22],[28,13],[6,22],[38,4],[6,19],[-46,16],[8,19],[67,41],[87,-15],[111,-32],[85,3],[50,-16],[38,0],[4,24],[71,9],[62,-3],[147,-31],[41,3],[37,18],[29,54],[-18,11],[21,62],[38,-10],[18,18],[-4,28],[-39,17],[14,28],[30,6],[12,66],[-21,32],[0,23],[42,32],[32,11],[2,32],[-24,61],[35,15],[48,38],[11,36],[0,62],[21,8],[19,57],[12,13],[-17,26],[12,45],[66,76],[-9,40],[10,18],[47,-18],[77,33],[13,43],[37,40],[-2,45],[15,31],[65,26],[60,11],[44,79],[9,66],[49,15],[-20,-72],[19,-16],[-13,-45],[-36,-7],[-1,-33],[77,-17],[-4,-78],[-31,-43],[-44,-16],[-3,-64],[56,-14],[-14,-36],[23,-35],[90,-33],[21,-15],[12,-43],[-17,-28],[25,-11],[47,18],[77,-4],[40,19],[45,-22],[12,-28],[31,-11],[44,3],[19,-11],[36,48],[47,-13],[18,13],[34,-12],[-4,-59],[-13,-19],[15,-34],[46,-6],[7,-27],[33,13],[21,-52],[-21,-21],[11,-18],[66,-4],[22,-27],[21,11],[136,-28],[4,34],[24,17],[-17,13],[65,-18],[38,25],[-37,65],[-20,62],[0,28],[-45,76],[-6,41],[19,9],[77,0],[68,-29],[100,-14],[26,22],[48,-3],[98,6],[52,14],[28,22],[-10,39],[65,51],[70,-48],[2,-25],[-20,-16],[2,-54],[-43,-22],[-4,-27],[26,-16],[-54,-34],[6,-149],[-15,-19],[-45,-1],[1,-34],[19,-26],[81,9],[12,20],[5,51],[79,-20],[-24,63],[67,8],[102,-3],[51,-14],[52,-26],[41,12],[-21,85],[1,22],[25,54],[62,49],[64,38],[18,35],[-8,53],[-23,24],[-37,11],[-105,-34],[-27,1],[-46,46],[-13,43],[10,25],[36,16],[92,-18],[51,9],[23,29],[14,38],[6,63],[80,115],[-23,49],[-49,-10],[-70,-89],[-52,-48],[-54,-6],[-46,47],[-94,157],[5,30],[43,68],[15,38],[15,93],[47,53],[72,48],[13,22],[-8,38],[-19,23],[-40,-6],[-35,-24],[-54,-62],[-47,-4],[-38,25],[-47,69],[-16,74],[-34,47],[-126,118],[-4,46],[29,13],[88,13],[55,27],[16,39],[-6,87],[-15,29],[-28,16],[-36,-5],[-46,-28],[-58,-82],[-22,-20],[-34,-7],[-50,29],[-25,54],[-17,70],[-24,25],[-85,8],[-33,9],[-29,24],[0,45],[16,20],[119,62],[43,35],[51,70],[3,29],[-51,6],[-22,-7],[-55,-40],[-28,-8],[-62,5],[-26,10],[-36,34],[-23,77],[0,40],[24,49],[86,25],[34,24],[-1,56],[-161,58],[-96,28],[-19,43],[6,32],[39,38],[106,7],[44,13],[41,34],[3,36],[-122,77],[-46,67],[-14,48],[-1,43],[-24,33],[-75,9],[-40,36],[3,131],[-6,20],[-33,8],[-96,-8],[-71,19],[-45,36],[-1,26],[16,49],[42,37],[72,18],[56,52],[25,85],[-73,6],[-158,43],[-85,5],[-56,16],[-84,38],[-127,26],[-65,7],[-74,33],[-84,10],[-126,5],[-83,-6],[-204,-3],[-32,-21],[-77,-1],[-96,-10],[-89,14],[-55,24],[-72,21],[-26,43],[-23,14],[2,32],[58,33],[1,23],[-37,24],[-26,-7],[-28,-52],[-12,-3],[-36,40],[-33,15],[-11,29],[-43,1],[-127,-15],[2,-81],[-43,-25],[-11,-21],[21,-57],[23,-39],[-104,9],[-20,33],[0,69],[-106,7],[-23,68],[-35,27],[-27,7],[-32,52],[-52,30],[-4,52],[-51,8],[-9,80],[-59,9],[-50,24],[11,139],[-44,36],[-75,-34],[-20,-22],[-12,-56],[-24,-19],[-60,-4],[-59,-13],[-114,-42],[-71,-32],[-46,-15],[-24,3],[-23,24],[-40,90],[-36,16],[-94,9],[-70,-5],[-36,15],[-54,4],[-42,23],[-24,31],[-32,90],[-43,28],[-11,-25],[-210,-35],[-83,-21],[-62,-39],[-30,-45],[-10,-64],[38,-33],[20,-32],[13,-62],[-14,-63],[4,-45],[36,-30],[56,-29],[-17,-95],[-53,-72],[-72,-34],[-11,-19],[3,-64],[10,-68],[-29,-75],[2,-38],[20,-37],[33,-21],[-1,-42],[-45,-31],[-56,-19],[-39,-25],[-39,-46],[-20,-99],[-40,-46],[-24,8],[-21,38],[8,51],[-9,62],[-99,246],[-45,40],[-16,36],[5,50],[28,67],[-6,17],[-60,13],[19,65],[-5,18],[-204,12],[12,111],[-4,88],[5,37],[-11,58],[-50,30],[-32,-4],[-76,-42],[-66,31],[20,74],[-20,22],[-38,-15],[-20,22],[-3,67],[-19,11],[11,213],[17,60],[77,81],[59,79],[43,68],[144,97],[87,46],[40,32],[93,102],[43,57],[65,133],[10,44],[-15,101],[-22,56],[4,51],[32,69],[50,36],[87,41],[40,27],[26,38],[12,70],[-3,68],[-23,92],[-30,91],[-7,56],[38,92],[53,60],[84,105],[91,71],[3,94],[32,61],[56,47],[64,26],[26,50],[11,49],[17,126],[2,63],[-5,53],[-39,111],[-6,46],[19,39],[66,52],[45,52],[23,76],[4,43],[-15,25],[-39,27],[15,35],[41,40],[27,78],[5,42],[-5,83],[26,63],[50,31],[75,32],[123,31],[50,53],[35,24],[118,28],[185,-9],[34,10],[33,33],[5,24],[-13,42],[-37,27],[-94,26],[-108,5],[-46,-4],[-30,22],[-36,60],[9,78],[54,66],[73,34],[84,23],[60,24],[23,27],[13,105],[1,94],[37,70],[43,33],[52,20],[150,42],[91,79],[29,70],[90,-6],[30,-27],[34,-6],[-3,-40],[32,-6],[12,-102],[-7,-40],[-28,-67],[-25,-90],[52,-6],[65,-20],[-12,-65],[-22,-71],[-7,-60],[4,-107],[50,-204],[28,-92],[21,-124],[1,-59],[-25,-167],[11,-63],[24,-1],[39,-124],[24,-104],[1,-129],[-22,-133],[-12,-128],[39,-101],[69,-59],[51,-112],[77,-151],[44,-123],[46,-87],[58,-67],[37,-31],[103,-65],[73,0],[91,-10],[21,-45],[4,-95],[54,-56],[98,-68],[24,-2],[147,15],[52,9],[57,35],[-29,13],[-24,43],[8,14],[34,-1],[50,27],[-4,40],[10,48],[-1,43],[29,88],[22,6],[65,-6],[27,-58],[-3,-44],[24,-4],[53,12],[98,-4],[80,6],[146,5],[33,-3],[55,-61],[98,-9],[107,-18],[26,-26],[-7,-46],[-77,-98],[-11,-77],[20,-48],[23,-12],[60,2],[89,46],[27,8],[29,-13],[3,-50],[-25,-66],[-2,-51],[-38,-22],[-69,6],[-3,-28],[42,-20],[89,-13],[5,-32],[-22,-41],[6,-85],[-10,-83],[17,-47],[34,-52],[0,-53],[-29,-50],[0,-30],[21,-9],[54,46],[200,22],[49,14],[2,28],[-16,52],[28,8],[88,-17],[53,28],[80,3],[20,-16],[28,-92],[27,-13],[11,-36],[42,-21],[62,-6],[103,7],[78,22],[51,-34],[26,-2],[-3,-33],[34,-81],[4,-26],[-26,-19],[-19,-50],[-76,-45],[-10,-24],[49,-33],[-23,-44],[4,-15],[68,-10],[44,-50],[1,-65],[22,-7],[38,-70],[-19,-16],[15,-51],[-21,-13],[-43,-3],[8,-71],[78,9],[43,19],[23,-13],[10,-39],[-94,-9],[-20,-11],[9,-19],[37,8],[50,-3],[11,-19],[-38,-45],[0,-36],[20,-26],[25,-4],[201,26],[56,12],[29,42],[78,8],[28,-29],[45,12],[67,3],[151,20],[153,33],[116,8],[8,-41],[-50,-71],[-8,-36],[1,-57],[-67,-65],[13,-45],[76,22],[34,-1],[6,-34],[-21,-44],[-63,-2],[-3,-35],[48,-17],[114,62],[35,-14],[-11,-30],[-59,-35],[-3,-17],[16,-84],[-9,-29],[17,-7],[44,25],[48,12],[22,-17],[3,-35],[-75,-51],[-14,-36],[-1,-45],[10,-11],[95,-18],[6,-50],[-33,-17],[-80,24],[-43,7],[-10,-18],[47,-51],[75,-17],[76,18],[51,0],[126,-23],[222,-4],[97,-20],[32,-17],[81,0],[35,-42],[25,-11],[18,-46],[-23,-74],[36,-1],[131,40],[35,-51],[57,5],[31,52],[59,28],[1,153],[-15,140],[13,123],[2,119],[-7,30],[30,12],[138,1],[68,-17],[50,1],[70,19],[192,2],[151,-6],[181,1],[10,-10],[13,-152],[16,-96],[13,-150],[22,-157],[15,-5],[12,-65],[36,-1],[-4,-42],[25,-104],[11,-162],[-42,-31],[-44,11],[-8,-54],[-53,-11],[0,-34],[17,-72],[52,1],[17,-42],[56,-6],[16,35],[76,2],[11,-97],[43,-2],[95,17],[25,-47],[41,-9],[41,-21],[144,13],[35,-41],[81,6],[108,29],[29,-91],[18,-29],[-3,-121],[-36,-43],[-89,-28],[-70,-11],[-5,-19],[56,-17],[16,-27],[57,-17],[44,14],[5,-32],[49,-12],[51,-1],[71,32],[120,-2],[27,-29],[82,-157],[40,-35],[32,23],[57,-10],[22,-17],[5,-54],[16,-16],[38,-1],[56,16],[65,-1],[57,9],[67,-9],[36,6],[26,44],[17,48],[28,8],[5,-22],[-21,-29],[11,-28],[38,-8],[10,23],[-8,75],[-29,28],[3,35],[85,-5],[2,-46],[13,-26],[41,11],[-5,44],[29,22],[12,-50],[-51,-45],[-27,-69],[-2,-52],[33,-30],[54,8],[-10,-50],[32,-40],[-3,-55],[-99,24],[-62,-2],[-22,-45],[-69,-4],[-9,43],[-94,-24],[28,-63],[-39,-12],[-107,-17],[-50,17],[-15,-33],[9,-16],[42,-7],[12,-27],[37,-3],[93,-36],[10,15],[49,8],[9,-71],[8,-4],[69,34],[56,0],[62,8],[51,-12],[27,45],[80,7],[10,-27],[-48,-19],[-22,-61],[-33,-10],[-25,-23],[2,-30],[21,2],[40,33],[14,-25],[-22,-69],[5,-57],[112,23],[28,-14],[41,17],[33,0],[2,31],[76,15],[70,38],[23,4],[66,-38],[19,-22],[-2,-80],[-19,-7],[-110,-14],[-78,1],[-41,-6],[-191,-63],[-75,3],[-40,-15],[-41,3],[-38,-14],[-6,-59],[-38,-8],[10,-58],[20,-14],[144,25],[2,-39],[-19,-44],[0,-58],[58,-68],[21,-114],[21,-82],[69,-76],[49,-7],[71,9],[24,-38],[23,-13],[-4,-24],[-25,-13],[-37,1],[-15,20],[-30,5],[-36,-29],[24,-63],[46,-69],[71,21],[77,-8],[-22,-41],[-2,-38],[12,-94],[-4,-48],[-13,-25],[-54,-64],[-41,-7],[1,-31],[27,-38],[87,-38],[17,-56],[27,-21],[24,-1],[73,22],[37,-2],[16,-14],[-29,-53],[-40,-23],[39,-38],[-24,-30],[9,-47],[48,-67],[26,-13],[77,22],[78,43],[25,74],[51,37],[-15,55],[12,52],[5,62],[39,41],[119,-17],[88,3],[105,-11],[53,-10],[29,5],[34,55],[44,37],[35,64],[18,14],[103,-10],[45,18],[-8,28],[-59,71],[-4,61],[25,7],[64,-8],[74,-22],[93,3],[165,-4],[66,10],[61,16],[14,-25],[33,-157],[42,-56],[65,-69],[17,-45],[-31,-90],[12,-47],[77,-39],[79,-28],[72,-49],[13,-57],[-46,-80],[-22,-55],[-5,-55],[-37,-44],[-3,-58],[-38,-65],[1,-121],[8,-30],[38,-72],[-4,-54],[-37,-90],[11,-52],[52,-68],[28,-48],[9,-91],[12,-44],[75,-47],[37,-8],[52,3],[37,26],[151,24],[54,25],[70,47],[37,32],[170,-8],[62,2],[36,15],[40,34],[44,13],[96,43],[24,16],[51,62],[27,15],[57,-1],[32,-37],[23,-12],[66,-6],[95,-32],[35,-41],[60,-35],[24,-29],[80,-71],[45,-3],[54,-59],[87,-80],[30,-17],[144,-43],[1,-41],[-153,-124],[-40,-60],[-13,-72],[1,-60],[-25,-37],[13,-26],[-17,-82],[-26,-57],[-21,-16],[-8,-28],[12,-59],[11,-10],[85,-11],[6,-56],[15,-5],[1,-53],[18,-16],[15,-68],[-18,-50],[-81,-28],[-8,-27],[23,-29],[11,-93],[15,-53],[-21,-49],[28,-82],[56,36],[86,9],[30,-9],[15,-53],[64,5],[47,-15],[30,-57],[-17,-28],[-6,-75],[131,19],[14,23],[30,-5],[-2,-67],[38,-24],[-7,-20],[-35,-25],[-45,-12],[6,-146],[5,-11],[124,5],[13,-5],[7,-48],[59,-4],[18,-14],[61,12],[65,0],[6,-202],[68,-18],[49,-29],[44,-7],[14,13],[0,66],[70,27],[101,19],[10,25],[45,9],[98,1],[30,-37],[58,-6],[33,-37],[29,-14],[1,-21],[33,-2],[19,30],[50,7],[119,-3],[100,39],[86,16],[56,-50],[132,6],[19,16],[-27,53],[-18,60],[-2,78],[34,53],[9,35],[-66,-1],[-14,-34],[-32,-35],[-42,-12],[-31,7],[-12,29],[4,97],[-5,35],[-16,14],[-86,7],[-27,18],[11,80],[-9,29],[-97,41],[-75,19],[-26,29],[5,288],[-15,74],[19,62],[71,49],[28,34],[-11,24],[-90,74],[-15,38],[22,32],[75,23],[50,6],[37,24],[6,35],[-37,57],[18,69],[84,57],[58,56],[26,0],[78,33],[53,38],[117,8],[106,18],[87,7],[155,3],[155,19],[128,2],[248,-11],[77,-22],[125,-1],[159,18],[34,-47],[26,-7],[-4,-21],[21,-19],[56,20],[29,-30],[41,-23],[44,-8],[25,-22],[58,-90],[21,-25],[46,-17],[40,-55],[5,-43],[78,-135],[27,-96],[1,-30],[32,-11],[20,-45],[104,-67],[78,-136],[33,-34],[32,-90],[44,-32],[111,-128],[23,-70],[24,3],[75,-102],[-12,-23],[17,-58],[52,0],[10,18],[57,-2],[5,-64],[86,-17],[65,-7],[79,-29],[80,0],[73,23],[44,-4],[52,23],[10,26],[92,17],[19,22],[85,-1],[15,12],[22,56],[30,7],[179,3],[200,31],[83,-7],[97,-47],[42,-5],[166,5],[133,0],[99,7],[116,-9],[31,-23],[39,-3],[67,-33],[44,56],[53,12],[-28,48],[22,50],[50,32],[86,-44],[1,-98],[-37,-18],[51,-2],[20,33],[-2,38],[15,42],[129,-12],[50,-29],[12,-31],[6,-71],[34,-16],[53,14],[-56,2],[5,68],[27,65],[46,10],[20,-80],[110,-31],[101,-70],[33,-15],[96,6],[36,12],[40,-5],[-3,37],[-29,22],[1,35],[-54,46],[14,74],[-1,99],[35,6],[51,32],[12,38],[-17,45],[65,35],[47,8],[14,20],[40,-17],[0,-25],[69,-30],[17,-25],[38,12],[65,-23],[19,2],[8,46],[-18,17],[-43,11],[-28,19],[15,66],[60,9],[3,48],[-29,76],[-35,31],[-13,52],[-2,66],[23,13],[11,-26],[26,13],[5,84],[-46,86],[-18,49],[-29,33],[-33,-7],[-121,25],[-14,24],[14,13],[74,6],[33,-15],[45,12],[77,9],[19,16],[20,65],[-6,54],[-46,43],[-55,4],[-25,13],[-41,48],[18,33],[63,42],[8,42],[24,16],[-12,34],[-46,39],[-11,39],[-32,-12],[-12,21],[-39,-8],[-55,-46],[-35,2],[-9,63],[-18,51],[-19,12],[-38,-13],[-50,17],[-88,-13],[-14,-9],[-15,-44],[5,-56],[-8,-31],[-60,-1],[-37,-26],[19,-27],[62,8],[34,-8],[-20,-37],[-6,-85],[-15,-27],[10,-27],[36,-3],[33,-32],[-12,40],[8,74],[19,54],[52,32],[18,-8],[5,-31],[-34,-27],[3,-31],[-20,-10],[-28,-88],[19,-72],[-11,-33],[-36,37],[-41,-27],[-56,8],[-9,-23],[36,10],[9,-97],[13,-27],[-23,-17],[-138,38],[-7,36],[-43,-8],[-2,13],[39,49],[9,42],[-65,14],[-23,29],[103,57],[-7,52],[-24,13],[-34,-22],[-5,-48],[-67,-20],[-39,30],[-62,10],[-41,30],[-80,-24],[-43,-48],[-19,-1],[-16,81],[-11,12],[-48,8],[-27,62],[-30,-4],[-37,-22],[-30,10],[-39,75],[18,37],[22,15],[7,29],[57,20],[-30,94],[-35,24],[1,27],[44,40],[39,89],[66,47],[33,80],[-15,34],[-35,-1],[-78,29],[-30,-10],[-22,42],[-36,-59],[-46,-1],[8,-50],[15,-20],[-43,-1],[-35,-41],[-27,-3],[-19,-30],[26,-29],[-30,-35],[-36,-11],[22,-40],[29,18],[21,-29],[19,-50],[50,-53],[34,-16],[3,-27],[-18,-8],[-21,-39],[-8,-73],[-41,-16],[-23,53],[-62,-6],[-30,18],[-38,57],[23,67],[-20,27],[11,52],[-70,27],[17,46],[-36,53],[-48,-2],[-33,33],[2,50],[-24,11],[-8,-55],[-26,-4],[-55,40],[3,-57],[16,-36],[-6,-66],[8,-34],[-28,-49],[-95,-55],[-31,-125],[-25,-7],[-36,8],[-48,-17],[-49,-6],[-20,61],[4,52],[27,77],[35,10],[18,52],[-8,50],[-23,-4],[-12,-75],[-22,4],[4,72],[-10,-3],[-5,-68],[-20,-25],[-5,82],[-56,14],[-30,19],[-63,-9],[-132,3],[-29,7],[-7,48],[-4,116],[-27,15],[-7,58],[-12,1],[-2,80],[72,78],[18,55],[-12,23],[-39,31],[21,46],[47,-14],[26,3],[19,-24],[59,-2],[0,-22],[35,-8],[-1,-17],[27,-28],[65,9],[49,-47],[36,-6],[16,16],[11,83],[-55,15],[-30,21],[-12,69],[-36,19],[-31,1],[-15,26],[10,31],[99,-2],[10,-44],[13,0],[51,52],[50,39],[23,51],[51,137],[-18,16],[-52,5],[-10,55],[-105,-15],[-92,23],[-1,32],[21,37],[-80,9],[-13,-5],[-20,-67],[-35,-16],[-76,20],[-24,30],[-26,121],[-77,66],[-17,42],[63,26],[38,-30],[73,-3],[-28,-28],[84,-22],[-38,-27],[74,6],[-22,30],[3,24],[-48,48],[-14,35],[-11,133],[24,1],[-31,62],[-34,31],[-18,-10],[30,-37],[-77,16],[-28,-27],[-57,-7],[-37,-48],[-43,1],[-41,70],[-53,22],[-31,44],[-82,9],[-5,-40],[-67,-7],[-53,17],[-25,49],[-29,-65],[-23,-2],[1,-21],[-25,-7],[-41,39],[-1,30],[-19,35],[-46,8],[-21,-40],[-6,-62],[-31,-6],[-6,-34],[42,-19],[48,-35],[-11,-72],[8,-77],[-11,-21],[6,-40],[28,-19],[-10,-16],[1,-65],[-95,-10],[3,-80],[31,-101],[-138,2],[-19,12],[5,27],[-49,-8],[17,21],[-22,36],[-7,-26],[-42,19],[-17,-12],[-1,52],[13,59],[-19,104],[13,62],[22,0],[-3,41],[30,6],[40,-39],[24,-2],[44,38],[41,20],[-5,21],[-74,52],[-37,-1],[-42,17],[-36,-20],[-7,-51],[-113,12],[-86,-1],[4,61],[26,19],[15,31],[23,7],[13,32],[23,-1],[16,28],[5,50],[-27,33],[41,1],[15,72],[39,11],[32,31],[89,23],[86,15],[3,127],[-7,13],[-36,-4],[-15,-17],[-31,3],[-27,24],[-8,44],[-30,14],[-21,70],[-91,4],[-36,-54],[1,-31],[-18,-17],[-2,-66],[-38,-15],[0,-26],[22,-119],[-34,1],[-11,31],[-54,-12],[-57,33],[-49,9],[-75,-10],[-75,-25],[-45,28],[14,41],[-93,10],[-59,24],[-58,48],[-3,31],[-20,23],[8,24],[-45,44],[-128,-39],[-8,-27],[-32,-5],[-42,-92],[-60,-16],[-20,16],[17,18],[41,12],[21,35],[24,15],[-3,54],[-48,20],[0,47],[-70,-4],[-108,-30],[-26,23],[-64,10],[29,45],[1,21],[-35,2],[-8,-25],[-17,19],[17,17],[-17,48],[15,68],[41,10],[33,22],[-3,23],[116,13],[103,0],[-22,62],[59,22],[-26,38],[-158,-27],[-29,13],[-52,-9],[-29,50],[-32,12],[-75,1],[-4,31],[22,40],[80,12],[23,34],[44,0],[34,35],[35,9],[-5,42],[26,50],[-8,43],[24,25],[27,5],[14,142],[-14,32],[5,40],[-9,41],[2,62],[-20,25],[2,60],[-121,3],[-52,-71],[-54,-11],[-30,35],[-34,64],[-61,-3],[-30,50],[-30,98],[25,-2],[38,-45],[72,18],[88,12],[50,35],[59,-5],[66,-30],[97,-3],[91,-9],[56,-23],[34,-3],[86,108],[63,85],[25,22],[10,30],[-23,36],[-37,33],[-74,-14],[-56,18],[-18,15],[-52,161],[-18,15],[21,35],[46,-1],[28,17],[194,6],[16,24],[26,5],[-6,54],[-114,1],[-110,11],[-1,44],[12,93],[73,-4],[-6,32],[86,-24],[89,-16],[87,-58],[55,-67],[1,-68],[95,-2],[60,-10],[43,4],[17,21],[-30,34],[-31,9],[5,18],[41,8],[-10,18],[56,3],[-3,43],[-81,28],[-3,17],[38,2],[54,33],[68,1],[98,23],[21,16],[-3,29],[-59,56],[-4,19],[-76,51],[-10,21],[75,5],[1,87],[-68,16],[-3,48],[-26,39],[4,56],[124,-1],[53,22],[-5,85],[-13,23],[65,-3],[82,-31],[43,-29],[46,-44],[62,-6],[42,53],[23,-4],[17,18],[68,40],[-72,19],[-93,-14],[-13,5],[-5,51],[-62,29],[1,142],[89,-23],[47,-20],[122,-29],[2,-121],[38,-17],[-23,-38],[14,-11],[136,11],[22,-45],[106,-10],[8,-30],[33,-23],[-13,-33],[10,-22],[31,-6],[7,90],[69,17],[-10,-44],[-22,0],[5,-68],[84,32],[67,-19],[-32,-70],[-58,1],[-5,-47],[10,-28],[59,-15],[39,22],[22,-21],[-46,-37],[0,-61],[-57,-54],[-83,-9],[-7,-77],[42,0],[11,-61],[82,-28],[8,-8],[-14,-66],[-51,-49],[18,-26],[-26,-22],[66,-20],[32,-1],[-24,-68],[0,-49],[155,-25],[15,-35],[120,-10],[9,-6],[-12,-48],[64,-11],[7,-38],[-15,-43],[3,-34],[95,-29],[48,22],[17,23],[-28,62],[-38,-2],[-37,48],[8,42],[-10,30],[-84,38],[17,90],[71,-22],[3,-63],[48,2],[43,32],[21,45],[91,-6],[16,16],[45,-9],[20,-19],[47,4],[-32,-63],[-11,-58],[25,-24],[52,-85],[-1,-36],[57,-7],[139,29],[94,37],[68,7],[92,-29],[37,-18],[25,-36],[-20,-15],[-2,-57],[20,-57],[-36,-7],[-16,-29],[-29,-14],[-15,-24],[-24,-8],[14,-52],[83,-6],[20,18],[-28,35],[46,26],[21,33],[28,6],[49,-10],[72,3],[37,-16],[8,-28],[-14,-24],[8,-48],[41,-16],[1,-42],[19,-13],[-3,-62],[36,3],[37,-14],[-18,-70],[-1,-39],[11,-15],[86,-19],[17,21],[25,-7],[13,40],[-18,5],[12,30],[-12,69],[44,5],[25,16],[33,-14],[96,2],[124,-10],[76,-28],[111,2],[53,-23],[25,-65],[69,-20],[15,11],[14,87],[27,12],[41,-23],[48,85],[24,-9],[-5,-28],[-34,-55],[43,-37],[38,3],[-5,61],[63,34],[25,-12],[36,-54],[21,-3],[70,18],[101,-65],[8,-26],[-15,-63],[-5,-61],[28,-2],[6,83],[13,53],[98,8],[60,18],[107,41],[39,8],[9,-26],[71,7],[20,-14],[-4,-25],[-44,-52],[-32,-26],[-96,-41],[-43,8],[-29,-24],[4,-23],[23,-2],[12,-31],[67,6],[3,24],[56,12],[38,25],[133,-19],[4,39],[28,19],[51,-1],[12,-28],[40,-13],[32,-29],[-8,-35],[-31,-23],[-57,-4],[-32,-14],[-32,-33],[-19,-85],[38,1],[12,-92],[-37,-15],[-13,-25],[-38,-6],[-5,-135],[10,-39],[37,-11],[4,-23],[-19,-93],[-25,-7],[-10,-40],[10,-67],[-24,-17],[-6,-34],[-28,-14],[-39,8],[-194,23],[-10,-28],[-1,-83],[23,-27],[72,-2],[12,27],[40,35],[49,-1],[3,-50],[52,11],[65,-25],[30,-45],[50,7],[14,-22],[35,-7],[18,23],[20,-15],[51,-2],[3,-23],[63,-7],[-9,-41],[-52,-25],[-17,-82],[-67,9],[-16,-42],[6,-19],[41,-1],[13,31],[23,-4],[-28,-54],[39,-58],[40,-9],[26,-64],[-6,-77],[12,-38],[-3,-59],[-18,-15],[1,-52],[31,-13],[10,-24],[31,1],[-2,-41],[32,-19],[-9,-17],[-66,-17],[-26,-50],[-48,-24],[-13,-63],[-19,-11],[-15,-36],[-68,-6],[-7,-18],[-62,-5],[18,-18],[-6,-30],[-82,-81],[-28,-56],[-41,-6],[-67,20],[-38,-12],[-14,-17],[18,-38],[33,-18],[39,-6],[75,34],[45,12],[20,-8],[33,-53],[25,1],[22,125],[18,-3],[12,46],[64,-6],[5,36],[25,6],[30,41],[-6,20],[76,-14],[-24,-45],[3,-96],[57,-4],[8,-23],[76,-11],[4,17],[31,3],[20,51],[34,2],[-11,36],[20,15],[48,3],[12,-53],[59,2],[10,-25],[62,-40],[0,-27],[-41,-13],[20,-60],[46,-45],[102,1],[17,22],[-15,10],[13,23],[88,-8],[17,26],[120,25],[20,28],[65,-16],[34,10],[39,-3],[8,-38],[32,2],[-6,-23],[-47,9],[-37,-4],[-44,14],[-34,-2],[6,-20],[40,-3],[20,-23],[54,7],[11,-29],[58,3],[23,41],[78,20],[44,26],[-8,17],[-47,25],[-6,29],[46,2],[61,-59],[-5,-23],[-26,-10],[26,-34],[-10,-39],[6,-111],[-35,-40],[-47,2],[-112,-17],[-5,-26],[72,-1],[87,11],[7,-26],[-69,3],[4,-26],[59,1],[26,-88],[20,7],[-1,-33],[-29,-12],[-43,1],[-17,-41],[-23,-7],[-51,11],[-92,-18],[-37,18],[-72,-18],[26,-46],[28,4],[17,21],[52,-20],[70,20],[2,-44],[-26,-7],[8,-30],[33,-14],[3,-36],[-52,7],[-28,19],[-2,39],[-39,-3],[-10,-28],[28,-22],[9,-65],[59,-14],[6,49],[57,-3],[4,-39],[-29,-17],[1,-31],[-51,16],[-41,-5],[-9,-50],[-77,-19],[-44,-31],[-5,-43],[37,-71],[-47,-67],[-35,-33],[-51,-26],[-44,0],[-23,28],[-33,65],[-54,67],[9,94],[-22,69],[-46,11],[-31,32],[19,161],[-30,24],[-46,8],[-94,0],[2,76],[-16,8],[9,68],[-29,6],[5,107],[-37,-1],[-24,27],[-20,0],[-2,46],[30,6],[4,20],[-45,2],[-17,-45],[9,-42],[-46,-5],[-4,-23],[-34,-35],[14,-114],[-13,-20],[-73,-53],[-17,-40],[52,-46],[78,-28],[85,-20],[28,-12],[7,-43],[-24,-36],[-80,-20],[-25,-44],[9,-67],[30,-55],[19,-16],[60,-13],[-7,-30],[-78,-23],[3,-18],[-60,-27],[-24,-165],[14,-49],[-69,-50],[15,-37],[60,-35],[20,52],[5,48],[80,10],[3,-99],[-27,-16],[-7,-60],[7,-31],[30,-21],[44,51],[44,8],[-11,-85],[33,-32],[44,20],[41,-8],[35,-35],[28,-15],[51,-56],[76,-28],[93,-68],[109,-66],[20,-21],[9,-61],[-50,-2],[0,-30],[-23,-35],[-52,-25],[-4,-39],[23,-51],[-33,-9],[-3,-22],[-32,-10],[18,-32],[-16,-19],[17,-27],[74,-49],[29,-13],[41,30],[39,-8],[23,-36],[9,-43],[130,1],[4,37],[29,42],[1,40],[45,-25],[26,-25],[93,-63],[30,-32],[-7,-45],[-161,52],[-68,-9],[33,-65],[-41,-64],[4,-33],[30,-27],[9,-68],[31,4],[81,38],[22,-29],[-70,-30],[-22,-18],[43,-41],[44,-14],[64,6],[42,29],[20,-6],[26,-52],[5,-125],[-18,-47],[-27,-32],[0,-38],[41,-32],[-21,-22],[47,-76],[64,-85],[-47,-12],[-11,-31],[6,-44],[-8,-101],[33,-59],[22,-2],[35,-52],[43,-26],[43,13],[28,-53],[45,-2],[3,-21],[-47,-23],[-5,-28],[22,-30],[-32,-13],[-17,-43],[-94,-43],[-10,-11],[-7,-75],[-20,-2],[-12,-27],[-75,3],[-9,-33],[-26,-15],[42,-25],[5,-56],[-27,0],[-36,-31],[9,-68],[-22,-41],[4,-57],[-63,-30],[-17,-26],[22,-19],[-48,-6],[-3,-33],[48,-35],[-19,-9],[2,-41],[-12,-30],[-42,14],[40,-77],[35,-10],[-4,-55],[10,-30],[26,-25],[48,4],[2,-12],[59,-5],[-42,-90],[-4,-33],[17,-44],[24,-28],[70,-17],[44,6],[5,22],[60,8],[74,2],[14,-47],[31,-5],[36,-24],[22,-32],[14,-81],[36,-26],[104,-13],[5,-12],[-40,-63],[-7,-34],[-53,-6],[-162,-4],[-14,-32],[33,-50],[2,-36],[-13,-45],[10,-28],[46,-24],[22,-24],[3,-113],[29,-1],[-32,-33],[33,0],[-28,-38],[22,-15],[58,5],[10,-42],[-41,5],[15,-75],[28,-9],[11,-68],[24,-15],[36,33],[43,-45],[29,-14],[7,41],[15,14],[22,-11],[3,-34],[-49,-37],[3,-18],[32,-19],[31,1],[14,25],[21,-1],[13,-41],[19,-21],[6,-31],[-27,-25],[33,3],[29,-57],[46,24],[25,-11],[2,-50],[12,-9],[33,45],[67,-6],[6,-33],[17,-8],[68,22],[32,2],[54,38],[4,-43],[18,-25],[36,0],[63,-46],[27,23],[6,-28],[30,-9],[28,25],[42,-17],[18,26],[45,-14],[-8,-57],[24,22],[8,-12],[52,11],[34,-2],[29,-43],[2,-49],[41,16],[17,-26],[36,-10],[16,24],[38,-19],[16,44],[29,29],[-21,27],[12,11],[61,-33],[30,13],[-44,29],[21,10],[38,-7],[75,29],[18,-22],[41,24],[18,-11],[18,-38],[31,-9],[31,10],[14,-27],[39,24],[33,-32],[44,25],[17,-31],[56,-33],[38,5],[52,43],[17,-27],[36,16],[10,-32],[19,-1],[37,35],[25,-9],[-17,-26],[7,-25],[36,8],[5,33],[75,-19],[40,-28],[34,5],[25,-56],[21,-27],[46,13],[-16,64],[22,40],[33,2],[2,-126],[-17,-41],[17,-29],[45,-41],[-38,-32],[3,-25],[33,-3],[40,23],[62,-88],[62,23],[12,-26],[44,-22],[21,30],[66,-17],[14,-27],[-18,-74],[29,-13],[-27,-16],[-14,-30],[11,-37],[31,-10],[17,-28],[27,27],[14,-7],[-44,-51],[75,-2],[40,44],[34,-34],[86,-9],[2,-33],[-20,-31],[66,7],[-48,-44],[20,-3],[53,22],[34,-12],[-13,-31],[5,-49],[-6,-71],[-39,-51],[38,-17],[34,-31],[-35,-14],[26,-27],[35,27],[80,27],[78,-13],[60,1],[15,-36],[23,28],[2,27],[55,13],[17,-10],[-1,-32],[17,-11],[16,21],[35,-10],[17,17],[26,-11],[-11,-30],[12,-19],[-22,-14],[-1,-70],[-10,-42],[-61,-42],[-87,-45],[-13,-16],[2,-44],[-32,-14],[-28,-45],[-29,-23],[-33,-4],[-11,-71],[-49,-72],[0,-66],[27,-42],[-13,-70],[-41,-76],[15,-41],[-2,-50],[30,-15],[20,17],[28,-10],[-3,-28],[23,0],[40,-26],[61,15],[79,-23],[24,24],[19,-48],[27,11],[91,-27],[46,-19],[47,-6],[-22,60],[19,2],[49,-24],[29,15],[27,-22],[42,11],[-16,28],[29,10],[12,69],[49,9],[8,42],[75,-34],[17,-25],[33,-13],[6,-18],[-27,-14],[-14,-53],[9,-57],[-14,-33],[25,-38],[-13,-79],[-16,-24],[-30,-8],[-26,-84],[-67,-2],[-37,-56],[94,-26],[200,-1],[72,-3],[56,-12],[10,-40],[44,-11],[12,-33],[31,24],[44,-12],[11,16],[53,-1],[28,-28],[17,38],[30,22],[2,53],[30,30],[49,20],[7,-10],[-3,-77],[86,-12],[-7,-29],[62,28],[-21,-35],[1,-24],[25,18],[26,-11],[20,19],[10,-55],[35,26],[23,-23],[45,-74],[72,-54],[67,-37],[71,-27],[0,-27],[-27,-11],[11,-17],[33,5],[31,22],[29,36],[39,7],[24,-35],[36,10],[56,-23],[24,-30],[27,-8],[26,-52],[52,-39],[-35,-33],[10,-24],[58,-1],[10,-22],[-31,-22],[13,-18],[39,-3],[-11,-46],[60,-26],[13,47],[41,18],[19,-21],[-7,-41],[17,-15],[30,19],[16,-43],[43,-6],[13,-33],[33,-40],[-57,-63],[-37,-25],[12,-26],[20,-2],[55,65],[8,-39],[34,3],[5,-32],[-29,-21],[33,-18],[-34,-20],[49,-4],[-4,-16],[43,-13],[50,-47],[29,4],[41,49],[15,-60],[24,-20],[24,23],[81,27],[17,-9],[-6,-27],[-44,-5],[-41,-42],[-43,-4],[1,-17],[39,-37],[39,-9],[33,-25],[46,15],[29,-25],[71,18],[18,-5],[61,-57],[58,-20],[60,16],[26,-15],[24,20],[43,-17],[44,24],[37,-21],[19,2],[50,49],[47,-26],[57,-14],[40,18],[4,45],[31,22],[38,2],[29,-40],[25,-14],[33,5],[35,-18],[29,23],[48,0],[80,20],[67,-15],[66,4],[54,-21],[54,-47],[43,25],[29,1],[26,-41],[27,26],[-4,76],[25,40],[-32,90],[-68,60],[-1,35],[-25,69],[1,35],[15,41],[87,4],[33,17],[42,39],[100,46],[58,7],[57,30],[17,17],[3,45],[18,27],[43,30],[43,16],[3,31],[-49,28],[0,20],[23,42],[54,20],[-22,37],[0,26],[29,62],[-43,23],[8,17],[42,5],[118,-27],[24,2],[99,34],[115,14],[67,36],[93,21],[8,15],[-38,39],[-11,29],[36,12],[56,-68],[53,-33],[58,-21],[44,-45],[80,-148],[18,-115],[14,-65],[-11,-47],[-18,-29],[-72,-90],[-79,-149],[-23,-72],[9,-101],[-36,-10],[22,-60],[33,-37],[84,-50],[105,-32],[211,-34],[150,-10],[44,-12],[70,-32],[200,-137],[82,-77],[23,-5],[90,-55],[53,-9],[74,-1],[108,-10],[131,-1],[80,-10],[50,-13],[88,-7],[52,-79],[15,-40],[6,-73],[-29,-42],[-37,-21],[-108,-86],[-57,-42],[-10,-23],[17,-29],[-50,-41],[58,-27],[12,34],[51,30],[-2,63],[42,38],[102,82],[59,27],[40,64],[15,65],[-51,67],[-4,100],[20,12],[93,21],[23,18],[43,76],[67,32],[-1,46],[26,16],[44,-27],[31,-8],[22,-27],[54,-10],[47,-28],[40,7],[45,-7],[84,-30],[106,-19],[68,8],[36,18],[20,70],[86,62],[81,26],[62,25],[45,10],[35,-6],[29,-101],[78,32],[17,-5],[44,-47],[54,8],[65,35],[41,-49],[102,-31],[86,-40],[21,30],[53,20],[3,37],[-47,2],[-20,-22],[-35,-14],[-30,15],[-37,-2],[-15,31],[36,-5],[12,26],[55,9],[121,-10],[12,-48],[48,-2],[17,-52],[52,-9],[6,-78],[44,-7],[9,42],[92,-25],[-15,-72],[-74,-4],[-5,-20],[-76,-10],[-15,-24],[-40,-23],[-41,-9],[-54,-28],[-29,-27],[-2,-30],[26,-54],[-49,-22],[-25,14],[-15,-42],[28,-25],[-9,-87],[147,-58],[49,-11],[-49,-68],[-39,-90],[-33,-50],[-19,-52],[-2,-36],[26,-56],[40,-54],[106,-57],[38,-13],[81,-9],[123,-63],[96,-13],[132,-5],[-6,45],[3,78],[21,16],[47,8],[43,25],[57,3],[0,41],[22,41],[-19,62],[27,91],[82,55],[11,-19],[57,-13],[8,-43],[-6,-30],[-39,-94],[-8,-75],[10,-65],[28,-39],[48,-17],[64,0],[104,16],[52,14],[43,25],[22,108],[-52,82],[-1,68],[-55,-20],[-29,2],[-26,30],[31,43],[0,20],[34,43],[28,19],[15,-98],[19,-17],[83,18],[59,23],[51,-5],[-3,-34],[23,-1],[9,-85],[29,7],[-4,43],[23,11],[-8,40],[40,36],[-6,65],[-35,31],[14,90],[-13,34],[-55,66],[-1,21],[47,31],[32,50],[3,52],[-20,66],[-2,50],[-32,51],[-72,65],[-111,34],[35,21],[-47,44],[40,5],[13,15],[-24,46],[-60,-1],[0,20],[36,57],[33,21],[5,34],[-23,68],[-7,77],[-15,6],[-24,148],[-20,49],[11,13],[-6,97],[18,26],[32,10],[40,-5],[29,-23],[28,-40],[50,10],[25,55],[-5,34],[-59,92],[3,51],[14,41],[87,48],[12,23],[13,91],[41,23],[50,-17],[32,-63],[24,-32],[34,-22],[56,5],[37,13],[17,36],[33,22],[15,81],[-12,21],[-83,-2],[-32,20],[-10,68],[-39,0],[0,50],[140,-3],[56,-10],[24,5],[57,34],[95,84],[44,31],[129,28],[67,34],[27,28],[28,54],[15,62],[-10,48],[-36,24],[-95,-22],[-40,-1],[-65,83],[-26,51],[9,64],[34,24],[62,6],[14,-14],[30,-98],[35,-41],[60,-14],[84,6],[58,19],[27,-2],[-54,-93],[0,-45],[14,-25],[47,-34],[40,-11],[82,18],[60,74],[104,34],[25,29],[4,51],[16,42],[28,29],[71,12],[46,-9],[115,-45],[57,-1],[63,21],[82,40],[60,11],[114,-29],[52,15],[18,45],[-18,69],[-42,45],[-58,49],[-98,69],[-99,53],[-105,32],[-19,20],[-45,94],[-37,57],[-24,67],[5,39],[37,64],[63,34],[-5,78],[23,30],[57,0],[-12,40],[-86,38],[-79,49],[-37,54],[-10,58],[39,19],[62,10],[35,18],[-19,42],[-80,39],[-17,15],[-27,104],[-24,40],[-37,28],[-117,32],[-41,-1],[-34,-25],[-5,-90],[-26,-82],[-47,-52],[-34,1],[-36,35],[-17,34],[-50,45],[-66,-2],[-34,-15],[-20,-27],[3,-36],[23,-33],[60,-55],[44,-74],[5,-25],[-37,-49],[-58,12],[-64,75],[-37,2],[-56,-20],[-22,-28],[-3,-42],[44,-120],[-9,-27],[-49,-33],[-29,28],[-40,94],[-32,54],[-94,63],[-80,26],[-76,33],[-26,21],[-26,43],[-55,45],[-12,22],[8,37],[25,19],[70,15],[93,-31],[11,26],[9,108],[-62,-12],[-99,22],[5,22],[99,14],[52,-12],[5,35],[-49,6],[-29,14],[-17,46],[11,37],[33,11],[51,-2],[92,-57],[1,-51],[40,-19],[28,-66],[27,-2],[64,36],[39,13],[41,-1],[74,-32],[42,-12],[64,12],[61,23],[105,82],[45,28],[96,47],[73,43],[31,31],[22,62],[-1,49],[-20,41],[-3,94],[-20,87],[-28,55],[-59,28],[-33,-4],[-29,-19],[-42,-64],[-11,-38],[-19,-120],[-14,-19],[-60,-23],[-75,25],[-46,69],[-50,61],[-11,56],[-24,47],[-30,-1],[-48,-44],[-37,-57],[-15,-39],[2,-67],[-25,-48],[-23,-16],[-56,-61],[-30,-1],[-38,42],[-65,121],[16,22],[16,-22],[31,-3],[9,33],[44,-3],[11,-21],[47,11],[19,53],[-43,80],[-46,42],[-34,6],[-15,-24],[-4,-43],[-17,2],[-72,130],[-21,27],[-47,29],[-6,35],[-38,34],[-2,19],[38,30],[11,79],[-13,14],[-59,21],[7,31],[25,42],[38,112],[1,28],[-16,104],[32,16],[-4,80],[-31,65],[-62,43],[-97,12],[-27,29],[101,80],[42,24],[34,6],[68,-4],[27,-28],[39,-79],[37,-23],[52,-14],[23,8],[-7,63],[36,-1],[17,-31],[40,-7],[-20,-79],[-2,-37],[28,-12],[41,10],[29,24],[47,69],[-2,29],[-45,24],[-58,13],[60,31],[5,46],[99,22],[12,61],[4,68],[56,15],[28,-19],[80,20],[6,43],[-12,0],[-25,49],[-58,-14],[-82,-57],[-31,-1],[-38,40],[17,55],[-26,36],[-1,86],[30,26],[46,-21],[13,-50],[55,7],[-7,90],[-30,2],[-11,-19],[-44,8],[-19,27],[-72,-13],[-34,7],[-34,96],[37,44],[42,-15],[-28,-50],[17,-12],[90,-8],[2,-40],[62,-9],[17,6],[-12,67],[87,2],[75,14],[121,0],[5,-27],[-21,-21],[5,-91],[-31,-17],[-18,-31],[32,-5],[-28,-23],[41,-37],[43,1],[45,43],[-15,121],[25,18],[134,42],[16,39],[46,6],[72,-29],[72,3],[27,-38],[-9,-39],[-37,-12],[-10,-33],[-59,-6],[-21,-30],[-46,-10],[2,-47],[23,-10],[131,14],[32,-22],[1,-46],[14,-49],[24,-43],[45,-10],[69,-37],[95,-3],[31,-35],[83,-1],[20,6],[-4,48],[22,34],[-8,17],[19,21],[-17,50],[38,16],[55,-18],[55,9],[12,26],[-8,54],[6,27],[60,59],[66,31],[-18,37],[-74,39],[-11,81],[-43,1],[-73,-22],[-41,2],[-37,-32],[-74,39],[-98,45],[-67,-4],[-44,-20],[-40,-91],[-57,8],[-11,37],[-54,-15],[-33,1],[-46,27],[-7,68],[-20,2],[-12,-56],[-77,27],[-6,18],[-49,29],[-4,179],[113,32],[-13,40],[-61,9],[-20,11],[44,106],[101,11],[32,-7],[3,-38],[59,-23],[-26,-74],[15,-34],[72,-26],[6,-15],[-26,-29],[24,-26],[37,-18],[62,-12],[28,-16],[92,-30],[62,-4],[25,16],[-46,73],[-13,31],[17,12],[54,-44],[10,66],[64,31],[-18,38],[-38,17],[-59,96],[-84,4],[-19,12],[-59,105],[-68,19],[1,87],[-36,44],[-7,25],[38,38],[2,32],[-12,65],[-16,29],[-29,7],[-106,-13],[-44,17],[-8,32],[11,45],[58,87],[36,43],[-1,29],[-57,19],[-13,29],[28,48],[22,57],[-2,43],[-24,27],[-16,71],[17,55],[59,28],[56,-8],[54,-70],[38,-25],[59,-19],[76,-5],[60,-22],[88,-102],[78,-34],[102,-4],[23,-43],[85,11],[86,-3],[103,6],[18,35],[83,-2],[142,-18],[16,37],[-31,66],[33,46],[-17,25],[4,80],[13,33],[139,127],[30,47],[28,94],[17,0],[35,-140],[15,-98],[21,-77],[16,-8],[31,31],[4,-25],[52,7],[25,69],[15,10],[18,-35],[1,-30],[-17,-42],[45,-15],[-7,-26],[-89,-46],[-21,-20],[34,-38],[56,1],[79,8],[15,-22],[-17,-41],[-35,-21],[-74,-11],[-104,35],[-24,24],[-30,67],[-38,10],[-11,-11],[-17,-62],[-9,-74],[14,-77],[41,-85],[95,-119],[14,-58],[56,-7],[47,59],[89,75],[55,20],[23,-4],[-18,-62],[-114,-47],[-60,-79],[-36,-3],[-45,27],[-91,67],[-41,15],[-44,-9],[-63,-39],[-32,-36],[-37,-61],[-14,-55],[15,-97],[19,-53],[20,-21],[38,-16],[89,-17],[63,-5],[73,35],[56,-24],[-14,-38],[-68,-82],[-14,-46],[4,-31],[37,-83],[102,-160],[46,-62],[77,-93],[82,-78],[77,-36],[199,-47],[16,-14],[-36,-57],[-67,-38],[-91,-34],[-81,-9],[-158,35],[-55,5],[-65,-7],[-75,-58],[-33,-54],[-5,-45],[31,-52],[94,-57],[95,-28],[169,-28],[106,-36],[39,-26],[40,-42],[33,-51],[19,-57],[2,-45],[62,7],[141,52],[41,22],[28,31],[23,44],[24,95],[-13,108],[29,63],[28,84],[43,25],[71,5],[30,-22],[4,-35],[-11,-35],[11,-20],[73,33],[2,-66],[20,-80],[7,-167],[15,-11],[54,-7],[53,28],[55,14],[69,7],[106,22],[29,1],[68,-19],[37,34],[22,0],[26,-22],[57,30],[29,-17],[96,23],[55,3],[55,-25],[59,-45],[51,-4],[57,-73],[87,-147],[22,-48],[19,-75],[14,-122],[-11,-59],[18,-38],[93,0],[39,-15],[62,0],[68,-31],[32,-29],[43,-66],[50,-99],[4,-33],[-6,-85],[-31,-75],[-121,-157],[-51,-77],[-67,-67],[-81,-53],[-5,-29],[9,-76],[27,-65],[30,-14],[59,22],[38,26],[42,14],[81,2],[30,-7],[64,-36],[55,-43],[18,-54],[39,-35],[48,32],[40,16],[85,-4],[13,28],[35,40],[54,11],[36,-33],[54,-33],[81,-37],[31,-61],[1,-45],[-65,-7],[-58,-40],[-11,-45],[35,-1],[54,13],[33,-14],[16,-21],[8,-46],[-67,-48],[-18,-24],[-49,-143],[-9,-50],[0,-54],[-10,-58],[12,-15],[82,-11],[47,18],[85,129],[33,31],[54,17],[84,-8],[20,-13],[22,-67],[8,-91],[-23,-43],[-45,-49],[-71,-55],[-17,-40],[-4,-53],[33,-29],[65,26],[22,30],[52,6],[24,-13],[5,-48],[-53,-45],[-3,-25],[33,-42],[49,-46],[-8,-84],[35,-38],[-18,-11],[-55,5],[-19,-17],[7,-25],[44,-9],[42,23],[6,-21],[-30,-29],[-8,-23],[18,-9],[-2,-41],[21,-49],[-26,-13],[-26,24],[-25,2],[-12,-47],[-82,-17],[-82,2],[-58,-9],[-84,-3],[-39,-25],[-20,-89],[8,-64],[84,-23],[37,-30],[-5,-39],[-34,-8],[-32,-25],[-57,-1],[-3,-46],[-42,-23],[-102,-24],[-78,-60],[-109,-115],[-10,-44],[63,-81],[34,-8],[54,47],[13,20],[15,78],[19,23],[41,17],[121,-3],[143,-18],[10,-10],[-26,-40],[-51,-47],[10,-42],[62,-32],[63,-8],[28,29],[10,54],[-23,96],[5,46],[33,22],[44,7],[91,-12],[41,-12],[91,-51],[-9,-31],[14,-53],[-91,-84],[-20,-90],[-19,-25],[-86,-73],[-87,-67],[-1,-41],[20,-86],[-5,-11],[-56,-11],[-57,-3],[-60,-17],[2,-35],[26,-37],[52,-37],[24,2],[95,64],[28,48],[-15,31],[14,25],[91,40],[26,27],[80,153],[48,67],[12,35],[4,54],[34,114],[30,130],[22,44],[43,4],[74,-32],[43,-38],[38,-46],[33,-82],[15,-61],[8,-78],[16,-49],[43,-73],[38,-41],[58,-48],[33,-44],[-30,-44],[-68,-71],[-24,-34],[-9,-54],[7,-32],[29,-33],[26,-4],[44,-39],[22,-56],[59,-62],[32,-74],[-4,-52],[-55,-26],[-18,-56],[-26,-51],[-5,-27],[44,-81],[36,-37],[-3,-56],[-18,-41],[-59,-23],[-25,0],[-80,46],[5,-31],[30,-47],[44,-122],[41,-42],[61,-85],[37,-31],[90,-36],[101,-32],[45,-9],[120,-11],[71,-18],[39,0],[2,61],[23,14],[-33,67],[-62,60],[8,25],[-28,33],[-6,102],[-17,74],[-28,87],[-45,50],[-12,99],[37,148],[-33,45],[74,64],[61,38],[31,-1],[43,-25],[57,-87],[118,-49],[40,-34],[37,-55],[38,-74],[64,-80],[-18,-121],[16,0],[10,-70],[71,-117],[24,-31],[42,-14],[103,-18],[38,-19],[23,-33],[58,-10],[72,-61],[88,-48],[70,-13],[18,-25],[-4,-54],[9,-24],[29,-19],[30,26],[30,50],[34,-3],[14,-38],[-9,-48],[40,-27],[25,-36],[1,-45],[-53,-55],[-97,-35],[-77,-35],[-92,-6],[-75,-47],[-88,-28],[-103,-8],[-50,13],[-75,40],[-114,35],[-72,6],[-87,-14],[-31,-16],[-31,-52],[-56,-10],[-20,-33],[25,-35],[100,-54],[25,-26],[61,-130],[69,-98],[-82,-65],[17,-40],[52,-50],[99,-81],[-132,35],[-84,4],[-50,14],[-136,68],[-138,54],[-33,9],[-61,2],[-56,-17],[-36,-27],[-33,-50],[-25,-73],[-8,-112],[12,-27],[40,10],[94,-1],[84,-14],[110,4],[71,-9],[55,-14],[93,-12],[-50,-42],[-47,-53],[70,-28],[93,-4],[31,7],[48,30],[52,50],[46,8],[120,4],[126,-2],[140,8],[91,19],[311,75],[102,10],[76,-15],[106,-8],[115,-16],[-37,-85],[-67,-89],[-37,-67],[-32,-85],[-67,-156],[-41,-122],[18,-25],[-2,-39],[-99,-102],[-92,-103],[-51,-47],[-57,-65],[-62,-54],[-112,-91],[-73,-91],[-28,13],[-90,-148],[-51,-95],[-53,-50],[-61,-32],[-53,-46],[-75,-81],[-12,-49],[1,-84],[-29,-48],[-57,-41],[-68,-79],[-98,-103],[-53,-78],[-89,-112],[-127,-104],[40,-85],[18,-108],[33,-137],[0,-39],[-36,-60],[-5,-40],[8,-56],[13,-177],[3,-93],[13,-44],[7,-66],[-11,-41],[-60,-70],[-82,-81],[-109,-85],[-16,-74],[-62,-106],[-47,-45],[-95,-123],[-91,-135],[-14,-86],[15,-20],[68,-21],[49,-27],[61,-20],[46,-27],[48,1],[30,-52],[19,-71],[74,-182],[4,-29],[-20,-98],[3,-25],[55,-95],[16,-71],[38,-67],[36,-27],[9,-24],[-13,-132],[20,-35],[94,-122],[48,-82],[27,-87],[9,-66],[13,-144],[28,-161],[6,-61],[-29,-92],[-45,-44],[-26,-45],[-55,-72],[-23,-54],[-155,-181],[-121,-114],[7,-68],[3,-89],[-6,-20],[-1,-80],[51,-139],[74,-102],[50,-152],[46,-78],[39,-41],[35,-24],[57,-12],[72,1],[64,14],[101,7],[128,-10],[16,-9],[37,-58],[39,-98],[2,-77],[-21,-36],[0,-39],[-24,-61],[-44,-49],[-18,-86],[-65,-96],[41,-79],[50,-83],[22,-49],[58,-88],[84,-90],[66,-60],[56,-36],[16,-38],[15,-88],[35,-140],[29,-84],[73,-128],[40,-47],[79,-43],[17,27],[57,-13],[17,10],[26,-20],[27,-109],[71,-155],[29,-104],[31,-148],[30,-99],[44,-123],[34,-42],[20,-46],[34,-109],[23,-161],[-3,-244],[16,-94],[-4,-29],[-35,-84],[-31,-184],[-29,-155],[-28,-80],[-107,-206],[-39,-94],[-19,-74],[53,-117],[14,-42],[9,-63],[-20,-84],[-49,-104],[-43,-65],[31,-61],[-10,-62],[-89,-41],[-65,-123],[-27,-86],[-31,-206],[-4,-51],[12,-157],[-5,-34],[-35,-65],[-61,-58],[-90,-28],[-54,-3],[-86,-50],[-158,-48],[5,-40],[40,-70],[63,-130],[61,-144],[33,-103],[80,-171],[-4,-103],[-32,-125],[-18,-96],[-13,-36],[-56,-83],[-37,-5],[-41,6],[-1,-58],[17,-40],[-4,-30],[16,-50],[-16,-39],[-32,-26],[-120,-61],[-17,-48],[12,-5],[-14,-89],[40,-92],[-15,-31],[12,-20],[-19,-70],[0,-91],[-13,-172],[45,-14],[37,-22],[15,-30],[-18,-79],[11,-93],[-73,-68],[-24,-33],[-66,-54],[-42,-56],[-28,-13],[-36,-62],[-47,-55],[-47,-66],[-52,-83],[-87,-150],[-55,-130],[-28,-56],[-34,-51],[-16,-53],[-23,-133],[-16,-45],[-46,-94],[-29,-152],[-27,-108],[-65,-153]],[[29579,180530],[30,-2],[109,37],[162,37],[54,1],[54,-42],[16,-63],[-9,-25],[6,-58],[33,-43],[-6,-22],[-38,-34],[-5,-26],[11,-69],[-16,-6],[-86,0],[-33,-12],[-16,-27],[23,-116],[-18,-50],[17,-13],[-1,-49],[61,10],[145,75],[153,64],[27,2],[99,-13],[24,-13],[37,-93],[11,-63],[30,-90],[43,-13],[8,-21],[-23,-19],[-67,-12],[-5,-70],[8,-16],[35,4],[32,19],[53,-23],[65,38],[79,-6],[36,-41],[18,-70],[0,-27],[-74,-27],[-28,-50],[-4,-44],[-22,-64],[18,-9],[54,7],[187,73],[24,-1],[-9,-61],[19,-10],[59,-4],[141,42],[49,40],[28,36],[34,10],[46,-13],[30,70],[71,-2],[12,-79],[28,-66],[-40,-52],[-9,-79],[-21,-112],[-27,-75],[-5,-91],[-30,-21],[-29,-2],[-35,18],[-47,41],[-48,6],[-29,-9],[-76,-87],[-26,-46],[-18,-61],[-83,-5],[-62,-21],[-60,2],[-91,10],[-55,-6],[-129,-37],[-46,-28],[-38,-4],[-52,13],[-34,20],[-83,63],[-27,31],[-62,104],[-17,54],[-44,72],[-26,24],[-60,34],[-134,104],[-73,34],[-66,13],[-30,-8],[-83,-44],[-52,11],[-34,34],[-12,64],[-11,105],[-27,62],[-1,22],[40,44],[62,14],[23,23],[22,64],[-9,70],[-72,106],[-55,2],[-23,16],[-32,58],[-11,57],[-2,70],[-54,88],[-43,111],[-13,62],[23,12],[59,-3],[26,12],[4,30],[-14,43],[-26,32],[-61,54],[12,22],[-10,49],[30,25],[41,9],[61,-8],[65,-26],[-10,-23],[80,-54]],[[95071,144063],[101,4],[42,12],[105,59],[57,38],[25,5],[101,-28],[67,5],[78,21],[119,-4],[117,30],[123,49],[59,10],[58,20],[71,-23],[14,34],[33,-11],[73,38],[41,10],[4,22],[45,6],[14,-30],[28,-8],[62,5],[47,20],[28,58],[30,22],[29,-36],[113,8],[66,13],[4,11],[90,15],[14,117],[52,-25],[40,-8],[56,-28],[49,-14],[94,7],[61,-15],[25,15],[76,20],[81,7],[38,-4],[64,16],[7,43],[62,-13],[145,36],[73,36],[38,8],[11,-19],[46,5],[86,57],[81,16],[112,-18],[150,-16],[79,3],[127,24],[52,38],[-6,50],[-58,42],[-8,38],[22,25],[113,11],[163,-44],[113,-21],[90,-9],[113,7],[111,15],[152,-16],[141,-8],[200,-32],[158,-10],[233,-19],[365,-8],[190,25],[36,29],[28,8],[274,25],[65,8],[50,-2],[83,-13],[101,-1],[77,26],[68,12],[74,-36],[56,7],[135,5],[193,45],[70,-4],[84,15],[127,43],[100,12],[159,37],[148,11],[54,-15],[60,1],[263,-19],[70,-11],[151,-7],[76,0],[161,-30],[28,25],[32,-7],[27,-23],[87,-56],[65,-10],[59,37],[11,26],[89,-4],[16,-51],[19,-21],[143,-3],[169,21],[70,-34],[38,-30],[26,104],[77,15],[187,29],[8,74],[23,61],[76,3],[117,28],[41,20],[61,-29],[130,-143],[80,-68],[35,-24],[97,-36],[67,-20],[177,-39],[46,-14],[98,-57],[-20,-40],[-89,-36],[-20,-41],[-9,-42],[-48,-48],[22,-2],[43,22],[144,-84],[87,8],[118,4],[107,-27],[43,-18],[48,-3],[89,34],[75,16],[134,-7],[131,-12],[74,-26],[125,-81],[26,-37],[11,-45],[39,-32],[129,35],[93,-22],[22,-62],[89,-41],[116,2],[195,24],[84,36],[44,10],[47,-64],[23,-63],[175,117],[57,52],[47,17],[66,0],[11,-16],[13,-62],[23,-45],[85,-114],[39,22],[168,-79],[126,-3],[91,11],[87,45],[69,-13],[62,-59],[21,-10],[234,-55],[64,-29],[38,19],[98,10],[124,20],[66,-60],[69,-10],[35,27],[3,23],[25,37],[-33,57],[5,20],[82,41],[96,-86],[65,-82],[55,-60],[42,-17],[37,-74],[16,-60],[20,-6],[23,-39],[105,15],[46,-1],[93,-17],[53,-41],[22,-2],[50,-41],[22,-1],[18,-43],[69,-60],[20,-35],[42,14],[73,1],[46,-16],[68,12],[63,-18],[29,29],[22,74],[53,-2],[24,-39],[86,-39],[22,-61],[51,19],[2,22],[25,-4],[45,47],[173,24],[71,-2],[28,-24],[-28,-64],[-41,-139],[29,-78],[14,-19],[60,-16],[-4,-37],[-25,-4],[-41,-54],[-43,-19],[-47,4],[-39,-58],[60,-26],[98,-2],[43,-20],[79,-9],[82,0],[109,18],[34,33],[-53,35],[68,16],[42,-8],[21,10],[83,-14],[47,-15],[86,-17],[25,4],[50,44],[15,41],[66,5],[-30,-35],[7,-17],[44,-3],[32,-35],[27,-5],[18,16],[105,-9],[13,73],[22,83],[-14,38],[8,25],[34,33],[113,50],[43,33],[63,31],[52,5],[108,-1],[32,-6],[51,17],[67,-31],[39,-33],[22,-7],[137,7],[54,-39],[239,29],[40,11],[184,33],[126,17],[115,24],[93,11],[104,17],[64,19],[32,32],[12,45],[-10,102],[73,68],[26,14],[77,79],[25,8],[25,-22],[28,6],[52,-29],[75,27],[40,29],[49,-5],[56,-43],[67,1],[4,12],[-55,70],[-62,28],[-27,54],[17,41],[81,60],[58,99],[37,32],[106,17],[37,-18],[85,-9],[49,8],[18,13],[53,-18],[25,7],[68,65],[59,2],[50,-21],[59,19],[47,-3],[136,7],[53,-11],[63,3],[80,71],[52,21],[29,-1],[136,-67],[13,-137],[-44,-25],[-65,17],[-68,-18],[-49,0],[-42,-13],[-84,-43],[-20,-28],[-20,-65],[-29,-72],[-73,-95],[118,-17],[-14,-67],[-24,-63],[-37,-51],[-58,-60],[17,-95],[40,-137],[25,-61],[47,-64],[27,36],[52,48],[38,61],[129,44],[21,-12],[14,-35],[4,-55],[-21,-35],[24,-23],[29,13],[63,114],[60,-19],[118,-28],[37,-69],[-12,-31],[46,-102],[1,-135],[-30,-69],[19,-76],[61,-18],[79,-67],[126,-31],[108,-17],[35,6],[25,-33],[46,-7],[49,23],[52,-16],[40,8],[39,68],[68,45],[49,0],[55,30],[50,-22],[49,5],[15,32],[11,81],[108,16],[70,16],[34,-31],[-14,-52],[51,-71],[40,4],[31,24],[77,14],[-1,80],[-28,64],[1,74],[36,28],[63,10],[79,42],[65,5],[38,-8],[15,19],[90,-9],[145,-92],[124,52],[66,19],[42,3],[56,-13],[74,3],[63,73],[17,43],[16,148],[33,-9],[20,22],[15,-14],[32,6],[38,28],[58,81],[27,27],[17,-26],[38,20],[13,65],[-8,39],[-63,39],[-20,29],[17,41],[82,91],[20,-55],[34,-25],[45,19],[26,37],[46,10],[38,-32],[83,-3],[75,-36],[40,-129],[147,-21],[32,-1],[160,-28],[168,-23],[-9,-49],[8,-32],[58,46],[37,-10],[9,-27],[22,-138],[49,-33],[42,-17],[53,9],[30,-21],[34,7],[48,-30],[78,-24],[6,-14],[27,26],[-22,21],[-93,50],[-53,40],[2,27],[42,36],[3,33],[-14,90],[2,26],[40,78],[53,50],[62,33],[18,26],[18,50],[-13,71],[-46,75],[-102,150],[-1,71],[27,45],[23,18],[13,30],[49,36],[209,87],[46,10],[16,-22],[-53,-90],[-5,-37],[13,-32],[47,-14],[71,-91],[33,-3],[117,-49],[20,24],[75,7],[30,-37],[69,-8],[74,-32],[20,10],[43,-51],[54,-15],[89,36],[99,52],[69,21],[118,8],[54,12],[89,10],[113,9],[61,16],[89,3],[47,-12],[61,4],[64,-4],[58,13],[17,35],[-53,14],[-9,-19],[-39,28],[9,39],[30,-3],[233,4],[148,-10],[65,52],[66,64],[67,53],[51,-17],[36,-2],[27,13],[19,34],[92,-8],[41,2],[40,16],[236,-33],[94,-18],[58,-40],[96,-39],[75,-16],[50,-2],[64,-17],[67,-5],[112,14],[72,-11],[38,27],[60,55],[24,1],[132,-24],[41,-3],[142,71],[27,23],[5,-33],[23,-37],[51,-39],[60,-25],[18,3],[44,58],[82,68],[41,-5],[123,-28],[97,-1],[67,12],[-31,66],[49,-9],[61,5],[7,30],[28,23],[50,7],[90,-4],[133,-23],[37,7],[150,46],[90,10],[85,-12],[92,8],[47,-19],[119,-17],[116,5],[26,25],[65,-25],[17,-16],[14,-45],[23,-12],[64,17],[287,-22],[80,-19],[135,14],[143,6],[237,-43],[94,-1],[72,-11],[84,-20],[92,-37],[116,-64],[68,-15],[66,5],[77,21],[103,60],[73,70],[101,106],[48,42],[80,23],[43,38],[86,52],[47,19],[102,12],[79,-5],[117,11],[144,26],[36,-54],[23,-69],[17,-25],[31,-7],[34,-30],[66,-27],[83,-43],[29,-8],[4,30],[33,29],[13,45],[107,34],[35,-10],[44,22],[58,-28],[21,-19],[41,-11],[50,15],[6,42],[36,37],[11,36],[124,5],[80,10],[54,-2],[31,13],[157,-19],[7,-47],[35,-13],[30,42],[48,22],[33,-30],[103,48],[133,-49],[80,-14],[85,-2],[91,-12],[85,-56],[63,-58],[38,14],[49,36],[54,-7],[93,-61],[80,-35],[108,-57],[56,6],[56,-5],[102,-50],[41,-5],[72,-23],[50,11],[17,22],[20,-5],[9,-83],[25,-33],[50,7],[30,-7],[30,-58],[133,-52],[112,-61],[54,-4],[33,-50],[34,-37],[37,-22],[98,-32],[69,-15],[55,1],[41,-12],[22,-42],[62,4],[-9,-62],[8,-35],[24,-19],[81,-35],[63,-18],[42,0],[15,-11],[-18,-61],[-27,-9],[-68,18],[-17,-8],[1,-43],[-40,-50],[-10,-27],[27,-51],[9,-39],[-29,-76],[49,-44],[127,-16],[32,5],[12,-17],[39,-2],[56,-29],[48,-13],[-39,-14],[-47,6],[-25,19],[-14,-12],[-50,2],[-17,26],[-44,-22],[-64,-6],[-4,-18],[51,-34],[30,16],[37,-10],[42,-26],[40,3],[-9,-37],[21,-19],[57,-1],[98,-12],[31,41],[34,31],[41,18],[55,-14],[15,-23],[4,-35],[-9,-66],[32,-7],[25,10],[10,-15],[83,-6],[35,23],[29,3],[37,27],[40,13],[8,22],[41,8],[69,-14],[6,-22],[-74,-28],[-18,-21],[-69,-5],[-64,-14],[23,-54],[-7,-26],[54,-29],[117,40],[7,-13],[-37,-46],[-59,-26],[-70,-10],[-5,-18],[20,-23],[47,-14],[35,11],[45,-25],[-6,-41],[16,9],[5,37],[32,23],[96,20],[31,25],[81,22],[-9,-26],[53,-41],[56,-6],[28,-13],[17,-60],[37,20],[18,49],[21,-8],[5,-57],[-19,-22],[-37,-16],[5,-16],[73,-25],[70,-79],[41,-33],[60,118],[5,26],[39,87],[49,51],[25,84],[-5,53],[-28,44],[29,37],[24,74],[116,-63],[34,-96],[41,-48],[-31,-77],[0,-43],[98,14],[87,-33],[41,-8],[96,-38],[148,-35],[37,-28],[77,-22],[64,-25],[36,-32],[127,-64],[34,6],[22,-22],[2,-30],[-56,-13],[-37,3],[-69,26],[-88,25],[-172,62],[-120,30],[-74,5],[-58,-8],[-8,-36],[14,-14],[-32,-40],[-18,-38],[-42,-124],[-47,-117],[10,-9],[74,-12],[28,9],[25,-12],[93,-24],[56,35],[67,29],[41,-3],[122,-31],[98,-31],[31,-30],[131,-46],[71,-9],[24,-16],[6,-28],[-13,-73],[4,-49],[30,-38],[46,-29],[43,-41],[15,-26],[101,79],[31,8],[32,-51],[37,-25],[109,-19],[78,-30],[45,-38],[52,-10],[187,-92],[148,-53],[31,0],[22,-37],[36,-17],[60,-11],[78,-25],[26,-16],[35,5],[61,-18],[97,1],[63,-24],[5,-18],[42,-21],[103,-20],[93,-52],[21,27],[52,-60],[53,7],[41,-12],[80,-36],[34,22],[37,-2],[45,-22],[0,-21],[34,3],[193,-79],[32,-2],[54,-31],[92,-17],[14,-19],[100,-8],[30,-16],[63,39],[-27,-36],[39,1],[82,-26],[4,-13],[48,-3],[64,87],[91,-27],[9,-17],[78,-22],[9,11],[4,65],[-7,56],[23,19],[31,58],[51,47],[36,4],[131,-13],[66,19],[17,20],[72,0],[57,-30],[15,14],[25,-38],[31,-1],[17,-19],[51,-25],[29,8],[40,-17],[31,4],[56,-17],[67,-36],[41,16],[63,-39],[-10,-40],[10,-27],[-11,-30],[1,-121],[18,-44],[5,-48],[-12,-55],[-31,-75],[-30,-39],[-71,-62],[-60,-43],[-94,-49],[-44,-42],[-7,-22],[30,-20],[50,70],[38,33],[14,-4],[-89,-104],[10,-14],[61,-24],[33,3],[77,-31],[29,14],[38,-29],[22,-3],[10,23],[27,1],[14,29],[27,1],[9,-26],[26,-1],[33,25],[66,-6],[-9,-39],[60,-26],[6,44],[24,43],[48,3],[3,-22],[-21,-5],[12,-52],[83,-21],[22,65],[36,33],[45,-15],[92,-56],[4,-16],[51,-62],[-1,-40],[-33,-43],[22,-11],[36,-45],[33,45],[61,0],[-1,39],[29,9],[34,-7],[-18,-23],[85,0],[46,-66],[53,-40],[31,18],[-20,21],[19,28],[4,-25],[36,-53],[18,21],[29,-26],[20,52],[-9,37],[26,9],[22,-37],[91,-27],[145,-4],[25,-51],[63,-65],[125,-104],[27,36],[32,3],[16,-47],[28,-11],[86,7],[21,-5],[69,-42],[73,-13],[50,-44],[38,-12],[30,5],[91,39],[60,-11],[96,-66],[82,65],[54,-27],[14,-36],[2,-74],[-6,-54],[6,-128],[-48,-5],[-10,-14],[11,-119],[19,-78],[-11,-22],[-22,-109],[-26,-85],[-58,-128],[-33,-46],[-42,-122],[-32,-59],[-35,-79],[-10,-55],[79,12],[49,-3],[41,-13],[28,-47],[4,-34],[-24,-201],[-24,-178],[-18,-93],[-24,-93],[3,-62],[28,-37],[46,-18],[65,-12],[144,6],[70,10],[216,19],[155,-2],[26,4],[86,-22],[62,2],[71,13],[62,25],[87,60],[61,33],[84,14],[41,-9],[37,-26],[72,-76],[133,-99],[23,-24],[10,-35],[-6,-44],[-18,-42],[-36,-44],[-38,-26],[-74,-34],[-105,-26],[-54,-5],[-21,-17],[-90,-9],[-73,-30],[-43,-32],[-62,-83],[-26,-46],[-28,-84],[-1,-52],[19,-96],[20,-62],[107,-6],[23,3],[118,39],[116,27],[114,33],[212,15],[105,-8],[80,9],[74,32],[24,21],[112,75],[75,33],[59,5],[22,-16],[9,-89],[-17,-64],[-60,-123],[-20,-67],[-31,-144],[-1,-52],[15,-56],[32,-92],[77,-159],[118,-54],[91,-66],[15,-52],[-20,-86],[-27,-77],[-7,-46],[-1,-79],[40,-57],[76,-39],[9,-36],[-20,-41],[-91,-98],[-27,-60],[-29,-34],[-26,-87],[20,-150],[14,-77],[-15,-116],[16,-73],[24,-76],[-123,-100],[-36,-21],[-43,-1],[-103,21],[-74,-4],[-25,22],[-74,-36],[-29,-30],[-40,-74],[-65,-4],[-69,18],[-227,105],[-28,-2],[-123,13],[-105,1],[-130,-4],[-53,6],[-103,2],[-112,-15],[-26,-31],[-69,-155],[-44,-126],[-15,-56],[-26,-70],[-31,-48],[-42,-15],[-147,-22],[-37,-15],[-62,-37],[-85,-36],[-48,7],[-128,67],[-122,72],[-67,22],[-150,26],[-59,4],[-82,-4],[-38,-17],[-32,-49],[-23,-125],[-20,-72],[-30,-32],[-75,-1],[-98,25],[-113,17],[-111,4],[-98,20],[-43,52],[-38,139],[-35,53],[-122,73],[-48,41],[-11,35],[0,73],[-18,101],[-21,48],[-51,43],[-56,8],[-109,-13],[-100,-4],[-91,-8],[-32,11],[-21,37],[-31,132],[-16,15],[-41,7],[-102,-12],[-40,28],[-74,130],[-64,154],[-31,31],[-33,5],[-60,-36],[-39,-65],[-40,-142],[-22,-49],[-26,-24],[-74,-39],[-36,5],[-59,53],[-76,87],[-108,109],[-104,86],[-31,95],[-4,83],[-12,26],[-32,28],[-47,14],[-57,-4],[-95,-29],[-42,-21],[-69,-12],[-36,35],[-24,41],[-28,20],[-124,70],[-77,25],[-10,56],[16,54],[-5,82],[-19,61],[-101,123],[-38,38],[-44,24],[-89,19],[-98,-1],[-126,-34],[-91,-41],[-73,-22],[-56,-37],[-20,-30],[-25,-101],[-33,-20],[-86,-3],[-185,-28],[-87,8],[-105,49],[-43,15],[-75,2],[-77,-15],[-66,-3],[-50,10],[-178,52],[-78,12],[-82,-13],[-73,-54],[-118,-60],[-141,-30],[-36,-21],[-49,-45],[-38,-46],[15,-26],[93,-22],[12,-108],[14,-31],[-31,-30],[0,-20],[44,-40],[65,-6],[112,-79],[115,-111],[32,-21],[8,-82],[-3,-96],[-11,-87],[-15,-56],[14,-13],[4,-78],[-59,-9],[-3,-20],[36,-71],[-4,-52],[-22,-2],[-131,35],[-89,7],[-14,-18],[-34,-78],[-43,-43],[6,-53],[-27,-29],[29,-27],[2,-44],[109,-22],[14,-14],[5,-155],[38,-83],[17,-9],[-12,-79],[1,-65],[20,-7],[0,-98],[24,-10],[-2,-46],[95,3],[3,-24],[153,-15],[134,-33],[-16,-12],[-84,-13],[-50,-24],[26,-17],[36,-52],[-62,-40],[-32,-8],[-9,-26],[23,-68],[57,18],[41,1],[29,51],[90,-33],[143,-35],[8,11],[47,-7],[76,5],[2,-12],[45,5],[85,-7],[72,-30],[54,-39],[19,-4],[-13,-56],[12,-30],[-9,-39],[10,-31],[-7,-38],[23,-26],[7,-34],[48,-49],[-3,-28],[28,-46],[-24,-26],[-42,-7],[-3,-30],[34,-11],[37,-32],[-19,-33],[17,-34],[-42,-78],[-13,-52],[7,-37],[32,-36],[-26,-20],[-41,-51],[-18,-44],[13,-16],[92,-37],[98,-46],[15,-27],[-18,-56],[20,-12],[-15,-20],[70,-93],[57,-12],[22,-21],[56,-17],[31,14],[57,-27],[0,-18],[-40,-10],[4,-28],[52,-36],[-26,-36],[-18,-63],[35,-15],[-47,-16],[15,-58],[-4,-18],[-40,-14],[18,-17],[-13,-24],[-35,0],[-25,-65],[-46,27],[-44,-1],[17,-47],[26,-28],[-12,-42],[8,-22],[-26,-26],[8,-68],[-10,-21],[-44,-29],[1,-26],[34,-8],[32,-33],[50,-32],[46,-16],[58,-39],[52,-21],[-10,-50],[-49,-5],[-7,-92],[-47,-57],[-37,-35],[-74,-84],[-71,-72],[17,-79],[-33,1],[13,-29],[50,-24],[18,-18],[-27,-32],[42,-25],[72,-22],[131,-51],[39,-21],[183,-63],[-20,-36],[-37,-10],[-7,-16],[21,-53],[-34,-19],[18,-15],[-30,-12],[-10,-34],[-11,18],[-18,-14],[-12,-41],[-20,-18],[-31,-81],[-49,-29],[-11,-25],[8,-26],[-48,-32],[-64,-110],[-25,-7],[-82,-95],[-14,-41],[-33,-8],[-73,-101],[-24,-24],[-43,-71],[41,-19],[-92,-102],[-55,-75],[-35,-58],[-39,-82],[-18,-15],[-16,-67],[-38,-9],[-64,-107],[-113,-19],[-7,-31],[-76,-86],[-16,-40],[-11,-68],[54,-41],[-48,-64],[-29,-4],[-46,13],[-22,-39],[-31,-16],[7,-38],[-12,-36],[19,-48],[63,-22],[-39,-93],[-8,-46],[-32,-54],[-2,-22],[-58,-49],[-24,-66],[-29,-60],[-26,-36],[-44,-2],[-25,-39],[-26,-15],[-58,-87],[8,-57],[30,-36],[47,-88],[21,-11],[-18,-49],[-2,-33],[-18,-53],[-17,-6],[9,-27],[29,-25],[-9,-30],[9,-37],[-26,-54],[2,-55],[-19,-12],[-14,-36],[3,-50],[-29,-77],[-56,-86],[-21,-50],[5,-30],[-16,-27],[-12,-62],[5,-77],[29,-41],[2,-90],[-17,-53],[-31,-6],[-41,-82],[31,-35],[-4,-19],[-48,-46],[0,-47],[-46,-34],[-34,-95],[-21,-146],[-13,-10],[-30,28],[-16,-33],[-2,-49],[25,-44],[4,-34],[-24,-7],[-8,-74],[-13,-37],[-16,-80],[-40,-83],[-10,-75],[8,-9],[-19,-67],[6,-71],[53,-24],[-5,-38],[-30,-15],[33,-4],[-5,-50],[-22,4],[6,-33],[-20,-32],[0,-36],[-24,-13],[-10,-75],[-59,-1133],[-46,-1027],[-223,-18],[-97,67],[-296,58],[-41,-3],[-27,37],[-100,41],[-95,26],[-39,37],[-25,41],[-32,32],[-23,5],[-22,-20],[-53,24],[-24,58],[-96,86],[-12,57],[-10,9],[-38,-16],[-85,41],[-11,46],[-19,20],[-56,0],[-9,37],[-37,35],[-43,-20],[-22,1],[-17,37],[-22,3],[-27,-35],[-21,1],[-1,31],[-25,3],[-46,-27],[-57,9],[-11,17],[11,54],[-20,29],[-53,35],[-97,105],[-58,40],[-29,-22],[-31,-6],[-12,30],[-31,3],[-26,-35],[1,-43],[-27,-7],[-23,-26],[-28,1],[-43,-28],[-21,30],[-53,8],[-10,-54],[29,-60],[-17,-50],[-60,-11],[-27,-15],[-11,-26],[57,-42],[5,-36],[-41,-15],[-9,-25],[12,-38],[-11,-37],[13,-21],[51,-32],[-1,-14],[-124,-57],[1,-25],[160,-124],[10,-28],[-43,-16],[-16,-26],[-51,-30],[-9,-24],[-30,-22],[-61,-14],[-6,-11],[41,-56],[4,-19],[-52,-9],[-14,-131],[35,-69],[19,-23],[1,-34],[-46,-16],[-8,-21],[18,-48],[6,-59],[40,-16],[6,-39],[-24,-47],[16,-61],[-11,-38],[34,-40],[56,-40],[11,-17],[-6,-36],[32,-35],[2,-32],[-25,-4],[-50,18],[-28,-37],[60,-36],[-10,-38],[32,-10],[67,-2],[-4,-30],[-51,0],[-28,-48],[5,-47],[22,-2],[40,20],[26,-21],[1,-35],[45,-12],[6,-26],[-41,-14],[-7,-16],[18,-25],[-41,-35],[11,-21],[70,-2],[14,-100],[-38,-45],[-8,-28],[43,-30],[29,-48],[-28,-66],[40,-50],[9,-30],[47,-45],[10,-34],[-8,-36],[20,-30],[-1,-22],[-38,-36],[21,-34],[-7,-45],[19,-24],[70,-9],[34,-31],[-4,-22],[-41,-34],[23,-44],[5,-44],[-35,-59],[12,-12],[53,-14],[-20,-28],[6,-45],[-12,-31],[-51,-63],[8,-20],[-35,-44],[4,-16],[-44,-34],[-123,64],[26,20],[-30,19],[-48,-3],[-60,16],[-36,48],[-45,31],[-33,-6],[-4,-26],[-85,-46],[-7,-23],[-83,-27],[-58,48],[-21,7],[-21,-22],[-50,21],[-72,19],[-73,44],[-45,-5],[-35,-83],[13,-72],[-6,-25],[-84,-88],[-23,-65],[16,-58],[-4,-35],[-21,-14],[31,-3],[31,-31],[17,-87],[-83,-22],[-26,8],[-1,-21],[-90,-114],[-37,-24],[-2,-18],[32,-45],[-38,-4],[-10,-62],[-34,-31],[-55,-10],[-39,-22],[-22,-27],[-26,-66],[-46,-36],[-31,-53],[40,-6],[-41,-32],[25,-6],[7,-23],[61,-20],[-6,-15],[16,-42],[0,-36],[-16,-28],[6,-30],[-39,31],[-15,-11],[2,-32],[-68,14],[11,-33],[-72,-13],[-40,38],[-61,2],[12,-47],[-27,11],[-73,-25],[-48,11],[-22,27],[-71,17],[-56,-23],[-38,40],[-29,-1],[-7,-26],[-45,-21],[19,-39],[9,-48],[-13,-30],[-41,-5],[6,-28],[-32,-12],[-57,10],[3,-17],[-26,-16],[7,-51],[-145,-16],[-46,-31],[-37,11],[-86,12],[-22,10],[-18,42],[-29,25],[-54,1],[-70,-11],[-69,7],[-248,0],[-175,7],[-166,1],[-353,9],[-11,49],[-27,12],[-33,-31],[-61,-7],[1,-27],[-47,-9],[-41,78],[-37,-17],[-51,-11],[-56,26],[-33,39],[-52,42],[-59,-42],[-59,24],[-97,8],[-48,-12],[-12,44],[-69,73],[-70,-12],[-20,15],[44,41],[3,39],[-126,15],[-39,-41],[-38,-17],[-43,-7],[-12,-13],[-64,-4],[-24,-23],[-76,-19],[-39,-24],[-60,-6],[-57,32],[-37,34],[23,80],[-25,51],[-27,21],[-43,13],[-35,23],[-46,72],[-38,9],[-23,29],[-38,5],[-8,-25],[-33,-20],[21,-26],[9,-39],[-37,-46],[-51,-1],[-28,31],[-46,22],[-47,-1],[-7,-15],[52,-25],[28,-54],[-15,-27],[-74,-45],[-32,-31],[-16,-59],[12,-50],[-9,-47],[-53,-58],[-44,-5],[-29,65],[-45,46],[-70,28],[-85,5],[-66,18],[-105,78],[-45,-9],[-99,-70],[-53,-63],[-2,-27],[43,-16],[54,28],[80,-5],[16,-20],[3,-39],[-18,-50],[-33,-44],[2,-40],[59,-69],[20,-11],[47,8],[52,50],[27,-13],[-3,-26],[46,-51],[-10,-48],[12,-59],[43,-35],[7,-39],[48,-38],[49,-14],[42,-29],[5,-40],[-55,-25],[-33,1],[-7,19],[-72,14],[8,-16],[-26,-24],[1,-23],[-24,-18],[10,-23],[32,-15],[24,-34],[33,-1],[0,-26],[30,-19],[14,-41],[29,-36],[81,-61],[22,-33],[54,-57],[33,-80],[13,-9],[70,-9],[27,-32],[6,-55],[49,-15],[45,-27],[16,-22],[54,-130],[5,-77],[-99,-9],[-8,-72],[14,-42],[31,-49],[-13,-69],[1,-63],[-105,4],[-65,42],[-29,-1],[-57,-29],[-91,-6],[-69,21],[-29,21],[-15,29],[-6,83],[-33,26],[-77,-22],[-46,36],[-42,76],[-56,63],[-28,49],[-29,136],[-14,96],[-47,61],[-57,31],[-61,22],[-21,16],[-5,28],[20,22],[57,17],[4,33],[-131,14],[-38,20],[-64,67],[-69,26],[-59,63],[-19,2],[-46,-58],[-47,-37],[-54,-11],[-45,-23],[3,-24],[-17,-21],[-38,-7],[-75,4],[-22,-10],[3,-46],[-97,-16],[-5,-25],[-30,-21],[-7,-85],[-29,-25],[0,-24],[-89,0],[-98,-70],[-7,-22],[-47,16],[-6,13],[-36,0],[-39,-29],[-91,-15],[-53,-47],[-22,-48],[-54,-11],[-29,-17],[-44,7],[-16,30],[-33,23],[0,-25],[22,-65],[30,-65],[47,-160],[11,-74],[29,-129],[32,-97],[29,-110],[51,-127],[52,-122],[42,-178],[30,-62],[32,-109],[28,-81],[41,-156],[21,-51],[53,-170],[26,-93],[11,-63],[52,-109],[16,-60],[-3,-49],[-41,-176],[-35,-118],[-17,-87],[-50,-141],[-37,-147],[-24,-77],[-42,-157],[-70,-203],[-44,-169],[-21,-60],[-35,-120],[-26,-118],[-43,-128],[-48,-163],[-26,-69],[-26,-96],[-79,-246],[-47,-153],[-63,-257],[-19,-56],[-10,-76],[-31,-81],[-13,-75],[-60,-134],[-10,-48],[56,-16],[10,-16],[33,-3],[-4,-41],[-44,-19],[-30,-29],[-5,-22],[33,-15],[17,-33],[-28,-24],[-1,-28],[37,-24],[3,-56],[-15,-5],[-11,-51],[14,-28],[-25,-15],[34,-24],[-4,-26],[-32,-5],[-40,10],[-15,-11],[11,-28],[37,-11],[-16,-19],[-69,-7],[-9,-23],[46,-40],[-33,-28],[-13,-43],[-60,-19],[-48,-33],[-7,-15],[4,-78],[-27,-37],[22,-34],[-12,-20],[-68,-26],[-47,-37],[-14,3],[-107,61],[-45,7],[-46,-10],[-20,-18],[-51,-20],[-32,4],[-4,-16],[-36,-21],[-29,2],[-36,43],[2,20],[-93,-22],[-52,15],[-11,13],[4,42],[-19,45],[-4,40],[-57,28],[0,21],[-24,25],[-43,-1],[-44,38],[-17,33],[13,33],[-7,45],[26,41],[-30,22],[-3,26],[-26,23],[-7,28],[-42,22],[5,40],[28,11],[-13,91],[6,44],[-55,43],[-32,11],[29,11],[-8,125],[-17,26],[16,27],[59,19],[-30,51],[-39,11],[10,53],[-26,43],[-58,10],[-22,30],[-81,26],[-19,16],[-12,-25],[-25,14],[-47,54],[1,34],[-44,17],[-12,32],[-55,13],[10,13],[-29,28],[-43,-39],[-5,-20],[-37,-9],[-11,30],[-23,13],[-37,-8],[-19,28],[-57,4],[-47,-26],[-43,20],[-27,39],[-12,38],[-33,-5],[-22,24],[3,27],[-37,70],[-55,32],[18,44],[44,49],[-2,19],[-32,63],[-23,19],[8,35],[-35,2],[18,50],[-3,21],[-75,42],[1,21],[24,8],[66,-19],[43,6],[39,49],[43,23],[27,48],[13,47],[-50,53],[17,22],[78,-30],[15,14],[-5,33],[-66,80],[4,17],[32,9],[73,-30],[36,-6],[13,24],[-50,56],[-47,29],[-25,40],[-60,-3],[-59,36],[-47,18],[66,67],[49,4],[3,23],[-23,12],[-94,2],[-92,-15],[-18,22],[13,45],[81,17],[14,22],[-6,23],[-61,34],[-72,-3],[-105,20],[-22,-29],[13,-34],[-16,-32],[6,-47],[29,-45],[3,-22],[-29,-35],[-62,-26],[-52,17],[-64,1],[-36,-74],[-27,-23],[-45,-59],[-47,-15],[-39,1],[-20,-14],[-13,-44],[-38,-10],[-15,-24],[-61,12],[0,-17],[-32,-11],[-42,12],[-4,18],[-25,-13],[-46,4],[-15,28],[-31,22],[-79,19],[-6,57],[-31,55],[-46,58],[-59,-5],[-38,27],[-12,53],[-20,6],[-89,-13],[-52,-19],[-78,40],[-28,-42],[-45,3],[-23,22],[-35,-18],[-26,7],[-15,29],[-61,-21],[-25,18],[-64,12],[-39,34],[-93,44],[-26,19],[-55,15],[-55,41],[-189,103],[-88,58],[-82,41],[-195,119],[-164,86],[-169,97],[-86,43],[-180,103],[17,-160],[26,-120],[11,-118],[23,-120],[13,-84],[26,-95],[1,-80],[32,-189],[20,-189],[4,-99],[27,-175],[3,-50],[19,-126],[10,-103],[27,-152],[12,-114],[-3,-75],[29,-119],[-3,-45],[8,-47],[-4,-96],[10,-80],[12,-41],[12,-91],[26,-159],[11,-108],[14,-72],[22,-178],[3,-55],[19,-70],[-9,-50],[7,-61],[-67,-11],[-78,30],[-85,-10],[-56,11],[-44,-12],[-7,-16],[-55,16],[-23,-9],[-35,8],[-6,16],[-33,6],[-20,-31],[-26,-6],[-53,38],[-50,-22],[-32,6],[-24,28],[-1,40],[-38,45],[-34,0],[-49,-42],[-46,30],[-19,-5],[-37,-36],[-111,-6],[23,24],[-66,64],[-28,3],[-83,46],[3,61],[-25,13],[7,23],[-38,28],[-129,7],[-27,25],[-26,0],[-41,19],[-40,-26],[-42,22],[-53,-1],[-48,17],[-49,3],[-16,14],[-2,71],[-38,66],[-3,53],[-21,19],[-23,54],[-16,10],[-46,-12],[-18,15],[-37,0],[-20,-13],[-29,6],[-19,-32],[-54,-43],[-5,-28],[-112,-3],[-5,23],[-47,10],[-22,23],[-32,7],[-26,26],[5,27],[-17,19],[-26,-1],[-57,41],[-27,48],[8,19],[-33,30],[0,37],[-21,13],[-4,38],[-32,62],[19,18],[-23,12],[-26,38],[-18,48],[25,11],[-31,74],[17,14],[-20,22],[18,70],[-20,38],[7,44],[-20,17],[11,19],[-29,9],[20,51],[27,-1],[4,46],[-29,47],[1,54],[-36,20],[-33,33],[20,30],[-71,68],[17,51],[-26,24],[-46,9],[22,19],[-30,21],[-27,-9],[-14,21],[18,15],[-32,32],[-20,1],[-3,27],[-26,21],[-37,55],[7,16],[-66,41],[-12,52],[7,12],[-19,39],[15,14],[-10,27],[13,17],[-1,56],[-24,-6],[-13,22],[38,26],[-20,41],[22,26],[6,29],[-10,57],[24,36],[-13,17],[21,17],[-22,81],[32,7],[-27,27],[13,22],[4,47],[-80,77],[-22,-13],[-23,-55],[0,-65],[-21,-6],[-11,25],[-23,5],[-36,-21],[-26,2],[-1,-29],[-22,6],[-40,-11],[-47,-53],[-10,-66],[-29,-3],[-20,-36],[-33,-14],[-5,-26],[-25,-34],[-35,-28],[-14,5],[-42,-45],[-32,13],[8,26],[-17,8],[-35,-19],[-7,-30],[22,-43],[-16,-37],[-39,-31],[47,-13],[21,-19],[-4,-49],[38,-8],[15,-74],[30,-53],[18,-51],[1,-68],[20,-27],[15,-91],[20,-49],[-46,-26],[3,-54],[25,-1],[40,-29],[16,10],[49,-19],[56,0],[8,-41],[-11,-16],[-41,-3],[27,-15],[39,-66],[-16,-61],[2,-28],[-16,-19],[10,-24],[-30,-46],[11,-38],[21,-14],[-24,-66],[-42,-26],[20,-46],[-59,-31],[2,-44],[-51,-17],[-49,15],[-133,55],[-47,15],[-20,-16],[-19,-70],[24,-82],[-2,-56],[-17,-66],[13,-58],[28,-211],[26,-137],[-6,-41],[-34,-61],[-52,-63],[-81,-129],[-58,-73],[-91,-129],[-71,-113],[14,-62],[28,-51],[34,-79],[35,-52],[14,-45],[41,-231],[14,-116],[26,-110],[2,-37],[-18,-55],[-46,-99],[-76,-53],[41,-64],[0,-30],[-39,-51],[-34,3],[11,-21],[-33,-1],[-3,-19],[-35,34],[-54,-33],[10,-21],[-31,-12],[-95,27],[-36,-27],[-14,-31],[-33,5],[-17,-14],[17,-20],[-25,2],[3,-38],[-49,-19],[-27,16],[-51,-41],[-19,24],[-42,4],[-32,-29],[-28,7],[-24,-11],[3,-21],[-32,2],[-11,19],[-21,-22],[-29,-3],[-7,-34],[-64,-19],[-22,-29],[-4,21],[-72,-1],[-32,34],[-31,-16],[-34,12],[-7,23],[-59,3],[22,35],[-57,12],[7,20],[-30,0],[1,-20],[-48,-6],[-2,22],[-27,2],[-5,28],[-39,-9],[-18,-28],[-50,27],[-40,-13],[20,-13],[9,-62],[-32,-24],[-42,10],[-48,-2],[-22,-31],[32,-44],[15,-42],[76,-52],[54,-43],[35,-10],[16,-22],[-6,-56],[-58,-28],[-89,-16],[-27,-48],[-39,-89],[21,-35],[-11,-49],[-15,-20],[-74,-7],[-63,1],[-52,-62],[-125,18],[-22,37],[-43,39],[-38,18],[-18,26],[-46,24],[-54,58],[-31,7],[-5,-26],[-38,-11],[-18,-65],[7,-58],[-172,35],[-123,18],[-95,23],[-54,7],[-75,-1],[-81,-34],[-80,-21],[-188,-30],[-42,38],[-28,8],[-100,9],[-279,91],[-160,42],[-351,103],[-118,43],[-178,36],[-125,10],[-145,0],[-22,8],[-53,48],[-93,39],[-15,18],[64,119],[11,37],[-92,30],[-36,-16],[-66,-16],[-49,-5],[-81,16],[-49,2],[-7,39],[-18,14],[-55,0],[-107,17],[-47,37],[-1,29],[-35,1],[-49,-15],[-13,21],[14,21],[-28,5],[-47,-81],[-14,-3],[-130,10],[-54,-16],[-68,-65],[-26,-11],[-54,22],[-55,9],[-35,-12],[-28,11],[-51,-14],[-17,14],[13,26],[-35,17],[-5,-13],[-43,10],[-7,31],[-30,23],[2,32],[-47,3],[-17,-24],[-33,3],[-20,-36],[-104,-23],[-14,-37],[-54,-2],[-1,26],[-23,16],[-13,77],[-23,48],[-26,-20],[-76,21],[-54,-51],[-28,-3],[-10,15],[-62,-10],[-56,-21],[-13,47],[-34,-1],[-7,28],[6,43],[-33,38],[-7,38],[14,48],[-33,-6],[22,46],[-25,-14],[-65,28],[-24,-22],[-121,20],[-120,14],[-78,-7],[-87,24],[-89,7],[-51,-19],[-70,-3],[-77,26],[-22,17],[-40,-2],[-18,19],[-58,-3],[-60,-30],[-109,-23],[-17,-19],[-85,-5],[-23,16],[-40,5],[-59,-49],[-56,16],[-53,-32],[-33,11],[-83,-5],[-19,7],[-166,13],[-16,-24],[18,-142],[14,-81],[8,-132],[11,-120],[30,-214],[18,-182],[94,-138],[64,-113],[60,-90],[121,-174],[20,-37],[119,-171],[58,-97],[78,-116],[4,-49],[0,-179],[-22,-53],[-116,-325],[-36,-88],[-6,-74],[-89,-104],[-28,-40],[-131,-163],[-92,-120],[-61,-64],[-52,-75],[-82,-96],[-7,-29],[-35,-33],[53,-2],[-30,-13],[-3,-20],[51,-53],[-1,-19],[-39,3],[-15,-22],[32,-30],[15,-33],[12,24],[26,-6],[-5,-51],[-63,11],[34,-30],[0,-14],[35,-5],[-5,-31],[34,9],[32,-22],[-9,-24],[28,-15],[-12,-21],[-54,3],[44,-58],[-23,-31],[-35,-22],[32,-72],[6,-48],[53,-32],[39,16],[-8,-38],[-45,-28],[3,-36],[47,-43],[-24,-28],[25,-10],[-7,-50],[-126,-8],[-57,-8],[-145,114],[-87,63],[-89,37],[-50,37],[-4,62],[-32,30],[-80,-28],[-17,-37],[-51,-1],[-57,-13],[-21,-35],[-37,-15],[-38,18],[-15,-8],[-115,55],[-61,-15],[-34,-24],[-44,6],[-53,-24],[-44,3],[-63,65],[-28,-6],[-17,14],[0,55],[-22,9],[9,18],[-58,47],[-33,37],[-2,29],[-43,7],[-92,51],[-23,-24],[-32,-13],[-55,14],[-42,49],[-30,21],[-33,0],[-76,-25],[-8,-16],[-58,-20],[-61,-56],[-39,-5],[-32,16],[-81,12],[-70,46],[-63,55],[-48,23],[-14,-3],[-41,24],[-13,45],[-35,-19]]],"transform":{"scale":[0.000031074415477735144,0.000031801440986892804],"translate":[88.00816912400006,20.590608254000188]},"objects":{"bgd_admin1":{"type":"GeometryCollection","geometries":[{"arcs":[[0,1,2,3]],"type":"Polygon","properties":{"id":"BD10","name":"Barishal","parent_id":"BD","parent_name":"Bangladesh","area_sqkm":12693.47055445,"center_lat":22.39284273,"center_lon":90.40639487},"id":"BD10"},{"arcs":[[[4,-1,5,6]],[[7]],[[8]],[[9]],[[10]],[[11]],[[12]],[[13]],[[14]],[[15]],[[16]],[[17]]],"type":"MultiPolygon","properties":{"id":"BD20","name":"Chattogram","parent_id":"BD","parent_name":"Bangladesh","area_sqkm":32833.07733648,"center_lat":22.70130794,"center_lon":91.70586117},"id":"BD20"},{"arcs":[[18,-6,-4,19,20,21]],"type":"Polygon","properties":{"id":"BD30","name":"Dhaka","parent_id":"BD","parent_name":"Bangladesh","area_sqkm":20426.53173259,"center_lat":23.83902131,"center_lon":90.24215888},"id":"BD30"},{"arcs":[[-20,-3,22,23]],"type":"Polygon","properties":{"id":"BD40","name":"Khulna","parent_id":"BD","parent_name":"Bangladesh","area_sqkm":22584.72427649,"center_lat":22.83771757,"center_lon":89.3047787},"id":"BD40"},{"arcs":[[24,25,-22,26,27]],"type":"Polygon","properties":{"id":"BD45","name":"Mymensingh","parent_id":"BD","parent_name":"Bangladesh","area_sqkm":10512.77412986,"center_lat":24.84783035,"center_lon":90.38174541},"id":"BD45"},{"arcs":[[-27,-21,-24,28,29]],"type":"Polygon","properties":{"id":"BD50","name":"Rajshahi","parent_id":"BD","parent_name":"Bangladesh","area_sqkm":18255.46189267,"center_lat":24.58933841,"center_lon":89.04636294},"id":"BD50"},{"arcs":[[[-28,-30,30]],[[31]]],"type":"MultiPolygon","properties":{"id":"BD55","name":"Rangpur","parent_id":"BD","parent_name":"Bangladesh","area_sqkm":16282.75269198,"center_lat":25.78042102,"center_lon":89.05409536},"id":"BD55"},{"arcs":[[-7,-19,-26,32]],"type":"Polygon","properties":{"id":"BD60","name":"Sylhet","parent_id":"BD","parent_name":"Bangladesh","area_sqkm":12373.31177366,"center_lat":24.71528851,"center_lon":91.66471318},"id":"BD60"}]}}}