{
"type": "FeatureCollection",
"name": "health",
"crs": { "type": "name", "properties": { "name": "urn:ogc:def:crs:OGC:1.3:CRS84" } },
"features": [
{ "type": "Feature", "properties": { "name": "Ayesha Pharmecy", "amenity": "pharmacy", "healthcare": null, "addr_city": null, "osm_id": 11932430736, "osm_type": "nodes" }, "geometry": { "type": "Point", "coordinates": [ 90.363932, 23.8245291 ] } },
{ "type": "Feature", "properties": { "name": "Makka Pharmecy", "amenity": "pharmacy", "healthcare": null, "addr_city": null, "osm_id": 11932420141, "osm_type": "nodes" }, "geometry": { "type": "Point", "coordinates": [ 90.3624102, 23.8242291 ] } },
{ "type": "Feature", "properties": { "name": "Parfect Pharma", "amenity": "pharmacy", "healthcare": null, "addr_city": null, "osm_id": 11932385426, "osm_type": "nodes" }, "geometry": { "type": "Point", "coordinates": [ 90.3639028, 23.8245237 ] } },
{ "type": "Feature", "properties": { "name": "Bismillah Medicine Corner", "amenity": "pharmacy", "healthcare": null, "addr_city": null, "osm_id": 11932430739, "osm_type": "nodes" }, "geometry": { "type": "Point", "coordinates": [ 90.3637327, 23.8245213 ] } },
{ "type": "Feature", "properties": { "name": "Chowdhury Dental Care", "amenity": "dentist", "healthcare": null, "addr_city": null, "osm_id": 11932426897, "osm_type": "nodes" }, "geometry": { "type": "Point", "coordinates": [ 90.3624493, 23.8242307 ] } },
{ "type": "Feature", "properties": { "name": "Es Das Medical Hall", "amenity": "pharmacy", "healthcare": null, "addr_city": null, "osm_id": 6154816810, "osm_type": "nodes" }, "geometry": { "type": "Point", "coordinates": [ 91.1898554, 23.4938893 ] } },
{ "type": "Feature", "properties": { "name": "Vojendroganj up health and family welfare centre", "amenity": "hospital", "healthcare": null, "addr_city": null, "osm_id": 6124500126, "osm_type": "nodes" }, "geometry": { "type": "Point", "coordinates": [ 91.2311956, 24.7475304 ] } },
{ "type": "Feature", "properties": { "name": "Bonda Ghata Community Clinic", "amenity": "clinic", "healthcare": null, "addr_city": null, "osm_id": 6126592807, "osm_type": "nodes" }, "geometry": { "type": "Point", "coordinates": [ 89.7873384, 22.3749899 ] } },
{ "type": "Feature", "properties": { "name": "Mahfuza Medical Clinic, Pharmacy", "amenity": "pharmacy", "healthcare": "pharmacy", "addr_city": null, "osm_id": 12925616119, "osm_type": "nodes" }, "geometry": { "type": "Point", "coordinates": [ 89.3566316, 24.8084764 ] } },
{ "type": "Feature", "properties": { "name": "Sikarpur Ftiendship Matriseba Counseling Center", "amenity": "clinic", "healthcare": null, "addr_city": null, "osm_id": 5642624755, "osm_type": "nodes" }, "geometry": { "type": "Point", "coordinates": [ 89.7237499, 25.4437602 ] } },
{ "type": "Feature", "properties": { "name": "Kartikpur Commuinity Clinic", "amenity": "clinic", "healthcare": null, "addr_city": null, "osm_id": 6123345380, "osm_type": "nodes" }, "geometry": { "type": "Point", "coordinates": [ 91.2589565, 24.7459227 ] } },
{ "type": "Feature", "properties": { "name": "North kamini Basiya community clinic", "amenity": "clinic", "healthcare": null, "addr_city": null, "osm_id": 6116540468, "osm_type": "nodes" }, "geometry": { "type": "Point", "coordinates": [ 89.4324982, 22.5639447 ] } },
{ "type": "Feature", "properties": { "name": "M/s Khan Pharmacy", "amenity": "pharmacy", "healthcare": "pharmacy", "addr_city": null, "osm_id": 6112195660, "osm_type": "nodes" }, "geometry": { "type": "Point", "coordinates": [ 91.1784663, 23.4500992 ] } },
{ "type": "Feature", "properties": { "name": "?????? ????? ??", "amenity": "pharmacy", "healthcare": "pharmacy", "addr_city": null, "osm_id": 6112197885, "osm_type": "nodes" }, "geometry": { "type": "Point", "coordinates": [ 91.17861, 23.4506331 ] } },
{ "type": "Feature", "properties": { "name": "Iqbal Drugs House", "amenity": null, "healthcare": "alternative", "addr_city": null, "osm_id": 9590393399, "osm_type": "nodes" }, "geometry": { "type": "Point", "coordinates": [ 88.5821668, 24.3711226 ] } },
{ "type": "Feature", "properties": { "name": "New Palli Pharmacy", "amenity": "pharmacy", "healthcare": null, "addr_city": null, "osm_id": 7832233662, "osm_type": "nodes" }, "geometry": { "type": "Point", "coordinates": [ 89.6618491, 23.3668623 ] } },
{ "type": "Feature", "properties": { "name": null, "amenity": "doctors", "healthcare": null, "addr_city": null, "osm_id": 5273669313, "osm_type": "nodes" }, "geometry": { "type": "Point", "coordinates": [ 89.5399126, 22.8767411 ] } },
{ "type": "Feature", "properties": { "name": "Salma Pharmacy", "amenity": "pharmacy", "healthcare": "alternative", "addr_city": null, "osm_id": 9590393398, "osm_type": "nodes" }, "geometry": { "type": "Point", "coordinates": [ 88.5821856, 24.3711569 ] } },
{ "type": "Feature", "properties": { "name": "Comfort Pheotheraphy", "amenity": "hospital", "healthcare": "hospital", "addr_city": null, "osm_id": 9590393410, "osm_type": "nodes" }, "geometry": { "type": "Point", "coordinates": [ 88.5810983, 24.3693773 ] } },
{ "type": "Feature", "properties": { "name": "Abdur Rahman Medical Hall", "amenity": "pharmacy", "healthcare": "alternative", "addr_city": null, "osm_id": 9590478366, "osm_type": "nodes" }, "geometry": { "type": "Point", "coordinates": [ 89.0679417, 22.7218916 ] } },
{ "type": "Feature", "properties": { "name": "Nihima Homio", "amenity": "pharmacy", "healthcare": "alternative", "addr_city": null, "osm_id": 9576134386, "osm_type": "nodes" }, "geometry": { "type": "Point", "coordinates": [ 89.0390807, 22.8601096 ] } },
{ "type": "Feature", "properties": { "name": "Rido Dental Clinic", "amenity": "clinic", "healthcare": "clinic", "addr_city": null, "osm_id": 9576134389, "osm_type": "nodes" }, "geometry": { "type": "Point", "coordinates": [ 89.0405521, 22.8592736 ] } },
{ "type": "Feature", "properties": { "name": null, "amenity": "pharmacy", "healthcare": "pharmacy", "addr_city": null, "osm_id": 9603778622, "osm_type": "nodes" }, "geometry": { "type": "Point", "coordinates": [ 89.0591522, 23.2490254 ] } },
{ "type": "Feature", "properties": { "name": "Dighalia Hospital", "amenity": "hospital", "healthcare": null, "addr_city": null, "osm_id": 5313001519, "osm_type": "nodes" }, "geometry": { "type": "Point", "coordinates": [ 89.5352107, 22.8916048 ] } },
{ "type": "Feature", "properties": { "name": "City Dental", "amenity": "pharmacy", "healthcare": "pharmacy", "addr_city": null, "osm_id": 9771922567, "osm_type": "nodes" }, "geometry": { "type": "Point", "coordinates": [ 89.2336265, 25.7425016 ] } },
{ "type": "Feature", "properties": { "name": "Aroggo Corner", "amenity": "pharmacy", "healthcare": "pharmacy", "addr_city": null, "osm_id": 9771922568, "osm_type": "nodes" }, "geometry": { "type": "Point", "coordinates": [ 89.2337135, 25.7424968 ] } },
{ "type": "Feature", "properties": { "name": "Star Pharmacy", "amenity": "pharmacy", "healthcare": "pharmacy", "addr_city": null, "osm_id": 9771922569, "osm_type": "nodes" }, "geometry": { "type": "Point", "coordinates": [ 89.2338067, 25.7424891 ] } },
{ "type": "Feature", "properties": { "name": "kabir Pharmacy", "amenity": "pharmacy", "healthcare": "pharmacy", "addr_city": null, "osm_id": 9771922570, "osm_type": "nodes" }, "geometry": { "type": "Point", "coordinates": [ 89.2339562, 25.7424857 ] } },
{ "type": "Feature", "properties": { "name": "Sarkar Medical Hall", "amenity": "pharmacy", "healthcare": "pharmacy", "addr_city": null, "osm_id": 9771922571, "osm_type": "nodes" }, "geometry": { "type": "Point", "coordinates": [ 89.2335649, 25.74234 ] } },
{ "type": "Feature", "properties": { "name": "Azad Pharmacy", "amenity": "pharmacy", "healthcare": "pharmacy", "addr_city": null, "osm_id": 9771922572, "osm_type": "nodes" }, "geometry": { "type": "Point", "coordinates": [ 89.2336373, 25.74234 ] } },
{ "type": "Feature", "properties": { "name": "Tazin Pharmacy", "amenity": "pharmacy", "healthcare": "pharmacy", "addr_city": null, "osm_id": 9771922573, "osm_type": "nodes" }, "geometry": { "type": "Point", "coordinates": [ 89.2337197, 25.7423441 ] } },
{ "type": "Feature", "properties": { "name": "Sky Diagonestics Center", "amenity": "clinic", "healthcare": "clinic", "addr_city": null, "osm_id": 9771922574, "osm_type": "nodes" }, "geometry": { "type": "Point", "coordinates": [ 89.2337867, 25.7423483 ] } },
{ "type": "Feature", "properties": { "name": "Aroggo Clinic", "amenity": "clinic", "healthcare": "clinic", "addr_city": null, "osm_id": 9771922575, "osm_type": "nodes" }, "geometry": { "type": "Point", "coordinates": [ 89.2338699, 25.7423407 ] } },
{ "type": "Feature", "properties": { "name": "Pathology House", "amenity": "clinic", "healthcare": "clinic", "addr_city": null, "osm_id": 9771922576, "osm_type": "nodes" }, "geometry": { "type": "Point", "coordinates": [ 89.2339446, 25.7423413 ] } },
{ "type": "Feature", "properties": { "name": "Mahin Pharmacy", "amenity": "pharmacy", "healthcare": "pharmacy", "addr_city": null, "osm_id": 9771922577, "osm_type": "nodes" }, "geometry": { "type": "Point", "coordinates": [ 89.2338291, 25.74234 ] } },
{ "type": "Feature", "properties": { "name": "Star Pharmacy", "amenity": "pharmacy", "healthcare": "pharmacy", "addr_city": null, "osm_id": 9771922578, "osm_type": "nodes" }, "geometry": { "type": "Point", "coordinates": [ 89.2340586, 25.7424843 ] } },
{ "type": "Feature", "properties": { "name": "Adorsho Pharmacy", "amenity": "pharmacy", "healthcare": "pharmacy", "addr_city": null, "osm_id": 9771922579, "osm_type": "nodes" }, "geometry": { "type": "Point", "coordinates": [ 89.2341603, 25.7424794 ] } },
{ "type": "Feature", "properties": { "name": "Life Pharmacy", "amenity": "pharmacy", "healthcare": "pharmacy", "addr_city": null, "osm_id": 9771922580, "osm_type": "nodes" }, "geometry": { "type": "Point", "coordinates": [ 89.2342604, 25.7424773 ] } },
{ "type": "Feature", "properties": { "name": "Tonni Pharmacy", "amenity": "pharmacy", "healthcare": "pharmacy", "addr_city": null, "osm_id": 9771922581, "osm_type": "nodes" }, "geometry": { "type": "Point", "coordinates": [ 89.234369, 25.7424496 ] } },
{ "type": "Feature", "properties": { "name": "Salam Pharmacy", "amenity": "pharmacy", "healthcare": "pharmacy", "addr_city": null, "osm_id": 9771922582, "osm_type": "nodes" }, "geometry": { "type": "Point", "coordinates": [ 89.2344337, 25.7424468 ] } },
{ "type": "Feature", "properties": { "name": "Rekha Pharmacy, Pharmacy, Tekerhat - Gopalganj Rd, Tekerhat", "amenity": "pharmacy", "healthcare": "pharmacy", "addr_city": null, "osm_id": 11909678888, "osm_type": "nodes" }, "geometry": { "type": "Point", "coordinates": [ 90.0191867, 23.2294709 ] } },
{ "type": "Feature", "properties": { "name": "Srithi First Aid", "amenity": "pharmacy", "healthcare": null, "addr_city": null, "osm_id": 8235151466, "osm_type": "nodes" }, "geometry": { "type": "Point", "coordinates": [ 91.4106152, 24.3708169 ] } },
{ "type": "Feature", "properties": { "name": "ADMA MEMORIAL HOSPITAL AND DIGITAL DIAGNOSTIC CENTER, Hospital, Bhanga - Barisal Hwy, Tekerhat", "amenity": "hospital", "healthcare": "hospital", "addr_city": null, "osm_id": 11909641024, "osm_type": "nodes" }, "geometry": { "type": "Point", "coordinates": [ 90.0200168, 23.2227468 ] } },
{ "type": "Feature", "properties": { "name": "Habiganj Hospital Pvt. Ltd.", "amenity": "hospital", "healthcare": null, "addr_city": null, "osm_id": 8234519170, "osm_type": "nodes" }, "geometry": { "type": "Point", "coordinates": [ 91.4123932, 24.371135 ] } },
{ "type": "Feature", "properties": { "name": "????? ??????????", "amenity": null, "healthcare": "yes", "addr_city": null, "osm_id": 8234053876, "osm_type": "nodes" }, "geometry": { "type": "Point", "coordinates": [ 88.8635919, 25.9273157 ] } },
{ "type": "Feature", "properties": { "name": "??????? ?? ??????", "amenity": null, "healthcare": "yes", "addr_city": null, "osm_id": 8234079578, "osm_type": "nodes" }, "geometry": { "type": "Point", "coordinates": [ 88.8627625, 25.9280418 ] } },
{ "type": "Feature", "properties": { "name": "???? ???????", "amenity": "clinic", "healthcare": "clinic", "addr_city": null, "osm_id": 7457587422, "osm_type": "nodes" }, "geometry": { "type": "Point", "coordinates": [ 90.0520232, 24.2300677 ] } },
{ "type": "Feature", "properties": { "name": "??? ???????-Moni clinic", "amenity": "clinic", "healthcare": "clinic", "addr_city": "Basail,Tangail.", "osm_id": 7443180234, "osm_type": "nodes" }, "geometry": { "type": "Point", "coordinates": [ 90.0521672, 24.2294045 ] } },
{ "type": "Feature", "properties": { "name": "Jalalabad Pharmacy(????????? ????????)", "amenity": "pharmacy", "healthcare": null, "addr_city": "Dhaka", "osm_id": 4432181701, "osm_type": "nodes" }, "geometry": { "type": "Point", "coordinates": [ 90.3664771, 23.8254239 ] } },
{ "type": "Feature", "properties": { "name": "Desh Pharma(??? ??????)", "amenity": "pharmacy", "healthcare": null, "addr_city": "Dhaka", "osm_id": 4407994594, "osm_type": "nodes" }, "geometry": { "type": "Point", "coordinates": [ 90.3644727, 23.8277889 ] } },
{ "type": "Feature", "properties": { "name": "????? ????????", "amenity": "pharmacy", "healthcare": null, "addr_city": "Dhaka", "osm_id": 4432181835, "osm_type": "nodes" }, "geometry": { "type": "Point", "coordinates": [ 90.3639577, 23.8245243 ] } },
{ "type": "Feature", "properties": { "name": "Tori Madokasokto Niramoy Kendro", "amenity": "clinic", "healthcare": null, "addr_city": null, "osm_id": 3558445439, "osm_type": "nodes" }, "geometry": { "type": "Point", "coordinates": [ 90.7341675, 24.8708332 ] } },
{ "type": "Feature", "properties": { "name": "Spondom Diagonistic Consultation and Cancer Center", "amenity": "doctors", "healthcare": "doctor", "addr_city": null, "osm_id": 5928158086, "osm_type": "nodes" }, "geometry": { "type": "Point", "coordinates": [ 88.635363, 25.6303652 ] } },
{ "type": "Feature", "properties": { "name": "Al-khidmah pharmacy(??-??????? ????????)", "amenity": "pharmacy", "healthcare": null, "addr_city": "Dhaka", "osm_id": 4432181522, "osm_type": "nodes" }, "geometry": { "type": "Point", "coordinates": [ 90.3673946, 23.824551 ] } },
{ "type": "Feature", "properties": { "name": "crown pharmacy(?????? ????????)", "amenity": "pharmacy", "healthcare": null, "addr_city": "Dhaka", "osm_id": 4432181821, "osm_type": "nodes" }, "geometry": { "type": "Point", "coordinates": [ 90.3638244, 23.8245141 ] } },
{ "type": "Feature", "properties": { "name": "World Mart Pharmacy", "amenity": "pharmacy", "healthcare": "pharmacy", "addr_city": null, "osm_id": 12112173434, "osm_type": "nodes" }, "geometry": { "type": "Point", "coordinates": [ 90.392074, 23.9226576 ] } },
{ "type": "Feature", "properties": { "name": "Ma Moni Medical Hall, Faculty of Pharmacy, Unnamed Road", "amenity": "pharmacy", "healthcare": "pharmacy", "addr_city": null, "osm_id": 11801675066, "osm_type": "nodes" }, "geometry": { "type": "Point", "coordinates": [ 90.0982961, 22.0248579 ] } },
{ "type": "Feature", "properties": { "name": "Christian Memorial Hospital", "amenity": "hospital", "healthcare": null, "addr_city": null, "osm_id": 2831102978, "osm_type": "nodes" }, "geometry": { "type": "Point", "coordinates": [ 92.0772639, 21.6817229 ] } },
{ "type": "Feature", "properties": { "name": "Altaf Uz Zaman Collage & Hospital", "amenity": "hospital", "healthcare": null, "addr_city": null, "osm_id": 1635332528, "osm_type": "nodes" }, "geometry": { "type": "Point", "coordinates": [ 88.5863408, 24.3718395 ] } },
{ "type": "Feature", "properties": { "name": "Hamdard", "amenity": "pharmacy", "healthcare": null, "addr_city": null, "osm_id": 5346365227, "osm_type": "nodes" }, "geometry": { "type": "Point", "coordinates": [ 88.5790233, 24.3687005 ] } },
{ "type": "Feature", "properties": { "name": "Rajshahi Shishu Hospital ??????? ???? ??????????", "amenity": "hospital", "healthcare": null, "addr_city": null, "osm_id": 5350285191, "osm_type": "nodes" }, "geometry": { "type": "Point", "coordinates": [ 88.5886686, 24.3674935 ] } },
{ "type": "Feature", "properties": { "name": null, "amenity": "clinic", "healthcare": null, "addr_city": null, "osm_id": 5339377496, "osm_type": "nodes" }, "geometry": { "type": "Point", "coordinates": [ 89.5425197, 22.8795002 ] } },
{ "type": "Feature", "properties": { "name": "Ma Pharmacy", "amenity": "pharmacy", "healthcare": null, "addr_city": null, "osm_id": 7832246784, "osm_type": "nodes" }, "geometry": { "type": "Point", "coordinates": [ 89.6624928, 23.3674985 ] } },
{ "type": "Feature", "properties": { "name": "Sunny Pharmacy", "amenity": "pharmacy", "healthcare": "pharmacy", "addr_city": "Sunamganj - Sylhet Hwy", "osm_id": 5219154452, "osm_type": "nodes" }, "geometry": { "type": "Point", "coordinates": [ 91.5457667, 24.9274403 ] } },
{ "type": "Feature", "properties": { "name": "Shaheen Pharmacies ????? ????????", "amenity": "pharmacy", "healthcare": "pharmacy", "addr_city": null, "osm_id": 5195881573, "osm_type": "nodes" }, "geometry": { "type": "Point", "coordinates": [ 89.2333075, 25.7424838 ] } },
{ "type": "Feature", "properties": { "name": "Marzia Pharmacy ???????? ????????", "amenity": "pharmacy", "healthcare": "pharmacy", "addr_city": null, "osm_id": 5195792984, "osm_type": "nodes" }, "geometry": { "type": "Point", "coordinates": [ 89.2607592, 25.7104381 ] } },
{ "type": "Feature", "properties": { "name": "Manirampur Upazila Health Complex", "amenity": "hospital", "healthcare": null, "addr_city": null, "osm_id": 2343411530, "osm_type": "nodes" }, "geometry": { "type": "Point", "coordinates": [ 89.2354315, 23.0091121 ] } },
{ "type": "Feature", "properties": { "name": "Huda Homeo Pharmacy", "amenity": "pharmacy", "healthcare": "pharmacy", "addr_city": null, "osm_id": 5185973701, "osm_type": "nodes" }, "geometry": { "type": "Point", "coordinates": [ 89.3988089, 23.0305135 ] } },
{ "type": "Feature", "properties": { "name": "Kholil Pharmacy ???? ????????", "amenity": "pharmacy", "healthcare": "pharmacy", "addr_city": null, "osm_id": 5185934186, "osm_type": "nodes" }, "geometry": { "type": "Point", "coordinates": [ 89.4228539, 23.0046564 ] } },
{ "type": "Feature", "properties": { "name": "HANEMANN PHARMACY", "amenity": "pharmacy", "healthcare": "pharmacy", "addr_city": null, "osm_id": 5170686359, "osm_type": "nodes" }, "geometry": { "type": "Point", "coordinates": [ 89.2140269, 23.1651525 ] } },
{ "type": "Feature", "properties": { "name": "Apollo Diagonostic Center", "amenity": "clinic", "healthcare": null, "addr_city": null, "osm_id": 3559007759, "osm_type": "nodes" }, "geometry": { "type": "Point", "coordinates": [ 90.7315758, 24.869447 ] } },
{ "type": "Feature", "properties": { "name": "Institute of Nuclear Medicine and Allied Sciences", "amenity": "hospital", "healthcare": null, "addr_city": null, "osm_id": 2508510818, "osm_type": "nodes" }, "geometry": { "type": "Point", "coordinates": [ 88.638255, 25.6266021 ] } },
{ "type": "Feature", "properties": { "name": "High Light Eye Hospital", "amenity": "hospital", "healthcare": null, "addr_city": null, "osm_id": 3536701593, "osm_type": "nodes" }, "geometry": { "type": "Point", "coordinates": [ 89.5030255, 23.1738426 ] } },
{ "type": "Feature", "properties": { "name": "Medico", "amenity": "pharmacy", "healthcare": null, "addr_city": null, "osm_id": 11932388941, "osm_type": "nodes" }, "geometry": { "type": "Point", "coordinates": [ 90.3637976, 23.8245261 ] } },
{ "type": "Feature", "properties": { "name": "Domar Upazila Health Complex", "amenity": "hospital", "healthcare": "hospital", "addr_city": null, "osm_id": 9692137609, "osm_type": "nodes" }, "geometry": { "type": "Point", "coordinates": [ 88.8537949, 26.1139117 ] } },
{ "type": "Feature", "properties": { "name": "Uttara Pharmacy", "amenity": "pharmacy", "healthcare": null, "addr_city": null, "osm_id": 11986143647, "osm_type": "nodes" }, "geometry": { "type": "Point", "coordinates": [ 88.6372302, 25.634563 ] } },
{ "type": "Feature", "properties": { "name": "Seba Pharmacy", "amenity": "pharmacy", "healthcare": null, "addr_city": null, "osm_id": 11986151806, "osm_type": "nodes" }, "geometry": { "type": "Point", "coordinates": [ 88.6372769, 25.6346081 ] } },
{ "type": "Feature", "properties": { "name": "New Siddika Pharmacy, Pharmacy", "amenity": "pharmacy", "healthcare": "pharmacy", "addr_city": null, "osm_id": 13065138867, "osm_type": "nodes" }, "geometry": { "type": "Point", "coordinates": [ 89.233349, 25.7414194 ] } },
{ "type": "Feature", "properties": { "name": "Molla Medical Hall", "amenity": "pharmacy", "healthcare": null, "addr_city": null, "osm_id": 10128248135, "osm_type": "nodes" }, "geometry": { "type": "Point", "coordinates": [ 89.3960971, 23.0283569 ] } },
{ "type": "Feature", "properties": { "name": "Gazi Medical Hall", "amenity": "pharmacy", "healthcare": null, "addr_city": null, "osm_id": 10128248136, "osm_type": "nodes" }, "geometry": { "type": "Point", "coordinates": [ 89.3965503, 23.0291555 ] } },
{ "type": "Feature", "properties": { "name": "Zara health care hospital diagnostic center ???? ???? ????? ???????? ? ??????????? ???????", "amenity": "hospital", "healthcare": null, "addr_city": null, "osm_id": 12823844802, "osm_type": "nodes" }, "geometry": { "type": "Point", "coordinates": [ 90.368771, 23.8248106 ] } },
{ "type": "Feature", "properties": { "name": "?????? ?????? ????????? ?????????", "amenity": "hospital", "healthcare": "hospital", "addr_city": null, "osm_id": 2332679843, "osm_type": "nodes" }, "geometry": { "type": "Point", "coordinates": [ 90.0543495, 24.22893 ] } },
{ "type": "Feature", "properties": { "name": "Doctors' Clinic", "amenity": "hospital", "healthcare": "hospital", "addr_city": null, "osm_id": 12815227189, "osm_type": "nodes" }, "geometry": { "type": "Point", "coordinates": [ 89.3959635, 23.028633 ] } },
{ "type": "Feature", "properties": { "name": "Bhaghya Pharmacy, Pharmacy", "amenity": "pharmacy", "healthcare": "pharmacy", "addr_city": null, "osm_id": 12925609390, "osm_type": "nodes" }, "geometry": { "type": "Point", "coordinates": [ 89.357155, 24.8073677 ] } },
{ "type": "Feature", "properties": { "name": "MJ PHARMACY, Pharmacy", "amenity": "pharmacy", "healthcare": "pharmacy", "addr_city": null, "osm_id": 13195488471, "osm_type": "nodes" }, "geometry": { "type": "Point", "coordinates": [ 92.1951287, 24.7111561 ] } },
{ "type": "Feature", "properties": { "name": "Ash-Shefa Medical Hall, Pharmacy", "amenity": "pharmacy", "healthcare": "pharmacy", "addr_city": null, "osm_id": 13200551770, "osm_type": "nodes" }, "geometry": { "type": "Point", "coordinates": [ 92.1568246, 24.7706297 ] } },
{ "type": "Feature", "properties": { "name": "Popular Lab And Mission General Hospital, Hospital", "amenity": "hospital", "healthcare": "hospital", "addr_city": null, "osm_id": 13114455230, "osm_type": "nodes" }, "geometry": { "type": "Point", "coordinates": [ 88.894421, 25.7783162 ] } },
{ "type": "Feature", "properties": { "name": "Rotary Eye Hospital, Hospital", "amenity": "hospital", "healthcare": "hospital", "addr_city": null, "osm_id": 13114443420, "osm_type": "nodes" }, "geometry": { "type": "Point", "coordinates": [ 88.8933676, 25.7795594 ] } },
{ "type": "Feature", "properties": { "name": "City Community Hospital, Hospital", "amenity": "hospital", "healthcare": "hospital", "addr_city": null, "osm_id": 13119165977, "osm_type": "nodes" }, "geometry": { "type": "Point", "coordinates": [ 88.8949343, 25.7781014 ] } },
{ "type": "Feature", "properties": { "name": "Green Life Lab and Hospital, Hospital", "amenity": "hospital", "healthcare": "hospital", "addr_city": null, "osm_id": 13119165978, "osm_type": "nodes" }, "geometry": { "type": "Point", "coordinates": [ 88.8928506, 25.7776059 ] } },
{ "type": "Feature", "properties": { "name": "M Square Pharmacy, Pharmacy", "amenity": "pharmacy", "healthcare": "pharmacy", "addr_city": null, "osm_id": 13127831263, "osm_type": "nodes" }, "geometry": { "type": "Point", "coordinates": [ 88.8906514, 25.7939199 ] } },
{ "type": "Feature", "properties": { "name": "Nipun Pharmacy, Pharmacy", "amenity": "pharmacy", "healthcare": "pharmacy", "addr_city": null, "osm_id": 13130741645, "osm_type": "nodes" }, "geometry": { "type": "Point", "coordinates": [ 88.8871862, 25.8033919 ] } },
{ "type": "Feature", "properties": { "name": "Sun Hospital And Diagnostic Center, Hospital", "amenity": "hospital", "healthcare": "hospital", "addr_city": null, "osm_id": 13152804596, "osm_type": "nodes" }, "geometry": { "type": "Point", "coordinates": [ 88.826603, 26.1021617 ] } },
{ "type": "Feature", "properties": { "name": "Haji Guest House, Hospital", "amenity": "hospital", "healthcare": "hospital", "addr_city": null, "osm_id": 12762205720, "osm_type": "nodes" }, "geometry": { "type": "Point", "coordinates": [ 90.0216287, 25.0071146 ] } },
{ "type": "Feature", "properties": { "name": "Milon Pharmacy(???? ????????)", "amenity": "pharmacy", "healthcare": null, "addr_city": "Dhaka", "osm_id": 4432181737, "osm_type": "nodes" }, "geometry": { "type": "Point", "coordinates": [ 90.362815, 23.8279635 ] } },
{ "type": "Feature", "properties": { "name": "Asia Health Care and Diagonistic Centre(????? ???? ????? ??????? ???????????? ???????)", "amenity": "hospital", "healthcare": null, "addr_city": "Dhaka", "osm_id": 4432181536, "osm_type": "nodes" }, "geometry": { "type": "Point", "coordinates": [ 90.3635259, 23.8243032 ] } },
{ "type": "Feature", "properties": { "name": "Juel pharmacy(????? ????????)", "amenity": "pharmacy", "healthcare": null, "addr_city": "Dhaka", "osm_id": 4432181705, "osm_type": "nodes" }, "geometry": { "type": "Point", "coordinates": [ 90.3616012, 23.8284033 ] } },
{ "type": "Feature", "properties": { "name": "Bangladesh Clinic(???????? ???????)", "amenity": "pharmacy", "healthcare": null, "addr_city": "Dhaka", "osm_id": 4432181542, "osm_type": "nodes" }, "geometry": { "type": "Point", "coordinates": [ 90.3631803, 23.8284727 ] } },
{ "type": "Feature", "properties": { "name": "Cosmic Health And Dental Care(????? ???? ???? ??????? ?????)", "amenity": "clinic", "healthcare": null, "addr_city": "Dhaka", "osm_id": 4432181561, "osm_type": "nodes" }, "geometry": { "type": "Point", "coordinates": [ 90.3655817, 23.8252045 ] } },
{ "type": "Feature", "properties": { "name": "Ibnesina Homeo Pharmacy(???????? ????? ????????)", "amenity": "pharmacy", "healthcare": null, "addr_city": "Dhaka", "osm_id": 4432181695, "osm_type": "nodes" }, "geometry": { "type": "Point", "coordinates": [ 90.3639934, 23.8235696 ] } },
{ "type": "Feature", "properties": { "name": "Makka Pharmacy(????? ????????)", "amenity": "pharmacy", "healthcare": null, "addr_city": "Dhaka", "osm_id": 4432181730, "osm_type": "nodes" }, "geometry": { "type": "Point", "coordinates": [ 90.3620514, 23.8242341 ] } },
{ "type": "Feature", "properties": { "name": "Manik Medicine Corner(????? ??????? ??????)", "amenity": "pharmacy", "healthcare": null, "addr_city": "Dhaka", "osm_id": 4432181731, "osm_type": "nodes" }, "geometry": { "type": "Point", "coordinates": [ 90.3627322, 23.828601 ] } },
{ "type": "Feature", "properties": { "name": "Debiganj Sadar Hospital, Hospital", "amenity": "hospital", "healthcare": "hospital", "addr_city": null, "osm_id": 13167406360, "osm_type": "nodes" }, "geometry": { "type": "Point", "coordinates": [ 88.7551739, 26.1164544 ] } },
{ "type": "Feature", "properties": { "name": "Singhodhuli Pharmacy", "amenity": "pharmacy", "healthcare": "pharmacy", "addr_city": null, "osm_id": 9603778617, "osm_type": "nodes" }, "geometry": { "type": "Point", "coordinates": [ 89.0623391, 23.2467549 ] } },
{ "type": "Feature", "properties": { "name": null, "amenity": "pharmacy", "healthcare": "pharmacy", "addr_city": null, "osm_id": 9603778619, "osm_type": "nodes" }, "geometry": { "type": "Point", "coordinates": [ 89.0605089, 23.248198 ] } },
{ "type": "Feature", "properties": { "name": "Abir Pharmacy", "amenity": "pharmacy", "healthcare": "pharmacy", "addr_city": null, "osm_id": 9603778620, "osm_type": "nodes" }, "geometry": { "type": "Point", "coordinates": [ 89.0583814, 23.2490327 ] } },
{ "type": "Feature", "properties": { "name": null, "amenity": "pharmacy", "healthcare": "pharmacy", "addr_city": null, "osm_id": 9603778621, "osm_type": "nodes" }, "geometry": { "type": "Point", "coordinates": [ 89.058928, 23.2488917 ] } },
{ "type": "Feature", "properties": { "name": "Nimtala Pharmacy", "amenity": "pharmacy", "healthcare": "pharmacy", "addr_city": null, "osm_id": 9603778626, "osm_type": "nodes" }, "geometry": { "type": "Point", "coordinates": [ 89.0850673, 23.2412231 ] } },
{ "type": "Feature", "properties": { "name": "Ripon Pharmacy", "amenity": "pharmacy", "healthcare": "pharmacy", "addr_city": null, "osm_id": 9603778618, "osm_type": "nodes" }, "geometry": { "type": "Point", "coordinates": [ 89.0619958, 23.2469583 ] } },
{ "type": "Feature", "properties": { "name": "Kanon Pharmacy", "amenity": "pharmacy", "healthcare": "pharmacy", "addr_city": null, "osm_id": 9603778623, "osm_type": "nodes" }, "geometry": { "type": "Point", "coordinates": [ 89.0593847, 23.248733 ] } },
{ "type": "Feature", "properties": { "name": "Koyarpara Govt Primary School", "amenity": "pharmacy", "healthcare": "pharmacy", "addr_city": null, "osm_id": 9603778624, "osm_type": "nodes" }, "geometry": { "type": "Point", "coordinates": [ 89.0689659, 23.2573919 ] } },
{ "type": "Feature", "properties": { "name": "Govt Primary School", "amenity": "pharmacy", "healthcare": "pharmacy", "addr_city": null, "osm_id": 9603778625, "osm_type": "nodes" }, "geometry": { "type": "Point", "coordinates": [ 89.0790033, 23.256247 ] } },
{ "type": "Feature", "properties": { "name": "Shohag Pharmacy, Pharmacy", "amenity": "pharmacy", "healthcare": "pharmacy", "addr_city": null, "osm_id": 13015355336, "osm_type": "nodes" }, "geometry": { "type": "Point", "coordinates": [ 89.3886707, 25.1621985 ] } },
{ "type": "Feature", "properties": { "name": "Palashbari Ibn Sina, Hospital", "amenity": "hospital", "healthcare": "hospital", "addr_city": null, "osm_id": 13017182585, "osm_type": "nodes" }, "geometry": { "type": "Point", "coordinates": [ 89.3536171, 25.2794042 ] } },
{ "type": "Feature", "properties": { "name": null, "amenity": "hospital", "healthcare": null, "addr_city": null, "osm_id": 5205872624, "osm_type": "nodes" }, "geometry": { "type": "Point", "coordinates": [ 89.0310069, 25.8107123 ] } },
{ "type": "Feature", "properties": { "name": "Atithi Medical Hall, Doctor", "amenity": "doctors", "healthcare": "doctor", "addr_city": null, "osm_id": 12638127837, "osm_type": "nodes" }, "geometry": { "type": "Point", "coordinates": [ 89.9558555, 24.6694473 ] } },
{ "type": "Feature", "properties": { "name": null, "amenity": "pharmacy", "healthcare": "pharmacy", "addr_city": null, "osm_id": 13020718642, "osm_type": "nodes" }, "geometry": { "type": "Point", "coordinates": [ 89.3527703, 25.2800202 ] } },
{ "type": "Feature", "properties": { "name": null, "amenity": "hospital", "healthcare": null, "addr_city": null, "osm_id": 13018986602, "osm_type": "nodes" }, "geometry": { "type": "Point", "coordinates": [ 88.6304005, 25.6294417 ] } },
{ "type": "Feature", "properties": { "name": "palashshbariprofecerpara, Hospital", "amenity": "hospital", "healthcare": "hospital", "addr_city": null, "osm_id": 13028258634, "osm_type": "nodes" }, "geometry": { "type": "Point", "coordinates": [ 89.3505856, 25.2823551 ] } },
{ "type": "Feature", "properties": { "name": "New Life Clinic And Consultation Center, Hospital", "amenity": "hospital", "healthcare": "hospital", "addr_city": null, "osm_id": 13028310476, "osm_type": "nodes" }, "geometry": { "type": "Point", "coordinates": [ 89.351074, 25.2854604 ] } },
{ "type": "Feature", "properties": { "name": "Rasel Pharmacy, Pharmacy", "amenity": "pharmacy", "healthcare": "pharmacy", "addr_city": null, "osm_id": 13028331197, "osm_type": "nodes" }, "geometry": { "type": "Point", "coordinates": [ 89.340614, 25.3178402 ] } },
{ "type": "Feature", "properties": { "name": "Asma pharmacy, Pharmacy", "amenity": "pharmacy", "healthcare": "pharmacy", "addr_city": null, "osm_id": 13031333457, "osm_type": "nodes" }, "geometry": { "type": "Point", "coordinates": [ 89.352834, 25.2845358 ] } },
{ "type": "Feature", "properties": { "name": "Sabuj Pharmacy, Pharmacy", "amenity": "pharmacy", "healthcare": "pharmacy", "addr_city": null, "osm_id": 13031292693, "osm_type": "nodes" }, "geometry": { "type": "Point", "coordinates": [ 89.3528023, 25.2833587 ] } },
{ "type": "Feature", "properties": { "name": "ACME Brahmanbaria Sales Center", "amenity": "pharmacy", "healthcare": "pharmacy", "addr_city": "Brahmanbaria", "osm_id": 6309728975, "osm_type": "nodes" }, "geometry": { "type": "Point", "coordinates": [ 91.1080459, 24.0042942 ] } },
{ "type": "Feature", "properties": { "name": "Shoikot Medical Hall", "amenity": "pharmacy", "healthcare": "pharmacy", "addr_city": null, "osm_id": 7457587406, "osm_type": "nodes" }, "geometry": { "type": "Point", "coordinates": [ 90.0536968, 24.2285913 ] } },
{ "type": "Feature", "properties": { "name": "Monir Medical hall", "amenity": "pharmacy", "healthcare": "pharmacy", "addr_city": null, "osm_id": 7457587457, "osm_type": "nodes" }, "geometry": { "type": "Point", "coordinates": [ 90.0519832, 24.229586 ] } },
{ "type": "Feature", "properties": { "name": "Mahbub Medical Hall", "amenity": "pharmacy", "healthcare": "pharmacy", "addr_city": null, "osm_id": 7457587458, "osm_type": "nodes" }, "geometry": { "type": "Point", "coordinates": [ 90.0523333, 24.2294194 ] } },
{ "type": "Feature", "properties": { "name": "?????? ?? ??????", "amenity": "pharmacy", "healthcare": "pharmacy", "addr_city": "????????", "osm_id": 7400247785, "osm_type": "nodes" }, "geometry": { "type": "Point", "coordinates": [ 91.1377632, 23.4693218 ] } },
{ "type": "Feature", "properties": { "name": "Life Gard Institute Medical", "amenity": "clinic", "healthcare": "clinic", "addr_city": null, "osm_id": 9590393408, "osm_type": "nodes" }, "geometry": { "type": "Point", "coordinates": [ 88.581289, 24.3698018 ] } },
{ "type": "Feature", "properties": { "name": "Ambottola Pharmacy", "amenity": "pharmacy", "healthcare": "alternative", "addr_city": null, "osm_id": 9590532214, "osm_type": "nodes" }, "geometry": { "type": "Point", "coordinates": [ 89.0112824, 23.2715849 ] } },
{ "type": "Feature", "properties": { "name": "Sarjikal Drug House", "amenity": "pharmacy", "healthcare": "alternative", "addr_city": null, "osm_id": 9590393397, "osm_type": "nodes" }, "geometry": { "type": "Point", "coordinates": [ 88.5822232, 24.3712012 ] } },
{ "type": "Feature", "properties": { "name": "Nima Fatima Diagonestic Center", "amenity": "clinic", "healthcare": "clinic", "addr_city": null, "osm_id": 9590393403, "osm_type": "nodes" }, "geometry": { "type": "Point", "coordinates": [ 88.5816359, 24.3707549 ] } },
{ "type": "Feature", "properties": { "name": "Jamjam Islami Hospital", "amenity": "hospital", "healthcare": "hospital", "addr_city": null, "osm_id": 9590393405, "osm_type": "nodes" }, "geometry": { "type": "Point", "coordinates": [ 88.5816462, 24.3704561 ] } },
{ "type": "Feature", "properties": { "name": "Raj Pathology", "amenity": "clinic", "healthcare": "clinic", "addr_city": null, "osm_id": 9590393406, "osm_type": "nodes" }, "geometry": { "type": "Point", "coordinates": [ 88.5816231, 24.370036 ] } },
{ "type": "Feature", "properties": { "name": "B N Institute Medical", "amenity": "clinic", "healthcare": "clinic", "addr_city": null, "osm_id": 9590393407, "osm_type": "nodes" }, "geometry": { "type": "Point", "coordinates": [ 88.5813246, 24.369915 ] } },
{ "type": "Feature", "properties": { "name": "Lab Med", "amenity": "clinic", "healthcare": "clinic", "addr_city": null, "osm_id": 9590393409, "osm_type": "nodes" }, "geometry": { "type": "Point", "coordinates": [ 88.5812196, 24.3696834 ] } },
{ "type": "Feature", "properties": { "name": "Bangladesh Private Clinic Association", "amenity": "clinic", "healthcare": "clinic", "addr_city": null, "osm_id": 9590393411, "osm_type": "nodes" }, "geometry": { "type": "Point", "coordinates": [ 88.581002, 24.3688765 ] } },
{ "type": "Feature", "properties": { "name": "Rajshahi Metropalitan Hospital", "amenity": "hospital", "healthcare": "hospital", "addr_city": null, "osm_id": 9590393412, "osm_type": "nodes" }, "geometry": { "type": "Point", "coordinates": [ 88.5809741, 24.3685845 ] } },
{ "type": "Feature", "properties": { "name": "Palash Dental", "amenity": "pharmacy", "healthcare": "alternative", "addr_city": null, "osm_id": 9590393413, "osm_type": "nodes" }, "geometry": { "type": "Point", "coordinates": [ 88.5809828, 24.368645 ] } },
{ "type": "Feature", "properties": { "name": "??????? ????? ??", "amenity": null, "healthcare": "alternative", "addr_city": null, "osm_id": 7457522967, "osm_type": "nodes" }, "geometry": { "type": "Point", "coordinates": [ 90.0506973, 24.2304797 ] } },
{ "type": "Feature", "properties": { "name": "Hamdard Medical Hall", "amenity": null, "healthcare": "alternative", "addr_city": null, "osm_id": 9590478367, "osm_type": "nodes" }, "geometry": { "type": "Point", "coordinates": [ 89.0676488, 22.7224237 ] } },
{ "type": "Feature", "properties": { "name": "Habib Pharmacy", "amenity": null, "healthcare": "alternative", "addr_city": null, "osm_id": 9590393404, "osm_type": "nodes" }, "geometry": { "type": "Point", "coordinates": [ 88.5816731, 24.3706017 ] } },
{ "type": "Feature", "properties": { "name": "Rajshahi Pharmacy", "amenity": "pharmacy", "healthcare": "alternative", "addr_city": null, "osm_id": 9587894842, "osm_type": "nodes" }, "geometry": { "type": "Point", "coordinates": [ 88.5833416, 24.3715224 ] } },
{ "type": "Feature", "properties": { "name": "Owshod Bhandar", "amenity": "pharmacy", "healthcare": "alternative", "addr_city": null, "osm_id": 9587894847, "osm_type": "nodes" }, "geometry": { "type": "Point", "coordinates": [ 88.5835169, 24.3713187 ] } },
{ "type": "Feature", "properties": { "name": "Palash Pharmacy", "amenity": "pharmacy", "healthcare": "alternative", "addr_city": null, "osm_id": 9587894854, "osm_type": "nodes" }, "geometry": { "type": "Point", "coordinates": [ 88.5837916, 24.3713787 ] } },
{ "type": "Feature", "properties": { "name": "Joti Pharmacy", "amenity": "pharmacy", "healthcare": "alternative", "addr_city": null, "osm_id": 9587894872, "osm_type": "nodes" }, "geometry": { "type": "Point", "coordinates": [ 88.5830937, 24.3726706 ] } },
{ "type": "Feature", "properties": { "name": "Alif Pharmacy", "amenity": "pharmacy", "healthcare": "alternative", "addr_city": null, "osm_id": 9587894850, "osm_type": "nodes" }, "geometry": { "type": "Point", "coordinates": [ 88.5833881, 24.3713581 ] } },
{ "type": "Feature", "properties": { "name": "Micropath Zone", "amenity": "clinic", "healthcare": "clinic", "addr_city": null, "osm_id": 9587894840, "osm_type": "nodes" }, "geometry": { "type": "Point", "coordinates": [ 88.5831642, 24.3715685 ] } },
{ "type": "Feature", "properties": { "name": "Jahangir Pharmacy", "amenity": "pharmacy", "healthcare": "alternative", "addr_city": null, "osm_id": 9587894843, "osm_type": "nodes" }, "geometry": { "type": "Point", "coordinates": [ 88.5833645, 24.371527 ] } },
{ "type": "Feature", "properties": { "name": "Mukti Clinic", "amenity": "hospital", "healthcare": "hospital", "addr_city": null, "osm_id": 9587894839, "osm_type": "nodes" }, "geometry": { "type": "Point", "coordinates": [ 88.5830929, 24.3715913 ] } },
{ "type": "Feature", "properties": { "name": "Mukti Clinic", "amenity": "clinic", "healthcare": "clinic", "addr_city": null, "osm_id": 9587894858, "osm_type": "nodes" }, "geometry": { "type": "Point", "coordinates": [ 88.583588, 24.371297 ] } },
{ "type": "Feature", "properties": { "name": "Bismillah Pharmacy", "amenity": "pharmacy", "healthcare": "alternative", "addr_city": null, "osm_id": 9587894870, "osm_type": "nodes" }, "geometry": { "type": "Point", "coordinates": [ 88.583144, 24.3727653 ] } },
{ "type": "Feature", "properties": { "name": "Haque Medico", "amenity": "pharmacy", "healthcare": "alternative", "addr_city": null, "osm_id": 9587894855, "osm_type": "nodes" }, "geometry": { "type": "Point", "coordinates": [ 88.5838259, 24.3713681 ] } },
{ "type": "Feature", "properties": { "name": "Green Diagonestic Center", "amenity": "clinic", "healthcare": "clinic", "addr_city": null, "osm_id": 9587894846, "osm_type": "nodes" }, "geometry": { "type": "Point", "coordinates": [ 88.5835449, 24.3713025 ] } },
{ "type": "Feature", "properties": { "name": "Sorbokhon Owshadhaloi", "amenity": "pharmacy", "healthcare": "alternative", "addr_city": null, "osm_id": 9587894848, "osm_type": "nodes" }, "geometry": { "type": "Point", "coordinates": [ 88.5834725, 24.3713326 ] } },
{ "type": "Feature", "properties": { "name": "Maharajpur Pharmacy", "amenity": "pharmacy", "healthcare": "alternative", "addr_city": null, "osm_id": 9587894853, "osm_type": "nodes" }, "geometry": { "type": "Point", "coordinates": [ 88.5837617, 24.371386 ] } },
{ "type": "Feature", "properties": { "name": "Kazi Pharmacy", "amenity": "pharmacy", "healthcare": "alternative", "addr_city": null, "osm_id": 9587894871, "osm_type": "nodes" }, "geometry": { "type": "Point", "coordinates": [ 88.5831238, 24.3727439 ] } },
{ "type": "Feature", "properties": { "name": "Khan Medicine", "amenity": "pharmacy", "healthcare": "alternative", "addr_city": null, "osm_id": 9587894873, "osm_type": "nodes" }, "geometry": { "type": "Point", "coordinates": [ 88.5830819, 24.3726477 ] } },
{ "type": "Feature", "properties": { "name": "Drug House", "amenity": "pharmacy", "healthcare": "alternative", "addr_city": null, "osm_id": 9587894875, "osm_type": "nodes" }, "geometry": { "type": "Point", "coordinates": [ 88.5829176, 24.3723301 ] } },
{ "type": "Feature", "properties": { "name": "Rafi pharmacy", "amenity": "pharmacy", "healthcare": "alternative", "addr_city": null, "osm_id": 9587894866, "osm_type": "nodes" }, "geometry": { "type": "Point", "coordinates": [ 88.5828841, 24.372753 ] } },
{ "type": "Feature", "properties": { "name": "Owshi Pharmacy", "amenity": "pharmacy", "healthcare": "alternative", "addr_city": null, "osm_id": 9587894856, "osm_type": "nodes" }, "geometry": { "type": "Point", "coordinates": [ 88.5838894, 24.3713521 ] } },
{ "type": "Feature", "properties": { "name": "Sakib Pharmacy", "amenity": "pharmacy", "healthcare": "alternative", "addr_city": null, "osm_id": 9587894844, "osm_type": "nodes" }, "geometry": { "type": "Point", "coordinates": [ 88.5833848, 24.3714992 ] } },
{ "type": "Feature", "properties": { "name": "Islami Bank Hospital", "amenity": "hospital", "healthcare": "hospital", "addr_city": null, "osm_id": 9587894838, "osm_type": "nodes" }, "geometry": { "type": "Point", "coordinates": [ 88.5829562, 24.3716317 ] } },
{ "type": "Feature", "properties": { "name": "Janosheba Pharmacy", "amenity": "pharmacy", "healthcare": "alternative", "addr_city": null, "osm_id": 9587894841, "osm_type": "nodes" }, "geometry": { "type": "Point", "coordinates": [ 88.583273, 24.3715386 ] } },
{ "type": "Feature", "properties": { "name": "Medicson Diagonestic Center", "amenity": "clinic", "healthcare": "clinic", "addr_city": null, "osm_id": 9587894845, "osm_type": "nodes" }, "geometry": { "type": "Point", "coordinates": [ 88.5834598, 24.3714761 ] } },
{ "type": "Feature", "properties": { "name": "The Pharma", "amenity": "pharmacy", "healthcare": "alternative", "addr_city": null, "osm_id": 9587894852, "osm_type": "nodes" }, "geometry": { "type": "Point", "coordinates": [ 88.5837245, 24.3713967 ] } },
{ "type": "Feature", "properties": { "name": "Rafi Hospital", "amenity": "clinic", "healthcare": "clinic", "addr_city": null, "osm_id": 9587894867, "osm_type": "nodes" }, "geometry": { "type": "Point", "coordinates": [ 88.5829311, 24.3728309 ] } },
{ "type": "Feature", "properties": { "name": "Rajshahi Diagonestic Center", "amenity": "clinic", "healthcare": "clinic", "addr_city": null, "osm_id": 9587894874, "osm_type": "nodes" }, "geometry": { "type": "Point", "coordinates": [ 88.582973, 24.3724018 ] } },
{ "type": "Feature", "properties": { "name": "Aroggo Niketon", "amenity": "pharmacy", "healthcare": "alternative", "addr_city": null, "osm_id": 9587894849, "osm_type": "nodes" }, "geometry": { "type": "Point", "coordinates": [ 88.5834406, 24.3713455 ] } },
{ "type": "Feature", "properties": { "name": "Tropical Clinic", "amenity": "clinic", "healthcare": "clinic", "addr_city": null, "osm_id": 9587894857, "osm_type": "nodes" }, "geometry": { "type": "Point", "coordinates": [ 88.5835639, 24.371297 ] } },
{ "type": "Feature", "properties": { "name": "Anuwara General Hospital", "amenity": "hospital", "healthcare": "hospital", "addr_city": "Bhairab Bazar", "osm_id": 7384874015, "osm_type": "nodes" }, "geometry": { "type": "Point", "coordinates": [ 90.9863187, 24.0470909 ] } },
{ "type": "Feature", "properties": { "name": "Taherpur Pharmacy", "amenity": null, "healthcare": "alternative", "addr_city": null, "osm_id": 9587894860, "osm_type": "nodes" }, "geometry": { "type": "Point", "coordinates": [ 88.5836128, 24.371287 ] } },
{ "type": "Feature", "properties": { "name": "Kuladia Govt Primary School", "amenity": null, "healthcare": "alternative", "addr_city": null, "osm_id": 9587817376, "osm_type": "nodes" }, "geometry": { "type": "Point", "coordinates": [ 89.2391411, 23.2642869 ] } },
{ "type": "Feature", "properties": { "name": "Kushum pharmacy", "amenity": "pharmacy", "healthcare": "alternative", "addr_city": null, "osm_id": 9579051358, "osm_type": "nodes" }, "geometry": { "type": "Point", "coordinates": [ 89.418115, 22.8075855 ] } },
{ "type": "Feature", "properties": { "name": "Samsunnahar pharmacy", "amenity": "pharmacy", "healthcare": "alternative", "addr_city": null, "osm_id": 9579051353, "osm_type": "nodes" }, "geometry": { "type": "Point", "coordinates": [ 89.411077, 22.8099135 ] } },
{ "type": "Feature", "properties": { "name": "Sheikh pharmacy", "amenity": "pharmacy", "healthcare": "alternative", "addr_city": null, "osm_id": 9579051354, "osm_type": "nodes" }, "geometry": { "type": "Point", "coordinates": [ 89.4111421, 22.8099819 ] } },
{ "type": "Feature", "properties": { "name": "Borhan Pharmacy", "amenity": "pharmacy", "healthcare": "alternative", "addr_city": null, "osm_id": 9579051355, "osm_type": "nodes" }, "geometry": { "type": "Point", "coordinates": [ 89.4111593, 22.8098835 ] } },
{ "type": "Feature", "properties": { "name": "Dumuria Janata Hospital", "amenity": "hospital", "healthcare": "hospital", "addr_city": null, "osm_id": 9579051357, "osm_type": "nodes" }, "geometry": { "type": "Point", "coordinates": [ 89.4181814, 22.8075199 ] } },
{ "type": "Feature", "properties": { "name": "Sarmin pharmacy", "amenity": "pharmacy", "healthcare": "alternative", "addr_city": null, "osm_id": 9576872902, "osm_type": "nodes" }, "geometry": { "type": "Point", "coordinates": [ 89.3189569, 22.5938576 ] } },
{ "type": "Feature", "properties": { "name": "Upazila health complex Paikgacha", "amenity": "hospital", "healthcare": "hospital", "addr_city": null, "osm_id": 9576872900, "osm_type": "nodes" }, "geometry": { "type": "Point", "coordinates": [ 89.3182432, 22.5943451 ] } },
{ "type": "Feature", "properties": { "name": "Mayesha pharmacy", "amenity": "pharmacy", "healthcare": "alternative", "addr_city": null, "osm_id": 9576872901, "osm_type": "nodes" }, "geometry": { "type": "Point", "coordinates": [ 89.318804, 22.5938428 ] } },
{ "type": "Feature", "properties": { "name": "Satkhira diagonstic complex", "amenity": "clinic", "healthcare": "clinic", "addr_city": null, "osm_id": 9576105489, "osm_type": "nodes" }, "geometry": { "type": "Point", "coordinates": [ 89.0679167, 22.7219986 ] } },
{ "type": "Feature", "properties": { "name": "Kashem Pharmacy", "amenity": "pharmacy", "healthcare": "alternative", "addr_city": null, "osm_id": 9576134382, "osm_type": "nodes" }, "geometry": { "type": "Point", "coordinates": [ 89.0377229, 22.8604882 ] } },
{ "type": "Feature", "properties": { "name": "Shurokha Diagnostic", "amenity": "pharmacy", "healthcare": "alternative", "addr_city": null, "osm_id": 9576134381, "osm_type": "nodes" }, "geometry": { "type": "Point", "coordinates": [ 89.0372828, 22.8606965 ] } },
{ "type": "Feature", "properties": { "name": "Matri Saya Medical Shop", "amenity": "pharmacy", "healthcare": "alternative", "addr_city": null, "osm_id": 9576134408, "osm_type": "nodes" }, "geometry": { "type": "Point", "coordinates": [ 89.2563016, 22.7499789 ] } },
{ "type": "Feature", "properties": { "name": "Jahin Pharmacy", "amenity": "pharmacy", "healthcare": "alternative", "addr_city": null, "osm_id": 9576134410, "osm_type": "nodes" }, "geometry": { "type": "Point", "coordinates": [ 89.256589, 22.7508288 ] } },
{ "type": "Feature", "properties": { "name": "Shakin Pharmacy", "amenity": "pharmacy", "healthcare": "alternative", "addr_city": null, "osm_id": 9576134411, "osm_type": "nodes" }, "geometry": { "type": "Point", "coordinates": [ 89.2566668, 22.7507665 ] } },
{ "type": "Feature", "properties": { "name": "Promila Pharmacy", "amenity": "pharmacy", "healthcare": "alternative", "addr_city": null, "osm_id": 9576134416, "osm_type": "nodes" }, "geometry": { "type": "Point", "coordinates": [ 89.259416, 22.7503092 ] } },
{ "type": "Feature", "properties": { "name": "Nowsad Pharmacy", "amenity": "pharmacy", "healthcare": "alternative", "addr_city": null, "osm_id": 9576154217, "osm_type": "nodes" }, "geometry": { "type": "Point", "coordinates": [ 89.2595, 22.7502829 ] } },
{ "type": "Feature", "properties": { "name": "Saba Drug House", "amenity": "pharmacy", "healthcare": "alternative", "addr_city": null, "osm_id": 9576154218, "osm_type": "nodes" }, "geometry": { "type": "Point", "coordinates": [ 89.2595909, 22.750263 ] } },
{ "type": "Feature", "properties": { "name": "Sangana Nursing home and Clinic", "amenity": "clinic", "healthcare": "clinic", "addr_city": null, "osm_id": 9576105481, "osm_type": "nodes" }, "geometry": { "type": "Point", "coordinates": [ 89.0653542, 22.7262258 ] } },
{ "type": "Feature", "properties": { "name": "Al Noor Hospital", "amenity": "hospital", "healthcare": "hospital", "addr_city": null, "osm_id": 9576105482, "osm_type": "nodes" }, "geometry": { "type": "Point", "coordinates": [ 89.0672653, 22.7232927 ] } },
{ "type": "Feature", "properties": { "name": "Das Medical Hall", "amenity": "pharmacy", "healthcare": "alternative", "addr_city": null, "osm_id": 9576134409, "osm_type": "nodes" }, "geometry": { "type": "Point", "coordinates": [ 89.2563802, 22.7505138 ] } },
{ "type": "Feature", "properties": { "name": "Koloroa Doctors Chembar", "amenity": "pharmacy", "healthcare": "alternative", "addr_city": null, "osm_id": 9576134377, "osm_type": "nodes" }, "geometry": { "type": "Point", "coordinates": [ 89.0361481, 22.8610029 ] } },
{ "type": "Feature", "properties": { "name": "Star Pathology", "amenity": "clinic", "healthcare": "clinic", "addr_city": null, "osm_id": 9576134379, "osm_type": "nodes" }, "geometry": { "type": "Point", "coordinates": [ 89.0370682, 22.860773 ] } },
{ "type": "Feature", "properties": { "name": "Homio Hall", "amenity": "pharmacy", "healthcare": "alternative", "addr_city": null, "osm_id": 9576134404, "osm_type": "nodes" }, "geometry": { "type": "Point", "coordinates": [ 89.2562345, 22.748515 ] } },
{ "type": "Feature", "properties": { "name": "Life Care Clinic", "amenity": "clinic", "healthcare": "clinic", "addr_city": null, "osm_id": 9576134414, "osm_type": "nodes" }, "geometry": { "type": "Point", "coordinates": [ 89.2591233, 22.7503844 ] } },
{ "type": "Feature", "properties": { "name": "Jhohora Dedicine", "amenity": "hospital", "healthcare": "hospital", "addr_city": null, "osm_id": 9576134415, "osm_type": "nodes" }, "geometry": { "type": "Point", "coordinates": [ 89.259356, 22.7503148 ] } },
{ "type": "Feature", "properties": { "name": "Protaha Pharmacy", "amenity": "pharmacy", "healthcare": "alternative", "addr_city": null, "osm_id": 9576154220, "osm_type": "nodes" }, "geometry": { "type": "Point", "coordinates": [ 89.2599562, 22.7501966 ] } },
{ "type": "Feature", "properties": { "name": "Fahim Diagonestic Center", "amenity": "clinic", "healthcare": "clinic", "addr_city": null, "osm_id": 9576105483, "osm_type": "nodes" }, "geometry": { "type": "Point", "coordinates": [ 89.0677328, 22.7224881 ] } },
{ "type": "Feature", "properties": { "name": "Foisal Homio Hall", "amenity": "pharmacy", "healthcare": "alternative", "addr_city": null, "osm_id": 9576134401, "osm_type": "nodes" }, "geometry": { "type": "Point", "coordinates": [ 89.0404187, 22.864341 ] } },
{ "type": "Feature", "properties": { "name": "Shanti Medical Shop", "amenity": "pharmacy", "healthcare": "alternative", "addr_city": null, "osm_id": 9576134402, "osm_type": "nodes" }, "geometry": { "type": "Point", "coordinates": [ 89.2563382, 22.7481026 ] } },
{ "type": "Feature", "properties": { "name": "Shak Homio Hall", "amenity": "pharmacy", "healthcare": "alternative", "addr_city": null, "osm_id": 9576134403, "osm_type": "nodes" }, "geometry": { "type": "Point", "coordinates": [ 89.2562345, 22.7484082 ] } },
{ "type": "Feature", "properties": { "name": "Apan Pharmacy", "amenity": "pharmacy", "healthcare": "alternative", "addr_city": null, "osm_id": 9576134405, "osm_type": "nodes" }, "geometry": { "type": "Point", "coordinates": [ 89.2569062, 22.7489723 ] } },
{ "type": "Feature", "properties": { "name": "Rahman Homio Hall", "amenity": "pharmacy", "healthcare": "alternative", "addr_city": null, "osm_id": 9576134412, "osm_type": "nodes" }, "geometry": { "type": "Point", "coordinates": [ 89.256736, 22.7511132 ] } },
{ "type": "Feature", "properties": { "name": "Fahar Dental Care", "amenity": "pharmacy", "healthcare": "alternative", "addr_city": null, "osm_id": 9576134413, "osm_type": "nodes" }, "geometry": { "type": "Point", "coordinates": [ 89.2588152, 22.7505294 ] } },
{ "type": "Feature", "properties": { "name": "Nurul Medical Hall", "amenity": null, "healthcare": "alternative", "addr_city": null, "osm_id": 9576134380, "osm_type": "nodes" }, "geometry": { "type": "Point", "coordinates": [ 89.0370145, 22.8607038 ] } },
{ "type": "Feature", "properties": { "name": "Munna Diagnostic", "amenity": null, "healthcare": "alternative", "addr_city": null, "osm_id": 9576134383, "osm_type": "nodes" }, "geometry": { "type": "Point", "coordinates": [ 89.0379123, 22.8604917 ] } },
{ "type": "Feature", "properties": { "name": "Nabila Pharmacy", "amenity": null, "healthcare": "alternative", "addr_city": null, "osm_id": 9576154219, "osm_type": "nodes" }, "geometry": { "type": "Point", "coordinates": [ 89.2596818, 22.7502914 ] } },
{ "type": "Feature", "properties": { "name": "Deya Pharmacy", "amenity": null, "healthcare": "alternative", "addr_city": null, "osm_id": 9576134406, "osm_type": "nodes" }, "geometry": { "type": "Point", "coordinates": [ 89.2562947, 22.7489973 ] } },
{ "type": "Feature", "properties": { "name": "Tithi Pharmacy", "amenity": null, "healthcare": "alternative", "addr_city": null, "osm_id": 9576134407, "osm_type": "nodes" }, "geometry": { "type": "Point", "coordinates": [ 89.2562193, 22.7490058 ] } },
{ "type": "Feature", "properties": { "name": "Rana Pharmacy, Pharmacy", "amenity": "pharmacy", "healthcare": "pharmacy", "addr_city": null, "osm_id": 13061671525, "osm_type": "nodes" }, "geometry": { "type": "Point", "coordinates": [ 89.260269, 25.7098296 ] } },
{ "type": "Feature", "properties": { "name": "Jannat Pharmacy, Pharmacy", "amenity": "pharmacy", "healthcare": "pharmacy", "addr_city": null, "osm_id": 13063329711, "osm_type": "nodes" }, "geometry": { "type": "Point", "coordinates": [ 89.2425326, 25.721721 ] } },
{ "type": "Feature", "properties": { "name": "Hasan homoeo hall, Doctor", "amenity": "doctors", "healthcare": "doctor", "addr_city": null, "osm_id": 13065139209, "osm_type": "nodes" }, "geometry": { "type": "Point", "coordinates": [ 89.2299566, 25.7386928 ] } },
{ "type": "Feature", "properties": { "name": "Holy Crescent Hospital, Hospital", "amenity": "hospital", "healthcare": "hospital", "addr_city": null, "osm_id": 13075761102, "osm_type": "nodes" }, "geometry": { "type": "Point", "coordinates": [ 89.233822, 25.7421667 ] } },
{ "type": "Feature", "properties": { "name": "Lucky Hospital, Hospital", "amenity": "hospital", "healthcare": "hospital", "addr_city": null, "osm_id": 13075738953, "osm_type": "nodes" }, "geometry": { "type": "Point", "coordinates": [ 89.2344236, 25.7401329 ] } },
{ "type": "Feature", "properties": { "name": "Rabeya Maternity(?????? ???????????)", "amenity": "hospital", "healthcare": null, "addr_city": "Dhaka", "osm_id": 4407994683, "osm_type": "nodes" }, "geometry": { "type": "Point", "coordinates": [ 90.3648013, 23.8265626 ] } },
{ "type": "Feature", "properties": { "name": "Ad-din Sakina Medical College and Hospital ??-????? ????? ??????? ???? ? ????????", "amenity": "hospital", "healthcare": "hospital", "addr_city": null, "osm_id": 12692563664, "osm_type": "nodes" }, "geometry": { "type": "Point", "coordinates": [ 89.2128427, 23.1634791 ] } },
{ "type": "Feature", "properties": { "name": "Sanjibani Pharmacy (???????? ????????)", "amenity": "pharmacy", "healthcare": "pharmacy", "addr_city": null, "osm_id": 12692562105, "osm_type": "nodes" }, "geometry": { "type": "Point", "coordinates": [ 89.2147965, 23.1618588 ] } },
{ "type": "Feature", "properties": { "name": "Nurunnahar Community Clinic, Hospital", "amenity": "hospital", "healthcare": "hospital", "addr_city": null, "osm_id": 13081698049, "osm_type": "nodes" }, "geometry": { "type": "Point", "coordinates": [ 89.255969, 25.8577566 ] } },
{ "type": "Feature", "properties": { "name": "Family planning Hospital, Hospital", "amenity": "hospital", "healthcare": "hospital", "addr_city": null, "osm_id": 13081703236, "osm_type": "nodes" }, "geometry": { "type": "Point", "coordinates": [ 89.2541925, 25.8650732 ] } },
{ "type": "Feature", "properties": { "name": "Ekarchali FWC, Hospital", "amenity": "hospital", "healthcare": "hospital", "addr_city": null, "osm_id": 13096228312, "osm_type": "nodes" }, "geometry": { "type": "Point", "coordinates": [ 89.0826039, 25.8116056 ] } },
{ "type": "Feature", "properties": { "name": null, "amenity": "hospital", "healthcare": "hospital", "addr_city": null, "osm_id": 9916643514, "osm_type": "nodes" }, "geometry": { "type": "Point", "coordinates": [ 91.3107248, 24.9380432 ] } },
{ "type": "Feature", "properties": { "name": "Al Mani Pharmacy and Medical Center, Pharmacy", "amenity": "pharmacy", "healthcare": "pharmacy", "addr_city": null, "osm_id": 13098226130, "osm_type": "nodes" }, "geometry": { "type": "Point", "coordinates": [ 88.9186427, 25.781355 ] } },
{ "type": "Feature", "properties": { "name": "Saju Medicine Corner, Pharmacy", "amenity": "pharmacy", "healthcare": "pharmacy", "addr_city": null, "osm_id": 13098213513, "osm_type": "nodes" }, "geometry": { "type": "Point", "coordinates": [ 88.9170546, 25.7810075 ] } },
{ "type": "Feature", "properties": { "name": "Jasmine Pharmacy, Pharmacy", "amenity": "pharmacy", "healthcare": "pharmacy", "addr_city": null, "osm_id": 13098221668, "osm_type": "nodes" }, "geometry": { "type": "Point", "coordinates": [ 88.93013, 25.7834738 ] } },
{ "type": "Feature", "properties": { "name": "M/S Masud Pharmacy, Pharmacy", "amenity": "pharmacy", "healthcare": "pharmacy", "addr_city": null, "osm_id": 13098239279, "osm_type": "nodes" }, "geometry": { "type": "Point", "coordinates": [ 88.9304465, 25.783424 ] } },
{ "type": "Feature", "properties": { "name": "Taragonj Upazilla Health Complex, Hospital", "amenity": "hospital", "healthcare": "hospital", "addr_city": null, "osm_id": 13100419644, "osm_type": "nodes" }, "geometry": { "type": "Point", "coordinates": [ 89.0314114, 25.8108783 ] } },
{ "type": "Feature", "properties": { "name": null, "amenity": "hospital", "healthcare": null, "addr_city": null, "osm_id": 5894264988, "osm_type": "nodes" }, "geometry": { "type": "Point", "coordinates": [ 88.6557696, 25.8632453 ] } },
{ "type": "Feature", "properties": { "name": "Dinajpur General Hospital", "amenity": "hospital", "healthcare": null, "addr_city": null, "osm_id": 2381389093, "osm_type": "nodes" }, "geometry": { "type": "Point", "coordinates": [ 88.6371367, 25.6256582 ] } },
{ "type": "Feature", "properties": { "name": null, "amenity": "hospital", "healthcare": null, "addr_city": null, "osm_id": 5104644502, "osm_type": "nodes" }, "geometry": { "type": "Point", "coordinates": [ 88.7483558, 26.0057391 ] } },
{ "type": "Feature", "properties": { "name": "????????? ?????? ????????? ?????????", "amenity": "hospital", "healthcare": null, "addr_city": null, "osm_id": 2381391525, "osm_type": "nodes" }, "geometry": { "type": "Point", "coordinates": [ 89.0128047, 25.8994086 ] } },
{ "type": "Feature", "properties": { "name": "Ma Pharmacy", "amenity": "pharmacy", "healthcare": "pharmacy", "addr_city": null, "osm_id": 9771922566, "osm_type": "nodes" }, "geometry": { "type": "Point", "coordinates": [ 89.2335271, 25.7424926 ] } },
{ "type": "Feature", "properties": { "name": "Nilphamari General Hospital", "amenity": "hospital", "healthcare": null, "addr_city": null, "osm_id": 2381391884, "osm_type": "nodes" }, "geometry": { "type": "Point", "coordinates": [ 88.8453772, 25.9306735 ] } },
{ "type": "Feature", "properties": { "name": "Lalmonirhat General Hospital", "amenity": "hospital", "healthcare": null, "addr_city": null, "osm_id": 2332802123, "osm_type": "nodes" }, "geometry": { "type": "Point", "coordinates": [ 89.4559009, 25.9198854 ] } },
{ "type": "Feature", "properties": { "name": "Kalihati Upazila Health Complex", "amenity": "hospital", "healthcare": null, "addr_city": null, "osm_id": 2381384473, "osm_type": "nodes" }, "geometry": { "type": "Point", "coordinates": [ 89.9905506, 24.3899051 ] } },
{ "type": "Feature", "properties": { "name": "Kalihati Upazilla Health Complex", "amenity": "hospital", "healthcare": null, "addr_city": null, "osm_id": 2332679845, "osm_type": "nodes" }, "geometry": { "type": "Point", "coordinates": [ 89.990275, 24.3896744 ] } },
{ "type": "Feature", "properties": { "name": "Sathiya Upazila Health Complex", "amenity": "hospital", "healthcare": null, "addr_city": null, "osm_id": 2352335415, "osm_type": "nodes" }, "geometry": { "type": "Point", "coordinates": [ 89.5482098, 24.0536652 ] } },
{ "type": "Feature", "properties": { "name": "Green Homio Hall", "amenity": "clinic", "healthcare": "clinic", "addr_city": null, "osm_id": 9576134400, "osm_type": "nodes" }, "geometry": { "type": "Point", "coordinates": [ 89.0407481, 22.8615514 ] } },
{ "type": "Feature", "properties": { "name": "Taher Pharmacy(????? ????????)", "amenity": "pharmacy", "healthcare": null, "addr_city": "Dhaka", "osm_id": 4432181802, "osm_type": "nodes" }, "geometry": { "type": "Point", "coordinates": [ 90.3638207, 23.8281254 ] } },
{ "type": "Feature", "properties": { "name": "Ray Homeopathic Pharmacy, Homeopathic pharmacy", "amenity": "pharmacy", "healthcare": "pharmacy", "addr_city": null, "osm_id": 13103540824, "osm_type": "nodes" }, "geometry": { "type": "Point", "coordinates": [ 89.0087517, 25.8109622 ] } },
{ "type": "Feature", "properties": { "name": "Bismillah Homeo Hall", "amenity": null, "healthcare": "yes", "addr_city": "Dhaka", "osm_id": 4407990984, "osm_type": "nodes" }, "geometry": { "type": "Point", "coordinates": [ 90.3659702, 23.8283386 ] } },
{ "type": "Feature", "properties": { "name": "Panjerpara Friendship Satellite Clinic", "amenity": "clinic", "healthcare": null, "addr_city": null, "osm_id": 5642624749, "osm_type": "nodes" }, "geometry": { "type": "Point", "coordinates": [ 89.7278684, 25.4548951 ] } },
{ "type": "Feature", "properties": { "name": "lokkikholaa community clinic", "amenity": "clinic", "healthcare": null, "addr_city": null, "osm_id": 6126763123, "osm_type": "nodes" }, "geometry": { "type": "Point", "coordinates": [ 89.468582, 22.6103414 ] } },
{ "type": "Feature", "properties": { "name": "Union Health and Family welfare center", "amenity": "clinic", "healthcare": null, "addr_city": null, "osm_id": 6114040882, "osm_type": "nodes" }, "geometry": { "type": "Point", "coordinates": [ 89.3084943, 22.3115425 ] } },
{ "type": "Feature", "properties": { "name": "Shamarchar commuinity Clinic", "amenity": "clinic", "healthcare": null, "addr_city": null, "osm_id": 6123345366, "osm_type": "nodes" }, "geometry": { "type": "Point", "coordinates": [ 91.2452853, 24.7494645 ] } },
{ "type": "Feature", "properties": { "name": "Haque Homeo Hall", "amenity": "pharmacy", "healthcare": "pharmacy", "addr_city": null, "osm_id": 6112235828, "osm_type": "nodes" }, "geometry": { "type": "Point", "coordinates": [ 91.1787234, 23.4509076 ] } },
{ "type": "Feature", "properties": { "name": "Masum medical store, Pharmacy", "amenity": "pharmacy", "healthcare": "pharmacy", "addr_city": null, "osm_id": 13114394138, "osm_type": "nodes" }, "geometry": { "type": "Point", "coordinates": [ 88.8938904, 25.7781535 ] } },
{ "type": "Feature", "properties": { "name": "Alhamdulillah Pharmacy And Departmental Store, Pharmacy", "amenity": "pharmacy", "healthcare": "pharmacy", "addr_city": null, "osm_id": 13114395850, "osm_type": "nodes" }, "geometry": { "type": "Point", "coordinates": [ 88.8536703, 25.7695617 ] } },
{ "type": "Feature", "properties": { "name": "KULSUM PHARMACY, Pharmacy", "amenity": "pharmacy", "healthcare": "pharmacy", "addr_city": null, "osm_id": 13114426509, "osm_type": "nodes" }, "geometry": { "type": "Point", "coordinates": [ 88.896811, 25.7788669 ] } },
{ "type": "Feature", "properties": { "name": "Dr.Dil Afroza Memorial Hospital, Hospital", "amenity": "hospital", "healthcare": "hospital", "addr_city": null, "osm_id": 13114469435, "osm_type": "nodes" }, "geometry": { "type": "Point", "coordinates": [ 88.8888337, 25.7779647 ] } },
{ "type": "Feature", "properties": { "name": "M/S Azad pharmacy, Pharmacy", "amenity": "pharmacy", "healthcare": "pharmacy", "addr_city": null, "osm_id": 13116187564, "osm_type": "nodes" }, "geometry": { "type": "Point", "coordinates": [ 88.7437187, 25.7722731 ] } },
{ "type": "Feature", "properties": { "name": "T.R Road Saidpur Nillphamary, Medical clinic", "amenity": "clinic", "healthcare": "clinic", "addr_city": null, "osm_id": 13119221203, "osm_type": "nodes" }, "geometry": { "type": "Point", "coordinates": [ 88.8920251, 25.7773622 ] } },
{ "type": "Feature", "properties": { "name": "Usha Homeo Hall", "amenity": "pharmacy", "healthcare": "pharmacy", "addr_city": null, "osm_id": 6092199175, "osm_type": "nodes" }, "geometry": { "type": "Point", "coordinates": [ 91.177333, 23.4471069 ] } },
{ "type": "Feature", "properties": { "name": "Maa Hospital And Diagnostic Centre, Hospital", "amenity": "hospital", "healthcare": "hospital", "addr_city": null, "osm_id": 13119225253, "osm_type": "nodes" }, "geometry": { "type": "Point", "coordinates": [ 88.8939319, 25.777991 ] } },
{ "type": "Feature", "properties": { "name": "Alom Medical Hall", "amenity": "pharmacy", "healthcare": "pharmacy", "addr_city": null, "osm_id": 6092157234, "osm_type": "nodes" }, "geometry": { "type": "Point", "coordinates": [ 91.1763137, 23.4457338 ] } },
{ "type": "Feature", "properties": { "name": "Alok health Care(???? ???? ?????)", "amenity": "hospital", "healthcare": null, "addr_city": "Dhaka", "osm_id": 4432181527, "osm_type": "nodes" }, "geometry": { "type": "Point", "coordinates": [ 90.3640549, 23.8234676 ] } },
{ "type": "Feature", "properties": { "name": "M I Dental Care(?? ?? ??????? ?????)", "amenity": "clinic", "healthcare": null, "addr_city": "Dhaka", "osm_id": 4432181723, "osm_type": "nodes" }, "geometry": { "type": "Point", "coordinates": [ 90.364036, 23.8233215 ] } },
{ "type": "Feature", "properties": { "name": "Laskhipur Owshodghor", "amenity": "pharmacy", "healthcare": "alternative", "addr_city": null, "osm_id": 9590393401, "osm_type": "nodes" }, "geometry": { "type": "Point", "coordinates": [ 88.5820318, 24.3707962 ] } },
{ "type": "Feature", "properties": { "name": "Madina Pharmacy", "amenity": "pharmacy", "healthcare": "alternative", "addr_city": null, "osm_id": 9590393400, "osm_type": "nodes" }, "geometry": { "type": "Point", "coordinates": [ 88.5820694, 24.3708697 ] } },
{ "type": "Feature", "properties": { "name": "SPRC Center", "amenity": "hospital", "healthcare": "alternative", "addr_city": null, "osm_id": 9587894868, "osm_type": "nodes" }, "geometry": { "type": "Point", "coordinates": [ 88.5831892, 24.372837 ] } },
{ "type": "Feature", "properties": { "name": "??????? ???? ????????", "amenity": "clinic", "healthcare": null, "addr_city": null, "osm_id": 4403772589, "osm_type": "nodes" }, "geometry": { "type": "Point", "coordinates": [ 88.5930964, 24.3752744 ] } },
{ "type": "Feature", "properties": { "name": "Neuron pharmacy", "amenity": "pharmacy", "healthcare": "alternative", "addr_city": null, "osm_id": 9579051359, "osm_type": "nodes" }, "geometry": { "type": "Point", "coordinates": [ 89.4180721, 22.8076066 ] } },
{ "type": "Feature", "properties": { "name": "Barlekha Upazila Health Complex", "amenity": "hospital", "healthcare": "hospital", "addr_city": null, "osm_id": 2332872326, "osm_type": "nodes" }, "geometry": { "type": "Point", "coordinates": [ 92.184857, 24.6938788 ] } },
{ "type": "Feature", "properties": { "name": "Iran Medical Hall", "amenity": "pharmacy", "healthcare": null, "addr_city": null, "osm_id": 10128253463, "osm_type": "nodes" }, "geometry": { "type": "Point", "coordinates": [ 89.3962789, 23.0288594 ] } },
{ "type": "Feature", "properties": { "name": "Hakim Center", "amenity": "clinic", "healthcare": "clinic", "addr_city": null, "osm_id": 9576134385, "osm_type": "nodes" }, "geometry": { "type": "Point", "coordinates": [ 89.038721, 22.8602417 ] } },
{ "type": "Feature", "properties": { "name": "Rido Shastho Kendro", "amenity": "hospital", "healthcare": "hospital", "addr_city": null, "osm_id": 9576134390, "osm_type": "nodes" }, "geometry": { "type": "Point", "coordinates": [ 89.0406442, 22.8592846 ] } },
{ "type": "Feature", "properties": { "name": "Horihorpur Community Clinic", "amenity": "clinic", "healthcare": null, "addr_city": null, "osm_id": 9529812895, "osm_type": "nodes" }, "geometry": { "type": "Point", "coordinates": [ 88.6414611, 25.5818089 ] } },
{ "type": "Feature", "properties": { "name": null, "amenity": "pharmacy", "healthcare": null, "addr_city": null, "osm_id": 9529696556, "osm_type": "nodes" }, "geometry": { "type": "Point", "coordinates": [ 88.6448501, 25.6205043 ] } },
{ "type": "Feature", "properties": { "name": null, "amenity": "doctors", "healthcare": null, "addr_city": null, "osm_id": 9529696587, "osm_type": "nodes" }, "geometry": { "type": "Point", "coordinates": [ 88.6444437, 25.6204971 ] } },
{ "type": "Feature", "properties": { "name": null, "amenity": "pharmacy", "healthcare": null, "addr_city": null, "osm_id": 9529696557, "osm_type": "nodes" }, "geometry": { "type": "Point", "coordinates": [ 88.644952, 25.6201403 ] } },
{ "type": "Feature", "properties": { "name": "Awal Pharmacy, Pharmacy", "amenity": "pharmacy", "healthcare": "pharmacy", "addr_city": null, "osm_id": 13127838925, "osm_type": "nodes" }, "geometry": { "type": "Point", "coordinates": [ 88.890544, 25.7936518 ] } },
{ "type": "Feature", "properties": { "name": "Gulsan Mustafa Syed Pur Pani Tanki Mart, Pharmacy", "amenity": "pharmacy", "healthcare": "pharmacy", "addr_city": null, "osm_id": 13127836031, "osm_type": "nodes" }, "geometry": { "type": "Point", "coordinates": [ 88.890703, 25.7969736 ] } },
{ "type": "Feature", "properties": { "name": "Sheikh Homeo Hall", "amenity": null, "healthcare": "yes", "addr_city": "Dhaka", "osm_id": 4407994806, "osm_type": "nodes" }, "geometry": { "type": "Point", "coordinates": [ 90.3664786, 23.8286486 ] } },
{ "type": "Feature", "properties": { "name": "Talukder homio hall", "amenity": null, "healthcare": "yes", "addr_city": "Dhaka", "osm_id": 4407994819, "osm_type": "nodes" }, "geometry": { "type": "Point", "coordinates": [ 90.3649735, 23.827246 ] } },
{ "type": "Feature", "properties": { "name": "S F Dental Sugery", "amenity": "dentist", "healthcare": null, "addr_city": "Dhaka", "osm_id": 4432181779, "osm_type": "nodes" }, "geometry": { "type": "Point", "coordinates": [ 90.363154, 23.8279373 ] } },
{ "type": "Feature", "properties": { "name": "AKRAM PHARMACY, Pharmacy", "amenity": "pharmacy", "healthcare": "pharmacy", "addr_city": null, "osm_id": 13130764206, "osm_type": "nodes" }, "geometry": { "type": "Point", "coordinates": [ 88.8875239, 25.8021452 ] } },
{ "type": "Feature", "properties": { "name": "Sangalshi Govt. Hospital, Hospital", "amenity": "hospital", "healthcare": "hospital", "addr_city": null, "osm_id": 13133055943, "osm_type": "nodes" }, "geometry": { "type": "Point", "coordinates": [ 88.8679356, 25.8469438 ] } },
{ "type": "Feature", "properties": { "name": "Uttara EPZ Medical Center, Hospital", "amenity": "hospital", "healthcare": "hospital", "addr_city": null, "osm_id": 13133095036, "osm_type": "nodes" }, "geometry": { "type": "Point", "coordinates": [ 88.8647013, 25.858332 ] } },
{ "type": "Feature", "properties": { "name": "Mashiur Pharmacy, Medical Center", "amenity": "pharmacy", "healthcare": "pharmacy", "addr_city": null, "osm_id": 13136034617, "osm_type": "nodes" }, "geometry": { "type": "Point", "coordinates": [ 88.8718137, 25.8584557 ] } },
{ "type": "Feature", "properties": { "name": "(????? ??????? ???????)", "amenity": "pharmacy", "healthcare": null, "addr_city": "Dhaka", "osm_id": 4432181511, "osm_type": "nodes" }, "geometry": { "type": "Point", "coordinates": [ 90.3640022, 23.8245141 ] } },
{ "type": "Feature", "properties": { "name": "Digpait Upo-Shahor, Hospital", "amenity": "hospital", "healthcare": "hospital", "addr_city": null, "osm_id": 12651848936, "osm_type": "nodes" }, "geometry": { "type": "Point", "coordinates": [ 89.9262063, 24.7666674 ] } },
{ "type": "Feature", "properties": { "name": "Dubai Hospital BD, Hospital", "amenity": "hospital", "healthcare": "hospital", "addr_city": null, "osm_id": 12651846161, "osm_type": "nodes" }, "geometry": { "type": "Point", "coordinates": [ 89.9265827, 24.7670343 ] } },
{ "type": "Feature", "properties": { "name": "Shirin homeo hall", "amenity": null, "healthcare": "yes", "addr_city": "Dhaka", "osm_id": 4432181792, "osm_type": "nodes" }, "geometry": { "type": "Point", "coordinates": [ 90.3619922, 23.8245104 ] } },
{ "type": "Feature", "properties": { "name": "Homeo Life", "amenity": null, "healthcare": "yes", "addr_city": "Dhaka", "osm_id": 4432181828, "osm_type": "nodes" }, "geometry": { "type": "Point", "coordinates": [ 90.3702856, 23.8250168 ] } },
{ "type": "Feature", "properties": { "name": "Internal Hospital, Nilphamari Jail, Hospital", "amenity": "hospital", "healthcare": "hospital", "addr_city": null, "osm_id": 13142387475, "osm_type": "nodes" }, "geometry": { "type": "Point", "coordinates": [ 88.8664293, 25.9227618 ] } },
{ "type": "Feature", "properties": { "name": "Mouno general hospital, Hospital", "amenity": "hospital", "healthcare": "hospital", "addr_city": null, "osm_id": 13144318884, "osm_type": "nodes" }, "geometry": { "type": "Point", "coordinates": [ 88.8468939, 25.9300165 ] } },
{ "type": "Feature", "properties": { "name": "Disability Service and Assistance Center, Hospital", "amenity": "hospital", "healthcare": "hospital", "addr_city": null, "osm_id": 13144354721, "osm_type": "nodes" }, "geometry": { "type": "Point", "coordinates": [ 88.8452043, 25.9284005 ] } },
{ "type": "Feature", "properties": { "name": "Adhunik Sadar Hospital, Hospital", "amenity": "hospital", "healthcare": "hospital", "addr_city": null, "osm_id": 13144340131, "osm_type": "nodes" }, "geometry": { "type": "Point", "coordinates": [ 88.8455126, 25.9305128 ] } },
{ "type": "Feature", "properties": { "name": "A. R General Hospital, Hospital", "amenity": "hospital", "healthcare": "hospital", "addr_city": null, "osm_id": 13144347526, "osm_type": "nodes" }, "geometry": { "type": "Point", "coordinates": [ 88.8508156, 25.9310301 ] } },
{ "type": "Feature", "properties": { "name": "DIGI Care Nilphamari, Hospital", "amenity": "hospital", "healthcare": "hospital", "addr_city": null, "osm_id": 13144364835, "osm_type": "nodes" }, "geometry": { "type": "Point", "coordinates": [ 88.8483354, 25.9305866 ] } },
{ "type": "Feature", "properties": { "name": "Ma O Sishu Hospital, Hospital", "amenity": "hospital", "healthcare": "hospital", "addr_city": null, "osm_id": 12649388519, "osm_type": "nodes" }, "geometry": { "type": "Point", "coordinates": [ 89.9532214, 24.6751271 ] } },
{ "type": "Feature", "properties": { "name": "Chhand Drug Addiction Counseling and Treatment Centre, Hospital department", "amenity": "hospital", "healthcare": "hospital", "addr_city": null, "osm_id": 12649274885, "osm_type": "nodes" }, "geometry": { "type": "Point", "coordinates": [ 89.9596307, 24.6676063 ] } },
{ "type": "Feature", "properties": { "name": "Dhanbari Health Centre, Medical Centre", "amenity": null, "healthcare": "laboratory", "addr_city": null, "osm_id": 12649384380, "osm_type": "nodes" }, "geometry": { "type": "Point", "coordinates": [ 89.9551303, 24.6741738 ] } },
{ "type": "Feature", "properties": { "name": "Danish Bangladesh Leprosy Mission, Hospital", "amenity": "hospital", "healthcare": "hospital", "addr_city": null, "osm_id": 13159610128, "osm_type": "nodes" }, "geometry": { "type": "Point", "coordinates": [ 88.8461242, 25.9695585 ] } },
{ "type": "Feature", "properties": { "name": "Laxmichup UH And FWC, Hospital", "amenity": "hospital", "healthcare": "hospital", "addr_city": null, "osm_id": 13161963109, "osm_type": "nodes" }, "geometry": { "type": "Point", "coordinates": [ 88.830876, 26.0312869 ] } },
{ "type": "Feature", "properties": { "name": null, "amenity": "hospital", "healthcare": null, "addr_city": null, "osm_id": 7152112885, "osm_type": "nodes" }, "geometry": { "type": "Point", "coordinates": [ 88.6551191, 25.6093137 ] } },
{ "type": "Feature", "properties": { "name": "Upazila Health Complex, Hospital", "amenity": "hospital", "healthcare": "hospital", "addr_city": null, "osm_id": 13168911513, "osm_type": "nodes" }, "geometry": { "type": "Point", "coordinates": [ 92.1270236, 24.6074339 ] } },
{ "type": "Feature", "properties": { "name": "Barlekha City Clinik, Hospital", "amenity": "hospital", "healthcare": "hospital", "addr_city": null, "osm_id": 13176659961, "osm_type": "nodes" }, "geometry": { "type": "Point", "coordinates": [ 92.1832909, 24.6911599 ] } },
{ "type": "Feature", "properties": { "name": "Sheba Hospital, Hospital", "amenity": "hospital", "healthcare": "hospital", "addr_city": null, "osm_id": 12640234547, "osm_type": "nodes" }, "geometry": { "type": "Point", "coordinates": [ 89.9532516, 24.6743639 ] } },
{ "type": "Feature", "properties": { "name": "Ma Medicine and Telecom, Pharmacy", "amenity": "pharmacy", "healthcare": "pharmacy", "addr_city": null, "osm_id": 12640360838, "osm_type": "nodes" }, "geometry": { "type": "Point", "coordinates": [ 89.94069, 24.7271682 ] } },
{ "type": "Feature", "properties": { "name": "upazila Laefsok offes, Hospital", "amenity": "hospital", "healthcare": "hospital", "addr_city": null, "osm_id": 12638172196, "osm_type": "nodes" }, "geometry": { "type": "Point", "coordinates": [ 89.9565217, 24.666996 ] } },
{ "type": "Feature", "properties": { "name": "Ma o Shishu General Hospital and Diabetes Center, Hospital", "amenity": "hospital", "healthcare": "hospital", "addr_city": null, "osm_id": 12635265482, "osm_type": "nodes" }, "geometry": { "type": "Point", "coordinates": [ 89.8191456, 24.395784 ] } },
{ "type": "Feature", "properties": { "name": "Abdullah Esteel And Walksp, Homeopathic pharmacy", "amenity": "pharmacy", "healthcare": "pharmacy", "addr_city": null, "osm_id": 12632588048, "osm_type": "nodes" }, "geometry": { "type": "Point", "coordinates": [ 89.8744597, 24.4677091 ] } },
{ "type": "Feature", "properties": { "name": "Barlekha Upazila Health Complex, Hospital", "amenity": "hospital", "healthcare": "hospital", "addr_city": null, "osm_id": 13195457969, "osm_type": "nodes" }, "geometry": { "type": "Point", "coordinates": [ 92.1849897, 24.6937442 ] } },
{ "type": "Feature", "properties": { "name": "Bhuapur Hospital Staff Quarter, Doctor", "amenity": "doctors", "healthcare": "doctor", "addr_city": null, "osm_id": 12629742891, "osm_type": "nodes" }, "geometry": { "type": "Point", "coordinates": [ 89.8743465, 24.4635782 ] } },
{ "type": "Feature", "properties": { "name": "???????? ?????? ????????? ?????????", "amenity": "hospital", "healthcare": null, "addr_city": null, "osm_id": 2332872329, "osm_type": "nodes" }, "geometry": { "type": "Point", "coordinates": [ 91.7257035, 24.8405595 ] } },
{ "type": "Feature", "properties": { "name": "Mitali Diagnostic", "amenity": "pharmacy", "healthcare": "alternative", "addr_city": null, "osm_id": 9576134384, "osm_type": "nodes" }, "geometry": { "type": "Point", "coordinates": [ 89.0382974, 22.8602896 ] } },
{ "type": "Feature", "properties": { "name": "Holi Homiyo", "amenity": "pharmacy", "healthcare": "alternative", "addr_city": null, "osm_id": 9576134387, "osm_type": "nodes" }, "geometry": { "type": "Point", "coordinates": [ 89.0391404, 22.8599927 ] } },
{ "type": "Feature", "properties": { "name": "Shokti Oushadaloy", "amenity": null, "healthcare": "yes", "addr_city": "Dhaka", "osm_id": 4432181794, "osm_type": "nodes" }, "geometry": { "type": "Point", "coordinates": [ 90.3652461, 23.8283442 ] } },
{ "type": "Feature", "properties": { "name": "Rainbow Dental", "amenity": "dentist", "healthcare": null, "addr_city": null, "osm_id": 4432181845, "osm_type": "nodes" }, "geometry": { "type": "Point", "coordinates": [ 90.3646735, 23.8246339 ] } },
{ "type": "Feature", "properties": { "name": "Asif Pharmacy(???? ????????)", "amenity": "pharmacy", "healthcare": "pharmacy", "addr_city": "Dhaka", "osm_id": 4432181537, "osm_type": "nodes" }, "geometry": { "type": "Point", "coordinates": [ 90.3686257, 23.8255264 ] } },
{ "type": "Feature", "properties": { "name": "pacific dental", "amenity": "dentist", "healthcare": null, "addr_city": "Dhaka", "osm_id": 4068139370, "osm_type": "nodes" }, "geometry": { "type": "Point", "coordinates": [ 90.3673562, 23.8251119 ] } },
{ "type": "Feature", "properties": { "name": "Ismail Drug House(?????? ????? ????)", "amenity": "pharmacy", "healthcare": null, "addr_city": "Dhaka", "osm_id": 4432181699, "osm_type": "nodes" }, "geometry": { "type": "Point", "coordinates": [ 90.3631067, 23.8300855 ] } },
{ "type": "Feature", "properties": { "name": "Bismillah Pharmacy(?????????? ????????)", "amenity": "pharmacy", "healthcare": null, "addr_city": "Dhaka", "osm_id": 4407990985, "osm_type": "nodes" }, "geometry": { "type": "Point", "coordinates": [ 90.3668786, 23.8243154 ] } },
{ "type": "Feature", "properties": { "name": "Anoara Pharma(??????? ??????)", "amenity": "pharmacy", "healthcare": null, "addr_city": "Dhaka", "osm_id": 4407990975, "osm_type": "nodes" }, "geometry": { "type": "Point", "coordinates": [ 90.3660176, 23.8279814 ] } },
{ "type": "Feature", "properties": { "name": "Anwara Nursing Home(??????? ??????? ???)", "amenity": "hospital", "healthcare": null, "addr_city": "Dhaka", "osm_id": 4432181532, "osm_type": "nodes" }, "geometry": { "type": "Point", "coordinates": [ 90.3627322, 23.8264832 ] } },
{ "type": "Feature", "properties": { "name": "Fatema clinic and Diagnostic Centre", "amenity": "clinic", "healthcare": "clinic", "addr_city": null, "osm_id": 9579051356, "osm_type": "nodes" }, "geometry": { "type": "Point", "coordinates": [ 89.4115551, 22.810157 ] } },
{ "type": "Feature", "properties": { "name": "Narail Upazilla Office Complex", "amenity": "hospital", "healthcare": "hospital", "addr_city": null, "osm_id": 2431185143, "osm_type": "nodes" }, "geometry": { "type": "Point", "coordinates": [ 89.5066191, 23.1732251 ] } },
{ "type": "Feature", "properties": { "name": "Bajerdanga Community Clinic", "amenity": "clinic", "healthcare": "clinic", "addr_city": null, "osm_id": 9578950510, "osm_type": "nodes" }, "geometry": { "type": "Point", "coordinates": [ 89.4566378, 22.9832063 ] } },
{ "type": "Feature", "properties": { "name": "Vorot Pharmacy", "amenity": "pharmacy", "healthcare": "alternative", "addr_city": null, "osm_id": 9576872885, "osm_type": "nodes" }, "geometry": { "type": "Point", "coordinates": [ 89.4750841, 22.9740259 ] } },
{ "type": "Feature", "properties": { "name": "Surjer Hashi Clinic", "amenity": "hospital", "healthcare": null, "addr_city": null, "osm_id": 2808738880, "osm_type": "nodes" }, "geometry": { "type": "Point", "coordinates": [ 89.5033818, 23.1737359 ] } },
{ "type": "Feature", "properties": { "name": "Tala Upazila Health Complex", "amenity": "hospital", "healthcare": null, "addr_city": null, "osm_id": 2343395441, "osm_type": "nodes" }, "geometry": { "type": "Point", "coordinates": [ 89.2591267, 22.7524226 ] } },
{ "type": "Feature", "properties": { "name": "Modern Hospital ?????? ????????", "amenity": null, "healthcare": "yes", "addr_city": null, "osm_id": 6082001917, "osm_type": "nodes" }, "geometry": { "type": "Point", "coordinates": [ 91.1739857, 23.4415088 ] } },
{ "type": "Feature", "properties": { "name": null, "amenity": "hospital", "healthcare": "hospital", "addr_city": null, "osm_id": 7466289937, "osm_type": "nodes" }, "geometry": { "type": "Point", "coordinates": [ 91.2337122, 23.8191641 ] } },
{ "type": "Feature", "properties": { "name": "Brahmanpara Upazila Health Complex", "amenity": "hospital", "healthcare": null, "addr_city": null, "osm_id": 2333164530, "osm_type": "nodes" }, "geometry": { "type": "Point", "coordinates": [ 91.0941092, 23.6137621 ] } },
{ "type": "Feature", "properties": { "name": "Jaspus Habiganj Adhunik Eye Hospital", "amenity": "hospital", "healthcare": null, "addr_city": null, "osm_id": 8234513411, "osm_type": "nodes" }, "geometry": { "type": "Point", "coordinates": [ 91.41222, 24.3705763 ] } },
{ "type": "Feature", "properties": { "name": "Ali Medical Store(??? ??????? ?????)", "amenity": "pharmacy", "healthcare": null, "addr_city": "Dhaka", "osm_id": 4407990969, "osm_type": "nodes" }, "geometry": { "type": "Point", "coordinates": [ 90.3660488, 23.8278677 ] } },
{ "type": "Feature", "properties": { "name": "Alvi Medical Hall(???? ??????? ??)", "amenity": "pharmacy", "healthcare": null, "addr_city": "Dhaka", "osm_id": 4432181530, "osm_type": "nodes" }, "geometry": { "type": "Point", "coordinates": [ 90.3627634, 23.8299481 ] } },
{ "type": "Feature", "properties": { "name": "Satata Pharmacy(???? ????????)", "amenity": "pharmacy", "healthcare": null, "addr_city": "Dhaka", "osm_id": 4407994796, "osm_type": "nodes" }, "geometry": { "type": "Point", "coordinates": [ 90.3668104, 23.8242999 ] } },
{ "type": "Feature", "properties": { "name": "Fatema Medical(?????? ?????????)", "amenity": "pharmacy", "healthcare": null, "addr_city": "Dhaka", "osm_id": 4432181583, "osm_type": "nodes" }, "geometry": { "type": "Point", "coordinates": [ 90.3629248, 23.8279469 ] } },
{ "type": "Feature", "properties": { "name": "Sikdar pharma(?????? ??????)", "amenity": "pharmacy", "healthcare": null, "addr_city": "Dhaka", "osm_id": 4407994808, "osm_type": "nodes" }, "geometry": { "type": "Point", "coordinates": [ 90.3646517, 23.8238239 ] } },
{ "type": "Feature", "properties": { "name": "Dentist Square(????????? ??????)", "amenity": "clinic", "healthcare": null, "addr_city": "Dhaka", "osm_id": 4432181565, "osm_type": "nodes" }, "geometry": { "type": "Point", "coordinates": [ 90.3633351, 23.8242689 ] } },
{ "type": "Feature", "properties": { "name": "Khan Pharmacy(??? ????????)", "amenity": "pharmacy", "healthcare": null, "addr_city": "Dhaka", "osm_id": 4432181713, "osm_type": "nodes" }, "geometry": { "type": "Point", "coordinates": [ 90.366451, 23.8257154 ] } },
{ "type": "Feature", "properties": { "name": "Afia Medical Hall(????? ??????? ??)", "amenity": "pharmacy", "healthcare": null, "addr_city": "Dhaka", "osm_id": 4432181516, "osm_type": "nodes" }, "geometry": { "type": "Point", "coordinates": [ 90.3615967, 23.8284542 ] } },
{ "type": "Feature", "properties": { "name": "Kansat Pharmacy", "amenity": null, "healthcare": "alternative", "addr_city": null, "osm_id": 9587894851, "osm_type": "nodes" }, "geometry": { "type": "Point", "coordinates": [ 88.5833545, 24.3713687 ] } },
{ "type": "Feature", "properties": { "name": "Bengle City Scan", "amenity": "clinic", "healthcare": "clinic", "addr_city": null, "osm_id": 9587894869, "osm_type": "nodes" }, "geometry": { "type": "Point", "coordinates": [ 88.5831657, 24.3728034 ] } },
{ "type": "Feature", "properties": { "name": "Ma Moni Medical Hall", "amenity": "pharmacy", "healthcare": null, "addr_city": "Dhaka", "osm_id": 4407994643, "osm_type": "nodes" }, "geometry": { "type": "Point", "coordinates": [ 90.3660126, 23.8281739 ] } },
{ "type": "Feature", "properties": { "name": "Al Noor Pharmacy", "amenity": null, "healthcare": "alternative", "addr_city": null, "osm_id": 9587894859, "osm_type": "nodes" }, "geometry": { "type": "Point", "coordinates": [ 88.5836033, 24.371295 ] } },
{ "type": "Feature", "properties": { "name": "Sumon Pharmacy", "amenity": "pharmacy", "healthcare": "pharmacy", "addr_city": null, "osm_id": 9602997000, "osm_type": "nodes" }, "geometry": { "type": "Point", "coordinates": [ 88.9866718, 23.3317705 ] } },
{ "type": "Feature", "properties": { "name": "Aziz Pharmacy", "amenity": "pharmacy", "healthcare": "pharmacy", "addr_city": null, "osm_id": 9602996999, "osm_type": "nodes" }, "geometry": { "type": "Point", "coordinates": [ 88.9868973, 23.3317818 ] } },
{ "type": "Feature", "properties": { "name": "Netrokona Sadar Hospital", "amenity": "hospital", "healthcare": null, "addr_city": null, "osm_id": 3558445437, "osm_type": "nodes" }, "geometry": { "type": "Point", "coordinates": [ 90.7321918, 24.8717249 ] } },
{ "type": "Feature", "properties": { "name": "Nova Diagonostic Center", "amenity": "clinic", "healthcare": null, "addr_city": null, "osm_id": 3559007773, "osm_type": "nodes" }, "geometry": { "type": "Point", "coordinates": [ 90.7304793, 24.8713032 ] } },
{ "type": "Feature", "properties": { "name": "Nabila Diagonostic Center", "amenity": "clinic", "healthcare": null, "addr_city": null, "osm_id": 3559007771, "osm_type": "nodes" }, "geometry": { "type": "Point", "coordinates": [ 90.7309338, 24.8712454 ] } },
{ "type": "Feature", "properties": { "name": "Diagonostic Center", "amenity": "clinic", "healthcare": null, "addr_city": null, "osm_id": 3558445435, "osm_type": "nodes" }, "geometry": { "type": "Point", "coordinates": [ 90.7338547, 24.8713797 ] } },
{ "type": "Feature", "properties": { "name": "Fatema Diagonostic Center", "amenity": "clinic", "healthcare": null, "addr_city": null, "osm_id": 3559115596, "osm_type": "nodes" }, "geometry": { "type": "Point", "coordinates": [ 90.7318495, 24.8708431 ] } },
{ "type": "Feature", "properties": { "name": "Al Raji Diagonostic center", "amenity": "clinic", "healthcare": null, "addr_city": null, "osm_id": 3559112805, "osm_type": "nodes" }, "geometry": { "type": "Point", "coordinates": [ 90.7318334, 24.8710003 ] } },
{ "type": "Feature", "properties": { "name": null, "amenity": "hospital", "healthcare": "hospital", "addr_city": null, "osm_id": 5623591578, "osm_type": "nodes" }, "geometry": { "type": "Point", "coordinates": [ 88.9660172, 22.7932966 ] } },
{ "type": "Feature", "properties": { "name": "Khairun Medical Hall", "amenity": "pharmacy", "healthcare": "alternative", "addr_city": null, "osm_id": 9576105480, "osm_type": "nodes" }, "geometry": { "type": "Point", "coordinates": [ 89.0653681, 22.7264119 ] } },
{ "type": "Feature", "properties": { "name": "S R pharmacy", "amenity": "pharmacy", "healthcare": "alternative", "addr_city": null, "osm_id": 9578950500, "osm_type": "nodes" }, "geometry": { "type": "Point", "coordinates": [ 89.0673485, 22.7271527 ] } },
{ "type": "Feature", "properties": { "name": "Rabiya Pharmacy", "amenity": "pharmacy", "healthcare": "alternative", "addr_city": null, "osm_id": 9576134378, "osm_type": "nodes" }, "geometry": { "type": "Point", "coordinates": [ 89.0365696, 22.8608992 ] } },
{ "type": "Feature", "properties": { "name": "Ideal Pharmacy", "amenity": "pharmacy", "healthcare": "alternative", "addr_city": null, "osm_id": 9576134388, "osm_type": "nodes" }, "geometry": { "type": "Point", "coordinates": [ 89.0402612, 22.8598158 ] } },
{ "type": "Feature", "properties": { "name": "Bonda Ghata Community Clinic", "amenity": "clinic", "healthcare": null, "addr_city": null, "osm_id": 6039685706, "osm_type": "nodes" }, "geometry": { "type": "Point", "coordinates": [ 89.7873384, 22.3749899 ] } },
{ "type": "Feature", "properties": { "name": "Bhi Bhi Pharmacy, Pharmacy", "amenity": "pharmacy", "healthcare": "pharmacy", "addr_city": null, "osm_id": 12623078769, "osm_type": "nodes" }, "geometry": { "type": "Point", "coordinates": [ 89.8727826, 24.4642483 ] } },
{ "type": "Feature", "properties": { "name": "Health Narinda, Hospital", "amenity": "hospital", "healthcare": "hospital", "addr_city": null, "osm_id": 12623117329, "osm_type": "nodes" }, "geometry": { "type": "Point", "coordinates": [ 89.9116373, 24.4065424 ] } },
{ "type": "Feature", "properties": { "name": "Junayet Medicine Kanar, Pharmacy", "amenity": "pharmacy", "healthcare": "pharmacy", "addr_city": null, "osm_id": 12620408045, "osm_type": "nodes" }, "geometry": { "type": "Point", "coordinates": [ 89.8847694, 24.4386951 ] } },
{ "type": "Feature", "properties": { "name": "Old Hospital, Hospital", "amenity": "hospital", "healthcare": "hospital", "addr_city": null, "osm_id": 12617995852, "osm_type": "nodes" }, "geometry": { "type": "Point", "coordinates": [ 89.8602197, 24.3747764 ] } },
{ "type": "Feature", "properties": { "name": "Satota Model Pharmacy", "amenity": "pharmacy", "healthcare": "pharmacy", "addr_city": null, "osm_id": 12615578593, "osm_type": "nodes" }, "geometry": { "type": "Point", "coordinates": [ 89.866418, 24.3793426 ] } },
{ "type": "Feature", "properties": { "name": "jakir medicine corner(????? ??????? ??????)", "amenity": "pharmacy", "healthcare": null, "addr_city": "Dhaka", "osm_id": 4432181831, "osm_type": "nodes" }, "geometry": { "type": "Point", "coordinates": [ 90.3639577, 23.8245141 ] } },
{ "type": "Feature", "properties": { "name": "Nurul Amin Eye Hospital, Hospital", "amenity": "hospital", "healthcare": "hospital", "addr_city": null, "osm_id": 12185963943, "osm_type": "nodes" }, "geometry": { "type": "Point", "coordinates": [ 90.3859294, 24.4091409 ] } },
{ "type": "Feature", "properties": { "name": "Habib Medical Hall, Pharmacy", "amenity": "pharmacy", "healthcare": "pharmacy", "addr_city": null, "osm_id": 12698215869, "osm_type": "nodes" }, "geometry": { "type": "Point", "coordinates": [ 89.9650879, 24.9709528 ] } },
{ "type": "Feature", "properties": { "name": "Takiya Pharmacy", "amenity": "pharmacy", "healthcare": null, "addr_city": null, "osm_id": 6883095799, "osm_type": "nodes" }, "geometry": { "type": "Point", "coordinates": [ 91.0196531, 24.7176757 ] } },
{ "type": "Feature", "properties": { "name": "Popular Medicine Corner (?????? ??????? ??????)", "amenity": "hospital", "healthcare": "hospital", "addr_city": "Dhaka", "osm_id": 4407994680, "osm_type": "nodes" }, "geometry": { "type": "Point", "coordinates": [ 90.3662785, 23.8268842 ] } },
{ "type": "Feature", "properties": { "name": "Debiganj Upazila Health Complex", "amenity": "hospital", "healthcare": null, "addr_city": null, "osm_id": 2381392623, "osm_type": "nodes" }, "geometry": { "type": "Point", "coordinates": [ 88.7560236, 26.1162244 ] } },
{ "type": "Feature", "properties": { "name": "Uttar Chor Sajai Mandalpara Community Clinic ( ????? ?? ????? ?????????? ???????? ??????? )", "amenity": "clinic", "healthcare": null, "addr_city": null, "osm_id": 5647805559, "osm_type": "nodes" }, "geometry": { "type": "Point", "coordinates": [ 89.7702366, 25.5091331 ] } },
{ "type": "Feature", "properties": { "name": "Momo Medical Hall, Pharmacy", "amenity": "pharmacy", "healthcare": "pharmacy", "addr_city": null, "osm_id": 12172189313, "osm_type": "nodes" }, "geometry": { "type": "Point", "coordinates": [ 90.3879193, 24.4117603 ] } },
{ "type": "Feature", "properties": { "name": "Nirod Medical Hall", "amenity": "pharmacy", "healthcare": "pharmacy", "addr_city": null, "osm_id": 12112170067, "osm_type": "nodes" }, "geometry": { "type": "Point", "coordinates": [ 90.3927387, 23.9229921 ] } },
{ "type": "Feature", "properties": { "name": "Tairunnessa Memorial Medical College And Hospital", "amenity": "hospital", "healthcare": "hospital", "addr_city": null, "osm_id": 12112199670, "osm_type": "nodes" }, "geometry": { "type": "Point", "coordinates": [ 90.3889222, 23.930253 ] } },
{ "type": "Feature", "properties": { "name": "Dhamrai Upazilla Health Complex", "amenity": "hospital", "healthcare": "hospital", "addr_city": null, "osm_id": 2332686513, "osm_type": "nodes" }, "geometry": { "type": "Point", "coordinates": [ 90.227525, 23.9137071 ] } },
{ "type": "Feature", "properties": { "name": "Belabo Upazila Health Complex", "amenity": "hospital", "healthcare": "hospital", "addr_city": null, "osm_id": 9692137611, "osm_type": "nodes" }, "geometry": { "type": "Point", "coordinates": [ 90.851371, 24.1070293 ] } },
{ "type": "Feature", "properties": { "name": "Check Up Diagnostics And Hospital", "amenity": "hospital", "healthcare": "hospital", "addr_city": null, "osm_id": 11993656715, "osm_type": "nodes" }, "geometry": { "type": "Point", "coordinates": [ 88.6420204, 25.6287641 ] } },
{ "type": "Feature", "properties": { "name": "Maa Diagnostic And Hospital, Bazar Road, Gopalpur, Natore", "amenity": "hospital", "healthcare": "hospital", "addr_city": null, "osm_id": 10925903469, "osm_type": "nodes" }, "geometry": { "type": "Point", "coordinates": [ 89.0037904, 24.205856 ] } },
{ "type": "Feature", "properties": { "name": "Cosmos General Hospital, Bazar Road, Gopalpur, Natore", "amenity": "hospital", "healthcare": "hospital", "addr_city": null, "osm_id": 10925908236, "osm_type": "nodes" }, "geometry": { "type": "Point", "coordinates": [ 89.0031744, 24.2054351 ] } },
{ "type": "Feature", "properties": { "name": "Medicare Diagnostic center", "amenity": "clinic", "healthcare": "clinic", "addr_city": null, "osm_id": 10925924192, "osm_type": "nodes" }, "geometry": { "type": "Point", "coordinates": [ 89.002501, 24.2048062 ] } },
{ "type": "Feature", "properties": { "name": "Mukter General Hospital, Bazar Road, Gopalpur, Natore", "amenity": "hospital", "healthcare": "hospital", "addr_city": null, "osm_id": 10925970718, "osm_type": "nodes" }, "geometry": { "type": "Point", "coordinates": [ 89.0023401, 24.2046888 ] } },
{ "type": "Feature", "properties": { "name": "???????? ??????? ???? ? ????????", "amenity": "hospital", "healthcare": "hospital", "addr_city": null, "osm_id": 12541281035, "osm_type": "nodes" }, "geometry": { "type": "Point", "coordinates": [ 91.2052388, 23.4556454 ] } },
{ "type": "Feature", "properties": { "name": "Gangarampur", "amenity": null, "healthcare": "alternative", "addr_city": null, "osm_id": 6139817579, "osm_type": "nodes" }, "geometry": { "type": "Point", "coordinates": [ 89.485359, 22.6971791 ] } },
{ "type": "Feature", "properties": { "name": "Hospital Main Gate,Rajshahi", "amenity": "hospital", "healthcare": "hospital", "addr_city": null, "osm_id": 10578771311, "osm_type": "nodes" }, "geometry": { "type": "Point", "coordinates": [ 88.5860103, 24.3708293 ] } },
{ "type": "Feature", "properties": { "name": "Nargis-Nasrin-Delowara Future Hospital", "amenity": "hospital", "healthcare": "hospital", "addr_city": null, "osm_id": 10305045054, "osm_type": "nodes" }, "geometry": { "type": "Point", "coordinates": [ 91.1453606, 23.4508699 ] } },
{ "type": "Feature", "properties": { "name": "Oral Dental Care(???? ??????? ?????)", "amenity": "clinic", "healthcare": "clinic", "addr_city": "Dhaka", "osm_id": 4407994673, "osm_type": "nodes" }, "geometry": { "type": "Point", "coordinates": [ 90.3680954, 23.8282386 ] } },
{ "type": "Feature", "properties": { "name": "Suhail Pharmacy(?????? ????????)", "amenity": "pharmacy", "healthcare": "pharmacy", "addr_city": "Dhaka", "osm_id": 4407994813, "osm_type": "nodes" }, "geometry": { "type": "Point", "coordinates": [ 90.3680618, 23.8283771 ] } },
{ "type": "Feature", "properties": { "name": "Tahmina Dental Surgery", "amenity": "dentist", "healthcare": "dentist", "addr_city": "Dhaka", "osm_id": 4407994817, "osm_type": "nodes" }, "geometry": { "type": "Point", "coordinates": [ 90.366729, 23.8269845 ] } },
{ "type": "Feature", "properties": { "name": "Al-madina Pharmacy(??-????? ????????)", "amenity": "pharmacy", "healthcare": "pharmacy", "addr_city": "Dhaka", "osm_id": 4432181523, "osm_type": "nodes" }, "geometry": { "type": "Point", "coordinates": [ 90.3699375, 23.8265947 ] } },
{ "type": "Feature", "properties": { "name": "Alhamdulillah Drug House(?????????????? ????? ????)", "amenity": "pharmacy", "healthcare": "pharmacy", "addr_city": "Dhaka", "osm_id": 4432181524, "osm_type": "nodes" }, "geometry": { "type": "Point", "coordinates": [ 90.3694551, 23.8264808 ] } },
{ "type": "Feature", "properties": { "name": "Brac Maternity Centre(??????? ?????????? ???????)", "amenity": "hospital", "healthcare": "hospital", "addr_city": "Dhaka", "osm_id": 4432181553, "osm_type": "nodes" }, "geometry": { "type": "Point", "coordinates": [ 90.3700976, 23.8277311 ] } },
{ "type": "Feature", "properties": { "name": "Khan Dental Care", "amenity": "dentist", "healthcare": "dentist", "addr_city": "Dhaka", "osm_id": 4432181712, "osm_type": "nodes" }, "geometry": { "type": "Point", "coordinates": [ 90.3695149, 23.82652 ] } },
{ "type": "Feature", "properties": { "name": "Lamiya Drug hlHouse(?????? ????? ????)", "amenity": "pharmacy", "healthcare": "pharmacy", "addr_city": "Dhaka", "osm_id": 4432181718, "osm_type": "nodes" }, "geometry": { "type": "Point", "coordinates": [ 90.3703466, 23.8265917 ] } },
{ "type": "Feature", "properties": { "name": "Mukta Pharmacy(?????? ????????)", "amenity": "pharmacy", "healthcare": "pharmacy", "addr_city": "Dhaka", "osm_id": 4432181746, "osm_type": "nodes" }, "geometry": { "type": "Point", "coordinates": [ 90.3704713, 23.8266442 ] } },
{ "type": "Feature", "properties": { "name": "Regent Hospital Ltd(??????? ??????? ???????)", "amenity": "hospital", "healthcare": "hospital", "addr_city": "Dhaka", "osm_id": 4432181774, "osm_type": "nodes" }, "geometry": { "type": "Point", "coordinates": [ 90.3638623, 23.8277468 ] } },
{ "type": "Feature", "properties": { "name": "Monoara Dental Care(?????? ??????? ?????)", "amenity": "clinic", "healthcare": "clinic", "addr_city": "Dhaka", "osm_id": 4407994660, "osm_type": "nodes" }, "geometry": { "type": "Point", "coordinates": [ 90.3679193, 23.8285519 ] } },
{ "type": "Feature", "properties": { "name": "Al Amin Medicine Corner(?? ???? ??????? ??????)", "amenity": "pharmacy", "healthcare": "pharmacy", "addr_city": "Dhaka", "osm_id": 4407990962, "osm_type": "nodes" }, "geometry": { "type": "Point", "coordinates": [ 90.3684116, 23.8268838 ] } },
{ "type": "Feature", "properties": { "name": "Biswas Pharma(??????? ??????)", "amenity": "pharmacy", "healthcare": "pharmacy", "addr_city": "Dhaka", "osm_id": 4407990986, "osm_type": "nodes" }, "geometry": { "type": "Point", "coordinates": [ 90.3688029, 23.8234323 ] } },
{ "type": "Feature", "properties": { "name": "Monir Drug House(???? ????? ????)", "amenity": "pharmacy", "healthcare": "pharmacy", "addr_city": "Dhaka", "osm_id": 4432181742, "osm_type": "nodes" }, "geometry": { "type": "Point", "coordinates": [ 90.3617659, 23.8278816 ] } },
{ "type": "Feature", "properties": { "name": "Udoy Pharmacy(??? ????????)", "amenity": "pharmacy", "healthcare": "pharmacy", "addr_city": "Dhaka", "osm_id": 4432181810, "osm_type": "nodes" }, "geometry": { "type": "Point", "coordinates": [ 90.3629555, 23.8279105 ] } },
{ "type": "Feature", "properties": { "name": "pharma plus(?????? ?????)", "amenity": "pharmacy", "healthcare": "pharmacy", "addr_city": "Dhaka", "osm_id": 4432181843, "osm_type": "nodes" }, "geometry": { "type": "Point", "coordinates": [ 90.3687254, 23.8251698 ] } },
{ "type": "Feature", "properties": { "name": "Al Mokka Pharmacy(?? ????? ????????)", "amenity": "pharmacy", "healthcare": "pharmacy", "addr_city": "Dhaka", "osm_id": 4407990965, "osm_type": "nodes" }, "geometry": { "type": "Point", "coordinates": [ 90.3679825, 23.8280066 ] } },
{ "type": "Feature", "properties": { "name": "Asad Medicall Hall(???? ??????? ??)", "amenity": "pharmacy", "healthcare": "pharmacy", "addr_city": "Dhaka", "osm_id": 4407990977, "osm_type": "nodes" }, "geometry": { "type": "Point", "coordinates": [ 90.3696981, 23.8280958 ] } },
{ "type": "Feature", "properties": { "name": "Brothers Pharmacy(????????? ????????)", "amenity": "pharmacy", "healthcare": "pharmacy", "addr_city": "Dhaka", "osm_id": 4407994589, "osm_type": "nodes" }, "geometry": { "type": "Point", "coordinates": [ 90.3678834, 23.8281186 ] } },
{ "type": "Feature", "properties": { "name": "Farjana Pharmacy and Business Point(??????? ???????? ???? ?????? ??????)", "amenity": "pharmacy", "healthcare": "pharmacy", "addr_city": "Dhaka", "osm_id": 4407994607, "osm_type": "nodes" }, "geometry": { "type": "Point", "coordinates": [ 90.3695759, 23.8284472 ] } },
{ "type": "Feature", "properties": { "name": "Green Pharmacy(????? ????????)", "amenity": "pharmacy", "healthcare": "pharmacy", "addr_city": "Dhaka", "osm_id": 4407994615, "osm_type": "nodes" }, "geometry": { "type": "Point", "coordinates": [ 90.3681123, 23.8282079 ] } },
{ "type": "Feature", "properties": { "name": "Halima Medicine Korner(?????? ??????? ??????)", "amenity": "pharmacy", "healthcare": "pharmacy", "addr_city": "Dhaka", "osm_id": 4407994616, "osm_type": "nodes" }, "geometry": { "type": "Point", "coordinates": [ 90.368045, 23.8285617 ] } },
{ "type": "Feature", "properties": { "name": "Ma Homeo Hall(?? ????? ??)", "amenity": "pharmacy", "healthcare": "pharmacy", "addr_city": "Dhaka", "osm_id": 4407994642, "osm_type": "nodes" }, "geometry": { "type": "Point", "coordinates": [ 90.3679363, 23.8281186 ] } },
{ "type": "Feature", "properties": { "name": null, "amenity": "hospital", "healthcare": "hospital", "addr_city": null, "osm_id": 4532130990, "osm_type": "nodes" }, "geometry": { "type": "Point", "coordinates": [ 90.3680317, 23.8276494 ] } },
{ "type": "Feature", "properties": { "name": "Niramay Pharmacy, Pharmacy", "amenity": "pharmacy", "healthcare": "pharmacy", "addr_city": null, "osm_id": 12762144681, "osm_type": "nodes" }, "geometry": { "type": "Point", "coordinates": [ 90.0216183, 25.0069262 ] } },
{ "type": "Feature", "properties": { "name": "Genome Medical College and Hospital Ltd., Hospital", "amenity": "hospital", "healthcare": "hospital", "addr_city": null, "osm_id": 12762184768, "osm_type": "nodes" }, "geometry": { "type": "Point", "coordinates": [ 90.0331633, 24.9920815 ] } },
{ "type": "Feature", "properties": { "name": "Seba Medical Centre, Hospital", "amenity": "hospital", "healthcare": "hospital", "addr_city": null, "osm_id": 12518179662, "osm_type": "nodes" }, "geometry": { "type": "Point", "coordinates": [ 90.226829, 23.9132302 ] } },
{ "type": "Feature", "properties": { "name": "Jannat Homeo Hall", "amenity": null, "healthcare": "yes", "addr_city": "Dhaka", "osm_id": 4407994630, "osm_type": "nodes" }, "geometry": { "type": "Point", "coordinates": [ 90.3647213, 23.8278947 ] } },
{ "type": "Feature", "properties": { "name": "Dr. Peer Ali Bari, Public medical center", "amenity": "pharmacy", "healthcare": "pharmacy", "addr_city": null, "osm_id": 12794493887, "osm_type": "nodes" }, "geometry": { "type": "Point", "coordinates": [ 90.167221, 25.0402444 ] } },
{ "type": "Feature", "properties": { "name": "Kakoli Pharmacy", "amenity": "pharmacy", "healthcare": "pharmacy", "addr_city": null, "osm_id": 5233004566, "osm_type": "nodes" }, "geometry": { "type": "Point", "coordinates": [ 91.1682669, 23.4665696 ] } },
{ "type": "Feature", "properties": { "name": "Old Hospital, Hospital", "amenity": "hospital", "healthcare": "hospital", "addr_city": null, "osm_id": 12409290987, "osm_type": "nodes" }, "geometry": { "type": "Point", "coordinates": [ 89.9947333, 24.3966452 ] } },
{ "type": "Feature", "properties": { "name": "Sotorupa Pharmacy", "amenity": "pharmacy", "healthcare": "pharmacy", "addr_city": null, "osm_id": 12404523488, "osm_type": "nodes" }, "geometry": { "type": "Point", "coordinates": [ 89.9935084, 24.3954204 ] } },
{ "type": "Feature", "properties": { "name": "Elenga Family Care Diagnostic Centre, Hospital", "amenity": "hospital", "healthcare": "hospital", "addr_city": null, "osm_id": 12397599889, "osm_type": "nodes" }, "geometry": { "type": "Point", "coordinates": [ 89.9247483, 24.3356258 ] } },
{ "type": "Feature", "properties": { "name": "Elenga Clinic And Nursing Home, Hospital", "amenity": "hospital", "healthcare": "hospital", "addr_city": null, "osm_id": 12393557433, "osm_type": "nodes" }, "geometry": { "type": "Point", "coordinates": [ 89.9253127, 24.335435 ] } },
{ "type": "Feature", "properties": { "name": "Harun Medical Hall, Pharmacy", "amenity": "pharmacy", "healthcare": "pharmacy", "addr_city": null, "osm_id": 12387953235, "osm_type": "nodes" }, "geometry": { "type": "Point", "coordinates": [ 90.017809, 24.17349 ] } },
{ "type": "Feature", "properties": { "name": "Taj Hospital and Diagnostic Center, Private hospital", "amenity": "hospital", "healthcare": "hospital", "addr_city": null, "osm_id": 12376078265, "osm_type": "nodes" }, "geometry": { "type": "Point", "coordinates": [ 90.02024, 24.1468954 ] } },
{ "type": "Feature", "properties": { "name": "Podma Sarjical & Clinic", "amenity": "pharmacy", "healthcare": null, "addr_city": null, "osm_id": 10128243928, "osm_type": "nodes" }, "geometry": { "type": "Point", "coordinates": [ 89.3962378, 23.0289392 ] } },
{ "type": "Feature", "properties": { "name": "Srabon Medical Hall", "amenity": "pharmacy", "healthcare": null, "addr_city": null, "osm_id": 10128217256, "osm_type": "nodes" }, "geometry": { "type": "Point", "coordinates": [ 89.3960066, 23.0282746 ] } },
{ "type": "Feature", "properties": { "name": "Bismillah Pharmacy", "amenity": "pharmacy", "healthcare": null, "addr_city": null, "osm_id": 10128181668, "osm_type": "nodes" }, "geometry": { "type": "Point", "coordinates": [ 89.3960991, 23.0282788 ] } },
{ "type": "Feature", "properties": { "name": "Medico Sarjical", "amenity": "pharmacy", "healthcare": null, "addr_city": null, "osm_id": 10128247370, "osm_type": "nodes" }, "geometry": { "type": "Point", "coordinates": [ 89.3959689, 23.0282003 ] } },
{ "type": "Feature", "properties": { "name": "Ash Shifa Pharmacy(?? ???? ????????)", "amenity": "pharmacy", "healthcare": "pharmacy", "addr_city": "Dhaka", "osm_id": 4407990978, "osm_type": "nodes" }, "geometry": { "type": "Point", "coordinates": [ 90.3681542, 23.8267202 ] } },
{ "type": "Feature", "properties": { "name": "Haque Dental Care", "amenity": "dentist", "healthcare": "dentist", "addr_city": "Dhaka", "osm_id": 4432181690, "osm_type": "nodes" }, "geometry": { "type": "Point", "coordinates": [ 90.3684739, 23.8263953 ] } },
{ "type": "Feature", "properties": { "name": "Reza Medical Hall(???? ??????? ??)", "amenity": "pharmacy", "healthcare": "pharmacy", "addr_city": "Dhaka", "osm_id": 4432181776, "osm_type": "nodes" }, "geometry": { "type": "Point", "coordinates": [ 90.3684747, 23.8263506 ] } },
{ "type": "Feature", "properties": { "name": "Khadija pharmacy(?????? ????????)", "amenity": "pharmacy", "healthcare": "pharmacy", "addr_city": "Dhaka", "osm_id": 4432181710, "osm_type": "nodes" }, "geometry": { "type": "Point", "coordinates": [ 90.3688772, 23.826628 ] } },
{ "type": "Feature", "properties": { "name": "Rokeya Pharmacy(?????? ????????)", "amenity": "pharmacy", "healthcare": null, "addr_city": "Dhaka", "osm_id": 4432181777, "osm_type": "nodes" }, "geometry": { "type": "Point", "coordinates": [ 90.3630976, 23.8278923 ] } },
{ "type": "Feature", "properties": { "name": "Upazilla Livestock Office & Veterinary Hospital", "amenity": "hospital", "healthcare": "hospital", "addr_city": null, "osm_id": 11971880749, "osm_type": "nodes" }, "geometry": { "type": "Point", "coordinates": [ 88.6548921, 25.8569424 ] } },
{ "type": "Feature", "properties": { "name": "Providing Ayurvedic treatment, Pharmacy", "amenity": "pharmacy", "healthcare": "pharmacy", "addr_city": null, "osm_id": 11971903228, "osm_type": "nodes" }, "geometry": { "type": "Point", "coordinates": [ 88.6560717, 25.8533287 ] } },
{ "type": "Feature", "properties": { "name": "Birganj Diabetes and Foot Care Center, Hospital", "amenity": "hospital", "healthcare": "hospital", "addr_city": null, "osm_id": 11971900052, "osm_type": "nodes" }, "geometry": { "type": "Point", "coordinates": [ 88.6558961, 25.8479673 ] } },
{ "type": "Feature", "properties": { "name": "Birganj Upazila Health Complex,", "amenity": null, "healthcare": "yes", "addr_city": null, "osm_id": 11966270268, "osm_type": "nodes" }, "geometry": { "type": "Point", "coordinates": [ 88.6359574, 25.8802075 ] } },
{ "type": "Feature", "properties": { "name": "Khadija Foundation Primary Health Care Center", "amenity": null, "healthcare": "yes", "addr_city": null, "osm_id": 11966300969, "osm_type": "nodes" }, "geometry": { "type": "Point", "coordinates": [ 88.6438673, 25.8694577 ] } },
{ "type": "Feature", "properties": { "name": "Kanaighat Upazila Health Complex", "amenity": "hospital", "healthcare": "hospital", "addr_city": null, "osm_id": 2332856901, "osm_type": "nodes" }, "geometry": { "type": "Point", "coordinates": [ 92.2558595, 25.0120631 ] } },
{ "type": "Feature", "properties": { "name": "Bhuapur Upazilla Health Complex", "amenity": "hospital", "healthcare": "hospital", "addr_city": null, "osm_id": 2332680744, "osm_type": "nodes" }, "geometry": { "type": "Point", "coordinates": [ 89.8747048, 24.4630502 ] } },
{ "type": "Feature", "properties": { "name": "Oishi", "amenity": "pharmacy", "healthcare": null, "addr_city": null, "osm_id": 11986151909, "osm_type": "nodes" }, "geometry": { "type": "Point", "coordinates": [ 88.6374539, 25.6348221 ] } },
{ "type": "Feature", "properties": { "name": "Sharif Pharmacy", "amenity": "pharmacy", "healthcare": null, "addr_city": null, "osm_id": 11986143158, "osm_type": "nodes" }, "geometry": { "type": "Point", "coordinates": [ 88.6366546, 25.634775 ] } },
{ "type": "Feature", "properties": { "name": "Payra e-Pharma", "amenity": "pharmacy", "healthcare": null, "addr_city": null, "osm_id": 11986167870, "osm_type": "nodes" }, "geometry": { "type": "Point", "coordinates": [ 88.6374767, 25.634885 ] } },
{ "type": "Feature", "properties": { "name": "Hasna Clinic", "amenity": "clinic", "healthcare": null, "addr_city": null, "osm_id": 11986085688, "osm_type": "nodes" }, "geometry": { "type": "Point", "coordinates": [ 88.6251935, 25.6294639 ] } },
{ "type": "Feature", "properties": { "name": "Afia Medicine Corner(????? ??????? ??????)", "amenity": "pharmacy", "healthcare": null, "addr_city": "Dhaka", "osm_id": 4432181517, "osm_type": "nodes" }, "geometry": { "type": "Point", "coordinates": [ 90.3658412, 23.8289002 ] } },
{ "type": "Feature", "properties": { "name": "Zakiganj Upazila Health Complex", "amenity": "hospital", "healthcare": "hospital", "addr_city": "Sylhet", "osm_id": 2332872340, "osm_type": "nodes" }, "geometry": { "type": "Point", "coordinates": [ 92.3642292, 24.8842777 ] } },
{ "type": "Feature", "properties": { "name": "Narail General Hospital", "amenity": "hospital", "healthcare": null, "addr_city": null, "osm_id": 2343411551, "osm_type": "nodes" }, "geometry": { "type": "Point", "coordinates": [ 89.499297, 23.1721885 ] } },
{ "type": "Feature", "properties": { "name": "Akhaura Upazila Health Complex", "amenity": "hospital", "healthcare": null, "addr_city": null, "osm_id": 2333164527, "osm_type": "nodes" }, "geometry": { "type": "Point", "coordinates": [ 91.203273, 23.8645379 ] } },
{ "type": "Feature", "properties": { "name": "Burichang Upazila Health Complex", "amenity": "hospital", "healthcare": null, "addr_city": null, "osm_id": 2333164531, "osm_type": "nodes" }, "geometry": { "type": "Point", "coordinates": [ 91.1271728, 23.5572321 ] } },
{ "type": "Feature", "properties": { "name": "Kalaroa Upazila Health Complex", "amenity": "hospital", "healthcare": null, "addr_city": null, "osm_id": 2343395400, "osm_type": "nodes" }, "geometry": { "type": "Point", "coordinates": [ 89.0359397, 22.8605568 ] } },
{ "type": "Feature", "properties": { "name": "Dumuria Upazila Health Complex", "amenity": "hospital", "healthcare": null, "addr_city": null, "osm_id": 2343395385, "osm_type": "nodes" }, "geometry": { "type": "Point", "coordinates": [ 89.4105622, 22.8099927 ] } },
{ "type": "Feature", "properties": { "name": "Alif Drug House(???? ????? ????)", "amenity": "pharmacy", "healthcare": null, "addr_city": "Dhaka", "osm_id": 4432181525, "osm_type": "nodes" }, "geometry": { "type": "Point", "coordinates": [ 90.3627518, 23.8264252 ] } }
]
}
