{
"type": "FeatureCollection",
"name": "schools",
"crs": { "type": "name", "properties": { "name": "urn:ogc:def:crs:OGC:1.3:CRS84" } },
"features": [
{ "type": "Feature", "properties": { "name": "Behularchar Govt Primary School", "amenity": "school", "addr_city": null, "osm_id": 5643510704, "osm_type": "nodes" }, "geometry": { "type": "Point", "coordinates": [ 89.8701113, 25.5748369 ] } },
{ "type": "Feature", "properties": { "name": "Behularchar Govt Primary School", "amenity": "school", "addr_city": null, "osm_id": 5643510704, "osm_type": "nodes" }, "geometry": { "type": "Point", "coordinates": [ 89.8701113, 25.5748369 ] } },
{ "type": "Feature", "properties": { "name": "JIBANJUTI NAGAR JUNIOR SCHOOL", "amenity": "school", "addr_city": null, "osm_id": 9697264890, "osm_type": "nodes" }, "geometry": { "type": "Point", "coordinates": [ 92.1415932, 24.5157289 ] } },
{ "type": "Feature", "properties": { "name": "JIBANJUTI NAGAR JUNIOR SCHOOL", "amenity": "school", "addr_city": null, "osm_id": 9697264890, "osm_type": "nodes" }, "geometry": { "type": "Point", "coordinates": [ 92.1415932, 24.5157289 ] } },
{ "type": "Feature", "properties": { "name": "FULTALA BASHIRULLAH HIGH SCHOOL", "amenity": "school", "addr_city": null, "osm_id": 9697264887, "osm_type": "nodes" }, "geometry": { "type": "Point", "coordinates": [ 92.1482128, 24.4593694 ] } },
{ "type": "Feature", "properties": { "name": "FULTALA BASHIRULLAH HIGH SCHOOL", "amenity": "school", "addr_city": null, "osm_id": 9697264887, "osm_type": "nodes" }, "geometry": { "type": "Point", "coordinates": [ 92.1482128, 24.4593694 ] } },
{ "type": "Feature", "properties": { "name": "South Kaichuti Moinul Ulum Madrasah", "amenity": "school", "addr_city": null, "osm_id": 10241391806, "osm_type": "nodes" }, "geometry": { "type": "Point", "coordinates": [ 91.3639658, 23.0771638 ] } },
{ "type": "Feature", "properties": { "name": "South Kaichuti Moinul Ulum Madrasah", "amenity": "school", "addr_city": null, "osm_id": 10241391806, "osm_type": "nodes" }, "geometry": { "type": "Point", "coordinates": [ 91.3639658, 23.0771638 ] } },
{ "type": "Feature", "properties": { "name": "Chakai Adivasi Govt. Primary School", "amenity": "school", "addr_city": null, "osm_id": 11966283669, "osm_type": "nodes" }, "geometry": { "type": "Point", "coordinates": [ 88.635953, 25.8795023 ] } },
{ "type": "Feature", "properties": { "name": "ROWMARI HIGH SCHOOL", "amenity": "school", "addr_city": null, "osm_id": 9697874509, "osm_type": "nodes" }, "geometry": { "type": "Point", "coordinates": [ 89.8385169, 25.581442 ] } },
{ "type": "Feature", "properties": { "name": "ROWMARI  GIRLS HIGH SCHOOL", "amenity": "school", "addr_city": null, "osm_id": 9697874510, "osm_type": "nodes" }, "geometry": { "type": "Point", "coordinates": [ 89.8324092, 25.5785852 ] } },
{ "type": "Feature", "properties": { "name": "Thanapara Hafizia Madrasha Datiyar Char", "amenity": "school", "addr_city": null, "osm_id": 6280540545, "osm_type": "nodes" }, "geometry": { "type": "Point", "coordinates": [ 89.7690645, 25.5185918 ] } },
{ "type": "Feature", "properties": { "name": "Taligoan Gov. Primary School", "amenity": "school", "addr_city": null, "osm_id": 6124430699, "osm_type": "nodes" }, "geometry": { "type": "Point", "coordinates": [ 91.1408749, 25.1713794 ] } },
{ "type": "Feature", "properties": { "name": "Nalar Bondo Gov Primary School", "amenity": "school", "addr_city": null, "osm_id": 5790093577, "osm_type": "nodes" }, "geometry": { "type": "Point", "coordinates": [ 91.1695196, 25.1695879 ] } },
{ "type": "Feature", "properties": { "name": "Kukur Kandi Alia Madrasha", "amenity": "school", "addr_city": null, "osm_id": 5790001168, "osm_type": "nodes" }, "geometry": { "type": "Point", "coordinates": [ 91.1950502, 25.1357033 ] } },
{ "type": "Feature", "properties": { "name": "Borodol High School", "amenity": "school", "addr_city": null, "osm_id": 5790001165, "osm_type": "nodes" }, "geometry": { "type": "Point", "coordinates": [ 91.192773, 25.1378133 ] } },
{ "type": "Feature", "properties": { "name": "Kukur Kandi Bodor Pur Gov primary School", "amenity": "school", "addr_city": null, "osm_id": 5790001166, "osm_type": "nodes" }, "geometry": { "type": "Point", "coordinates": [ 91.195069, 25.1383791 ] } },
{ "type": "Feature", "properties": { "name": "Balijuri Govt Primary School", "amenity": "school", "addr_city": null, "osm_id": 5888196010, "osm_type": "nodes" }, "geometry": { "type": "Point", "coordinates": [ 91.2490296, 25.1083852 ] } },
{ "type": "Feature", "properties": { "name": "Hazi Alahi Box High School", "amenity": "school", "addr_city": null, "osm_id": 5888196011, "osm_type": "nodes" }, "geometry": { "type": "Point", "coordinates": [ 91.2492912, 25.1082091 ] } },
{ "type": "Feature", "properties": { "name": "Jamila Gani High School, High school", "amenity": "school", "addr_city": null, "osm_id": 12744506453, "osm_type": "nodes" }, "geometry": { "type": "Point", "coordinates": [ 90.0701063, 25.1156263 ] } },
{ "type": "Feature", "properties": { "name": "Taka Tukeya Primary School", "amenity": "school", "addr_city": null, "osm_id": 5790001040, "osm_type": "nodes" }, "geometry": { "type": "Point", "coordinates": [ 91.1972845, 25.1079699 ] } },
{ "type": "Feature", "properties": { "name": "Zeti Roulpur Primary School", "amenity": "school", "addr_city": null, "osm_id": 5790001037, "osm_type": "nodes" }, "geometry": { "type": "Point", "coordinates": [ 91.2003891, 25.1083561 ] } },
{ "type": "Feature", "properties": { "name": "Joinal Abidin Collage", "amenity": "college", "addr_city": null, "osm_id": 5790001172, "osm_type": "nodes" }, "geometry": { "type": "Point", "coordinates": [ 91.1943044, 25.1095437 ] } },
{ "type": "Feature", "properties": { "name": "Balijuri Hossainia Anawarul Ulum Senior Madrasha", "amenity": "school", "addr_city": null, "osm_id": 5779675556, "osm_type": "nodes" }, "geometry": { "type": "Point", "coordinates": [ 91.2533104, 25.1075965 ] } },
{ "type": "Feature", "properties": { "name": "Menjargaon Govt Primary School", "amenity": "school", "addr_city": null, "osm_id": 5779675555, "osm_type": "nodes" }, "geometry": { "type": "Point", "coordinates": [ 91.2561791, 25.1078084 ] } },
{ "type": "Feature", "properties": { "name": "Noyahati Govt Primary School", "amenity": "school", "addr_city": null, "osm_id": 5779675558, "osm_type": "nodes" }, "geometry": { "type": "Point", "coordinates": [ 91.2540206, 25.1061276 ] } },
{ "type": "Feature", "properties": { "name": "Mahmud pur government primay school,West para", "amenity": "school", "addr_city": null, "osm_id": 6124526828, "osm_type": "nodes" }, "geometry": { "type": "Point", "coordinates": [ 91.0562995, 25.0986916 ] } },
{ "type": "Feature", "properties": { "name": null, "amenity": "school", "addr_city": null, "osm_id": 9697511529, "osm_type": "nodes" }, "geometry": { "type": "Point", "coordinates": [ 92.0988149, 25.0303894 ] } },
{ "type": "Feature", "properties": { "name": "Mithapur High School, Mithapur - Bhandarpur Rd, Joypurhat", "amenity": "school", "addr_city": null, "osm_id": 10685658175, "osm_type": "nodes" }, "geometry": { "type": "Point", "coordinates": [ 88.9833243, 24.9910413 ] } },
{ "type": "Feature", "properties": { "name": "Borokapan Atgram High School", "amenity": "school", "addr_city": null, "osm_id": 9707654268, "osm_type": "nodes" }, "geometry": { "type": "Point", "coordinates": [ 91.4979891, 24.9377009 ] } },
{ "type": "Feature", "properties": { "name": "Borodadpur High School ???????? ???? ????????", "amenity": "college", "addr_city": null, "osm_id": 5156422893, "osm_type": "nodes" }, "geometry": { "type": "Point", "coordinates": [ 88.4815732, 24.930088 ] } },
{ "type": "Feature", "properties": { "name": "Satgaon Jibdara High School", "amenity": "school", "addr_city": null, "osm_id": 9707654273, "osm_type": "nodes" }, "geometry": { "type": "Point", "coordinates": [ 91.3184982, 24.9314007 ] } },
{ "type": "Feature", "properties": { "name": "Rajani Gonj High School", "amenity": "school", "addr_city": null, "osm_id": 9707464036, "osm_type": "nodes" }, "geometry": { "type": "Point", "coordinates": [ 91.3992489, 24.80788 ] } },
{ "type": "Feature", "properties": { "name": "Al-Haj Abdul Wahab High School", "amenity": "school", "addr_city": null, "osm_id": 9707464037, "osm_type": "nodes" }, "geometry": { "type": "Point", "coordinates": [ 91.4314394, 24.828632 ] } },
{ "type": "Feature", "properties": { "name": "Alipur Govt. Primary School", "amenity": "school", "addr_city": null, "osm_id": 6123187954, "osm_type": "nodes" }, "geometry": { "type": "Point", "coordinates": [ 91.2477368, 24.7603644 ] } },
{ "type": "Feature", "properties": { "name": "Manikda Govt. Primary School", "amenity": "school", "addr_city": null, "osm_id": 6123187970, "osm_type": "nodes" }, "geometry": { "type": "Point", "coordinates": [ 91.2311903, 24.7542289 ] } },
{ "type": "Feature", "properties": { "name": "Kartikpur East Haty Anondo School", "amenity": "school", "addr_city": null, "osm_id": 6123187955, "osm_type": "nodes" }, "geometry": { "type": "Point", "coordinates": [ 91.2612283, 24.7502732 ] } },
{ "type": "Feature", "properties": { "name": "Kalampur Govt. Primary School", "amenity": "school", "addr_city": null, "osm_id": 6123187952, "osm_type": "nodes" }, "geometry": { "type": "Point", "coordinates": [ 91.2617755, 24.7575147 ] } },
{ "type": "Feature", "properties": { "name": "Chikadubi mahila madrasa", "amenity": "school", "addr_city": null, "osm_id": 6124500131, "osm_type": "nodes" }, "geometry": { "type": "Point", "coordinates": [ 91.2209281, 24.7449289 ] } },
{ "type": "Feature", "properties": { "name": "Seven Village Noachar Kaomi Madrasa", "amenity": "school", "addr_city": null, "osm_id": 6123187968, "osm_type": "nodes" }, "geometry": { "type": "Point", "coordinates": [ 91.2581196, 24.7459958 ] } },
{ "type": "Feature", "properties": { "name": "NoarChar Govt.Primary School.", "amenity": "school", "addr_city": null, "osm_id": 6123187967, "osm_type": "nodes" }, "geometry": { "type": "Point", "coordinates": [ 91.2578139, 24.7462077 ] } },
{ "type": "Feature", "properties": { "name": "Brojendraganj R. C. High school", "amenity": "school", "addr_city": null, "osm_id": 6125965327, "osm_type": "nodes" }, "geometry": { "type": "Point", "coordinates": [ 91.237641, 24.7362006 ] } },
{ "type": "Feature", "properties": { "name": "Gobindasree Moon Light kindergarten School", "amenity": "kindergarten", "addr_city": null, "osm_id": 6883040143, "osm_type": "nodes" }, "geometry": { "type": "Point", "coordinates": [ 91.0293065, 24.7172735 ] } },
{ "type": "Feature", "properties": { "name": "College Building", "amenity": "college", "addr_city": null, "osm_id": 6869909850, "osm_type": "nodes" }, "geometry": { "type": "Point", "coordinates": [ 90.9696937, 24.710902 ] } },
{ "type": "Feature", "properties": { "name": "Ghosgram Bright Kindergarten School, Naogaon", "amenity": "school", "addr_city": null, "osm_id": 10783663575, "osm_type": "nodes" }, "geometry": { "type": "Point", "coordinates": [ 88.9343983, 24.7109562 ] } },
{ "type": "Feature", "properties": { "name": "Mirpur gov. primary school, Chalan Beel, Naogaon - Natore Hwy, Mirat, Naogaon", "amenity": "school", "addr_city": null, "osm_id": 10789550426, "osm_type": "nodes" }, "geometry": { "type": "Point", "coordinates": [ 88.931489, 24.6616409 ] } },
{ "type": "Feature", "properties": { "name": "Ariamugur Public High School", "amenity": "school", "addr_city": null, "osm_id": 9707040197, "osm_type": "nodes" }, "geometry": { "type": "Point", "coordinates": [ 91.3488578, 24.6295098 ] } },
{ "type": "Feature", "properties": { "name": "????????? ???????? ???????? ????????", "amenity": "school", "addr_city": null, "osm_id": 7174192136, "osm_type": "nodes" }, "geometry": { "type": "Point", "coordinates": [ 89.806957, 24.5227607 ] } },
{ "type": "Feature", "properties": { "name": "Raimony South Government Primary School", "amenity": "school", "addr_city": null, "osm_id": 12181938027, "osm_type": "nodes" }, "geometry": { "type": "Point", "coordinates": [ 90.3970993, 24.5000743 ] } },
{ "type": "Feature", "properties": { "name": null, "amenity": "school", "addr_city": null, "osm_id": 9706974008, "osm_type": "nodes" }, "geometry": { "type": "Point", "coordinates": [ 91.258708, 23.9725655 ] } },
{ "type": "Feature", "properties": { "name": "Mutiullah Bhuya High School", "amenity": "school", "addr_city": null, "osm_id": 9706555966, "osm_type": "nodes" }, "geometry": { "type": "Point", "coordinates": [ 90.744258, 23.8926258 ] } },
{ "type": "Feature", "properties": { "name": "Safura Khatun Girls High School", "amenity": "school", "addr_city": null, "osm_id": 9706555967, "osm_type": "nodes" }, "geometry": { "type": "Point", "coordinates": [ 90.74694, 23.8907796 ] } },
{ "type": "Feature", "properties": { "name": "Karimpur K. K.  Boy's High School", "amenity": "school", "addr_city": null, "osm_id": 9706555968, "osm_type": "nodes" }, "geometry": { "type": "Point", "coordinates": [ 90.7410755, 23.8863546 ] } },
{ "type": "Feature", "properties": { "name": null, "amenity": "school", "addr_city": null, "osm_id": 9706960164, "osm_type": "nodes" }, "geometry": { "type": "Point", "coordinates": [ 91.1999989, 24.1521362 ] } },
{ "type": "Feature", "properties": { "name": "Gokarna High School", "amenity": "school", "addr_city": null, "osm_id": 4761669156, "osm_type": "nodes" }, "geometry": { "type": "Point", "coordinates": [ 91.1891164, 24.1394707 ] } },
{ "type": "Feature", "properties": { "name": "Madrasah-e-Alia, Habiganj", "amenity": "school", "addr_city": "Habiganj", "osm_id": 5918015002, "osm_type": "nodes" }, "geometry": { "type": "Point", "coordinates": [ 91.4217386, 24.3599328 ] } },
{ "type": "Feature", "properties": { "name": null, "amenity": "school", "addr_city": null, "osm_id": 9706974003, "osm_type": "nodes" }, "geometry": { "type": "Point", "coordinates": [ 91.2137029, 23.9176529 ] } },
{ "type": "Feature", "properties": { "name": null, "amenity": "school", "addr_city": null, "osm_id": 9706974004, "osm_type": "nodes" }, "geometry": { "type": "Point", "coordinates": [ 91.2064037, 23.9451772 ] } },
{ "type": "Feature", "properties": { "name": null, "amenity": "school", "addr_city": null, "osm_id": 9706974012, "osm_type": "nodes" }, "geometry": { "type": "Point", "coordinates": [ 91.2683189, 24.0286897 ] } },
{ "type": "Feature", "properties": { "name": null, "amenity": "school", "addr_city": null, "osm_id": 9706974014, "osm_type": "nodes" }, "geometry": { "type": "Point", "coordinates": [ 91.2329263, 24.026775 ] } },
{ "type": "Feature", "properties": { "name": "Gowtompara Ghatura Bangabandhu High School", "amenity": "school", "addr_city": null, "osm_id": 9706960835, "osm_type": "nodes" }, "geometry": { "type": "Point", "coordinates": [ 91.1080463, 24.0050036 ] } },
{ "type": "Feature", "properties": { "name": null, "amenity": "school", "addr_city": null, "osm_id": 9706974005, "osm_type": "nodes" }, "geometry": { "type": "Point", "coordinates": [ 91.2488001, 23.9452777 ] } },
{ "type": "Feature", "properties": { "name": "Deora Adorsha High School", "amenity": "school", "addr_city": null, "osm_id": 9706979017, "osm_type": "nodes" }, "geometry": { "type": "Point", "coordinates": [ 91.180272, 24.0671796 ] } },
{ "type": "Feature", "properties": { "name": null, "amenity": "school", "addr_city": null, "osm_id": 9706960168, "osm_type": "nodes" }, "geometry": { "type": "Point", "coordinates": [ 91.2143274, 24.2123076 ] } },
{ "type": "Feature", "properties": { "name": null, "amenity": "school", "addr_city": null, "osm_id": 9706960169, "osm_type": "nodes" }, "geometry": { "type": "Point", "coordinates": [ 91.2118724, 24.2101989 ] } },
{ "type": "Feature", "properties": { "name": null, "amenity": "school", "addr_city": null, "osm_id": 9706960170, "osm_type": "nodes" }, "geometry": { "type": "Point", "coordinates": [ 91.2235226, 24.211273 ] } },
{ "type": "Feature", "properties": { "name": "Champaknagar Model School and College", "amenity": "school", "addr_city": "Bijoynagar, Brahmanbaria", "osm_id": 5207813629, "osm_type": "nodes" }, "geometry": { "type": "Point", "coordinates": [ 91.2129122, 23.965236 ] } },
{ "type": "Feature", "properties": { "name": "Nurpur Adarsha High School", "amenity": "school", "addr_city": "Dhaka - Sylhet Hwy", "osm_id": 5172349673, "osm_type": "nodes" }, "geometry": { "type": "Point", "coordinates": [ 91.4173612, 24.2809063 ] } },
{ "type": "Feature", "properties": { "name": "Sarail College", "amenity": "college", "addr_city": null, "osm_id": 4710195983, "osm_type": "nodes" }, "geometry": { "type": "Point", "coordinates": [ 91.1158489, 24.0836297 ] } },
{ "type": "Feature", "properties": { "name": "?????? ???? ????????? ? ????", "amenity": "school", "addr_city": null, "osm_id": 11449791513, "osm_type": "nodes" }, "geometry": { "type": "Point", "coordinates": [ 91.4443231, 24.2114811 ] } },
{ "type": "Feature", "properties": { "name": "????????? ?????? ???????? ?????????", "amenity": "school", "addr_city": "Habiganj", "osm_id": 11449797405, "osm_type": "nodes" }, "geometry": { "type": "Point", "coordinates": [ 91.444097, 24.220929 ] } },
{ "type": "Feature", "properties": { "name": null, "amenity": "school", "addr_city": null, "osm_id": 9706974005, "osm_type": "nodes" }, "geometry": { "type": "Point", "coordinates": [ 91.2488001, 23.9452777 ] } },
{ "type": "Feature", "properties": { "name": "SHAMBHUPURA HIGH SCHOOL", "amenity": "school", "addr_city": null, "osm_id": 9530594608, "osm_type": "nodes" }, "geometry": { "type": "Point", "coordinates": [ 90.5521084, 23.583988 ] } },
{ "type": "Feature", "properties": { "name": "??????? ???? ????????", "amenity": "school", "addr_city": null, "osm_id": 6604872565, "osm_type": "nodes" }, "geometry": { "type": "Point", "coordinates": [ 89.9544007, 23.5227308 ] } },
{ "type": "Feature", "properties": { "name": "Syedpur High School ??????? ???? ????????", "amenity": "school", "addr_city": null, "osm_id": 6177935819, "osm_type": "nodes" }, "geometry": { "type": "Point", "coordinates": [ 91.0848142, 23.4763389 ] } },
{ "type": "Feature", "properties": { "name": "Nimsar High School", "amenity": "school", "addr_city": null, "osm_id": 2815320001, "osm_type": "nodes" }, "geometry": { "type": "Point", "coordinates": [ 91.0587227, 23.4818307 ] } },
{ "type": "Feature", "properties": { "name": "Ispahani Public School & College", "amenity": "school", "addr_city": null, "osm_id": 2459272290, "osm_type": "nodes" }, "geometry": { "type": "Point", "coordinates": [ 91.1193187, 23.4767059 ] } },
{ "type": "Feature", "properties": { "name": "Comilla Public School and College", "amenity": "school", "addr_city": null, "osm_id": 2813742231, "osm_type": "nodes" }, "geometry": { "type": "Point", "coordinates": [ 91.1220718, 23.4780899 ] } },
{ "type": "Feature", "properties": { "name": "Alekjan Memorial High School", "amenity": "school", "addr_city": null, "osm_id": 5123815881, "osm_type": "nodes" }, "geometry": { "type": "Point", "coordinates": [ 91.1413016, 23.4724394 ] } },
{ "type": "Feature", "properties": { "name": "MHKC UNIVERSITY COLLEGE", "amenity": "college", "addr_city": "?????????????", "osm_id": 7382977307, "osm_type": "nodes" }, "geometry": { "type": "Point", "coordinates": [ 91.105717, 23.6160574 ] } },
{ "type": "Feature", "properties": { "name": null, "amenity": "school", "addr_city": null, "osm_id": 5417767575, "osm_type": "nodes" }, "geometry": { "type": "Point", "coordinates": [ 89.2938057, 23.4783986 ] } },
{ "type": "Feature", "properties": { "name": "Maktab Bivag", "amenity": "school", "addr_city": null, "osm_id": 6357502745, "osm_type": "nodes" }, "geometry": { "type": "Point", "coordinates": [ 89.2938964, 23.4785764 ] } },
{ "type": "Feature", "properties": { "name": "Hefz Bivhag", "amenity": "school", "addr_city": null, "osm_id": 6357502746, "osm_type": "nodes" }, "geometry": { "type": "Point", "coordinates": [ 89.2937542, 23.478577 ] } },
{ "type": "Feature", "properties": { "name": "Nurpur Primary School", "amenity": "school", "addr_city": "Comilla", "osm_id": 5314871943, "osm_type": "nodes" }, "geometry": { "type": "Point", "coordinates": [ 91.2000486, 23.4567846 ] } },
{ "type": "Feature", "properties": { "name": "C C N Model College", "amenity": "college", "addr_city": null, "osm_id": 6092360189, "osm_type": "nodes" }, "geometry": { "type": "Point", "coordinates": [ 91.1778694, 23.4479681 ] } },
{ "type": "Feature", "properties": { "name": "Cumilla Commerce College ???????? ?????? ????", "amenity": "college", "addr_city": null, "osm_id": 6092372465, "osm_type": "nodes" }, "geometry": { "type": "Point", "coordinates": [ 91.1788511, 23.4486768 ] } },
{ "type": "Feature", "properties": { "name": "Adarsho Govt Primary School", "amenity": "school", "addr_city": null, "osm_id": 9587817366, "osm_type": "nodes" }, "geometry": { "type": "Point", "coordinates": [ 89.4103052, 23.4561106 ] } },
{ "type": "Feature", "properties": { "name": null, "amenity": "school", "addr_city": null, "osm_id": 4460400494, "osm_type": "nodes" }, "geometry": { "type": "Point", "coordinates": [ 91.048128, 23.4354077 ] } },
{ "type": "Feature", "properties": { "name": "High School", "amenity": "school", "addr_city": null, "osm_id": 9603778649, "osm_type": "nodes" }, "geometry": { "type": "Point", "coordinates": [ 89.0611675, 23.3841677 ] } },
{ "type": "Feature", "properties": { "name": "Govt Primary School", "amenity": "school", "addr_city": null, "osm_id": 9603778650, "osm_type": "nodes" }, "geometry": { "type": "Point", "coordinates": [ 89.0608115, 23.3843751 ] } },
{ "type": "Feature", "properties": { "name": "Biddadharpur High School", "amenity": "school", "addr_city": null, "osm_id": 9602997001, "osm_type": "nodes" }, "geometry": { "type": "Point", "coordinates": [ 89.0031935, 23.362106 ] } },
{ "type": "Feature", "properties": { "name": "Sumon Drug House", "amenity": "school", "addr_city": null, "osm_id": 9602997003, "osm_type": "nodes" }, "geometry": { "type": "Point", "coordinates": [ 89.0029654, 23.3595718 ] } },
{ "type": "Feature", "properties": { "name": "BIddhadharpur Pharmacy", "amenity": "school", "addr_city": null, "osm_id": 9602997002, "osm_type": "nodes" }, "geometry": { "type": "Point", "coordinates": [ 89.0029482, 23.3596932 ] } },
{ "type": "Feature", "properties": { "name": "Chakla Shwarupur Govt Primary School", "amenity": "school", "addr_city": null, "osm_id": 9586300339, "osm_type": "nodes" }, "geometry": { "type": "Point", "coordinates": [ 89.0310868, 23.3641187 ] } },
{ "type": "Feature", "properties": { "name": "Govt Primary School", "amenity": "school", "addr_city": null, "osm_id": 9603778643, "osm_type": "nodes" }, "geometry": { "type": "Point", "coordinates": [ 89.125812, 23.3425959 ] } },
{ "type": "Feature", "properties": { "name": "Jhawtola High School", "amenity": "school", "addr_city": null, "osm_id": 9579063790, "osm_type": "nodes" }, "geometry": { "type": "Point", "coordinates": [ 88.9678513, 23.3213321 ] } },
{ "type": "Feature", "properties": { "name": "Govt Primary School", "amenity": "school", "addr_city": null, "osm_id": 9602996997, "osm_type": "nodes" }, "geometry": { "type": "Point", "coordinates": [ 89.0033815, 23.330267 ] } },
{ "type": "Feature", "properties": { "name": "Fashtola Govt Primary School", "amenity": "school", "addr_city": null, "osm_id": 9579063791, "osm_type": "nodes" }, "geometry": { "type": "Point", "coordinates": [ 88.9798303, 23.3179619 ] } },
{ "type": "Feature", "properties": { "name": "Govt Primary School", "amenity": "school", "addr_city": null, "osm_id": 9602996998, "osm_type": "nodes" }, "geometry": { "type": "Point", "coordinates": [ 88.9873329, 23.3320967 ] } },
{ "type": "Feature", "properties": { "name": "Bunniltola Primary School", "amenity": "school", "addr_city": null, "osm_id": 9579063789, "osm_type": "nodes" }, "geometry": { "type": "Point", "coordinates": [ 88.990286, 23.3006189 ] } },
{ "type": "Feature", "properties": { "name": "Patibila Dakhil Madrasa", "amenity": "school", "addr_city": null, "osm_id": 9586300329, "osm_type": "nodes" }, "geometry": { "type": "Point", "coordinates": [ 89.0236451, 23.2771126 ] } },
{ "type": "Feature", "properties": { "name": "Arpara Govt Primary School", "amenity": "school", "addr_city": null, "osm_id": 9586300352, "osm_type": "nodes" }, "geometry": { "type": "Point", "coordinates": [ 89.1021677, 23.2821098 ] } },
{ "type": "Feature", "properties": { "name": "Maruya Govt Primary School", "amenity": "school", "addr_city": null, "osm_id": 9586300350, "osm_type": "nodes" }, "geometry": { "type": "Point", "coordinates": [ 89.0902007, 23.2774279 ] } },
{ "type": "Feature", "properties": { "name": "Ambottala Dakhil Madrasa", "amenity": "school", "addr_city": null, "osm_id": 9602996992, "osm_type": "nodes" }, "geometry": { "type": "Point", "coordinates": [ 89.0119506, 23.2713637 ] } },
{ "type": "Feature", "properties": { "name": "Ambottala Govt Primary School", "amenity": "school", "addr_city": null, "osm_id": 9602996993, "osm_type": "nodes" }, "geometry": { "type": "Point", "coordinates": [ 89.0109298, 23.2782664 ] } },
{ "type": "Feature", "properties": { "name": "Govt Primary School", "amenity": "school", "addr_city": null, "osm_id": 9590538017, "osm_type": "nodes" }, "geometry": { "type": "Point", "coordinates": [ 88.9841401, 23.252492 ] } },
{ "type": "Feature", "properties": { "name": "Govt Primary School", "amenity": "school", "addr_city": null, "osm_id": 9590532216, "osm_type": "nodes" }, "geometry": { "type": "Point", "coordinates": [ 89.0027882, 23.2421113 ] } },
{ "type": "Feature", "properties": { "name": "Sarupdah Govt Primary School", "amenity": "school", "addr_city": null, "osm_id": 9590532213, "osm_type": "nodes" }, "geometry": { "type": "Point", "coordinates": [ 88.9983606, 23.2532439 ] } },
{ "type": "Feature", "properties": { "name": "Govt Primary School", "amenity": "school", "addr_city": null, "osm_id": 9586424205, "osm_type": "nodes" }, "geometry": { "type": "Point", "coordinates": [ 88.9886891, 23.2338319 ] } },
{ "type": "Feature", "properties": { "name": "Mashila High School", "amenity": "school", "addr_city": null, "osm_id": 9586424206, "osm_type": "nodes" }, "geometry": { "type": "Point", "coordinates": [ 88.9819822, 23.2378942 ] } },
{ "type": "Feature", "properties": { "name": "Mashila Govt Primary School", "amenity": "school", "addr_city": null, "osm_id": 9586424207, "osm_type": "nodes" }, "geometry": { "type": "Point", "coordinates": [ 88.9816, 23.2376243 ] } },
{ "type": "Feature", "properties": { "name": "Mofiz er High School", "amenity": "school", "addr_city": null, "osm_id": 9586424186, "osm_type": "nodes" }, "geometry": { "type": "Point", "coordinates": [ 89.0172744, 23.249355 ] } },
{ "type": "Feature", "properties": { "name": "Fotepur Govt Primary School", "amenity": "school", "addr_city": null, "osm_id": 9586424199, "osm_type": "nodes" }, "geometry": { "type": "Point", "coordinates": [ 89.0323269, 23.2223104 ] } },
{ "type": "Feature", "properties": { "name": "Makapur Dakhil Madrasa", "amenity": "school", "addr_city": null, "osm_id": 9579031924, "osm_type": "nodes" }, "geometry": { "type": "Point", "coordinates": [ 88.9526823, 23.2444508 ] } },
{ "type": "Feature", "properties": { "name": "Danbaksho Primary School", "amenity": "school", "addr_city": null, "osm_id": 9586300325, "osm_type": "nodes" }, "geometry": { "type": "Point", "coordinates": [ 88.9859481, 23.2742589 ] } },
{ "type": "Feature", "properties": { "name": "S Habibur Rahmand Degree College", "amenity": "college", "addr_city": null, "osm_id": 9586424185, "osm_type": "nodes" }, "geometry": { "type": "Point", "coordinates": [ 89.0192299, 23.250117 ] } },
{ "type": "Feature", "properties": { "name": "Tengorpur Govt Primary School", "amenity": "school", "addr_city": null, "osm_id": 9586300326, "osm_type": "nodes" }, "geometry": { "type": "Point", "coordinates": [ 89.0063718, 23.2780588 ] } },
{ "type": "Feature", "properties": { "name": "Jessore Homoeopathic Medical College ???? ????? ????", "amenity": "college", "addr_city": null, "osm_id": 12692615026, "osm_type": "nodes" }, "geometry": { "type": "Point", "coordinates": [ 89.2160676, 23.1645987 ] } },
{ "type": "Feature", "properties": { "name": "MSTP school", "amenity": "school", "addr_city": null, "osm_id": 12692480101, "osm_type": "nodes" }, "geometry": { "type": "Point", "coordinates": [ 89.2140639, 23.1632779 ] } },
{ "type": "Feature", "properties": { "name": "MSTP Girls' School and College", "amenity": "school", "addr_city": null, "osm_id": 12692480201, "osm_type": "nodes" }, "geometry": { "type": "Point", "coordinates": [ 89.2140621, 23.1632711 ] } },
{ "type": "Feature", "properties": { "name": "Gonganandapur Govt Primary School", "amenity": "school", "addr_city": null, "osm_id": 9586424193, "osm_type": "nodes" }, "geometry": { "type": "Point", "coordinates": [ 89.0322086, 23.1717115 ] } },
{ "type": "Feature", "properties": { "name": "Govt Primary School", "amenity": "school", "addr_city": null, "osm_id": 9603778636, "osm_type": "nodes" }, "geometry": { "type": "Point", "coordinates": [ 89.1445667, 23.2165573 ] } },
{ "type": "Feature", "properties": { "name": "Govt Primary School", "amenity": "school", "addr_city": null, "osm_id": 9603778631, "osm_type": "nodes" }, "geometry": { "type": "Point", "coordinates": [ 89.1067249, 23.2034336 ] } },
{ "type": "Feature", "properties": { "name": "Solua High School", "amenity": "school", "addr_city": null, "osm_id": 9586300359, "osm_type": "nodes" }, "geometry": { "type": "Point", "coordinates": [ 89.105895, 23.2375725 ] } },
{ "type": "Feature", "properties": { "name": "Pakshia High School", "amenity": "school", "addr_city": null, "osm_id": 9586424203, "osm_type": "nodes" }, "geometry": { "type": "Point", "coordinates": [ 88.9732815, 23.1762147 ] } },
{ "type": "Feature", "properties": { "name": "Dogachia Dakhil Madrasa", "amenity": "school", "addr_city": null, "osm_id": 9586300356, "osm_type": "nodes" }, "geometry": { "type": "Point", "coordinates": [ 89.1397795, 23.2301556 ] } },
{ "type": "Feature", "properties": { "name": "Solua Adarsha College", "amenity": "school", "addr_city": null, "osm_id": 9586300358, "osm_type": "nodes" }, "geometry": { "type": "Point", "coordinates": [ 89.1063869, 23.2376636 ] } },
{ "type": "Feature", "properties": { "name": "Pakshia Ideal College", "amenity": "college", "addr_city": null, "osm_id": 9586424202, "osm_type": "nodes" }, "geometry": { "type": "Point", "coordinates": [ 88.9737392, 23.1752616 ] } },
{ "type": "Feature", "properties": { "name": "Gonganandapur Secondary School", "amenity": "school", "addr_city": null, "osm_id": 8940145844, "osm_type": "nodes" }, "geometry": { "type": "Point", "coordinates": [ 89.033173, 23.1718154 ] } },
{ "type": "Feature", "properties": { "name": "Pakshia High School", "amenity": "school", "addr_city": null, "osm_id": 9586424203, "osm_type": "nodes" }, "geometry": { "type": "Point", "coordinates": [ 88.9732815, 23.1762147 ] } },
{ "type": "Feature", "properties": { "name": "Pakshia Ideal College", "amenity": "college", "addr_city": null, "osm_id": 9586424202, "osm_type": "nodes" }, "geometry": { "type": "Point", "coordinates": [ 88.9737392, 23.1752616 ] } },
{ "type": "Feature", "properties": { "name": "Burier Danga Govt Primary School", "amenity": "school", "addr_city": null, "osm_id": 9594405193, "osm_type": "nodes" }, "geometry": { "type": "Point", "coordinates": [ 89.4561659, 22.9789266 ] } },
{ "type": "Feature", "properties": { "name": "Keralkata Govt Primary School", "amenity": "school", "addr_city": null, "osm_id": 9595231125, "osm_type": "nodes" }, "geometry": { "type": "Point", "coordinates": [ 89.0065684, 22.9247145 ] } },
{ "type": "Feature", "properties": { "name": "Govt Primary School", "amenity": "school", "addr_city": null, "osm_id": 9579940158, "osm_type": "nodes" }, "geometry": { "type": "Point", "coordinates": [ 89.436946, 23.0999514 ] } },
{ "type": "Feature", "properties": { "name": "Durbajuri Govt Primary School", "amenity": "school", "addr_city": null, "osm_id": 9579940154, "osm_type": "nodes" }, "geometry": { "type": "Point", "coordinates": [ 89.455549, 23.1560621 ] } },
{ "type": "Feature", "properties": { "name": "Govt Primary School", "amenity": "school", "addr_city": null, "osm_id": 9579051364, "osm_type": "nodes" }, "geometry": { "type": "Point", "coordinates": [ 88.9535938, 22.8968453 ] } },
{ "type": "Feature", "properties": { "name": "Govt Primary School", "amenity": "school", "addr_city": null, "osm_id": 9595231128, "osm_type": "nodes" }, "geometry": { "type": "Point", "coordinates": [ 89.0206609, 22.8957493 ] } },
{ "type": "Feature", "properties": { "name": "Kazirhat Govt Primary School", "amenity": "school", "addr_city": null, "osm_id": 9595231126, "osm_type": "nodes" }, "geometry": { "type": "Point", "coordinates": [ 89.0204288, 22.906928 ] } },
{ "type": "Feature", "properties": { "name": "Kazirhat High Scholl", "amenity": "school", "addr_city": null, "osm_id": 9595231127, "osm_type": "nodes" }, "geometry": { "type": "Point", "coordinates": [ 89.0209996, 22.9062206 ] } },
{ "type": "Feature", "properties": { "name": "Govt Primary School", "amenity": "school", "addr_city": null, "osm_id": 9579051366, "osm_type": "nodes" }, "geometry": { "type": "Point", "coordinates": [ 88.9732442, 22.8782986 ] } },
{ "type": "Feature", "properties": { "name": "Govt Primary School", "amenity": "school", "addr_city": null, "osm_id": 9595231131, "osm_type": "nodes" }, "geometry": { "type": "Point", "coordinates": [ 89.035728, 22.8700095 ] } },
{ "type": "Feature", "properties": { "name": "Kolaroa High School", "amenity": "school", "addr_city": null, "osm_id": 9595231133, "osm_type": "nodes" }, "geometry": { "type": "Point", "coordinates": [ 89.0405766, 22.8605683 ] } },
{ "type": "Feature", "properties": { "name": "Bangabandhu Mohila College Ground", "amenity": "college", "addr_city": null, "osm_id": 4346990422, "osm_type": "nodes" }, "geometry": { "type": "Point", "coordinates": [ 89.0355868, 22.8602374 ] } },
{ "type": "Feature", "properties": { "name": "??????? ???????? ???? ???????? ????????", "amenity": "school", "addr_city": null, "osm_id": 6222337757, "osm_type": "nodes" }, "geometry": { "type": "Point", "coordinates": [ 89.5733705, 22.7374013 ] } },
{ "type": "Feature", "properties": { "name": "3no pankhali govt primary school and cyclone centre", "amenity": "school", "addr_city": null, "osm_id": 6126339923, "osm_type": "nodes" }, "geometry": { "type": "Point", "coordinates": [ 89.5157781, 22.6276529 ] } },
{ "type": "Feature", "properties": { "name": "KALINAGAR COLLEGE", "amenity": "college", "addr_city": null, "osm_id": 6218230616, "osm_type": "nodes" }, "geometry": { "type": "Point", "coordinates": [ 89.4357453, 22.617155 ] } },
{ "type": "Feature", "properties": { "name": "Naldanga Govt primary school/Cyclone center", "amenity": "school", "addr_city": null, "osm_id": 6116328344, "osm_type": "nodes" }, "geometry": { "type": "Point", "coordinates": [ 89.8205827, 22.590551 ] } },
{ "type": "Feature", "properties": { "name": "Modhushikka Biddanikaton High School", "amenity": "school", "addr_city": "Keshabpur", "osm_id": 5404997026, "osm_type": "nodes" }, "geometry": { "type": "Point", "coordinates": [ 89.2172702, 22.9068677 ] } },
{ "type": "Feature", "properties": { "name": "??????? ????? ?????? ???????? ?????????", "amenity": "school", "addr_city": null, "osm_id": 11771028896, "osm_type": "nodes" }, "geometry": { "type": "Point", "coordinates": [ 89.0645029, 22.7047291 ] } },
{ "type": "Feature", "properties": { "name": "Govt Primary School", "amenity": "school", "addr_city": null, "osm_id": 9595231135, "osm_type": "nodes" }, "geometry": { "type": "Point", "coordinates": [ 89.0399262, 22.8267989 ] } },
{ "type": "Feature", "properties": { "name": "High School", "amenity": "school", "addr_city": null, "osm_id": 9595231137, "osm_type": "nodes" }, "geometry": { "type": "Point", "coordinates": [ 89.0371616, 22.819596 ] } },
{ "type": "Feature", "properties": { "name": "Jhawdanga Madrasa", "amenity": "school", "addr_city": null, "osm_id": 9595231140, "osm_type": "nodes" }, "geometry": { "type": "Point", "coordinates": [ 89.0353435, 22.8096599 ] } },
{ "type": "Feature", "properties": { "name": "Govt Primary School", "amenity": "school", "addr_city": null, "osm_id": 9595231148, "osm_type": "nodes" }, "geometry": { "type": "Point", "coordinates": [ 89.084791, 22.7370071 ] } },
{ "type": "Feature", "properties": { "name": "Govt Primary School", "amenity": "school", "addr_city": null, "osm_id": 9595231136, "osm_type": "nodes" }, "geometry": { "type": "Point", "coordinates": [ 89.037776, 22.8192463 ] } },
{ "type": "Feature", "properties": { "name": "Govt Primary School", "amenity": "school", "addr_city": null, "osm_id": 9579051368, "osm_type": "nodes" }, "geometry": { "type": "Point", "coordinates": [ 88.9858314, 22.8509674 ] } },
{ "type": "Feature", "properties": { "name": "High School", "amenity": "school", "addr_city": null, "osm_id": 9579051369, "osm_type": "nodes" }, "geometry": { "type": "Point", "coordinates": [ 88.9862122, 22.850562 ] } },
{ "type": "Feature", "properties": { "name": "Govt Primary School", "amenity": "school", "addr_city": null, "osm_id": 9579051371, "osm_type": "nodes" }, "geometry": { "type": "Point", "coordinates": [ 88.976118, 22.8289719 ] } },
{ "type": "Feature", "properties": { "name": "Govt Primary School", "amenity": "school", "addr_city": null, "osm_id": 9579051372, "osm_type": "nodes" }, "geometry": { "type": "Point", "coordinates": [ 88.973324, 22.8245442 ] } },
{ "type": "Feature", "properties": { "name": "Govt Primary School", "amenity": "school", "addr_city": null, "osm_id": 9579051374, "osm_type": "nodes" }, "geometry": { "type": "Point", "coordinates": [ 88.9659232, 22.7931026 ] } },
{ "type": "Feature", "properties": { "name": "Jhawdanga Govt Primary School", "amenity": "school", "addr_city": null, "osm_id": 9595231138, "osm_type": "nodes" }, "geometry": { "type": "Point", "coordinates": [ 89.0376303, 22.8146079 ] } },
{ "type": "Feature", "properties": { "name": "Rayer Mahal Honor's College", "amenity": "college", "addr_city": null, "osm_id": 6204956185, "osm_type": "nodes" }, "geometry": { "type": "Point", "coordinates": [ 89.5149648, 22.8436691 ] } },
{ "type": "Feature", "properties": { "name": "Jhawdanga High School", "amenity": "school", "addr_city": null, "osm_id": 9595231139, "osm_type": "nodes" }, "geometry": { "type": "Point", "coordinates": [ 89.0343165, 22.8125505 ] } },
{ "type": "Feature", "properties": { "name": "Police Line High School", "amenity": "school", "addr_city": null, "osm_id": 9590532212, "osm_type": "nodes" }, "geometry": { "type": "Point", "coordinates": [ 89.0677858, 22.725536 ] } },
{ "type": "Feature", "properties": { "name": "Alo Prak Primary School", "amenity": null, "addr_city": null, "osm_id": 11777751646, "osm_type": "nodes" }, "geometry": { "type": "Point", "coordinates": [ 89.0666186, 22.6865673 ] } },
{ "type": "Feature", "properties": { "name": "Govt Primary School", "amenity": "school", "addr_city": null, "osm_id": 9579051372, "osm_type": "nodes" }, "geometry": { "type": "Point", "coordinates": [ 88.973324, 22.8245442 ] } },
{ "type": "Feature", "properties": { "name": "Govt Primary School", "amenity": "school", "addr_city": null, "osm_id": 9579051374, "osm_type": "nodes" }, "geometry": { "type": "Point", "coordinates": [ 88.9659232, 22.7931026 ] } },
{ "type": "Feature", "properties": { "name": "lokkikhola govt primary school and cyclone centre", "amenity": "school", "addr_city": null, "osm_id": 6126763174, "osm_type": "nodes" }, "geometry": { "type": "Point", "coordinates": [ 89.4580194, 22.606137 ] } },
{ "type": "Feature", "properties": { "name": "lokkhi khola G.T high school", "amenity": "school", "addr_city": null, "osm_id": 6126763176, "osm_type": "nodes" }, "geometry": { "type": "Point", "coordinates": [ 89.4493318, 22.6019003 ] } },
{ "type": "Feature", "properties": { "name": "lokkikhola govt primary school and cyclone centre", "amenity": "school", "addr_city": null, "osm_id": 6126763177, "osm_type": "nodes" }, "geometry": { "type": "Point", "coordinates": [ 89.4489241, 22.602237 ] } },
{ "type": "Feature", "properties": { "name": "Bodbuniya J N govt primary school+cyclone center", "amenity": "school", "addr_city": null, "osm_id": 6116328340, "osm_type": "nodes" }, "geometry": { "type": "Point", "coordinates": [ 89.4525652, 22.5822737 ] } },
{ "type": "Feature", "properties": { "name": "North Kamini Basiya Govt. Primary school/Cyclone center", "amenity": "school", "addr_city": null, "osm_id": 6116328336, "osm_type": "nodes" }, "geometry": { "type": "Point", "coordinates": [ 89.4328161, 22.5639509 ] } },
{ "type": "Feature", "properties": { "name": "?????? ???????? ?????????", "amenity": "school", "addr_city": null, "osm_id": 9152869018, "osm_type": "nodes" }, "geometry": { "type": "Point", "coordinates": [ 90.9819026, 22.3058533 ] } },
{ "type": "Feature", "properties": { "name": "Guli Awlia Primary School", "amenity": "school", "addr_city": null, "osm_id": 6087231222, "osm_type": "nodes" }, "geometry": { "type": "Point", "coordinates": [ 90.5244255, 22.2086978 ] } },
{ "type": "Feature", "properties": { "name": "School&College", "amenity": "college", "addr_city": null, "osm_id": 6116231645, "osm_type": "nodes" }, "geometry": { "type": "Point", "coordinates": [ 89.9547565, 22.1480841 ] } },
{ "type": "Feature", "properties": { "name": null, "amenity": "school", "addr_city": null, "osm_id": 6116231646, "osm_type": "nodes" }, "geometry": { "type": "Point", "coordinates": [ 89.9549442, 22.1479599 ] } },
{ "type": "Feature", "properties": { "name": "Madrasha", "amenity": "school", "addr_city": null, "osm_id": 6116231651, "osm_type": "nodes" }, "geometry": { "type": "Point", "coordinates": [ 89.9967036, 22.1272443 ] } },
{ "type": "Feature", "properties": { "name": null, "amenity": "school", "addr_city": null, "osm_id": 6116231650, "osm_type": "nodes" }, "geometry": { "type": "Point", "coordinates": [ 89.9947724, 22.127412 ] } },
{ "type": "Feature", "properties": { "name": "SONAPUR HIGH SCHOOL", "amenity": "school", "addr_city": null, "osm_id": 9697863727, "osm_type": "nodes" }, "geometry": { "type": "Point", "coordinates": [ 89.8006735, 25.6740364 ] } },
{ "type": "Feature", "properties": { "name": "Kolabari Govt Primary School", "amenity": "school", "addr_city": null, "osm_id": 5652397265, "osm_type": "nodes" }, "geometry": { "type": "Point", "coordinates": [ 89.8416601, 25.5128672 ] } },
{ "type": "Feature", "properties": { "name": "Bhatpara Government Primary School", "amenity": "school", "addr_city": null, "osm_id": 6280540547, "osm_type": "nodes" }, "geometry": { "type": "Point", "coordinates": [ 89.7191801, 25.4594414 ] } },
{ "type": "Feature", "properties": { "name": "char Neoyaji Govt. Primary School", "amenity": "school", "addr_city": null, "osm_id": 5643364241, "osm_type": "nodes" }, "geometry": { "type": "Point", "coordinates": [ 89.767305, 25.4245724 ] } },
{ "type": "Feature", "properties": { "name": "Moktob", "amenity": "school", "addr_city": null, "osm_id": 5643364245, "osm_type": "nodes" }, "geometry": { "type": "Point", "coordinates": [ 89.7672352, 25.4284373 ] } },
{ "type": "Feature", "properties": { "name": "Jameya Islameya Koukandi Bazar Madrasha", "amenity": "school", "addr_city": null, "osm_id": 5790093568, "osm_type": "nodes" }, "geometry": { "type": "Point", "coordinates": [ 91.1879792, 25.1886869 ] } },
{ "type": "Feature", "properties": { "name": "Koukandi Chaturvuz Gov Primary school", "amenity": "school", "addr_city": null, "osm_id": 5790093570, "osm_type": "nodes" }, "geometry": { "type": "Point", "coordinates": [ 91.1866495, 25.1849193 ] } },
{ "type": "Feature", "properties": { "name": "Jameya Islameya Koukandi Bazar Madrasha", "amenity": "school", "addr_city": null, "osm_id": 5790093568, "osm_type": "nodes" }, "geometry": { "type": "Point", "coordinates": [ 91.1879792, 25.1886869 ] } },
{ "type": "Feature", "properties": { "name": "Koukandi Chaturvuz Gov Primary school", "amenity": "school", "addr_city": null, "osm_id": 5790093570, "osm_type": "nodes" }, "geometry": { "type": "Point", "coordinates": [ 91.1866495, 25.1849193 ] } },
{ "type": "Feature", "properties": { "name": null, "amenity": "school", "addr_city": null, "osm_id": 9697511543, "osm_type": "nodes" }, "geometry": { "type": "Point", "coordinates": [ 92.0168842, 25.157867 ] } },
{ "type": "Feature", "properties": { "name": "Anwarpur Govt Primary School", "amenity": "school", "addr_city": null, "osm_id": 5779675577, "osm_type": "nodes" }, "geometry": { "type": "Point", "coordinates": [ 91.2312171, 25.0961072 ] } },
{ "type": "Feature", "properties": { "name": "Darul Uloom Mirjania Qawmi Madrasa, Religious school", "amenity": "school", "addr_city": null, "osm_id": 12819242140, "osm_type": "nodes" }, "geometry": { "type": "Point", "coordinates": [ 90.044872, 25.0294041 ] } },
{ "type": "Feature", "properties": { "name": "Jihan primary school, Primary school", "amenity": "school", "addr_city": null, "osm_id": 12819280610, "osm_type": "nodes" }, "geometry": { "type": "Point", "coordinates": [ 90.03835, 25.028498 ] } },
{ "type": "Feature", "properties": { "name": "SHYAM PUR HIGH SCHOOL", "amenity": "school", "addr_city": null, "osm_id": 9698460919, "osm_type": "nodes" }, "geometry": { "type": "Point", "coordinates": [ 89.842589, 25.0019041 ] } },
{ "type": "Feature", "properties": { "name": null, "amenity": "school", "addr_city": null, "osm_id": 12647079856, "osm_type": "nodes" }, "geometry": { "type": "Point", "coordinates": [ 91.3058673, 24.9532864 ] } },
{ "type": "Feature", "properties": { "name": "BRIGADIAR MOJUMDER BIDYA NIKETON HIGH SCHOOL", "amenity": "school", "addr_city": null, "osm_id": 9697511536, "osm_type": "nodes" }, "geometry": { "type": "Point", "coordinates": [ 92.1162744, 25.1231207 ] } },
{ "type": "Feature", "properties": { "name": "Horipur Government Primary School", "amenity": "school", "addr_city": "Sylhet", "osm_id": 5156443480, "osm_type": "nodes" }, "geometry": { "type": "Point", "coordinates": [ 92.0437676, 24.9920539 ] } },
{ "type": "Feature", "properties": { "name": null, "amenity": "school", "addr_city": null, "osm_id": 9697511535, "osm_type": "nodes" }, "geometry": { "type": "Point", "coordinates": [ 92.1194261, 25.1004182 ] } },
{ "type": "Feature", "properties": { "name": null, "amenity": "school", "addr_city": null, "osm_id": 9697511532, "osm_type": "nodes" }, "geometry": { "type": "Point", "coordinates": [ 92.1487077, 25.0612784 ] } },
{ "type": "Feature", "properties": { "name": "RAMIJA GIRLS HIGH SCHOOL", "amenity": "school", "addr_city": null, "osm_id": 9697397587, "osm_type": "nodes" }, "geometry": { "type": "Point", "coordinates": [ 92.2567409, 25.0013865 ] } },
{ "type": "Feature", "properties": { "name": "SURAIGHAT HIGH SCHOOL", "amenity": "school", "addr_city": null, "osm_id": 9697397585, "osm_type": "nodes" }, "geometry": { "type": "Point", "coordinates": [ 92.2552223, 25.060069 ] } },
{ "type": "Feature", "properties": { "name": "SURMA HIGH SCHOOL", "amenity": "school", "addr_city": null, "osm_id": 9697511524, "osm_type": "nodes" }, "geometry": { "type": "Point", "coordinates": [ 92.0587731, 24.8967422 ] } },
{ "type": "Feature", "properties": { "name": "Horipur ML High School", "amenity": "school", "addr_city": null, "osm_id": 9697895218, "osm_type": "nodes" }, "geometry": { "type": "Point", "coordinates": [ 92.0435942, 24.9917488 ] } },
{ "type": "Feature", "properties": { "name": "Hemu Tinpara High School", "amenity": "school", "addr_city": null, "osm_id": 9697511527, "osm_type": "nodes" }, "geometry": { "type": "Point", "coordinates": [ 92.0483785, 25.004823 ] } },
{ "type": "Feature", "properties": { "name": "SUROTUNNSA MEMORIAL HIGH SCHOOL", "amenity": "school", "addr_city": null, "osm_id": 9697397582, "osm_type": "nodes" }, "geometry": { "type": "Point", "coordinates": [ 92.3571764, 25.011319 ] } },
{ "type": "Feature", "properties": { "name": "Alhaz Boshir Ahmed High School", "amenity": "school", "addr_city": null, "osm_id": 9697403576, "osm_type": "nodes" }, "geometry": { "type": "Point", "coordinates": [ 92.146575, 24.9690935 ] } },
{ "type": "Feature", "properties": { "name": "????? ???? ???? ????????? ?????????? ?????", "amenity": "school", "addr_city": null, "osm_id": 9697511528, "osm_type": "nodes" }, "geometry": { "type": "Point", "coordinates": [ 92.0692755, 25.0411806 ] } },
{ "type": "Feature", "properties": { "name": "Lavlu's cottage", "amenity": "college", "addr_city": null, "osm_id": 10744997607, "osm_type": "nodes" }, "geometry": { "type": "Point", "coordinates": [ 88.9081429, 24.8400537 ] } },
{ "type": "Feature", "properties": { "name": "Poschim Naogaon High School, Naogaon", "amenity": "school", "addr_city": null, "osm_id": 10744989190, "osm_type": "nodes" }, "geometry": { "type": "Point", "coordinates": [ 88.911537, 24.839344 ] } },
{ "type": "Feature", "properties": { "name": "Naogaon Technical & Commerce College, Naogaon", "amenity": "college", "addr_city": null, "osm_id": 10744988970, "osm_type": "nodes" }, "geometry": { "type": "Point", "coordinates": [ 88.9114507, 24.8391822 ] } },
{ "type": "Feature", "properties": { "name": "JULY IDEAL HIGH SCHOOL", "amenity": "school", "addr_city": null, "osm_id": 9697397583, "osm_type": "nodes" }, "geometry": { "type": "Point", "coordinates": [ 92.3126271, 24.9980811 ] } },
{ "type": "Feature", "properties": { "name": "?? ?? ??????? ????????????", "amenity": "school", "addr_city": null, "osm_id": 9697397573, "osm_type": "nodes" }, "geometry": { "type": "Point", "coordinates": [ 92.4790401, 24.8898792 ] } },
{ "type": "Feature", "properties": { "name": "ABDUR RAZZAK SMRITI BIDDANLKATAN", "amenity": "school", "addr_city": null, "osm_id": 9697397580, "osm_type": "nodes" }, "geometry": { "type": "Point", "coordinates": [ 92.3680963, 24.9676281 ] } },
{ "type": "Feature", "properties": { "name": "SARKER BAZAR HIGH SCHOOL", "amenity": "school", "addr_city": "Sylhet", "osm_id": 9697397581, "osm_type": "nodes" }, "geometry": { "type": "Point", "coordinates": [ 92.3441581, 24.9914512 ] } },
{ "type": "Feature", "properties": { "name": "Manikpur Government Primary School", "amenity": "school", "addr_city": null, "osm_id": 9697397577, "osm_type": "nodes" }, "geometry": { "type": "Point", "coordinates": [ 92.423437, 24.9429299 ] } },
{ "type": "Feature", "properties": { "name": "Moulovi Sair Ali High School", "amenity": "school", "addr_city": "Zakiganj", "osm_id": 9697403571, "osm_type": "nodes" }, "geometry": { "type": "Point", "coordinates": [ 92.2491915, 24.9559571 ] } },
{ "type": "Feature", "properties": { "name": "Shunashar Secondary School", "amenity": "school", "addr_city": null, "osm_id": 9697397574, "osm_type": "nodes" }, "geometry": { "type": "Point", "coordinates": [ 92.4639229, 24.9040573 ] } },
{ "type": "Feature", "properties": { "name": "Shunashar Secondary School", "amenity": "school", "addr_city": null, "osm_id": 9697397574, "osm_type": "nodes" }, "geometry": { "type": "Point", "coordinates": [ 92.4639229, 24.9040573 ] } },
{ "type": "Feature", "properties": { "name": "Manikpur Government Primary School", "amenity": "school", "addr_city": null, "osm_id": 9697397577, "osm_type": "nodes" }, "geometry": { "type": "Point", "coordinates": [ 92.423437, 24.9429299 ] } },
{ "type": "Feature", "properties": { "name": "?? ?? ??????? ????????????", "amenity": "school", "addr_city": null, "osm_id": 9697397573, "osm_type": "nodes" }, "geometry": { "type": "Point", "coordinates": [ 92.4790401, 24.8898792 ] } },
{ "type": "Feature", "properties": { "name": "Noagoan Islampur Non-Govt. Primary School", "amenity": "school", "addr_city": null, "osm_id": 6123187957, "osm_type": "nodes" }, "geometry": { "type": "Point", "coordinates": [ 91.244384, 24.751401 ] } },
{ "type": "Feature", "properties": { "name": "BRAC Primary School,Kamalpur.", "amenity": "school", "addr_city": null, "osm_id": 6123187958, "osm_type": "nodes" }, "geometry": { "type": "Point", "coordinates": [ 91.2470931, 24.7552105 ] } },
{ "type": "Feature", "properties": { "name": "Shamarchar Govt. Primary School", "amenity": "school", "addr_city": null, "osm_id": 6123187963, "osm_type": "nodes" }, "geometry": { "type": "Point", "coordinates": [ 91.2423295, 24.7506385 ] } },
{ "type": "Feature", "properties": { "name": "Kanupur Govt. Primary School", "amenity": "school", "addr_city": null, "osm_id": 6123187959, "osm_type": "nodes" }, "geometry": { "type": "Point", "coordinates": [ 91.2433648, 24.7572005 ] } },
{ "type": "Feature", "properties": { "name": "Kartikpur Govt. Primary School", "amenity": "school", "addr_city": null, "osm_id": 6123187953, "osm_type": "nodes" }, "geometry": { "type": "Point", "coordinates": [ 91.2577322, 24.7643311 ] } },
{ "type": "Feature", "properties": { "name": "SAPTAGRAM HIGH SCHOOL", "amenity": "school", "addr_city": null, "osm_id": 9697377376, "osm_type": "nodes" }, "geometry": { "type": "Point", "coordinates": [ 92.0555167, 24.5759784 ] } },
{ "type": "Feature", "properties": { "name": "BELAGAON GOVT. PRIMARY SCHOOL", "amenity": "school", "addr_city": null, "osm_id": 9697377371, "osm_type": "nodes" }, "geometry": { "type": "Point", "coordinates": [ 92.1052983, 24.5995746 ] } },
{ "type": "Feature", "properties": { "name": null, "amenity": "school", "addr_city": null, "osm_id": 9697377372, "osm_type": "nodes" }, "geometry": { "type": "Point", "coordinates": [ 92.1314619, 24.6059458 ] } },
{ "type": "Feature", "properties": { "name": "KRISHNANAGAR GOVT. PRIMARY SCHOOL", "amenity": "school", "addr_city": null, "osm_id": 9697377373, "osm_type": "nodes" }, "geometry": { "type": "Point", "coordinates": [ 92.1405659, 24.607693 ] } },
{ "type": "Feature", "properties": { "name": "SILUYA HIGH SCHOOL", "amenity": "school", "addr_city": null, "osm_id": 9697264891, "osm_type": "nodes" }, "geometry": { "type": "Point", "coordinates": [ 92.1600229, 24.5349616 ] } },
{ "type": "Feature", "properties": { "name": "DILDAR PUR HIGH SCHOOL", "amenity": "school", "addr_city": null, "osm_id": 9697377377, "osm_type": "nodes" }, "geometry": { "type": "Point", "coordinates": [ 92.0758417, 24.5467923 ] } },
{ "type": "Feature", "properties": { "name": "JAIFOR NAGAR HIGH SCHOOL", "amenity": "school", "addr_city": null, "osm_id": 9697377375, "osm_type": "nodes" }, "geometry": { "type": "Point", "coordinates": [ 92.0919449, 24.5854758 ] } },
{ "type": "Feature", "properties": { "name": "HOSAIN ALI HIGH SCHOOL", "amenity": "school", "addr_city": null, "osm_id": 9697377368, "osm_type": "nodes" }, "geometry": { "type": "Point", "coordinates": [ 92.150834, 24.5747642 ] } },
{ "type": "Feature", "properties": { "name": "Iqra International School ???? ?????????????? ?????", "amenity": "school", "addr_city": null, "osm_id": 10287004666, "osm_type": "nodes" }, "geometry": { "type": "Point", "coordinates": [ 92.1894476, 24.7138555 ] } },
{ "type": "Feature", "properties": { "name": "SILUYA HIGH SCHOOL", "amenity": "school", "addr_city": null, "osm_id": 9697264891, "osm_type": "nodes" }, "geometry": { "type": "Point", "coordinates": [ 92.1600229, 24.5349616 ] } },
{ "type": "Feature", "properties": { "name": "KULAURA GIRLS HIGH SCHOOL", "amenity": "school", "addr_city": null, "osm_id": 9697377382, "osm_type": "nodes" }, "geometry": { "type": "Point", "coordinates": [ 92.0336615, 24.5202857 ] } },
{ "type": "Feature", "properties": { "name": "BASHIRUL HUSSAIN MODEL GOVT PRIMARY SCHOOL", "amenity": "school", "addr_city": null, "osm_id": 9697377381, "osm_type": "nodes" }, "geometry": { "type": "Point", "coordinates": [ 92.0339581, 24.5228304 ] } },
{ "type": "Feature", "properties": { "name": "POURO GIRLS HIGH SCHOOL", "amenity": "school", "addr_city": null, "osm_id": 9697377379, "osm_type": "nodes" }, "geometry": { "type": "Point", "coordinates": [ 92.0434545, 24.5302189 ] } },
{ "type": "Feature", "properties": { "name": "Ratna High School", "amenity": "school", "addr_city": null, "osm_id": 9706960175, "osm_type": "nodes" }, "geometry": { "type": "Point", "coordinates": [ 91.3786988, 24.4511738 ] } },
{ "type": "Feature", "properties": { "name": "KARMADHA HIGH SCHOOL", "amenity": "school", "addr_city": null, "osm_id": 9697247798, "osm_type": "nodes" }, "geometry": { "type": "Point", "coordinates": [ 92.0204683, 24.4407796 ] } },
{ "type": "Feature", "properties": { "name": null, "amenity": "school", "addr_city": null, "osm_id": 9697377385, "osm_type": "nodes" }, "geometry": { "type": "Point", "coordinates": [ 92.0386793, 24.4651083 ] } },
{ "type": "Feature", "properties": { "name": "Shah Mokhdum College", "amenity": "college", "addr_city": null, "osm_id": 6782276916, "osm_type": "nodes" }, "geometry": { "type": "Point", "coordinates": [ 88.6064263, 24.3619991 ] } },
{ "type": "Feature", "properties": { "name": "Shah Mokhdum College", "amenity": "college", "addr_city": null, "osm_id": 6782276916, "osm_type": "nodes" }, "geometry": { "type": "Point", "coordinates": [ 88.6064263, 24.3619991 ] } },
{ "type": "Feature", "properties": { "name": "Panchdona Sir K.G. Gupta High School", "amenity": "school", "addr_city": null, "osm_id": 9706913792, "osm_type": "nodes" }, "geometry": { "type": "Point", "coordinates": [ 90.6639233, 23.8907348 ] } },
{ "type": "Feature", "properties": { "name": "CHAREKKARIA NADER ALI SECONDARY SCHOOL", "amenity": "school", "addr_city": null, "osm_id": 9528014027, "osm_type": "nodes" }, "geometry": { "type": "Point", "coordinates": [ 90.4630005, 22.8527512 ] } },
{ "type": "Feature", "properties": { "name": "khatail govt primary school", "amenity": "school", "addr_city": null, "osm_id": 6126339962, "osm_type": "nodes" }, "geometry": { "type": "Point", "coordinates": [ 89.4787154, 22.6149369 ] } },
{ "type": "Feature", "properties": { "name": "baroikhali lokkhindar govt primary school", "amenity": "school", "addr_city": null, "osm_id": 6126763110, "osm_type": "nodes" }, "geometry": { "type": "Point", "coordinates": [ 89.5038745, 22.5895335 ] } },
{ "type": "Feature", "properties": { "name": "baroikhali lokkhindar govt school and cyclone centre", "amenity": "school", "addr_city": null, "osm_id": 6126763111, "osm_type": "nodes" }, "geometry": { "type": "Point", "coordinates": [ 89.5040354, 22.5898357 ] } },
{ "type": "Feature", "properties": { "name": "South Bagri Govt. Primary School", "amenity": "school", "addr_city": "Barisal", "osm_id": 9689307012, "osm_type": "nodes" }, "geometry": { "type": "Point", "coordinates": [ 90.143086, 22.5738887 ] } },
{ "type": "Feature", "properties": { "name": "Rajnogar Cannikcor Gov. Primary School.", "amenity": "school", "addr_city": null, "osm_id": 6027830180, "osm_type": "nodes" }, "geometry": { "type": "Point", "coordinates": [ 89.4650562, 22.5542015 ] } },
{ "type": "Feature", "properties": { "name": "GP Secondary School", "amenity": "school", "addr_city": null, "osm_id": 6027830146, "osm_type": "nodes" }, "geometry": { "type": "Point", "coordinates": [ 89.4602443, 22.5337877 ] } },
{ "type": "Feature", "properties": { "name": "Joy nagar dakhil madrasa cam cyclone center.", "amenity": "school", "addr_city": null, "osm_id": 6027830151, "osm_type": "nodes" }, "geometry": { "type": "Point", "coordinates": [ 89.4553761, 22.5337518 ] } },
{ "type": "Feature", "properties": { "name": "Joy Nagar Gov. Primary School Cam Cyclone Center.", "amenity": "school", "addr_city": null, "osm_id": 6027830139, "osm_type": "nodes" }, "geometry": { "type": "Point", "coordinates": [ 89.4610631, 22.5330785 ] } },
{ "type": "Feature", "properties": { "name": "East Mohesshoripur Govt Primay School", "amenity": "school", "addr_city": null, "osm_id": 6112309342, "osm_type": "nodes" }, "geometry": { "type": "Point", "coordinates": [ 89.3480301, 22.4368564 ] } },
{ "type": "Feature", "properties": { "name": "Hogolpati Secondary School", "amenity": "school", "addr_city": null, "osm_id": 6087411569, "osm_type": "nodes" }, "geometry": { "type": "Point", "coordinates": [ 89.7504687, 22.4147182 ] } },
{ "type": "Feature", "properties": { "name": "223 no Boroitola Guatola Government Primary School", "amenity": "school", "addr_city": null, "osm_id": 6087411562, "osm_type": "nodes" }, "geometry": { "type": "Point", "coordinates": [ 89.7887385, 22.4067833 ] } },
{ "type": "Feature", "properties": { "name": "31 no. Deyara Antabunia Government Primary School", "amenity": "school", "addr_city": null, "osm_id": 6126028783, "osm_type": "nodes" }, "geometry": { "type": "Point", "coordinates": [ 89.2849754, 22.3918076 ] } },
{ "type": "Feature", "properties": { "name": "Deyaria Zakaria Shikkha Niketan School.", "amenity": "school", "addr_city": null, "osm_id": 6126028784, "osm_type": "nodes" }, "geometry": { "type": "Point", "coordinates": [ 89.2848936, 22.3919985 ] } },
{ "type": "Feature", "properties": { "name": "Safollo Shisu School", "amenity": "school", "addr_city": null, "osm_id": 6114040651, "osm_type": "nodes" }, "geometry": { "type": "Point", "coordinates": [ 89.3062681, 22.3082869 ] } },
{ "type": "Feature", "properties": { "name": "Borobari High School", "amenity": "school", "addr_city": null, "osm_id": 6114040881, "osm_type": "nodes" }, "geometry": { "type": "Point", "coordinates": [ 89.309468, 22.3118676 ] } },
{ "type": "Feature", "properties": { "name": "Borobari Govt primary School", "amenity": "school", "addr_city": null, "osm_id": 6114040904, "osm_type": "nodes" }, "geometry": { "type": "Point", "coordinates": [ 89.3068139, 22.3113688 ] } },
{ "type": "Feature", "properties": { "name": "Chawmuhuni Gudghat To Haridra Khali School", "amenity": "school", "addr_city": null, "osm_id": 5993296951, "osm_type": "nodes" }, "geometry": { "type": "Point", "coordinates": [ 90.4591164, 22.0014258 ] } },
{ "type": "Feature", "properties": { "name": "Ankujanpara Govt. Primary School+ Cyclone Shelter", "amenity": "school", "addr_city": null, "osm_id": 6212339093, "osm_type": "nodes" }, "geometry": { "type": "Point", "coordinates": [ 90.0711429, 21.9538874 ] } },
{ "type": "Feature", "properties": { "name": "Bothipara Junior High School", "amenity": "school", "addr_city": null, "osm_id": 6212339094, "osm_type": "nodes" }, "geometry": { "type": "Point", "coordinates": [ 90.0709082, 21.952896 ] } },
{ "type": "Feature", "properties": { "name": "???????? ?????? ????", "amenity": "university", "addr_city": null, "osm_id": 6409492779, "osm_type": "nodes" }, "geometry": { "type": "Point", "coordinates": [ 88.7589553, 26.1156102 ] } },
{ "type": "Feature", "properties": { "name": "BLMD Member Para Community Pre-School", "amenity": "school", "addr_city": "Nilphamari Sadar", "osm_id": 5291050031, "osm_type": "nodes" }, "geometry": { "type": "Point", "coordinates": [ 88.8716781, 26.0341606 ] } },
{ "type": "Feature", "properties": { "name": "Luxmichap B.L High School", "amenity": "school", "addr_city": "Nilphamari Sadar", "osm_id": 5290966722, "osm_type": "nodes" }, "geometry": { "type": "Point", "coordinates": [ 88.8645154, 26.0435879 ] } },
{ "type": "Feature", "properties": { "name": "9 no: Foridpur goverment primary school", "amenity": "school", "addr_city": null, "osm_id": 11955706245, "osm_type": "nodes" }, "geometry": { "type": "Point", "coordinates": [ 88.6232451, 26.0221891 ] } },
{ "type": "Feature", "properties": { "name": null, "amenity": "school", "addr_city": null, "osm_id": 5292788421, "osm_type": "nodes" }, "geometry": { "type": "Point", "coordinates": [ 88.8546494, 25.9358724 ] } },
{ "type": "Feature", "properties": { "name": null, "amenity": "school", "addr_city": null, "osm_id": 5292828221, "osm_type": "nodes" }, "geometry": { "type": "Point", "coordinates": [ 88.8613716, 25.9275103 ] } },
{ "type": "Feature", "properties": { "name": "Sararpar High School", "amenity": "school", "addr_city": "Nilphamari Sadar", "osm_id": 5291412521, "osm_type": "nodes" }, "geometry": { "type": "Point", "coordinates": [ 88.8853498, 25.9295955 ] } },
{ "type": "Feature", "properties": { "name": null, "amenity": "school", "addr_city": null, "osm_id": 5291406123, "osm_type": "nodes" }, "geometry": { "type": "Point", "coordinates": [ 88.8852353, 25.9300934 ] } },
{ "type": "Feature", "properties": { "name": "Mashiur Rahman Collage", "amenity": "college", "addr_city": "Nilphamari", "osm_id": 7425361211, "osm_type": "nodes" }, "geometry": { "type": "Point", "coordinates": [ 88.8676559, 25.9175942 ] } },
{ "type": "Feature", "properties": { "name": "Birganj kandrio govt. primary school", "amenity": "school", "addr_city": null, "osm_id": 11966304898, "osm_type": "nodes" }, "geometry": { "type": "Point", "coordinates": [ 88.6536193, 25.8630384 ] } },
{ "type": "Feature", "properties": { "name": "Paradise Noorani Kindergarten & School", "amenity": "school", "addr_city": null, "osm_id": 11966300621, "osm_type": "nodes" }, "geometry": { "type": "Point", "coordinates": [ 88.6531415, 25.8636706 ] } },
{ "type": "Feature", "properties": { "name": "Birganj Municipal High School", "amenity": "school", "addr_city": null, "osm_id": 11966326915, "osm_type": "nodes" }, "geometry": { "type": "Point", "coordinates": [ 88.6480726, 25.8669405 ] } },
{ "type": "Feature", "properties": { "name": "Ibrahim Memorial Shikkha Niketan, School", "amenity": "school", "addr_city": null, "osm_id": 11971896204, "osm_type": "nodes" }, "geometry": { "type": "Point", "coordinates": [ 88.6554277, 25.8559971 ] } },
{ "type": "Feature", "properties": { "name": "Ghoraband High School", "amenity": "school", "addr_city": null, "osm_id": 11971858568, "osm_type": "nodes" }, "geometry": { "type": "Point", "coordinates": [ 88.6554772, 25.8583761 ] } },
{ "type": "Feature", "properties": { "name": "TIMES Public School & College", "amenity": "school", "addr_city": null, "osm_id": 11971888955, "osm_type": "nodes" }, "geometry": { "type": "Point", "coordinates": [ 88.6549576, 25.8575526 ] } },
{ "type": "Feature", "properties": { "name": "Birganj Pilot Govt. High School", "amenity": "school", "addr_city": null, "osm_id": 11971930288, "osm_type": "nodes" }, "geometry": { "type": "Point", "coordinates": [ 88.6548502, 25.8549845 ] } },
{ "type": "Feature", "properties": { "name": "PURBA MILLIK PUR M HIGH SCHOOL", "amenity": "school", "addr_city": null, "osm_id": 11971920855, "osm_type": "nodes" }, "geometry": { "type": "Point", "coordinates": [ 88.6779418, 25.7932802 ] } },
{ "type": "Feature", "properties": { "name": "East Mallikpur H.S. College", "amenity": "college", "addr_city": null, "osm_id": 11971902666, "osm_type": "nodes" }, "geometry": { "type": "Point", "coordinates": [ 88.67775, 25.7928252 ] } },
{ "type": "Feature", "properties": { "name": "Purbo mollik put mohajir high school", "amenity": "school", "addr_city": null, "osm_id": 11971896120, "osm_type": "nodes" }, "geometry": { "type": "Point", "coordinates": [ 88.6753764, 25.784506 ] } },
{ "type": "Feature", "properties": { "name": "Chor vita madrasha", "amenity": "school", "addr_city": null, "osm_id": 5646110834, "osm_type": "nodes" }, "geometry": { "type": "Point", "coordinates": [ 89.7034657, 25.5923927 ] } },
{ "type": "Feature", "properties": { "name": "Chor vita Vasoman school", "amenity": "school", "addr_city": null, "osm_id": 5861866930, "osm_type": "nodes" }, "geometry": { "type": "Point", "coordinates": [ 89.7009391, 25.5950918 ] } },
{ "type": "Feature", "properties": { "name": "Chor vita gov primary School", "amenity": "school", "addr_city": null, "osm_id": 5861865516, "osm_type": "nodes" }, "geometry": { "type": "Point", "coordinates": [ 89.7048403, 25.5936028 ] } },
{ "type": "Feature", "properties": { "name": "Parbatipur Adarsha College", "amenity": "college", "addr_city": "Parbatipur", "osm_id": 3037417015, "osm_type": "nodes" }, "geometry": { "type": "Point", "coordinates": [ 88.9205256, 25.6461753 ] } },
{ "type": "Feature", "properties": { "name": "Sikarpur Lower Secondery School (Friendship)", "amenity": "school", "addr_city": null, "osm_id": 5642624753, "osm_type": "nodes" }, "geometry": { "type": "Point", "coordinates": [ 89.7205406, 25.4461907 ] } },
{ "type": "Feature", "properties": { "name": "JIGA BARI HIGH SCHOOL", "amenity": "school", "addr_city": null, "osm_id": 9697917574, "osm_type": "nodes" }, "geometry": { "type": "Point", "coordinates": [ 89.7274445, 25.3329606 ] } },
{ "type": "Feature", "properties": { "name": null, "amenity": "school", "addr_city": null, "osm_id": 6929026287, "osm_type": "nodes" }, "geometry": { "type": "Point", "coordinates": [ 88.6435807, 25.6429918 ] } },
{ "type": "Feature", "properties": { "name": "Deshma De-Mukhi High School Road", "amenity": "school", "addr_city": null, "osm_id": 6741929302, "osm_type": "nodes" }, "geometry": { "type": "Point", "coordinates": [ 88.8567593, 25.3855375 ] } },
{ "type": "Feature", "properties": { "name": "Khoshalpur govt. primary school", "amenity": "school", "addr_city": null, "osm_id": 11975205335, "osm_type": "nodes" }, "geometry": { "type": "Point", "coordinates": [ 88.6801988, 25.7389113 ] } },
{ "type": "Feature", "properties": { "name": "Saint Josheph's School", "amenity": "school", "addr_city": null, "osm_id": 11986142940, "osm_type": "nodes" }, "geometry": { "type": "Point", "coordinates": [ 88.6373842, 25.6309396 ] } },
{ "type": "Feature", "properties": { "name": "Dinajpur Government Law College", "amenity": "school", "addr_city": null, "osm_id": 11993656888, "osm_type": "nodes" }, "geometry": { "type": "Point", "coordinates": [ 88.6408651, 25.6285194 ] } },
{ "type": "Feature", "properties": { "name": "South Balubari Govt. Primary School", "amenity": "school", "addr_city": null, "osm_id": 11993650414, "osm_type": "nodes" }, "geometry": { "type": "Point", "coordinates": [ 88.642307, 25.6273667 ] } },
{ "type": "Feature", "properties": { "name": "Collegiate Girls High School And College", "amenity": "school", "addr_city": null, "osm_id": 11993670299, "osm_type": "nodes" }, "geometry": { "type": "Point", "coordinates": [ 88.6423957, 25.6247358 ] } },
{ "type": "Feature", "properties": { "name": "Dinajpur Govt. Womens College", "amenity": "college", "addr_city": null, "osm_id": 11993656716, "osm_type": "nodes" }, "geometry": { "type": "Point", "coordinates": [ 88.6426041, 25.6236518 ] } },
{ "type": "Feature", "properties": { "name": "Dinajpur Technical Training Center", "amenity": "school", "addr_city": null, "osm_id": 11986061984, "osm_type": "nodes" }, "geometry": { "type": "Point", "coordinates": [ 88.6259486, 25.6300612 ] } },
{ "type": "Feature", "properties": { "name": "Caritas, trade school", "amenity": "school", "addr_city": null, "osm_id": 11975250330, "osm_type": "nodes" }, "geometry": { "type": "Point", "coordinates": [ 88.6523474, 25.6696298 ] } },
{ "type": "Feature", "properties": { "name": "Saint francis school", "amenity": "school", "addr_city": null, "osm_id": 11975236584, "osm_type": "nodes" }, "geometry": { "type": "Point", "coordinates": [ 88.6520481, 25.6899973 ] } },
{ "type": "Feature", "properties": { "name": "Firijpur Govt Primary School", "amenity": "school", "addr_city": null, "osm_id": 5779675564, "osm_type": "nodes" }, "geometry": { "type": "Point", "coordinates": [ 91.2205071, 25.1238967 ] } },
{ "type": "Feature", "properties": { "name": "Mahmud pur government primay school", "amenity": "school", "addr_city": null, "osm_id": 6124526829, "osm_type": "nodes" }, "geometry": { "type": "Point", "coordinates": [ 91.0579652, 25.0998478 ] } },
{ "type": "Feature", "properties": { "name": "Lohacura Dokkhin Para Maktob", "amenity": "school", "addr_city": null, "osm_id": 5779675580, "osm_type": "nodes" }, "geometry": { "type": "Point", "coordinates": [ 91.233733, 25.0956226 ] } },
{ "type": "Feature", "properties": { "name": "Ganai Shaheed Motaleb High School", "amenity": "school", "addr_city": null, "osm_id": 12819280641, "osm_type": "nodes" }, "geometry": { "type": "Point", "coordinates": [ 90.0426657, 25.0262348 ] } },
{ "type": "Feature", "properties": { "name": "Nizam Uddin Ahmed Model College, College", "amenity": "college", "addr_city": null, "osm_id": 12819255070, "osm_type": "nodes" }, "geometry": { "type": "Point", "coordinates": [ 90.0524869, 25.0335368 ] } },
{ "type": "Feature", "properties": { "name": "Pratabnagar D.N. Intellectually Handicapped and Autistic School", "amenity": "school", "addr_city": null, "osm_id": 12800223737, "osm_type": "nodes" }, "geometry": { "type": "Point", "coordinates": [ 90.0556305, 25.1833503 ] } },
{ "type": "Feature", "properties": { "name": "Putolpara Government Primary School, School", "amenity": "school", "addr_city": null, "osm_id": 12797730418, "osm_type": "nodes" }, "geometry": { "type": "Point", "coordinates": [ 90.0461639, 25.1264677 ] } },
{ "type": "Feature", "properties": { "name": "Nabinagar Government Primary School, Primary school", "amenity": "school", "addr_city": null, "osm_id": 12771989408, "osm_type": "nodes" }, "geometry": { "type": "Point", "coordinates": [ 90.025286, 25.0051252 ] } },
{ "type": "Feature", "properties": { "name": "Minoti Biddha Nikaton, School", "amenity": "school", "addr_city": null, "osm_id": 12762196365, "osm_type": "nodes" }, "geometry": { "type": "Point", "coordinates": [ 90.0305597, 24.9952692 ] } },
{ "type": "Feature", "properties": { "name": "Sherpur Polytechnic Institute, Polytechnic institute", "amenity": "college", "addr_city": null, "osm_id": 12762179667, "osm_type": "nodes" }, "geometry": { "type": "Point", "coordinates": [ 90.0481053, 24.9872264 ] } },
{ "type": "Feature", "properties": { "name": "Ghagra Dakkhinpara F. Rahman High School", "amenity": "school", "addr_city": null, "osm_id": 12744493109, "osm_type": "nodes" }, "geometry": { "type": "Point", "coordinates": [ 90.0434878, 25.1150889 ] } },
{ "type": "Feature", "properties": { "name": "Hasligaon Government Primary School, Primary school", "amenity": "school", "addr_city": null, "osm_id": 12744456084, "osm_type": "nodes" }, "geometry": { "type": "Point", "coordinates": [ 90.0517652, 25.1095471 ] } },
{ "type": "Feature", "properties": { "name": "Sherpur Govt. Technical School and College", "amenity": "college", "addr_city": null, "osm_id": 12762149487, "osm_type": "nodes" }, "geometry": { "type": "Point", "coordinates": [ 90.0275849, 24.9984012 ] } },
{ "type": "Feature", "properties": { "name": "Sarikalinagar Primary School, Primary school", "amenity": "school", "addr_city": null, "osm_id": 12797744812, "osm_type": "nodes" }, "geometry": { "type": "Point", "coordinates": [ 90.0469484, 25.1639282 ] } },
{ "type": "Feature", "properties": { "name": "Alhaj Babat Alli High School, High school", "amenity": "school", "addr_city": null, "osm_id": 12819279361, "osm_type": "nodes" }, "geometry": { "type": "Point", "coordinates": [ 90.0380706, 25.0288785 ] } },
{ "type": "Feature", "properties": { "name": "Alhaj Shafiuddin Ahmad College, College", "amenity": "college", "addr_city": null, "osm_id": 12800213404, "osm_type": "nodes" }, "geometry": { "type": "Point", "coordinates": [ 90.0548749, 25.1831455 ] } },
{ "type": "Feature", "properties": { "name": "Ashraful Alam Habitat, School", "amenity": "school", "addr_city": null, "osm_id": 12698209303, "osm_type": "nodes" }, "geometry": { "type": "Point", "coordinates": [ 89.9677885, 24.9607863 ] } },
{ "type": "Feature", "properties": { "name": "Joykalas Ujanigaon Rashidia Govt. High School", "amenity": "school", "addr_city": null, "osm_id": 9707654270, "osm_type": "nodes" }, "geometry": { "type": "Point", "coordinates": [ 91.3943043, 24.9463654 ] } },
{ "type": "Feature", "properties": { "name": "Gagli Narainpur Junior School", "amenity": "school", "addr_city": null, "osm_id": 9707654271, "osm_type": "nodes" }, "geometry": { "type": "Point", "coordinates": [ 91.367032, 24.9577199 ] } },
{ "type": "Feature", "properties": { "name": "Primary School, kulurchor, School", "amenity": "school", "addr_city": null, "osm_id": 12730756459, "osm_type": "nodes" }, "geometry": { "type": "Point", "coordinates": [ 89.9634833, 24.9344841 ] } },
{ "type": "Feature", "properties": { "name": "Jahangir alam, Kindergarten", "amenity": "kindergarten", "addr_city": null, "osm_id": 12698217035, "osm_type": "nodes" }, "geometry": { "type": "Point", "coordinates": [ 89.9658222, 24.9331633 ] } },
{ "type": "Feature", "properties": { "name": "The Prime Pre Cadet School and College, High school", "amenity": "school", "addr_city": null, "osm_id": 12696002648, "osm_type": "nodes" }, "geometry": { "type": "Point", "coordinates": [ 89.9636784, 24.9217658 ] } },
{ "type": "Feature", "properties": { "name": "Akota High School", "amenity": "school", "addr_city": null, "osm_id": 9707489654, "osm_type": "nodes" }, "geometry": { "type": "Point", "coordinates": [ 91.563459, 24.8755052 ] } },
{ "type": "Feature", "properties": { "name": "Resource Medical Assistant Training School", "amenity": "school", "addr_city": null, "osm_id": 3558487508, "osm_type": "nodes" }, "geometry": { "type": "Point", "coordinates": [ 90.7362431, 24.8702566 ] } },
{ "type": "Feature", "properties": { "name": "Anondo Niketon Kindergarten", "amenity": "kindergarten", "addr_city": null, "osm_id": 3558487503, "osm_type": "nodes" }, "geometry": { "type": "Point", "coordinates": [ 90.7344031, 24.8708629 ] } },
{ "type": "Feature", "properties": { "name": "Netrokona Nursing Institute", "amenity": "college", "addr_city": null, "osm_id": 3558445436, "osm_type": "nodes" }, "geometry": { "type": "Point", "coordinates": [ 90.7328864, 24.8713837 ] } },
{ "type": "Feature", "properties": { "name": "Rowsonara Mohiuddin Chowdhuri Hafijia Madrasa", "amenity": "school", "addr_city": null, "osm_id": 3558487509, "osm_type": "nodes" }, "geometry": { "type": "Point", "coordinates": [ 90.7362838, 24.8698169 ] } },
{ "type": "Feature", "properties": { "name": "Child Heaven Kindergarten", "amenity": "kindergarten", "addr_city": null, "osm_id": 3559007762, "osm_type": "nodes" }, "geometry": { "type": "Point", "coordinates": [ 90.730127, 24.8713485 ] } },
{ "type": "Feature", "properties": { "name": "Netrakona Polytecnic and Textile Institute", "amenity": "college", "addr_city": null, "osm_id": 3559007772, "osm_type": "nodes" }, "geometry": { "type": "Point", "coordinates": [ 90.7298704, 24.8715208 ] } },
{ "type": "Feature", "properties": { "name": "Hazi Jamal Uddin High School", "amenity": "school", "addr_city": null, "osm_id": 9707489652, "osm_type": "nodes" }, "geometry": { "type": "Point", "coordinates": [ 91.5636223, 24.8550003 ] } },
{ "type": "Feature", "properties": { "name": "Saotul Quran Madrasha, Religious school", "amenity": "school", "addr_city": null, "osm_id": 12465187407, "osm_type": "nodes" }, "geometry": { "type": "Point", "coordinates": [ 90.3822688, 24.7759202 ] } },
{ "type": "Feature", "properties": { "name": "Charnerchar S D P highschool", "amenity": "school", "addr_city": null, "osm_id": 6123187951, "osm_type": "nodes" }, "geometry": { "type": "Point", "coordinates": [ 91.2618533, 24.7581528 ] } },
{ "type": "Feature", "properties": { "name": "Charnerchar Govt. Primary School", "amenity": "school", "addr_city": null, "osm_id": 6123187950, "osm_type": "nodes" }, "geometry": { "type": "Point", "coordinates": [ 91.2654287, 24.7588056 ] } },
{ "type": "Feature", "properties": { "name": "Haydorpur High School", "amenity": "school", "addr_city": null, "osm_id": 9707464040, "osm_type": "nodes" }, "geometry": { "type": "Point", "coordinates": [ 91.5553412, 24.8420424 ] } },
{ "type": "Feature", "properties": { "name": "??????? ?????? ???????? ?????????", "amenity": "school", "addr_city": "Dhanbari", "osm_id": 5416622898, "osm_type": "nodes" }, "geometry": { "type": "Point", "coordinates": [ 89.9736337, 24.6825734 ] } },
{ "type": "Feature", "properties": { "name": "Dhanbari Nawab Government Primary School", "amenity": "school", "addr_city": null, "osm_id": 12649360277, "osm_type": "nodes" }, "geometry": { "type": "Point", "coordinates": [ 89.956193, 24.6738823 ] } },
{ "type": "Feature", "properties": { "name": "Dhanbari Alim Madrasa, College", "amenity": "college", "addr_city": null, "osm_id": 12638187214, "osm_type": "nodes" }, "geometry": { "type": "Point", "coordinates": [ 89.957016, 24.6688429 ] } },
{ "type": "Feature", "properties": { "name": "?????????? ?????? ???????? ????????", "amenity": "school", "addr_city": null, "osm_id": 11019648038, "osm_type": "nodes" }, "geometry": { "type": "Point", "coordinates": [ 90.8839533, 24.6508485 ] } },
{ "type": "Feature", "properties": { "name": "Monohorpur Jr. Secondary School", "amenity": "school", "addr_city": null, "osm_id": 9703475897, "osm_type": "nodes" }, "geometry": { "type": "Point", "coordinates": [ 88.0549774, 24.6568498 ] } },
{ "type": "Feature", "properties": { "name": "Monohorpur Jr. Secondary School", "amenity": "school", "addr_city": null, "osm_id": 9703475897, "osm_type": "nodes" }, "geometry": { "type": "Point", "coordinates": [ 88.0549774, 24.6568498 ] } },
{ "type": "Feature", "properties": { "name": "Narayanpur Govt Primary School, Primary school", "amenity": "school", "addr_city": null, "osm_id": 12669605422, "osm_type": "nodes" }, "geometry": { "type": "Point", "coordinates": [ 89.9383967, 24.8142735 ] } },
{ "type": "Feature", "properties": { "name": "Titpalla Kanakura Government Primary School, School", "amenity": "school", "addr_city": null, "osm_id": 12669635896, "osm_type": "nodes" }, "geometry": { "type": "Point", "coordinates": [ 89.9403393, 24.8404393 ] } },
{ "type": "Feature", "properties": { "name": "Shaheen School, Digpait Branch, School", "amenity": "school", "addr_city": null, "osm_id": 12651848937, "osm_type": "nodes" }, "geometry": { "type": "Point", "coordinates": [ 89.9274193, 24.7670826 ] } },
{ "type": "Feature", "properties": { "name": "Jamtoli Zahura Rustom Adarsh Dakhil Madrasa, School", "amenity": "school", "addr_city": null, "osm_id": 12651823576, "osm_type": "nodes" }, "geometry": { "type": "Point", "coordinates": [ 89.9415374, 24.7272047 ] } },
{ "type": "Feature", "properties": { "name": "RAHIMA MOZAFFAR IDEAL GIRLS SCHOOL And COLLEGE", "amenity": "college", "addr_city": null, "osm_id": 12651845928, "osm_type": "nodes" }, "geometry": { "type": "Point", "coordinates": [ 89.927064, 24.7675234 ] } },
{ "type": "Feature", "properties": { "name": "Al Azhar Ideal Madrasha, School", "amenity": "school", "addr_city": null, "osm_id": 12647093920, "osm_type": "nodes" }, "geometry": { "type": "Point", "coordinates": [ 89.9194793, 24.7659271 ] } },
{ "type": "Feature", "properties": { "name": "Mamtaz Ali High School, High school", "amenity": "school", "addr_city": null, "osm_id": 12640352373, "osm_type": "nodes" }, "geometry": { "type": "Point", "coordinates": [ 89.947537, 24.7074008 ] } },
{ "type": "Feature", "properties": { "name": "Ramkrisnobari Government Primary School", "amenity": "school", "addr_city": null, "osm_id": 12640182491, "osm_type": "nodes" }, "geometry": { "type": "Point", "coordinates": [ 89.9474216, 24.7078879 ] } },
{ "type": "Feature", "properties": { "name": "Noorani and Model School, School", "amenity": "school", "addr_city": null, "osm_id": 12640362325, "osm_type": "nodes" }, "geometry": { "type": "Point", "coordinates": [ 89.9417674, 24.7245685 ] } },
{ "type": "Feature", "properties": { "name": "Shahin English Private Centre, School", "amenity": "school", "addr_city": null, "osm_id": 12430117731, "osm_type": "nodes" }, "geometry": { "type": "Point", "coordinates": [ 89.9962487, 24.5549688 ] } },
{ "type": "Feature", "properties": { "name": "Deulabari Madrasa, School", "amenity": "school", "addr_city": null, "osm_id": 12406962213, "osm_type": "nodes" }, "geometry": { "type": "Point", "coordinates": [ 89.9972186, 24.5568263 ] } },
{ "type": "Feature", "properties": { "name": "Tarail Model Pilot High School", "amenity": "school", "addr_city": null, "osm_id": 6162796775, "osm_type": "nodes" }, "geometry": { "type": "Point", "coordinates": [ 90.893138, 24.54938 ] } },
{ "type": "Feature", "properties": { "name": "Pakutia Public Model High School", "amenity": "school", "addr_city": null, "osm_id": 12415514067, "osm_type": "nodes" }, "geometry": { "type": "Point", "coordinates": [ 89.9832777, 24.5319117 ] } },
{ "type": "Feature", "properties": { "name": "Garbishudia Govt. Primary School", "amenity": "school", "addr_city": null, "osm_id": 5447509698, "osm_type": "nodes" }, "geometry": { "type": "Point", "coordinates": [ 90.6319762, 24.4501163 ] } },
{ "type": "Feature", "properties": { "name": "Pitolganj High School", "amenity": "school", "addr_city": null, "osm_id": 5878625100, "osm_type": "nodes" }, "geometry": { "type": "Point", "coordinates": [ 90.6387929, 24.4465001 ] } },
{ "type": "Feature", "properties": { "name": "Anand Niketan Kindergarten, Kadamtali, Elementary school", "amenity": "school", "addr_city": null, "osm_id": 12412106379, "osm_type": "nodes" }, "geometry": { "type": "Point", "coordinates": [ 89.9930124, 24.4173353 ] } },
{ "type": "Feature", "properties": { "name": "Birchary Basubari Government Primary School", "amenity": "school", "addr_city": null, "osm_id": 12404626878, "osm_type": "nodes" }, "geometry": { "type": "Point", "coordinates": [ 89.9796093, 24.4373344 ] } },
{ "type": "Feature", "properties": { "name": "Kadamtali Hasan Public High School", "amenity": "school", "addr_city": null, "osm_id": 12404555589, "osm_type": "nodes" }, "geometry": { "type": "Point", "coordinates": [ 89.9912174, 24.41838 ] } },
{ "type": "Feature", "properties": { "name": "Brahman Shashan Womens College, College", "amenity": "college", "addr_city": null, "osm_id": 12412346463, "osm_type": "nodes" }, "geometry": { "type": "Point", "coordinates": [ 89.9839463, 24.4427596 ] } },
{ "type": "Feature", "properties": { "name": "Halima Sadia Re: Mahila Madrasa, High school", "amenity": "school", "addr_city": null, "osm_id": 12412168244, "osm_type": "nodes" }, "geometry": { "type": "Point", "coordinates": [ 89.9946347, 24.4151922 ] } },
{ "type": "Feature", "properties": { "name": "Rose Bird Pre-Cadet School", "amenity": "school", "addr_city": null, "osm_id": 12172160495, "osm_type": "nodes" }, "geometry": { "type": "Point", "coordinates": [ 90.3876949, 24.4136641 ] } },
{ "type": "Feature", "properties": { "name": "Major Afsar Uddin Junior High School", "amenity": "school", "addr_city": null, "osm_id": 12172269559, "osm_type": "nodes" }, "geometry": { "type": "Point", "coordinates": [ 90.3868588, 24.4074448 ] } },
{ "type": "Feature", "properties": { "name": "Bhaluka Degree College", "amenity": "college", "addr_city": null, "osm_id": 7065809188, "osm_type": "nodes" }, "geometry": { "type": "Point", "coordinates": [ 90.3882216, 24.412515 ] } },
{ "type": "Feature", "properties": { "name": "Bhaluka Pilot High School", "amenity": "school", "addr_city": null, "osm_id": 7065827593, "osm_type": "nodes" }, "geometry": { "type": "Point", "coordinates": [ 90.3855327, 24.4082835 ] } },
{ "type": "Feature", "properties": { "name": "Bhaluka Pilot High School", "amenity": "school", "addr_city": null, "osm_id": 12185961582, "osm_type": "nodes" }, "geometry": { "type": "Point", "coordinates": [ 90.3850835, 24.4087511 ] } },
{ "type": "Feature", "properties": { "name": "Valuka Engineering Institute, College", "amenity": "college", "addr_city": null, "osm_id": 12185987421, "osm_type": "nodes" }, "geometry": { "type": "Point", "coordinates": [ 90.3867585, 24.4136881 ] } },
{ "type": "Feature", "properties": { "name": "Khan Bahadur Ahia High School Atukura", "amenity": "school", "addr_city": null, "osm_id": 9706960173, "osm_type": "nodes" }, "geometry": { "type": "Point", "coordinates": [ 91.3964647, 24.4244578 ] } },
{ "type": "Feature", "properties": { "name": "Satgram Akata High School", "amenity": "school", "addr_city": null, "osm_id": 9706960174, "osm_type": "nodes" }, "geometry": { "type": "Point", "coordinates": [ 91.4130125, 24.4437165 ] } },
{ "type": "Feature", "properties": { "name": "Hamidpur Nowdapara Pailot High School", "amenity": "school", "addr_city": "Rajshahi", "osm_id": 7442713759, "osm_type": "nodes" }, "geometry": { "type": "Point", "coordinates": [ 88.6072738, 24.4038636 ] } },
{ "type": "Feature", "properties": { "name": "Metropolitan College, Rajshahi", "amenity": "college", "addr_city": null, "osm_id": 11345606095, "osm_type": "nodes" }, "geometry": { "type": "Point", "coordinates": [ 88.6087275, 24.3931543 ] } },
{ "type": "Feature", "properties": { "name": "Purbashinda Primary School", "amenity": "school", "addr_city": null, "osm_id": 2800686606, "osm_type": "nodes" }, "geometry": { "type": "Point", "coordinates": [ 90.0508149, 24.4017079 ] } },
{ "type": "Feature", "properties": { "name": "Kalihati Shajahan Siraj College, College", "amenity": "college", "addr_city": null, "osm_id": 12395778315, "osm_type": "nodes" }, "geometry": { "type": "Point", "coordinates": [ 89.9963653, 24.3896655 ] } },
{ "type": "Feature", "properties": { "name": "Kalihati Islamic kindergarten, Kindergarten", "amenity": "kindergarten", "addr_city": null, "osm_id": 12395761072, "osm_type": "nodes" }, "geometry": { "type": "Point", "coordinates": [ 89.999184, 24.3893554 ] } },
{ "type": "Feature", "properties": { "name": "Uttar Betdoba Fatema Halim High School", "amenity": "school", "addr_city": null, "osm_id": 12409280746, "osm_type": "nodes" }, "geometry": { "type": "Point", "coordinates": [ 89.9954874, 24.3936867 ] } },
{ "type": "Feature", "properties": { "name": "Hamidpur Islamiya Fazil Madrasha, School", "amenity": "school", "addr_city": null, "osm_id": 12404521895, "osm_type": "nodes" }, "geometry": { "type": "Point", "coordinates": [ 89.9926656, 24.3967633 ] } },
{ "type": "Feature", "properties": { "name": "Kalihati RS Government Pilot High School", "amenity": "school", "addr_city": null, "osm_id": 12404574068, "osm_type": "nodes" }, "geometry": { "type": "Point", "coordinates": [ 89.9950836, 24.3908009 ] } },
{ "type": "Feature", "properties": { "name": "Rajshahi New Degree College", "amenity": "college", "addr_city": null, "osm_id": 9590393414, "osm_type": "nodes" }, "geometry": { "type": "Point", "coordinates": [ 88.5832981, 24.3691929 ] } },
{ "type": "Feature", "properties": { "name": "Labrotary High School", "amenity": "school", "addr_city": null, "osm_id": 9590393402, "osm_type": "nodes" }, "geometry": { "type": "Point", "coordinates": [ 88.5818438, 24.3710984 ] } },
{ "type": "Feature", "properties": { "name": "Rajshahi Model School & College", "amenity": "college", "addr_city": null, "osm_id": 5346281828, "osm_type": "nodes" }, "geometry": { "type": "Point", "coordinates": [ 88.5757048, 24.3677658 ] } },
{ "type": "Feature", "properties": { "name": "Geology & Mining", "amenity": "university", "addr_city": null, "osm_id": 11046136097, "osm_type": "nodes" }, "geometry": { "type": "Point", "coordinates": [ 88.587919, 24.3665166 ] } },
{ "type": "Feature", "properties": { "name": "Rajshahi New Degree College", "amenity": "college", "addr_city": null, "osm_id": 9590393414, "osm_type": "nodes" }, "geometry": { "type": "Point", "coordinates": [ 88.5832981, 24.3691929 ] } },
{ "type": "Feature", "properties": { "name": "Rajshahi Model School & College", "amenity": "college", "addr_city": null, "osm_id": 5346281828, "osm_type": "nodes" }, "geometry": { "type": "Point", "coordinates": [ 88.5757048, 24.3677658 ] } },
{ "type": "Feature", "properties": { "name": "Labrotary High School", "amenity": "school", "addr_city": null, "osm_id": 9590393402, "osm_type": "nodes" }, "geometry": { "type": "Point", "coordinates": [ 88.5818438, 24.3710984 ] } },
{ "type": "Feature", "properties": { "name": "Geology & Mining", "amenity": "university", "addr_city": null, "osm_id": 11046136097, "osm_type": "nodes" }, "geometry": { "type": "Point", "coordinates": [ 88.587919, 24.3665166 ] } },
{ "type": "Feature", "properties": { "name": "Sunrise Model School", "amenity": "school", "addr_city": null, "osm_id": 12169852306, "osm_type": "nodes" }, "geometry": { "type": "Point", "coordinates": [ 90.3804485, 24.3267774 ] } },
{ "type": "Feature", "properties": { "name": "Elenga High School", "amenity": "school", "addr_city": null, "osm_id": 9592457864, "osm_type": "nodes" }, "geometry": { "type": "Point", "coordinates": [ 89.9200559, 24.3362734 ] } },
{ "type": "Feature", "properties": { "name": "Pathailkandi Government Primary School, Primary school", "amenity": "school", "addr_city": null, "osm_id": 12615629560, "osm_type": "nodes" }, "geometry": { "type": "Point", "coordinates": [ 89.916015, 24.3440199 ] } },
{ "type": "Feature", "properties": { "name": "Bhavla Government Primary School, Primary school", "amenity": "school", "addr_city": null, "osm_id": 12615663775, "osm_type": "nodes" }, "geometry": { "type": "Point", "coordinates": [ 89.903371, 24.3574876 ] } },
{ "type": "Feature", "properties": { "name": "Elenga Government Primary School", "amenity": "school", "addr_city": null, "osm_id": 12397572471, "osm_type": "nodes" }, "geometry": { "type": "Point", "coordinates": [ 89.9196263, 24.3381517 ] } },
{ "type": "Feature", "properties": { "name": "Elenga High School, High school", "amenity": "school", "addr_city": null, "osm_id": 12397565065, "osm_type": "nodes" }, "geometry": { "type": "Point", "coordinates": [ 89.9193241, 24.3391571 ] } },
{ "type": "Feature", "properties": { "name": "Oxford International School, School", "amenity": "school", "addr_city": null, "osm_id": 12397587623, "osm_type": "nodes" }, "geometry": { "type": "Point", "coordinates": [ 89.920191, 24.3372098 ] } },
{ "type": "Feature", "properties": { "name": "Govt Shamsul Haque College", "amenity": "college", "addr_city": null, "osm_id": 12397587622, "osm_type": "nodes" }, "geometry": { "type": "Point", "coordinates": [ 89.9200646, 24.3356266 ] } },
{ "type": "Feature", "properties": { "name": "Potol Govt Primary School", "amenity": "school", "addr_city": null, "osm_id": 9592457859, "osm_type": "nodes" }, "geometry": { "type": "Point", "coordinates": [ 89.8555898, 24.3632727 ] } },
{ "type": "Feature", "properties": { "name": "Dasshika High School", "amenity": "school", "addr_city": null, "osm_id": 9592457860, "osm_type": "nodes" }, "geometry": { "type": "Point", "coordinates": [ 89.8629598, 24.3613265 ] } },
{ "type": "Feature", "properties": { "name": "Char Singuli Muslim High School", "amenity": "school", "addr_city": null, "osm_id": 9592457855, "osm_type": "nodes" }, "geometry": { "type": "Point", "coordinates": [ 89.809912, 24.3724564 ] } },
{ "type": "Feature", "properties": { "name": "Salla Samapaya High School", "amenity": "school", "addr_city": null, "osm_id": 9592457861, "osm_type": "nodes" }, "geometry": { "type": "Point", "coordinates": [ 89.8610611, 24.3745753 ] } },
{ "type": "Feature", "properties": { "name": "???????? ?????? ???????? ????????", "amenity": "school", "addr_city": "????????", "osm_id": 7109427835, "osm_type": "nodes" }, "geometry": { "type": "Point", "coordinates": [ 89.844272, 24.5142872 ] } },
{ "type": "Feature", "properties": { "name": "Beripotal Govt Primary School", "amenity": "school", "addr_city": null, "osm_id": 9592457857, "osm_type": "nodes" }, "geometry": { "type": "Point", "coordinates": [ 89.8291452, 24.3546628 ] } },
{ "type": "Feature", "properties": { "name": "Beripotal Adarsha High School", "amenity": "school", "addr_city": null, "osm_id": 9592457856, "osm_type": "nodes" }, "geometry": { "type": "Point", "coordinates": [ 89.8308971, 24.3549127 ] } },
{ "type": "Feature", "properties": { "name": "Jamuna Cantonment Public School and College", "amenity": "college", "addr_city": null, "osm_id": 12615636043, "osm_type": "nodes" }, "geometry": { "type": "Point", "coordinates": [ 89.8121463, 24.3971873 ] } },
{ "type": "Feature", "properties": { "name": "Little Star Kindergarten, School", "amenity": "school", "addr_city": null, "osm_id": 12635294550, "osm_type": "nodes" }, "geometry": { "type": "Point", "coordinates": [ 89.8187416, 24.3947946 ] } },
{ "type": "Feature", "properties": { "name": "Khash Beera Dakhil Madrasah, School", "amenity": "school", "addr_city": null, "osm_id": 12635294424, "osm_type": "nodes" }, "geometry": { "type": "Point", "coordinates": [ 89.8181575, 24.3957714 ] } },
{ "type": "Feature", "properties": { "name": "Konabari High School", "amenity": "school", "addr_city": null, "osm_id": 12632597085, "osm_type": "nodes" }, "geometry": { "type": "Point", "coordinates": [ 89.822518, 24.4410891 ] } },
{ "type": "Feature", "properties": { "name": "Gobindashi Cadet School, School", "amenity": "school", "addr_city": null, "osm_id": 12632607230, "osm_type": "nodes" }, "geometry": { "type": "Point", "coordinates": [ 89.8216147, 24.4422187 ] } },
{ "type": "Feature", "properties": { "name": "Poland primary school, Primary school", "amenity": "school", "addr_city": null, "osm_id": 12632588049, "osm_type": "nodes" }, "geometry": { "type": "Point", "coordinates": [ 89.8099633, 24.4081284 ] } },
{ "type": "Feature", "properties": { "name": "Polshia Dakhil Madrasah, High school", "amenity": "school", "addr_city": null, "osm_id": 12632638421, "osm_type": "nodes" }, "geometry": { "type": "Point", "coordinates": [ 89.8129529, 24.4106972 ] } },
{ "type": "Feature", "properties": { "name": "Patitapara Government Primary School, School", "amenity": "school", "addr_city": null, "osm_id": 12632646007, "osm_type": "nodes" }, "geometry": { "type": "Point", "coordinates": [ 89.820226, 24.4253609 ] } },
{ "type": "Feature", "properties": { "name": "Chituliapara Govt Primary School, Primary school", "amenity": "school", "addr_city": null, "osm_id": 12632621818, "osm_type": "nodes" }, "geometry": { "type": "Point", "coordinates": [ 89.8252033, 24.4370982 ] } },
{ "type": "Feature", "properties": { "name": "Al Arish Model Madrasa, School", "amenity": "school", "addr_city": null, "osm_id": 12632655620, "osm_type": "nodes" }, "geometry": { "type": "Point", "coordinates": [ 89.831276, 24.4535858 ] } },
{ "type": "Feature", "properties": { "name": "Bhuapur Model Government Primary School", "amenity": "school", "addr_city": null, "osm_id": 12629857825, "osm_type": "nodes" }, "geometry": { "type": "Point", "coordinates": [ 89.8735013, 24.4621746 ] } },
{ "type": "Feature", "properties": { "name": "Holymind public school and college, School", "amenity": "school", "addr_city": null, "osm_id": 12629790781, "osm_type": "nodes" }, "geometry": { "type": "Point", "coordinates": [ 89.8754935, 24.4626494 ] } },
{ "type": "Feature", "properties": { "name": "Tofazzal Hossain Tuhin Technical School And BM College, School", "amenity": "school", "addr_city": null, "osm_id": 12623161207, "osm_type": "nodes" }, "geometry": { "type": "Point", "coordinates": [ 89.9019203, 24.4155671 ] } },
{ "type": "Feature", "properties": { "name": "Adabari Government Primary School, Primary school", "amenity": "school", "addr_city": null, "osm_id": 12623096017, "osm_type": "nodes" }, "geometry": { "type": "Point", "coordinates": [ 89.9031754, 24.4159047 ] } },
{ "type": "Feature", "properties": { "name": "Madinatul Uloom Noorani Madrasa., Kindergarten", "amenity": "kindergarten", "addr_city": null, "osm_id": 12617999688, "osm_type": "nodes" }, "geometry": { "type": "Point", "coordinates": [ 89.821351, 24.3874575 ] } },
{ "type": "Feature", "properties": { "name": "Asaduzzaman Khan Darul Uloom Madrasah, School", "amenity": "school", "addr_city": null, "osm_id": 12620498371, "osm_type": "nodes" }, "geometry": { "type": "Point", "coordinates": [ 89.8723703, 24.4611663 ] } },
{ "type": "Feature", "properties": { "name": "Bhuapur Government Pilot High School, School", "amenity": "school", "addr_city": null, "osm_id": 12620416978, "osm_type": "nodes" }, "geometry": { "type": "Point", "coordinates": [ 89.873045, 24.4616848 ] } },
{ "type": "Feature", "properties": { "name": "Bhuapur Pilot High School", "amenity": "school", "addr_city": null, "osm_id": 12620475077, "osm_type": "nodes" }, "geometry": { "type": "Point", "coordinates": [ 89.8726051, 24.4615946 ] } },
{ "type": "Feature", "properties": { "name": "Narandia Government Primary School", "amenity": "school", "addr_city": null, "osm_id": 12620399806, "osm_type": "nodes" }, "geometry": { "type": "Point", "coordinates": [ 89.9085739, 24.4064285 ] } },
{ "type": "Feature", "properties": { "name": "Sonakandor Primary School, School", "amenity": "school", "addr_city": null, "osm_id": 12620408539, "osm_type": "nodes" }, "geometry": { "type": "Point", "coordinates": [ 89.892326, 24.4191454 ] } },
{ "type": "Feature", "properties": { "name": "Sk. Chaild Care School, School", "amenity": "school", "addr_city": null, "osm_id": 12617999686, "osm_type": "nodes" }, "geometry": { "type": "Point", "coordinates": [ 89.847672, 24.3826207 ] } },
{ "type": "Feature", "properties": { "name": "Gopalpur Govt. Primary School, Lalpur - Walia Rd, Gopalpur, Natore", "amenity": "school", "addr_city": null, "osm_id": 10925894448, "osm_type": "nodes" }, "geometry": { "type": "Point", "coordinates": [ 89.0049287, 24.2051904 ] } },
{ "type": "Feature", "properties": { "name": "Gopalpur High School, Bazar Road, Gopalpur, Natore", "amenity": "school", "addr_city": null, "osm_id": 10925950901, "osm_type": "nodes" }, "geometry": { "type": "Point", "coordinates": [ 89.0028578, 24.2046252 ] } },
{ "type": "Feature", "properties": { "name": "Gopalpur Mohila college, Gopalpur, Natore", "amenity": "college", "addr_city": null, "osm_id": 10936789232, "osm_type": "nodes" }, "geometry": { "type": "Point", "coordinates": [ 89.0002582, 24.2044217 ] } },
{ "type": "Feature", "properties": { "name": "Bhairab Ideal School", "amenity": "school", "addr_city": "Bhairab, Kishoregonj", "osm_id": 7388254553, "osm_type": "nodes" }, "geometry": { "type": "Point", "coordinates": [ 90.9848962, 24.0470981 ] } },
{ "type": "Feature", "properties": { "name": "Govt. Zillu Rahman Mohila College", "amenity": "college", "addr_city": "Bhairab, Kishoregonj", "osm_id": 7384984235, "osm_type": "nodes" }, "geometry": { "type": "Point", "coordinates": [ 90.9856964, 24.0451656 ] } },
{ "type": "Feature", "properties": { "name": "Bhairab Aftabul Ulum Madrasah", "amenity": "school", "addr_city": "Bhairab, Kishoregonj", "osm_id": 7385041216, "osm_type": "nodes" }, "geometry": { "type": "Point", "coordinates": [ 90.9825031, 24.0440439 ] } },
{ "type": "Feature", "properties": { "name": "Scholars International School", "amenity": "school", "addr_city": "Bhairab, Kishoregonj", "osm_id": 7384998017, "osm_type": "nodes" }, "geometry": { "type": "Point", "coordinates": [ 90.9852551, 24.0449722 ] } },
{ "type": "Feature", "properties": { "name": "Bhairab Govt. K.B Pilot Model High School", "amenity": "school", "addr_city": "Bhairab, Kishoregonj", "osm_id": 7384967539, "osm_type": "nodes" }, "geometry": { "type": "Point", "coordinates": [ 90.9862946, 24.0452489 ] } },
{ "type": "Feature", "properties": { "name": "Center of Excellence, CEBAI Training Center, School center", "amenity": "school", "addr_city": null, "osm_id": 12291707511, "osm_type": "nodes" }, "geometry": { "type": "Point", "coordinates": [ 90.326801, 23.9007729 ] } },
{ "type": "Feature", "properties": { "name": "GOPALDI GIRLS HIGH SCHOOL", "amenity": "school", "addr_city": null, "osm_id": 9530634428, "osm_type": "nodes" }, "geometry": { "type": "Point", "coordinates": [ 90.7115793, 23.8018373 ] } },
{ "type": "Feature", "properties": { "name": "ALHAJ ABU TALEB MOLLAH JUNIOR SCHOOL", "amenity": "school", "addr_city": null, "osm_id": 9530634426, "osm_type": "nodes" }, "geometry": { "type": "Point", "coordinates": [ 90.6759313, 23.7955475 ] } },
{ "type": "Feature", "properties": { "name": "Goalundo Ideal High School", "amenity": "school", "addr_city": null, "osm_id": 9591980463, "osm_type": "nodes" }, "geometry": { "type": "Point", "coordinates": [ 89.758435, 23.7257795 ] } },
{ "type": "Feature", "properties": { "name": "Dewan Para Rahamat Ullah Junior Secondary School", "amenity": "school", "addr_city": null, "osm_id": 9591980462, "osm_type": "nodes" }, "geometry": { "type": "Point", "coordinates": [ 89.7546527, 23.7293165 ] } },
{ "type": "Feature", "properties": { "name": "Andulia West Govt Primary School", "amenity": "school", "addr_city": null, "osm_id": 9602996988, "osm_type": "nodes" }, "geometry": { "type": "Point", "coordinates": [ 88.9218476, 23.2380488 ] } },
{ "type": "Feature", "properties": { "name": "Andulia West Govt Primary School", "amenity": "school", "addr_city": null, "osm_id": 9602996988, "osm_type": "nodes" }, "geometry": { "type": "Point", "coordinates": [ 88.9218476, 23.2380488 ] } },
{ "type": "Feature", "properties": { "name": "Pulum High School", "amenity": "school", "addr_city": null, "osm_id": 2809024908, "osm_type": "nodes" }, "geometry": { "type": "Point", "coordinates": [ 89.437016, 23.2898654 ] } },
{ "type": "Feature", "properties": { "name": "Shinghajhulai Govt Primary School", "amenity": "school", "addr_city": null, "osm_id": 9586300360, "osm_type": "nodes" }, "geometry": { "type": "Point", "coordinates": [ 89.0635697, 23.2455139 ] } },
{ "type": "Feature", "properties": { "name": "Shinhajhuli High School", "amenity": "school", "addr_city": null, "osm_id": 9586300361, "osm_type": "nodes" }, "geometry": { "type": "Point", "coordinates": [ 89.0633715, 23.2451757 ] } },
{ "type": "Feature", "properties": { "name": "Badshah Faisal School (Upashahar)", "amenity": null, "addr_city": "Jessore", "osm_id": 3711603958, "osm_type": "nodes" }, "geometry": { "type": "Point", "coordinates": [ 89.2089158, 23.1831381 ] } },
{ "type": "Feature", "properties": { "name": "Upasahar Degree College", "amenity": null, "addr_city": "Jessore", "osm_id": 3711609243, "osm_type": "nodes" }, "geometry": { "type": "Point", "coordinates": [ 89.2086125, 23.1828605 ] } },
{ "type": "Feature", "properties": { "name": "Narail Govt High School", "amenity": "school", "addr_city": null, "osm_id": 9579940155, "osm_type": "nodes" }, "geometry": { "type": "Point", "coordinates": [ 89.4935933, 23.1588554 ] } },
{ "type": "Feature", "properties": { "name": "Govt Primary School", "amenity": "school", "addr_city": null, "osm_id": 9579940156, "osm_type": "nodes" }, "geometry": { "type": "Point", "coordinates": [ 89.4935666, 23.1599829 ] } },
{ "type": "Feature", "properties": { "name": "Gobra Mittra College", "amenity": "college", "addr_city": "Narail", "osm_id": 4644390540, "osm_type": "nodes" }, "geometry": { "type": "Point", "coordinates": [ 89.4981492, 23.1129462 ] } },
{ "type": "Feature", "properties": { "name": "Govt Primary School", "amenity": "school", "addr_city": null, "osm_id": 9579940160, "osm_type": "nodes" }, "geometry": { "type": "Point", "coordinates": [ 89.3909348, 23.1034096 ] } },
{ "type": "Feature", "properties": { "name": "Shaikhati Govt Primary School", "amenity": "school", "addr_city": null, "osm_id": 9579940150, "osm_type": "nodes" }, "geometry": { "type": "Point", "coordinates": [ 89.3917092, 23.1163355 ] } },
{ "type": "Feature", "properties": { "name": "Nirail", "amenity": "school", "addr_city": null, "osm_id": 9579940157, "osm_type": "nodes" }, "geometry": { "type": "Point", "coordinates": [ 89.4572661, 23.1266839 ] } },
{ "type": "Feature", "properties": { "name": "Govt Primary School", "amenity": "school", "addr_city": null, "osm_id": 9579940161, "osm_type": "nodes" }, "geometry": { "type": "Point", "coordinates": [ 89.3934077, 23.1091378 ] } },
{ "type": "Feature", "properties": { "name": "Gobra Parbati Bidyapith", "amenity": "school", "addr_city": "Narail", "osm_id": 4644390539, "osm_type": "nodes" }, "geometry": { "type": "Point", "coordinates": [ 89.4978215, 23.1120157 ] } },
{ "type": "Feature", "properties": { "name": null, "amenity": "school", "addr_city": null, "osm_id": 5342288811, "osm_type": "nodes" }, "geometry": { "type": "Point", "coordinates": [ 89.5216843, 22.8954051 ] } },
{ "type": "Feature", "properties": { "name": null, "amenity": "school", "addr_city": null, "osm_id": 5273669296, "osm_type": "nodes" }, "geometry": { "type": "Point", "coordinates": [ 89.539568, 22.8772737 ] } },
{ "type": "Feature", "properties": { "name": null, "amenity": "university", "addr_city": null, "osm_id": 5273696035, "osm_type": "nodes" }, "geometry": { "type": "Point", "coordinates": [ 89.543716, 22.8767806 ] } },
{ "type": "Feature", "properties": { "name": null, "amenity": "school", "addr_city": null, "osm_id": 5340847415, "osm_type": "nodes" }, "geometry": { "type": "Point", "coordinates": [ 89.5411444, 22.8746764 ] } },
{ "type": "Feature", "properties": { "name": null, "amenity": "school", "addr_city": null, "osm_id": 5340847416, "osm_type": "nodes" }, "geometry": { "type": "Point", "coordinates": [ 89.5411364, 22.8748104 ] } },
{ "type": "Feature", "properties": { "name": "B.N College Khulna", "amenity": "school", "addr_city": null, "osm_id": 1028350774, "osm_type": "nodes" }, "geometry": { "type": "Point", "coordinates": [ 89.5298469, 22.8509383 ] } },
{ "type": "Feature", "properties": { "name": "School Building", "amenity": null, "addr_city": "Khulna", "osm_id": 3502415905, "osm_type": "nodes" }, "geometry": { "type": "Point", "coordinates": [ 89.5301488, 22.85066 ] } },
{ "type": "Feature", "properties": { "name": "Govt Primary School", "amenity": "school", "addr_city": null, "osm_id": 9594405195, "osm_type": "nodes" }, "geometry": { "type": "Point", "coordinates": [ 89.4750318, 22.9663442 ] } },
{ "type": "Feature", "properties": { "name": "Bajerdanga Govt Primary School", "amenity": "school", "addr_city": null, "osm_id": 9594405192, "osm_type": "nodes" }, "geometry": { "type": "Point", "coordinates": [ 89.4491126, 22.9835116 ] } },
{ "type": "Feature", "properties": { "name": "Govt Primary School Phultala", "amenity": "school", "addr_city": null, "osm_id": 9594405194, "osm_type": "nodes" }, "geometry": { "type": "Point", "coordinates": [ 89.4730887, 22.9698674 ] } },
{ "type": "Feature", "properties": { "name": "Phultala Govt Primary School", "amenity": "school", "addr_city": null, "osm_id": 9594405191, "osm_type": "nodes" }, "geometry": { "type": "Point", "coordinates": [ 89.4452625, 22.9852122 ] } },
{ "type": "Feature", "properties": { "name": "High School", "amenity": "school", "addr_city": null, "osm_id": 9584920087, "osm_type": "nodes" }, "geometry": { "type": "Point", "coordinates": [ 89.4471021, 22.9768605 ] } },
{ "type": "Feature", "properties": { "name": "Govt Primary School", "amenity": "school", "addr_city": null, "osm_id": 9584920088, "osm_type": "nodes" }, "geometry": { "type": "Point", "coordinates": [ 89.4372104, 22.9893069 ] } },
{ "type": "Feature", "properties": { "name": "Phultala M.M. College", "amenity": "college", "addr_city": null, "osm_id": 5428004211, "osm_type": "nodes" }, "geometry": { "type": "Point", "coordinates": [ 89.4696119, 22.97814 ] } },
{ "type": "Feature", "properties": { "name": "Govt Primary School", "amenity": "school", "addr_city": null, "osm_id": 9579051377, "osm_type": "nodes" }, "geometry": { "type": "Point", "coordinates": [ 88.9464801, 22.7567519 ] } },
{ "type": "Feature", "properties": { "name": "Govt Primary School", "amenity": "school", "addr_city": null, "osm_id": 9579051377, "osm_type": "nodes" }, "geometry": { "type": "Point", "coordinates": [ 88.9464801, 22.7567519 ] } },
{ "type": "Feature", "properties": { "name": "Patuakhali Polytechnic Institute", "amenity": "college", "addr_city": "Patuakhali", "osm_id": 5209754221, "osm_type": "nodes" }, "geometry": { "type": "Point", "coordinates": [ 90.3379644, 22.3525421 ] } },
{ "type": "Feature", "properties": { "name": null, "amenity": "school", "addr_city": null, "osm_id": 9152869141, "osm_type": "nodes" }, "geometry": { "type": "Point", "coordinates": [ 91.1279973, 22.2248642 ] } },
{ "type": "Feature", "properties": { "name": "Madrasa", "amenity": "school", "addr_city": null, "osm_id": 6126879659, "osm_type": "nodes" }, "geometry": { "type": "Point", "coordinates": [ 90.1120667, 22.0495449 ] } },
{ "type": "Feature", "properties": { "name": "Madrasa", "amenity": "school", "addr_city": null, "osm_id": 6126907430, "osm_type": "nodes" }, "geometry": { "type": "Point", "coordinates": [ 90.1120667, 22.0495449 ] } },
{ "type": "Feature", "properties": { "name": "Police Lines School", "amenity": "school", "addr_city": null, "osm_id": 4139366128, "osm_type": "nodes" }, "geometry": { "type": "Point", "coordinates": [ 89.4344589, 25.9052023 ] } },
{ "type": "Feature", "properties": { "name": "Majha Kumorpur Govt. Primary School", "amenity": "school", "addr_city": null, "osm_id": 11966302269, "osm_type": "nodes" }, "geometry": { "type": "Point", "coordinates": [ 88.643161, 25.8669113 ] } },
{ "type": "Feature", "properties": { "name": "Day Light Int. School (Permanent Campus)", "amenity": "school", "addr_city": null, "osm_id": 11966303885, "osm_type": "nodes" }, "geometry": { "type": "Point", "coordinates": [ 88.6417885, 25.8654996 ] } },
{ "type": "Feature", "properties": { "name": "??? ????? ???? ????? ????? ???? ????, ?????", "amenity": "college", "addr_city": null, "osm_id": 11288423371, "osm_type": "nodes" }, "geometry": { "type": "Point", "coordinates": [ 89.217824, 25.76877 ] } },
{ "type": "Feature", "properties": { "name": "Sibram Pree Cadet School", "amenity": "school", "addr_city": null, "osm_id": 9771922583, "osm_type": "nodes" }, "geometry": { "type": "Point", "coordinates": [ 89.2343151, 25.7422664 ] } },
{ "type": "Feature", "properties": { "name": "Kutthir gram A M H madrasha", "amenity": "school", "addr_city": null, "osm_id": 5646285833, "osm_type": "nodes" }, "geometry": { "type": "Point", "coordinates": [ 89.6889523, 25.6408396 ] } },
{ "type": "Feature", "properties": { "name": null, "amenity": "school", "addr_city": null, "osm_id": 5646133363, "osm_type": "nodes" }, "geometry": { "type": "Point", "coordinates": [ 89.8519313, 25.635365 ] } },
{ "type": "Feature", "properties": { "name": "Government School(?????? ?????????)", "amenity": "school", "addr_city": null, "osm_id": 5645367932, "osm_type": "nodes" }, "geometry": { "type": "Point", "coordinates": [ 89.82173, 25.62736 ] } },
{ "type": "Feature", "properties": { "name": "Sohid muktijoddha collage(???? ??????? ?????? ????)", "amenity": "college", "addr_city": null, "osm_id": 5645367943, "osm_type": "nodes" }, "geometry": { "type": "Point", "coordinates": [ 89.81786, 25.62675 ] } },
{ "type": "Feature", "properties": { "name": "KAZAIKATA GOVT. PRIMARY SCHOOL", "amenity": "school", "addr_city": null, "osm_id": 9697874507, "osm_type": "nodes" }, "geometry": { "type": "Point", "coordinates": [ 89.8136155, 25.5986831 ] } },
{ "type": "Feature", "properties": { "name": "High School Taluarchar ( ???? ????????? ???????? ?? )", "amenity": "school", "addr_city": null, "osm_id": 5646125365, "osm_type": "nodes" }, "geometry": { "type": "Point", "coordinates": [ 89.836105, 25.5945789 ] } },
{ "type": "Feature", "properties": { "name": "Sonavori Model High School", "amenity": "school", "addr_city": null, "osm_id": 5645245583, "osm_type": "nodes" }, "geometry": { "type": "Point", "coordinates": [ 89.821853, 25.5833288 ] } },
{ "type": "Feature", "properties": { "name": "Protibondhi School", "amenity": "school", "addr_city": null, "osm_id": 5645245581, "osm_type": "nodes" }, "geometry": { "type": "Point", "coordinates": [ 89.8212871, 25.5835707 ] } },
{ "type": "Feature", "properties": { "name": "Jhinia MA High School", "amenity": "school", "addr_city": null, "osm_id": 2879917009, "osm_type": "nodes" }, "geometry": { "type": "Point", "coordinates": [ 89.5442639, 25.5316994 ] } },
{ "type": "Feature", "properties": { "name": null, "amenity": "school", "addr_city": null, "osm_id": 6282106572, "osm_type": "nodes" }, "geometry": { "type": "Point", "coordinates": [ 89.8097201, 25.4585544 ] } },
{ "type": "Feature", "properties": { "name": "BALIAMARI JUNIOR HIGH SCHOOL", "amenity": "school", "addr_city": null, "osm_id": 9697917560, "osm_type": "nodes" }, "geometry": { "type": "Point", "coordinates": [ 89.8093871, 25.4260974 ] } },
{ "type": "Feature", "properties": { "name": "Borober Govt. Primary School 1974", "amenity": "school", "addr_city": null, "osm_id": 5643364227, "osm_type": "nodes" }, "geometry": { "type": "Point", "coordinates": [ 89.7776476, 25.4160306 ] } },
{ "type": "Feature", "properties": { "name": "Patadhowa Par Register Govt. Primary School", "amenity": "school", "addr_city": null, "osm_id": 5643364228, "osm_type": "nodes" }, "geometry": { "type": "Point", "coordinates": [ 89.7709367, 25.4127358 ] } },
{ "type": "Feature", "properties": { "name": "Tin_Thopa Para Govt. Primary School", "amenity": "school", "addr_city": null, "osm_id": 5643364255, "osm_type": "nodes" }, "geometry": { "type": "Point", "coordinates": [ 89.7813557, 25.4046462 ] } },
{ "type": "Feature", "properties": { "name": "Noyachar Govt Primary School", "amenity": "school", "addr_city": null, "osm_id": 5645254572, "osm_type": "nodes" }, "geometry": { "type": "Point", "coordinates": [ 89.7832533, 25.4045717 ] } },
{ "type": "Feature", "properties": { "name": "DIP SHIKHA  HIGH SCHOOL", "amenity": "school", "addr_city": null, "osm_id": 9697917565, "osm_type": "nodes" }, "geometry": { "type": "Point", "coordinates": [ 89.8075572, 25.3615744 ] } },
{ "type": "Feature", "properties": { "name": "Dholahacha govt. primary school", "amenity": "school", "addr_city": null, "osm_id": 5642624761, "osm_type": "nodes" }, "geometry": { "type": "Point", "coordinates": [ 89.7254223, 25.4445159 ] } },
{ "type": "Feature", "properties": { "name": "Deyarar Char Primary School 1975", "amenity": "school", "addr_city": null, "osm_id": 5643364231, "osm_type": "nodes" }, "geometry": { "type": "Point", "coordinates": [ 89.7683832, 25.4196669 ] } },
{ "type": "Feature", "properties": { "name": "Deyar Char Monshipara Govt. Primary School 1988", "amenity": "school", "addr_city": null, "osm_id": 5643364235, "osm_type": "nodes" }, "geometry": { "type": "Point", "coordinates": [ 89.7708039, 25.4240831 ] } },
{ "type": "Feature", "properties": { "name": "Choraihati Govt. Primary School", "amenity": "school", "addr_city": null, "osm_id": 5642624797, "osm_type": "nodes" }, "geometry": { "type": "Point", "coordinates": [ 89.7180489, 25.4270287 ] } },
{ "type": "Feature", "properties": { "name": "Borober Friendship Primary School", "amenity": "school", "addr_city": null, "osm_id": 5642624800, "osm_type": "nodes" }, "geometry": { "type": "Point", "coordinates": [ 89.7191392, 25.4277785 ] } },
{ "type": "Feature", "properties": { "name": "Tarabor Govt. Primary School", "amenity": "school", "addr_city": null, "osm_id": 5643364232, "osm_type": "nodes" }, "geometry": { "type": "Point", "coordinates": [ 89.7686058, 25.4192429 ] } },
{ "type": "Feature", "properties": { "name": "Mohonaj A. Aziz govt. Primary school (???????? ?????? ???? ?????? ???????? ?????????)", "amenity": "school", "addr_city": null, "osm_id": 5642624792, "osm_type": "nodes" }, "geometry": { "type": "Point", "coordinates": [ 89.7167319, 25.425757 ] } },
{ "type": "Feature", "properties": { "name": "Noyachar Notun Para Govt Primary School", "amenity": "school", "addr_city": null, "osm_id": 5645254541, "osm_type": "nodes" }, "geometry": { "type": "Point", "coordinates": [ 89.7558828, 25.3919098 ] } },
{ "type": "Feature", "properties": { "name": "Uttar Kodalakati Junior Secondary School ( ????? ????????? ????? ???????? ????????? )", "amenity": "school", "addr_city": null, "osm_id": 5646855681, "osm_type": "nodes" }, "geometry": { "type": "Point", "coordinates": [ 89.7661516, 25.5226328 ] } },
{ "type": "Feature", "properties": { "name": "Moddho Chor Sajai Govt Primary School ( ???? ?? ????? ?????? ???????? ????????? )", "amenity": "school", "addr_city": null, "osm_id": 5647805553, "osm_type": "nodes" }, "geometry": { "type": "Point", "coordinates": [ 89.7809326, 25.4985371 ] } },
{ "type": "Feature", "properties": { "name": "NATAR KANDI HIGH SCHOOL", "amenity": "school", "addr_city": null, "osm_id": 9697874511, "osm_type": "nodes" }, "geometry": { "type": "Point", "coordinates": [ 89.7563288, 25.5652401 ] } },
{ "type": "Feature", "properties": { "name": "Char Neoyaji Govt. Girls Primary School", "amenity": "school", "addr_city": null, "osm_id": 5643364248, "osm_type": "nodes" }, "geometry": { "type": "Point", "coordinates": [ 89.769043, 25.4307192 ] } },
{ "type": "Feature", "properties": { "name": "Panjerpara Friendship Primary School", "amenity": "school", "addr_city": null, "osm_id": 5642624746, "osm_type": "nodes" }, "geometry": { "type": "Point", "coordinates": [ 89.7277209, 25.4547547 ] } },
{ "type": "Feature", "properties": { "name": "Sikarpur govt. primary school(???????? ?????? ???????? ?????????)", "amenity": "school", "addr_city": null, "osm_id": 5642624787, "osm_type": "nodes" }, "geometry": { "type": "Point", "coordinates": [ 89.7248027, 25.4339735 ] } },
{ "type": "Feature", "properties": { "name": "Maktab of Datiyar Char Old Bazar", "amenity": "school", "addr_city": null, "osm_id": 6280540544, "osm_type": "nodes" }, "geometry": { "type": "Point", "coordinates": [ 89.7652745, 25.520061 ] } },
{ "type": "Feature", "properties": { "name": "Uttar Chor Sajai Mandalpara Primary School ( ????? ?? ????? ?????????? ???????? ????????? )", "amenity": "school", "addr_city": null, "osm_id": 5647805558, "osm_type": "nodes" }, "geometry": { "type": "Point", "coordinates": [ 89.7694782, 25.508094 ] } },
{ "type": "Feature", "properties": { "name": "Char Neoyaji Dimukhi Secondary School", "amenity": "school", "addr_city": null, "osm_id": 5643364238, "osm_type": "nodes" }, "geometry": { "type": "Point", "coordinates": [ 89.7712263, 25.424725 ] } },
{ "type": "Feature", "properties": { "name": "Mohonaj Lower Secondary School(???????? ????? ???????? ?????)", "amenity": "school", "addr_city": null, "osm_id": 5642624781, "osm_type": "nodes" }, "geometry": { "type": "Point", "coordinates": [ 89.7229707, 25.4332372 ] } },
{ "type": "Feature", "properties": { "name": "Kole Para Govt. Primary School", "amenity": "school", "addr_city": null, "osm_id": 5645254542, "osm_type": "nodes" }, "geometry": { "type": "Point", "coordinates": [ 89.7602239, 25.3947291 ] } },
{ "type": "Feature", "properties": { "name": "Mollapara Govt. Primary School Tinshad", "amenity": "school", "addr_city": null, "osm_id": 5645254544, "osm_type": "nodes" }, "geometry": { "type": "Point", "coordinates": [ 89.7529431, 25.3943487 ] } },
{ "type": "Feature", "properties": { "name": "Mohangonj Govt. Primary School Tinshad", "amenity": "school", "addr_city": null, "osm_id": 5645254551, "osm_type": "nodes" }, "geometry": { "type": "Point", "coordinates": [ 89.7557567, 25.3977627 ] } },
{ "type": "Feature", "properties": { "name": "Shiraj ul Ulum Hafijia Madrasha(??????? ???? ????????? ????????)", "amenity": "school", "addr_city": null, "osm_id": 5642624782, "osm_type": "nodes" }, "geometry": { "type": "Point", "coordinates": [ 89.7247061, 25.433873 ] } },
{ "type": "Feature", "properties": { "name": "Gaibandha Adarsha College", "amenity": "college", "addr_city": null, "osm_id": 2878372441, "osm_type": "nodes" }, "geometry": { "type": "Point", "coordinates": [ 89.5438645, 25.3202406 ] } },
{ "type": "Feature", "properties": { "name": "Nodhuni Bagmar S. Primary School, Shapahar - Porsha Road, Naogaon", "amenity": "school", "addr_city": null, "osm_id": 10718577224, "osm_type": "nodes" }, "geometry": { "type": "Point", "coordinates": [ 88.7895992, 25.0234085 ] } },
{ "type": "Feature", "properties": { "name": "Barhatta Pilot Girls High School", "amenity": "school", "addr_city": null, "osm_id": 5896898593, "osm_type": "nodes" }, "geometry": { "type": "Point", "coordinates": [ 90.8822778, 24.899514 ] } },
{ "type": "Feature", "properties": { "name": "Barhatta College", "amenity": "college", "addr_city": null, "osm_id": 5896938348, "osm_type": "nodes" }, "geometry": { "type": "Point", "coordinates": [ 90.8774404, 24.8943799 ] } },
{ "type": "Feature", "properties": { "name": "Matiapur Sesdp Model School", "amenity": "school", "addr_city": null, "osm_id": 9707464035, "osm_type": "nodes" }, "geometry": { "type": "Point", "coordinates": [ 91.3860645, 24.808858 ] } },
{ "type": "Feature", "properties": { "name": "pre-primary education center (Hindu Religion Kallan Trust)", "amenity": "kindergarten", "addr_city": null, "osm_id": 6123512882, "osm_type": "nodes" }, "geometry": { "type": "Point", "coordinates": [ 91.2408864, 24.7435538 ] } },
{ "type": "Feature", "properties": { "name": "Hafijia Madrasa ,Perua", "amenity": "kindergarten", "addr_city": null, "osm_id": 6123187962, "osm_type": "nodes" }, "geometry": { "type": "Point", "coordinates": [ 91.233505, 24.75324 ] } },
{ "type": "Feature", "properties": { "name": "Sherpur Moktab", "amenity": "kindergarten", "addr_city": null, "osm_id": 6123187964, "osm_type": "nodes" }, "geometry": { "type": "Point", "coordinates": [ 91.2402052, 24.7545455 ] } },
{ "type": "Feature", "properties": { "name": "Alangjury Govt. Primary School", "amenity": "school", "addr_city": null, "osm_id": 6123187961, "osm_type": "nodes" }, "geometry": { "type": "Point", "coordinates": [ 91.2338322, 24.757427 ] } },
{ "type": "Feature", "properties": { "name": "Perua Govt. Primary School", "amenity": "school", "addr_city": null, "osm_id": 6123187966, "osm_type": "nodes" }, "geometry": { "type": "Point", "coordinates": [ 91.2334433, 24.7500588 ] } },
{ "type": "Feature", "properties": { "name": "Ma Kindergarten School", "amenity": "kindergarten", "addr_city": null, "osm_id": 6883054146, "osm_type": "nodes" }, "geometry": { "type": "Point", "coordinates": [ 91.019273, 24.7168315 ] } },
{ "type": "Feature", "properties": { "name": "?????????? ?????? ??????? ????????", "amenity": "school", "addr_city": "Basail.Tangail", "osm_id": 7457587488, "osm_type": "nodes" }, "geometry": { "type": "Point", "coordinates": [ 90.0499575, 24.2332652 ] } },
{ "type": "Feature", "properties": { "name": "Basail Degree college-?????? ?????? ????", "amenity": "college", "addr_city": null, "osm_id": 7457587442, "osm_type": "nodes" }, "geometry": { "type": "Point", "coordinates": [ 90.0444613, 24.2312166 ] } },
{ "type": "Feature", "properties": { "name": "Motora Government Primary School", "amenity": "school", "addr_city": null, "osm_id": 12378553253, "osm_type": "nodes" }, "geometry": { "type": "Point", "coordinates": [ 89.9874366, 24.1890737 ] } },
{ "type": "Feature", "properties": { "name": "Jamurki N.S.A.G High School", "amenity": "school", "addr_city": null, "osm_id": 12387930045, "osm_type": "nodes" }, "geometry": { "type": "Point", "coordinates": [ 90.0211954, 24.1485876 ] } },
{ "type": "Feature", "properties": { "name": "Muktijoddha Degree College", "amenity": "college", "addr_city": null, "osm_id": 2895382632, "osm_type": "nodes" }, "geometry": { "type": "Point", "coordinates": [ 90.4171531, 24.1443012 ] } },
{ "type": "Feature", "properties": { "name": "Dubai Jagarani Government Primary School, School", "amenity": "school", "addr_city": null, "osm_id": 12387956674, "osm_type": "nodes" }, "geometry": { "type": "Point", "coordinates": [ 90.0181843, 24.164863 ] } },
{ "type": "Feature", "properties": { "name": "Dubail Sohoratol Gov. Primary School", "amenity": "school", "addr_city": null, "osm_id": 12387926362, "osm_type": "nodes" }, "geometry": { "type": "Point", "coordinates": [ 90.0173926, 24.1729727 ] } },
{ "type": "Feature", "properties": { "name": "Satiachara Government Primary School", "amenity": "school", "addr_city": null, "osm_id": 12376108903, "osm_type": "nodes" }, "geometry": { "type": "Point", "coordinates": [ 90.0209623, 24.1366468 ] } },
{ "type": "Feature", "properties": { "name": "Safdar Ali Collage", "amenity": "college", "addr_city": null, "osm_id": 12376047649, "osm_type": "nodes" }, "geometry": { "type": "Point", "coordinates": [ 90.027335, 24.134993 ] } },
{ "type": "Feature", "properties": { "name": "Afsar Memorial High School", "amenity": "school", "addr_city": null, "osm_id": 9592480856, "osm_type": "nodes" }, "geometry": { "type": "Point", "coordinates": [ 89.984299, 24.022059 ] } },
{ "type": "Feature", "properties": { "name": "M. Borhan Uddin High School", "amenity": "school", "addr_city": null, "osm_id": 9592480853, "osm_type": "nodes" }, "geometry": { "type": "Point", "coordinates": [ 89.9620085, 24.0232419 ] } },
{ "type": "Feature", "properties": { "name": "Sadhana Academy", "amenity": "school", "addr_city": null, "osm_id": 9592480852, "osm_type": "nodes" }, "geometry": { "type": "Point", "coordinates": [ 89.9624386, 24.0267319 ] } },
{ "type": "Feature", "properties": { "name": "Alif International School(???? ?????????????? ?????)", "amenity": "school", "addr_city": "Dhaka", "osm_id": 4432181526, "osm_type": "nodes" }, "geometry": { "type": "Point", "coordinates": [ 90.3685456, 23.8260797 ] } },
{ "type": "Feature", "properties": { "name": "orgate creative academy(????? ????????? ???????)", "amenity": "school", "addr_city": "Dhaka", "osm_id": 4432181841, "osm_type": "nodes" }, "geometry": { "type": "Point", "coordinates": [ 90.3619536, 23.8248988 ] } },
{ "type": "Feature", "properties": { "name": "Mitu manik kindergarten(???? ????? ??????????????)", "amenity": "school", "addr_city": "Dhaka", "osm_id": 4407994657, "osm_type": "nodes" }, "geometry": { "type": "Point", "coordinates": [ 90.3666211, 23.827774 ] } },
{ "type": "Feature", "properties": { "name": "??????? ???????? ????????? ? ????????", "amenity": "school", "addr_city": "Dhaka", "osm_id": 4407994625, "osm_type": "nodes" }, "geometry": { "type": "Point", "coordinates": [ 90.368889, 23.8283827 ] } },
{ "type": "Feature", "properties": { "name": "?????? ????? ????????", "amenity": "school", "addr_city": "Dhaka", "osm_id": 4407994655, "osm_type": "nodes" }, "geometry": { "type": "Point", "coordinates": [ 90.3688585, 23.8285224 ] } },
{ "type": "Feature", "properties": { "name": "???????? ????? ????????", "amenity": "school", "addr_city": "Dhaka", "osm_id": 4432181803, "osm_type": "nodes" }, "geometry": { "type": "Point", "coordinates": [ 90.3620223, 23.8237112 ] } },
{ "type": "Feature", "properties": { "name": "Dhansiri Preparetory School(???????? ??????????? ?????)", "amenity": "school", "addr_city": "Dhaka", "osm_id": 4432181568, "osm_type": "nodes" }, "geometry": { "type": "Point", "coordinates": [ 90.3621556, 23.8242249 ] } },
{ "type": "Feature", "properties": { "name": "Paradise international school(?????????? ?????????????? ?????)", "amenity": "school", "addr_city": "Dhaka", "osm_id": 4407994676, "osm_type": "nodes" }, "geometry": { "type": "Point", "coordinates": [ 90.3657174, 23.8279116 ] } },
{ "type": "Feature", "properties": { "name": "Tamirul Ummah Cadet Academy(??????? ?????? ??????? ???????)", "amenity": "school", "addr_city": "Dhaka", "osm_id": 4407994820, "osm_type": "nodes" }, "geometry": { "type": "Point", "coordinates": [ 90.367813, 23.8281186 ] } },
{ "type": "Feature", "properties": { "name": "?? ?????? ???? ????????", "amenity": "school", "addr_city": "Dhaka", "osm_id": 4407990963, "osm_type": "nodes" }, "geometry": { "type": "Point", "coordinates": [ 90.3672199, 23.8284064 ] } },
{ "type": "Feature", "properties": { "name": "Bangladesh Sikkha Niketon High School (???????? ????? ?????? ?????? ???? ????????????)", "amenity": "school", "addr_city": "Dhaka", "osm_id": 4407990980, "osm_type": "nodes" }, "geometry": { "type": "Point", "coordinates": [ 90.3696527, 23.8279635 ] } },
{ "type": "Feature", "properties": { "name": "Apple tree international school(?????? ???? ?????????????? ?????)", "amenity": "school", "addr_city": "Dhaka", "osm_id": 4432181534, "osm_type": "nodes" }, "geometry": { "type": "Point", "coordinates": [ 90.3617603, 23.8242597 ] } },
{ "type": "Feature", "properties": { "name": "???????? ????? ???????", "amenity": "school", "addr_city": "Dhaka", "osm_id": 4331663808, "osm_type": "nodes" }, "geometry": { "type": "Point", "coordinates": [ 90.3702654, 23.8248063 ] } },
{ "type": "Feature", "properties": { "name": "Mirpur Cadet Dakhil Madrasa(?????? ??????? ????? ????????)", "amenity": "school", "addr_city": "Dhaka", "osm_id": 4432181738, "osm_type": "nodes" }, "geometry": { "type": "Point", "coordinates": [ 90.3699598, 23.827694 ] } },
{ "type": "Feature", "properties": { "name": "Sultan Mollah Adorsho Uccho Bidyaloy(?????? ?????? ????? ???? ????????)", "amenity": "school", "addr_city": "Dhaka", "osm_id": 4331663846, "osm_type": "nodes" }, "geometry": { "type": "Point", "coordinates": [ 90.3701386, 23.8235188 ] } },
{ "type": "Feature", "properties": { "name": "littel angel international school(???? ????? ?????????????? ?????)", "amenity": "school", "addr_city": "Dhaka", "osm_id": 4407994832, "osm_type": "nodes" }, "geometry": { "type": "Point", "coordinates": [ 90.367737, 23.8242684 ] } },
{ "type": "Feature", "properties": { "name": "EL Dorado Preparatory School(?? ?????? ??????????? ?????)", "amenity": "school", "addr_city": "Dhaka", "osm_id": 4407994604, "osm_type": "nodes" }, "geometry": { "type": "Point", "coordinates": [ 90.3665676, 23.8279199 ] } },
{ "type": "Feature", "properties": { "name": "Dr Md Shahidullah Adorsha uchcho madhomik biddaloy and college (?.???????? ?????????? ????? ???? ???????? ????????? ???? ????)", "amenity": "college", "addr_city": "Dhaka", "osm_id": 4407994597, "osm_type": "nodes" }, "geometry": { "type": "Point", "coordinates": [ 90.3655176, 23.8264302 ] } },
{ "type": "Feature", "properties": { "name": "??????????? ????? ?????", "amenity": "school", "addr_city": "Dhaka", "osm_id": 4407994644, "osm_type": "nodes" }, "geometry": { "type": "Point", "coordinates": [ 90.3692437, 23.8233738 ] } },
{ "type": "Feature", "properties": { "name": "Shurjomukhi Bidyaniketon(????????? ????????????)", "amenity": "school", "addr_city": "Dhaka", "osm_id": 4432181795, "osm_type": "nodes" }, "geometry": { "type": "Point", "coordinates": [ 90.363326, 23.8261601 ] } },
{ "type": "Feature", "properties": { "name": "M.A Lotif memorial institute (?? ? ???? ?????????? ??????????)", "amenity": "college", "addr_city": "Dhaka", "osm_id": 4407994639, "osm_type": "nodes" }, "geometry": { "type": "Point", "coordinates": [ 90.3649185, 23.8266507 ] } },
{ "type": "Feature", "properties": { "name": "Alim International School(?\\'??? ?????????????? ?????)", "amenity": "school", "addr_city": "Dhaka", "osm_id": 4407990971, "osm_type": "nodes" }, "geometry": { "type": "Point", "coordinates": [ 90.3683965, 23.8267465 ] } },
{ "type": "Feature", "properties": { "name": "Ideal Academy School(??????? ??????? ?????)", "amenity": "school", "addr_city": "Dhaka", "osm_id": 4432181696, "osm_type": "nodes" }, "geometry": { "type": "Point", "coordinates": [ 90.3686092, 23.8264132 ] } },
{ "type": "Feature", "properties": { "name": "???????? ???? ???????? ? ????????", "amenity": "school", "addr_city": "Dhaka", "osm_id": 4407994816, "osm_type": "nodes" }, "geometry": { "type": "Point", "coordinates": [ 90.366072, 23.8289544 ] } },
{ "type": "Feature", "properties": { "name": "???? ?????? ????? ??????? ????", "amenity": "school", "addr_city": "Dhaka", "osm_id": 4432181798, "osm_type": "nodes" }, "geometry": { "type": "Point", "coordinates": [ 90.3644138, 23.8281744 ] } },
{ "type": "Feature", "properties": { "name": "Goalundo Proper High School", "amenity": "school", "addr_city": null, "osm_id": 9702548030, "osm_type": "nodes" }, "geometry": { "type": "Point", "coordinates": [ 89.7502665, 23.72763 ] } },
{ "type": "Feature", "properties": { "name": "Goalundo Proper High School", "amenity": "school", "addr_city": null, "osm_id": 9591980468, "osm_type": "nodes" }, "geometry": { "type": "Point", "coordinates": [ 89.7493658, 23.7255352 ] } },
{ "type": "Feature", "properties": { "name": "Banchara High School", "amenity": "school", "addr_city": null, "osm_id": 9593364501, "osm_type": "nodes" }, "geometry": { "type": "Point", "coordinates": [ 92.0503156, 23.2875506 ] } },
{ "type": "Feature", "properties": { "name": "Kabakhali Govt. Primary School", "amenity": "school", "addr_city": null, "osm_id": 9593364506, "osm_type": "nodes" }, "geometry": { "type": "Point", "coordinates": [ 92.0859887, 23.2421952 ] } },
{ "type": "Feature", "properties": { "name": "Scholastic High School, Bhanga - Barisal Hwy, Tekerhat", "amenity": "school", "addr_city": null, "osm_id": 11909663707, "osm_type": "nodes" }, "geometry": { "type": "Point", "coordinates": [ 90.0187213, 23.2255173 ] } },
{ "type": "Feature", "properties": { "name": "Mohalchari Model High School", "amenity": "school", "addr_city": null, "osm_id": 2828694060, "osm_type": "nodes" }, "geometry": { "type": "Point", "coordinates": [ 92.027553, 22.9346458 ] } },
{ "type": "Feature", "properties": { "name": "Mohalchari Government Primary School", "amenity": "school", "addr_city": null, "osm_id": 2828694126, "osm_type": "nodes" }, "geometry": { "type": "Point", "coordinates": [ 92.0276972, 22.9329938 ] } },
{ "type": "Feature", "properties": { "name": "FALKON HIGH SCHOOL", "amenity": "school", "addr_city": null, "osm_id": 9529226608, "osm_type": "nodes" }, "geometry": { "type": "Point", "coordinates": [ 90.8581191, 22.7276249 ] } },
{ "type": "Feature", "properties": { "name": "Moktob of Joinpori Hasnin Ahmed Jame Mosque", "amenity": "kindergarten", "addr_city": null, "osm_id": 6103803532, "osm_type": "nodes" }, "geometry": { "type": "Point", "coordinates": [ 90.7508422, 22.5257612 ] } },
{ "type": "Feature", "properties": { "name": "Uttor Sutaluri Secondary School", "amenity": "school", "addr_city": null, "osm_id": 5856952005, "osm_type": "nodes" }, "geometry": { "type": "Point", "coordinates": [ 89.8209116, 22.4733797 ] } },
{ "type": "Feature", "properties": { "name": "Mosque E Nur Jami Mosque", "amenity": "school", "addr_city": null, "osm_id": 5856952050, "osm_type": "nodes" }, "geometry": { "type": "Point", "coordinates": [ 89.8132525, 22.44074 ] } },
{ "type": "Feature", "properties": { "name": "4no Ward Iftedayi Madrasha", "amenity": "school", "addr_city": null, "osm_id": 6087231229, "osm_type": "nodes" }, "geometry": { "type": "Point", "coordinates": [ 90.5456713, 22.2287236 ] } },
{ "type": "Feature", "properties": { "name": "West Kawkhali Govt. Primary School", "amenity": "school", "addr_city": null, "osm_id": 5993296957, "osm_type": "nodes" }, "geometry": { "type": "Point", "coordinates": [ 90.4516666, 22.0270308 ] } },
{ "type": "Feature", "properties": { "name": "Madrsha", "amenity": "school", "addr_city": null, "osm_id": 6096318608, "osm_type": "nodes" }, "geometry": { "type": "Point", "coordinates": [ 90.0268215, 22.0265251 ] } },
{ "type": "Feature", "properties": { "name": "Memorial Christian School (Primary)", "amenity": "school", "addr_city": null, "osm_id": 2070359710, "osm_type": "nodes" }, "geometry": { "type": "Point", "coordinates": [ 92.0758809, 21.6831497 ] } },
{ "type": "Feature", "properties": { "name": "Malumghat Ideal School", "amenity": "school", "addr_city": null, "osm_id": 2831101861, "osm_type": "nodes" }, "geometry": { "type": "Point", "coordinates": [ 92.0782614, 21.6798393 ] } },
{ "type": "Feature", "properties": { "name": "Memorial Christian College of Health Science", "amenity": "college", "addr_city": null, "osm_id": 2070359707, "osm_type": "nodes" }, "geometry": { "type": "Point", "coordinates": [ 92.0750967, 21.6834496 ] } },
{ "type": "Feature", "properties": { "name": "Malumghat Christian School", "amenity": "school", "addr_city": null, "osm_id": 2070359693, "osm_type": "nodes" }, "geometry": { "type": "Point", "coordinates": [ 92.0732937, 21.6828672 ] } },
{ "type": "Feature", "properties": { "name": "Ramu Government Primary School", "amenity": "school", "addr_city": null, "osm_id": 6141710172, "osm_type": "nodes" }, "geometry": { "type": "Point", "coordinates": [ 92.1027607, 21.429788 ] } },
{ "type": "Feature", "properties": { "name": null, "amenity": "school", "addr_city": null, "osm_id": 5121614521, "osm_type": "nodes" }, "geometry": { "type": "Point", "coordinates": [ 92.1081927, 21.4129377 ] } },
{ "type": "Feature", "properties": { "name": null, "amenity": "school", "addr_city": null, "osm_id": 6282106573, "osm_type": "nodes" }, "geometry": { "type": "Point", "coordinates": [ 89.829893, 25.445314 ] } },
{ "type": "Feature", "properties": { "name": "HAZI SUNA MIAH APTARUN NESSA HIGH SCHOOL", "amenity": "school", "addr_city": null, "osm_id": 9697264889, "osm_type": "nodes" }, "geometry": { "type": "Point", "coordinates": [ 92.1509242, 24.5111512 ] } },
{ "type": "Feature", "properties": { "name": "HAZI SUNA MIAH APTARUN NESSA HIGH SCHOOL", "amenity": "school", "addr_city": null, "osm_id": 9697264889, "osm_type": "nodes" }, "geometry": { "type": "Point", "coordinates": [ 92.1509242, 24.5111512 ] } },
{ "type": "Feature", "properties": { "name": "Kodal Kati High School", "amenity": "school", "addr_city": null, "osm_id": 9705192965, "osm_type": "nodes" }, "geometry": { "type": "Point", "coordinates": [ 88.2908296, 24.4280948 ] } },
{ "type": "Feature", "properties": { "name": "Char Ashariadaha Kanapara High School", "amenity": "school", "addr_city": null, "osm_id": 9705192964, "osm_type": "nodes" }, "geometry": { "type": "Point", "coordinates": [ 88.3378051, 24.3866485 ] } },
{ "type": "Feature", "properties": { "name": "Bilgatua High School", "amenity": "school", "addr_city": null, "osm_id": 9705759526, "osm_type": "nodes" }, "geometry": { "type": "Point", "coordinates": [ 88.7421462, 24.0120715 ] } },
{ "type": "Feature", "properties": { "name": "Bilgatua High School", "amenity": "school", "addr_city": null, "osm_id": 9705759526, "osm_type": "nodes" }, "geometry": { "type": "Point", "coordinates": [ 88.7421462, 24.0120715 ] } }
]
}
