{"type":"Topology","arcs":[[[59479,18688],[-69,-19],[-96,6],[-121,30],[-72,35],[-12,76],[47,-26],[21,-26],[-9,-12],[64,-3],[79,22],[64,-1],[54,10],[33,18],[105,83],[26,47],[35,45],[51,90],[23,94],[71,146],[32,59],[-13,-48],[-49,-85],[-41,-102],[-11,-104],[9,-67],[-20,-54],[-45,-38],[-72,-72],[-84,-104]],[[49591,40200],[-35,9],[-25,21],[35,2],[27,26],[45,3],[18,-47],[-16,-16],[-49,2]],[[50205,40729],[48,23],[-51,-40],[-23,-75],[-17,-27],[-37,-19],[-11,25],[44,62],[47,51]],[[50797,41425],[11,-23],[-2,-49],[-31,-51],[-20,-58],[-9,-101],[-13,-15],[-55,0],[-12,34],[33,114],[49,70],[10,40],[-9,51],[-23,35],[-9,83],[-18,65],[12,44],[-10,23],[-32,-4],[-15,22],[0,71],[-10,39],[46,-13],[42,-99],[-2,-63],[19,-103],[48,-112]],[[54533,47260],[27,-5],[28,-34],[20,-70],[-14,-68],[-29,-25],[-124,-53],[-26,-15],[-133,-105],[-36,-46],[-42,-26],[-16,17],[26,36],[70,31],[22,44],[95,145],[49,93],[26,71],[13,14],[44,-4]],[[48694,50170],[4,18],[35,17],[2,-34],[-41,-1]],[[49192,50950],[-63,-128],[-142,-213],[-88,-166],[-21,-57],[-47,-71],[-70,-92],[4,30],[39,56],[95,163],[8,23],[57,102],[15,38],[28,145],[21,69],[23,49],[38,47],[46,44],[52,-9],[5,-30]],[[50219,51818],[-28,-33],[32,-80],[-35,-16],[-34,3],[-13,29],[18,78],[27,28],[33,-9]],[[50503,51836],[17,22],[85,20],[34,21],[-20,-31],[-83,-76],[-37,2],[4,42]],[[50736,51944],[-4,37],[18,-32],[-14,-5]],[[55437,53903],[-19,30],[2,83],[33,61],[41,34],[85,54],[46,-7],[3,-37],[-46,-107],[-37,-54],[-87,-75],[-21,18]],[[47945,55062],[-57,-132],[-5,-96],[-19,-110],[-34,-102],[-15,-124],[-3,-96],[-21,-66],[-53,-60],[-51,-98],[-38,-64],[-32,-33],[-98,-130],[-17,-14],[-161,-41],[-82,-40],[-64,-45],[-27,-11],[-64,-1],[-135,73],[-39,37],[-10,32],[-44,42],[-35,56],[-20,55],[-14,134],[-72,138],[-70,75],[-102,119],[-10,25],[1,45],[23,41],[79,20],[57,-10],[68,-30],[53,-10],[138,10],[186,10],[73,23],[153,77],[69,50],[71,63],[96,57],[35,26],[41,45],[16,5],[76,101],[37,30],[43,17],[78,-3],[18,-16],[-19,-74]],[[55972,54744],[14,106],[28,94],[119,336],[42,168],[18,51],[68,150],[24,31],[33,15],[-4,-56],[-65,-155],[-25,-71],[-37,-133],[-23,-97],[-34,-68],[-51,-66],[-33,-74],[-47,-140],[-11,-80],[-16,-11]],[[58996,58480],[7,-82],[17,-66],[-11,-26],[-35,-22],[-13,19],[9,36],[-44,109],[-2,62],[-27,73],[-27,7],[-17,44],[43,12],[28,-18],[45,-63],[26,-54],[1,-31]],[[48967,59855],[-39,21],[-1,46],[48,-16],[11,-50],[-19,-1]],[[55410,61192],[15,-92],[-19,-65],[-90,-115],[-36,1],[3,30],[34,28],[13,57],[35,68],[21,68],[24,20]],[[44229,63114],[98,-20],[41,-19],[37,-34],[48,-13],[39,15],[31,33],[11,51],[-18,27],[-28,-11],[-51,52],[-8,34],[42,16],[131,-49],[29,-45],[14,-64],[25,-83],[68,-122],[46,-124],[-32,-67],[-38,-15],[-46,0],[-52,19],[-50,28],[-155,64],[-84,10],[-115,-1],[-144,14],[-53,28],[-53,48],[-46,65],[-35,99],[-59,132],[-32,46],[24,28],[154,3],[36,16],[58,40],[53,19],[18,-11],[-7,-29],[36,-33],[15,-81],[20,-40],[32,-26]],[[43530,64378],[43,-8],[56,-28],[20,-23],[10,-44],[-53,-24],[-62,-6],[-60,38],[-21,38],[3,37],[29,21],[35,-1]],[[45365,68763],[-16,110],[-27,78],[-43,163],[0,64],[-7,119],[-16,138],[-6,186],[1,52],[12,45],[77,75],[61,8],[37,-9],[87,-65],[119,-62],[37,-25],[36,-68],[14,-116],[2,-165],[4,-35],[-3,-85],[-22,-114],[-22,-145],[-18,-52],[-20,-82],[-30,-56],[-18,-60],[-46,-80],[-61,-127],[-49,-39],[-31,4],[-33,26],[-26,66],[-4,114],[7,38],[4,99]],[[59913,136834],[9,-35],[-14,-9],[5,44]],[[58465,142799],[4,-19],[-34,10],[30,9]],[[56605,147774],[-21,31],[16,16],[23,-39],[-18,-8]],[[57682,150851],[-19,-87],[-3,-47],[-11,0],[6,57],[23,115],[-49,73],[20,49],[23,15],[56,-45],[15,-54],[-42,-73],[-19,-3]],[[58089,151076],[26,21],[45,-15],[6,-69],[-48,-63],[-18,-80],[-19,-5],[-107,77],[-8,50],[59,75],[13,-25],[51,34]],[[57220,151400],[-41,-55],[20,-66],[-10,-81],[-34,-23],[-20,-39],[-89,-251],[-68,-251],[9,-59],[-23,-6],[-7,45],[-12,6],[-9,-35],[-27,-27],[37,-26],[-18,-32],[11,-10],[43,51],[-1,-22],[-45,-50],[-32,2],[-27,29],[-23,-20],[-18,-49],[-24,-16],[16,-12],[-51,-51],[-21,-41],[-39,32],[-40,-35],[-17,-81],[-46,-63],[-1,-19],[-51,-42],[6,20],[-68,-69],[18,48],[28,39],[-45,60],[-22,66],[-123,436],[-9,13],[13,40],[-19,38],[0,26],[22,48],[72,82],[1,25],[41,62],[-16,44],[44,67],[8,32],[83,173],[-20,97],[33,93],[-24,88],[1,28],[27,109],[-6,31],[46,142],[4,53],[43,85],[13,43],[23,21],[-41,41],[29,71],[-17,93],[-2,54],[32,36],[26,106],[6,61],[-50,221],[-34,95],[-24,52],[-84,129],[-98,99],[-14,39],[-92,-44],[17,-20],[9,-68],[-22,-34],[-29,-11],[-47,10],[-21,19],[16,15],[6,69],[-10,49],[18,33],[-8,53],[-33,46],[-19,11],[-1,27],[-32,12],[31,30],[-7,23],[-30,25],[6,40],[56,-12],[68,62],[31,0],[22,118],[2,75],[-7,60],[16,79],[-40,-17],[-27,-41],[-47,7],[-21,-12],[-47,5],[-6,20],[17,63],[33,9],[2,35],[-45,36],[-24,-7],[1,34],[15,39],[-6,60],[-50,57],[-8,48],[35,33],[20,38],[-22,77],[25,36],[-4,30],[25,97],[-4,59],[-14,54],[22,7],[20,34],[-11,18],[21,23],[-26,39],[-32,13],[10,11],[-29,77],[3,23],[31,-5],[23,36],[-1,68],[7,26],[3,160],[26,53],[48,33],[33,1],[11,-20],[108,-60],[42,4],[35,-12],[65,8],[34,13],[83,56],[39,38],[74,33],[-4,29],[-29,60],[-2,70],[-21,46],[-37,27],[-37,-18],[-66,-59],[-48,-17],[-85,7],[-33,46],[-11,-29],[-33,9],[-39,30],[-61,103],[-33,36],[-51,17],[-68,59],[-13,29],[-41,10],[-45,120],[-32,42],[-43,43],[-50,39],[-44,55],[-4,57],[6,46],[30,80],[19,18],[43,6],[-42,30],[-14,56],[3,79],[-19,74],[0,73],[-32,88],[-32,112],[-42,109],[-25,88],[-15,36],[-33,46],[-7,29],[4,68],[16,51],[6,127],[0,115],[-8,135],[-25,153],[-34,66],[-45,74],[-18,74],[-43,-22],[-42,34],[-8,36],[-22,12],[-8,42],[-21,22],[-48,8],[-15,-20],[-5,51],[15,9],[-31,43],[37,4],[-6,22],[19,13],[-12,43],[4,47],[-18,18],[-37,1],[-7,16],[32,3],[9,44],[-43,80],[-15,69],[18,60],[-8,68],[-23,39],[-4,50],[-31,56],[0,19],[71,-28],[72,38],[30,-33],[38,-12],[29,17],[-13,61],[14,61],[-12,77],[-24,60],[-24,25],[-22,65],[-106,172],[-33,88],[-21,109],[3,55],[-8,69],[16,31],[-76,100],[8,50],[-16,11],[59,122],[16,68],[-1,76],[-15,67],[-18,41],[-52,84],[-98,106],[-10,18],[-3,105],[-53,49],[-28,70],[-36,13],[8,70],[-15,79],[34,88],[14,79],[-18,116],[16,87],[9,16],[-8,42],[-37,97],[-56,90],[-72,71],[-79,56],[-29,2],[-23,47],[13,27],[-39,2],[-15,-20],[-52,32],[-1,29],[-39,57],[-7,52],[-19,45],[19,5],[-10,22],[41,-5],[-20,67],[1,45],[-35,33],[6,38],[39,40],[37,-57],[24,3],[31,-35],[74,42],[80,86],[24,-3],[30,15],[-11,30],[28,104],[13,74],[4,70],[-9,47],[-31,83],[3,12],[-50,51],[-4,26],[22,104],[-10,63],[-37,47],[-13,31],[-61,26],[-44,7],[-12,26],[-4,77],[20,34],[53,10],[4,62],[30,31],[40,-38],[29,4],[48,32],[29,59],[-5,44],[15,49],[1,48],[82,-15],[22,54],[-36,32],[-2,42],[22,13],[32,-51],[32,-27],[34,-8],[-6,-30],[30,12],[5,30],[36,58],[26,26],[39,-28],[76,-24],[16,18],[11,49],[36,99],[17,75],[2,74],[-11,116],[-22,102],[-48,109],[-2,204],[-8,71],[-27,81],[-36,57],[-20,75],[-27,49],[-38,17],[-1,39],[25,106],[21,66],[58,30],[32,86],[25,47],[14,66],[45,23],[75,112],[10,72],[-11,14],[-8,62],[54,87],[1,22],[-23,10],[-10,28],[17,35],[32,23],[4,34],[29,128],[46,246],[-7,89],[21,60],[54,89],[-10,35],[1,97],[37,114],[-38,220],[-24,52],[-8,50],[1,53],[13,34],[65,89],[54,55],[31,60],[9,41],[5,79],[-2,122],[9,30],[-1,68],[22,49],[73,74],[46,-15],[55,23],[43,76],[7,213],[-8,58],[25,66],[43,67],[32,14],[88,120],[56,18],[39,-16],[53,3],[97,21],[80,93],[70,107],[-4,38],[33,111],[28,71],[17,75],[4,86],[-12,56],[12,33],[-67,23],[-13,68],[84,20],[3,57],[-14,136],[31,161],[54,73],[99,109],[89,47],[70,66],[46,9],[41,124],[26,66],[92,117],[80,23],[43,52],[12,30],[20,93],[1,75],[-14,104],[16,28],[-9,73],[11,86],[-2,101],[24,139],[41,93],[74,128],[6,22],[-7,114],[-21,125],[-75,177],[-19,83],[-50,127],[-13,13],[-58,220],[-88,224],[-6,48],[-24,75],[-83,183],[0,69],[-29,114],[-50,122],[-15,115],[-21,104],[-26,13],[-9,34],[-42,-7],[-39,5],[-37,45],[12,27],[42,16],[109,58],[-31,58],[-19,8],[-67,-1],[-68,80],[-12,53],[-30,4],[-38,-14],[-26,25],[-1,57],[-11,36],[9,84],[-36,69],[-8,82],[-30,15],[-1,30],[-21,38],[36,2],[-32,47],[-50,15],[-8,21],[44,18],[57,43],[7,38],[-143,367],[-58,134],[-108,243],[-20,77],[-46,110],[-44,95],[-22,78],[13,85],[-60,23],[-30,-28],[-38,0],[-32,59],[-42,-16],[-64,68],[-43,68],[-35,75],[-116,203],[-82,189],[-27,103],[-28,85],[-60,148],[-23,134],[-39,158],[-54,99],[-45,114],[-16,77],[-3,70],[24,82],[6,77],[-3,74],[-48,103],[-46,26],[-83,11],[-25,11],[-21,66],[-121,64],[-124,46],[-171,42],[-164,13],[-3,-147],[9,-83],[24,-86],[-14,-46],[-32,-23],[-102,22],[-52,28],[-203,144],[-28,23],[-9,30],[-53,64],[-71,55],[34,218],[10,396],[19,17],[-30,24],[-2,22],[-27,-20],[-34,44],[11,95],[-6,60],[12,41],[-28,152],[3,43],[85,71],[-20,150],[-12,43],[1,56],[40,62],[25,262],[-40,6],[-27,-10],[-54,13],[-79,58],[-91,145],[-14,182],[27,316],[15,240],[43,166],[28,23],[48,-3],[99,-36],[17,0],[0,36],[-19,35],[-15,112],[46,65],[115,110],[32,15],[62,-15],[-12,42],[15,29],[29,14],[62,13],[65,141],[-10,105],[-57,-10],[-37,17],[-55,-29],[-65,-46],[-33,-3],[-29,32],[24,87],[50,56],[46,40],[285,363],[73,122],[22,16],[-13,72],[-43,69],[-164,-48],[-37,0],[2,66],[50,89],[30,96],[7,68],[55,108],[42,44],[50,146],[20,297],[0,54],[-20,37],[-30,31],[-257,78],[-91,81],[-92,110],[-126,122],[-41,120],[16,98],[-5,32],[-46,80],[0,59],[63,95],[65,64],[86,121],[40,63],[49,64],[46,41],[34,0],[55,-24],[41,-3],[51,76],[57,46],[61,17],[88,2],[70,18],[58,41],[125,80],[46,39],[2,30],[22,36],[29,22],[91,0],[39,-27],[36,-51],[62,-39],[126,-7],[149,34],[60,7],[94,56],[19,20],[92,46],[48,46],[10,54],[-8,83],[-67,36],[-123,105],[-41,95],[-77,49],[-36,5],[-84,-27],[-34,-27],[-113,-41],[-58,-38],[-38,-11],[-51,7],[-48,22],[-91,13],[-104,-35],[-72,8],[-58,31],[-84,20],[-41,0],[-43,-37],[-56,-34],[-65,-2],[-60,14],[-219,11],[-82,11],[-87,2],[-89,8],[-126,-12],[-74,-32],[-29,-25],[-52,-21],[-159,-125],[-176,-92],[-181,-24],[-183,-5],[-80,40],[-85,50],[-78,136],[-14,119],[4,230],[51,122],[248,264],[32,37],[19,43],[-3,558],[32,62],[68,105],[106,124],[153,115],[84,52],[80,36],[59,39],[120,142],[97,150],[86,103],[78,2],[27,13],[18,53],[-11,58],[87,219],[-4,162],[5,43],[29,47],[-61,127],[-114,61],[-139,8],[-88,-3],[-98,-42],[-13,-76],[6,-96],[16,-60],[-15,-83],[-70,-50],[-159,-78],[-58,-39],[-62,-63],[-128,-165],[-143,-167],[-61,-108],[0,-27],[-69,-76],[-41,-9],[-48,41],[-34,81],[-42,245],[-23,180],[-75,207],[-39,159],[6,300],[37,436],[22,160],[46,262],[42,569],[37,74],[35,15],[43,76],[32,136],[-21,-1],[52,185],[53,145],[57,220],[19,110],[32,67],[63,198],[33,128],[57,108],[82,136],[148,230],[64,61],[33,56],[51,34],[84,39],[77,54],[35,54],[71,18],[132,12],[127,-11],[152,-2],[103,-12],[46,-11],[127,-53],[137,-98],[75,-43],[69,-27],[81,-56],[44,-38],[80,-59],[20,-7],[59,13],[59,2],[34,-9],[207,-75],[118,-48],[42,-12],[104,-3],[56,-13],[32,3],[22,31],[13,101],[17,73],[33,68],[45,42],[89,102],[54,105],[11,98],[-7,103],[-20,40],[-30,36],[-49,10],[-58,-7],[-122,-75],[-49,-6],[-70,18],[-134,86],[-177,123],[-74,72],[-53,31],[-157,0],[-127,-21],[-61,-15],[-117,-36],[-29,14],[-164,159],[-22,99],[-23,53],[-23,20],[-144,46],[-32,3],[-70,22],[-81,6],[-22,-15],[-97,-37],[-54,3],[-74,-20],[-59,-26],[-23,2],[-84,-16],[-37,9],[-100,9],[-89,-4],[-106,-14],[-26,-14],[-47,-44],[-74,-80],[-64,-35],[-21,11],[5,31],[32,80],[22,35],[-9,39],[-102,25],[-79,-18],[-151,-92],[-44,-39],[-25,-47],[-55,-52],[-103,-60],[-80,-35],[-49,-7],[-110,41],[-38,5],[-44,33],[-9,36],[-75,-20],[-35,-24],[-54,-7],[-19,63],[-17,23],[-60,39],[-47,58],[-59,50],[-166,215],[0,21],[-35,53],[-33,25],[-155,39],[-106,40],[-28,18],[-56,-5],[-75,-30],[-63,9],[-47,40],[7,46],[56,67],[63,44],[92,140],[45,134],[9,39],[19,28],[-3,50],[-18,39],[-29,35],[-85,65],[-62,-34],[114,-174],[-3,-19],[-34,-35],[-79,-13],[-168,-1],[-86,-41],[-81,-92],[-114,-157],[-91,-220],[-12,-91],[8,-66],[41,-70],[55,-112],[-42,-77],[-3,-23],[19,-22],[89,-21],[47,-21],[35,-37],[5,-37],[-7,-90],[-24,-113],[-94,-120],[-25,-66],[-1,-152],[-28,-97],[-86,-77],[-42,-59],[-54,-47],[2,-62],[-87,-41],[-23,-32],[-52,-121],[-23,-29],[-31,-2],[-88,35],[-64,-26],[-28,-56],[-14,-62],[-3,-101],[-35,-47],[-19,-41],[-16,-108],[-38,-79],[-9,-41],[-5,-81],[-2,-161],[-37,-70],[-21,-76],[-68,-87],[-17,-62],[-23,-23],[-207,-44],[-53,-30],[-64,-56],[-100,-67],[-47,-22],[-82,-23],[-62,-56],[-54,-60],[-49,-95],[-14,-48],[8,-122],[27,-88],[10,-59],[31,-63],[13,-58],[-7,-64],[-25,-125],[-76,-216],[-18,-208],[-5,-157],[25,-63],[129,-184],[184,-412],[97,-354],[26,-126],[3,-179],[34,-321],[7,-241],[50,-244],[89,-317],[37,-346],[-87,-134],[7,-46],[33,-93],[36,-61],[72,-92],[35,-93],[6,-40],[-7,-105],[17,-31],[159,-174],[73,-179],[13,-83],[-19,-90],[-53,-88],[-139,-164],[-51,-85],[-147,-201],[-41,-149],[-51,-125],[-3,-34],[17,-120],[-7,-51],[-96,-256],[-3,-37],[-28,-72],[-14,-117],[-129,-298],[-4,-34],[-59,-69],[-28,-46],[-11,-39],[7,-70],[-88,-96],[-35,-60],[0,-19],[-82,-108],[-63,-100],[-94,-82],[-140,-139],[-169,-131],[-70,-65],[-36,-45],[-61,-132],[-82,-85],[-72,-104],[-155,-164],[-36,-34],[-9,-42],[7,-79],[16,-94],[-6,-83],[-18,-28],[-35,-126],[-12,-152],[-41,-87],[-46,-141],[-27,-152],[-30,-316],[14,-159],[-1,-60],[-9,-39],[-37,-29],[-6,-98],[24,-28],[24,0],[49,47],[3,-28],[-67,-94],[-56,-27],[-27,-24],[-32,-6],[-49,-32],[-142,-32],[-46,-17],[-121,-56],[-39,-33],[-28,-7],[-40,-39],[-44,-10],[-63,-41],[-29,-36],[-31,6],[-28,-25],[-47,-24],[-3,-42],[-22,-22],[-37,-10],[-37,-39],[-28,-7],[-61,7],[-64,-50],[-137,-28],[-63,-31],[-42,-33],[-37,-62],[2,-90],[-17,-19],[-42,-11],[-64,44],[-59,20],[-67,11],[-47,-11],[-119,-50],[-17,-36],[-37,-19],[-20,-54],[27,-16],[-15,-15],[-85,18],[-68,2],[-90,-17],[-13,-40],[-69,-18],[-2,20],[-40,12],[-26,-15],[-9,-26],[21,0],[-30,-28],[-29,18],[-97,-17],[-50,-38],[-66,8],[-156,-32],[-101,-13],[-26,-26],[-105,-63],[2,-23],[-41,-69],[-43,-31],[-13,-20],[-44,-21],[-28,9],[-49,-5],[-37,-24],[-6,12],[-61,-24],[-57,-53],[-41,-11],[-58,-52],[-39,14],[-34,-10],[-9,-21],[-143,-49],[-26,-21],[-38,-10],[-8,22],[-41,6],[-71,-26],[-56,-31],[-75,-61],[-48,-113],[-20,-33],[-27,-18],[72,-9],[1,-43],[49,-51],[-6,-22],[-36,15],[-10,-14],[-48,11],[-48,-10],[-32,-29],[4,41],[-30,16],[-73,-10],[-71,-32],[-13,-26],[64,-20],[-4,-37],[-71,-4],[-58,-14],[-17,-23],[-54,-9],[-27,-32],[16,-27],[-46,-15],[-6,21],[-89,-1],[-34,-21],[-29,5],[-57,-7],[-44,-34],[-34,51],[-32,2],[-49,-33],[-42,26],[-96,-3],[-68,-22],[-186,-120],[-58,-26],[-70,-7],[-64,-37],[-30,-37],[-6,-47],[-43,-12],[-26,18],[-68,14],[-76,-6],[-93,-17],[-64,-25],[-184,-95],[-36,-48],[16,-74],[43,-40],[-7,-16],[-91,-34],[-19,-14],[-50,-9],[-28,9],[-56,-2],[-61,-19],[-47,-35],[-30,0],[-35,22],[-62,4],[-20,-49],[-130,-31],[-51,-15],[-9,-30],[9,-29],[-102,5],[-49,-13],[-20,-41],[-31,-2],[-33,14],[-53,7],[-17,18],[-32,-18],[-19,7],[-50,-30],[-79,-30],[-21,-19],[-68,-7],[-12,16],[54,49],[-30,41],[-55,0],[-117,-36],[-77,-53],[-47,-44],[-59,-116],[189,-179],[-249,-64],[-138,-12],[-51,-31],[-46,-129],[-37,-67],[7,-29],[-15,-33],[-58,-9],[-21,-34],[-77,-38],[-14,-23],[-94,-9],[-15,10],[-56,6],[-14,-44],[-32,-11],[-40,-46],[-36,-55],[-81,-7],[-57,-16],[-44,9],[-28,28],[-108,-40],[-29,17],[-75,-7],[-51,-30],[-24,2],[-60,25],[-12,40],[30,22],[-11,16],[-87,19],[-73,-4],[-61,-42],[-25,-62],[32,-30],[45,-5],[16,-53],[26,-27],[-52,-17],[-54,7],[-28,-20],[-53,-10],[-33,-25],[-24,23],[-18,-14],[-38,-2],[-10,-14],[-42,-2],[-37,25],[-10,-39],[-30,25],[-33,0],[-91,-46],[-47,5],[-38,-23],[-46,2],[-76,-9],[-46,-33],[-134,-57],[-23,-17],[-122,-45],[-26,-31],[-91,-32],[-40,-25],[-24,18],[-56,-46],[-33,-14],[-56,-7],[-29,-13],[-49,-37],[-61,-32],[-140,-40],[-82,-11],[-23,-10],[-24,-50],[-47,-33],[-260,-41],[-63,-57],[-11,-21],[35,-27],[-39,-19],[-34,-39],[-45,-3],[-94,-23],[-34,-19],[-47,-13],[-116,-16],[-102,-7],[-117,-54],[-56,-69],[-19,-66],[-3,-105],[-51,1],[-72,-19],[-70,0],[-62,16],[-51,-39],[-30,-6],[-111,38],[-84,5],[-71,-9],[-70,5],[-56,-10],[-55,-19],[-71,-59],[-22,-37],[-5,-37],[48,-47],[-35,-43],[-97,-23],[-46,5],[-15,-14],[-35,25],[-40,-2],[-70,-46],[-58,-16],[-34,7],[-34,35],[-73,7],[-157,38],[-80,10],[-72,-3],[-85,-25],[-127,-72],[-29,-35],[-29,-62],[11,-49],[50,-32],[53,-10],[-52,-61],[-62,-20],[-27,4],[-35,-23],[-62,-28],[-23,-42],[-20,0],[2,25],[-22,-15],[-11,24],[-20,-8],[-23,40],[-72,-21],[-70,-3],[-35,-17],[-31,-1],[-28,22],[-72,4],[-63,21],[-16,23],[-65,19],[-69,5],[-62,-13],[-39,-19],[-37,-45],[13,-48],[-36,-28],[-27,30],[-24,-14],[-96,-15],[-50,6],[-30,23],[-84,41],[-152,36],[-57,-3],[-10,-29],[51,-2],[-2,-14],[-80,-2],[-80,27],[-82,14],[-96,-2],[-66,-18],[-28,-17],[-52,-52],[-7,-35],[27,-46],[32,-26],[-16,-15],[-70,18],[-35,-18],[-71,11],[-21,35],[-40,7],[-35,30],[-84,29],[-29,30],[-42,-9],[-119,90],[-89,57],[-75,28],[-87,24],[-115,55],[-89,11],[-82,-32],[-84,23],[-82,35],[-41,34],[-39,19],[-69,16],[-53,20],[-80,49],[-124,60],[-63,53],[-146,78],[-164,115],[-82,12],[-56,-40],[-66,22],[-72,43],[-68,14],[-103,55],[-71,-9],[-65,28],[-71,23],[-49,-11],[-19,41],[-53,26],[-26,0],[-66,22],[-54,3],[-77,41],[-38,-6],[-24,15],[-56,58],[-86,58],[-104,16],[-33,11],[-25,24],[-9,29],[-55,53],[-60,28],[-64,-9],[-28,-30],[-26,32],[-60,46],[-45,26],[-117,43],[-136,84],[-117,43],[-113,54],[-24,6],[-27,32],[0,21],[-34,30],[-65,10],[-52,38],[-21,3],[-49,-18],[-47,18],[-80,58],[-58,22],[-57,35],[-18,-9],[-58,55],[-55,10],[-93,82],[-80,53],[-78,81],[-62,53],[-73,85],[-41,36],[-78,54],[-40,41],[-89,37],[-22,22],[-70,26],[-29,2],[-6,26],[-61,12],[-28,-16],[18,-53],[-22,28],[-43,11],[-94,56],[-69,54],[-69,73],[-64,25],[-79,42],[-71,46],[-87,34],[-49,65],[-72,48],[-66,53],[-40,21],[-127,80],[-218,174],[-96,57],[-81,58],[-48,25],[-124,139],[-44,41],[-151,129],[-46,-4],[-61,66],[-71,42],[-74,69],[-102,85],[-109,97],[-162,124],[-28,30],[-143,127],[-43,25],[-175,153],[-169,184],[-268,215],[-75,89],[-40,9],[-30,-6],[-12,23],[-49,51],[-180,170],[-131,134],[-181,171],[-136,147],[-112,132],[-192,195],[-211,220],[-118,138],[-208,230],[-246,281],[-521,588],[-73,86],[-260,297],[-368,436],[-359,415],[-173,198],[-443,503],[-298,332],[-534,593],[-131,123],[-80,60],[-122,104],[-120,109],[-318,350],[-172,178],[-135,126],[-35,41],[-156,142],[-30,16],[-60,9],[-36,-16],[3,-72],[-27,-44],[-9,-68],[-21,-7],[-14,29],[47,93],[0,23],[-23,27],[-108,70],[-158,124],[-213,198],[-222,185],[-192,182],[-292,290],[-135,139],[-97,90],[-171,119],[-136,100],[-107,89],[-52,26],[-47,48],[-216,208],[-201,184],[-134,166],[-75,99],[-63,65],[-77,62],[-43,26],[-65,18],[-73,30],[-82,60],[-152,131],[-146,111],[-101,99],[-271,224],[-117,87],[-78,86],[-98,85],[-153,154],[-135,141],[-55,28],[-189,191],[-118,127],[-122,145],[-78,75],[-57,38],[-78,77],[-70,92],[-333,364],[-541,571],[-218,289],[-120,117],[-96,74],[-87,83],[-39,60],[-88,66],[-107,125],[-132,170],[-156,164],[-120,134],[-80,81],[-100,115],[-202,247],[-162,207],[-33,53],[-75,65],[-29,4],[-44,57],[-28,65],[-2,31],[37,49],[24,13],[-5,41],[-57,96],[-21,67],[-51,89],[-65,152],[-23,85],[-27,74],[-4,97],[51,156],[5,47],[16,38],[40,-11],[85,18],[26,35],[18,51],[-9,69],[-10,7],[47,71],[-2,49],[-19,119],[43,84],[67,76],[22,110],[105,187],[91,118],[108,100],[68,96],[80,99],[72,78],[54,37],[207,118],[168,85],[127,60],[127,131],[9,30],[40,-14],[51,14],[48,-4],[27,-32],[42,-26],[-90,-106],[0,-63],[-16,-24],[-20,-60],[-32,-19],[-50,0],[-59,-35],[-27,-34],[-75,-44],[-34,-37],[-25,-42],[-28,45],[-25,3],[-20,-42],[26,-112],[29,-54],[38,-43],[52,-111],[54,-82],[-32,-54],[64,-54],[51,-26],[54,-10],[45,-25],[89,35],[23,-4],[63,13],[86,47],[19,39],[12,81],[26,25],[122,9],[9,-42],[44,-39],[153,-94],[98,53],[36,35],[102,0],[27,-5],[58,57],[17,28],[63,28],[84,-5],[33,9],[33,56],[-21,46],[19,16],[60,2],[57,-7],[163,3],[-46,-63],[4,-69],[22,-29],[23,-49],[59,-39],[5,-19],[-22,-29],[-11,-52],[23,-36],[-31,-5],[-9,-35],[-79,-6],[-50,-24],[-58,-68],[-38,-17],[-21,-23],[19,-28],[32,-11],[15,-30],[-19,-41],[-49,7],[-3,-31],[-39,-38],[9,-21],[-24,-14],[26,-48],[47,6],[-33,-35],[-11,-43],[4,-49],[-30,7],[-35,31],[-40,-21],[2,-28],[23,-12],[14,-32],[-20,-32],[18,-28],[-5,-53],[-14,-20],[-2,-45],[-30,-46],[-19,-6],[-63,-62],[-19,-40],[12,-35],[58,-115],[77,-99],[200,-189],[187,-143],[199,-104],[118,-27],[148,20],[44,28],[120,65],[243,32],[59,0],[45,9],[119,51],[33,30],[21,60],[-16,44],[37,4],[49,28],[136,-12],[24,16],[9,26],[45,2],[25,12],[47,62],[8,44],[20,39],[92,7],[61,74],[28,97],[-17,52],[-23,19],[-61,-5],[-16,53],[28,23],[100,-32],[40,-4],[66,14],[35,-17],[21,-58],[24,-25],[39,-18],[90,-7],[110,48],[38,2],[117,-52],[108,-5],[243,-4],[73,23],[178,101],[82,65],[113,18],[56,-18],[96,-3],[94,34],[94,12],[32,26],[38,13],[14,17],[0,92],[9,80],[68,99],[49,53],[40,24],[108,39],[47,34],[30,10],[82,82],[14,31],[1,76],[-14,25],[-57,46],[-5,32],[-39,72],[42,53],[-7,65],[-103,87],[-21,25],[4,44],[29,12],[72,0],[47,-7],[91,-51],[78,-73],[26,-74],[93,-47],[45,-15],[31,-31],[27,-57],[-25,-65],[54,-44],[16,-75],[0,-74],[-28,-26],[-49,7],[2,-41],[94,-40],[-1,-23],[22,-34],[-7,-46],[-71,-146],[10,-38],[91,138],[33,6],[50,61],[28,45],[56,31],[38,-14],[48,-56],[55,-2],[44,-19],[0,-62],[-35,-32],[-123,-84],[-2,-34],[43,-5],[44,43],[102,55],[55,-19],[58,-33],[48,-2],[4,34],[19,2],[37,-107],[0,-38],[-18,-57],[15,-3],[30,72],[18,26],[29,72],[4,80],[19,42],[0,30],[-17,48],[15,48],[74,-32],[155,-80],[92,-10],[89,19],[56,28],[7,23],[-9,69],[26,101],[0,90],[41,42],[29,11],[26,39],[79,26],[56,-17],[29,19],[82,19],[114,-1],[40,24],[-6,46],[16,85],[-9,42],[-33,34],[4,60],[21,48],[52,44],[49,18],[-7,14],[-46,23],[23,42],[-8,51],[-114,90],[12,43],[81,74],[78,125],[58,69],[120,41],[37,-4],[52,-32],[28,-35],[3,-28],[54,-43],[23,-35],[19,-60],[-3,-58],[-18,-25],[-8,-60],[57,-76],[28,-78],[49,-14],[33,-37],[21,2],[21,143],[26,53],[26,-28],[33,-94],[49,-64],[31,-28],[69,-45],[52,-97],[3,-34],[34,-65],[79,-35],[13,-28],[-9,-36],[52,-1],[58,-47],[11,26],[78,85],[38,56],[27,70],[53,46],[1,12],[-60,5],[-35,21],[4,69],[47,-5],[59,-25],[31,10],[81,172],[40,40],[23,56],[-95,57],[20,23],[55,-24],[5,44],[51,-10],[13,250],[-15,28],[20,7],[2,-32],[-13,-253],[23,28],[45,7],[12,12],[99,-45],[68,-54],[84,-23],[86,-7],[95,23],[27,15],[52,50],[16,34],[35,25],[40,8],[31,20],[39,69],[36,22],[42,4],[62,-25],[35,-94],[36,-23],[-45,119],[-15,92],[3,56],[29,57],[5,52],[27,43],[68,58],[4,25],[41,73],[51,41],[1,35],[57,22],[34,27],[62,13],[60,-39],[37,-39],[57,-37],[17,-53],[4,-44],[-15,-23],[16,-9],[26,34],[2,81],[-29,46],[-115,105],[-7,21],[16,70],[-15,44],[7,40],[-12,33],[16,18],[60,15],[-2,-36],[13,-30],[9,53],[84,-17],[32,-19],[33,17],[-6,25],[-22,-27],[-21,13],[-53,9],[-18,24],[39,10],[55,-10],[-54,28],[-2,11],[43,33],[75,36],[31,4],[40,-35],[-9,51],[50,-13],[61,23],[22,-31],[-50,-53],[-9,-49],[-36,-41],[17,-42],[34,-13],[52,-58],[-33,58],[12,19],[87,-31],[1,34],[-47,-12],[-24,32],[26,27],[-17,4],[-23,-31],[-52,-21],[-16,35],[28,34],[21,50],[34,31],[6,55],[-54,14],[95,-5],[52,13],[119,52],[8,-22],[-71,-36],[-24,-21],[-15,-37],[15,-78],[6,-72],[10,-30],[-16,-60],[16,0],[6,34],[57,-12],[-30,26],[-13,39],[19,15],[-26,20],[7,45],[-24,52],[23,58],[54,21],[-13,-74],[2,-40],[38,-78],[18,6],[-17,27],[-4,56],[24,21],[-28,-4],[-11,25],[28,90],[62,43],[20,0],[48,-27],[67,17],[12,-52],[61,-2],[7,-37],[17,-17],[2,39],[15,17],[1,37],[-18,15],[51,50],[40,10],[71,-48],[-13,64],[-27,86],[17,18],[11,-18],[20,16],[-9,22],[37,31],[13,-27],[-65,-63],[32,-130],[50,-29],[62,-19],[46,-7],[66,-36],[54,25],[77,4],[73,-17],[68,-40],[56,16],[93,5],[128,-3],[93,10],[51,-4],[71,16],[62,2],[137,15],[36,29],[106,5],[87,-8],[57,3],[53,15],[47,28],[22,27],[17,102],[51,48],[27,43],[40,37],[32,54],[42,23],[5,66],[27,67],[-24,58],[29,60],[38,56],[5,25],[-19,36],[2,37],[22,19],[26,-11],[15,25],[67,13],[15,31],[33,36],[20,40],[29,22],[5,27],[82,-37],[149,391],[61,77],[20,45],[48,35],[8,29],[5,117],[20,45],[53,40],[62,8],[0,27],[-57,28],[-105,9],[-43,19],[-14,45],[20,53],[67,63],[-3,161],[44,54],[120,66],[28,5],[29,26],[48,9],[38,-36],[43,-1],[29,27],[15,49],[43,58],[26,-31],[47,28],[78,121],[56,108],[68,221],[151,242],[55,62],[89,144],[102,244],[72,162],[73,98],[68,111],[34,72],[97,138],[102,116],[53,94],[49,58],[63,49],[57,13],[115,39],[58,27],[48,13],[82,53],[53,80],[49,53],[13,49],[39,102],[62,204],[8,94],[-12,123],[35,45],[45,35],[180,115],[65,35],[84,79],[65,107],[42,76],[28,64],[23,86],[79,140],[24,90],[23,38],[36,119],[15,77],[8,133],[-41,17],[-75,-19],[-10,-36],[-28,-34],[-99,-37],[-144,-35],[-146,-16],[-62,-10],[-55,-29],[-68,-17],[-65,-38],[-83,-76],[-65,-102],[-110,-106],[-67,-46],[-31,-34],[-48,-92],[-16,-70],[-1,-56],[-10,-51],[-37,-64],[31,-86],[1,-88],[11,-66],[4,-68],[-19,-112],[-47,-149],[-65,-132],[-74,-63],[-105,-25],[-165,-76],[-137,-20],[-82,-3],[-64,4],[-41,18],[-100,56],[-27,26],[-81,48],[-36,52],[-41,26],[-50,0],[-42,-21],[-55,-42],[-100,-4],[-55,22],[-27,26],[-101,128],[-71,36],[-40,43],[-64,39],[-113,103],[-113,66],[-46,43],[-41,0],[-22,-21],[-15,-90],[4,-98],[-79,-111],[-23,-25],[-60,-39],[-153,-60],[-242,36],[-55,-3],[-68,-39],[-29,-6],[-104,-41],[-129,-24],[-91,-63],[-102,-104],[-154,-115],[-209,-112],[-120,-17],[-45,11],[-35,-6],[-33,9],[-46,-34],[-191,-26],[-43,10],[-73,-27],[-142,-47],[-107,-17],[-38,57],[-168,13],[-124,0],[-71,-25],[-40,40],[-103,-74],[-102,-16],[-76,-25],[-94,5],[-172,-44],[-228,-150],[-201,-173],[-159,-47],[-237,21],[-112,32],[-167,2],[-177,-38],[-138,-61],[-460,-224],[-106,-99],[-177,-122],[-383,-144],[-60,-113],[-47,-63],[-44,-112],[-15,-85],[-42,-94],[-90,-105],[-1,-13],[-50,-17],[-5,-34],[-45,-88],[-27,-25],[18,-26],[-30,-70],[89,-58],[-67,-49],[-36,-3],[-60,-27],[-51,-9],[3,61],[-104,21],[-65,-1],[-82,16],[-11,14],[-13,104],[-47,74],[-23,-21],[-57,15],[-84,-52],[-81,70],[-39,2],[-46,-17],[-41,-31],[-209,10],[-83,40],[4,58],[-50,27],[-43,-15],[-54,0],[-36,-46],[-47,-10],[-86,26],[-64,14],[-138,49],[-87,48],[-52,-132],[-51,-114],[17,-20],[45,-17],[-15,-6],[-48,16],[-179,80],[130,280],[-37,19],[-44,45],[-34,49],[-40,25],[-131,3],[-149,29],[-61,1],[-129,-34],[-112,-69],[-68,-31],[-86,-53],[-44,-17],[-57,-5],[-133,14],[-125,42],[-13,-10],[51,-20],[-32,-5],[-50,31],[-28,38],[-138,80],[-55,41],[-134,114],[-124,65],[-37,26],[-128,55],[-133,43],[-74,-4],[-40,22],[12,12],[-128,28],[-23,-11],[52,-29],[-42,4],[-43,19],[-139,32],[-54,-18],[-67,31],[-95,62],[-96,37],[-72,21],[-70,7],[-51,15],[-79,-1],[-132,-29],[-87,-37],[-104,-10],[-115,-3],[-46,3],[-117,27],[-173,51],[-62,4],[-104,16],[-48,16],[-133,24],[-119,4],[-54,18],[-71,-3],[-76,37],[-70,59],[-188,123],[-200,115],[-78,16],[-58,31],[-89,33],[-45,24],[-122,113],[-71,42],[-37,37],[-122,85],[-230,131],[-81,62],[-32,7],[-69,39],[-30,31],[-84,51],[-81,36],[-30,33],[-82,48],[-119,47],[-51,29],[-73,53],[-104,32],[-43,27],[-67,28],[-12,18],[-104,38],[-165,84],[-133,54],[-116,59],[-80,56],[-93,56],[-106,46],[-166,133],[-99,48],[-190,84],[-144,79],[-87,58],[-380,222],[-350,223],[-114,58],[-97,40],[-74,42],[-32,26],[-250,109],[-46,38],[-11,-12],[-46,4],[-72,26],[-91,76],[-44,52],[-135,114],[-36,22],[-80,64],[-91,62],[-59,47],[-161,110],[-125,90],[-78,48],[-76,58],[-127,60],[-112,22],[-120,136],[-112,90],[-32,18],[-85,84],[-21,49],[18,42],[-17,30],[-110,60],[-76,54],[-28,37],[-99,108],[-46,40],[-93,66],[-64,62],[-59,77],[-21,44],[-50,74],[-7,39],[70,38],[40,29],[68,28],[29,-3],[7,-18],[-3,-120],[32,-42],[35,12],[15,38],[45,4],[46,-10],[2,29],[-108,99],[4,34],[31,10],[100,-25],[54,-2],[67,13],[29,-3],[29,-37],[27,-108],[64,-8],[17,36],[-8,105],[64,44],[48,67],[52,-6],[35,-15],[10,47],[-58,27],[-18,31],[14,15],[89,17],[100,103],[44,30],[14,21],[-25,42],[-37,6],[-127,-29],[-120,-59],[-34,-7],[-33,9],[-27,29],[-27,110],[-37,88],[-11,88],[27,13],[46,2],[60,-19],[59,23],[56,0],[6,-12],[-35,-40],[4,-34],[21,-2],[189,59],[72,50],[67,7],[4,43],[-119,20],[-49,45],[-38,16],[-22,-3],[-20,-48],[-26,-18],[-20,7],[-73,72],[-43,103],[-21,5],[-94,-4],[-15,22],[0,71],[29,46],[-8,56],[-55,17],[-56,5],[-47,-10],[-28,-55],[-34,-11],[-10,30],[-30,26],[-45,12],[-12,-30],[-49,0],[-81,53],[-128,94],[-44,45],[-45,34],[-59,70],[-26,56],[-39,33],[-13,55],[-7,79],[-36,2],[-33,-48],[-32,-29],[-39,-79],[-39,-15],[-14,33],[9,42],[83,101],[-7,28],[-52,26],[-10,46],[-32,43],[-36,27],[-5,59],[16,50],[36,6],[28,-39],[65,2],[53,16],[4,51],[-25,47],[11,48],[-23,51],[-66,56],[-59,-43],[-103,83],[-13,27],[-73,102],[-14,62],[-51,43],[-39,62],[-61,52],[-50,13],[-22,19],[46,31],[-9,90],[-58,56],[14,87],[-42,76],[-17,49],[-49,50],[-36,13],[-3,26],[41,-12],[42,3],[44,-22],[18,-33],[-3,-37],[28,-26],[31,26],[26,-1],[11,31],[-65,15],[-31,61],[-24,25],[-50,23],[-56,1],[-8,23],[20,41],[-42,25],[4,51],[-26,60],[-76,63],[-23,38],[2,59],[-13,42],[-40,42],[-22,63],[2,61],[-14,29],[-46,46],[8,38],[28,17],[35,-4],[46,-39],[44,-13],[26,9],[-5,28],[-26,8],[12,23],[44,-1],[30,23],[18,46],[-27,20],[-32,-44],[-40,-26],[-45,-15],[-23,18],[16,44],[63,3],[61,45],[-26,23],[-20,-30],[-36,-12],[-18,22],[-32,1],[3,72],[-6,56],[-19,71],[-24,58],[11,51],[40,26],[38,11],[9,31],[24,12],[3,24],[-25,21],[-19,-5],[0,-33],[-24,-17],[-21,37],[6,36],[32,28],[10,32],[-49,22],[6,45],[42,2],[134,44],[22,51],[-4,55],[21,31],[56,45],[56,35],[23,49],[-11,35],[-65,44],[31,7],[69,-7],[46,18],[19,43],[19,196],[101,83],[-31,19],[-12,104],[-50,10],[-38,25],[-30,64],[3,43],[-11,73],[118,1],[111,14],[30,11],[6,86],[18,70],[62,128],[27,42],[106,30],[80,4],[2,-34],[-31,-93],[16,-27],[32,-22],[68,10],[89,-49],[15,6],[38,146],[53,96],[16,5],[153,-48],[87,-11],[10,10],[-42,75],[-28,33],[12,66],[35,45],[54,12],[91,6],[20,13],[48,-19],[76,62],[8,18],[68,75],[-1,20],[-52,27],[-37,45],[29,108],[46,94],[52,154],[100,165],[33,-14],[4,24],[57,21],[17,-34],[49,36],[17,36],[28,-7],[6,-39],[15,-14],[38,19],[6,-36],[26,-57],[21,-97],[43,-34],[50,24],[260,-1],[14,28],[-215,2],[-78,-8],[-32,9],[-27,36],[-37,119],[31,13],[15,52],[-8,66],[32,-6],[7,-73],[28,-8],[77,77],[10,-22],[30,3],[27,27],[83,16],[-11,62],[-46,74],[35,-6],[38,19],[-34,22],[38,11],[83,4],[21,31],[64,30],[48,9],[29,-10],[70,-3],[44,-11],[71,-36],[60,-8],[39,4],[42,-13],[48,1],[26,11],[46,41],[41,16],[33,0],[53,-20],[16,160],[-32,59],[-50,0],[-19,35],[0,41],[19,41],[69,76],[145,30],[88,6],[31,41],[-19,35],[-63,47],[-119,17],[-202,0],[-94,-36],[-57,-47],[-50,-58],[-132,-53],[-126,-24],[-468,-2],[-76,-12],[-107,-53],[-163,-129],[-113,-71],[-113,-47],[-88,-23],[-45,5],[-151,35],[-126,12],[-88,-1],[-88,-23],[-138,-124],[-116,-173],[0,-105],[-22,-116],[-79,-117],[-45,-85],[-91,-84],[-79,-138],[-113,-74],[-113,-54],[-79,-74],[-68,-74],[-45,-85],[-57,-74],[-113,-64],[-68,-32],[-250,0],[-79,31],[-136,42],[-182,-1],[-113,-53],[-158,-138],[-92,-142],[-101,-307],[-315,-551],[-79,-127],[-90,-96],[-90,-116],[-361,-308],[-91,-64],[-113,-43],[-408,-2],[-277,109],[-121,19],[-127,32],[-99,7],[-93,19],[-163,111],[-43,60],[-7,72],[-22,79],[-9,205],[64,128],[63,66],[191,94],[404,2],[170,14],[92,33],[42,73],[57,40],[49,60],[148,119],[56,73],[35,225],[35,60],[-1,72],[-21,66],[-85,0],[-43,-33],[-56,-80],[-70,-86],[-43,-79],[-63,-87],[-92,-66],[-134,-34],[-114,6],[-120,39],[-50,59],[-50,73],[-121,39],[-107,125],[-150,191],[-73,77],[-175,122],[154,198],[128,296],[-22,519],[27,386],[83,280],[227,123],[337,200],[209,245],[122,106],[110,25],[147,-59],[216,-73],[114,15],[73,128],[45,366],[114,174],[306,162],[91,-126],[56,-148],[53,-30],[88,34],[229,247],[98,79],[81,4],[65,-61],[107,-68],[201,127],[270,50],[182,-151],[69,-303],[425,-256],[76,-101],[144,-38],[15,-93],[325,-18],[109,34],[21,472],[131,26],[17,34],[206,-2],[271,40],[877,5],[414,-2],[73,1366],[-3,61],[10,2],[2,62],[57,843],[26,759],[31,511],[-15,252],[-26,58],[49,77],[23,52],[36,23],[190,82],[198,76],[29,6],[137,-12],[45,31],[49,8],[40,-67],[60,-161],[8,-32],[72,-187],[14,-102],[1,-155],[13,-125],[21,-102],[81,-233],[41,-90],[113,-22],[103,-3],[73,60],[110,251],[13,80],[44,134],[-12,56],[39,96],[20,35],[46,53],[67,64],[81,53],[171,97],[156,80],[56,35],[162,-222],[43,-52],[51,-85],[72,-148],[98,-298],[41,-100],[66,-34],[61,-17],[120,-18],[58,-1],[66,17],[96,50],[139,100],[38,49],[433,229],[156,85],[18,21],[52,32],[63,21],[13,17],[67,-18],[276,-107],[276,-105],[84,-35],[494,-192],[702,271],[217,87],[529,199],[89,-12],[124,-37],[225,-39],[163,-41],[121,-17],[112,-1],[179,9],[115,13],[345,82],[43,15],[79,16],[33,1],[60,-19],[234,-96],[181,-35],[57,-5],[173,7],[101,18],[189,41],[65,17],[139,46],[186,29],[102,29],[130,54],[184,63],[8,-2],[169,-153],[443,-397],[217,-193],[167,-151],[674,-604],[13,-1],[335,0],[37,2],[258,-2],[742,-2],[1134,2],[443,-1],[494,1],[142,-1],[178,69],[148,164],[192,119],[191,428],[324,722],[37,34],[51,27],[98,28],[176,39],[129,11],[146,-8],[71,10],[108,34],[72,31],[224,74],[164,72],[54,15],[105,10],[225,33],[277,110],[414,142],[153,40],[141,34],[44,0],[160,-14],[41,8],[60,26],[35,2],[91,-35],[64,-10],[62,22],[55,29],[113,50],[76,26],[121,108],[126,74],[77,29],[145,44],[124,30],[179,33],[120,16],[76,15],[146,50],[66,31],[245,76],[96,38],[220,42],[117,38],[58,11],[113,94],[77,25],[107,-6],[245,-123],[19,-45],[-8,-112],[-175,-363],[-43,-35],[-170,-89],[-25,-34],[7,-51],[137,-370],[18,-28],[68,-142],[4,-23],[-19,-109],[3,-19],[55,-77],[5,-112],[-7,-23],[-119,-161],[-35,-87],[-2,-65],[18,-25],[68,-27],[60,-60],[20,-7],[80,12],[24,-3],[630,-248],[304,-67],[218,4],[114,-21],[68,7],[151,-37],[39,-5],[230,40],[64,9],[68,-8],[142,-3],[107,15],[483,19],[259,75],[112,52],[116,105],[76,58],[292,17],[90,50],[305,126],[32,28],[-2,40],[-338,129],[-90,115],[1,139],[91,58],[57,64],[124,68],[239,122],[93,70],[21,23],[251,240],[92,8],[123,71],[230,116],[33,-1],[197,-165],[208,-44],[269,46],[205,139],[106,181],[120,137],[86,77],[20,8],[205,15],[60,8],[56,18],[108,62],[39,55],[36,169],[-5,16],[-281,197],[-340,19],[-115,-3],[-267,-32],[-65,-16],[-36,0],[-317,150],[-121,11],[-8,10],[-7,174],[20,255],[51,351],[34,210],[-18,27],[-159,176],[-5,14],[27,220],[-49,247],[-37,135],[3,26],[95,197],[350,332],[305,97],[311,188],[127,120],[13,34],[64,87],[38,30],[26,56],[-99,94],[-33,25],[-253,234],[-182,408],[-69,163],[-133,303],[-61,164],[-23,79],[-115,149],[-95,171],[-22,45],[-242,399],[-195,255],[-210,262],[-121,141],[-67,140],[-43,113],[-70,225],[-50,178],[-86,280],[-93,409],[-6,45],[-31,108],[3,67],[-22,38],[-11,62],[-30,110],[-24,109],[-12,96],[-39,211],[-83,469],[-31,122],[-40,41],[-169,154],[-482,464],[-180,174],[-78,84],[-185,175],[-206,203],[-332,315],[-87,323],[-29,118],[-66,234],[-14,15],[-235,199],[-156,134],[-111,100],[-312,304],[-46,49],[69,218],[18,75],[0,231],[6,214],[-15,49],[19,38],[18,303],[18,172],[14,174],[16,85],[-5,34],[-65,34],[-57,19],[-6,13],[9,298],[13,208],[3,208],[5,101],[19,152],[-17,274],[8,44],[32,109],[9,87],[-6,133],[4,172],[-43,103],[-54,81],[-46,113],[-33,47],[-113,91],[-46,29],[-90,3],[-207,25],[-53,-9],[-123,5],[-135,-40],[-81,-31],[-30,1],[-269,-117],[-23,-16],[-187,-81],[-223,-89],[-26,-15],[-204,10],[-80,7],[-196,-8],[-247,-18],[-242,-12],[-311,-39],[-61,-14],[-387,-48],[-340,77],[-481,174],[-298,112],[-209,81],[-115,53],[-74,84],[-29,107],[-3,34],[-29,63],[-24,87],[-53,144],[-358,461],[-127,114],[-41,44],[-129,109],[-122,78],[-26,7],[-138,77],[-74,107],[-80,130],[-129,184],[-38,68],[-56,80],[-466,697],[-84,120],[-21,211],[-31,271],[-45,422],[-12,85],[-33,314],[-30,338],[-4,131],[61,94],[122,147],[54,77],[128,165],[61,66],[74,96],[97,134],[57,63],[57,92],[104,228],[101,256],[100,220],[23,68],[6,50],[68,324],[-143,534],[77,244],[105,326],[36,156],[52,252],[-54,311],[-49,313],[26,247],[44,329],[25,111],[-6,106],[-12,80],[-22,77],[-28,62],[-16,245],[-9,68],[-39,256],[-214,142],[-146,74],[-60,19],[-137,117],[-132,84],[-208,42],[-280,64],[-267,66],[-457,-84],[-203,-33],[-830,-122],[-476,-34],[-91,11],[-698,104],[-78,10],[-356,107],[-68,30],[-37,36],[-134,107],[-249,206],[-93,83],[-242,199],[-20,13],[-229,110],[-143,48],[-224,96],[-980,427],[-232,97],[-264,115],[-381,161],[-180,80],[-63,162],[-38,81],[-184,421],[-27,94],[11,106],[42,213],[107,452],[21,163],[47,413],[33,273],[26,266],[38,315],[19,148],[13,130],[-6,59],[164,396],[42,109],[74,156],[107,256],[112,286],[28,50],[33,85],[154,364],[79,198],[32,52],[34,121],[48,81],[161,127],[223,135],[100,64],[188,158],[116,119],[165,176],[99,96],[67,77],[77,61],[87,89],[88,101],[61,57],[156,111],[153,93],[123,81],[109,64],[136,84],[139,125],[139,141],[102,75],[106,89],[196,132],[153,126],[13,5],[92,80],[174,133],[129,89],[64,64],[31,42],[44,38],[40,48],[30,51],[60,50],[114,126],[169,257],[82,158],[11,51],[24,16],[54,104],[37,20],[61,95],[54,71],[259,208],[236,183],[83,52],[141,99],[34,28],[94,57],[135,88],[137,79],[55,117],[59,135],[75,160],[86,193],[120,257],[153,334],[65,153],[19,55],[57,135],[29,83],[39,83],[53,134],[10,15],[131,335],[101,224],[9,38],[24,39],[49,148],[60,151],[96,193],[25,40],[150,173],[135,112],[506,469],[57,81],[86,105],[80,80],[132,154],[176,89],[64,28],[412,217],[186,92],[41,34],[192,176],[64,71],[207,213],[435,448],[411,49],[409,53],[325,98],[86,22],[167,53],[87,18],[156,19],[49,-18],[143,-40],[213,-35],[178,-41],[83,-39],[310,-137],[33,-18],[80,-157],[52,-76],[122,-111],[32,-38],[78,-64],[271,-253],[101,-90],[251,-231],[90,-78],[13,-289],[6,-203],[-6,-136],[16,-82],[9,-118],[10,-51],[19,-153],[6,-76],[11,-51],[164,-204],[161,-239],[261,-391],[92,-228],[136,-110],[34,-60],[70,-90],[126,-21],[349,-48],[40,-8],[863,-116],[189,20],[177,25],[51,4],[436,190],[126,49],[111,2],[30,9],[231,155],[439,187],[207,81],[186,71],[73,33],[88,31],[316,155],[56,18],[269,120],[264,114],[150,73],[178,63],[129,55],[207,85],[86,41],[69,23],[173,27],[297,65],[59,10],[111,26],[189,37],[532,116],[820,180],[576,9],[228,10],[115,-7],[156,-5],[478,18],[78,8],[181,9],[366,5],[208,5],[268,3],[398,6],[105,-3],[59,5],[237,1],[528,203],[409,152],[198,75],[130,44],[209,79],[456,167],[386,146],[327,121],[188,45],[34,177],[90,540],[63,341],[73,409],[19,121],[19,78],[33,189],[12,34],[12,95],[59,74],[302,391],[92,113],[305,391],[182,230],[327,248],[291,224],[58,39],[107,81],[148,107],[166,130],[153,111],[195,139],[125,96],[154,183],[217,242],[185,198],[56,56],[164,174],[116,139],[14,31],[94,293],[219,668],[171,490],[198,555],[50,132],[29,97],[112,312],[38,114],[52,187],[88,296],[77,240],[145,167],[45,47],[109,131],[71,77],[177,208],[117,143],[195,202],[116,113],[134,146],[150,152],[26,18],[96,43],[85,26],[324,125],[411,161],[332,182],[166,90],[352,192],[93,49],[121,70],[505,274],[224,124],[686,367],[119,66],[340,183],[132,75],[398,152],[201,75],[235,92],[48,16],[346,132],[223,83],[450,170],[50,21],[673,256],[32,66],[336,726],[45,90],[41,94],[260,565],[277,299],[143,145],[95,100],[58,67],[20,39],[23,2],[0,30],[35,7],[327,345],[305,521],[528,911],[95,160],[179,312],[62,88],[44,93],[179,305],[151,262],[327,564],[399,687],[139,234],[12,25],[19,100],[35,102],[56,148],[70,230],[58,179],[155,499],[49,152],[81,265],[62,187],[200,664],[119,402],[167,575],[300,1032],[31,87],[107,41],[843,312],[830,306],[574,212],[91,32],[605,145],[337,80],[117,26],[856,203],[474,110],[169,42],[164,214],[38,38],[80,62],[501,363],[88,58],[125,101],[106,71],[282,206],[364,278],[279,220],[-27,139],[-9,92],[-21,99],[-8,129],[-38,157],[-2,105],[-21,90],[-64,137],[-129,188],[-77,126],[-12,40],[-27,35],[-34,89],[-38,81],[-68,56],[-128,124],[-17,28],[-134,152],[-102,55],[-144,59],[-22,23],[30,63],[69,45],[185,76],[149,129],[24,83],[22,48],[61,41],[97,12],[43,19],[34,29],[87,129],[58,50],[167,75],[22,100],[88,137],[-17,3],[-22,-38],[-34,-16],[-93,10],[-129,-48],[-141,-7],[-140,34],[130,74],[5,90],[-67,92],[-50,77],[47,18],[-11,102],[26,126],[19,55],[106,-61],[54,-17],[-21,-186],[-53,-23],[67,-27],[37,-59],[48,-22],[123,-22],[7,65],[31,71],[27,82],[-12,8],[13,44],[-72,81],[150,114],[72,121],[133,128],[331,0],[-108,85],[11,155],[146,-94],[89,12],[84,58],[15,135],[110,-41],[34,-49],[8,-36],[-1,-58],[24,-54],[47,-58],[74,6],[45,20],[52,34],[12,-7],[84,107],[99,146],[43,74],[-33,2],[-101,-15],[-78,77],[155,139],[192,166],[-50,60],[-19,39],[28,42],[-40,131],[74,25],[13,46],[-6,50],[-73,6],[111,96],[158,-140],[37,180],[69,20],[22,95],[-13,38],[127,-91],[134,49],[41,31],[48,83],[43,11],[43,58],[1,27],[75,4],[37,40],[61,39],[48,75],[94,35],[55,14],[44,38],[13,32],[63,52],[27,13],[44,64],[-1,14],[37,67],[87,71],[26,65],[23,133],[25,44],[26,-3],[-10,47],[8,26],[67,71],[153,-20],[1,19],[-42,19],[81,0],[66,-23],[79,-13],[48,17],[32,22],[26,52],[-8,49],[36,-27],[28,23],[14,38],[81,-77],[62,58],[-57,49],[-91,57],[-8,110],[-102,145],[-56,63],[-9,27],[26,54],[58,1],[85,-36],[41,9],[75,1],[40,18],[37,-9],[59,24],[36,0],[71,55],[43,94],[-69,8],[-42,55],[-12,72],[31,56],[26,-8],[14,54],[28,31],[72,105],[83,66],[27,34],[-6,68],[36,72],[-25,42],[4,57],[51,34],[119,21],[74,-25],[-21,43],[24,14],[92,16],[73,-28],[11,-52],[24,-10],[29,11],[49,-17],[45,23],[17,34],[-47,69],[59,0],[55,29],[24,-20],[75,28],[-25,19],[-176,102],[-58,44],[10,51],[41,45],[22,60],[-12,83],[20,16],[86,16],[102,-3],[34,40],[39,30],[103,104],[153,1],[157,-22],[15,24],[-7,49],[13,27],[-54,36],[-109,10],[-10,48],[54,-17],[107,-16],[5,24],[60,105],[-61,-21],[-121,1],[32,69],[144,90],[135,-4],[31,44],[3,76],[158,-6],[-43,55],[55,11],[127,1],[4,7],[-117,88],[46,27],[70,18],[160,77],[20,-44],[60,22],[42,0],[27,24],[81,-128],[43,6],[81,34],[90,150],[93,50],[157,61],[15,16],[56,12],[45,34],[-35,40],[9,20],[-26,39],[-8,57],[-18,34],[30,94],[49,135],[17,61],[124,76],[18,5],[30,125],[83,72],[24,-22],[49,48],[195,-85],[48,-76],[24,-20],[8,-56],[161,75],[38,13],[64,-10],[191,38],[145,34],[52,-10],[91,13],[109,25],[55,19],[213,179],[93,70],[-66,94],[78,41],[65,87],[-12,66],[-40,80],[6,66],[-5,45],[-69,60],[-34,8],[3,82],[-11,42],[-77,-8],[-118,-46],[-82,10],[-24,25],[-65,94],[-63,-50],[-68,-24],[-35,-43],[-33,-22],[-25,-33],[-53,-24],[-51,42],[5,26],[-22,54],[19,41],[-20,17],[-49,-20],[-59,24],[-38,-20],[-49,1],[-64,28],[-60,-14],[-17,13],[-29,-20],[-25,-40],[-22,6],[-2,-41],[85,-106],[19,-36],[55,-34],[-5,-32],[10,-54],[1,-70],[-41,-54],[-38,3],[2,-24],[-58,0],[16,-62],[-36,-5],[-15,16],[-63,-4],[-8,47],[-52,-16],[26,-44],[-57,-14],[-6,11],[-119,-19],[-20,-38],[-26,-12],[-68,8],[-27,13],[-50,-2],[-23,20],[-59,20],[-11,29],[6,99],[-22,48],[11,34],[-5,118],[-24,19],[9,35],[-2,57],[-34,5],[-20,-17],[-62,18],[-171,84],[-55,4],[-121,29],[31,70],[16,59],[-7,75],[19,44],[-28,19],[10,29],[-36,23],[27,80],[-2,30],[-24,22],[-11,87],[13,78],[13,10],[85,11],[30,88],[-19,46],[19,104],[45,11],[3,32],[-20,23],[28,47],[-30,75],[12,30],[-46,59],[-44,21],[-1,20],[33,43],[-11,17],[52,54],[30,0],[30,29],[53,107],[-5,45],[-45,41],[-17,41],[-32,24],[-29,74],[-17,26],[22,59],[49,38],[29,67],[29,28],[17,70],[75,149],[38,16],[-12,32],[-53,-16],[-26,2],[-35,41],[-36,8],[-27,36],[33,29],[37,-15],[34,8],[-11,31],[39,22],[6,33],[-40,19],[-6,37],[44,22],[-8,39],[62,35],[24,30],[60,-4],[-35,72],[34,45],[32,110],[22,40],[-30,7],[-3,51],[16,39],[26,27],[43,9],[97,48],[56,15],[22,-9],[21,31],[53,7],[2,16],[68,38],[16,21],[16,55],[13,158],[47,48],[18,49],[20,25],[3,40],[22,31],[4,34],[74,-8],[-16,53],[47,-2],[45,28],[3,19],[126,-46],[39,127],[61,-9],[17,-40],[30,-7],[28,-85],[27,1],[80,-34],[40,35],[-2,19],[33,40],[45,34],[33,-7],[-7,23],[-77,57],[-22,32],[-36,21],[-10,32],[-32,18],[-11,43],[15,43],[50,37],[90,16],[23,42],[-72,133],[-28,27],[-80,57],[-30,52],[-39,13],[-21,-19],[-41,4],[16,23],[-14,17],[20,50],[24,-35],[44,41],[-38,24],[-43,-13],[-42,4],[11,-39],[-29,7],[-15,24],[-43,-2],[-53,52],[-9,61],[-24,47],[-24,23],[-70,-14],[-12,22],[-32,-9],[-70,22],[-16,-66],[-60,12],[-14,-13],[-41,6],[-49,24],[-23,-2],[-34,31],[113,-8],[32,49],[-74,32],[27,-2],[3,46],[-41,9],[25,23],[23,97],[107,33],[37,32],[96,-25],[58,32],[52,9],[-8,38],[25,58],[-16,103],[25,8],[-7,88],[47,0],[-28,79],[-61,18],[3,14],[-54,29],[27,53],[32,-4],[52,21],[0,11],[-78,-4],[-96,49],[-117,17],[-3,32],[-80,59],[20,25],[-73,49],[-1,86],[-48,13],[-25,29],[49,25],[-39,14],[-6,37],[-25,20],[-51,14],[-73,11],[-93,5],[11,46],[-19,37],[-38,31],[0,85],[-48,96],[-11,64],[13,21],[-1,45],[-36,75],[-45,-20],[-24,19],[-24,79],[38,66],[-112,76],[-29,4],[10,37],[59,53],[8,47],[-30,13],[-8,31],[-60,31],[-34,42],[-84,18],[-97,46],[-33,22],[-58,21],[17,86],[-28,22],[-23,37],[1,24],[-83,34],[-72,38],[20,66],[29,43],[113,49],[37,9],[-2,51],[14,94],[66,24],[17,28],[9,-36],[39,23],[42,-17],[112,54],[70,23],[175,13],[0,34],[47,14],[101,57],[26,68],[-81,44],[22,49],[-31,56],[-35,41],[12,48],[35,45],[6,64],[62,32],[79,29],[-34,43],[-79,62],[70,49],[21,-3],[94,93],[-22,36],[-10,115],[3,110],[29,17],[36,67],[31,25],[55,69],[93,-37],[18,115],[64,122],[32,12],[81,-2],[33,101],[75,43],[55,88],[73,-48],[39,-15],[46,28],[40,-2],[48,77],[62,47],[70,99],[41,-34],[40,28],[9,106],[51,48],[10,-12],[53,39],[-15,11],[30,24],[-27,41],[108,-26],[22,71],[246,4],[41,-7],[2,-30],[68,-30],[14,24],[67,-2],[72,12],[-63,103],[20,55],[58,47],[24,30],[45,-13],[17,12],[45,-21],[41,52],[106,-69],[33,18],[130,32],[-12,148],[53,-18],[107,-81],[61,42],[100,58],[71,7],[88,24],[44,-8],[48,3],[45,63],[59,-9],[4,-35],[52,31],[76,30],[52,77],[66,125],[-8,60],[-42,19],[-21,26],[5,53],[30,49],[27,73],[63,47],[39,44],[66,24],[112,5],[-62,92],[178,20],[-4,53],[17,28],[29,14],[36,-26],[-5,-68],[135,120],[-44,27],[-43,80],[-20,20],[44,73],[7,34],[49,37],[38,-10],[74,-3],[15,30],[56,-12],[41,-28],[88,-20],[55,19],[39,24],[-4,28],[62,36],[17,41],[93,53],[90,-11],[65,-19],[74,-6],[53,-19],[-13,-35],[44,-13],[12,23],[256,-82],[53,-62],[-4,-17],[-75,-57],[-5,-14],[87,-30],[45,7],[40,25],[51,5],[91,-1],[51,-8],[21,31],[24,-75],[91,-24],[79,140],[33,20],[28,-12],[107,43],[52,-84],[48,-21],[28,27],[106,78],[-14,19],[38,21],[61,-19],[42,31],[72,88],[-47,39],[75,18],[13,-20],[-29,-23],[74,-56],[108,13],[94,71],[80,-7],[52,7],[59,58],[23,11],[64,9],[103,69],[-15,30],[16,16],[241,-15],[27,15],[122,-2],[34,7],[91,-95],[15,-33],[88,-42],[25,20],[25,57],[21,25],[122,75],[81,15],[27,-9],[-10,49],[-3,77],[11,67],[76,-23],[-5,31],[25,43],[-4,78],[-35,138],[50,0],[33,-64],[55,-23],[56,9],[135,-80],[58,-61],[39,-15],[125,-17],[60,16],[89,11],[16,-8],[46,45],[14,48],[-53,19],[12,19],[112,10],[43,19],[48,44],[24,60],[4,65],[21,48],[-40,24],[-34,39],[41,77],[35,41],[-16,6],[38,58],[30,17],[143,6],[3,39],[78,144],[74,36],[75,63],[33,42],[-59,16],[25,81],[-57,24],[-42,67],[23,58],[97,57],[-47,48],[44,5],[52,32],[34,34],[55,72],[66,-1],[65,-31],[167,17],[21,-4],[98,21],[4,50],[35,30],[38,-21],[19,17],[1,41],[-40,51],[25,75],[-21,38],[5,85],[-4,105],[33,81],[-3,27],[20,26],[44,-21],[33,2],[5,20],[-38,18],[-5,36],[-76,79],[-92,-8],[-168,3],[-78,-6],[71,122],[-17,29],[-219,55],[-58,5],[-60,20],[37,62],[84,65],[38,50],[-46,12],[30,44],[48,7],[13,63],[-68,60],[-65,18],[-13,66],[-2,63],[-41,64],[-65,-2],[-31,9],[-81,-7],[-105,36],[14,67],[-9,14],[-59,12],[-59,30],[-33,61],[36,104],[-99,41],[-110,38],[-29,-34],[-55,-5],[-33,-15],[-61,6],[3,26],[-49,49],[17,33],[-12,39],[23,26],[3,37],[-72,19],[-42,-30],[-27,-46],[-87,29],[-75,57],[-46,8],[-60,37],[8,36],[-91,31],[-41,23],[-39,-55],[-12,-43],[-52,10],[-84,34],[-64,36],[8,55],[-5,69],[84,8],[20,42],[-22,18],[15,42],[-33,22],[-15,-16],[-52,22],[7,22],[-21,26],[-57,11],[-41,-24],[-38,6],[-60,-54],[-90,20],[-47,-16],[-25,-29],[-109,22],[-17,-27],[-44,-11],[-36,-34],[-109,-66],[-43,-13],[-17,29],[10,54],[-57,25],[-3,78],[13,26],[57,3],[13,24],[-59,49],[5,24],[-67,31],[-21,68],[-44,20],[-5,34],[26,106],[-146,66],[23,49],[4,40],[-24,32],[-4,47],[-30,19],[-83,32],[-45,-61],[-58,-48],[-47,25],[-33,-16],[6,24],[-84,52],[-99,49],[-16,-29],[-35,15],[-121,29],[-97,65],[-37,13],[-26,-16],[-49,35],[-80,39],[-43,29],[-27,34],[-36,-36],[-40,-114],[-63,-83],[-16,-90],[47,-29],[-34,-19],[-52,-45],[-25,-10],[-38,-66],[-60,-32],[-54,-9],[-41,-29],[-56,18],[-43,-22],[-63,-1],[-63,72],[-40,4],[-11,19],[-93,-15],[-55,-67],[-15,7],[-30,-22],[-34,-60],[-33,6],[-45,25],[-28,43],[2,78],[-23,63],[-60,52],[35,39],[-42,11],[-67,-6],[-146,-93],[1,16],[-65,15],[-28,44],[-67,35],[-61,-74],[-91,47],[-126,55],[-35,31],[-34,0],[38,80],[56,78],[-93,41],[-108,-106],[-54,22],[-13,36],[-48,44],[-54,7],[1,-19],[-65,-5],[-9,-25],[-37,5],[-51,27],[-61,51],[-16,-28],[-14,14],[-51,-7],[-76,24],[-42,31],[-13,-19],[-28,-91],[-33,-72],[-17,-59],[-84,28],[-51,4],[-11,-40],[-52,-32],[-141,25],[-111,30],[-91,19],[-21,-19],[-136,19],[-33,-55],[-35,10],[-82,-1],[-60,13],[-106,11],[-29,-65],[-121,18],[-38,-1],[-29,18],[30,109],[-52,46],[5,21],[-45,6],[-18,-15],[-35,10],[-14,-27],[-33,-3],[-52,-48],[-69,2],[-38,56],[-48,16],[48,84],[7,103],[-43,27],[24,80],[69,81],[10,75],[-8,64],[-132,31],[-115,46],[-58,32],[-42,35],[-10,25],[1,77],[138,-21],[21,57],[-4,83],[-11,56],[-36,6],[-78,-56],[-25,-5],[-24,17],[-54,-5],[-43,-21],[2,86],[9,46],[31,89],[-68,22],[-13,35],[14,47],[47,5],[40,33],[29,53],[-82,36],[-27,-27],[-106,27],[5,37],[-34,11],[7,95],[-14,42],[35,15],[24,-13],[90,-4],[40,11],[10,27],[0,84],[25,80],[-50,9],[40,22],[-18,46],[88,-18],[24,1],[44,37],[28,0],[12,65],[15,28],[51,34],[16,23],[34,-10],[9,32],[93,-12],[81,112],[15,65],[-50,1],[-34,13],[-13,38],[-66,42],[-10,28],[-60,-17],[-24,16],[-55,-10],[-58,19],[-30,66],[-72,124],[-40,53],[-40,6],[46,36],[-3,21],[28,54],[15,75],[-3,62],[61,81],[12,33],[-15,15],[-100,28],[70,64],[41,72],[22,72],[45,38],[42,56],[43,75],[12,36],[5,96],[47,74],[10,54],[37,90],[67,112],[70,88],[11,39],[-16,50],[59,29],[46,43],[11,45],[-5,43],[-2,134],[5,84],[-137,-15],[-81,-40],[-61,-12],[-46,-31],[-20,-27],[-59,-39],[-56,-48],[-41,-6],[-49,38],[-20,30],[-85,-31],[-62,-45],[-76,-68],[-65,-92],[-25,-22],[74,-108],[7,-23],[75,-52],[15,-1],[100,-56],[38,-40],[-43,-44],[-10,-27],[-98,6],[-77,15],[-86,-69],[-8,-71],[-16,-44],[17,-34],[46,-47],[28,-13],[13,-27],[-19,-76],[-52,1],[-108,71],[-39,39],[-45,11],[-53,-22],[-2,-20],[-93,-1],[-62,-18],[-70,-1],[-43,-56],[-30,-14],[-60,38],[-17,-4],[-34,-50],[-59,26],[9,56],[-76,51],[-44,-1],[-107,-27],[-16,10],[-36,-60],[-35,-16],[-16,-25],[-12,-65],[-37,11],[10,32],[-40,33],[-2,-18],[-60,1],[1,-41],[-40,-12],[-43,9],[-73,-1],[-21,25],[-25,-5],[-65,16],[-16,45],[14,64],[-66,67],[-153,33],[-54,-12],[-120,0],[14,54],[-87,57],[-20,29],[-30,12],[-50,-22],[-89,16],[-26,25],[-15,38],[48,40],[-15,30],[-421,-57],[-348,-173],[-312,-49],[-212,82],[-172,173],[-133,300],[-189,210],[-325,231],[-704,358],[-479,167],[-68,17],[-233,-8],[-336,1],[-183,83],[-158,173],[-282,269],[-122,64],[-129,-5],[-84,-25],[-157,-10],[-120,31],[-76,72],[-132,267],[-126,162],[-292,157],[-490,74],[-419,99],[-213,124],[-174,77],[-161,7],[-85,-47],[-83,-117],[-27,-186],[-67,-99],[-164,-41],[-104,27],[-82,89],[-50,156],[-60,258],[-79,125],[-150,108],[-441,220],[-154,53],[-1027,354],[-291,181],[-142,154],[-125,205],[-130,379],[-151,814],[-200,1075],[-170,914],[3,557],[192,564],[197,921],[-2,496],[-66,328],[-213,460],[-131,457],[-24,599],[6,519],[-44,667],[26,274],[44,159],[10,48],[-18,321],[-158,376],[-393,789],[-119,692],[-21,424],[0,56],[-12,110],[-11,341],[-16,289],[-73,780],[-63,680],[-125,134],[-24,37],[-71,83],[-104,139],[-92,83],[-53,68],[-67,96],[-67,52],[-38,61],[-42,49],[-49,92],[-11,145],[4,122],[-16,73],[35,76],[42,137],[-251,190],[-85,227],[17,219],[221,725],[310,971],[236,227],[676,173],[694,112],[280,-38],[212,-138],[210,-113],[160,6],[83,88],[156,625],[40,620],[121,199],[227,129],[141,91],[151,187],[112,380],[219,275],[274,83],[235,-16],[194,-77],[248,9],[731,359],[478,114],[381,-11],[277,22],[142,78],[38,93],[-43,136],[1,137],[94,123],[324,154],[171,185],[124,553],[178,352],[66,264],[43,184],[68,86],[112,57],[199,61],[61,91],[2,107],[-92,111],[-80,164],[-10,196],[68,247],[195,293],[0,143],[-111,205],[-267,134],[-514,164],[-856,356],[-266,210],[-240,92],[-277,16],[-285,-11],[-156,45],[-278,226],[-186,44],[-194,1],[-150,-73],[-206,-159],[-203,-24],[-166,28],[-95,72],[-64,242],[-112,374],[-226,396],[-36,285],[-3,631],[120,240],[302,306],[544,389],[43,209],[-29,215],[-118,166],[-205,104],[-522,115],[-393,60],[-937,61],[-1427,71],[-319,18],[-330,76],[-317,151],[-635,565],[-281,153],[-349,82],[-477,77],[-280,123],[-714,550],[-482,377],[-127,200],[-102,231],[-44,109],[-37,223],[46,180],[109,276],[67,227],[-18,102],[-122,126],[-271,110],[-294,128],[-218,0],[-181,-36],[-318,-51],[-640,-18],[-384,-91],[-234,-104],[-171,-17],[-149,3],[-178,86],[-254,204],[-314,70],[-229,-1],[-190,-65],[-172,-176],[-207,-168],[-193,-27],[-404,47],[-229,-10],[-837,18],[-488,166],[-321,172],[-550,329],[-127,181],[1,215],[199,331],[323,337],[46,164],[-37,186],[-90,103],[-194,71],[-155,94],[-51,138],[-11,154],[22,642],[-69,585],[-8,529],[94,310],[270,284],[269,106],[432,32],[336,-31],[231,22],[195,115],[405,453],[225,105],[361,28],[270,82],[158,243],[54,284],[136,135],[674,136],[108,123],[29,224],[-11,599],[151,136],[332,50],[481,-15],[153,101],[93,357],[243,304],[781,304],[270,370],[92,392],[-173,885],[-9,153],[64,132],[213,103],[845,11],[598,13],[639,50],[1621,464],[625,36],[1116,-128],[527,-34],[560,-24],[227,-54],[153,-138],[186,-137],[306,-79],[210,44],[212,214],[172,115],[243,53],[548,11],[635,-175],[429,-75],[177,33],[157,186],[23,423],[-82,228],[-196,167],[-715,118],[-548,117],[-857,137],[-573,143],[-95,161],[38,14],[174,30],[125,-22],[133,-63],[99,-63],[90,-23],[117,4],[66,48],[73,41],[50,5],[103,-41],[67,-4],[61,-45],[25,-41],[63,-16],[114,3],[46,17],[75,-15],[15,-34],[-2,-57],[20,-46],[88,9],[125,25],[92,88],[3,69],[35,53],[83,30],[130,26],[244,11],[221,-19],[275,-164],[-4,-99],[-42,-73],[-111,-70],[46,-28],[97,7],[65,60],[103,25],[116,-61],[174,-138],[50,-51],[51,-130],[134,-140],[292,-149],[89,0],[150,49],[98,-17],[197,-55],[113,-44],[123,21],[66,44],[101,43],[101,36],[90,38],[106,12],[101,18],[132,-34],[125,-26],[111,14],[57,38],[44,68],[32,155],[22,150],[31,49],[107,93],[105,17],[15,24],[-15,39],[-71,62],[7,41],[55,22],[102,28],[65,48],[74,104],[51,-3],[96,-30],[157,-40],[60,-48],[108,-5],[95,-16],[90,-52],[100,-31],[83,-2],[70,27],[215,101],[82,65],[50,12],[103,-4],[110,42],[65,16],[103,41],[32,120],[50,107],[189,82],[62,85],[86,65],[105,40],[135,61],[192,65],[95,6],[125,66],[108,67],[81,66],[73,115],[52,101],[113,57],[140,-22],[138,-59],[100,-87],[100,-69],[85,-40],[50,41],[151,-30],[83,-2],[227,7],[143,-29],[19,-9],[114,-119],[25,-59],[15,-68],[71,-111],[11,-26],[55,-43],[31,-14],[187,-6],[40,-18],[6,179],[19,86],[29,93],[-5,105],[23,127],[25,192],[34,207],[-7,44],[-53,61],[-48,21],[16,58],[57,23],[58,1],[81,38],[64,8],[40,18],[160,16],[181,38],[90,15],[214,20],[95,42],[140,116],[80,54],[108,37],[70,5],[111,-8],[52,-41],[20,-27],[48,-116],[5,-99],[-5,-64],[45,-141],[74,-151],[142,-119],[72,-22],[38,-29],[45,-8],[60,20],[27,28],[45,120],[91,45],[98,13],[58,0],[117,-26],[82,-46],[68,-10],[136,-1],[28,-5],[115,26],[68,1],[75,-32],[26,-67],[-4,-149],[-5,-66],[57,-119],[34,-28],[87,-97],[52,-38],[21,-3],[67,-115],[59,-63],[28,-16],[59,-83],[29,-21],[39,-52],[36,-27],[57,-111],[52,-51],[69,-100],[29,-51],[49,-47],[25,-55],[34,-8],[4,-33],[99,-38],[31,4],[40,31],[57,205],[106,115],[24,5],[47,37],[125,51],[46,42],[98,40],[37,28],[63,22],[56,41],[33,11],[80,70],[81,24],[133,-4],[50,19],[24,23],[49,106],[58,-8],[34,-24],[55,-3],[70,-30],[73,-21],[15,-22],[65,-40],[72,-15],[51,-28],[48,-13],[62,-32],[50,-36],[22,-33],[56,-44],[24,-5],[79,-60],[109,-2],[54,15],[64,34],[115,26],[74,42],[48,14],[26,23],[106,27],[46,38],[54,23],[90,63],[151,142],[14,0],[104,89],[92,178],[152,170],[68,46],[41,39],[69,176],[12,18],[105,26],[51,-19],[48,1],[186,74],[6,11],[92,31],[37,26],[82,24],[77,13],[79,-32],[95,-30],[186,57],[96,1],[75,21],[299,25],[61,-11],[58,-19],[28,-19],[12,-93],[-25,-139],[3,-160],[15,-90],[-2,-115],[28,-144],[55,-129],[66,-71],[13,0],[52,-55],[14,0],[55,-63],[73,-54],[54,-17],[96,-7],[47,25],[67,59],[64,23],[150,-7],[58,-28],[59,-57],[60,-107],[3,-17],[-29,-170],[-42,-65],[-73,-62],[-59,-62],[-35,-60],[59,-89],[19,-77],[-11,-141],[34,-58],[65,-8],[98,57],[91,3],[21,-5],[55,-47],[49,-85],[54,-171],[12,-89],[-10,-55],[49,-113],[41,-188],[35,-66],[86,-94],[53,-85],[58,-49],[113,-32],[24,-22],[85,-27],[141,-71],[235,-86],[109,-21],[65,-25],[31,0],[47,-24],[123,-27],[95,-41],[55,-5],[27,-19],[69,-19],[27,-21],[65,-19],[86,-52],[51,-5],[20,-14],[126,-2],[85,-27],[45,-52],[42,-88],[17,-22],[169,-159],[35,-72],[45,-41],[82,-52],[103,-121],[42,-33],[25,-35],[112,-136],[188,-300],[138,-179],[132,-197],[19,-36],[67,-92],[113,-203],[54,-93],[128,-143],[60,-92],[145,-108],[41,-14],[66,-60],[153,-71],[13,-17],[62,-25],[72,-54],[98,-30],[52,-38],[64,-25],[89,-19],[68,-27],[112,-21],[74,-2],[116,-30],[92,-49],[45,-39],[82,-38],[132,-104],[110,-58],[48,-38],[61,-20],[72,-49],[44,-8],[44,-33],[58,-19],[120,-63],[104,-21],[107,-38],[58,-12],[77,-32],[48,-11],[112,-41],[146,-7],[75,-27],[81,-8],[91,-27],[61,28],[37,-3],[254,-4],[58,-19],[116,-13],[30,-19],[129,-22],[37,-13],[54,0],[48,-17],[58,-2],[44,-28],[54,-13],[82,-58],[58,-49],[14,0],[66,-50],[142,-131],[83,-67],[68,-39],[72,-61],[121,-134],[106,-107],[132,-153],[49,-37],[106,-97],[72,-55],[90,-37],[173,17],[49,-16],[106,-74],[58,-58],[34,-14],[65,-69],[140,-118],[31,-11],[54,-50],[119,-63],[34,3],[44,-36],[173,-7],[136,14],[54,0],[94,9],[64,17],[217,88],[109,52],[51,9],[190,3],[105,-36],[102,-80],[57,-24],[45,-47],[84,-36],[48,-64],[83,-62],[78,-73],[51,-27],[47,-61],[38,-25],[47,-17],[51,-38],[115,-28],[45,-27],[34,-6],[47,-24],[25,-80],[29,-159],[46,-72],[65,-61],[48,-80],[7,-28],[-20,-38],[-40,-31],[-34,-9],[-81,-67],[-40,-69],[58,-39],[24,0],[128,-49],[55,-39],[23,-5],[106,-108],[113,-143],[64,-90],[31,-30],[142,-19],[64,-22],[74,-11],[129,-86],[44,-16],[111,-23],[123,-21],[84,-33],[95,-85],[14,-6],[55,-105],[58,-47],[219,-61],[74,-2],[99,-22],[74,-8],[34,27],[60,22],[125,82],[44,11],[33,25],[94,32],[51,41],[88,-12],[44,-116],[204,-205],[34,-22],[170,-133],[40,-17],[85,-69],[68,-33],[47,-44],[65,-89],[8,-32],[-4,-107],[24,-80],[51,-100],[0,-31],[48,-119],[34,-50],[54,-30],[24,-28],[74,-18],[91,-32],[68,-52],[186,-64],[143,-59],[36,-24],[58,-22],[71,-50],[185,-44],[21,-36],[-40,-53],[-4,-42],[28,-69],[92,-153],[-45,-44],[-266,-15],[-121,-50],[-62,-45],[-169,-222],[-17,-44],[17,-47],[-151,-145],[-97,-56],[-48,-44],[-13,0],[-67,-87],[-10,-30],[51,-58],[44,-25],[54,-47],[68,-100],[16,-8],[59,-63],[74,-99],[41,-33],[20,-3],[98,-105],[81,-72],[81,-64],[82,-108],[54,-171],[14,-74],[34,-91],[58,-87],[47,-27],[14,-39],[37,-11],[10,-22],[51,-37],[239,-105],[64,-11],[24,-14],[181,-19],[55,-19],[70,-53],[14,0],[60,-58],[81,-91],[102,-92],[10,-3],[115,-92],[68,-28],[111,-75],[116,-28],[119,-22],[78,-41],[97,-4],[169,1],[61,-8],[70,0],[71,-22],[51,0],[70,-25],[71,-6],[77,-28],[74,-5],[34,-14],[199,-5],[50,16],[104,6],[81,28],[34,-1],[77,34],[44,8],[23,20],[78,19],[36,32],[61,32],[17,22],[47,14],[57,45],[34,11],[144,-22],[81,0],[71,33],[93,-3],[75,-25],[37,-119],[68,-56],[98,-6],[67,-128],[50,-36],[118,-28],[37,22],[71,-16],[20,-101],[-33,-175],[0,-49],[50,-73],[98,-35],[61,-10],[70,6],[27,17],[67,2],[61,-29],[51,-38],[94,-13],[80,27],[48,-5],[13,-14],[30,-150],[44,-31],[135,3],[201,-34],[148,-11],[54,27],[24,81],[41,32],[63,-52],[34,-64],[94,-28],[67,-8],[50,-40],[98,-60],[41,-12],[30,11],[60,89],[43,116],[31,31],[131,6],[246,-22],[131,-165],[20,-114],[67,-22],[48,5],[37,-9],[40,-41],[20,-50],[63,-85],[44,-113],[57,-89],[31,-17],[95,6],[125,0],[52,-23],[57,-65],[67,-108],[17,-58],[-51,-108],[-3,-26],[40,-100],[-24,-39],[-40,-14],[-47,-64],[-7,-27],[145,-104],[90,-28],[17,-17],[72,-33],[39,-28],[94,-167],[13,-84],[-16,-45],[-44,-80],[-11,-91],[17,-76],[-7,-24],[34,-31],[40,-12],[27,-27],[116,-40],[65,-30],[30,-34],[-1,-38],[-29,-34],[-30,-8],[-34,-28],[-37,-14],[-37,-33],[-57,11],[-71,39],[-124,17],[-64,-19],[-77,-86],[-60,-8],[-51,16],[-30,37],[-40,28],[-107,39],[-41,-6],[-81,39],[-69,88],[-112,110],[-97,42],[-67,14],[-148,-1],[-83,-7],[-172,-35],[-34,-26],[-131,-44],[-64,-44],[-54,-10],[-18,-53],[89,-57],[51,-41],[140,-179],[30,-133],[31,-70],[33,-14],[37,2],[40,28],[41,3],[74,-25],[80,-148],[51,-36],[50,-23],[151,-31],[148,6],[56,-17],[51,-6],[23,-22],[73,-26],[89,-58],[114,-31],[63,-3],[71,20],[17,17],[80,38],[20,22],[40,14],[18,20],[60,16],[208,92],[20,0],[47,27],[74,14],[20,14],[108,24],[43,20],[54,0],[101,-31],[13,-17],[50,-20],[118,-22],[128,7],[63,20],[61,33],[101,-14],[40,-20],[120,-103],[114,16],[78,-17],[67,-5],[30,-20],[104,-42],[43,2],[78,28],[94,65],[34,15],[54,42],[47,78],[27,11],[70,-23],[37,-53],[147,-128],[80,-26],[95,5],[47,73],[33,11],[104,-1],[83,-12],[85,-3],[77,-14],[94,3],[31,19],[12,97],[-45,173],[0,38],[21,163],[34,86],[20,22],[57,8],[47,-17],[40,-55],[50,-34],[48,-61],[113,-105],[90,-61],[91,-28],[68,-9],[106,8],[78,36],[54,39],[54,55],[13,0],[61,67],[94,27],[37,-8],[17,-20],[64,-8],[93,-61],[80,-69],[37,-10],[54,-45],[90,-34],[90,-120],[30,-23],[54,-14],[54,25],[27,28],[53,19],[88,-12],[16,-25],[17,-64],[57,-56],[44,-22],[-2,-22],[41,-20],[57,16],[85,150],[74,102],[21,56],[57,-8],[90,-51],[91,-94],[33,-24],[57,-19],[107,-109],[70,-32],[85,-68],[35,-41],[57,-11],[30,-17],[44,0],[44,47],[-23,61],[-40,45],[-53,23],[-51,39],[-40,11],[-20,45],[-30,17],[-17,108],[21,67],[-7,33],[-33,20],[-26,36],[-81,31],[-49,31],[-55,6],[-45,36],[-92,43],[-33,61],[18,54],[63,129],[147,159],[107,132],[34,50],[55,128],[20,61],[-16,156],[-10,22],[-80,112],[-53,36],[-22,70],[39,-6],[115,-33],[52,-46],[14,0],[106,-95],[20,-44],[54,-56],[70,-31],[155,15],[252,60],[215,-7],[54,-25],[100,-100],[126,-145],[37,-32],[55,-84],[65,-86],[43,-4],[34,23],[51,63],[57,5],[57,-22],[44,-36],[81,8],[40,-4],[50,-22],[107,-84],[17,-20],[83,-37],[64,2],[84,44],[38,89],[20,8],[74,3],[20,19],[-12,89],[-50,148],[1,86],[44,114],[48,78],[89,241],[-12,78],[-47,87],[7,36],[20,22],[53,-12],[38,-39],[30,-11],[26,-28],[41,-20],[44,3],[40,19],[58,155],[82,122],[27,89],[-25,156],[24,36],[41,-2],[47,-26],[35,-40],[57,-42],[39,-14],[85,-56],[54,-14],[16,-20],[128,-48],[104,-18],[27,-16],[43,5],[17,39],[8,72],[27,47],[51,38],[67,25],[21,19],[17,48],[-46,114],[38,125],[-30,111],[25,72],[-5,28],[-38,70],[21,80],[51,56],[121,42],[74,4],[83,-38],[88,-17],[175,-1],[24,-11],[235,4],[30,25],[58,16],[50,2],[88,39],[121,23],[55,30],[83,14],[31,19],[61,16],[54,36],[27,50],[58,47],[28,125],[58,60],[27,6],[71,52],[46,166],[20,33],[30,3],[34,39],[155,-12],[77,-26],[17,-17],[54,-20],[60,-11],[47,-29],[97,-23],[291,-9],[201,-11],[50,1],[56,-24],[47,-56],[46,-30],[171,144],[96,45],[9,18],[89,37],[50,42],[64,69],[21,3],[57,-20],[33,-28],[64,10],[34,39],[19,161],[17,28],[115,41],[256,31],[105,40],[56,51],[49,34],[34,9],[44,41],[85,116],[76,60],[128,144],[82,43],[78,8],[30,14],[88,-1],[64,-29],[64,-6],[92,23],[100,39],[52,39],[63,24],[28,24],[141,5],[13,-6],[119,-4],[33,5],[88,-17],[71,24],[145,10],[70,-18],[57,-42],[30,-11],[33,-31],[71,-26],[114,-18],[60,-26],[77,-5],[159,6],[51,16],[70,-1],[89,24],[121,10],[101,27],[51,2],[129,52],[94,10],[27,14],[88,9],[44,20],[37,2],[196,59],[57,2],[41,16],[81,8],[142,23],[24,19],[84,30],[52,50],[64,51],[68,11],[80,-46],[41,-57],[21,-51],[64,-38],[55,-48],[15,-2],[59,-73],[67,-59],[17,-3],[66,-56],[61,-44],[93,-31],[67,-34],[77,-17],[162,0],[154,-15],[121,4],[118,-21],[101,-7],[124,-37],[151,-21],[11,-12],[127,-12],[27,-12],[181,-5],[85,30],[71,40],[62,55],[81,49],[151,143],[14,0],[119,104],[45,71],[20,15],[104,120],[46,144],[-38,131],[-24,20],[-57,206],[-3,42],[15,148],[9,55],[56,101],[48,67],[-4,8],[62,69],[151,146],[44,15],[18,20],[44,7],[115,41],[54,2],[47,13],[569,35],[689,-12],[115,17],[98,2],[78,38],[85,12],[30,14],[81,-13],[26,-47],[21,-156],[39,-84],[10,-200],[86,-257],[43,-189],[37,-67],[36,-39],[46,-68],[59,-63],[54,-39],[43,-17],[56,-2],[176,-25],[57,-19],[89,-10],[218,-14],[144,-21],[110,-2],[38,-11],[60,-1],[20,-12],[165,-27],[40,-29],[47,-17],[66,-48],[47,-17],[13,-17],[57,-23],[80,-51],[178,-74],[139,-28],[41,-18],[104,-7],[151,-55],[97,-18],[120,-38],[58,-3],[44,-25],[109,-24],[37,-18],[64,-12],[46,-24],[78,-3],[57,-29],[124,-19],[53,-26],[80,-17],[30,-23],[57,-15],[40,-23],[114,-24],[83,-43],[111,-24],[53,-28],[26,-73],[37,-6],[16,-37],[26,-22],[128,-33],[26,-17],[104,-21],[97,-1],[54,-12],[61,4],[161,-19],[115,3],[127,-13],[80,-26],[152,-16],[133,-41],[138,-14],[43,-17],[74,-7],[108,-27],[97,-7],[60,-23],[27,2],[68,30],[64,55],[80,83],[22,14],[183,189],[60,52],[65,30],[38,32],[66,25],[73,40],[68,21],[14,14],[54,12],[14,14],[82,23],[61,36],[77,21],[146,22],[172,-5],[27,2],[130,-33],[43,-42],[90,-38],[43,-51],[49,-39],[122,-143],[60,-80],[70,-77],[70,-162],[14,-17],[41,-123],[53,-123],[58,-155],[9,-36],[49,-56],[100,-57],[39,-46],[76,-48],[101,-99],[20,-37],[31,-123],[51,-118],[42,-61],[32,-84],[9,-48],[29,-51],[30,-26],[36,-11],[53,-37],[64,-10],[46,-25],[104,-19],[83,-27],[27,-17],[67,-18],[60,-6],[37,-21],[157,-36],[76,-26],[108,-19],[36,-20],[40,-1],[54,-26],[100,-24],[76,-40],[87,-13],[27,-17],[77,-13],[30,-17],[53,-10],[40,-25],[40,-4],[65,-29],[61,-48],[40,-15],[26,-26],[173,-67],[106,-66],[117,-127],[74,-49],[39,-62],[45,-123],[27,-54],[18,-86],[47,-104],[-3,-20],[14,-105],[55,-104],[53,-285],[23,-101],[32,-226],[16,-77],[69,-267],[18,-53],[-28,-72],[-101,-41],[-98,-3],[-61,-15],[-44,6],[-47,-21],[-97,-99],[-105,-148],[-3,-37],[8,-142],[12,-104],[17,-105],[3,-167],[-6,-100],[-105,-305],[-50,-235],[-53,-122],[-130,-215],[-95,-196],[-103,-168],[-49,-135],[-47,-223],[-24,-85],[2,-25],[-15,-168],[-1,-100],[-33,-100],[-45,-73],[-91,-127],[-247,-263],[-136,-196],[-63,-233],[6,-22],[-12,-114],[24,-154],[-3,-5],[52,-408],[24,-332],[-23,-293],[-39,-151],[-38,-121],[-14,-108],[-68,-259],[-130,-220],[-114,-288],[-123,-233],[-52,-121],[-80,-127],[-89,-205],[-41,-38],[-108,-202],[-46,-60],[-157,-139],[-47,-37],[-20,-2],[-54,-60],[-133,-252],[-50,-289],[-25,-178],[14,-153],[9,-29],[22,-196],[-8,-19],[17,-53],[16,-102],[-10,-213],[-10,-113],[-25,-61],[-41,-33],[-77,-20],[-18,-17],[-80,-32],[-67,-13],[-17,-13],[-64,-5],[-33,-16],[-124,-23],[-44,-19],[-57,-4],[-153,-40],[-91,-14],[-41,-20],[-197,-33],[-51,-21],[-114,-15],[-54,-24],[-86,-18],[-45,-24],[-67,-13],[-99,7],[-53,15],[-16,40],[-37,14],[-126,16],[-26,15],[-143,8],[-40,11],[-274,2],[-210,-33],[-54,-24],[-61,-49],[-17,-2],[-75,-83],[-62,-49],[-56,-25],[-113,-110],[-31,-58],[-23,-117],[-47,-43],[-54,-13],[-96,7],[-105,-63],[-20,-2],[-78,-49],[-87,-38],[-83,-63],[-22,-38],[33,-54],[50,-37],[8,-32],[62,-81],[35,-67],[63,-99],[6,-37],[-57,-30],[-130,-25],[-81,-38],[-86,-102],[-61,-97],[-12,-70],[5,-70],[43,-33],[60,-4],[33,10],[67,-6],[91,-94],[56,-29],[36,-3],[30,-37],[79,-15],[63,-30],[75,-48],[61,-138],[-3,-145],[-26,-57],[20,-47],[-26,-39],[-78,-4],[-41,-31],[-42,-70],[-23,-23],[-87,-32],[-139,-32],[-138,-16],[-148,11],[-160,3],[-42,-3],[-67,-33],[-220,6],[-102,11],[-137,-23],[-33,14],[-104,-3],[-50,25],[-91,35],[-50,1],[-54,-21],[-17,-28],[-27,6],[-75,60],[-29,42],[-60,4],[-46,17],[-177,-5],[-63,15],[-40,-2],[-146,15],[-73,30],[-68,73],[-50,7],[-64,-41],[-95,-94],[-63,-15],[-27,-17],[-358,-104],[-117,-12],[-67,-18],[-140,-7],[-104,-21],[-10,-24],[22,-54],[134,-150],[62,-85],[22,-42],[10,-106],[2,-109],[-15,-71],[13,-55],[33,-28],[46,-15],[59,-43],[50,-15],[87,4],[110,13],[19,-15],[9,-58],[-15,-73],[-71,-96],[-11,-45],[79,-205],[21,-98],[2,-76],[-13,-179],[-21,-129],[40,-100],[91,-91],[67,-163],[175,-218],[25,-56],[-51,-220],[-7,-93],[-20,-147],[-19,-76],[-61,-114],[-83,-77],[-93,-63],[-63,-21],[-93,-6],[-37,-14],[-31,-72],[-78,-39],[-36,4],[-73,48],[-67,32],[-74,7],[-104,-29],[-47,-58],[-152,-320],[-36,-164],[3,-12],[-29,-106],[-5,-103],[58,-96],[8,-64],[-91,-119],[-180,-182],[-138,-119],[-134,-62],[-49,-5],[-54,-24],[-93,-16],[-61,-41],[-54,-91],[-54,-56],[-73,-184],[-2,-91],[13,-26],[32,-17],[30,-54],[118,-57],[25,-45],[52,-63],[19,-76],[-51,-69],[-81,-60],[-90,-46],[-92,15],[-63,57],[-15,39],[-86,46],[-71,13],[-16,14],[-114,23],[-81,28],[-276,44],[-100,10],[-138,23],[-116,9],[-36,9],[-185,24],[-110,2],[-153,-40],[-123,-6],[-26,8],[-42,48],[-106,55],[-151,36],[-120,-2],[-83,18],[-139,2],[-73,-7],[-83,-22],[-109,10],[-53,43],[-61,87],[-68,56],[-53,72],[-93,9],[-36,-13],[-15,-45],[-26,-19],[-47,-2],[-92,23],[-23,-2],[-31,-61],[-24,-221],[-14,-28],[-27,-98],[-104,-104],[-51,-31],[-176,-34],[-50,-22],[-125,1],[-84,7],[-76,18],[-63,1],[-69,29],[-83,15],[-72,34],[-47,6],[-33,20],[-52,15],[-43,29],[-86,23],[-23,31],[-29,6],[-33,31],[-33,12],[-13,22],[-43,15],[-26,39],[-69,32],[-93,-8],[-77,-38],[-43,-5],[-143,-60],[-73,-13],[-77,-36],[-31,-25],[-63,-7],[-66,-25],[-44,-5],[-63,-27],[-86,-24],[-37,-25],[-103,-35],[-34,-43],[-65,-104],[-65,-162],[-45,-66],[-55,-65],[-93,-88],[-39,-13],[-23,-33],[-14,-70],[35,-59],[79,-68],[43,-18],[39,-37],[16,-34],[144,-260],[33,-78],[39,-31],[67,-9],[32,-40],[13,-50],[-30,-20],[-38,-80],[72,-65],[37,-12],[22,-42],[9,-67],[-21,-53],[106,-237],[68,-129],[62,-93],[29,-29],[62,-115],[179,-319],[72,-140],[45,-60],[47,-6],[132,10],[7,-25],[-81,-106],[5,-59],[39,-59],[43,-37],[53,-6],[49,24],[41,78],[27,3],[29,-23],[16,-65],[36,-73],[30,-41],[49,-16],[43,19],[13,27],[24,106],[42,31],[37,-7],[15,-49],[-3,-82],[12,-21],[65,-58],[18,-68],[-32,-33],[-53,-10],[-29,-20],[-89,-8],[-115,-30],[-19,-36],[23,-79],[-17,-45],[-112,-68],[-80,-107],[-38,-80],[-32,-129],[45,-96],[59,-76],[111,-91],[89,-40],[105,-38],[132,-7],[86,19],[62,49],[45,16],[70,50],[40,0],[19,-18],[12,-92],[-7,-45],[-13,-232],[14,-60],[58,-179],[109,-189],[22,-70],[-20,-40],[-73,1],[-95,44],[-50,3],[-45,23],[-119,26],[-59,29],[-49,37],[-198,11],[-53,-2],[-47,-19],[-62,6],[-70,-5],[-83,-32],[-40,0],[-13,-13],[-63,-22],[-100,-46],[-73,-59],[-33,-8],[-86,-4],[-66,12],[-161,52],[-130,23],[-84,24],[-50,6],[-39,26],[-62,20],[-67,40],[-97,46],[-47,7],[-23,17],[-38,4],[-31,-16],[-27,-55],[32,-67],[0,-76],[-14,-171],[23,-110],[5,-81],[-15,-81],[-21,-56],[7,-42],[62,-34],[49,-59],[35,-65],[44,-129],[112,-282],[12,-65],[15,-148],[-12,-121],[-44,-106],[-27,-25],[-43,-134],[-12,-53],[-8,-104],[17,-211],[8,-51],[6,-142],[44,-145],[41,-108],[39,-29],[79,-20],[18,-59],[2,-157],[25,-121],[79,-43],[75,-15],[42,-28],[26,-68],[9,-101],[22,-20],[72,-37],[37,-126],[72,-150],[52,-34],[36,-4],[57,17],[72,4],[66,30],[66,11],[40,-33],[35,-13],[23,-31],[62,-24],[56,-40],[26,-3],[72,-48],[35,-9],[93,-40],[97,-77],[132,-44],[74,-40],[95,-38],[33,-28],[98,-38],[66,-6],[109,-28],[88,3],[99,-27],[89,2],[114,31],[69,0],[111,-11],[68,-19],[83,10],[76,44],[115,-7],[43,-17],[131,-5],[98,2],[169,33],[104,16],[46,20],[73,-1],[118,-25],[68,-37],[69,-18],[36,-25],[36,-6],[127,-58],[234,-43],[118,-46],[42,-29],[69,-18],[145,-7],[66,10],[59,22],[30,-1],[64,28],[75,18],[82,34],[81,12],[61,1],[70,-12],[46,-23],[139,-33],[79,-27],[110,-29],[59,-3],[78,-27],[69,-9],[40,-18],[46,0],[52,-18],[158,-22],[23,-11],[68,-66],[14,-101],[-34,-98],[2,-25],[-13,-120],[-14,-67],[-7,-99],[-49,-142],[-102,-198],[-132,-214],[-109,-155],[-161,-198],[-74,-129],[-72,-113],[-68,-163],[-79,-166],[-49,-162],[9,-70],[45,-51],[128,-227],[16,-35],[24,-122],[-22,-95],[-140,-105],[-26,-3],[-70,-32],[-16,0],[-126,-38],[-104,-9],[-93,-16],[-20,-17],[-50,1],[-65,-27],[-41,-30],[13,-43],[91,-49],[85,-18],[33,0],[59,-26],[54,-80],[44,-37],[60,-31],[62,-15],[132,-8],[21,-84],[-29,-124],[26,-53],[62,-7],[77,23],[65,12],[85,-2],[75,-37],[49,-51],[36,-18],[48,-71],[35,-20],[62,-68],[68,-51],[64,-75],[171,-156],[61,-72],[68,-96],[25,-53],[121,-210],[45,-49],[50,-76],[39,-43],[46,-15],[121,-111],[32,-46],[89,-96],[179,-247],[138,-168],[57,-114],[73,-104],[30,-20],[110,-112],[47,-88],[64,-54],[63,2],[48,-18],[29,-62],[32,-26],[36,-3],[27,22],[69,24],[62,-7],[139,-156],[100,-227],[42,-37],[9,-67],[-115,-165],[-50,-38],[-153,-167],[-90,-115],[-106,-144],[-78,-99],[-52,-41],[-86,-26],[-92,-125],[-148,-184],[-388,-497],[-163,-146],[-56,-31],[-47,-44],[-50,-30],[-106,-44],[-86,-78],[-53,-21],[-32,-59],[-17,-109],[-51,-120],[-76,-137],[-89,-116],[-102,-38],[-131,-12],[-59,-16],[-134,7],[-85,29],[-68,52],[-16,34],[-38,237],[14,73],[-25,105],[-10,21],[-184,51],[-33,29],[-123,49],[-82,10],[-127,55],[-73,20],[-51,30],[-68,-2],[-46,20],[-88,-1],[-27,-8],[-33,-31],[-23,-48],[-61,-181],[-41,-36],[-38,-78],[-117,-154],[-163,-143],[-13,0],[-43,-56],[-43,-19],[-105,-13],[-46,18],[-39,0],[-26,17],[-62,-2],[-57,-109],[-35,-106],[-21,-84],[-47,-50],[-53,-19],[-16,-17],[-138,-57],[-53,-30],[-57,-50],[-59,-24],[-59,-47],[-86,-39],[-148,-23],[-428,0],[-129,-52],[-67,-75],[-7,-59],[34,-90],[43,-49],[45,-28],[64,-119],[8,-73],[-24,-70],[-25,-135],[-56,-36],[-46,-5],[-79,-36],[-33,-8],[-30,-50],[-26,-146],[-3,-48],[-23,-61],[-47,-59],[-76,-16],[-9,18],[-71,15],[-135,12],[-32,15],[-112,7],[-62,12],[-42,17],[-127,-1],[-141,-32],[-59,-2],[-50,-16],[-81,-13],[-122,-55],[-27,-17],[-82,-30],[-73,-83],[-59,-110],[-122,-203],[-56,-67],[-46,-22],[-43,-2],[-36,17],[-19,34],[-83,119],[-35,91],[-74,88],[-19,11],[-92,-2],[-32,6],[-39,25],[-32,41],[-43,15],[-125,64],[-115,50],[-116,75],[-41,13],[-57,33],[-108,99],[-90,66],[-146,137],[-124,162],[-32,85],[-45,42],[-72,4],[-76,-10],[-58,-20],[-27,-19],[-88,-7],[-65,28],[-51,128],[-34,166],[-79,128],[-53,56],[-29,54],[-25,107],[-80,144],[-65,214],[-21,126],[-29,80],[-87,133],[-64,144],[-15,130],[11,53],[90,92],[72,36],[57,70],[34,114],[-21,175],[-35,73],[-45,48],[-30,9],[-88,63],[-64,88],[-15,73],[-88,102],[-35,71],[31,95],[8,129],[40,166],[9,67],[-9,62],[-79,9],[-16,-5],[-93,-103],[-51,-93],[-89,-97],[-103,-80],[-72,-31],[-60,-44],[-102,-35],[-126,-21],[-166,4],[-127,18],[-94,-8],[-61,-16],[-66,-30],[-130,-215],[-46,-65],[-108,-268],[-64,-76],[-157,-85],[-60,-8],[-22,17],[-68,108],[-82,34],[-84,18],[-85,68],[-180,21],[-92,-30],[-85,-13],[-50,-31],[-98,-17],[-62,-1],[-73,-19],[-80,-65],[-120,-122],[-54,-49],[-29,-8],[-34,-28],[-98,-39],[-27,-22],[-43,-10],[-98,-3],[-58,24],[-49,10],[-83,2],[-154,-44],[-46,-25],[-29,-31],[-53,-19],[-67,-50],[-88,-103],[-74,-157],[-17,-104],[9,-84],[-34,-29],[-130,-24],[-135,-8],[-67,-34],[146,-14],[57,-27],[29,-102],[47,-37],[0,-11],[48,-28],[71,-12],[130,12],[74,-21],[48,-32],[53,-56],[8,-33],[54,-33],[45,-96],[-5,-36],[-32,-64],[-51,-54],[-52,-82],[-19,-62],[-5,-43],[33,-77],[41,-21],[55,-14],[196,-69],[50,-35],[31,-38],[27,-59],[12,-6],[14,-49],[44,-48],[18,-39],[68,-11],[231,15],[109,-31],[89,-65],[-26,-74],[-179,-148],[-54,-65],[-22,-56],[-23,-166],[-28,-50],[-108,-92],[-182,-97],[-42,-60],[-21,-45],[-19,-81],[-1,-74],[41,-203],[28,-356],[-10,-97],[-23,-78],[-20,-20],[-52,-86],[-24,-16],[-31,-47],[-38,-27],[-31,-45],[-81,-80],[-10,-2],[-21,-64],[107,-10],[136,-3],[62,6],[229,-35],[228,32],[53,26],[98,20],[121,13],[146,-8],[45,1],[45,-15],[234,-141],[142,-75],[232,-157],[26,-24],[1,-64],[-49,-94],[-8,-78],[9,-3],[36,-110],[-6,-75],[-52,-105],[-9,-30],[-42,-32],[-98,-48],[-34,-44],[-3,-36],[171,-139],[20,-62],[31,-29],[21,-54],[3,-47],[23,-105],[38,-38],[82,-35],[48,3],[71,-24],[14,5],[141,-16],[134,-35],[101,-62],[14,-23],[8,-81],[33,-130],[53,-54],[8,-32],[41,-37],[166,-112],[85,-72],[15,-32],[43,-40],[18,-53],[22,-29],[8,-65],[66,-55],[6,-17],[195,-132],[63,-58],[67,-52],[35,-36],[17,-53],[25,-15],[15,-40],[85,-58],[29,4],[135,-10],[122,-30],[128,-17],[0,-42],[-22,-63],[-100,-341],[-44,-113],[-60,-187],[-89,-180],[-154,-149],[-5,-42],[-27,-18],[-11,-30],[22,-18],[6,-75],[-39,-101],[-45,-62],[-12,-44],[3,-78],[-8,-349],[-20,-120],[-16,-24],[-232,-118],[-84,-107],[-21,-35],[-26,-94],[6,-166],[23,-84],[37,-96],[68,-64],[18,-40],[226,-66],[34,-15],[-8,-47],[-87,-78],[-63,-110],[-5,-45],[36,-57],[51,-27],[36,-51],[52,-156],[35,-191],[56,-79],[14,-49],[68,-49],[93,-36],[87,-4],[124,17],[181,45],[7,-28],[7,-185],[42,-141],[30,-46],[105,-104],[166,-114],[95,-43],[124,-105],[52,-100],[-1,-58],[-43,-99],[-58,-82],[-121,-104],[-24,-39],[-71,-71],[-97,-88],[-72,-31],[-284,-98],[-54,-45],[-31,-57],[-44,-49],[-93,-58],[-42,-14],[-201,-43],[-109,-41],[-25,-51],[-25,-78],[-103,-81],[-24,-35],[-1,-34],[17,-42],[86,-90],[11,-48],[0,-206],[6,-29],[32,-9],[56,23],[249,53],[49,7],[41,-24],[37,-102],[72,-52],[9,-20],[126,-71],[33,-36],[73,-53],[150,-82],[37,-32],[17,-45],[4,-56],[-15,-61],[-5,-112],[-39,-158],[-33,-29],[-76,-31],[-87,-78],[-5,-53],[225,-73],[89,-33],[76,-19],[107,-49],[52,-52],[0,-11],[76,-25],[35,-71],[50,-38],[47,-102],[27,-120],[-2,-49],[-29,-69],[-74,-75],[-37,-80],[4,-28],[108,-18],[128,-80],[27,-40],[93,-75],[32,-59],[41,-36],[40,-49],[31,-124],[18,-26],[83,-203],[15,-27],[71,-52],[262,-90],[0,-6],[257,468],[261,385],[250,165],[184,3],[91,42],[88,33],[35,24],[-8,78],[35,44],[-60,34],[-23,71],[-37,64],[-9,99],[25,45],[62,39],[9,33],[-10,34],[-10,96],[0,80],[-11,23],[15,43],[-5,37],[18,67],[4,44],[39,21],[33,-21],[9,48],[93,18],[53,2],[27,19],[57,-1],[19,-16],[37,-59],[25,-15],[36,50],[39,-9],[62,11],[14,44],[88,95],[-14,59],[0,59],[36,41],[27,63],[30,-30],[24,5],[13,-41],[77,-56],[91,35],[67,34],[29,-38],[54,-25],[25,-53],[49,-22],[40,-3],[50,-40],[101,-11],[51,-21],[129,-12],[-5,-82],[36,-75],[24,-64],[31,-39],[75,-55],[20,-54],[48,-35],[66,-36],[61,-18],[-1,-68],[42,-46],[25,-48],[-2,-17],[-50,-47],[-31,-47],[-7,-61],[6,-100],[45,-29],[100,-11],[118,-65],[63,5],[94,-31],[66,0],[72,-14],[16,-13],[50,-68],[36,-31],[43,-4],[53,-54],[51,-26],[-19,-24],[-131,-94],[-21,-75],[-22,-40],[1,-38],[68,-42],[36,-87],[69,-22],[77,-46],[70,-17],[41,-41],[-20,-78],[7,-29],[-27,-30],[-1,-55],[-57,-54],[-45,-30],[-66,-13],[-94,-65],[-6,-25],[40,-36],[35,-2],[18,-16],[75,-32],[53,-46],[133,-18],[33,-22],[28,-39],[43,-20],[8,-29],[33,9],[75,-27],[59,17],[120,-2],[54,-41],[4,-34],[23,-36],[-8,-43],[68,-14],[19,-38],[52,-40],[-1,-40],[31,-42],[19,-65],[-11,-32],[24,-113],[-17,-73],[25,-26],[-7,-77],[39,-83],[-3,-31],[-41,-22],[-2,-27],[34,-36],[23,-131],[63,-101],[110,-125],[58,-48],[134,1],[17,-50],[24,-32],[83,-19],[27,-32],[116,4],[44,10],[38,-64],[85,-52],[32,-7],[39,23],[76,6],[40,22],[32,-1],[119,-26],[67,-21],[26,-36],[42,-37],[3,-44],[22,-47],[19,-177],[-1,-32],[-23,-64],[-33,-68],[24,-32],[38,-90],[3,-60],[-14,-88],[28,-47],[0,-55],[67,-165],[30,-44],[0,-30],[41,-7],[109,13],[109,58],[96,32],[58,-4],[92,27],[50,22],[81,-23],[26,4],[77,-16],[49,-25],[83,10],[44,22],[59,-5],[44,-62],[-1,-24],[-36,-42],[13,-41],[1,-42],[78,-23],[21,-45],[33,-35],[-39,-113],[101,-96],[141,-2],[47,-11],[89,7],[-22,-71],[-77,-47],[-6,-18],[10,-54],[58,-31],[33,-51],[33,-25],[14,-54],[30,-40],[45,-20],[50,6],[56,-21],[31,-57],[55,-12],[75,4],[83,-25],[38,0],[150,-85],[8,-30],[-4,-57],[19,-6],[28,94],[40,25],[77,20],[28,50],[29,25],[38,15],[71,-6],[30,16],[76,19],[47,30],[52,20],[27,28],[80,22],[36,-4],[79,44],[25,30],[-19,42],[-13,59],[8,41],[33,50],[109,-13],[50,-36],[52,-12],[32,-31],[34,-16],[142,-41],[19,25],[55,35],[61,15],[61,-27],[31,20],[68,23],[58,2],[77,24],[28,24],[52,112],[36,48],[29,83],[67,51],[34,-49],[30,-19],[47,-8],[16,-44],[14,-6],[51,-65],[105,-60],[34,6],[96,-9],[51,13],[22,-64],[31,-33],[55,-18],[82,34],[98,-103],[26,-5],[87,5],[79,17],[82,-18],[39,20],[116,-1],[49,34],[176,-77],[68,-44],[9,-31],[29,-35],[-1,-36],[42,-37],[9,-27],[-13,-58],[34,-47],[-5,-62],[57,-8],[5,-14],[-28,-70],[2,-35],[22,-37],[5,-94],[8,-17],[131,-6],[56,-24],[47,1],[44,-43],[10,-41],[59,-92],[26,-21],[6,-27],[45,-35],[52,-95],[20,-62],[33,-17],[34,9],[66,50],[112,-22],[58,20],[100,47],[36,-64],[76,-39],[96,-18],[63,2],[53,-14],[51,-50],[28,-52],[2,-31],[21,-13],[15,21],[-12,76],[65,13],[42,-16],[27,12],[38,-73],[68,-81],[55,-53],[58,-33],[39,-74],[48,-40],[33,12],[26,-26],[49,-27],[63,29],[40,60],[48,-26],[1,-70],[31,-29],[60,-36],[13,-40],[33,-15],[23,-42],[29,-28],[42,-15],[23,-51],[28,-27],[23,-55],[44,-46],[9,-45],[23,-29],[24,-81],[116,-42],[46,-30],[46,-44],[19,-43],[35,-34],[42,-22],[37,23],[59,-21],[86,19],[26,69],[14,10],[48,-1],[33,13],[49,-8],[-22,42],[42,26],[73,-9],[52,-36],[28,23],[23,61],[-10,38],[8,96],[41,34],[49,-21],[64,7],[20,-10],[20,36],[66,-30],[16,-21],[19,-60],[28,-32],[1,-28],[22,-51],[28,-34],[44,-19],[42,-77],[2,-15],[39,-15],[47,9],[1,-49],[-50,-39],[1,-21],[-30,-4],[-5,-41],[62,-72],[77,-44],[29,-6],[4,-39],[33,-42],[51,-16],[56,21],[19,29],[65,29],[42,35],[86,11],[21,-67],[9,-79],[-5,-20],[57,-58],[47,-6],[-9,-16],[5,-88],[12,-34],[-7,-45],[-23,-66],[23,-42],[-12,-21],[-55,-34],[-46,-45],[-87,-38],[11,-150],[-14,-74],[-74,-23],[-36,1],[-74,-20],[-57,-6],[-36,9],[-64,1],[-75,-19],[-13,-16],[-2,-84],[-19,-40],[14,-31],[-53,-69],[16,-23],[74,-77],[20,-40],[30,-9],[23,-35],[43,-25],[71,-60],[51,-21],[6,-45],[-6,-73],[-48,-52],[-41,-31],[23,-63],[-35,-39],[51,-45],[18,-56],[-29,-23],[0,-64],[-31,-55],[-8,-43],[-32,-88],[32,-46],[53,-24],[26,1],[23,-43],[40,-11],[77,3],[73,20],[63,-51],[45,-45],[53,-28],[39,-50],[30,-18],[94,45],[56,-1],[28,-17],[33,10],[144,24],[137,-13],[72,-21],[24,8],[42,-24],[64,1],[52,-15],[36,-64],[-3,-65],[41,-75],[-5,-20],[38,-55],[54,-36],[28,-5],[53,-48],[4,-52],[44,-74],[81,-53],[38,17],[88,25],[46,6],[50,38],[98,-24],[74,-29],[19,-49],[75,-19],[53,10],[58,-6],[56,10],[33,23],[40,4],[56,51],[101,-15],[-31,-42],[2,-24],[36,-33],[120,-30],[40,-65],[56,-23],[66,-41],[52,-77],[94,-5],[109,-53],[27,-18],[50,11],[65,-28],[47,15],[63,-3],[73,-71],[93,38],[24,-38],[49,-51],[35,-69],[102,-46],[48,1],[24,-38],[42,-31],[11,-64],[26,-39],[101,-65],[53,-27],[7,-17],[92,-6],[51,32],[80,35],[63,66],[10,53],[121,4],[55,38],[42,16],[55,-6],[48,4],[56,-8],[28,43],[19,6],[78,-4],[36,-103],[44,-46],[47,4],[95,36],[45,-65],[44,-5],[3,-20],[64,-55],[44,0],[44,-19],[32,-30],[73,-24],[44,-26],[22,0],[21,-30],[71,-45],[21,-36],[107,-48],[17,-19],[-12,-58],[35,-25],[75,-11],[27,-27],[5,-39],[41,-10],[22,-20],[80,5],[39,41],[55,10],[30,-25],[49,-8],[36,-25],[13,-24],[62,-49],[34,-43],[57,-32],[34,0],[25,-36],[41,-34],[49,-62],[74,-51],[10,-69],[35,-26],[70,-29],[38,-38],[38,3],[21,-41],[48,-42],[26,-3],[49,-51],[30,-75],[82,-19],[11,-13],[-20,-38],[3,-57],[38,-49],[37,-30],[93,-40],[29,-25],[8,-109],[20,-15],[170,-11],[22,-5],[36,-53],[52,-43],[54,0],[28,-15],[78,10],[68,41],[66,-6],[87,-29],[72,-8],[42,-52],[67,-39],[15,-55],[63,2],[53,-10],[20,-20],[19,25],[107,18],[53,-3],[75,15],[36,-10],[-15,-43],[8,-48],[61,-62],[19,-31],[68,-36],[80,-24],[28,-42],[24,-15],[-7,-35],[-54,-27],[-9,-18],[25,-66],[49,-18],[53,-35],[48,50],[110,38],[105,11],[35,-15],[32,12],[141,7],[28,-5],[71,16],[31,-30],[31,-11],[33,5],[53,-14],[40,-24],[294,-204],[61,-80],[81,-68],[-64,-16],[-30,-44],[-7,-29],[40,-12],[10,-34],[-13,-39],[56,-18],[42,-35],[38,-5],[34,-47],[29,-20],[4,-40],[-24,-25],[-57,-26],[-26,-1],[-98,-90],[-39,-3],[-22,14],[-142,-34],[-119,-86],[-90,-12],[-110,6],[-154,39],[-58,-39],[-116,-6],[-232,-72],[-102,39],[-71,58],[-33,85],[0,79],[20,90],[35,58],[-10,47],[-35,36],[-58,101],[-44,-39],[-65,-15],[-81,-76],[-20,-40],[-52,-13],[-21,-25],[-20,-51],[-45,-40],[-21,-47],[-63,-67],[17,-75],[-65,-87],[-59,-27],[-50,-39],[-34,0],[-75,-78],[25,-35],[34,-2],[52,-65],[5,-88],[-11,-12],[30,-75],[3,-41],[24,-25],[7,-66],[34,-55],[-22,-52],[-36,-22],[-72,-8],[-35,-35],[-36,-19],[-34,7],[-60,-17],[-5,-13],[-115,-36],[-35,-52],[-1,-20],[55,-49],[-13,-52],[-108,-64],[-42,8],[-45,-8],[-36,34],[-64,-4],[-21,-32],[-25,1],[-36,-24],[-3,-24],[-55,-30],[-42,-10],[-54,-52],[-28,-61],[-57,-40],[-38,-50],[-22,-5],[-10,-48],[-45,-54],[-18,-41],[-55,-61],[-46,-31],[-123,-28],[-55,-30],[-29,-51],[8,-22],[-44,-49],[4,-69],[-6,-32],[30,-42],[-5,-51],[-30,-29],[-33,-65],[-16,-47],[-43,-73],[-43,-37],[-28,-8],[-40,-41],[-45,-3],[-95,13],[-20,-8],[-72,6],[-43,-48],[-46,-77],[-36,-13],[-18,-28],[-41,-14],[-49,-71],[-43,-6],[-14,-19],[-64,-41],[-39,-55],[-52,-51],[-6,-37],[-58,-52],[-58,-25],[-25,6],[-151,-15],[-24,-12],[-101,9],[-96,47],[-18,29],[-74,33],[-35,5],[-62,-17],[-40,5],[-69,-38],[-99,-32],[-47,6],[-111,-75],[-59,-56],[-26,-50],[-83,-96],[-33,-57],[-7,-47],[-48,-58],[-15,-56],[-25,-47],[-16,-76],[18,-43],[3,-74],[15,-45],[-29,-56],[-47,-138],[-19,-28],[-54,-39],[-45,-65],[58,-43],[-79,-48],[-8,-33],[-36,-40],[24,-37],[-10,-38],[-41,0],[-68,-49],[-60,9],[-26,-55],[-10,-48],[-47,0],[-61,-71],[-42,-16],[5,-31],[-27,-26],[-55,-24],[-26,3],[-96,-28],[-31,-50],[-37,-15],[-21,-43],[-31,-34],[34,-30],[-16,-28],[-44,-32],[-4,-26],[-27,-2],[18,-34],[2,-31],[-25,-18],[-116,13],[-40,-9],[-23,20],[-158,60],[-112,5],[-27,-5],[-43,-32],[-69,-5],[-54,31],[-31,46],[-35,6],[-52,-85],[-32,-18],[-68,-18],[-73,-5],[-35,-47],[-28,0],[-48,32],[8,-40],[-16,-22],[8,-72],[-39,-32],[11,-22],[-9,-28],[-46,-35],[-19,-74],[-26,-38],[14,-72],[-50,-9],[-30,22],[-58,-13],[-17,-38],[19,-60],[-8,-12],[-56,3],[-31,-11],[-96,-2],[-33,13],[-37,-61],[1,-39],[-12,-30],[56,-56],[9,-26],[-32,-28],[-11,-27],[6,-63],[36,-31],[58,-1],[15,-40],[-41,-35],[31,-36],[1,-45],[31,-78],[34,-23],[-8,-16],[18,-140],[55,-36],[-23,-82],[20,-59],[55,-26],[-2,-52],[29,-44],[61,-6],[32,-17],[-15,-39],[36,-4],[46,19],[20,-4],[56,-77],[39,8],[27,-45],[-25,-32],[-5,-40],[23,-38],[54,-36],[-9,-68],[19,-37],[-27,-40],[-21,-10],[-62,-4],[-44,-55],[-3,-73],[-31,-33],[24,-30],[17,-88],[-11,-91],[-61,-78],[-63,-33],[-19,-28],[-61,-38],[-15,-87],[-28,-35],[-56,-6],[-46,6],[-12,-36],[4,-91],[-37,-3],[-49,21],[-46,-3],[-52,18],[-19,-17],[2,-32],[19,-44],[-83,-19],[-97,3],[-81,-30],[35,-56],[-51,-83],[6,-17],[58,9],[42,-22],[19,-30],[60,-28],[18,-25],[-35,-63],[-72,-31],[-9,-25],[16,-45],[-55,-69],[-49,-46],[-32,6],[-46,30],[-35,-2],[-15,-57],[-26,-34],[-81,-29],[-81,-36],[-31,-43],[24,-64],[-10,-76],[-9,-13],[-89,15],[-35,13],[-29,49],[-16,0],[-37,-35],[4,-42],[-44,-68],[-68,-13],[-9,-11],[11,-51],[34,-32],[75,-118],[58,-40],[27,-37],[-25,-35],[-53,-11],[-12,31],[-37,2],[-60,-41],[-24,20],[-68,-12],[-26,38],[21,36],[-16,21],[-43,-1],[-52,-18],[-23,-23],[64,-32],[8,-21],[-21,-17],[-48,14],[-22,-20],[-26,-2],[-100,35],[-22,-44],[-131,-21],[-22,-31],[2,-28],[48,-48],[6,-20],[-9,-67],[-35,-83],[7,-54],[17,-41],[-49,-53],[48,-52],[91,-38],[42,-38],[47,-19],[42,-31],[98,-27],[46,-48],[-36,-44],[3,-27],[38,-47],[27,-17],[2,-30],[-54,-21],[-34,-36],[11,-64],[-11,-29],[11,-35],[77,-33],[12,-12],[-1,-145],[50,-74],[84,-60],[11,-28],[-7,-42],[49,-65],[25,-23],[115,-8],[35,-12],[50,-53],[45,-37],[7,-28],[-17,-48],[5,-28],[26,-36],[-3,-20],[-87,-138],[-63,-29],[-21,-49],[2,-126],[-27,-112],[-31,-34],[-7,-46],[13,-51],[-20,-62],[24,-65],[-5,-41],[-17,-24],[-48,-36],[-49,-60],[-1,-19],[65,-105],[2,-24],[-26,-83],[8,-34],[35,-45],[-34,-91],[-29,-38],[-33,-18],[-69,15],[-92,109],[-23,20],[-151,-8],[-49,31],[-18,32],[-6,74],[-30,44],[-45,8],[-28,-15],[1,-40],[-37,-55],[-8,-34],[-39,-70],[1,-23],[114,-74],[102,-112],[-5,-25],[35,-116],[-11,-37],[-27,-36],[4,-45],[62,-91],[34,-68],[58,-57],[28,-42],[2,-24],[-27,-39],[-59,-12],[-112,3],[-39,-23],[-31,-39],[-9,-43],[-40,-48],[-40,-7],[-41,-20],[-47,-61],[-34,-28],[-31,-5],[-70,10],[-33,19],[-30,1],[-103,28],[-36,-2],[-53,41],[-21,47],[-36,18],[-53,5],[-146,78],[-25,-11],[-52,-95],[-53,-26],[-35,5],[-49,-29],[-11,-64],[-22,-32],[-176,-136],[-68,-31],[-131,-353],[-63,-166],[97,-27],[-122,-336],[60,-16],[-83,-215],[143,-43],[-9,-28],[-107,-16],[-108,-301],[-216,59],[-51,-138],[-285,-453],[-175,-275],[20,-230],[-23,-34],[4,-27],[24,-35],[13,-136],[14,-198],[25,-318],[125,-161],[210,21],[110,14],[207,20],[249,-185],[285,-281],[116,-112],[322,-193],[0,-8],[72,-34],[152,-95],[62,18],[53,5],[86,24],[28,0],[29,-26],[53,-11],[53,-2],[58,22],[66,-41],[64,-55],[30,-37],[17,-44],[-7,-70],[-27,-56],[-74,-49],[130,-105],[71,-84],[13,-25],[72,-32],[149,25],[57,-18],[29,-45],[110,-21],[115,-60],[41,-61],[15,-43],[9,-71],[-17,-55],[46,-108],[11,-76],[139,-70],[196,-129],[13,-31],[77,-35],[-38,-31],[-4,-26],[42,-60],[84,-3],[41,-36],[-2,-28],[36,-1],[32,-21],[87,29],[43,0],[215,52],[124,53],[45,-1],[68,-24],[29,7],[74,-5],[69,-28],[23,-50],[26,-26],[28,-7],[60,10],[56,-28],[29,-40],[45,-19],[22,-43],[-26,-7],[35,-10],[23,-28],[-45,-4],[23,-26],[44,-146],[33,-75],[35,-55],[-9,-70],[-26,-21],[84,4],[41,28],[29,-4],[21,-31],[104,-59],[47,-38],[52,-63],[64,-9],[29,-22],[41,-61],[57,-65],[23,-61],[31,27],[36,-18],[97,241],[-11,32],[-52,-20],[-47,43],[-17,87],[-28,174],[-40,224],[-42,97],[-12,74],[-84,439],[32,71],[147,89],[265,154],[125,12],[227,-46],[266,-101],[-125,-228],[212,-66],[-96,-102],[202,58],[65,-162],[265,-24],[101,73],[118,-116],[201,99],[38,-168],[6,-10],[102,-87],[-8,-44],[-79,-66],[-2,-56],[40,-53],[49,-11],[31,4],[53,26],[65,-5],[11,-32],[-37,-54],[-5,-51],[12,-71],[181,-110],[-1,-38],[61,-30],[59,-60],[68,50],[27,-2],[122,-47],[43,-2],[33,-22],[-2,99],[359,-104],[19,-196],[161,-36],[83,-43],[-61,-174],[55,-62],[131,-39],[192,-6],[177,-110],[78,-79],[88,-70],[11,-53],[132,21],[125,-93],[-48,180],[174,69],[122,-31],[126,-19],[44,-64],[109,-36],[-23,-104],[-47,-17],[-18,-26],[11,-59],[-11,-23],[10,-56],[26,-22],[11,-89],[47,-50],[79,-48],[14,70],[-28,23],[13,8],[51,-20],[-20,-12],[18,-44],[44,-10],[28,-24],[65,9],[22,65],[83,23],[-8,-30],[-78,-46],[149,-47],[77,-3],[13,-86],[104,15],[43,11],[40,90],[80,-11],[31,-22],[-26,-39],[-109,-79],[25,-27],[-4,-34],[-21,-26],[170,-42],[-16,101],[139,-11],[128,153],[190,-26],[17,-9],[-5,-33],[-37,-105],[-1,-22],[23,-33],[51,-41],[69,39],[52,20],[23,-26],[34,-87],[-208,-150],[30,-26],[38,-52],[77,-87],[53,-1],[23,136],[136,-41],[245,-181],[34,8],[-12,-24],[147,-113],[117,-36],[413,-78],[313,-55],[213,-29],[452,-85],[90,-19],[34,-28],[75,-166],[183,-250],[-13,-327],[-9,-114],[235,-283],[136,-154],[281,-311],[71,-70],[94,-38],[177,-186],[79,-93],[-10,-43],[-17,-141],[78,-91],[-43,-77],[-85,-14],[-120,10],[-27,-8],[-3,-42],[25,-23],[70,-23],[11,-64],[116,58],[95,-148],[-117,-38],[-36,-102],[32,-42],[33,3],[167,79],[94,-8],[275,26],[81,9],[47,78],[20,13],[20,72],[-15,39],[-107,28],[-17,23],[-1,31],[30,59],[58,42],[-8,25],[20,18],[181,-39],[172,4],[67,6],[65,-4],[134,-42],[39,-23],[206,-95],[15,-43],[-13,-24],[50,-65],[-2,-121],[108,-87],[109,-83],[61,-19],[139,-91],[-52,-101],[-17,-233],[0,-108],[118,-70],[345,-167],[292,-135],[97,-48],[135,-79],[198,-137],[137,-79],[146,-59],[182,-102],[44,-16],[27,-23],[59,-87],[47,1],[99,-52],[39,-4],[51,-40],[239,-23],[370,-31],[61,-16],[299,-242],[644,-513],[357,-287],[56,-9],[52,16],[93,-13],[52,-36],[67,-20],[33,-17],[78,-81],[93,-47],[94,-73],[131,-79],[92,-68],[54,-48],[36,-56],[64,-52],[82,-10],[113,-28],[173,39],[121,35],[-5,171],[-7,24],[59,88],[98,66],[1,72],[117,120],[39,83],[103,77],[29,83],[79,72],[117,-5],[164,8],[420,-51],[239,-7],[212,-35],[104,11],[116,-166],[117,-120],[16,-59],[116,-106],[163,-106],[98,-145],[13,-10],[197,-63],[130,-23],[46,99],[40,-17],[243,-123],[206,-81],[179,-65],[268,-274],[215,-100],[57,-32],[314,-237],[311,-227],[399,-220],[374,-150],[80,-118],[103,-156],[132,-132],[107,-88],[136,-56],[176,-123],[119,-40],[151,-80],[272,-27],[19,1],[104,76],[28,-23],[74,5],[29,37],[96,10],[197,67],[86,-26],[91,-21],[98,12],[27,-23],[28,17],[73,21],[62,-4],[90,41],[181,50],[100,34],[77,-21],[30,1],[46,45],[33,45],[60,21],[171,-44],[48,31],[56,53],[3,29],[131,-30],[204,52],[110,109],[28,-80],[63,-17],[110,-6],[105,17],[73,40],[51,43],[31,-68],[40,4],[34,64],[-4,-55],[-20,-50],[-10,-88],[23,-87],[45,-57],[60,-35],[32,-54],[-42,-72],[-7,-55],[24,-24],[-4,-33],[-26,-13],[10,-28],[-5,-42],[-28,1],[8,-29],[27,-15],[60,0],[-7,-33],[22,-29],[41,21],[78,-84],[-3,-54],[-22,0],[-1,-33],[41,9],[17,-39],[26,-8],[29,-31],[-4,-32],[-30,-16],[11,-50],[-28,-39],[35,-35],[-21,-17],[-38,4],[-6,-15],[63,-14],[-43,-61],[25,-7],[-4,-26],[17,-30],[-13,-33],[45,-36],[84,-80],[-13,-43],[31,-31],[38,-6],[33,-34],[19,-62],[-16,-6],[-27,-70],[3,-36],[-26,-9],[-13,-25],[-3,-57],[13,-32],[-2,-50],[-33,-6],[-27,-23],[7,-26],[33,-32],[-3,-16],[-49,-3],[-18,-27],[-35,-18],[33,-6],[-32,-26],[-5,-21],[34,-21],[20,-72],[-9,-41],[31,-3],[-23,-46],[32,7],[-4,-30],[41,-35],[19,-53],[-29,-39],[-8,18],[-56,-2],[17,-51],[-55,25],[-24,-9],[-7,-33],[15,-22],[-9,-48],[-16,-14],[2,-75],[289,-16],[319,-13],[203,-45],[379,68],[187,-30],[131,-8],[139,-4],[116,0],[412,33],[196,-3],[122,-120],[63,-177],[115,-113],[152,-45],[242,-45],[408,-84],[175,-62],[418,31],[79,18],[459,21],[117,9],[311,16],[208,14],[54,-5],[80,-23],[152,-12],[99,-103],[44,-73],[133,-196],[67,-68],[109,-81],[186,-71],[205,-151],[188,-133],[-82,-223],[88,-160],[239,-199],[-8,-22],[33,-1],[3,-18],[71,13],[52,-38],[46,26],[25,-13],[86,-10],[-22,21],[34,30],[-6,19],[75,-8],[30,-31],[29,4],[29,-19],[37,9],[30,-11],[68,23],[16,41],[110,33],[-23,24],[60,28],[44,-12],[-14,90],[32,12],[45,48],[49,5],[22,25],[34,-15],[5,60],[-14,18],[6,47],[22,34],[72,2],[53,28],[39,43],[-21,60],[21,34],[-39,38],[-2,47],[59,28],[36,38],[45,1],[15,30],[29,8],[30,26],[38,58],[19,86],[27,-1],[4,27],[-31,11],[-14,38],[-51,16],[-13,19],[-62,19],[-29,27],[-16,59],[-59,37],[-32,46],[21,18],[2,27],[-28,28],[57,23],[37,30],[46,-4],[43,37],[16,53],[22,46],[-19,17],[-5,65],[30,19],[-9,22],[-31,-22],[-46,15],[3,33],[-90,22],[21,42],[21,9],[1,30],[-37,23],[391,-16],[322,-17],[737,-33],[123,-3],[764,-38],[425,-19],[230,-103],[268,-126],[307,-147],[164,-74],[502,-235],[153,-75],[219,-101],[304,-143],[479,-223],[33,-22],[368,-270],[39,13],[66,50],[67,22],[75,33],[19,20],[37,6],[37,41],[21,79],[61,27],[75,78],[35,80],[-14,84],[-107,-2],[-137,17],[-79,3],[-69,11],[30,171],[-53,87],[-12,64],[-35,81],[-1,32],[25,30],[132,60],[159,35],[190,32],[96,32],[178,87],[36,-14],[67,5],[55,-31],[-11,-35],[40,-29],[44,14],[95,10],[63,14],[27,28],[55,-22],[35,-33],[29,11],[34,-6],[-6,-37],[15,1],[51,44],[114,15],[32,22],[27,-1],[16,-66],[16,17],[28,-21],[12,24],[40,-12],[-10,-18],[32,7],[14,-34],[28,14],[68,-52],[22,18],[54,-38],[54,10],[-21,52],[26,22],[36,-10],[8,30],[51,-7],[44,24],[51,-5],[1,11],[104,-7],[33,83],[46,33],[-1,18],[43,33],[-34,32],[-7,30],[23,7],[29,72],[47,25],[21,45],[8,76],[21,29],[25,-15],[61,42],[54,-11],[92,41],[21,31],[34,-1],[18,18],[36,152],[-17,34],[18,4],[-3,31],[15,29],[-23,84],[36,6],[48,35],[51,13],[25,-27],[70,-2],[10,-69],[78,-33],[71,11],[49,38],[14,-3],[42,36],[41,4],[25,-11],[24,21],[19,-19],[45,-4],[-12,-55],[17,-28],[-25,-11],[3,-59],[-12,-22],[18,-21],[-68,-51],[22,-18],[-11,-29],[43,-51],[1,-38],[37,1],[21,-25],[49,-5],[21,12],[52,-9],[44,-28],[3,-22],[44,-9],[5,-42],[61,-24],[41,13],[49,-28],[64,-7],[28,-33],[40,49],[11,-15],[49,1],[25,-18],[56,-16],[31,-55],[-60,-66],[41,-32],[13,-51],[-18,-89],[18,-35],[58,-21],[42,4],[40,-12],[16,38],[-4,43],[40,41],[32,5],[62,68],[37,-29],[65,-17],[40,24],[29,-16],[45,4],[59,-18],[19,-46],[37,-22],[9,-28],[-17,-47],[6,-22],[40,-40],[52,-14],[23,-34],[53,-31],[-1,-41],[16,-55],[56,-73],[-7,-66],[19,-43],[-23,-47],[-21,-22],[12,-70],[66,16],[28,-23],[9,-35],[25,-18],[51,-64],[51,-7],[31,53],[30,15],[60,-33],[65,-11],[38,-19],[47,-38],[59,-9],[27,-14],[41,1],[46,-32],[37,-8],[30,8],[132,-45],[99,-9],[190,23],[14,17],[85,-23],[107,-37],[35,-44],[50,22],[38,-7],[23,9],[68,2],[50,-23],[47,28],[50,-13],[30,3],[42,25],[49,-13],[31,3],[65,-20],[56,8],[44,-22],[8,-41],[30,-20],[129,-17],[44,-31],[42,2],[15,-35],[44,-22],[28,1],[12,37],[43,53],[69,-25],[47,-24],[159,-34],[43,0],[16,-14],[86,-2],[23,-16],[67,-7],[32,13],[28,-17],[39,-3],[82,-18],[71,-3],[34,-12],[75,-10],[71,6],[108,-20],[32,1],[200,-60],[43,-4],[25,-14],[85,-9],[72,-25],[45,-5],[10,-15],[47,-18],[19,15],[109,14],[31,15],[21,-14],[0,-30],[113,-152],[133,-209],[62,-104],[263,-478],[54,-106],[97,-173],[16,-47],[30,-48],[-6,-31],[26,-32],[28,-7],[0,-71],[16,-32],[-41,1],[-36,-29],[32,-45],[-37,-40],[-12,-32],[-32,-29],[35,-47],[-20,-108],[-32,-32],[28,1],[-2,-30],[26,1],[27,-34],[-52,-9],[8,-25],[-30,-47],[-51,-33],[4,-22],[54,-13],[-43,-17],[1,-57],[52,-35],[24,-27],[-1,-40],[-27,-41],[31,-15],[-16,-28],[-8,-52],[11,-31],[-30,-69],[-27,-19],[20,-16],[-16,-45],[13,-19],[-38,-46],[-7,-36],[21,-21],[1,-44],[-13,-14],[-43,-7],[-32,-43],[13,-38],[40,23],[-6,-40],[11,-27],[-4,-99],[-50,31],[-7,-30],[-25,-28],[-29,14],[-9,-27],[25,7],[46,-17],[-20,-23],[-24,9],[-3,-33],[-34,19],[14,-35],[-70,-24],[-15,-26],[-33,22],[-15,-22],[51,-17],[-18,-25],[-50,16],[11,-29],[-20,3],[-50,-25],[-17,-42],[14,-23],[-17,-10],[-16,-46],[-15,-7],[22,-24],[-28,-58],[33,-13],[-13,-20],[21,-66],[-39,-6],[16,-23],[-21,-6],[0,-26],[81,-28],[83,-36],[264,-102],[50,-17],[239,-57],[100,-69],[54,0],[28,-19],[12,-31],[25,-3],[4,-25],[46,-18],[51,-2],[18,17],[44,-13],[294,-136],[50,33],[45,89],[33,15],[36,34],[38,12],[114,-43],[-2,-32],[20,-43],[16,30],[39,-19],[-10,-65],[-18,-65],[26,4],[65,-36],[12,39],[20,18],[9,45],[24,-8],[17,-32],[11,43],[84,42],[-17,7],[10,45],[26,-13],[12,50],[-44,-15],[-3,11],[46,37],[17,0],[74,34],[54,11],[87,-22],[25,-22],[82,-45],[197,-72],[-37,-55],[-1,-38],[-26,-39],[98,4],[-21,-19],[24,-7],[-5,-43],[-23,-6],[29,-19],[-29,-31],[26,-12],[3,28],[51,-25],[35,-36],[163,-54],[129,-29],[4,-24],[26,6],[98,-11],[28,-16],[-9,-19],[-22,21],[-10,-23],[16,-29],[28,6],[101,-29],[89,13],[83,-18],[64,14],[62,-14],[229,-95],[41,13],[76,-7],[9,-21],[30,-4],[15,-32],[137,-191],[-34,-3],[24,-36],[-8,-63],[-30,0],[-53,-44],[12,-25],[-18,-22],[28,-29],[-19,-20],[-9,-46],[-22,-10],[298,-35],[90,-15],[25,-27],[-14,-15],[22,-66],[-53,18],[-25,21],[-31,-12],[5,-38],[142,-97],[160,-17],[50,-19],[79,1],[180,-16],[113,-18],[-15,-36],[29,13],[39,-34],[-25,-29],[-12,27],[-26,6],[-15,-19],[-20,25],[-14,-13],[21,-24],[31,2],[-9,-21],[-77,-27],[-11,16],[-56,-31],[-26,4],[-11,-28],[-65,-12],[-32,5],[-14,-62],[26,-30],[-35,-1],[3,-56],[25,-26],[-13,-24],[-74,-32],[-2,-17],[79,-10],[183,-38],[171,-22],[4,69],[46,-11],[16,-51],[39,21],[5,31],[59,6],[38,19],[87,14],[20,-36],[54,-15],[-37,25],[35,22],[-9,25],[33,16],[-45,55],[12,35],[29,0],[15,21],[31,-19],[40,-6],[41,50],[65,-3],[9,9],[65,-3],[4,14],[153,-14],[17,-14],[123,-29],[14,20],[45,21],[168,-7],[72,-16],[103,-10],[181,16],[85,4],[34,-42],[3,-47],[-23,-132],[-4,-63],[25,-103],[-14,-41],[-5,-53],[-26,-49],[-26,-18],[-25,-44],[-96,-88],[-3,-68],[70,-109],[-37,-34],[8,-24],[41,-19],[42,5],[-4,-51],[67,7],[33,-70],[-15,-40],[-23,-5],[72,-156],[36,-8],[45,-71],[21,-20],[72,-45],[90,11],[41,17],[145,30],[71,-9],[93,-18],[77,-27],[76,-37],[233,-22],[137,-5],[200,-12],[101,-34],[50,-5],[58,-44],[127,-48],[163,152],[88,77],[80,38],[45,-45],[56,-15],[88,50],[87,147],[97,14],[69,40],[61,54],[26,36],[34,67],[124,-10],[79,-54],[57,2],[44,48],[129,-56],[108,-53],[89,35],[-10,12],[66,40],[120,23],[52,32],[12,27],[1,85],[17,6],[180,-60],[22,24],[-17,26],[19,21],[11,57],[-12,23],[23,12],[-13,18],[50,33],[68,26],[151,-30],[276,286],[7,10],[127,-50],[52,120],[98,-38],[40,109],[38,89],[40,51],[35,-19],[0,-39],[24,0],[25,29],[24,-47],[27,-29],[-20,-27],[0,-33],[39,13],[217,99],[21,14],[196,194],[133,-17],[98,-235],[88,-25],[364,-93],[169,-84],[135,-58],[121,-92],[86,-58],[91,-148],[-1,-66],[71,-85],[8,-216],[-19,-106],[-58,-249],[65,-153],[-44,-21],[-11,-23],[23,-40],[-39,-11],[13,-58],[-16,1],[-26,-52],[24,-36],[-20,-84],[-16,-17],[18,-39],[-23,-42],[5,-36],[-17,-7],[21,-30],[0,-54],[-22,-64],[18,-24],[-15,-34],[14,-17],[-2,-71],[-13,-20],[36,-7],[-14,-41],[50,-35],[5,-24],[80,-21],[-18,-81],[-33,-22],[0,-24],[36,-13],[31,-53],[101,-96],[38,-25],[129,-30],[117,-78],[149,-22],[92,-24],[72,-8],[79,-16],[24,-116],[173,-150],[158,-15],[7,26],[2,95],[182,-29],[46,-2],[20,-15],[38,-107],[-23,-17],[30,-5],[22,-59],[-3,-51],[-102,-141],[9,-99],[40,-1],[11,22],[40,18],[23,-15],[-5,-23],[76,39],[61,53],[0,24],[23,15],[14,-13],[43,33],[34,7],[15,27],[69,-20],[32,15],[3,32],[48,108],[46,-14],[54,14],[10,38],[-12,24],[66,29],[8,17],[41,13],[34,-5],[18,58],[16,-5],[81,18],[20,-10],[45,6],[-10,25],[33,32],[-3,29],[41,-22],[7,-16],[65,33],[27,-37],[71,-2],[25,10],[-24,46],[0,45],[40,43],[24,-6],[51,79],[-37,83],[17,24],[-5,57],[19,15],[11,45],[28,0],[21,34],[33,-12],[15,23],[43,-7],[31,40],[34,-3],[32,44],[49,-4],[24,-13],[120,-8],[116,-18],[62,18],[49,-30],[17,10],[16,43],[-4,22],[76,13],[56,37],[50,18],[-1,15],[281,-70],[220,-38],[23,-12],[44,-84],[50,-28],[283,-134],[228,-87],[236,-16],[27,-143],[-21,-10],[-39,-121],[75,-17],[44,43],[114,16],[76,61],[26,-11],[52,4],[47,34],[28,-39],[26,19],[79,-22],[33,0],[18,16],[69,-4],[20,-24],[-9,-18],[-36,7],[16,-24],[42,-16],[20,-89],[-19,-38],[17,-1],[-10,-48],[39,0],[22,35],[12,-35],[48,27],[23,-39],[28,-14],[29,5],[64,-52],[78,36],[39,-11],[24,20],[23,-8],[7,20],[42,-21],[0,85],[28,13],[3,28],[33,-3],[3,26],[37,-4],[-11,33],[25,11],[8,34],[41,-9],[-7,41],[53,63],[18,-28],[268,31],[211,-50],[183,83],[164,-2],[107,-6],[153,-29],[22,0],[-36,-67],[-32,-38],[26,-31],[182,-21],[334,-91],[168,-42],[-7,-60],[-19,-42],[14,-8],[267,-92],[31,-24],[123,-29],[296,-58],[24,-8],[211,-136],[210,-119],[76,-58],[225,-38],[74,53],[78,-8],[40,-26],[127,-28],[37,-44],[17,-5],[27,-44],[26,-10],[-6,-26],[20,-55],[34,6],[14,-73],[-14,7],[8,-42],[76,-71],[27,-50],[9,-55],[57,-29],[15,-29],[127,-32],[98,-6],[101,-35],[157,-49],[34,1],[79,-43],[20,14],[11,-32],[53,-11],[4,-46],[23,-23],[-19,-31],[-5,-48],[31,-2],[-11,-24],[46,9],[22,-37],[38,23],[30,-33],[232,-62],[395,-96],[46,1],[2,-23],[23,-4],[-6,-55],[35,-20],[19,-44],[-8,-17],[68,-17],[186,-20],[60,-108],[27,-17],[14,23],[27,-13],[-11,-39],[35,23],[59,-8],[4,25],[37,-14],[45,41],[39,12],[-14,31],[7,21],[-31,14],[-5,23],[38,3],[21,50],[60,27],[-13,36],[53,29],[38,5],[2,43],[46,-5],[12,41],[-27,11],[9,27],[60,30],[13,-21],[128,-45],[152,-58],[149,-46],[340,-87],[54,12],[26,17],[46,-16],[24,20],[37,-19],[25,26],[-1,25],[-41,0],[-14,34],[28,20],[32,-5],[2,-38],[34,33],[34,5],[16,41],[16,4],[28,68],[59,-5],[9,-29],[30,-5],[20,13],[11,-18],[55,21],[-10,23],[50,-7],[64,54],[100,2],[29,74],[-29,16],[12,40],[-24,53],[11,22],[-30,45],[18,54],[19,19],[448,24],[-18,90],[16,110],[22,109],[14,27],[88,-3],[58,7],[27,48],[67,-6],[35,7],[51,-9],[24,43],[57,-2],[-3,-16],[115,-28],[51,63],[141,-25],[164,65],[135,46],[55,93],[275,355],[28,234],[332,-18],[6,-42],[-56,12],[-2,-31],[-136,15],[-60,-8],[2,-154],[-20,-35],[1,-41],[-65,-95],[342,-165],[39,-56],[51,-193],[21,-113],[67,-489],[51,-280],[257,-197],[218,-161],[105,-80],[91,-51],[196,-84],[119,-9],[205,27],[-31,88],[3,20],[300,-14],[-3,-47],[75,-32],[20,-44],[23,8],[45,57],[26,9],[2,33],[26,23],[218,8],[14,-33],[26,-27],[34,16],[43,5],[53,-23],[68,-45],[-9,-105],[3,-74],[-15,-69],[18,-145],[79,-16],[124,1],[85,13],[145,-92],[134,64],[13,-48],[104,-91],[184,-108],[49,-46],[83,47],[128,117],[-60,136],[27,169],[36,81],[124,196],[91,-13],[109,110],[43,39],[230,25],[144,20],[105,-4],[187,132],[19,-2],[179,68],[90,24],[163,-32],[135,-17],[310,-68],[1,-11],[89,-39],[127,-65],[163,-38],[65,-158],[253,-120],[170,-39],[37,-35],[-20,-25],[6,-36],[-27,-8],[0,-29],[213,-17],[32,5],[60,111],[188,46],[297,-5],[-19,154],[343,123],[-8,93],[-16,47],[9,103],[182,2],[79,-92],[155,-11],[31,-26],[0,-28],[27,-13],[29,5],[45,-36],[22,-39],[-12,-46],[133,-59],[66,121],[102,4],[28,-10],[8,-45],[42,-65],[79,27],[43,78],[31,31],[85,46],[17,21],[-15,15],[44,52],[-11,36],[18,28],[-36,-4],[-15,68],[32,10],[-4,29],[26,66],[-18,8],[-14,-30],[-25,10],[-7,25],[46,6],[-5,25],[25,19],[53,1],[20,51],[56,42],[-35,19],[7,33],[19,-17],[22,22],[-35,8],[-4,16],[30,14],[19,-33],[18,25],[23,-1],[136,-47],[149,-69],[97,-86],[56,-24],[-18,-124],[249,-46],[22,84],[32,34],[111,90],[-27,8],[-21,29],[5,95],[36,-1],[20,16],[4,35],[72,32],[197,73],[31,127],[146,-115],[117,-243],[-133,-112],[294,-23],[25,-17],[12,-56],[-36,-42],[11,-103],[34,-34],[1,-45],[56,-57],[58,-30],[226,-133],[138,-98],[316,-57],[5,-261],[39,-65],[33,-14],[23,18],[65,-34],[5,-23],[34,-9],[266,48],[-34,42],[-15,36],[17,38],[45,34],[-29,13],[-25,55],[43,8],[7,-12],[11,77],[31,-5],[5,44],[36,-2],[1,22],[105,51],[-13,30],[29,15],[28,-4],[19,-23],[105,133],[48,-18],[22,57],[9,78],[17,27],[23,8],[60,-15],[86,19],[54,19],[109,75],[13,26],[-9,95],[-21,121],[31,34],[34,78],[39,25],[53,54],[12,35],[3,64],[-43,44],[-80,12],[-27,43],[-9,87],[-39,71],[1,86],[-6,54],[36,65],[69,42],[36,29],[17,64],[-7,30],[-32,53],[-2,48],[12,34],[8,91],[-18,81],[0,65],[16,65],[49,65],[90,72],[81,28],[4,34],[-38,62],[17,51],[48,48],[39,17],[21,38],[-2,36],[-23,44],[45,68],[45,21],[21,78],[72,95],[23,-2],[45,31],[54,-3],[18,30],[32,11],[25,28],[9,36],[-11,65],[75,28],[33,27],[13,41],[-39,99],[7,113],[13,117],[-10,101],[46,68],[-4,146],[-5,47],[29,25],[43,80],[46,30],[41,82],[23,29],[8,56],[-5,43],[31,43],[-4,41],[23,52],[-1,84],[37,54],[6,48],[-8,33],[5,54],[-16,47],[-42,65],[-9,37],[31,73],[-9,67],[-62,119],[2,48],[-25,43],[41,104],[-21,43],[7,38],[-101,115],[-7,60],[23,29],[-2,20],[-79,46],[37,88],[-39,39],[0,23],[32,20],[45,10],[13,16],[-16,23],[11,53],[-29,5],[19,67],[-16,42],[-68,19],[-26,36],[-13,60],[-20,33],[-53,27],[-11,30],[-46,-5],[-54,43],[-23,3],[-20,28],[-23,1],[-14,35],[-34,39],[-33,20],[8,25],[26,13],[-6,35],[35,53],[7,28],[36,54],[-13,21],[25,46],[-85,101],[-16,52],[-31,19],[-38,41],[-42,16],[-72,107],[-28,30],[13,76],[19,42],[-14,64],[22,70],[83,119],[63,53],[-15,19],[-70,17],[-129,-4],[-38,17],[-74,51],[-3,27],[-54,29],[-63,78],[-82,8],[-51,48],[-7,37],[10,54],[-59,88],[-7,72],[-21,38],[-46,46],[-20,3],[-82,-53],[-60,-2],[-57,-26],[-23,33],[-115,37],[-33,24],[-79,-8],[-20,7],[-10,40],[-27,45],[-12,1],[-43,64],[-31,29],[-20,45],[2,33],[-27,34],[-11,59],[-24,57],[-30,9],[-28,44],[-3,40],[60,67],[3,63],[-64,11],[-40,65],[-7,43],[-48,24],[1,22],[-59,44],[-100,-12],[-52,37],[1,52],[-30,100],[4,62],[23,27],[5,60],[91,36],[24,81],[45,12],[2,18],[39,11],[11,32],[0,50],[21,56],[-10,28],[19,26],[6,43],[-7,40],[103,65],[-8,22],[-76,59],[13,23],[-7,35],[11,106],[26,30],[-7,81],[-46,49],[16,20],[32,68],[-42,61],[45,79],[37,35],[11,87],[-7,48],[23,19],[45,-3],[-7,60],[33,54],[9,36],[39,8],[-8,61],[18,117],[-8,83],[-9,10],[34,121],[-16,56],[43,43],[47,28],[47,-4],[23,26],[-46,96],[0,25],[49,82],[42,31],[13,29],[-2,47],[38,71],[93,49],[0,19],[41,54],[36,23],[-21,63],[-30,25],[-8,40],[-34,60],[-15,52],[-55,32],[-36,5],[-35,44],[-7,26],[-60,73],[6,52],[33,70],[-11,56],[21,97],[-1,37],[33,72],[-19,52],[31,18],[14,75],[43,49],[49,19],[29,33],[32,12],[49,39],[116,18],[42,0],[1,41],[-18,25],[-71,24],[-47,37],[-15,26],[58,80],[-64,51],[-11,35],[-23,16],[20,14],[11,37],[-40,13],[-40,27],[-52,85],[-30,14],[-31,33],[-34,9],[-55,74],[16,36],[-16,44],[-1,66],[8,44],[-9,17],[10,39],[28,42],[33,24],[64,11],[34,60],[40,20],[8,17],[-43,34],[-7,33],[31,71],[28,29],[60,4],[-23,41],[-45,7],[-27,22],[-5,39],[23,61],[27,19],[25,39],[41,21],[-5,56],[14,60],[49,13],[73,61],[22,38],[-20,44],[-50,42],[38,65],[4,28],[78,135],[55,60],[49,37],[43,10],[45,26],[58,19],[37,44],[62,56],[20,128],[51,78],[-27,31],[14,61],[27,59],[-10,69],[29,19],[27,37],[59,39],[25,32],[56,18],[100,101],[30,116],[3,58],[28,67],[70,78],[-48,70],[-3,33],[-38,49],[20,29],[3,35],[51,67],[23,47],[-11,58],[2,91],[19,88],[26,32],[0,20],[51,-5],[88,16],[50,21],[29,35],[23,5],[8,45],[-14,33],[-8,72],[56,51],[21,53],[-20,17],[8,68],[-13,21],[48,18],[37,53],[44,39],[44,24],[23,53],[-43,67],[-69,40],[-24,44],[0,58],[-10,35],[-78,65],[-66,21],[-4,40],[79,28],[25,-3],[70,32],[42,55],[9,34],[34,38],[84,23],[2,65],[-42,37],[-12,38],[-3,53],[-13,18],[-56,1],[-33,-9],[-35,34],[-36,7],[-49,-7],[-24,18],[-50,65],[-70,31],[-52,41],[-71,21],[-37,1],[-12,25],[-48,47],[-57,18],[-58,-6],[-24,30],[5,65],[-31,66],[-14,47],[-40,31],[-16,33],[-35,28],[-60,120],[-3,67],[39,101],[111,107],[37,48],[-1,89],[-63,31],[4,36],[74,62],[38,70],[20,17],[53,6],[178,-70],[165,-118],[78,-44],[111,-14],[73,2],[74,31],[29,53],[32,124],[46,76],[77,14],[100,-41],[62,0],[38,34],[43,9],[37,-25],[29,-146],[28,-19],[10,-33],[69,-17],[182,97],[78,3],[84,23],[43,34],[15,53],[43,28],[119,15],[46,-11],[134,23],[49,34],[62,70],[28,17],[158,35],[40,42],[65,26],[91,18],[71,5],[156,-21],[134,-55],[84,-53],[87,-19],[64,23],[97,48],[28,39],[28,14],[27,56],[44,56],[173,138],[74,28],[224,58],[130,59],[37,42],[56,119],[30,49],[78,72],[47,30],[95,38],[140,10],[22,-22],[50,-8],[118,-30],[51,-36],[18,-31],[66,-22],[68,-3],[69,28],[24,20],[22,45],[2,79],[92,131],[23,53],[2,152],[25,89],[46,34],[106,17],[47,-30],[50,-11],[155,70],[34,0],[70,69],[82,19],[32,16],[135,49],[-35,62],[-17,15],[-8,73],[-13,48],[-44,39],[8,58],[53,26],[115,17],[69,-47],[43,-42],[29,-39],[59,-201],[92,-65],[108,-115],[85,-126],[70,-69],[73,-15],[28,17],[25,39],[106,20],[115,-25],[105,15],[128,-30],[62,8],[119,-14],[136,9],[131,-33],[207,-149],[65,-54],[109,-75],[53,-95],[115,-89],[19,-43],[22,-22],[102,-67],[157,-77],[102,-48],[46,-45],[22,-137],[26,-44],[27,-22],[23,-50],[-14,-319],[39,-45],[13,-64],[-53,-45],[-40,-67],[-3,-190],[40,-20],[237,-64],[28,-22],[43,-129],[66,-131],[121,-89],[15,-33],[0,-43],[-17,-109],[9,-125],[12,-28],[34,-31],[13,-78],[-32,-20],[-12,-27],[-13,-202],[-38,-34],[-10,-28],[-49,-81],[-216,-118],[-14,-17],[13,-50],[25,-14],[1,-39],[-7,-115],[-56,-254],[3,-124],[24,-111],[36,-59],[25,-19],[22,-51],[12,-123],[-16,-39],[-83,-70],[-34,-76],[-18,-80],[-107,-68],[-29,-11],[-3,-36],[31,-67],[53,-31],[0,-73],[-17,-68],[10,-91],[21,-74],[-2,-83],[-43,-73],[-77,-67],[-55,-90],[-121,-92],[-31,-11],[-81,19],[-40,-20],[-34,-70],[-9,-50],[22,-162],[-3,-67],[-31,-129],[-98,-90],[-41,-24],[-28,-42],[-40,-32],[-15,-31],[-21,-115],[-41,-36],[-171,-67],[-14,-37],[9,-61],[13,-6],[75,-271],[49,-44],[10,-23],[53,-33],[52,-11],[3,-45],[-13,-6],[-13,-66],[-8,-95],[-35,-186],[2,-24],[27,-26],[-2,-58],[-28,-62],[-21,-118],[0,-67],[24,-151],[11,-19],[37,-20],[3,-27],[87,-39],[-9,-129],[11,-48],[20,-24],[81,-46],[11,-25],[23,-134],[40,-112],[30,-32],[70,-23],[41,-41],[18,-41],[37,-43],[71,-23],[37,-36],[6,-36],[44,-51],[37,-13],[71,39],[22,33],[46,34],[46,6],[62,-39],[37,-48],[31,-142],[19,-11],[127,-36],[22,-16],[27,-68],[22,-134],[44,-104],[15,-25],[75,-42],[55,17],[90,-53],[49,11],[127,-58],[-99,-103],[-9,-20],[-12,-87],[-37,-42],[-5,-67],[16,-31],[2,-61],[-40,-118],[-44,-58],[-55,-48],[-37,0],[-40,-23],[-118,-50],[-47,-37],[-33,-64],[-52,-25],[-105,41],[-93,-11],[-111,5],[-49,-5],[-96,22],[-53,-9],[-46,-22],[-37,-6],[-19,-31],[-44,-32],[-82,-33],[-25,-2],[-111,-57],[-9,-17],[-9,-111],[6,-51],[7,-154],[-18,-61],[-50,-90],[-67,-81],[-9,-42],[3,-106],[-12,-51],[-43,-47],[-96,-31],[-84,-2],[-49,-10],[-51,-33],[-41,-48],[28,-172],[-12,-38],[-72,-39],[-26,-45],[-9,-65],[108,-27],[15,3],[64,-29],[109,-7],[96,-28],[27,-3],[133,23],[46,-8],[71,-64],[9,-28],[35,-19],[15,-26],[107,-52],[82,-48],[117,-25],[89,15],[53,-31],[18,-39],[96,-50],[22,-3],[77,31],[62,-8],[9,-112],[25,-92],[-16,-179],[41,-204],[31,-193],[16,-56],[0,-34],[-50,-120],[-41,-207],[-10,-14],[9,-420],[17,-244],[28,-69],[46,-8],[31,53],[61,37],[35,39],[34,132],[23,64],[99,53],[27,26],[25,41],[43,42],[20,51],[94,23],[40,-37],[9,-25],[43,-31],[44,-58],[83,-42],[9,3],[107,-43],[25,-16],[13,-42],[49,-56],[25,-92],[-3,-81],[-55,-47],[-43,-9],[-76,-42],[-17,-48],[19,-47],[256,-179],[107,-44],[19,-3],[145,6],[117,39],[175,95],[86,34],[62,56],[52,17],[31,-28],[46,-101],[108,-64],[77,-61],[23,-45],[2,-30],[-26,-110],[38,-28],[31,9],[106,10],[85,-10],[58,-28],[164,-45],[55,-42],[19,-53],[39,-27],[-2,-54],[-42,-39],[-45,-60],[-3,-38],[34,-28],[99,-27],[24,-20],[16,-39],[29,-37],[-5,-39],[-25,-25],[-18,-67],[22,-160],[83,-44],[24,-83],[22,-43],[58,-19],[46,16],[47,-44],[21,-76],[28,-42],[58,-19],[102,19],[80,31],[147,81],[83,27],[65,15],[25,-3],[49,-30],[3,-17],[46,-42],[28,-62],[55,-8],[126,59],[164,56],[270,36],[68,-6],[132,-47],[43,5],[111,39],[57,51],[160,92],[88,33],[89,51],[89,61],[31,14],[60,68],[54,36],[46,5],[53,-48],[9,-63],[41,-51],[69,73],[50,39],[96,53],[76,64],[93,58],[64,24],[84,18],[64,-6],[89,-55],[31,-45],[14,-45],[17,-157],[55,-11],[108,-6],[40,11],[39,-2],[148,-31],[74,-34],[40,-3],[89,11],[77,-8],[43,-15],[15,-22],[47,-34],[22,-67],[-23,-22],[-22,-106],[28,-45],[71,-56],[70,-20],[188,-25],[120,-4],[73,9],[47,22],[43,42],[29,70],[67,39],[67,-20],[65,31],[74,13],[28,-11],[85,-59],[102,-17],[126,42],[31,3],[46,-37],[50,-134],[48,-24],[110,-21],[175,-62],[209,-46],[79,-47],[52,-62],[-2,-45],[61,-8],[26,33],[69,40],[65,13],[59,-28],[15,-54],[40,-16],[52,-42],[12,-104],[-62,-36],[-28,-98],[-29,-19],[-11,-31],[-25,-20],[-113,-27],[-56,-31],[-53,-48],[-95,-72],[-30,-55],[11,-31],[78,-25],[140,-54],[18,-3],[65,42],[37,5],[98,-48],[55,-17],[50,11],[46,45],[25,53],[31,25],[31,134],[52,14],[80,-36],[124,-22],[156,18],[40,-26],[18,-25],[141,-37],[40,-75],[43,-20],[46,16],[39,45],[35,8],[43,-11],[46,17],[33,55],[79,39],[48,5],[34,-16],[3,-24],[-16,-83],[-40,-72],[37,-70],[110,-84],[33,-43],[12,-42],[43,-22],[31,-3],[55,42],[71,13],[49,28],[47,64],[37,25],[45,14],[66,8],[166,-9],[141,-34],[276,-107],[23,11],[35,60],[-18,144],[16,51],[-14,85],[49,71],[329,-156],[99,-9],[108,0],[177,-13],[131,8],[101,-4],[219,3],[116,19],[212,25],[118,41],[94,53],[215,-47],[311,-19],[273,38],[222,67],[114,28],[235,65],[165,49],[223,73],[181,69],[340,125],[-20,140],[-22,65],[-28,139],[-5,70],[18,70],[36,57],[60,160],[34,71],[120,130],[126,125],[139,57],[221,-4],[103,-11],[117,-21],[183,-40],[159,-45],[136,-3],[125,32],[357,263],[59,53],[44,140],[69,103],[110,25],[196,14],[361,33],[151,-46],[389,-318],[118,-81],[238,-159],[212,-137],[165,-111],[179,-118],[123,-89],[121,-54],[61,-76],[75,-59],[102,-27],[151,-16],[101,11],[153,-12],[196,-36],[155,-36],[82,-63],[147,-153],[95,24],[73,32],[85,24],[117,-6],[35,-35],[214,-116],[152,-6],[57,4],[74,-4],[133,22],[37,46],[49,24],[261,-18],[298,8],[188,-2],[423,33],[141,6],[272,29],[320,-12],[367,43],[338,21],[74,10],[185,9],[139,27],[105,9],[88,-20],[129,-15],[209,-57],[129,-23],[153,5],[43,36],[221,224],[165,222],[91,17],[112,-69],[136,-25],[156,-46],[174,6],[444,30],[268,-34],[422,3],[67,29],[74,22],[80,-23],[105,-60],[161,-118],[155,-99],[67,-46],[191,-24],[204,-34],[108,-10],[285,121],[160,83],[85,67],[223,349],[51,66],[76,5],[345,-227],[80,-37],[139,-80],[161,-121],[127,-77],[177,-25],[240,40],[226,34],[345,48],[385,62],[117,47],[145,102],[142,56],[104,-6],[251,-69],[321,-131],[98,4],[122,84],[158,1],[107,-5],[97,12],[393,209],[193,115],[330,165],[178,135],[187,165],[265,444],[52,22],[104,3],[210,24],[66,3],[102,-5],[319,-155],[227,-108],[146,-88],[72,-126],[121,-88],[36,-44],[156,-108],[104,-37],[279,-52],[147,-14],[201,-30],[118,6],[70,26],[122,81],[69,12],[72,55],[79,-14],[104,94],[15,165],[40,68],[-52,45],[31,91],[0,130],[-11,101],[26,68],[-16,96],[68,85],[-13,74],[-3,66],[7,36],[54,43],[26,62],[-14,112],[-21,33],[-142,44],[-16,20],[15,70],[99,101],[-34,67],[-6,51],[-23,40],[-74,33],[-40,36],[-49,7],[-35,15],[-108,17],[-13,12],[0,110],[38,64],[5,33],[-14,49],[-37,31],[-58,10],[-60,-5],[-58,27],[-145,28],[-108,11],[-23,20],[-15,34],[-61,41],[-18,30],[-6,81],[-40,21],[-34,44],[-18,43],[1,112],[-34,54],[-11,72],[-67,65],[-15,48],[22,50],[35,46],[71,117],[32,67],[-2,89],[-13,88],[-29,54],[-43,44],[-21,51],[-5,90],[30,54],[33,34],[13,44],[31,27],[105,20],[38,23],[49,15],[76,48],[13,64],[0,74],[28,97],[88,96],[6,212],[-10,23],[-53,35],[-37,13],[-52,35],[-30,47],[-20,9],[-124,14],[-84,-4],[-45,17],[-10,36],[76,71],[28,87],[55,-15],[77,20],[108,41],[43,11],[-18,55],[33,20],[49,15],[40,0],[67,-35],[35,-25],[7,-52],[47,-12],[101,15],[49,-13],[31,15],[26,42],[63,13],[106,53],[28,28],[49,15],[53,44],[9,42],[-48,75],[-51,37],[-15,25],[-28,83],[-60,58],[-9,20],[-44,34],[-40,17],[-44,45],[-88,45],[-111,5],[-145,115],[-32,35],[-19,40],[-68,68],[-55,122],[4,76],[-8,33],[-37,44],[-51,16],[-27,38],[-28,63],[2,68],[22,37],[134,160],[15,42],[-6,47],[-66,134],[-33,80],[-63,77],[-85,69],[-55,82],[2,87],[28,33],[17,69],[-35,29],[-98,52],[-38,12],[-63,69],[-10,47],[-4,76],[-12,35],[-65,101],[-15,-73],[-33,-46],[-55,-17],[-90,6],[-130,-78],[-87,-8],[-73,13],[-56,19],[-124,60],[-167,78],[-71,3],[-36,-12],[-106,-19],[-109,3],[-104,23],[-61,6],[-41,-12],[-74,-45],[-42,8],[-92,99],[-64,32],[-60,-12],[-48,1],[-54,31],[-52,-25],[-16,-35],[-16,-75],[-23,-62],[-48,-57],[-54,-7],[-129,36],[-65,15],[-80,-9],[-123,-26],[-67,-38],[-71,-53],[-112,-15],[-27,7],[-18,23],[-22,58],[-31,14],[-85,17],[-69,4],[-77,-24],[-73,-47],[-95,-21],[-40,7],[-58,22],[-97,24],[-13,22],[-14,62],[-77,122],[-43,85],[-58,76],[-23,6],[-72,45],[-49,6],[-42,-24],[-43,-38],[-74,-85],[-27,-3],[-74,30],[-35,26],[-32,4],[-51,-14],[-115,9],[-54,-14],[-121,-59],[-42,-4],[-117,180],[-57,59],[-113,74],[-59,95],[-43,46],[-41,82],[-8,36],[-1,76],[-16,26],[-52,20],[-99,-6],[-57,16],[-59,60],[-50,118],[-19,127],[-100,78],[-27,91],[-39,72],[10,55],[76,78],[83,48],[55,65],[-3,53],[-35,56],[-82,82],[-70,94],[-88,176],[-5,45],[35,103],[62,70],[-3,50],[9,34],[32,27],[131,49],[94,51],[11,64],[33,27],[68,35],[42,43],[55,37],[73,20],[80,32],[20,15],[48,83],[8,132],[77,98],[32,65],[5,35],[-19,67],[-2,39],[15,27],[74,71],[15,28],[6,88],[31,73],[-4,62],[-28,61],[1,85],[-21,44],[-56,65],[-10,50],[-30,55],[-54,50],[-84,57],[-67,28],[-89,18],[-72,-14],[-55,-56],[-41,-18],[-28,1],[-58,22],[-38,29],[1,91],[-63,84],[-7,70],[-36,56],[-8,63],[38,32],[36,2],[99,-38],[63,-13],[69,81],[30,17],[59,8],[40,-6],[64,-39],[51,-22],[52,9],[59,37],[35,2],[52,-34],[114,-13],[230,-84],[63,-32],[53,-36],[38,-43],[31,-50],[90,-109],[95,-76],[82,-38],[44,-30],[156,-59],[89,-17],[102,0],[64,7],[100,-5],[83,-22],[94,2],[46,11],[69,27],[98,25],[61,7],[155,-11],[121,2],[71,31],[84,62],[47,-1],[13,-18],[6,-136],[5,-34],[41,-74],[33,-25],[105,-42],[30,-22],[39,-54],[52,-102],[5,-65],[35,-115],[-59,-105],[-34,-143],[-43,-118],[98,-60],[119,-42],[65,-16],[55,2],[80,21],[61,27],[150,45],[88,-8],[84,-20],[86,0],[-11,41],[39,46],[133,105],[48,19],[101,72],[40,34],[267,175],[83,63],[141,47],[108,22],[254,-7],[77,1],[138,-6],[56,6],[86,19],[92,47],[73,54],[245,166],[51,53],[143,83],[108,84],[155,86],[62,21],[138,68],[57,39],[147,90],[57,39],[156,87],[47,16],[139,74],[116,73],[151,57],[61,19],[69,36],[145,35],[76,28],[71,13],[234,16],[94,0],[102,10],[37,-8],[36,-54],[21,-56],[25,-103],[45,-121],[7,-51],[59,-129],[16,-68],[24,-61],[26,-39],[5,-29],[34,-54],[61,-67],[65,-48],[32,-10],[102,-3],[66,10],[125,41],[82,43],[167,33],[102,33],[143,29],[59,26],[34,63],[25,82],[40,36],[163,32],[65,52],[47,-7],[92,16],[36,-3],[83,-44],[136,-35],[53,-17],[134,-28],[120,-12],[40,12],[37,26],[125,175],[69,110],[85,76],[55,30],[44,11],[223,15],[172,-39],[45,-29],[101,-97],[50,-54],[45,-30],[103,-7],[69,9],[52,27],[50,51],[53,70],[132,191],[96,103],[80,119],[56,77],[49,55],[89,58],[233,80],[190,51],[83,32],[65,34],[35,28],[73,86],[141,119],[100,105],[79,78],[166,108],[67,47],[55,56],[109,152],[40,132],[80,121],[62,104],[48,68],[-28,57],[-46,44],[-38,62],[-12,83],[15,104],[-55,55],[-161,146],[-33,51],[-39,38],[-98,76],[-34,20],[-153,60],[-62,18],[-72,9],[-60,20],[-20,29],[67,196],[118,336],[51,104],[87,86],[182,65],[127,66],[118,51],[343,196],[318,214],[88,90],[119,113],[69,40],[20,-4],[26,-37],[4,-60],[-2,-123],[30,-66],[55,-43],[89,-38],[65,-3],[104,19],[73,28],[124,76],[180,93],[84,62],[153,129],[71,75],[56,72],[40,71],[36,81],[30,37],[76,31],[71,14],[197,105],[60,47],[94,43],[40,6],[41,-11],[122,-80],[61,-65],[43,-66],[50,-60],[34,-14],[78,10],[77,68],[99,114],[179,168],[79,93],[20,40],[-16,88],[-31,93],[-44,91],[-13,56],[-1,64],[11,39],[27,9],[75,-27],[65,-7],[71,-20],[88,6],[108,13],[73,32],[20,1],[86,-37],[88,-10],[78,7],[101,18],[72,27],[140,87],[57,57],[111,81],[61,63],[43,6],[104,-56],[99,-35],[55,-4],[171,-33],[128,-8],[77,-1],[158,23],[116,48],[68,7],[63,-8],[34,13],[16,44],[53,109],[11,82],[-6,47],[8,92],[-15,87],[-23,90],[-7,165],[25,158],[-1,80],[6,87],[-15,43],[-54,37],[-111,59],[-160,65],[-41,20],[-117,89],[-19,54],[38,30],[144,57],[64,34],[92,62],[58,74],[97,111],[121,116],[102,70],[71,54],[232,149],[51,35],[44,17],[37,28],[24,38],[-2,51],[38,272],[75,205],[25,78],[66,100],[17,48],[-5,99],[-49,86],[-2,96],[30,47],[75,62],[91,35],[121,13],[46,21],[15,43],[-16,57],[-44,93],[-12,59],[6,41],[31,47],[51,44],[133,9],[94,30],[156,74],[123,30],[72,2],[167,15],[117,21],[90,25],[75,36],[87,84],[42,68],[27,26],[43,20],[59,-38],[81,-100],[19,-33],[73,-79],[35,-65],[17,-6],[26,39],[14,98],[11,216],[31,47],[48,41],[55,10],[44,-2],[150,-38],[45,-27],[101,-90],[48,-119],[47,-29],[288,8],[204,-20],[47,-17],[166,-42],[150,-34],[129,-20],[190,-4],[430,14],[151,16],[115,25],[129,57],[35,39],[59,25],[128,26],[63,29],[73,46],[88,30],[114,11],[77,-2],[69,12],[81,31],[58,15],[77,2],[120,-9],[126,-34],[40,-42],[42,-73],[27,-27],[64,-40],[88,-3],[110,34],[199,127],[156,128],[112,66],[134,101],[88,37],[44,12],[54,0],[54,-11],[96,-47],[253,-195],[157,-74],[90,-39],[31,-25],[102,-63],[118,-26],[81,23],[37,21],[106,193],[67,73],[46,57],[88,124],[31,118],[-6,76],[19,46],[12,60],[-8,198],[3,47],[19,56],[97,50],[80,31],[21,26],[8,85],[-19,83],[-94,159],[-65,96],[-10,26],[8,38],[61,39],[38,33],[49,57],[12,72],[-57,160],[7,33],[30,17],[223,47],[109,8],[52,9],[26,26],[9,50],[61,29],[126,102],[137,120],[117,40],[101,75],[68,40],[107,55],[55,39],[163,80],[112,64],[163,73],[112,72],[125,58],[69,53],[71,35],[31,29],[4,28],[-26,78],[64,106],[23,51],[33,133],[4,66],[-6,53],[-2,103],[53,52],[6,34],[-20,52],[1,30],[19,32],[82,53],[68,157],[63,63],[30,150],[36,134],[53,157],[150,224],[188,175],[72,43],[280,212],[46,46],[89,99],[81,75],[93,101],[52,74],[96,42],[80,54],[97,134],[31,15],[107,-9],[128,-2],[136,-16],[90,5],[287,0],[125,72],[31,51],[36,127],[22,46],[32,93],[10,79],[11,29],[25,18],[136,25],[129,110],[71,26],[124,66],[89,67],[77,68],[89,53],[84,-3],[118,-60],[47,-14],[120,-14],[63,-1],[85,9],[70,17],[216,-7],[41,-11],[99,-14],[101,-4],[172,7],[64,18],[121,51],[123,95],[112,74],[53,52],[42,55],[38,96],[2,105],[-11,80],[1,69],[13,24],[91,42],[52,29],[103,89],[84,46],[73,31],[74,52],[87,98],[23,42],[25,94],[7,204],[7,31],[40,24],[80,-10],[169,-104],[80,-75],[39,-20],[91,-11],[41,-15],[87,-67],[76,-39],[116,-81],[122,-118],[99,-116],[78,-54],[56,-15],[88,-37],[54,-113],[49,-46],[82,-90],[44,-58],[106,-112],[159,-144],[119,-94],[128,-127],[65,-72],[15,-63],[-25,-83],[-45,-67],[-11,-47],[11,-99],[21,-53],[26,-32],[0,-27],[-20,-31],[50,7],[59,25],[232,58],[141,53],[104,10],[247,-6],[208,-57],[121,-51],[24,-19],[72,-90],[27,-44],[41,-36],[33,-12],[80,-8],[194,1],[139,16],[165,-12],[47,-17],[124,-63],[59,-41],[100,-95],[68,-27],[107,-59],[169,-76],[27,7],[5,38],[-14,53],[-31,35],[10,33],[50,22],[2,32],[-52,63],[-36,33],[-51,15],[-40,-25],[-28,-2],[-30,19],[-37,43],[-42,64],[-74,45],[-23,23],[-4,50],[52,1],[58,-18],[94,-51],[72,-48],[32,-36],[107,-34],[63,-35],[98,-40],[36,-24],[68,-30],[74,-11],[40,-15],[165,-17],[134,-29],[65,-2],[161,-38],[80,-43],[63,-46],[41,-56],[28,-100],[41,-57],[108,1],[108,-28],[234,2],[293,-91],[76,-19],[78,-8],[64,0],[168,-9],[185,25],[214,21],[109,2],[54,-21],[-6,-132],[8,-77],[29,-81],[-5,-66],[-28,-69],[8,-53],[22,-45],[85,-55],[49,-39],[46,-7],[45,14],[100,121],[42,22],[113,-4],[233,-72],[54,-23],[66,-48],[166,-76],[118,-38],[191,-27],[128,-8],[79,-17],[132,-56],[98,-21],[74,-8],[61,4],[57,21],[159,49],[79,8],[126,-7],[73,42],[86,97],[54,108],[64,99],[58,128],[16,155],[1,172],[-11,55],[5,224],[4,26],[29,36],[19,4],[110,-25],[86,-29],[94,-63],[78,-44],[43,-16],[107,-17],[85,4],[41,45],[5,71],[-1,105],[10,58],[7,114],[1,228],[-8,50],[-65,124],[-15,63],[-42,106],[-11,60],[-2,86],[40,37],[60,5],[62,-3],[39,-14],[146,-31],[112,1],[64,22],[47,61],[5,109],[-26,183],[2,79],[19,35],[45,47],[45,22],[85,13],[76,-5],[58,-22],[160,-95],[80,-20],[60,23],[149,93],[91,22],[77,75],[37,19],[146,101],[133,114],[31,40],[81,199],[26,12],[112,-26],[65,-9],[97,15],[72,28],[40,28],[40,52],[102,66],[39,38],[69,121],[40,47],[52,47],[201,161],[34,38],[54,35],[34,-23],[11,-108],[16,-31],[74,-51],[30,-8],[111,63],[129,97],[131,73],[34,8],[62,-10],[49,-35],[61,-3],[37,21],[29,51],[0,52],[39,65],[81,78],[79,56],[57,90],[74,73],[149,-13],[118,-24],[160,-47],[149,-14],[52,-9],[70,-28],[92,-16],[130,-3],[105,22],[127,91],[157,190],[83,82],[51,12],[92,-3],[83,7],[69,34],[104,130],[62,92],[131,157],[93,76],[69,46],[114,64],[137,23],[83,3],[147,-84],[46,-31],[88,-81],[66,-124],[74,-94],[74,-77],[59,-69],[56,-85],[29,-32],[79,-57],[140,-39],[55,-25],[58,-57],[12,-42],[20,-117],[53,-95],[24,-54],[82,-126],[89,-63],[67,-75],[66,-174],[5,-31],[-3,-145],[-5,-107],[3,-38],[34,-71],[21,-22],[94,-49],[28,-25],[42,-103],[93,-97],[51,-37],[77,-82],[21,-65],[42,-47],[118,-106],[30,-44],[81,-83],[68,-51],[48,-19],[40,-1],[178,51],[85,34],[208,11],[30,10],[50,59],[43,77],[35,33],[162,93],[117,53],[68,5],[43,12],[83,42],[59,72],[10,69],[15,37],[24,26],[153,51],[32,0],[62,-23],[81,-87],[27,-46],[39,-98],[23,-136],[78,-114],[4,-45],[-12,-29],[-58,-94],[-40,-83],[-91,-128],[-85,-79],[-23,-47],[-15,-196],[-16,-44],[-47,-83],[-76,-103],[-46,-39],[-78,-55],[-88,-20],[-205,-22],[-86,-7],[-116,-1],[-292,-73],[-89,-8],[-125,21],[-135,-105],[-53,-57],[-39,-25],[-172,-33],[-89,-52],[-38,-62],[-14,-57],[-56,-132],[-73,-120],[-126,-137],[-72,-83],[-108,-72],[-49,-24],[-152,-52],[-94,-18],[-78,-25],[-141,-31],[-83,-10],[-103,-26],[-17,-12],[69,-30],[85,-27],[74,-45],[92,-67],[54,-45],[46,-64],[28,-51],[49,-138],[64,-131],[37,-32],[10,-55],[44,-117],[29,-51],[92,-103],[23,-59],[2,-59],[-28,-104],[22,-83],[-23,-55],[-48,-50],[-65,-31],[-37,-4],[-115,-34],[-59,-49],[-14,-66],[15,-78],[-78,-134],[101,-42],[58,-40],[60,-69],[14,-31],[44,-53],[35,-79],[-4,-37],[84,54],[142,79],[172,110],[232,130],[53,32],[54,43],[35,48],[44,96],[34,57],[62,137],[39,51],[130,102],[95,80],[173,175],[56,49],[121,85],[48,28],[58,19],[143,57],[80,46],[38,34],[62,94],[49,48],[26,15],[97,24],[109,7],[258,-14],[63,0],[257,31],[184,-12],[61,0],[146,24],[58,23],[65,49],[36,38],[90,71],[69,38],[118,76],[78,55],[76,44],[32,7],[228,79],[20,11],[40,-6],[-5,-28],[-28,-40],[-32,-73],[-57,-93],[-92,-130],[-60,-175],[-50,-86],[-92,-191],[-79,-100],[-58,-111],[-29,-45],[-3,-51],[27,-68],[28,-39],[33,-72],[47,-76],[63,-71],[44,-20],[23,7],[149,109],[98,63],[34,-27],[1,-52],[-20,-56],[-7,-50],[13,-54],[94,-159],[26,-32],[30,-66],[11,-49],[2,-63],[32,-114],[36,-111],[-8,-203],[5,-41],[52,-106],[108,-182],[59,-105],[95,-133],[29,-50],[81,-117],[55,-97],[65,-89],[106,-85],[62,-78],[87,-89],[161,-180],[24,-60],[10,-75],[-34,-131],[-57,-168],[-19,-83],[-57,-92],[-53,-61],[-71,-68],[-130,-91],[-161,-117],[-46,-21],[-99,-15],[-255,7],[-43,-7],[-124,-46],[-150,-75],[-43,-15],[-84,-66],[-68,-37],[-59,-19],[-135,-23],[-86,-33],[-22,-47],[4,-18],[92,-69],[22,-31],[63,-116],[97,-140],[12,-35],[-2,-83],[-36,-91],[-65,-77],[-38,-34],[-190,-116],[-42,-40],[-75,-101],[-146,-82],[-73,-116],[-49,-39],[-57,-30],[-52,-19],[-70,14],[-106,61],[-78,4],[-12,-31],[6,-34],[55,-103],[39,-90],[-2,-24],[-46,-56],[-46,-20],[-93,-19],[-70,1],[-182,-19],[-123,-25],[-123,-37],[-40,-34],[-52,-71],[-50,-98],[-32,-41],[-91,-47],[100,-113],[106,-75],[297,-153],[44,-45],[25,-41],[15,-63],[0,-69],[-27,-53],[-93,-80],[-163,-90],[-123,-66],[-58,-41],[-57,-53],[-86,-70],[-64,-40],[-46,-38],[-108,-75],[-48,-20],[-184,-110],[-133,-73],[-121,-72],[-45,-40],[-4,-17],[38,-12],[137,-7],[125,1],[89,-4],[110,-26],[124,-51],[36,-28],[48,-60],[7,-34],[140,21],[117,1],[59,19],[89,6],[26,-13],[13,-34],[-1,-116],[15,-59],[47,-71],[60,-42],[87,-34],[54,-80],[37,-101],[16,-65],[26,-13],[42,44],[65,44],[122,43],[50,52],[31,64],[21,119],[54,205],[45,86],[80,113],[53,65],[66,61],[54,66],[65,51],[33,19],[86,22],[152,2],[85,-4],[54,-20],[103,-28],[53,-41],[48,-9],[87,83],[72,57],[71,44],[91,33],[33,19],[113,85],[81,46],[81,86],[41,30],[59,27],[161,54],[116,22],[66,-3],[68,-46],[53,-16],[37,6],[95,32],[142,18],[263,-16],[123,-41],[56,-39],[152,-76],[75,-21],[102,-41],[134,-77],[133,-34],[101,-9],[100,-34],[39,-21],[135,-110],[64,-43],[60,-75],[17,-40],[10,-70],[20,-71],[43,-82],[27,-36],[88,-82],[29,-21],[193,-7],[264,-40],[72,1],[0,46],[31,20],[107,-24],[171,-8],[79,1],[69,-22],[48,-6],[65,20],[114,101],[56,31],[44,11],[56,1],[133,30],[61,36],[26,-5],[71,-60],[35,-53],[57,-71],[17,-30],[60,-67],[10,-63],[-2,-62],[10,-35],[21,-20],[138,-60],[19,-13],[219,-89],[98,-68],[91,-80],[132,-32],[136,-54],[97,-18],[100,-1],[159,71],[102,30],[118,70],[38,31],[22,31],[35,112],[44,21],[37,-1],[83,-16],[85,7],[123,54],[28,26],[60,1],[200,-59],[72,-38],[85,-16],[103,-49],[64,-39],[53,-14],[91,-53],[77,-95],[21,-36],[54,-61],[61,-118],[33,-44],[64,-69],[52,-70],[53,-31],[65,-22],[45,-4],[84,-20],[46,1],[128,42],[161,2],[54,-10],[60,-22],[36,-30],[29,-56],[11,-42],[24,-22],[143,-74],[42,-16],[69,-10],[81,25],[113,-4],[78,-13],[77,10],[54,0],[43,-11],[56,-38],[49,-17],[102,-49],[32,-80],[24,-31],[51,-19],[107,-3],[81,-51],[59,-55],[54,-36],[82,-36],[164,-62],[118,-27],[146,-60],[27,-19],[86,-126],[29,-34],[51,-92],[46,-42],[-4,-19],[-45,-7],[-62,28],[-62,44],[-150,20],[-86,0],[-36,-19],[-30,-34],[-31,-56],[-9,-69],[-12,-27],[-38,-44],[-42,-35],[-90,-57],[-17,-18],[-99,-63],[-96,-79],[-19,-25],[-73,-59],[-11,-29],[36,-67],[14,-47],[37,-61],[92,-100],[61,-56],[21,-36],[-31,-42],[-63,-46],[-61,-30],[-74,-56],[-70,-32],[-81,-63],[-20,-36],[-36,-116],[-3,-48],[20,-70],[69,-103],[4,-33],[63,-10],[100,0],[181,11],[81,27],[45,4],[124,29],[46,2],[23,-13],[-12,-33],[-45,-47],[-13,-25],[2,-56],[36,-67],[49,-72],[69,-48],[143,-25],[120,-66],[37,-27],[43,-51],[9,-56],[-19,-56],[-38,-33],[-66,-17],[-75,-29],[-13,-54],[71,-134],[65,-95],[15,-78],[-23,-47],[-76,-69],[-48,-51],[-77,0],[-20,-23],[-8,-74],[-14,-70],[17,-43],[26,-18],[79,-31],[39,-39],[-5,-60],[-54,-50],[-19,-52],[2,-53],[57,-101],[8,-25],[-6,-64],[-30,-69],[-7,-33],[35,-87],[62,-112],[-21,-47],[-76,-69],[-31,-66],[-71,-37],[-82,0],[-29,28],[-90,113],[-38,6],[-33,-15],[-61,-4],[-90,38],[-75,18],[-17,29],[4,60],[-96,71],[-64,60],[-22,71],[-47,33],[-71,7],[-57,-14],[-36,-19],[-44,-42],[-109,7],[-55,-23],[-43,-28],[-106,-23],[-190,-59],[-40,-44],[-81,-132],[-46,-61],[-37,-35],[-74,-37],[-72,-54],[-52,-63],[-129,-118],[-59,-45],[-121,-55],[-30,-47],[16,-45],[-4,-36],[-33,-11],[-107,9],[-39,-35],[-10,-63],[-1,-70],[-28,-27],[-59,-16],[-22,-69],[-34,-24],[-127,9],[-59,-8],[-39,-25],[-56,-84],[-32,-32],[-115,-57],[-65,-12],[-6,-72],[-10,-23],[-47,-30],[-86,-43],[-51,-55],[-55,-96],[-5,-24],[25,-52],[-14,-53],[-41,-51],[-52,-49],[-31,-20],[-50,7],[-65,46],[-94,28],[-63,47],[-53,-6],[-103,-53],[-44,12],[-82,67],[-89,8],[-27,-65],[-57,-22],[-53,-2],[-42,-31],[-4,-85],[-14,-57],[-61,-67],[-26,-19],[-35,-60],[-22,-69],[-63,-41],[-42,-48],[-38,-92],[-74,-64],[-32,-65],[-34,-86],[15,-90],[-12,-19],[-78,10],[-58,1],[-56,-17],[-151,-9],[-48,-25],[-81,19],[-52,-47],[-54,-36],[-30,-38],[-7,-32],[-42,-109],[-35,-63],[-20,-18],[-59,-12],[-42,-35],[5,-40],[-22,-47],[-60,-60],[-41,-15],[-71,2],[-28,12],[-33,-35],[-25,-51],[-7,-42],[5,-115],[-14,-178],[35,-16],[85,11],[47,0],[45,-15],[9,-72],[-17,-70],[3,-170],[-5,-161],[22,-21],[74,-17],[26,-26],[10,-51],[44,-146],[29,-82],[-1,-58],[-84,-102],[-73,-100],[-14,-64],[-103,-139],[-43,-89],[-22,-62],[-8,-129],[2,-56],[61,-67],[79,-35],[23,-20],[3,-69],[16,-29],[59,-31],[39,-69],[-1,-122],[29,-40],[97,-69],[86,-2],[97,-26],[28,-24],[14,-36],[-2,-48],[29,-79],[38,-63],[0,-23],[-33,-80],[3,-39],[48,-30],[35,-73],[45,-38],[40,-61],[46,-100],[92,-30],[36,-70],[5,-25],[38,-79],[-4,-69],[28,-50],[59,-40],[35,-63],[25,-13],[63,10],[100,-25],[78,-3],[12,-67],[61,-92],[23,-24],[25,-74],[39,-44],[90,-46],[73,-76],[11,-55],[38,-46],[106,-55],[48,-41],[-1,-69],[22,-26],[149,-71],[34,-33],[36,-143],[2,-29],[-24,-56],[5,-40],[50,-49],[106,-62],[134,-114],[96,-40],[11,-10],[-12,-99],[16,-37],[45,-73],[62,-21],[56,-99],[64,-4],[74,16],[24,-31],[9,-73],[22,-48],[48,-54],[39,-18],[49,-9],[32,-27],[18,-33],[-15,-67],[-17,-27],[-18,-95],[-41,-57],[-78,-14],[-18,-16],[-1,-60],[-43,-92],[25,-11],[-32,-36],[-35,-105],[-41,-27],[-105,22],[-42,29],[-57,72],[-25,8],[-111,3],[-67,29],[-65,11],[-37,-12],[-14,-38],[28,-41],[-20,-54],[-88,-13],[-139,30],[-46,-37],[-11,-56],[-22,-11],[-36,7],[-62,114],[-71,54],[-98,43],[-14,16],[-27,70],[-19,19],[-68,12],[-37,18],[5,95],[-33,36],[-71,-6],[-23,35],[-67,5],[-58,52],[-71,15],[-79,4],[-62,-9],[-34,26],[-35,77],[-40,45],[-88,39],[-76,1],[-50,15],[-34,37],[-24,8],[-85,3],[-69,-17],[-76,24],[-69,-18],[-85,-7],[-44,5],[-83,40],[-71,4],[-105,26],[-78,2],[-66,20],[-81,65],[-111,42],[-60,14],[-61,26],[-82,49],[-36,29],[3,57],[-2,163],[24,20],[52,0],[22,36],[38,40],[66,25],[117,94],[23,79],[-17,18],[-45,13],[0,63],[60,61],[-4,50],[-58,88],[-26,16],[-80,-8],[-42,12],[-59,1],[-52,13],[-48,29],[-36,38],[-68,51],[0,43],[22,43],[7,68],[-18,56],[-23,28],[-78,60],[-52,32],[-58,59],[-90,40],[-66,61],[-24,61],[-27,30],[-104,86],[-25,33],[-21,76],[-36,44],[-53,32],[-80,25],[-140,90],[-84,34],[-79,58],[-43,-7],[-49,-30],[-110,-18],[-31,8],[-48,50],[-105,8],[-68,-9],[-35,14],[-41,50],[-45,34],[-67,30],[-45,41],[-4,-41],[-14,-17],[-23,-72],[-48,-4],[-86,21],[-92,30],[-62,7],[-39,-18],[-30,23],[-105,5],[-80,-25],[-56,-7],[-55,14],[-19,21],[-65,36],[-47,14],[-75,4],[-58,-9],[-66,2],[-47,19],[-47,8],[-25,-8],[-32,-37],[0,-50],[-45,-40],[-17,-51],[-61,-10],[-18,-22],[-19,-61],[47,-44],[12,-71],[-42,-19],[-66,11],[-48,-24],[-110,-120],[-63,6],[-33,-40],[-73,-15],[-42,17],[-32,-13],[-25,-61],[-89,-54],[-36,-45],[-6,-40],[-112,-50],[-47,-52],[-50,-68],[-57,-21],[-34,4],[-18,29],[-11,68],[-27,46],[-60,24],[-61,-7],[-26,7],[-74,53],[-17,0],[-68,-43],[-24,-7],[-104,19],[-37,33],[-48,-5],[-28,8],[-59,45],[-29,2],[-34,-50],[-94,-15],[-37,15],[-11,32],[-34,15],[-29,-37],[-91,-16],[-75,6],[-32,-5],[-20,-21],[-34,-66],[-30,-26],[-101,-47],[-37,7],[-27,22],[-97,-25],[-38,-17],[-149,-4],[-64,43],[-23,34],[-47,-37],[-42,-15],[-42,20],[-86,67],[-27,-7],[-38,-94],[-23,-22],[-72,1],[-34,13],[-65,49],[-95,-7],[-81,19],[-41,16],[-32,33],[-54,2],[-45,-17],[-145,-84],[-36,-10],[-100,-5],[-42,-24],[-3,-56],[-32,-45],[-25,-9],[-47,13],[-47,-14],[-70,4],[-49,17],[-69,-19],[-53,48],[-45,-9],[-66,15],[-47,29],[-31,-15],[-48,-61],[-60,-58],[-71,-27],[-46,-41],[-71,-36],[-59,10],[-36,16],[-58,-34],[-21,-31],[-35,-76],[-19,-18],[-37,16],[-74,-8],[-83,1],[-47,-10],[-93,10],[-15,-7],[-43,-55],[-58,-26],[-68,-2],[-53,-15],[-49,-45],[-78,-13],[-39,-51],[-123,3],[-42,-16],[-31,-32],[-46,-29],[-62,-16],[-83,4],[-8,-60],[-55,-55],[-117,-91],[-53,-20],[-107,-8],[-56,-21],[-42,-31],[-54,-89],[-36,-38],[-148,-68],[-74,-28],[-36,-22],[-71,-105],[-3,-40],[-48,-46],[-18,-47],[-34,-15],[-58,-41],[-41,-58],[-43,-22],[-28,-65],[-42,-64],[-33,-32],[-179,-148],[-33,-55],[15,-49],[-8,-21],[-41,-18],[-39,-61],[-14,-82],[-60,-96],[-3,-47],[-29,-52],[-76,-74],[-52,-73],[-9,-50],[-18,-35],[-209,-135],[-206,-136],[-110,-78],[-132,-46],[-37,-36],[-25,-10],[-52,7],[-33,-13],[-120,-152],[-106,-18],[-17,-10],[-36,-59],[-43,-55],[-41,-21],[-117,-9],[-40,5],[-58,28],[-44,-1],[-52,-28],[-174,-39],[-37,-1],[-54,27],[-62,-1],[-82,55],[-100,56],[-61,53],[-32,65],[1,-104],[-19,-39],[-9,-74],[-34,-40],[-3,-31],[-25,-33],[-95,-77],[-16,-36],[-7,-74],[-12,-22],[-42,-32],[-90,8],[4,-58],[-69,-103],[-1,-52],[-43,-52],[-4,-46],[44,-93],[8,-42],[-30,-31],[1,-47],[-11,-21],[-65,-48],[-24,-98],[15,-35],[42,-60],[0,-20],[-48,-49],[-9,-67],[-42,-42],[-55,-17],[-61,-58],[-65,-92],[-53,-10],[-65,7],[-10,-39],[-30,-21],[-31,8],[-52,33],[-76,12],[-32,40],[-82,9],[-52,22],[-36,-3],[-36,-31],[-95,-62],[-39,-21],[-83,-71],[-23,-31],[-16,-45],[-25,-34],[-69,-30],[-63,2],[-32,-19],[1,-76],[-62,-35],[3,-140],[-32,-42],[-12,-81],[-66,-71],[-28,-45],[-106,-84],[-32,-78],[-52,-46],[-28,-37],[-57,-17],[-49,5],[-29,40],[-29,19],[-73,26],[-102,-5],[-147,-1],[-43,19],[-18,22],[-60,137],[-23,6],[-67,-4],[-51,13],[-75,-2],[-30,-13],[-47,-60],[-99,-24],[-44,-22],[-18,-30],[-20,-78],[-44,-37],[-52,-17],[-28,-27],[8,-118],[-13,-26],[-82,-78],[-39,-121],[-29,-63],[-43,-65],[-42,-51],[-7,-58],[-17,-53],[-36,-49],[-54,-47],[-57,25],[-53,13],[-53,-6],[-77,-51],[-15,-62],[-70,-74],[-30,-19],[-176,-129],[-17,-36],[8,-124],[-13,-23],[-89,-38],[-14,-17],[-81,-22],[-111,-41],[-38,-1],[-36,24],[-28,-2],[-37,-58],[-62,-57],[-108,-20],[-99,-4],[-39,-9],[-46,-60],[-35,-31],[-67,-37],[-121,-3],[-48,35],[-61,4],[-78,-32],[-32,-23],[-38,-66],[-51,-11],[-49,-1],[-82,-31],[-21,-16],[-31,-67],[-81,-59],[-23,0],[-30,21],[-77,9],[-75,53],[-117,7],[-69,-24],[-101,2],[-16,17],[-25,89],[24,85],[2,48],[-45,53],[-92,31],[-37,4],[-88,-11],[-217,-172],[-7,-21],[32,-122],[15,-23],[-6,-42],[-41,-36],[-2,-26],[-88,-101],[-7,-47],[-22,-23],[-44,-19],[-6,-53],[-34,-45],[-126,-41],[-5,-26],[-49,8],[-27,-15],[-75,27],[-28,-10],[-30,18],[-102,-67],[-66,-20],[-10,-13],[20,-35],[1,-28],[-54,-90],[-32,-29],[-43,-20],[-92,-27],[-23,-86],[12,-55],[-16,-53],[16,-25],[-12,-59],[24,-6],[14,-30],[38,-40],[9,-33],[35,-24],[-8,-14],[-65,-39],[-18,-25],[0,-36],[-66,-86],[-2,-26],[-24,-34],[3,-58],[-9,-7],[-65,6],[-32,23],[-40,4],[-29,-10],[-13,-48],[-22,-24],[-64,-32],[-38,-10],[-72,-63],[0,-15],[43,-27],[33,-38],[15,-52],[-5,-25],[33,-63],[-18,-38],[-9,-52],[-48,-47],[-57,-67],[-56,-22],[0,-67],[-33,-69],[-17,-14],[-79,-33],[-29,-19],[-41,-63],[1,-40],[-33,-15],[-62,-53],[-19,-108],[-2,-51],[-33,-12],[-17,-53],[-21,-21],[-35,-83],[4,-33],[34,-71],[18,-2],[21,25],[25,4],[27,33],[35,-26],[101,2],[0,-27],[37,-36],[9,-24],[84,-84],[11,-47],[28,-28],[49,-83],[30,-27],[3,-29],[-13,-63],[6,-17],[-46,-65],[-5,-50],[-16,-22],[49,-88],[73,4],[86,-53],[62,-45],[19,-30],[76,-11],[38,-44],[27,-58],[-14,-60],[7,-33],[-24,-72],[-49,-54],[-15,-33],[10,-19],[-9,-64],[-15,-18],[20,-28],[11,-44],[58,-58],[-6,-8],[-62,10],[-34,-7],[-9,-33],[-39,-32],[-40,-50],[-3,-35],[29,-45],[2,-145],[-18,-70],[61,-69],[1,-85],[-59,-84],[-2,-34],[15,-59],[-16,-66],[-56,-91],[-6,-53],[5,-48],[34,-29],[3,-37],[38,-26],[-16,-69],[17,-35],[-5,-19],[-81,-67],[-50,-70],[5,-67],[53,-70],[67,-19],[85,-78],[46,-27],[73,-29],[-3,-18],[-35,-51],[-150,-147],[-42,-51],[-25,-47],[-3,-58],[21,-45],[6,-54],[-19,-27],[-43,-35],[-32,-79],[-5,-60],[16,-130],[1,-103],[15,-62],[47,-58],[6,-40],[-18,-45],[-41,-36],[-24,-48],[-35,-43],[-3,-29],[31,-141],[54,-32],[46,-2],[60,-26],[91,-3],[60,-43],[34,-47],[35,-12],[46,26],[39,8],[56,32],[61,-13],[64,26],[31,-18],[21,-31],[53,-15],[39,-62],[48,-25],[53,-52],[9,-35],[-30,-49],[-48,-25],[-60,-47],[-50,-69],[-40,-31],[-46,-60],[0,-79],[-36,-70],[-7,-49],[-2,-82],[-13,-44],[-75,-48],[-39,-60],[-54,-17],[1,-41],[-47,-47],[-92,-132],[-71,-53],[-42,-84],[-80,-12],[-46,-21],[-18,-65],[-38,-77],[-70,-34],[-27,-20],[-36,-50],[-70,-142],[-50,-28],[-72,-1],[-97,-67],[-59,-29],[-92,9],[-62,-3],[-34,-20],[-46,-10],[-71,-33],[-36,-44],[-1,-51],[-38,-31],[-99,12],[-50,40],[-20,-4],[3,-35],[26,-39],[-30,-92],[14,-45],[-37,-27],[-29,-35],[-53,-25],[-32,-29],[30,-30],[10,-56],[39,-48],[9,-40],[-10,-21],[-36,-11],[-58,-46],[-10,-20],[0,-60],[9,-49],[50,-28],[42,-36],[28,-60],[7,-97],[18,-22],[54,-35],[16,-37],[-4,-43],[24,-77],[30,-71],[-8,-57],[-34,7],[11,-79],[19,-29],[82,-76],[32,-60],[70,-67],[13,-23],[-35,-141],[-4,-80],[-28,-50],[45,-56],[7,-60],[20,-50],[-1,-31],[-62,-117],[-29,-82],[-30,-20],[-32,-2],[-65,-26],[-42,-54],[-69,-23],[-66,1],[-33,-9],[-66,-43],[-92,-44],[-65,-51],[-31,-65],[-30,-127],[-55,-44],[-60,-65],[-58,-36],[-50,-59],[-127,-73],[-84,-40],[-13,-62],[-34,-17],[-46,-2],[-54,-27],[-47,-37],[-25,-90],[-13,-24],[-67,-60],[-50,-131],[2,-120],[-40,-84],[-19,-23],[-13,-125],[5,-40],[-85,-102],[-86,-47],[-40,-2],[-46,10],[-37,-9],[-66,-43],[-51,-67],[-26,-2],[32,-51],[72,-6],[22,-14],[47,-92],[-14,-19],[-36,-10],[-105,9],[-68,-37],[-26,-6],[-141,0],[-62,9],[-111,-7],[-64,-21],[-68,-52],[-111,-65],[-25,-30],[-49,-79],[-60,-41],[-26,-58],[-14,-118],[22,-57],[-15,-39],[-92,-78],[-67,-120],[-21,-85],[2,-38],[-17,-27],[-49,-27],[-130,1],[-53,-30],[-41,-49],[-39,-74],[-33,-1],[-26,14],[-149,1],[-38,10],[-12,42],[-34,81],[-23,37],[-34,7],[-27,-14],[-43,-57],[-13,-34],[-36,-50],[-41,-40],[-75,-23],[-68,-31],[-166,-93],[-40,3],[-41,22],[-47,-20],[-105,-32],[-52,-9],[-76,0],[-32,-22],[-32,-81],[-27,-88],[-36,-67],[-16,3],[-9,-50],[-36,-57],[-50,-51],[-108,-78],[-60,-19],[-51,-33],[-18,-25],[-81,-54],[-53,-45],[-16,-23],[-8,-54],[5,-88],[18,-155],[16,-50],[-4,-52],[-33,-54],[-74,-76],[-128,-188],[-47,-79],[-60,-198],[-113,-256],[-30,-60],[-59,-69],[-29,-95],[-31,-165],[-4,-140],[-21,-91],[-5,-106],[-13,-44],[-28,-49],[-18,-50],[3,-28],[-25,-15],[0,-57],[33,-54],[96,-77],[49,-74],[50,-28],[131,-86],[26,-6],[118,9],[29,-5],[61,-61],[115,-97],[38,-27],[148,-39],[114,-44],[90,-54],[38,-15],[88,-64],[45,-4],[74,10],[40,-3],[65,-33],[51,-57],[101,-59],[84,-29],[91,-40],[64,-7],[55,-20],[48,-67],[-2,-29],[-45,-56],[7,-23],[35,-47],[3,-67],[43,-117],[27,-18],[22,-38],[1,-25],[-24,-44],[-18,-58],[-37,-63],[0,-26],[66,-83],[-18,-78],[8,-91],[-9,-36],[2,-105],[-51,-127],[-23,-75],[-18,-21],[-38,-85],[-36,-46],[-4,-79],[-21,-51],[-82,-66],[-58,-28],[-37,-8],[-59,-50],[-38,-64],[-31,-106],[-27,-61],[-7,-42],[4,-98],[45,-63],[13,-40],[55,-84],[0,-60],[9,-32],[50,-108],[-7,-75],[-50,-11],[-73,35],[-12,-2],[-14,-75],[-52,-70],[-50,-176],[-37,-166],[-16,-31],[-60,-33],[-56,-64],[-36,-52],[-32,-17],[-88,-6],[-66,10],[-30,-32],[-19,-53],[-24,-34],[-12,-46],[0,-57],[-33,-65],[-32,-27],[-101,-66],[-17,-23],[2,-74],[-15,-62],[0,-58],[-43,-146],[5,-80],[-5,-72],[-72,-123],[-35,-97],[-9,-74],[4,-68],[36,-97],[38,-60],[29,-78],[-3,-34],[-19,-37],[-76,-76],[-62,-36],[-36,-50],[-13,-68],[-34,-83],[-25,-89],[-11,-119],[-44,-48],[-65,-2],[-51,17],[-70,-27],[-29,9],[-51,57],[-4,73],[15,61],[-18,33],[-15,-21],[-49,-16],[-6,-80],[-12,-72],[-33,-12],[-30,13],[-42,83],[-38,-24],[-104,0],[-45,-15],[-26,-25],[0,-100],[29,-113],[25,-44],[14,-79],[-25,-93],[-35,-228],[-29,-145],[-15,-33],[-71,-118],[-64,-119],[-59,-94],[-25,-51],[-39,-58],[-71,-117],[-35,-48],[-99,-50],[-185,-121],[-54,-46],[-113,-36],[-95,-11],[-41,-11],[-38,-33],[-41,-156],[-107,-196],[-72,-145],[-33,-58],[-103,-229],[-54,-103],[-47,-113],[-23,-37],[-34,-78],[-50,-34],[-107,-26],[-60,-5],[-54,20],[-52,-228],[1,-65],[59,-92],[70,-68],[7,-36],[-8,-43],[-33,-107],[-33,-163],[-26,-45],[-71,-40],[-347,-149],[-5,-21],[35,-38],[179,-138],[-2,-23],[-112,-148],[-41,-60],[-96,-122],[-70,-118],[-46,-49],[-39,-29],[-78,-25],[-191,-30],[-25,-9],[-4,-75],[9,-70],[7,-172],[1,-186],[5,-105],[-64,-114],[-46,-107],[-55,-101],[-46,-120],[-75,-69],[-91,-41],[-46,-100],[-43,-170],[-33,-164],[-15,-55],[-31,-192],[-36,-107],[-18,-25],[-77,-37],[-79,-24],[-25,-41],[-6,-54],[-38,-148],[-63,-203],[27,-193],[-10,-18],[4,-218],[-2,-51],[-23,-58],[-127,-234],[-36,-36],[-60,-38],[-32,7],[-13,22],[1,43],[-13,26],[-37,-3],[-1,-41],[13,-40],[25,-31],[57,-94],[23,-55],[-2,-47],[-88,-120],[-24,-42],[-100,-142],[-81,-141],[-115,-228],[-80,-137],[-35,-82],[-11,-45],[-49,-145],[-7,-85],[-30,-139],[-19,-20],[-32,7],[-70,-4],[2,-39],[-15,-11],[-70,-16],[-12,33],[-27,25],[-32,5],[-15,-26],[-4,-117],[-46,-223],[-13,-42],[-6,-93],[-13,-59],[-28,-81],[-11,-94],[-43,-172],[-26,-130],[-4,-44],[-20,-39],[-34,-5],[-30,12],[-5,37],[-31,7],[-50,-65],[-19,-43],[5,-19],[34,-33],[-23,-39],[-138,-25],[-60,1],[-28,21],[-69,19],[-21,35],[4,45],[-30,14],[-20,50],[43,27],[-6,32],[-61,-16],[-19,36],[18,19],[43,3],[4,34],[-35,10],[-12,28],[-30,27],[42,25],[-17,37],[-31,14],[-27,-27],[-21,8],[-3,29],[46,21],[15,19],[-16,27],[-71,12],[-8,29],[35,16],[24,48],[-38,15],[-30,-20],[-20,32],[-7,44],[-44,0],[-28,-12],[-36,-34],[-114,-9],[-24,-28],[-29,6],[-31,26],[10,31],[-53,30],[-43,-29],[-100,38],[-53,-4],[-28,-45],[-27,11],[-11,41],[11,34],[-36,39],[-37,-2],[-29,34],[35,24],[16,42],[-46,58],[13,54],[-16,25],[-25,-1],[-23,-28],[-61,7],[-11,40],[-15,6],[-67,-15],[-3,20],[-59,44],[12,50],[-4,23],[-50,11],[-14,-47],[-37,-19],[-52,0],[-13,50],[-44,-9],[-37,-39],[-32,0],[-41,35],[1,51],[-21,18],[-43,-15],[-25,-32],[-54,11],[-22,23],[-67,-15],[-26,-28],[-31,-1],[-21,23],[1,28],[-41,22],[-54,-34],[-26,1],[-31,37],[29,53],[-31,19],[-36,5],[-17,30],[0,37],[-40,43],[-34,-12],[-27,5],[-79,84],[-14,0],[-53,-41],[-32,3],[-11,39],[-73,16],[-87,-30],[-121,-4],[-105,17],[-138,-129],[-103,-8],[-61,-50],[-59,-29],[-55,-38],[-47,-4],[-80,-33],[-34,10],[-5,23],[-34,3],[-39,-43],[-32,-14],[-74,3],[-64,-6],[-7,-41],[-38,-22],[-41,4],[-28,48],[-45,-1],[-19,-33],[-58,15],[-11,15],[10,31],[-22,15],[-75,12],[-3,32],[43,66],[-9,23],[-30,24],[-20,59],[16,37],[-51,39],[-49,-2],[-23,25],[-4,35],[18,32],[-49,34],[-41,-19],[-49,17],[-8,14],[18,36],[-47,36],[-44,7],[-1,26],[19,40],[-24,24],[-34,11],[-3,23],[16,40],[-66,34],[8,61],[-6,55],[-32,22],[-11,38],[8,33],[-26,24],[-21,-21],[-29,4],[-23,42],[-30,-1],[-5,-46],[-47,15],[-31,-51],[-2,-26],[-27,5],[-8,-17],[-57,-45],[-92,9],[-35,-3],[-37,-31],[-66,29],[-65,0],[-43,35],[-37,12],[-42,-7],[-63,16],[-14,17],[-51,21],[-103,-14],[-34,6],[-66,-14],[-73,-50],[-114,12],[-16,-20],[-60,0],[-47,57],[-76,4],[-77,35],[-112,-27],[-57,40],[-44,-11],[-109,-51],[-11,-25],[1,-63],[-40,-40],[14,-55],[-8,-49],[-26,-33],[-40,-30],[22,-35],[-1,-48],[-52,-20],[-46,-31],[-30,-34],[-71,-32],[-17,-60],[-47,-28],[-85,46],[-68,13],[-19,45],[-71,16],[-8,36],[32,19],[6,33],[-47,31],[-67,-5],[-17,34],[-50,5],[-21,-28],[-5,-75],[-29,-35],[9,-71],[-10,-19],[-36,-17],[-75,-50],[-48,3],[-29,35],[-42,-1],[-50,-68],[-83,5],[-34,-58],[-44,-15],[-23,-26],[-7,-57],[-21,-21],[-88,13],[-55,-4],[-43,10],[-9,71],[-12,21],[-36,13],[-32,-9],[-21,12],[-2,50],[-34,2],[-31,-14],[-54,13],[-4,42],[-35,27],[-75,12],[-17,76],[-57,30],[-41,78],[-26,39],[14,35],[53,34],[-3,28],[-35,22],[27,81],[-17,16],[-38,5],[-27,-16],[-30,4],[-3,21],[22,69],[-26,69],[12,41],[-30,23],[-27,-9],[-20,-27],[-47,-5],[-30,45],[-44,15],[-32,37],[9,61],[-50,39],[-5,40],[22,43],[-49,56],[11,25],[-26,104],[6,69],[-37,27],[-12,87],[-59,28],[20,36],[-36,39],[-49,-14],[-16,11],[0,56],[-43,5],[-70,62],[-35,-3],[-82,-37],[-39,9],[1,35],[-36,23],[-67,2],[-97,86],[-46,-8],[-82,10],[-67,38],[-65,106],[-74,33],[-30,24],[-49,-8],[-41,-42],[36,-43],[60,-22],[40,-38],[0,-22],[-25,-15],[-47,9],[-58,33],[-115,7],[-38,-17],[-22,-32],[-1,-50],[26,-54],[80,-48],[9,-15],[-16,-54],[52,-78],[-12,-22],[28,-46],[-10,-29],[-56,-18],[-85,-8],[-16,-16],[18,-54],[-19,-49],[-22,-9],[48,-16],[58,-55],[20,-4],[59,17],[27,-21],[99,-27],[9,-39],[-21,-24],[-90,-10],[-35,-11],[-33,-38],[-2,-36],[21,-22],[30,-6],[36,-27],[47,-18],[38,-25],[-4,-34],[-35,-30],[-17,-31],[1,-73],[-46,-42],[-25,-69],[19,-139],[50,-120],[38,-35],[4,-37],[36,-36],[3,-29],[-46,-63],[11,-55],[19,-30],[55,-36],[8,-15],[-7,-54],[30,-45],[74,-61],[62,-10],[21,-72],[43,-59],[0,-95],[26,-18],[65,13],[62,3],[43,-22],[55,0],[48,23],[31,-26],[8,-44],[27,-29],[-18,-51],[4,-63],[-27,-21],[-44,6],[-30,-23],[-18,-92],[14,-29],[-13,-79],[25,-23],[6,-26],[-6,-57],[-39,-102],[-23,-41],[-20,-64],[-17,-9],[-18,-50],[31,-59],[-11,-57],[-9,-109],[21,-25],[2,-44],[31,-92],[7,-70],[-48,-41],[0,-82],[16,-50],[9,-104],[54,-70],[33,-56],[56,-49],[7,-42],[-9,-26],[-62,-67],[-16,-37],[-37,-51],[-21,-82],[5,-60],[35,-60],[-7,-69],[26,-66],[54,-104],[5,-79],[32,-85],[50,-56],[54,-96],[-28,-72],[-2,-27],[22,-81],[24,-40],[48,-40],[45,-71],[30,-13],[130,-20],[36,-33],[6,-68],[-35,-59],[-68,-9],[-29,-22],[-1,-29],[-48,-89],[-2,-68],[15,-64],[-36,-46],[-8,-56],[17,-41],[29,-27],[1,-40],[-23,-36],[-21,-59],[-3,-53],[9,-48],[19,-39],[36,-42],[45,-89],[-1,-74],[-68,-111],[-13,-34],[-8,-66],[-44,-60],[-22,-96],[-1,-43],[15,-28],[-35,-107],[19,-60],[-6,-50],[-26,-44],[0,-81],[-16,-94],[-37,-58],[-54,-22],[-27,15],[-38,-5],[-32,-94],[8,-54],[28,-50],[-13,-70],[15,-47],[-8,-42],[-30,-48],[-1,-83],[-49,-94],[0,-40],[61,-46],[10,-28],[-8,-40],[-58,-33],[5,-95],[-3,-71],[-32,-130],[-15,-35],[1,-75],[16,-57],[14,-83],[75,-24],[46,-43],[21,-36],[-7,-83],[-15,-7],[-69,17],[-28,-17],[-22,-43],[-80,-38],[-2,-25],[18,-25],[59,-25],[-18,-42],[-1,-39],[-26,-32],[-48,-15],[-19,6],[-42,47],[-76,-4],[-114,-16],[-33,2],[-21,-24],[2,-71],[22,-66],[61,-104],[2,-33],[18,-41],[-17,-111],[19,-68],[-23,-27],[45,3],[73,-40],[30,-40],[-5,-27],[-34,-25],[-2,-19],[32,-13],[10,-20],[-20,-39],[-17,-131],[-85,-73],[-16,-35],[38,-30],[40,-54],[84,-128],[0,-18],[-27,-34],[-49,-26],[-17,-68],[66,-50],[19,-48],[9,-50],[63,-38],[24,-75],[0,-48],[35,-85],[-15,-33],[-60,-32],[-26,-28],[-16,-110],[49,-34],[34,-49],[-5,-94],[-20,-59],[-30,-35],[-17,-51],[-24,-21],[-62,-31],[9,-43],[49,-10],[13,-17],[6,-96],[19,-43],[-37,-59],[-17,-172],[95,13],[44,-8],[13,-17],[-6,-68],[-23,-20],[-48,-3],[-29,-25],[-4,-35],[60,-35],[-15,-16],[-71,-18],[-93,-50],[-132,-15],[-22,-33],[21,-56],[4,-90],[-9,-69],[-31,-52],[-90,-60],[-8,-23],[-2,-64],[-18,-37],[14,-57],[39,-1],[59,25],[39,-3],[49,-41],[5,-36],[-13,-29],[-46,-10],[-62,37],[-46,-9],[-39,-59],[-55,-21],[-28,-39],[-43,-181],[-24,-50],[-34,-25],[-62,-3],[-20,-11],[-14,-52],[-40,-9],[-21,-32],[-28,-68],[-100,-34],[-29,-21],[-31,-49],[-57,-6],[-57,17],[-57,-2],[-100,-20],[-86,17],[-58,-20],[-120,-15],[-28,7],[-50,45],[-41,6],[-114,52],[-60,16],[-27,21],[-10,31],[-61,41],[-65,11],[-17,20],[-6,54],[51,33],[-1,44],[-41,55],[-18,73],[-70,35],[-42,6],[-63,61],[-78,8],[-30,28],[-41,59],[-30,13],[-39,-6],[-36,-82],[-79,-68],[-63,-35],[-52,16],[-63,-5],[-69,-31],[-8,69],[-29,3],[-84,-16],[-74,2],[-28,23],[15,59],[-10,43],[-54,-1],[-48,-35],[-10,-22],[2,-52],[22,-36],[56,-25],[12,-27],[-99,-52],[-18,-21],[-2,-52],[-37,-56],[-6,-125],[6,-88],[28,-19],[16,-30],[0,-31],[-20,-19],[39,-60],[21,-48],[26,-28],[7,-25],[-20,-56],[15,-6],[67,8],[16,-28],[-15,-57],[62,-115],[-25,-51],[14,-63],[24,-9],[24,-28],[3,-66],[-19,-17],[-68,-6],[1,-34],[59,-37],[30,-53],[9,-86],[8,-25],[50,-12],[30,-50],[76,-80],[67,-19],[15,-11],[-8,-72],[-36,-23],[-95,0],[-23,11],[-54,55],[-64,7],[-37,-49],[-73,-76],[-5,-42],[27,-25],[18,-36],[-7,-22],[-50,-20],[-24,-72],[-78,-105],[49,-59],[1,-30],[-50,-58],[-56,-33],[-15,-79],[-39,-18],[-29,-35],[-11,-48],[7,-63],[-12,-32],[-32,-30],[1,-24],[37,-24],[7,-35],[-11,-22],[-80,-29],[-15,-19],[46,-12],[11,-22],[-32,-26],[-65,-38],[-36,-30],[-69,-25],[-62,-42],[13,-22],[47,-1],[16,-27],[1,-70],[16,-29],[3,-42],[-32,-63],[37,-9],[57,-35],[11,-21],[-5,-109],[12,-16],[65,9],[23,-11],[29,-88],[1,-62],[-28,-75],[-56,-125],[-24,-73],[-5,-105],[-21,-61],[-59,-79],[-75,-64],[-8,-20],[19,-47],[51,-25],[31,-33],[28,-66],[54,-37],[31,-40],[-7,-49],[-64,-35],[-36,-37],[-35,-20],[-5,-36],[59,-80],[45,-88],[42,-6],[64,21],[27,-22],[21,-140],[-5,-34],[-49,-65],[-27,-16],[-5,-27],[27,-39],[112,-85],[49,-9],[60,15],[70,-6],[19,-20],[-18,-69],[10,-17],[40,-7],[12,-21],[-8,-103],[20,-58],[4,-81],[35,-68],[38,-28],[1,-45],[-61,-82],[-89,-61],[-30,-35],[-24,-60],[-32,-47],[-109,-96],[-30,-33],[-56,-184],[-8,-51],[-25,-64],[37,-41],[5,-20],[-54,-54],[96,-37],[31,-20],[67,0],[33,-33],[-31,-69],[-5,-73],[8,-23],[36,-28],[59,-94],[64,-61],[7,-41],[-49,-60],[-11,-133],[-10,-45],[-18,-28],[-1,-30],[20,-33],[59,-8],[38,-15],[45,-61],[17,-10],[131,-19],[81,-39],[46,-38],[78,-91],[67,-38],[61,-10],[24,-18],[34,-59],[41,-32],[28,-40],[-3,-31],[-25,-29],[-51,-21],[-17,-17],[13,-87],[49,-61],[41,-32],[-1,-30],[-32,-51],[10,-69],[33,-45],[-3,-27],[-51,-97],[-16,-50],[0,-48],[16,-33],[41,-29],[42,-17],[2,-41],[-6,-115],[8,-69],[-12,-28],[-49,-51],[5,-42],[68,-56],[57,-56],[50,-30],[5,-23],[-71,-22],[-8,-13],[51,-52],[0,-39],[-16,-12],[-53,-6],[-13,-39],[16,-43],[-38,-32],[10,-52],[25,-29],[110,-39],[1,-28],[-36,-35],[-1,-26],[21,-39],[1,-32],[-36,-79],[4,-35],[39,-85],[-39,-125],[-73,-21],[-57,-48],[-46,-12],[-50,40],[-95,5],[-65,43],[-27,1],[-50,-32],[-27,-56],[-29,-8],[-50,23],[-51,9],[-27,-20],[-4,-66],[-48,-15],[-15,-20],[-3,-37],[17,-27],[59,-38],[32,-43],[26,-52],[40,-19],[13,-19],[-12,-54],[51,-72],[0,-66],[27,-48],[7,-39],[-24,-68],[-31,-51],[-4,-91],[-20,-15],[-73,-11],[-164,-5],[-65,26],[-81,7],[-21,14],[-2,65],[-34,56],[-28,32],[-50,120],[-21,19],[-30,2],[-46,-35],[-61,-19],[-117,-7],[-78,7],[-82,15],[-46,49],[-11,27],[-121,55],[-37,1],[-37,-14],[-68,-83],[-32,-8],[-43,9],[-38,-41],[-9,-102],[-15,-47],[5,-33],[28,-37],[24,-54],[8,-83],[19,-50],[-2,-30],[-37,-42],[-22,-78],[-16,-23],[-78,-12],[5,-47],[54,-9],[-6,-57],[45,-16],[25,-33],[73,-2],[25,-20],[65,-100],[11,-88],[-24,-29],[9,-47],[-2,-50],[-32,-27],[-137,1],[-108,21],[-101,5],[-32,-6],[-50,-34],[-41,0],[-108,30],[-33,1],[-12,-18],[28,-31],[49,-83],[2,-54],[-33,-77],[-34,-43],[2,-50],[-23,-49],[-19,-129],[-34,-65],[-33,-78],[9,-38],[27,-23],[3,-21],[-37,-80],[8,-52],[86,-88],[12,-30],[3,-103],[-4,-123],[28,-102],[-1,-61],[-41,-26],[-149,-6],[-71,6],[-16,12],[-74,96],[-12,59],[-17,23],[-59,27],[-14,25],[-5,94],[-28,42],[-48,130],[-27,27],[-51,7],[-28,23],[-33,2],[-36,-15],[-35,-66],[-31,-38],[-83,-8],[-86,27],[-38,-4],[-40,-21],[-6,-63],[30,-25],[16,-36],[39,-2],[29,26],[45,12],[25,-37],[-59,-107],[-33,-30],[-24,-6],[-44,34],[-35,-1],[-47,-54],[-9,-60],[-57,-70],[-2,-13],[49,-58],[-2,-104],[-41,-98],[-59,-39],[-19,-94],[-21,-4],[-19,58],[-54,49],[-18,38],[0,99],[-19,74],[14,37],[32,17],[8,26],[-40,158],[-9,47],[-72,42],[-37,103],[-18,33],[-28,24],[-81,28],[-19,30],[27,39],[-21,38],[-127,1],[-20,15],[-3,50],[10,43],[2,61],[-6,67],[-18,40],[-29,26],[-42,122],[-57,33],[-55,-7],[-52,-44],[-55,-17],[-50,1],[-26,23],[-4,41],[-17,56],[-19,25],[-43,9],[-29,34],[-36,24],[-60,17],[-17,23],[-2,111],[-18,35],[-21,14],[-48,4],[-69,33],[-109,-12],[-30,47],[5,64],[-64,56],[-98,36],[-41,0],[-66,-27],[-29,10],[-14,41],[-69,78],[-38,19],[-11,89],[-17,27],[-77,15],[-69,53],[-64,11],[-67,-1],[-23,16],[-52,68],[-37,71],[-38,44],[-35,13],[-67,1],[-81,57],[-46,-25],[-19,-42],[-24,7],[-35,48],[-41,-26],[-1,-24],[21,-81],[-13,-34],[-34,-31],[0,-47],[9,-86],[1,-108],[8,-89],[15,-91],[13,-121],[7,-229],[-19,-20],[-18,19],[-14,108],[-2,150],[-12,37],[-6,65],[-33,10],[-36,-54],[2,-75],[16,-81],[1,-83],[20,-160],[13,-67],[12,-110],[14,-41],[6,-107],[-38,-52],[-119,-82],[36,-59],[56,-64],[0,-23],[-45,-39],[-13,-76],[7,-41],[-17,-40],[-107,8],[-29,20],[-80,31],[-29,20],[-40,-15],[-27,-55],[-69,-89],[-21,-94],[-54,-53],[-17,-48],[-15,-12],[-77,-6],[-69,-31],[-133,-50],[-111,-12],[9,55],[42,96],[-11,62],[-2,59],[-17,104],[-1,124],[-5,63],[-22,41],[-41,46],[-19,45],[1,52],[21,27],[11,71],[-24,77],[-27,34],[-48,34],[-22,63],[-18,27],[-3,128],[-59,85],[-25,91],[-74,117],[-58,137],[-4,28],[-64,102],[-18,44],[-5,42],[22,38],[54,26],[118,15],[46,0],[8,-12],[27,26],[15,41],[103,78],[27,58],[-26,20],[-16,78],[8,51],[-28,34],[22,33],[-22,13],[28,28],[-22,15],[-12,39],[29,18],[-21,5],[17,77],[-16,29],[11,20],[-30,31],[19,24],[-22,73],[6,50],[-20,42],[-23,15],[18,19],[-51,21],[1,31],[29,32],[-7,88],[-17,12],[27,16],[-16,27],[21,14],[-10,49],[25,22],[-18,47],[4,66],[-9,15],[-1,55],[13,5],[-25,28],[-47,20],[18,14],[-29,10],[5,27],[25,10],[-38,26],[8,18],[-37,22],[17,11],[-22,79],[47,0],[-2,39],[22,7],[-28,21],[-28,-2],[0,21],[31,28],[-38,6],[20,30],[-19,34],[19,8],[8,100],[-27,17],[29,37],[-42,1],[-5,28],[22,7],[-6,27],[-42,13],[35,18],[-22,10],[18,25],[-15,24],[20,35],[-16,18],[22,15],[-36,22],[26,11],[-43,6],[-13,157],[-25,5],[18,48],[-32,5],[10,61],[-28,117],[5,29],[-43,13],[-11,58],[10,34],[-10,35],[-57,11],[22,44],[-27,10],[9,56],[-42,17],[27,37],[-18,28],[12,28],[-33,18],[19,19],[-14,27],[15,8],[-41,33],[-5,17],[43,10],[0,27],[-34,6],[-29,34],[35,20],[0,18],[-39,27],[-8,-21],[-18,66],[32,27],[-13,43],[-37,22],[48,22],[17,-10],[8,25],[-13,23],[-49,2],[48,25],[-12,87],[-35,23],[14,13],[-7,45],[-29,17],[23,62],[-14,30],[5,32],[-34,27],[13,22],[-5,31],[-37,31],[25,43],[-23,20],[1,61],[16,32],[-22,36],[-7,87],[16,48],[-35,17],[10,53],[68,13],[-3,32],[-75,-3],[12,28],[28,-9],[2,22],[31,-4],[-23,24],[14,54],[27,-5],[5,30],[-51,0],[3,15],[41,12],[6,26],[-42,13],[-6,25],[-22,-35],[-25,9],[27,36],[-21,46],[-28,20],[24,21],[-32,13],[-15,47],[20,9],[2,47],[-35,3],[14,36],[-10,20],[12,26],[-35,17],[8,30],[-44,-5],[-30,10],[6,80],[-58,72],[-40,8],[-25,20],[26,17],[49,59],[-11,83],[11,10],[57,-18],[65,41],[1,22],[-24,26],[12,17],[-7,53],[-48,27],[10,19],[19,-16],[46,20],[-33,9],[-17,28],[34,27],[-19,20],[-7,54],[-62,45],[-3,73],[37,-22],[19,8],[5,44],[-35,-5],[-44,48],[15,64],[-30,1],[35,62],[23,18],[3,74],[-71,2],[14,33],[-10,34],[-24,13],[1,134],[32,3],[-16,39],[-19,-3],[-16,26],[17,45],[35,-7],[-11,30],[25,42],[-34,1],[-5,87],[5,17],[-47,16],[14,56],[-25,30],[-8,49],[-25,41],[-1,63],[-11,32],[-19,101],[-28,39],[2,35],[26,30],[16,38],[-12,84],[-31,8],[-4,18],[-49,58],[40,46],[-54,-17],[-8,61],[-41,27],[-27,-21],[-32,4],[-30,27],[-32,-1],[-6,33],[-40,-13],[-5,46],[-22,16],[-86,7],[-69,-21],[-21,14],[60,83],[-39,40],[16,19],[-11,27],[-27,-6],[-4,20],[28,36],[-38,5],[-3,23],[18,47],[22,14],[-44,66],[-1,87],[-25,-24],[-15,12],[14,35],[-11,27],[26,52],[-1,73],[-74,53],[-5,40],[25,28],[-41,46],[-17,-9],[5,-45],[-16,3],[-3,56],[-35,60],[10,25],[-52,0],[3,18],[30,18],[5,32],[-31,15],[75,58],[-47,92],[-59,64],[9,7],[52,-30],[72,14],[-11,20],[-52,15],[14,16],[2,55],[-32,-5],[-6,17],[27,20],[32,-12],[37,23],[-13,23],[-39,20],[14,49],[-57,-10],[-35,5],[-19,22],[-2,26],[42,65],[42,-3],[17,12],[-38,25],[-103,38],[-13,28],[39,-13],[-26,29],[24,99],[4,47],[-9,32],[-39,46],[-29,-15],[-49,-52],[-55,-74],[-34,14],[11,45],[-17,25],[-56,40],[-32,37],[-66,146],[15,39],[-10,60],[-27,5],[-56,-57],[-28,-4],[-47,45],[-28,7],[-33,-13],[-12,-64],[-34,25],[-14,40],[47,60],[1,25],[-40,59],[-29,21],[-62,2],[-98,-23],[-84,4],[16,22],[-20,47],[-43,-7],[-7,25],[51,3],[-40,33],[26,99],[23,-4],[-10,32],[23,20],[3,35],[-19,15],[-24,-29],[4,38],[-25,22],[52,18],[-38,26],[19,27],[-15,94],[34,29],[16,41],[20,-20],[15,36],[-25,21],[7,18],[50,2],[10,58],[-29,10],[6,42],[28,16],[-36,86],[23,90],[-11,34],[15,13],[-50,11],[-3,66],[20,61],[21,24],[-2,44],[17,7],[-30,77],[14,54],[54,24],[5,63],[13,17],[-10,36],[30,1],[-15,28],[27,32],[-14,20],[18,9],[-23,53],[-39,25],[19,20],[-20,18],[-53,83],[29,24],[3,32],[-21,28],[-38,20],[-16,35],[15,23],[-36,22],[-30,-33],[-45,51],[-18,50],[-1,49],[-34,-9],[-20,20],[-51,14],[7,19],[-31,35],[8,23],[-22,9],[28,57],[1,38],[33,37],[74,51],[59,67],[-6,31],[-28,20],[-57,21],[-11,34],[-25,10],[-11,65],[-34,12],[-5,34],[15,27],[-28,-11],[12,54],[18,6],[-3,35],[21,42],[24,-4],[-21,46],[-23,27],[17,27],[35,22],[18,46],[-24,25],[5,87],[22,65],[-62,67],[-17,52],[3,88],[-13,38],[-45,41],[-31,67],[-4,89],[8,111],[18,58],[52,78],[18,13],[62,-15],[132,-4],[134,13],[133,-2],[67,9],[-15,18],[-40,-7],[-22,29],[-28,58],[38,77],[-37,29],[-73,21],[-13,83],[50,-23],[23,11],[-48,103],[-31,101],[-38,29],[-44,16],[14,81],[24,10],[-23,49],[23,25],[-15,48],[30,11],[-1,41],[-28,24],[-63,36],[-24,33],[13,50],[-23,25],[-40,-23],[-20,12],[-17,45],[-21,1],[17,-58],[-9,-10],[-44,68],[43,31],[53,83],[34,72],[13,105],[52,57],[2,57],[-48,21],[29,55],[-39,44],[-56,4],[-22,39],[23,49],[-14,8],[-48,-72],[-26,-19],[-28,8],[-46,41],[-20,34],[13,22],[35,17],[24,28],[32,16],[-19,19],[-86,-16],[-34,5],[-10,24],[48,36],[-9,32],[40,37],[-26,8],[-31,-27],[-11,84],[-2,118],[14,4],[14,-61],[30,42],[-7,81],[-48,30],[-65,-7],[4,60],[-12,127],[-11,68],[-26,5],[-25,25],[-49,-46],[-33,19],[0,-43],[-21,-16],[-10,28],[0,54],[-23,56],[1,23],[-18,74],[-30,9],[69,79],[-37,-7],[-15,19],[-25,70],[-32,49],[-82,76],[27,35],[63,20],[-25,28],[44,8],[-20,17],[-45,9],[14,27],[-70,40],[41,42],[24,2],[0,22],[-40,5],[-12,25],[37,7],[-13,65],[49,15],[-40,7],[-11,16],[7,114],[-38,-6],[-4,29],[29,11],[-23,31],[-36,-28],[7,23],[-11,42],[48,52],[4,24],[-16,31],[-24,5],[-3,41],[-58,-5],[-30,18],[12,85],[31,14],[4,63],[-24,30],[27,71],[17,-29],[11,16],[-4,41],[-14,26],[-59,45],[-3,30],[19,-8],[10,56],[-6,26],[-26,-19],[-15,43],[35,47],[-16,24],[-9,46],[-23,-4],[-7,46],[-21,17],[-3,59],[-43,-2],[-18,-54],[-26,22],[-19,46],[6,17],[-27,4],[-27,39],[-9,-33],[-16,11],[15,135],[-12,27],[2,90],[15,28],[49,18],[36,1],[-14,40],[-55,53],[-111,32],[-22,-15],[9,-52],[-19,0],[-20,80],[38,65],[15,-11],[10,33],[-47,16],[-61,36],[25,43],[3,46],[36,39],[5,34],[23,22],[7,32],[32,16],[16,100],[50,106],[1,29],[24,9],[-19,65],[14,47],[-9,11],[-5,85],[-11,32],[15,21],[-21,14],[2,25],[-20,-1],[-11,28],[-41,-11],[-49,43],[7,23],[-6,50],[-35,-3],[-10,40],[-26,-9],[-37,17],[-68,15],[-38,33],[-42,24],[-36,-5],[-45,28],[-1,-25],[-32,-9],[-29,-125],[-8,-124],[2,-103],[-15,-45],[-39,-44],[-62,-32],[-33,-25],[-13,-25],[-4,-57],[-27,-96],[-33,-41],[-56,-30],[-65,-1],[-77,21],[-37,17],[-20,24],[9,86],[49,51],[-14,51],[3,115],[-78,106],[-33,120],[-33,63],[-72,33],[-70,64],[-38,8],[-77,80],[-28,42],[-37,5],[-37,-37],[-64,-8],[-53,2],[-55,29],[-40,-4],[-55,-41],[-43,-97],[-15,-18],[-46,-24],[-23,-28],[-38,20],[-40,-64],[-53,-28],[-69,3],[-68,14],[-22,-38],[-52,-6],[-14,-29],[33,-16],[-38,-9],[-52,-31],[-21,-45],[14,-50],[-12,-28],[-54,10],[-27,-10],[-17,-75],[-49,-26],[-18,-48],[-61,-15],[-42,-39],[-36,-60],[-24,-55],[-49,-13],[-24,-40],[-46,-18],[-45,1],[-30,13],[-16,41],[-60,25],[-49,-1],[-48,-45],[-51,-23],[-47,1],[-53,13],[-59,-38],[-43,3],[-8,41],[-33,66],[-91,68],[-43,97],[-69,104],[-6,21],[-87,74],[-131,137],[-38,121],[-21,108],[-26,62],[-157,35],[-65,8],[-118,-29],[-39,-37],[-1,-63],[-9,-21],[-52,-44],[-35,-117],[-1,-50],[16,-27],[-7,-29],[-38,-45],[-21,-43],[0,-47],[-13,-67],[7,-75],[-1,-84],[15,-25],[51,-55],[72,-169],[-7,-57],[-40,-64],[0,-37],[18,-66],[13,-19],[11,-73],[21,-65],[44,-53],[24,-48],[8,-50],[-4,-136],[-50,-91],[1,-54],[34,-29],[75,-32],[12,-149],[11,-42],[-1,-53],[25,-127],[-12,-23],[-11,-68],[33,-30],[19,-173],[28,-153],[2,-132],[-34,-30],[-40,-1],[-2,-26],[66,-52],[17,-75],[-10,-33],[7,-28],[-16,-38],[-71,18],[-38,-16],[6,-84],[-26,7],[-35,-14],[-46,-62],[-20,19],[-1,-38],[-80,-14],[-5,-21],[-32,15],[-43,-27],[-5,-42],[24,8],[5,-40],[-23,-10],[12,-57],[20,-36],[-10,-18],[19,-40],[-10,-20],[17,-27],[-26,2],[50,-57],[-41,-25],[-64,7],[-34,-35],[-53,23],[-7,27],[-25,9],[-15,24],[-47,-11],[-40,-23],[-70,-4],[-88,46],[-30,-15],[2,-51],[-34,-29],[-62,8],[-43,-13],[1,-29],[-20,-49],[-50,2],[-27,-28],[-38,-10],[-19,-47],[-31,-26],[-8,-28],[-33,3],[-40,-26],[-17,-39],[-18,-13],[-48,4],[-11,-31],[-42,-25],[-75,-3],[-43,28],[-5,17],[-36,-19],[2,-30],[-18,-7],[4,-59],[-15,-31],[-25,-9],[10,-91],[-23,-38],[1,-71],[10,-46],[-10,-50],[-73,-27],[1,-33],[-56,21],[29,-36],[-15,-37],[-97,6],[24,-43],[-18,-12],[-6,-41],[-20,-18],[29,-21],[-23,-14],[-57,10],[6,-55],[-64,-40],[-15,-31],[-29,6],[-44,-42],[24,-73],[-52,2],[-74,-22],[-13,7],[-26,-56],[-62,-25],[-24,-21],[-12,-41],[-39,-37],[-60,-20],[-30,-20],[-27,-34],[-54,-29],[-15,-20],[12,-45],[-29,-28],[-13,-49],[14,-42],[-20,-58],[4,-70],[-18,-15],[23,-53],[-6,-42],[31,-22],[35,-48],[117,-35],[5,-29],[-15,-59],[14,-19],[-21,-25],[7,-26],[43,-31],[10,-57],[-41,-43],[13,-46],[36,-31],[44,32],[7,-33],[-7,-71],[49,-66],[27,-16],[9,-32],[-9,-27],[14,-28],[-40,-22],[5,-39],[26,-15],[6,-28],[-24,-18],[-3,-64],[33,-48],[81,-78],[-10,-45],[-28,-21],[-5,-23],[39,-43],[37,-9],[46,-39],[-15,-22],[5,-37],[24,-28],[-14,-55],[15,-22],[31,-9],[-23,-77],[-2,-40],[32,-16],[18,-44],[-15,-25],[24,-14],[-8,-51],[-25,-27],[0,-69],[15,-31],[40,-8],[-16,-77],[7,-39],[-12,-17],[22,-36],[38,-33],[16,-47],[-8,-31],[15,-49],[-11,-48],[-37,-20],[-13,-21],[23,-19],[27,3],[60,-16],[46,19],[71,-23],[16,-32],[-39,-11],[-17,-28],[-21,7],[-52,-45],[0,-32],[-63,-11],[-29,-45],[30,-24],[-10,-40],[-35,6],[-12,-55],[-30,8],[-48,-43],[-60,-29],[-31,3],[-26,35],[-30,10],[-39,35],[-33,-11],[-32,23],[-12,-16],[-51,11],[-58,-24],[-20,-28],[6,-35],[48,-58],[5,-40],[-14,-1],[-2,-45],[20,2],[18,-31],[17,-62],[1,-40],[16,-24],[6,-43],[-58,-4],[17,-52],[-5,-48],[-45,-19],[-10,40],[11,86],[-6,21],[-31,27],[-58,-1],[-3,-34],[26,-51],[-83,-50],[-14,6],[-27,-35],[-6,-31],[-25,-4],[-66,-59],[-11,-27],[-32,-33],[-12,-44],[-34,-75],[18,-59],[-43,-41],[-52,-79],[-193,-32],[-19,-30],[-54,-8],[-52,27],[-20,-3],[-11,-33],[23,-41],[-29,-8],[-35,32],[-40,53],[-65,2],[-62,-22],[-20,-26],[-7,-38],[-39,-26],[-52,-9],[-31,-34],[-16,-2],[-7,43],[-17,32],[-22,-3],[-16,-44],[-45,-21],[-46,49],[-31,11],[-29,-22],[-42,24],[-24,-18],[21,-25],[-28,-22],[-50,7],[-1,51],[-48,44],[-27,-7],[8,-75],[-9,-26],[-53,-18],[-4,-54],[-38,-53],[-19,-58],[-59,-26],[-44,32],[-35,0],[31,-71],[-40,-74],[19,-79],[-65,-66],[-35,2],[-8,25],[9,41],[-43,41],[0,23],[37,-3],[-6,34],[-29,12],[-62,-27],[-16,10],[31,50],[-19,26],[-70,-47],[-23,29],[26,42],[32,32],[39,-15],[36,-33],[32,3],[-5,25],[-30,34],[-63,26],[-5,26],[15,45],[-11,16],[-52,-4],[-30,53],[-71,-33],[-38,49],[-33,-37],[-21,44],[-39,8],[-64,-4],[-70,18],[-40,28],[61,51],[-34,22],[12,23],[-64,11],[-43,20],[-57,9],[-78,2],[-33,19],[-30,-3],[-7,38],[-23,35],[63,215],[-1,31],[-101,3],[68,107],[62,109],[-11,20],[-227,-2],[66,182],[-22,29],[-112,-2],[7,35],[114,43],[1,15],[-119,229],[54,36],[-1,85],[-127,34],[35,107],[-17,21],[-116,2],[10,83],[110,13],[-29,68],[-46,6],[-7,61],[17,33],[-116,13],[-36,-7],[-4,32],[67,45],[76,61],[5,79],[-20,16],[-38,-21],[-37,-3],[-13,-31],[-31,1],[-24,24],[-48,15],[-20,27],[72,33],[61,38],[-13,34],[-148,-23],[-33,49],[42,49],[42,126],[-8,13],[-66,5],[-3,43],[56,23],[113,2],[12,10],[5,63],[-62,18],[28,41],[-18,46],[-19,1],[-122,-38],[-37,39],[-25,-3],[-34,-41],[-115,66],[-3,10],[90,15],[15,13],[25,141],[-122,155],[-131,-59],[-68,-26],[-2,12],[-74,42],[-34,7],[23,11],[21,32],[31,-10],[171,44],[14,20],[-80,125],[-59,69],[-9,-5],[-71,27],[-24,-16],[-66,-8],[-36,38],[2,21],[61,29],[56,69],[30,15],[-10,42],[-20,8],[-57,-5],[-90,22],[-126,11],[-59,-39],[-55,30],[-30,-29],[-17,9],[13,31],[-7,53],[32,64],[-23,58],[-25,43],[1,25],[-31,2],[-71,35],[-15,-10],[13,-221],[14,-125],[-42,-1],[-23,30],[-42,87],[-56,-12],[-5,-132],[-7,-24],[-54,-53],[1,-49],[55,-55],[19,-52],[36,-18],[7,-33],[-19,-29],[-163,-17],[-10,-16],[67,-94],[-40,-54],[-92,-77],[7,-25],[73,-9],[-24,-166],[-51,-4],[-18,-103],[36,-14],[-14,-98],[6,-22],[35,2],[-6,-84],[2,-118],[6,-27],[51,-42],[31,-155],[64,-120],[-2,-157],[77,-49],[-37,-204],[12,-17],[56,3],[-8,-104],[45,-58],[91,-16],[-5,-42],[-29,-12],[-4,-87],[-29,-52],[36,-16],[-29,-26],[-63,-24],[-73,-5],[-34,-28],[-111,75],[-107,53],[-20,5],[-72,40],[-140,207],[-79,122],[-55,61],[5,161],[5,44],[-13,9],[-61,-11],[-3,127],[-55,26],[-47,269],[-112,63],[10,127],[-7,213],[-5,303],[-1,342],[-58,31],[-2,49],[69,16],[-25,32],[-42,-1],[26,34],[25,7],[14,30],[-42,21],[-1,17],[-39,26],[-45,14],[9,34],[-55,156],[66,35],[13,47],[-43,19],[-133,40],[-22,65],[74,74],[81,-35],[20,1],[2,25],[-22,111],[-48,104],[-168,-4],[-62,49],[26,72],[43,185],[98,32],[71,-11],[12,12],[-7,41],[9,81],[46,5],[15,-11],[27,16],[24,82],[-3,21],[-64,11],[-81,-8],[-7,-14],[-55,17],[-34,-4],[-58,7],[-114,28],[-18,71],[102,1],[18,63],[-25,53],[-35,0],[-29,-30],[-50,18],[-41,-8],[-16,217],[-17,170],[4,13],[48,10],[-20,30],[-16,50],[7,111],[-5,48],[-73,29],[-37,66],[7,16],[-46,-4],[-72,17],[-45,41],[-32,-9],[1,54],[-56,47],[-38,71],[6,93],[17,-2],[6,49],[-20,42],[45,-6],[31,97],[-16,30],[-42,33],[-21,0],[-46,44],[-40,-1],[-37,27],[5,71],[-31,24],[16,61],[-19,13],[-123,-51],[-37,-8],[-36,19],[60,161],[-10,29],[-128,-5],[-60,-17],[-75,83],[-2,29],[58,142],[32,99],[60,27],[-1,81],[-22,10],[-46,-27],[-12,-28],[-24,-5],[-40,58],[-24,-6],[-36,-31],[-21,-1],[10,176],[-99,137],[-1,62],[-25,3],[-88,71],[5,46],[18,22],[39,19],[-26,66],[-49,24],[-58,-1],[-34,44],[-27,18],[-5,79],[-57,6],[-6,53],[-24,32],[-9,51],[4,80],[20,26],[1,69],[-20,34],[6,70],[20,55],[2,60],[-25,87],[3,15],[-44,87],[10,19],[49,-27],[46,14],[24,-26],[61,-31],[8,-71],[20,1],[80,-36],[48,18],[39,-12],[49,3],[5,-14],[65,0],[28,-26],[54,34],[7,62],[-19,4],[33,244],[37,36],[-1,37],[-52,-6],[-27,9],[-49,63],[-67,1],[-30,-21],[-147,1],[-27,8],[-48,-16],[-71,16],[-38,-13],[-65,5],[-32,-6],[-23,44],[3,29],[-15,15],[-5,49],[6,53],[-26,30],[-11,34],[18,72],[24,54],[-1,34],[28,74],[0,33],[18,46],[34,44],[-8,18],[45,42],[28,8],[13,27],[90,2],[15,-13],[23,14],[30,-14],[110,29],[102,5],[47,-8],[35,-19],[12,14],[57,-21],[23,-56],[56,-39],[25,-49],[36,15],[2,37],[23,56],[51,80],[-10,74],[29,26],[1,18],[37,60],[-2,139],[-6,48],[-52,88],[17,42],[-4,26],[46,65],[14,40],[5,83],[50,76],[85,105],[23,48],[57,98],[30,68],[-54,104],[-104,154],[-19,43],[-31,157],[-8,25],[-44,6],[-17,19],[-15,209],[74,29],[119,75],[23,97],[-52,97],[-49,18],[2,23],[-24,13],[171,-18],[47,-19],[82,-13],[28,19],[87,-7],[53,-24],[20,17],[-29,134],[-20,67],[-98,70],[76,194],[42,74],[92,134],[29,-30],[9,-76],[49,-23],[71,25],[31,22],[34,9],[-26,70],[72,128],[-11,26],[-7,63],[53,-18],[41,-35],[73,-9],[22,21],[47,21],[43,-28],[73,-16],[53,-72],[59,-34],[84,20],[60,-21],[99,44],[7,-21],[70,-41],[68,-59],[25,13],[57,3],[18,24],[7,68],[-28,18],[5,62],[13,42],[-39,22],[5,40],[-17,17],[-10,58],[83,116],[120,155],[6,46],[53,144],[4,108],[-61,129],[-49,48],[-124,199],[-25,209],[-7,134],[132,-13],[32,23],[48,-9],[47,20],[42,-26],[15,53],[44,10],[25,-8],[13,18],[54,27],[27,-24],[74,-27],[-1,-23],[30,-5],[72,-49],[4,-44],[25,-26],[14,22],[34,-11],[50,24],[20,-11],[9,-57],[22,1],[8,27],[16,-7],[57,31],[22,-42],[29,-12],[34,7],[45,-6],[50,20],[45,6],[75,-28],[44,2],[30,-21],[21,16],[89,-14],[4,-32],[92,-69],[103,-5],[102,-27],[91,-32],[131,-38],[58,-25],[35,-26],[59,-21],[90,12],[43,17],[169,-20],[36,58],[22,-3],[73,-36],[15,-26],[49,-8],[53,21],[35,-29],[29,-7],[38,13],[-6,20],[-60,32],[-17,18],[22,56],[52,18],[20,18],[-23,28],[-58,10],[-25,39],[1,22],[26,35],[140,-8],[-13,-18],[50,-8],[14,-15],[68,6],[10,24],[21,-9],[33,28],[38,10],[27,-8],[9,28],[25,4],[18,26],[29,-18],[27,22],[43,9],[16,27],[62,40],[8,30],[27,21],[-5,28],[-40,49],[20,25],[17,52],[3,45],[-42,71],[22,27],[-2,67],[16,44],[-26,24],[-39,9],[21,28],[25,6],[28,82],[-12,33],[12,48],[17,8],[8,58],[58,-1],[35,38],[19,42],[-6,39],[31,81],[11,70],[-19,33],[8,43],[-51,13],[-3,47],[-22,105],[-45,72],[43,39],[69,78],[9,28],[57,19],[22,-7],[-15,-151],[10,-74],[53,-66],[16,-34],[29,-28],[22,-43],[1,-35],[32,-16],[-4,-19],[10,-93],[-2,-66],[25,-57],[0,-32],[28,-55],[29,-17],[21,-56],[50,-17],[17,-20],[45,18],[30,-5],[-3,30],[46,-3],[9,-43],[30,-30],[14,-32],[102,-8],[42,-10],[51,-50],[5,-19],[41,-20],[21,-38],[22,4],[19,28],[44,-26],[22,7],[11,-22],[83,-3],[31,10],[55,-8],[14,-25],[67,5],[40,43],[5,31],[-15,47],[12,13],[7,69],[-36,78],[22,19],[-25,15],[20,43],[-23,66],[19,29],[-20,18],[-4,76],[-25,9],[-1,28],[16,40],[-18,2],[8,35],[-7,35],[-31,33],[35,36],[-24,24],[-23,68],[12,54],[-9,42],[-29,54],[1,50],[-10,28],[5,40],[-27,88],[15,10],[-1,43],[11,8],[46,-19],[10,-21],[67,-31],[18,-31],[22,7],[33,-22],[3,-39],[53,-2],[27,20],[70,-42],[27,-34],[56,-27],[13,-27],[39,-18],[20,7],[34,-16],[44,10],[18,-20],[22,14],[61,-2],[41,-25],[31,-57],[34,0],[33,-28],[76,-1],[103,65],[79,42],[14,23],[-8,49],[8,29],[60,6],[-23,-24],[-3,-27],[57,48],[48,-9],[34,-50],[5,-68],[-49,-48],[-27,-69],[18,-80],[65,-97],[118,-117],[94,-116],[4,-110],[31,-47],[-7,-60],[29,-42],[7,-30],[-6,-41],[28,-24],[11,-47],[44,-16],[14,-34],[69,-22],[2,-37],[81,51],[64,5],[46,23],[8,36],[62,45],[11,40],[28,28],[-3,21],[17,101],[-6,31],[26,70],[-11,17],[23,41],[-21,28],[22,37],[1,35],[-17,19],[35,22],[-10,22],[9,72],[23,60],[-13,12],[30,61],[-3,54],[43,12],[-16,41],[17,46],[-7,32],[39,31],[4,34],[25,12],[-25,32],[31,97],[6,81],[53,57],[17,-10],[19,25],[-18,32],[11,21],[6,59],[41,8],[17,54],[36,46],[-23,15],[2,23],[-21,5],[-20,68],[-44,68],[16,38],[-20,21],[-4,56],[-45,18],[22,18],[16,54],[-31,7],[7,35],[-45,58],[-1,30],[-23,28],[1,27],[-25,15],[17,33],[-11,43],[-19,-6],[-33,123],[-6,46],[-25,21],[63,41],[6,30],[23,6],[29,-17],[63,55],[34,-12],[46,25],[-8,24],[15,28],[43,31],[52,-8],[25,45],[20,-2],[24,42],[43,33],[96,-84],[34,-81],[109,-84],[83,-4],[77,64],[-17,21],[-27,2],[-33,59],[-57,49],[3,28],[-23,5],[-13,25],[52,3],[14,37],[-39,25],[-41,54],[4,25],[-23,43],[-42,-22],[-19,30],[39,20],[-4,39],[-43,47],[13,12],[23,-31],[68,-17],[22,3],[13,-48],[26,-7],[33,21],[18,26],[3,53],[37,34],[40,14],[11,46],[21,4],[20,-57],[46,-12],[-5,-33],[14,-25],[32,-12],[62,24],[46,10],[48,35],[18,-50],[42,-8],[8,-25],[133,-15],[17,-25],[45,-5],[13,-27],[42,2],[46,-13],[53,7],[7,18],[46,7],[27,-17],[147,5],[78,-26],[66,-15],[11,20],[50,-18],[91,18],[36,18],[20,39],[13,-27],[22,-3],[18,76],[41,-12],[19,-19],[49,23],[69,4],[20,8],[22,40],[-28,50],[-3,35],[33,49],[37,15],[23,67],[29,35],[58,30],[-22,91],[11,39],[30,22],[-8,46],[24,0],[58,-22],[47,-9],[31,6],[33,31],[63,-30],[55,-42],[31,0],[40,73],[15,41],[-4,30],[-19,5],[12,80],[-46,22],[6,85],[-36,54],[12,36],[-31,28],[12,36],[-14,53],[14,21],[-26,22],[-11,59],[-27,32],[20,24],[-24,54],[-24,10],[-6,42],[8,56],[-19,24],[27,39],[-30,32],[2,36],[23,31],[63,59],[4,33],[-46,37],[27,56],[-23,39],[31,57],[27,24],[8,28],[19,2],[36,30],[36,7],[33,-53],[26,-12],[32,-40],[93,-8],[34,-38],[56,-38],[31,-50],[59,-33],[13,-22],[69,-22],[26,-24],[50,-10],[24,12],[43,58],[18,51],[24,11],[16,36],[25,9],[69,144],[24,16],[13,160],[-15,57],[25,77],[5,45],[-22,78],[19,130],[17,13],[-8,43],[10,83],[31,102],[3,76],[22,39],[-3,28],[27,61],[18,11],[0,50],[39,8],[18,49],[14,110],[-3,52],[25,67],[-9,31],[22,51],[12,53],[-24,27],[-30,7],[1,73],[15,-6],[29,31],[35,3],[2,22],[46,46],[3,37],[21,40],[-39,69],[20,10],[7,90],[29,32],[0,21],[43,-7],[13,44],[34,62],[17,14],[34,76],[37,29],[-5,28],[37,26],[87,105],[67,70],[23,68],[30,41],[6,37],[-43,16],[-39,36],[14,20],[-33,23],[-54,-33],[-4,10],[-69,42],[-41,14],[2,29],[-20,33],[-59,34],[5,53],[-16,48],[5,115],[9,23],[98,178],[38,46],[11,47],[-15,23],[-35,13],[9,23],[-17,15],[-12,40],[22,42],[1,44],[-12,9],[16,60],[-43,54],[0,66],[-57,49],[-40,-2],[-152,21],[-15,34],[46,27],[-13,21],[-35,15],[-72,2],[-30,14],[-21,56],[8,32],[-23,47],[-2,67],[-51,31],[24,64],[40,3],[38,-13],[27,15],[20,35],[-12,86],[15,103],[-11,38],[-45,27],[-45,10],[-7,22],[-33,7],[-12,87],[-30,7],[6,16],[85,35],[9,27],[61,18],[118,-25],[56,4],[101,-29],[126,8],[25,17],[8,26],[45,41],[66,40],[42,12],[48,-16],[53,-39],[16,-32],[10,-94],[92,-62],[14,-22],[43,-8],[66,31],[33,-18],[5,-49],[17,-40],[73,-69],[41,-50],[31,-17],[45,21],[24,56],[-18,113],[13,11],[42,-48],[56,-122],[41,-20],[46,0],[13,-65],[11,-15],[55,5],[58,33],[34,-18],[24,-55],[-1,-58],[10,-20],[56,-34],[12,-35],[-8,-35],[16,-22],[75,-13],[127,-39],[30,28],[-2,74],[23,25],[82,12],[38,-13],[71,-49],[60,-16],[130,25],[50,24],[25,73],[-25,50],[13,38],[96,21],[62,21],[75,0],[194,-70],[57,-57],[20,-10],[42,21],[-3,64],[17,47],[35,35],[-7,26],[53,31],[19,44],[-3,63],[-17,60],[7,40],[52,72],[12,27],[-11,38],[-55,48],[-6,28],[27,33],[-15,33],[-93,48],[-14,21],[-8,105],[55,157],[-18,39],[-67,-14],[-36,-23],[-51,-51],[-24,-7],[-66,16],[-69,-2],[-124,-27],[-32,-3],[-9,50],[22,65],[51,50],[34,12],[84,-1],[39,27],[30,50],[-2,38],[-58,36],[-61,51],[-43,9],[-66,-38],[-24,-33],[-40,-9],[-65,30],[-69,-2],[-83,-19],[-70,-5],[-38,18],[25,33],[19,73],[10,119],[-2,59],[-57,41],[83,172],[10,61],[-6,70],[43,39],[20,-7],[-4,58],[9,27],[-22,-5],[-21,27],[-126,24],[-9,-9],[-118,38],[-30,-3],[-49,30],[18,12],[1,35],[-22,-9],[-77,10],[-12,23],[-79,4],[-30,23],[-24,-17],[-45,-7],[-12,25],[-30,15],[-54,11],[-38,36],[-1,29],[-85,13],[-3,-19],[-38,14],[-66,-14],[-37,16],[-34,-19],[-48,27],[-14,19],[45,35],[33,47],[9,48],[-2,106],[-70,44],[-33,5],[-63,24],[-128,2],[-29,-8],[-35,-51],[-9,-61],[-58,34],[-36,-22],[-42,35],[-67,-8],[-135,49],[-56,26],[-27,1],[-87,32],[-60,14],[-20,17],[-44,2],[-115,28],[-105,52],[-85,28],[-83,38],[-89,31],[-39,24],[-15,25],[-55,35],[-69,23],[-46,24],[-8,46],[16,7],[49,-6],[120,3],[39,18],[-22,25],[-126,50],[-62,34],[-65,25],[-67,42],[-60,70],[-56,38],[-63,0],[-58,-25],[8,-29],[96,-15],[9,-19],[-25,-38],[-35,-105],[-36,-37],[-23,13],[-69,93],[-40,31],[-57,-10],[-28,5],[-19,36],[35,11],[41,38],[56,16],[0,15],[-32,7],[-121,-40],[-61,-4],[-80,42],[-42,29],[-91,33],[-25,23],[3,52],[16,35],[47,20],[9,21],[-58,41],[-39,15],[-13,28],[-30,25],[-43,72],[-33,22],[-102,34],[-78,10],[-63,21],[-110,14],[-29,-22],[-33,35],[-59,32],[-105,-4],[-35,24],[-33,-4],[-49,12],[-11,14],[24,17],[-46,18],[-45,-11],[-35,14],[-30,-21],[-10,18],[-177,4],[-58,-5],[-27,-26],[-51,16],[-29,-12],[-58,0],[-45,27],[5,26],[-51,-26],[-123,-9],[-63,-27],[-116,-82],[-46,-49],[-66,-55],[-121,-44],[-45,-24],[-10,36],[8,39],[33,59],[-10,25],[-101,21],[-39,-12],[-161,7],[-95,-9],[-29,32],[-70,7],[-82,22],[-46,-5],[-11,-54],[-13,55],[-111,-27],[-89,15],[-54,-19],[-6,-27],[-30,-8],[-50,27],[-33,-6],[-39,-35],[-71,31],[-52,-34],[-81,14],[-44,-41],[-47,12],[-34,-8],[-29,11],[-43,-1],[-110,29],[-46,-45],[-30,11],[-147,9],[-59,-31],[-106,-3],[-13,-23],[-70,-13],[-45,20],[-12,-18],[-135,-14],[-53,-13],[-22,-15],[-54,-15],[-30,14],[-80,21],[-55,-2],[-31,15],[-43,64],[-52,13],[-46,-11],[-43,-73],[-48,-40],[3,-51],[-11,-27],[-2,-87],[-87,22],[-45,6],[-12,-16],[-126,41],[-31,35],[-30,-2],[-4,37],[-29,-6],[-11,-40],[-24,1],[-29,67],[-43,-5],[-16,-33],[-1,-66],[16,-25],[-40,-48],[-48,-15],[4,-89],[-25,-18],[-38,2],[-16,16],[-71,-30],[-69,34],[-135,-22],[-27,-53],[-32,-23],[-43,22],[-31,-72],[-30,-27],[-30,-9],[-20,-44],[-51,-40],[-34,17],[-39,-7],[-14,14],[10,45],[-20,14],[-35,-4],[-62,14],[-49,38],[-22,0],[-5,31],[21,75],[-11,78],[-64,18],[-27,-10],[-37,5],[6,25],[-63,3],[-24,-41],[-26,5],[7,57],[-24,1],[-5,41],[-24,9],[-3,33],[72,15],[-8,18],[-49,19],[23,35],[26,15],[2,39],[67,10],[19,35],[50,-12],[13,20],[0,40],[-32,-1],[-31,20],[-55,-23],[-33,-1],[-46,15],[-27,-17],[-44,12],[-115,-15],[-76,8],[-82,16],[4,-17],[50,-24],[-6,-35],[-62,-48],[22,-34],[-36,-29],[-60,5],[-50,-29],[-34,-40],[-66,15],[-21,-19],[-15,-59],[-14,-21],[-35,20],[-84,-5],[2,-18],[-52,-2],[-37,11],[-24,-52],[-38,3],[-38,27],[-96,9],[-84,-56],[-86,5],[15,-28],[-14,-58],[-15,-12],[-64,10],[-40,16],[-13,-20],[-72,13],[-25,-4],[-7,-22],[-46,-12],[-159,27],[-16,21],[2,56],[58,37],[18,23],[10,44],[-29,14],[-94,-8],[-44,-36],[0,19],[-31,48],[-41,6],[-33,-33],[-44,15],[-51,-16],[-10,34],[-26,28],[-25,1],[-27,23],[-90,4],[-26,47],[-114,125],[-23,-17],[-30,3],[14,-50],[-18,-30],[-34,28],[-107,-13],[-101,25],[-36,35],[-39,10],[-42,-26],[-50,-7],[-100,41],[-31,72],[-45,21],[-97,-81],[-27,46],[-52,-21],[-71,-8],[-65,4],[-16,31],[-53,13],[-39,-15],[-29,50],[-89,40],[-96,7],[-62,-20],[-58,21],[-68,-4],[-45,15],[-4,33],[46,36],[-19,29],[-74,36],[-77,16],[-51,24],[-42,44],[-22,10],[4,22],[-34,25],[-160,-49],[-55,-46],[-57,-19],[4,18],[-33,-21],[-50,-9],[-74,30],[-44,-14],[-50,16],[-17,18],[-60,-17],[-33,16],[-78,13],[-25,-17],[-104,16],[-57,-7],[-27,7],[-84,-30],[-69,-13],[-4,-28],[-25,5],[-103,-20],[-70,7],[-28,12],[-27,-7],[-27,15],[-9,-13],[-101,13],[-82,1],[-36,-25],[-44,9],[4,-27],[-170,1],[-149,15],[1,26],[-24,-23],[-48,16],[-70,2],[-14,-21],[-64,15],[-74,-2],[-94,5],[-61,9],[-16,-6],[-22,-57],[-63,-11],[-61,3],[-36,-8],[-61,12],[-12,-28],[-82,-26],[-38,3],[-12,33],[-11,-44],[-35,-6],[-31,23],[-7,-25],[-22,16],[-38,-28],[-24,14],[-33,-10],[-28,22],[-45,-11],[-3,-28],[-26,-18],[-64,0],[-56,-34],[-34,16],[-36,-22],[-92,-19],[-94,-39],[-55,3],[-40,-15],[-45,14],[-29,-26],[-73,-17],[-7,20],[-25,-5],[-23,-36],[-31,6],[-15,31],[-73,-33],[0,28],[-30,0],[-19,-20],[-5,-35],[-22,-3],[-26,27],[-20,-4],[13,-41],[-48,12],[-24,-34],[-20,23],[-1,-38],[-99,-33],[-143,26],[-46,30],[-14,-30],[-18,-1],[-65,48],[-59,-9],[-81,25],[-9,-17],[-46,0],[-15,16],[-56,-7],[-27,-42],[-22,19],[2,-24],[-47,11],[10,-29],[-22,-23],[-35,1],[-1,21],[-53,-12],[-28,-26],[-32,22],[-47,12],[-2,-29],[-30,2],[-26,-33],[-52,13],[-11,21],[-27,-8],[-6,28],[-55,-20],[-65,0],[-36,14],[-62,-5],[-19,15],[-57,14],[-14,39],[-66,6],[10,-19],[-78,-1],[-25,35],[20,13],[-4,43],[18,14],[-41,22],[-29,-25],[-46,43],[22,24],[-41,-7],[11,34],[-44,29],[-66,-24],[-70,7],[-3,42],[-39,1],[-58,-20],[4,-12],[-42,-2],[-41,21],[-23,-28],[12,-13],[-87,-53],[13,-17],[-37,-13],[-7,-33],[12,-28],[-33,-1],[-58,-35],[-37,-1],[-27,-16],[-26,21],[-13,38],[-25,7],[-36,-39],[-47,-1],[-37,-39],[16,-20],[-10,-31],[22,-10],[46,24],[41,-30],[-66,-1],[-34,-14],[-53,22],[-36,76],[-76,-24],[-35,51],[-80,12],[1,-28],[-22,-59],[-57,3],[-36,14],[-4,-25],[-30,-1],[-57,43],[-58,-19],[-42,9],[-33,18],[0,39],[52,29],[12,25],[-31,13],[-40,-25],[-5,25],[-34,-21],[-50,-11],[-43,-65],[-56,-5],[-44,133],[9,19],[-15,32],[11,32],[-15,39],[25,39],[44,22],[3,33],[-36,6],[-30,-13],[-79,-1],[-1,-35],[31,-61],[-32,1],[-41,-31],[-4,-23],[-99,0],[-37,15],[-11,-31],[25,-49],[-44,-4],[-50,15],[-32,-31],[-53,0],[-29,11],[-75,-9],[-3,18],[-32,3],[12,-49],[14,0],[-11,-40],[-33,42],[-34,-8],[-62,50],[-12,-16],[-87,10],[-50,-12],[-44,17],[-46,-11],[-17,-19],[-59,-2],[-32,13],[-206,-37],[-63,1],[-56,34],[-61,-9],[-53,15],[-49,-2],[-18,-34],[-13,21],[-63,-28],[-110,18],[-61,1],[-75,-12],[-3,-31],[-27,-2],[-39,18],[-61,3],[-9,-27],[-76,-23],[-78,-59],[-109,-42],[-64,-6],[-21,-10],[-147,-42],[-70,-3],[-31,-12],[-24,-86],[-50,-2],[-53,10],[-42,20],[-149,33],[-24,16],[-94,34],[-18,35],[-23,1],[-67,38],[-13,-13],[-58,-13],[-71,14],[-106,31],[-92,3],[-80,17],[-59,60],[-32,12],[-27,-13],[-22,30],[-28,6],[-2,24],[-40,2],[-4,41],[-28,-16],[-29,28],[1,40],[-44,-8],[-28,29],[-48,77],[-91,47],[-54,6],[-46,-19],[-109,10],[-41,-24],[-25,-3],[-52,15],[-55,6],[-76,19],[-30,19],[-65,-6],[-127,2],[-29,21],[-42,13],[-35,-22],[-54,4],[-38,-12],[-16,48],[-90,35],[-21,-24],[-73,38],[-94,15],[-43,1],[-68,-33],[-31,40],[-36,29],[-79,-1],[-44,23],[-22,29],[-83,2],[-66,11],[-34,19],[-20,30],[-49,-1],[-49,27],[-97,43],[-46,40],[-42,-1],[-78,22],[-8,-25],[-25,24],[-51,2],[-66,-19],[-80,7],[4,11],[-100,-4],[-5,16],[-76,-16],[-80,8],[-62,-30],[-23,28],[-42,-4],[-88,52],[-57,55],[-57,30],[-35,29],[-70,3],[-73,20],[-13,17],[-34,1],[-32,19],[-63,60],[-29,11],[-86,61],[-55,88],[-207,-4],[-51,8],[-27,24],[-124,66],[-46,45],[-87,38],[-35,27],[-36,55],[-107,-64],[-172,43],[-5,49],[-14,21],[3,44],[-20,62],[-57,50],[-83,52],[-34,8],[-73,-23],[-18,10],[-47,-23],[-49,-5],[-13,-17],[-7,34],[18,11],[-57,-2],[-1,27],[-48,3],[-27,-29],[8,-23],[-53,-4],[-14,41],[-87,-17],[-18,30],[-65,22],[-35,-3],[5,18],[-33,-12],[-59,15],[-55,-5],[-30,-20],[-57,-16],[-37,-40],[-18,-35],[-28,-11],[-24,-40],[-8,-35],[-43,-7],[-22,-45],[-81,-27],[-58,14],[-40,1],[-81,15],[-52,-21],[-53,38],[-58,3],[-54,34],[-72,11],[-14,16],[-57,8],[46,37],[23,35],[-6,28],[47,35],[4,96],[-11,49],[-39,79],[-79,113],[-1,42],[-22,23],[-26,87],[-37,12],[-14,31],[-15,67],[-6,97],[4,126],[-20,78],[50,123],[2,51],[31,60],[13,63],[-1,37],[-16,37],[-1,58],[30,90],[-5,17],[29,52],[58,134],[31,85],[10,53],[44,52],[61,58],[24,53],[35,27],[4,94],[-32,30],[0,82],[8,58],[-15,33],[9,44],[36,19],[29,39],[-15,60],[72,59],[85,21],[17,29],[-10,21],[-49,19],[-30,22],[-40,95],[-30,85],[-40,93],[30,14],[22,30],[106,63],[18,77],[10,104],[33,71],[40,34],[-4,37],[33,99],[7,59],[-33,31],[18,65],[36,73],[34,115],[9,75],[15,32],[-9,37],[2,77],[-21,116],[-18,56],[-13,10],[-30,129],[-40,95],[-10,42],[-23,24],[-51,-1],[-30,35],[-28,65],[-23,93],[-65,67],[-70,110],[-5,18],[22,34],[6,35],[23,32],[10,57],[-14,66],[-18,33],[-56,65],[-125,88],[-23,66],[-14,73],[13,86],[42,102],[35,142],[2,117],[-14,95],[-93,216],[-43,69],[-29,31],[-29,60],[-13,93],[34,75],[76,100],[11,72],[0,60],[34,65],[66,83],[7,49],[-29,36],[-2,34],[21,48],[45,28],[63,54],[63,33],[75,66],[22,54],[27,40],[-6,29],[-38,27],[-17,36],[11,44],[45,27],[82,21],[34,19],[29,68],[32,33],[21,65],[-24,-3],[8,61],[-20,22],[3,33],[25,45],[-19,36],[33,52],[-31,17],[-72,-11],[-26,14],[-45,60],[-29,12],[-41,-13],[-14,-43],[0,-41],[-43,-47],[-38,-21],[-101,-15],[-21,-8],[-65,0],[-9,22],[3,102],[-30,8],[-128,-25],[-58,8],[-38,16],[-22,23],[9,42],[28,18],[98,32],[30,2],[50,-32],[23,20],[19,83],[34,37],[34,54],[42,41],[84,-1],[75,30],[28,45],[-12,41],[-58,29],[-31,-5],[-26,22],[-6,54],[-1,110],[-62,65],[-33,49],[-52,9],[-41,-17],[0,-41],[78,-57],[27,-55],[9,-66],[-27,-56],[-50,-29],[-47,-1],[-22,21],[-39,8],[-69,35],[-42,72],[36,31],[6,47],[-17,49],[38,54],[-1,34],[-61,82],[15,24],[21,74],[-71,66],[-18,60],[0,36],[-24,40],[-60,43],[-39,-9],[-21,-45],[-80,31],[-35,-5],[-31,-25],[-87,7],[-52,-5],[-33,-60],[-17,17],[61,66],[46,5],[13,21],[45,17],[20,30],[-47,43],[3,33],[33,0],[90,17],[31,11],[12,35],[0,47],[-33,107],[10,48],[-62,22],[34,43],[13,50],[-19,52],[-47,9],[-48,-18],[-41,-60],[-15,-1],[0,50],[15,51],[37,32],[-2,67],[-19,76],[-21,17],[-55,15],[-32,-12],[-17,-23],[-58,-7],[-21,37],[-64,23],[-70,-18],[-16,32],[74,84],[52,76],[12,40],[-9,49],[-37,69],[-33,17],[-72,17],[-8,78],[-38,81],[-34,50],[-35,26],[-44,13],[-167,-17],[-63,-13],[-22,14],[-26,102],[-55,30],[-22,-1],[-37,-32],[-20,-60],[6,-27],[-22,-59],[-61,-26],[-33,51],[-32,65],[-12,57],[72,44],[16,40],[-13,11],[73,96],[4,23],[-12,78],[-50,109],[-37,57],[-8,47],[-72,28],[-11,70],[-98,7],[-53,-21],[-10,73],[50,-29],[36,-4],[48,32],[-10,27],[-49,11],[15,24],[-188,52],[-17,-23],[-13,-76],[-64,1],[-18,-13],[-61,-3],[-83,17],[-63,55],[-56,8],[-32,-21],[-41,47],[-34,3],[-3,-33],[-46,-23],[23,-64],[2,-76],[10,-66],[17,-23],[49,-2],[-9,-20],[18,-29],[9,-47],[26,-13],[40,-51],[23,-1],[21,-36],[-38,-24],[3,-32],[-62,23],[-1,26],[-35,13],[13,31],[-35,38],[-57,5],[-56,-53],[31,-19],[-46,-25],[-5,-30],[24,-2],[1,-24],[25,-27],[77,-37],[59,-13],[12,19],[40,13],[78,-35],[54,14],[33,-33],[-32,-28],[-12,-32],[-22,3],[-30,-25],[-12,-55],[-53,13],[-109,40],[-33,30],[5,28],[-62,0],[-11,-43],[-61,6],[16,13],[-8,81],[-96,-9],[-66,25],[-23,-16],[20,-55],[12,0],[5,-86],[33,-40],[-4,-15],[-39,-9],[-6,-27],[-21,-11],[-39,6],[-20,-14],[-18,39],[-54,1],[-36,-17],[-42,-45],[14,-20],[56,-7],[11,-45],[-13,-25],[17,-30],[-32,-76],[3,-22],[32,-11],[-21,-52],[58,-61],[6,-37],[-13,-33],[34,-58],[84,-3],[11,52],[25,29],[28,-41],[40,-41],[36,-2],[32,38],[21,72],[19,-5],[22,-40],[7,-61],[-23,-38],[-65,-34],[-71,-57],[-80,21],[-35,-19],[-24,45],[-44,30],[-35,-2],[-2,-43],[-50,-76],[-12,-50],[52,-54],[71,-26],[26,-23],[32,-62],[39,10],[12,27],[-17,45],[16,16],[30,-22],[38,-4],[17,14],[1,36],[15,23],[31,5],[29,42],[1,49],[39,0],[25,-29],[-9,-15],[47,-39],[-28,-24],[12,-54],[48,-33],[-10,-42],[-30,-38],[-9,-31],[46,-94],[51,-23],[83,-53],[24,-31],[-3,-32],[-56,13],[-100,-27],[-21,18],[-47,4],[-38,-28],[-5,-33],[-32,-11],[-35,-39],[-25,-2],[-14,23],[20,25],[-25,35],[-72,-8],[-18,53],[-26,13],[-42,-16],[-9,-51],[43,-50],[48,-1],[13,-24],[-21,-32],[-78,-25],[-63,-55],[-90,6],[-7,-40],[28,-36],[32,-15],[-19,-21],[-24,1],[-12,26],[-44,14],[-29,-23],[5,-27],[-39,-24],[-11,-54],[21,-43],[-61,16],[-14,-16],[-5,-60],[12,-59],[19,-36],[2,-44],[-21,-17],[-7,-31],[19,-62],[35,-12],[36,-61],[-1,-26],[-38,-45],[29,-60],[6,-62],[-75,3],[-25,37],[-37,-17],[-14,-44],[36,-27],[26,-41],[-12,-36],[-66,-10],[-23,21],[14,76],[-10,43],[-44,15],[-34,-22],[-15,-77],[-57,-34],[-12,-52],[-65,10],[-37,24],[-24,-1],[-53,21],[-20,31],[4,37],[23,24],[-1,27],[16,44],[-63,27],[-2,33],[16,13],[5,41],[62,28],[51,15],[3,46],[-39,20],[-56,62],[-66,13],[-41,-26],[-29,31],[-42,6],[-5,-18],[-27,4],[-22,23],[-60,17],[-55,-34],[-41,-61],[-51,-1],[-53,34],[-79,6],[-17,10],[-51,-6],[-14,-45],[7,-31],[-50,-22],[-27,45],[-42,22],[-69,0],[-91,-40],[-87,-3],[-53,60],[-57,32],[-5,32],[-23,14],[-48,-17],[-17,20],[-44,1],[-51,45],[-11,23],[28,22],[-22,55],[-1,94],[-7,29],[13,38],[-12,25],[-48,3],[-66,38],[-78,17],[-50,36],[-22,26],[-45,-79],[-32,-18],[1,-49],[-46,-109],[-50,-19],[-43,-27],[-42,-4],[-26,-80],[19,-4],[23,-52],[-5,-32],[-89,19],[-36,1],[-33,17],[-74,-3],[-31,-15],[-86,-20],[-49,-2],[-47,34],[-47,4],[-14,51],[-96,12],[-23,18],[1,47],[-28,42],[-93,63],[-13,31],[-52,51],[-49,22],[-110,21],[-57,63],[-52,14],[-16,33],[-53,5],[-39,-47],[-51,16],[-106,9],[-7,16],[29,51],[-5,63],[14,54],[-22,28],[-59,3],[-42,-52],[-41,1],[-25,-12],[-38,17],[-70,6],[-40,26],[17,66],[-8,32],[19,45],[44,52],[11,36],[48,21],[25,50],[-22,43],[-58,14],[-67,-14],[-52,6],[13,33],[-10,58],[-109,75],[-18,37],[2,39],[-42,19],[-59,4],[-44,54],[0,46],[-14,12],[-50,5],[-61,28],[-147,11],[-64,23],[-48,-5],[-84,-29],[-57,15],[-29,17],[-54,13],[-47,23],[-67,-12],[-87,31],[-38,69],[-63,11],[-30,81],[-2,39],[-37,88],[66,4],[32,55],[-14,20],[-44,11],[-30,59],[-21,13],[-46,4],[-45,-7],[1,70],[-40,21],[-10,96],[23,39],[23,108],[34,14],[10,34],[50,42],[12,28],[-6,44],[-48,27],[-27,25],[-3,29],[20,44],[-15,61],[-25,36],[17,50],[-1,55],[-50,25],[-72,79],[-1,16],[-32,37],[-46,22],[-45,0],[-11,17],[14,39],[57,72],[-3,26],[-137,78],[-57,41],[-50,54],[-7,34],[-34,41],[2,39],[33,24],[93,6],[53,-55],[50,-2],[27,37],[27,71],[95,11],[5,39],[-32,37],[-8,31],[57,35],[1,163],[-5,38],[-27,22],[-168,-3],[-51,-36],[-42,6],[-6,24],[-34,37],[-41,22],[-46,-4],[-59,27],[0,30],[47,35],[7,18],[-20,60],[0,43],[-27,64],[-22,13],[4,38],[22,30],[-17,53],[-74,8],[-22,17],[-4,28],[22,63],[4,56],[-12,42],[33,46],[-1,55],[51,37],[-2,25],[-43,39],[-30,-1],[-29,-22],[-29,2],[31,46],[-19,29],[-58,4],[-71,-35],[-42,11],[-33,23],[-25,-4],[-17,18],[-57,13],[-33,-19],[-64,-7],[-79,13],[-119,8],[-31,-70],[-13,59],[-24,10],[-21,76],[-26,16],[-69,15],[6,44],[-41,31],[-58,1],[-87,-23],[-17,17],[-13,85],[-71,5],[-74,14],[-36,-10],[-5,-34],[-79,25],[0,27],[-25,18],[24,58],[-40,23],[-4,22],[37,38],[15,40],[-18,32],[6,44],[-41,12],[-21,36],[-38,-4],[-59,24],[-36,2],[-17,19],[1,52],[-74,12],[-60,25],[-26,-26],[20,-28],[-4,-39],[-60,-9],[-13,-28],[-59,-30],[-6,-31],[29,-58],[-13,-32],[34,-33],[-6,-20],[-48,-9],[-16,-48],[-38,-14],[-49,49],[-86,20],[-29,-9],[-31,-82],[10,-11],[75,1],[-16,-35],[-45,13],[13,-37],[-46,-24],[19,-22],[73,-23],[-1,-66],[-20,0],[-2,-41],[-44,-18],[-30,39],[-107,15],[-54,-15],[-42,14],[-28,-10],[2,-44],[15,-41],[36,-11],[31,-26],[65,26],[18,-89],[-25,-53],[-3,-30],[-55,-48],[-38,2],[-13,-44],[24,-17],[42,-8],[10,-36],[-43,-32],[-3,-39],[15,-44],[51,-25],[50,6],[19,-17],[-31,-30],[16,-34],[46,7],[22,43],[34,3],[46,-49],[39,-11],[14,-20],[87,0],[64,-23],[26,19],[-5,35],[21,64],[22,3],[15,-30],[31,-31],[-63,-28],[-51,-57],[6,-26],[-28,-18],[4,-67],[57,-16],[8,-50],[-11,-17],[17,-68],[30,-28],[89,4],[13,16],[-2,55],[32,12],[9,26],[-17,50],[4,46],[26,30],[83,8],[50,-40],[68,14],[24,-8],[-1,-29],[-46,-12],[-6,-23],[31,-60],[6,-31],[25,-27],[70,4],[71,-16],[16,-29],[-18,-43],[-68,-2],[-16,-39],[11,-40],[-58,33],[-43,-16],[10,-67],[-45,-39],[-1,-27],[27,-10],[16,-56],[141,-14],[-98,-24],[37,-21],[35,-3],[10,-25],[4,-62],[27,-26],[54,6],[25,45],[48,51],[10,37],[18,1],[28,-38],[-3,-58],[66,-48],[86,-31],[28,-22],[16,-34],[36,2],[19,23],[58,-20],[14,-29],[-20,-21],[38,-47],[31,9],[54,-11],[15,19],[-2,38],[28,0],[15,75],[24,46],[-14,25],[-47,8],[5,41],[47,-5],[8,-33],[31,-3],[31,15],[23,-11],[-4,-25],[-31,-20],[-10,-26],[66,-65],[-27,-17],[0,-36],[52,-31],[12,-31],[7,-92],[-11,-107],[-28,-19],[-44,45],[-29,-14],[-18,-43],[-28,-108],[-23,-28],[-46,5],[-119,70],[-89,0],[-117,-28],[-36,11],[-209,-1],[-61,12],[-78,-5],[-52,-16],[-27,-20],[-127,-11],[-29,-10],[-24,-29],[-45,-6],[-66,18],[-52,71],[-37,36],[-20,46],[-20,17],[-38,82],[-7,48],[-21,50],[-50,72],[-84,69],[-104,42],[-26,24],[-58,90],[-27,-31],[-20,-4],[-5,-32],[-32,25],[-107,8],[-238,-23],[-144,-151],[16,-35],[-32,-15],[-39,17],[-21,-15],[70,-46],[-34,-38],[-44,5],[6,-66],[37,-13],[-24,-27],[-8,-33],[52,-39],[60,-14],[-5,-23],[-32,-29],[40,-6],[17,27],[27,-4],[-5,-46],[-17,-4],[-27,-50],[48,-16],[-13,-44],[-30,13],[-68,-18],[-75,-4],[-60,32],[-58,0],[-36,-38],[-47,11],[-39,-8],[-5,63],[-16,12],[-44,-1],[-38,24],[-38,9],[28,42],[-12,70],[-51,5],[-18,35],[-57,26],[-48,2],[-16,82],[25,24],[1,44],[-16,63],[-36,26],[15,54],[11,90],[73,78],[-11,25],[-83,45],[-30,31],[-37,18],[-55,51],[-80,27],[-29,18],[-55,-39],[-96,-47],[-74,5],[-54,-35],[-83,-16],[-35,11],[-43,81],[-9,66],[-19,68],[-3,54],[-35,115],[-29,-13],[-5,19],[-37,11],[-89,-33],[13,48],[43,8],[18,27],[5,49],[18,39],[-13,51],[-46,30],[-44,-5],[-3,39],[-63,15],[-20,-13],[-8,-57],[-39,-17],[-22,-41],[-61,-11],[-99,11],[-3,-49],[-11,-8],[2,-42],[-30,-17],[-12,-27],[-50,6],[-4,41],[21,48],[-23,27],[-47,4],[-25,22],[13,38],[-4,94],[13,25],[-20,60],[-16,16],[-55,8],[-28,28],[-24,123],[12,51],[82,32],[88,7],[5,58],[-61,30],[-89,-29],[-18,30],[16,47],[-5,20],[-70,4],[-12,23],[61,25],[-20,59],[-68,7],[-4,22],[-90,12],[-45,1],[-76,26],[-5,40],[-50,44],[-71,-11],[-19,5],[11,90],[-25,69],[-68,9],[-51,-2],[-100,34],[-43,43],[2,46],[-19,123],[-20,51],[-18,127],[-6,71],[-21,15],[-290,-3],[-66,-4],[-8,-19],[15,-50],[-8,-134],[-9,-26],[-23,-9],[-46,3],[-35,46],[-46,16],[-182,9],[-17,22],[-7,88],[-43,30],[24,41],[-46,30],[-24,53],[34,31],[-2,39],[-76,-14],[-6,16],[-109,-16],[-80,2],[-31,-16],[-52,-5],[-22,71],[-20,3],[-8,52],[-22,57],[-28,19],[-6,26],[36,45],[-13,55],[-32,38],[-100,-4],[-50,66],[-66,-6],[-49,9],[-26,-43],[-56,2],[-17,56],[9,67],[-2,79],[-8,21],[-35,15],[-26,-14],[-22,17],[6,27],[26,36],[-15,38],[-65,12],[-49,34],[-105,-10],[-36,10],[-28,28],[-40,1],[-23,-14],[-17,-77],[-21,-7],[-6,-29],[-55,-20],[-46,51],[-8,62],[-102,18],[-43,43],[-86,188],[-16,12],[-17,59],[20,122],[-37,100],[-11,12],[12,39],[2,60],[-21,76],[-24,110],[18,104],[-36,29],[14,82],[0,49],[15,24],[-7,78],[9,24],[-8,44],[-24,-1],[-13,-27],[-16,-143],[-12,32],[-49,10],[-25,-9],[5,-44],[-13,-21],[-48,-26],[-52,-15],[-28,-26],[-13,-79],[-29,-32],[-30,-5],[-46,-38],[-19,-65],[6,-26],[-17,-56],[-70,-20],[-37,-84],[2,-70],[-37,-25],[-16,-82],[-38,-34],[-9,-54],[19,-53],[-4,-59],[-28,-32],[-45,-76],[-33,6],[-53,-55],[-19,-89],[11,-102],[-15,-54],[-64,-86],[8,-77],[24,-23],[-28,-31],[-82,-32],[12,-18],[-11,-32],[-39,-44],[-58,-10],[-8,-29],[51,-104],[-4,-26],[19,-6],[17,-50],[-28,-134],[4,-35],[31,10],[4,30],[40,27],[92,-15],[10,-8],[19,-79],[22,-28],[18,-120],[50,-36],[54,30],[15,44],[51,47],[-24,44],[5,61],[81,51],[26,-1],[32,47],[-21,15],[-61,4],[-25,21],[-5,60],[72,7],[33,-5],[156,1],[17,-39],[18,-3],[66,31],[112,-36],[63,-5],[59,-63],[16,-28],[24,-6],[20,-40],[47,-3],[30,13],[4,66],[21,-6],[100,-61],[38,-11],[96,2],[21,-11],[119,-21],[179,0],[52,-17],[92,-41],[-43,-9],[-31,-22],[-9,-29],[40,-43],[48,-8],[-20,-81],[1,-26],[72,-132],[17,-25],[19,-109],[27,-72],[9,-43],[20,-22],[41,-17],[15,-44],[71,-101],[26,-46],[-1,-24],[32,-20],[24,-56],[-19,-27],[-55,-40],[2,-22],[-54,-60],[13,-102],[49,-15],[-41,-49],[42,-51],[26,-20],[-35,-64],[-57,-1],[-16,16],[26,75],[-19,40],[-44,4],[-55,-43],[-65,-6],[-104,9],[-17,-25],[24,-84],[-17,-22],[-31,3],[-57,52],[-15,42],[-50,3],[-15,-10],[-47,18],[-50,2],[-39,33],[-14,31],[19,37],[-21,126],[-47,-9],[-8,-37],[-64,-40],[-14,-51],[-47,-17],[-59,-120],[-4,-35],[-33,-30],[3,-26],[-18,-19],[-25,-122],[-111,4],[-31,-9],[-95,16],[-34,11],[-35,-46],[-55,-37],[-40,-62],[12,-13],[38,3],[4,-52],[67,-9],[35,7],[3,-20],[-18,-38],[-157,16],[-49,-11],[-32,17],[-26,-39],[-52,-6],[-47,-20],[-23,-28],[-34,-20],[-20,-36],[-24,8],[-76,-22],[-18,-57],[-34,-1],[-38,-38],[-6,-60],[-61,-64],[-31,2],[-19,-32],[-46,-41],[-16,-81],[4,-43],[-7,-54],[26,-31],[-8,-112],[-18,-33],[5,-75],[46,-48],[70,-20],[12,-12],[-38,-13],[-24,-21],[-1,-60],[-32,-32],[-20,-77],[8,-26],[-166,-57],[-59,1],[-23,-39],[-81,-38],[-14,-76],[-49,6],[-101,-7],[-141,-47],[-60,17],[-96,-29],[-38,-35],[-80,-101],[-42,2],[-27,-16],[-64,32],[-41,-24],[-101,2],[-46,26],[-90,-23],[-27,-28],[-55,9],[-38,-28],[11,-91],[-21,-52],[-68,6],[9,-15],[-28,-23],[-17,-43],[-35,6],[-25,35],[-42,-11],[-31,-22],[-6,-36],[30,-16],[-3,-25],[-73,-16],[-45,0],[-54,42],[-39,-8],[-44,-64],[-39,-35],[-68,-21],[-9,-19],[-88,-47],[-22,-74],[0,-108],[-5,-40],[-25,-92],[9,-31],[-53,-121],[-45,-24],[-21,-32],[-17,-63],[-46,-70],[4,-52],[17,-81],[-33,-6],[-9,-21],[42,-99],[28,-20],[83,17],[28,14],[45,-36],[77,-19],[6,-30],[-13,-76],[-13,-21],[-37,-20],[-13,-50],[16,-20],[-4,-28],[-23,-6],[-41,26],[-16,-8],[-42,-101],[56,-55],[1,-73],[9,-31],[32,-48],[0,-55],[-20,9],[-29,-14],[-48,9],[-72,-1],[-71,-16],[-67,-29],[-43,-49],[-96,-31],[-2,-15],[48,-49],[-5,-68],[-19,-13],[-62,23],[-66,-54],[-13,-59],[10,-57],[-23,-95],[-52,-34],[-14,-55],[-25,-29],[2,-45],[-13,-44],[-47,-30],[-20,-34],[0,-43],[13,-50],[42,-41],[-10,-54],[-49,-7],[-19,-41],[-4,-51],[-22,-26],[-69,-6],[-48,-14],[-64,-55],[-38,-65],[-13,-49],[-43,-48],[2,-49],[59,-39],[20,-37],[2,-40],[90,-61],[-7,-32],[-21,-29],[58,-48],[-3,-55],[9,-64],[-17,-55],[16,-33],[20,-4],[46,-67],[50,-32],[-28,-40],[8,-32],[37,-54],[-18,-47],[-53,-29],[-69,-53],[-29,6],[9,-39],[106,-49],[-1,-15],[-48,-54],[-42,-20],[-20,5],[4,-32],[36,-31],[50,-75],[-20,-62],[14,-11],[79,4],[46,-12],[7,-18],[-61,-132],[8,-44],[14,-12],[55,3],[71,-17],[37,10],[37,-10],[27,13],[34,-8],[2,-25],[86,-20],[-9,-76],[-30,-63],[58,-29],[25,-40],[53,-16],[74,29],[52,71],[6,35],[32,39],[54,-46],[34,-16],[14,30],[21,5],[44,63],[48,21],[16,18],[17,56],[26,14],[52,-13],[75,-44],[5,-37],[-26,-32],[48,-6],[62,-23],[73,-13],[-6,68],[29,-10],[26,57],[-8,30],[23,0],[-10,34],[13,9],[76,-28],[11,-21],[45,36],[12,-29],[30,-13],[22,28],[-12,21],[39,-10],[-37,22],[29,52],[44,57],[43,-1],[47,-12],[8,-26],[45,-16],[30,56],[83,-5],[108,-28],[35,-71],[-2,-132],[-18,-63],[-32,-16],[-13,-45],[45,-26],[53,-15],[47,-64],[58,12],[78,-19],[11,-18],[-19,-21],[17,-26],[101,-39],[25,-54],[98,-37],[86,-43],[1,-82],[38,-26],[22,-73],[27,-28],[46,-7],[51,25],[85,-12],[12,-30],[37,-12],[51,-61],[67,6],[23,-23],[47,-14],[12,-71],[73,-13],[40,-37],[69,-17],[4,-28],[-29,-22],[8,-48],[-2,-86],[15,-56],[121,5],[97,-49],[-13,-37],[7,-57],[13,-13],[48,-8],[33,14],[46,-2],[26,12],[19,-22],[-24,-57],[-9,-65],[25,-24],[148,-32],[28,-25],[40,5],[23,25],[31,-12],[36,8],[32,-10],[110,-14],[72,-39],[16,7],[74,-8],[1,-63],[20,-60],[-16,-87],[3,-28],[22,-16],[-18,-112],[-26,-66],[-46,-36],[-23,-87],[-29,-58],[34,-63],[-3,-38],[-26,-65],[-26,-33],[40,-36],[126,28],[38,-52],[71,-24],[5,-47],[31,-21],[5,-34],[29,-8],[75,25],[42,5],[17,-40],[30,-3],[30,44],[33,-7],[28,-25],[90,4],[0,-55],[-18,-69],[-24,-40],[-32,-80],[10,-53],[42,-31],[41,-67],[37,-25],[49,-16],[23,-42],[27,-9],[48,37],[35,-17],[0,-75],[82,-55],[48,62],[9,30],[32,0],[5,-15],[0,-110],[34,-1],[30,13],[20,-18],[-3,-24],[-36,-33],[-3,-35],[8,-62],[30,-20],[2,-113],[105,-5],[11,8],[36,87],[150,-45],[60,-12],[41,-22],[26,-31],[34,2],[37,31],[103,-30],[65,-4],[40,-10],[32,9],[64,107],[40,4],[0,-43],[-25,-4],[24,-41],[56,9],[34,-51],[58,-38],[21,-55],[29,-10],[171,30],[58,0],[18,-19],[-30,-43],[18,-39],[21,-163],[12,-7],[69,19],[8,14],[72,0],[24,-12],[28,-65],[17,-10],[78,14],[60,-8],[156,24],[70,-31],[31,-21],[52,-1],[56,64],[47,4],[30,34],[12,37],[-22,134],[57,31],[33,45],[54,5],[64,17],[59,7],[46,24],[41,8],[21,-16],[8,-70],[-34,-95],[78,-15],[9,41],[44,50],[126,-22],[56,21],[53,46],[29,54],[-15,20],[-87,24],[-40,63],[26,62],[-17,63],[29,19],[38,0],[5,-19],[92,-53],[19,-20],[83,-30],[41,5],[38,50],[49,17],[26,21],[60,16],[102,-3],[-15,-45],[2,-68],[9,-43],[9,-123],[43,-132],[33,-15],[47,-5],[106,20],[19,-6],[41,-72],[17,-80],[32,-55],[-26,-84],[2,-22],[43,-44],[-15,-52],[-45,-19],[-78,-58],[-18,-59],[2,-62],[17,-40],[51,-8],[4,-50],[27,-24],[-40,0],[-28,-29],[-4,-76],[-19,-10],[-75,11],[-36,-5],[-18,-69],[-58,-46],[20,-21],[125,-12],[3,-90],[18,-15],[130,-5],[43,-49],[-30,-45],[1,-89],[21,-45],[-17,-30],[16,-60],[-5,-70],[36,-67],[61,2],[11,-23],[87,2],[15,-50],[-16,-25],[7,-20],[96,5],[6,-29],[41,1],[22,-67],[-27,-43],[35,-25],[71,-15],[47,-66],[31,-68],[52,-54],[71,13],[-4,32],[20,15],[-18,56],[3,21],[33,-11],[36,11],[112,10],[8,-109],[87,-157],[33,-51],[143,2],[9,-10],[-8,-58],[69,-54],[39,-4],[11,-15],[96,-7],[47,23],[145,-7],[18,21],[-3,27],[19,7],[28,-32],[63,-23],[52,5],[46,36],[28,2],[64,-124],[39,-44],[53,0],[29,30],[0,19],[63,-1],[43,19],[7,33],[33,-14],[-13,-57],[3,-29],[23,24],[-24,-180],[12,-100],[-45,1],[3,19],[-99,-2],[-33,51],[-66,9],[-50,-26],[-12,-37],[-22,-5],[-25,-57],[-36,2],[-24,-32],[11,-23],[-41,1],[-76,-24],[-40,-43],[-46,-10],[-8,-22],[-54,-13],[-41,-56],[13,-74],[17,-31],[-23,-70],[24,-94],[40,-35],[9,-118],[10,-32],[-50,-17],[-38,-1],[0,-14],[-56,4],[-84,60],[-51,-28],[3,-92],[-31,-45],[43,-88],[42,-19],[54,-5],[20,-20],[-7,-40],[-23,-12],[1,-39],[51,-21],[-4,-23],[-49,-21],[-31,22],[-4,34],[-80,20],[-24,-10],[-56,-57],[-12,-27],[-38,-38],[-13,-39],[-84,-3],[-11,14],[6,90],[-31,52],[-93,-7],[-43,11],[-15,25],[-50,7],[-26,18],[-56,-1],[-19,-71],[-102,6],[-22,19],[-5,63],[-20,29],[12,33],[-5,61],[-45,1],[-40,-58],[-33,23],[2,74],[-38,35],[-97,9],[-22,63],[-26,3],[-23,44],[-69,37],[-46,-13],[-33,-36],[-20,-37],[-56,-10],[-37,-73],[-14,-58],[-34,-55],[-46,-16],[-87,-80],[-16,-79],[1,-35],[-60,-10],[-52,-36],[-50,13],[-259,77],[4,26],[-22,6],[0,46],[-19,55],[-68,9],[-26,-57],[-18,-11],[-79,36],[2,-31],[-33,-62],[-33,-30],[-34,-6],[19,59],[-42,12],[-67,67],[-44,-32],[-40,-2],[7,36],[-22,32],[13,33],[-16,49],[-70,25],[-17,-12],[-108,96],[-90,23],[-82,3],[-72,18],[-93,-14],[-77,24],[-65,-14],[-37,-25],[-1,-28],[-52,-66],[-20,-8],[-51,31],[0,22],[-111,0],[-115,41],[-71,-2],[-32,-14],[-79,-17],[-103,20],[-126,2],[-40,-25],[-55,-83],[-107,-52],[-28,3],[-24,25],[-42,-5],[-22,-24],[-5,-93],[-23,-20],[-57,-12],[-35,-53],[-29,-9],[-77,-3],[-2,-15],[-98,4],[-16,13],[12,71],[4,82],[-32,34],[-94,22],[-32,26],[-28,-27],[-62,-3],[-21,-59],[-54,-13],[9,55],[40,45],[5,32],[-113,27],[-58,-1],[-18,12],[-133,29],[-111,-15],[-30,14],[-3,55],[-35,27],[-34,-8],[-71,18],[-4,9],[-114,-6],[-54,13],[-32,-15],[-65,-161],[-55,-38],[-51,1],[-40,14],[-103,10],[-38,-3],[-17,13],[6,-62],[-10,-53],[9,-28],[-10,-30],[2,-46],[35,-38],[-46,-68],[40,4],[45,-18],[37,-75],[6,-31],[54,15],[14,-9],[-20,-49],[44,2],[-35,-95],[55,-15],[-5,-43],[-43,3],[-3,-15],[44,-38],[-10,-71],[-32,17],[-7,-18],[30,-36],[-43,-15],[-108,-22],[-17,-35],[-58,-4],[13,-20],[-29,-121],[11,-47],[34,-15],[29,-39],[-49,-117],[43,-105],[-1,-57],[25,-2],[-13,-47],[32,-48],[-10,-22],[-38,-22],[1,-61],[23,9],[-4,-53],[22,-34],[-92,-58],[23,-31],[-28,-22],[-28,-42],[52,4],[17,-47],[-21,-38],[17,-13],[27,10],[4,-30],[-60,-19],[8,-52],[-17,-27],[3,-39],[-57,-11],[-21,-73],[-33,-5],[-28,-27],[22,-24],[-27,-19],[-35,22],[-6,-29],[25,-8],[-29,-13],[24,-59],[-19,-65],[-21,-5],[3,-57],[-51,-3],[10,-24],[-55,-13],[-7,-30],[35,-7],[-24,-17],[11,-25],[-16,-54],[31,-66],[-25,10],[-62,-5],[6,-75],[12,-28],[-41,17],[-27,-1],[-23,-26],[-20,7],[-64,-14],[-15,-34],[-23,-12],[-7,-41],[18,-16],[-39,-15],[7,-41],[24,-9],[23,13],[22,-16],[-22,-13],[15,-36],[18,-2],[15,-52],[-32,-31],[-8,-38],[-60,-43],[-24,18],[-22,-16],[-10,26],[-25,-18],[-3,-35],[-66,-3],[-29,18],[-17,29],[-46,8],[-37,-14],[-12,37],[-39,-9],[-19,28],[23,6],[-37,18],[30,45],[-43,5],[-9,-20],[-30,10],[-11,-20],[22,-21],[-32,-12],[-49,-75],[-47,36],[-27,-27],[-39,-2],[-57,-39],[16,-61],[-30,-37],[-19,-4],[-2,-29],[15,-26],[-49,-7],[9,-63],[20,-35],[-38,1],[-48,20],[3,-35],[-47,23],[-20,-22],[28,-89],[15,-73],[75,9],[18,-24],[24,-1],[25,34],[26,-47],[-2,-33],[34,3],[27,-48],[12,-40],[-30,-12],[9,-23],[-33,-14],[-2,-58],[-40,-44],[-2,-20],[-59,-13],[10,-42],[-30,-18],[3,-21],[-67,-9],[-69,64],[6,40],[-9,73],[-54,12],[-18,-21],[-63,-11],[-2,-24],[-42,-24],[-27,-34],[-30,12],[-8,29],[23,67],[-14,25],[-40,2],[-16,25],[-42,17],[-112,-2],[-33,20],[-33,-5],[-18,25],[13,31],[-22,39],[-68,-24],[-32,-35],[-27,-9],[-19,13],[-14,96],[13,105],[-4,63],[-15,47],[-36,64],[-26,27],[-174,65],[-18,10],[-46,53],[-29,48],[-43,97],[5,13],[-56,91],[-51,44],[-50,7],[-52,-7],[-104,3],[-27,-8],[-50,-42],[-68,-38],[-60,-16],[-27,-18],[-37,21],[-47,6],[-70,-49],[-79,20],[-51,-46],[-29,-13],[-8,-45],[-17,-14],[-32,14],[-21,-10],[8,-55],[-19,-39],[-65,-12],[-75,50],[-97,-7],[-10,-28],[12,-63],[-6,-43],[14,-119],[11,-51],[50,-1],[41,-15],[70,-63],[23,-48],[-21,-39],[44,-22],[53,-11],[2,-39],[-52,-3],[-61,-109],[48,-54],[56,-10],[20,-20],[-43,-51],[2,-29],[88,-114],[-14,-26],[-35,-10],[-15,-25],[33,-65],[-2,-24],[-22,-15],[-3,-28],[-52,-5],[-194,-47],[-21,-51],[-2,-30],[-26,-4],[-15,21],[-15,-43],[3,-29],[-5,-155],[-20,-109],[-18,3],[-45,99],[-19,72],[-26,7],[-104,-80],[-59,-61],[-38,-96],[-34,-65],[0,-147],[11,-71],[-19,-15],[-56,0],[-56,13],[-55,26],[-26,-19],[-114,-142],[-22,2],[-51,37],[-52,-50],[-6,-27],[24,-18],[-21,-35],[50,-40],[-2,-15],[-41,-56],[-41,-28],[-5,-28],[81,-86],[-30,-60],[-36,-101],[-18,-16],[-25,-60],[-50,-69],[-99,-80],[-108,-71],[-8,-24],[-154,-168],[-180,-189],[-61,-83],[-1,-75],[120,-51],[45,-44],[82,-141],[28,-56],[23,-29],[61,92],[267,-84],[245,-32],[116,-6],[205,51],[153,16],[198,-43],[113,-89],[77,-66],[71,-89],[92,-424],[106,-145],[6,-52],[4,-118],[-9,-60],[-47,-238],[-96,-90],[-84,-259],[-3,-255],[114,-231],[151,-141],[58,-37],[135,-50],[141,12],[254,104],[275,108],[316,156],[268,52],[133,-61],[75,-79],[113,-188],[412,-463],[293,-250],[133,-190],[117,-67],[241,-57],[151,17],[121,4],[68,-5],[76,-17],[54,-26],[135,-26],[100,-56],[71,-22],[238,-136],[80,-53],[163,-68],[257,-89],[319,-22],[135,3],[837,104],[315,-74],[406,-369],[224,-173],[58,-105],[57,-163],[35,-111],[27,-70],[24,-76],[-14,-95],[-5,-89],[0,-85],[15,-123],[-2,-142],[10,-57],[-19,-43],[-151,-109],[-210,-330],[-85,-101],[-45,-109],[-12,-162],[18,-145],[11,-151],[49,-105],[61,-218],[156,-160],[27,-59],[28,-12],[16,-26],[-29,-52],[-21,-77],[-17,-19],[-4,-77],[9,-16],[73,-54],[54,-10],[64,-36],[7,-13],[-68,-98],[-14,-69],[-32,-80],[-37,-123],[-2,-34],[12,-51],[30,-41],[83,19],[53,54],[29,51],[80,26],[66,10],[40,-5],[17,-16],[6,-119],[39,-74],[29,-42],[-20,-17],[-37,13],[-67,8],[-44,19],[-35,-3],[-61,9],[-4,-15],[-62,-12],[-47,-62],[-21,-9],[15,-86],[-11,-76],[-11,-26],[-36,-28],[6,-36],[61,-102],[22,-47],[10,-76],[-3,-51],[-59,-35],[-13,-111],[-12,-22],[23,-72],[-5,-15],[-60,-11],[-24,4],[-33,33],[-105,-3],[-36,-24],[-61,30],[-91,-62],[-18,-26],[11,-96],[-24,-21],[-96,18],[-34,-12],[-43,-129],[-78,-68],[-29,-11],[-62,2],[-43,-9],[-29,-21],[-9,-74],[23,-45],[-133,-41],[-41,0],[-151,37],[-79,-57],[-39,-19],[-26,14],[16,72],[-22,38],[-68,29],[-14,-15],[-89,-10],[-35,-22],[-18,-37],[15,-72],[-22,-13],[-63,63],[-29,19],[-33,-12],[-108,23],[-26,-9],[-38,-37],[-21,-65],[-58,-10],[-15,-23],[14,-110],[30,-40],[28,10],[44,45],[63,-8],[0,-25],[-29,-46],[-7,-35],[-11,-155],[29,-60],[127,-69],[24,-23],[9,-39],[-13,-26],[-36,-32],[-50,16],[-46,28],[-55,-10],[5,-44],[58,-38],[13,-21],[1,-70],[-32,-24],[-58,6],[-39,-25],[5,-54],[-20,-38],[-62,-56],[-33,-2],[-72,16],[-41,24],[-77,-25],[-7,-31],[35,-26],[53,-54],[107,-39],[81,-17],[18,-128],[-3,-14],[-71,-106],[-50,-47],[2,-37],[17,-86],[-3,-94],[-29,-37],[-33,-160],[-61,-35],[-5,-21],[44,-121],[20,-40],[13,-122],[17,-40],[38,-17],[5,-170],[-42,-47],[10,-47],[-33,-38],[-47,-4],[-65,-104],[4,-17],[56,-63],[-7,-85],[18,-22],[118,-7],[94,33],[144,16],[-5,-230],[-14,-25],[-67,-7],[-46,-79],[-39,-95],[15,-14],[59,-13],[153,-10],[42,10],[10,40],[23,13],[24,-24],[-9,-35],[36,-24],[50,8],[46,22],[52,-10],[34,5],[119,80],[36,-1],[46,-22],[26,29],[27,-24],[-25,-48],[-30,-32],[1,-108],[17,-18],[96,-43],[10,-13],[-14,-35],[32,-56],[28,-100],[-11,-24],[16,-26],[10,-48],[-10,-59],[19,-23],[52,-23],[6,-57],[91,-42],[101,4],[44,-15],[65,-54],[17,-37],[-24,-70],[10,-31],[35,-6],[27,12],[22,-13],[12,-54],[34,-28],[7,-51],[58,-36],[52,7],[41,-12],[55,-72],[27,-14],[58,14],[50,27],[27,-5],[17,-22],[45,-95],[-15,-39],[14,-34],[48,-25],[89,-87],[8,-17],[-16,-34],[11,-30],[49,-13],[24,30],[30,2],[18,-17],[59,-22],[19,16],[36,-2],[35,26],[14,-16],[14,19],[48,-25],[76,0],[25,16],[-13,62],[-37,61],[-10,51],[37,43],[56,24],[72,-50],[30,13],[51,49],[19,5],[35,-39],[0,-45],[-26,-51],[-32,-20],[-16,-26],[-34,-24],[22,-67],[-50,-135],[20,-38],[20,-108],[-5,-53],[-13,-21],[2,-36],[-40,-11],[-38,-35],[-60,35],[-24,45],[-42,21],[-60,-2],[-29,-14],[-25,-37],[3,-63],[-19,-47],[-28,-136],[-26,-29],[-36,-101],[5,-42],[28,-11],[26,-32],[-11,-38],[-86,-38],[-22,-30],[-18,-61],[50,-32],[6,-59],[53,-37],[32,-33],[-11,-58],[6,-31],[-8,-42],[59,-18],[17,-47],[-53,-65],[-32,-4],[-69,26],[-50,-9],[-44,-69],[-12,-60],[-25,-10],[-65,39],[-21,0],[-30,-37],[4,-60],[19,-20],[41,-8],[14,-29],[-23,-23],[-24,-68],[-22,-17],[11,-28],[-9,-51],[41,-28],[48,15],[51,-2],[54,-77],[-30,-52],[-10,-86],[-56,-30],[-23,2],[-75,51],[-9,21],[36,66],[-17,38],[-18,3],[-72,-16],[19,-14],[-16,-17],[24,-34],[-2,-67],[7,-107],[-28,-28],[-44,-9],[-34,11],[15,43],[-15,31],[-62,20],[-30,-4],[-27,-24],[-34,9],[12,42],[30,24],[38,11],[2,14],[-54,9],[-28,-38],[-94,-62],[-25,-24],[10,-67],[-2,-52],[21,-20],[44,7],[56,-7],[46,-38],[17,-60],[-14,-56],[45,-47],[34,-12],[62,-7],[23,-27],[-44,-109],[-21,-96],[67,-13],[67,-47],[71,-34],[40,-4],[105,-39],[45,-37],[23,-30],[83,28],[34,40],[64,-12],[54,-73],[-12,-116],[19,-47],[57,-49],[54,-2],[58,8],[33,-40],[82,16],[24,-14],[107,4],[68,43],[-2,24],[-35,38],[13,36],[-17,19],[-7,80],[-16,6],[20,72],[38,64],[40,13],[123,-57],[42,-5],[-14,-25],[-45,-41],[-15,-36],[9,-26],[24,-3],[51,39],[13,-18],[74,60],[27,-64],[38,-25],[19,-48],[91,-4],[36,48],[36,4],[21,-26],[26,-8],[140,22],[74,-36],[44,-7],[13,-48],[41,-5],[29,25],[10,38],[76,1],[8,23],[47,-11],[46,33],[57,-1],[50,-52],[6,-69],[19,-12],[-9,-55],[-21,-33],[17,-37],[49,-15],[50,48],[61,-3],[14,-54],[83,-30],[86,-44],[66,1],[106,80],[67,29],[42,4],[15,34],[50,32],[19,-17],[6,25],[-20,9],[37,27],[31,-59],[41,-43],[11,-54],[40,-4],[32,-22],[12,-27],[-48,-39],[-13,-38],[-58,-71],[-42,12],[-94,8],[-65,-12],[-56,-64],[-12,-69],[-146,-10],[-39,-24],[-55,-11],[11,-29],[-60,-100],[-23,-58],[-41,-4],[-14,-34],[46,-83],[10,-67],[-7,-34],[-28,-18],[-66,21],[-23,-35],[-24,-66],[-63,-67],[-52,-40],[-14,-26],[-53,-27],[-8,-66],[-24,-24],[-18,-41],[-90,-65],[-53,15],[-7,-17],[-40,14],[-30,-24],[11,-27],[-77,-14],[-65,-33],[-17,-21],[-23,1],[-6,-29],[19,-37],[27,-14],[21,-31],[-43,-62],[-53,-12],[0,-45],[-54,-52],[-2,-27],[46,-36],[30,-44],[11,-34],[43,-20],[18,-20],[15,-133],[-2,-91],[12,-39],[42,-25],[-18,-60],[25,-117],[-9,-48],[-23,-2],[-34,-41],[-2,-33],[26,-26],[-8,-57],[62,-1],[14,-14],[-15,-50],[-37,-11],[-99,32],[-95,3],[-63,8],[-48,19],[-45,32],[-26,-5],[-3,-21],[20,-37],[52,-48],[24,-8],[94,13],[59,-23],[4,-22],[-24,-75],[18,-93],[16,-40],[55,-45],[-14,-21],[-53,-31],[-72,-26],[-30,-37],[-21,-65],[-6,-72],[9,-49],[30,-79],[6,-47],[18,-30],[20,13],[11,33],[57,54],[31,17],[58,-40],[25,7],[22,28],[13,39],[140,-12],[42,-14],[-15,-27],[-10,-56],[10,-77],[-7,-19],[-69,-35],[33,-75],[26,-19],[60,-12],[129,-53],[19,-24],[-9,-36],[-30,-30],[-111,2],[-9,-28],[12,-19],[58,-52],[-3,-44],[-21,-46],[-28,-28],[12,-15],[63,-31],[10,-104],[27,-11],[26,-63],[44,-27],[27,7],[29,-25],[54,18],[18,-5],[28,-43],[58,-26],[119,33],[18,0],[43,38],[47,-19],[18,-72],[37,-99],[45,-7],[31,-55],[33,-17],[85,-116],[5,-22],[-13,-58],[-45,-133],[-7,-99],[-31,-60],[-46,-36],[-41,-10],[2,-38],[26,-25],[-8,-25],[22,-6],[-3,-60],[-13,-6],[-68,2],[-34,8],[-8,-27],[-45,-55],[-72,19],[-34,-29],[-18,-86],[-66,-8],[-20,-35],[-34,-3],[19,-38],[1,-37],[26,-17],[-7,-50],[-76,7],[-41,-25],[-32,-91],[-36,-27],[12,-54],[33,-9],[26,17],[40,-24],[10,-45],[-34,-24],[-19,-49],[-10,-91],[27,-47],[-1,-41],[67,-33],[7,-54],[32,-65],[167,-93],[78,-67],[62,0],[99,-116],[2,-45],[-23,-44],[-68,-4],[-72,-66],[-21,-29],[-9,-77],[-24,-72],[-50,-64],[-69,-41],[-100,-27],[24,-119],[69,-70],[11,-229],[5,-41],[16,-28],[50,-4],[82,17],[66,23],[53,11],[45,-20],[14,-37],[-6,-44],[-20,-43],[-78,-87],[-133,-98],[-23,-60],[5,-94],[21,-101],[-15,-72],[-23,-68],[7,-44],[85,-44],[111,-21],[47,-17],[44,-41],[66,-208],[72,-276],[4,-76],[20,-96],[76,-166],[33,-33],[89,-35],[34,-31],[28,-61],[-21,-177],[-51,-90],[-6,-40],[107,-138],[17,-51],[-12,-18],[-63,-23],[-72,-44],[-65,-79],[-99,-43],[-23,-42],[5,-31],[80,-75],[124,-97],[34,-51],[-1,-21],[-107,-128],[0,-50],[54,-68],[13,-56],[-37,-74],[25,-75],[0,-38],[-35,-137],[-12,-111],[7,-33],[32,-31],[52,-1],[80,24],[30,-14],[125,-106],[62,-101],[91,-84],[16,-36],[-11,-33],[-50,-4],[-136,51],[-106,-16],[-60,-34],[-14,-42],[7,-40],[21,-36],[130,-101],[136,-66],[18,-26],[-5,-39],[-46,-68],[-16,-38],[8,-29],[24,-9],[149,66],[30,3],[38,-22],[9,-56],[11,-165],[18,-87],[76,-124],[298,-276],[27,-87],[0,-79],[-13,-63],[-36,-31],[-32,-78],[6,-130],[34,-100],[31,-55],[37,-32],[58,-2],[53,66],[57,59],[42,30],[51,8],[40,-33],[10,-38],[-22,-79],[-19,-30],[-50,-37],[-42,-50],[-106,-54],[-156,-117],[-58,-59],[-41,-20],[-62,-53],[-24,-53],[-38,-34],[-42,-81],[1,-118],[98,-313],[16,-157],[29,-70],[36,-45],[44,-36],[12,-28],[53,-33],[63,-58],[-1,-15],[42,-33],[24,-62],[22,-33],[10,-65],[16,-164],[-3,-96],[7,-62],[8,-455],[-23,-87],[-33,-73],[-83,-92],[-124,-59],[-44,-26],[-80,0],[-75,-18],[-108,-7],[-59,-38],[-30,-35],[-45,-104],[-20,-131],[12,-99],[21,-39],[53,-56],[63,-44],[51,-62],[37,-156],[10,-179],[-9,-121],[-132,-341],[-27,-202],[0,-73],[27,-52],[33,-96],[29,-31],[21,-50],[27,-19],[6,-25],[32,-26],[23,-42],[52,-33],[8,-28],[36,-16],[20,-31],[61,-51],[207,-152],[52,-43],[21,-45],[18,-11],[17,-42],[18,-11],[15,-36],[33,-31],[21,-53],[20,-17],[15,-59],[12,-5],[91,-292],[22,-18],[44,-85],[36,-27],[11,-42],[58,-60],[16,-30],[-38,-34],[-316,-198],[-8,-53],[-66,-55],[-31,9],[-46,-31],[-45,-63],[-27,8],[-34,-27],[-37,2],[-56,-39],[-76,-16],[-26,16],[-46,2],[-56,34],[-40,39],[-99,67],[-64,13],[-51,-51],[8,-38],[38,0],[45,-33],[18,-69],[4,-48],[-15,-31],[-44,-38],[-102,-53],[-96,6],[-67,-14],[-53,13],[-29,-27],[-32,19],[-5,177],[-9,59],[-29,3],[-23,-16],[-20,-45],[-8,-41],[-29,-10],[-82,22],[-66,8],[-157,11],[-56,25],[-81,104],[-86,127],[-62,57],[-91,29],[-89,-1],[-23,-18],[-16,-79],[-31,-50],[-22,1],[-3,26],[-102,81],[-64,86],[-43,48],[-66,-10],[-24,26],[-57,29],[-43,3],[-128,-37],[-75,-39],[-52,-35],[-64,-79],[-17,-39],[-134,-128],[-23,-26],[-7,-43],[-14,-209],[9,-67],[-11,-15],[64,-15],[81,-10],[131,-42],[76,-17],[47,-34],[62,-34],[131,-109],[59,-54],[39,-104],[18,-21],[-13,-53],[-22,-33],[-73,-26],[-151,-15],[-115,19],[-199,0],[-133,34],[-32,41],[-68,101],[-50,87],[-2,22],[8,247],[-19,2],[-29,46],[-54,39],[-72,18],[-88,3],[-136,-9],[-58,-31],[-15,-51],[24,-64],[-2,-45],[-23,-50],[-77,-50],[-143,-7],[-126,-20],[-80,-2],[-38,10],[-72,52],[-18,1],[-153,-103],[-38,-7],[-107,26],[-60,34],[-464,109],[-200,58],[-194,30],[-283,3],[-142,-10],[-231,-37],[-126,-64],[-23,-53],[-31,-47],[-78,-69],[-66,-13],[-89,-43],[-26,-28],[-175,-38],[34,-244],[-228,-45],[-109,-16],[-105,0],[-67,15],[-89,39],[-120,45],[-54,28],[-33,30],[21,158],[19,91],[8,143],[9,18],[115,151],[155,34],[41,22],[21,86],[52,9],[-12,25],[14,37],[42,55],[45,40],[5,26],[-31,59],[-70,20],[-205,40],[-89,11],[-186,-2],[-154,-22],[-62,-23],[-84,-42],[-20,-39],[-30,-15],[-70,12],[-68,49],[-42,10],[-65,-9],[-33,-61],[-37,-18],[-93,-31],[-75,-35],[-68,-25],[-31,-94],[-124,51],[39,76],[-8,58],[-70,69],[-22,30],[-11,44],[26,94],[2,110],[-60,144],[-1,63],[-28,57],[-11,60],[6,61],[-10,18],[-65,59],[-92,25],[-24,-35],[-110,-20],[-54,-43],[-24,-54],[-2,-33],[-26,-31],[-29,-73],[2,-34],[26,-57],[13,-57],[-19,-27],[-9,-39],[4,-48],[19,19],[28,51],[14,-10],[-48,-80],[-9,-37],[23,-33],[9,-40],[-8,-34],[-42,-59],[-90,-81],[-107,-84],[-123,-140],[-144,-271],[-25,-68],[-97,-155],[-76,-46],[-134,-37],[-180,12],[-177,46],[-52,36],[-62,72],[-32,76],[-39,-4],[-7,14],[61,24],[6,114],[-88,184],[-166,172],[-122,-1],[5,-81],[22,-51],[-77,22],[-41,130],[-8,-555],[-216,-407],[-294,-259],[-1061,-157],[-867,212],[-689,470],[108,1160],[720,1106],[604,1866],[107,158],[-12,6],[-247,26],[-725,-586],[-346,-326],[-101,-92],[-225,-227],[-40,-84],[-74,-72],[-74,36],[-135,-79],[-55,-14],[-62,4],[-70,-15],[-44,-65],[-21,-78],[-34,-35],[-23,-48],[-68,-90],[-48,-49],[-72,-62],[-84,-50],[-59,-57],[-146,-170],[-23,-84],[-62,-153],[-101,-75],[-155,-41],[-137,-99],[-253,-98],[-125,3],[-127,47],[-37,42],[-32,4],[-59,-30],[-5,-38],[24,-46],[-1,-43],[-44,-43],[-138,-90],[-83,-36],[-356,-147],[-117,-38],[-222,-78],[-36,-4],[-126,-34],[-25,0],[-122,-26],[-44,4],[-37,45],[-122,-14],[-18,-25],[-47,-22],[-82,-12],[-126,-29],[-94,0],[-77,-20],[-451,-104],[-241,-62],[-114,-34],[-26,-27],[-91,-17],[-51,-15],[-274,-73],[-191,-88],[-42,-28],[-133,-65],[-139,-92],[-188,-101],[-111,-76],[-7,-36],[29,-35],[-17,-26],[-52,-5],[-29,13],[-137,-81],[-30,-58],[-71,-23],[-61,12],[-42,36],[-19,35],[-60,57],[-302,73],[-97,15],[-121,51],[-80,-31],[-27,-20],[-1,-49],[65,-35],[32,-10],[98,-65],[113,-101],[135,-15],[166,-51],[84,-31],[-16,-53],[-156,-3],[-159,7],[-191,49],[-192,27],[-278,21],[-183,6],[-493,-24],[-169,-6],[-211,-23],[-245,-35],[-170,-51],[-73,-13],[-144,-59],[-571,-309],[-50,45],[-70,16],[-21,-78],[-108,-102],[-91,-67],[-176,-160],[-162,-136],[-94,-25],[-243,-171],[-65,-55],[-252,-189],[-369,-248],[-146,-129],[-259,-265],[-127,-145],[-185,-224],[-230,-252],[-63,-89],[-124,-111],[-51,-101],[-115,-193],[-268,-378],[-263,-493],[-42,-173],[-53,-239],[-91,-181],[-4,-445],[45,-140],[1,-18],[60,-224],[76,-174],[115,-223],[170,-302],[261,-348],[140,-223],[93,-204],[86,-308],[28,-133],[130,-281],[479,-899],[79,-332],[40,-92],[0,-36],[-27,-54],[-73,-286],[-31,-75],[-20,-24],[-33,-9],[-30,7],[-124,47],[-54,9],[-47,-2],[-93,14],[-73,-5],[-319,34],[-96,8],[-61,21],[-48,56],[-4,35],[36,54],[-2,21],[-27,-7],[-29,-67],[-11,-72],[-57,-39],[-66,-24],[-62,-12],[-54,-23],[-85,-72],[-7,-13],[-208,-83],[-112,-73],[-32,-58],[-5,-100],[-18,-44],[-39,-18],[-106,41],[-26,4],[-74,-8],[-32,-26],[-17,-32],[-1,-57],[23,-12],[22,-83],[42,-34],[118,-51],[30,-8],[100,16],[20,30],[26,97],[40,127],[23,38],[184,148],[41,28],[97,43],[74,16],[97,2],[123,-13],[52,-16],[5,-20],[71,-58],[72,-30],[91,-9],[204,46],[118,9],[80,-16],[61,4],[100,-34],[251,70],[92,31],[72,12],[24,-4],[80,-34],[69,-76],[12,-83],[2,-127],[15,-32],[59,-75],[39,-122],[5,-93],[-24,-69],[-19,-16],[-105,-40],[-158,10],[-46,22],[-62,5],[-32,-9],[-40,16],[-27,-5],[-58,16],[-130,22],[-107,12],[-120,-8],[-69,-28],[-44,4],[-79,-10],[-66,-17],[-73,-3],[-41,-13],[-6,-17],[58,-27],[66,-22],[146,-28],[47,-4],[136,33],[139,1],[12,-4],[199,6],[54,-33],[-14,-50],[-83,-41],[-38,-51],[0,-31],[43,-10],[92,69],[55,36],[46,-5],[199,27],[43,-13],[69,-40],[61,-8],[32,7],[100,48],[240,146],[145,64],[33,1],[-12,-57],[-228,-122],[-655,-425],[-376,-227],[-177,-114],[-407,-255],[-310,-211],[-255,-182],[-236,-165],[-131,-85],[-310,-209],[-159,-132],[-88,-106],[-57,-141],[-5,-89],[-56,-73],[-78,-6],[-54,25],[-22,90],[-45,44],[-34,-12],[-7,-25],[34,-182],[-62,-109],[-48,-197],[-31,-78],[-35,-7],[-35,122],[-51,38],[-96,2],[-22,-30],[20,-60],[70,-41],[53,-73],[-17,-60],[-28,-63],[-15,-258],[14,-132],[-5,-165],[-44,-116],[-58,-51],[-24,-10],[-61,33],[-32,1],[-25,16],[-17,-25],[3,-36],[38,-43],[49,-17],[34,-32],[22,-84],[40,-47],[57,47],[8,20],[8,75],[13,10],[16,56],[40,26],[24,-7],[78,-67],[2,-50],[-27,-76],[15,-26],[62,19],[58,34],[121,83],[95,18],[34,-13],[53,-55],[2,-51],[-34,-49],[-54,-37],[-13,-46],[17,-10],[80,28],[26,-32],[-4,-45],[-33,-79],[-1,-51],[23,-96],[-46,-41],[61,-75],[-82,-63],[-213,-128],[-105,-57],[-128,-109],[-114,-58],[-77,-9],[-68,-21],[-51,-36],[35,-84],[23,-18],[-8,-42],[-60,-34],[-244,-99],[-151,-90],[-11,-18],[-60,-54],[-20,-32],[78,-36],[-367,-118],[-300,-111],[-67,-27],[-153,-77],[-47,-36],[-136,-84],[-166,-115],[-313,-224],[-160,-119],[-81,-64],[-103,-101],[-76,-93],[-73,-114],[-80,-137],[-61,-115],[-87,-154],[-314,-409],[-247,-261],[-142,-142],[-80,-187],[-93,-130],[-47,-119],[60,-263],[-16,-144],[-66,-109],[-138,-119],[-235,-111],[-245,-84],[-89,-18],[-533,-139],[-199,-71],[-152,-59],[-343,-176],[-176,-66],[-44,-37],[-28,-10],[-90,-59],[-256,-93],[-164,-69],[-563,-168],[-140,-45],[-663,-177],[-115,-19],[-81,-43],[-279,-72],[-136,-27],[-68,-17],[-68,-9],[-147,-30],[-449,-80],[-250,-53],[-12,2],[-343,-82],[-194,-62],[-134,-39],[-406,-115],[-187,-57],[-117,-29],[-305,-93],[-248,-79],[-152,-58],[-279,-103],[-690,-238],[-404,-151],[-178,-85],[-242,-113],[-980,-489],[-74,-33],[-381,-193],[-281,-140],[-92,-34],[-243,-104],[-347,-154],[-211,-96],[-519,-271],[-526,-290],[-429,-273],[-241,-157],[-194,-141],[-256,-190],[-456,-330],[-300,-213],[-215,-141],[-228,-171],[-94,-68],[-416,-357],[-100,-107],[-51,-88],[-37,-140],[-60,-101],[-28,-29],[-120,-86],[-418,-216],[-355,-220],[-185,-113],[-241,-167],[-527,-435],[-111,-101],[-195,-169],[-101,-81],[-131,-118],[-82,-77],[-221,-196],[-154,-159],[-18,-24],[-108,-115],[-46,-71],[-29,-19],[-97,-115],[-77,-109],[-168,-216],[-52,-95],[-26,-81],[-15,-13],[-58,-154],[-213,-332],[-134,-240],[-58,-75],[-123,-173],[-258,-352],[-113,-148],[-164,-237],[-252,-332],[-119,-147],[-131,-129],[-194,-164],[-162,-149],[-292,-293],[-143,-175],[-76,-96],[-22,-42],[-42,-52],[-43,-70],[-67,-164],[-39,-73],[-1,-46],[-97,-110],[-80,-101],[-29,-46],[-17,-43],[-8,-53],[-22,-67],[-29,-156],[-142,-149],[-75,-75],[-275,-210],[-134,-108],[-121,-110],[-45,-58],[-7,-30],[-50,-55],[-198,-202],[-39,-50],[-43,-70],[-41,-52],[-17,-46],[-28,-45],[-42,-86],[-44,-62],[-29,-68],[-24,-35],[-3,-107],[-275,-273],[-338,-286],[-152,-153],[-133,-140],[-86,-131],[-24,-76],[-5,-46],[12,-79],[-10,-11],[-39,-89],[3,-16],[-39,-42],[-271,-221],[-205,-160],[-225,-167],[-251,-224],[-172,-144],[-276,-253],[-442,-415],[-203,-195],[-127,-129],[-126,-140],[-137,-145],[-68,-88],[-68,-98],[-14,-49],[-45,-103],[-62,-71],[-49,-239],[16,-85],[-29,-43],[-99,-79],[-169,-115],[-371,-227],[-51,-48],[-223,-97],[-322,-154],[-224,-112],[-468,-240],[-79,-47],[-127,-61],[-47,-34],[-102,-51],[-97,-28],[-163,-41],[-195,-59],[-114,-44],[-173,-84],[-50,-40],[-61,-82],[-119,-77],[-177,-66],[-150,-50],[-308,-123],[-183,-77],[-390,-183],[-417,-213],[-251,-150],[-54,-28],[-156,-90],[-191,-145],[-130,-69],[-94,-81],[-325,-233],[-197,-117],[-111,-74],[-117,-103],[-76,-56],[-179,-121],[-98,-93],[-63,-94],[-12,-67],[20,-69],[-22,-26],[-20,-58],[-81,-74],[-52,-72],[-1,-23],[-32,-54],[-54,-48],[-1,-12],[-78,-54],[-25,-47],[-119,-64],[-86,-53],[-18,-37],[-152,-77],[-102,-56],[-81,-57],[-111,-63],[-86,-63],[-111,-102],[-52,-57],[-26,-61],[29,-50],[-21,-40],[-50,-39],[-51,-63],[-28,-72],[-179,-107],[-89,-63],[-60,-61],[-46,-58],[-37,-86],[-21,-24],[62,-75],[28,-1],[2,-152],[-53,-84],[-28,-78],[-61,-55],[-75,-54],[-15,-28],[-60,-52],[-42,-49],[-37,-62],[-6,-41],[15,-29],[-25,-33],[-60,-39],[-76,-62],[-141,-80],[-91,-71],[-3,-15],[-41,-52],[-12,-27],[-1,-42],[-52,-48],[-28,-57],[0,-51],[17,-48],[20,-7],[-8,-39],[-29,-25],[-65,-41],[-153,-66],[-100,-56],[-108,-83],[-3,-75],[-21,-18],[-2,-96],[-21,65],[-13,7],[-67,-97],[-29,-90],[-6,-51],[-68,-54],[-61,-61],[-22,-58],[-209,-102],[-59,-38],[-14,-63],[-37,-30],[-134,-66],[-65,-46],[-105,-118],[4,-24],[55,-32],[-2,-35],[19,-24],[-15,-34],[-223,-146],[-36,-36],[-4,-39],[-29,-30],[-282,-124],[-136,-57],[-85,-53],[-12,-21],[4,-46],[-61,-50],[-37,-21],[-63,-24],[-454,-128],[-225,-74],[-94,-45],[-25,-19],[-46,-54],[-137,-37],[-79,-29],[-63,-36],[-31,-6],[-271,-101],[-228,-105],[-89,-50],[-87,-66],[-29,-32],[-18,-48],[6,-43],[-29,-40],[-93,-75],[-1,-52],[-40,-26],[-67,-33],[-399,-157],[-34,-20],[-44,-46],[-26,-15],[-83,-25],[-86,-50],[-95,-41],[-146,-58],[-233,-104],[-110,-44],[-65,-56],[-52,-20],[-36,-25],[-323,-124],[-241,-94],[-70,-34],[-10,-23],[-572,-241],[-528,-254],[-268,-133],[-379,-203],[-174,-100],[-229,-127],[-191,-116],[-275,-158],[-361,-216],[-317,-210],[-497,-336],[-229,-173],[-151,-122],[-148,-111],[-207,-174],[-406,-365],[-266,-259],[-56,-49],[-271,-264],[-75,-75],[-80,-69],[-161,-151],[-144,-147],[-83,-78],[-119,-136],[-107,-137],[-71,-120],[-54,-114],[-44,-111],[-29,-92],[-28,-107],[-11,-118],[25,-10],[-28,-165],[-37,-42],[-97,-73],[-26,-15],[-11,-94],[25,-11],[36,-42],[-39,-80],[-23,-19],[-89,-34],[-130,-1],[-26,-17],[-11,-26],[-30,-244],[0,-79],[83,-45],[12,-21],[10,-71],[23,-33],[6,-80],[13,-19],[52,-8],[36,-19],[50,-54],[19,-68],[113,34],[31,-5],[33,-55],[78,-21],[118,-71],[43,-38],[84,-88],[29,-56],[45,-21],[48,57],[68,25],[36,-5],[66,16],[41,-6],[27,-18],[86,-30],[42,-8],[72,15],[8,-15],[-3,-64],[-37,-169],[-7,-63],[11,-134],[-6,-115],[-59,-234],[-39,-137],[-36,-166],[-22,-85],[-8,-128],[5,-105],[-7,-7],[-112,-24],[-66,-8],[-124,-23],[-49,17],[-39,102],[30,-153],[-22,-165],[-2,-189],[104,43],[54,39],[38,38],[40,72],[-4,72],[51,56],[148,46],[105,38],[61,7],[39,-6],[37,-30],[44,-68],[9,-61],[-14,-53],[-54,-77],[-143,-169],[-195,-240],[-105,-184],[-74,-334],[-4,-42],[-33,-149],[-10,-97],[8,-164],[13,-97],[3,-156],[-11,-65],[-16,-23],[-98,-68],[-258,-106],[-89,-40],[-379,-125],[-104,-29],[-408,-161],[-529,-296],[-902,-414],[-389,-216],[-517,-281],[-510,-242],[-149,-81],[-75,-56],[-76,12],[-21,-49],[-30,-25],[-51,-14],[-153,-17],[-507,-108],[-243,-70],[-207,-77],[-190,-81],[-569,-316],[-270,-127],[-220,-92],[-223,-99],[-119,-73],[-30,-2],[-40,48],[-41,29],[-55,11],[-66,1],[-20,17],[-34,55],[-76,71],[-65,33],[-80,19],[-125,19],[-536,58],[-250,30],[-288,38],[-215,25],[-212,33],[-57,16],[-176,0],[-282,19],[-234,33],[-196,-9],[-238,-20],[-304,-48],[-245,-46],[-111,-17],[-337,-110],[-485,-201],[-279,-163],[-221,-142],[-215,-163],[-49,-24],[-31,-90],[-219,-240],[-142,-199],[-143,-262],[-104,-245],[-95,-292],[-20,-117],[16,-100],[-46,-199],[-144,-409],[-219,-386],[-116,-211],[-152,-280],[-36,-46],[-58,-167],[-23,-154],[1,-78],[10,-62],[39,-124],[5,-43],[-9,-32],[-124,-91],[-159,-141],[-143,-114],[-392,-362],[-173,-186],[-239,-275],[-282,-307],[-246,-276],[-40,-103],[-31,-133],[38,-210],[102,-211],[85,-133],[5,-52],[-117,-158],[-176,-114],[-129,-75],[-372,-203],[-44,-50],[-55,-8],[-51,11],[-37,44],[-35,23],[-67,-5],[-201,-41],[-331,-75],[-366,-29],[-286,22],[-56,31],[-91,95],[-26,97],[15,90],[15,54],[-35,159],[-20,131],[-79,196],[-12,63],[-83,219],[-24,111],[-268,552],[-48,70],[-88,52],[-149,64],[-276,64],[-239,33],[-446,-10],[-281,-28],[-109,-26],[-317,-52],[-215,-43],[-501,-148],[-143,-57],[-55,-15],[-378,-138],[-329,-132],[-151,-67],[-202,-99],[-129,-68],[-82,-34],[-171,-95],[-150,-87],[-179,-113],[-127,-75],[-254,-171],[-168,-121],[-169,-153],[-90,-76],[-23,-35],[-206,-203],[-147,-160],[-134,-162],[-290,-478],[-115,-202],[-88,-187],[-73,-243],[-58,-177],[-42,-113],[-37,-274],[45,-73],[-42,-44],[-41,-95],[7,-38],[12,-2],[-91,-191],[-55,-169],[2,-48],[-22,-69],[-49,-176],[-45,-107],[-67,-108],[-198,-267],[-60,-69],[-189,-204],[-319,-396],[-238,-353],[-90,-178],[-42,-152],[8,-80],[-14,-58],[-47,-104],[-70,-123],[-89,-193],[-49,-171],[-24,-189],[30,-149],[40,-292],[-11,-137],[-28,-134],[-13,-91],[10,-38],[-21,-63],[-46,-60],[-82,-136],[-103,-253],[-71,-207],[-76,-251],[-44,-231],[-16,-144],[16,-181],[17,-383],[9,-84],[27,-188],[12,-131],[21,-117],[59,-303],[42,-204],[24,-89],[27,-195],[23,-64],[41,-73],[30,-115],[40,-80],[73,-296],[14,-193],[0,-249],[16,-157],[38,-93],[3,-33],[21,-70],[1,-85],[8,-76],[23,-159],[45,-173],[53,-144],[59,-146],[60,-87],[57,-68],[120,-93],[81,-117],[84,-131],[30,-111],[28,-136],[21,-49],[25,-91],[117,-472],[54,-172],[89,-198],[40,-48],[81,-61],[57,-23],[52,-37],[30,-85],[34,-185],[-82,-274],[-72,-407],[-15,-120],[-22,-131],[-24,-348],[-10,-182],[-9,-95],[-10,-196],[-11,-69],[-7,-217],[-22,-407],[-9,-114],[-23,-135],[-9,-91],[-41,-122],[-46,-102],[-117,-274],[-29,-75],[-51,-156],[-52,-196],[-17,-83],[-9,-98],[4,-83],[-27,-172],[-5,-7],[-58,-210],[-14,-66],[-25,-285],[-16,-273],[20,-429],[26,-175],[27,-276],[29,-147],[65,-111],[11,-66],[11,-182],[10,-87],[38,-140],[24,-62],[35,-68],[30,-89],[155,-372],[165,-351],[58,-158],[29,-69],[84,-226],[7,-7],[54,-152],[27,-61],[86,-148],[96,-187],[57,-129],[27,-82],[24,-95],[36,-125],[66,-151],[37,-99],[41,-77],[29,-35],[23,-62],[9,-72],[24,-79],[42,-116],[36,-171],[-12,-96],[-58,-228],[-65,-206],[-53,-255],[-38,-313],[-16,-254],[7,-192],[33,-185],[36,-164],[64,-203],[77,-165],[181,-350],[262,-681],[144,-460],[239,-206],[56,-61],[56,-218],[16,-127],[7,-213],[36,-253],[57,-234],[1,-19],[43,-216],[67,-481],[1,-236],[-4,-77],[-41,-147],[-12,-63],[-18,-31],[-17,-60],[4,-66],[40,-28],[-89,-235],[-34,-115],[-92,-251],[-4,-41],[-21,-34],[-18,-76],[-37,-55],[-37,-147],[-60,-175],[-32,-150],[-50,-129],[-53,-120],[-19,-77],[2,-56],[30,-16],[14,-36],[0,-46],[38,-38],[-10,-56],[1,57],[-31,34],[-49,-150],[12,-24],[61,-14],[11,28],[36,21],[-15,-34],[-2,-51],[-52,-126],[-20,-17],[-16,-40],[-56,-73],[-31,-22],[-19,-59],[6,-9],[-33,-56],[-43,-137],[-36,-164],[-32,-193],[-7,-87],[-10,-57],[-53,-155],[-66,-268],[-45,-219],[-57,-316],[-59,-466],[-7,-37],[-39,-305],[-22,-231],[-13,-298],[8,-223],[18,-147],[8,-32],[24,-37],[27,-10],[5,-98],[-13,-45],[-129,-396],[-129,-360],[-55,-135],[-89,-259],[-104,-290],[-47,-137],[-86,-217],[-34,-125],[-1,-64],[15,-15],[-13,-17],[-104,-242],[-39,-123],[-25,-131],[-43,-109],[-40,-120],[-93,-212],[-46,-138],[-59,-239],[-50,-323],[1,-84],[-17,-106],[-23,-70],[-50,-65],[-54,-80],[-286,-444],[-92,-130],[-137,-174],[-186,-200],[-150,-180],[-199,-254],[-136,-202],[-240,-333],[-68,-117],[-131,-284],[-128,-217],[-325,-518],[-589,-895],[-110,-175],[-114,-187],[-110,-165],[-105,-178],[-78,-119],[-35,-67],[-168,-346],[-86,-175],[-112,-286],[-34,-74],[-55,-148],[-65,-245],[-27,-118],[-22,-159],[-14,-72],[-23,-85],[-43,-123],[-6,-66],[37,-13],[-24,-21],[-15,-52],[-40,-173],[-17,-55],[-53,-135],[-103,-291],[-66,-211],[-57,-209],[-46,-201],[-14,-86],[-20,-172],[-25,-122],[-34,-125],[-33,-173],[-62,-259],[-5,-86],[-12,-40],[15,-23],[3,-34],[-81,-145],[-50,-224],[-67,-293],[-65,-378],[-32,-282],[-13,-239],[16,-210],[15,-168],[15,-74],[26,-97],[55,-151],[38,-90],[58,-79],[52,-32],[12,-25],[-6,-60],[47,-160],[35,-84],[77,-137],[63,-98],[77,-172],[35,-85],[34,-116],[40,-163],[52,-233],[22,-86],[42,-122],[89,-224],[54,-50],[20,-32],[12,-50],[3,-76],[-12,-294],[5,-259],[20,-167],[29,-203],[75,-361],[14,-83],[14,-129],[27,-163],[18,-128],[18,-164],[26,-299],[12,-302],[-3,-54],[8,-134],[-1,-324],[-12,-281],[-15,-248],[-4,-166],[3,-127],[6,-38],[-17,-402],[-23,-684],[4,-284],[12,-52],[-20,-111],[0,-203],[-6,-183],[3,-59],[3,-312],[-20,-470],[0,-438],[7,-90],[-9,-89],[6,-104],[24,-623],[6,-223],[-6,-41],[-2,-114],[6,-160],[5,-250],[17,-323],[37,-517],[36,-585],[2,-139],[11,-243],[4,-143],[19,-436],[16,-181],[10,-141],[30,-286],[36,-266],[118,-590],[17,-115],[7,-98],[-8,-51],[-27,-41],[-131,-131],[-2,-52],[-285,-82],[-75,-15],[-102,-9],[-169,-7],[-190,-13],[-415,-9],[-335,11],[-772,89],[-666,98],[-113,36],[-92,18],[-407,68],[-383,51],[-198,49],[-26,22],[-5,41],[13,32],[51,35],[34,-3],[81,-47],[37,3],[80,39],[39,39],[18,89],[32,45],[53,26],[58,-7],[95,-19],[142,-40],[32,7],[19,19],[23,69],[4,80],[-38,12],[-27,-13],[-66,-4],[-166,21],[-167,57],[-43,12],[-51,-7],[-13,-25],[28,-37],[0,-23],[-50,-42],[-64,-6],[7,-38],[62,-55],[0,-45],[-26,-32],[-26,-13],[-64,0],[-39,-13],[-48,-42],[-38,0],[-23,15],[8,61],[19,37],[45,-15],[19,12],[-41,45],[-50,7],[-23,-11],[-15,-30],[23,-57],[-8,-19],[-32,-6],[-22,11],[-43,137],[-24,28],[-23,-4],[-11,-68],[4,-68],[-8,-26],[-57,-42],[-65,0],[-38,27],[-26,38],[-54,45],[12,34],[15,0],[69,-49],[15,22],[-75,36],[-43,40],[-11,39],[-34,17],[-41,-1],[-53,-24],[3,-14],[60,-25],[34,-53],[5,-87],[-102,47],[-14,0],[-8,-49],[51,-29],[68,-12],[102,-10],[145,-23],[103,-7],[91,18],[12,-11],[-16,-35],[-64,-52],[-72,-5],[-128,10],[-506,50],[-448,34],[-152,19],[-68,0],[-114,-8],[-65,-11],[-34,-29],[-33,-51],[-33,-72],[-51,-76],[-41,-41],[-120,-62],[-105,-41],[-70,9],[-63,2],[-103,-26],[-47,-22],[-97,-58],[-69,-58],[-82,-95],[-72,-12],[-80,-53],[-64,-66],[-93,-85],[-119,-118],[-52,-77],[-7,-29],[9,-27],[55,-52],[74,-36],[18,-17],[11,-60],[-25,-44],[-55,-42],[-33,-16],[-47,-44],[-38,-60],[-30,-31],[-105,-91],[-106,-42],[-25,-18],[-29,-48],[10,-74],[-42,-40],[2,-27],[34,-54],[-9,-79],[2,-40],[-11,-13],[-103,-34],[-26,-58],[5,-67],[-9,-64],[20,-38],[28,-29],[41,-3],[8,-23],[-52,-29],[-10,-18],[-15,-79],[-29,-61],[-2,-21],[16,-48],[-1,-33],[-33,-51],[34,-137],[92,-181],[52,-6],[67,-21],[77,-72],[21,-64],[-19,-55],[-6,-45],[19,-71],[45,-42],[113,-67],[-12,-11],[-176,-86],[-58,-35],[-71,-61],[-21,-37],[-30,-19],[-88,-87],[-29,-41],[-62,-54],[-80,-103],[-90,-92],[-78,-91],[-18,-28],[-17,-79],[-71,-37],[-69,-55],[-59,-57],[-12,-20],[-100,-93],[-67,-88],[-17,-10],[-45,-53],[-67,-41],[-38,-40],[-28,-67],[11,-60],[-14,-44],[-70,-89],[-35,-24],[-73,-89],[-109,-89],[-36,-54],[-6,-58],[-77,-128],[-2,-75],[52,-36],[15,-35],[-20,-85],[-41,-55],[-126,-117],[-12,-52],[-44,-35],[-26,-3],[-86,-53],[-72,-76],[-74,-114],[-34,-79],[-20,-111],[-60,-42],[-67,-71],[-21,-38],[-55,-72],[-27,-79],[-27,-38],[-83,-45],[-102,-37],[-42,-28],[-38,-38],[-44,-70],[-28,-27],[-50,-86],[-53,-48],[-38,-57],[-30,-78],[-94,-77],[-54,-97],[-78,-58],[-57,-66],[-22,-37],[-9,-40],[-31,-55],[-39,-28],[-45,-54],[-30,-73],[-39,-72],[-3,-28],[-26,-71],[-15,-25],[-11,-67],[2,-55],[-7,-43],[-18,-47],[-30,-38],[-38,-103],[-42,-147],[-51,-55],[-63,-46],[-69,-74],[-61,-91],[-46,-76],[-30,-83],[-28,-167],[-46,-115],[-17,-72],[-5,-82],[-61,-188],[0,-45],[13,-37],[53,-66],[-12,-61],[-69,-163],[-27,-112],[-9,-128],[24,-25],[-82,-19],[-62,7],[-40,32],[-32,-7],[-20,-55],[7,-107],[33,-127],[166,-334],[71,-124],[172,-259],[255,-296],[194,-201],[142,-151],[110,-101],[90,-63],[159,-148],[351,-249],[180,-110],[102,-53],[47,-18],[24,1],[158,-38],[144,-50],[120,-36],[75,-4],[71,13],[57,3],[71,-29],[71,13],[28,28],[44,20],[67,-15],[153,-73],[68,-12],[147,5],[78,-20],[108,1],[4,-19],[-136,-6],[-89,-17],[-100,-12],[-164,-29],[-38,0],[-50,-20],[-31,-30],[-90,-9],[-92,-18],[-108,-26],[-37,-22],[-226,-74],[-83,-9],[-304,16],[-311,52],[-331,66],[-341,20],[-213,0],[-371,-48],[-133,-34],[-67,-51],[-55,-60],[-7,-20],[-41,-45],[-37,-20],[-45,0],[-48,10],[-154,48],[-97,22],[-67,6],[-26,-6],[-34,-29],[-91,1],[-28,-6],[-39,-36],[-49,-24],[-105,-2],[-55,-17],[-92,-40],[-98,-27],[-23,-30],[-39,-7],[-40,-19],[-112,-8],[-26,-6],[-64,-33],[-66,-52],[-73,-5],[-47,-33],[-38,0],[-53,-19],[-36,-29],[-92,-14],[-31,-20],[-66,-25],[-20,-16],[-106,-20],[-83,-29],[-46,0],[-120,-35],[-26,-38],[-31,-8],[-50,-41],[-15,-31],[30,-20],[-11,-35],[-2,-49],[-24,-14],[-99,13],[-50,-2],[-70,26],[-107,21],[-129,15],[-83,-15],[-47,0],[-101,-28],[-139,-90],[-39,-41],[-33,-50],[-10,-41],[14,-55],[33,-12],[34,-32],[6,-80],[18,-20],[86,-3],[-16,-17],[-216,-26],[-190,-32],[-149,-36],[-171,-68],[-90,-51],[-72,-53],[-66,-64],[-25,-4],[-132,54],[-65,17],[-121,10],[-171,-5],[-120,-14],[-106,6],[-193,-42],[-169,-44],[-259,-20],[-124,-12],[-24,-9],[-286,-79],[-232,-88],[-76,-44],[-332,-238],[-114,-98],[-83,-77],[-44,-49],[-175,-159],[-314,-231],[-191,-155],[-404,-268],[-36,-29],[-139,-82],[-178,-121],[-316,-240],[-96,-104],[-15,-43],[-25,-26],[-43,-67],[-58,-65],[-37,-58],[-79,-143],[-74,-182],[-19,-63],[-4,-51],[9,-82],[-7,-39],[-47,-4],[-37,-42],[-41,-86],[-5,-49],[-13,-30],[-3,-47],[12,-78],[-9,-66],[-23,-49],[-1,-77],[18,-61],[-25,-74],[0,-92],[24,-62],[-34,-73],[-13,-50],[5,-53],[17,-18],[-29,-17],[-4,-29],[31,-20],[-44,-96],[15,-57],[-13,-24],[28,-103],[-36,61],[-10,-15],[2,-54],[12,-47],[41,-69],[30,-5],[38,-29],[102,-31],[11,5],[40,275],[21,19],[87,-13],[67,-20],[26,-47],[-3,-106],[-14,-138],[199,-94],[80,-25],[53,-24],[42,-62],[-37,-3],[-113,-55],[-269,125],[-32,-72],[-58,13],[-56,-3],[-54,-15],[-55,-27],[-90,-74],[-55,-77],[-31,-63],[-28,-110],[-9,-59],[-31,-68],[-56,-67],[-47,-34],[-54,-52],[-40,-62],[-27,-87],[-59,-299],[-22,-73],[-5,-63],[-12,-240],[3,-139],[17,-90],[38,-107],[51,-91],[23,-52],[7,-68],[-26,-114],[-44,-149],[-9,-118],[-65,-132],[-51,-233],[8,-151],[49,-77],[-4,-40],[11,-47],[34,-31],[-29,-67],[-66,-74],[-218,-227],[-65,-56],[-53,-60],[-161,-203],[-118,-160],[-70,-117],[-39,-98],[-29,-161],[-43,-77],[-18,-66],[-1,-50],[14,-41],[36,-41],[38,-27],[33,3],[26,-11],[-15,-19],[-59,-25],[-428,-143],[-162,-64],[-497,-244],[-136,-89],[-54,-46],[-16,-43],[-2,-35],[19,-13],[33,4],[-90,-31],[-113,-57],[-64,-45],[-101,-53],[-53,-54],[-73,-26],[-250,-122],[-51,-49],[-66,-72],[-60,-43],[-31,-9],[-78,-42],[-64,-23],[-62,-31],[-47,-10],[-75,-40],[-100,-39],[-185,-59],[-155,-45],[-71,-33],[-81,-23],[-60,-35],[-61,-79],[-75,-62],[-56,-40],[-17,-21],[-31,-68],[-4,-43],[17,-27],[5,-64],[-32,-73],[-35,-37],[-55,-29],[-94,-32],[-108,-64],[-34,-30],[1,-28],[-29,-12],[-38,-40],[-55,-27],[-9,-19],[-77,-34],[-56,-5],[-58,-19],[-47,-7],[-89,-60],[-38,-16],[20,-86],[-25,-6],[-19,85],[-14,7],[-146,-2],[-23,-7],[-197,-23],[-99,-25],[-121,1],[-65,-32],[-22,19],[-66,12],[-93,-23],[-32,-3],[-80,-24],[-205,-50],[-91,-25],[-115,-48],[-132,-39],[-51,-33],[-99,-39],[-18,-25],[-57,-40],[-12,-23],[-40,-28],[-15,-23],[-58,-46],[18,-12],[-5,-33],[-30,-4],[-27,-84],[31,-70],[-21,-31],[20,-51],[-16,-7],[24,-30],[20,23],[37,-19],[-11,-17],[13,-24],[-85,-33],[-39,-26],[-31,-43],[-13,-77],[-53,8],[-10,-8],[-57,8],[-72,-1],[-50,-11],[-15,31],[-45,15],[-26,-14],[-10,19],[-195,24],[-119,21],[-123,28],[-56,5],[-31,14],[-130,18],[-118,23],[-143,14],[-188,49],[-24,12],[-115,25],[-352,104],[-72,13],[-1,18],[-184,49],[-164,64],[-239,17],[-91,20],[-92,4],[-34,-3],[-30,-35],[151,-14],[23,-8],[-166,15],[-35,9],[-11,-18],[-27,-1],[-31,22],[-7,19],[-45,26],[-24,25],[-22,44],[-5,60],[-24,17],[-8,35],[-23,42],[-77,61],[-182,120],[-226,119],[-83,38],[-84,2],[-40,35],[-49,8],[-89,95],[9,33],[-39,67],[-68,92],[-73,40],[-62,43],[-160,101],[-155,77],[-25,3],[7,20],[-44,72],[-93,114],[-46,45],[-12,-16],[-27,31],[1,17],[-42,40],[-108,83],[-163,120],[-279,168],[-256,198],[-209,181],[-289,211],[-511,379],[-45,10],[-44,37],[-26,52],[-22,12],[-14,43],[-60,71],[-59,29],[-21,0],[-30,22],[-43,-19],[-14,42],[-30,26],[-32,3],[-3,33],[-36,24],[-27,42],[-10,-7],[-28,38],[17,22],[-3,143],[-25,60],[-73,119],[-83,111],[-98,121],[-124,116],[-114,144],[-154,168],[-188,217],[-206,223],[-218,306],[-128,169],[-120,146],[-132,139],[-191,239],[-220,281],[-160,203],[-21,63],[-89,78],[-96,126],[-171,214],[-234,289],[-61,83],[-81,95],[-69,95],[-161,184],[-59,84],[-48,49],[-18,50],[-38,66],[-57,73],[-95,160],[-93,118],[-223,246],[-395,603],[-56,102],[-63,64],[-137,123],[-99,77],[-79,41],[-72,2],[25,44],[-35,17],[-138,11],[-27,-28],[-57,54],[-10,39],[-21,22],[-67,46],[-30,41],[-31,65],[-33,21],[-10,40],[-43,78],[-20,109],[-3,65],[-12,49],[-56,29],[-7,23],[33,38],[-19,50],[-13,89],[-74,223],[-6,39],[-29,105],[-40,177],[-11,68],[-5,69],[-22,68],[7,56],[-53,110],[-56,85],[-87,211],[-191,445],[-142,308],[-46,84],[-34,82],[-57,114],[-83,205],[-95,211],[-32,54],[-62,132],[-14,48],[-48,91],[-78,192],[-110,238],[-84,177],[-113,246],[-24,46],[-127,283],[-81,173],[-33,80],[-36,66],[-25,80],[-77,178],[-134,285],[-125,278],[-73,188],[-70,189],[-14,62],[-16,38],[-33,113],[-45,121],[-88,303],[-28,120],[-34,175],[-58,252],[-20,125],[-72,372],[-26,144],[-16,120],[-32,199],[-40,285],[-20,161],[-15,66],[3,49],[-24,291],[-20,163],[-13,61],[7,9],[-26,252],[-40,472],[-26,251],[-56,388],[-74,384],[-38,225],[-15,109],[-18,83],[-63,331],[-19,118],[-51,229],[-53,192],[-10,49],[-35,95],[-56,165],[-34,86],[-34,105],[-10,53],[-44,69],[-94,92],[-24,43],[-30,90],[-2,29],[-19,33],[-15,53],[-19,121],[-47,242],[-27,56],[-19,63],[-64,236],[-23,20],[-55,192],[-51,201],[-16,44],[-35,134],[-57,258],[-37,140],[-76,236],[-74,209],[-26,47],[-22,80],[-28,27],[-13,-6],[-36,146],[-110,339],[-101,337],[-44,130],[-13,58],[-73,264],[-17,90],[-33,117],[-18,52],[-50,165],[-71,200],[-68,198],[-136,363],[-67,165],[-70,178],[-125,306],[-65,164],[-74,167],[-118,224],[-31,73],[-145,271],[-67,100],[-42,67],[-147,319],[-88,227],[-52,112],[-135,245],[-71,152],[-57,138],[-104,268],[-107,232],[-60,144],[-60,126],[-81,185],[-46,120],[-68,155],[-26,51],[-82,189],[-18,30],[-46,107],[-50,131],[-28,58],[-77,209],[-45,77],[-19,43],[-33,23],[-5,67],[-54,227],[-41,181],[-72,345],[-78,364],[-69,335],[-45,203],[-95,400],[-58,232],[-56,200],[-39,157],[-29,83],[-73,309],[-29,143],[-41,176],[-41,152],[-30,93],[-64,225],[-36,101],[-30,98],[-51,78],[-8,32],[-23,35],[-90,220],[-37,50],[-34,11],[-48,49],[-33,1],[-40,41],[25,55],[-25,99],[-32,89],[-115,299],[-92,249],[-21,77],[-59,144],[-25,104],[-68,185],[-103,301],[-91,228],[-56,171],[-47,5],[-57,49],[-8,60],[-33,65],[5,24],[22,16],[5,41],[-15,38],[6,21],[-48,119],[-114,257],[-46,100],[-41,99],[-28,19],[-109,229],[-74,135],[-91,154],[-101,157],[-28,30],[-80,29],[-76,70],[-48,37],[-28,3],[-55,39],[-38,17],[-87,21],[-37,-24],[-66,-12],[-19,-43],[-28,1],[-80,129],[-44,29],[-33,-3],[-53,37],[20,61],[-14,62],[-100,287],[-164,441],[-3,16],[-61,170],[5,29],[-8,51],[-21,7],[-21,47],[-69,202],[-131,360],[-146,358],[-73,166],[-30,2],[-36,21],[-15,22],[29,5],[2,38],[-12,40],[-68,142],[-101,193],[-50,55],[4,27],[-27,35],[-46,17],[-47,84],[-43,16],[-3,29],[-91,142],[-29,36],[-59,16],[-46,-16],[-8,30],[-82,113],[-31,18],[-37,7],[-2,37],[-23,48],[-68,55],[-61,76],[38,26],[-55,42],[-21,-48],[-24,-7],[-29,23],[-57,-11],[-13,17],[-69,46],[12,62],[19,12],[33,-13],[-4,28],[-55,7],[-88,43],[4,35],[-10,40],[-55,96],[-77,106],[-45,41],[-39,-6],[-21,36],[-29,26],[-53,74],[-28,17],[-6,29],[-83,108],[-39,24],[2,11],[-34,45],[-47,36],[-32,6],[-32,34],[-18,38],[-126,124],[-55,22],[-34,1],[-13,-62],[-27,-17],[-45,16],[-36,-31],[-26,17],[-13,42],[-26,10],[-27,34],[-49,5],[-2,48],[-34,46],[-12,47],[-57,82],[-74,92],[-29,43],[-71,87],[-98,100],[-71,16],[-4,34],[22,47],[-45,75],[-132,184],[-53,66],[-82,82],[-11,38],[-65,101],[-123,182],[-33,34],[-95,135],[-169,219],[-134,150],[-66,49],[-56,34],[-74,28],[-23,-10],[11,-16],[-36,-33],[-31,-68],[-71,-31],[-60,10],[-38,-19],[7,-21],[-40,-35],[-32,10],[-15,26],[11,33],[-30,53],[-85,168],[-15,24],[-85,185],[-124,289],[-202,507],[-42,100],[-112,283],[-60,144],[-94,251],[-116,300],[10,18],[0,42],[-37,17],[-18,26],[-36,91],[-64,179],[-130,334],[-24,65],[-79,195],[-157,369],[-63,157],[-94,199],[-113,260],[-77,172],[-79,166],[-33,61],[-31,43],[-33,14],[-27,-15],[-27,15],[-88,201],[-68,104],[-39,12],[-31,62],[-113,259],[-29,45],[-56,115],[-56,131],[-75,139],[-48,72],[-132,303],[-27,74],[-76,194],[-51,135],[-48,117],[-112,290],[-63,149],[-78,199],[-55,106],[-61,161],[-37,86],[-73,184],[-117,260],[-71,174],[-60,123],[-68,173],[-21,38],[-38,30],[-37,84],[-22,69],[-76,195],[-25,44],[-39,107],[-115,294],[-50,131],[-21,42],[-29,31],[-60,98],[-42,127],[-24,54],[-17,66],[-90,253],[-29,48],[-59,63],[-14,29],[-46,187],[-40,225],[-25,64],[0,29],[-22,106],[-60,245],[-18,24],[-20,130],[-1,47],[-27,142],[-41,230],[-24,116],[-59,271],[-30,96],[-13,86],[-25,124],[-15,103],[-44,206],[-59,311],[-19,78],[8,26],[-48,125],[-48,204],[-107,484],[-59,244],[-64,222],[-56,112],[-5,56],[-47,184],[-24,119],[-24,33],[-1,40],[-22,77],[-5,51],[-34,186],[-21,74],[-28,122],[-74,200],[-20,180],[-28,146],[-27,107],[-42,119],[-40,70],[-46,50],[-115,73],[-38,43],[45,-7],[22,27],[7,39],[-12,211],[-13,109],[2,95],[16,134],[0,117],[-36,290],[-7,203],[6,26],[29,13],[-47,83],[-28,19],[-23,244],[-18,230],[-22,217],[-33,295],[-21,151],[-10,109],[-53,343],[-35,168],[-36,220],[-28,133],[20,41],[28,13],[-41,34],[-19,29],[-25,81],[-9,57],[-25,68],[-54,57],[-45,61],[-24,18],[-33,101],[-46,86],[-17,96],[2,75],[-33,215],[-22,125],[-21,93],[-11,90],[-32,178],[-50,244],[-15,112],[-46,168],[6,14],[-34,95],[-14,62],[-18,124],[-28,108],[-15,13],[0,44],[-72,271],[-39,139],[21,16],[-37,32],[-57,79],[-81,173],[-14,54],[-26,140],[-48,153],[-32,75],[-31,42],[-50,6],[-35,103],[-35,61],[-25,68],[-49,50],[-34,-16],[-12,-28],[-31,5],[4,27],[-46,44],[-49,-16],[-45,-27],[3,27],[-42,80],[-58,12],[5,29],[-36,65],[-41,18],[-20,-30],[-18,-1],[-5,53],[-54,66],[-15,4],[-75,97],[-64,55],[-24,114],[-12,32],[-22,16],[-18,37],[0,56],[-24,52],[-11,50],[-46,67],[-21,41],[13,28],[-14,20],[4,104],[-8,112],[-16,77],[-43,172],[-19,106],[-24,79],[-44,79],[1,53],[-37,29],[-12,-19],[-44,14],[7,19],[46,-2],[18,23],[16,123],[-23,21],[-13,44],[-2,66],[-16,68],[-22,133],[-30,84],[-26,3],[20,32],[-27,120],[-9,87],[-27,108],[-10,67],[-37,145],[-2,40],[-18,21],[-30,95],[-25,25],[-40,7],[-15,-24],[-70,22],[12,23],[-23,35],[1,29],[-28,11],[11,20],[-25,74],[-21,43],[-40,12],[3,23],[-32,26],[17,43],[-78,243],[-59,176],[-63,195],[-35,129],[6,101],[11,28],[-41,15],[-23,24],[-34,88],[-45,98],[-6,114],[-81,365],[-14,20],[9,24],[-17,91],[-21,43],[22,11],[-1,45],[-25,81],[-60,246],[-56,197],[-1,16],[-53,12],[-22,-20],[-33,21],[-36,62],[26,-5],[16,20],[-4,43],[-38,10],[-7,22],[27,0],[-2,109],[-72,213],[-55,148],[-71,178],[-99,219],[-51,7],[11,79],[39,15],[10,21],[-5,59],[21,28],[-51,47],[-35,-8],[-39,4],[-16,-17],[-47,4],[-37,-79],[-28,-5],[-23,48],[-75,2],[-16,-20],[-52,-18],[-3,45],[-28,8],[-86,-3],[-40,35],[-35,-10],[13,44],[46,11],[6,55],[-13,16],[-39,11],[5,26],[-14,54],[37,15],[3,36],[-28,89],[-37,80],[-34,97],[-40,82],[-142,322],[10,32],[-31,42],[-65,50],[-11,24],[-30,12],[4,19],[-22,27],[-9,74],[-67,100],[-35,-6],[21,41],[30,-29],[81,-18],[34,42],[17,80],[-7,91],[-24,64],[-22,2],[18,45],[-18,39],[-25,27],[17,32],[-23,48],[-29,15],[27,46],[-17,6],[21,24],[24,-14],[22,37],[-4,38],[-95,196],[-68,119],[-19,23],[-80,40],[-67,-26],[-37,6],[49,10],[6,20],[24,-7],[23,14],[-24,16],[16,12],[40,-1],[14,29],[-5,46],[-14,29],[-76,119],[-69,77],[-7,36],[-77,65],[-49,33],[-51,21],[-28,3],[-35,-21],[-25,-53],[9,-20],[-14,-41],[-55,-1],[-10,-19],[-57,14],[-73,-43],[-29,14],[-4,37],[-33,2],[-42,-50],[5,-25],[29,-26],[37,-147],[-48,15],[-47,27],[-28,34],[-76,33],[29,55],[-18,17],[-1,31],[-45,56],[-77,83],[-33,27],[-83,44],[-22,-10],[-87,26],[-61,-12],[-15,-33],[7,-26],[-14,-22],[-40,9],[-41,47],[17,63],[28,30],[20,3],[-5,61],[-85,26],[7,51],[-60,5],[-28,22],[26,32],[-20,46],[-36,26],[-37,13],[-31,-29],[-9,19],[-75,13],[-29,-69],[-74,9],[-1,22],[23,22],[-16,46],[-24,30],[-45,23],[-41,-36],[-11,5],[3,70],[-33,34],[-42,-9],[-52,73],[-56,12],[-29,54],[11,22],[100,20],[22,-29],[59,20],[25,-23],[25,5],[21,-27],[65,-21],[30,27],[31,61],[12,56],[3,68],[-10,119],[-18,96],[18,47],[-78,56],[-20,-1],[-51,26],[-16,31],[-3,87],[-16,87],[-23,39],[-6,40],[-31,67],[-74,86],[11,57],[0,39],[-25,71],[-26,37],[-52,27],[-34,-17],[-40,15],[-3,20],[-24,8],[4,44],[-26,37],[-42,23],[-47,-10],[-53,-23],[-11,20],[-22,-9],[-3,-22],[-49,46],[-37,-1],[-8,33],[-47,19],[-37,-2],[-53,16],[-57,32],[-12,54],[41,26],[-25,59],[29,8],[8,57],[-12,53],[-18,25],[-4,32],[14,11],[-17,36],[5,22],[47,14],[-12,12],[9,41],[24,29],[-15,52],[-51,125],[-19,18],[10,15],[-28,65],[-25,36],[-54,11],[47,25],[-21,61],[-45,90],[-32,27],[-35,-25],[-14,7],[35,27],[-21,27],[-27,-13],[8,70],[-34,33],[-55,26],[-34,-1],[-34,-27],[14,-10],[-8,-29],[-27,18],[9,54],[-47,29],[-17,41],[-25,-22],[-30,7],[-12,35],[-25,-12],[-25,37],[-62,-46],[-42,35],[-3,47],[-33,56],[25,0],[24,19],[-1,49],[-84,187],[-26,34],[-31,3],[-42,-27],[-43,29],[6,24],[-26,65],[-36,38],[3,33],[-44,9],[-52,43],[-70,10],[10,35],[-42,5],[-24,19],[-47,-8],[-64,7],[-28,22],[-52,12],[-41,28],[0,39],[-46,28],[-53,7],[-54,-34],[-11,21],[-53,-12],[95,74],[14,-5],[35,27],[7,32],[24,19],[2,29],[-24,77],[-35,11],[6,23],[-52,-1],[55,16],[115,43],[12,12],[23,-18],[37,76],[33,14],[-5,106],[-45,71],[63,19],[40,56],[-10,12],[30,16],[39,3],[-22,66],[-44,157],[-30,115],[-15,77],[-48,182],[-73,295],[-72,252],[-60,227],[-112,380],[-36,116],[-70,207],[-118,326],[-73,161],[-52,102],[-50,84],[-58,63],[-36,21],[-41,-10],[-66,-3],[7,-38],[-99,-3],[-25,-19],[2,-40],[-92,-13],[-40,2],[-57,32],[-22,60],[-51,34],[-30,-18],[-63,18],[-38,35],[-46,-2],[-12,18],[-49,24],[-29,-4],[-22,20],[11,20],[-10,110],[-10,37],[-36,42],[-20,-7],[-82,2],[-12,-11],[-39,5],[-10,46],[14,30],[-17,2],[-32,35],[-15,44],[-25,15],[-6,49],[31,19],[30,-8],[19,11],[18,53],[33,-1],[169,-150],[5,-72],[57,12],[47,38],[5,37],[-16,20],[27,19],[34,-8],[23,-21],[-1,-34],[70,-26],[-9,37],[13,8],[32,-22],[32,47],[64,18],[52,-25],[11,-57],[28,-33],[-11,-20],[40,-2],[16,21],[33,2],[44,-12],[23,-29],[34,38],[29,18],[73,-14],[14,-48],[16,-13],[115,25],[64,57],[-1,39],[23,17],[47,10],[15,-17],[45,-15],[29,-22],[84,-1],[-5,45],[1,77],[-9,9],[-110,12],[-16,9],[-52,107],[-60,87],[-26,15],[-57,4],[-28,-21],[-92,0],[-73,-35],[-19,2],[2,44],[-20,42],[-8,72],[-50,25],[-14,29],[-40,48],[-37,31],[-28,0],[-43,-17],[-17,-40],[-37,35],[-56,10],[-41,26],[-14,-5],[-61,16],[-61,0],[-35,-19],[-31,33],[-37,-2],[-17,-16],[-57,6],[-42,-35],[-2,25],[-22,1],[-65,58],[-22,7],[-17,27],[-29,1],[-9,27],[37,10],[90,-57],[35,22],[43,62],[13,42],[14,89],[2,99],[20,8],[22,32],[40,31],[0,29],[-21,25],[-69,7],[-61,-3],[-63,40],[-73,13],[-36,-11],[-32,-33],[38,-12],[-13,-26],[-69,-14],[-29,10],[-37,-33],[-78,4],[-13,34],[-28,8],[-13,36],[37,28],[-2,39],[-18,59],[-23,40],[-53,206],[-50,166],[-34,131],[-53,149],[-33,-22],[-15,21],[-39,17],[8,66],[-22,75],[-26,46],[-14,72],[-61,66],[27,29],[-16,79],[9,34],[-21,62],[9,13],[65,2],[28,-42],[39,-5],[31,14],[18,26],[52,23],[19,46],[35,40],[-24,8],[-77,57],[9,31],[-32,25],[-55,-20],[-30,-37],[-23,-100],[-43,33],[-31,39],[-37,83],[-30,37],[-31,10],[-23,63],[-35,73],[-37,110],[4,35],[-14,23],[-44,134],[-53,101],[-25,81],[-22,90],[-32,61],[-16,-1],[-23,82],[-27,22],[-9,63],[-45,139],[4,21],[24,3],[2,29],[-63,22],[-4,-22],[-31,-12],[-18,21],[-46,1],[22,27],[-12,15],[-33,2],[-42,33],[-32,40],[-27,-4],[-25,19],[-4,22],[-34,46],[-29,0],[-39,37],[-64,31],[10,52],[44,-11],[52,60],[26,11],[7,23],[-24,0],[8,48],[-3,49],[-21,86],[-91,243],[-2,22],[-63,164],[-45,18],[0,41],[-13,23],[-42,7],[-1,22],[-49,38],[31,13],[4,38],[-56,136],[-47,120],[-60,129],[-43,47],[-57,20],[-27,-46],[-30,23],[-19,48],[2,37],[-13,11],[-1,38],[-87,191],[-27,54],[-28,14],[-4,45],[-19,8],[3,28],[-35,64],[-38,30],[1,17],[-33,67],[-23,23],[-33,12],[-53,0],[-18,16],[-96,5],[-19,11],[-16,58],[-172,114],[-44,7],[-39,25],[-74,76],[-47,22],[-31,4],[-19,-52],[-31,-4],[-47,22],[-63,53],[-31,-5],[-55,6],[-22,-31],[-22,6],[-9,43],[-72,122],[-24,70],[21,-1],[17,35],[3,47],[17,108],[-7,36],[-29,3],[-25,-20],[2,-41],[14,-29],[-23,13],[-65,103],[-48,64],[-30,69],[-4,91],[16,192],[-11,63],[-61,167],[-12,60],[-19,47],[-42,55],[-36,25],[-101,33],[-30,-3],[-47,-54],[-1,-42],[-35,29],[19,26],[-3,26],[29,-22],[27,51],[55,-3],[-7,63],[-34,28],[-55,10],[-41,-32],[2,49],[-19,21],[14,9],[-26,35],[16,10],[29,-12],[34,11],[37,54],[-20,22],[35,31],[-12,69],[-20,34],[-54,-1],[-14,18],[24,30],[-20,24],[39,-6],[50,19],[-2,22],[-41,3],[-13,98],[-37,107],[5,128],[-13,68],[-30,83],[-25,92],[-13,108],[-18,50],[-14,84],[-24,55],[-13,97],[-14,56],[-25,54],[-17,103],[-31,113],[-45,69],[1,34],[-45,-32],[-16,1],[-31,43],[-4,35],[10,46],[-12,62],[-24,44],[4,33],[-9,63],[-57,217],[-26,26],[-14,73],[-66,253],[-2,42],[-22,102],[-51,169],[-22,31],[-34,0],[-30,115],[-40,53],[-7,45],[25,16],[2,20],[-34,128],[-28,46],[-66,40],[17,19],[12,58],[24,41],[-46,134],[-4,32],[-26,-14],[-38,33],[-42,15],[-25,-35],[-23,2],[-51,30],[-6,35],[34,60],[5,24],[-23,38],[-28,4],[-11,38],[36,19],[-3,38],[11,49],[22,32],[28,-32],[-4,-61],[-19,-37],[-3,-36],[21,-5],[12,51],[27,-11],[21,39],[5,63],[51,32],[19,-3],[8,28],[25,26],[-39,20],[-89,3],[-27,17],[-26,-13],[-45,-3],[-45,30],[31,27],[-25,26],[-9,48],[11,26],[-33,99],[-12,13],[-20,67],[-33,9],[13,45],[-8,64],[-19,73],[-40,78],[-37,6],[-41,93],[-13,77],[-49,96],[-8,50],[5,34],[-22,59],[-34,18],[-20,43],[-19,14],[-32,60],[-4,38],[-17,24],[-11,97],[-48,121],[-31,41],[-41,6],[-40,-28],[28,58],[-8,58],[-14,7],[-11,42],[8,31],[-48,75],[3,46],[-19,28],[38,-2],[-1,30],[50,61],[10,34],[-15,49],[18,9],[37,-44],[30,15],[31,44],[41,-15],[33,33],[-19,37],[41,-16],[3,-31],[27,-23],[34,-66],[-4,-44],[61,-60],[11,-76],[21,-16],[40,-1],[31,20],[9,36],[-8,54],[-35,3],[-20,33],[-1,30],[42,2],[-10,22],[-53,13],[-8,58],[65,0],[39,-33],[15,51],[-3,58],[-13,31],[-25,-12],[-35,14],[-39,-9],[-43,15],[-10,21],[26,41],[-17,72],[-26,33],[-52,6],[-40,-37],[-41,10],[-46,42],[-34,10],[-12,17],[4,46],[-9,47],[-33,18],[-11,35],[18,33],[-32,27],[40,84],[37,-23],[30,23],[55,14],[84,-33],[28,-28],[-15,-23],[89,-31],[10,-51],[28,15],[36,-22],[5,37],[-25,1],[-12,69],[-17,21],[-6,-39],[-15,-1],[-34,45],[-30,6],[20,46],[35,35],[30,9],[29,-20],[10,26],[0,110],[-21,13],[-63,-25],[-47,2],[-15,31],[-29,5],[-30,-57],[-41,7],[-11,17],[54,69],[42,8],[32,-11],[15,22],[-32,47],[10,18],[-22,34],[-52,41],[-36,12],[-26,-31],[-68,-24],[-17,73],[2,29],[39,42],[32,-19],[44,34],[15,84],[-26,154],[-34,156],[-20,111],[-36,24],[-49,49],[-20,53],[21,35],[-10,42],[-39,80],[-49,29],[11,64],[-27,36],[-8,49],[-28,0],[-17,31],[13,26],[-10,49],[2,131],[17,30],[-27,25],[7,30],[-5,107],[-8,42],[33,77],[-13,32],[13,29],[-2,37],[47,102],[29,22],[29,42],[8,42],[-14,72],[27,60],[-79,-1],[-34,27],[-63,1],[-29,12],[-66,73],[-11,52],[26,32],[-31,134],[-19,19],[12,46],[-34,60],[-33,10],[57,49],[-4,35],[-26,-3],[24,21],[-7,38],[-42,9],[9,26],[40,14],[14,50],[-18,77],[-25,9],[-12,28],[-36,13],[17,38],[-17,43],[94,59],[14,25],[37,26],[51,5],[-25,16],[-25,46],[-79,34],[-50,-19],[-10,-45],[-31,6],[-27,-15],[-57,0],[16,41],[24,30],[-11,11],[1,70],[55,45],[6,47],[17,15],[-10,18],[15,33],[-8,35],[-32,51],[-9,45],[7,43],[22,2],[26,39],[-13,65],[-25,41],[-2,46],[-14,14],[-4,39],[25,31],[20,-19],[34,7],[39,67],[5,71],[14,22],[-3,87],[3,88],[24,60],[-36,40],[-30,10],[-68,6],[-51,40],[-30,6],[-57,-80],[-19,13],[-21,43],[-14,0],[0,70],[14,20],[78,-1],[19,45],[54,19],[16,36],[-5,64],[-41,87],[-40,52],[-40,19],[-14,-21],[-12,19],[-47,15],[-22,-45],[-63,-1],[-29,-23],[-12,21],[-8,53],[-15,23],[32,69],[-2,78],[-17,40],[2,62],[26,15],[57,-3],[30,-13],[48,-51],[-6,-40],[23,-15],[26,3],[26,-27],[22,4],[6,24],[66,85],[43,79],[15,57],[9,189],[-5,58],[-44,27],[-10,25],[18,17],[3,39],[-13,81],[-15,53],[-15,105],[-26,67],[-28,37],[-125,-5],[20,40],[44,37],[-6,43],[-23,84],[-22,47],[1,52],[-23,71],[-29,122],[-6,59],[-41,71],[-14,84],[-63,191],[-4,31],[-24,28],[-42,22],[-13,-15],[-41,-3],[-31,29],[-37,14],[-35,-2],[-38,36],[-14,30],[30,28],[57,-15],[24,-19],[64,-24],[-30,25],[36,55],[10,64],[-4,63],[-26,112],[-22,47],[-24,15],[-54,-10],[-43,85],[21,42],[-27,59],[-16,53],[-85,15],[1,12],[49,18],[-4,37],[-19,35],[-43,-1],[2,29],[-17,38],[17,26],[-17,56],[-26,27],[-22,2],[-28,50],[-40,12],[-31,-63],[-45,-14],[-22,31],[-10,67],[-25,61],[27,43],[-5,29],[-58,37],[2,25],[-32,17],[-14,29],[-44,16],[-7,23],[30,15],[-13,42],[41,5],[18,26],[43,-33],[15,-37],[51,-25],[21,5],[44,52],[74,-15],[75,-2],[16,-18],[-20,-67],[15,-28],[8,-79],[15,-49],[28,-17],[33,23],[10,24],[44,13],[17,-9],[61,-2],[20,-12],[12,-39],[29,32],[22,-12],[22,-34],[-18,-59],[40,-53],[57,-9],[25,-27],[5,28],[-11,49],[15,55],[-13,21],[-4,57],[27,43],[64,15],[-37,79],[-80,24],[-62,-23],[-98,-9],[-103,-39],[-1,15],[32,34],[41,77],[-1,30],[21,19],[6,139],[7,18],[-36,-21],[-21,18],[-88,1],[-27,18],[-44,50],[-62,43],[-10,32],[29,29],[95,14],[-43,8],[-9,33],[-42,26],[-34,46],[-45,28],[-3,39],[60,39],[32,32],[-25,6],[-10,30],[-40,14],[-26,54],[33,78],[-9,25],[-73,-3],[-14,11],[15,68],[-40,87],[-61,7],[-9,29],[-41,7],[-3,-17],[-56,29],[-26,-6],[-7,-42],[-33,15],[-5,-14],[-39,-4],[-29,21],[-49,8],[-38,63],[-7,40],[-18,15],[-52,88],[3,31],[22,7],[43,-11],[16,15],[34,-7],[15,42],[31,-1],[-1,16],[28,3],[37,26],[-13,33],[13,39],[-14,40],[26,-3],[-6,50],[6,55],[35,19],[30,-3],[27,48],[23,20],[-32,59],[-29,5],[-37,-16],[-31,8],[6,30],[-5,68],[-26,54],[52,68],[44,42],[8,26],[-19,76],[-31,71],[-5,56],[-45,94],[-1,31],[-51,143],[-14,67],[-13,-5],[-46,108],[-43,12],[-25,30],[-3,38],[-17,4],[-13,35],[-40,18],[-26,32],[-31,-31],[-36,11],[-31,97],[-94,66],[-29,33],[-2,27],[-36,51],[5,31],[-26,24],[44,82],[-10,28],[21,12],[24,61],[27,3],[56,32],[39,-24],[19,-47],[34,0],[46,34],[-3,51],[14,18],[48,12],[41,-6],[35,-46],[22,13],[9,48],[33,26],[-70,46],[-48,-10],[-24,27],[-26,51],[-34,10],[-33,30],[-37,-6],[-48,34],[7,40],[-57,2],[-36,34],[-57,72],[-55,102],[-39,167],[-29,71],[-38,39],[14,38],[37,42],[40,-2],[-11,58],[-26,70],[-35,59],[-36,11],[-18,61],[-39,14],[-4,54],[-39,42],[-7,66],[-17,6],[-22,72],[6,25],[-14,33],[8,69],[41,42],[48,16],[33,0],[37,34],[26,43],[40,1],[19,19],[6,50],[-10,61],[-49,162],[-17,12],[-22,119],[-21,15],[0,28],[-21,52],[-4,50],[-17,12],[-43,113],[-13,54],[-102,252],[3,31],[-27,32],[-64,116],[-10,37],[-45,40],[-12,27],[-35,21],[-38,1],[-6,-34],[-6,43],[23,11],[-21,30],[44,40],[13,34],[1,58],[-34,88],[-29,21],[-14,42],[18,32],[40,7],[-47,45],[-43,75],[-27,96],[-20,16],[-22,84],[-25,51],[-51,75],[16,9],[-15,72],[-23,62],[-46,26],[-49,-6],[-26,20],[-37,54],[-54,42],[2,30],[-32,21],[-10,29],[26,38],[9,61],[-1,57],[-17,73],[-24,60],[24,17],[-26,18],[-36,-1],[-31,23],[-20,-17],[-32,5],[-32,20],[-20,45],[-22,2],[-29,26],[-18,35],[-12,60],[-2,61],[23,35],[-30,102],[13,40],[41,37],[56,39],[22,42],[52,25],[38,0],[25,21],[92,13],[96,-4],[18,7],[13,39],[-3,33],[-22,22],[-84,23],[-64,-4],[-61,-42],[-52,-20],[-59,-3],[-82,58],[-37,10],[-38,-33],[-74,14],[-11,29],[25,14],[-31,84],[-52,106],[-41,28],[-23,-5],[-30,41],[-14,64],[-30,23],[60,1],[17,24],[72,27],[48,0],[21,-35],[45,-3],[38,32],[6,20],[36,32],[-4,10],[-60,-8],[-30,57],[-18,15],[-28,-6],[-34,-44],[-23,6],[-76,205],[-25,36],[-39,28],[-32,4],[-15,-33],[-47,-16],[-58,66],[-6,16],[14,56],[55,84],[15,-6],[30,42],[28,21],[-31,5],[-26,73],[-51,187],[-20,47],[-39,63],[-56,11],[-12,28],[-33,28],[-6,62],[-24,22],[4,27],[-33,82],[-29,21],[-3,48],[-21,47],[25,-2],[26,22],[36,8],[0,31],[29,-14],[21,16],[3,50],[22,12],[-8,31],[18,17],[-4,28],[13,29],[3,63],[30,49],[-19,55],[-24,99],[-65,202],[-15,70],[15,23],[-38,49],[-28,-1],[-52,63],[-31,18],[-16,39],[-113,113],[-32,8],[-27,-8],[-10,15],[-71,37],[-86,-62],[11,-15],[-36,-3],[-37,14],[-18,21],[-3,37],[29,12],[13,58],[38,26],[3,21],[25,3],[23,27],[-21,99],[30,45],[-4,55],[-25,77],[-17,33],[11,29],[-27,37],[9,38],[-14,25],[-30,21],[33,33],[-20,64],[25,35],[61,18],[44,0],[48,-21],[6,-46],[53,-26],[95,35],[50,-30],[-8,-25],[29,-19],[23,-63],[-23,-12],[17,-15],[0,-32],[42,-22],[244,134],[-20,29],[1,41],[-23,46],[-10,54],[-28,8],[-14,55],[-25,15],[-41,88],[-47,-16],[-37,31],[-25,3],[-14,-24],[-28,27],[-5,33],[9,50],[-22,33],[-44,27],[-53,-22],[-24,14],[-22,42],[5,25],[58,21],[-3,16],[-50,52],[-35,80],[-55,81],[-22,7],[-27,36],[-69,19],[-47,-20],[-19,32],[30,39],[-10,26],[-28,11],[-47,-11],[-19,-16],[-36,29],[-32,-18],[-1,-35],[-29,3],[-62,101],[-2,52],[-25,29],[-11,64],[39,52],[28,19],[34,-6],[38,23],[28,-4],[3,49],[11,31],[3,67],[-17,55],[-33,35],[-45,7],[-29,-18],[-48,27],[-17,53],[-36,12],[17,35],[-26,11],[12,41],[-21,74],[14,40],[-23,26],[30,13],[6,48],[-46,72],[21,62],[-5,41],[-79,224],[-40,50],[-25,-7],[10,32],[-7,37],[20,65],[-7,52],[37,-9],[27,24],[12,26],[3,80],[-15,79],[13,48],[27,31],[10,89],[16,12],[33,-12],[22,6],[5,78],[-7,55],[7,41],[-13,110],[-63,161],[26,24],[33,-61],[0,-62],[24,-16],[52,-9],[73,29],[65,43],[48,23],[-27,63],[-40,-1],[-12,20],[-19,85],[-25,78],[-78,147],[-251,518],[-49,83],[-55,74],[-30,124],[7,65],[-76,-5],[-81,19],[-63,114],[-42,170],[5,31],[-13,27],[12,26],[-4,34],[-28,73],[-6,131],[-34,53],[-15,46],[2,52],[43,52],[27,117],[29,85],[7,93],[-9,78],[-16,77],[2,41],[28,94],[14,73],[-21,44],[-8,48],[4,47],[-16,39],[8,88],[2,125],[17,82],[27,16],[25,88],[45,-31],[72,10],[37,26],[68,-31],[2,-47],[53,7],[73,31],[18,29],[72,-41],[-4,-56],[10,-28],[55,-34],[45,1],[41,20],[56,51],[130,221],[71,156],[41,29],[27,-20],[1,-33],[66,-87],[59,-145],[76,-113],[165,83],[45,28],[25,30],[5,47],[-10,65],[8,41],[30,77],[0,69],[-34,77],[-3,47],[10,113],[32,29],[33,47],[-115,28],[-79,-45],[-18,-19],[-77,-30],[-22,-17],[-90,-34],[-35,-27],[-47,-4],[-36,-15],[-39,35],[-93,22],[-34,22],[-29,-13],[-43,48],[-12,0],[15,70],[-8,63],[-22,39],[-43,54],[-56,101],[-62,61],[-5,24],[7,58],[-6,87],[23,42],[44,-11],[33,22],[23,50],[-19,35],[34,-6],[32,27],[80,-14],[30,-24],[7,-27],[58,-45],[57,-81],[10,-44],[12,6],[-13,36],[15,43],[-10,83],[8,26],[43,20],[30,1],[68,-24],[43,0],[-14,12],[32,47],[13,50],[-3,43],[-18,39],[-118,115],[-32,40],[-2,30],[-29,41],[-76,5],[-1,23],[87,102],[59,121],[56,18],[22,37],[-24,40],[21,38],[54,-4],[65,-79],[52,-9],[45,-25],[76,-16],[46,25],[24,44],[18,9],[41,-13],[41,-1],[56,15],[49,26],[27,50],[120,30],[47,29],[8,60],[19,37],[29,24],[80,-22],[-2,42],[25,20],[12,33],[-21,49],[-64,34],[-51,-11],[-39,-34],[-78,11],[-70,29],[-35,24],[-9,61],[4,55],[-14,32],[44,44],[8,41],[-18,25],[16,41],[23,23],[-23,77],[-31,66],[-26,93],[-22,25],[-24,53],[-33,50],[-53,13],[-54,23],[-200,-51],[-81,-33],[2,-102],[-17,-112],[-18,-52],[-40,-62],[-49,-57],[-38,-33],[-193,-137],[-93,-69],[-40,-46],[10,-35],[-24,24],[-53,-19],[-39,-46],[-38,-59],[-58,0],[-41,32],[-78,27],[-78,9],[-55,33],[-17,65],[-20,26],[-27,4],[-103,-13],[-47,-23],[-31,-26],[-17,-72]],[[113027,128161],[74,-21],[39,27],[-165,8],[52,-14]],[[148950,146627],[-67,-26],[84,22],[44,-20],[135,-117],[4,9],[-135,117],[-44,19],[-21,-4]],[[299046,232846],[29,-50],[10,-47],[30,19],[-70,92],[1,-14]],[[301076,241404],[50,-8],[116,121],[-166,-113]],[[300160,238875],[-10,13],[-44,7],[-39,-8],[-116,-85],[-34,4],[-31,-33],[272,31],[15,-4],[22,48],[-35,27]],[[304954,234508],[-2,-10],[68,10],[-66,0]],[[326410,260925],[52,23],[54,45],[-156,-75],[50,7]],[[326249,260893],[-5,-12],[49,17],[-44,-5]],[[56193,153118],[11,21],[23,-13],[-15,-27],[-19,19]],[[55650,157237],[26,-20],[-40,-47],[19,-48],[-16,-13],[14,-34],[-52,7],[1,40],[-20,10],[-20,33],[-49,39],[-17,25],[8,27],[27,19],[18,42],[41,-35],[25,-47],[35,2]],[[36346,173236],[-52,-16],[16,20],[0,32],[36,-36]],[[41458,174575],[-7,-109],[-66,-72],[-85,-44],[-102,0],[-76,28],[-47,86],[5,104],[58,74],[90,63],[85,12],[63,-16],[41,-40],[41,-86]],[[40781,175091],[18,-45],[20,-25],[27,-3],[35,14],[34,-10],[10,-17],[-134,4],[-41,-6],[-77,8],[5,20],[37,35],[-5,24],[44,31],[27,-30]],[[41732,175356],[50,42],[88,44],[83,9],[62,-7],[51,-25],[48,-110],[3,-150],[-59,-118],[-91,-84],[-126,-60],[-217,-28],[-107,17],[-49,46],[-13,49],[10,52],[93,98],[64,55],[72,102],[38,68]],[[50911,183712],[30,24],[21,-17],[28,-56],[31,-33],[37,-19],[21,-40],[-3,-30],[-20,-27],[-28,-5],[-28,12],[-32,54],[-57,137]],[[55523,184162],[-34,14],[-37,40],[-9,25],[-59,38],[-30,62],[55,58],[31,18],[48,9],[105,-51],[211,-45],[41,-59],[-47,-46],[-43,-57],[-66,9],[-126,-7],[-40,-8]],[[50288,187980],[75,196],[89,129],[134,97],[199,117],[286,64],[235,0],[117,-40],[114,-114],[90,-228],[22,-181],[-15,-193],[-41,-132],[-202,-299],[-136,-284],[-62,-196],[-30,-228],[-43,-342],[-43,-104],[-75,-71],[-100,-39],[-102,-10],[-103,23],[-76,70],[-67,122],[-84,342],[-39,174],[-167,661],[-7,255],[31,211]],[[13833,192329],[-17,-13],[-6,29],[23,-16]],[[15558,192903],[-79,11],[-94,30],[-1,11],[45,21],[69,-1],[34,13],[25,-4],[60,-43],[8,-23],[-67,-15]],[[12424,193163],[-12,-43],[-59,11],[71,57],[0,-25]],[[14135,193352],[36,-22],[5,-53],[-42,-43],[-31,-13],[1,-36],[-20,-13],[-14,29],[-34,0],[-58,69],[10,31],[67,9],[54,37],[26,5]],[[13153,193324],[-8,47],[25,-2],[25,-43],[41,-6],[-92,-37],[-56,20],[5,16],[43,-5],[17,10]],[[15915,193442],[12,47],[42,-26],[23,-30],[0,-41],[-45,-29],[-42,7],[-16,29],[26,43]],[[17869,194121],[16,-12],[38,-68],[-7,-24],[-25,-12],[30,-11],[0,-18],[-64,-47],[0,-10],[73,-21],[27,6],[54,-19],[26,-44],[-34,-41],[-66,-23],[-28,-22],[6,-17],[-63,-41],[-5,-40],[-30,-25],[-13,-38],[-59,2],[-52,37],[-100,37],[-53,45],[-50,7],[-42,21],[-65,46],[-58,25],[-59,45],[-42,55],[-1,49],[18,60],[47,49],[45,13],[83,40],[85,23],[-4,50],[33,22],[93,17],[12,16],[60,0],[49,-41],[52,-28],[23,-41],[50,-22]],[[11861,194369],[-36,-35],[-13,-44],[-18,-10],[-24,-54],[19,-81],[-20,-33],[1,31],[-23,60],[14,51],[-7,37],[-44,-2],[-32,32],[-48,19],[-52,-14],[-54,34],[-84,-16],[-72,-46],[-38,-55],[34,-77],[-16,-15],[-2,-64],[-22,-33],[7,-41],[22,-38],[-77,-53],[-32,2],[-21,-24],[-36,0],[-50,-31],[-46,-90],[-39,10],[1,44],[16,43],[1,40],[48,25],[10,46],[68,33],[-7,60],[-29,12],[-2,29],[16,10],[-19,92],[5,53],[41,1],[50,16],[68,39],[40,13],[143,72],[62,28],[79,22],[97,5],[94,-50],[27,-53]],[[14028,194291],[-16,-85],[-61,-76],[-86,-38],[-85,17],[-59,31],[14,-78],[-26,-51],[3,-68],[-9,-47],[-16,-32],[-54,-37],[-71,-12],[-33,5],[-54,47],[29,-35],[41,-33],[-23,-62],[-49,-47],[-46,-3],[-49,35],[-17,1],[-27,46],[4,19],[-20,41],[-33,15],[-27,-16],[-47,71],[-19,82],[3,67],[30,87],[33,65],[27,0],[15,-56],[35,-6],[22,15],[41,-18],[10,-52],[103,-42],[37,18],[1,82],[10,82],[-47,30],[-38,47],[9,67],[28,5],[23,46],[-29,29],[-46,-5],[-17,24],[6,22],[92,11],[10,11],[6,115],[26,9],[13,-31],[9,-94],[9,-24],[67,-45],[116,-48],[46,10],[57,0],[94,-30],[35,-81]],[[12633,194560],[19,45],[19,8],[53,-61],[25,-13],[-5,-50],[55,-31],[7,-21],[-18,-43],[55,-5],[3,48],[18,72],[15,16],[56,-22],[26,-43],[8,-71],[43,-33],[31,28],[23,-6],[19,-65],[-18,-85],[-30,-57],[-31,-6],[-61,-50],[-49,7],[-54,30],[-98,66],[-24,28],[5,28],[-16,17],[-60,-4],[-47,24],[-91,89],[-11,18],[-16,94],[-2,66],[8,53],[28,45],[17,-11],[-22,-63],[1,-54],[22,-38],[52,-42],[38,-7],[-2,88],[9,11]],[[11117,194625],[-48,-56],[-7,3],[46,56],[9,-3]],[[14166,195086],[130,-13],[60,-38],[54,-42],[58,-69],[36,-52],[-13,-55],[-126,-48],[-237,73],[-109,62],[-131,96],[-2,42],[36,42],[54,18],[190,-16]],[[21555,195027],[-11,-35],[-28,-15],[-86,12],[-63,-26],[-53,-35],[-118,-31],[-48,5],[-138,-7],[-56,35],[-119,51],[-71,-10],[-66,-1],[-45,22],[-68,46],[-70,36],[-78,61],[-4,23],[31,-5],[7,18],[34,14],[29,-23],[6,-21],[72,27],[26,-2],[77,-27],[136,-69],[97,-4],[32,49],[11,88],[-8,77],[7,72],[16,39],[26,28],[27,-1],[36,-19],[21,-35],[33,-17],[64,12],[118,-16],[51,-22],[22,-34],[8,-74],[28,-56],[75,-38],[33,-49],[7,-43]],[[21623,195383],[46,-18],[27,-41],[30,-21],[-55,-90],[-49,-17],[-103,23],[-22,20],[-7,40],[6,50],[31,34],[50,20],[46,0]],[[21971,195345],[-142,-31],[-49,8],[-61,57],[-23,160],[48,122],[62,45],[132,25],[118,52],[102,82],[70,48],[37,10],[80,2],[188,-83],[57,-63],[7,-78],[-13,-104],[-74,-63],[-54,-25],[-95,-71],[-50,-24],[-71,-5],[-99,-40],[-103,-21],[-67,-3]],[[21767,195995],[-20,-50],[-23,-15],[-45,7],[-35,21],[-11,36],[13,36],[18,7],[42,-14],[35,1],[26,-29]],[[27302,201199],[16,85],[60,116],[49,65],[55,42],[46,25],[55,14],[213,80],[338,122],[-20,-42],[-52,-71],[-185,-156],[-69,-106],[-46,-103],[-33,-41],[-126,-66],[-45,-46],[-142,-223],[-85,-97],[-34,-6],[-41,29],[-11,58],[1,88],[17,84],[39,149]],[[4735,205176],[28,-52],[17,-105],[-22,-83],[-72,-58],[-128,-21],[-94,7],[-43,29],[-37,72],[0,60],[38,77],[69,59],[97,36],[88,2],[59,-23]],[[2869,207673],[82,-69],[41,-140],[1,-206],[-37,-89],[-77,-47],[-85,-3],[-79,29],[-72,92],[-53,143],[-14,115],[14,84],[31,58],[72,54],[97,7],[79,-28]],[[65649,40201],[-12,-113],[-45,-76],[-79,-54],[-98,-19],[-93,32],[-59,48],[-32,112],[9,148],[43,84],[73,41],[163,6],[79,-40],[38,-70],[13,-99]],[[66620,40927],[-63,58],[-51,65],[-19,70],[-4,110],[-13,84],[3,85],[11,46],[22,35],[76,97],[43,38],[32,46],[50,126],[56,57],[91,107],[55,91],[41,28],[13,-39],[14,-76],[27,-67],[-9,-79],[-27,-88],[-79,-157],[-19,-61],[-27,-192],[-35,-161],[-7,-80],[2,-188],[-23,-58],[-45,-5],[-37,22],[-78,86]],[[67112,50244],[45,-7],[21,9],[33,-8],[75,-3],[23,8],[62,-6],[91,-1],[10,-36],[-21,-18],[-86,-28],[-126,-51],[-57,-17],[-75,-9],[-48,5],[-71,25],[-25,33],[-12,36],[3,45],[21,20],[66,8],[71,-5]],[[79539,81358],[13,-30],[-16,0],[3,30]],[[79501,81441],[11,9],[11,-60],[-28,-7],[6,58]],[[79488,81463],[-41,8],[-32,29],[25,10],[-18,25],[13,8],[50,-61],[3,-19]],[[79309,81946],[30,-7],[14,-64],[-23,8],[-33,49],[12,14]],[[76970,89694],[-16,11],[9,28],[41,-7],[-7,-29],[-27,-3]],[[75072,89797],[-6,49],[25,3],[8,-16],[34,-8],[-9,-28],[-39,-18],[-13,18]],[[77048,89910],[-15,-32],[-12,16],[27,16]],[[75983,93452],[3,18],[34,21],[32,-12],[-15,-27],[-38,-9],[-16,9]],[[72174,99450],[15,-27],[-19,-5],[-15,33],[19,-1]],[[71983,99742],[2,-13],[-78,-1],[-48,14],[-64,-8],[-6,19],[22,23],[94,-17],[62,-7],[16,-10]],[[72302,100022],[-18,43],[15,6],[40,-17],[-9,-33],[-28,1]],[[68448,106313],[-3,-21],[-31,26],[-33,-9],[-62,-1],[-48,16],[-39,-7],[-43,7],[-5,19],[24,10],[37,-27],[117,18],[69,22],[32,-22],[-15,-31]],[[68584,106652],[62,-4],[-1,-30],[-36,-31],[-36,24],[11,41]],[[125921,28871],[51,38],[41,-30],[-6,-27],[-29,-22],[-37,6],[-20,35]],[[138712,28977],[24,52],[28,-39],[-52,-13]],[[126528,29049],[26,7],[-14,-31],[-24,-18],[-23,14],[35,28]],[[127123,29070],[-30,-2],[-50,-59],[-32,-17],[-89,16],[5,26],[45,33],[58,87],[24,-18],[52,-7],[41,-39],[-24,-20]],[[128469,29682],[8,-54],[-19,-15],[-30,5],[13,46],[28,18]],[[129922,29698],[0,24],[46,43],[84,67],[8,72],[24,-25],[9,-50],[-9,-31],[-55,-46],[-31,-16],[70,-33],[-19,-13],[-45,14],[-82,-6]],[[131290,29988],[-98,5],[-149,-25],[-59,-20],[-41,8],[12,41],[62,27],[54,-23],[52,21],[67,9],[133,1],[28,-5],[96,22],[12,-26],[-23,-25],[-47,7],[-41,-21],[-58,4]],[[131764,30082],[16,9],[40,-39],[-34,-27],[-22,57]],[[134249,30433],[3,-34],[-31,-73],[-30,-25],[-81,-17],[-26,3],[-54,27],[-36,-14],[-52,-45],[-60,-40],[-167,-11],[-112,7],[-39,25],[-19,36],[-49,5],[-20,-11],[-21,-43],[-55,-26],[-50,-2],[-10,-13],[-5,-53],[-18,-28],[-39,-19],[-40,-4],[-60,7],[-66,58],[-81,33],[-32,27],[-25,-28],[-57,-34],[-41,-1],[-24,34],[5,55],[27,44],[77,79],[73,15],[18,-5],[2,-47],[204,17],[104,-2],[58,36],[95,103],[40,14],[132,4],[88,-8],[193,1],[76,13],[38,-12],[22,-33],[51,-22],[58,12],[36,-5]],[[136026,31248],[29,-99],[25,-48],[96,-126],[132,-139],[188,-148],[243,-219],[225,-159],[220,-191],[91,-96],[80,-65],[55,-57],[102,-114],[116,-120],[-3,-32],[-20,5],[-40,48],[-68,66],[-141,119],[-143,108],[-102,65],[-119,68],[-183,123],[-130,77],[-300,196],[-104,63],[-249,127],[-89,48],[-170,77],[-203,65],[-115,31],[-70,8],[-53,16],[-98,14],[-172,-6],[-83,13],[-43,-2],[-60,-27],[-21,-29],[-10,-38],[-33,21],[-13,38],[20,28],[27,16],[-36,65],[-72,58],[7,35],[-40,0],[-23,14],[1,34],[13,31],[51,44],[66,19],[36,43],[14,31],[40,15],[218,5],[25,5],[90,-13],[174,15],[75,31],[24,36],[12,50],[42,59],[11,28],[46,41],[44,25],[64,58],[42,23],[89,23],[28,28],[39,10],[56,26],[51,-9],[121,-61],[66,-44],[35,-46],[21,-46],[-6,-41],[-21,-43],[-69,-66],[0,-58],[-73,-63],[-5,-20],[-52,-26],[-18,-41]],[[134746,30836],[105,17],[41,-33],[-123,-22],[-57,-23],[-68,-46],[-11,-46],[1,-36],[-41,-18],[-59,24],[-16,16],[-82,40],[-31,8],[1,28],[-33,7],[-6,16],[18,54],[25,1],[82,31],[49,4],[96,-23],[72,-7],[37,8]],[[135093,30741],[-34,-15],[-44,34],[62,10],[16,-29]],[[161108,118348],[-84,-17],[-70,-29],[-34,29],[39,53],[66,36],[64,16],[57,-8],[38,-28],[-18,-27],[-58,-25]],[[293776,52258],[-15,-64],[-38,-31],[-55,-22],[-45,10],[-35,62],[12,25],[46,21],[23,20],[30,4],[73,-10],[4,-15]],[[293636,59843],[1,-19],[44,-13],[37,-26],[62,-28],[35,2],[32,45],[113,10],[96,-19],[71,-1],[68,-12],[22,-22],[61,-36],[7,-43],[-8,-84],[-19,-44],[4,-59],[12,-9],[-17,-52],[21,-161],[19,-17],[28,-82],[8,-41],[-7,-34],[-32,-59],[-18,-79],[-36,-5],[-9,-22],[-25,-5],[-40,-30],[-25,13],[-31,45],[-64,41],[-69,7],[-31,-15],[-45,7],[-49,-7],[-90,40],[-58,21],[-46,-10],[-32,9],[-15,-13],[-3,32],[-35,47],[-4,39],[-17,28],[6,19],[-38,65],[4,108],[7,43],[31,51],[42,89],[-3,44],[-42,73],[-42,37],[3,33],[36,0],[60,37],[20,62]],[[227408,168416],[-38,-76],[-25,-1],[4,99],[57,2],[2,-24]],[[227406,168496],[22,-34],[-28,-11],[-23,23],[-27,-3],[-2,39],[45,11],[13,-25]],[[227361,168600],[24,18],[8,-33],[-28,-5],[-4,20]],[[227335,168743],[-2,52],[-18,43],[27,18],[12,29],[-7,102],[2,132],[23,-19],[16,-106],[22,-67],[-34,-93],[4,-94],[15,-39],[-14,-53],[-41,-27],[-16,2],[1,61],[10,59]],[[227355,169399],[6,39],[82,68],[26,33],[0,158],[24,25],[12,39],[8,120],[-13,110],[-20,25],[23,3],[27,-30],[22,-75],[17,-22],[18,-80],[-7,-96],[-23,-80],[-44,-92],[-84,-107],[-21,-14],[-32,-65],[-30,-36],[-29,0],[0,27],[28,20],[10,30]],[[228595,173388],[-94,2],[-43,12],[-184,82],[-15,31],[62,34],[84,21],[29,2],[161,-14],[128,-28],[87,-12],[453,-75],[32,-24],[-2,-25],[-25,-13],[-50,-5],[-69,5],[-100,18],[-303,-2],[-151,-9]],[[229649,173524],[118,3],[26,-30],[1,-43],[-27,-13],[-102,0],[-31,26],[-1,34],[16,23]],[[230087,173649],[-15,1],[12,87],[-76,61],[-39,57],[-49,139],[-9,76],[-25,46],[15,24],[87,-15],[32,-23],[93,-84],[30,-60],[16,-77],[5,-71],[-21,-8],[-7,-42],[-20,-25],[-29,-86]],[[297370,51226],[24,-39],[54,-46],[3,-30],[37,-25],[27,18],[97,-79],[55,-80],[154,-161],[10,-26],[-18,-47],[-23,-15],[-18,-69],[3,-53],[51,-121],[10,-47],[26,-39],[-33,-71],[15,-65],[-5,-54],[21,-43],[36,-31],[-39,-20],[36,-6],[43,58],[26,-4],[57,-63],[16,-80],[28,-32],[55,-36],[39,-62],[4,-88],[-12,-58],[2,-70],[-19,-25],[-26,-98],[4,-155],[12,-79],[21,-31],[33,-84],[7,-126],[8,-36],[25,-32],[18,-59],[39,-39],[12,-24],[10,-75],[-20,-90],[12,-58],[-2,-59],[6,-37],[-6,-35],[-25,-20],[-43,1],[-45,49],[-51,-5],[-63,-42],[-40,-59],[33,-115],[39,-57],[-52,-63],[-80,7],[-31,-9],[-143,-116],[-70,-77],[-61,-91],[-45,-83],[-25,-80],[-11,-89],[7,-68],[13,-48],[36,-75],[17,-14],[91,-26],[58,-25],[48,3],[79,-77],[12,-33],[-13,-41],[-38,-36],[-76,-123],[-60,-61],[5,-22],[-86,-28],[-34,-59],[0,-67],[-19,-57],[-24,-41],[-20,-2],[-34,-31],[4,-29],[-37,-17],[-8,-29],[32,-21],[-33,-59],[-3,-26],[-25,-34],[-46,-7],[-32,17],[0,-34],[-18,-20],[-48,-7],[-49,-30],[-67,3],[-20,14],[-40,-23],[-60,-6],[-41,10],[-5,35],[-41,16],[5,25],[-38,-10],[-6,-14],[-67,19],[-57,26],[-15,17],[12,19],[-34,-5],[-99,89],[-38,48],[-13,34],[-64,58],[-99,53],[-57,21],[-72,17],[-42,21],[-49,13],[-99,4],[-68,-21],[-14,-33],[-60,-88],[-80,-70],[-65,-25],[-107,-6],[-84,12],[-6,25],[-33,13],[4,37],[-20,12],[-5,27],[22,39],[2,30],[74,81],[59,40],[-28,12],[2,21],[40,91],[35,53],[-3,20],[26,45],[46,18],[8,18],[71,81],[4,68],[-8,35],[11,50],[22,28],[12,65],[-6,42],[53,55],[31,3],[3,62],[-71,229],[-52,120],[-90,150],[-52,66],[-47,45],[-59,-7],[-98,24],[20,100],[-20,30],[-13,97],[7,42],[-5,52],[-25,67],[-4,77],[15,106],[33,92],[-13,69],[-14,17],[-22,124],[-7,119],[12,103],[34,68],[-9,38],[-34,63],[-47,26],[-17,25],[13,94],[15,37],[46,40],[48,75],[33,11],[16,-14],[11,-54],[-14,-40],[45,-32],[76,-12],[20,-24],[3,25],[83,21],[78,47],[74,77],[58,102],[16,50],[-7,17],[49,97],[3,42],[-23,47],[-2,25],[31,12],[30,-31],[29,-14],[37,14],[114,144],[11,58],[30,-14],[87,3],[23,22],[25,58],[8,60],[-7,57],[-22,37],[-20,3],[-21,27],[-10,57],[10,21],[43,-5],[40,31],[-16,-39],[39,-18],[25,32],[56,20],[5,43],[-21,3],[-24,38],[14,11],[54,8],[-15,-20],[17,-36],[57,-3],[51,13],[3,29],[23,4],[-17,72],[24,20],[31,-7],[3,-29],[29,37],[-25,23],[21,49],[120,93],[19,-21],[40,-10],[38,-50],[18,48],[-6,16],[-45,27],[14,17],[32,1],[-3,-27],[19,4],[32,32],[29,6],[48,-10],[-15,20],[35,4],[57,-35]],[[298520,51692],[33,-37],[11,-31],[-36,-20],[-46,-2],[-28,11],[-40,35],[-35,68],[14,15],[44,5],[21,-25],[62,-19]],[[299142,52308],[-50,-30],[-47,1],[-16,64],[21,45],[19,11],[45,1],[33,-25],[10,-42],[-15,-25]],[[299836,54247],[-23,-10],[-1,33],[32,0],[-8,-23]],[[299930,54325],[22,-36],[-51,-41],[-35,39],[9,22],[33,28],[22,-12]],[[299239,54831],[10,-33],[-13,-18],[12,-24],[31,-7],[16,-25],[-41,-35],[-49,93],[-1,23],[21,32],[14,-6]],[[299610,56024],[-7,-162],[-12,-23],[5,-75],[-7,-26],[-26,-32],[-43,-19],[-11,-31],[-40,-32],[-12,-31],[7,-38],[-26,-57],[-56,-8],[8,53],[19,20],[26,57],[6,40],[25,11],[22,43],[6,30],[-23,64],[-22,36],[12,46],[-14,66],[18,52],[73,32],[11,13],[53,17],[8,-46]],[[299819,56437],[-3,-25],[-31,-25],[-30,23],[-15,-6],[-17,-81],[-34,-5],[-20,-17],[2,-58],[-22,-25],[-59,66],[-46,30],[-33,-2],[17,28],[38,-33],[45,-8],[50,7],[25,19],[33,82],[-13,55],[40,24],[14,46],[-9,25],[18,34],[31,20],[21,-13],[1,-33],[-19,-61],[16,-67]],[[297826,57350],[-36,-12],[-15,38],[27,25],[55,2],[3,-24],[-34,-29]],[[297647,57387],[12,13],[44,10],[18,-8],[-25,-32],[-26,-10],[-23,27]],[[298770,58836],[31,-46],[42,6],[11,28],[6,-29],[-8,-68],[-30,-61],[20,-44],[44,7],[76,-64],[51,-4],[24,-32],[41,-35],[30,31],[-12,42],[26,7],[30,-41],[7,-28],[-1,-80],[26,-45],[15,2],[19,-37],[14,3],[17,-29],[-17,-111],[21,-22],[-2,-25],[33,-39],[-9,-16],[28,-67],[-12,-23],[29,-15],[16,-37],[-11,-23],[22,-30],[-3,-60],[-45,-19],[3,-38],[33,-17],[-31,-14],[-10,26],[-23,5],[-36,-21],[-16,10],[-32,-9],[4,-43],[24,-26],[-2,-40],[-23,-22],[-120,-44],[-53,-5],[-33,-25],[-48,-8],[-23,-14],[-8,-29],[79,14],[76,-70],[25,-10],[-27,-14],[7,-49],[28,-18],[88,18],[9,40],[27,5],[37,-86],[89,-44],[31,19],[29,-49],[29,12],[12,-12],[-26,-20],[-9,-56],[22,-47],[-22,-81],[-25,-5],[-31,-31],[-58,-5],[-29,-45],[-41,-6],[-23,12],[-62,-20],[-38,-46],[-9,-28],[8,-36],[-43,29],[-69,21],[-53,0],[-42,-14],[-96,-70],[-24,-50],[-44,26],[-95,18],[-50,-30],[-47,22],[-70,-5],[-27,-22],[-32,-8],[-114,10],[-69,37],[-71,79],[-11,41],[-17,19],[-46,82],[1,23],[48,37],[7,-10],[34,22],[42,66],[1,59],[-24,93],[-39,101],[15,18],[54,-1],[13,-12],[56,-1],[33,12],[48,-5],[31,12],[80,-17],[59,21],[50,40],[20,48],[-6,65],[14,63],[-10,57],[3,37],[-27,72],[22,31],[8,96],[-32,5],[-23,-11],[-3,31],[-45,55],[-63,116],[19,68],[15,129],[19,83],[31,58],[7,64],[33,44],[-3,28],[22,37],[50,35],[60,138],[53,32],[16,-48]],[[297823,59101],[25,-43],[39,-13],[39,-40],[-20,-100],[-14,-13],[-53,-5],[-12,49],[-38,34],[-42,80],[-13,8],[-12,66],[5,29],[26,-15],[40,43],[15,5],[15,-85]],[[298353,59121],[30,-29],[6,-125],[-6,-22],[-53,32],[1,55],[-16,14],[7,65],[17,29],[14,-19]],[[298124,59158],[-11,-48],[-8,68],[14,15],[18,-18],[-13,-17]],[[298666,59267],[-8,-57],[-15,-11],[5,84],[18,-16]],[[298522,59397],[17,17],[14,-39],[-1,-54],[-9,-31],[-5,-91],[-34,-92],[-58,-16],[-13,-27],[-15,44],[-26,34],[-17,100],[9,18],[-22,53],[-19,0],[-12,40],[17,0],[26,-34],[3,29],[49,-11],[9,62],[23,29],[24,-20],[19,-38],[21,27]],[[298253,59113],[-30,-1],[-11,18],[-50,-36],[3,77],[-22,18],[2,22],[-17,59],[-14,10],[9,40],[27,10],[28,104],[-16,67],[-1,41],[18,48],[39,47],[14,-71],[15,-5],[-21,-57],[41,-37],[8,-68],[-7,-83],[7,-95],[-22,-108]],[[298427,59375],[-24,1],[-20,48],[15,32],[26,-51],[3,-30]],[[298011,59503],[-15,-52],[-22,14],[11,37],[39,44],[-13,-43]],[[297909,59538],[-18,-28],[-17,12],[29,31],[6,-15]],[[298473,59734],[47,-40],[20,-61],[1,-43],[-31,-106],[-23,-37],[-45,42],[-23,45],[-33,-7],[-14,29],[-12,-32],[-37,-19],[-11,46],[-1,97],[13,44],[0,45],[115,36],[34,-39]],[[297564,59966],[50,-30],[34,1],[24,-32],[-23,-9],[-14,-82],[21,-11],[47,28],[66,-32],[88,22],[33,-10],[42,-26],[-22,-21],[-48,-20],[-21,-27],[-1,-36],[16,-46],[30,-45],[-23,-4],[-80,-56],[-6,-37],[-33,-37],[3,-13],[-63,-16],[-89,28],[-39,-5],[-25,-33],[-34,-23],[-38,-40],[9,55],[25,39],[28,20],[-12,61],[-26,34],[3,37],[15,8],[15,89],[-11,43],[-24,53],[-1,61],[21,50],[-2,28],[33,50],[32,-16]],[[298058,59703],[-32,-2],[18,27],[14,-25]],[[299502,67821],[33,-25],[8,-48],[37,-7],[26,-57],[-1,-69],[22,-28],[-10,-43],[21,11],[17,-112],[-18,-48],[-4,-63],[-29,-17],[78,-93],[-8,-26],[-23,8],[-15,-21],[-37,-79],[-14,-46],[0,-60],[-17,-89],[3,-23],[19,15],[25,67],[17,9],[56,58],[-7,-56],[-12,-29],[11,-39],[-20,-23],[9,-34],[8,27],[31,37],[41,111],[38,58],[17,-20],[28,-1],[21,17],[58,24],[64,9],[14,-11],[87,-26],[39,-31],[22,8],[26,39],[66,-42],[3,-86],[-13,-43],[9,-34],[-7,-41],[-29,-12],[12,-69],[-4,-29],[-47,-88],[-23,-82],[-50,-99],[-12,-45],[-6,-74],[-20,-37],[-51,-66],[-34,-106],[7,-18],[-10,-103],[7,-107],[25,-72],[61,-69],[56,-25],[56,-15],[77,-64],[-6,-48],[-42,-46],[-44,-14],[-1,-17],[33,-13],[47,1],[32,12],[19,-14],[-3,-45],[51,12],[13,-21],[-18,-37],[28,-7],[40,14],[26,-15],[65,46],[29,-8],[23,-26],[-34,-51],[-54,26],[-23,-13],[-17,-63],[23,-15],[21,-40],[-4,-55],[18,-27],[27,-9],[-15,-32],[-58,30],[-74,12],[3,58],[-27,2],[-19,-62],[17,-54],[-17,-12],[-46,3],[-28,63],[-28,-3],[-9,19],[7,46],[-10,25],[-44,-32],[-2,47],[-23,20],[-16,-26],[-25,-7],[-23,23],[4,20],[-29,25],[16,18],[-43,-4],[22,-55],[1,-26],[-25,18],[-9,-45],[-47,-22],[43,-22],[49,7],[-10,-44],[-14,-18],[-63,-4],[-19,-63],[39,-4],[9,15],[46,-20],[-3,-18],[-44,-8],[-11,-17],[34,-10],[14,-20],[-5,-26],[38,21],[3,32],[41,27],[54,-70],[-36,-38],[33,-21],[-9,-22],[50,-40],[20,14],[49,-6],[-4,28],[35,63],[22,13],[46,4],[-17,-22],[-4,-32],[21,-92],[-126,-5],[-83,-38],[-38,7],[-28,-27],[-20,5],[1,-61],[9,-15],[84,40],[43,-19],[22,-28],[-13,-71],[-24,11],[-12,-42],[-37,-18],[-34,22],[11,20],[-23,22],[-62,-40],[-44,-38],[-30,26],[11,27],[-15,20],[36,14],[29,60],[-21,23],[31,83],[-70,14],[-42,-12],[-33,-36],[21,-30],[-10,-61],[-28,-37],[8,-16],[-51,-27],[26,-43],[-9,-38],[25,-2],[32,26],[36,-45],[11,-56],[-35,19],[-58,-28],[5,-28],[-32,-31],[-29,22],[-21,-34],[5,-48],[-18,-45],[-28,-33],[13,-25],[24,-6],[-25,-41],[26,-80],[-5,-16],[-32,-4],[-18,-44],[20,-62],[18,54],[43,12],[35,-24],[2,-32],[21,-58],[-22,-84],[13,-31],[-4,-36],[12,-36],[-20,-68],[-42,-31],[61,0],[18,-23],[0,-29],[-23,-48],[11,-31],[-1,-47],[-23,-125],[17,-16],[-2,-51],[24,-106],[-3,-36],[-32,-128],[-44,-90],[-15,-63],[-32,-42],[-19,-58],[14,-27],[37,5],[6,44],[38,71],[35,51],[15,81],[28,57],[14,3],[22,40],[-19,52],[9,56],[-1,70],[18,46],[0,38],[-15,92],[12,40],[5,53],[-14,57],[12,71],[66,173],[50,62],[3,31],[39,79],[18,21],[74,-15],[79,70],[39,4],[14,38],[38,-27],[29,26],[21,1],[73,-21],[40,-30],[41,3],[13,-15],[-32,-39],[13,-41],[47,-37],[5,-81],[-34,-95],[2,-27],[-21,-41],[1,-25],[25,-5],[7,-33],[-30,-14],[-48,-36],[-13,-45],[4,-24],[31,-13],[13,-35],[64,-40],[-20,-16],[-6,-42],[12,-16],[-11,-31],[13,-32],[-14,-47],[8,-45],[-30,-60],[0,-47],[26,-17],[-11,-38],[-53,-12],[-15,-64],[13,-41],[-31,-23],[0,-53],[-27,-45],[26,-29],[-6,-57],[-24,-10],[7,-49],[-25,-60],[6,-33],[-7,-44],[-32,-79],[-4,-33],[-20,-17],[10,-50],[-5,-46],[12,-18],[-6,-70],[-41,-65],[6,-42],[17,-6],[-5,-44],[-45,-60],[15,-65],[-29,-25],[21,-33],[8,-48],[-16,-57],[-42,-35],[6,-55],[-9,-32],[-31,-50],[9,-18],[-5,-50],[-36,-45],[10,-71],[-24,-29],[30,-67],[5,-53],[-32,-83],[-35,37],[-1,19],[-52,58],[-23,51],[-37,-21],[-10,-59],[26,-112],[10,-97],[-64,-7],[-47,27],[-32,35],[-17,41],[-32,-2],[-1,-42],[-20,3],[-4,26],[-55,-1],[-21,27],[-14,62],[-24,15],[-45,-29],[6,-51],[-13,-44],[-19,-8],[-44,57],[8,42],[-33,21],[-60,89],[-35,4],[17,33],[56,44],[63,-42],[12,26],[-23,11],[18,32],[-26,10],[14,33],[-20,54],[6,45],[-47,-35],[-19,-31],[-22,4],[-52,-19],[-36,-39],[-4,-33],[14,-51],[-32,-19],[-7,-43],[28,-28],[27,-56],[-3,-25],[-30,-23],[-32,53],[0,32],[-38,20],[-20,51],[-10,-31],[31,-48],[-41,-5],[39,-62],[-39,-4],[-17,-34],[25,-35],[45,-30],[-59,-24],[53,0],[44,10],[45,75],[-5,15],[56,-3],[21,-70],[16,-25],[18,-106],[-33,-42],[-2,-59],[14,-31],[71,2],[-3,-30],[-31,-2],[-38,-31],[-24,4],[-18,-16],[-59,37],[-22,-25],[6,-29],[-61,-23],[-11,10],[-36,-56],[33,-32],[-38,-70],[-146,52],[-68,-7],[-19,-31],[15,-41],[-4,-49],[29,-21],[12,-26],[-15,-24],[-1,-36],[51,-73],[18,-3],[-2,-28],[19,-39],[44,0],[-3,48],[42,-11],[13,33],[-2,33],[-20,22],[26,41],[5,-36],[21,-11],[-11,-49],[15,-23],[-10,-42],[58,-43],[-12,-27],[-35,16],[-18,-20],[21,-55],[97,-7],[-1,-17],[-35,2],[-18,-19],[-7,-64],[-39,-48],[-21,-61],[-30,-24],[-54,-24],[-8,-25],[77,19],[40,23],[33,2],[34,-26],[8,-26],[22,11],[-7,29],[30,9],[1,84],[27,55],[-52,-33],[-17,-20],[-13,17],[-23,-12],[-17,12],[37,40],[24,-24],[-7,32],[29,26],[15,-21],[31,8],[-33,15],[-17,29],[55,52],[37,16],[16,-8],[8,33],[-46,-12],[-29,5],[12,15],[-38,64],[41,48],[-63,62],[3,52],[17,16],[54,-24],[26,57],[-16,41],[13,13],[-29,43],[-33,0],[-17,39],[32,1],[55,21],[34,-41],[27,-100],[10,-12],[67,11],[-15,60],[-21,46],[49,17],[43,-8],[44,13],[51,41],[50,1],[8,28],[-46,18],[-2,18],[-41,5],[-79,33],[15,46],[-2,52],[-24,54],[23,19],[-9,15],[56,63],[30,-10],[5,31],[-26,19],[10,10],[44,-9],[-27,-20],[-6,-41],[12,-24],[30,-22],[40,-2],[11,-35],[-4,-41],[22,-15],[28,7],[-3,44],[43,14],[76,-28],[32,14],[27,-14],[-23,-53],[11,-35],[32,-21],[11,11],[40,-13],[14,-25],[-7,-38],[-23,-41],[11,-17],[32,-5],[-12,-34],[2,-54],[-53,-59],[-56,3],[-12,-39],[-16,-7],[-66,11],[81,-26],[22,7],[4,-34],[28,-16],[15,-43],[-20,-35],[16,-23],[9,-56],[-14,-9],[9,-45],[17,-6],[-13,-27],[-2,-81],[-20,-30],[-30,-21],[-5,-55],[-37,-19],[-34,-46],[-19,-47],[13,-38],[32,7],[-10,-77],[-35,-50],[-35,3],[-4,-43],[19,-35],[-3,-36],[-23,-37],[-39,-31],[-39,-59],[-7,-29],[13,-43],[44,-15],[-19,-60],[-28,-11],[12,-58],[-11,-24],[-26,-8],[-34,-67],[-26,-31],[-2,-76],[18,-14],[3,-34],[24,-51],[-2,-19],[-38,-34],[-17,-52],[-36,-36],[-3,-27],[-23,-18],[3,-31],[-17,-24],[0,-57],[-26,-20],[-5,-42],[-23,-7],[4,-58],[-16,-56],[-32,48],[-16,39],[25,13],[3,48],[-27,18],[-27,0],[-9,79],[-49,56],[8,4],[-7,67],[-47,0],[-18,-32],[-28,15],[-48,2],[-52,55],[-35,-17],[-51,5],[-61,-85],[-70,-3],[-41,39],[-41,68],[-66,36],[-19,28],[-64,45],[-18,34],[5,57],[-13,40],[8,66],[-22,33],[38,42],[42,61],[1,33],[-31,42],[-44,24],[-23,26],[-3,43],[54,39],[22,55],[14,10],[-28,49],[-18,11],[-53,-1],[-30,12],[-61,53],[-3,29],[14,68],[-39,18],[-39,-52],[-27,-87],[11,-29],[-24,-48],[-7,-42],[-58,-99],[-35,17],[4,44],[25,70],[6,47],[-7,67],[-24,60],[-34,12],[-21,43],[-47,48],[-29,0],[16,37],[3,46],[-21,27],[-18,66],[11,36],[29,41],[2,76],[28,8],[28,-10],[56,4],[77,-48],[36,108],[24,-30],[8,-83],[44,-3],[32,-14],[59,58],[3,17],[40,40],[9,51],[-2,77],[-18,51],[-24,3],[-37,-53],[-43,-7],[-11,12],[7,57],[44,61],[-47,80],[-12,-20],[-37,21],[-2,-72],[24,-67],[-13,-83],[4,-60],[-45,-8],[-35,9],[-64,56],[-38,-4],[-25,21],[-40,11],[-18,-26],[-23,3],[0,48],[-29,76],[-44,70],[-32,13],[1,48],[21,29],[-32,20],[-59,109],[-19,-1],[-11,36],[60,44],[22,55],[12,114],[9,38],[-11,31],[-35,28],[6,39],[-44,81],[32,56],[14,8],[-22,22],[-94,72],[-12,-40],[-56,45],[-82,-16],[-9,-13],[-4,-85],[-15,-52],[-1,-62],[-45,-27],[-38,-37],[-6,-24],[-32,12],[-21,28],[-12,53],[-30,74],[-27,99],[-22,52],[-18,19],[9,90],[-4,138],[23,12],[-4,49],[-11,10],[6,93],[-5,47],[-14,11],[28,68],[-19,20],[23,38],[23,8],[37,43],[-7,40],[-33,-5],[-21,98],[-18,38],[-4,84],[17,20],[-9,43],[-23,51],[-9,51],[4,40],[-13,5],[1,49],[-11,59],[-40,39],[-58,-15],[-10,36],[23,124],[-5,47],[-36,39],[-41,4],[-43,-64],[-60,-63],[-54,-30],[-20,13],[-38,79],[7,40],[0,68],[-18,41],[-41,20],[30,100],[18,5],[11,47],[36,105],[13,23],[33,19],[-7,20],[9,89],[16,19],[-14,84],[14,85],[44,12],[65,45],[26,45],[-2,40],[-20,9],[-18,61],[46,39],[37,18],[12,65],[10,14],[36,3],[57,27],[45,3],[24,51],[44,48],[7,30],[-27,48],[26,19],[15,49],[25,24],[6,24],[37,-4],[25,-50],[-46,-27],[8,-36],[37,-97],[40,-56],[50,-19],[30,2],[22,-72],[-1,-37],[20,-59],[7,-63],[-7,-51],[28,-27],[8,-91],[-11,-22],[22,-54],[41,-23],[36,8],[8,136],[18,13],[79,-29],[9,-26],[-3,-95],[0,-172],[-21,-56],[11,-58],[11,-6],[35,58],[81,57],[-11,212],[10,240],[8,67],[-30,31],[2,21],[-42,-10],[9,41],[-11,28],[38,73],[29,147],[-6,32],[-21,22],[-11,45],[11,12],[5,48],[-8,25],[-32,43],[-14,59],[14,13],[26,-28],[7,-48],[34,-20],[18,75],[-8,50],[-5,122],[1,103],[18,54],[35,2],[-1,36],[-27,25],[-3,55],[-11,50],[4,58],[17,22],[3,36],[29,105],[-12,29],[15,17],[36,1],[25,44],[-29,41],[17,35],[3,36],[-19,6],[5,30],[17,-10],[60,32],[2,50],[-18,23],[-35,13],[-7,50],[16,9],[23,72],[-20,35],[-25,1],[-21,32],[-5,69],[24,105],[6,115],[16,32],[-3,50],[12,80],[20,61],[47,57],[24,9],[18,60],[39,30],[-3,31],[-30,11],[-23,-8],[16,87],[32,112],[4,31],[22,24],[-11,20],[57,132],[19,122],[18,57],[14,96],[48,75],[50,108],[40,146],[66,144],[25,19],[13,-9],[-29,-84],[-8,-56],[-12,0],[-15,-66],[-11,-5],[-66,-186],[-8,-36],[17,-10],[40,24],[14,34],[-23,18],[40,46],[13,49],[41,97],[44,29],[17,50],[32,49],[17,60],[16,3],[29,-27],[-7,-68],[4,-110],[21,48],[-6,43],[18,65],[39,-13],[1,-77],[16,20],[29,73],[-3,30],[-22,34],[0,31],[17,70],[15,1],[16,45],[0,42],[31,4],[35,52],[39,-2]],[[298302,63770],[-13,-68],[-33,-12],[-8,114],[18,31],[26,1],[19,20],[17,-30],[-26,-56]],[[299935,64331],[-12,-34],[-30,-20],[-12,-73],[37,-24],[-68,-42],[-22,56],[12,54],[16,30],[5,44],[76,31],[-2,-22]],[[298337,64065],[-15,-64],[-33,-26],[-26,16],[8,36],[-19,63],[20,3],[2,36],[-13,77],[7,81],[-10,36],[4,41],[-22,96],[-36,24],[-4,20],[-30,13],[1,46],[67,16],[29,-17],[7,-27],[43,-39],[5,-28],[23,-24],[-11,-44],[29,-70],[12,-57],[16,-19],[1,-76],[27,-34],[0,-24],[-25,-33],[-57,-22]],[[299822,64273],[1,21],[21,-16],[-22,-5]],[[300192,64451],[65,-12],[21,7],[55,-21],[-6,-38],[17,-63],[-13,-47],[-55,-42],[-52,5],[-65,-40],[-66,-18],[-39,29],[-1,23],[-22,31],[-20,8],[-24,-14],[-15,20],[21,71],[20,36],[13,-8],[28,19],[45,-13],[49,38],[-11,24],[13,21],[42,-16]],[[298121,64594],[-25,-27],[-15,9],[23,63],[12,-1],[5,-44]],[[298660,66270],[14,25],[2,-32],[-16,7]],[[300192,66646],[11,44],[24,27],[20,-47],[-25,-11],[-16,-44],[-13,-6],[-1,37]],[[300285,67090],[17,-17],[-2,-34],[-44,-111],[-9,-8],[9,89],[-1,50],[-37,28],[24,19],[43,-16]],[[299869,67144],[-31,17],[51,43],[23,-9],[-9,-45],[-34,-6]],[[299931,67849],[23,-26],[-11,-42],[-33,-53],[8,-29],[-17,-8],[-3,-78],[13,-9],[-4,-96],[24,-21],[2,-26],[21,65],[6,57],[47,42],[59,-40],[-15,-70],[7,-2],[22,61],[-4,44],[-46,23],[-37,46],[9,55],[16,41],[18,-28],[22,-7],[20,-45],[6,-39],[23,50],[26,-4],[31,-23],[32,27],[21,-14],[27,9],[45,-8],[3,-82],[7,-20],[-8,-101],[10,-63],[30,-50],[28,-29],[3,-28],[-34,-84],[19,-44],[-8,-45],[-31,-46],[-69,15],[-66,-8],[-21,15],[-24,-11],[-14,-27],[-32,15],[-20,24],[-57,12],[-72,5],[-22,58],[-4,43],[-68,-55],[-25,7],[-17,62],[21,102],[-18,29],[26,31],[-19,69],[0,62],[27,35],[-18,32],[-17,67],[6,61],[20,8],[8,48],[14,27],[38,5],[10,21],[36,-12]],[[299518,67936],[7,-60],[-45,34],[9,48],[29,-22]],[[299725,68045],[27,22],[-4,-31],[-23,9]],[[299639,68529],[62,-13],[38,10],[31,-20],[39,16],[9,-69],[-20,-10],[-4,-61],[-27,-17],[18,-37],[-24,-53],[-13,-84],[-21,-40],[3,-20],[25,-2],[-7,-33],[-29,11],[1,-56],[-22,-65],[-16,-69],[-7,-56],[3,-96],[-15,-52],[-10,1],[-35,137],[-32,34],[0,109],[-14,97],[-17,51],[0,38],[21,38],[-22,38],[22,54],[5,66],[-11,32],[0,43],[14,32],[10,73],[45,-27]],[[300096,68236],[-3,-74],[-22,-45],[-25,-105],[-69,-35],[-6,-34],[-23,-4],[14,123],[20,28],[-8,37],[25,16],[20,100],[-5,106],[15,8],[8,-45],[15,38],[13,0],[33,69],[27,10],[20,-14],[-30,-80],[-19,-99]],[[299961,68207],[31,65],[14,-6],[-31,-75],[-14,16]],[[299984,68413],[-6,-60],[-17,73],[29,55],[-6,-68]],[[299361,71754],[11,-25],[27,-19],[-19,-96],[-23,-43],[10,-37],[-23,-41],[-1,-39],[-28,-17],[13,-24],[4,-43],[-28,-39],[14,-19],[0,-45],[-62,-42],[9,-40],[64,-26],[8,-22],[-58,-42],[-18,-3],[-46,43],[-39,58],[-28,60],[3,38],[-20,33],[-55,54],[-29,67],[26,49],[45,37],[50,71],[56,93],[69,63],[8,16],[37,-1],[-1,-32],[24,13]],[[299858,73971],[37,-88],[-21,-31],[-23,17],[-40,115],[47,-13]],[[298993,74410],[-17,-26],[16,57],[1,-31]],[[299682,75124],[31,-8],[-29,-153],[3,-27],[-3,-173],[14,-187],[-18,-102],[17,-45],[58,-69],[35,-62],[45,-101],[-4,-28],[10,-61],[-27,-63],[-17,24],[-15,89],[-16,23],[-5,-96],[-11,-41],[8,-23],[-11,-83],[19,-29],[-23,-10],[25,-10],[-1,-88],[-12,-40],[-31,19],[-36,-10],[-31,43],[4,44],[13,17],[-31,0],[3,46],[31,31],[14,31],[-20,174],[7,17],[-16,127],[-19,55],[9,54],[-15,64],[-39,56],[-73,63],[-18,47],[-33,39],[-10,50],[3,33],[37,24],[5,-25],[37,1],[-20,18],[-20,42],[38,23],[-6,44],[15,6],[-5,33],[20,24],[32,14],[16,52],[5,107],[61,0]],[[299803,74440],[26,-97],[6,-50],[-9,-12],[-31,40],[-50,89],[12,25],[7,57],[-50,-6],[3,38],[27,28],[-9,52],[11,6],[24,-30],[20,-59],[13,-81]],[[299836,75170],[19,59],[14,0],[-11,-55],[-22,-4]],[[299801,75563],[24,-10],[32,19],[35,-26],[2,-31],[-36,-47],[-22,-42],[5,-37],[-41,-67],[-22,-71],[-25,-57],[-19,-25],[-47,-1],[-5,17],[-31,-7],[-22,22],[-2,29],[40,74],[20,3],[4,51],[56,115],[0,24],[22,-11],[8,75],[24,3]],[[300243,75724],[26,-4],[-43,-17],[17,21]],[[299494,77109],[82,-27],[30,6],[15,-27],[13,33],[36,-12],[-17,-24],[33,4],[21,-17],[0,-22],[29,-35],[25,12],[15,-33],[-1,-134],[-7,-41],[8,-19],[-14,-27],[-15,-78],[-5,-70],[-31,-46],[-1,-24],[33,-4],[40,56],[13,-24],[-16,-150],[12,-77],[-12,-37],[-48,-19],[36,-11],[14,-59],[-10,-68],[12,-42],[21,-27],[4,-43],[-13,-37],[7,-21],[-8,-99],[-17,-83],[-29,-29],[-21,0],[-32,37],[-18,-1],[16,-71],[67,1],[7,-50],[-42,-60],[-12,-63],[-15,-25],[-59,-63],[-2,-19],[-59,-31],[-14,-30],[11,-61],[-29,-49],[-101,-69],[-47,-12],[-75,17],[-33,28],[-31,-4],[-24,-35],[25,-41],[-19,-13],[12,-46],[-18,-48],[41,28],[39,47],[25,2],[31,-30],[-9,-35],[10,-42],[49,-50],[0,-45],[-41,-45],[-53,26],[-16,-32],[-54,5],[-22,-11],[-22,-80],[-16,-39],[-16,-83],[-24,-50],[-21,-68],[-11,25],[12,66],[-41,33],[-7,40],[-28,-14],[-27,8],[11,19],[21,-16],[40,47],[13,66],[-13,83],[-54,91],[-1,102],[-18,33],[-44,46],[-28,62],[-18,67],[-16,32],[1,85],[-33,105],[31,0],[7,59],[28,8],[58,52],[45,79],[34,45],[23,88],[-10,54],[18,38],[-16,35],[-8,50],[36,23],[29,-1],[4,25],[-11,94],[0,77],[25,66],[26,40],[-8,28],[10,34],[24,6],[-9,27],[16,16],[2,30],[28,15],[-4,47],[17,25],[-31,-12],[-17,47],[-51,-6],[-44,12],[24,22],[-17,41],[5,82],[7,26],[35,3],[16,62],[38,44],[42,74],[39,97],[31,-3],[32,51],[32,14],[37,3],[25,-32]],[[300163,75947],[18,-35],[-30,-33],[-21,14],[-1,53],[11,14],[23,-13]],[[300205,76146],[30,-47],[-14,-177],[-7,-25],[-29,-30],[-2,79],[26,45],[-24,11],[6,160],[14,-16]],[[299782,78421],[-8,-24],[-99,-42],[-42,-44],[-60,-113],[42,-75],[-12,-18],[-46,-2],[-28,21],[-18,88],[-33,128],[-3,79],[54,28],[58,-40],[90,6],[59,31],[33,9],[13,-32]],[[299911,78396],[-30,-47],[-15,-6],[9,46],[29,22],[7,-15]],[[303870,20953],[11,-55],[35,-30],[-6,-30],[-20,-20],[-19,8],[-63,-8],[-79,25],[-17,-2],[-76,80],[-21,30],[-9,36],[15,23],[20,76],[30,63],[23,36],[36,15],[57,-40],[81,-73],[19,-42],[-17,-92]],[[301499,25721],[14,-16],[13,-56],[-5,-51],[-42,-6],[33,-19],[-57,-50],[-46,5],[-16,24],[9,35],[-7,49],[17,52],[33,42],[39,13],[15,-22]],[[300519,30835],[61,-42],[34,-43],[32,-14],[26,-35],[82,-88],[92,-80],[41,-28],[53,-54],[35,-56],[34,-95],[33,-123],[20,-89],[6,-117],[25,-43],[13,-47],[11,-78],[13,-39],[-7,-55],[-35,-77],[-7,-56],[22,-95],[-13,-12],[-44,-1],[-48,-18],[-5,-11],[-50,-23],[-39,-34],[-16,-30],[5,-38],[-19,-23],[-68,-29],[-23,-26],[-185,-22],[-72,17],[-61,35],[-39,31],[-26,33],[-32,7],[-11,-23],[-20,10],[-29,-22],[-46,3],[-25,17],[-33,3],[-94,-26],[-62,1],[-22,-19],[-99,4],[-42,40],[-28,51],[1,36],[-16,56],[-61,82],[-9,73],[-15,23],[4,107],[29,128],[1,152],[-12,33],[-4,89],[18,49],[-10,28],[3,52],[-7,47],[10,48],[39,67],[39,16],[26,-1],[55,-21],[19,-27],[52,13],[39,-5],[40,-47],[20,-4],[45,30],[62,12],[49,-11],[40,3],[55,28],[34,48],[-10,52],[15,45],[40,29],[11,61],[-31,37],[56,21],[11,35],[-2,38],[-26,70],[-14,7],[-13,39],[38,4],[41,-83]],[[300297,60796],[-20,-12],[2,59],[-18,30],[29,1],[41,41],[5,-28],[-23,-40],[-16,-51]],[[304248,62242],[-1,-24],[-42,-57],[1,-20],[-55,-6],[-8,22],[22,75],[15,16],[52,13],[16,-19]],[[303670,62854],[52,29],[69,28],[133,26],[39,-1],[24,-29],[46,-2],[31,-39],[-2,-66],[-34,-53],[-77,-81],[-7,-21],[15,-25],[-32,-33],[-73,-27],[-48,-6],[-80,30],[-14,18],[-138,79],[-3,30],[-84,37],[-52,28],[-34,-2],[-20,-17],[-16,28],[2,52],[-15,24],[5,73],[-10,64],[9,8],[42,-46],[53,-42],[61,-23],[77,-53],[50,-4],[31,16]],[[302849,65292],[43,19],[-10,57],[8,14],[47,-14],[43,18],[35,-44],[61,-36],[47,-5],[55,-33],[61,-60],[41,-80],[24,-24],[12,-53],[-7,-50],[-33,-86],[0,-32],[113,-258],[33,-54],[42,-83],[37,-56],[5,-69],[31,-68],[3,-33],[27,-32],[65,3],[15,-18],[6,-38],[45,-92],[8,-50],[31,-47],[-3,-35],[17,-22],[-6,-35],[28,-22],[-9,-33],[3,-53],[16,-5],[12,-46],[32,-50],[26,-17],[-3,-82],[-36,-71],[-49,-63],[-38,-28],[-71,-20],[-54,9],[-32,32],[-60,44],[-46,165],[-22,23],[-8,37],[-41,68],[-35,37],[-19,47],[-51,73],[-24,60],[-84,66],[-6,42],[-37,17],[-3,26],[74,57],[-12,29],[-20,-21],[-24,0],[-49,39],[-35,5],[-47,-46],[5,-19],[-22,-8],[-40,8],[-19,15],[-55,10],[-29,25],[-15,32],[-39,50],[-18,53],[-17,92],[-18,16],[-44,137],[-75,38],[-69,15],[-69,1],[-36,17],[-29,-15],[-43,-4],[-25,67],[-28,38],[-40,20],[-14,33],[32,11],[25,63],[19,21],[57,11],[48,0],[94,42],[62,74],[-1,29],[44,45],[72,122],[15,73],[-6,93],[20,42],[15,-3],[-14,-71],[9,-28],[40,-77],[10,-47],[26,56]],[[300457,65053],[-22,-30],[-32,11],[-8,29],[54,24],[8,-34]],[[303112,66183],[61,-19],[66,-8],[22,-21],[-1,-50],[-18,-6],[-4,-58],[-20,-17],[-2,-44],[-18,-34],[-5,-49],[9,-38],[-19,-10],[32,-42],[-36,-16],[4,-38],[13,-4],[-7,-40],[-19,11],[-3,-47],[38,-19],[-21,-45],[-7,-75],[3,-55],[-43,-44],[-58,5],[-76,70],[-50,7],[5,37],[-28,41],[-14,6],[0,38],[39,4],[15,20],[-53,29],[-4,-25],[-28,33],[-35,-3],[-22,31],[-70,9],[-26,41],[-10,123],[13,18],[111,33],[3,23],[-22,50],[-52,-31],[11,59],[-62,-17],[28,31],[-24,10],[5,55],[-31,61],[17,27],[42,-21],[19,32],[46,-37],[-8,-34],[21,9],[33,-34],[26,24],[29,8],[0,24],[40,0],[35,33],[36,10],[74,-31]],[[302595,65996],[-10,-25],[-10,91],[1,66],[8,81],[-5,35],[-23,53],[11,-6],[53,-67],[38,-71],[18,-51],[1,-31],[-18,-31],[-64,-44]],[[303511,66577],[43,-32],[17,-31],[8,-44],[19,-44],[20,1],[-5,-36],[-15,-17],[-19,-73],[-22,-20],[18,-56],[43,-104],[-15,-19],[64,-61],[2,-29],[30,-47],[70,-68],[27,-13],[22,-63],[32,-23],[-37,-10],[4,-49],[18,-9],[3,-31],[-16,-53],[21,-30],[-14,-31],[-23,-9],[14,-21],[-12,-34],[-65,-95],[-47,12],[-53,103],[0,24],[-31,57],[-79,90],[-85,57],[-122,-3],[-40,41],[-13,54],[2,59],[10,32],[0,71],[20,64],[2,42],[-29,68],[-73,-4],[-15,16],[16,25],[-26,11],[-6,21],[18,34],[33,12],[18,-55],[-17,-20],[25,1],[10,48],[-5,59],[-26,87],[-1,61],[-9,18],[15,52],[37,51],[10,54],[44,57],[83,44],[48,45],[23,33],[-6,19],[25,32],[33,18],[13,-9],[-10,-89],[-13,-47],[-2,-80],[25,-47],[-8,-16],[-36,0],[10,-51]],[[302847,66693],[49,-2],[48,-16],[-1,17],[31,-13],[16,19],[46,-34],[24,-30],[27,9],[23,-40],[-16,-63],[17,-5],[20,-97],[31,-33],[31,-57],[-21,-65],[-31,-22],[-28,13],[-45,-19],[-60,8],[-14,-18],[-38,-1],[-7,22],[-38,-2],[-3,44],[-14,25],[-61,-11],[-79,47],[-31,52],[-11,58],[-34,60],[-25,91],[3,42],[27,32],[41,20],[59,-10],[64,-21]],[[304240,67177],[30,-46],[22,-86],[-9,-77],[-24,-74],[-27,-39],[-3,-85],[23,-36],[38,9],[58,-65],[-7,-95],[-22,-42],[-42,-47],[13,-75],[43,-56],[-13,-127],[-7,-20],[2,-65],[-24,-74],[-48,-46],[-12,-69],[-55,1],[-25,-48],[-37,-14],[-44,22],[-44,63],[-22,70],[-43,51],[-88,73],[-58,91],[-7,31],[53,70],[2,25],[-39,-45],[-23,-2],[-48,92],[-32,10],[-26,-20],[-20,11],[-23,85],[0,24],[39,166],[19,47],[9,53],[49,115],[24,42],[43,132],[8,41],[27,42],[21,66],[40,56],[51,90],[34,73],[12,3],[96,-23],[19,-90],[44,-45],[29,-45],[23,-3],[1,-95]],[[301299,66718],[23,8],[-17,-36],[-6,28]],[[301182,68585],[45,35],[86,6],[38,-20],[30,-3],[47,28],[37,0],[75,-28],[16,-17],[82,4],[1,-19],[-26,-15],[24,-18],[-20,-41],[-18,-3],[-9,-36],[15,-6],[37,20],[10,-52],[17,-7],[78,26],[47,-16],[5,-31],[-19,-43],[-43,-6],[-10,-45],[27,-47],[-3,-44],[6,-78],[16,-22],[23,53],[18,10],[25,-11],[-24,-21],[-6,-44],[16,-27],[-54,-19],[-11,-28],[-70,-55],[-73,2],[-63,12],[-16,-5],[-61,-53],[-5,-41],[29,-33],[16,-63],[54,-48],[14,-37],[49,-44],[20,-174],[-4,-70],[12,-23],[48,-37],[24,3],[15,-40],[-26,-46],[-53,-13],[-1,-10],[-48,56],[-108,6],[7,45],[-82,16],[-26,23],[-24,-10],[-63,-67],[13,-53],[-22,-49],[19,-11],[46,10],[22,27],[17,-25],[1,-65],[-43,0],[20,-26],[-7,-36],[-24,-40],[20,-9],[39,-69],[-25,0],[-35,-23],[-2,-27],[-25,-56],[27,-31],[1,-24],[-38,-6],[-4,31],[-26,27],[-47,7],[-37,48],[-43,21],[-53,-18],[-19,-34],[-41,50],[-23,-2],[-33,-64],[-22,-4],[8,-66],[43,-28],[28,4],[-12,-33],[-35,-14],[-42,-89],[-61,-74],[13,-36],[-26,-56],[-24,8],[-48,45],[-37,-16],[-20,-25],[28,-76],[48,-8],[47,-89],[-6,-57],[18,-14],[-4,-48],[-42,-25],[-108,44],[-60,-20],[-13,-25],[-83,-45],[26,-17],[25,-44],[32,2],[11,-18],[-8,-43],[-32,-46],[-8,-30],[20,-19],[-2,-51],[-14,23],[-30,8],[-15,-26],[-36,-11],[-32,14],[-47,-75],[-57,-14],[-5,-47],[-24,5],[-33,-14],[-43,-68],[-29,21],[-22,52],[-22,18],[8,52],[-66,-8],[-39,12],[-33,-11],[-63,25],[-39,64],[-7,46],[0,150],[16,64],[63,146],[19,120],[25,44],[20,70],[31,71],[27,27],[17,45],[23,9],[-16,89],[17,48],[23,116],[15,48],[32,57],[9,33],[-2,61],[20,22],[16,58],[-20,40],[4,26],[32,57],[-8,52],[-32,34],[-19,36],[-6,48],[52,156],[-1,46],[27,30],[-23,39],[12,41],[-27,12],[-34,-26],[-34,-57],[-32,9],[13,50],[-31,-33],[-51,-5],[-13,-15],[-31,23],[-27,5],[13,90],[-29,48],[-35,1],[-11,-17],[9,81],[29,50],[36,96],[-8,43],[19,29],[6,67],[16,6],[26,-39],[30,-11],[10,-53],[22,18],[26,-30],[39,-23],[18,15],[13,44],[28,32],[30,17],[20,37],[0,29],[26,36],[3,-56],[45,57],[9,35],[23,18],[-5,29],[-23,9],[-9,45],[-39,12],[-6,31],[35,9],[-35,73],[-31,4],[-25,-59],[-36,1],[8,58],[22,44],[-4,47],[26,45],[67,-42],[71,8],[20,9],[70,-40],[15,-46],[49,-7],[46,29],[45,72],[75,22],[77,-32],[109,-68],[60,-58],[72,4]],[[302387,67477],[18,-105],[-13,-66],[-18,-25],[7,44],[-21,60],[-60,34],[-20,34],[1,58],[23,64],[5,36],[91,27],[37,-17],[35,-50],[1,-24],[-18,-45],[-20,-19],[-35,14],[-13,-20]],[[302043,67952],[7,-35],[28,-14],[0,-67],[31,-29],[26,-54],[5,-120],[-29,-23],[7,73],[-15,30],[-37,22],[-24,-25],[-34,-14],[-42,7],[-43,45],[-32,14],[-38,-8],[-28,-48],[-42,-31],[-35,-45],[25,-22],[-27,-40],[-11,-122],[-26,-1],[-13,26],[-35,152],[-3,79],[-33,51],[-17,64],[0,46],[24,50],[27,27],[47,-7],[19,-48],[2,-63],[13,-13],[56,3],[8,-21],[21,14],[-22,41],[0,96],[19,39],[28,12],[28,-14],[28,45],[40,-3],[48,8],[-15,-18],[61,-39],[3,-20]],[[304160,68081],[1,-18],[25,15],[40,-61],[0,-72],[16,-37],[-3,-49],[-18,-42],[50,-24],[62,17],[11,34],[25,18],[10,53],[36,26],[-12,61],[21,72],[28,11],[26,-12],[-3,-51],[6,-125],[-11,-78],[-11,-31],[-36,-57],[20,-81],[1,-126],[7,-8],[-10,-102],[-24,-26],[-72,102],[-24,-4],[3,35],[-15,3],[28,50],[1,53],[-9,14],[-66,10],[-39,-32],[-90,23],[-36,20],[-11,-8],[-72,33],[-39,0],[-12,67],[21,21],[20,43],[12,59],[4,59],[36,22],[19,57],[-11,34],[18,23],[60,24],[17,-15]],[[301517,67837],[-12,26],[9,66],[34,35],[53,-29],[-28,-70],[1,-62],[-11,-26],[-34,30],[-12,30]],[[301739,67945],[4,-45],[-21,38],[17,7]],[[301993,68090],[-14,-30],[-6,38],[20,-8]],[[302372,68114],[-38,-52],[-27,-55],[-5,-55],[21,-59],[-6,-86],[-50,-90],[-29,7],[-27,43],[-8,92],[14,51],[6,83],[14,12],[18,94],[-29,72],[-33,-56],[-17,23],[7,39],[-63,-54],[2,25],[28,24],[0,50],[9,14],[-25,14],[-62,11],[-21,-5],[-27,-40],[-41,12],[15,39],[21,13],[12,32],[-25,7],[-10,21],[12,37],[-4,65],[32,27],[44,3],[38,13],[27,-5],[43,-49],[21,1],[-13,-43],[19,-41],[25,31],[21,-6],[20,-46],[30,9],[37,43],[-5,51],[-17,39],[13,29],[8,85],[-7,61],[29,22],[21,39],[7,-79],[12,-37],[-4,-39],[-29,-56],[6,-67],[42,-61],[53,-40],[10,-32],[-22,-57],[-54,-54],[-39,-69]],[[303552,68300],[-12,-26],[-29,-23],[-42,10],[-1,12],[65,48],[19,-21]],[[300334,68194],[-13,-48],[-29,27],[-13,40],[-21,-20],[-21,33],[-19,6],[-32,41],[-10,28],[23,67],[28,18],[64,112],[43,-18],[-22,-45],[38,-40],[-4,-100],[7,-28],[-19,-73]],[[300346,68449],[45,62],[13,-19],[-34,-64],[-24,21]],[[301733,68520],[-32,-24],[-14,14],[28,38],[20,-4],[-2,-24]],[[300303,68539],[30,23],[-13,-31],[-17,8]],[[301534,68622],[28,24],[-3,-29],[-25,5]],[[304074,68798],[9,-28],[-115,7],[57,26],[49,-5]],[[302128,68987],[-8,-21],[-13,34],[21,-13]],[[301911,69018],[-15,2],[-11,49],[23,-16],[3,-35]],[[302050,69067],[-17,-18],[-5,30],[22,-12]],[[302082,69079],[-13,8],[29,42],[-8,37],[8,35],[44,58],[34,-7],[23,-25],[-6,-37],[-54,-92],[-26,-27],[-3,-29],[-28,37]],[[301675,69822],[53,-36],[47,9],[6,48],[18,49],[22,21],[23,-14],[-11,-36],[12,-45],[45,-4],[0,-44],[-43,-58],[-32,-8],[-45,-39],[8,-70],[17,-17],[-5,-67],[-20,-19],[-16,8],[2,61],[-21,46],[-36,-9],[-22,13],[-46,-2],[-52,-66],[-63,19],[-35,57],[13,39],[-25,21],[-57,5],[-56,56],[-59,4],[-14,57],[0,34],[40,56],[93,26],[93,-37],[53,-27],[51,5],[33,20],[29,-56]],[[301923,69752],[15,-29],[-14,-6],[-1,35]],[[302526,69888],[-17,-27],[-14,-62],[4,-25],[-9,-68],[6,-81],[-9,-38],[-54,-46],[-56,-211],[-27,-25],[-30,42],[-80,31],[-31,5],[-15,48],[12,95],[28,19],[31,41],[23,47],[29,-1],[-4,42],[-39,27],[21,111],[-4,42],[23,47],[19,65],[29,53],[48,47],[69,10],[31,-15],[49,-64],[19,17],[-7,81],[15,41],[-6,34],[42,10],[30,73],[8,-38],[-7,-51],[19,-49],[42,-29],[-19,-54],[-41,-26],[-29,-45],[-18,-46],[-68,-17],[-13,-10]],[[301953,69956],[9,-50],[-18,10],[9,40]],[[301473,70009],[2,14],[75,47],[33,-3],[13,-23],[5,-55],[-15,-14],[-44,-7],[-46,8],[-23,33]],[[301291,70036],[32,-31],[-30,-13],[-12,17],[10,27]],[[301146,70050],[-35,38],[3,44],[31,12],[81,-34],[44,-38],[15,-32],[-23,-39],[-62,7],[-54,42]],[[302020,70110],[6,-25],[-13,-21],[-46,8],[4,57],[21,6],[28,-25]],[[300324,75605],[7,-74],[11,-11],[3,-71],[-39,-5],[-12,59],[3,60],[-21,35],[32,24],[20,33],[11,-30],[-15,-20]],[[300606,75912],[46,-23],[-16,-34],[-3,-45],[-16,-25],[-39,-9],[-38,13],[-12,36],[16,8],[-8,66],[37,14],[33,-1]],[[300658,76189],[20,-51],[31,-32],[-1,-28],[13,-70],[35,-39],[-19,-39],[-55,-27],[-25,-2],[-37,18],[-36,2],[-42,19],[-1,17],[52,20],[33,48],[-2,20],[-33,20],[-46,-38],[-27,-8],[-73,35],[6,42],[-16,24],[18,26],[54,-19],[26,9],[95,17],[-3,31],[26,18],[7,-13]],[[302388,76172],[-3,21],[-23,12],[14,23],[42,-21],[-1,-30],[-29,-5]],[[300351,76244],[-38,-27],[-21,50],[54,41],[5,-64]],[[300456,76369],[4,-40],[-23,-88],[-19,-26],[-32,52],[-1,44],[15,6],[-17,36],[36,28],[37,-12]],[[300307,76429],[27,-30],[8,-49],[-29,-32],[-22,5],[-16,52],[13,49],[19,5]],[[301875,76461],[11,-12],[-38,-22],[-3,20],[30,14]],[[303560,84290],[43,-75],[4,-38],[34,-106],[22,-32],[31,-132],[4,-48],[45,-87],[4,-39],[-31,-65],[15,-89],[-13,-44],[14,-67],[-47,-58],[1,-67],[13,-29],[-17,-34],[2,-36],[-55,-18],[-3,-23],[42,-14],[-5,-31],[-45,-54],[10,-28],[-11,-70],[-23,-28],[-24,-1],[-79,45],[-67,-18],[-19,-43],[32,-11],[41,6],[16,-19],[68,-3],[45,-60],[0,-24],[21,-26],[-8,-60],[16,-65],[-15,-76],[-23,-36],[-74,17],[-57,-14],[-18,-31],[38,-22],[76,-12],[29,-43],[34,-18],[-7,26],[56,32],[16,-9],[-11,-42],[-45,-71],[18,-34],[30,3],[60,-63],[3,-24],[-28,-27],[44,-34],[68,37],[17,46],[38,11],[24,48],[16,70],[30,-3],[-32,-169],[12,-26],[-25,-25],[1,-34],[18,-23],[64,89],[53,27],[6,-25],[-24,-62],[4,-43],[-24,-26],[-36,-3],[-7,-20],[-34,3],[-25,-12],[-21,23],[-33,-55],[-20,24],[-21,-75],[-6,-69],[-17,-25],[-1,-36],[-39,35],[-51,-31],[-33,4],[-17,-12],[3,-56],[46,-19],[-41,-30],[-22,-43],[55,-60],[9,-71],[-11,-15],[-52,-7],[-31,-14],[-4,-37],[-21,-10],[-29,17],[-26,-12],[-27,42],[-122,31],[-38,22],[-94,10],[-36,-33],[-21,-6],[-44,-51],[-66,-48],[-21,-43],[5,-119],[-50,-9],[-41,40],[-25,43],[-2,55],[-37,33],[19,44],[-27,51],[-28,-9],[-14,-24],[2,45],[-12,43],[-21,1],[11,68],[-62,3],[-24,-53],[6,-18],[-29,1],[-15,28],[-10,-61],[-49,-75],[-7,-26],[-50,21],[-10,-37],[9,-31],[20,6],[12,-29],[-7,-82],[21,3],[45,-43],[11,-30],[15,15],[49,-51],[42,14],[29,-17],[92,10],[31,-36],[61,-15],[4,-31],[31,-16],[18,10],[48,-21],[105,0],[46,54],[43,11],[-7,-70],[-19,-44],[59,-38],[24,-41],[2,-25],[-18,-37],[22,-24],[30,-3],[19,-18],[32,21],[10,-42],[-54,-15],[-31,24],[-49,13],[11,-27],[51,-32],[6,-34],[-22,1],[6,-22],[-22,-20],[-3,-24],[-31,-9],[-3,-26],[21,-52],[41,1],[16,23],[14,-15],[42,4],[32,23],[15,37],[51,-15],[16,-58],[27,-10],[33,25],[20,-2],[-1,24],[37,10],[42,-14],[33,31],[9,-39],[-14,-28],[-42,-44],[-27,-15],[0,-35],[29,-41],[12,-57],[24,-31],[40,38],[60,17],[18,23],[106,72],[19,27],[1,-27],[-14,-86],[-43,-4],[-31,-42],[-19,-50],[12,-60],[-10,-50],[-28,-36],[18,-65],[0,-63],[-40,-35],[-21,-34],[-61,-41],[-38,-17],[-5,-17],[20,-69],[8,-77],[-28,-17],[-27,-65],[0,-34],[-25,-25],[-23,-43],[-19,-58],[-1,-30],[-23,-54],[-13,-63],[7,-19],[47,-54],[6,-26],[-36,-74],[-4,-53],[7,-59],[19,-44],[4,-125],[14,-22],[-27,-56],[-47,-64],[-9,-53],[19,-30],[-10,-109],[16,-45],[-4,-22],[14,-106],[18,-24],[-14,-68],[20,-42],[-11,-44],[4,-52],[-8,-16],[-44,2],[-22,-18],[-31,-55],[-1,-44],[43,-28],[-1,-32],[-22,-21],[-13,-45],[-42,-53],[-9,-38],[-30,-38],[5,-16],[-62,9],[-37,-30],[-7,-24],[15,-28],[-40,1],[-9,-20],[18,-29],[-14,-20],[-20,-63],[-19,-32],[-42,-19],[9,17],[-29,22],[-34,-3],[-30,39],[-42,-9],[-23,-23],[-14,-54],[15,-17],[-39,-16],[-33,7],[-26,-27],[-14,46],[-33,20],[-100,8],[3,29],[-25,11],[-26,41],[-16,-5],[10,-63],[-9,-60],[32,-24],[-6,-20],[20,-17],[-16,-28],[21,-38],[53,-20],[14,22],[4,-31],[-61,-11],[-38,12],[-41,42],[-30,-4],[-8,-24],[-27,38],[-43,13],[-1,47],[-45,88],[-99,46],[-42,32],[-44,50],[3,20],[-23,6],[-7,78],[28,42],[52,-3],[43,30],[-25,28],[-8,32],[8,68],[-27,23],[-51,-2],[-2,-40],[-20,-33],[-20,17],[-44,14],[-30,-13],[-3,-39],[-20,-23],[-38,5],[-27,76],[-48,86],[-25,-7],[-11,-82],[-13,-24],[2,-62],[26,-15],[32,-1],[4,-45],[-17,-45],[38,20],[-1,-27],[14,-85],[-44,8],[-28,44],[-40,-82],[-11,-66],[-44,-57],[-11,-63],[-13,-7],[1,-42],[20,-8],[14,-69],[-11,-15],[35,-61],[-14,-32],[20,-30],[-7,-15],[41,-27],[27,10],[-1,32],[18,2],[15,-43],[-11,-46],[22,-36],[17,-7],[-23,-23],[24,-30],[44,-4],[58,38],[57,7],[22,-12],[-6,-39],[-28,-14],[0,-60],[71,23],[15,-16],[-8,-28],[19,-19],[-18,-37],[18,-22],[-11,-27],[-39,-40],[-56,-1],[14,-15],[4,-39],[-53,-55],[-45,40],[-43,-10],[-11,-25],[-30,-19],[-10,-54],[-13,-7],[-18,-49],[-17,-5],[-42,47],[6,113],[14,39],[-30,31],[-9,52],[3,41],[-13,42],[19,22],[-18,24],[19,38],[-4,33],[-93,1],[-16,10],[15,98],[-34,12],[-20,-40],[-39,-30],[-52,-94],[-14,17],[-40,0],[-21,-18],[-2,-25],[25,-1],[-1,-27],[-20,-38],[-33,-15],[3,-22],[27,-29],[-8,-24],[-20,0],[-46,-28],[-15,-28],[40,-37],[-3,-30],[-40,-46],[2,-23],[-21,-37],[50,-27],[16,-38],[-24,-2],[-55,-88],[-42,-39],[-1,-18],[41,-1],[18,27],[43,-13],[11,-25],[55,-20],[26,5],[33,-80],[-52,-15],[-22,-18],[-8,41],[-28,12],[-13,24],[-32,-16],[-7,-30],[17,-26],[-7,-53],[-36,-11],[-75,15],[-17,55],[-59,57],[3,22],[-35,38],[-20,-60],[1,-101],[-7,-23],[21,-16],[0,-26],[22,9],[25,-12],[6,-21],[-18,-22],[17,-72],[80,-23],[-2,44],[38,47],[24,12],[59,-2],[10,-42],[-45,-64],[-31,-93],[12,-24],[11,19],[62,25],[42,1],[40,-22],[23,0],[45,25],[24,-2],[51,32],[11,47],[19,31],[-3,49],[10,17],[-16,24],[-13,47],[-19,23],[29,32],[10,42],[-21,32],[14,18],[35,-32],[-1,-52],[-21,-46],[2,-36],[51,-37],[7,20],[-23,22],[20,11],[37,-30],[39,-47],[27,-4],[66,19],[27,23],[31,6],[-50,-54],[-97,-44],[-19,-60],[16,-10],[-14,-65],[-53,-81],[21,-42],[38,-15],[37,29],[47,9],[7,-15],[35,48],[36,-45],[54,15],[23,-48],[-6,-62],[-14,-53],[25,-75],[-4,-72],[17,-42],[49,-5],[24,-38],[37,34],[28,-27],[-33,-68],[0,-41],[23,-84],[-7,-24],[26,-17],[17,28],[18,1],[32,-28],[-34,-55],[-10,-70],[27,-34],[-6,-30],[13,-31],[43,-39],[26,-38],[15,-41],[1,-45],[-11,-23],[-35,-28],[-12,-39],[6,-37],[-9,-23],[-55,-16],[-52,-52],[-33,-60],[-13,21],[-31,-33],[-4,-39],[14,-61],[54,-82],[17,23],[111,27],[-4,-54],[-11,-22],[44,-81],[46,-28],[59,-9],[19,-20],[7,-32],[-7,-40],[70,-68],[8,-44],[-23,-32],[-12,-47],[-15,-18],[15,-85],[32,-49],[72,4],[43,-37],[32,-102],[-39,-1],[-33,40],[-41,-6],[-28,-22],[-47,-71],[1,-21],[-27,-77],[11,-27],[24,0],[-17,-55],[-9,-68],[19,-38],[-3,-59],[-17,-25],[-19,-73],[10,-56],[-8,-80],[-21,-46],[-24,-137],[3,-71],[-9,-150],[-14,-10],[-25,17],[0,-28],[46,-35],[-22,-99],[-9,-69],[3,-58],[20,-61],[-6,-34],[39,-103],[16,-20],[-5,-88],[29,-54],[34,-90],[33,-35],[14,-32],[10,-64],[48,-123],[2,-43],[-18,-65],[4,-57],[-30,-99],[-20,-31],[-11,-49],[-27,-17],[-23,-107],[3,-30],[37,-90],[-15,-26],[-44,-28],[5,-54],[-22,-15],[-31,-1],[-32,23],[10,20],[-69,59],[-32,45],[-38,8],[-20,-23],[14,-31],[-43,-25],[4,-37],[-33,-27],[8,-32],[-22,-36],[-57,-3],[-47,-32],[30,-21],[-25,-25],[43,-55],[10,-33],[-28,-21],[-80,3],[-32,-19],[148,4],[25,19],[32,6],[31,-13],[25,22],[11,50],[63,35],[60,-5],[22,-41],[-5,-63],[-42,-24],[-55,-3],[-34,-43],[-33,0],[24,-50],[-16,-38],[-28,-16],[-8,-37],[-46,-24],[-78,11],[-34,-39],[-75,-34],[-24,17],[-23,-20],[-30,24],[-28,-39],[31,-17],[39,10],[3,-55],[50,-14],[-43,-34],[5,-26],[-18,-8],[12,-53],[-8,-45],[-26,-26],[5,-31],[-36,-59],[6,-75],[-56,-6],[-40,5],[-13,15],[19,50],[4,37],[19,37],[0,37],[-88,76],[-40,18],[-46,41],[-8,23],[-45,46],[-65,54],[-51,32],[-45,4],[-13,23],[-53,-15],[-62,25],[-52,56],[-47,39],[-73,42],[-41,41],[-81,124],[-22,-10],[38,-52],[9,-34],[28,-51],[59,-63],[60,-29],[61,-49],[62,-61],[48,-30],[45,1],[7,22],[46,-39],[117,-83],[46,-57],[81,-146],[-49,-14],[-42,52],[-58,22],[-24,33],[-34,-40],[-48,-21],[-47,-72],[-11,55],[-26,37],[-44,22],[-26,40],[-34,8],[-87,-40],[-43,16],[-76,-15],[-21,25],[-66,41],[-27,30],[-40,-6],[-113,31],[-43,22],[-61,-2],[-2,-27],[86,-15],[93,-39],[-24,-29],[8,-73],[37,-25],[29,-91],[-40,-18],[74,-2],[39,-26],[3,-36],[-33,-65],[-45,-10],[40,-8],[12,-43],[25,-22],[27,-2],[26,-19],[52,-78],[3,-33],[83,-98],[37,-25],[4,-32],[-33,-18],[14,-42],[20,-23],[31,-13],[26,11],[49,0],[18,-23],[-11,-18],[38,-57],[31,-6],[32,23],[11,34],[22,-4],[17,-25],[26,0],[23,-17],[-4,-29],[21,-18],[39,-5],[-11,-35],[40,-72],[-35,0],[-27,33],[-34,-7],[-45,12],[-17,-55],[12,-30],[-13,-50],[28,6],[42,-28],[23,0],[15,-25],[-22,-37],[53,-23],[54,18],[34,-3],[-33,-27],[-6,-41],[-41,17],[-26,-6],[-31,24],[-21,0],[-51,-61],[-1,-88],[-25,-3],[-18,37],[-43,18],[6,26],[-42,2],[-15,-39],[-18,-12],[-27,17],[-40,-23],[-21,15],[-49,4],[-50,-18],[-26,-21],[-26,-41],[-79,-7],[-55,-18],[-18,-17],[-58,-27],[-22,29],[-167,86],[-22,19],[-73,18],[-66,-23],[-38,-27],[-12,-31],[-44,-30],[-14,9],[-21,48],[-17,15],[-74,22],[-62,-8],[-15,15],[-68,32],[17,12],[-42,25],[8,-18],[-27,-44],[-40,-101],[-10,-42],[-18,-3],[-11,33],[18,78],[-11,14],[-26,-64],[-50,-60],[4,-64],[-54,-24],[-4,17],[-52,38],[-46,-13],[-28,33],[-77,-17],[-14,25],[19,86],[-2,42],[-24,-103],[-38,-32],[-8,15],[-39,-18],[-43,13],[-21,-26],[-32,-6],[-13,15],[14,27],[-21,23],[-26,73],[-36,14],[-24,-30],[-37,79],[-7,95],[15,11],[2,39],[-29,23],[-29,4],[-20,-40],[-28,-4],[-5,48],[13,23],[-3,74],[8,94],[-6,86],[10,44],[-5,62],[-11,30],[15,56],[33,-5],[21,25],[-36,63],[11,34],[-22,14],[-27,-10],[-6,72],[-12,66],[2,154],[27,70],[-18,116],[-9,22],[2,85],[20,21],[7,40],[24,50],[3,56],[-14,55],[4,28],[20,4],[36,64],[-11,51],[-17,34],[-23,7],[6,31],[-24,57],[-21,7],[17,28],[18,63],[18,130],[27,27],[31,61],[-4,36],[-21,14],[-22,43],[-25,-14],[-17,44],[3,114],[-17,15],[-57,11],[-16,34],[16,11],[-1,39],[26,39],[10,51],[16,21],[6,79],[-17,55],[17,45],[-8,26],[43,25],[64,99],[7,42],[-18,55],[-28,18],[5,57],[43,33],[-16,25],[19,22],[-38,20],[-11,23],[23,46],[-9,48],[-22,-8],[-3,51],[40,32],[-12,18],[2,39],[-40,0],[-23,29],[-68,5],[-39,12],[-11,16],[-71,-11],[-17,24],[-2,69],[21,74],[14,5],[-5,-46],[45,-48],[45,-13],[46,34],[29,38],[36,-11],[0,-74],[37,55],[3,48],[46,22],[-7,37],[24,35],[5,48],[-9,18],[26,19],[-11,21],[23,32],[13,82],[-15,49],[51,8],[9,-17],[-7,-52],[24,-37],[-1,-34],[16,-33],[5,-39],[30,-7],[15,79],[26,43],[42,-44],[15,3],[-36,29],[0,20],[46,20],[27,27],[-10,64],[-19,30],[6,15],[-13,48],[16,47],[20,-5],[55,41],[40,66],[1,31],[44,-2],[33,-31],[19,12],[12,63],[71,-36],[53,-10],[91,7],[38,22],[25,-13],[22,-30],[17,-65],[5,-78],[-9,-108],[10,-51],[-5,-26],[-23,-20],[36,-18],[-4,-73],[10,-2],[22,66],[-3,110],[-14,51],[-1,50],[23,7],[17,31],[7,48],[-12,43],[25,62],[44,80],[-27,54],[-6,117],[5,71],[-2,53],[13,50],[-8,59],[-25,25],[-52,26],[-52,75],[13,-47],[29,-40],[68,-37],[7,-52],[-18,-57],[-9,-82],[-79,-93],[-24,-65],[-48,-43],[-16,-32],[-29,-24],[-69,-9],[-72,15],[-41,38],[-31,-7],[-21,-23],[-24,2],[-36,-22],[-31,23],[-46,4],[-12,-11],[-44,22],[46,94],[-22,64],[-52,56],[-37,-11],[26,90],[44,-2],[25,17],[28,-3],[41,13],[28,-15],[-8,22],[-27,8],[-5,25],[16,17],[4,33],[-26,49],[12,96],[14,30],[63,14],[-28,22],[-39,7],[-15,101],[-22,23],[6,43],[-50,3],[-52,73],[-4,28],[14,82],[-38,83],[-7,44],[-16,23],[-26,108],[-39,197],[45,83],[50,27],[-23,-2],[-55,-35],[-12,9],[-3,68],[-10,40],[24,63],[-9,56],[24,77],[-6,20],[19,67],[30,-4],[34,82],[25,8],[10,-66],[13,-38],[12,-66],[19,-12],[-2,-94],[23,-44],[16,23],[5,83],[-20,71],[3,85],[19,26],[6,50],[12,-4],[27,-163],[10,26],[3,60],[-7,76],[3,35],[25,39],[22,-11],[39,45],[38,-3],[-11,37],[54,-15],[17,33],[-12,22],[7,76],[24,29],[17,-74],[41,-41],[13,-28],[44,-44],[32,-20],[19,-28],[-20,-83],[3,-34],[15,-13],[-6,41],[21,81],[-2,29],[-58,50],[-21,46],[-2,27],[24,73],[-22,46],[28,21],[32,-35],[53,41],[29,-34],[5,-48],[-3,-87],[17,-147],[32,-56],[-33,94],[1,54],[-9,82],[16,96],[19,17],[32,3],[25,-16],[76,27],[-30,24],[-5,44],[31,27],[-26,61],[15,30],[-15,24],[22,36],[-30,23],[-12,36],[22,40],[29,6],[56,36],[40,36],[89,2],[74,-15],[91,-5],[19,-26],[5,-52],[23,-43],[37,-18],[41,9],[26,19],[46,56],[34,-10],[2,-60],[16,16],[-3,43],[-26,27],[-52,-8],[-80,-63],[-33,14],[-20,92],[-21,16],[-82,12],[-96,32],[-64,-2],[-32,-16],[-36,99],[-62,109],[12,22],[3,112],[-23,26],[3,33],[12,-17],[55,7],[-9,20],[40,86],[-31,38],[-2,26],[19,14],[-9,36],[-21,19],[-30,-3],[-45,37],[-5,58],[10,11],[-13,37],[10,92],[53,-55],[-1,54],[17,18],[-20,40],[-31,33],[-13,58],[23,90],[19,1],[19,30],[33,16],[19,-31],[11,-44],[34,-29],[45,3],[18,13],[15,-19],[27,12],[10,26],[40,3],[5,43],[-27,23],[-40,1],[-15,29],[-23,9],[-19,44],[37,8],[15,-17],[44,12],[30,31],[18,58],[35,9],[9,49],[10,3],[12,74],[-17,-40],[-29,-30],[-42,14],[-35,-31],[-14,-34],[-27,34],[-47,-8],[-22,-26],[-21,11],[13,58],[-51,-3],[-40,-31],[-36,30],[-40,-8],[-17,33],[-34,36],[24,76],[-2,19],[30,11],[9,47],[20,11],[-32,55],[16,21],[6,39],[31,3],[-28,30],[-3,26],[22,15],[-18,16],[17,36],[-29,81],[-3,74],[47,75],[-15,33],[24,46],[-12,26],[8,27],[-8,36],[49,-2],[19,-23],[-1,-29],[35,-32],[53,8],[18,-7],[4,64],[-54,0],[26,29],[-16,33],[-36,15],[27,49],[11,67],[-1,47],[34,11],[4,28],[31,14],[18,-42],[19,-1],[48,-46],[5,33],[-11,41],[11,6],[-7,40],[24,77],[34,5],[8,32],[-99,-11],[-17,4],[-12,33],[-43,59],[-1,53],[55,11],[31,-4],[16,19],[5,47],[44,13],[17,-64],[22,23],[4,65],[38,-60],[-6,-24],[18,-21],[-15,-26],[28,-4],[21,16],[-1,51],[27,-3],[46,-40],[24,3],[22,47],[-19,29],[9,28],[-36,-16],[-9,39],[38,25],[47,-11],[12,36],[-36,9],[-16,56],[-50,-16],[-24,20],[-46,-29],[-7,60],[-54,-2],[-86,-52],[-1,36],[-96,63],[-40,-4],[-8,16],[38,28],[9,149],[25,8],[2,40],[-18,0],[4,27],[64,-10],[57,16],[9,-21],[36,15],[28,-29],[52,-14],[13,52],[-80,49],[-17,23],[-26,-4],[-14,-27],[-25,1],[-13,35],[-29,43],[44,30],[11,61],[-20,17],[-19,-13],[-35,58],[-22,53],[8,35],[39,-1],[5,37],[20,-21],[28,55],[3,28],[42,-27],[5,24],[51,30],[-67,-1],[-39,16],[-4,16],[39,54],[31,13],[-13,19],[-28,-13],[-10,53],[11,18],[5,70],[-9,53],[21,-4],[34,19],[9,38],[37,8],[46,27],[71,-74],[27,-13],[38,15],[10,21],[37,148],[-13,57],[36,-24],[-5,28],[-79,14],[-13,20],[-32,4],[-6,-19],[-30,19],[-12,-42],[-13,-3],[-17,57],[-27,19],[-1,22],[-23,41],[-32,-17],[0,-41],[-46,25],[-10,36],[-63,15],[-7,-33],[-20,22],[-20,-2],[-18,-27],[-36,24],[-7,36],[13,31],[73,1],[50,-29],[6,18],[-26,28],[-9,31],[36,28],[-13,4],[-16,51],[31,53],[66,13],[23,-27],[23,-3],[44,19],[-28,74],[50,45],[32,15],[-9,41],[-43,10],[-19,-19],[-63,7],[-32,37],[-18,-30],[-29,6],[0,29],[-34,33],[0,32],[32,38],[43,-24],[18,29],[-25,3],[-5,76],[-31,19],[-1,41],[55,109],[50,8],[24,22],[-5,20],[-40,10],[5,33],[54,24],[3,26],[-33,-2],[11,26],[-14,15],[-27,-20],[-18,9],[2,30],[63,52],[-17,60],[16,12],[-18,47],[11,19],[-37,13],[43,18],[52,-10],[-12,40],[21,14],[-53,23],[49,11],[28,26],[59,2],[23,-36],[54,-18],[-1,31],[22,27],[55,16],[25,23],[22,-10],[20,11],[45,-18],[-7,19],[-26,-2],[-7,18],[39,15],[2,29],[-31,36],[-32,-20],[-8,-22],[-29,-11],[-46,21],[-37,4],[-11,38],[-54,-4],[-7,26],[-22,3],[-7,25],[-38,-12],[4,32],[18,2],[-2,37],[19,12],[-7,33],[26,21],[-14,27],[11,25],[58,34],[44,-28],[61,-7],[13,-10],[7,-47],[63,-40],[34,11],[25,38],[-13,35],[30,48],[20,14],[-17,36],[-35,-1],[-9,49],[4,36],[19,37],[20,0],[57,24],[63,4],[19,-8],[12,27],[-9,87],[-18,18],[10,41],[-40,46],[-36,-13],[-27,46],[1,71],[14,88],[-39,20],[-15,25],[11,42],[0,52],[48,-7],[37,59],[49,3],[49,22],[69,-15],[29,-22],[61,28],[18,46],[25,38],[2,47],[15,54],[-21,40],[10,22],[50,16],[58,-14],[32,16],[13,21],[47,-3],[6,-29],[36,-17],[76,67],[-57,79],[-1,23],[-28,36],[7,15],[42,6],[15,62],[-20,33],[-20,-13],[-40,-3],[-37,22],[-17,-8],[-34,50],[0,30],[28,18],[-36,-5],[4,26],[38,61],[49,8],[13,-11],[87,35],[107,-6],[28,-23],[74,2],[29,19],[29,49],[35,18],[54,-25],[93,29],[37,-19],[-15,-40],[50,-43],[26,-39],[-6,-45],[28,-40],[122,0],[55,39],[-15,10],[32,62],[-33,49],[-25,23],[1,54],[-26,2],[-25,38],[1,40],[21,38],[-5,83],[34,21],[17,96],[28,19],[23,-31],[3,-26],[-23,-13],[40,-42],[95,-43],[6,-37],[23,-8],[10,-76],[17,-25],[1,-51],[33,-30],[26,20],[43,5],[-21,34],[27,47],[-16,25],[21,83],[-3,72],[-11,41],[30,48],[28,26],[7,-31],[45,18],[3,28],[41,48],[16,-42],[10,-63]],[[303256,77158],[-64,-68],[-50,-28],[-30,-1],[-29,-68],[-33,-40],[-9,-29],[-40,-45],[-8,2],[-42,-57],[1,-72],[42,-47],[51,-10],[3,-31],[-82,-45],[-16,-36],[3,-62],[15,-15],[17,-59],[-17,-35],[-38,0],[-58,41],[-51,3],[45,35],[-18,14],[4,26],[-31,20],[-21,-12],[-119,-14],[-28,-30],[-11,14],[22,59],[50,40],[17,3],[36,-29],[32,-3],[59,-33],[22,13],[-16,57],[-1,60],[-14,5],[-61,-14],[-59,10],[-61,30],[-33,63],[8,52],[22,3],[19,-27],[36,7],[25,39],[-10,27],[-24,3],[0,43],[-58,28],[-11,-6],[-21,53],[57,35],[20,63],[24,17],[44,-50],[51,-42],[0,-15],[-52,-24],[19,-36],[27,-15],[6,-47],[30,-24],[22,14],[29,45],[46,9],[8,15],[-13,43],[75,30],[-1,32],[41,2],[4,16],[-28,35],[-15,37],[11,18],[57,-11],[34,-18],[91,50],[7,14],[47,21],[15,-7],[-21,-41]],[[302270,77582],[20,-25],[2,-30],[17,-9],[55,10],[59,29],[37,-30],[-22,-10],[0,-28],[55,-25],[-17,-60],[-14,0],[-14,-47],[19,-45],[3,-41],[23,-15],[19,-59],[-30,-20],[-58,-1],[-56,60],[-56,48],[38,-41],[-5,-12],[-53,-4],[-15,18],[-48,-8],[-16,58],[-24,29],[-29,81],[21,47],[48,20],[22,33],[-23,18],[6,59],[36,0]],[[302560,77544],[14,-16],[0,-33],[-45,53],[31,-4]],[[302364,77863],[3,24],[22,-14],[-16,-31],[-9,21]],[[302180,77948],[-25,14],[0,26],[-19,4],[5,70],[34,-56],[14,-50],[-9,-8]],[[300773,78309],[-8,-50],[-30,-12],[-31,25],[14,32],[-2,31],[27,15],[30,-41]],[[300660,79302],[-13,49],[32,24],[39,-27],[1,-36],[-35,-22],[-24,12]],[[304142,80966],[16,-16],[-22,-20],[-58,-10],[-19,20],[40,45],[43,-19]],[[303492,81293],[6,-26],[-28,-5],[-21,-79],[-2,-38],[19,-51],[14,-88],[-23,-31],[-27,60],[-53,13],[17,211],[15,41],[53,5],[30,-12]],[[303915,81861],[12,-62],[17,-21],[12,-88],[25,-5],[81,-156],[26,3],[18,-20],[24,25],[24,-9],[-19,-31],[12,-53],[63,2],[34,32],[19,0],[18,-33],[12,-58],[-16,-19],[-63,-32],[-42,-2],[-40,-21],[-63,-88],[8,-87],[-23,-28],[5,-89],[-50,0],[-8,-33],[-30,32],[-4,59],[-20,25],[-13,93],[16,14],[-9,92],[-25,11],[-66,-14],[-38,-40],[-9,-25],[-26,-21],[-56,-10],[-38,14],[14,120],[5,86],[39,42],[15,39],[-7,44],[7,33],[-28,28],[-10,40],[-42,46],[2,23],[29,56],[-12,21],[-41,12],[2,51],[54,-6],[42,16],[35,-15],[32,47],[16,-7],[-1,37],[33,33],[48,-103]],[[304126,81730],[-28,18],[23,16],[28,-31],[-23,-3]],[[303974,82002],[-20,-34],[-14,31],[27,16],[7,-13]],[[300865,82182],[-39,42],[-1,27],[41,23],[17,25],[15,62],[-24,49],[10,36],[20,6],[30,-17],[15,-37],[36,-20],[-12,-22],[7,-41],[-3,-89],[-19,-25],[-58,-23],[-35,4]],[[301559,82350],[12,-26],[-35,20],[23,6]],[[304311,82314],[-30,-8],[-19,28],[-2,44],[37,38],[35,6],[16,-31],[-23,-31],[-14,-46]],[[304043,82340],[-25,131],[56,92],[11,-6],[-31,-99],[8,-88],[9,-23],[-28,-7]],[[300913,82563],[3,-60],[12,-7],[-17,-29],[-56,-27],[-12,-41],[-17,22],[7,94],[23,36],[57,12]],[[301299,82707],[-9,-57],[13,-62],[17,-22],[-38,-49],[-7,-45],[-22,-4],[-27,-50],[-14,16],[-45,-23],[-44,-5],[-42,24],[-24,-16],[-46,15],[-12,37],[-1,50],[14,98],[55,57],[66,-7],[55,26],[7,40],[56,69],[21,4],[19,-20],[12,-51],[-4,-25]],[[301670,83463],[-19,-12],[11,-45],[-34,-30],[-24,15],[-6,26],[-60,1],[-11,44],[26,85],[41,55],[33,-2],[42,-20],[-15,-79],[16,-38]],[[302135,83864],[-2,-31],[-31,-34],[-54,-11],[-18,43],[21,44],[50,15],[34,-26]],[[301692,83834],[-15,1],[-19,36],[5,53],[40,-21],[8,-43],[-19,-26]],[[303839,84181],[-6,35],[20,15],[41,9],[-8,-49],[-32,-34],[-15,24]],[[302019,84666],[4,-42],[-25,-38],[-13,-45],[-36,-42],[-43,-30],[-29,-44],[-20,-73],[-23,-40],[-51,12],[-40,54],[1,92],[28,92],[32,59],[84,64],[45,13],[63,-4],[23,-28]],[[303987,85311],[26,-24],[-34,-49],[-12,12],[-66,-24],[-36,-41],[-3,-76],[-44,-101],[-34,-58],[1,-25],[-21,-10],[-6,80],[-50,121],[50,48],[40,29],[57,53],[7,33],[29,46],[74,4],[22,-18]],[[303430,85586],[-12,-45],[34,-28],[1,-25],[38,-96],[-3,-29],[20,-30],[2,-61],[-12,-8],[15,-39],[40,-68],[6,-56],[25,-20],[-15,-76],[-82,-15],[-63,75],[-23,61],[-10,54],[-74,19],[-4,-15],[-37,-10],[-24,12],[-18,-10],[-18,28],[-37,-4],[-8,-17],[-38,-19],[-91,-27],[-58,0],[-59,16],[19,23],[-63,-1],[-18,17],[-21,68],[12,92],[20,19],[19,57],[53,45],[30,14],[117,26],[72,25],[75,14],[85,47],[53,1],[52,-14]],[[313695,5694],[45,-13],[58,16],[31,-48],[33,-36],[32,-75],[24,-24],[40,20],[6,-96],[-25,-31],[46,-66],[-7,-31],[11,-19],[-17,-60],[-34,-30],[-3,-56],[20,-45],[29,-10],[26,-26],[-26,-42],[23,-31],[18,-78],[18,-30],[-17,-46],[-5,-93],[-24,-55],[-3,-83],[13,-36],[63,-46],[2,-78],[-23,-13],[-8,-61],[-39,-44],[-4,-43],[6,-51],[29,-48],[-2,-100],[6,-39],[38,-63],[23,-13],[114,-17],[46,-109],[-10,-53],[48,-73],[22,-18],[6,-40],[34,-56],[21,-11],[-21,-54],[-24,-6],[-14,-44],[23,-33],[10,-44],[31,-37],[-16,-18],[17,-47],[43,-19],[31,7],[54,41],[21,-7],[40,-64],[32,-10],[18,-71],[26,-34],[32,-23],[60,-19],[5,-49],[17,-55],[-13,-41],[-25,-34],[-24,14],[-6,29],[-77,33],[-30,27],[-2,33],[-25,65],[-18,19],[-52,1],[-72,-45],[-38,-35],[-25,-41],[-7,-30],[13,-74],[45,-2],[73,-60],[36,-9],[27,-58],[-18,-88],[20,-45],[58,-52],[4,-34],[18,-32],[56,-46],[49,-31],[-19,-54],[-66,-2],[-35,25],[-77,26],[-44,-34],[-75,-47],[-28,-50],[-9,-57],[8,-75],[-15,-21],[-27,20],[-42,-35],[-19,-46],[9,-65],[13,-25],[30,-15],[34,-36],[7,-44],[-41,-42],[1,-24],[-48,-24],[-27,24],[-34,9],[-37,-9],[-44,-46],[-9,-44],[6,-28],[40,-15],[-39,-34],[-8,-51],[6,-29],[37,-27],[-9,-35],[27,-28],[-10,-58],[12,-28],[-86,-63],[-19,-41],[-3,-57],[14,-57],[-11,-73],[9,-55],[29,-59],[78,-31],[26,13],[33,-8],[38,-46],[-9,-39],[-98,-134],[-6,-19],[16,-67],[-16,-3],[-56,-93],[-38,-15],[-32,0],[-32,-16],[-16,-67],[-14,-28],[-47,-17],[-13,30],[7,49],[-41,58],[-18,9],[-36,56],[-36,32],[-9,40],[-28,9],[-42,35],[-102,-30],[-95,-49],[-25,-60],[15,-73],[-17,-21],[-4,-36],[12,-49],[22,-54],[-27,-40],[11,-56],[-23,-63],[-80,-80],[-28,-95],[-2,-47],[-33,-28],[-57,-10],[-112,21],[-86,44],[-11,31],[-52,32],[-13,20],[14,42],[49,26],[32,51],[-1,27],[-27,30],[-17,37],[4,21],[66,52],[-9,63],[-45,48],[30,11],[11,55],[44,38],[27,39],[8,32],[-20,20],[-6,37],[-39,39],[-37,15],[-43,1],[13,31],[15,-23],[51,10],[-12,54],[-17,17],[-38,5],[-68,-8],[-3,-62],[18,-11],[-4,-67],[-31,-28],[-35,13],[-53,91],[-83,68],[-5,28],[26,24],[17,41],[20,5],[46,-13],[57,49],[-9,24],[-31,-10],[-30,11],[38,10],[63,40],[51,-4],[-5,51],[-38,36],[-26,5],[-24,24],[1,-45],[-25,-14],[-38,7],[-65,83],[-19,11],[-44,-1],[-12,33],[-87,0],[5,40],[-30,84],[21,64],[44,36],[17,-17],[45,-12],[51,-45],[-5,-21],[20,-19],[50,39],[-5,58],[-35,84],[-68,-21],[-16,-31],[-13,30],[-52,12],[40,38],[57,10],[12,28],[13,80],[-32,-1],[-16,47],[8,68],[-46,-50],[-29,-72],[-41,-41],[-20,15],[-52,98],[0,25],[25,18],[6,-45],[31,36],[7,32],[51,-15],[-19,24],[-8,55],[-25,-29],[-38,-16],[-38,6],[-13,50],[-21,35],[-56,39],[-43,-39],[-44,-10],[-16,-64],[-28,-18],[-29,22],[-11,116],[3,55],[16,72],[26,85],[-11,106],[-12,38],[-35,23],[46,9],[31,38],[-16,25],[-64,37],[-48,54],[-62,7],[-80,56],[18,13],[21,42],[33,11],[16,-15],[90,24],[1,23],[-33,-1],[-17,17],[-7,40],[11,35],[37,27],[6,22],[-25,21],[-16,-14],[-39,-143],[8,-30],[-24,-4],[-41,104],[-44,51],[-58,48],[-80,44],[-50,7],[-33,-27],[-40,-1],[-53,-33],[-26,31],[11,21],[42,24],[9,27],[-29,73],[1,60],[27,21],[43,-35],[24,37],[-15,27],[5,41],[-38,4],[-11,39],[-36,62],[-20,-3],[-49,-46],[4,-22],[42,-33],[23,-44],[-27,-25],[-41,27],[-110,43],[-47,12],[-93,-8],[-41,-22],[-49,-83],[-10,-72],[-40,-2],[-67,52],[33,28],[26,0],[32,34],[1,28],[42,54],[3,67],[-16,32],[-2,41],[11,86],[-25,31],[-31,10],[-39,44],[-3,43],[18,17],[23,190],[-10,24],[-43,32],[10,43],[49,51],[17,44],[-9,43],[-22,37],[-60,21],[-53,58],[-10,68],[67,19],[46,34],[34,50],[65,3],[77,-40],[16,52],[49,9],[-17,122],[-35,-57],[-51,-11],[11,46],[-37,45],[-14,-4],[-30,-42],[-69,9],[-76,-26],[-28,-34],[-34,107],[-2,48],[64,4],[23,-13],[27,14],[44,44],[6,72],[-37,24],[18,19],[34,-38],[55,-2],[55,54],[15,36],[11,114],[-11,62],[-14,13],[-53,10],[-11,101],[15,4],[5,71],[-8,23],[10,42],[27,0],[32,40],[28,13],[2,35],[16,44],[37,11],[31,-3],[10,25],[33,-57],[92,4],[63,43],[35,-20],[53,14],[41,-19],[3,-45],[54,9],[12,-16],[103,14],[36,16],[49,38],[81,105],[66,49],[20,-13],[-53,-41],[-10,-23],[19,-12],[3,-34],[-42,-24],[38,-10],[1,19],[64,-2],[34,-22],[56,-11],[5,9],[-52,10],[3,30],[18,3],[-43,23],[0,-38],[-54,11],[-20,68],[20,10],[38,-32],[27,34],[-20,23],[25,43],[-28,-17],[-4,28],[-41,12],[35,28],[9,31],[34,-2],[35,40],[31,-19],[-17,-30],[31,-79],[-24,-25],[21,-23],[-41,11],[-26,-29],[-1,-24],[36,-46],[27,65],[43,-38],[5,-65],[9,1],[17,64],[19,-13],[11,17],[49,-28],[14,48],[-17,-2],[-5,39],[-51,15],[7,36],[44,-26],[22,34],[23,5],[31,-22],[-7,-46],[15,-13],[38,2],[27,-73],[30,-6],[-14,35],[40,-27],[4,-43],[13,14],[5,54],[40,16],[5,-70],[9,3],[11,56],[-7,34],[-20,-10],[-15,16],[2,33],[-44,-60],[-52,19],[-2,29],[36,22],[3,47],[-18,5],[-7,-33],[-15,-1],[-3,46],[-16,-3],[-10,-37],[-24,41],[-82,46],[76,7],[10,22],[20,-45],[71,11],[22,26],[2,-50],[50,0],[26,-38],[26,2],[-9,-53],[31,-9],[-7,26],[26,-11],[-14,38],[10,27],[-25,29],[6,27],[19,3],[14,-26],[42,-9],[-19,28],[24,-5],[12,17],[29,-22],[6,20],[-25,29],[-31,15],[-13,-18],[-14,61],[33,-16],[20,36],[-18,7],[-6,72],[42,36],[39,57],[34,13],[92,15],[76,-19],[86,-11],[47,-58],[12,-104],[17,-45],[43,-46],[29,-16],[75,9],[24,37]],[[311978,5662],[20,-7],[-21,-19],[0,-66],[-75,18],[-12,94],[-19,39],[-19,17],[4,23],[-27,63],[37,36],[17,-55],[22,-43],[33,-34],[-3,-14],[43,-52]],[[311900,8451],[28,-65],[41,-36],[19,-35],[-7,-16],[15,-92],[5,-97],[-6,-33],[4,-84],[36,-65],[44,-39],[23,2],[27,-41],[146,-102],[69,-26],[26,-58],[39,0],[14,-20],[18,-87],[-24,-31],[-10,-35],[18,-32],[-46,-22],[-31,6],[-26,-29],[-1,-38],[17,-15],[-39,-14],[-42,-42],[-60,-102],[-8,-74],[-18,-37],[1,-22],[-40,-68],[-21,4],[-57,-123],[-4,-34],[-26,-25],[-56,-26],[-42,16],[-34,-27],[-61,-7],[-21,-24],[4,-33],[-54,-33],[-30,-35],[-29,-15],[-39,-1],[-27,-14],[-63,-18],[-33,-40],[-67,-46],[-11,-37],[10,-33],[-34,-32],[-22,-52],[-19,-20],[-22,-51],[-10,-64],[-29,-37],[-51,-18],[-74,-62],[-20,-37],[-57,-19],[-18,-26],[-49,38],[-9,26],[-44,39],[-31,80],[-37,43],[-29,22],[-29,-2],[-12,51],[61,44],[9,31],[-9,45],[-18,16],[29,26],[9,32],[-10,65],[-32,104],[-43,86],[-25,24],[-45,23],[35,10],[29,27],[68,26],[21,16],[27,73],[14,115],[-29,63],[-34,24],[5,79],[25,46],[-21,52],[4,30],[-20,73],[9,32],[-7,89],[8,33],[48,-8],[25,23],[31,-17],[16,-27],[60,-21],[46,7],[63,51],[50,73],[39,12],[16,-26],[58,-19],[-4,-41],[-11,19],[-34,-14],[0,-39],[36,0],[-23,-52],[-30,-4],[13,-41],[19,27],[13,-19],[23,49],[54,8],[0,26],[26,18],[-3,27],[57,43],[11,17],[-4,87],[72,34],[31,29],[37,-14],[23,23],[17,-16],[28,10],[-30,24],[21,18],[21,-33],[46,9],[12,17],[31,7],[25,-29],[23,4],[13,-23],[-25,-49],[86,-77],[-15,39],[10,135],[-15,34],[2,56],[-42,7],[-33,-51],[-23,2],[26,49],[-29,11],[-15,-17],[-37,14],[33,32],[26,73],[-20,14],[37,84],[-9,34],[4,49],[-32,33],[10,19],[-4,109],[-28,49],[9,25],[33,-17],[31,21],[15,-6],[5,-54]],[[312574,7988],[46,-42],[0,-46],[-47,-12],[-50,15],[-11,37],[25,30],[37,18]],[[311637,8058],[-31,-43],[8,-18],[44,-25],[18,-28],[-58,-4],[-11,-14],[-51,45],[-1,53],[-11,4],[30,31],[38,14],[25,-15]],[[311154,8895],[-2,-61],[-56,19],[-25,-6],[4,37],[22,19],[57,-8]],[[309876,9351],[-25,-15],[-36,1],[6,21],[-25,5],[22,21],[1,37],[-16,23],[3,46],[27,8],[73,-81],[-30,-66]],[[308208,15563],[34,6],[53,-24],[17,-44],[-26,-29],[-52,-30],[-38,-48],[-41,-2],[-31,-45],[3,-83],[13,-108],[-30,-44],[26,-63],[96,-61],[12,-28],[-5,-30],[-25,-45],[29,-35],[47,0],[54,43],[18,5],[18,38],[25,19],[44,6],[20,18],[19,-34],[35,-90],[50,-28],[49,-71],[109,-99],[28,-12],[76,-65],[37,-73],[12,-65],[-5,-117],[48,-89],[15,-74],[37,-62],[4,-50],[-35,-41],[-16,-51],[11,-5],[-35,-44],[-32,-24],[8,-12],[-22,-49],[-27,-16],[-110,38],[-4,46],[-14,37],[9,33],[-47,57],[-18,48],[-34,46],[-50,38],[-115,65],[-40,11],[-76,3],[-82,-9],[-78,-29],[-89,-6],[-43,-19],[-27,-31],[-17,-61],[-74,-82],[-36,-26],[-80,-32],[-56,20],[-25,22],[-70,2],[-78,23],[-48,20],[-61,56],[-36,21],[-25,48],[-9,58],[23,22],[15,39],[-22,76],[-27,40],[29,70],[70,60],[0,29],[-70,-58],[-13,7],[23,65],[58,31],[51,46],[36,17],[-14,26],[-30,-20],[-60,-22],[-59,-76],[-41,-12],[-12,49],[-23,10],[-53,0],[-19,-15],[-38,-90],[31,-40],[-6,-20],[-69,20],[-68,57],[-19,52],[-1,58],[-62,126],[-41,55],[-6,79],[6,44],[39,40],[6,33],[26,30],[42,15],[43,55],[-4,204],[79,176],[15,19],[68,36],[28,25],[91,35],[41,-9],[21,-37],[49,-47],[39,-16],[45,19],[5,58],[48,76],[79,62],[37,15],[32,-5],[32,-41],[58,-29],[84,-12],[48,-34],[44,-18],[-17,-40],[31,-48],[26,5],[2,53],[11,24],[38,5],[31,-16]],[[309928,15714],[30,-7],[39,-25],[49,-10],[20,18],[37,-66],[8,-50],[36,-45],[17,-4],[16,-49],[34,-53],[13,-45],[47,-49],[3,-39],[28,-9],[-16,-44],[3,-34],[15,-18],[-33,-39],[-2,-52],[20,-20],[17,-57],[-6,-25],[-25,-1],[-9,-48],[23,-29],[0,-51],[-25,-55],[26,-22],[-18,-69],[12,-14],[-10,-40],[12,-22],[-24,-42],[1,-38],[-23,-6],[-11,-31],[-38,-2],[-9,18],[-31,10],[-16,23],[-57,33],[-14,23],[-60,66],[-40,19],[-3,31],[-102,52],[-40,43],[-57,26],[12,18],[-23,37],[-125,66],[-31,11],[-76,69],[-26,57],[-39,32],[-59,33],[8,37],[-26,81],[3,34],[17,-11],[14,19],[24,-15],[14,29],[26,-19],[-2,-30],[38,-10],[64,-29],[29,11],[-22,79],[37,5],[25,66],[49,18],[-17,44],[-11,90],[-19,24],[4,24],[19,-1],[2,46],[49,-1],[24,-48],[-24,-34],[12,-6],[-6,-48],[16,-16],[21,49],[-4,20],[61,-42],[-31,-4],[-8,-16],[29,-40],[-13,-45],[38,-20],[32,-49],[10,-68],[39,-55],[25,-8],[-7,-28],[25,13],[3,19],[-17,57],[-4,42],[24,12],[-22,21],[-12,36],[33,23],[20,-24],[22,11],[-19,34],[-35,21],[-26,0],[-13,44],[29,33],[35,-20],[-16,38],[-36,-4],[-15,-25],[-19,42],[31,54],[-48,-3],[-38,39],[19,37],[20,-14],[50,6]],[[310304,16837],[27,-36],[27,-17],[37,-143],[-4,-209],[22,-91],[-16,-116],[10,-41],[21,-22],[32,-9],[20,-32],[6,-52],[38,-73],[-13,-39],[15,-24],[-32,-40],[-24,-6],[-36,-33],[-38,60],[8,19],[-55,49],[7,29],[-36,-6],[-25,35],[-8,44],[-77,53],[-5,32],[10,38],[-8,66],[42,5],[32,-42],[-2,-37],[42,11],[2,-50],[16,14],[36,-64],[21,52],[-1,32],[-20,45],[-3,72],[-53,33],[11,26],[-40,47],[-30,7],[-62,90],[-23,14],[-14,53],[18,0],[32,-28],[-11,36],[23,-8],[6,22],[-29,7],[-9,44],[39,25],[-21,12],[11,24],[57,22],[-55,24],[-17,25],[7,-45],[-36,-14],[-6,-20],[-31,23],[3,16],[-28,51],[-26,5],[-26,54],[9,16],[180,47],[26,-18],[27,-64]],[[309589,18259],[17,-24],[43,11],[35,-17],[88,-27],[35,-40],[35,-58],[9,-46],[8,-120],[-4,-60],[-14,-59],[-22,-49],[-33,-13],[-20,-27],[-4,-60],[-29,-27],[-79,-27],[-40,-54],[-41,-16],[-21,-51],[-109,1],[-20,-33],[-32,-81],[-14,-21],[11,-25],[-10,-27],[8,-79],[-14,-8],[-61,16],[16,-31],[-12,-8],[46,-41],[0,-32],[41,-16],[4,-35],[42,-10],[-35,-4],[73,-64],[-20,-16],[33,-28],[19,11],[36,-42],[38,-74],[-1,-55],[-18,-18],[43,-2],[-7,-66],[41,-5],[23,-51],[-2,-48],[13,-37],[29,2],[32,-31],[26,-53],[10,12],[65,-19],[34,-56],[-23,2],[41,-31],[-7,-25],[25,-11],[-8,-24],[19,-26],[-16,-46],[6,-41],[-11,-50],[-30,-41],[16,-24],[-7,-30],[1,-78],[-44,10],[-20,-36],[33,1],[16,-31],[31,-31],[-5,-41],[12,-39],[-27,-2],[-52,27],[-20,-5],[-16,44],[-80,86],[-35,29],[-21,-4],[-16,-60],[-4,-99],[-18,-45],[-30,-19],[-16,80],[-26,-11],[-29,-32],[-28,-10],[-60,-2],[-22,-18],[-29,-51],[-2,-39],[14,-59],[31,-9],[19,-51],[-25,-14],[-9,21],[-33,9],[-11,-24],[17,-54],[35,-52],[-8,-60],[-37,-55],[-50,-9],[-39,15],[-31,33],[-36,-10],[-71,186],[-14,140],[7,27],[-16,27],[14,23],[-11,40],[12,-2],[2,82],[-13,15],[14,33],[40,2],[24,-36],[30,-8],[14,-28],[34,1],[-7,-24],[40,-6],[19,36],[-7,22],[15,28],[7,-38],[27,-52],[21,-7],[8,35],[-16,16],[-6,40],[25,-4],[-4,56],[16,21],[-24,54],[-49,2],[33,22],[32,-10],[8,27],[-10,64],[12,51],[11,6],[29,-37],[4,-96],[13,-15],[-16,-52],[-33,-64],[36,-3],[14,15],[19,-24],[26,-5],[22,20],[14,49],[52,6],[18,31],[-5,31],[-30,36],[2,42],[58,19],[44,-43],[16,5],[-43,54],[-1,22],[33,-18],[10,9],[-16,41],[20,20],[-25,-1],[-18,-22],[-45,-1],[-14,-22],[-16,37],[19,22],[-3,41],[36,-10],[-2,28],[30,15],[46,3],[35,14],[-56,16],[-43,-15],[-3,19],[-35,-33],[-28,0],[-6,18],[6,50],[-24,7],[-15,-31],[-29,-2],[-22,24],[-24,-9],[-7,-73],[-18,-42],[-57,-15],[-31,-24],[5,-31],[-31,15],[-11,-31],[-29,-24],[-57,9],[9,-20],[-64,-14],[0,-15],[33,-31],[1,-70],[-18,-29],[-29,-20],[-19,32],[-37,-3],[-8,48],[10,43],[0,54],[-17,42],[8,24],[-16,136],[-30,59],[25,1],[22,23],[20,0],[31,40],[54,-66],[31,-24],[-13,-16],[23,-21],[4,39],[-13,49],[-64,101],[-4,-18],[21,-25],[-10,-30],[-28,50],[-53,42],[-39,9],[-11,-35],[-29,-50],[-30,46],[-72,93],[-26,19],[-31,67],[-38,128],[-27,39],[-7,31],[-1,134],[25,20],[54,20],[-25,53],[-25,21],[-34,-24],[-25,51],[-7,62],[3,269],[61,51],[49,28],[109,29],[41,37],[30,44],[15,41],[39,31],[28,-8],[52,42],[42,24],[-29,10],[-21,29],[31,48],[6,91],[-11,58],[14,31],[35,13],[29,26],[85,21],[41,30],[52,-2],[71,37],[17,24],[33,-5]],[[306093,18635],[6,-4],[73,-156],[27,-38],[10,-37],[29,-37],[26,-127],[-1,-40],[-75,-54],[-23,-4],[-34,15],[-20,-33],[-22,20],[-44,68],[1,19],[-58,46],[-76,82],[-27,69],[-1,53],[23,82],[28,35],[81,52],[47,3],[30,-14]],[[304760,19747],[41,-67],[58,6],[69,-21],[8,-40],[-6,-101],[-19,-63],[-33,-66],[-57,-70],[-26,-62],[-8,-53],[16,-87],[-20,-97],[-46,-103],[-16,-76],[11,-59],[17,-45],[63,-95],[59,-66],[90,-80],[20,-29],[73,-76],[49,-34],[48,-14],[42,-24],[105,-50],[84,-55],[184,-54],[30,-54],[43,-31],[41,-17],[20,-40],[-18,-150],[-21,-52],[-19,-21],[-55,-15],[-93,-12],[-52,29],[-47,4],[-24,26],[-69,37],[-64,-11],[-59,18],[-33,24],[-15,30],[-33,12],[-27,-5],[-15,33],[-171,91],[-16,-1],[-62,43],[-37,6],[-36,22],[-65,22],[-9,27],[-23,11],[-32,68],[-32,12],[-63,61],[-38,49],[-6,23],[-34,50],[-4,58],[-40,40],[-32,50],[-60,73],[-40,60],[3,20],[-19,25],[-13,88],[9,114],[-13,36],[16,41],[4,73],[8,29],[32,50],[26,56],[39,110],[6,37],[-8,121],[19,38],[50,25],[23,34],[3,30],[37,2],[5,23],[25,6],[70,-33],[41,29],[24,1],[46,35],[2,11],[57,37],[12,-27]],[[310723,22462],[16,-22],[-5,-40],[23,-6],[10,-29],[0,-96],[-12,-12],[-13,-54],[27,-38],[-24,-19],[17,-29],[-6,-29],[22,-6],[-6,-32],[28,-61],[-13,-25],[18,-35],[34,-28],[52,-19],[21,-25],[27,7],[17,-29],[-28,-21],[-1,-38],[19,-7],[31,-65],[-55,-32],[-17,-43],[28,-30],[38,-68],[-21,-23],[14,-51],[20,-1],[-9,-30],[18,-49],[-1,-59],[23,-67],[-2,-17],[20,-58],[-16,-45],[-32,26],[-18,42],[-31,12],[-51,-14],[-38,-35],[-16,-43],[-3,-63],[-14,-74],[-20,-48],[48,-90],[16,-62],[-7,-43],[-31,-111],[-23,-22],[-5,41],[-29,88],[-18,20],[25,18],[7,39],[-37,63],[27,14],[11,36],[-14,17],[14,38],[-22,28],[49,86],[2,39],[-22,30],[-4,35],[18,-2],[-4,36],[-38,25],[15,9],[-15,56],[21,20],[24,-10],[55,36],[15,33],[-1,37],[-23,15],[-18,79],[46,27],[-4,26],[-33,5],[-13,41],[16,28],[-22,67],[-8,67],[-33,35],[14,23],[-11,58],[-36,18],[-7,68],[-22,38],[-22,8],[-40,82],[11,12],[-7,59],[-11,25],[5,45],[15,30],[-9,30],[27,8],[14,38],[-19,24],[-15,61],[21,13],[-3,28],[39,-34]],[[304404,66549],[-22,-37],[-15,14],[10,30],[27,-7]],[[304664,66666],[23,-22],[-3,-45],[14,0],[-92,-130],[-19,19],[-4,36],[-19,11],[-6,29],[-28,27],[7,52],[56,5],[22,46],[45,2],[4,-30]],[[313900,68214],[-62,-41],[-175,-37],[-85,63],[-47,57],[63,133],[44,47],[100,48],[65,-13],[99,-61],[16,-32],[-18,-164]],[[304434,82617],[18,-19],[11,-44],[-13,-4],[-57,16],[-23,40],[5,30],[19,8],[10,-27],[30,0]],[[318764,82878],[26,-53],[4,-30],[-17,-28],[-24,-96],[-41,-48],[-44,-15],[-38,-35],[-63,-6],[-38,13],[-27,28],[-38,68],[-8,65],[47,19],[25,28],[18,63],[52,62],[21,44],[74,-14],[25,29],[26,-3],[17,-21],[44,-14],[-41,-20],[0,-36]],[[307574,212618],[-55,48],[-14,76],[69,-124]]],"transform":{"scale":[0.00008186368590488947,0.00008083986093410899],"translate":[68.17939,6.75649]},"objects":{"ind_admin0":{"type":"GeometryCollection","geometries":[{"arcs":[[[0]],[[1]],[[2]],[[3]],[[4]],[[5]],[[6]],[[7]],[[8]],[[9]],[[10]],[[11]],[[12]],[[13]],[[14]],[[15]],[[16]],[[17]],[[18]],[[19]],[[20]],[[21]],[[22]],[[23]],[[24],[25],[26],[27],[28],[29],[30],[31],[32]],[[33]],[[34]],[[35]],[[36]],[[37]],[[38]],[[39]],[[40]],[[41]],[[42]],[[43]],[[44]],[[45]],[[46]],[[47]],[[48]],[[49]],[[50]],[[51]],[[52]],[[53]],[[54]],[[55]],[[56]],[[57]],[[58]],[[59]],[[60]],[[61]],[[62]],[[63]],[[64]],[[65]],[[66]],[[67]],[[68]],[[69]],[[70]],[[71]],[[72]],[[73]],[[74]],[[75]],[[76]],[[77]],[[78]],[[79]],[[80]],[[81]],[[82]],[[83]],[[84]],[[85]],[[86]],[[87]],[[88]],[[89]],[[90]],[[91]],[[92]],[[93]],[[94]],[[95]],[[96]],[[97]],[[98]],[[99]],[[100]],[[101]],[[102]],[[103]],[[104]],[[105]],[[106]],[[107]],[[108]],[[109]],[[110]],[[111]],[[112]],[[113]],[[114]],[[115]],[[116]],[[117]],[[118]],[[119]],[[120]],[[121]],[[122]],[[123]],[[124]],[[125]],[[126]],[[127]],[[128]],[[129]],[[130]],[[131]],[[132]],[[133]],[[134]],[[135]],[[136]],[[137]],[[138]],[[139]],[[140]],[[141]],[[142]],[[143]],[[144]],[[145]],[[146]],[[147]],[[148]],[[149]],[[150]],[[151]],[[152]],[[153]],[[154]],[[155]],[[156]],[[157]],[[158]],[[159]],[[160]],[[161]],[[162]],[[163]],[[164]],[[165]],[[166]],[[167]],[[168]],[[169]],[[170]],[[171]],[[172]],[[173]],[[174]],[[175]],[[176]],[[177]],[[178]],[[179]],[[180]],[[181]],[[182]],[[183]],[[184]],[[185]],[[186]],[[187]],[[188]],[[189]],[[190]],[[191]],[[192]],[[193]],[[194]],[[195]],[[196]],[[197]],[[198]],[[199]],[[200]],[[201]],[[202]],[[203]],[[204]],[[205]],[[206]],[[207]],[[208]],[[209]],[[210]],[[211]],[[212]],[[213]],[[214]],[[215]],[[216]],[[217]],[[218]],[[219]],[[220]],[[221]],[[222]],[[223]],[[224]],[[225]],[[226]],[[227]],[[228]],[[229]],[[230]],[[231]],[[232]],[[233]],[[234]],[[235]],[[236]],[[237]],[[238]],[[239]],[[240]],[[241]],[[242]],[[243]],[[244]],[[245]],[[246]],[[247]],[[248]]],"type":"MultiPolygon","properties":{"id":"IND","name":"India","parent_id":null,"parent_name":null,"area_sqkm":3273555.719798478,"center_lat":23.379902099235267,"center_lon":79.48026236466144},"id":"IND"}]}}}