{
"type": "FeatureCollection",
"name": "pakistan_districts",
"crs": { "type": "name", "properties": { "name": "urn:ogc:def:crs:OGC:1.3:CRS84" } },
"features": [
{ "type": "Feature", "properties": { "OBJECTID": 1, "PROVINCE": "AZAD KASHMIR", "DISTRICT": "BAGH", "Shape_Area": 0.06632927045000001 }, "geometry": { "type": "Polygon", "coordinates": [ [ [ 73.591968, 34.074711 ], [ 73.618484, 34.062336 ], [ 73.630858500000045, 34.083549500000061 ], [ 73.632626, 34.065872 ], [ 73.671517, 34.059685 ], [ 73.705103500000064, 34.082666 ], [ 73.830614, 34.081782 ], [ 73.851827, 34.066756 ], [ 73.857130500000039, 34.026981500000034 ], [ 73.951534965000064, 34.01586375800008 ], [ 73.952665, 33.988463 ], [ 74.00052, 33.977361 ], [ 73.974853, 33.918355 ], [ 73.93226, 33.890865 ], [ 73.843872, 33.905891 ], [ 73.825310500000057, 33.88291 ], [ 73.791723500000046, 33.874955 ], [ 73.640581, 33.977484 ], [ 73.585513871000046, 33.909327809000047 ], [ 73.543699, 33.954322 ], [ 73.52448, 34.012543 ], [ 73.501413387000071, 34.018002034000062 ], [ 73.514869, 34.03685 ], [ 73.501413423000031, 34.103705899000033 ], [ 73.546006500000033, 34.131279 ], [ 73.540703, 34.102995 ], [ 73.574290500000075, 34.099459 ], [ 73.591968, 34.074711 ] ] ] } },
{ "type": "Feature", "properties": { "OBJECTID": 2, "PROVINCE": "AZAD KASHMIR", "DISTRICT": "BHIMBER", "Shape_Area": 0.11550856231 }, "geometry": { "type": "Polygon", "coordinates": [ [ [ 73.974686, 33.240332 ], [ 74.009049765000043, 33.243615082000076 ], [ 74.008394, 33.214918500000067 ], [ 74.145812500000034, 33.155038 ], [ 74.18343, 33.092854 ], [ 74.174217500000054, 33.078267500000038 ], [ 74.323151, 33.028367 ], [ 74.340040500000043, 32.956203 ], [ 74.320080500000074, 32.91705 ], [ 74.370748500000047, 32.916282500000079 ], [ 74.409133500000053, 32.896322 ], [ 74.445983, 32.805733 ], [ 74.439519155000085, 32.788142394000033 ], [ 74.37175134000006, 32.769581328000072 ], [ 74.341251340000042, 32.809681328000067 ], [ 74.00099, 32.954384 ], [ 73.925811, 33.034085 ], [ 73.85528174600006, 33.024822 ], [ 73.883646500000054, 33.07328 ], [ 73.858014500000081, 33.099796 ], [ 73.888066, 33.129848 ], [ 73.880995, 33.150177 ], [ 73.91635, 33.17139 ], [ 73.906136642000035, 33.224869978000072 ], [ 73.948169500000063, 33.259777 ], [ 73.974686, 33.240332 ] ] ] } },
{ "type": "Feature", "properties": { "OBJECTID": 3, "PROVINCE": "AZAD KASHMIR", "DISTRICT": "HATTIAN BALA", "Shape_Area": 0.07085049044 }, "geometry": { "type": "Polygon", "coordinates": [ [ [ 73.936231, 34.339602500000069 ], [ 73.945443, 34.280489 ], [ 73.996112, 34.274348 ], [ 74.002253, 34.180688 ], [ 73.964636, 34.172243 ], [ 73.973081, 34.158425 ], [ 73.930857, 34.130787 ], [ 73.932392, 34.109292 ], [ 73.906291, 34.104685500000073 ], [ 73.900149, 34.060926500000051 ], [ 73.93316, 34.025612 ], [ 73.857130500000039, 34.026981500000034 ], [ 73.851827, 34.066756 ], [ 73.830614, 34.081782 ], [ 73.705103500000064, 34.082666 ], [ 73.694451266000044, 34.069347041000071 ], [ 73.692805, 34.092273 ], [ 73.649526, 34.145579 ], [ 73.630526, 34.213136 ], [ 73.677499, 34.199941 ], [ 73.752445, 34.248498 ], [ 73.765112, 34.282276 ], [ 73.751389, 34.295471 ], [ 73.758652983000047, 34.343104960000062 ], [ 73.808792500000038, 34.346512 ], [ 73.855622, 34.325016 ], [ 73.871744, 34.338835 ], [ 73.936231, 34.339602500000069 ] ] ] } },
{ "type": "Feature", "properties": { "OBJECTID": 4, "PROVINCE": "AZAD KASHMIR", "DISTRICT": "HAVELI", "Shape_Area": 0.05288775202 }, "geometry": { "type": "Polygon", "coordinates": [ [ [ 74.168844, 34.038663 ], [ 74.200319500000035, 34.024077 ], [ 74.197249, 34.000278 ], [ 74.256362, 34.002581 ], [ 74.268645, 33.98953 ], [ 74.283999, 33.90278 ], [ 74.188036500000067, 33.843667 ], [ 74.120478500000047, 33.824474 ], [ 74.057527500000049, 33.828313 ], [ 74.050681928000074, 33.813101582000058 ], [ 73.974853, 33.918355 ], [ 74.00052, 33.977361 ], [ 73.952665, 33.988463 ], [ 73.951534965000064, 34.01586375800008 ], [ 74.000717500000064, 34.015632 ], [ 74.016071500000066, 34.037128 ], [ 74.168844, 34.038663 ] ] ] } },
{ "type": "Feature", "properties": { "OBJECTID": 5, "PROVINCE": "AZAD KASHMIR", "DISTRICT": "KOTLI", "Shape_Area": 0.15680959753000001 }, "geometry": { "type": "Polygon", "coordinates": [ [ [ 73.727200500000038, 33.587695 ], [ 73.740458500000045, 33.581508 ], [ 73.750181500000053, 33.614212 ], [ 73.800562500000069, 33.614212 ], [ 73.858898500000066, 33.587695 ], [ 73.960543, 33.615979 ], [ 74.042172500000049, 33.575738500000057 ], [ 74.085163500000078, 33.585719 ], [ 74.14734750000008, 33.554243 ], [ 74.163469500000076, 33.50357450000007 ], [ 74.180358500000068, 33.494362 ], [ 74.189571500000056, 33.379207 ], [ 74.127387500000054, 33.300901 ], [ 74.049082, 33.280941 ], [ 73.979105, 33.234145 ], [ 73.948169500000063, 33.259777 ], [ 73.906136642000035, 33.224869978000072 ], [ 73.773162500000069, 33.337559 ], [ 73.75725250000005, 33.371146 ], [ 73.764323500000046, 33.409152 ], [ 73.734272, 33.435669 ], [ 73.665329500000041, 33.466604 ], [ 73.629750306000062, 33.457792893000033 ], [ 73.61153, 33.491943 ], [ 73.633575, 33.526423 ], [ 73.628487500000062, 33.567687 ], [ 73.571962, 33.63043 ], [ 73.577049, 33.666607 ], [ 73.596384897000064, 33.683155829000043 ], [ 73.727200500000038, 33.587695 ] ] ] } },
{ "type": "Feature", "properties": { "OBJECTID": 6, "PROVINCE": "AZAD KASHMIR", "DISTRICT": "MIRPUR", "Shape_Area": 0.08707840664 }, "geometry": { "type": "Polygon", "coordinates": [ [ [ 73.665329500000041, 33.466604 ], [ 73.764323500000046, 33.409152 ], [ 73.75725250000005, 33.371146 ], [ 73.773162500000069, 33.337559 ], [ 73.913698500000066, 33.216468 ], [ 73.91635, 33.17139 ], [ 73.880995, 33.150177 ], [ 73.888066, 33.129848 ], [ 73.858014500000081, 33.099796 ], [ 73.883646500000054, 33.07328 ], [ 73.85528174600006, 33.024822 ], [ 73.829718, 33.01204 ], [ 73.776019, 33.021084 ], [ 73.729669, 33.064044 ], [ 73.653359, 33.080436 ], [ 73.623966, 33.114351 ], [ 73.625096, 33.131874 ], [ 73.670317, 33.152224 ], [ 73.670317, 33.21101 ], [ 73.627357, 33.241534 ], [ 73.60827636700003, 33.334899902000075 ], [ 73.588833782000052, 33.341773342000067 ], [ 73.575977865000084, 33.377401190000057 ], [ 73.601920500000062, 33.434852 ], [ 73.665329500000041, 33.466604 ] ] ] } },
{ "type": "Feature", "properties": { "OBJECTID": 7, "PROVINCE": "AZAD KASHMIR", "DISTRICT": "MUZAFFARABAD", "Shape_Area": 0.12773162586 }, "geometry": { "type": "Polygon", "coordinates": [ [ [ 73.567728704000046, 34.587624335000044 ], [ 73.617745, 34.582322 ], [ 73.665329500000041, 34.542281 ], [ 73.767859500000043, 34.514881 ], [ 73.737807500000031, 34.461848 ], [ 73.752833500000065, 34.412351 ], [ 73.744878500000084, 34.37788 ], [ 73.758256801000073, 34.37787957900008 ], [ 73.760889, 34.266971 ], [ 73.716555, 34.216831 ], [ 73.677499, 34.199941 ], [ 73.630526, 34.213136 ], [ 73.649526, 34.145579 ], [ 73.692805, 34.092273 ], [ 73.694451266000044, 34.069347041000071 ], [ 73.671517, 34.059685 ], [ 73.632626, 34.065872 ], [ 73.630858500000045, 34.083549500000061 ], [ 73.618484, 34.062336 ], [ 73.574290500000075, 34.099459 ], [ 73.540703, 34.102995 ], [ 73.546006500000033, 34.131279 ], [ 73.501476095000044, 34.103122347000067 ], [ 73.499042, 34.207557 ], [ 73.473606, 34.256169 ], [ 73.488302, 34.279344 ], [ 73.462301, 34.287823 ], [ 73.398426305000044, 34.378263918000073 ], [ 73.42782, 34.416702 ], [ 73.435734, 34.526927 ], [ 73.453256, 34.569321 ], [ 73.537480500000072, 34.571582 ], [ 73.567728704000046, 34.587624335000044 ] ] ] } },
{ "type": "Feature", "properties": { "OBJECTID": 8, "PROVINCE": "AZAD KASHMIR", "DISTRICT": "NEELUM", "Shape_Area": 0.34439290389 }, "geometry": { "type": "Polygon", "coordinates": [ [ [ 74.455767500000036, 35.131765 ], [ 74.463492, 35.107998500000065 ], [ 74.509836, 35.101463 ], [ 74.538355, 35.06819 ], [ 74.539543500000036, 35.026005 ], [ 74.588858, 34.998674 ], [ 74.566280500000062, 34.955894 ], [ 74.570439500000077, 34.896479 ], [ 74.607277, 34.911332500000071 ], [ 74.665504500000054, 34.900043500000038 ], [ 74.752845, 34.822803 ], [ 74.776017, 34.762199 ], [ 74.799153511000043, 34.756203124000024 ], [ 74.792985500000043, 34.731898500000057 ], [ 74.648658, 34.710403 ], [ 74.557301500000051, 34.777193 ], [ 74.525826, 34.766445 ], [ 74.340042, 34.787941 ], [ 74.323920500000042, 34.781799 ], [ 74.326991, 34.700423 ], [ 74.281697, 34.686604 ], [ 74.279394, 34.635168 ], [ 74.211068500000067, 34.642077 ], [ 74.188037500000064, 34.603692 ], [ 74.129692, 34.579893 ], [ 74.065205, 34.592944 ], [ 74.046780500000068, 34.569145500000047 ], [ 73.996879500000034, 34.561468 ], [ 73.989202500000033, 34.542276 ], [ 73.933928500000036, 34.528457 ], [ 73.89324, 34.497749 ], [ 73.89016950000007, 34.460132 ], [ 73.864835500000083, 34.437868 ], [ 73.808792500000038, 34.426353 ], [ 73.744878500000084, 34.37788 ], [ 73.752833500000065, 34.412351 ], [ 73.737807500000031, 34.461848 ], [ 73.767859500000043, 34.514881 ], [ 73.665329500000041, 34.542281 ], [ 73.655268871000033, 34.562403480000057 ], [ 73.659009, 34.599279 ], [ 73.699707, 34.647892 ], [ 73.664661, 34.669936 ], [ 73.727969, 34.764334 ], [ 73.777712, 34.794858 ], [ 73.830847500000061, 34.79146650000007 ], [ 73.838196, 34.814076500000056 ], [ 73.927504, 34.811251 ], [ 73.934287, 34.8316 ], [ 73.968202, 34.835557 ], [ 73.977811, 34.866081 ], [ 74.045079, 34.890386500000034 ], [ 74.038861, 34.914127 ], [ 74.071645500000045, 34.937868 ], [ 74.060906, 34.988741 ], [ 74.111213500000076, 35.017569 ], [ 74.076733, 35.047527500000058 ], [ 74.094821, 35.091052500000046 ], [ 74.128577299000028, 35.105233168000041 ], [ 74.169385, 35.078885 ], [ 74.223453, 35.081261 ], [ 74.25732, 35.03967 ], [ 74.301287, 35.065813 ], [ 74.363079, 35.057495 ], [ 74.443884, 35.135924 ], [ 74.455767500000036, 35.131765 ] ] ] } },
{ "type": "Feature", "properties": { "OBJECTID": 9, "PROVINCE": "AZAD KASHMIR", "DISTRICT": "POONCH", "Shape_Area": 0.07101279036 }, "geometry": { "type": "Polygon", "coordinates": [ [ [ 73.706871500000034, 33.925336 ], [ 73.791723500000046, 33.874955 ], [ 73.825310500000057, 33.88291 ], [ 73.843872, 33.905891 ], [ 73.93226, 33.890865 ], [ 73.961427, 33.920033 ], [ 73.982641, 33.917381 ], [ 74.000318, 33.866116 ], [ 74.050681928000074, 33.813101582000058 ], [ 73.978454, 33.716228 ], [ 73.999182, 33.680914 ], [ 74.002252500000054, 33.62487150000004 ], [ 74.029538532000061, 33.592587703000049 ], [ 73.960543, 33.615979 ], [ 73.904858500000046, 33.597418 ], [ 73.90044, 33.616863 ], [ 73.926072500000032, 33.646031 ], [ 73.962311500000055, 33.65752150000003 ], [ 73.924305, 33.694644 ], [ 73.883646500000054, 33.695528 ], [ 73.880111, 33.752096 ], [ 73.825311, 33.737954 ], [ 73.743994500000042, 33.806896 ], [ 73.698033, 33.806896 ], [ 73.672400500000037, 33.828993 ], [ 73.573437499000079, 33.818444159000023 ], [ 73.592285156000059, 33.862670898000033 ], [ 73.585513871000046, 33.909327809000047 ], [ 73.622019500000079, 33.970413 ], [ 73.662677500000029, 33.973065 ], [ 73.706871500000034, 33.925336 ] ] ] } },
{ "type": "Feature", "properties": { "OBJECTID": 10, "PROVINCE": "AZAD KASHMIR", "DISTRICT": "SUDHNOTI", "Shape_Area": 0.05570525018 }, "geometry": { "type": "Polygon", "coordinates": [ [ [ 73.672400500000037, 33.828993 ], [ 73.698033, 33.806896 ], [ 73.743994500000042, 33.806896 ], [ 73.825311, 33.737954 ], [ 73.880111, 33.752096 ], [ 73.883646500000054, 33.695528 ], [ 73.924305, 33.694644 ], [ 73.962311500000055, 33.65752150000003 ], [ 73.926072500000032, 33.646031 ], [ 73.895137, 33.592115 ], [ 73.750181500000053, 33.614212 ], [ 73.740458500000045, 33.581508 ], [ 73.727200500000038, 33.587695 ], [ 73.596384897000064, 33.683155829000043 ], [ 73.598529, 33.739525 ], [ 73.566874, 33.797746 ], [ 73.573437499000079, 33.818444159000023 ], [ 73.672400500000037, 33.828993 ] ] ] } },
{ "type": "Feature", "properties": { "OBJECTID": 11, "PROVINCE": "BALOCHISTAN", "DISTRICT": "AWARAN", "Shape_Area": 2.25264894772 }, "geometry": { "type": "Polygon", "coordinates": [ [ [ 65.659301758000083, 27.400085449000073 ], [ 65.76335, 27.364179 ], [ 65.821433, 27.312665 ], [ 65.863708496000072, 27.239685059000067 ], [ 65.880310059000067, 27.174499512000068 ], [ 65.91687011700003, 27.133911133000026 ], [ 66.002319336000028, 27.147094727000024 ], [ 66.034729004000042, 27.192077637000068 ], [ 66.048889160000044, 27.189270020000038 ], [ 66.049316406000059, 27.093872070000032 ], [ 66.01788330100004, 26.913696289000029 ], [ 65.923522949000073, 26.580688477000024 ], [ 65.936889648000033, 26.536499023000033 ], [ 66.103271484000061, 26.270324707000043 ], [ 66.080505371000072, 26.399719238000046 ], [ 66.108703613000046, 26.427307129000042 ], [ 66.119873047000056, 26.529296875000057 ], [ 66.145690918000071, 26.556884766000053 ], [ 66.187215, 26.570384 ], [ 66.24854287800008, 26.484377320000078 ], [ 66.217534, 26.368667 ], [ 66.166687011000079, 26.336730957000043 ], [ 66.161215, 26.272455 ], [ 66.202672, 26.162164 ], [ 66.259774, 25.846934 ], [ 66.183899, 25.670154 ], [ 66.076737, 25.478513 ], [ 66.046231, 25.455829 ], [ 65.97505, 25.4879 ], [ 65.932112710000069, 25.476951823000036 ], [ 65.905433, 25.498851 ], [ 65.816261, 25.488682 ], [ 65.739605, 25.518406 ], [ 65.522933, 25.428452 ], [ 65.498684, 25.439403 ], [ 65.540108381000039, 25.470654758000023 ], [ 65.545617, 25.54813 ], [ 65.516675, 25.570814 ], [ 65.504126285000041, 25.620048638000071 ], [ 65.534729004000042, 25.639709473000039 ], [ 65.532319, 25.688927 ], [ 65.438454, 25.641213 ], [ 65.359451, 25.624004 ], [ 65.34146, 25.588805 ], [ 65.305479, 25.612271 ], [ 65.256199, 25.561427 ], [ 65.20678504600005, 25.564771862000043 ], [ 65.172503, 25.603667 ], [ 64.987902, 25.559081 ], [ 64.50215, 25.496504 ], [ 64.373085, 25.433145 ], [ 64.280785, 25.463651 ], [ 64.132755, 25.469926 ], [ 64.125589, 25.481231 ], [ 64.212733, 25.610706 ], [ 64.237763, 25.614618 ], [ 64.244803, 25.631044 ], [ 64.277656, 25.613053 ], [ 64.355877, 25.636519 ], [ 64.340233, 25.670154 ], [ 64.290171, 25.699878 ], [ 64.277138, 25.742019 ], [ 64.328364, 25.78796 ], [ 64.33243, 25.850569 ], [ 64.358856, 25.857887 ], [ 64.353571, 25.92009 ], [ 64.384469, 26.013598 ], [ 64.413334, 26.034332 ], [ 64.460088, 26.037992 ], [ 64.512128, 26.076208 ], [ 64.519446, 26.116457 ], [ 64.505623, 26.162398 ], [ 64.446265, 26.231106 ], [ 64.423905, 26.292496 ], [ 64.431629, 26.351446 ], [ 64.481636, 26.371774 ], [ 64.695078, 26.36161 ], [ 64.933726, 26.37462 ], [ 64.915025, 26.439262 ], [ 64.925188, 26.462436 ], [ 65.134158, 26.633596 ], [ 65.291089, 26.789714 ], [ 65.336217, 26.884848 ], [ 65.356081, 26.994594 ], [ 65.566285, 27.299873 ], [ 65.584608, 27.410161 ], [ 65.597055, 27.42157 ], [ 65.659301758000083, 27.400085449000073 ] ] ] } },
{ "type": "Feature", "properties": { "OBJECTID": 12, "PROVINCE": "BALOCHISTAN", "DISTRICT": "BARKHAN", "Shape_Area": 0.32650947774 }, "geometry": { "type": "Polygon", "coordinates": [ [ [ 69.619193296000049, 30.150618622000025 ], [ 69.744383886000037, 30.356889523000063 ], [ 69.764709473000039, 30.343872070000032 ], [ 69.783508, 30.292746 ], [ 69.821364, 30.289406001000032 ], [ 69.892621, 30.329488 ], [ 69.929363, 30.330601 ], [ 69.96501842300006, 30.321957847000078 ], [ 69.961084, 30.291963 ], [ 69.986834044000034, 30.292575 ], [ 69.979470001000038, 30.249062 ], [ 70.015017, 30.278479 ], [ 70.073239, 30.274189 ], [ 70.063433, 30.237417 ], [ 70.015094622000049, 30.204935 ], [ 69.981922, 30.082975 ], [ 69.933505, 30.025365 ], [ 69.888766, 29.90463 ], [ 69.832995, 29.851311 ], [ 69.789481, 29.76551 ], [ 69.738001001000043, 29.720157 ], [ 69.651364, 29.684582 ], [ 69.596892, 29.703524 ], [ 69.475626, 29.694542 ], [ 69.412747, 29.654868 ], [ 69.280253, 29.610703 ], [ 69.180695, 29.635406 ], [ 69.089371, 29.687805 ], [ 69.066914, 29.733466 ], [ 69.086377, 29.747689 ], [ 69.152998, 29.770894 ], [ 69.181443, 29.805328 ], [ 69.282498, 29.860721 ], [ 69.391787, 29.889166 ], [ 69.407507, 29.928091001000041 ], [ 69.479368, 29.991718 ], [ 69.474128, 30.013426001000028 ], [ 69.503322, 30.065825 ], [ 69.466645781000068, 30.068071 ], [ 69.453919781000081, 30.044117 ], [ 69.41649, 30.04786 ], [ 69.412123781000048, 30.065333 ], [ 69.589413, 30.233234999000047 ], [ 69.563151, 30.148772 ], [ 69.589413, 30.137416 ], [ 69.619193296000049, 30.150618622000025 ] ] ] } },
{ "type": "Feature", "properties": { "OBJECTID": 13, "PROVINCE": "BALOCHISTAN", "DISTRICT": "CHAGAI", "Shape_Area": 4.1114476661000001 }, "geometry": { "type": "Polygon", "coordinates": [ [ [ 62.313693, 29.427808 ], [ 62.457188, 29.385219 ], [ 63.295179325000049, 29.472761652000031 ], [ 63.594030325000062, 29.490109651000068 ], [ 64.048100326000053, 29.417379651000033 ], [ 64.111002326000062, 29.377411651000045 ], [ 64.14441832600005, 29.399033652000071 ], [ 64.156867326000054, 29.444243651000079 ], [ 64.218142326000077, 29.496511651000048 ], [ 64.286601326000039, 29.528767652000056 ], [ 64.36326232600004, 29.549734651000051 ], [ 64.41764532500008, 29.544492652000031 ], [ 64.465538325000068, 29.569975652000039 ], [ 64.670560326000043, 29.579874651000068 ], [ 65.03617332500005, 29.534009651000076 ], [ 65.131591325000045, 29.552505651000047 ], [ 65.266567326000029, 29.416766652000035 ], [ 65.464537326000084, 29.071158651000076 ], [ 65.470084001000032, 29.036426146000053 ], [ 65.24547132500004, 28.895752651000066 ], [ 65.171655326000064, 28.823355651000043 ], [ 65.047445326000059, 28.805611652000039 ], [ 64.931042326000068, 28.689918652000074 ], [ 64.809671326000057, 28.698435651000068 ], [ 64.493959, 28.610696 ], [ 64.417303, 28.526943 ], [ 64.39601, 28.521265 ], [ 64.285497863000046, 28.539547174000063 ], [ 64.279608, 28.497132 ], [ 64.205082, 28.470161 ], [ 64.130556, 28.469451 ], [ 64.012733, 28.383569 ], [ 63.901299, 28.368664 ], [ 63.826773, 28.299106 ], [ 63.818256, 28.345241 ], [ 63.782057, 28.311882 ], [ 63.708241, 28.291299 ], [ 63.496019, 28.291299 ], [ 63.373938, 28.265037 ], [ 63.253277, 28.272844 ], [ 63.230564, 28.252261 ], [ 63.206432, 28.184833 ], [ 63.129067, 28.157861 ], [ 62.803402031000076, 27.888376882000045 ], [ 62.793577, 27.9786 ], [ 62.770895, 28.029863 ], [ 62.794938, 28.182289 ], [ 62.79267, 28.281637 ], [ 62.593971, 28.253058 ], [ 62.423116, 28.413527 ], [ 62.286829, 28.465945 ], [ 62.235722, 28.463324 ], [ 62.037844, 28.506568 ], [ 61.803274, 28.639578 ], [ 61.672229, 28.778485 ], [ 61.547081, 28.963257 ], [ 61.503836, 29.001915 ], [ 61.50312, 29.057301 ], [ 61.478085, 29.10197 ], [ 61.413841, 29.13587 ], [ 61.427175, 29.192584 ], [ 61.387861, 29.208964 ], [ 61.354445, 29.276452 ], [ 61.381964, 29.331491 ], [ 61.374101, 29.345905 ], [ 61.130358, 29.566715 ], [ 60.891856, 29.851735 ], [ 62.313693, 29.427808 ] ] ] } },
{ "type": "Feature", "properties": { "OBJECTID": 14, "PROVINCE": "BALOCHISTAN", "DISTRICT": "DERA BUGTI", "Shape_Area": 0.95052670424999997 }, "geometry": { "type": "Polygon", "coordinates": [ [ [ 69.600718, 29.525879 ], [ 69.563946, 29.451722 ], [ 69.567011, 29.407595 ], [ 69.612363, 29.422917 ], [ 69.657139220000033, 29.387983 ], [ 69.670009221000043, 29.365307 ], [ 69.636302220000061, 29.311988 ], [ 69.676138221000031, 29.298505 ], [ 69.684105220000049, 29.258056 ], [ 69.746005220000029, 29.297892 ], [ 69.76448209800003, 29.295297817000062 ], [ 69.738650220000068, 29.224348 ], [ 69.749069220000081, 29.187576 ], [ 69.708007221000059, 29.09871 ], [ 69.652849220000064, 29.071131 ], [ 69.577429, 28.958976 ], [ 69.493467, 28.899528 ], [ 69.481209, 28.850499 ], [ 69.522884, 28.832113 ], [ 69.538819, 28.792889 ], [ 69.416245, 28.597385 ], [ 69.318799, 28.552033 ], [ 69.360841806000053, 28.451244893000023 ], [ 69.131036292000033, 28.439756871000043 ], [ 69.117868, 28.478902 ], [ 69.082019, 28.499615 ], [ 69.039797, 28.460579 ], [ 68.764952, 28.488462 ], [ 68.460632, 28.654962 ], [ 68.436928507000061, 28.721360144000073 ], [ 68.411239, 28.982385 ], [ 68.381763, 29.051694 ], [ 68.275809, 29.177565 ], [ 68.286165, 29.222974 ], [ 68.467005, 29.207041 ], [ 68.646975, 29.267116 ], [ 68.917952, 29.224449 ], [ 69.031732, 29.264122 ], [ 69.141021, 29.248402 ], [ 69.204648, 29.268613 ], [ 69.263784, 29.345715 ], [ 69.32816, 29.359937 ], [ 69.369331, 29.399611 ], [ 69.471134, 29.446021 ], [ 69.507065, 29.5089 ], [ 69.446432, 29.527614 ], [ 69.430712, 29.57103 ], [ 69.459906, 29.613698 ], [ 69.551978, 29.675828 ], [ 69.631967732000078, 29.665683450000074 ], [ 69.622782, 29.639259 ], [ 69.592751, 29.627614 ], [ 69.606234, 29.600035 ], [ 69.600718, 29.525879 ] ] ] } },
{ "type": "Feature", "properties": { "OBJECTID": 15, "PROVINCE": "BALOCHISTAN", "DISTRICT": "GWADAR", "Shape_Area": 1.02381079335 }, "geometry": { "type": "Polygon", "coordinates": [ [ [ 62.04254426600005, 25.770797 ], [ 62.057703, 25.763251 ], [ 62.053264, 25.71176 ], [ 62.078332, 25.674012 ], [ 62.074216, 25.617411 ], [ 62.117438, 25.572131 ], [ 62.112292, 25.557724 ], [ 62.063925, 25.544345 ], [ 62.065983, 25.503181 ], [ 62.09171, 25.501123 ], [ 62.11538, 25.475395 ], [ 62.394266, 25.553607 ], [ 62.803849, 25.566985 ], [ 62.845013, 25.556694 ], [ 62.963359, 25.597859 ], [ 63.045688, 25.526851 ], [ 63.347215, 25.498036 ], [ 63.379117, 25.460988 ], [ 63.417193, 25.452755 ], [ 63.440863, 25.417766 ], [ 63.403815, 25.373514 ], [ 63.412048, 25.361165 ], [ 63.58185, 25.468192 ], [ 63.775321, 25.552578 ], [ 64.00584, 25.614324 ], [ 64.053178, 25.614324 ], [ 64.126245, 25.557724 ], [ 64.171528, 25.556631 ], [ 64.125589, 25.481231 ], [ 64.132755, 25.469926 ], [ 64.280785, 25.463651 ], [ 64.373085, 25.433145 ], [ 64.50215, 25.496504 ], [ 64.987902, 25.559081 ], [ 65.172503, 25.603667 ], [ 65.206784967000033, 25.564771988000075 ], [ 65.207638038000027, 25.383802039000045 ], [ 65.240799043000038, 25.350092335000056 ], [ 65.225238, 25.316475 ], [ 65.182746, 25.303954 ], [ 64.887667, 25.326391 ], [ 64.715016, 25.311256 ], [ 64.66161, 25.283196 ], [ 64.638926, 25.242807 ], [ 64.642479, 25.209424 ], [ 64.674834, 25.205053 ], [ 64.674736, 25.192796 ], [ 64.685251, 25.201601 ], [ 64.694824, 25.184631 ], [ 64.588113, 25.154991 ], [ 64.575876, 25.178164 ], [ 64.618159, 25.211762 ], [ 64.567362, 25.263485 ], [ 64.513385, 25.273346 ], [ 64.476553, 25.25958 ], [ 64.474147, 25.245037 ], [ 64.398435, 25.238809 ], [ 64.228662, 25.310664 ], [ 64.101248602000055, 25.323475173000077 ], [ 64.100545, 25.357421 ], [ 64.13094, 25.365587 ], [ 64.091019, 25.390538 ], [ 64.147725, 25.399157 ], [ 64.176566, 25.452174 ], [ 64.027988, 25.469668 ], [ 63.972162, 25.409591 ], [ 63.993484, 25.385094 ], [ 64.042478, 25.402332 ], [ 64.067882, 25.348802 ], [ 64.058844, 25.326663 ], [ 63.89773, 25.340826 ], [ 63.716597, 25.382847 ], [ 63.589754, 25.373115 ], [ 63.507926, 25.333582 ], [ 63.468451, 25.285593 ], [ 63.477906, 25.24197 ], [ 63.509025, 25.224383 ], [ 63.495879, 25.20579 ], [ 63.128372, 25.257761 ], [ 63.090463, 25.254452 ], [ 63.07825, 25.234143 ], [ 63.007305, 25.211115 ], [ 62.807046, 25.249515 ], [ 62.540257, 25.268564 ], [ 62.476629, 25.258384 ], [ 62.458704, 25.237553 ], [ 62.474188, 25.223551 ], [ 62.397968, 25.207478 ], [ 62.352464, 25.180609 ], [ 62.327789, 25.122833 ], [ 62.33269, 25.110719 ], [ 62.384661, 25.104309 ], [ 62.374562, 25.094586 ], [ 62.258618, 25.104302 ], [ 62.316521, 25.119795 ], [ 62.303273, 25.176844 ], [ 62.247963, 25.211697 ], [ 62.152885, 25.218088 ], [ 62.089944, 25.201067 ], [ 62.058938, 25.174844 ], [ 62.053139, 25.153975 ], [ 62.089889, 25.101224 ], [ 61.901189, 25.107179 ], [ 61.863717, 25.090617 ], [ 61.871051, 25.076908 ], [ 61.850886, 25.035573 ], [ 61.778816, 25.014748 ], [ 61.736781, 25.019754 ], [ 61.726518, 25.029244 ], [ 61.74347, 25.050033 ], [ 61.736377, 25.07192 ], [ 61.769336, 25.092391 ], [ 61.755794, 25.131606 ], [ 61.739924, 25.121401 ], [ 61.708897, 25.154323 ], [ 61.618322, 25.176136 ], [ 61.653208, 25.311719 ], [ 61.673357, 25.647444 ], [ 61.696314, 25.667458 ], [ 61.69143, 25.693834 ], [ 61.727285416000029, 25.718938420000029 ], [ 61.959603, 25.661156 ], [ 62.011538, 25.709984 ], [ 62.04254426600005, 25.770797 ] ] ] } },
{ "type": "Feature", "properties": { "OBJECTID": 16, "PROVINCE": "BALOCHISTAN", "DISTRICT": "HARNAI", "Shape_Area": 0.28573587275000001 }, "geometry": { "type": "Polygon", "coordinates": [ [ [ 67.988877, 30.297824 ], [ 68.02723098000007, 30.272967994000055 ], [ 68.091084, 30.264465 ], [ 68.141478, 30.207683 ], [ 68.211745, 30.171485 ], [ 68.226610016000052, 30.137535498000034 ], [ 68.380641689000072, 30.058008560000076 ], [ 68.413423621000049, 30.011043438000058 ], [ 68.400134985000079, 29.93543 ], [ 68.251669, 29.930718 ], [ 68.063228, 29.888319 ], [ 68.056162, 29.842387 ], [ 68.017296, 29.805876 ], [ 67.973719, 29.794099 ], [ 67.974897, 29.745811 ], [ 67.894809, 29.690456 ], [ 67.88892, 29.7199 ], [ 67.986674, 29.854164 ], [ 68.012585, 29.915408 ], [ 68.012585, 29.960162 ], [ 67.977252, 30.011984 ], [ 67.92072, 30.02965 ], [ 67.779389, 30.013161 ], [ 67.764078, 30.024939 ], [ 67.793530980000071, 30.047267994000038 ], [ 67.7841, 30.06616 ], [ 67.686346, 30.123871 ], [ 67.566215, 30.095604 ], [ 67.535593, 30.037894 ], [ 67.459065881000072, 30.032035971000028 ], [ 67.431965881000053, 30.047335971000052 ], [ 67.438094, 30.086312 ], [ 67.406732655000042, 30.183141070000033 ], [ 67.301817, 30.177163 ], [ 67.274136, 30.253109 ], [ 67.252843, 30.226847 ], [ 67.221334120000051, 30.231259797000064 ], [ 67.292632655000034, 30.296441070000071 ], [ 67.287032655000075, 30.330541070000038 ], [ 67.308932655000035, 30.338941070000033 ], [ 67.342272216000083, 30.319827 ], [ 67.437237672000037, 30.305638378000026 ], [ 67.494865881000067, 30.315535971000031 ], [ 67.57933836400008, 30.273692 ], [ 67.744005, 30.325505 ], [ 67.758224996000081, 30.346067994000066 ], [ 67.74332499500008, 30.378067994000048 ], [ 67.754624995000029, 30.384367994000058 ], [ 67.866796, 30.363123 ], [ 67.895897, 30.325506 ], [ 67.988877, 30.297824 ] ] ] } },
{ "type": "Feature", "properties": { "OBJECTID": 17, "PROVINCE": "BALOCHISTAN", "DISTRICT": "JAFFARABAD", "Shape_Area": 0.16510906638 }, "geometry": { "type": "Polygon", "coordinates": [ [ [ 68.46376308300006, 28.432272110000042 ], [ 68.394985, 28.38959 ], [ 68.354674, 28.292369 ], [ 68.200544, 28.242573 ], [ 68.015588, 28.095557 ], [ 67.970534, 28.076587 ], [ 67.923109, 28.036276 ], [ 67.913625, 28.000708001000078 ], [ 67.804548, 27.988851 ], [ 67.787949, 27.981738 ], [ 67.785578, 27.950912 ], [ 67.671978, 27.937419 ], [ 67.667168, 28.008878 ], [ 67.632912, 28.054287 ], [ 67.626525879000042, 28.149902344000054 ], [ 67.956352, 28.24389 ], [ 68.06151, 28.334708 ], [ 68.075849, 28.388881 ], [ 68.148345, 28.430306 ], [ 68.374593, 28.442256 ], [ 68.386543, 28.476512 ], [ 68.379085305000046, 28.617999787000031 ], [ 68.455570412000043, 28.611468181000077 ], [ 68.457202641000038, 28.556735509000077 ], [ 68.43058508300004, 28.514317891000076 ], [ 68.448992845000078, 28.477787019000061 ], [ 68.436477429000035, 28.452306190000058 ], [ 68.46376308300006, 28.432272110000042 ] ] ] } },
{ "type": "Feature", "properties": { "OBJECTID": 18, "PROVINCE": "BALOCHISTAN", "DISTRICT": "JHAL MAGSI", "Shape_Area": 0.35368772991000003 }, "geometry": { "type": "Polygon", "coordinates": [ [ [ 67.59947470000003, 28.826214922000077 ], [ 67.661727, 28.842429 ], [ 67.734278, 28.816685 ], [ 67.699151340000071, 28.775381270000025 ], [ 67.7452, 28.698108 ], [ 67.786651340000049, 28.546581270000047 ], [ 67.753251340000077, 28.497181270000056 ], [ 67.738070176000065, 28.423138587000039 ], [ 67.801060568000082, 28.206458358000077 ], [ 67.626525879000042, 28.149902344000054 ], [ 67.632912, 28.054287 ], [ 67.667168, 28.008878 ], [ 67.671978093000064, 27.937417459000073 ], [ 67.420104980000076, 27.895080566000047 ], [ 67.397556026000075, 27.912321881000025 ], [ 67.388671875000057, 27.955505371000072 ], [ 67.401168, 28.109899 ], [ 67.391807, 28.237838 ], [ 67.348085910000066, 28.346301225000047 ], [ 67.323913574000073, 28.371276855000076 ], [ 67.323913579000077, 28.410278232000053 ], [ 67.303651340000044, 28.432881270000053 ], [ 67.26075134000007, 28.439881270000058 ], [ 67.20455134000008, 28.498381270000039 ], [ 67.160151340000084, 28.497581270000069 ], [ 67.160112, 28.510099 ], [ 67.203751340000053, 28.547581270000023 ], [ 67.232292981000057, 28.71470400100003 ], [ 67.322376, 28.703568 ], [ 67.441734, 28.760517 ], [ 67.516651340000067, 28.712181270000031 ], [ 67.535349126000028, 28.830727 ], [ 67.568151340000043, 28.853381270000057 ], [ 67.581351340000083, 28.827581270000053 ], [ 67.59947470000003, 28.826214922000077 ] ] ] } },
{ "type": "Feature", "properties": { "OBJECTID": 19, "PROVINCE": "BALOCHISTAN", "DISTRICT": "KACHHI", "Shape_Area": 0.49513567131000003 }, "geometry": { "type": "Polygon", "coordinates": [ [ [ 67.932182, 29.092936 ], [ 67.732825, 29.147051 ], [ 67.737812, 29.077475 ], [ 67.673758, 29.012317 ], [ 67.647252, 28.940532 ], [ 67.679467662000036, 28.840680735000035 ], [ 67.581351340000083, 28.827581270000053 ], [ 67.568151340000043, 28.853381270000057 ], [ 67.535349126000028, 28.830727 ], [ 67.516651340000067, 28.712181270000031 ], [ 67.441734, 28.760517 ], [ 67.322376, 28.703568 ], [ 67.232292981000057, 28.71470400100003 ], [ 67.231103, 28.809664 ], [ 67.265996, 28.857429 ], [ 67.288281, 28.851107 ], [ 67.326642, 28.897688 ], [ 67.38327, 29.063006 ], [ 67.439554, 29.126388 ], [ 67.465005, 29.219209 ], [ 67.446291, 29.3794 ], [ 67.352722, 29.449764 ], [ 67.335505, 29.520877 ], [ 67.257655, 29.499917 ], [ 67.127669755000056, 29.510583989000054 ], [ 67.126504, 29.53127 ], [ 67.192512, 29.578115 ], [ 67.206708, 29.636317 ], [ 67.279105, 29.691679 ], [ 67.195352, 29.737104 ], [ 67.154185, 29.785369 ], [ 67.119406, 29.918806 ], [ 67.126504, 29.940809 ], [ 67.191803, 29.982686 ], [ 67.218774, 29.960683 ], [ 67.249294, 29.970619 ], [ 67.289751, 29.920226 ], [ 67.318852, 29.942938 ], [ 67.342984, 29.90745 ], [ 67.373394, 29.921593 ], [ 67.415563, 29.910578 ], [ 67.460583, 29.873276 ], [ 67.49467, 29.801244 ], [ 67.501745, 29.734357 ], [ 67.528113, 29.695125 ], [ 67.559628, 29.671328 ], [ 67.673104, 29.646634 ], [ 67.698555, 29.599475 ], [ 67.78389, 29.592738 ], [ 67.814581, 29.457998 ], [ 67.86174, 29.444524 ], [ 67.883448, 29.416827 ], [ 67.890185, 29.37416 ], [ 67.874465, 29.328498 ], [ 67.935098, 29.337481 ], [ 67.979767, 29.369602 ], [ 67.967523, 29.329274 ], [ 67.975253, 29.105084 ], [ 67.969731, 29.092936 ], [ 67.932182, 29.092936 ] ] ] } },
{ "type": "Feature", "properties": { "OBJECTID": 20, "PROVINCE": "BALOCHISTAN", "DISTRICT": "KALAT", "Shape_Area": 1.2812356168200001 }, "geometry": { "type": "Polygon", "coordinates": [ [ [ 66.640039380000076, 29.554035168000041 ], [ 66.619046285000081, 29.46029913700005 ], [ 66.651695286000063, 29.44184513600004 ], [ 66.802138, 29.56463 ], [ 66.867437, 29.544046 ], [ 66.85821, 29.487974 ], [ 66.819882, 29.443259 ], [ 66.836917, 29.421966 ], [ 66.95048, 29.441839 ], [ 67.072561, 29.432612 ], [ 67.127669755000056, 29.510583989000054 ], [ 67.257655, 29.499917 ], [ 67.335505, 29.520877 ], [ 67.352722, 29.449764 ], [ 67.446291, 29.3794 ], [ 67.465005, 29.219209 ], [ 67.439554, 29.126388 ], [ 67.392403, 29.081273 ], [ 67.326642, 28.897688 ], [ 67.288281, 28.851107 ], [ 67.276407, 28.862981 ], [ 67.111089, 28.83832 ], [ 66.815162, 28.831927 ], [ 66.771321, 28.8164 ], [ 66.614223, 28.578013 ], [ 66.514667, 28.550613 ], [ 66.454386, 28.498551 ], [ 66.423332, 28.422743 ], [ 66.455299, 28.350587 ], [ 66.51647949200003, 28.286682129000042 ], [ 66.504699707000043, 28.173522949000073 ], [ 66.256286621000072, 28.052917480000076 ], [ 66.110107422000056, 27.950683594000054 ], [ 66.058105469000054, 27.935119629000042 ], [ 65.955588668000075, 27.935377092000067 ], [ 65.973079, 27.964552 ], [ 65.969937, 28.033674 ], [ 65.954228, 28.052525 ], [ 65.89139, 28.049383 ], [ 65.881964, 28.098083 ], [ 65.894532, 28.195481 ], [ 65.834836, 28.20962 ], [ 65.826981, 28.228471 ], [ 65.883417951000069, 28.357926042000031 ], [ 66.059006, 28.577337 ], [ 66.088817, 28.667478 ], [ 66.086687, 28.729938 ], [ 66.038423, 28.711484 ], [ 66.012161, 28.740584 ], [ 66.034164, 28.826467 ], [ 66.070363, 28.835694 ], [ 66.118627, 28.934352 ], [ 66.14063, 29.086953 ], [ 66.116498, 29.110376 ], [ 66.104432, 29.177804 ], [ 66.155983923000065, 29.33141411500003 ], [ 66.194565053000076, 29.383006960000046 ], [ 66.313105, 29.336083 ], [ 66.375565, 29.34531 ], [ 66.396148, 29.411319 ], [ 66.45364, 29.507138 ], [ 66.582137285000044, 29.622127137000064 ], [ 66.608399286000065, 29.627096136000034 ], [ 66.645307285000058, 29.601544137000076 ], [ 66.640039380000076, 29.554035168000041 ] ] ] } },
{ "type": "Feature", "properties": { "OBJECTID": 21, "PROVINCE": "BALOCHISTAN", "DISTRICT": "KECH", "Shape_Area": 2.1712263741600002 }, "geometry": { "type": "Polygon", "coordinates": [ [ [ 63.00634, 26.649411 ], [ 63.074841, 26.641699 ], [ 63.133029, 26.577104 ], [ 63.089497, 26.510275 ], [ 63.122606, 26.506596 ], [ 63.120766, 26.485137 ], [ 63.165524, 26.488816 ], [ 63.131802, 26.452029 ], [ 63.140999, 26.442219 ], [ 63.192501, 26.436701 ], [ 63.372144, 26.500465 ], [ 63.416288, 26.502917 ], [ 63.595931, 26.429956 ], [ 63.604515, 26.419533 ], [ 63.541364, 26.410337 ], [ 63.535233, 26.390717 ], [ 63.511934, 26.385812 ], [ 63.527262, 26.368645 ], [ 63.568954, 26.376615 ], [ 63.591026, 26.364966 ], [ 63.5898, 26.286487 ], [ 63.612485, 26.26135 ], [ 63.687899, 26.280969 ], [ 63.708745, 26.272999 ], [ 63.791515, 26.313464 ], [ 63.850374, 26.31653 ], [ 63.916591, 26.280969 ], [ 64.029404, 26.169382 ], [ 64.079066, 26.149149 ], [ 64.258096, 26.171222 ], [ 64.3611, 26.229468 ], [ 64.367844, 26.266255 ], [ 64.462528, 26.221348 ], [ 64.514973, 26.135158 ], [ 64.512128, 26.076208 ], [ 64.460088, 26.037992 ], [ 64.413334, 26.034332 ], [ 64.384469, 26.013598 ], [ 64.353571, 25.92009 ], [ 64.358856, 25.857887 ], [ 64.33243, 25.850569 ], [ 64.328364, 25.78796 ], [ 64.277138, 25.742019 ], [ 64.290171, 25.699878 ], [ 64.340233, 25.670154 ], [ 64.355877, 25.636519 ], [ 64.277656, 25.613053 ], [ 64.244803, 25.631044 ], [ 64.171528, 25.556631 ], [ 64.126245, 25.557724 ], [ 64.053178, 25.614324 ], [ 63.807223, 25.564927 ], [ 63.58185, 25.468192 ], [ 63.412048, 25.361165 ], [ 63.403815, 25.373514 ], [ 63.440863, 25.417766 ], [ 63.417193, 25.452755 ], [ 63.379117, 25.460988 ], [ 63.347215, 25.498036 ], [ 63.045688, 25.526851 ], [ 62.963359, 25.597859 ], [ 62.845013, 25.556694 ], [ 62.803849, 25.566985 ], [ 62.394266, 25.553607 ], [ 62.11538, 25.475395 ], [ 62.09171, 25.501123 ], [ 62.065983, 25.503181 ], [ 62.063925, 25.544345 ], [ 62.112292, 25.557724 ], [ 62.117438, 25.572131 ], [ 62.074216, 25.617411 ], [ 62.078332, 25.674012 ], [ 62.050157, 25.728628 ], [ 62.057703, 25.763251 ], [ 62.033289, 25.769466 ], [ 62.011538, 25.709984 ], [ 61.959603, 25.661156 ], [ 61.727285416000029, 25.718938420000029 ], [ 61.737307266000073, 25.741126 ], [ 61.800269266000043, 25.717883 ], [ 61.81071726600004, 25.73789 ], [ 61.842169266000042, 25.744835 ], [ 61.838381266000056, 25.798512 ], [ 61.853504266000073, 25.816992 ], [ 61.822749266000073, 25.849418 ], [ 61.844597266000051, 25.87807 ], [ 61.892399266000041, 25.8836 ], [ 61.858420266000053, 25.915079 ], [ 61.834016266000049, 25.910862 ], [ 61.821000266000055, 25.967444 ], [ 61.848374266000064, 26.018893 ], [ 61.83120526600004, 26.03152 ], [ 61.843720266000048, 26.037035 ], [ 61.836517266000044, 26.063776 ], [ 61.861300266000057, 26.175716 ], [ 61.899977266000064, 26.262257 ], [ 61.963772266000035, 26.261907 ], [ 62.005471266000029, 26.286039 ], [ 62.034991266000077, 26.333739 ], [ 62.088987266000061, 26.315603 ], [ 62.117768266000041, 26.278603 ], [ 62.219229649000056, 26.271461375000058 ], [ 62.228938, 26.330384 ], [ 62.249145, 26.3199 ], [ 62.27291, 26.329834 ], [ 62.251393, 26.345476 ], [ 62.279802, 26.377809 ], [ 62.258723, 26.445723 ], [ 62.279591, 26.444816 ], [ 62.31044, 26.471581 ], [ 62.300913, 26.509688 ], [ 62.322234, 26.527834 ], [ 62.397994, 26.536453 ], [ 62.444266, 26.569569 ], [ 62.601943, 26.584141 ], [ 62.662926, 26.613573 ], [ 62.72528, 26.620828 ], [ 62.776489, 26.652671 ], [ 63.00634, 26.649411 ] ] ] } },
{ "type": "Feature", "properties": { "OBJECTID": 22, "PROVINCE": "BALOCHISTAN", "DISTRICT": "KHARAN", "Shape_Area": 0.98759577218000005 }, "geometry": { "type": "Polygon", "coordinates": [ [ [ 66.117208, 29.326856 ], [ 66.156245, 29.330405 ], [ 66.102302, 29.154381 ], [ 66.14063, 29.086953 ], [ 66.14063, 29.029462 ], [ 66.118627, 28.934352 ], [ 66.070363, 28.835694 ], [ 66.034164, 28.826467 ], [ 66.012161, 28.740584 ], [ 66.038423, 28.711484 ], [ 66.086687, 28.729938 ], [ 66.088817, 28.667478 ], [ 66.059006, 28.577337 ], [ 65.970995, 28.453836 ], [ 65.924859, 28.418348 ], [ 65.882273, 28.356598 ], [ 65.640951, 28.280652 ], [ 65.458539, 28.184833 ], [ 65.277817105000054, 28.056345673000067 ], [ 65.229813155000045, 28.060284676000038 ], [ 65.061853245000066, 28.012181002000034 ], [ 65.048044495000056, 28.02145594600006 ], [ 64.981107940000072, 28.146481577000031 ], [ 64.840681331000042, 28.253120146000072 ], [ 64.73920548600006, 28.396724730000074 ], [ 64.761577898000041, 28.616506682000079 ], [ 64.745688415000075, 28.67829602300003 ], [ 64.809671326000057, 28.698435651000068 ], [ 64.931042326000068, 28.689918652000074 ], [ 65.047445326000059, 28.805611652000039 ], [ 65.171655326000064, 28.823355651000043 ], [ 65.24547132500004, 28.895752651000066 ], [ 65.470084001000032, 29.036426146000053 ], [ 65.596235, 29.03301 ], [ 65.630304, 29.06708 ], [ 65.688505, 29.089082 ], [ 65.697732, 29.1267 ], [ 65.726123, 29.140896 ], [ 65.821233, 29.146574 ], [ 65.864529, 29.130249 ], [ 65.951831, 29.166448 ], [ 66.005773, 29.194838 ], [ 66.04836, 29.25304 ], [ 66.054038, 29.297046 ], [ 66.07959, 29.333244 ], [ 66.098754, 29.34602 ], [ 66.117208, 29.326856 ] ] ] } },
{ "type": "Feature", "properties": { "OBJECTID": 23, "PROVINCE": "BALOCHISTAN", "DISTRICT": "KHUZDAR", "Shape_Area": 2.8288159351100002 }, "geometry": { "type": "Polygon", "coordinates": [ [ [ 67.265995589000056, 28.857427994000034 ], [ 67.222521, 28.790161 ], [ 67.231103, 28.690306 ], [ 67.203751340000053, 28.547581270000023 ], [ 67.160112, 28.497617 ], [ 67.20455134000008, 28.498381270000039 ], [ 67.26075134000007, 28.439881270000058 ], [ 67.313795, 28.425067 ], [ 67.323913574000073, 28.371276855000076 ], [ 67.384006, 28.263582 ], [ 67.401168, 28.109899 ], [ 67.387878418000071, 28.034301758000026 ], [ 67.397556026000075, 27.912321881000025 ], [ 67.354983, 27.757704 ], [ 67.330914, 27.719431 ], [ 67.252395, 27.659062 ], [ 67.223592, 27.568706 ], [ 67.185319, 27.540297 ], [ 67.163223, 27.367477 ], [ 67.127317, 27.309081 ], [ 67.163618, 27.065633 ], [ 67.131658, 26.923589 ], [ 67.147046, 26.766157 ], [ 67.125739, 26.738932 ], [ 67.134025, 26.671855 ], [ 67.127546794000068, 26.655088 ], [ 66.962686, 26.567273 ], [ 66.986887, 26.506079 ], [ 67.084728, 26.377122 ], [ 67.108583, 26.29553 ], [ 67.147651, 26.273403 ], [ 67.13797, 26.063891 ], [ 67.11861, 26.009957 ], [ 67.136588, 25.861639 ], [ 67.119301, 25.83813 ], [ 67.122758, 25.785233 ], [ 67.09026, 25.747894 ], [ 66.98585, 25.736831 ], [ 66.97202, 25.745128 ], [ 66.974487305000082, 25.800476074000073 ], [ 66.938476562000062, 25.926330567000036 ], [ 66.895874023000033, 26.009277344000054 ], [ 66.831298828000058, 26.256103516000053 ], [ 66.779113770000038, 26.337280274000022 ], [ 66.754699707000043, 26.468688965000069 ], [ 66.713500977000081, 26.463684082000043 ], [ 66.701293945000032, 26.443481445000032 ], [ 66.638488770000038, 26.440490723000039 ], [ 66.61108398500005, 26.408325195000032 ], [ 66.563714, 26.460097 ], [ 66.460341, 26.427944 ], [ 66.415396, 26.456639 ], [ 66.319970985000054, 26.472894130000043 ], [ 66.286926270000038, 26.498107910000044 ], [ 66.251285206000034, 26.480547502000036 ], [ 66.22075, 26.536503 ], [ 66.170715332000043, 26.570312500000057 ], [ 66.119873047000056, 26.529296875000057 ], [ 66.108703613000046, 26.427307129000042 ], [ 66.082092285000044, 26.413513184000067 ], [ 66.103271484000061, 26.270324707000043 ], [ 65.936889648000033, 26.536499023000033 ], [ 65.923522949000073, 26.580688477000024 ], [ 66.01788330100004, 26.913696289000029 ], [ 66.049316406000059, 27.093872070000032 ], [ 66.048889160000044, 27.189270020000038 ], [ 66.034729004000042, 27.192077637000068 ], [ 66.002319336000028, 27.147094727000024 ], [ 65.91687011700003, 27.133911133000026 ], [ 65.880310059000067, 27.174499512000068 ], [ 65.837280273000033, 27.290893555000025 ], [ 65.793429, 27.341015 ], [ 65.59857, 27.421704 ], [ 65.703674316000047, 27.528686523000033 ], [ 65.689880371000072, 27.58428955100004 ], [ 65.711914062000062, 27.658325195000032 ], [ 65.766723633000083, 27.710327148000033 ], [ 65.796875, 27.802673340000069 ], [ 65.888122559000067, 27.861877441000047 ], [ 65.92468261700003, 27.916687012000068 ], [ 65.956298828000058, 27.935729980000076 ], [ 66.058105469000054, 27.935119629000042 ], [ 66.128295898000033, 27.958679199000073 ], [ 66.256286621000072, 28.052917480000076 ], [ 66.504699707000043, 28.173522949000073 ], [ 66.51647949200003, 28.286682129000042 ], [ 66.455299, 28.350587 ], [ 66.423332, 28.422743 ], [ 66.454386, 28.498551 ], [ 66.514667, 28.550613 ], [ 66.614223, 28.578013 ], [ 66.771321, 28.8164 ], [ 66.815162, 28.831927 ], [ 67.111089, 28.83832 ], [ 67.265995589000056, 28.857427994000034 ] ] ] } },
{ "type": "Feature", "properties": { "OBJECTID": 24, "PROVINCE": "BALOCHISTAN", "DISTRICT": "KILLA ABDULLAH", "Shape_Area": 0.54322005315 }, "geometry": { "type": "Polygon", "coordinates": [ [ [ 67.029053, 31.309873 ], [ 67.053569, 31.280116 ], [ 67.033913, 31.234906 ], [ 67.06995, 31.225733 ], [ 67.161026, 31.238182 ], [ 67.195097, 31.21525 ], [ 67.261274, 31.203456 ], [ 67.256993, 31.135336 ], [ 67.221903, 31.095085 ], [ 67.216742, 31.014583 ], [ 67.07638, 30.939242 ], [ 67.001098633000083, 30.973327637000068 ], [ 66.965881348000039, 30.959899902000075 ], [ 66.964916, 30.935113 ], [ 66.934082031000059, 30.921691895000038 ], [ 66.889709473000039, 30.924926758000026 ], [ 66.855517898000073, 30.951625539000077 ], [ 66.82765, 30.932017 ], [ 66.844299316000047, 30.914489746000072 ], [ 66.838076286000046, 30.853698730000076 ], [ 66.769287109000061, 30.755676270000038 ], [ 66.77295, 30.733859 ], [ 66.926729, 30.464487 ], [ 66.860677, 30.461391 ], [ 66.830746, 30.39121 ], [ 66.813201, 30.382954 ], [ 66.801848, 30.32619 ], [ 66.690384, 30.178603 ], [ 66.648069, 30.168282 ], [ 66.588209, 30.205437 ], [ 66.526285, 30.218854 ], [ 66.499451, 30.160026 ], [ 66.42927, 30.156929 ], [ 66.35496, 30.179635 ], [ 66.241096, 30.065993 ], [ 66.322832, 30.241232 ], [ 66.337413, 30.378533 ], [ 66.356415, 30.416536 ], [ 66.342073, 30.483688 ], [ 66.302032, 30.50368 ], [ 66.285651, 30.56396 ], [ 66.397439, 30.945103 ], [ 66.552326, 30.968232 ], [ 66.622008, 31.015367 ], [ 66.685991, 31.076343 ], [ 66.730935, 31.208643 ], [ 66.795364, 31.211708 ], [ 66.841388, 31.26335 ], [ 66.918602, 31.298628 ], [ 67.029053, 31.309873 ] ] ] } },
{ "type": "Feature", "properties": { "OBJECTID": 25, "PROVINCE": "BALOCHISTAN", "DISTRICT": "KILLA SAIFULLAH", "Shape_Area": 1.1715293555599999 }, "geometry": { "type": "Polygon", "coordinates": [ [ [ 67.970836242000075, 31.517586810000068 ], [ 68.022123, 31.492982 ], [ 68.176884, 31.359375 ], [ 68.244801, 31.320406 ], [ 68.363934, 31.284778 ], [ 68.401789, 31.281438 ], [ 68.582159, 31.353808 ], [ 68.654529, 31.327087 ], [ 68.655643, 31.246922 ], [ 68.684591, 31.2035 ], [ 68.670117, 31.172325 ], [ 68.704632, 31.097728 ], [ 68.743601, 31.097728 ], [ 68.800384, 31.146717 ], [ 68.905042, 31.140037 ], [ 68.938444, 31.109975 ], [ 68.994114, 31.14115 ], [ 69.009701, 31.116656 ], [ 69.040876, 31.136697 ], [ 69.103226, 31.142264 ], [ 69.163349, 31.099955 ], [ 69.216792, 31.087707 ], [ 69.278029, 31.023131 ], [ 69.317025934000071, 31.025860420000072 ], [ 69.361533, 31.059873 ], [ 69.379347, 31.059873 ], [ 69.380461, 31.038718 ], [ 69.348172, 30.995296 ], [ 69.30809, 30.985275 ], [ 69.254647, 30.836081 ], [ 69.152215, 30.803793 ], [ 69.05868999900008, 30.752577 ], [ 69.084298, 30.690227 ], [ 69.139968, 30.696907 ], [ 69.158074, 30.66471 ], [ 69.105438, 30.653357 ], [ 69.042482, 30.598657 ], [ 68.795816, 30.50577 ], [ 68.764854, 30.506802 ], [ 68.749372, 30.540861001000053 ], [ 68.695705, 30.568727 ], [ 68.501675, 30.554278 ], [ 68.468648, 30.535701 ], [ 68.364409, 30.584208 ], [ 68.262233, 30.544989 ], [ 68.226111, 30.547053 ], [ 68.184828, 30.557374 ], [ 68.146641, 30.608978 ], [ 68.014536, 30.603817 ], [ 67.99183, 30.584208001000036 ], [ 67.960868, 30.596593 ], [ 67.938162, 30.657485 ], [ 67.807089, 30.611042 ], [ 67.693916, 30.616518 ], [ 67.667759, 30.680191 ], [ 67.511915, 30.66471 ], [ 67.483017, 30.671934 ], [ 67.4696, 30.708057 ], [ 67.431414, 30.701865 ], [ 67.484049, 30.788559 ], [ 67.471665, 30.817457 ], [ 67.441734, 30.824681 ], [ 67.470633, 30.866996 ], [ 67.589321, 30.900023 ], [ 67.620283, 30.92376 ], [ 67.7431, 31.023872 ], [ 67.764774, 31.055866005000041 ], [ 67.754453, 31.073411006000072 ], [ 67.806057, 31.099213003000045 ], [ 67.823602, 31.143592 ], [ 67.590353, 31.153911727000036 ], [ 67.553198, 31.206549 ], [ 67.477857, 31.202421 ], [ 67.457216, 31.220998 ], [ 67.45144, 31.233617 ], [ 67.616058, 31.270988 ], [ 67.786761, 31.339742 ], [ 67.786106, 31.373813 ], [ 67.763326, 31.405462 ], [ 67.641957, 31.391504 ], [ 67.608905, 31.415693 ], [ 67.601334, 31.457026 ], [ 67.554813, 31.528445 ], [ 67.719867, 31.51591 ], [ 67.821625, 31.594651 ], [ 67.868475, 31.557559 ], [ 67.970836242000075, 31.517586810000068 ] ] ] } },
{ "type": "Feature", "properties": { "OBJECTID": 26, "PROVINCE": "BALOCHISTAN", "DISTRICT": "KOHLU", "Shape_Area": 0.71608224155 }, "geometry": { "type": "Polygon", "coordinates": [ [ [ 69.494339, 30.045614 ], [ 69.474128, 30.013426001000028 ], [ 69.479368, 29.991718 ], [ 69.407507, 29.928091001000041 ], [ 69.391787, 29.889166 ], [ 69.282498, 29.860721 ], [ 69.181443, 29.805328 ], [ 69.152998, 29.770894 ], [ 69.066914, 29.733466 ], [ 69.103593, 29.677325 ], [ 69.251807, 29.611452001000032 ], [ 69.412747, 29.654868 ], [ 69.494247279000035, 29.698393385000031 ], [ 69.596892, 29.703524 ], [ 69.651364, 29.684582 ], [ 69.631967732000078, 29.665683450000074 ], [ 69.551978, 29.675828 ], [ 69.459906, 29.613698 ], [ 69.429215, 29.548573 ], [ 69.446432, 29.527614 ], [ 69.503322, 29.51414 ], [ 69.493591, 29.470723 ], [ 69.445683, 29.429553 ], [ 69.369331, 29.399611 ], [ 69.32816, 29.359937 ], [ 69.251059, 29.337481 ], [ 69.204648, 29.268613 ], [ 69.141021, 29.248402 ], [ 69.00179, 29.260379 ], [ 68.917952, 29.224449 ], [ 68.646975, 29.267116 ], [ 68.444865, 29.222952 ], [ 68.323599, 29.273853 ], [ 68.179665, 29.371734 ], [ 68.1528, 29.408722 ], [ 68.102353, 29.422034 ], [ 68.197641, 29.588088 ], [ 68.230572, 29.591592 ], [ 68.262802, 29.628025 ], [ 68.436563, 29.624522 ], [ 68.468092, 29.662357 ], [ 68.566884, 29.717709 ], [ 68.574591, 29.825609 ], [ 68.413441, 29.897776 ], [ 68.400129, 29.933509 ], [ 68.413423621000049, 30.011043438000058 ], [ 68.519786365000073, 29.930161817000055 ], [ 68.564502, 29.910999 ], [ 68.63264, 29.913128 ], [ 68.769626, 29.927323 ], [ 68.864736, 29.994752 ], [ 68.939965525000048, 30.02173939000005 ], [ 68.985397, 29.986234 ], [ 69.047147, 29.974878 ], [ 69.186977114000058, 30.004672773000038 ], [ 69.339583824000044, 30.008204738000074 ], [ 69.396366349000061, 30.03659420300005 ], [ 69.412129547000063, 30.065298816000052 ], [ 69.41649, 30.04786 ], [ 69.453919781000081, 30.044117 ], [ 69.466645781000068, 30.068071 ], [ 69.48984839700006, 30.070315867000033 ], [ 69.503322, 30.065825 ], [ 69.494339, 30.045614 ] ] ] } },
{ "type": "Feature", "properties": { "OBJECTID": 27, "PROVINCE": "BALOCHISTAN", "DISTRICT": "LASBELA", "Shape_Area": 1.2704903172699999 }, "geometry": { "type": "Polygon", "coordinates": [ [ [ 67.416959893000069, 26.096498904000043 ], [ 67.430345, 26.076848 ], [ 67.399174, 25.882721 ], [ 67.415746, 25.842081 ], [ 67.409827, 25.804202 ], [ 67.349853, 25.73318 ], [ 67.296587, 25.585217 ], [ 67.263838, 25.57417 ], [ 67.248490910000044, 25.526449960000036 ], [ 67.162039, 25.452643 ], [ 67.165590910000049, 25.400549960000035 ], [ 67.143889, 25.361892 ], [ 67.140733, 25.310599 ], [ 67.087890625000057, 25.240478516000053 ], [ 67.029466787000047, 25.193809155000054 ], [ 67.009390910000036, 25.159849960000031 ], [ 67.006208317000073, 25.088903810000033 ], [ 66.91504, 25.010728 ], [ 66.79115911100007, 24.967329784000071 ], [ 66.691210622000028, 24.897204055000032 ], [ 66.677437, 24.935993 ], [ 66.701101, 24.952549 ], [ 66.712081, 25.017375 ], [ 66.701823, 25.086858 ], [ 66.735218, 25.124379 ], [ 66.747979, 25.175984 ], [ 66.662416, 25.276621 ], [ 66.551845, 25.355373 ], [ 66.555274963000045, 25.392181396000069 ], [ 66.579401451000081, 25.372844408000049 ], [ 66.578277588000049, 25.411457062000068 ], [ 66.594200134000062, 25.425022125000055 ], [ 66.560005188000048, 25.452957153000057 ], [ 66.557609558000081, 25.538118362000034 ], [ 66.528862, 25.542228699000077 ], [ 66.515884399000072, 25.563455582000074 ], [ 66.542953491000048, 25.614450455000053 ], [ 66.539245605000076, 25.644187927000075 ], [ 66.502792358000079, 25.577363968000043 ], [ 66.479949951000037, 25.587755203000029 ], [ 66.467216492000034, 25.569911957000045 ], [ 66.455169678000061, 25.619382858000051 ], [ 66.445404053000061, 25.597265244000027 ], [ 66.399085999000079, 25.583518982000044 ], [ 66.367561340000066, 25.615905762000068 ], [ 66.310478210000042, 25.610057831000063 ], [ 66.296890259000065, 25.623928070000034 ], [ 66.232208252000078, 25.590358734000063 ], [ 66.190063477000081, 25.599283218000039 ], [ 66.133659363000049, 25.544273376000035 ], [ 66.132751465000069, 25.507869720000031 ], [ 66.091850281000063, 25.479614258000026 ], [ 66.195625305000078, 25.488958359000037 ], [ 66.284820557000046, 25.542142868000042 ], [ 66.314048767000031, 25.53768539400005 ], [ 66.308784485000047, 25.546459198000036 ], [ 66.334930420000035, 25.553155899000046 ], [ 66.357963562000066, 25.524826050000058 ], [ 66.397254944000053, 25.521589279000068 ], [ 66.394294739000031, 25.506635666000022 ], [ 66.426528931000064, 25.482631683000022 ], [ 66.475189209000064, 25.499595642000031 ], [ 66.517433167000036, 25.492052078000029 ], [ 66.49284362800006, 25.447839737000038 ], [ 66.528404236000029, 25.41579437300004 ], [ 66.511150986000075, 25.398511324000026 ], [ 66.387072, 25.45228 ], [ 66.2853, 25.468525 ], [ 65.995471, 25.418907 ], [ 65.818354, 25.416475 ], [ 65.770027, 25.382947 ], [ 65.63405, 25.353499 ], [ 65.457399, 25.389965 ], [ 65.415139, 25.375963 ], [ 65.267336038000053, 25.37866303800007 ], [ 65.245716, 25.370606 ], [ 65.240799043000038, 25.350092335000056 ], [ 65.207638038000027, 25.383802039000045 ], [ 65.206138, 25.564556 ], [ 65.256199, 25.561427 ], [ 65.305479, 25.612271 ], [ 65.34146, 25.588805 ], [ 65.359451, 25.624004 ], [ 65.438454, 25.641213 ], [ 65.532319, 25.688927 ], [ 65.534729004000042, 25.639709473000039 ], [ 65.504126285000041, 25.620048638000071 ], [ 65.516675, 25.570814 ], [ 65.545617, 25.54813 ], [ 65.540108381000039, 25.470654758000023 ], [ 65.498684, 25.439403 ], [ 65.522933, 25.428452 ], [ 65.739605, 25.518406 ], [ 65.816261, 25.488682 ], [ 65.905433, 25.498851 ], [ 65.932112710000069, 25.476951823000036 ], [ 65.97505, 25.4879 ], [ 66.046231, 25.455829 ], [ 66.076737, 25.478513 ], [ 66.183899, 25.670154 ], [ 66.259774, 25.846934 ], [ 66.202672, 26.162164 ], [ 66.161215, 26.272455 ], [ 66.166687011000079, 26.336730957000043 ], [ 66.217534, 26.368667 ], [ 66.236312202000079, 26.468008 ], [ 66.278492202000052, 26.495707 ], [ 66.319970985000054, 26.472894130000043 ], [ 66.415396, 26.456639 ], [ 66.460341, 26.427944 ], [ 66.563714, 26.460097 ], [ 66.61108398500005, 26.408325195000032 ], [ 66.638488770000038, 26.440490723000039 ], [ 66.701293945000032, 26.443481445000032 ], [ 66.713500977000081, 26.463684082000043 ], [ 66.754699707000043, 26.468688965000069 ], [ 66.779113770000038, 26.337280274000022 ], [ 66.831298828000058, 26.256103516000053 ], [ 66.895874023000033, 26.009277344000054 ], [ 66.938476562000062, 25.926330567000036 ], [ 66.974487305000082, 25.800476074000073 ], [ 66.97202, 25.745128 ], [ 66.98585, 25.736831 ], [ 67.09026, 25.747894 ], [ 67.122758, 25.785233 ], [ 67.119301, 25.83813 ], [ 67.136588, 25.861639 ], [ 67.11861, 26.009957 ], [ 67.13797, 26.063891 ], [ 67.147651, 26.273403 ], [ 67.108583, 26.29553 ], [ 67.084728, 26.377122 ], [ 66.986887, 26.506079 ], [ 66.962686, 26.567273 ], [ 66.974121094000054, 26.583312988000046 ], [ 67.127546794000068, 26.655088 ], [ 67.177427, 26.477334 ], [ 67.255157, 26.370801 ], [ 67.359323, 26.154578 ], [ 67.416959893000069, 26.096498904000043 ] ] ] } },
{ "type": "Feature", "properties": { "OBJECTID": 28, "PROVINCE": "BALOCHISTAN", "DISTRICT": "LORALAI", "Shape_Area": 0.76364836509 }, "geometry": { "type": "MultiPolygon", "coordinates": [ [ [ [ 69.619193296000049, 30.150618622000025 ], [ 69.619226609000066, 30.150595998000028 ], [ 69.619226559000083, 30.150595946000067 ], [ 69.619193296000049, 30.150618622000025 ] ] ], [ [ [ 69.619193296000049, 30.150618622000025 ], [ 69.589413, 30.137416 ], [ 69.563151, 30.148772 ], [ 69.589413, 30.233234999000047 ], [ 69.458031073000029, 30.116033234000042 ], [ 69.396366349000061, 30.03659420300005 ], [ 69.339583824000044, 30.008204738000074 ], [ 69.186977114000058, 30.004672773000038 ], [ 69.047147, 29.974878 ], [ 68.985397, 29.986234 ], [ 68.939965525000048, 30.02173939000005 ], [ 68.864736, 29.994752 ], [ 68.769626, 29.927323 ], [ 68.564502, 29.910999 ], [ 68.470102, 29.959263 ], [ 68.394129974000066, 30.028191708000065 ], [ 68.380641689000072, 30.058008560000076 ], [ 68.226610016000052, 30.137535498000034 ], [ 68.211813459000041, 30.171280205000073 ], [ 68.266939319000073, 30.175813623000067 ], [ 68.318764234000071, 30.160493906000056 ], [ 68.460098255000048, 30.185214935000033 ], [ 68.544897622000065, 30.234679898000024 ], [ 68.548429297000041, 30.259416879000071 ], [ 68.573163118000082, 30.26176943400003 ], [ 68.57673, 30.278157 ], [ 68.563775, 30.293468 ], [ 68.498998, 30.305245 ], [ 68.484865, 30.342933 ], [ 68.521376, 30.368844 ], [ 68.509598, 30.387688 ], [ 68.342357, 30.375911 ], [ 68.317624, 30.391221 ], [ 68.316446, 30.437154 ], [ 68.301135, 30.451287 ], [ 68.238714, 30.461887 ], [ 68.23047, 30.511353 ], [ 68.211626, 30.530197 ], [ 68.026718, 30.536086 ], [ 67.985496, 30.513708 ], [ 67.960763, 30.474842 ], [ 67.923075, 30.492509 ], [ 67.784830900000031, 30.49926696700004 ], [ 67.780255, 30.518155 ], [ 67.701817, 30.583176 ], [ 67.691496, 30.616202 ], [ 67.807089, 30.611042 ], [ 67.938162, 30.657485 ], [ 67.960868, 30.596593 ], [ 67.99183, 30.584208001000036 ], [ 68.014536, 30.603817 ], [ 68.146641, 30.608978 ], [ 68.184828, 30.557374 ], [ 68.226111, 30.547053 ], [ 68.262233, 30.544989 ], [ 68.364409, 30.584208 ], [ 68.468648, 30.535701 ], [ 68.501675, 30.554278 ], [ 68.695705, 30.568727 ], [ 68.749372, 30.540861001000053 ], [ 68.764854, 30.506802 ], [ 68.795816, 30.50577 ], [ 69.042482, 30.598657 ], [ 69.105438, 30.653357 ], [ 69.158074, 30.66471 ], [ 69.154655, 30.684077 ], [ 69.193411, 30.683546 ], [ 69.212338, 30.676866 ], [ 69.229039, 30.62231 ], [ 69.344832, 30.611176 ], [ 69.371553, 30.572207 ], [ 69.562072754000042, 30.446472168000071 ], [ 69.652099609000061, 30.409729004000042 ], [ 69.649902724000071, 30.379590909000058 ], [ 69.744352454000079, 30.356854241000065 ], [ 69.619193296000049, 30.150618622000025 ] ] ] ] } },
{ "type": "Feature", "properties": { "OBJECTID": 29, "PROVINCE": "BALOCHISTAN", "DISTRICT": "MASTUNG", "Shape_Area": 0.53207357892999996 }, "geometry": { "type": "Polygon", "coordinates": [ [ [ 67.281944, 30.230396 ], [ 67.301817, 30.177163 ], [ 67.406732655000042, 30.183141070000033 ], [ 67.438094, 30.066439 ], [ 67.396217, 30.043016 ], [ 67.412542, 30.033789 ], [ 67.407573, 30.015335 ], [ 67.35505, 29.995461 ], [ 67.374924, 29.917387 ], [ 67.359309, 29.910289 ], [ 67.334467, 29.913128 ], [ 67.318852, 29.942938 ], [ 67.289751, 29.920226 ], [ 67.249294, 29.970619 ], [ 67.218774, 29.960683 ], [ 67.191803, 29.982686 ], [ 67.126504, 29.940809 ], [ 67.119406, 29.918806 ], [ 67.154185, 29.785369 ], [ 67.195352, 29.737104 ], [ 67.279105, 29.691679 ], [ 67.206708, 29.636317 ], [ 67.192512, 29.578115 ], [ 67.126504, 29.53127 ], [ 67.127923, 29.505009 ], [ 67.078239, 29.456744 ], [ 67.072561, 29.432612 ], [ 66.817043, 29.431193 ], [ 66.871695, 29.527722 ], [ 66.85892, 29.549725 ], [ 66.802138, 29.56463 ], [ 66.668730286000027, 29.446104136000031 ], [ 66.630402285000059, 29.446814137000047 ], [ 66.619017, 29.492943 ], [ 66.645307285000058, 29.601544137000076 ], [ 66.608399286000065, 29.627096136000034 ], [ 66.549488286000042, 29.601544137000076 ], [ 66.45364, 29.507138 ], [ 66.396148, 29.411319 ], [ 66.375565, 29.34531 ], [ 66.313105, 29.336083 ], [ 66.194565053000076, 29.383006960000046 ], [ 66.223674, 29.412739 ], [ 66.313105, 29.617153 ], [ 66.280455, 29.743492 ], [ 66.282585, 29.784659 ], [ 66.308136, 29.827955 ], [ 66.287722896000048, 29.857558651000033 ], [ 66.435895008000045, 29.851377997000043 ], [ 66.480611011000065, 29.812340001000052 ], [ 66.528876008000054, 29.808791003000067 ], [ 66.549459008000042, 29.825825997000038 ], [ 66.57785, 29.921645 ], [ 66.611919, 29.960683 ], [ 66.694252, 30.148772 ], [ 66.729031, 30.148062 ], [ 66.746776, 30.126769 ], [ 66.799299, 30.111154 ], [ 66.797879, 30.087732 ], [ 66.837625990000049, 30.063600003000033 ], [ 66.810654992000082, 30.026690998000049 ], [ 66.831238, 30.020303 ], [ 66.897247, 30.053663 ], [ 67.018618, 30.043726 ], [ 67.035653, 30.103347 ], [ 67.050558, 30.105476 ], [ 67.037782, 30.135996 ], [ 67.047009, 30.150192 ], [ 67.148507, 30.180712 ], [ 67.221334120000051, 30.231259797000064 ], [ 67.252843, 30.226847 ], [ 67.274136, 30.253109 ], [ 67.281944, 30.230396 ] ] ] } },
{ "type": "Feature", "properties": { "OBJECTID": 30, "PROVINCE": "BALOCHISTAN", "DISTRICT": "MUSA KHEL", "Shape_Area": 0.56393854242999997 }, "geometry": { "type": "Polygon", "coordinates": [ [ [ 70.272888184000067, 31.445678711000028 ], [ 70.273313217000066, 31.24112128400003 ], [ 70.26007080100004, 31.221923828000058 ], [ 70.295712595000055, 31.150022123000042 ], [ 70.253479004000042, 30.876708984000061 ], [ 70.273071289000029, 30.860717773000033 ], [ 70.269356003000041, 30.84047898700004 ], [ 70.22952, 30.838027 ], [ 70.218471424000029, 30.783879697000032 ], [ 70.168273719000069, 30.774291220000066 ], [ 70.154724121000072, 30.73327636700003 ], [ 70.103270902000077, 30.725882868000042 ], [ 70.088684082000043, 30.689086914000029 ], [ 70.088073730000076, 30.587280273000033 ], [ 70.004699707000043, 30.453125 ], [ 69.998261136000053, 30.383475148000059 ], [ 69.964935882000077, 30.322013466000044 ], [ 69.892897151000057, 30.329505254000026 ], [ 69.821453011000074, 30.28949891600007 ], [ 69.783508, 30.292746 ], [ 69.764701229000082, 30.342826528000046 ], [ 69.721109206000051, 30.369675234000056 ], [ 69.706726074000073, 30.35968017600004 ], [ 69.649969010000063, 30.379770865000069 ], [ 69.651106299000048, 30.409786789000066 ], [ 69.562072754000042, 30.446472168000071 ], [ 69.536315918000071, 30.474304199000073 ], [ 69.562057, 30.491403 ], [ 69.539612, 30.499999 ], [ 69.52889005600008, 30.537758634000056 ], [ 69.492239261000066, 30.530152790000045 ], [ 69.466068, 30.559216 ], [ 69.472329823000052, 30.596074471000065 ], [ 69.53210449200003, 30.651916504000042 ], [ 69.538817958000038, 30.751169574000073 ], [ 69.622228, 30.824258 ], [ 69.720604, 30.985193 ], [ 69.732082924000053, 31.032430066000074 ], [ 69.704421669000055, 31.059601728000075 ], [ 69.72491455100004, 31.097900391000053 ], [ 69.699252883000042, 31.107474682000031 ], [ 69.697691669000051, 31.181041906000075 ], [ 69.715829, 31.219672 ], [ 69.701074297000048, 31.248846513000046 ], [ 69.729675293000071, 31.303283691000047 ], [ 69.753112793000071, 31.312927246000072 ], [ 69.767764457000055, 31.289002199000038 ], [ 69.853881836000028, 31.318115234000061 ], [ 69.949881284000071, 31.27752855600005 ], [ 69.983367628000053, 31.317348375000051 ], [ 70.050720215000069, 31.333312988000046 ], [ 70.048788469000044, 31.378789280000035 ], [ 70.07188345600008, 31.38452204500004 ], [ 70.103698730000076, 31.449279785000044 ], [ 70.116891662000057, 31.425295392000066 ], [ 70.153686523000033, 31.431884766000053 ], [ 70.255911344000083, 31.505304891000037 ], [ 70.272888184000067, 31.445678711000028 ] ] ] } },
{ "type": "Feature", "properties": { "OBJECTID": 31, "PROVINCE": "BALOCHISTAN", "DISTRICT": "NASIRABAD", "Shape_Area": 0.29797656053 }, "geometry": { "type": "Polygon", "coordinates": [ [ [ 68.41135113100006, 28.980716801000028 ], [ 68.446179001000075, 28.675500001000046 ], [ 68.379372999000054, 28.643012 ], [ 68.386543, 28.476512 ], [ 68.374593, 28.442256 ], [ 68.148345, 28.430306 ], [ 68.075849, 28.388881 ], [ 68.071866, 28.347455 ], [ 67.981845, 28.25823 ], [ 67.801005, 28.206449 ], [ 67.738070176000065, 28.423138587000039 ], [ 67.753251340000077, 28.497181270000056 ], [ 67.786651340000049, 28.546581270000047 ], [ 67.778699, 28.615129 ], [ 67.86872, 28.613536 ], [ 67.88784, 28.648589 ], [ 67.86394, 28.658149 ], [ 67.867127, 28.677268 ], [ 67.952369, 28.784019 ], [ 67.964318, 28.787206 ], [ 67.963522001000058, 28.706744 ], [ 67.977861, 28.701964 ], [ 68.03283, 28.735424 ], [ 68.023271, 28.784019 ], [ 68.07107, 28.786409 ], [ 68.231196, 28.853328 ], [ 68.255096, 28.932993 ], [ 68.22323, 28.952909 ], [ 68.259876, 28.988759 ], [ 68.317235, 29.004692 ], [ 68.380967, 29.052491 ], [ 68.41135113100006, 28.980716801000028 ] ] ] } },
{ "type": "Feature", "properties": { "OBJECTID": 32, "PROVINCE": "BALOCHISTAN", "DISTRICT": "NUSHKI", "Shape_Area": 0.54181480083 }, "geometry": { "type": "Polygon", "coordinates": [ [ [ 66.287722896000048, 29.857558651000033 ], [ 66.308136, 29.827955 ], [ 66.282585, 29.784659 ], [ 66.280455, 29.743492 ], [ 66.313105, 29.617153 ], [ 66.223674, 29.412739 ], [ 66.174699, 29.343891 ], [ 66.135662, 29.322597 ], [ 66.098754, 29.34602 ], [ 66.07959, 29.333244 ], [ 66.054038, 29.297046 ], [ 66.04836, 29.25304 ], [ 66.005773, 29.194838 ], [ 65.864529, 29.130249 ], [ 65.821233, 29.146574 ], [ 65.726123, 29.140896 ], [ 65.697732, 29.1267 ], [ 65.688505, 29.089082 ], [ 65.630304, 29.06708 ], [ 65.596235, 29.03301 ], [ 65.470084001000032, 29.036426146000053 ], [ 65.464537326000084, 29.071158651000076 ], [ 65.266567326000029, 29.416766652000035 ], [ 65.131591325000045, 29.552505651000047 ], [ 66.156713, 29.820992 ], [ 66.265517, 29.86419 ], [ 66.287722896000048, 29.857558651000033 ] ] ] } },
{ "type": "Feature", "properties": { "OBJECTID": 33, "PROVINCE": "BALOCHISTAN", "DISTRICT": "PANJGUR", "Shape_Area": 1.5947176083000001 }, "geometry": { "type": "Polygon", "coordinates": [ [ [ 64.440936, 27.263226 ], [ 64.500055, 27.16815 ], [ 64.491758, 27.113871 ], [ 64.672229, 27.005312 ], [ 64.724088, 27.012227 ], [ 65.014501, 27.183017 ], [ 65.051839, 27.150518 ], [ 65.094364, 27.023636 ], [ 65.183562, 27.017758 ], [ 65.216407, 26.981111 ], [ 65.223667, 26.937549 ], [ 65.268612, 26.891567 ], [ 65.335808557000064, 26.895826443000033 ], [ 65.291089, 26.789714 ], [ 65.134158, 26.633596 ], [ 64.925188, 26.462436 ], [ 64.915025, 26.439262 ], [ 64.933726, 26.37462 ], [ 64.888598, 26.363236 ], [ 64.462934, 26.370554 ], [ 64.422279, 26.331118 ], [ 64.447933, 26.230105 ], [ 64.367844, 26.266255 ], [ 64.3611, 26.229468 ], [ 64.258096, 26.171222 ], [ 64.079066, 26.149149 ], [ 64.029404, 26.169382 ], [ 63.916591, 26.280969 ], [ 63.850374, 26.31653 ], [ 63.791515, 26.313464 ], [ 63.708745, 26.272999 ], [ 63.595318, 26.26932 ], [ 63.591026, 26.364966 ], [ 63.568954, 26.376615 ], [ 63.527262, 26.368645 ], [ 63.511934, 26.385812 ], [ 63.535233, 26.390717 ], [ 63.541364, 26.410337 ], [ 63.604515, 26.419533 ], [ 63.43039, 26.499852 ], [ 63.372144, 26.500465 ], [ 63.174721, 26.436701 ], [ 63.131802, 26.452029 ], [ 63.165524, 26.488816 ], [ 63.120766, 26.485137 ], [ 63.122606, 26.506596 ], [ 63.089497, 26.510275 ], [ 63.133029, 26.577104 ], [ 63.074841, 26.641699 ], [ 63.170561, 26.645328 ], [ 63.202317, 26.742863 ], [ 63.196706, 26.845791 ], [ 63.278077, 26.862172 ], [ 63.256755, 26.927498 ], [ 63.255394, 27.063138 ], [ 63.261895, 27.086841 ], [ 63.317544, 27.133908 ], [ 63.293047, 27.183355 ], [ 63.250858, 27.206945 ], [ 63.426065, 27.194908 ], [ 63.548173, 27.209679 ], [ 63.587562, 27.220511 ], [ 63.602333, 27.241191 ], [ 63.733304, 27.236267 ], [ 63.822915, 27.259901 ], [ 63.895786, 27.188015 ], [ 63.907603, 27.143702 ], [ 63.961763, 27.108251 ], [ 63.997214, 27.085602 ], [ 64.100612, 27.079694 ], [ 64.103566, 27.03735 ], [ 64.075993, 26.985158 ], [ 64.121291, 27.038334 ], [ 64.114398, 27.113175 ], [ 64.205979, 27.134839 ], [ 64.237491, 27.173244 ], [ 64.255216, 27.164381 ], [ 64.408091, 27.299182 ], [ 64.440936, 27.263226 ] ] ] } },
{ "type": "Feature", "properties": { "OBJECTID": 34, "PROVINCE": "BALOCHISTAN", "DISTRICT": "PISHIN", "Shape_Area": 0.46457163745000002 }, "geometry": { "type": "Polygon", "coordinates": [ [ [ 67.457216, 31.220998 ], [ 67.477857, 31.202421 ], [ 67.553198, 31.206549 ], [ 67.590353, 31.153911727000036 ], [ 67.823602, 31.143592 ], [ 67.806057, 31.099213003000045 ], [ 67.754453, 31.073411006000072 ], [ 67.764774, 31.055866005000041 ], [ 67.7431, 31.023872 ], [ 67.589321, 30.900023 ], [ 67.470633, 30.866996 ], [ 67.441734, 30.824681 ], [ 67.487146, 30.80404 ], [ 67.461344, 30.733859 ], [ 67.431414, 30.701865 ], [ 67.4696, 30.708057 ], [ 67.483017, 30.671934 ], [ 67.511915, 30.66471 ], [ 67.667759, 30.680191 ], [ 67.699236866000035, 30.591433 ], [ 67.563519, 30.572855 ], [ 67.555263, 30.541893 ], [ 67.510883, 30.516091 ], [ 67.457216, 30.578016 ], [ 67.392195, 30.592465 ], [ 67.284859, 30.535701 ], [ 67.217246027000044, 30.437880989000064 ], [ 67.186572, 30.452665 ], [ 67.12367, 30.43556 ], [ 67.05525, 30.371554 ], [ 66.974139, 30.383141 ], [ 66.77295, 30.733859 ], [ 66.769287109000061, 30.755676270000038 ], [ 66.838076286000046, 30.853698730000076 ], [ 66.844299316000047, 30.914489746000072 ], [ 66.82765, 30.932017 ], [ 66.855517898000073, 30.951625539000077 ], [ 66.889709473000039, 30.924926758000026 ], [ 66.934082031000059, 30.921691895000038 ], [ 66.964916, 30.935113 ], [ 66.965881348000039, 30.959899902000075 ], [ 67.001098633000083, 30.973327637000068 ], [ 67.07638, 30.939242 ], [ 67.216742, 31.014583 ], [ 67.209518, 31.056898 ], [ 67.231191, 31.118823 ], [ 67.256993, 31.135336 ], [ 67.261274, 31.203456 ], [ 67.40437, 31.213725 ], [ 67.45144, 31.233617 ], [ 67.457216, 31.220998 ] ] ] } },
{ "type": "Feature", "properties": { "OBJECTID": 35, "PROVINCE": "BALOCHISTAN", "DISTRICT": "QUETTA", "Shape_Area": 0.25664098184 }, "geometry": { "type": "Polygon", "coordinates": [ [ [ 66.932756, 30.456527 ], [ 66.974139, 30.383141 ], [ 67.040352, 30.371002 ], [ 67.12367, 30.43556 ], [ 67.186572, 30.452665 ], [ 67.217246027000044, 30.437880989000064 ], [ 67.189908, 30.396371 ], [ 67.194037, 30.369537 ], [ 67.241512, 30.327222 ], [ 67.28711198700006, 30.329932860000042 ], [ 67.292632655000034, 30.296441070000071 ], [ 67.148507, 30.180712 ], [ 67.047009, 30.150192 ], [ 67.037782, 30.135996 ], [ 67.050558, 30.105476 ], [ 67.035653, 30.103347 ], [ 67.018618, 30.043726 ], [ 66.897247, 30.053663 ], [ 66.831238, 30.020303 ], [ 66.810654992000082, 30.026690998000049 ], [ 66.837625990000049, 30.063600003000033 ], [ 66.797879, 30.087732 ], [ 66.799299, 30.111154 ], [ 66.746776, 30.126769 ], [ 66.729031, 30.148062 ], [ 66.694252, 30.148772 ], [ 66.611919, 29.960683 ], [ 66.57785, 29.921645 ], [ 66.549459008000042, 29.825825997000038 ], [ 66.528876008000054, 29.808791003000067 ], [ 66.480611011000065, 29.812340001000052 ], [ 66.435895008000045, 29.851377997000043 ], [ 66.265517, 29.86419 ], [ 66.368909, 29.961625 ], [ 66.243062, 30.055509 ], [ 66.308517, 30.139384 ], [ 66.35496, 30.179635 ], [ 66.42927, 30.156929 ], [ 66.510803, 30.164154 ], [ 66.526285, 30.218854 ], [ 66.588209, 30.205437 ], [ 66.648069, 30.168282 ], [ 66.690384, 30.178603 ], [ 66.801848, 30.32619 ], [ 66.813201, 30.382954 ], [ 66.830746, 30.39121 ], [ 66.860677, 30.461391 ], [ 66.910216, 30.468616 ], [ 66.932756, 30.456527 ] ] ] } },
{ "type": "Feature", "properties": { "OBJECTID": 36, "PROVINCE": "BALOCHISTAN", "DISTRICT": "SHEERANI", "Shape_Area": 0.28032947489 }, "geometry": { "type": "Polygon", "coordinates": [ [ [ 69.850951, 31.920486 ], [ 69.853959, 31.884384 ], [ 69.881036, 31.880172 ], [ 69.938799, 31.931317 ], [ 69.962866, 31.931918 ], [ 69.956849, 31.872952 ], [ 69.938799, 31.850689 ], [ 69.941205, 31.798943 ], [ 69.957451, 31.782697 ], [ 69.944816, 31.540213 ], [ 69.970689, 31.509526 ], [ 70.011002, 31.51073 ], [ 70.056160439000053, 31.38503251800006 ], [ 70.050720215000069, 31.333312988000046 ], [ 69.983367628000053, 31.317348375000051 ], [ 69.949881284000071, 31.27752855600005 ], [ 69.853881836000028, 31.318115234000061 ], [ 69.767764457000055, 31.289002199000038 ], [ 69.734951865000028, 31.320313924000061 ], [ 69.584333, 31.339962 ], [ 69.565209, 31.352434 ], [ 69.535276, 31.479648 ], [ 69.581007, 31.704143 ], [ 69.622558361000074, 31.797895145000041 ], [ 69.605119, 31.882077 ], [ 69.553354322000075, 31.954249535000031 ], [ 69.628322, 32.001114 ], [ 69.657806, 32.05647 ], [ 69.849146, 32.098589 ], [ 69.802213, 32.021571 ], [ 69.879832, 31.978851 ], [ 69.850951, 31.920486 ] ] ] } },
{ "type": "Feature", "properties": { "OBJECTID": 37, "PROVINCE": "BALOCHISTAN", "DISTRICT": "SIBI", "Shape_Area": 0.46194568795000002 }, "geometry": { "type": "Polygon", "coordinates": [ [ [ 68.179665, 29.371734 ], [ 68.095289, 29.338229 ], [ 67.991988, 29.377903 ], [ 67.935098, 29.337481 ], [ 67.874465, 29.328498 ], [ 67.890185, 29.37416 ], [ 67.883448, 29.416827 ], [ 67.86174, 29.444524 ], [ 67.814581, 29.457998 ], [ 67.78389, 29.592738 ], [ 67.698555, 29.599475 ], [ 67.673104, 29.646634 ], [ 67.559628, 29.671328 ], [ 67.528113, 29.695125 ], [ 67.501745, 29.734357 ], [ 67.49467, 29.801244 ], [ 67.460583, 29.873276 ], [ 67.415563, 29.910578 ], [ 67.373394, 29.921593 ], [ 67.35505, 29.995461 ], [ 67.407573, 30.015335 ], [ 67.412542, 30.033789 ], [ 67.396217, 30.043016 ], [ 67.411832, 30.052243 ], [ 67.499083, 30.027295 ], [ 67.535593, 30.037894 ], [ 67.566215, 30.095604 ], [ 67.686346, 30.123871 ], [ 67.7841, 30.06616 ], [ 67.793530980000071, 30.047267994000038 ], [ 67.764078, 30.024939 ], [ 67.779389, 30.013161 ], [ 67.92072, 30.02965 ], [ 67.977252, 30.011984 ], [ 68.012585, 29.960162 ], [ 68.012585, 29.915408 ], [ 67.986674, 29.854164 ], [ 67.88892, 29.7199 ], [ 67.894809, 29.690456 ], [ 67.974897, 29.745811 ], [ 67.973719, 29.794099 ], [ 68.017296, 29.805876 ], [ 68.056162, 29.842387 ], [ 68.063228, 29.888319 ], [ 68.079717001000063, 29.896563 ], [ 68.251669, 29.930718 ], [ 68.400129, 29.935430007000036 ], [ 68.413441, 29.897776 ], [ 68.574591, 29.825609 ], [ 68.566884, 29.717709 ], [ 68.468092, 29.662357 ], [ 68.436563, 29.624522 ], [ 68.262802, 29.628025 ], [ 68.230572, 29.591592 ], [ 68.197641, 29.588088 ], [ 68.102353, 29.422034 ], [ 68.1528, 29.408722 ], [ 68.179665, 29.371734 ] ] ] } },
{ "type": "Feature", "properties": { "OBJECTID": 38, "PROVINCE": "BALOCHISTAN", "DISTRICT": "WASHUK", "Shape_Area": 3.3432986101700002 }, "geometry": { "type": "Polygon", "coordinates": [ [ [ 64.745951906000073, 28.674947649000046 ], [ 64.761577898000041, 28.616506682000079 ], [ 64.73920548600006, 28.396724730000074 ], [ 64.840681331000042, 28.253120146000072 ], [ 64.981107940000072, 28.146481577000031 ], [ 65.061853245000066, 28.012181002000034 ], [ 65.229813155000045, 28.060284676000038 ], [ 65.277817105000054, 28.056345673000067 ], [ 65.458539, 28.184833 ], [ 65.640951, 28.280652 ], [ 65.883417966000081, 28.357925960000046 ], [ 65.826981, 28.228471 ], [ 65.834836, 28.20962 ], [ 65.894532, 28.195481 ], [ 65.881964, 28.098083 ], [ 65.89139, 28.049383 ], [ 65.954228, 28.052525 ], [ 65.977792, 28.011681 ], [ 65.973079, 27.964552 ], [ 65.888122559000067, 27.861877441000047 ], [ 65.796875, 27.802673340000069 ], [ 65.766723633000083, 27.710327148000033 ], [ 65.711914062000062, 27.658325195000032 ], [ 65.689880371000072, 27.58428955100004 ], [ 65.703674316000047, 27.528686523000033 ], [ 65.584608, 27.410161 ], [ 65.566285, 27.299873 ], [ 65.356081, 26.994594 ], [ 65.335683, 26.895024 ], [ 65.268612, 26.891567 ], [ 65.249251, 26.907125 ], [ 65.223667, 26.937549 ], [ 65.210183, 26.993557 ], [ 65.183562, 27.017758 ], [ 65.087795, 27.029513 ], [ 65.051839, 27.150518 ], [ 65.014501, 27.183017 ], [ 64.724088, 27.012227 ], [ 64.672229, 27.005312 ], [ 64.491758, 27.113871 ], [ 64.500055, 27.16815 ], [ 64.484843, 27.205489 ], [ 64.456148, 27.226579 ], [ 64.453728, 27.251817 ], [ 64.413969, 27.299873 ], [ 64.255216, 27.164381 ], [ 64.237491, 27.173244 ], [ 64.205979, 27.134839 ], [ 64.114398, 27.113175 ], [ 64.121291, 27.038334 ], [ 64.075993, 26.985158 ], [ 64.103566, 27.03735 ], [ 64.100612, 27.079694 ], [ 63.997214, 27.085602 ], [ 63.961763, 27.108251 ], [ 63.907603, 27.143702 ], [ 63.895786, 27.188015 ], [ 63.822915, 27.259901 ], [ 63.733304, 27.236267 ], [ 63.602333, 27.241191 ], [ 63.587562, 27.220511 ], [ 63.548173, 27.209679 ], [ 63.426065, 27.194908 ], [ 63.250858, 27.206945 ], [ 63.181449, 27.242783 ], [ 63.060324, 27.233257 ], [ 62.947819, 27.19016 ], [ 62.787226, 27.230081 ], [ 62.783144, 27.246412 ], [ 62.833952, 27.303118 ], [ 62.809909, 27.337142 ], [ 62.856635, 27.465524 ], [ 62.803403, 27.888377 ], [ 63.129067, 28.157861 ], [ 63.206432, 28.184833 ], [ 63.230564, 28.252261 ], [ 63.253277, 28.272844 ], [ 63.373938, 28.265037 ], [ 63.496019, 28.291299 ], [ 63.708241, 28.291299 ], [ 63.782057, 28.311882 ], [ 63.818256, 28.345241 ], [ 63.826773, 28.299106 ], [ 63.901299, 28.368664 ], [ 64.012733, 28.383569 ], [ 64.130556, 28.469451 ], [ 64.205082, 28.470161 ], [ 64.279608, 28.497132 ], [ 64.285497863000046, 28.539547174000063 ], [ 64.36478, 28.519845 ], [ 64.417303, 28.526943 ], [ 64.493959, 28.610696 ], [ 64.745951906000073, 28.674947649000046 ] ] ] } },
{ "type": "Feature", "properties": { "OBJECTID": 39, "PROVINCE": "BALOCHISTAN", "DISTRICT": "ZHOB", "Shape_Area": 1.13106835973 }, "geometry": { "type": "Polygon", "coordinates": [ [ [ 69.523025, 31.972232 ], [ 69.553283099000055, 31.954471714000078 ], [ 69.605119, 31.882077 ], [ 69.621748, 31.82138 ], [ 69.581007, 31.704143 ], [ 69.562714, 31.574435 ], [ 69.536108, 31.530367 ], [ 69.565209, 31.352434 ], [ 69.607614, 31.334141 ], [ 69.734951865000028, 31.320313924000061 ], [ 69.737915039000029, 31.307922363000046 ], [ 69.698159, 31.241162 ], [ 69.715829, 31.219672 ], [ 69.697692871000072, 31.181091309000067 ], [ 69.699096680000082, 31.107910156000059 ], [ 69.72491455100004, 31.097900391000053 ], [ 69.703918457000043, 31.060729980000076 ], [ 69.732116699000073, 31.032470703000058 ], [ 69.720604, 30.985193 ], [ 69.622228, 30.824258 ], [ 69.539123535000044, 30.751708984000061 ], [ 69.53210449200003, 30.651916504000042 ], [ 69.468456, 30.587391 ], [ 69.476575, 30.536771 ], [ 69.529113770000038, 30.537719727000024 ], [ 69.539612, 30.499999 ], [ 69.562057, 30.491403 ], [ 69.555480957000043, 30.477111816000047 ], [ 69.536182808000035, 30.474195694000059 ], [ 69.400502, 30.55328 ], [ 69.344832, 30.611176 ], [ 69.229039, 30.62231 ], [ 69.212338, 30.676866 ], [ 69.127721, 30.700247 ], [ 69.084298, 30.690227 ], [ 69.05868999900008, 30.752577 ], [ 69.152215, 30.803793 ], [ 69.254647, 30.836081 ], [ 69.30809, 30.985275 ], [ 69.348172, 30.995296 ], [ 69.380461, 31.038718 ], [ 69.379347, 31.059873 ], [ 69.317025934000071, 31.025860420000072 ], [ 69.278029, 31.023131 ], [ 69.216792, 31.087707 ], [ 69.163349, 31.099955 ], [ 69.103226, 31.142264 ], [ 69.040876, 31.136697 ], [ 69.009701, 31.116656 ], [ 68.994114, 31.14115 ], [ 68.938444, 31.109975 ], [ 68.905042, 31.140037 ], [ 68.800384, 31.146717 ], [ 68.743601, 31.097728 ], [ 68.704632, 31.097728 ], [ 68.670117, 31.172325 ], [ 68.684591, 31.2035 ], [ 68.655643, 31.246922 ], [ 68.654529, 31.327087 ], [ 68.582159, 31.353808 ], [ 68.401789, 31.281438 ], [ 68.244801, 31.320406 ], [ 68.176884, 31.359375 ], [ 68.022123, 31.492982 ], [ 67.868475, 31.557559 ], [ 67.821625, 31.594651 ], [ 67.861456, 31.622142 ], [ 67.963809, 31.634467 ], [ 68.062976, 31.691796 ], [ 68.172912598000039, 31.830871582000043 ], [ 68.187316895000038, 31.80889892600004 ], [ 68.259887695000032, 31.799072266000053 ], [ 68.254699707000043, 31.780090332000043 ], [ 68.298278808000077, 31.75170898500005 ], [ 68.415795, 31.756724 ], [ 68.55692, 31.711212 ], [ 68.581465, 31.748538 ], [ 68.476131, 31.745473 ], [ 68.441873, 31.758257 ], [ 68.577428, 31.822585 ], [ 68.636689, 31.774103 ], [ 68.69856, 31.771033 ], [ 68.717174, 31.694216 ], [ 68.778320312000062, 31.659484863000046 ], [ 68.814114, 31.606894 ], [ 68.914845, 31.599222 ], [ 68.939389, 31.609959 ], [ 68.952398, 31.643109 ], [ 69.026827, 31.620694 ], [ 69.040634, 31.647282 ], [ 69.122756, 31.703389 ], [ 69.199416, 31.845572 ], [ 69.324563, 31.926164 ], [ 69.323253, 31.947131 ], [ 69.523025, 31.972232 ] ] ] } },
{ "type": "Feature", "properties": { "OBJECTID": 40, "PROVINCE": "BALOCHISTAN", "DISTRICT": "ZIARAT", "Shape_Area": 0.30649821207 }, "geometry": { "type": "Polygon", "coordinates": [ [ [ 67.49961920800007, 30.524351308000064 ], [ 67.528429, 30.516091 ], [ 67.563519, 30.572855 ], [ 67.593449, 30.584208 ], [ 67.698721, 30.591433 ], [ 67.784830900000031, 30.49926696700004 ], [ 67.923075, 30.492509 ], [ 67.960763, 30.474842 ], [ 67.985496, 30.513708 ], [ 68.026718, 30.536086 ], [ 68.211626, 30.530197 ], [ 68.23047, 30.511353 ], [ 68.238714, 30.461887 ], [ 68.301135, 30.451287 ], [ 68.316446, 30.437154 ], [ 68.317624, 30.391221 ], [ 68.342357, 30.375911 ], [ 68.509598, 30.387688 ], [ 68.521376, 30.368844 ], [ 68.484865, 30.342933 ], [ 68.498998, 30.305245 ], [ 68.563775, 30.293468 ], [ 68.57673, 30.278157 ], [ 68.577785880000079, 30.265491900000029 ], [ 68.548429297000041, 30.259416879000071 ], [ 68.544897622000065, 30.234679898000024 ], [ 68.460098255000048, 30.185214935000033 ], [ 68.303452640000046, 30.160495679000064 ], [ 68.184774, 30.182841 ], [ 68.091084, 30.264465 ], [ 68.008730981000042, 30.27936799400004 ], [ 67.940612, 30.319827 ], [ 67.878862, 30.335442 ], [ 67.866796, 30.363123 ], [ 67.818531, 30.37448 ], [ 67.754624995000029, 30.384367994000058 ], [ 67.74332499500008, 30.378067994000048 ], [ 67.758224996000081, 30.346067994000066 ], [ 67.744005, 30.325505 ], [ 67.57933836400008, 30.273692 ], [ 67.494865881000067, 30.315535971000031 ], [ 67.437237672000037, 30.305638378000026 ], [ 67.342272216000083, 30.319827 ], [ 67.308932655000035, 30.338941070000033 ], [ 67.263186, 30.318965 ], [ 67.194037, 30.369537 ], [ 67.189908, 30.396371 ], [ 67.25875555500005, 30.507526535000068 ], [ 67.363297, 30.578016 ], [ 67.392195, 30.592465 ], [ 67.443799, 30.586272 ], [ 67.49961920800007, 30.524351308000064 ] ] ] } },
{ "type": "Feature", "properties": { "OBJECTID": 41, "PROVINCE": "INDIAN OCCUPIED KASHMIR", "DISTRICT": "INDIAN OCCUPIED KASHMIR", "Shape_Area": 10.1884827835 }, "geometry": { "type": "Polygon", "coordinates": [ [ [ 77.838889, 35.501643 ], [ 77.856327, 35.490349 ], [ 77.865557, 35.501645 ], [ 77.912741, 35.468791 ], [ 77.929149, 35.491383 ], [ 77.964022, 35.480091 ], [ 77.997509, 35.492942 ], [ 78.029662, 35.470856 ], [ 78.046398, 35.492898 ], [ 78.076075, 35.494539 ], [ 78.110487, 35.476906 ], [ 78.106602, 35.439031 ], [ 78.023483, 35.358742 ], [ 78.004, 35.246875 ], [ 78.011552, 35.219355 ], [ 78.086568, 35.1656 ], [ 78.113433, 35.10599 ], [ 78.130251, 35.10116 ], [ 78.142786, 35.074932 ], [ 78.128531, 35.049055 ], [ 78.150552, 34.992948 ], [ 78.197519, 34.972947 ], [ 78.203995, 34.956015 ], [ 78.181556, 34.930767 ], [ 78.236941, 34.882513 ], [ 78.23047, 34.815042 ], [ 78.187824, 34.799643 ], [ 78.207223, 34.726435 ], [ 78.266594, 34.708379 ], [ 78.278051, 34.690499 ], [ 78.272932, 34.630943 ], [ 78.432915, 34.591942 ], [ 78.435999, 34.541629 ], [ 78.49034, 34.580654 ], [ 78.538557, 34.575523 ], [ 78.563194, 34.549854 ], [ 78.567303, 34.507755 ], [ 78.639071, 34.541649 ], [ 78.707768, 34.526256 ], [ 78.71905, 34.502641 ], [ 78.756986, 34.486217 ], [ 78.76109, 34.469789 ], [ 78.740587, 34.459518 ], [ 78.760084, 34.442063 ], [ 78.796604, 34.440818 ], [ 78.878062, 34.39176 ], [ 78.899113, 34.402695 ], [ 78.929516, 34.380228 ], [ 78.956998, 34.390744 ], [ 78.965201, 34.378424 ], [ 78.966981, 34.399123 ], [ 79.000729, 34.408036 ], [ 79.038018, 34.357074 ], [ 79.03299, 34.333062 ], [ 79.053057, 34.321391 ], [ 79.053215, 34.295945 ], [ 78.982337, 34.311886 ], [ 78.910266, 34.142495 ], [ 78.860118, 34.165977 ], [ 78.839195, 34.125806 ], [ 78.794293, 34.134634 ], [ 78.745899, 34.090882 ], [ 78.705913, 34.094745 ], [ 78.681582, 34.078845 ], [ 78.666945, 34.089846 ], [ 78.652597, 34.041584 ], [ 78.74694, 33.992308 ], [ 78.737724, 33.919404 ], [ 78.76403, 33.906629 ], [ 78.750721, 33.885736 ], [ 78.764204, 33.83692 ], [ 78.754927, 33.786394 ], [ 78.776364, 33.736932 ], [ 78.717146, 33.623731 ], [ 78.757179, 33.624107 ], [ 78.732917, 33.570067 ], [ 78.812964, 33.484067 ], [ 78.83629, 33.426826 ], [ 78.901989, 33.410893 ], [ 78.953982, 33.372333 ], [ 78.962052, 33.339036 ], [ 79.026622, 33.320993 ], [ 79.044278, 33.26108 ], [ 79.080596, 33.244697 ], [ 79.068316, 33.229041 ], [ 79.165435, 33.172766 ], [ 79.151837, 33.160354 ], [ 79.138049, 33.025452 ], [ 79.241326, 32.943623 ], [ 79.218861, 32.920179 ], [ 79.232195, 32.90699 ], [ 79.23535, 32.848758 ], [ 79.222544, 32.787607 ], [ 79.268963, 32.782726 ], [ 79.296918, 32.72915 ], [ 79.268028, 32.683667 ], [ 79.305738, 32.603103 ], [ 79.266209, 32.562395 ], [ 79.274396, 32.551678 ], [ 79.248121, 32.516771 ], [ 79.188242, 32.516264 ], [ 79.183738, 32.497552 ], [ 79.130007, 32.479259 ], [ 79.117575, 32.454596 ], [ 79.126328, 32.421353 ], [ 79.105245, 32.408116 ], [ 79.098862, 32.370075 ], [ 79.062054, 32.386911 ], [ 79.018475, 32.382425 ], [ 78.990145, 32.370861 ], [ 78.967606, 32.335823 ], [ 78.907786, 32.37214 ], [ 78.902149, 32.394455 ], [ 78.812398, 32.434159 ], [ 78.795881, 32.475266 ], [ 78.779482, 32.479203 ], [ 78.780887, 32.51541 ], [ 78.757111, 32.566602 ], [ 78.781802, 32.61637 ], [ 78.742246, 32.655503 ], [ 78.740467, 32.695548 ], [ 78.71989, 32.672687 ], [ 78.627273, 32.633776 ], [ 78.58551, 32.642045 ], [ 78.569462, 32.615184 ], [ 78.515975, 32.614315 ], [ 78.501906, 32.583869 ], [ 78.415834, 32.567578 ], [ 78.393349, 32.539003 ], [ 78.416498, 32.515174 ], [ 78.330098, 32.514524 ], [ 78.263298, 32.448865 ], [ 78.240666, 32.480868 ], [ 78.249145, 32.526427 ], [ 78.316597, 32.58191 ], [ 78.339861, 32.626752 ], [ 78.327566, 32.744904 ], [ 78.314204, 32.759354 ], [ 78.214077, 32.692875 ], [ 78.018105, 32.628021 ], [ 77.974691, 32.628429 ], [ 77.909442, 32.672034 ], [ 77.901996, 32.742874 ], [ 77.828702, 32.818446 ], [ 77.783693, 32.834993 ], [ 77.783914, 32.898927 ], [ 77.745699, 32.942075 ], [ 77.686008, 32.970481 ], [ 77.462703, 32.850973 ], [ 77.406324, 32.868239 ], [ 77.378913, 32.813405 ], [ 77.354111, 32.808342 ], [ 77.297357, 32.847661 ], [ 77.277164, 32.838188 ], [ 77.240748, 32.889241 ], [ 77.184765, 32.892469 ], [ 77.157752, 32.957635 ], [ 77.103616, 32.947338 ], [ 76.976376, 33.000239 ], [ 76.931345, 33.050332 ], [ 76.916518, 33.091607 ], [ 76.849416, 33.146452 ], [ 76.871584, 33.232753 ], [ 76.82502, 33.250833 ], [ 76.781488, 33.161431 ], [ 76.773547, 33.173922 ], [ 76.661832, 33.170187 ], [ 76.61193, 33.195057 ], [ 76.453002, 33.167821 ], [ 76.368939, 33.09919 ], [ 76.319355, 33.019677 ], [ 76.222277, 32.988504 ], [ 76.049563, 32.863516 ], [ 75.966004, 32.898847 ], [ 75.919719, 32.898216 ], [ 75.898087, 32.832828 ], [ 75.943074, 32.80856 ], [ 75.982499, 32.755612 ], [ 76.000267, 32.704883 ], [ 75.977865, 32.651601 ], [ 76.014416, 32.610711 ], [ 75.91789, 32.471247 ], [ 75.82241, 32.429594 ], [ 75.740576, 32.359684 ], [ 75.679803, 32.355785 ], [ 75.620709, 32.25231 ], [ 75.598706, 32.261065 ], [ 75.575414, 32.314238 ], [ 75.524259, 32.294552 ], [ 75.464095, 32.308121 ], [ 75.398002, 32.28033 ], [ 75.360021, 32.302206 ], [ 75.323671, 32.302126 ], [ 75.337519, 32.320535 ], [ 75.321874, 32.343519 ], [ 75.298797, 32.346378 ], [ 75.289906, 32.370017 ], [ 75.262820550000072, 32.37197546200008 ], [ 75.25688, 32.38944 ], [ 75.192812, 32.400972 ], [ 75.191609, 32.42605 ], [ 75.133836391000045, 32.417278069000076 ], [ 75.100255, 32.478079 ], [ 75.024515, 32.497798 ], [ 75.01569, 32.464316 ], [ 74.951030654000078, 32.446977097000058 ], [ 74.939903057000038, 32.471416205000025 ], [ 74.89601463200006, 32.469792187000053 ], [ 74.876994225000033, 32.494316501000071 ], [ 74.819816118000062, 32.499812204000079 ], [ 74.812242160000039, 32.480789874000038 ], [ 74.726712709000083, 32.476183974000037 ], [ 74.687747030000082, 32.491802456000073 ], [ 74.691012042000068, 32.533987326000045 ], [ 74.662491235000061, 32.545991212000047 ], [ 74.675207187000069, 32.565634207000073 ], [ 74.652566815000057, 32.565612530000067 ], [ 74.659783988000072, 32.597071647000064 ], [ 74.638915524000083, 32.614236247000065 ], [ 74.695377800000074, 32.660345962000065 ], [ 74.65605548800005, 32.696677431000069 ], [ 74.706207470000038, 32.842820610000047 ], [ 74.636446987000056, 32.814381204000028 ], [ 74.658285168000077, 32.787120003000041 ], [ 74.631679512000062, 32.776059560000078 ], [ 74.637285294000037, 32.751778517000048 ], [ 74.56643753700007, 32.76046242700005 ], [ 74.510637660000043, 32.74301508700006 ], [ 74.43954242500007, 32.792266896000058 ], [ 74.409133500000053, 32.896322 ], [ 74.370748500000047, 32.916282500000079 ], [ 74.320080500000074, 32.91705 ], [ 74.340040500000043, 32.956203 ], [ 74.323151, 33.028367 ], [ 74.174217500000054, 33.078267500000038 ], [ 74.18343, 33.092854 ], [ 74.145812500000034, 33.155038 ], [ 74.008394, 33.214918500000067 ], [ 74.021445, 33.264819 ], [ 74.097447, 33.28477950000007 ], [ 74.158863500000052, 33.325468 ], [ 74.196480500000064, 33.408379500000024 ], [ 74.182661500000052, 33.408379500000024 ], [ 74.188035500000069, 33.472099 ], [ 74.14734750000008, 33.554243 ], [ 74.085163500000078, 33.585719 ], [ 74.036031, 33.580345 ], [ 74.002252500000054, 33.62487150000004 ], [ 73.999182, 33.680914 ], [ 73.978454, 33.716228 ], [ 74.057527500000049, 33.828313 ], [ 74.120478500000047, 33.824474 ], [ 74.217209, 33.856718 ], [ 74.283999, 33.90278 ], [ 74.284767, 33.948074 ], [ 74.256362, 34.002581 ], [ 74.197249, 34.000278 ], [ 74.200319500000035, 34.024077 ], [ 74.168844, 34.038663 ], [ 74.016071500000066, 34.037128 ], [ 73.984595500000069, 34.012561 ], [ 73.917038, 34.020238 ], [ 73.93316, 34.025612 ], [ 73.900149, 34.060926500000051 ], [ 73.906291, 34.104685500000073 ], [ 73.932392, 34.109292 ], [ 73.930857, 34.130787 ], [ 73.973081, 34.158425 ], [ 73.964636, 34.172243 ], [ 74.002253, 34.180688 ], [ 73.996112, 34.274348 ], [ 73.945443, 34.280489 ], [ 73.946979, 34.311197500000048 ], [ 73.925483, 34.346512 ], [ 73.855622, 34.325016 ], [ 73.808792500000038, 34.346512 ], [ 73.754286, 34.344976 ], [ 73.753518, 34.372614 ], [ 73.808792500000038, 34.426353 ], [ 73.864835500000083, 34.437868 ], [ 73.89016950000007, 34.460132 ], [ 73.89324, 34.497749 ], [ 73.933928500000036, 34.528457 ], [ 73.989202500000033, 34.542276 ], [ 73.996879500000034, 34.561468 ], [ 74.046780500000068, 34.569145500000047 ], [ 74.065205, 34.592944 ], [ 74.129692, 34.579893 ], [ 74.188037500000064, 34.603692 ], [ 74.211068500000067, 34.642077 ], [ 74.279394, 34.635168 ], [ 74.281697, 34.686604 ], [ 74.326991, 34.700423 ], [ 74.323920500000042, 34.781799 ], [ 74.393013500000052, 34.787173 ], [ 74.525826, 34.766445 ], [ 74.557301500000051, 34.777193 ], [ 74.648658, 34.710403 ], [ 74.673224, 34.7081 ], [ 74.792985500000043, 34.731898500000057 ], [ 74.799126, 34.756465 ], [ 74.842885, 34.726524500000039 ], [ 74.895088500000043, 34.656664 ], [ 75.014082, 34.619046500000024 ], [ 75.050931500000047, 34.619046500000024 ], [ 75.077033, 34.653593 ], [ 75.107741, 34.660502500000064 ], [ 75.140752500000076, 34.692746 ], [ 75.20063250000004, 34.672018 ], [ 75.213683500000059, 34.637471500000061 ], [ 75.245158500000059, 34.642077500000028 ], [ 75.264351, 34.628259 ], [ 75.264351, 34.606763500000056 ], [ 75.326534500000037, 34.569146 ], [ 75.653574, 34.510800500000073 ], [ 75.827073, 34.51387150000005 ], [ 75.903843, 34.544579500000054 ], [ 75.926106, 34.592177500000048 ], [ 76.005946, 34.646684500000049 ], [ 76.018229, 34.671250500000042 ], [ 76.185587, 34.60139 ], [ 76.281548500000042, 34.622885500000052 ], [ 76.352944, 34.659735500000068 ], [ 76.496504042000083, 34.798688369000047 ], [ 76.566364500000077, 34.791780500000073 ], [ 76.674609, 34.822488500000077 ], [ 76.836593766000078, 34.935340514000075 ], [ 76.950207445000046, 34.982171784000059 ], [ 76.967870239000035, 35.002902376000065 ], [ 77.053849761000038, 35.037444801000049 ], [ 77.172067602000084, 35.059707780000053 ], [ 77.446920068000054, 35.251128749000031 ], [ 77.607379, 35.340687 ], [ 77.611985, 35.371395 ], [ 77.681845, 35.422831 ], [ 77.69016, 35.451317 ], [ 77.730165, 35.460561 ], [ 77.754779, 35.500609 ], [ 77.80435, 35.500011 ], [ 77.818372, 35.523204 ], [ 77.838889, 35.501643 ] ] ] } },
{ "type": "Feature", "properties": { "OBJECTID": 42, "PROVINCE": "FATA", "DISTRICT": "BAJAUR AGENCY", "Shape_Area": 0.13380957748 }, "geometry": { "type": "Polygon", "coordinates": [ [ [ 71.556992, 34.941965 ], [ 71.600064, 34.876364 ], [ 71.615967, 34.814076 ], [ 71.696147, 34.808774 ], [ 71.80482, 34.754438 ], [ 71.762411, 34.731908 ], [ 71.762411, 34.658355 ], [ 71.688195, 34.62456 ], [ 71.659039, 34.544381 ], [ 71.627127759000075, 34.535964216000025 ], [ 71.621417053000073, 34.516904734000036 ], [ 71.581691952000028, 34.507410685000025 ], [ 71.54293053300006, 34.545137038000064 ], [ 71.528082697000059, 34.627335517000063 ], [ 71.560847874000046, 34.653426306000028 ], [ 71.550604295000028, 34.672914092000042 ], [ 71.523728283000082, 34.678089419000059 ], [ 71.480362607000075, 34.658887169000025 ], [ 71.43985228400004, 34.676518975000079 ], [ 71.356211852000058, 34.646762626000054 ], [ 71.287654823000082, 34.651645280000025 ], [ 71.269037920000073, 34.655300132000036 ], [ 71.273406611000041, 34.676029996000068 ], [ 71.230976063000071, 34.722058289000074 ], [ 71.207219525000085, 34.704983277000053 ], [ 71.173809023000047, 34.728997901000071 ], [ 71.280396, 34.805202 ], [ 71.302019, 34.868104 ], [ 71.357092, 34.91179 ], [ 71.502946, 34.963453 ], [ 71.50769125000005, 34.98120668200005 ], [ 71.556992, 34.941965 ] ] ] } },
{ "type": "Feature", "properties": { "OBJECTID": 43, "PROVINCE": "FATA", "DISTRICT": "FR BANNU", "Shape_Area": 0.07932296847 }, "geometry": { "type": "Polygon", "coordinates": [ [ [ 70.627969, 33.261118452000062 ], [ 70.692321777000075, 33.254272461000028 ], [ 70.679077148000033, 33.244873047000056 ], [ 70.70351, 33.21711 ], [ 70.824111, 33.209821 ], [ 70.869171, 33.189279 ], [ 70.872484, 33.168737 ], [ 70.839352, 33.153496 ], [ 70.820798, 33.117714 ], [ 70.794292, 33.11175 ], [ 70.794955, 33.096509 ], [ 70.716763, 33.057413 ], [ 70.576283, 33.04151 ], [ 70.523272, 33.053438 ], [ 70.513995, 33.017655 ], [ 70.461646, 32.974583 ], [ 70.472911, 32.947415 ], [ 70.376828, 32.824826 ], [ 70.367551, 32.780429 ], [ 70.381618676000073, 32.76707873600003 ], [ 70.314755929000057, 32.763018227000032 ], [ 70.290658677000067, 32.734463667000057 ], [ 70.261390777000031, 32.730043825000052 ], [ 70.270294651000029, 32.756750778000026 ], [ 70.325411808000069, 32.791801641000063 ], [ 70.356857687000058, 32.911960517000068 ], [ 70.407417560000056, 32.969697468000049 ], [ 70.390594771000053, 32.98307003900004 ], [ 70.410296708000033, 33.00077322900006 ], [ 70.421930470000063, 33.070995820000064 ], [ 70.457336849000058, 33.109828623000055 ], [ 70.498482488000036, 33.124876334000078 ], [ 70.486208171000044, 33.152185536000047 ], [ 70.518987625000079, 33.191246767000052 ], [ 70.618296808000082, 33.231278819000067 ], [ 70.627969, 33.261118452000062 ] ] ] } },
{ "type": "Feature", "properties": { "OBJECTID": 44, "PROVINCE": "FATA", "DISTRICT": "FR D.I.KHAN", "Shape_Area": 0.15801133867 }, "geometry": { "type": "Polygon", "coordinates": [ [ [ 69.976629537000065, 31.898798816000067 ], [ 70.019174299000042, 31.890375524000035 ], [ 70.058720940000057, 31.853113165000025 ], [ 70.153768508000041, 31.849222747000056 ], [ 70.213252435000072, 31.814810967000028 ], [ 70.209843, 31.746046 ], [ 70.276769, 31.674481 ], [ 70.27942, 31.628759 ], [ 70.344359, 31.504182 ], [ 70.329781, 31.478339 ], [ 70.391406, 31.274908 ], [ 70.425614944000074, 31.24370288700004 ], [ 70.404187, 31.198393 ], [ 70.288756493000051, 31.162369314000046 ], [ 70.269113633000075, 31.184682924000072 ], [ 70.259526571000038, 31.234562033000032 ], [ 70.273315430000082, 31.24108886700003 ], [ 70.279479980000076, 31.421691895000038 ], [ 70.255920410000044, 31.505310059000067 ], [ 70.153686523000033, 31.431884766000053 ], [ 70.116882324000073, 31.425292969000054 ], [ 70.103698730000076, 31.449279785000044 ], [ 70.071899414000029, 31.384521484000061 ], [ 70.05613, 31.384975 ], [ 70.011002, 31.51073 ], [ 69.955044, 31.522162 ], [ 69.944214, 31.569696 ], [ 69.957451, 31.782697 ], [ 69.941205, 31.798943 ], [ 69.938799, 31.850689 ], [ 69.959551789000045, 31.896228998000026 ], [ 69.976629537000065, 31.898798816000067 ] ] ] } },
{ "type": "Feature", "properties": { "OBJECTID": 45, "PROVINCE": "FATA", "DISTRICT": "FR KOHAT", "Shape_Area": 0.04547871405 }, "geometry": { "type": "Polygon", "coordinates": [ [ [ 71.354089266000074, 33.764214080000045 ], [ 71.503020668000033, 33.751335612000048 ], [ 71.543238742000028, 33.729608297000027 ], [ 71.547625270000083, 33.701385015000028 ], [ 71.584288005000076, 33.679056154000079 ], [ 71.702642393000076, 33.708637612000075 ], [ 71.680370639000046, 33.680912133000049 ], [ 71.687052165000068, 33.658183522000058 ], [ 71.74184639200007, 33.670718522000072 ], [ 71.737053396000078, 33.685912598000073 ], [ 71.75192578900004, 33.692504867000025 ], [ 71.801464899000052, 33.67278648000007 ], [ 71.801507, 33.641863 ], [ 71.841265, 33.629273 ], [ 71.826024, 33.60608 ], [ 71.756447, 33.576262 ], [ 71.679579793000073, 33.549100512000052 ], [ 71.602050805000033, 33.543136498000024 ], [ 71.566932, 33.579575 ], [ 71.593437, 33.582888 ], [ 71.634521, 33.643851 ], [ 71.47615, 33.630598 ], [ 71.433741, 33.656441 ], [ 71.408561, 33.645176 ], [ 71.396248924000076, 33.652070792000075 ], [ 71.411620714000037, 33.680097567000075 ], [ 71.380268937000039, 33.697201132000032 ], [ 71.384294985000054, 33.716817409000043 ], [ 71.352714779000053, 33.72766775100007 ], [ 71.354089266000074, 33.764214080000045 ] ] ] } },
{ "type": "Feature", "properties": { "OBJECTID": 46, "PROVINCE": "FATA", "DISTRICT": "FR LAKKI MARWAT", "Shape_Area": 0.01758188526 }, "geometry": { "type": "Polygon", "coordinates": [ [ [ 70.404261341000051, 32.706484330000023 ], [ 70.498983330000044, 32.600523066000051 ], [ 70.370426777000034, 32.575326482000037 ], [ 70.32205233500008, 32.583131114000025 ], [ 70.283730829000035, 32.639418339000031 ], [ 70.346103782000057, 32.705522066000071 ], [ 70.399358, 32.726093 ], [ 70.404261341000051, 32.706484330000023 ] ] ] } },
{ "type": "Feature", "properties": { "OBJECTID": 47, "PROVINCE": "FATA", "DISTRICT": "FR PESHAWAR", "Shape_Area": 0.025245579 }, "geometry": { "type": "Polygon", "coordinates": [ [ [ 71.856506, 33.745898 ], [ 71.843916, 33.718729 ], [ 71.80747, 33.69885 ], [ 71.801464899000052, 33.67278648000007 ], [ 71.749470185000064, 33.69244776000005 ], [ 71.74184639200007, 33.670718522000072 ], [ 71.689878965000048, 33.657184148000056 ], [ 71.680370639000046, 33.680912133000049 ], [ 71.702642393000076, 33.708637612000075 ], [ 71.584716308000054, 33.679056154000079 ], [ 71.545398095000053, 33.705382510000049 ], [ 71.543238742000028, 33.729608297000027 ], [ 71.599401, 33.731982 ], [ 71.714038, 33.787644 ], [ 71.749158, 33.848607 ], [ 71.757772, 33.813487 ], [ 71.790242, 33.784994 ], [ 71.841265, 33.782343 ], [ 71.856506, 33.745898 ] ] ] } },
{ "type": "Feature", "properties": { "OBJECTID": 48, "PROVINCE": "FATA", "DISTRICT": "FR TANK", "Shape_Area": 0.10987122612 }, "geometry": { "type": "Polygon", "coordinates": [ [ [ 70.283730829000035, 32.639418339000031 ], [ 70.319577696000067, 32.58503468300006 ], [ 70.35822014200005, 32.574588850000055 ], [ 70.498983330000044, 32.600523066000051 ], [ 70.545802, 32.57236 ], [ 70.601464, 32.472301 ], [ 70.557067, 32.463687 ], [ 70.485501, 32.513385 ], [ 70.434478, 32.471638 ], [ 70.395382, 32.394109 ], [ 70.338395, 32.356339 ], [ 70.298637, 32.300014 ], [ 70.20918, 32.31393 ], [ 70.166771, 32.248991 ], [ 70.095675239000059, 32.213417928000069 ], [ 70.058318100000065, 32.238883050000027 ], [ 70.053963686000031, 32.26077409100003 ], [ 70.074522229000081, 32.271386487000029 ], [ 70.074950532000059, 32.314192990000038 ], [ 70.098745142000041, 32.34203268300007 ], [ 70.089084530000036, 32.355452843000023 ], [ 70.114259227000048, 32.376963170000067 ], [ 70.088751406000029, 32.405112193000036 ], [ 70.111832177000053, 32.524061446000076 ], [ 70.199420135000082, 32.625949965000075 ], [ 70.225855946000081, 32.609484095000028 ], [ 70.283730829000035, 32.639418339000031 ] ] ] } },
{ "type": "Feature", "properties": { "OBJECTID": 50, "PROVINCE": "FATA", "DISTRICT": "KURRAM AGENCY", "Shape_Area": 0.3295723849 }, "geometry": { "type": "Polygon", "coordinates": [ [ [ 70.035592, 34.04018 ], [ 70.083319, 34.013665 ], [ 70.143525, 34.010557 ], [ 70.240804, 33.972754 ], [ 70.444398152000076, 33.953139505000024 ], [ 70.446774204000064, 33.902642343000025 ], [ 70.499055721000047, 33.884425190000059 ], [ 70.496121274000075, 33.852479717000051 ], [ 70.525674179000077, 33.852908020000029 ], [ 70.541635603000032, 33.833434512000053 ], [ 70.570560330000035, 33.842143339000074 ], [ 70.577041982000082, 33.786578166000027 ], [ 70.609061323000049, 33.775017332000061 ], [ 70.58524767800003, 33.740010702000063 ], [ 70.618027132000066, 33.714712273000032 ], [ 70.620482736000042, 33.683074961000045 ], [ 70.70140344400005, 33.647211725000034 ], [ 70.750401305000082, 33.645983923000074 ], [ 70.733526167000036, 33.593616746000066 ], [ 70.752759040000058, 33.582892571000059 ], [ 70.732116699000073, 33.527282715000069 ], [ 70.742675781000059, 33.482910156000059 ], [ 70.702185, 33.490781 ], [ 70.679687500000057, 33.472900391000053 ], [ 70.625319, 33.47554 ], [ 70.580922, 33.419878 ], [ 70.50008, 33.41524 ], [ 70.50008, 33.385421 ], [ 70.535862, 33.364879 ], [ 70.537579921000031, 33.346069621000026 ], [ 70.464161653000076, 33.333006381000075 ], [ 70.448707054000067, 33.352422782000076 ], [ 70.41669140700003, 33.34235766200004 ], [ 70.381677639000031, 33.352922469000077 ], [ 70.324000315000035, 33.332979229000046 ], [ 70.296002, 33.429728 ], [ 70.261232, 33.43024 ], [ 70.246405, 33.463988 ], [ 70.175334, 33.527905 ], [ 70.192075, 33.638255 ], [ 70.14752, 33.660532 ], [ 70.152332, 33.693064 ], [ 70.138016, 33.714028 ], [ 69.989734, 33.741644 ], [ 69.967335, 33.764712 ], [ 69.950877, 33.822435 ], [ 69.920814, 33.843339 ], [ 69.910996, 33.883283 ], [ 69.862499, 33.933104 ], [ 69.864465, 33.952761 ], [ 69.900263, 33.976345 ], [ 69.902822, 34.030545 ], [ 70.002531, 34.048949 ], [ 70.035592, 34.04018 ] ] ] } },
{ "type": "Feature", "properties": { "OBJECTID": 51, "PROVINCE": "FATA", "DISTRICT": "MOHMAND AGENCY", "Shape_Area": 0.22150520874 }, "geometry": { "type": "Polygon", "coordinates": [ [ [ 71.207219525000085, 34.704983277000053 ], [ 71.229919582000036, 34.722772127000042 ], [ 71.273406611000041, 34.676029996000068 ], [ 71.269037920000073, 34.655300132000036 ], [ 71.287654823000082, 34.651645280000025 ], [ 71.356211852000058, 34.646762626000054 ], [ 71.43985228400004, 34.676518975000079 ], [ 71.480362607000075, 34.658887169000025 ], [ 71.523728283000082, 34.678089419000059 ], [ 71.550604295000028, 34.672914092000042 ], [ 71.560847874000046, 34.653426306000028 ], [ 71.528082697000059, 34.627335517000063 ], [ 71.543323144000055, 34.54428043200005 ], [ 71.581691952000028, 34.507410685000025 ], [ 71.64291640600004, 34.536411806000046 ], [ 71.663015, 34.463538 ], [ 71.70211050000006, 34.451611 ], [ 71.662429178000082, 34.418437872000027 ], [ 71.657769630000075, 34.390592108000078 ], [ 71.625299505000044, 34.376021777000062 ], [ 71.623283516000072, 34.350839399000051 ], [ 71.590176771000074, 34.366765803000078 ], [ 71.533151266000061, 34.311782461000064 ], [ 71.536453606000066, 34.26466332900003 ], [ 71.507961425000076, 34.240168190000077 ], [ 71.494717282000067, 34.25079910900007 ], [ 71.494687058000068, 34.225643484000045 ], [ 71.469501125000079, 34.211492913000029 ], [ 71.477313406000064, 34.201682007000045 ], [ 71.441834697000047, 34.182855044000064 ], [ 71.308019332000072, 34.163224882000065 ], [ 71.30699140400003, 34.192206716000044 ], [ 71.288060413000039, 34.198745475000067 ], [ 71.315586017000044, 34.261449030000051 ], [ 71.299995789000036, 34.283834999000078 ], [ 71.241061300000069, 34.329006686000071 ], [ 71.17308414200005, 34.338576015000058 ], [ 71.168354, 34.364894 ], [ 71.083661, 34.39087 ], [ 70.996686, 34.482834 ], [ 71.003478, 34.564175 ], [ 71.089591, 34.586185 ], [ 71.108073, 34.624362 ], [ 71.096279, 34.653191 ], [ 71.105205, 34.706742 ], [ 71.172818, 34.730916740000055 ], [ 71.207219525000085, 34.704983277000053 ] ] ] } },
{ "type": "Feature", "properties": { "OBJECTID": 52, "PROVINCE": "FATA", "DISTRICT": "N. WAZIRASTAN", "Shape_Area": 0.47190838053 }, "geometry": { "type": "Polygon", "coordinates": [ [ [ 70.443246191000071, 33.35213724700003 ], [ 70.464161653000076, 33.333006381000075 ], [ 70.54283270500008, 33.348334879000049 ], [ 70.571645, 33.290663 ], [ 70.627969, 33.261118452000062 ], [ 70.618296808000082, 33.231278819000067 ], [ 70.518987625000079, 33.191246767000052 ], [ 70.486208171000044, 33.152185536000047 ], [ 70.498482488000036, 33.124876334000078 ], [ 70.457336849000058, 33.109828623000055 ], [ 70.421930470000063, 33.070995820000064 ], [ 70.410296708000033, 33.00077322900006 ], [ 70.390594771000053, 32.98307003900004 ], [ 70.407417560000056, 32.969697468000049 ], [ 70.356857687000058, 32.911960517000068 ], [ 70.325411808000069, 32.791801641000063 ], [ 70.270294651000029, 32.756750778000026 ], [ 70.255377297000052, 32.720763756000053 ], [ 70.156721789000073, 32.73343331600006 ], [ 70.050921197000036, 32.668511887000079 ], [ 69.978412322000054, 32.70365888200007 ], [ 69.943822183000066, 32.678935037000031 ], [ 69.883055700000057, 32.685092610000027 ], [ 69.872628754000061, 32.659814238000024 ], [ 69.853232228000081, 32.655729596000072 ], [ 69.807628187000034, 32.69652205400007 ], [ 69.75628910100005, 32.695968581000045 ], [ 69.735061315000053, 32.717209886000035 ], [ 69.649757640000075, 32.689762804000054 ], [ 69.641048813000054, 32.66224433800005 ], [ 69.603358151000066, 32.648467259000029 ], [ 69.611638675000052, 32.591110352000044 ], [ 69.540861609000046, 32.562449745000038 ], [ 69.488456676000055, 32.563031600000045 ], [ 69.46043852300005, 32.593905106000079 ], [ 69.413262123000038, 32.604759659000024 ], [ 69.452331, 32.6587 ], [ 69.439227, 32.685564 ], [ 69.448716, 32.72003 ], [ 69.395437, 32.769748 ], [ 69.471333, 32.848714 ], [ 69.540249, 32.862687 ], [ 69.500818, 32.915547 ], [ 69.498852, 32.992207 ], [ 69.513267, 33.032831 ], [ 69.584742, 33.096873 ], [ 69.721264, 33.092268 ], [ 69.790805, 33.125502 ], [ 69.856253, 33.092776 ], [ 69.91659, 33.10249 ], [ 69.945736, 33.12601 ], [ 70.026525, 33.143904 ], [ 70.072546, 33.214466 ], [ 70.144642, 33.214464 ], [ 70.207025, 33.246676 ], [ 70.290358, 33.32768 ], [ 70.381677639000031, 33.352922469000077 ], [ 70.409160413000052, 33.342429046000063 ], [ 70.443246191000071, 33.35213724700003 ] ] ] } },
{ "type": "Feature", "properties": { "OBJECTID": 53, "PROVINCE": "FATA", "DISTRICT": "ORAKZAI AGENCY", "Shape_Area": 0.13377591384000001 }, "geometry": { "type": "Polygon", "coordinates": [ [ [ 71.096468943000048, 33.839487404000067 ], [ 71.148122282000031, 33.811876139000049 ], [ 71.208655769000075, 33.835918212000024 ], [ 71.254684061000034, 33.819671253000024 ], [ 71.328355203000058, 33.754298672000061 ], [ 71.349286946000063, 33.764150708000045 ], [ 71.352714779000053, 33.72766775100007 ], [ 71.384294985000054, 33.716817409000043 ], [ 71.380268937000039, 33.697201132000032 ], [ 71.411620714000037, 33.680097567000075 ], [ 71.406795168000031, 33.651458375000061 ], [ 71.373441, 33.649815 ], [ 71.338983, 33.624634 ], [ 71.248201, 33.672345 ], [ 71.210431, 33.723368 ], [ 71.134227, 33.745235 ], [ 71.122962, 33.732645 ], [ 71.135552, 33.678971 ], [ 71.178624, 33.646502 ], [ 71.128263, 33.648489 ], [ 71.092481, 33.627948 ], [ 71.091155, 33.612707 ], [ 71.127601, 33.604755 ], [ 71.126275, 33.592828 ], [ 71.060011, 33.582225 ], [ 71.008325, 33.546443 ], [ 70.837280273000033, 33.559692383000026 ], [ 70.736638502000062, 33.59001900100003 ], [ 70.750401305000082, 33.645983923000074 ], [ 70.631704274000072, 33.673109778000025 ], [ 70.618027132000066, 33.714712273000032 ], [ 70.58524767800003, 33.740010702000063 ], [ 70.616112882000039, 33.798141890000068 ], [ 70.642724774000044, 33.796314464000034 ], [ 70.658571984000048, 33.761193620000029 ], [ 70.698889570000063, 33.739207401000044 ], [ 70.844541134000053, 33.782951411000056 ], [ 70.888427912000054, 33.771615659000076 ], [ 70.972061206000035, 33.789347402000033 ], [ 70.984596207000038, 33.795743393000066 ], [ 70.974231275000079, 33.838916333000043 ], [ 71.096468943000048, 33.839487404000067 ] ] ] } },
{ "type": "Feature", "properties": { "OBJECTID": 54, "PROVINCE": "FATA", "DISTRICT": "S. WAZIRASTAN", "Shape_Area": 0.59667007694999996 }, "geometry": { "type": "Polygon", "coordinates": [ [ [ 70.349925356000028, 32.768282169000031 ], [ 70.381618676000073, 32.76707873600003 ], [ 70.373913039000058, 32.707939234000037 ], [ 70.336181430000067, 32.699383056000045 ], [ 70.257968548000065, 32.623335484000052 ], [ 70.225855946000081, 32.609484095000028 ], [ 70.199420135000082, 32.625949965000075 ], [ 70.112022534000062, 32.524489749000054 ], [ 70.088751406000029, 32.405112193000036 ], [ 70.114259227000048, 32.376963170000067 ], [ 70.089084530000036, 32.355452843000023 ], [ 70.098745142000041, 32.34203268300007 ], [ 70.074950532000059, 32.314192990000038 ], [ 70.074522229000081, 32.271386487000029 ], [ 70.054177838000044, 32.263415293000037 ], [ 70.058318100000065, 32.238883050000027 ], [ 70.09731746500006, 32.22087053100006 ], [ 70.070025, 32.165498 ], [ 70.105145, 32.121764 ], [ 70.099844, 32.094596 ], [ 70.123037, 32.026343 ], [ 70.187975, 31.977308 ], [ 70.22177, 31.836828 ], [ 70.213252435000072, 31.814810967000028 ], [ 70.153768508000041, 31.849222747000056 ], [ 70.09630452600004, 31.843119429000069 ], [ 70.050297648000083, 31.856789433000074 ], [ 70.019174299000042, 31.890375524000035 ], [ 69.959551789000045, 31.896228998000026 ], [ 69.956849, 31.934927 ], [ 69.894875, 31.884986 ], [ 69.853959, 31.884384 ], [ 69.850951, 31.920486 ], [ 69.879832, 31.978851 ], [ 69.802213, 32.021571 ], [ 69.849146, 32.098589 ], [ 69.657806, 32.05647 ], [ 69.628322, 32.001114 ], [ 69.547695, 31.952376 ], [ 69.523025, 31.972232 ], [ 69.323253, 31.947131 ], [ 69.297044, 32.00348 ], [ 69.274767, 32.13911 ], [ 69.281974, 32.354023 ], [ 69.242661, 32.433304 ], [ 69.242006, 32.458858 ], [ 69.295829, 32.538066 ], [ 69.39093, 32.5651 ], [ 69.413262123000038, 32.604759659000024 ], [ 69.46043852300005, 32.593905106000079 ], [ 69.502849720000029, 32.559844235000071 ], [ 69.610139615000037, 32.589968211000041 ], [ 69.603358151000066, 32.648467259000029 ], [ 69.641048813000054, 32.66224433800005 ], [ 69.650614246000032, 32.690333874000032 ], [ 69.71796488800004, 32.713783462000038 ], [ 69.735310913000035, 32.717225486000075 ], [ 69.757554742000082, 32.695698105000076 ], [ 69.800241625000069, 32.700067689000036 ], [ 69.853232228000081, 32.655729596000072 ], [ 69.872628754000061, 32.659814238000024 ], [ 69.883055700000057, 32.685092610000027 ], [ 69.943822183000066, 32.678935037000031 ], [ 69.978412322000054, 32.70365888200007 ], [ 70.050921197000036, 32.668511887000079 ], [ 70.146276406000084, 32.731273057000067 ], [ 70.253307165000081, 32.719978534000063 ], [ 70.313682080000035, 32.762500293000073 ], [ 70.349925356000028, 32.768282169000031 ] ] ] } },
{ "type": "Feature", "properties": { "OBJECTID": 55, "PROVINCE": "FEDERAL CAPITAL TERRITORY", "DISTRICT": "ISLAMABAD", "Shape_Area": 0.08805041742 }, "geometry": { "type": "Polygon", "coordinates": [ [ [ 73.20191376300005, 33.804261327000063 ], [ 73.264111524000043, 33.773791154000037 ], [ 73.337895171000071, 33.687256791000038 ], [ 73.372771682000064, 33.677311675000055 ], [ 73.339710859000036, 33.63280345700008 ], [ 73.291183903000046, 33.622821521000049 ], [ 73.269967089000033, 33.546695793000026 ], [ 73.232663906000084, 33.50645454000005 ], [ 73.127797231000045, 33.456549184000039 ], [ 73.101632710000047, 33.513910138000028 ], [ 73.170373328000039, 33.552062579000051 ], [ 73.085437658000046, 33.665563973000076 ], [ 73.000138001000039, 33.621045958000025 ], [ 72.968704896000077, 33.63123882900004 ], [ 72.983719544000053, 33.61366070400004 ], [ 72.909488, 33.576977 ], [ 72.824859, 33.693888 ], [ 72.860629, 33.721807 ], [ 72.973717, 33.739271 ], [ 73.050583, 33.785656 ], [ 73.20191376300005, 33.804261327000063 ] ] ] } },
{ "type": "Feature", "properties": { "OBJECTID": 56, "PROVINCE": "GILGIT BALTISTAN", "DISTRICT": "ASTORE", "Shape_Area": 0.51536632843999997 }, "geometry": { "type": "Polygon", "coordinates": [ [ [ 74.742063500000029, 35.729241 ], [ 74.860833, 35.714578 ], [ 74.876229500000079, 35.695516 ], [ 74.877695500000073, 35.64053 ], [ 74.83443950000003, 35.614137 ], [ 74.869630500000085, 35.576013 ], [ 74.863765500000056, 35.562084 ], [ 74.95174250000008, 35.51223 ], [ 74.97886950000003, 35.479971 ], [ 75.007461500000034, 35.477039 ], [ 75.014060500000085, 35.447713 ], [ 75.067579500000079, 35.438182 ], [ 75.10497, 35.386862 ], [ 75.173885519000066, 35.338473819000058 ], [ 75.192214500000034, 35.27615650000007 ], [ 75.172419500000046, 35.228502 ], [ 75.209076500000037, 35.188912 ], [ 75.236202500000047, 35.193311 ], [ 75.245733500000028, 35.166184500000043 ], [ 75.27212650000007, 35.15812 ], [ 75.226672, 35.144923 ], [ 75.197346500000037, 35.109732 ], [ 75.228138500000057, 35.019555 ], [ 75.19588, 34.938176 ], [ 75.160689500000046, 34.935243 ], [ 75.104970500000036, 34.899319 ], [ 75.142360500000052, 34.872193 ], [ 75.15042550000004, 34.839201 ], [ 75.249399500000038, 34.793013 ], [ 75.26113, 34.689639 ], [ 75.216481722000083, 34.636977312000056 ], [ 75.20063250000004, 34.672018 ], [ 75.140752500000076, 34.692746 ], [ 75.107741, 34.660502500000064 ], [ 75.077033, 34.653593 ], [ 75.050931500000047, 34.619046500000024 ], [ 74.895088500000043, 34.656664 ], [ 74.822157, 34.748020500000052 ], [ 74.776017, 34.762199 ], [ 74.752845, 34.822803 ], [ 74.665504500000054, 34.900043500000038 ], [ 74.607277, 34.911332500000071 ], [ 74.570439500000077, 34.896479 ], [ 74.566280500000062, 34.955894 ], [ 74.588858, 34.998674 ], [ 74.539543500000036, 35.026005 ], [ 74.538355, 35.06819 ], [ 74.509836, 35.101463 ], [ 74.463492, 35.107998500000065 ], [ 74.455767500000036, 35.131765 ], [ 74.409909, 35.148539 ], [ 74.481696, 35.217511 ], [ 74.557237, 35.230179 ], [ 74.604157, 35.262554 ], [ 74.639816, 35.266777 ], [ 74.674536, 35.330588 ], [ 74.715826, 35.351232 ], [ 74.730371, 35.395806 ], [ 74.71301, 35.468063 ], [ 74.677351, 35.509821 ], [ 74.665621, 35.568002 ], [ 74.62574, 35.5985 ], [ 74.634185, 35.613514 ], [ 74.612447360000033, 35.632390717000078 ], [ 74.61596250000008, 35.664724 ], [ 74.656285500000081, 35.70578 ], [ 74.625493500000061, 35.729241 ], [ 74.621828, 35.748303 ], [ 74.653353500000037, 35.77323 ], [ 74.622561500000074, 35.797424 ], [ 74.666549500000031, 35.839946 ], [ 74.730333778000045, 35.859740769000041 ], [ 74.740597500000035, 35.791558500000065 ], [ 74.762591500000042, 35.764432 ], [ 74.742063500000029, 35.729241 ] ] ] } },
{ "type": "Feature", "properties": { "OBJECTID": 57, "PROVINCE": "GILGIT BALTISTAN", "DISTRICT": "DIAMIR", "Shape_Area": 0.68613158417999998 }, "geometry": { "type": "Polygon", "coordinates": [ [ [ 73.354104500000062, 35.940861 ], [ 73.38377950000006, 35.901852 ], [ 73.472565, 35.871699 ], [ 73.505590500000039, 35.875767 ], [ 73.518274, 35.856861 ], [ 73.558479, 35.881511 ], [ 73.626922500000035, 35.860451 ], [ 73.681007500000078, 35.882707 ], [ 73.737486, 35.855904 ], [ 73.764289500000075, 35.85375 ], [ 73.780084, 35.87481 ], [ 73.836801500000036, 35.873853 ], [ 73.880356500000062, 35.845374 ], [ 73.949209606000068, 35.853386756000077 ], [ 73.969329, 35.820884 ], [ 74.027248, 35.829682 ], [ 74.050708, 35.778362 ], [ 74.099829, 35.769564 ], [ 74.14088526900008, 35.725575094000078 ], [ 74.171677, 35.722643 ], [ 74.22593, 35.649328 ], [ 74.244992, 35.636864 ], [ 74.283848500000033, 35.644196 ], [ 74.395286500000054, 35.572348 ], [ 74.409949760000075, 35.589209940000046 ], [ 74.473732785000038, 35.563550153000051 ], [ 74.486196988000074, 35.579678985000044 ], [ 74.53311750000006, 35.57748 ], [ 74.566843, 35.623668 ], [ 74.612447360000033, 35.632390717000078 ], [ 74.634185, 35.613514 ], [ 74.62574, 35.5985 ], [ 74.665621, 35.568002 ], [ 74.677351, 35.509821 ], [ 74.705972, 35.484485 ], [ 74.728025, 35.379384 ], [ 74.715826, 35.351232 ], [ 74.674536, 35.330588 ], [ 74.639816, 35.266777 ], [ 74.463397, 35.204374 ], [ 74.411786, 35.155577 ], [ 74.438822565000066, 35.130863435000037 ], [ 74.426654, 35.107998500000065 ], [ 74.371992, 35.063437 ], [ 74.301287, 35.065813 ], [ 74.25732, 35.03967 ], [ 74.223453, 35.081261 ], [ 74.169385, 35.078885 ], [ 74.128388, 35.104433500000027 ], [ 74.11234150000007, 35.153154500000028 ], [ 74.035694, 35.14959 ], [ 74.003015, 35.184645 ], [ 73.95786, 35.165038 ], [ 73.925778, 35.210193500000059 ], [ 73.871116, 35.204846 ], [ 73.809335193000038, 35.242867025000066 ], [ 73.74990850000006, 35.220888 ], [ 73.73027090800008, 35.273694382000031 ], [ 73.711870908000037, 35.279694382000059 ], [ 73.692869500000029, 35.349226 ], [ 73.727330500000051, 35.419337 ], [ 73.754661500000054, 35.443103 ], [ 73.79447, 35.44904450000007 ], [ 73.785556824000082, 35.524488677000079 ], [ 73.499870908000048, 35.542894382000043 ], [ 73.417776, 35.525096500000075 ], [ 73.401139500000056, 35.536385500000051 ], [ 73.395198, 35.586889 ], [ 73.355983500000036, 35.609467 ], [ 73.331029500000056, 35.662941 ], [ 73.29062650000003, 35.670665 ], [ 73.240123500000038, 35.657593500000075 ], [ 73.114757, 35.739587 ], [ 73.120104, 35.765136 ], [ 73.15813, 35.761571 ], [ 73.200315, 35.78712 ], [ 73.194131718000051, 35.83620425600003 ], [ 73.26819050000006, 35.867152 ], [ 73.267233, 35.932963 ], [ 73.354104500000062, 35.940861 ] ] ] } },
{ "type": "Feature", "properties": { "OBJECTID": 58, "PROVINCE": "GILGIT BALTISTAN", "DISTRICT": "GHANCHE", "Shape_Area": 0.84678047623999997 }, "geometry": { "type": "Polygon", "coordinates": [ [ [ 76.708998, 35.426741 ], [ 76.725549, 35.425314 ], [ 76.829133, 35.577125 ], [ 76.896455526000068, 35.628284049000058 ], [ 76.966057, 35.596053 ], [ 77.010925, 35.615567 ], [ 77.052996, 35.603247 ], [ 77.186395, 35.522136 ], [ 77.323878, 35.538573 ], [ 77.345782, 35.497574 ], [ 77.376217, 35.496476 ], [ 77.387517, 35.467725 ], [ 77.451126, 35.462595 ], [ 77.505497, 35.486216 ], [ 77.637836, 35.456448 ], [ 77.63886, 35.47493 ], [ 77.661427, 35.483146 ], [ 77.69016, 35.451317 ], [ 77.681845, 35.422831 ], [ 77.611985, 35.371395 ], [ 77.607379, 35.340687 ], [ 77.446920068000054, 35.251128749000031 ], [ 77.172067602000084, 35.059707780000053 ], [ 77.053849761000038, 35.037444801000049 ], [ 76.967870239000035, 35.002902376000065 ], [ 76.950207445000046, 34.982171784000059 ], [ 76.836593766000078, 34.935340514000075 ], [ 76.674609, 34.822488500000077 ], [ 76.566364500000077, 34.791780500000073 ], [ 76.507435220000048, 34.800181384000041 ], [ 76.462164, 34.832055 ], [ 76.39481950000004, 35.010974 ], [ 76.332326500000079, 35.048071 ], [ 76.290094500000066, 35.04949750000003 ], [ 76.267551, 35.073753 ], [ 76.187651500000072, 35.080031 ], [ 76.075221, 35.131395 ], [ 76.001884500000074, 35.144807 ], [ 75.910857, 35.226705 ], [ 75.914281, 35.264657 ], [ 75.993325, 35.375376 ], [ 76.006166, 35.461269 ], [ 76.149415, 35.522336 ], [ 76.22161, 35.593104 ], [ 76.404523, 35.679853 ], [ 76.453319, 35.680424 ], [ 76.609979, 35.564569 ], [ 76.67019, 35.459557 ], [ 76.708998, 35.426741 ] ] ] } },
{ "type": "Feature", "properties": { "OBJECTID": 59, "PROVINCE": "GILGIT BALTISTAN", "DISTRICT": "GHIZER", "Shape_Area": 1.2136217550699999 }, "geometry": { "type": "Polygon", "coordinates": [ [ [ 73.728568775000042, 36.90991907700004 ], [ 73.842408, 36.90725 ], [ 73.910889, 36.888572 ], [ 73.974922, 36.840542 ], [ 74.046054192000042, 36.835603803000026 ], [ 74.068868, 36.804377 ], [ 74.111192500000072, 36.800144 ], [ 74.114367, 36.75782 ], [ 74.09955350000007, 36.731367 ], [ 74.195841500000029, 36.728193 ], [ 74.187376500000084, 36.691159 ], [ 74.246630500000038, 36.682694 ], [ 74.320698500000049, 36.641427 ], [ 74.281208500000048, 36.596105 ], [ 74.235738500000082, 36.601609 ], [ 74.202474, 36.58031 ], [ 74.187397, 36.53819 ], [ 74.123979, 36.527661 ], [ 74.119432, 36.484584 ], [ 74.080663, 36.430738 ], [ 74.105312500000082, 36.396995 ], [ 74.043808500000068, 36.350328 ], [ 74.030646500000046, 36.312517 ], [ 74.045483500000046, 36.239765 ], [ 74.120389, 36.167013 ], [ 74.094543, 36.120586 ], [ 74.11440650000003, 36.06004 ], [ 74.085209500000076, 36.027253500000029 ], [ 74.078269344000034, 35.96503202100007 ], [ 74.005519, 35.949476 ], [ 73.999775, 35.898981 ], [ 73.948800985000048, 35.906877945000076 ], [ 73.947604500000068, 35.851596 ], [ 73.880356500000062, 35.845374 ], [ 73.836801500000036, 35.873853 ], [ 73.780084, 35.87481 ], [ 73.753041500000052, 35.85375 ], [ 73.681007500000078, 35.882707 ], [ 73.626922500000035, 35.860451 ], [ 73.558479, 35.881511 ], [ 73.518274, 35.856861 ], [ 73.505590500000039, 35.875767 ], [ 73.472565, 35.871699 ], [ 73.38377950000006, 35.901852 ], [ 73.380429, 35.921237 ], [ 73.341899500000068, 35.946604 ], [ 73.267233, 35.932963 ], [ 73.26819050000006, 35.867152 ], [ 73.194131718000051, 35.83620425600003 ], [ 73.17833150000007, 35.860201 ], [ 73.129070908000074, 35.84589438200004 ], [ 73.092179, 35.875649 ], [ 73.026270908000072, 35.842294382000034 ], [ 72.998896500000058, 35.862578 ], [ 72.903831500000081, 35.841782 ], [ 72.89076, 35.877431500000057 ], [ 72.836692, 35.873272500000041 ], [ 72.819470908000028, 35.888094382000077 ], [ 72.785718216000078, 35.848077587000034 ], [ 72.683368444000052, 35.820428002000028 ], [ 72.579607645000067, 35.846488843000031 ], [ 72.509905801000059, 35.902388047000045 ], [ 72.568133406000072, 36.012306672000079 ], [ 72.521196337000049, 36.078852052000059 ], [ 72.549121, 36.232737 ], [ 72.593684584000073, 36.269575264000025 ], [ 72.686372003000031, 36.275517671000046 ], [ 72.721755936000079, 36.313464468000063 ], [ 72.848344438000083, 36.376432715000078 ], [ 72.87148796300005, 36.452444635000063 ], [ 72.96740791600007, 36.476936813000066 ], [ 72.970379190000074, 36.509020636000059 ], [ 73.041083558000082, 36.547641244000033 ], [ 73.074950890000082, 36.609433538000076 ], [ 73.049402647000079, 36.673008038000035 ], [ 73.06188028400004, 36.697367953000025 ], [ 73.152191464000055, 36.730047189000061 ], [ 73.26805108700006, 36.721134795000069 ], [ 73.374404694000077, 36.757973083000024 ], [ 73.506900530000053, 36.730048880000027 ], [ 73.568692660000067, 36.73599013900008 ], [ 73.603747180000084, 36.709847462000027 ], [ 73.775457170000038, 36.728267171000027 ], [ 73.834277598000028, 36.709848561000058 ], [ 73.851508551000052, 36.71757309700007 ], [ 73.868144779000033, 36.755004454000073 ], [ 73.839032403000033, 36.801349040000048 ], [ 73.793282814000065, 36.812042758000075 ], [ 73.78496407800003, 36.834620584000049 ], [ 73.697029866000037, 36.854822045000049 ], [ 73.650573, 36.915757 ], [ 73.728568775000042, 36.90991907700004 ] ] ] } },
{ "type": "Feature", "properties": { "OBJECTID": 60, "PROVINCE": "GILGIT BALTISTAN", "DISTRICT": "GILGIT", "Shape_Area": 0.3999657909 }, "geometry": { "type": "Polygon", "coordinates": [ [ [ 74.21887, 36.195096 ], [ 74.270268, 36.177264 ], [ 74.341596500000037, 36.177264 ], [ 74.427609500000074, 36.086006 ], [ 74.489497500000084, 36.155236 ], [ 74.583902500000079, 36.15104 ], [ 74.720265078000068, 36.097544190000065 ], [ 74.743342, 36.062929 ], [ 74.853481, 36.046146 ], [ 74.877607, 36.006286 ], [ 74.943678500000033, 35.963848 ], [ 74.927549, 35.940387 ], [ 74.962739500000055, 35.927191 ], [ 74.970071500000074, 35.869272 ], [ 74.915085500000032, 35.85021 ], [ 74.880627, 35.805488 ], [ 74.848369, 35.796691 ], [ 74.830774, 35.763699 ], [ 74.750861984000039, 35.724109204000058 ], [ 74.762591500000042, 35.764432 ], [ 74.740597500000035, 35.791558500000065 ], [ 74.730333778000045, 35.859740769000041 ], [ 74.666549500000031, 35.839946 ], [ 74.622561500000074, 35.797424 ], [ 74.653353500000037, 35.77323 ], [ 74.621828, 35.748303 ], [ 74.625493500000061, 35.729241 ], [ 74.656285500000081, 35.70578 ], [ 74.61596250000008, 35.664724 ], [ 74.607898500000033, 35.6266 ], [ 74.566843, 35.623668 ], [ 74.53311750000006, 35.57748 ], [ 74.486196988000074, 35.579678985000044 ], [ 74.473732785000038, 35.563550153000051 ], [ 74.409949760000075, 35.589209940000046 ], [ 74.395286500000054, 35.572348 ], [ 74.283848500000033, 35.644196 ], [ 74.244992, 35.636864 ], [ 74.185607, 35.688918 ], [ 74.171677, 35.722643 ], [ 74.14088526900008, 35.725575094000078 ], [ 74.099829, 35.769564 ], [ 74.050708, 35.778362 ], [ 74.027248, 35.829682 ], [ 74.003787042000056, 35.816485045000036 ], [ 73.9554, 35.831881 ], [ 73.945929, 35.896588 ], [ 73.948800985000048, 35.906877945000076 ], [ 73.999775, 35.898981 ], [ 74.005519, 35.949476 ], [ 74.078269344000034, 35.96503202100007 ], [ 74.085209500000076, 36.027253500000029 ], [ 74.11440650000003, 36.06004 ], [ 74.094543, 36.120586 ], [ 74.121346500000072, 36.155287 ], [ 74.117995500000063, 36.173475 ], [ 74.045483500000046, 36.239765 ], [ 74.03543250000007, 36.266807500000027 ], [ 74.035193, 36.33238 ], [ 74.075398, 36.380721 ], [ 74.08985, 36.338801 ], [ 74.149639500000035, 36.302088 ], [ 74.164325, 36.241249 ], [ 74.21887, 36.195096 ] ] ] } },
{ "type": "Feature", "properties": { "OBJECTID": 61, "PROVINCE": "GILGIT BALTISTAN", "DISTRICT": "HUNZA NAGAR", "Shape_Area": 1.4572633828799999 }, "geometry": { "type": "Polygon", "coordinates": [ [ [ 74.780823748000046, 37.034333224000079 ], [ 74.793538, 37.05711 ], [ 74.840672, 37.065585 ], [ 74.842791, 37.023739 ], [ 74.902106, 36.940578 ], [ 74.939176, 36.947994 ], [ 74.923289, 36.983483 ], [ 74.937058, 36.992488 ], [ 74.996934, 37.00064 ], [ 75.033441, 37.025859 ], [ 75.063627, 37.013147 ], [ 75.145711, 37.034335 ], [ 75.1706, 37.022682 ], [ 75.168733, 36.999313 ], [ 75.241032, 36.971832 ], [ 75.281808, 36.982956 ], [ 75.417902, 36.959121 ], [ 75.394073, 36.928399 ], [ 75.433261, 36.87649 ], [ 75.42638, 36.784323 ], [ 75.460103, 36.729847 ], [ 75.503693, 36.748835 ], [ 75.534407, 36.734004 ], [ 75.539701, 36.780087 ], [ 75.67685, 36.771084 ], [ 75.735626, 36.753075 ], [ 75.846823, 36.686336 ], [ 75.941074, 36.606355 ], [ 75.93578, 36.575633 ], [ 75.998261, 36.501477 ], [ 76.038514, 36.415137 ], [ 75.994039, 36.364286 ], [ 75.992981, 36.325089 ], [ 76.067114, 36.233983 ], [ 76.0094, 36.23663 ], [ 76.016815, 36.172538 ], [ 75.970241, 36.1659 ], [ 75.973323, 36.153578 ], [ 75.935348, 36.141256 ], [ 75.956907, 36.085809 ], [ 75.948865692000084, 36.073338467000042 ], [ 75.848377, 36.023233 ], [ 75.784594, 36.018101 ], [ 75.766265, 36.023966 ], [ 75.749403, 36.069421500000033 ], [ 75.727409, 36.071621 ], [ 75.731074, 36.107545 ], [ 75.680488, 36.139803500000028 ], [ 75.605707, 36.126607 ], [ 75.485471500000074, 36.146402 ], [ 75.339576500000078, 36.252708 ], [ 75.216407500000059, 36.202854 ], [ 75.152624, 36.083351 ], [ 75.110101500000042, 36.052559 ], [ 75.049250500000085, 36.037896 ], [ 75.041186500000038, 36.067222 ], [ 75.01405950000003, 36.087017 ], [ 74.993531500000074, 36.052559 ], [ 74.910686500000054, 36.049626 ], [ 74.894384709000065, 36.004421957000034 ], [ 74.877607, 36.006286 ], [ 74.853481, 36.046146 ], [ 74.743342, 36.062929 ], [ 74.720265078000068, 36.097544190000065 ], [ 74.673062500000071, 36.106984 ], [ 74.623762500000055, 36.14369750000003 ], [ 74.489497500000084, 36.155236 ], [ 74.427609500000074, 36.086006 ], [ 74.341596500000037, 36.177264 ], [ 74.228310500000077, 36.184606 ], [ 74.164325, 36.241249 ], [ 74.149639500000035, 36.302088 ], [ 74.08985, 36.338801 ], [ 74.081143590000067, 36.384287434000044 ], [ 74.105312500000082, 36.396995 ], [ 74.080663, 36.430738 ], [ 74.119432, 36.484584 ], [ 74.123979, 36.527661 ], [ 74.187397, 36.53819 ], [ 74.202474, 36.58031 ], [ 74.235738500000082, 36.601609 ], [ 74.281208500000048, 36.596105 ], [ 74.320698500000049, 36.641427 ], [ 74.246630500000038, 36.682694 ], [ 74.187376500000084, 36.691159 ], [ 74.195841500000029, 36.728193 ], [ 74.09955350000007, 36.731367 ], [ 74.114367, 36.75782 ], [ 74.111192500000072, 36.800144 ], [ 74.068868, 36.804377 ], [ 74.046054192000042, 36.835603803000026 ], [ 74.129668, 36.857441 ], [ 74.151013, 36.917923 ], [ 74.242614, 36.90547 ], [ 74.277298, 36.915254 ], [ 74.424037, 37.006866 ], [ 74.521861, 37.005977 ], [ 74.53698, 36.976625 ], [ 74.562769, 36.971289 ], [ 74.573441, 37.038886 ], [ 74.689049, 37.095811 ], [ 74.704166, 37.09759 ], [ 74.734752, 37.037511 ], [ 74.780823748000046, 37.034333224000079 ] ] ] } },
{ "type": "Feature", "properties": { "OBJECTID": 62, "PROVINCE": "GILGIT BALTISTAN", "DISTRICT": "SKARDU", "Shape_Area": 1.86809480572 }, "geometry": { "type": "Polygon", "coordinates": [ [ [ 75.576381500000082, 36.128073 ], [ 75.680488, 36.139803500000028 ], [ 75.731074, 36.107545 ], [ 75.727409, 36.071621 ], [ 75.749403, 36.069421500000033 ], [ 75.766265, 36.023966 ], [ 75.784594, 36.018101 ], [ 75.848377, 36.023233 ], [ 75.948686333000069, 36.073486333000062 ], [ 75.980516, 36.034469 ], [ 76.010282, 36.023175 ], [ 76.099579, 36.024204 ], [ 76.165271, 35.908177 ], [ 76.151931, 35.829113 ], [ 76.217619, 35.826034 ], [ 76.291516, 35.844518 ], [ 76.365415, 35.828091 ], [ 76.369519, 35.864029 ], [ 76.426993, 35.85479 ], [ 76.463938, 35.886622 ], [ 76.509864, 35.886695 ], [ 76.548091, 35.925643 ], [ 76.571695, 35.929751 ], [ 76.598379, 35.901001 ], [ 76.578659, 35.869572 ], [ 76.586066, 35.841446 ], [ 76.567595, 35.82399 ], [ 76.595306, 35.773678 ], [ 76.698961, 35.744931 ], [ 76.699988, 35.725422 ], [ 76.766695, 35.655602 ], [ 76.855972, 35.6669 ], [ 76.896455526000068, 35.628284049000058 ], [ 76.829133, 35.577125 ], [ 76.725549, 35.425314 ], [ 76.67019, 35.459557 ], [ 76.609979, 35.564569 ], [ 76.438195, 35.687273 ], [ 76.329189, 35.651888 ], [ 76.22161, 35.593104 ], [ 76.149415, 35.522336 ], [ 76.006166, 35.461269 ], [ 75.993325, 35.375376 ], [ 75.914281, 35.264657 ], [ 75.910857, 35.226705 ], [ 76.001884500000074, 35.144807 ], [ 76.075221, 35.131395 ], [ 76.187651500000072, 35.080031 ], [ 76.267551, 35.073753 ], [ 76.290094500000066, 35.04949750000003 ], [ 76.332326500000079, 35.048071 ], [ 76.39481950000004, 35.010974 ], [ 76.452176500000064, 34.850032 ], [ 76.507435220000048, 34.800181384000041 ], [ 76.455047, 34.771052500000053 ], [ 76.352944, 34.659735500000068 ], [ 76.281548500000042, 34.622885500000052 ], [ 76.185587, 34.60139 ], [ 76.018229, 34.671250500000042 ], [ 76.005946, 34.646684500000049 ], [ 75.926106, 34.592177500000048 ], [ 75.888489, 34.53306450000008 ], [ 75.84473, 34.529993500000046 ], [ 75.827073, 34.51387150000005 ], [ 75.653574, 34.510800500000073 ], [ 75.326534500000037, 34.569146 ], [ 75.264351, 34.606763500000056 ], [ 75.264351, 34.628259 ], [ 75.245158500000059, 34.642077500000028 ], [ 75.216481722000083, 34.636977312000056 ], [ 75.26113, 34.689639 ], [ 75.249399500000038, 34.793013 ], [ 75.15042550000004, 34.839201 ], [ 75.142360500000052, 34.872193 ], [ 75.104970500000036, 34.899319 ], [ 75.160689500000046, 34.935243 ], [ 75.19588, 34.938176 ], [ 75.228138500000057, 35.019555 ], [ 75.197346500000037, 35.109732 ], [ 75.226672, 35.144923 ], [ 75.27212650000007, 35.15812 ], [ 75.245733500000028, 35.166184500000043 ], [ 75.236202500000047, 35.193311 ], [ 75.209076500000037, 35.188912 ], [ 75.172419500000046, 35.228502 ], [ 75.192214500000034, 35.27615650000007 ], [ 75.173885519000066, 35.338473819000058 ], [ 75.10497, 35.386862 ], [ 75.067579500000079, 35.438182 ], [ 75.014060500000085, 35.447713 ], [ 75.007461500000034, 35.477039 ], [ 74.97886950000003, 35.479971 ], [ 74.95174250000008, 35.51223 ], [ 74.863765500000056, 35.562084 ], [ 74.869630500000085, 35.576013 ], [ 74.83443950000003, 35.614137 ], [ 74.877695500000073, 35.64053 ], [ 74.876229500000079, 35.695516 ], [ 74.860833, 35.714578 ], [ 74.753793500000029, 35.725575 ], [ 74.830774, 35.763699 ], [ 74.848369, 35.796691 ], [ 74.880627, 35.805488 ], [ 74.915085500000032, 35.85021 ], [ 74.970071500000074, 35.869272 ], [ 74.962739500000055, 35.927191 ], [ 74.927549, 35.940387 ], [ 74.943678500000033, 35.963848 ], [ 74.895290500000044, 35.998306 ], [ 74.910686500000054, 36.049626 ], [ 74.993531500000074, 36.052559 ], [ 75.01405950000003, 36.087017 ], [ 75.041186500000038, 36.067222 ], [ 75.049250500000085, 36.037896 ], [ 75.110101500000042, 36.052559 ], [ 75.152624, 36.083351 ], [ 75.216407500000059, 36.202854 ], [ 75.339576500000078, 36.252708 ], [ 75.413623500000028, 36.207986 ], [ 75.456879, 36.157399 ], [ 75.576381500000082, 36.128073 ] ] ] } },
{ "type": "Feature", "properties": { "OBJECTID": 63, "PROVINCE": "KHYBER PAKHTUNKHWA", "DISTRICT": "ABBOTTABAD", "Shape_Area": 0.17156595485000001 }, "geometry": { "type": "Polygon", "coordinates": [ [ [ 73.401074053000059, 34.370762975000048 ], [ 73.469649, 34.27991 ], [ 73.480389, 34.291215 ], [ 73.488302, 34.279344 ], [ 73.473606, 34.256169 ], [ 73.499042, 34.207557 ], [ 73.511033, 34.018706 ], [ 73.4866, 34.016918 ], [ 73.435578, 33.967883 ], [ 73.399133, 33.975834 ], [ 73.304374, 33.846619 ], [ 73.268592, 33.83668 ], [ 73.260640260000059, 33.848606610000047 ], [ 73.21983300100004, 33.817553 ], [ 73.212689, 33.853459 ], [ 73.195225, 33.861775 ], [ 73.212135, 33.883952 ], [ 73.188294, 33.894486 ], [ 73.195225, 33.914722 ], [ 73.098479, 33.896703 ], [ 73.112063, 33.917771 ], [ 73.100955025000076, 33.93884848700003 ], [ 73.134239, 33.957966 ], [ 73.152258, 34.004537 ], [ 73.037771, 34.047227 ], [ 73.016426, 34.072176 ], [ 73.025019, 34.095184 ], [ 72.992586, 34.083541 ], [ 72.979834, 34.094629 ], [ 72.996744, 34.115974 ], [ 72.996467, 34.165595 ], [ 72.978448, 34.187217 ], [ 73.000902, 34.243213 ], [ 73.046087, 34.268716 ], [ 73.079075, 34.230461 ], [ 73.143941, 34.251252 ], [ 73.197997, 34.227135 ], [ 73.212412, 34.285348 ], [ 73.257874, 34.271765 ], [ 73.35903875300005, 34.364945119000026 ], [ 73.401074053000059, 34.370762975000048 ] ] ] } },
{ "type": "Feature", "properties": { "OBJECTID": 64, "PROVINCE": "KHYBER PAKHTUNKHWA", "DISTRICT": "BANNU", "Shape_Area": 0.11399292657 }, "geometry": { "type": "Polygon", "coordinates": [ [ [ 70.81695078000007, 33.044973982000045 ], [ 70.851464, 33.02279 ], [ 70.919363, 33.012069 ], [ 70.917219, 32.987054 ], [ 70.961889, 32.912365 ], [ 70.957958, 32.868052 ], [ 70.888987, 32.847325 ], [ 70.866831, 32.875914 ], [ 70.829665, 32.854473 ], [ 70.789998, 32.870197 ], [ 70.739967, 32.816235 ], [ 70.675285, 32.842322 ], [ 70.662062, 32.824097 ], [ 70.609173, 32.814806 ], [ 70.60417, 32.831602 ], [ 70.572722, 32.839821 ], [ 70.53091, 32.793721 ], [ 70.514829, 32.797652 ], [ 70.510183, 32.762988 ], [ 70.494459, 32.770135 ], [ 70.373515, 32.705551 ], [ 70.376828, 32.824826 ], [ 70.472911, 32.947415 ], [ 70.461646, 32.974583 ], [ 70.513995, 33.017655 ], [ 70.523272, 33.053438 ], [ 70.661101, 33.044161 ], [ 70.787351, 33.092365 ], [ 70.81695078000007, 33.044973982000045 ] ] ] } },
{ "type": "Feature", "properties": { "OBJECTID": 65, "PROVINCE": "KHYBER PAKHTUNKHWA", "DISTRICT": "BATAGRAM", "Shape_Area": 0.13352716791 }, "geometry": { "type": "Polygon", "coordinates": [ [ [ 73.023443130000032, 34.583552544000042 ], [ 72.942411, 34.566437 ], [ 72.906097, 34.598316 ], [ 72.90161, 34.765975 ], [ 72.920512001000077, 34.77157 ], [ 72.936867, 34.805667 ], [ 73.004228, 34.821191 ], [ 73.004506, 34.838932 ], [ 72.865070001000049, 34.890492 ], [ 72.862021, 34.905462 ], [ 72.939362, 34.942885 ], [ 73.05274, 34.96617 ], [ 73.108459, 34.92847 ], [ 73.20881466000003, 34.937055557000065 ], [ 73.233756, 34.915164 ], [ 73.354342, 34.931242 ], [ 73.491301, 34.898823 ], [ 73.496549, 34.874414 ], [ 73.428911, 34.803726 ], [ 73.399804, 34.801786 ], [ 73.38234, 34.771016 ], [ 73.30389, 34.794856 ], [ 73.222114, 34.782104 ], [ 73.222946, 34.743572 ], [ 73.181642, 34.647659 ], [ 73.115111999000078, 34.644055 ], [ 73.092104, 34.624928 ], [ 73.091826, 34.580574 ], [ 73.073808, 34.558398 ], [ 73.035276, 34.563387 ], [ 73.023443130000032, 34.583552544000042 ] ] ] } },
{ "type": "Feature", "properties": { "OBJECTID": 66, "PROVINCE": "KHYBER PAKHTUNKHWA", "DISTRICT": "BUNER", "Shape_Area": 0.1702397558 }, "geometry": { "type": "Polygon", "coordinates": [ [ [ 72.527986, 34.705318 ], [ 72.527154, 34.682864 ], [ 72.56236, 34.658747 ], [ 72.569013, 34.635184 ], [ 72.650512, 34.64655 ], [ 72.65467, 34.665677 ], [ 72.684054, 34.67732 ], [ 72.718151, 34.669004 ], [ 72.70235, 34.615225 ], [ 72.731734, 34.553408 ], [ 72.729516, 34.51848 ], [ 72.770543, 34.474958 ], [ 72.717042, 34.45389 ], [ 72.751693, 34.409814 ], [ 72.744797, 34.354858 ], [ 72.719259, 34.310297 ], [ 72.644968, 34.279527 ], [ 72.568735, 34.218541 ], [ 72.585368, 34.18555351200007 ], [ 72.522719, 34.153952 ], [ 72.413795718000074, 34.189170455000067 ], [ 72.460624, 34.270102 ], [ 72.45314, 34.306693 ], [ 72.485296, 34.34079 ], [ 72.468109, 34.372391 ], [ 72.447318, 34.372669 ], [ 72.423479501000031, 34.405932663000044 ], [ 72.36083, 34.435595 ], [ 72.257986, 34.435318 ], [ 72.22084, 34.45694 ], [ 72.223612, 34.487155 ], [ 72.201229, 34.515536 ], [ 72.235254, 34.535667 ], [ 72.22121, 34.570328 ], [ 72.292636, 34.61079 ], [ 72.352790500000083, 34.62465 ], [ 72.404905, 34.682587 ], [ 72.478088, 34.674548 ], [ 72.490008, 34.710308 ], [ 72.527986, 34.705318 ] ] ] } },
{ "type": "Feature", "properties": { "OBJECTID": 67, "PROVINCE": "KHYBER PAKHTUNKHWA", "DISTRICT": "CHARSADDA", "Shape_Area": 0.09701127008 }, "geometry": { "type": "Polygon", "coordinates": [ [ [ 71.757904, 34.444188 ], [ 71.831053821000069, 34.364098120000051 ], [ 71.817683857000077, 34.284138217000077 ], [ 71.837185, 34.257905 ], [ 71.893482106000079, 34.237115839000069 ], [ 71.937534, 34.140646 ], [ 71.892626, 34.12235 ], [ 71.849382, 34.049167 ], [ 71.826651, 34.047504 ], [ 71.819991424000079, 34.077094479000039 ], [ 71.775368, 34.094629 ], [ 71.737296, 34.094622 ], [ 71.710744042000044, 34.076665879000075 ], [ 71.694780596000044, 34.125834256000076 ], [ 71.581874, 34.168425 ], [ 71.494359, 34.175713 ], [ 71.501470174000076, 34.188459327000032 ], [ 71.469501125000079, 34.211492913000029 ], [ 71.494687058000068, 34.225643484000045 ], [ 71.494717282000067, 34.25079910900007 ], [ 71.507961425000076, 34.240168190000077 ], [ 71.536453606000066, 34.26466332900003 ], [ 71.533151266000061, 34.311782461000064 ], [ 71.590176771000074, 34.366765803000078 ], [ 71.623283516000072, 34.350839399000051 ], [ 71.625299505000044, 34.376021777000062 ], [ 71.657769630000075, 34.390592108000078 ], [ 71.662429178000082, 34.418437872000027 ], [ 71.715302691000034, 34.449429788000032 ], [ 71.750696, 34.457771 ], [ 71.757904, 34.444188 ] ] ] } },
{ "type": "Feature", "properties": { "OBJECTID": 68, "PROVINCE": "KHYBER PAKHTUNKHWA", "DISTRICT": "CHITRAL", "Shape_Area": 1.4792002825799999 }, "geometry": { "type": "Polygon", "coordinates": [ [ [ 73.594010528000069, 36.916017012000054 ], [ 73.65072039100005, 36.915519366000069 ], [ 73.697029866000037, 36.854822045000049 ], [ 73.78496407800003, 36.834620584000049 ], [ 73.793282814000065, 36.812042758000075 ], [ 73.839032403000033, 36.801349040000048 ], [ 73.868144779000033, 36.755004454000073 ], [ 73.861014551000039, 36.724702600000057 ], [ 73.834277598000028, 36.709848561000058 ], [ 73.775457170000038, 36.728267171000027 ], [ 73.603747180000084, 36.709847462000027 ], [ 73.568692660000067, 36.73599013900008 ], [ 73.506900530000053, 36.730048880000027 ], [ 73.374404694000077, 36.757973083000024 ], [ 73.26805108700006, 36.721134795000069 ], [ 73.152191464000055, 36.730047189000061 ], [ 73.06188028400004, 36.697367953000025 ], [ 73.049402647000079, 36.673008038000035 ], [ 73.074950890000082, 36.609433538000076 ], [ 73.041083558000082, 36.547641244000033 ], [ 72.970379190000074, 36.509020636000059 ], [ 72.96740791600007, 36.476936813000066 ], [ 72.87148796300005, 36.452444635000063 ], [ 72.848344438000083, 36.376432715000078 ], [ 72.721755936000079, 36.313464468000063 ], [ 72.686372003000031, 36.275517671000046 ], [ 72.593684584000073, 36.269575264000025 ], [ 72.549121, 36.232737 ], [ 72.521196337000049, 36.078852052000059 ], [ 72.568133406000072, 36.012306672000079 ], [ 72.50026357400003, 35.870423192000032 ], [ 72.452307064000081, 35.833278184000051 ], [ 72.416824779000081, 35.830228033000026 ], [ 72.403518536000036, 35.793637187000058 ], [ 72.369421516000045, 35.765916189000052 ], [ 72.216138396000076, 35.77655764900004 ], [ 72.188417437000055, 35.757984605000047 ], [ 72.167251057000044, 35.784832357000028 ], [ 72.124564568000039, 35.780040865000046 ], [ 72.089723286000037, 35.709916690000057 ], [ 72.111068286000034, 35.690789690000031 ], [ 72.095266286000083, 35.658079690000079 ], [ 71.993530299000042, 35.619271101000038 ], [ 71.935597985000072, 35.567418301000032 ], [ 71.916469985000049, 35.524462991000064 ], [ 71.915914985000029, 35.492861991000041 ], [ 71.933378985000047, 35.47706099100003 ], [ 71.881263985000032, 35.45349899100006 ], [ 71.89345998500005, 35.418847991000064 ], [ 71.878490985000042, 35.415798991000031 ], [ 71.85853198500007, 35.357030991000045 ], [ 71.815564985000037, 35.363129991000051 ], [ 71.777031985000065, 35.332359991000033 ], [ 71.752082985000072, 35.250029991000076 ], [ 71.669259985000053, 35.223399991000065 ], [ 71.634816985000043, 35.230397991000075 ], [ 71.558210985000073, 35.288100991000078 ], [ 71.569349985000031, 35.332655991000024 ], [ 71.650598985000045, 35.442731991000073 ], [ 71.593595985000036, 35.497770991000039 ], [ 71.61932061400006, 35.570480957000029 ], [ 71.499900985000068, 35.631435991000046 ], [ 71.550340985000048, 35.713710991000028 ], [ 71.487910985000042, 35.757845991000067 ], [ 71.488988985000049, 35.809512991000076 ], [ 71.432480985000041, 35.887554991000059 ], [ 71.384580985000071, 35.902625991000036 ], [ 71.377048985000044, 35.960213991000046 ], [ 71.321613985000056, 35.966674991000048 ], [ 71.265337985000031, 35.996395991000043 ], [ 71.211457985000038, 36.030845991000035 ], [ 71.201060985000083, 36.056020991000025 ], [ 71.245195985000066, 36.097998991000054 ], [ 71.248964985000043, 36.128676991000077 ], [ 71.410766985000066, 36.220622991000027 ], [ 71.442787985000052, 36.275766991000069 ], [ 71.57081872200007, 36.333577991000027 ], [ 71.573487722000039, 36.353145991000076 ], [ 71.555699722000043, 36.366487991000042 ], [ 71.619740722000074, 36.424299991000055 ], [ 71.641977722000036, 36.480333991000066 ], [ 71.718468722000068, 36.459874991000049 ], [ 71.788780985000074, 36.409383586000047 ], [ 71.861714985000049, 36.405824586000051 ], [ 71.86705093900008, 36.422719377000078 ], [ 71.825248854000051, 36.441397756000072 ], [ 71.819023395000045, 36.466301401000067 ], [ 71.838591940000072, 36.51077305900003 ], [ 71.914192935000074, 36.512551758000029 ], [ 71.933761611000079, 36.564139332000025 ], [ 72.018256597000061, 36.572144042000048 ], [ 72.061838569000031, 36.603274087000045 ], [ 72.109867007000048, 36.608402887000068 ], [ 72.10542193100008, 36.655542284000035 ], [ 72.20948366500005, 36.664437171000031 ], [ 72.217488751000076, 36.675110120000056 ], [ 72.201480393000054, 36.698235693000072 ], [ 72.23883698700007, 36.758716330000027 ], [ 72.302874978000034, 36.75160102500007 ], [ 72.407826140000054, 36.784509634000074 ], [ 72.495876899000052, 36.782731495000064 ], [ 72.571477935000075, 36.841433518000031 ], [ 72.645299264000073, 36.860111999000026 ], [ 72.876259147000042, 36.848699970000041 ], [ 72.938654490000033, 36.859596435000071 ], [ 72.953657681000038, 36.881327320000025 ], [ 73.019471534000047, 36.867986106000046 ], [ 73.086177156000076, 36.897337393000043 ], [ 73.243596995000075, 36.897337894000032 ], [ 73.30229586400003, 36.87954966500007 ], [ 73.396570042000064, 36.905343257000027 ], [ 73.530865020000078, 36.895559654000067 ], [ 73.594010528000069, 36.916017012000054 ] ] ] } },
{ "type": "Feature", "properties": { "OBJECTID": 69, "PROVINCE": "KHYBER PAKHTUNKHWA", "DISTRICT": "D I KHAN", "Shape_Area": 0.70346586271 }, "geometry": { "type": "Polygon", "coordinates": [ [ [ 71.299926758000083, 32.533325195000032 ], [ 71.32312011700003, 32.531311035000044 ], [ 71.350911, 32.496156 ], [ 71.333682, 32.427904 ], [ 71.344285, 32.415314 ], [ 71.326447720000033, 32.411338 ], [ 71.342297, 32.372905 ], [ 71.283322, 32.362965 ], [ 71.229648, 32.31658 ], [ 71.164709, 32.23375 ], [ 71.171335, 32.188691 ], [ 71.15479354100006, 32.166814819000024 ], [ 71.115673, 32.161522 ], [ 71.086517, 32.03562 ], [ 71.065312, 32.025018 ], [ 71.063987, 31.880562 ], [ 71.035511602000042, 31.864016311000057 ], [ 70.999048, 31.775202 ], [ 70.985900879000042, 31.776489258000026 ], [ 70.938085, 31.71689 ], [ 70.930134, 31.698336 ], [ 70.942687988000046, 31.685729980000076 ], [ 70.912902832000043, 31.687683105000076 ], [ 70.885092149000059, 31.636095641000054 ], [ 70.900329590000069, 31.586486816000047 ], [ 70.878448, 31.547254 ], [ 70.902303, 31.523399 ], [ 70.870496, 31.512796 ], [ 70.895014, 31.480327 ], [ 70.895676, 31.437918 ], [ 70.842002, 31.421352 ], [ 70.830078125000057, 31.376281738000046 ], [ 70.786341, 31.347799 ], [ 70.78369, 31.310028 ], [ 70.714113, 31.335209 ], [ 70.677667, 31.314004 ], [ 70.56303, 31.338522 ], [ 70.508415952000064, 31.297866442000043 ], [ 70.451044, 31.286836 ], [ 70.427189, 31.243101 ], [ 70.404659, 31.251716 ], [ 70.329781, 31.478339 ], [ 70.344359, 31.504182 ], [ 70.27942, 31.628759 ], [ 70.276769, 31.674481 ], [ 70.209843, 31.746046 ], [ 70.22177, 31.836828 ], [ 70.187975, 31.977308 ], [ 70.167648, 31.992409 ], [ 70.227205, 32.03235 ], [ 70.259725, 32.088448 ], [ 70.426392, 32.08357 ], [ 70.526391, 32.097391 ], [ 70.569481, 32.137228 ], [ 70.577611, 32.209585 ], [ 70.639399, 32.257553 ], [ 70.744277, 32.276252 ], [ 70.774358, 32.301455 ], [ 70.815008, 32.296577 ], [ 71.041837, 32.386821 ], [ 71.145901, 32.460804 ], [ 71.178422, 32.449422 ], [ 71.230812, 32.51026 ], [ 71.272719, 32.493506 ], [ 71.277358, 32.51206 ], [ 71.297899, 32.510072 ], [ 71.299926758000083, 32.533325195000032 ] ] ] } },
{ "type": "Feature", "properties": { "OBJECTID": 70, "PROVINCE": "KHYBER PAKHTUNKHWA", "DISTRICT": "HANGU", "Shape_Area": 0.13381524783000001 }, "geometry": { "type": "Polygon", "coordinates": [ [ [ 71.187596080000048, 33.598691046000056 ], [ 71.222406, 33.595999 ], [ 71.226694, 33.580632 ], [ 71.188456, 33.537391 ], [ 71.209183, 33.508088 ], [ 71.157723, 33.508802 ], [ 71.136996940000074, 33.474862395000059 ], [ 71.104834, 33.475568 ], [ 71.116984, 33.415174 ], [ 71.060163, 33.396948 ], [ 71.066238, 33.382296 ], [ 71.04837, 33.361569 ], [ 70.910071, 33.354422 ], [ 70.883984, 33.313683 ], [ 70.770324707000043, 33.333129883000026 ], [ 70.757507142000065, 33.215087871000037 ], [ 70.70351, 33.21711 ], [ 70.679077148000033, 33.244873047000056 ], [ 70.692321777000075, 33.254272461000028 ], [ 70.627969, 33.256868 ], [ 70.580259, 33.283374 ], [ 70.535862, 33.364879 ], [ 70.50008, 33.385421 ], [ 70.50008, 33.41524 ], [ 70.580922, 33.419878 ], [ 70.625319, 33.47554 ], [ 70.679687500000057, 33.472900391000053 ], [ 70.702185, 33.490781 ], [ 70.742675781000059, 33.482910156000059 ], [ 70.732116699000073, 33.527282715000069 ], [ 70.748718262000068, 33.582275391000053 ], [ 70.779113770000038, 33.584899902000075 ], [ 70.837280273000033, 33.559692383000026 ], [ 71.008325, 33.546443 ], [ 71.060011, 33.582225 ], [ 71.172732, 33.608506 ], [ 71.187596080000048, 33.598691046000056 ] ] ] } },
{ "type": "Feature", "properties": { "OBJECTID": 71, "PROVINCE": "KHYBER PAKHTUNKHWA", "DISTRICT": "HARIPUR", "Shape_Area": 0.18806465443000001 }, "geometry": { "type": "MultiPolygon", "coordinates": [ [ [ [ 73.011297570000067, 34.267097135000029 ], [ 73.003543458000081, 34.249184685000046 ], [ 72.971436705000031, 34.242406979000066 ], [ 72.983767226000055, 34.260636877000024 ], [ 73.011297570000067, 34.267097135000029 ] ] ], [ [ [ 72.800075216000039, 34.350031391000073 ], [ 72.836241, 34.351046 ], [ 72.865625, 34.323603 ], [ 72.853428, 34.301149 ], [ 72.905265, 34.255133 ], [ 72.992571, 34.215825 ], [ 72.978448, 34.187217 ], [ 72.996467, 34.165595 ], [ 72.996744, 34.115974 ], [ 72.979834, 34.094629 ], [ 72.992586, 34.083541 ], [ 73.025019, 34.095184 ], [ 73.016426, 34.072176 ], [ 73.037771, 34.047227 ], [ 73.15110340800004, 34.006194265000033 ], [ 73.134239, 33.957966 ], [ 73.100955025000076, 33.93884848700003 ], [ 73.112063, 33.917771 ], [ 73.098479, 33.896703 ], [ 73.195225, 33.914722 ], [ 73.188294, 33.894486 ], [ 73.212135, 33.883952 ], [ 73.195225, 33.861775 ], [ 73.212689, 33.853459 ], [ 73.21983300100004, 33.817553 ], [ 73.108233, 33.783006 ], [ 73.050583, 33.785656 ], [ 72.948537, 33.729995 ], [ 72.829262, 33.767765 ], [ 72.826611, 33.803548 ], [ 72.853881836000085, 33.79968261700003 ], [ 72.870345, 33.814813 ], [ 72.845165, 33.835354 ], [ 72.820647, 33.825415 ], [ 72.839201, 33.852583 ], [ 72.835888, 33.88704 ], [ 72.791491, 33.88836599800004 ], [ 72.78619, 33.940052 ], [ 72.770948999000041, 33.951317 ], [ 72.72589, 33.921498 ], [ 72.73582900100007, 33.907582 ], [ 72.707998, 33.902281 ], [ 72.699384, 33.8718 ], [ 72.606615, 33.87445 ], [ 72.629144, 33.916197 ], [ 72.654325, 33.926136 ], [ 72.627819, 33.947341 ], [ 72.551614999000037, 33.961256 ], [ 72.547491, 33.99013 ], [ 72.63277, 34.017843 ], [ 72.754464, 34.122073 ], [ 72.770819, 34.263726 ], [ 72.738940036000031, 34.304752963000055 ], [ 72.712811, 34.303488 ], [ 72.743099, 34.354373 ], [ 72.764444, 34.365738 ], [ 72.800075216000039, 34.350031391000073 ] ] ] ] } },
{ "type": "Feature", "properties": { "OBJECTID": 72, "PROVINCE": "KHYBER PAKHTUNKHWA", "DISTRICT": "KARAK", "Shape_Area": 0.25638493242 }, "geometry": { "type": "Polygon", "coordinates": [ [ [ 71.102675638000051, 33.369478826000034 ], [ 71.316034, 33.351206 ], [ 71.321037994000051, 33.307250054000065 ], [ 71.38572, 33.309752 ], [ 71.382615216000033, 33.289744444000064 ], [ 71.417168, 33.286523 ], [ 71.447186, 33.300818 ], [ 71.451117, 33.244712 ], [ 71.4185, 33.227712 ], [ 71.407898, 33.19458 ], [ 71.435066, 33.177351 ], [ 71.448319, 33.129641 ], [ 71.427114, 33.082594 ], [ 71.477475001000073, 33.048798999000041 ], [ 71.430841059000045, 33.004854428000044 ], [ 71.336995, 32.990487 ], [ 71.31446518000007, 33.015003641000078 ], [ 71.170672, 32.961993 ], [ 71.141516, 32.922897 ], [ 71.133564500000034, 32.808923 ], [ 71.10889, 32.802621 ], [ 70.995481, 32.814091 ], [ 70.966519306000066, 32.841933613000037 ], [ 70.953605306000043, 32.867237613000043 ], [ 70.961889, 32.912365 ], [ 70.917219, 32.987054 ], [ 70.919363, 33.012069 ], [ 70.822518, 33.03637 ], [ 70.787351, 33.092365 ], [ 70.839352, 33.153496 ], [ 70.872484, 33.168737 ], [ 70.872484, 33.183978 ], [ 70.824111, 33.209821 ], [ 70.757507, 33.215086 ], [ 70.770324707000043, 33.333129883000026 ], [ 70.883984, 33.313683 ], [ 70.910071, 33.354422 ], [ 71.04837, 33.361569 ], [ 71.062804, 33.378314 ], [ 71.102675638000051, 33.369478826000034 ] ] ] } },
{ "type": "Feature", "properties": { "OBJECTID": 73, "PROVINCE": "KHYBER PAKHTUNKHWA", "DISTRICT": "KOHAT", "Shape_Area": 0.28854053309 }, "geometry": { "type": "Polygon", "coordinates": [ [ [ 71.297237, 33.647164 ], [ 71.349585, 33.623972 ], [ 71.391995, 33.654453 ], [ 71.419163, 33.643188 ], [ 71.433741, 33.656441 ], [ 71.47615, 33.630598 ], [ 71.634521, 33.643851 ], [ 71.593437, 33.582888 ], [ 71.566932, 33.579575 ], [ 71.602050805000033, 33.543136498000024 ], [ 71.679579793000073, 33.549100512000052 ], [ 71.826024, 33.60608 ], [ 71.841265, 33.629273 ], [ 71.801507, 33.641863 ], [ 71.814659, 33.705194 ], [ 71.855072, 33.695436 ], [ 71.942541, 33.73163 ], [ 72.017573913000035, 33.718781131000071 ], [ 71.985721, 33.667043 ], [ 71.977107, 33.582888 ], [ 71.954577, 33.564997 ], [ 71.969155, 33.540479 ], [ 71.961866, 33.52325 ], [ 71.867108, 33.447709 ], [ 71.871084, 33.410601 ], [ 71.831325, 33.409276 ], [ 71.733255, 33.364216 ], [ 71.717351, 33.343012 ], [ 71.731929, 33.319819 ], [ 71.7094, 33.286687 ], [ 71.712712580000073, 33.246275647000061 ], [ 71.75976, 33.201207 ], [ 71.761086, 33.182653 ], [ 71.753797, 33.153496 ], [ 71.713375, 33.11175 ], [ 71.720664500000055, 33.057413 ], [ 71.635184, 33.08922 ], [ 71.602714, 33.132955 ], [ 71.599401, 33.187954 ], [ 71.555667, 33.22705 ], [ 71.518559, 33.217773 ], [ 71.525185500000077, 33.198556 ], [ 71.454945, 33.219098 ], [ 71.447186, 33.300818 ], [ 71.382615216000033, 33.289744444000064 ], [ 71.38572, 33.309752 ], [ 71.321037994000051, 33.307250054000065 ], [ 71.316034, 33.351206 ], [ 71.062804, 33.378314 ], [ 71.060163, 33.396948 ], [ 71.116984, 33.415174 ], [ 71.104834, 33.475568 ], [ 71.136996940000074, 33.474862395000059 ], [ 71.157723, 33.508802 ], [ 71.209183, 33.508088 ], [ 71.188456, 33.537391 ], [ 71.226694, 33.580632 ], [ 71.222406, 33.595999 ], [ 71.172732, 33.608506 ], [ 71.131227, 33.597779 ], [ 71.086517, 33.618671 ], [ 71.128263, 33.648489 ], [ 71.178624, 33.646502 ], [ 71.135552, 33.678971 ], [ 71.12495, 33.742585 ], [ 71.210431, 33.723368 ], [ 71.248201, 33.672345 ], [ 71.297237, 33.647164 ] ] ] } },
{ "type": "Feature", "properties": { "OBJECTID": 74, "PROVINCE": "KHYBER PAKHTUNKHWA", "DISTRICT": "UPPER KOHISTAN", "Shape_Area": 0.55594734958000003 }, "geometry": { "type": "Polygon", "coordinates": [ [ [ 73.559728001000053, 34.968043370000032 ], [ 73.481770908000044, 35.049494382000034 ], [ 73.422570908000068, 35.081294382000067 ], [ 73.299670908000053, 35.08309438200007 ], [ 73.112070908000078, 35.13239438200003 ], [ 73.107570908000071, 35.18639438200006 ], [ 73.041670908000071, 35.229594382000073 ], [ 73.130270908000057, 35.268894382000042 ], [ 73.112270908000085, 35.298094382000045 ], [ 73.054470908000042, 35.261094382000067 ], [ 73.028870908000044, 35.260794382000029 ], [ 73.009670908000032, 35.293194382000024 ], [ 72.981070908000049, 35.305594382000038 ], [ 72.977570908000075, 35.359194382000055 ], [ 72.951070908000077, 35.375394382000025 ], [ 72.949870908000037, 35.393494382000029 ], [ 72.888870908000058, 35.383194382000056 ], [ 72.856470908000063, 35.359394382000062 ], [ 72.749570908000067, 35.44409438200006 ], [ 72.752070908000064, 35.586294382000062 ], [ 72.795470908000084, 35.724294382000039 ], [ 72.78972260200004, 35.85238286200007 ], [ 72.819470908000028, 35.888094382000077 ], [ 72.836692, 35.873272500000041 ], [ 72.89076, 35.877431500000057 ], [ 72.903831500000081, 35.841782 ], [ 72.998896500000058, 35.862578 ], [ 73.026270908000072, 35.842294382000034 ], [ 73.092179, 35.875649 ], [ 73.129070908000074, 35.84589438200004 ], [ 73.17833150000007, 35.860201 ], [ 73.200315, 35.826928 ], [ 73.200315, 35.78712 ], [ 73.15813, 35.761571 ], [ 73.111786, 35.759194 ], [ 73.126046, 35.721168 ], [ 73.240123500000038, 35.657593500000075 ], [ 73.29062650000003, 35.670665 ], [ 73.331029500000056, 35.662941 ], [ 73.355983500000036, 35.609467 ], [ 73.395198, 35.586889 ], [ 73.405298500000072, 35.529256 ], [ 73.499870908000048, 35.542894382000043 ], [ 73.785556824000082, 35.524488677000079 ], [ 73.79447, 35.44904450000007 ], [ 73.754661500000054, 35.443103 ], [ 73.698217, 35.37121 ], [ 73.692869500000029, 35.33259 ], [ 73.711870908000037, 35.279694382000059 ], [ 73.73027090800008, 35.273694382000031 ], [ 73.74990850000006, 35.220888 ], [ 73.809335193000038, 35.242867025000066 ], [ 73.871116, 35.204846 ], [ 73.925778, 35.210193500000059 ], [ 73.957747312000038, 35.16524946800007 ], [ 73.954772, 35.144692 ], [ 73.913745, 35.108378 ], [ 73.870870908000029, 35.10849438200006 ], [ 73.849670908000064, 35.092094382000028 ], [ 73.84278, 35.034363 ], [ 73.823099, 35.004425 ], [ 73.717817026000034, 35.025478462000024 ], [ 73.683941, 35.014404 ], [ 73.662041, 34.980862 ], [ 73.63044, 35.000544 ], [ 73.594125, 34.998603 ], [ 73.559728001000053, 34.968043370000032 ] ] ] } },
{ "type": "Feature", "properties": { "OBJECTID": 75, "PROVINCE": "KHYBER PAKHTUNKHWA", "DISTRICT": "LAKKI MARWAT", "Shape_Area": 0.30596335506 }, "geometry": { "type": "Polygon", "coordinates": [ [ [ 70.883742598000083, 32.855871272000059 ], [ 70.953605306000043, 32.867237613000043 ], [ 70.995481, 32.814091 ], [ 71.10889, 32.802621 ], [ 71.142179, 32.72278 ], [ 71.134560520000036, 32.693437446000075 ], [ 71.152118500000029, 32.669106 ], [ 71.162236077000045, 32.594951964000074 ], [ 71.246250076000081, 32.53596258400006 ], [ 71.178422, 32.449422 ], [ 71.145901, 32.460804 ], [ 71.041837, 32.386821 ], [ 70.815008, 32.296577 ], [ 70.774358, 32.301455 ], [ 70.744277, 32.276252 ], [ 70.660537, 32.268122 ], [ 70.675171, 32.325845 ], [ 70.708505, 32.345357 ], [ 70.704439, 32.371373 ], [ 70.691431, 32.390886 ], [ 70.645744, 32.394568 ], [ 70.601339, 32.429105 ], [ 70.609562, 32.465286 ], [ 70.592849, 32.506758 ], [ 70.545802, 32.57236 ], [ 70.458333, 32.635973 ], [ 70.405322, 32.696936 ], [ 70.400066, 32.723464 ], [ 70.494459, 32.770135 ], [ 70.510183, 32.762988 ], [ 70.514829, 32.797652 ], [ 70.53091, 32.793721 ], [ 70.572722, 32.839821 ], [ 70.60417, 32.831602 ], [ 70.609173, 32.814806 ], [ 70.662062, 32.824097 ], [ 70.675285, 32.842322 ], [ 70.739967, 32.816235 ], [ 70.789998, 32.870197 ], [ 70.829665, 32.854473 ], [ 70.866831, 32.875914 ], [ 70.883742598000083, 32.855871272000059 ] ] ] } },
{ "type": "Feature", "properties": { "OBJECTID": 76, "PROVINCE": "KHYBER PAKHTUNKHWA", "DISTRICT": "LOWER DIR", "Shape_Area": 0.17327388636 }, "geometry": { "type": "Polygon", "coordinates": [ [ [ 71.850547258000063, 35.062046297000052 ], [ 71.891795, 35.033532 ], [ 71.912208947000067, 34.994951306000075 ], [ 71.999570040000037, 34.973312300000032 ], [ 72.01725198500003, 34.93609722900004 ], [ 72.070386880000058, 34.89514915400008 ], [ 72.127532086000031, 34.889843203000055 ], [ 72.127910884000073, 34.865836795000064 ], [ 72.192288, 34.803449 ], [ 72.189516, 34.786262 ], [ 72.123739805000071, 34.741621438000038 ], [ 72.091661, 34.660687 ], [ 72.023746, 34.639897 ], [ 71.810573, 34.627977 ], [ 71.759927, 34.656163 ], [ 71.762411, 34.731908 ], [ 71.80482, 34.754438 ], [ 71.696147, 34.808774 ], [ 71.615967, 34.814076 ], [ 71.592775, 34.891605 ], [ 71.507758, 34.981457 ], [ 71.508413, 34.996527 ], [ 71.554933, 35.02077 ], [ 71.537244, 35.054574 ], [ 71.635378, 35.026324 ], [ 71.727688, 35.027156 ], [ 71.747647, 35.049887 ], [ 71.830255, 35.073727 ], [ 71.850547258000063, 35.062046297000052 ] ], [ [ 71.979175224000073, 34.955507825000041 ], [ 71.979204668000079, 34.955500464000067 ], [ 71.979523791000076, 34.955507825000041 ], [ 71.979175224000073, 34.955507825000041 ] ] ] } },
{ "type": "Feature", "properties": { "OBJECTID": 77, "PROVINCE": "KHYBER PAKHTUNKHWA", "DISTRICT": "MALAKAND PROTECTED AREA", "Shape_Area": 0.09307513586000001 }, "geometry": { "type": "Polygon", "coordinates": [ [ [ 72.09662155500007, 34.67045700400007 ], [ 72.136846, 34.657638 ], [ 72.117273620000049, 34.628012417000036 ], [ 72.139894717000061, 34.581832741000028 ], [ 72.221209720000047, 34.570327132000045 ], [ 72.235254, 34.535667 ], [ 72.210029, 34.515153 ], [ 72.125530039000068, 34.529565309000077 ], [ 72.080574359000082, 34.488264 ], [ 71.999629359000039, 34.525964004000059 ], [ 71.959434, 34.486047 ], [ 71.960265284000059, 34.439198 ], [ 71.915357, 34.42617 ], [ 71.831057170000065, 34.364057091000063 ], [ 71.762339, 34.42617 ], [ 71.750696, 34.457771 ], [ 71.704248973000063, 34.443057961000079 ], [ 71.663015, 34.463538 ], [ 71.642473, 34.54173 ], [ 71.668316, 34.560947 ], [ 71.677593, 34.612633 ], [ 71.729942, 34.646427 ], [ 71.759927, 34.656163 ], [ 71.82776, 34.62465 ], [ 72.023746, 34.639897 ], [ 72.09662155500007, 34.67045700400007 ] ] ] } },
{ "type": "Feature", "properties": { "OBJECTID": 78, "PROVINCE": "KHYBER PAKHTUNKHWA", "DISTRICT": "MANSEHRA", "Shape_Area": 0.42159434049 }, "geometry": { "type": "MultiPolygon", "coordinates": [ [ [ [ 73.023443130000032, 34.583552544000042 ], [ 73.023257172000058, 34.583580227000027 ], [ 73.02325655900006, 34.583580392000044 ], [ 73.023443130000032, 34.583552544000042 ] ] ], [ [ [ 73.023443130000032, 34.583552544000042 ], [ 73.035276, 34.563387 ], [ 73.073808, 34.558398 ], [ 73.091826, 34.580574 ], [ 73.092104, 34.624928 ], [ 73.115111999000078, 34.644055 ], [ 73.181642, 34.647659 ], [ 73.222946, 34.743572 ], [ 73.222114, 34.782104 ], [ 73.30389, 34.794856 ], [ 73.38234, 34.771016 ], [ 73.399804, 34.801786 ], [ 73.428911, 34.803726 ], [ 73.496549, 34.874414 ], [ 73.491301, 34.898823 ], [ 73.539270908000049, 34.924294382000028 ], [ 73.566670908000049, 34.980694382000024 ], [ 73.594125, 34.998603 ], [ 73.63044, 35.000544 ], [ 73.662041, 34.980862 ], [ 73.683941, 35.014404 ], [ 73.717817026000034, 35.025478462000024 ], [ 73.823099, 35.004425 ], [ 73.84278, 35.034363 ], [ 73.849670908000064, 35.092094382000028 ], [ 73.870870908000029, 35.10849438200006 ], [ 73.913745, 35.108378 ], [ 73.954772, 35.144692 ], [ 73.957747312000038, 35.16524946800007 ], [ 74.003015, 35.184645 ], [ 74.035694, 35.14959 ], [ 74.11234150000007, 35.153154500000028 ], [ 74.115906500000051, 35.123447 ], [ 74.131948500000078, 35.119287500000041 ], [ 74.087472500000047, 35.082573500000024 ], [ 74.076733, 35.047527500000058 ], [ 74.111213500000076, 35.017569 ], [ 74.060906, 34.988741 ], [ 74.071645500000045, 34.937868 ], [ 74.038861, 34.914127 ], [ 74.045079, 34.890386500000034 ], [ 73.977811, 34.866081 ], [ 73.968202, 34.835557 ], [ 73.934287, 34.8316 ], [ 73.927504, 34.811251 ], [ 73.838196, 34.814076500000056 ], [ 73.830847500000061, 34.79146650000007 ], [ 73.777712, 34.794858 ], [ 73.727969, 34.764334 ], [ 73.664661, 34.669936 ], [ 73.699707, 34.647892 ], [ 73.659009, 34.599279 ], [ 73.656748, 34.562538 ], [ 73.564046440000084, 34.589669755000045 ], [ 73.537480500000072, 34.571582 ], [ 73.453256, 34.569321 ], [ 73.412558, 34.385613 ], [ 73.35903875300005, 34.364945119000026 ], [ 73.257874, 34.271765 ], [ 73.212412, 34.285348 ], [ 73.197997, 34.227135 ], [ 73.143941, 34.251252 ], [ 73.079075, 34.230461 ], [ 73.046087, 34.268716 ], [ 73.005892, 34.248202 ], [ 72.989537, 34.214106 ], [ 72.905265, 34.255133 ], [ 72.853428, 34.301149 ], [ 72.868707680000057, 34.329912489000037 ], [ 72.835284568000077, 34.371874515000059 ], [ 72.817712, 34.427102 ], [ 72.842414203000033, 34.454045299000029 ], [ 72.871117231000085, 34.449828645000025 ], [ 72.940259075000029, 34.566737362000026 ], [ 73.023443130000032, 34.583552544000042 ] ], [ [ 73.006187953000051, 34.26507199100007 ], [ 72.983767226000055, 34.260636877000024 ], [ 72.971436705000031, 34.242406979000066 ], [ 73.003543458000081, 34.249184685000046 ], [ 73.006187953000051, 34.26507199100007 ] ] ] ] } },
{ "type": "Feature", "properties": { "OBJECTID": 79, "PROVINCE": "KHYBER PAKHTUNKHWA", "DISTRICT": "MARDAN", "Shape_Area": 0.16055095785000001 }, "geometry": { "type": "Polygon", "coordinates": [ [ [ 72.203099, 34.510995 ], [ 72.223612, 34.487155 ], [ 72.22084, 34.45694 ], [ 72.257986, 34.435318 ], [ 72.36083, 34.435595 ], [ 72.423479501000031, 34.405932663000044 ], [ 72.434694814000068, 34.381169646000046 ], [ 72.335327, 34.324157 ], [ 72.320081, 34.271211 ], [ 72.331446, 34.24848 ], [ 72.277113, 34.257073 ], [ 72.224444, 34.232956 ], [ 72.207812, 34.205235 ], [ 72.207533949000037, 34.090748 ], [ 72.048417, 34.080769 ], [ 72.014598112000044, 34.131498 ], [ 71.937534, 34.140646 ], [ 71.893482106000079, 34.237115839000069 ], [ 71.829423, 34.265112 ], [ 71.817223802000058, 34.303654898000048 ], [ 71.835504718000038, 34.333331985000029 ], [ 71.831057170000065, 34.364057091000063 ], [ 71.915357, 34.42617 ], [ 71.960265284000059, 34.439198 ], [ 71.959434, 34.486047 ], [ 71.999629359000039, 34.525964004000059 ], [ 72.080574359000082, 34.488264 ], [ 72.125530039000068, 34.529565309000077 ], [ 72.203099, 34.510995 ] ] ] } },
{ "type": "Feature", "properties": { "OBJECTID": 80, "PROVINCE": "KHYBER PAKHTUNKHWA", "DISTRICT": "NOWSHERA", "Shape_Area": 0.17023058623000001 }, "geometry": { "type": "Polygon", "coordinates": [ [ [ 71.945669809000037, 34.13800922300004 ], [ 72.014598112000044, 34.131498 ], [ 72.048417, 34.080769 ], [ 72.248284, 34.087699 ], [ 72.235809, 34.002596 ], [ 72.209475, 33.979311 ], [ 72.233869, 33.934681 ], [ 72.247464, 33.763789 ], [ 72.193127, 33.760476 ], [ 72.085117, 33.786982 ], [ 72.071864, 33.783668 ], [ 72.083129, 33.765777 ], [ 72.040057, 33.753187 ], [ 72.017573913000035, 33.718781131000071 ], [ 71.942541, 33.73163 ], [ 71.855072, 33.695436 ], [ 71.814659, 33.705194 ], [ 71.843916, 33.718729 ], [ 71.85253, 33.771078 ], [ 71.790242, 33.784994 ], [ 71.757772, 33.813487 ], [ 71.758277450000037, 33.854624453000042 ], [ 71.740200016000074, 33.876304024000035 ], [ 71.741799704000073, 33.892911936000075 ], [ 71.769917242000076, 33.903866055000037 ], [ 71.768594761000031, 33.958794140000066 ], [ 71.752933782000071, 33.975959939000063 ], [ 71.707469644000071, 33.97787805400003 ], [ 71.717154, 34.0062 ], [ 71.692109078000044, 34.044798430000071 ], [ 71.718001170000036, 34.081800287000078 ], [ 71.753021948000082, 34.095913465000024 ], [ 71.797961169000075, 34.088912952000044 ], [ 71.819991424000079, 34.077094479000039 ], [ 71.826651, 34.047504 ], [ 71.849382, 34.049167 ], [ 71.892626, 34.12235 ], [ 71.945669809000037, 34.13800922300004 ] ] ] } },
{ "type": "Feature", "properties": { "OBJECTID": 82, "PROVINCE": "KHYBER PAKHTUNKHWA", "DISTRICT": "SHANGLA", "Shape_Area": 0.13688325322 }, "geometry": { "type": "Polygon", "coordinates": [ [ [ 72.720970908000083, 35.159494382000048 ], [ 72.746570908000081, 35.158294382000065 ], [ 72.790870908000045, 35.11129438200004 ], [ 72.789947, 35.055708 ], [ 72.8185, 34.984189 ], [ 72.882370908000041, 34.983094382000047 ], [ 72.907483, 34.967279 ], [ 72.865070001000049, 34.890492 ], [ 73.004506, 34.838932 ], [ 73.004228, 34.821191 ], [ 72.936867, 34.805667 ], [ 72.920512001000077, 34.77157 ], [ 72.83735, 34.768798 ], [ 72.818776, 34.750503 ], [ 72.797709, 34.687022 ], [ 72.805194, 34.652648 ], [ 72.77775, 34.617443 ], [ 72.819609, 34.563942 ], [ 72.75391, 34.531509 ], [ 72.731457, 34.537053 ], [ 72.70235, 34.615225 ], [ 72.718151, 34.669004 ], [ 72.666035, 34.672884 ], [ 72.650512, 34.64655 ], [ 72.581487, 34.633798 ], [ 72.527154, 34.682864 ], [ 72.527944001000037, 34.705536 ], [ 72.57678566800007, 34.75429424400005 ], [ 72.585466068000073, 34.92429504200004 ], [ 72.600337, 34.963675 ], [ 72.576774, 35.012464 ], [ 72.637285256000041, 35.070632179000029 ], [ 72.668252, 35.075667 ], [ 72.720970908000083, 35.159494382000048 ] ] ] } },
{ "type": "Feature", "properties": { "OBJECTID": 83, "PROVINCE": "KHYBER PAKHTUNKHWA", "DISTRICT": "SWABI", "Shape_Area": 0.14478121265 }, "geometry": { "type": "Polygon", "coordinates": [ [ [ 72.485296, 34.34079 ], [ 72.45314, 34.306693 ], [ 72.460624, 34.270102 ], [ 72.413795718000074, 34.189170455000067 ], [ 72.538242, 34.155061 ], [ 72.585368, 34.18555351200007 ], [ 72.568735, 34.218541 ], [ 72.644968, 34.279527 ], [ 72.738940036000031, 34.304752963000055 ], [ 72.774146, 34.246816 ], [ 72.755851, 34.198028 ], [ 72.768048, 34.178346 ], [ 72.753355502000034, 34.161159 ], [ 72.754464, 34.122073 ], [ 72.63277, 34.017843 ], [ 72.547491, 33.99013 ], [ 72.440292087000046, 34.00366487000008 ], [ 72.40252448800004, 33.991738786000042 ], [ 72.403847, 33.974509 ], [ 72.38130637900008, 33.972521 ], [ 72.38130637900008, 33.957943 ], [ 72.32386434600005, 33.947990731000061 ], [ 72.238551484000084, 33.899347857000066 ], [ 72.209475, 33.979311 ], [ 72.235809, 34.002596 ], [ 72.248284, 34.087699 ], [ 72.207533949000037, 34.090748 ], [ 72.207812, 34.205235 ], [ 72.238027, 34.250143 ], [ 72.331446, 34.24848 ], [ 72.320081, 34.271211 ], [ 72.335327, 34.324157 ], [ 72.434694814000068, 34.381169646000046 ], [ 72.468109, 34.372391 ], [ 72.485296, 34.34079 ] ] ] } },
{ "type": "Feature", "properties": { "OBJECTID": 84, "PROVINCE": "KHYBER PAKHTUNKHWA", "DISTRICT": "SWAT", "Shape_Area": 0.53151847525999996 }, "geometry": { "type": "Polygon", "coordinates": [ [ [ 72.518392870000071, 35.900606435000043 ], [ 72.568500363000055, 35.851801117000036 ], [ 72.67040069400008, 35.822191960000055 ], [ 72.787454934000039, 35.853424764000067 ], [ 72.798570908000045, 35.833294382000076 ], [ 72.795470908000084, 35.724294382000039 ], [ 72.747070908000069, 35.548694382000065 ], [ 72.755870908000077, 35.459894382000073 ], [ 72.724870908000071, 35.422694382000032 ], [ 72.741025813000078, 35.392540843000063 ], [ 72.785570908000068, 35.375694382000063 ], [ 72.762470908000068, 35.274494382000057 ], [ 72.719070908000049, 35.259694382000077 ], [ 72.724870908000071, 35.239094382000076 ], [ 72.702991461000067, 35.230939315000057 ], [ 72.685378522000065, 35.182971768000073 ], [ 72.720850966000057, 35.159717529000034 ], [ 72.699549409000042, 35.143603233000078 ], [ 72.694329845000084, 35.109894689000043 ], [ 72.576774, 35.012464 ], [ 72.600337, 34.963675 ], [ 72.585466068000073, 34.92429504200004 ], [ 72.576497, 34.753829 ], [ 72.531312, 34.705041 ], [ 72.490008, 34.710308 ], [ 72.478088, 34.674548 ], [ 72.404905, 34.682587 ], [ 72.352790500000083, 34.62465 ], [ 72.292636, 34.61079 ], [ 72.258817, 34.581406 ], [ 72.159449722000033, 34.575549003000049 ], [ 72.119401524000068, 34.616142733000061 ], [ 72.136846, 34.657638 ], [ 72.094593490000079, 34.670587488000024 ], [ 72.123739805000071, 34.741621438000038 ], [ 72.189516, 34.786262 ], [ 72.192288, 34.803449 ], [ 72.127910884000073, 34.865836795000064 ], [ 72.127532086000031, 34.889843203000055 ], [ 72.160963, 34.904353 ], [ 72.185912, 34.972823 ], [ 72.179813689000071, 34.996661648000043 ], [ 72.213092964000055, 35.035383926000065 ], [ 72.198923405000073, 35.11362676400006 ], [ 72.247452, 35.130277 ], [ 72.277922244000081, 35.180647523000061 ], [ 72.328119500000071, 35.196807 ], [ 72.284321, 35.264168 ], [ 72.315645, 35.335688 ], [ 72.364434, 35.365072 ], [ 72.351682, 35.405821 ], [ 72.371641, 35.46154 ], [ 72.333664, 35.523357 ], [ 72.214187, 35.608183 ], [ 72.212247, 35.632577 ], [ 72.259649, 35.673881 ], [ 72.291291478000062, 35.771407658000044 ], [ 72.369421516000045, 35.765916189000052 ], [ 72.403518536000036, 35.793637187000058 ], [ 72.416824779000081, 35.830228033000026 ], [ 72.452307064000081, 35.833278184000051 ], [ 72.518392870000071, 35.900606435000043 ] ] ] } },
{ "type": "Feature", "properties": { "OBJECTID": 85, "PROVINCE": "KHYBER PAKHTUNKHWA", "DISTRICT": "TANK", "Shape_Area": 0.16023873596 }, "geometry": { "type": "Polygon", "coordinates": [ [ [ 70.55416094800006, 32.465338118000034 ], [ 70.609562, 32.465286 ], [ 70.601339, 32.429105 ], [ 70.645744, 32.394568 ], [ 70.691431, 32.390886 ], [ 70.708505, 32.345357 ], [ 70.675171, 32.325845 ], [ 70.662976, 32.270561 ], [ 70.577611, 32.209585 ], [ 70.569481, 32.137228 ], [ 70.551594, 32.111212 ], [ 70.426392, 32.08357 ], [ 70.259725, 32.088448 ], [ 70.227205, 32.03235 ], [ 70.180864, 31.999017 ], [ 70.167648, 31.992409 ], [ 70.132314, 32.015079 ], [ 70.099844, 32.094596 ], [ 70.105145, 32.121764 ], [ 70.074001, 32.150257 ], [ 70.079302, 32.202606 ], [ 70.166771, 32.248991 ], [ 70.20918, 32.31393 ], [ 70.298637, 32.300014 ], [ 70.338395, 32.356339 ], [ 70.395382, 32.394109 ], [ 70.434478, 32.471638 ], [ 70.485501, 32.513385 ], [ 70.55416094800006, 32.465338118000034 ] ] ] } },
{ "type": "Feature", "properties": { "OBJECTID": 86, "PROVINCE": "KHYBER PAKHTUNKHWA", "DISTRICT": "TORDHER", "Shape_Area": 0.04587345766 }, "geometry": { "type": "Polygon", "coordinates": [ [ [ 72.901609982000082, 34.765974883000069 ], [ 72.899999, 34.626591 ], [ 72.938881, 34.558469 ], [ 72.871117231000085, 34.449828645000025 ], [ 72.842414203000033, 34.454045299000029 ], [ 72.817112, 34.421704 ], [ 72.865033650000044, 34.324303850000035 ], [ 72.82543, 34.354927 ], [ 72.804085, 34.348274 ], [ 72.764444, 34.365738 ], [ 72.744796938000036, 34.354858125000078 ], [ 72.749752, 34.418408 ], [ 72.717042, 34.45389 ], [ 72.770543, 34.474958 ], [ 72.729516, 34.51848 ], [ 72.731457, 34.537053 ], [ 72.792165, 34.540379 ], [ 72.819609, 34.563942 ], [ 72.77775, 34.617443 ], [ 72.805194, 34.652648 ], [ 72.797709, 34.687022 ], [ 72.818776, 34.750503 ], [ 72.83735, 34.768798 ], [ 72.901609982000082, 34.765974883000069 ] ] ] } },
{ "type": "Feature", "properties": { "OBJECTID": 87, "PROVINCE": "KHYBER PAKHTUNKHWA", "DISTRICT": "UPPER DIR", "Shape_Area": 0.35536058447000002 }, "geometry": { "type": "MultiPolygon", "coordinates": [ [ [ [ 71.979523791000076, 34.955507825000041 ], [ 71.979204668000079, 34.955500464000067 ], [ 71.979175224000073, 34.955507825000041 ], [ 71.979523791000076, 34.955507825000041 ] ] ], [ [ [ 72.147121047000041, 35.78708385200008 ], [ 72.188417437000055, 35.757984605000047 ], [ 72.216138396000076, 35.77655764900004 ], [ 72.291311740000083, 35.771245627000042 ], [ 72.259649, 35.673881 ], [ 72.210029, 35.622321 ], [ 72.272678, 35.559117 ], [ 72.333664, 35.523357 ], [ 72.371641, 35.46154 ], [ 72.351682, 35.405821 ], [ 72.364434, 35.365072 ], [ 72.315645, 35.335688 ], [ 72.284321, 35.264168 ], [ 72.328119500000071, 35.196807 ], [ 72.277922244000081, 35.180647523000061 ], [ 72.247452, 35.130277 ], [ 72.198923405000073, 35.11362676400006 ], [ 72.213092964000055, 35.035383926000065 ], [ 72.179813689000071, 34.996661648000043 ], [ 72.185912, 34.972823 ], [ 72.160963, 34.904353 ], [ 72.106831745000079, 34.886806771000067 ], [ 72.070386880000058, 34.89514915400008 ], [ 72.01725198500003, 34.93609722900004 ], [ 71.999570040000037, 34.973312300000032 ], [ 71.912208947000067, 34.994951306000075 ], [ 71.891795, 35.033532 ], [ 71.830255, 35.073727 ], [ 71.747647, 35.049887 ], [ 71.727688, 35.027156 ], [ 71.635378, 35.026324 ], [ 71.537244, 35.054574 ], [ 71.543795, 35.102017 ], [ 71.635889, 35.153435 ], [ 71.670044533000066, 35.223560034000059 ], [ 71.752082985000072, 35.250029991000076 ], [ 71.755963985000051, 35.295768991000045 ], [ 71.795050985000046, 35.350932991000036 ], [ 71.815564985000037, 35.363129991000051 ], [ 71.85853198500007, 35.357030991000045 ], [ 71.878490985000042, 35.415798991000031 ], [ 71.89345998500005, 35.418847991000064 ], [ 71.881263985000032, 35.45349899100006 ], [ 71.933378985000047, 35.47706099100003 ], [ 71.915914985000029, 35.492861991000041 ], [ 71.916469985000049, 35.524462991000064 ], [ 71.935597985000072, 35.567418301000032 ], [ 71.993530299000042, 35.619271101000038 ], [ 72.095266286000083, 35.658079690000079 ], [ 72.111068286000034, 35.690789690000031 ], [ 72.089723286000037, 35.709916690000057 ], [ 72.124564568000039, 35.780040865000046 ], [ 72.147121047000041, 35.78708385200008 ] ] ] ] } },
{ "type": "Feature", "properties": { "OBJECTID": 88, "PROVINCE": "PUNJAB", "DISTRICT": "ATTOCK", "Shape_Area": 0.66231982097999997 }, "geometry": { "type": "Polygon", "coordinates": [ [ [ 72.44689483500008, 33.993695079000076 ], [ 72.543002, 33.999027 ], [ 72.551614999000037, 33.961256 ], [ 72.645048, 33.939389 ], [ 72.654325, 33.926136 ], [ 72.629144, 33.916197 ], [ 72.606615, 33.87445 ], [ 72.63842100800008, 33.878425953000033 ], [ 72.646373, 33.864511 ], [ 72.699384, 33.8718 ], [ 72.707998, 33.902281 ], [ 72.73582900100007, 33.907582 ], [ 72.72589, 33.921498 ], [ 72.762335, 33.949329 ], [ 72.78619, 33.940052 ], [ 72.791491, 33.88836599800004 ], [ 72.835888, 33.88704 ], [ 72.841189, 33.871137 ], [ 72.820647, 33.825415 ], [ 72.845165, 33.835354 ], [ 72.870345, 33.814813 ], [ 72.822875977000081, 33.796691895000038 ], [ 72.767009, 33.860718 ], [ 72.737332, 33.862398 ], [ 72.697017, 33.801364 ], [ 72.748531, 33.718494 ], [ 72.730613, 33.683778 ], [ 72.749651, 33.637863 ], [ 72.810124, 33.635623 ], [ 72.823562, 33.566191 ], [ 72.84876, 33.557792 ], [ 72.857719, 33.529795 ], [ 72.893555, 33.523636 ], [ 72.93163, 33.4878 ], [ 72.77820777900007, 33.446413040000039 ], [ 72.770369, 33.39821 ], [ 72.739012, 33.390371 ], [ 72.720534, 33.366853 ], [ 72.678539, 33.3047 ], [ 72.694217, 33.277823 ], [ 72.664541, 33.275584 ], [ 72.629554827000049, 33.198756732000049 ], [ 72.55690690800003, 33.227471625000078 ], [ 72.51067047600003, 33.196608224000045 ], [ 72.497144467000055, 33.164516884000079 ], [ 72.471848264000073, 33.15834084800008 ], [ 72.302781440000047, 33.137322650000044 ], [ 72.235664, 33.143546 ], [ 72.207242764000057, 33.164638145000026 ], [ 72.202304, 33.133044 ], [ 72.171508789000029, 33.10968017600004 ], [ 71.993088954000029, 33.121218211000041 ], [ 71.908618198000056, 33.062584682000079 ], [ 71.766628694000076, 33.012805365000077 ], [ 71.714266, 33.040379 ], [ 71.713375, 33.11175 ], [ 71.753797, 33.153496 ], [ 71.761086, 33.182653 ], [ 71.75976, 33.201207 ], [ 71.712712580000073, 33.246275647000061 ], [ 71.7094, 33.286687 ], [ 71.731929, 33.319819 ], [ 71.717351, 33.343012 ], [ 71.733255, 33.364216 ], [ 71.831325, 33.409276 ], [ 71.871084, 33.410601 ], [ 71.867108, 33.447709 ], [ 71.961866, 33.52325 ], [ 71.969155, 33.540479 ], [ 71.954577, 33.564997 ], [ 71.977107, 33.582888 ], [ 71.985721, 33.667043 ], [ 72.040057, 33.753187 ], [ 72.083129, 33.765777 ], [ 72.071864, 33.783668 ], [ 72.247464, 33.763789 ], [ 72.231689453000058, 33.894287109000061 ], [ 72.32386434600005, 33.947990731000061 ], [ 72.38130637900008, 33.957943 ], [ 72.38130637900008, 33.972521 ], [ 72.403847, 33.974509 ], [ 72.40252448800004, 33.991738786000042 ], [ 72.440292087000046, 34.00366487000008 ], [ 72.44689483500008, 33.993695079000076 ] ] ] } },
{ "type": "Feature", "properties": { "OBJECTID": 89, "PROVINCE": "PUNJAB", "DISTRICT": "BAHAWALNAGAR", "Shape_Area": 0.79642644729000001 }, "geometry": { "type": "Polygon", "coordinates": [ [ [ 73.941295, 30.29831 ], [ 73.97253, 30.198311 ], [ 73.806576, 30.068107 ], [ 73.598776, 30.02017 ], [ 73.397761, 29.946431 ], [ 73.281447, 29.57026 ], [ 73.084488, 29.235909 ], [ 73.006347, 29.15499 ], [ 72.947049, 29.026562 ], [ 72.716123, 28.938911 ], [ 72.491847791000055, 28.820237079000037 ], [ 72.436053, 28.929664 ], [ 72.425009, 28.991125 ], [ 72.36931, 29.080915 ], [ 72.335218, 29.108765 ], [ 72.335218, 29.085237 ], [ 72.303047, 29.060268 ], [ 72.295365, 29.09388 ], [ 72.276638, 29.09532 ], [ 72.261753, 29.161103 ], [ 72.275678, 29.224004 ], [ 72.333778, 29.236008 ], [ 72.37075, 29.199996 ], [ 72.449978, 29.204798 ], [ 72.508557, 29.229286 ], [ 72.507117, 29.24129 ], [ 72.596427, 29.248012 ], [ 72.684297, 29.208159 ], [ 72.764965, 29.224484 ], [ 72.737596, 29.229286 ], [ 72.729913, 29.252814 ], [ 72.679495, 29.249933 ], [ 72.690059, 29.282104 ], [ 72.782731, 29.303711 ], [ 72.769286, 29.300831 ], [ 72.777929, 29.320997 ], [ 72.716468, 29.29987 ], [ 72.704944, 29.341164 ], [ 72.667011, 29.326279 ], [ 72.63388, 29.359891 ], [ 72.641082, 29.411748 ], [ 72.703984, 29.438638 ], [ 72.706385, 29.458804 ], [ 72.730393, 29.469368 ], [ 72.727992, 29.529389 ], [ 72.703504, 29.546674 ], [ 72.717909, 29.578365 ], [ 72.669412, 29.601413 ], [ 72.682377, 29.642707 ], [ 72.645404, 29.648469 ], [ 72.646845, 29.67968 ], [ 72.578181, 29.716652 ], [ 72.558494, 29.777153 ], [ 72.564145, 29.836878 ], [ 72.604771, 29.838812 ], [ 72.655553, 29.870733 ], [ 72.683604, 29.85574 ], [ 72.694244, 29.910391 ], [ 72.709721, 29.922482 ], [ 72.732452, 29.92345 ], [ 72.751798, 29.892496 ], [ 72.77066, 29.892496 ], [ 72.767275, 29.961657 ], [ 72.787588, 29.980036 ], [ 72.83837, 29.967945 ], [ 72.860134, 29.924417 ], [ 72.860134, 29.954886 ], [ 72.900759472000061, 30.00131581100004 ], [ 72.925909, 29.994061 ], [ 72.946222, 29.96069 ], [ 73.015922, 29.965205 ], [ 73.012878418000071, 29.983886719000054 ], [ 73.03210449200003, 29.990112305000025 ], [ 73.021911621000072, 30.040100098000039 ], [ 73.048095703000058, 30.038696289000029 ], [ 73.091556, 29.999805 ], [ 73.105285645000038, 30.003112793000071 ], [ 73.094108949000031, 30.026064949000045 ], [ 73.167297363000046, 30.066528320000032 ], [ 73.190917969000054, 30.050720215000069 ], [ 73.199101, 30.070975 ], [ 73.219345, 30.062434 ], [ 73.233886719000054, 30.086914063000052 ], [ 73.310729980000076, 30.112670898000033 ], [ 73.363708496000072, 30.096923828000058 ], [ 73.379715, 30.06876 ], [ 73.381286621000072, 30.152282715000069 ], [ 73.414145442000063, 30.147339114000033 ], [ 73.424926758000083, 30.171875 ], [ 73.459106445000032, 30.159301758000026 ], [ 73.462097168000071, 30.222473145000038 ], [ 73.48726, 30.206039 ], [ 73.540100098000039, 30.262329102000024 ], [ 73.568908691000047, 30.251892090000069 ], [ 73.580871582000043, 30.269287109000061 ], [ 73.628479004000042, 30.278076172000056 ], [ 73.637508, 30.252537 ], [ 73.663129, 30.276893 ], [ 73.737146, 30.266138 ], [ 73.769093, 30.279423 ], [ 73.792816, 30.321809 ], [ 73.836467, 30.315799 ], [ 73.854497, 30.298086 ], [ 73.909455791000084, 30.341058629000031 ], [ 73.941295, 30.29831 ] ] ] } },
{ "type": "Feature", "properties": { "OBJECTID": 90, "PROVINCE": "PUNJAB", "DISTRICT": "BAHAWALPUR", "Shape_Area": 2.2105081957100001 }, "geometry": { "type": "Polygon", "coordinates": [ [ [ 72.426306, 29.839779 ], [ 72.460161, 29.848485 ], [ 72.461129, 29.826721 ], [ 72.492565, 29.83059 ], [ 72.502457691000075, 29.817532 ], [ 72.512395, 29.843165 ], [ 72.542864, 29.808826 ], [ 72.563446, 29.80834799400003 ], [ 72.578181, 29.716652 ], [ 72.646845, 29.67968 ], [ 72.645404, 29.648469 ], [ 72.682377, 29.642707 ], [ 72.673734, 29.593731 ], [ 72.717909, 29.578365 ], [ 72.703504, 29.546674 ], [ 72.727992, 29.529389 ], [ 72.730393, 29.469368 ], [ 72.706385, 29.458804 ], [ 72.703984, 29.438638 ], [ 72.641082, 29.411748 ], [ 72.63196, 29.367093 ], [ 72.667011, 29.326279 ], [ 72.704944, 29.341164 ], [ 72.716468, 29.29987 ], [ 72.777929, 29.320997 ], [ 72.773128, 29.296029 ], [ 72.690059, 29.282104 ], [ 72.679495, 29.249933 ], [ 72.729913, 29.252814 ], [ 72.737596, 29.229286 ], [ 72.764965, 29.224484 ], [ 72.684297, 29.208159 ], [ 72.596427, 29.248012 ], [ 72.528244, 29.245131 ], [ 72.484069, 29.229766 ], [ 72.477347, 29.209599 ], [ 72.37075, 29.199996 ], [ 72.333778, 29.236008 ], [ 72.275678, 29.224004 ], [ 72.261753, 29.161103 ], [ 72.276638, 29.09532 ], [ 72.295365, 29.09388 ], [ 72.303047, 29.060268 ], [ 72.335218, 29.085237 ], [ 72.335218, 29.108765 ], [ 72.36931, 29.080915 ], [ 72.425009, 28.991125 ], [ 72.436053, 28.929664 ], [ 72.492158, 28.819824 ], [ 72.392789, 28.779562 ], [ 72.31574, 28.692694 ], [ 72.198486, 28.383998 ], [ 72.131341, 28.312826 ], [ 72.021223, 28.236282 ], [ 71.925373, 28.123984 ], [ 71.897302, 27.966756 ], [ 71.682709, 27.890694 ], [ 71.325379, 27.86722 ], [ 71.237836, 27.852505 ], [ 71.108518, 27.795375 ], [ 71.034156, 28.114065 ], [ 70.979243, 28.21102 ], [ 70.942349, 28.547357 ], [ 70.981818, 28.694076 ], [ 71.055606, 28.853665 ], [ 71.060754, 28.898281 ], [ 71.04102, 28.923163 ], [ 71.061612, 28.983223 ], [ 71.035872, 29.004673 ], [ 71.057322, 29.021833 ], [ 71.056464, 29.047573 ], [ 71.087352, 29.07074 ], [ 71.081346, 29.144528 ], [ 71.060754, 29.15654 ], [ 71.016138, 29.128226 ], [ 70.994687226000053, 29.076746452000066 ], [ 70.945781, 29.120504 ], [ 70.908887, 29.188286 ], [ 70.884863, 29.183996 ], [ 70.912319, 29.221748 ], [ 70.909174783000083, 29.284748609000076 ], [ 70.955324, 29.281417 ], [ 70.952203, 29.298975 ], [ 70.916362723000077, 29.321297858000037 ], [ 70.924670589000073, 29.344161204000045 ], [ 71.024384, 29.373497 ], [ 71.064994990000059, 29.441945085000043 ], [ 71.10064125100007, 29.432069778000027 ], [ 71.107896805000053, 29.450448990000041 ], [ 71.126276016000077, 29.448511124000049 ], [ 71.131111135000083, 29.472209922000047 ], [ 71.13933292300004, 29.452381976000026 ], [ 71.168835, 29.473178 ], [ 71.227840369000035, 29.480432798000038 ], [ 71.243799210000077, 29.44706153900006 ], [ 71.297968, 29.440774 ], [ 71.329889297000079, 29.462537766000025 ], [ 71.338409333000072, 29.452725977000057 ], [ 71.317269531000079, 29.41709577000006 ], [ 71.355021, 29.422873 ], [ 71.377641, 29.389972 ], [ 71.393329, 29.41555 ], [ 71.438346, 29.418961 ], [ 71.480635, 29.372238 ], [ 71.480635, 29.398839 ], [ 71.507577, 29.410093 ], [ 71.51849, 29.446244 ], [ 71.545773, 29.419302 ], [ 71.593519, 29.446244 ], [ 71.609207, 29.434648 ], [ 71.632397, 29.472504 ], [ 71.715952, 29.476937 ], [ 71.73505, 29.522978 ], [ 71.792691098000034, 29.501492 ], [ 71.826454098000056, 29.53696 ], [ 71.876587098000073, 29.515134 ], [ 71.886472, 29.54685 ], [ 71.900795, 29.536619 ], [ 71.901819, 29.501833 ], [ 71.91410109800006, 29.530139 ], [ 71.94308909800003, 29.512064 ], [ 71.912055098000053, 29.557423 ], [ 71.923649717000046, 29.566289764000032 ], [ 72.01197909800004, 29.549238 ], [ 72.028006130000051, 29.579588748000049 ], [ 72.043009, 29.557081 ], [ 72.069274098000051, 29.554353 ], [ 72.072684098000082, 29.607214 ], [ 72.125964, 29.594573 ], [ 72.166107, 29.618755 ], [ 72.196576, 29.71113 ], [ 72.244457, 29.708229 ], [ 72.217373, 29.763848 ], [ 72.248809, 29.810277 ], [ 72.310232, 29.803506 ], [ 72.340702, 29.843165 ], [ 72.372622, 29.837361 ], [ 72.402608, 29.859609 ], [ 72.426306, 29.839779 ] ] ] } },
{ "type": "Feature", "properties": { "OBJECTID": 91, "PROVINCE": "PUNJAB", "DISTRICT": "BHAKKAR", "Shape_Area": 0.81028580752000001 }, "geometry": { "type": "Polygon", "coordinates": [ [ [ 71.586387, 32.184149 ], [ 71.72734969000004, 32.186826788000076 ], [ 71.776327885000057, 32.144569 ], [ 71.761123, 32.030411 ], [ 71.730388, 32.013726 ], [ 71.714594757000043, 31.982888926000044 ], [ 71.718973, 31.9505 ], [ 71.688260350000064, 31.897852963000048 ], [ 71.635591582000075, 31.872397204000038 ], [ 71.625067035000029, 31.850458451000065 ], [ 71.711518561000048, 31.814623802000028 ], [ 71.773417, 31.674763 ], [ 71.863730627000052, 31.611663539000062 ], [ 71.920067, 31.592218 ], [ 71.961339500000065, 31.534261 ], [ 71.991396909000059, 31.530210074000024 ], [ 71.979468, 31.496099 ], [ 72.008605, 31.481075 ], [ 72.020442, 31.383647 ], [ 72.00906, 31.252984 ], [ 71.887048, 31.267097 ], [ 71.803733, 31.227489 ], [ 71.773738500000036, 31.16108150000008 ], [ 71.754424, 31.177054 ], [ 71.690251, 31.172387 ], [ 71.61091, 31.230726 ], [ 71.54207, 31.239477 ], [ 71.495397999000033, 31.224309 ], [ 71.455728, 31.150801 ], [ 71.327382, 31.137383 ], [ 71.293545, 31.163636 ], [ 71.281877, 31.235976 ], [ 71.262625, 31.227225 ], [ 71.245707, 31.240643 ], [ 71.198840233000055, 31.304233177000071 ], [ 71.194455946000062, 31.344619968000075 ], [ 70.935919543000068, 31.346872414000075 ], [ 70.924287703000061, 31.351494733000038 ], [ 70.931266707000077, 31.385319471000059 ], [ 70.920233050000036, 31.385905750000063 ], [ 70.849612079000053, 31.350299028000052 ], [ 70.80713455800003, 31.360435573000075 ], [ 70.834716797000056, 31.382873535000044 ], [ 70.824157840000055, 31.390883779000035 ], [ 70.840087891000053, 31.396911621000072 ], [ 70.842002, 31.421352 ], [ 70.895676, 31.437918 ], [ 70.895014, 31.480327 ], [ 70.870496, 31.512796 ], [ 70.902303, 31.523399 ], [ 70.878448, 31.547254 ], [ 70.900329590000069, 31.586486816000047 ], [ 70.885092149000059, 31.636095641000054 ], [ 70.912902832000043, 31.687683105000076 ], [ 70.942687988000046, 31.685729980000076 ], [ 70.930134, 31.698336 ], [ 70.938085, 31.71689 ], [ 70.985900879000042, 31.776489258000026 ], [ 70.999048, 31.775202 ], [ 71.035511602000042, 31.864016311000057 ], [ 71.063987, 31.880562 ], [ 71.065312, 32.025018 ], [ 71.086517, 32.03562 ], [ 71.115673, 32.161522 ], [ 71.15479354100006, 32.166814819000024 ], [ 71.173108090000028, 32.193250972000044 ], [ 71.218737087000079, 32.170832303000054 ], [ 71.235494, 32.195887 ], [ 71.321364, 32.166851 ], [ 71.340894700000035, 32.192045964000044 ], [ 71.449242255000058, 32.18353103100003 ], [ 71.502371, 32.205153 ], [ 71.586387, 32.184149 ] ] ] } },
{ "type": "Feature", "properties": { "OBJECTID": 92, "PROVINCE": "PUNJAB", "DISTRICT": "CHAKWAL", "Shape_Area": 0.64380639067000001 }, "geometry": { "type": "Polygon", "coordinates": [ [ [ 72.55690690800003, 33.227471625000078 ], [ 72.634743, 33.197292 ], [ 72.705844499000079, 33.213239299000065 ], [ 72.810745195000038, 33.156562712000039 ], [ 72.92633, 33.168257 ], [ 72.944272048000073, 33.117697206000059 ], [ 73.013477505000083, 33.109065514000065 ], [ 73.033822, 33.068178 ], [ 73.061004, 33.07312 ], [ 73.092511, 33.107098 ], [ 73.121545, 33.076827 ], [ 73.133283, 33.095978 ], [ 73.204559944000039, 33.095408904000067 ], [ 73.196823977000065, 33.03280281900004 ], [ 73.226911, 33.00669 ], [ 73.155889, 32.896514 ], [ 73.152702, 32.8478 ], [ 73.194420951000041, 32.846659849000048 ], [ 73.207212025000047, 32.861634380000055 ], [ 73.281043982000028, 32.811804146000043 ], [ 73.263582020000058, 32.779368005000038 ], [ 73.249665910000033, 32.785019183000031 ], [ 73.260601, 32.734893 ], [ 73.137678, 32.723511 ], [ 73.096249, 32.703024 ], [ 73.087598, 32.668423 ], [ 73.037063, 32.689366 ], [ 73.024628757000073, 32.710758954000028 ], [ 72.985593597000047, 32.667507564000061 ], [ 72.93918, 32.667968 ], [ 72.936851919000048, 32.654315384000029 ], [ 72.877718, 32.653399 ], [ 72.868613, 32.640196 ], [ 72.755706, 32.693008 ], [ 72.733397, 32.676163 ], [ 72.741592, 32.615156 ], [ 72.650903583000058, 32.591518562000033 ], [ 72.58786682200008, 32.60673754000004 ], [ 72.56151748800005, 32.661582858000031 ], [ 72.539329383000052, 32.666441235000036 ], [ 72.542090059000031, 32.691947334000076 ], [ 72.418348710000032, 32.613400908000074 ], [ 72.338791699000069, 32.694187150000062 ], [ 72.278873, 32.690131 ], [ 72.151192, 32.713068 ], [ 72.157818, 32.65853 ], [ 72.043389, 32.594052 ], [ 71.988086, 32.580545001000075 ], [ 71.98197, 32.55506 ], [ 71.930490582000061, 32.540285441000037 ], [ 71.940987, 32.559136 ], [ 71.899551430000031, 32.651911903000041 ], [ 71.913806, 32.684543 ], [ 71.893430334000072, 32.699434172000053 ], [ 71.890948, 32.746938 ], [ 71.973112, 32.803773 ], [ 71.967552, 32.837132 ], [ 71.916875351000044, 32.85882674100003 ], [ 71.896504993000065, 32.890895036000074 ], [ 71.877357, 32.983544 ], [ 71.766628694000076, 33.012805365000077 ], [ 71.908618198000056, 33.062584682000079 ], [ 71.976074219000054, 33.11749267600004 ], [ 72.071289063000052, 33.125122070000032 ], [ 72.171508789000029, 33.10968017600004 ], [ 72.202304, 33.133044 ], [ 72.207242764000057, 33.164638145000026 ], [ 72.235664, 33.143546 ], [ 72.302781440000047, 33.137322650000044 ], [ 72.471848264000073, 33.15834084800008 ], [ 72.497144467000055, 33.164516884000079 ], [ 72.51067047600003, 33.196608224000045 ], [ 72.55690690800003, 33.227471625000078 ] ] ] } },
{ "type": "Feature", "properties": { "OBJECTID": 93, "PROVINCE": "PUNJAB", "DISTRICT": "CHINIOT", "Shape_Area": 0.24816570197000001 }, "geometry": { "type": "Polygon", "coordinates": [ [ [ 72.968447291000075, 31.960553885000024 ], [ 73.141188, 31.919537 ], [ 73.16627625600006, 31.892068519000077 ], [ 73.159776256000043, 31.848868519000064 ], [ 73.203776256000083, 31.826968519000047 ], [ 73.231576256000039, 31.789268519000075 ], [ 73.148176256000056, 31.716968519000034 ], [ 73.048676256000078, 31.578568519000044 ], [ 72.892976256000054, 31.499868519000074 ], [ 72.839676256000075, 31.42576851900003 ], [ 72.825076256000045, 31.368068519000076 ], [ 72.678183, 31.370105 ], [ 72.622761, 31.419193 ], [ 72.618011, 31.461947 ], [ 72.561031927000045, 31.454821 ], [ 72.487374, 31.535569503000033 ], [ 72.458876256000053, 31.54426851900007 ], [ 72.46283, 31.575166 ], [ 72.434327, 31.606836 ], [ 72.439077, 31.663705 ], [ 72.498713, 31.684542 ], [ 72.526496, 31.731425 ], [ 72.554376256000069, 31.73316851900006 ], [ 72.564776256000073, 31.763268519000064 ], [ 72.679301, 31.774836 ], [ 72.716946737000058, 31.802039 ], [ 72.73727625600003, 31.794468519000077 ], [ 72.787575144000073, 31.836768 ], [ 72.822844, 31.839083 ], [ 72.850048, 31.822298 ], [ 72.856415, 31.852975 ], [ 72.887092, 31.87439 ], [ 72.915876256000047, 31.841968519000034 ], [ 72.983174, 31.842556 ], [ 72.979122, 31.872654 ], [ 72.897511, 31.90854 ], [ 72.899247, 31.92301 ], [ 72.9606, 31.931114 ], [ 72.943236, 31.944426 ], [ 72.950182, 31.97626 ], [ 72.968447291000075, 31.960553885000024 ] ] ] } },
{ "type": "Feature", "properties": { "OBJECTID": 94, "PROVINCE": "PUNJAB", "DISTRICT": "D G KHAN", "Shape_Area": 1.09743200529 }, "geometry": { "type": "Polygon", "coordinates": [ [ [ 70.608080126000061, 31.320969405000028 ], [ 70.677667, 31.314004 ], [ 70.714113, 31.335209 ], [ 70.76736709000005, 31.305552420000026 ], [ 70.74049, 31.27098 ], [ 70.76616, 31.251728 ], [ 70.749825, 31.184638 ], [ 70.778994, 31.113464 ], [ 70.781833190000043, 31.007814202000077 ], [ 70.767336068000077, 30.982185256000037 ], [ 70.793579, 30.954782 ], [ 70.757992, 30.911611 ], [ 70.787745, 30.873107 ], [ 70.770827, 30.841021 ], [ 70.741074, 30.844521 ], [ 70.741657, 30.775097 ], [ 70.787264512000036, 30.768311987000061 ], [ 70.795749164000028, 30.75424109800008 ], [ 70.796217500000068, 30.625165 ], [ 70.815794, 30.60923 ], [ 70.803957, 30.585556 ], [ 70.817615, 30.576451 ], [ 70.793941, 30.551411 ], [ 70.805778, 30.510891 ], [ 70.793941, 30.469917 ], [ 70.824899500000072, 30.446243 ], [ 70.836281, 30.383415 ], [ 70.828997, 30.270508 ], [ 70.805323, 30.237729 ], [ 70.841745, 30.19812 ], [ 70.847663, 30.128008 ], [ 70.888958225000067, 30.051719651000042 ], [ 70.868624530000034, 30.028741192000041 ], [ 70.880443, 29.965931 ], [ 70.864963500000044, 29.96411 ], [ 70.887727, 29.943168 ], [ 70.833094500000072, 29.909478 ], [ 70.858134, 29.887625 ], [ 70.840834, 29.832537 ], [ 70.727471500000036, 29.707793 ], [ 70.736122, 29.677745 ], [ 70.725526449000029, 29.669131245000074 ], [ 70.704163, 29.733711 ], [ 70.685016, 29.748755 ], [ 70.695957, 29.761064 ], [ 70.686384, 29.785682 ], [ 70.633045, 29.811668 ], [ 70.581438693000052, 29.777841693000028 ], [ 70.579333462000079, 29.735807385000044 ], [ 70.53047, 29.661225 ], [ 70.426527, 29.618827 ], [ 70.419689, 29.650283 ], [ 70.390968, 29.669431 ], [ 70.401909, 29.680372 ], [ 70.392380002000039, 29.702153812000063 ], [ 70.369085, 29.721402 ], [ 70.338943824000069, 29.734818683000071 ], [ 70.18445, 29.741917 ], [ 70.143431821000036, 29.759888423000064 ], [ 70.096919, 29.811668 ], [ 69.935534, 29.85133 ], [ 69.878830853000068, 29.895271476000062 ], [ 69.933505, 30.025365 ], [ 69.972116, 30.060299 ], [ 70.021835622000083, 30.217806 ], [ 70.051789, 30.225773 ], [ 70.073852, 30.255191 ], [ 70.073239, 30.274189 ], [ 70.015017, 30.278479 ], [ 69.979470001000038, 30.249062 ], [ 69.986834044000034, 30.292575 ], [ 69.961084, 30.291963 ], [ 69.998474121000072, 30.383911133000026 ], [ 70.004699707000043, 30.453125 ], [ 70.088073730000076, 30.587280273000033 ], [ 70.088684082000043, 30.689086914000029 ], [ 70.103271484000061, 30.725891113000046 ], [ 70.154724121000072, 30.73327636700003 ], [ 70.16827392600004, 30.77429199200003 ], [ 70.218471424000029, 30.783879697000032 ], [ 70.22952, 30.838027 ], [ 70.269356003000041, 30.84047898700004 ], [ 70.273071289000029, 30.860717773000033 ], [ 70.253479004000042, 30.876708984000061 ], [ 70.268744, 31.035371 ], [ 70.294494629000042, 31.086303711000028 ], [ 70.288756493000051, 31.162369314000046 ], [ 70.404187, 31.198393 ], [ 70.451044, 31.286836 ], [ 70.508415952000064, 31.297866442000043 ], [ 70.56303, 31.338522 ], [ 70.608080126000061, 31.320969405000028 ] ] ] } },
{ "type": "Feature", "properties": { "OBJECTID": 95, "PROVINCE": "PUNJAB", "DISTRICT": "FAISALABAD", "Shape_Area": 0.56430175850999997 }, "geometry": { "type": "Polygon", "coordinates": [ [ [ 73.253197797000041, 31.761549964000039 ], [ 73.296838, 31.764571 ], [ 73.293355, 31.736487 ], [ 73.337262, 31.716529 ], [ 73.370904, 31.71995 ], [ 73.371474, 31.674904 ], [ 73.38687, 31.669202 ], [ 73.378317, 31.654946 ], [ 73.454725, 31.624725 ], [ 73.453585, 31.567704 ], [ 73.490649, 31.533491 ], [ 73.487228, 31.493576 ], [ 73.466157223000039, 31.472503110000048 ], [ 73.515157223000074, 31.424603110000078 ], [ 73.540257, 31.4223 ], [ 73.585303, 31.45024 ], [ 73.67545722300008, 31.446303110000031 ], [ 73.68395, 31.382955 ], [ 73.662282, 31.351594 ], [ 73.670257223000078, 31.321903110000051 ], [ 73.653157223000051, 31.280303110000034 ], [ 73.590452170000049, 31.248377846000039 ], [ 73.532274, 31.187943 ], [ 73.460997, 31.172547 ], [ 73.439356945000043, 31.141800277000073 ], [ 73.442751, 31.114385 ], [ 73.396564, 31.066488 ], [ 73.403263999000046, 30.999071 ], [ 73.32443, 30.986013 ], [ 73.215611, 30.904761 ], [ 73.193847, 30.922172 ], [ 73.174018, 30.837051 ], [ 73.158057080000049, 30.867036920000032 ], [ 73.136777, 30.869455 ], [ 73.14113, 30.831247 ], [ 73.115497, 30.807549 ], [ 73.100988, 30.812869 ], [ 73.086962, 30.79449 ], [ 73.062297, 30.807065 ], [ 73.042467, 30.778046 ], [ 72.947673, 30.75725 ], [ 72.921557, 30.731133 ], [ 72.939935, 30.718558 ], [ 72.912367, 30.673096 ], [ 72.866421, 30.692442 ], [ 72.78662, 30.677932 ], [ 72.790973, 30.70018 ], [ 72.839337, 30.728231 ], [ 72.792424, 30.751446 ], [ 72.742608, 30.738388 ], [ 72.740674, 30.785785 ], [ 72.772111, 30.801261 ], [ 72.772111, 30.8356 ], [ 72.715525, 30.8622 ], [ 72.705368, 30.88735 ], [ 72.738256142000068, 30.934747019000042 ], [ 72.771730423000065, 30.944520950000026 ], [ 72.802741132000051, 31.023010179000039 ], [ 72.820636132000061, 31.031716179000057 ], [ 72.822509766000053, 31.067061626000054 ], [ 72.792585132000056, 31.085884179000061 ], [ 72.768886132000034, 31.069440179000026 ], [ 72.741319132000058, 31.087335179000036 ], [ 72.780977132000032, 31.119255179000049 ], [ 72.77913148500005, 31.196771727000055 ], [ 72.82450513200007, 31.222271179000074 ], [ 72.859811132000061, 31.278374179000025 ], [ 72.809902262000037, 31.332197050000048 ], [ 72.830369, 31.359831 ], [ 72.824076256000069, 31.394568519000075 ], [ 72.892976256000054, 31.499868519000074 ], [ 73.048676256000078, 31.578568519000044 ], [ 73.148176256000056, 31.716968519000034 ], [ 73.21417625600003, 31.77536851900004 ], [ 73.228547052000067, 31.783661269000049 ], [ 73.253197797000041, 31.761549964000039 ] ] ] } },
{ "type": "Feature", "properties": { "OBJECTID": 96, "PROVINCE": "PUNJAB", "DISTRICT": "GUJRANWALA", "Shape_Area": 0.34638448448999998 }, "geometry": { "type": "Polygon", "coordinates": [ [ [ 74.208953895000036, 32.53772108000004 ], [ 74.19922450100006, 32.448047 ], [ 74.246543, 32.278061 ], [ 74.272751, 32.251853 ], [ 74.328443, 32.244209001000058 ], [ 74.331354992000058, 32.205261603000054 ], [ 74.380256813000074, 32.169473587000027 ], [ 74.490421001000072, 32.149934001000076 ], [ 74.49224, 32.118267 ], [ 74.519904501000042, 32.10006700100007 ], [ 74.507164, 32.092059 ], [ 74.513716, 32.078591 ], [ 74.549387, 32.056387 ], [ 74.576837846000046, 32.058772730000044 ], [ 74.524636, 32.010524 ], [ 74.476225, 31.996328 ], [ 74.471493, 31.96648 ], [ 74.447833, 31.963568 ], [ 74.362658, 31.887857 ], [ 74.219244, 31.888585 ], [ 74.193401, 31.855098 ], [ 74.128974, 31.817606 ], [ 74.034407215000044, 31.839824647000057 ], [ 73.991382, 31.82707 ], [ 73.97762371500005, 31.852928147000057 ], [ 73.945156, 31.835442 ], [ 73.898199, 31.841266 ], [ 73.85350171500005, 31.903523647000043 ], [ 73.880801215000076, 31.943563147000077 ], [ 73.809095583000044, 31.980850882000027 ], [ 73.830907353000043, 32.051305647000049 ], [ 73.796355715000061, 32.071325647000037 ], [ 73.806838500000083, 32.139014 ], [ 73.730399500000033, 32.207445 ], [ 73.678519102000052, 32.342128669000033 ], [ 73.730411500000059, 32.361746 ], [ 73.759351500000037, 32.343224500000076 ], [ 73.783661500000051, 32.373901 ], [ 73.809708, 32.37042850000006 ], [ 73.849066500000049, 32.395317 ], [ 73.979298, 32.414996500000029 ], [ 74.058594, 32.484453500000029 ], [ 74.079430500000058, 32.468247 ], [ 74.075251340000079, 32.481781328000068 ], [ 74.168551340000079, 32.530781328000046 ], [ 74.173776, 32.546964500000058 ], [ 74.187088500000073, 32.537125 ], [ 74.189982500000042, 32.552174 ], [ 74.211572002000082, 32.552713939000057 ], [ 74.208953895000036, 32.53772108000004 ] ] ] } },
{ "type": "Feature", "properties": { "OBJECTID": 97, "PROVINCE": "PUNJAB", "DISTRICT": "GUJRAT", "Shape_Area": 0.30554033345999998 }, "geometry": { "type": "Polygon", "coordinates": [ [ [ 73.950615064000033, 33.011576406000074 ], [ 74.00099, 32.954384 ], [ 74.341251340000042, 32.809681328000067 ], [ 74.37175134000006, 32.769581328000072 ], [ 74.430251340000041, 32.783881328000064 ], [ 74.462026, 32.690509 ], [ 74.442925, 32.65578 ], [ 74.350316, 32.596163 ], [ 74.282013, 32.589796501000023 ], [ 74.225868500000047, 32.555068001000052 ], [ 74.189982500000042, 32.552174 ], [ 74.187088500000073, 32.537125 ], [ 74.173776, 32.546964500000058 ], [ 74.168551340000079, 32.530781328000046 ], [ 74.075251340000079, 32.481781328000068 ], [ 74.079430500000058, 32.468247 ], [ 74.058594, 32.484453500000029 ], [ 74.001871, 32.425994 ], [ 73.891901, 32.397632 ], [ 73.857172, 32.469404 ], [ 73.795819, 32.500081 ], [ 73.79525134000005, 32.569581328000027 ], [ 73.743751340000074, 32.582281328000079 ], [ 73.724951340000075, 32.617181328000072 ], [ 73.6789, 32.64131 ], [ 73.664451340000085, 32.688181328000042 ], [ 73.629701, 32.698033 ], [ 73.592089157000032, 32.746054713000035 ], [ 73.659419, 32.870564 ], [ 73.790537, 32.975276 ], [ 73.782885, 33.018863 ], [ 73.829718, 33.01204 ], [ 73.904332, 33.039172 ], [ 73.950615064000033, 33.011576406000074 ] ] ] } },
{ "type": "Feature", "properties": { "OBJECTID": 98, "PROVINCE": "PUNJAB", "DISTRICT": "HAFIZABAD", "Shape_Area": 0.21705032613 }, "geometry": { "type": "Polygon", "coordinates": [ [ [ 73.713655999000082, 32.244209011000066 ], [ 73.755151, 32.176506 ], [ 73.806838500000083, 32.139014 ], [ 73.796355715000061, 32.071325647000037 ], [ 73.830907353000043, 32.051305647000049 ], [ 73.809095600000035, 31.980877103000068 ], [ 73.692179, 31.888949 ], [ 73.606276, 31.867473 ], [ 73.559321, 31.889313 ], [ 73.560049, 31.843086 ], [ 73.522193167000069, 31.805958502000067 ], [ 73.462498, 31.839082 ], [ 73.449394, 31.805594 ], [ 73.404623, 31.823066 ], [ 73.396251, 31.802318 ], [ 73.336192, 31.793218 ], [ 73.326364, 31.769194 ], [ 73.299792, 31.764099 ], [ 73.245921, 31.763735 ], [ 73.203776256000083, 31.826968519000047 ], [ 73.159776256000043, 31.848868519000064 ], [ 73.190387, 31.946162 ], [ 73.235534, 31.987837 ], [ 73.233798, 32.030668 ], [ 73.252898, 32.037035 ], [ 73.267368, 32.087391 ], [ 73.310192962000031, 32.122090841000045 ], [ 73.439274, 32.186367 ], [ 73.486736, 32.240775 ], [ 73.509889, 32.23846 ], [ 73.53362, 32.27724 ], [ 73.678519250000079, 32.342127991000041 ], [ 73.713655999000082, 32.244209011000066 ] ] ] } },
{ "type": "Feature", "properties": { "OBJECTID": 99, "PROVINCE": "PUNJAB", "DISTRICT": "JHANG", "Shape_Area": 0.60108602017000001 }, "geometry": { "type": "Polygon", "coordinates": [ [ [ 72.310831497000038, 31.74750378400006 ], [ 72.35922, 31.711746 ], [ 72.331438, 31.669493 ], [ 72.304233, 31.682226 ], [ 72.30597, 31.64634 ], [ 72.245774, 31.590196 ], [ 72.260823, 31.562992 ], [ 72.279345, 31.556625 ], [ 72.290342, 31.585566 ], [ 72.371954, 31.620294 ], [ 72.373112, 31.660232 ], [ 72.439077, 31.663705 ], [ 72.434327, 31.606836 ], [ 72.46283, 31.575166 ], [ 72.458876256000053, 31.54426851900007 ], [ 72.487374, 31.535569503000033 ], [ 72.561031927000045, 31.454821 ], [ 72.618011, 31.461947 ], [ 72.622761, 31.419193 ], [ 72.678183, 31.370105 ], [ 72.72648, 31.362188 ], [ 72.742376256000057, 31.37726851900004 ], [ 72.830369, 31.359831 ], [ 72.750075132000063, 31.271030179000036 ], [ 72.689300132000028, 31.234565179000072 ], [ 72.575275132000058, 31.24614217900006 ], [ 72.552123132000077, 31.222410179000065 ], [ 72.491188, 31.213393 ], [ 72.486557, 31.187925 ], [ 72.502924132000032, 31.170897179000065 ], [ 72.475721250000049, 31.15179712500003 ], [ 72.490191132000064, 31.125750179000079 ], [ 72.441411, 31.109207 ], [ 72.437938, 31.051905 ], [ 72.385845, 31.022965 ], [ 72.33491, 30.911834 ], [ 72.316967, 30.91357 ], [ 72.315809, 30.895049 ], [ 72.282817, 30.890997 ], [ 72.255035, 30.867266 ], [ 72.249826, 30.844114 ], [ 72.287448, 30.838325 ], [ 72.317546, 30.808806 ], [ 72.337225, 30.808806 ], [ 72.343592, 30.82617 ], [ 72.345907, 30.782181 ], [ 72.369639, 30.756714 ], [ 72.354011, 30.755556 ], [ 72.356905, 30.720249 ], [ 72.242300833000058, 30.725457917000028 ], [ 72.182590910000044, 30.711749960000077 ], [ 72.061713, 30.730667 ], [ 72.031036, 30.697675 ], [ 71.999790910000058, 30.695949960000064 ], [ 71.986474345000033, 30.660056586000053 ], [ 71.87418, 30.68089 ], [ 71.79141, 30.631112 ], [ 71.769990910000047, 30.594649960000027 ], [ 71.72832, 30.574968 ], [ 71.703431, 30.580756 ], [ 71.65871358000004, 30.617360724000036 ], [ 71.668062, 30.680252 ], [ 71.701752, 30.698463 ], [ 71.707636980000075, 30.740461077000077 ], [ 71.751832, 30.784054 ], [ 71.797359, 30.792704 ], [ 71.807375, 30.836866 ], [ 71.830594, 30.836866 ], [ 71.858366, 30.870556 ], [ 71.812383, 30.884669 ], [ 71.826041, 30.929286 ], [ 71.782791, 30.962976 ], [ 71.816025, 31.059038 ], [ 71.768677, 31.140532 ], [ 71.803733, 31.227489 ], [ 71.887048, 31.267097 ], [ 72.00906, 31.252984 ], [ 72.022718, 31.320364 ], [ 72.008605, 31.481075 ], [ 71.979468, 31.496099 ], [ 72.022718, 31.5653 ], [ 72.031824, 31.615835 ], [ 72.142455, 31.74149 ], [ 72.191624, 31.730564 ], [ 72.217046, 31.756345 ], [ 72.239986, 31.746474 ], [ 72.266032, 31.763259 ], [ 72.310831497000038, 31.74750378400006 ] ] ] } },
{ "type": "Feature", "properties": { "OBJECTID": 100, "PROVINCE": "PUNJAB", "DISTRICT": "JHELUM", "Shape_Area": 0.34465199139000002 }, "geometry": { "type": "Polygon", "coordinates": [ [ [ 73.64488, 33.234186 ], [ 73.670317, 33.21101 ], [ 73.671447, 33.162963 ], [ 73.625096, 33.131874 ], [ 73.634141, 33.093437 ], [ 73.746061, 33.05613 ], [ 73.796, 32.988479 ], [ 73.659419, 32.870564 ], [ 73.56882, 32.720324 ], [ 73.470481, 32.660683 ], [ 73.261057, 32.588295 ], [ 73.210067, 32.588295 ], [ 73.079404, 32.546866 ], [ 72.997, 32.5455 ], [ 72.94888426600005, 32.506346 ], [ 72.874076, 32.48768 ], [ 72.803509, 32.429405 ], [ 72.663285, 32.395271 ], [ 72.650993, 32.591937 ], [ 72.741592, 32.615156 ], [ 72.741137, 32.685723 ], [ 72.769364, 32.695284 ], [ 72.868613, 32.640196 ], [ 72.877718, 32.653399 ], [ 72.936851919000048, 32.654315384000029 ], [ 72.93918, 32.667968 ], [ 72.985593597000047, 32.667507564000061 ], [ 73.024628757000073, 32.710758954000028 ], [ 73.037063, 32.689366 ], [ 73.087598, 32.668423 ], [ 73.096249, 32.703024 ], [ 73.137678, 32.723511 ], [ 73.260601, 32.734893 ], [ 73.249665910000033, 32.785019183000031 ], [ 73.263582020000058, 32.779368005000038 ], [ 73.281043982000028, 32.811804146000043 ], [ 73.207212025000047, 32.861634380000055 ], [ 73.194420951000041, 32.846659849000048 ], [ 73.152702, 32.8478 ], [ 73.155889, 32.896514 ], [ 73.226911, 33.00669 ], [ 73.196823977000065, 33.03280281900004 ], [ 73.203925255000058, 33.095165701000042 ], [ 73.3685, 33.101386 ], [ 73.39354, 33.1328 ], [ 73.362582, 33.177872 ], [ 73.413117, 33.200635 ], [ 73.423588, 33.239789 ], [ 73.449994, 33.250715 ], [ 73.460465, 33.252992 ], [ 73.470026, 33.219757 ], [ 73.529211, 33.240699 ], [ 73.551064, 33.204278 ], [ 73.557893, 33.23296 ], [ 73.593404, 33.232504 ], [ 73.606592214000045, 33.252520394000044 ], [ 73.624682, 33.255248 ], [ 73.64488, 33.234186 ] ] ] } },
{ "type": "Feature", "properties": { "OBJECTID": 101, "PROVINCE": "PUNJAB", "DISTRICT": "KASUR", "Shape_Area": 0.36798621518000002 }, "geometry": { "type": "Polygon", "coordinates": [ [ [ 74.493718, 31.358371 ], [ 74.497253, 31.34524 ], [ 74.551839434000044, 31.353897400000051 ], [ 74.526376, 31.312435 ], [ 74.541997, 31.303913 ], [ 74.520867, 31.271994 ], [ 74.532762, 31.249751 ], [ 74.516903, 31.228408 ], [ 74.525932217000047, 31.212004891000049 ], [ 74.510292, 31.131982 ], [ 74.548458, 31.121882 ], [ 74.551234, 31.086812 ], [ 74.571735, 31.081614 ], [ 74.610563, 31.099111 ], [ 74.60308, 31.133757 ], [ 74.630975, 31.132764 ], [ 74.636398, 31.118224 ], [ 74.659122, 31.134029 ], [ 74.689306, 31.127973 ], [ 74.69632, 31.074139 ], [ 74.671401894000041, 31.05363260200005 ], [ 74.596806, 31.037954 ], [ 74.568303, 31.054773 ], [ 74.547959, 31.032524 ], [ 74.543799, 30.991124 ], [ 74.419254, 30.941031932000044 ], [ 74.423604, 30.920753932000025 ], [ 74.410187, 30.923483932000067 ], [ 74.422537, 30.907726 ], [ 74.36593548500008, 30.893220757000051 ], [ 74.361032485000067, 30.873770757000045 ], [ 74.381976362000046, 30.860453850000056 ], [ 74.324782, 30.849304 ], [ 74.293783999000084, 30.79941 ], [ 74.3023, 30.779693 ], [ 74.259644, 30.771035 ], [ 74.286525, 30.735446 ], [ 74.232024, 30.724387 ], [ 74.206004, 30.676267 ], [ 74.169257, 30.648818 ], [ 74.075191, 30.755297 ], [ 74.070159, 30.79439 ], [ 74.032227, 30.799422 ], [ 74.014809, 30.831547 ], [ 73.990812, 30.818 ], [ 73.932753, 30.861738 ], [ 73.857664, 30.859416 ], [ 73.822055, 30.932183 ], [ 73.787994, 30.924828 ], [ 73.76477, 30.939537 ], [ 73.767867, 30.986758 ], [ 73.736902, 31.001466 ], [ 73.715614, 31.04172 ], [ 73.665683, 31.066879 ], [ 73.68194, 31.094747 ], [ 73.660530390000076, 31.139174320000052 ], [ 73.710860228000058, 31.17221464000005 ], [ 73.735547626000084, 31.168398520000039 ], [ 73.744715, 31.191561 ], [ 73.779537, 31.209456 ], [ 73.902382, 31.2259 ], [ 73.918826, 31.24718 ], [ 73.909637, 31.268944 ], [ 73.944957223000074, 31.291703110000071 ], [ 74.03276076800006, 31.31177062900008 ], [ 74.075045, 31.273525 ], [ 74.089186, 31.290191 ], [ 74.119993, 31.263929 ], [ 74.133629, 31.295746 ], [ 74.165446, 31.28211 ], [ 74.188257540000052, 31.293175912000038 ], [ 74.22605, 31.254334 ], [ 74.277564, 31.294736 ], [ 74.316451, 31.282615 ], [ 74.406852, 31.299282 ], [ 74.439679, 31.289685999000028 ], [ 74.45685, 31.351805 ], [ 74.493718, 31.358371 ] ] ] } },
{ "type": "Feature", "properties": { "OBJECTID": 103, "PROVINCE": "PUNJAB", "DISTRICT": "KHUSHAB", "Shape_Area": 0.63329632985999995 }, "geometry": { "type": "Polygon", "coordinates": [ [ [ 72.25232335700008, 32.698034861000053 ], [ 72.338791699000069, 32.694187150000062 ], [ 72.418348710000032, 32.613400908000074 ], [ 72.542090059000031, 32.691947334000076 ], [ 72.539329383000052, 32.666441235000036 ], [ 72.56151748800005, 32.661582858000031 ], [ 72.58786682200008, 32.60673754000004 ], [ 72.650993, 32.591606 ], [ 72.663285, 32.393894 ], [ 72.569044, 32.372497 ], [ 72.457958, 32.289637 ], [ 72.348693, 32.232273 ], [ 72.325929, 32.154422 ], [ 72.324606544000062, 32.045493323000073 ], [ 72.253541, 31.983239 ], [ 72.269475, 31.96685 ], [ 72.255362, 31.91677 ], [ 72.284044, 31.848024 ], [ 72.257638, 31.854398 ], [ 72.268565, 31.821163 ], [ 72.191624, 31.730564 ], [ 72.142455, 31.74149 ], [ 72.046393, 31.636778 ], [ 72.022718, 31.5653 ], [ 71.991396909000059, 31.530210074000024 ], [ 71.961339500000065, 31.534261 ], [ 71.920067, 31.592218 ], [ 71.863730627000052, 31.611663539000062 ], [ 71.764636, 31.684423 ], [ 71.711518561000048, 31.814623802000028 ], [ 71.625067035000029, 31.850458451000065 ], [ 71.635591582000075, 31.872397204000038 ], [ 71.688260350000064, 31.897852963000048 ], [ 71.718973, 31.9505 ], [ 71.723628906000044, 32.001037595000071 ], [ 71.761123, 32.030411 ], [ 71.770783, 32.060267 ], [ 71.776327885000057, 32.144569 ], [ 71.72734969000004, 32.186826788000076 ], [ 71.727239, 32.274344 ], [ 71.845233, 32.406546 ], [ 71.842144, 32.423226 ], [ 71.787780500000054, 32.457203 ], [ 71.835476693000032, 32.522204543000043 ], [ 71.884153, 32.54678 ], [ 71.939664, 32.534671 ], [ 71.98197, 32.55506 ], [ 71.988086, 32.580545001000075 ], [ 72.125197, 32.633554 ], [ 72.157818, 32.65853 ], [ 72.151192, 32.713068 ], [ 72.25232335700008, 32.698034861000053 ] ] ] } },
{ "type": "Feature", "properties": { "OBJECTID": 104, "PROVINCE": "PUNJAB", "DISTRICT": "LAHORE", "Shape_Area": 0.15983502124000001 }, "geometry": { "type": "Polygon", "coordinates": [ [ [ 74.498297, 31.705711 ], [ 74.535186, 31.6776 ], [ 74.555402, 31.607837 ], [ 74.615873, 31.569079 ], [ 74.612672, 31.527188 ], [ 74.58417, 31.520801 ], [ 74.575338, 31.500886 ], [ 74.636312, 31.484709 ], [ 74.627795, 31.476833 ], [ 74.653243, 31.455257 ], [ 74.638617, 31.444063 ], [ 74.654468, 31.426974 ], [ 74.643454, 31.416088 ], [ 74.622557047000043, 31.430071412000075 ], [ 74.601193, 31.420003 ], [ 74.584549, 31.380158 ], [ 74.551839434000044, 31.353897400000051 ], [ 74.497253, 31.34524 ], [ 74.471496, 31.363926 ], [ 74.439679, 31.289685999000028 ], [ 74.406852, 31.299282 ], [ 74.316451, 31.282615 ], [ 74.277564, 31.294736 ], [ 74.22605, 31.254334 ], [ 74.188257540000052, 31.293175912000038 ], [ 74.165446, 31.28211 ], [ 74.133629, 31.295746 ], [ 74.119993, 31.263929 ], [ 74.089186, 31.290191 ], [ 74.075045, 31.273525 ], [ 74.032457223000051, 31.311503110000046 ], [ 74.006849, 31.358902 ], [ 74.073108500000046, 31.370993 ], [ 74.084232500000041, 31.395658500000025 ], [ 74.074559500000078, 31.416455 ], [ 74.108414500000038, 31.458048 ], [ 74.128243816000065, 31.419357474000037 ], [ 74.150007500000072, 31.453212 ], [ 74.17999350000008, 31.467238 ], [ 74.18337850000006, 31.509798 ], [ 74.247703500000057, 31.568319 ], [ 74.24044850000007, 31.611363 ], [ 74.268983500000047, 31.62684 ], [ 74.280107, 31.6694 ], [ 74.341045500000064, 31.646185500000058 ], [ 74.368614, 31.669884 ], [ 74.407304783000029, 31.640382180000074 ], [ 74.450832500000047, 31.671819 ], [ 74.438257500000077, 31.692615 ], [ 74.498297, 31.705711 ] ] ] } },
{ "type": "Feature", "properties": { "OBJECTID": 105, "PROVINCE": "PUNJAB", "DISTRICT": "LAYYAH", "Shape_Area": 0.60224536499000003 }, "geometry": { "type": "Polygon", "coordinates": [ [ [ 70.924287703000061, 31.351494733000038 ], [ 71.194455946000062, 31.344619968000075 ], [ 71.198840233000055, 31.304233177000071 ], [ 71.245707, 31.240643 ], [ 71.262625, 31.227225 ], [ 71.281877, 31.235976 ], [ 71.293545, 31.163636 ], [ 71.327382, 31.137383 ], [ 71.455728, 31.150801 ], [ 71.495397999000033, 31.224309 ], [ 71.54207, 31.239477 ], [ 71.61091, 31.230726 ], [ 71.690251, 31.172387 ], [ 71.754424, 31.177054 ], [ 71.816025, 31.059038 ], [ 71.782791, 30.962976 ], [ 71.826041, 30.929286 ], [ 71.812383, 30.884669 ], [ 71.858366, 30.870556 ], [ 71.851081, 30.856442 ], [ 71.807375, 30.836866 ], [ 71.797359, 30.792704 ], [ 71.751832, 30.784054 ], [ 71.703118, 30.73534 ], [ 71.701752, 30.698463 ], [ 71.668062, 30.680252 ], [ 71.671704, 30.641554 ], [ 71.65602926300005, 30.614059199000053 ], [ 71.59795, 30.618336 ], [ 71.573365, 30.585100990000058 ], [ 71.490181565000057, 30.599451561000024 ], [ 71.42045947500003, 30.644121675000065 ], [ 71.332982500000071, 30.729877 ], [ 71.216888, 30.765843 ], [ 71.164159188000042, 30.759219567000059 ], [ 71.144768209000063, 30.666126539000061 ], [ 71.106257, 30.645652 ], [ 71.024182388000042, 30.640087750000077 ], [ 70.95966, 30.66705 ], [ 70.873286848000077, 30.666095002000077 ], [ 70.801064, 30.646511 ], [ 70.795749164000028, 30.75424109800008 ], [ 70.787264512000036, 30.768311987000061 ], [ 70.741657, 30.775097 ], [ 70.741074, 30.844521 ], [ 70.770827, 30.841021 ], [ 70.787745, 30.873107 ], [ 70.757992, 30.911611 ], [ 70.793579, 30.954782 ], [ 70.767336068000077, 30.982185256000037 ], [ 70.781833190000043, 31.007814202000077 ], [ 70.778994, 31.113464 ], [ 70.749825, 31.184638 ], [ 70.76616, 31.251728 ], [ 70.74049, 31.27098 ], [ 70.78369, 31.310028 ], [ 70.786341, 31.347799 ], [ 70.80713455800003, 31.360435573000075 ], [ 70.849612079000053, 31.350299028000052 ], [ 70.931266707000077, 31.385319471000059 ], [ 70.924287703000061, 31.351494733000038 ] ] ] } },
{ "type": "Feature", "properties": { "OBJECTID": 106, "PROVINCE": "PUNJAB", "DISTRICT": "LODHRAN", "Shape_Area": 0.24808442915000001 }, "geometry": { "type": "Polygon", "coordinates": [ [ [ 71.628822706000051, 29.911727964000079 ], [ 71.681497, 29.902653 ], [ 71.67666, 29.935541 ], [ 71.703744, 29.95537 ], [ 71.736156132000076, 29.949517207000042 ], [ 71.737599, 29.936508 ], [ 71.758396, 29.942795 ], [ 71.758879, 29.918613 ], [ 71.798538, 29.899751 ], [ 71.832877, 29.91813 ], [ 71.894783, 29.915228 ], [ 71.885594, 29.889111 ], [ 71.920416, 29.879438 ], [ 71.922351, 29.867347 ], [ 71.893332, 29.876536 ], [ 71.887528, 29.857674 ], [ 71.930573, 29.848001 ], [ 71.930089, 29.834459 ], [ 71.989093, 29.795768 ], [ 71.934930098000052, 29.746436 ], [ 71.991028, 29.729509 ], [ 71.992962, 29.699523 ], [ 72.069862, 29.67921 ], [ 72.053418, 29.669537 ], [ 72.061156, 29.653577 ], [ 72.097913, 29.669537 ], [ 72.111455, 29.653577 ], [ 72.097429, 29.634715 ], [ 72.107586, 29.612467 ], [ 72.099848, 29.599409 ], [ 72.072684098000082, 29.607214 ], [ 72.069274098000051, 29.554353 ], [ 72.043009, 29.557081 ], [ 72.028006130000051, 29.579588748000049 ], [ 72.01197909800004, 29.549238 ], [ 71.923649717000046, 29.566289764000032 ], [ 71.912055098000053, 29.557423 ], [ 71.945818098000075, 29.515475 ], [ 71.91410109800006, 29.530139 ], [ 71.907280098000058, 29.500469 ], [ 71.886472, 29.54685 ], [ 71.876587098000073, 29.515134 ], [ 71.826454098000056, 29.53696 ], [ 71.792691098000034, 29.501492 ], [ 71.751761, 29.527411 ], [ 71.73505, 29.522978 ], [ 71.715952, 29.476937 ], [ 71.632397, 29.472504 ], [ 71.609207, 29.434648 ], [ 71.593519, 29.446244 ], [ 71.545773, 29.419302 ], [ 71.51849, 29.446244 ], [ 71.507577, 29.410093 ], [ 71.480635, 29.398839 ], [ 71.480635, 29.372238 ], [ 71.438346, 29.418961 ], [ 71.393329, 29.41555 ], [ 71.377641, 29.389972 ], [ 71.355021, 29.422873 ], [ 71.392763138000078, 29.467374802000052 ], [ 71.369547, 29.493975 ], [ 71.386958, 29.507517 ], [ 71.364229202000047, 29.522512436000056 ], [ 71.362188065000055, 29.557708049000041 ], [ 71.381638, 29.569907 ], [ 71.379379914000083, 29.588231239000038 ], [ 71.42033, 29.611016 ], [ 71.424682, 29.702909 ], [ 71.445479, 29.72564 ], [ 71.440643, 29.744502 ], [ 71.418395, 29.749338 ], [ 71.434658961000082, 29.809833389000062 ], [ 71.508836, 29.78948100100007 ], [ 71.498196, 29.861543 ], [ 71.522149050000053, 29.872124682000049 ], [ 71.546077, 29.848485 ], [ 71.548495, 29.922482 ], [ 71.604597, 29.969396 ], [ 71.617656, 29.959723 ], [ 71.607016, 29.933122 ], [ 71.628822706000051, 29.911727964000079 ] ] ] } },
{ "type": "Feature", "properties": { "OBJECTID": 107, "PROVINCE": "PUNJAB", "DISTRICT": "MANDI BAHAUDDIN", "Shape_Area": 0.26455425108000002 }, "geometry": { "type": "Polygon", "coordinates": [ [ [ 73.595551, 32.729868 ], [ 73.664451340000085, 32.688181328000042 ], [ 73.6789, 32.64131 ], [ 73.724951340000075, 32.617181328000072 ], [ 73.743751340000074, 32.582281328000079 ], [ 73.79525134000005, 32.569581328000027 ], [ 73.795819, 32.500081 ], [ 73.857172, 32.469404 ], [ 73.893634500000076, 32.397632500000043 ], [ 73.783661500000051, 32.373901 ], [ 73.759351500000037, 32.343224500000076 ], [ 73.730411500000059, 32.361746 ], [ 73.559666, 32.290553 ], [ 73.516834, 32.265085 ], [ 73.509889, 32.23846 ], [ 73.478633, 32.234408 ], [ 73.439274, 32.186367 ], [ 73.307306, 32.121541 ], [ 73.260422, 32.168424 ], [ 73.221643, 32.263928 ], [ 73.196754, 32.239039 ], [ 73.160868, 32.237881 ], [ 73.137137, 32.296920001000046 ], [ 73.087596218000044, 32.285913540000024 ], [ 73.080138804000057, 32.309653 ], [ 73.102726825000047, 32.323078615000043 ], [ 73.106778825000049, 32.347967615000073 ], [ 73.081889825000076, 32.397744615000079 ], [ 73.059316825000053, 32.398902615000054 ], [ 73.05121282500005, 32.42957961500008 ], [ 73.074365018000037, 32.435366938000072 ], [ 73.081142914000054, 32.457255331000056 ], [ 73.167502409000065, 32.464868839000076 ], [ 73.172132409000028, 32.490335839000068 ], [ 73.151915509000048, 32.495515945000079 ], [ 73.203965735000054, 32.523333201000071 ], [ 73.205702735000045, 32.54359220200007 ], [ 73.198177735000058, 32.561535202000073 ], [ 73.165151605000062, 32.571277984000062 ], [ 73.43406, 32.646115 ], [ 73.528301, 32.690731 ], [ 73.582478, 32.744453 ], [ 73.595551, 32.729868 ] ] ] } },
{ "type": "Feature", "properties": { "OBJECTID": 108, "PROVINCE": "PUNJAB", "DISTRICT": "MIANWALI", "Shape_Area": 0.57955222528000006 }, "geometry": { "type": "Polygon", "coordinates": [ [ [ 71.506663758000059, 33.199790505000067 ], [ 71.525185500000077, 33.198556 ], [ 71.518559, 33.217773 ], [ 71.555667, 33.22705 ], [ 71.599401, 33.187954 ], [ 71.602714, 33.132955 ], [ 71.652412, 33.073979 ], [ 71.713085038000031, 33.058676399000035 ], [ 71.714266, 33.040379 ], [ 71.787163, 33.002695 ], [ 71.877357, 32.983544 ], [ 71.896504993000065, 32.890895036000074 ], [ 71.916875351000044, 32.85882674100003 ], [ 71.967552, 32.837132 ], [ 71.973112, 32.803773 ], [ 71.890948, 32.746938 ], [ 71.893430334000072, 32.699434172000053 ], [ 71.913806, 32.684543 ], [ 71.899551430000031, 32.651911903000041 ], [ 71.940987, 32.559136 ], [ 71.930248551000034, 32.54105239200004 ], [ 71.884153, 32.54678 ], [ 71.835476693000032, 32.522204543000043 ], [ 71.822993, 32.490563 ], [ 71.790869, 32.478208 ], [ 71.787780500000054, 32.457203 ], [ 71.842144, 32.423226 ], [ 71.845233, 32.406546 ], [ 71.727239, 32.274344 ], [ 71.726621, 32.183531 ], [ 71.610480500000051, 32.1755 ], [ 71.502371, 32.205153 ], [ 71.449242255000058, 32.18353103100003 ], [ 71.340894700000035, 32.192045964000044 ], [ 71.321364, 32.166851 ], [ 71.235494, 32.195887 ], [ 71.218737087000079, 32.170832303000054 ], [ 71.173108090000028, 32.193250972000044 ], [ 71.164709, 32.23375 ], [ 71.283322, 32.362965 ], [ 71.342297, 32.372905 ], [ 71.326447720000033, 32.411338 ], [ 71.344285, 32.415314 ], [ 71.333682, 32.427904 ], [ 71.350911, 32.496156 ], [ 71.32312011700003, 32.531311035000044 ], [ 71.299926758000083, 32.533325195000032 ], [ 71.297899, 32.510072 ], [ 71.251515, 32.49218 ], [ 71.229675293000071, 32.512084961000028 ], [ 71.241699219000054, 32.548522949000073 ], [ 71.162236077000045, 32.594951964000074 ], [ 71.152118500000029, 32.669106 ], [ 71.134560520000036, 32.693437446000075 ], [ 71.142179, 32.72278 ], [ 71.107059, 32.806935 ], [ 71.133564500000034, 32.808923 ], [ 71.141516, 32.922897 ], [ 71.193202, 32.976571 ], [ 71.31446518000007, 33.015003641000078 ], [ 71.336995, 32.990487 ], [ 71.451632, 33.013016 ], [ 71.477475001000073, 33.048798999000041 ], [ 71.423139, 33.091871 ], [ 71.448319, 33.129641 ], [ 71.435066, 33.177351 ], [ 71.407898, 33.19458 ], [ 71.413199, 33.21711 ], [ 71.43837921800008, 33.240301822000049 ], [ 71.506663758000059, 33.199790505000067 ] ] ] } },
{ "type": "Feature", "properties": { "OBJECTID": 109, "PROVINCE": "PUNJAB", "DISTRICT": "MULTAN", "Shape_Area": 0.3406389045 }, "geometry": { "type": "Polygon", "coordinates": [ [ [ 71.568990910000082, 30.428149960000042 ], [ 71.612757028000033, 30.410478 ], [ 71.623190910000062, 30.364949960000047 ], [ 71.663118, 30.364532 ], [ 71.660690910000028, 30.319549960000074 ], [ 71.707590910000079, 30.301649960000077 ], [ 71.729390910000063, 30.316149960000075 ], [ 71.772422, 30.306011 ], [ 71.76663512600004, 30.268275226000071 ], [ 71.820302, 30.264901 ], [ 71.832393, 30.242654 ], [ 71.811597, 30.202995 ], [ 71.754043, 30.134318 ], [ 71.720188, 30.045328 ], [ 71.621525, 30.011473 ], [ 71.593474, 29.978585 ], [ 71.564939, 29.986807 ], [ 71.591382, 29.958115 ], [ 71.538338, 29.899267 ], [ 71.546077, 29.848485 ], [ 71.522149050000053, 29.872124682000049 ], [ 71.498196, 29.861543 ], [ 71.508836, 29.78948100100007 ], [ 71.434658961000082, 29.809833389000062 ], [ 71.418395, 29.749338 ], [ 71.440643, 29.744502 ], [ 71.445479, 29.72564 ], [ 71.424682, 29.702909 ], [ 71.42033, 29.611016 ], [ 71.379379914000083, 29.588231239000038 ], [ 71.381638, 29.569907 ], [ 71.362188065000055, 29.557708049000041 ], [ 71.364229202000047, 29.522512436000056 ], [ 71.386958, 29.507517 ], [ 71.369547, 29.493975 ], [ 71.392763138000078, 29.467374802000052 ], [ 71.355038, 29.422879 ], [ 71.317269531000079, 29.41709577000006 ], [ 71.339078903000029, 29.459154129000069 ], [ 71.297968, 29.440774 ], [ 71.243799210000077, 29.44706153900006 ], [ 71.23316, 29.477531 ], [ 71.211397171000044, 29.482851028000027 ], [ 71.13933292300004, 29.452381976000026 ], [ 71.131111135000083, 29.472209922000047 ], [ 71.126276016000077, 29.448511124000049 ], [ 71.107896805000053, 29.450448990000041 ], [ 71.10063099100006, 29.432065541000043 ], [ 71.037284500000055, 29.439323 ], [ 71.00875, 29.551528 ], [ 71.03003, 29.551528 ], [ 71.026643877000083, 29.581514180000056 ], [ 71.064369555000042, 29.605214037000053 ], [ 71.047500281000055, 29.630244746000074 ], [ 71.07259, 29.674374 ], [ 71.119504, 29.669054 ], [ 71.127242, 29.685497 ], [ 71.181894, 29.693236 ], [ 71.163032, 29.718869 ], [ 71.180443, 29.747887 ], [ 71.166901, 29.789288702000079 ], [ 71.183229662000031, 29.795424017000073 ], [ 71.178024333000053, 29.828172 ], [ 71.197840038000038, 29.869957248000048 ], [ 71.173672, 29.888144 ], [ 71.215265, 29.984872 ], [ 71.236062, 29.977618 ], [ 71.276204, 29.994545 ], [ 71.259276500000055, 30.023564 ], [ 71.291681, 30.073379 ], [ 71.285877, 30.1319 ], [ 71.298935, 30.16914 ], [ 71.32747, 30.21025 ], [ 71.360841500000049, 30.227661 ], [ 71.376802, 30.253778 ], [ 71.365194, 30.27264 ], [ 71.392803525000033, 30.273197484000036 ], [ 71.412108, 30.341801 ], [ 71.488559426000052, 30.388344618000076 ], [ 71.489974, 30.404191 ], [ 71.463374, 30.422693657000025 ], [ 71.503516, 30.436595 ], [ 71.530116694000071, 30.42547055600005 ], [ 71.528670671000043, 30.451575618000049 ], [ 71.541241349000074, 30.454967528000054 ], [ 71.568990910000082, 30.428149960000042 ] ] ] } },
{ "type": "Feature", "properties": { "OBJECTID": 110, "PROVINCE": "PUNJAB", "DISTRICT": "MUZAFARGARH", "Shape_Area": 0.71730811499000002 }, "geometry": { "type": "Polygon", "coordinates": [ [ [ 71.241220939000073, 30.762569686000063 ], [ 71.332982500000071, 30.729877 ], [ 71.448769609000067, 30.622538504000033 ], [ 71.52601750000008, 30.583735 ], [ 71.5893, 30.591475 ], [ 71.59795, 30.618336 ], [ 71.65871358000004, 30.617360724000036 ], [ 71.726475, 30.568629 ], [ 71.706590910000045, 30.540449960000046 ], [ 71.608490910000057, 30.500949960000071 ], [ 71.563175871000055, 30.445454073000064 ], [ 71.528670671000043, 30.451575618000049 ], [ 71.530116694000071, 30.42547055600005 ], [ 71.503516, 30.436595 ], [ 71.463374, 30.422693657000025 ], [ 71.489974, 30.404191 ], [ 71.488559426000052, 30.388344618000076 ], [ 71.412108, 30.341801 ], [ 71.392803525000033, 30.273197484000036 ], [ 71.365194, 30.27264 ], [ 71.376802, 30.253778 ], [ 71.360841500000049, 30.227661 ], [ 71.32747, 30.21025 ], [ 71.298935, 30.16914 ], [ 71.285877, 30.1319 ], [ 71.291681, 30.073379 ], [ 71.259276500000055, 30.023564 ], [ 71.276204, 29.994545 ], [ 71.236062, 29.977618 ], [ 71.215265, 29.984872 ], [ 71.173672, 29.888144 ], [ 71.197840038000038, 29.869957248000048 ], [ 71.178024333000053, 29.828172 ], [ 71.183229662000031, 29.795424017000073 ], [ 71.166901, 29.789288702000079 ], [ 71.180443, 29.747887 ], [ 71.163032, 29.718869 ], [ 71.181894, 29.693236 ], [ 71.127242, 29.685497 ], [ 71.119504, 29.669054 ], [ 71.07259, 29.674374 ], [ 71.047500281000055, 29.630244746000074 ], [ 71.064369555000042, 29.605214037000053 ], [ 71.026643877000083, 29.581514180000056 ], [ 71.03003, 29.551528 ], [ 71.00875, 29.551528 ], [ 71.037284500000055, 29.439323 ], [ 71.064994990000059, 29.441945085000043 ], [ 71.03843, 29.415245 ], [ 71.042722, 29.385202 ], [ 70.924670589000073, 29.344161204000045 ], [ 70.916362723000077, 29.321297858000037 ], [ 70.952203, 29.298975 ], [ 70.955324, 29.281417 ], [ 70.909174783000083, 29.284748609000076 ], [ 70.91097, 29.244973 ], [ 70.856549, 29.269796 ], [ 70.842821, 29.266364 ], [ 70.843679, 29.240624 ], [ 70.786002265000036, 29.252508902000045 ], [ 70.743292, 29.159972 ], [ 70.713262, 29.16512 ], [ 70.667788, 29.093048 ], [ 70.620348295000042, 29.08573178000006 ], [ 70.600006, 29.044999 ], [ 70.538501446000055, 29.016463689000034 ], [ 70.557199709000031, 29.112297006000063 ], [ 70.575410752000039, 29.117305004000059 ], [ 70.578142312000068, 29.188328045000048 ], [ 70.54900470900003, 29.218376075000037 ], [ 70.62275898300004, 29.30351107000007 ], [ 70.610843395000074, 29.350907569000071 ], [ 70.627578333000031, 29.376704548000077 ], [ 70.609556033000047, 29.412321027000075 ], [ 70.637320627000065, 29.410956414000054 ], [ 70.649165, 29.487441 ], [ 70.692871, 29.489262 ], [ 70.709261, 29.515213 ], [ 70.686497, 29.557553 ], [ 70.709261, 29.591243 ], [ 70.709715877000065, 29.651343815000075 ], [ 70.736122, 29.677745 ], [ 70.727471500000036, 29.707793 ], [ 70.840834, 29.832537 ], [ 70.858134, 29.887625 ], [ 70.833094500000072, 29.909478 ], [ 70.887727, 29.943168 ], [ 70.864963500000044, 29.96411 ], [ 70.880443, 29.965931 ], [ 70.868624530000034, 30.028741192000041 ], [ 70.888958225000067, 30.051719651000042 ], [ 70.847663, 30.128008 ], [ 70.841745, 30.19812 ], [ 70.805323, 30.237729 ], [ 70.828997, 30.270508 ], [ 70.836281, 30.383415 ], [ 70.824899500000072, 30.446243 ], [ 70.793941, 30.469917 ], [ 70.805778, 30.510891 ], [ 70.793941, 30.551411 ], [ 70.817615, 30.576451 ], [ 70.803957, 30.585556 ], [ 70.815794, 30.60923 ], [ 70.796217500000068, 30.643375 ], [ 70.940994, 30.66705 ], [ 71.024182388000042, 30.640087750000077 ], [ 71.106257, 30.645652 ], [ 71.144768209000063, 30.666126539000061 ], [ 71.164159188000042, 30.759219567000059 ], [ 71.241220939000073, 30.762569686000063 ] ] ] } },
{ "type": "Feature", "properties": { "OBJECTID": 111, "PROVINCE": "PUNJAB", "DISTRICT": "NANKANA SAHIB", "Shape_Area": 0.26333316508 }, "geometry": { "type": "Polygon", "coordinates": [ [ [ 73.73378050000008, 31.890231 ], [ 73.702637, 31.801473 ], [ 73.751687, 31.774223 ], [ 73.750130538000064, 31.743858414000044 ], [ 73.770373500000062, 31.739965 ], [ 73.754024, 31.651207 ], [ 73.784388, 31.634857 ], [ 73.780495, 31.614614 ], [ 73.772796, 31.603281 ], [ 73.68144250000006, 31.618506500000024 ], [ 73.656528500000036, 31.601897 ], [ 73.626077001000056, 31.567292999000074 ], [ 73.638534500000048, 31.517464 ], [ 73.661758246000034, 31.495625490000066 ], [ 73.679569, 31.518671 ], [ 73.750365, 31.529849 ], [ 73.756885900000043, 31.53869893600006 ], [ 73.727077, 31.560115353000072 ], [ 73.773187, 31.586206 ], [ 73.832805440000072, 31.566644027000052 ], [ 73.898012188000052, 31.569439144000057 ], [ 73.92875250000003, 31.595987 ], [ 73.951575, 31.552671 ], [ 73.993257973000084, 31.560299844000042 ], [ 73.991491, 31.528191 ], [ 73.949967, 31.494972 ], [ 73.94789, 31.473172 ], [ 73.994605, 31.466943 ], [ 74.030939, 31.442028 ], [ 74.021596, 31.411923 ], [ 74.036129, 31.387009 ], [ 74.006849, 31.358902 ], [ 74.032457223000051, 31.311503110000046 ], [ 73.934303, 31.287323 ], [ 73.909637, 31.268944 ], [ 73.918826, 31.24718 ], [ 73.902382, 31.2259 ], [ 73.817260941000029, 31.222030964000055 ], [ 73.755355, 31.198332 ], [ 73.735547626000084, 31.168398520000039 ], [ 73.710860228000058, 31.17221464000005 ], [ 73.689096, 31.148517 ], [ 73.623804, 31.126753 ], [ 73.603975, 31.088545 ], [ 73.56725722300007, 31.102603110000075 ], [ 73.463235, 31.084676 ], [ 73.436151, 31.04405 ], [ 73.397741575000055, 31.021009775000039 ], [ 73.396564, 31.066488 ], [ 73.442751, 31.114385 ], [ 73.439356945000043, 31.141800277000073 ], [ 73.460997, 31.172547 ], [ 73.532274, 31.187943 ], [ 73.590452170000049, 31.248377846000039 ], [ 73.653157223000051, 31.280303110000034 ], [ 73.670257223000078, 31.321903110000051 ], [ 73.662282, 31.351594 ], [ 73.68395, 31.382955 ], [ 73.670265, 31.426862 ], [ 73.679958, 31.439406 ], [ 73.653757223000071, 31.457103110000048 ], [ 73.515157223000074, 31.424603110000078 ], [ 73.466157223000039, 31.472503110000048 ], [ 73.487228, 31.493576 ], [ 73.490649, 31.533491 ], [ 73.453585, 31.567704 ], [ 73.460427, 31.617312 ], [ 73.378317, 31.654946 ], [ 73.38687, 31.669202 ], [ 73.371474, 31.674904 ], [ 73.370904, 31.71995 ], [ 73.337262, 31.716529 ], [ 73.293355, 31.736487 ], [ 73.296838, 31.764571 ], [ 73.326364, 31.769194 ], [ 73.336192, 31.793218 ], [ 73.396251, 31.802318 ], [ 73.404623, 31.823066 ], [ 73.449394, 31.805594 ], [ 73.462498, 31.839082 ], [ 73.522193167000069, 31.805958502000067 ], [ 73.560049, 31.843086 ], [ 73.559321, 31.889313 ], [ 73.606276, 31.867473 ], [ 73.712925, 31.904865 ], [ 73.73378050000008, 31.890231 ] ] ] } },
{ "type": "Feature", "properties": { "OBJECTID": 112, "PROVINCE": "PUNJAB", "DISTRICT": "NAROWAL", "Shape_Area": 0.22225896641000001 }, "geometry": { "type": "Polygon", "coordinates": [ [ [ 75.03348, 32.491899 ], [ 75.108786, 32.474501 ], [ 75.133836391000045, 32.417278069000076 ], [ 75.190903, 32.426353 ], [ 75.192812, 32.400972 ], [ 75.289906, 32.370017 ], [ 75.289348, 32.355815 ], [ 75.337349, 32.321921 ], [ 75.321238, 32.297104 ], [ 75.381386, 32.268815 ], [ 75.374759, 32.22697 ], [ 75.316119, 32.208055 ], [ 75.320502, 32.178378 ], [ 75.285309, 32.15157 ], [ 75.27861, 32.116958 ], [ 75.240357, 32.091046 ], [ 75.202549, 32.120075 ], [ 75.198448, 32.082661 ], [ 75.174405, 32.067381 ], [ 75.123702, 32.08139 ], [ 75.104875, 32.058741 ], [ 75.091273, 32.073765 ], [ 75.012363, 32.035792 ], [ 74.934455, 32.065644 ], [ 74.879396, 32.0538 ], [ 74.879841, 32.031973 ], [ 74.828736, 31.998358 ], [ 74.818561, 31.958913 ], [ 74.756439, 31.954932 ], [ 74.756399, 31.943692 ], [ 74.719848, 31.941378 ], [ 74.719009, 31.923878 ], [ 74.691542467000033, 31.926748703000044 ], [ 74.583795, 32.061003 ], [ 74.62146, 32.065487 ], [ 74.630196, 32.095699 ], [ 74.679335, 32.134646 ], [ 74.746674, 32.155394 ], [ 74.759051, 32.194706 ], [ 74.744126, 32.231833 ], [ 74.770080566000047, 32.285705566000047 ], [ 74.852961, 32.30536 ], [ 74.878076, 32.382891 ], [ 74.92212, 32.404367 ], [ 74.945141284000044, 32.450968315000068 ], [ 74.983158102000061, 32.447139378000031 ], [ 75.019884, 32.468349 ], [ 75.024515, 32.497798 ], [ 75.03348, 32.491899 ] ] ] } },
{ "type": "Feature", "properties": { "OBJECTID": 113, "PROVINCE": "PUNJAB", "DISTRICT": "OKARA", "Shape_Area": 0.41570592992 }, "geometry": { "type": "Polygon", "coordinates": [ [ [ 73.660530390000076, 31.139174320000052 ], [ 73.68194, 31.094747 ], [ 73.665683, 31.081974 ], [ 73.66878, 31.059138 ], [ 73.715614, 31.04172 ], [ 73.736902, 31.001466 ], [ 73.767867, 30.986758 ], [ 73.76477, 30.939537 ], [ 73.787994, 30.924828 ], [ 73.822055, 30.932183 ], [ 73.857664, 30.859416 ], [ 73.932753, 30.861738 ], [ 73.990812, 30.818 ], [ 74.014809, 30.831547 ], [ 74.032227, 30.799422 ], [ 74.070159, 30.79439 ], [ 74.075191, 30.755297 ], [ 74.166536733000044, 30.64914729000003 ], [ 74.148634, 30.631305 ], [ 74.127402, 30.634899 ], [ 74.117724, 30.607976 ], [ 74.104955, 30.61907 ], [ 74.09551, 30.611275 ], [ 74.102032, 30.579352 ], [ 74.073441, 30.554507 ], [ 74.090836, 30.54937 ], [ 74.071753, 30.522698 ], [ 74.056866, 30.518274 ], [ 74.039195, 30.543125 ], [ 74.02946, 30.526197 ], [ 74.011627, 30.533898 ], [ 74.019495, 30.51372 ], [ 73.992469, 30.51424 ], [ 73.963162, 30.48437 ], [ 73.963061, 30.456423 ], [ 73.934227, 30.490406 ], [ 73.926826, 30.439434 ], [ 73.937839, 30.425011 ], [ 73.916497, 30.425794 ], [ 73.899804, 30.396599 ], [ 73.867768, 30.383632 ], [ 73.867993, 30.36584 ], [ 73.909455791000084, 30.341058629000031 ], [ 73.854497, 30.298086 ], [ 73.836467, 30.315799 ], [ 73.792816, 30.321809 ], [ 73.746951, 30.268352 ], [ 73.663129, 30.276893 ], [ 73.637508, 30.252537 ], [ 73.629542, 30.359515 ], [ 73.646418, 30.379556 ], [ 73.634277344000054, 30.402893066000047 ], [ 73.585242, 30.395905 ], [ 73.60632324200003, 30.429687500000057 ], [ 73.635343, 30.443369 ], [ 73.639035, 30.473957 ], [ 73.622159, 30.485559 ], [ 73.633234, 30.492943 ], [ 73.59579, 30.494525 ], [ 73.565729, 30.51773 ], [ 73.523539, 30.513511 ], [ 73.486095, 30.550427 ], [ 73.47291, 30.544099 ], [ 73.490295410000044, 30.587890625000057 ], [ 73.473438, 30.611603 ], [ 73.467109, 30.589981 ], [ 73.43389892600004, 30.583129883000026 ], [ 73.395913, 30.507709 ], [ 73.345284, 30.520894 ], [ 73.334716797000056, 30.495117187000062 ], [ 73.314696, 30.528277 ], [ 73.302566, 30.51562 ], [ 73.284108, 30.526168 ], [ 73.30315, 30.533323 ], [ 73.287674, 30.541062 ], [ 73.295896, 30.549283 ], [ 73.358286, 30.57008 ], [ 73.347162, 30.59136 ], [ 73.374246, 30.608772 ], [ 73.377147, 30.63247 ], [ 73.347645, 30.686638 ], [ 73.37086, 30.712271 ], [ 73.369893, 30.764021 ], [ 73.340875, 30.786268 ], [ 73.308954, 30.77321 ], [ 73.288641, 30.782883 ], [ 73.283804, 30.838986 ], [ 73.307987, 30.85156 ], [ 73.28719, 30.8622 ], [ 73.302183, 30.874291 ], [ 73.301216, 30.888801 ], [ 73.275099, 30.88203 ], [ 73.269328, 30.935099 ], [ 73.32443, 30.986013 ], [ 73.403263999000046, 30.999071 ], [ 73.39746, 31.020835 ], [ 73.436151, 31.04405 ], [ 73.463235, 31.084676 ], [ 73.56725722300007, 31.102603110000075 ], [ 73.603975, 31.088545 ], [ 73.623804, 31.126753 ], [ 73.660530390000076, 31.139174320000052 ] ] ] } },
{ "type": "Feature", "properties": { "OBJECTID": 114, "PROVINCE": "PUNJAB", "DISTRICT": "PAKPATTAN", "Shape_Area": 0.27087094577999998 }, "geometry": { "type": "Polygon", "coordinates": [ [ [ 73.489822816000071, 30.590271772000051 ], [ 73.47291, 30.544099 ], [ 73.486095, 30.550427 ], [ 73.523539, 30.513511 ], [ 73.565729, 30.51773 ], [ 73.59579, 30.494525 ], [ 73.633234, 30.492943 ], [ 73.622159, 30.485559 ], [ 73.639035, 30.473957 ], [ 73.635343, 30.443369 ], [ 73.60632324200003, 30.429687500000057 ], [ 73.585242, 30.395905 ], [ 73.634277344000054, 30.402893066000047 ], [ 73.646418, 30.379556 ], [ 73.629542, 30.359515 ], [ 73.630580773000077, 30.277725877000023 ], [ 73.580871582000043, 30.269287109000061 ], [ 73.568908691000047, 30.251892090000069 ], [ 73.540100098000039, 30.262329102000024 ], [ 73.48726, 30.206039 ], [ 73.463684082000043, 30.224487305000025 ], [ 73.459106445000032, 30.159301758000026 ], [ 73.424926758000083, 30.171875 ], [ 73.414145442000063, 30.147339114000033 ], [ 73.381286621000072, 30.152282715000069 ], [ 73.379715, 30.06876 ], [ 73.363708496000072, 30.096923828000058 ], [ 73.275648, 30.109248 ], [ 73.219345, 30.062434 ], [ 73.199101, 30.070975 ], [ 73.184867, 30.048833 ], [ 73.167297363000046, 30.066528320000032 ], [ 73.094108949000031, 30.026064949000045 ], [ 73.105285645000038, 30.003112793000071 ], [ 73.021911621000072, 30.040100098000039 ], [ 73.03210449200003, 29.990112305000025 ], [ 73.012878418000071, 29.983886719000054 ], [ 73.015922, 29.965205 ], [ 72.971721323000054, 29.970182779000027 ], [ 72.972473145000038, 30.017272949000073 ], [ 72.984497070000032, 30.024475098000039 ], [ 72.931229, 30.024531 ], [ 72.942353, 30.052099 ], [ 72.932678223000039, 30.084472656000059 ], [ 72.946224103000077, 30.09905613400008 ], [ 72.94719, 30.178813 ], [ 72.959899902000075, 30.186096191000047 ], [ 72.954528809000067, 30.245117187000062 ], [ 72.990234, 30.276025 ], [ 72.992675781000059, 30.296325684000067 ], [ 72.852879, 30.312298 ], [ 72.830113968000035, 30.402341195000076 ], [ 72.870910645000038, 30.394104004000042 ], [ 72.887293214000067, 30.412880218000055 ], [ 72.903686523000033, 30.391113281000059 ], [ 72.904058884000051, 30.422648165000055 ], [ 72.935729980000076, 30.423095703000058 ], [ 72.939514160000044, 30.435119629000042 ], [ 72.95147705100004, 30.410522461000028 ], [ 72.968326893000039, 30.432802225000046 ], [ 72.960674959000073, 30.448293815000056 ], [ 73.001358, 30.418216 ], [ 73.002808, 30.400805 ], [ 73.014516342000036, 30.417650897000044 ], [ 73.039082, 30.409511 ], [ 73.037631, 30.423536 ], [ 73.059878, 30.407576 ], [ 73.077773, 30.45594 ], [ 73.092282, 30.4453 ], [ 73.090348, 30.465613 ], [ 73.107759, 30.451588 ], [ 73.132425, 30.484475 ], [ 73.142700195000032, 30.469116211000028 ], [ 73.199279785000044, 30.490295410000044 ], [ 73.189011, 30.521716 ], [ 73.269296, 30.534291 ], [ 73.29782, 30.51562 ], [ 73.314696, 30.528277 ], [ 73.334716797000056, 30.495117187000062 ], [ 73.345284, 30.520894 ], [ 73.395913, 30.507709 ], [ 73.440263662000064, 30.589434003000065 ], [ 73.467109, 30.589981 ], [ 73.473438, 30.611603 ], [ 73.489822816000071, 30.590271772000051 ] ] ] } },
{ "type": "Feature", "properties": { "OBJECTID": 115, "PROVINCE": "PUNJAB", "DISTRICT": "R Y KHAN", "Shape_Area": 1.18655167519 }, "geometry": { "type": "MultiPolygon", "coordinates": [ [ [ [ 69.553256545000067, 28.132983241000034 ], [ 69.524787353000079, 28.137778364000042 ], [ 69.520807712000078, 28.17782393300007 ], [ 69.465749, 28.217355 ], [ 69.475505, 28.268189 ], [ 69.53603944200006, 28.213945335000062 ], [ 69.578318514000046, 28.200917937000042 ], [ 69.553256545000067, 28.132983241000034 ] ] ], [ [ [ 69.580254, 28.365236 ], [ 69.63725, 28.35394 ], [ 69.712731, 28.29335 ], [ 69.747632058000079, 28.313875469000038 ], [ 69.741924366000035, 28.253418684000053 ], [ 69.725332009000056, 28.241842482000038 ], [ 69.693266569000059, 28.263886100000036 ], [ 69.642248833000053, 28.230239509000057 ], [ 69.603804788000048, 28.23184425900007 ], [ 69.592578, 28.288215 ], [ 69.531987, 28.38937 ], [ 69.556634, 28.399126 ], [ 69.580254, 28.365236 ] ] ], [ [ [ 70.897733, 29.252636 ], [ 70.914035, 29.243198 ], [ 70.912319, 29.221748 ], [ 70.884863, 29.183996 ], [ 70.908887, 29.188286 ], [ 70.974096, 29.088758 ], [ 70.994687226000053, 29.076746452000066 ], [ 71.038446, 29.145386 ], [ 71.060754, 29.15654 ], [ 71.081346, 29.144528 ], [ 71.087352, 29.07074 ], [ 71.056464, 29.047573 ], [ 71.057322, 29.021833 ], [ 71.035872, 29.004673 ], [ 71.061612, 28.983223 ], [ 71.04102, 28.923163 ], [ 71.060754, 28.898281 ], [ 71.055606, 28.853665 ], [ 70.981818, 28.694076 ], [ 70.942349, 28.547357 ], [ 70.979243, 28.21102 ], [ 71.034156, 28.114065 ], [ 71.108520011000053, 27.793998871000042 ], [ 70.905211, 27.707093 ], [ 70.758915, 27.719003 ], [ 70.682703, 27.828429 ], [ 70.676413, 27.921856 ], [ 70.588007, 28.009406 ], [ 70.502838, 28.035753 ], [ 70.373107, 28.010457 ], [ 70.177409, 27.846171 ], [ 70.145557, 27.877879 ], [ 70.074465, 27.895039 ], [ 70.0285, 27.934262 ], [ 69.994179, 27.939778 ], [ 69.842188, 28.140186 ], [ 69.837285, 28.181861 ], [ 69.855671, 28.194731 ], [ 69.828092, 28.245599 ], [ 69.830543, 28.271339 ], [ 69.810932, 28.2885 ], [ 69.811545, 28.361431 ], [ 69.750766, 28.405124 ], [ 69.803271, 28.396611 ], [ 69.834684, 28.429845 ], [ 69.858358, 28.433488 ], [ 69.85244, 28.463991 ], [ 69.892959, 28.430301 ], [ 69.939397, 28.442138 ], [ 69.962616, 28.459893 ], [ 69.964437, 28.503144 ], [ 69.994029, 28.518168 ], [ 70.000858, 28.540932 ], [ 70.052304, 28.529095 ], [ 70.116953, 28.602849 ], [ 70.076434574000075, 28.623794148000059 ], [ 70.091457, 28.65475 ], [ 70.213925, 28.677058 ], [ 70.228494, 28.703464 ], [ 70.197991, 28.743983 ], [ 70.235323, 28.769478 ], [ 70.251258, 28.753999 ], [ 70.31454, 28.765836 ], [ 70.285858, 28.819558 ], [ 70.328197017000036, 28.828662769000061 ], [ 70.373724046000063, 28.790875519000053 ], [ 70.385563, 28.79816 ], [ 70.408782, 28.860532 ], [ 70.340946, 28.923815 ], [ 70.350507, 28.937018 ], [ 70.394211577000078, 28.948854909000033 ], [ 70.450209672000028, 28.939749801000062 ], [ 70.487088, 28.95705 ], [ 70.479897279000056, 28.994021265000072 ], [ 70.530399114000033, 29.004036510000049 ], [ 70.600006, 29.044999 ], [ 70.620348295000042, 29.08573178000006 ], [ 70.682374, 29.106776 ], [ 70.713262, 29.16512 ], [ 70.743292, 29.159972 ], [ 70.786002265000036, 29.252508902000045 ], [ 70.843679, 29.240624 ], [ 70.842821, 29.266364 ], [ 70.856549, 29.269796 ], [ 70.897733, 29.252636 ] ] ] ] } },
{ "type": "Feature", "properties": { "OBJECTID": 116, "PROVINCE": "PUNJAB", "DISTRICT": "RAJANPUR", "Shape_Area": 1.1620212510300001 }, "geometry": { "type": "Polygon", "coordinates": [ [ [ 69.957032843000036, 29.846552625000072 ], [ 70.096919, 29.811668 ], [ 70.143431821000036, 29.759888423000064 ], [ 70.18445, 29.741917 ], [ 70.338943824000069, 29.734818683000071 ], [ 70.369085, 29.721402 ], [ 70.392380002000039, 29.702153812000063 ], [ 70.401909, 29.680372 ], [ 70.390968, 29.669431 ], [ 70.419689, 29.650283 ], [ 70.426527, 29.618827 ], [ 70.493543, 29.636607 ], [ 70.541275599000073, 29.672030599000038 ], [ 70.579333462000079, 29.735807385000044 ], [ 70.581438693000052, 29.777841693000028 ], [ 70.609794, 29.802094 ], [ 70.633045, 29.811668 ], [ 70.686384, 29.785682 ], [ 70.695957, 29.761064 ], [ 70.685016, 29.748755 ], [ 70.704163, 29.733711 ], [ 70.725526449000029, 29.669131245000074 ], [ 70.709715877000065, 29.651343815000075 ], [ 70.709261, 29.591243 ], [ 70.686497, 29.557553 ], [ 70.709261, 29.515213 ], [ 70.692871, 29.489262 ], [ 70.649165, 29.487441 ], [ 70.637320627000065, 29.410956414000054 ], [ 70.609556033000047, 29.412321027000075 ], [ 70.627578333000031, 29.376704548000077 ], [ 70.610843395000074, 29.350907569000071 ], [ 70.62275898300004, 29.30351107000007 ], [ 70.54900470900003, 29.218376075000037 ], [ 70.578142312000068, 29.188328045000048 ], [ 70.575410752000039, 29.117305004000059 ], [ 70.557199709000031, 29.112297006000063 ], [ 70.538501446000055, 29.016463689000034 ], [ 70.479897279000056, 28.994021265000072 ], [ 70.487088, 28.95705 ], [ 70.450211, 28.93975 ], [ 70.394211577000078, 28.948854909000033 ], [ 70.350507, 28.937018 ], [ 70.340946, 28.923815 ], [ 70.408782, 28.860532 ], [ 70.385563, 28.79816 ], [ 70.373724046000063, 28.790875519000053 ], [ 70.328197017000036, 28.828662769000061 ], [ 70.285858, 28.819558 ], [ 70.31454, 28.765836 ], [ 70.251258, 28.753999 ], [ 70.235323, 28.769478 ], [ 70.197991, 28.743983 ], [ 70.228494, 28.703464 ], [ 70.213925, 28.677058 ], [ 70.091457, 28.65475 ], [ 70.076434574000075, 28.623794148000059 ], [ 70.116953, 28.602849 ], [ 70.052304, 28.529095 ], [ 70.000858, 28.540932 ], [ 69.994029, 28.518168 ], [ 69.964437, 28.503144 ], [ 69.962616, 28.459893 ], [ 69.939397, 28.442138 ], [ 69.892959, 28.430301 ], [ 69.85244, 28.463991 ], [ 69.858358, 28.433488 ], [ 69.834684, 28.429845 ], [ 69.803271, 28.396611 ], [ 69.750766, 28.405124 ], [ 69.72531, 28.427040800000043 ], [ 69.622169, 28.433136 ], [ 69.597041, 28.447845 ], [ 69.616653, 28.469908 ], [ 69.601944, 28.474811 ], [ 69.476306, 28.487681 ], [ 69.424213, 28.468683 ], [ 69.418697, 28.453361 ], [ 69.3617, 28.449684 ], [ 69.318799, 28.552033 ], [ 69.416245, 28.597385 ], [ 69.538819, 28.792889 ], [ 69.522884, 28.832113 ], [ 69.481209, 28.850499 ], [ 69.493467, 28.899528 ], [ 69.577429, 28.958976 ], [ 69.652849220000064, 29.071131 ], [ 69.708007221000059, 29.09871 ], [ 69.749069220000081, 29.187576 ], [ 69.738650220000068, 29.224348 ], [ 69.76448209800003, 29.295297817000062 ], [ 69.746005220000029, 29.297892 ], [ 69.684105220000049, 29.258056 ], [ 69.676138221000031, 29.298505 ], [ 69.636302220000061, 29.311988 ], [ 69.670009221000043, 29.365307 ], [ 69.657139220000033, 29.387983 ], [ 69.612363, 29.422917 ], [ 69.567011, 29.407595 ], [ 69.563946, 29.451722 ], [ 69.600718, 29.525879 ], [ 69.606234, 29.600035 ], [ 69.592751, 29.627614 ], [ 69.622782, 29.639259 ], [ 69.64178, 29.678482 ], [ 69.738001001000043, 29.720157 ], [ 69.789481, 29.76551 ], [ 69.832995, 29.851311 ], [ 69.878830853000068, 29.895271476000062 ], [ 69.910916, 29.862272 ], [ 69.957032843000036, 29.846552625000072 ] ] ] } },
{ "type": "Feature", "properties": { "OBJECTID": 117, "PROVINCE": "PUNJAB", "DISTRICT": "RAWALPINDI", "Shape_Area": 0.50483907869 }, "geometry": { "type": "Polygon", "coordinates": [ [ [ 73.539492221000046, 33.96532350800004 ], [ 73.594573, 33.891579 ], [ 73.566874, 33.797746 ], [ 73.598529, 33.739525 ], [ 73.600790500000073, 33.698826 ], [ 73.571962, 33.63043 ], [ 73.628487500000062, 33.567687 ], [ 73.633575, 33.526423 ], [ 73.612095, 33.508335 ], [ 73.630183500000044, 33.456331 ], [ 73.601920500000062, 33.434852 ], [ 73.575977865000084, 33.377401190000057 ], [ 73.588833782000052, 33.341773342000067 ], [ 73.60827636700003, 33.334899902000075 ], [ 73.62468165000007, 33.255247946000054 ], [ 73.593404, 33.232504 ], [ 73.557893, 33.23296 ], [ 73.551064, 33.204278 ], [ 73.529211, 33.240699 ], [ 73.470026, 33.219757 ], [ 73.460465, 33.252992 ], [ 73.423588, 33.239789 ], [ 73.413117, 33.200635 ], [ 73.362582, 33.177872 ], [ 73.39354, 33.1328 ], [ 73.3685, 33.101386 ], [ 73.146874, 33.097831 ], [ 73.121545, 33.076827 ], [ 73.092511, 33.107098 ], [ 73.043089, 33.068178 ], [ 73.028263, 33.069414 ], [ 73.013477505000083, 33.109065514000065 ], [ 72.944272048000073, 33.117697206000059 ], [ 72.92633, 33.168257 ], [ 72.810745195000038, 33.156562712000039 ], [ 72.705844499000079, 33.213239299000065 ], [ 72.629796, 33.199177 ], [ 72.664541, 33.275584 ], [ 72.694217, 33.277823 ], [ 72.678539, 33.3047 ], [ 72.720534, 33.366853 ], [ 72.739012, 33.390371 ], [ 72.770369, 33.39821 ], [ 72.77820777900007, 33.446413040000039 ], [ 72.93163, 33.4878 ], [ 72.823562, 33.566191 ], [ 72.810124, 33.635623 ], [ 72.749651, 33.637863 ], [ 72.730613, 33.683778 ], [ 72.748531, 33.718494 ], [ 72.697017, 33.801364 ], [ 72.737332, 33.862398 ], [ 72.767009, 33.860718 ], [ 72.790526, 33.8372 ], [ 72.824841173000038, 33.800185579000072 ], [ 72.829262, 33.767765 ], [ 72.922695045000069, 33.746561523000025 ], [ 72.824859, 33.693888 ], [ 72.909488, 33.576977 ], [ 72.983719544000053, 33.61366070400004 ], [ 72.968704896000077, 33.63123882900004 ], [ 73.000138001000039, 33.621045958000025 ], [ 73.085437658000046, 33.665563973000076 ], [ 73.170373328000039, 33.552062579000051 ], [ 73.101632710000047, 33.513910138000028 ], [ 73.127797231000045, 33.456549184000039 ], [ 73.232663906000084, 33.50645454000005 ], [ 73.269967089000033, 33.546695793000026 ], [ 73.291183903000046, 33.622821521000049 ], [ 73.339710859000036, 33.63280345700008 ], [ 73.372771682000064, 33.677311675000055 ], [ 73.337895171000071, 33.687256791000038 ], [ 73.246967237000035, 33.786080876000028 ], [ 73.183815086000038, 33.808838861000027 ], [ 73.241425, 33.825415 ], [ 73.260640260000059, 33.848606610000047 ], [ 73.268592, 33.83668 ], [ 73.304374, 33.846619 ], [ 73.399133, 33.975834 ], [ 73.435578, 33.967883 ], [ 73.4866, 34.016918 ], [ 73.52448, 34.012543 ], [ 73.539492221000046, 33.96532350800004 ] ] ] } },
{ "type": "Feature", "properties": { "OBJECTID": 118, "PROVINCE": "PUNJAB", "DISTRICT": "SAHIWAL", "Shape_Area": 0.30303866723 }, "geometry": { "type": "Polygon", "coordinates": [ [ [ 73.270662190000053, 30.907647207000025 ], [ 73.275099, 30.88203 ], [ 73.301216, 30.888801 ], [ 73.28719, 30.8622 ], [ 73.307987, 30.85156 ], [ 73.283804, 30.838986 ], [ 73.288641, 30.782883 ], [ 73.308954, 30.77321 ], [ 73.340875, 30.786268 ], [ 73.369893, 30.764021 ], [ 73.37086, 30.712271 ], [ 73.347645, 30.686638 ], [ 73.377147, 30.63247 ], [ 73.374246, 30.608772 ], [ 73.347162, 30.59136 ], [ 73.358286, 30.57008 ], [ 73.288641, 30.544931 ], [ 73.295896, 30.530421 ], [ 73.238342, 30.522683 ], [ 73.230604, 30.535258 ], [ 73.213677, 30.516879 ], [ 73.189011, 30.521716 ], [ 73.199279785000044, 30.490295410000044 ], [ 73.142700195000032, 30.469116211000028 ], [ 73.132425, 30.484475 ], [ 73.107759, 30.451588 ], [ 73.090348, 30.465613 ], [ 73.092282, 30.4453 ], [ 73.077773, 30.45594 ], [ 73.059878, 30.407576 ], [ 73.037631, 30.423536 ], [ 73.039082, 30.409511 ], [ 73.014516342000036, 30.417650897000044 ], [ 73.002808, 30.400805 ], [ 73.001358, 30.418216 ], [ 72.960674959000073, 30.448293815000056 ], [ 72.968326893000039, 30.432802225000046 ], [ 72.95147705100004, 30.410522461000028 ], [ 72.939514160000044, 30.435119629000042 ], [ 72.935729980000076, 30.423095703000058 ], [ 72.904058884000051, 30.422648165000055 ], [ 72.903686523000033, 30.391113281000059 ], [ 72.887293214000067, 30.412880218000055 ], [ 72.870910645000038, 30.394104004000042 ], [ 72.830113968000035, 30.402341195000076 ], [ 72.847234537000077, 30.369971894000059 ], [ 72.810014676000037, 30.366979723000043 ], [ 72.800731, 30.330323 ], [ 72.789413272000047, 30.33640229100007 ], [ 72.804032388000053, 30.348035891000052 ], [ 72.790411467000069, 30.344378384000038 ], [ 72.780442639000057, 30.325101120000056 ], [ 72.725293646000068, 30.332737020000025 ], [ 72.712306, 30.294089 ], [ 72.678436135000084, 30.32641717100006 ], [ 72.58770716500004, 30.226686244000064 ], [ 72.574410863000082, 30.265239848000078 ], [ 72.524550777000059, 30.261905578000039 ], [ 72.51158885600006, 30.217027241000039 ], [ 72.468307, 30.162781 ], [ 72.401822, 30.183059 ], [ 72.412792, 30.206661 ], [ 72.398874704000036, 30.217829992000077 ], [ 72.395875416000081, 30.289122401000043 ], [ 72.440854060000049, 30.368881328000043 ], [ 72.440354060000061, 30.432281328000045 ], [ 72.478554060000079, 30.477181328000029 ], [ 72.484854060000032, 30.54058132800003 ], [ 72.503654060000031, 30.547881328000074 ], [ 72.499345539000046, 30.578302562000033 ], [ 72.526904, 30.581688 ], [ 72.520133, 30.602001 ], [ 72.571883, 30.614575 ], [ 72.600418, 30.575884 ], [ 72.607672, 30.590393 ], [ 72.650233, 30.571047 ], [ 72.664742, 30.590877 ], [ 72.666193, 30.574433 ], [ 72.738739, 30.581688 ], [ 72.73487, 30.603451 ], [ 72.762438, 30.600066 ], [ 72.766332644000045, 30.625705411000069 ], [ 72.784202, 30.630535 ], [ 72.775013, 30.64311 ], [ 72.788071, 30.661005 ], [ 72.759536, 30.665841 ], [ 72.764373, 30.681802 ], [ 72.825312, 30.693409 ], [ 72.841755, 30.677932 ], [ 72.866421, 30.692442 ], [ 72.912367, 30.673096 ], [ 72.939935, 30.718558 ], [ 72.921557, 30.731133 ], [ 72.947673, 30.75725 ], [ 73.042467, 30.778046 ], [ 73.062297, 30.807065 ], [ 73.086962, 30.79449 ], [ 73.100988, 30.812869 ], [ 73.115497, 30.807549 ], [ 73.14113, 30.831247 ], [ 73.136777, 30.869455 ], [ 73.158057080000049, 30.867036920000032 ], [ 73.174018, 30.837051 ], [ 73.193847, 30.922172 ], [ 73.215611, 30.904761 ], [ 73.269328032000033, 30.935098872000026 ], [ 73.270662190000053, 30.907647207000025 ] ] ] } },
{ "type": "Feature", "properties": { "OBJECTID": 119, "PROVINCE": "PUNJAB", "DISTRICT": "SARGODHA", "Shape_Area": 0.55221831613000005 }, "geometry": { "type": "Polygon", "coordinates": [ [ [ 73.204550965000067, 32.552263282000069 ], [ 73.203965735000054, 32.523333201000071 ], [ 73.151915509000048, 32.495515945000079 ], [ 73.172132409000028, 32.490335839000068 ], [ 73.167502409000065, 32.464868839000076 ], [ 73.081142914000054, 32.457255331000056 ], [ 73.074365018000037, 32.435366938000072 ], [ 73.05121282500005, 32.42957961500008 ], [ 73.059316825000053, 32.398902615000054 ], [ 73.081889825000076, 32.397744615000079 ], [ 73.106778825000049, 32.347967615000073 ], [ 73.102726825000047, 32.323078615000043 ], [ 73.080138804000057, 32.309653 ], [ 73.087596218000044, 32.285913540000024 ], [ 73.137137, 32.296920001000046 ], [ 73.160868, 32.237881 ], [ 73.196754, 32.239039 ], [ 73.221643, 32.263928 ], [ 73.260422, 32.168424 ], [ 73.310193, 32.122091 ], [ 73.257529, 32.0735 ], [ 73.252898, 32.037035 ], [ 73.233798, 32.030668 ], [ 73.235534, 31.987837 ], [ 73.190387, 31.946162 ], [ 73.179969, 31.896964 ], [ 73.1163, 31.927062 ], [ 72.977976256000034, 31.955968519000066 ], [ 72.950182, 31.97626 ], [ 72.943236, 31.944426 ], [ 72.9606, 31.931114 ], [ 72.899247, 31.92301 ], [ 72.897511, 31.90854 ], [ 72.979122, 31.872654 ], [ 72.983174, 31.842556 ], [ 72.915876256000047, 31.841968519000034 ], [ 72.887092, 31.87439 ], [ 72.856415, 31.852975 ], [ 72.850048, 31.822298 ], [ 72.822844, 31.839083 ], [ 72.787575144000073, 31.836768 ], [ 72.73727625600003, 31.794468519000077 ], [ 72.716946737000058, 31.802039 ], [ 72.679301, 31.774836 ], [ 72.564776256000073, 31.763268519000064 ], [ 72.554376256000069, 31.73316851900006 ], [ 72.526496, 31.731425 ], [ 72.498713, 31.684542 ], [ 72.46109, 31.663705 ], [ 72.373112, 31.660232 ], [ 72.371954, 31.620294 ], [ 72.290342, 31.585566 ], [ 72.279345, 31.556625 ], [ 72.260823, 31.562992 ], [ 72.245774, 31.590196 ], [ 72.30597, 31.64634 ], [ 72.304233, 31.682226 ], [ 72.331438, 31.669493 ], [ 72.35922, 31.711746 ], [ 72.286869, 31.758629 ], [ 72.239986, 31.746474 ], [ 72.217046, 31.756345 ], [ 72.242615, 31.804773 ], [ 72.268565, 31.821163 ], [ 72.257638, 31.854398 ], [ 72.284044, 31.848024 ], [ 72.288085938000052, 31.862121582000043 ], [ 72.255362, 31.91677 ], [ 72.269475, 31.96685 ], [ 72.253541, 31.983239 ], [ 72.324606544000062, 32.045493323000073 ], [ 72.325929, 32.154422 ], [ 72.348693, 32.232273 ], [ 72.457958, 32.289637 ], [ 72.569044, 32.372497 ], [ 72.803509, 32.429405 ], [ 72.874076, 32.48768 ], [ 72.94888426600005, 32.506346 ], [ 72.997, 32.5455 ], [ 73.079404, 32.546866 ], [ 73.165295267000033, 32.571279 ], [ 73.204550965000067, 32.552263282000069 ] ] ] } },
{ "type": "Feature", "properties": { "OBJECTID": 120, "PROVINCE": "PUNJAB", "DISTRICT": "SHEIKHUPURA", "Shape_Area": 0.28832863303 }, "geometry": { "type": "Polygon", "coordinates": [ [ [ 74.602268930000037, 32.025342310000042 ], [ 74.691542467000033, 31.926748703000044 ], [ 74.666720630000043, 31.922754040000029 ], [ 74.636234, 31.884301 ], [ 74.607748, 31.880852 ], [ 74.57218, 31.839742 ], [ 74.573027190000062, 31.816127203000065 ], [ 74.544049880000046, 31.80258542200005 ], [ 74.558793, 31.796551 ], [ 74.559979674000033, 31.757417889000067 ], [ 74.503957974000059, 31.740482930000042 ], [ 74.489899546000061, 31.713431145000072 ], [ 74.438257500000077, 31.692615 ], [ 74.450832500000047, 31.671819 ], [ 74.407304783000029, 31.640382180000074 ], [ 74.368614, 31.669884 ], [ 74.341045500000064, 31.646185500000058 ], [ 74.280107, 31.6694 ], [ 74.268983500000047, 31.62684 ], [ 74.24044850000007, 31.611363 ], [ 74.247703500000057, 31.568319 ], [ 74.18337850000006, 31.509798 ], [ 74.17999350000008, 31.467238 ], [ 74.150007500000072, 31.453212 ], [ 74.128243816000065, 31.419357474000037 ], [ 74.108414500000038, 31.458048 ], [ 74.074559500000078, 31.416455 ], [ 74.084232500000041, 31.395658500000025 ], [ 74.073108500000046, 31.370993 ], [ 74.023686, 31.368091 ], [ 74.038206, 31.401542 ], [ 74.021596, 31.411923 ], [ 74.030939, 31.442028 ], [ 73.994605, 31.466943 ], [ 73.94789, 31.473172 ], [ 73.949967, 31.494972 ], [ 73.997757223000065, 31.540703110000038 ], [ 73.993257973000084, 31.560299844000042 ], [ 73.951575, 31.552671 ], [ 73.92875250000003, 31.595987 ], [ 73.898012188000052, 31.569439144000057 ], [ 73.832805440000072, 31.566644027000052 ], [ 73.773187, 31.586206 ], [ 73.727077, 31.560115353000072 ], [ 73.756885900000043, 31.53869893600006 ], [ 73.750365, 31.529849 ], [ 73.679569, 31.518671 ], [ 73.661758246000034, 31.495625490000066 ], [ 73.638534500000048, 31.517464 ], [ 73.626077001000056, 31.567292999000074 ], [ 73.656528500000036, 31.601897 ], [ 73.68144250000006, 31.618506500000024 ], [ 73.772796, 31.603281 ], [ 73.780495, 31.614614 ], [ 73.784388, 31.634857 ], [ 73.754024, 31.651207 ], [ 73.770373500000062, 31.739965 ], [ 73.750130538000064, 31.743858414000044 ], [ 73.751687, 31.774223 ], [ 73.702637, 31.801473 ], [ 73.738451500000053, 31.883224 ], [ 73.712939789000075, 31.904860489000043 ], [ 73.77881, 31.965388 ], [ 73.809095600000035, 31.980877103000068 ], [ 73.880801215000076, 31.943563147000077 ], [ 73.85350171500005, 31.903523647000043 ], [ 73.898199, 31.841266 ], [ 73.945156, 31.835442 ], [ 73.97762371500005, 31.852928147000057 ], [ 73.991382, 31.82707 ], [ 74.034407215000044, 31.839824647000057 ], [ 74.128974, 31.817606 ], [ 74.193401, 31.855098 ], [ 74.219244, 31.888585 ], [ 74.362658, 31.887857 ], [ 74.447833, 31.963568 ], [ 74.471493, 31.96648 ], [ 74.476225, 31.996328 ], [ 74.524636, 32.010524 ], [ 74.578508, 32.062211 ], [ 74.602268930000037, 32.025342310000042 ] ] ] } },
{ "type": "Feature", "properties": { "OBJECTID": 121, "PROVINCE": "PUNJAB", "DISTRICT": "SIALKOT", "Shape_Area": 0.29650519601999997 }, "geometry": { "type": "Polygon", "coordinates": [ [ [ 74.70579910400005, 32.835573043000068 ], [ 74.65605548800005, 32.696677431000069 ], [ 74.695377800000074, 32.660345962000065 ], [ 74.638915524000083, 32.614236247000065 ], [ 74.659783988000072, 32.597071647000064 ], [ 74.652566815000057, 32.565612530000067 ], [ 74.675207187000069, 32.565634207000073 ], [ 74.662491235000061, 32.545991212000047 ], [ 74.691012042000068, 32.533987326000045 ], [ 74.685602740000036, 32.493703241000048 ], [ 74.726712709000083, 32.476183974000037 ], [ 74.812242160000039, 32.480789874000038 ], [ 74.819816118000062, 32.499812204000079 ], [ 74.876994225000033, 32.494316501000071 ], [ 74.89601463200006, 32.469792187000053 ], [ 74.939903057000038, 32.471416205000025 ], [ 74.945141284000044, 32.450968315000068 ], [ 74.92212, 32.404367 ], [ 74.878076, 32.382891 ], [ 74.852961, 32.30536 ], [ 74.770080566000047, 32.285705566000047 ], [ 74.741578, 32.217637 ], [ 74.759051, 32.194706 ], [ 74.757231, 32.165586 ], [ 74.660407, 32.122634 ], [ 74.62146, 32.065487 ], [ 74.549387, 32.056387 ], [ 74.513716, 32.078591 ], [ 74.507164, 32.092059 ], [ 74.519904501000042, 32.10006700100007 ], [ 74.49224, 32.118267 ], [ 74.490421001000072, 32.149934001000076 ], [ 74.380256813000074, 32.169473587000027 ], [ 74.331354992000058, 32.205261603000054 ], [ 74.328443, 32.244209001000058 ], [ 74.272751, 32.251853 ], [ 74.246543, 32.278061 ], [ 74.226888501000076, 32.379979 ], [ 74.20650450100004, 32.399999 ], [ 74.202136500000051, 32.522666001000061 ], [ 74.211572002000082, 32.552713939000057 ], [ 74.238023500000054, 32.571853500000032 ], [ 74.350316, 32.596163 ], [ 74.442925, 32.65578 ], [ 74.462026, 32.690509 ], [ 74.430426462000071, 32.783292281000058 ], [ 74.43954242500007, 32.792266896000058 ], [ 74.511087404000079, 32.742793002000042 ], [ 74.56643753700007, 32.76046242700005 ], [ 74.637285294000037, 32.751778517000048 ], [ 74.631679512000062, 32.776059560000078 ], [ 74.658285168000077, 32.787120003000041 ], [ 74.636446987000056, 32.814381204000028 ], [ 74.70579910400005, 32.835573043000068 ] ] ] } },
{ "type": "Feature", "properties": { "OBJECTID": 122, "PROVINCE": "PUNJAB", "DISTRICT": "T. T SINGH", "Shape_Area": 0.28981228459000002 }, "geometry": { "type": "Polygon", "coordinates": [ [ [ 72.809902262000037, 31.332197050000048 ], [ 72.859811132000061, 31.278374179000025 ], [ 72.82450513200007, 31.222271179000074 ], [ 72.77913148500005, 31.196771727000055 ], [ 72.780977132000032, 31.119255179000049 ], [ 72.741319132000058, 31.087335179000036 ], [ 72.768886132000034, 31.069440179000026 ], [ 72.792585132000056, 31.085884179000061 ], [ 72.822509766000053, 31.067061626000054 ], [ 72.820636132000061, 31.031716179000057 ], [ 72.802741132000051, 31.023010179000039 ], [ 72.771730423000065, 30.944520950000026 ], [ 72.738256142000068, 30.934747019000042 ], [ 72.705368, 30.88735 ], [ 72.715525, 30.8622 ], [ 72.772111, 30.8356 ], [ 72.772111, 30.801261 ], [ 72.740674, 30.785785 ], [ 72.742608, 30.738388 ], [ 72.792424, 30.751446 ], [ 72.839337, 30.728231 ], [ 72.790973, 30.70018 ], [ 72.788071, 30.677449 ], [ 72.758569, 30.674547 ], [ 72.788071, 30.661005 ], [ 72.762438, 30.600066 ], [ 72.73487, 30.603451 ], [ 72.738739, 30.581688 ], [ 72.713142248000054, 30.57644971600007 ], [ 72.666193, 30.574433 ], [ 72.664742, 30.590877 ], [ 72.650233, 30.571047 ], [ 72.607672, 30.590393 ], [ 72.600418, 30.575884 ], [ 72.571883, 30.614575 ], [ 72.520133, 30.602001 ], [ 72.526904, 30.581688 ], [ 72.496979855000063, 30.567887992000067 ], [ 72.449154060000069, 30.600681328000064 ], [ 72.378254060000074, 30.563381328000048 ], [ 72.366661, 30.571529 ], [ 72.36355406000007, 30.558381328000053 ], [ 72.354261, 30.576954 ], [ 72.306598, 30.556416 ], [ 72.301543312000035, 30.526858612000069 ], [ 72.295654060000061, 30.550681328000053 ], [ 72.213554060000035, 30.563781328000061 ], [ 72.197353836000048, 30.544439940000075 ], [ 72.197318335000034, 30.561081328000057 ], [ 72.155890910000039, 30.574649960000045 ], [ 72.237538536000045, 30.723076768000055 ], [ 72.356905, 30.720249 ], [ 72.354011, 30.755556 ], [ 72.369639, 30.756714 ], [ 72.345907, 30.782181 ], [ 72.343592, 30.82617 ], [ 72.337225, 30.808806 ], [ 72.317546, 30.808806 ], [ 72.287448, 30.838325 ], [ 72.249826, 30.844114 ], [ 72.255035, 30.867266 ], [ 72.282817, 30.890997 ], [ 72.315809, 30.895049 ], [ 72.316967, 30.91357 ], [ 72.33491, 30.911834 ], [ 72.385845, 31.022965 ], [ 72.437938, 31.051905 ], [ 72.441411, 31.109207 ], [ 72.490191132000064, 31.125750179000079 ], [ 72.475721250000049, 31.15179712500003 ], [ 72.502924132000032, 31.170897179000065 ], [ 72.486557, 31.187925 ], [ 72.491188, 31.213393 ], [ 72.552123132000077, 31.222410179000065 ], [ 72.575275132000058, 31.24614217900006 ], [ 72.689300132000028, 31.234565179000072 ], [ 72.809902262000037, 31.332197050000048 ] ] ] } },
{ "type": "Feature", "properties": { "OBJECTID": 123, "PROVINCE": "PUNJAB", "DISTRICT": "VEHARI", "Shape_Area": 0.41941770851 }, "geometry": { "type": "Polygon", "coordinates": [ [ [ 72.847290014000066, 30.370186755000077 ], [ 72.852879, 30.312298 ], [ 72.992675781000059, 30.296325684000067 ], [ 72.990234, 30.276025 ], [ 72.954528809000067, 30.245117187000062 ], [ 72.959899902000075, 30.186096191000047 ], [ 72.94719, 30.178813 ], [ 72.946224103000077, 30.09905613400008 ], [ 72.932678223000039, 30.084472656000059 ], [ 72.942353, 30.052099 ], [ 72.931229, 30.024531 ], [ 72.984497070000032, 30.024475098000039 ], [ 72.968954, 29.965043 ], [ 72.946222, 29.96069 ], [ 72.925909, 29.994061 ], [ 72.893989, 29.998898 ], [ 72.860134, 29.954886 ], [ 72.860134, 29.924417 ], [ 72.83837, 29.967945 ], [ 72.787588, 29.980036 ], [ 72.767275, 29.961657 ], [ 72.77066, 29.892496 ], [ 72.751798, 29.892496 ], [ 72.732452, 29.92345 ], [ 72.709721, 29.922482 ], [ 72.694244, 29.910391 ], [ 72.683604, 29.85574 ], [ 72.655553, 29.870733 ], [ 72.604771, 29.838812 ], [ 72.569948, 29.839779 ], [ 72.563661, 29.808343 ], [ 72.542864, 29.808826 ], [ 72.512395, 29.843165 ], [ 72.502457691000075, 29.817532 ], [ 72.492565, 29.83059 ], [ 72.470318, 29.821401 ], [ 72.460161, 29.848485 ], [ 72.426306, 29.839779 ], [ 72.402608, 29.859609 ], [ 72.372622, 29.837361 ], [ 72.340702, 29.843165 ], [ 72.310232, 29.803506 ], [ 72.248809, 29.810277 ], [ 72.217373, 29.763848 ], [ 72.244457, 29.708229 ], [ 72.196576, 29.71113 ], [ 72.166107, 29.618755 ], [ 72.137088, 29.596507 ], [ 72.099848, 29.599409 ], [ 72.111455, 29.653577 ], [ 72.097913, 29.669537 ], [ 72.061156, 29.653577 ], [ 72.053418, 29.669537 ], [ 72.069862, 29.67921 ], [ 71.992962, 29.699523 ], [ 71.991028, 29.729509 ], [ 71.934930098000052, 29.746436 ], [ 71.989093, 29.795768 ], [ 71.930089, 29.834459 ], [ 71.930573, 29.848001 ], [ 71.887528, 29.857674 ], [ 71.893332, 29.876536 ], [ 71.922351, 29.867347 ], [ 71.885594, 29.889111 ], [ 71.894783, 29.915228 ], [ 71.832877, 29.91813 ], [ 71.798538, 29.899751 ], [ 71.758879, 29.918613 ], [ 71.758396, 29.942795 ], [ 71.737599, 29.936508 ], [ 71.736632, 29.963108 ], [ 71.750174, 29.961657 ], [ 71.773872, 30.022596 ], [ 71.839164, 30.005669 ], [ 71.873019, 30.040491 ], [ 71.880274, 30.023564 ], [ 71.898652, 30.047262 ], [ 71.955722, 30.040975 ], [ 71.963944, 30.071928 ], [ 71.999734, 30.09079 ], [ 72.110004, 30.063706 ], [ 72.149654060000046, 30.115981328000032 ], [ 72.193191, 30.116907 ], [ 72.181579015000068, 30.152197061000038 ], [ 72.273456742000064, 30.175878645000068 ], [ 72.318454, 30.21025 ], [ 72.366335, 30.201061 ], [ 72.398825, 30.2178 ], [ 72.412792, 30.206661 ], [ 72.401822, 30.183059 ], [ 72.447697, 30.178738 ], [ 72.461326, 30.160454 ], [ 72.502946776000044, 30.202065778000076 ], [ 72.524550777000059, 30.261905578000039 ], [ 72.574410863000082, 30.265239848000078 ], [ 72.58770716500004, 30.226686244000064 ], [ 72.678436135000084, 30.32641717100006 ], [ 72.712306, 30.294089 ], [ 72.725293646000068, 30.332737020000025 ], [ 72.780442639000057, 30.325101120000056 ], [ 72.790411467000069, 30.344378384000038 ], [ 72.804032388000053, 30.348035891000052 ], [ 72.796742, 30.328329 ], [ 72.810039, 30.341958 ], [ 72.810014676000037, 30.366979723000043 ], [ 72.847290014000066, 30.370186755000077 ] ] ] } },
{ "type": "Feature", "properties": { "OBJECTID": 124, "PROVINCE": "SINDH", "DISTRICT": "BADIN", "Shape_Area": 0.57730030262999998 }, "geometry": { "type": "Polygon", "coordinates": [ [ [ 68.970662341000036, 25.264793041000075 ], [ 68.98202, 25.132541 ], [ 69.087279, 25.069516 ], [ 69.091827, 25.046125 ], [ 69.173045, 24.953862 ], [ 69.289349, 24.955161 ], [ 69.328333, 24.877842 ], [ 69.301694, 24.829111 ], [ 69.332644, 24.800679 ], [ 69.252795, 24.752102 ], [ 69.285896, 24.721597 ], [ 69.221641, 24.682006 ], [ 69.219045, 24.66578 ], [ 69.252146, 24.647608 ], [ 69.233973, 24.633329 ], [ 69.235271, 24.595685 ], [ 69.196978, 24.615156 ], [ 69.221641, 24.582704 ], [ 69.209959, 24.56518 ], [ 69.220992, 24.542464 ], [ 69.138565, 24.50482 ], [ 69.077556, 24.450951 ], [ 69.056138, 24.324389 ], [ 69.082406862000028, 24.261341345000062 ], [ 69.001664, 24.224411 ], [ 68.979001, 24.228206 ], [ 68.946806, 24.280801 ], [ 68.926377, 24.287262 ], [ 68.8977, 24.266835 ], [ 68.859953, 24.200538 ], [ 68.831901, 24.299875 ], [ 68.776492, 24.294106 ], [ 68.768408309000051, 24.268675273000042 ], [ 68.733169, 24.372992 ], [ 68.616215, 24.37689 ], [ 68.561637, 24.361946 ], [ 68.448582, 24.394433 ], [ 68.457028, 24.438616 ], [ 68.416744, 24.42627 ], [ 68.394003, 24.519184 ], [ 68.406348, 24.558168 ], [ 68.37581, 24.591955 ], [ 68.381008, 24.625092 ], [ 68.354369, 24.648483 ], [ 68.371262, 24.726452 ], [ 68.353719, 24.738797 ], [ 68.381658, 24.778431 ], [ 68.433638, 24.791426 ], [ 68.484967, 24.873294 ], [ 68.499262, 24.859649 ], [ 68.532398, 24.888887 ], [ 68.57983, 24.865497 ], [ 68.646103, 24.899832669000034 ], [ 68.680756594000059, 24.894609242000058 ], [ 68.674785268000051, 24.865558194000073 ], [ 68.648097679000045, 24.853227235000077 ], [ 68.674266952000039, 24.826046589000043 ], [ 68.663655438000035, 24.800335595000035 ], [ 68.675602280000078, 24.795120703000066 ], [ 68.745541188000061, 24.791135369000074 ], [ 68.746364776000064, 24.80777826700006 ], [ 68.785340362000056, 24.831275308000045 ], [ 68.818797619000065, 24.818983310000078 ], [ 68.847927523000067, 24.888182198000038 ], [ 68.83492190000004, 24.928431676000059 ], [ 68.868516686000078, 24.935628929000075 ], [ 68.866200657000036, 24.956558444000052 ], [ 68.847404278000056, 24.953075110000043 ], [ 68.845249511000077, 24.987155960000052 ], [ 68.756368576000057, 24.962229298000068 ], [ 68.572033, 25.089008 ], [ 68.658449, 25.139688 ], [ 68.666245, 25.155282 ], [ 68.614916, 25.15918 ], [ 68.700682, 25.200114 ], [ 68.740966, 25.257941 ], [ 68.769555, 25.246246 ], [ 68.770854, 25.208561 ], [ 68.787747, 25.206612 ], [ 68.885859, 25.228703 ], [ 68.890407, 25.264439 ], [ 68.944335, 25.278083 ], [ 68.961229, 25.296926 ], [ 68.970662341000036, 25.264793041000075 ] ] ] } },
{ "type": "Feature", "properties": { "OBJECTID": 125, "PROVINCE": "SINDH", "DISTRICT": "DADU", "Shape_Area": 0.72970712103000002 }, "geometry": { "type": "Polygon", "coordinates": [ [ [ 67.262784977000081, 27.394198294000034 ], [ 67.298409382000045, 27.387054931000023 ], [ 67.314248162000069, 27.36713573000003 ], [ 67.341672875000029, 27.375446890000035 ], [ 67.352364484000077, 27.35658703200005 ], [ 67.375772728000072, 27.38305321100006 ], [ 67.405015843000058, 27.378814491000071 ], [ 67.522582699000054, 27.314765799000043 ], [ 67.632400340000061, 27.324402461000034 ], [ 67.666659710000033, 27.301358699000048 ], [ 67.883002645000033, 27.321092478000025 ], [ 67.998163637000061, 27.298543562000077 ], [ 67.953559947000031, 27.249372212000026 ], [ 67.941089767000051, 27.202223541000023 ], [ 68.048249318000046, 27.129023621000044 ], [ 68.007389738000029, 27.070778831000041 ], [ 67.911136917000078, 27.056521805000045 ], [ 67.91167831000007, 27.040150345000029 ], [ 67.971381072000042, 27.018277236000074 ], [ 67.979821510000079, 26.986486300000024 ], [ 67.917046742000082, 26.966112531000078 ], [ 67.927474889000052, 26.924855161000039 ], [ 67.884368393000045, 26.911809171000073 ], [ 67.835288510000055, 26.86003108500006 ], [ 67.864579129000049, 26.765106371000059 ], [ 67.836244217000058, 26.709974227000032 ], [ 67.869338310000046, 26.660818513000038 ], [ 67.807594764000044, 26.597237067000037 ], [ 67.757272415000045, 26.59875124000007 ], [ 67.755160535000073, 26.575482694000073 ], [ 67.716772752000054, 26.580228121000061 ], [ 67.633324340000058, 26.558225961000062 ], [ 67.646346473000051, 26.468969568000034 ], [ 67.621873672000049, 26.401397870000039 ], [ 67.571328230000063, 26.331079488000057 ], [ 67.496793319000062, 26.336437664000073 ], [ 67.50322763500003, 26.24989725100005 ], [ 67.481881975000078, 26.162814820000051 ], [ 67.418236713000056, 26.095080065000047 ], [ 67.359323, 26.154578 ], [ 67.255157, 26.370801 ], [ 67.177427, 26.477334 ], [ 67.128896, 26.633977 ], [ 67.125739, 26.738932 ], [ 67.147046, 26.766157 ], [ 67.131658, 26.923589 ], [ 67.163618, 27.065633 ], [ 67.127317, 27.309081 ], [ 67.163223, 27.367477 ], [ 67.17398380000003, 27.447917647000054 ], [ 67.262784977000081, 27.394198294000034 ] ] ] } },
{ "type": "Feature", "properties": { "OBJECTID": 126, "PROVINCE": "SINDH", "DISTRICT": "GHOTKI", "Shape_Area": 0.59595041960999995 }, "geometry": { "type": "Polygon", "coordinates": [ [ [ 69.812146253000037, 28.322526942000025 ], [ 69.814609, 28.275017 ], [ 69.830543, 28.271339 ], [ 69.828092, 28.245599 ], [ 69.855671, 28.194731 ], [ 69.837285, 28.181861 ], [ 69.842188, 28.140186 ], [ 69.882024, 28.075835 ], [ 69.994179, 27.939778 ], [ 70.0285, 27.934262 ], [ 70.074465, 27.895039 ], [ 70.145557, 27.877879 ], [ 70.177194410000084, 27.846447370000078 ], [ 70.126368, 27.792647 ], [ 70.030309, 27.561876 ], [ 69.935991, 27.497813 ], [ 69.884509, 27.422333 ], [ 69.771929898000053, 27.330069566000077 ], [ 69.697868, 27.377775 ], [ 69.621438, 27.399305 ], [ 69.531014, 27.463893 ], [ 69.55039, 27.528482 ], [ 69.443819, 27.517717 ], [ 69.335095, 27.543553 ], [ 69.281271, 27.588765 ], [ 69.217759, 27.675959 ], [ 69.154246, 27.695336 ], [ 69.156399, 27.724401 ], [ 69.197306, 27.72763 ], [ 69.200535, 27.747007 ], [ 69.233906, 27.72763 ], [ 69.271583, 27.742701 ], [ 69.248976, 27.778225 ], [ 69.259741, 27.791143 ], [ 69.184388, 27.909555 ], [ 69.165011, 27.977373 ], [ 69.199172, 28.005406 ], [ 69.200685, 28.06292 ], [ 69.226415, 28.099245 ], [ 69.32865, 28.126469 ], [ 69.373323, 28.166007 ], [ 69.430319, 28.149576 ], [ 69.488719007000043, 28.203737846000024 ], [ 69.520807712000078, 28.17782393300007 ], [ 69.524787353000079, 28.137778364000042 ], [ 69.55126591800007, 28.129959333000045 ], [ 69.578318514000046, 28.200917937000042 ], [ 69.525773122000032, 28.221720816000072 ], [ 69.520177, 28.271784 ], [ 69.594118, 28.256379 ], [ 69.603804788000048, 28.23184425900007 ], [ 69.642248833000053, 28.230239509000057 ], [ 69.693266569000059, 28.263886100000036 ], [ 69.725332009000056, 28.241842482000038 ], [ 69.741924366000035, 28.253418684000053 ], [ 69.747632058000079, 28.313875469000038 ], [ 69.712731, 28.29335 ], [ 69.650279873000045, 28.345472544000074 ], [ 69.703733942000042, 28.389604614000064 ], [ 69.750892236000084, 28.405010827000069 ], [ 69.811545, 28.361431 ], [ 69.812146253000037, 28.322526942000025 ] ] ] } },
{ "type": "Feature", "properties": { "OBJECTID": 127, "PROVINCE": "SINDH", "DISTRICT": "HYDERABAD", "Shape_Area": 0.09160207466 }, "geometry": { "type": "Polygon", "coordinates": [ [ [ 68.625312, 25.36125 ], [ 68.595423, 25.346956 ], [ 68.572682, 25.358002 ], [ 68.640256, 25.263139 ], [ 68.642205, 25.241698 ], [ 68.600621, 25.238449 ], [ 68.599322, 25.18582 ], [ 68.584378, 25.178673 ], [ 68.55384, 25.204013 ], [ 68.558388, 25.175424 ], [ 68.52915, 25.157881 ], [ 68.492764, 25.158531 ], [ 68.456379, 25.181921 ], [ 68.419343, 25.163729 ], [ 68.37646, 25.178673 ], [ 68.32578, 25.23715 ], [ 68.345273, 25.303423 ], [ 68.292335, 25.389523 ], [ 68.302623, 25.476538 ], [ 68.31934, 25.5074 ], [ 68.393066, 25.529261 ], [ 68.383208, 25.554122 ], [ 68.420071, 25.548121 ], [ 68.468507, 25.490683 ], [ 68.589860414000043, 25.436606013000073 ], [ 68.612317, 25.409981 ], [ 68.605819, 25.375545 ], [ 68.625312, 25.36125 ] ] ] } },
{ "type": "Feature", "properties": { "OBJECTID": 128, "PROVINCE": "SINDH", "DISTRICT": "JACOBABAD", "Shape_Area": 0.25473106922 }, "geometry": { "type": "Polygon", "coordinates": [ [ [ 68.919767999000044, 28.43466688500007 ], [ 68.920681, 28.276329 ], [ 68.897978, 28.236977 ], [ 68.913113, 28.1613 ], [ 68.905546, 28.111354 ], [ 68.933597750000047, 28.097327500000063 ], [ 68.881249, 28.083322 ], [ 68.652753, 28.154871 ], [ 68.530264989000045, 28.164262948000044 ], [ 68.412717, 28.119261 ], [ 68.321714, 28.12058 ], [ 68.313471, 27.934618 ], [ 68.286764, 27.926046 ], [ 68.222139, 27.936597 ], [ 68.203675, 27.922748 ], [ 68.177297, 27.939894 ], [ 68.124872, 27.930332 ], [ 68.086294, 27.984406 ], [ 68.029583, 27.995287 ], [ 68.001886, 27.980779 ], [ 67.929348, 27.984736 ], [ 67.913521, 27.999903 ], [ 67.923109, 28.036276 ], [ 67.970534, 28.076587 ], [ 68.015588, 28.095557 ], [ 68.200544, 28.242573 ], [ 68.354674, 28.292369 ], [ 68.394985, 28.38959 ], [ 68.461379, 28.432272 ], [ 68.919767999000044, 28.43466688500007 ] ] ] } },
{ "type": "Feature", "properties": { "OBJECTID": 129, "PROVINCE": "SINDH", "DISTRICT": "JAMSHORO", "Shape_Area": 1.0120951789699999 }, "geometry": { "type": "Polygon", "coordinates": [ [ [ 67.801301, 26.585443 ], [ 67.850135, 26.546712 ], [ 67.909279021000032, 26.547533860000044 ], [ 67.920316, 26.485326 ], [ 67.878929484000082, 26.435450368000033 ], [ 67.925675435000073, 26.39783043500006 ], [ 67.927355395000063, 26.374559395000063 ], [ 67.898049042000082, 26.383293852000065 ], [ 67.87188, 26.318584 ], [ 67.879166, 26.295866 ], [ 67.904028, 26.29158 ], [ 67.915601, 26.245715 ], [ 68.015475, 26.196421 ], [ 68.021476, 26.1557 ], [ 68.180073, 25.999246 ], [ 68.245227, 26.00096 ], [ 68.272231, 25.974813 ], [ 68.233654, 25.929806 ], [ 68.320668, 25.854793 ], [ 68.331813, 25.8055 ], [ 68.295378, 25.763921 ], [ 68.331384, 25.726629 ], [ 68.462549, 25.676907 ], [ 68.357103, 25.616897 ], [ 68.393066, 25.529261 ], [ 68.31934, 25.5074 ], [ 68.302623, 25.476538 ], [ 68.292335, 25.389523 ], [ 68.344285268000078, 25.302717624000024 ], [ 68.322532, 25.28718 ], [ 68.17439, 25.298225 ], [ 68.080132110000079, 25.418740704000072 ], [ 68.013904, 25.448316 ], [ 67.992462, 25.441819 ], [ 67.961924, 25.407382 ], [ 67.942432, 25.410631 ], [ 67.909295, 25.360601 ], [ 67.906046, 25.301474 ], [ 67.82223, 25.213759 ], [ 67.804686, 25.090308 ], [ 67.74556, 25.069516 ], [ 67.709824, 25.000643 ], [ 67.648748, 25.015587 ], [ 67.590271, 24.972054 ], [ 67.558434, 24.968806 ], [ 67.5188, 24.979851 ], [ 67.496708, 25.060419 ], [ 67.457074, 25.093556 ], [ 67.271248, 25.181921 ], [ 67.282293, 25.226104 ], [ 67.328425, 25.276134 ], [ 67.329075, 25.296276 ], [ 67.360262, 25.305373 ], [ 67.415491, 25.453514 ], [ 67.381054, 25.642589 ], [ 67.323934092000059, 25.642588980000028 ], [ 67.349853, 25.73318 ], [ 67.399569, 25.784079 ], [ 67.416535, 25.825114 ], [ 67.399174, 25.882721 ], [ 67.430345, 26.076848 ], [ 67.416959893000069, 26.096498904000043 ], [ 67.481881975000078, 26.162814820000051 ], [ 67.50322763500003, 26.24989725100005 ], [ 67.495024668000042, 26.333442835000028 ], [ 67.537849720000054, 26.342950680000058 ], [ 67.571328230000063, 26.331079488000057 ], [ 67.620230572000082, 26.398500679000051 ], [ 67.646346473000051, 26.468969568000034 ], [ 67.630226826000069, 26.513044074000049 ], [ 67.635667330000047, 26.560428392000063 ], [ 67.755160535000073, 26.575482694000073 ], [ 67.757272415000045, 26.59875124000007 ], [ 67.783592181000074, 26.603929778000065 ], [ 67.799431947000073, 26.601925132000076 ], [ 67.801301, 26.585443 ] ] ] } },
{ "type": "Feature", "properties": { "OBJECTID": 131, "PROVINCE": "SINDH", "DISTRICT": "KASHMORE", "Shape_Area": 0.23462616619000001 }, "geometry": { "type": "Polygon", "coordinates": [ [ [ 69.750892236000084, 28.405010827000069 ], [ 69.703733942000042, 28.389604614000064 ], [ 69.650279873000045, 28.345472544000074 ], [ 69.582308, 28.35548 ], [ 69.544824, 28.399126 ], [ 69.531987, 28.38937 ], [ 69.592578, 28.288215 ], [ 69.594118, 28.256379 ], [ 69.520177, 28.271784 ], [ 69.515043, 28.242515 ], [ 69.475505, 28.268189 ], [ 69.465749, 28.217355 ], [ 69.477559, 28.205031 ], [ 69.430319, 28.149576 ], [ 69.373323, 28.166007 ], [ 69.32865, 28.126469 ], [ 69.226415, 28.099245 ], [ 69.200685, 28.06292 ], [ 69.199172, 28.005406 ], [ 69.181009, 27.991784 ], [ 69.153766, 27.990271 ], [ 69.114414, 28.017514 ], [ 69.090197, 27.991784 ], [ 69.01452, 28.085623 ], [ 68.905546, 28.111354 ], [ 68.913113, 28.1613 ], [ 68.897978, 28.236977 ], [ 68.920681, 28.276329 ], [ 68.919766325000069, 28.434676921000062 ], [ 69.391118, 28.447845 ], [ 69.476306, 28.487681 ], [ 69.601944, 28.474811 ], [ 69.616653, 28.469908 ], [ 69.597041, 28.447845 ], [ 69.622169, 28.433136 ], [ 69.72531, 28.427040800000043 ], [ 69.750892236000084, 28.405010827000069 ] ] ] } },
{ "type": "Feature", "properties": { "OBJECTID": 132, "PROVINCE": "SINDH", "DISTRICT": "KHAIRPUR", "Shape_Area": 1.44586357852 }, "geometry": { "type": "Polygon", "coordinates": [ [ [ 68.673392146000083, 27.714642443000059 ], [ 68.69235, 27.684951 ], [ 68.718759, 27.676742 ], [ 68.743383, 27.676742 ], [ 68.768007, 27.699939 ], [ 68.843308, 27.6953 ], [ 68.853301, 27.641055 ], [ 68.831888, 27.624639 ], [ 68.792632, 27.521502 ], [ 68.832602, 27.500803 ], [ 68.831174, 27.480461 ], [ 68.894341, 27.480818 ], [ 68.866148, 27.442989 ], [ 68.891486, 27.413368 ], [ 68.837241, 27.354484 ], [ 68.830461, 27.301666 ], [ 68.846163, 27.287034 ], [ 69.007471, 27.203882 ], [ 69.091694, 27.211376 ], [ 69.18234, 27.18354 ], [ 69.23944, 27.184611 ], [ 69.459633, 27.100745 ], [ 69.498532, 27.072552 ], [ 69.540315633000034, 27.069016957000031 ], [ 69.514589, 27.010007 ], [ 69.485943, 26.80537 ], [ 69.511087, 26.744512 ], [ 69.723051, 26.654729 ], [ 69.807455, 26.594868 ], [ 69.895739, 26.580231 ], [ 70.05599, 26.601958 ], [ 70.117857, 26.588313 ], [ 70.175113, 26.552564 ], [ 70.18696, 26.374534 ], [ 70.16486, 26.294011 ], [ 70.176801, 26.250663 ], [ 70.12894526000008, 26.138651725000045 ], [ 69.84071, 26.205922 ], [ 69.622775, 26.21713 ], [ 69.544319, 26.204676 ], [ 69.241701, 26.2383 ], [ 69.107204, 26.225847 ], [ 69.074349, 26.261006 ], [ 69.060316, 26.250341 ], [ 69.057509, 26.296369 ], [ 69.017656, 26.299737 ], [ 68.985662, 26.360358 ], [ 68.95479, 26.38281 ], [ 68.926163, 26.462516 ], [ 68.856561, 26.436696 ], [ 68.820637, 26.542783 ], [ 68.776855, 26.580952 ], [ 68.357186973000069, 26.630419650000078 ], [ 68.28571, 26.661781 ], [ 68.327808, 26.79032 ], [ 68.315459, 26.818947 ], [ 68.33286, 26.898653 ], [ 68.382817, 26.98341 ], [ 68.429966, 27.010353 ], [ 68.44849, 27.054135 ], [ 68.413127, 27.126544 ], [ 68.346331, 27.170887 ], [ 68.353628, 27.183236 ], [ 68.336228, 27.206811 ], [ 68.177378, 27.235438 ], [ 68.179062, 27.252838 ], [ 68.239122, 27.3477 ], [ 68.325002, 27.357242 ], [ 68.349699, 27.37801 ], [ 68.299182, 27.426844 ], [ 68.271116, 27.495885 ], [ 68.333983, 27.525073 ], [ 68.342964, 27.611515 ], [ 68.432212, 27.608708 ], [ 68.492272, 27.62667 ], [ 68.496762, 27.641264 ], [ 68.459911012000077, 27.688661963000072 ], [ 68.501412, 27.720301 ], [ 68.556805, 27.711728 ], [ 68.600022203000037, 27.728742590000024 ], [ 68.673392146000083, 27.714642443000059 ] ] ] } },
{ "type": "Feature", "properties": { "OBJECTID": 133, "PROVINCE": "SINDH", "DISTRICT": "LARKANA", "Shape_Area": 0.17414306453 }, "geometry": { "type": "Polygon", "coordinates": [ [ [ 68.19708, 27.931651 ], [ 68.241628012000035, 27.928243903000066 ], [ 68.263354, 27.876588 ], [ 68.282478, 27.871312 ], [ 68.289072, 27.843286 ], [ 68.335892, 27.793169 ], [ 68.343806, 27.750964 ], [ 68.39755, 27.736787 ], [ 68.395901, 27.717992 ], [ 68.459911012000077, 27.688661963000072 ], [ 68.496762, 27.641264 ], [ 68.492272, 27.62667 ], [ 68.432212, 27.608708 ], [ 68.335667, 27.604218 ], [ 68.342964, 27.539667 ], [ 68.271116, 27.495885 ], [ 68.299182, 27.426844 ], [ 68.349699, 27.37801 ], [ 68.325002, 27.357242 ], [ 68.272239, 27.36061 ], [ 68.220037, 27.333667 ], [ 68.177378, 27.235438 ], [ 68.134157, 27.20625 ], [ 68.093743, 27.211302 ], [ 68.083078, 27.1591 ], [ 68.093743, 27.143945 ], [ 68.071852, 27.123176 ], [ 68.070168, 27.13777 ], [ 68.035614224000028, 27.134632206000049 ], [ 67.941089767000051, 27.202223541000023 ], [ 67.939683921000039, 27.221128779000026 ], [ 67.995427956000071, 27.292389019000041 ], [ 68.015405, 27.370798 ], [ 68.054641, 27.373106 ], [ 68.051344, 27.388932 ], [ 68.03255, 27.386294 ], [ 68.002875, 27.411023 ], [ 68.080689, 27.562365 ], [ 68.11564, 27.597315 ], [ 68.099483, 27.68535 ], [ 68.144325, 27.676448 ], [ 68.195761, 27.717992 ], [ 68.170373, 27.758878 ], [ 68.182243, 27.832405 ], [ 68.118277, 27.922089 ], [ 68.144325, 27.937916 ], [ 68.19708, 27.931651 ] ] ] } },
{ "type": "Feature", "properties": { "OBJECTID": 134, "PROVINCE": "SINDH", "DISTRICT": "MATIARI", "Shape_Area": 0.13129350609000001 }, "geometry": { "type": "Polygon", "coordinates": [ [ [ 68.429543, 26.066114 ], [ 68.451404, 26.044253 ], [ 68.548277, 26.05797 ], [ 68.507985, 26.031394 ], [ 68.475408, 25.928949 ], [ 68.442831, 25.919947 ], [ 68.523845, 25.863366 ], [ 68.491268, 25.848364 ], [ 68.492982, 25.834219 ], [ 68.540133, 25.812786 ], [ 68.551706, 25.742489 ], [ 68.665620123000053, 25.676491006000049 ], [ 68.6539, 25.630894 ], [ 68.670794, 25.599056 ], [ 68.60322, 25.524986 ], [ 68.589860414000043, 25.436606013000073 ], [ 68.468507, 25.490683 ], [ 68.437645, 25.539977 ], [ 68.383984472000066, 25.551921167000046 ], [ 68.368247, 25.572747 ], [ 68.357103, 25.616897 ], [ 68.462549, 25.676907 ], [ 68.314238, 25.740775 ], [ 68.295378, 25.763921 ], [ 68.331813, 25.8055 ], [ 68.320668, 25.854793 ], [ 68.233654, 25.929806 ], [ 68.272231, 25.974813 ], [ 68.255085818000055, 25.986104723000039 ], [ 68.309523, 26.014248 ], [ 68.363104, 26.09269 ], [ 68.429543, 26.066114 ] ] ] } },
{ "type": "Feature", "properties": { "OBJECTID": 135, "PROVINCE": "SINDH", "DISTRICT": "MIRPURKHAS", "Shape_Area": 0.29759634974 }, "geometry": { "type": "Polygon", "coordinates": [ [ [ 69.157806405000031, 25.779727955000055 ], [ 69.193801120000046, 25.779560739000033 ], [ 69.227957110000034, 25.755110799000079 ], [ 69.23684538200007, 25.726861553000049 ], [ 69.287079860000063, 25.681662875000029 ], [ 69.289323766000052, 25.633451354000044 ], [ 69.270311967000055, 25.60798830400006 ], [ 69.295287538000082, 25.549115185000062 ], [ 69.170446, 25.558772 ], [ 69.182791, 25.456113 ], [ 69.251664, 25.399585 ], [ 69.273755, 25.400235 ], [ 69.269857, 25.369697 ], [ 69.304943, 25.367748 ], [ 69.364069, 25.296276 ], [ 69.364719, 25.230652 ], [ 69.406303, 25.115648 ], [ 69.400455, 25.057821 ], [ 69.472576, 24.95711 ], [ 69.485153, 24.882239 ], [ 69.332644, 24.800679 ], [ 69.301694, 24.829111 ], [ 69.328333, 24.877842 ], [ 69.289349, 24.955161 ], [ 69.173045, 24.953862 ], [ 69.091827, 25.046125 ], [ 69.087279, 25.069516 ], [ 68.98202, 25.132541 ], [ 68.961229, 25.402184 ], [ 68.885859, 25.53928 ], [ 68.904701, 25.641939 ], [ 68.88196, 25.730304 ], [ 68.911199, 25.736802 ], [ 68.920295, 25.754345 ], [ 68.997614, 25.701066 ], [ 68.998914, 25.717959 ], [ 69.031401, 25.734203 ], [ 69.048736917000042, 25.721594620000076 ], [ 69.050112, 25.750179 ], [ 69.104358, 25.763659 ], [ 69.099684, 25.80899 ], [ 69.145271316000049, 25.806810967000047 ], [ 69.157806405000031, 25.779727955000055 ] ] ] } },
{ "type": "Feature", "properties": { "OBJECTID": 136, "PROVINCE": "SINDH", "DISTRICT": "NAUSHAHRO FEROZ", "Shape_Area": 0.27498124259000001 }, "geometry": { "type": "Polygon", "coordinates": [ [ [ 68.177378, 27.235438 ], [ 68.336228, 27.206811 ], [ 68.353628, 27.183236 ], [ 68.346331, 27.170887 ], [ 68.413127, 27.126544 ], [ 68.443438, 27.076026 ], [ 68.447367, 27.035612 ], [ 68.408075, 26.990146 ], [ 68.382817, 26.98341 ], [ 68.318827, 26.84589 ], [ 68.327808, 26.79032 ], [ 68.28571, 26.661781 ], [ 68.357186973000069, 26.630419650000078 ], [ 68.081955, 26.575339 ], [ 68.031437, 26.603966 ], [ 67.998881, 26.571971 ], [ 67.955099, 26.582075 ], [ 67.923666, 26.54559 ], [ 67.850135, 26.546712 ], [ 67.801301, 26.585443 ], [ 67.870530213000052, 26.667039147000025 ], [ 67.836244217000058, 26.709974227000032 ], [ 67.864579129000049, 26.765106371000059 ], [ 67.835288510000055, 26.86003108500006 ], [ 67.884368393000045, 26.911809171000073 ], [ 67.927474889000052, 26.924855161000039 ], [ 67.917046742000082, 26.966112531000078 ], [ 67.979821510000079, 26.986486300000024 ], [ 67.971381072000042, 27.018277236000074 ], [ 67.91167831000007, 27.040150345000029 ], [ 67.911136917000078, 27.056521805000045 ], [ 68.007389738000029, 27.070778831000041 ], [ 68.047394761000078, 27.129620304000071 ], [ 68.064555, 27.140577 ], [ 68.079149, 27.124299 ], [ 68.093743, 27.143945 ], [ 68.083078, 27.1591 ], [ 68.093743, 27.211302 ], [ 68.134157, 27.20625 ], [ 68.177378, 27.235438 ] ] ] } },
{ "type": "Feature", "properties": { "OBJECTID": 137, "PROVINCE": "SINDH", "DISTRICT": "SANGHAR", "Shape_Area": 0.92459613898000004 }, "geometry": { "type": "Polygon", "coordinates": [ [ [ 68.935144, 26.441186 ], [ 68.95479, 26.38281 ], [ 68.985662, 26.360358 ], [ 69.017656, 26.299737 ], [ 69.057509, 26.296369 ], [ 69.060316, 26.250341 ], [ 69.074349, 26.261006 ], [ 69.107204, 26.225847 ], [ 69.241701, 26.2383 ], [ 69.544319, 26.204676 ], [ 69.622775, 26.21713 ], [ 69.84071, 26.205922 ], [ 70.12894526000008, 26.138651725000045 ], [ 70.085445, 26.082397 ], [ 70.100875, 25.939143 ], [ 70.175498, 25.828937 ], [ 70.222326641000052, 25.794536869000069 ], [ 70.17105, 25.770588 ], [ 70.089832, 25.769289 ], [ 69.991071, 25.725756 ], [ 69.930645, 25.760193 ], [ 69.86827, 25.693269 ], [ 69.79095, 25.653635 ], [ 69.723377, 25.547727 ], [ 69.670098, 25.51264 ], [ 69.636311, 25.517838 ], [ 69.629164, 25.492498 ], [ 69.575885, 25.502245 ], [ 69.561591, 25.56527 ], [ 69.534302, 25.571117 ], [ 69.447886, 25.543828 ], [ 69.393308, 25.567219 ], [ 69.380963, 25.557473 ], [ 69.335481, 25.570468 ], [ 69.295287538000082, 25.549115185000062 ], [ 69.270311967000055, 25.60798830400006 ], [ 69.289323766000052, 25.633451354000044 ], [ 69.287079860000063, 25.681662875000029 ], [ 69.23684538200007, 25.726861553000049 ], [ 69.227957110000034, 25.755110799000079 ], [ 69.193801120000046, 25.779560739000033 ], [ 69.154521893000037, 25.780793623000079 ], [ 69.145271316000049, 25.806810967000047 ], [ 69.099684, 25.80899 ], [ 69.104358, 25.763659 ], [ 69.050112, 25.750179 ], [ 69.048736917000042, 25.721594620000076 ], [ 69.031401, 25.734203 ], [ 68.998914, 25.717959 ], [ 68.997614, 25.701066 ], [ 68.920295, 25.754345 ], [ 68.911199, 25.736802 ], [ 68.88196, 25.730304 ], [ 68.882609712000033, 25.698466987000074 ], [ 68.868315, 25.697817 ], [ 68.810488, 25.736802 ], [ 68.739017, 25.754995 ], [ 68.726672, 25.723807 ], [ 68.692235, 25.729655 ], [ 68.66562, 25.676491 ], [ 68.622004, 25.693624 ], [ 68.551706, 25.742489 ], [ 68.540133, 25.812786 ], [ 68.492982, 25.834219 ], [ 68.491268, 25.848364 ], [ 68.523845, 25.863366 ], [ 68.474979, 25.907945 ], [ 68.447118, 25.908374 ], [ 68.442831, 25.919947 ], [ 68.475408, 25.928949 ], [ 68.507985, 26.031394 ], [ 68.548277, 26.05797 ], [ 68.451404, 26.044253 ], [ 68.434636007000051, 26.058475990000034 ], [ 68.468246, 26.070079 ], [ 68.453192225000066, 26.113897549000058 ], [ 68.487270950000038, 26.13114444100006 ], [ 68.500583409000058, 26.149998570000037 ], [ 68.486283246000028, 26.155005159000041 ], [ 68.50526336300004, 26.166041886000073 ], [ 68.575479416000064, 26.161340556000027 ], [ 68.622314, 26.196003 ], [ 68.642158, 26.168221 ], [ 68.667776, 26.210075 ], [ 68.630973, 26.290897 ], [ 68.693755, 26.307134 ], [ 68.700971, 26.334556 ], [ 68.737774, 26.337442 ], [ 68.744629, 26.317237 ], [ 68.775299, 26.332391 ], [ 68.839523, 26.39842 ], [ 68.856183, 26.437277 ], [ 68.91606, 26.469252 ], [ 68.935144, 26.441186 ] ] ] } },
{ "type": "Feature", "properties": { "OBJECTID": 138, "PROVINCE": "SINDH", "DISTRICT": "SHAHDAD KOT", "Shape_Area": 0.51194235008 }, "geometry": { "type": "Polygon", "coordinates": [ [ [ 67.912922177000041, 28.000781974000063 ], [ 67.929348, 27.984736 ], [ 68.001886, 27.980779 ], [ 68.029583, 27.995287 ], [ 68.086294, 27.984406 ], [ 68.186859, 27.819216 ], [ 68.170373, 27.758878 ], [ 68.195761, 27.717992 ], [ 68.144325, 27.676448 ], [ 68.096846, 27.680075 ], [ 68.11564, 27.597315 ], [ 68.080689, 27.562365 ], [ 68.002875, 27.411023 ], [ 68.03255, 27.386294 ], [ 68.051344, 27.388932 ], [ 68.054641, 27.373106 ], [ 68.015405, 27.370798 ], [ 67.998163637000061, 27.298543562000077 ], [ 67.883002645000033, 27.321092478000025 ], [ 67.666659710000033, 27.301358699000048 ], [ 67.632400340000061, 27.324402461000034 ], [ 67.596260418000043, 27.311434109000061 ], [ 67.510574414000075, 27.316902299000049 ], [ 67.397094805000052, 27.380996743000026 ], [ 67.372050331000082, 27.381045009000047 ], [ 67.357612872000061, 27.356926443000077 ], [ 67.341672875000029, 27.375446890000035 ], [ 67.314248162000069, 27.36713573000003 ], [ 67.17398380000003, 27.447917647000054 ], [ 67.185319, 27.540297 ], [ 67.223592, 27.568706 ], [ 67.252395, 27.659062 ], [ 67.330914, 27.719431 ], [ 67.354983, 27.757704 ], [ 67.392467, 27.911191 ], [ 67.420104980000076, 27.895080566000047 ], [ 67.543712, 27.905858 ], [ 67.785578, 27.950912 ], [ 67.787949, 27.981738 ], [ 67.804548, 27.988851 ], [ 67.912922177000041, 28.000781974000063 ] ] ] } },
{ "type": "Feature", "properties": { "OBJECTID": 139, "PROVINCE": "SINDH", "DISTRICT": "S. BENAZIRABAD", "Shape_Area": 0.41763135356999997 }, "geometry": { "type": "Polygon", "coordinates": [ [ [ 68.599886359000038, 26.600716671000043 ], [ 68.752999802000033, 26.585723503000054 ], [ 68.80885, 26.562429 ], [ 68.853193, 26.470936 ], [ 68.855038, 26.430893 ], [ 68.775299, 26.332391 ], [ 68.744629, 26.317237 ], [ 68.737774, 26.337442 ], [ 68.700971, 26.334556 ], [ 68.693755, 26.307134 ], [ 68.630973, 26.290897 ], [ 68.667776, 26.210075 ], [ 68.642158, 26.168221 ], [ 68.622314, 26.196003 ], [ 68.575479416000064, 26.161340556000027 ], [ 68.50526336300004, 26.166041886000073 ], [ 68.486283246000028, 26.155005159000041 ], [ 68.500583409000058, 26.149998570000037 ], [ 68.487270950000038, 26.13114444100006 ], [ 68.453192225000066, 26.113897549000058 ], [ 68.468246, 26.08379 ], [ 68.455257, 26.062502 ], [ 68.434635560000061, 26.058475707000071 ], [ 68.37382, 26.096548 ], [ 68.309523, 26.014248 ], [ 68.270946, 25.99153 ], [ 68.180073, 25.999246 ], [ 68.021476, 26.1557 ], [ 68.015475, 26.196421 ], [ 67.915601, 26.245715 ], [ 67.904028, 26.29158 ], [ 67.879166, 26.295866 ], [ 67.875309, 26.337016 ], [ 67.898049042000082, 26.383293852000065 ], [ 67.927355395000063, 26.374559395000063 ], [ 67.925675435000073, 26.39783043500006 ], [ 67.878929484000082, 26.435450368000033 ], [ 67.920316, 26.485326 ], [ 67.909279021000032, 26.547533860000044 ], [ 67.937138, 26.554571 ], [ 67.955099, 26.582075 ], [ 67.998881, 26.571971 ], [ 68.031437, 26.603966 ], [ 68.081955, 26.575339 ], [ 68.112266, 26.578146 ], [ 68.350822, 26.630909 ], [ 68.599886359000038, 26.600716671000043 ] ] ] } },
{ "type": "Feature", "properties": { "OBJECTID": 140, "PROVINCE": "SINDH", "DISTRICT": "SHIKARPHUR", "Shape_Area": 0.2362969576 }, "geometry": { "type": "Polygon", "coordinates": [ [ [ 68.567678114000046, 28.156567837000068 ], [ 68.652753, 28.154871 ], [ 68.881249, 28.083322 ], [ 68.920815, 28.09717 ], [ 68.987277, 28.093191 ], [ 69.01452, 28.085623 ], [ 69.058684352000057, 28.028413687000068 ], [ 69.016104, 27.981768 ], [ 68.980824, 27.980449 ], [ 68.900702, 27.939564 ], [ 68.895756, 27.910219 ], [ 68.857179, 27.882852 ], [ 68.856849, 27.843616 ], [ 68.806732, 27.797455 ], [ 68.764528, 27.790201 ], [ 68.721005, 27.809655 ], [ 68.672536, 27.793169 ], [ 68.655391, 27.755251 ], [ 68.618792, 27.750305 ], [ 68.571642, 27.714695 ], [ 68.501412, 27.720301 ], [ 68.457889, 27.687988 ], [ 68.395901, 27.717992 ], [ 68.39755, 27.736787 ], [ 68.343806, 27.750964 ], [ 68.335892, 27.793169 ], [ 68.289072, 27.843286 ], [ 68.282478, 27.871312 ], [ 68.263354, 27.876588 ], [ 68.241628012000035, 27.928243903000066 ], [ 68.313471, 27.934618 ], [ 68.321714, 28.12058 ], [ 68.412717, 28.119261 ], [ 68.507017, 28.161136 ], [ 68.567678114000046, 28.156567837000068 ] ] ] } },
{ "type": "Feature", "properties": { "OBJECTID": 141, "PROVINCE": "SINDH", "DISTRICT": "SUKKUR", "Shape_Area": 0.47639891045 }, "geometry": { "type": "Polygon", "coordinates": [ [ [ 69.070521, 28.003892 ], [ 69.090197, 27.991784 ], [ 69.114414, 28.017514 ], [ 69.153766, 27.990271 ], [ 69.177928985000051, 27.991612953000072 ], [ 69.165011, 27.977373 ], [ 69.184388, 27.909555 ], [ 69.271583, 27.754542 ], [ 69.233906, 27.72763 ], [ 69.200535, 27.747007 ], [ 69.197306, 27.72763 ], [ 69.156399, 27.724401 ], [ 69.154246, 27.695336 ], [ 69.217759, 27.675959 ], [ 69.281271, 27.588765 ], [ 69.335095, 27.543553 ], [ 69.443819, 27.517717 ], [ 69.55039, 27.528482 ], [ 69.531014, 27.463893 ], [ 69.621438, 27.399305 ], [ 69.697868, 27.377775 ], [ 69.771929898000053, 27.330069566000077 ], [ 69.793444686000043, 27.335749433000046 ], [ 69.71636, 27.293397 ], [ 69.587769, 27.179926 ], [ 69.540315633000034, 27.069016957000031 ], [ 69.498532, 27.072552 ], [ 69.459633, 27.100745 ], [ 69.23944, 27.184611 ], [ 69.18234, 27.18354 ], [ 69.091694, 27.211376 ], [ 69.007471, 27.203882 ], [ 68.868765713000073, 27.271023415000059 ], [ 68.830461, 27.301666 ], [ 68.832602, 27.329859 ], [ 68.837241, 27.354484 ], [ 68.891486, 27.413368 ], [ 68.866148, 27.442989 ], [ 68.894341, 27.480818 ], [ 68.831174, 27.480461 ], [ 68.832602, 27.500803 ], [ 68.792632, 27.521502 ], [ 68.831888, 27.624639 ], [ 68.853301, 27.641055 ], [ 68.843308, 27.6953 ], [ 68.768007, 27.699939 ], [ 68.743383, 27.676742 ], [ 68.718759, 27.676742 ], [ 68.69235, 27.684951 ], [ 68.66951, 27.720995 ], [ 68.600022203000037, 27.728742590000024 ], [ 68.618792, 27.750305 ], [ 68.655391, 27.755251 ], [ 68.672536, 27.793169 ], [ 68.721005, 27.809655 ], [ 68.764528, 27.790201 ], [ 68.806732, 27.797455 ], [ 68.856849, 27.843616 ], [ 68.857179, 27.882852 ], [ 68.895756, 27.910219 ], [ 68.900702, 27.939564 ], [ 68.980824, 27.980449 ], [ 69.016104, 27.981768 ], [ 69.057649, 28.028259 ], [ 69.070521, 28.003892 ] ] ] } },
{ "type": "Feature", "properties": { "OBJECTID": 142, "PROVINCE": "SINDH", "DISTRICT": "T. AYAR", "Shape_Area": 0.1411816261 }, "geometry": { "type": "Polygon", "coordinates": [ [ [ 68.840377, 25.722507 ], [ 68.903402, 25.667279 ], [ 68.885859, 25.53928 ], [ 68.961229, 25.402184 ], [ 68.968268, 25.297877 ], [ 68.890407, 25.264439 ], [ 68.885859, 25.228703 ], [ 68.770854, 25.208561 ], [ 68.769555, 25.246246 ], [ 68.722047, 25.262883 ], [ 68.706412, 25.285568 ], [ 68.663494, 25.283422 ], [ 68.640296861000081, 25.262689987000044 ], [ 68.572682, 25.358002 ], [ 68.625312, 25.350205 ], [ 68.605819, 25.375545 ], [ 68.612317, 25.409981 ], [ 68.590226, 25.424925 ], [ 68.590226, 25.465209 ], [ 68.618814, 25.553574 ], [ 68.670794, 25.599056 ], [ 68.6539, 25.658183 ], [ 68.692235, 25.729655 ], [ 68.726672, 25.723807 ], [ 68.739017, 25.754995 ], [ 68.840377, 25.722507 ] ] ] } },
{ "type": "Feature", "properties": { "OBJECTID": 143, "PROVINCE": "SINDH", "DISTRICT": "T. M KHAN", "Shape_Area": 0.16215717084 }, "geometry": { "type": "Polygon", "coordinates": [ [ [ 68.647401851000041, 25.183527798000057 ], [ 68.614916, 25.15918 ], [ 68.666245, 25.155282 ], [ 68.658449, 25.139688 ], [ 68.572033, 25.089008 ], [ 68.756368576000057, 24.962229298000068 ], [ 68.845249511000077, 24.987155960000052 ], [ 68.847404278000056, 24.953075110000043 ], [ 68.866200657000036, 24.956558444000052 ], [ 68.868516686000078, 24.935628929000075 ], [ 68.83492190000004, 24.928431676000059 ], [ 68.847927523000067, 24.888182198000038 ], [ 68.818797619000065, 24.818983310000078 ], [ 68.785340362000056, 24.831275308000045 ], [ 68.746364776000064, 24.80777826700006 ], [ 68.745541188000061, 24.791135369000074 ], [ 68.675602280000078, 24.795120703000066 ], [ 68.663655438000035, 24.800335595000035 ], [ 68.674266952000039, 24.826046589000043 ], [ 68.648097679000045, 24.853227235000077 ], [ 68.674785268000051, 24.865558194000073 ], [ 68.680756594000059, 24.894609242000058 ], [ 68.646103, 24.899832669000034 ], [ 68.57983, 24.865497 ], [ 68.532398, 24.888887 ], [ 68.499262, 24.859649 ], [ 68.484967, 24.873294 ], [ 68.433638, 24.791426 ], [ 68.357618, 24.758289 ], [ 68.299141, 24.80767 ], [ 68.299791, 24.83106 ], [ 68.259506, 24.886938 ], [ 68.310836, 24.938268 ], [ 68.258857, 24.989598 ], [ 68.265354, 25.082511 ], [ 68.278999, 25.124094 ], [ 68.345922, 25.128642 ], [ 68.338775, 25.212459 ], [ 68.419343, 25.163729 ], [ 68.456379, 25.181921 ], [ 68.492764, 25.158531 ], [ 68.52915, 25.157881 ], [ 68.558388, 25.175424 ], [ 68.55384, 25.204013 ], [ 68.584378, 25.178673 ], [ 68.599322, 25.18582 ], [ 68.600621, 25.238449 ], [ 68.642205, 25.241698 ], [ 68.640296861000081, 25.262689987000044 ], [ 68.663494, 25.283422 ], [ 68.706412, 25.285568 ], [ 68.73747859000008, 25.253502567000055 ], [ 68.700682, 25.200114 ], [ 68.647401851000041, 25.183527798000057 ] ] ] } },
{ "type": "Feature", "properties": { "OBJECTID": 144, "PROVINCE": "SINDH", "DISTRICT": "THARPARKAR", "Shape_Area": 1.7682465727700001 }, "geometry": { "type": "Polygon", "coordinates": [ [ [ 70.359461, 25.680952 ], [ 70.529253, 25.684417 ], [ 70.60817, 25.71589 ], [ 70.661357, 25.703103 ], [ 70.675519, 25.675592 ], [ 70.668578, 25.53105 ], [ 70.679734, 25.52295 ], [ 70.666251, 25.397305 ], [ 70.73776, 25.33331 ], [ 70.752181, 25.278541 ], [ 70.88902, 25.1476 ], [ 70.938698, 24.938759 ], [ 71.028313, 24.809186 ], [ 71.067339, 24.718119 ], [ 71.099087, 24.687437 ], [ 71.024259, 24.639381 ], [ 70.987804, 24.595623 ], [ 71.007214, 24.528786 ], [ 70.999212, 24.44717 ], [ 71.103543, 24.436785 ], [ 71.127278, 24.420672 ], [ 71.124951, 24.400873 ], [ 71.078773, 24.386869 ], [ 71.032155, 24.349714 ], [ 70.985375, 24.360069 ], [ 70.867742, 24.3023 ], [ 70.863693, 24.284128 ], [ 70.89843, 24.268337 ], [ 70.896646, 24.256045 ], [ 70.796091, 24.220475 ], [ 70.701502, 24.219579 ], [ 70.570598, 24.255381 ], [ 70.584796, 24.308494 ], [ 70.56491, 24.348489 ], [ 70.592761, 24.377331 ], [ 70.596857, 24.40739 ], [ 70.533274, 24.410216 ], [ 70.374077, 24.348794 ], [ 70.132649, 24.295008 ], [ 70.056885, 24.188595 ], [ 70.020269, 24.164017 ], [ 69.724932, 24.171247 ], [ 69.590547, 24.280758 ], [ 69.503236, 24.257807 ], [ 69.290884, 24.268813 ], [ 69.193875, 24.233872 ], [ 69.082406862000028, 24.261341345000062 ], [ 69.056138, 24.324389 ], [ 69.077556, 24.450951 ], [ 69.138565, 24.50482 ], [ 69.220992, 24.542464 ], [ 69.209959, 24.56518 ], [ 69.221641, 24.582704 ], [ 69.196978, 24.615156 ], [ 69.235271, 24.595685 ], [ 69.233973, 24.633329 ], [ 69.252146, 24.647608 ], [ 69.219045, 24.66578 ], [ 69.221641, 24.682006 ], [ 69.285896, 24.721597 ], [ 69.252795, 24.752102 ], [ 69.405967, 24.84751 ], [ 69.465678, 24.865034 ], [ 69.62534, 25.039623 ], [ 69.638969, 25.044816 ], [ 69.707767, 24.998734 ], [ 69.740219, 25.005874 ], [ 69.741517, 25.104527 ], [ 69.684402, 25.135031 ], [ 69.6857, 25.151906 ], [ 69.884953, 25.242122 ], [ 70.003726, 25.200584 ], [ 70.111465, 25.20318 ], [ 70.226993, 25.238876 ], [ 70.253604, 25.220054 ], [ 70.294493, 25.247314 ], [ 70.30293, 25.343371 ], [ 70.275671, 25.357649 ], [ 70.32954, 25.403731 ], [ 70.286704, 25.425798 ], [ 70.252954, 25.403731 ], [ 70.254902, 25.419308 ], [ 70.230887, 25.434884 ], [ 70.282161, 25.495893 ], [ 70.284757, 25.552359 ], [ 70.248411, 25.562095 ], [ 70.172474, 25.533537 ], [ 70.226344, 25.595844 ], [ 70.125744, 25.590652 ], [ 70.16209, 25.660748 ], [ 70.264159985000049, 25.720831816000043 ], [ 70.359461, 25.680952 ] ] ] } },
{ "type": "Feature", "properties": { "OBJECTID": 145, "PROVINCE": "SINDH", "DISTRICT": "SUJJAWAL", "Shape_Area": 0.77336383969 }, "geometry": { "type": "MultiPolygon", "coordinates": [ [ [ [ 68.192075, 23.832796 ], [ 68.194024, 23.785974 ], [ 68.162303, 23.754448 ], [ 68.156756, 23.715491 ], [ 68.168027, 23.710731 ], [ 68.063757, 23.711342 ], [ 68.057309, 23.735448 ], [ 68.087642, 23.752443 ], [ 68.081485, 23.788528 ], [ 68.097752, 23.814789 ], [ 68.11765289300007, 23.831361771000047 ], [ 68.172935486000029, 23.822923660000072 ], [ 68.167404175000058, 23.844354630000055 ], [ 68.192075, 23.832796 ] ] ], [ [ [ 68.296542, 24.952562 ], [ 68.308887, 24.925273 ], [ 68.290694, 24.923973 ], [ 68.259506, 24.886938 ], [ 68.299791, 24.83106 ], [ 68.299141, 24.80767 ], [ 68.347871, 24.777132 ], [ 68.353719, 24.738797 ], [ 68.371262, 24.726452 ], [ 68.354369, 24.648483 ], [ 68.381008, 24.625092 ], [ 68.37581, 24.591955 ], [ 68.406348, 24.558168 ], [ 68.394003, 24.519184 ], [ 68.416744, 24.42627 ], [ 68.457028, 24.438616 ], [ 68.448582, 24.394433 ], [ 68.561637, 24.361946 ], [ 68.616215, 24.37689 ], [ 68.733169, 24.372992 ], [ 68.768408309000051, 24.268675273000042 ], [ 68.75153, 23.9701 ], [ 68.379703, 23.971025 ], [ 68.36465, 23.940525 ], [ 68.355958, 23.977431 ], [ 68.341718, 23.978072 ], [ 68.329381, 23.948454 ], [ 68.348651, 23.937604 ], [ 68.316098, 23.939647 ], [ 68.308197, 23.920207 ], [ 68.280731, 23.9399 ], [ 68.268102, 23.930786 ], [ 68.287554, 23.890146 ], [ 68.253637, 23.901295 ], [ 68.203687, 23.879475 ], [ 68.194115108000062, 23.84699790600007 ], [ 68.136047363000046, 23.869544983000026 ], [ 68.142105103000063, 23.839685440000039 ], [ 68.051897380000071, 23.859004772000048 ], [ 68.055335999000079, 23.903003693000073 ], [ 68.041961670000035, 23.911851883000054 ], [ 68.027687073000038, 23.86927795400004 ], [ 68.047112, 23.826347 ], [ 68.038989, 23.785586 ], [ 68.017474, 23.760311 ], [ 67.973027, 23.757042 ], [ 67.930567, 23.777748 ], [ 67.928238, 23.790671 ], [ 67.959628, 23.806523 ], [ 67.872543, 23.884227 ], [ 67.869805, 23.92976 ], [ 67.85472, 23.93664 ], [ 67.831877, 23.901882 ], [ 67.839683, 23.838114 ], [ 67.800029, 23.808125 ], [ 67.770882, 23.810443 ], [ 67.709037781000063, 23.856201172000056 ], [ 67.736498010000048, 23.819935907000058 ], [ 67.707741, 23.806035 ], [ 67.666228, 23.811528 ], [ 67.645722, 23.849075 ], [ 67.489140680000048, 23.917517880000048 ], [ 67.466087341000048, 23.945363998000062 ], [ 67.50437164300007, 23.966039658000057 ], [ 67.486419678000061, 23.974071503000062 ], [ 67.496913, 24.030578 ], [ 67.572618, 24.06481 ], [ 67.558794, 24.120107 ], [ 67.539045, 24.13854 ], [ 67.545628, 24.159605 ], [ 67.598292, 24.159605 ], [ 67.637132, 24.184621 ], [ 67.661845922000055, 24.15846252700004 ], [ 67.716219668000065, 24.222777754000049 ], [ 67.741788, 24.217303 ], [ 67.751215, 24.243365 ], [ 67.809439, 24.241701 ], [ 67.813321, 24.262773 ], [ 67.774504, 24.324879 ], [ 67.852137, 24.377558 ], [ 67.83661, 24.402512 ], [ 67.847146, 24.420256 ], [ 67.964149, 24.420256 ], [ 67.963595, 24.464618 ], [ 67.992424988000039, 24.475033514000074 ], [ 67.982593865000069, 24.504779001000031 ], [ 67.95195, 24.507315 ], [ 67.994555, 24.547795 ], [ 67.962486, 24.667571 ], [ 68.029583, 24.767384 ], [ 68.031246, 24.835035 ], [ 68.070062, 24.856107 ], [ 68.123680639000042, 24.840468952000037 ], [ 68.085589, 24.888269 ], [ 68.122742, 24.913222 ], [ 68.128287, 24.963129 ], [ 68.175421, 24.975883 ], [ 68.222, 24.951484 ], [ 68.259933186000069, 24.989115414000025 ], [ 68.296542, 24.952562 ] ] ] ] } },
{ "type": "Feature", "properties": { "OBJECTID": 146, "PROVINCE": "SINDH", "DISTRICT": "UMERKOT", "Shape_Area": 0.49362586738000003 }, "geometry": { "type": "Polygon", "coordinates": [ [ [ 70.244267, 25.766455 ], [ 70.264159985000049, 25.720831816000043 ], [ 70.16209, 25.660748 ], [ 70.125744, 25.590652 ], [ 70.226344, 25.595844 ], [ 70.172474, 25.533537 ], [ 70.248411, 25.562095 ], [ 70.284757, 25.552359 ], [ 70.282161, 25.495893 ], [ 70.230887, 25.434884 ], [ 70.254902, 25.419308 ], [ 70.252954, 25.403731 ], [ 70.286704, 25.425798 ], [ 70.32954, 25.403731 ], [ 70.275671, 25.357649 ], [ 70.30293, 25.343371 ], [ 70.294493, 25.247314 ], [ 70.253604, 25.220054 ], [ 70.226993, 25.238876 ], [ 70.111465, 25.20318 ], [ 70.003726, 25.200584 ], [ 69.884953, 25.242122 ], [ 69.6857, 25.151906 ], [ 69.684402, 25.135031 ], [ 69.741517, 25.104527 ], [ 69.740219, 25.005874 ], [ 69.707767, 24.998734 ], [ 69.638969, 25.044816 ], [ 69.62534, 25.039623 ], [ 69.515653, 24.909168 ], [ 69.476475, 24.886288 ], [ 69.464779, 24.985049 ], [ 69.400455, 25.057821 ], [ 69.406303, 25.115648 ], [ 69.364719, 25.230652 ], [ 69.364069, 25.296276 ], [ 69.304943, 25.367748 ], [ 69.269857, 25.369697 ], [ 69.273755, 25.400235 ], [ 69.251664, 25.399585 ], [ 69.182791, 25.456113 ], [ 69.170446, 25.558772 ], [ 69.299745, 25.549026 ], [ 69.335481, 25.570468 ], [ 69.380963, 25.557473 ], [ 69.393308, 25.567219 ], [ 69.447886, 25.543828 ], [ 69.534302, 25.571117 ], [ 69.561591, 25.56527 ], [ 69.575885, 25.502245 ], [ 69.629164, 25.492498 ], [ 69.636311, 25.517838 ], [ 69.670098, 25.51264 ], [ 69.723377, 25.547727 ], [ 69.79095, 25.653635 ], [ 69.86827, 25.693269 ], [ 69.930645, 25.760193 ], [ 69.991071, 25.725756 ], [ 70.089832, 25.769289 ], [ 70.17105, 25.770588 ], [ 70.222326641000052, 25.794536869000069 ], [ 70.244267, 25.766455 ] ] ] } },
{ "type": "Feature", "properties": { "OBJECTID": 130, "PROVINCE": "SINDH", "DISTRICT": "KARACHI CENTRAL", "Shape_Area": 0.00549670164 }, "geometry": { "type": "Polygon", "coordinates": [ [ [ 67.091535463000071, 25.006673369000055 ], [ 67.089622168000062, 24.930808931000058 ], [ 67.026692595000043, 24.888600206000035 ], [ 67.015403395000078, 24.932225563000031 ], [ 67.053555, 24.964861270000029 ], [ 67.051008, 25.005687 ], [ 67.091535463000071, 25.006673369000055 ] ] ] } },
{ "type": "Feature", "properties": { "OBJECTID": 130, "PROVINCE": "SINDH", "DISTRICT": "KARACHI WEST", "Shape_Area": 0.04259149691 }, "geometry": { "type": "Polygon", "coordinates": [ [ [ 66.932489507000071, 24.997686680000072 ], [ 66.931681806000029, 24.968584022000073 ], [ 66.95768659600003, 24.977956623000068 ], [ 66.968055278000065, 24.965759405000028 ], [ 66.990692960000047, 24.989146240000025 ], [ 67.004069799000035, 24.95550352600003 ], [ 67.044124786000054, 24.963322664000032 ], [ 67.015403395000078, 24.932225563000031 ], [ 67.026692595000043, 24.888600206000035 ], [ 66.975546265000048, 24.871091672000034 ], [ 66.991610170000058, 24.844477121000068 ], [ 67.021539585000028, 24.84016181100003 ], [ 67.020834087000082, 24.815597480000065 ], [ 66.963439941000047, 24.822723389000032 ], [ 66.979398416000038, 24.858377348000033 ], [ 66.92460432300004, 24.839712720000023 ], [ 66.949603377000074, 24.83581497800003 ], [ 66.951871133000054, 24.809986796000032 ], [ 66.851961, 24.86154 ], [ 66.822595, 24.83825801100005 ], [ 66.75214, 24.852253011000073 ], [ 66.668897998000034, 24.825146 ], [ 66.654446998000083, 24.836705 ], [ 66.685167, 24.880678 ], [ 66.71176147500006, 24.880094528000029 ], [ 66.721992493000073, 24.891757965000068 ], [ 66.692731016000039, 24.890736129000061 ], [ 66.697241, 24.9035 ], [ 66.79115911100007, 24.967329784000071 ], [ 66.931685009000034, 25.023404624000023 ], [ 66.932489507000071, 24.997686680000072 ] ] ] } },
{ "type": "Feature", "properties": { "OBJECTID": 130, "PROVINCE": "SINDH", "DISTRICT": "MALIR CANTONMENT", "Shape_Area": 0.00652847274 }, "geometry": { "type": "Polygon", "coordinates": [ [ [ 67.23341477200006, 24.935076906000063 ], [ 67.19761378700008, 24.903002450000031 ], [ 67.188423363000084, 24.932085163000067 ], [ 67.142753592000076, 24.915027026000075 ], [ 67.159738624000056, 24.936757488000069 ], [ 67.126690837000069, 24.982390876000068 ], [ 67.137117985000032, 24.993135755000026 ], [ 67.238126105000049, 24.979929746000039 ], [ 67.23341477200006, 24.935076906000063 ] ] ] } },
{ "type": "Feature", "properties": { "OBJECTID": 130, "PROVINCE": "SINDH", "DISTRICT": "KORANGI CREEK CANTONMENT", "Shape_Area": 0.00198385018 }, "geometry": { "type": "Polygon", "coordinates": [ [ [ 67.141097372000047, 24.802044350000074 ], [ 67.135636848000047, 24.777199003000078 ], [ 67.102302551000037, 24.778135300000031 ], [ 67.080127900000036, 24.80038819400005 ], [ 67.079718765000052, 24.827675923000072 ], [ 67.141097372000047, 24.802044350000074 ] ] ] } },
{ "type": "Feature", "properties": { "OBJECTID": 130, "PROVINCE": "SINDH", "DISTRICT": "MANORA CANTONMENT", "Shape_Area": 0.00041358248 }, "geometry": { "type": "Polygon", "coordinates": [ [ [ 66.951871133000054, 24.809986796000032 ], [ 66.960206549000077, 24.822028949000071 ], [ 66.993089, 24.787281 ], [ 66.981755, 24.784871 ], [ 66.951871133000054, 24.809986796000032 ] ] ] } },
{ "type": "Feature", "properties": { "OBJECTID": 130, "PROVINCE": "SINDH", "DISTRICT": "CLIFTON CANTONMENT", "Shape_Area": 0.00387514764 }, "geometry": { "type": "Polygon", "coordinates": [ [ [ 67.080423228000029, 24.829468914000074 ], [ 67.080127900000036, 24.80038819400005 ], [ 67.110700097000063, 24.761399382000036 ], [ 67.083436100000029, 24.745864264000033 ], [ 67.032938654000077, 24.79763777900007 ], [ 67.054639, 24.847718 ], [ 67.076474, 24.832386 ], [ 67.084312, 24.843545 ], [ 67.080423228000029, 24.829468914000074 ] ] ] } },
{ "type": "Feature", "properties": { "OBJECTID": 130, "PROVINCE": "SINDH", "DISTRICT": "KARACHI CANTONMENT", "Shape_Area": 0.00044637759 }, "geometry": { "type": "Polygon", "coordinates": [ [ [ 67.054639, 24.847718 ], [ 67.039065, 24.833044 ], [ 67.031852, 24.851312 ], [ 67.051698589000068, 24.859991162000028 ], [ 67.054639, 24.847718 ] ] ] } },
{ "type": "Feature", "properties": { "OBJECTID": 130, "PROVINCE": "SINDH", "DISTRICT": "FAISAL CANTONMENT", "Shape_Area": 0.00335809218 }, "geometry": { "type": "Polygon", "coordinates": [ [ [ 67.188254, 24.924946 ], [ 67.179248912000048, 24.884514786000068 ], [ 67.136279886000068, 24.896179225000026 ], [ 67.110979727000029, 24.866859122000051 ], [ 67.12697137300006, 24.860467193000034 ], [ 67.090593598000055, 24.854136033000032 ], [ 67.087156173000039, 24.898332569000047 ], [ 67.135229736000042, 24.901264224000045 ], [ 67.177033110000082, 24.934164699000064 ], [ 67.188254, 24.924946 ] ] ] } },
{ "type": "Feature", "properties": { "OBJECTID": 130, "PROVINCE": "SINDH", "DISTRICT": "KARACHI SOUTH", "Shape_Area": 0.00543727986 }, "geometry": { "type": "Polygon", "coordinates": [ [ [ 67.047874883000077, 24.893143949000034 ], [ 67.084420006000073, 24.865669979000074 ], [ 67.091948891000072, 24.834048161000055 ], [ 67.07091, 24.835318 ], [ 67.051698589000068, 24.859991162000028 ], [ 67.036395, 24.855037 ], [ 67.051132, 24.829512 ], [ 67.040348, 24.805507 ], [ 66.988912011000082, 24.809151978000045 ], [ 66.987288029000069, 24.792983540000023 ], [ 66.974575759000061, 24.809395873000028 ], [ 66.974693823000052, 24.826677151000069 ], [ 67.020485, 24.815523 ], [ 67.025255838000078, 24.826909898000054 ], [ 66.975546265000048, 24.871091672000034 ], [ 67.047874883000077, 24.893143949000034 ] ] ] } },
{ "type": "Feature", "properties": { "OBJECTID": 81, "PROVINCE": "KHYBER PAKHTUNKHWA", "DISTRICT": "PESHAWAR", "Shape_Area": 0.1226536403 }, "geometry": { "type": "Polygon", "coordinates": [ [ [ 71.480867184000033, 34.204353734000051 ], [ 71.501470174000076, 34.188459327000032 ], [ 71.494408, 34.175695 ], [ 71.581874, 34.168425 ], [ 71.694780596000044, 34.125834256000076 ], [ 71.710744042000044, 34.076665879000075 ], [ 71.715287518000082, 34.086907954000026 ], [ 71.741648952000048, 34.095225672000026 ], [ 71.692109078000044, 34.044798430000071 ], [ 71.717154, 34.0062 ], [ 71.707469644000071, 33.97787805400003 ], [ 71.752933782000071, 33.975959939000063 ], [ 71.768594761000031, 33.958794140000066 ], [ 71.769810079000081, 33.903559875000042 ], [ 71.741799704000073, 33.892911936000075 ], [ 71.758277450000037, 33.854624453000042 ], [ 71.714038, 33.787644 ], [ 71.599401, 33.731982 ], [ 71.527836, 33.73132 ], [ 71.504644, 33.744572 ], [ 71.519735089000051, 33.808958890000042 ], [ 71.437756369000056, 33.867435379000028 ], [ 71.401252, 33.876087 ], [ 71.458867, 33.908211 ], [ 71.460869805000073, 33.922624287000076 ], [ 71.412540657000079, 33.960686658000043 ], [ 71.402712474000054, 33.998340882000036 ], [ 71.380968777000078, 34.002414003000069 ], [ 71.376422588000082, 34.031798511000034 ], [ 71.40045107800006, 34.068339370000047 ], [ 71.386723486000051, 34.074199173000068 ], [ 71.390445849000059, 34.120643461000043 ], [ 71.414497002000076, 34.148651489000031 ], [ 71.409037174000048, 34.174748237000074 ], [ 71.480867184000033, 34.204353734000051 ] ] ] } },
{ "type": "Feature", "properties": { "OBJECTID": 49, "PROVINCE": "FATA", "DISTRICT": "KHYBER AGENCY", "Shape_Area": 0.26754460609000003 }, "geometry": { "type": "Polygon", "coordinates": [ [ [ 71.178329191000046, 34.339714260000051 ], [ 71.241061300000069, 34.329006686000071 ], [ 71.313672931000042, 34.269672447000062 ], [ 71.288060413000039, 34.198745475000067 ], [ 71.30699140400003, 34.192206716000044 ], [ 71.308019332000072, 34.163224882000065 ], [ 71.411107447000063, 34.16443627600006 ], [ 71.390445849000059, 34.120643461000043 ], [ 71.386723486000051, 34.074199173000068 ], [ 71.40045107800006, 34.068339370000047 ], [ 71.376422588000082, 34.031798511000034 ], [ 71.380968777000078, 34.002414003000069 ], [ 71.402712474000054, 33.998340882000036 ], [ 71.412540657000079, 33.960686658000043 ], [ 71.460611523000068, 33.910524756000029 ], [ 71.401252, 33.876087 ], [ 71.437756369000056, 33.867435379000028 ], [ 71.519735089000051, 33.808958890000042 ], [ 71.502649235000035, 33.75098119200004 ], [ 71.418249052000078, 33.748680958000079 ], [ 71.341518381000071, 33.76626260200004 ], [ 71.328840613000068, 33.754127351000079 ], [ 71.254684061000034, 33.819671253000024 ], [ 71.208655769000075, 33.835918212000024 ], [ 71.148122282000031, 33.811876139000049 ], [ 71.086646528000074, 33.84456993200007 ], [ 71.030738714000051, 33.844484272000045 ], [ 70.971889885000053, 33.837945513000079 ], [ 70.984596207000038, 33.795743393000066 ], [ 70.96914874600003, 33.788319475000037 ], [ 70.888427912000054, 33.771615659000076 ], [ 70.844541134000053, 33.782951411000056 ], [ 70.69789019600006, 33.739264508000076 ], [ 70.658571984000048, 33.761193620000029 ], [ 70.639926527000057, 33.797970569000029 ], [ 70.614885080000079, 33.79768503300005 ], [ 70.608764956000073, 33.775499396000043 ], [ 70.585293953000075, 33.778754499000058 ], [ 70.570217688000071, 33.842457427000056 ], [ 70.541635603000032, 33.833434512000053 ], [ 70.525674179000077, 33.852908020000029 ], [ 70.499719019000054, 33.849481596000032 ], [ 70.499055721000047, 33.884425190000059 ], [ 70.447088293000036, 33.90209982600004 ], [ 70.444398152000076, 33.953139505000024 ], [ 70.779153, 33.955382 ], [ 70.821538, 33.978614 ], [ 70.89258, 33.977535 ], [ 70.923956, 34.007799 ], [ 71.066848, 34.051813 ], [ 71.078812, 34.060427 ], [ 71.074002, 34.101496 ], [ 71.127783, 34.163746 ], [ 71.136397, 34.219719 ], [ 71.124454, 34.271853 ], [ 71.178329191000046, 34.339714260000051 ] ] ] } },
{ "type": "Feature", "properties": { "OBJECTID": 130, "PROVINCE": "SINDH", "DISTRICT": "MALIR", "Shape_Area": 0.24521039507 }, "geometry": { "type": "Polygon", "coordinates": [ [ [ 67.36938735800004, 25.333449653000059 ], [ 67.360262, 25.305373 ], [ 67.329075, 25.296276 ], [ 67.328425, 25.276134 ], [ 67.282293, 25.226104 ], [ 67.271248, 25.181921 ], [ 67.457074, 25.093556 ], [ 67.496708, 25.060419 ], [ 67.530833468000083, 24.912785217000078 ], [ 67.579875, 24.817416 ], [ 67.579875, 24.790126 ], [ 67.517640235000044, 24.798291419000066 ], [ 67.439046974000064, 24.838614987000028 ], [ 67.443761576000043, 24.779331077000052 ], [ 67.428799526000034, 24.772449676000065 ], [ 67.373668637000037, 24.780329255000026 ], [ 67.320745573000067, 24.762521809000077 ], [ 67.272306838000077, 24.790165219000073 ], [ 67.243413549000081, 24.783990599000049 ], [ 67.214658582000084, 24.813763440000059 ], [ 67.180751429000054, 24.779863999000042 ], [ 67.159241101000077, 24.789952914000025 ], [ 67.135636848000047, 24.777199003000078 ], [ 67.141097372000047, 24.802044350000074 ], [ 67.208553793000078, 24.825328991000049 ], [ 67.241771068000048, 24.82007038200004 ], [ 67.241628301000048, 24.838201875000038 ], [ 67.22551935000007, 24.837844956000026 ], [ 67.175603772000045, 24.895864067000048 ], [ 67.18244472300006, 24.914304890000039 ], [ 67.19761378700008, 24.903002450000031 ], [ 67.222945143000061, 24.912709973000062 ], [ 67.24388440000007, 24.944832696000049 ], [ 67.238126105000049, 24.979929746000039 ], [ 67.137117985000032, 24.993135755000026 ], [ 67.087766501000033, 24.944796248000046 ], [ 67.091627383000059, 25.008104059000061 ], [ 67.051315, 25.005791 ], [ 67.053555, 24.964861270000029 ], [ 67.015339307000033, 24.951334596000038 ], [ 66.990692960000047, 24.989146240000025 ], [ 66.968055278000065, 24.965759405000028 ], [ 66.95768659600003, 24.977956623000068 ], [ 66.931681806000029, 24.968584022000073 ], [ 66.931685009000034, 25.023404624000023 ], [ 67.006208317000073, 25.088903810000033 ], [ 67.009390910000036, 25.159849960000031 ], [ 67.029466787000047, 25.193809155000054 ], [ 67.087890625000057, 25.240478516000053 ], [ 67.140733, 25.310599 ], [ 67.143889, 25.361892 ], [ 67.165590910000049, 25.400549960000035 ], [ 67.162039, 25.452643 ], [ 67.248490910000044, 25.526449960000036 ], [ 67.263838, 25.57417 ], [ 67.296587, 25.585217 ], [ 67.323934092000059, 25.642588980000028 ], [ 67.381054, 25.642589 ], [ 67.397298, 25.58996 ], [ 67.399897, 25.492498 ], [ 67.415491, 25.453514 ], [ 67.36938735800004, 25.333449653000059 ] ] ] } },
{ "type": "Feature", "properties": { "OBJECTID": 102, "PROVINCE": "PUNJAB", "DISTRICT": "KHANEWAL", "Shape_Area": 0.40934228382 }, "geometry": { "type": "Polygon", "coordinates": [ [ [ 72.079163239000081, 30.725694001000079 ], [ 72.182590910000044, 30.711749960000077 ], [ 72.237538536000045, 30.723076768000055 ], [ 72.155890910000039, 30.574649960000045 ], [ 72.197318335000034, 30.561081328000057 ], [ 72.197353836000048, 30.544439940000075 ], [ 72.213554060000035, 30.563781328000061 ], [ 72.246922, 30.551378 ], [ 72.244984, 30.565716 ], [ 72.260097, 30.548278 ], [ 72.301154060000044, 30.54828132800003 ], [ 72.301543312000035, 30.526858612000069 ], [ 72.306598, 30.556416 ], [ 72.354261, 30.576954 ], [ 72.36355406000007, 30.558381328000053 ], [ 72.366661, 30.571529 ], [ 72.378254060000074, 30.563381328000048 ], [ 72.449154060000069, 30.600681328000064 ], [ 72.496974, 30.56791 ], [ 72.503654060000031, 30.547881328000074 ], [ 72.484854060000032, 30.54058132800003 ], [ 72.478554060000079, 30.477181328000029 ], [ 72.440354060000061, 30.432281328000045 ], [ 72.440854060000049, 30.368881328000043 ], [ 72.395875416000081, 30.289122401000043 ], [ 72.400723080000034, 30.218985564000036 ], [ 72.366335, 30.201061 ], [ 72.309265, 30.207832 ], [ 72.273456742000064, 30.175878645000068 ], [ 72.190754060000074, 30.157981328000062 ], [ 72.178681, 30.140605 ], [ 72.193191, 30.116907 ], [ 72.149654060000046, 30.115981328000032 ], [ 72.110004, 30.063706 ], [ 71.999734, 30.09079 ], [ 71.963944, 30.071928 ], [ 71.955722, 30.040975 ], [ 71.898652, 30.047262 ], [ 71.880274, 30.023564 ], [ 71.873019, 30.040491 ], [ 71.839164, 30.005669 ], [ 71.773872, 30.022596 ], [ 71.750174, 29.961657 ], [ 71.67666, 29.935541 ], [ 71.681497, 29.902653 ], [ 71.62491, 29.913293 ], [ 71.607016, 29.933122 ], [ 71.615238, 29.969879 ], [ 71.591382, 29.958115 ], [ 71.564939, 29.986807 ], [ 71.593474, 29.978585 ], [ 71.621525, 30.011473 ], [ 71.720188, 30.045328 ], [ 71.754043, 30.134318 ], [ 71.832393, 30.242654 ], [ 71.820302, 30.264901 ], [ 71.76663512600004, 30.268275226000071 ], [ 71.772422, 30.306011 ], [ 71.729390910000063, 30.316149960000075 ], [ 71.707590910000079, 30.301649960000077 ], [ 71.660690910000028, 30.319549960000074 ], [ 71.663118, 30.364532 ], [ 71.623190910000062, 30.364949960000047 ], [ 71.612757028000033, 30.410478 ], [ 71.57799091000004, 30.41384996000005 ], [ 71.56059091000003, 30.445149960000037 ], [ 71.608490910000057, 30.500949960000071 ], [ 71.706590910000045, 30.540449960000046 ], [ 71.72564464900006, 30.576454363000039 ], [ 71.773590910000053, 30.597449960000063 ], [ 71.813984, 30.648477 ], [ 71.87418, 30.68089 ], [ 71.986474345000033, 30.660056586000053 ], [ 71.999790910000058, 30.695949960000064 ], [ 72.031036, 30.697675 ], [ 72.061713, 30.730667 ], [ 72.079163239000081, 30.725694001000079 ] ] ] } },
{ "type": "Feature", "properties": { "OBJECTID": 74, "PROVINCE": "KHYBER PAKHTUNKHWA", "DISTRICT": "LOWER KOHISTAN", "Shape_Area": 0.20293642425 }, "geometry": { "type": "Polygon", "coordinates": [ [ [ 73.559728001000053, 34.968043370000032 ], [ 73.539270908000049, 34.924294382000028 ], [ 73.491282, 34.898809 ], [ 73.354342, 34.931242 ], [ 73.233756, 34.915164 ], [ 73.20881466000003, 34.937055557000065 ], [ 73.108459, 34.92847 ], [ 73.05274, 34.96617 ], [ 72.875882, 34.914055 ], [ 72.907483, 34.967279 ], [ 72.882370908000041, 34.983094382000047 ], [ 72.8185, 34.984189 ], [ 72.777770908000036, 35.131994382000073 ], [ 72.685378522000065, 35.182971768000073 ], [ 72.702991461000067, 35.230939315000057 ], [ 72.724870908000071, 35.239094382000076 ], [ 72.719070908000049, 35.259694382000077 ], [ 72.762470908000068, 35.274494382000057 ], [ 72.785570908000068, 35.375694382000063 ], [ 72.741025813000078, 35.392540843000063 ], [ 72.724870908000071, 35.422694382000032 ], [ 72.749570908000067, 35.44409438200006 ], [ 72.856470908000063, 35.359394382000062 ], [ 72.888870908000058, 35.383194382000056 ], [ 72.949870908000037, 35.393494382000029 ], [ 72.951070908000077, 35.375394382000025 ], [ 72.977570908000075, 35.359194382000055 ], [ 72.981070908000049, 35.305594382000038 ], [ 73.009670908000032, 35.293194382000024 ], [ 73.028870908000044, 35.260794382000029 ], [ 73.054470908000042, 35.261094382000067 ], [ 73.112270908000085, 35.298094382000045 ], [ 73.130270908000057, 35.268894382000042 ], [ 73.041670908000071, 35.229594382000073 ], [ 73.107570908000071, 35.18639438200006 ], [ 73.105670908000036, 35.136294382000074 ], [ 73.299670908000053, 35.08309438200007 ], [ 73.422570908000068, 35.081294382000067 ], [ 73.481770908000044, 35.049494382000034 ], [ 73.559728001000053, 34.968043370000032 ] ] ] } },
{ "type": "Feature", "properties": { "OBJECTID": 130, "PROVINCE": "SINDH", "DISTRICT": "KORANGI", "Shape_Area": 0.00815625041 }, "geometry": { "type": "Polygon", "coordinates": [ [ [ 67.142673552000076, 24.894856490000052 ], [ 67.190785, 24.877446 ], [ 67.22551935000007, 24.837844956000026 ], [ 67.241628301000048, 24.838201875000038 ], [ 67.241771068000048, 24.82007038200004 ], [ 67.208553793000078, 24.825328991000049 ], [ 67.142629880000072, 24.798979333000034 ], [ 67.130994171000054, 24.815865302000077 ], [ 67.087475808000079, 24.81915745200007 ], [ 67.080556478000062, 24.830439734000038 ], [ 67.127178, 24.860677 ], [ 67.111199, 24.86742 ], [ 67.142673552000076, 24.894856490000052 ] ] ] } },
{ "type": "Feature", "properties": { "OBJECTID": 130, "PROVINCE": "SINDH", "DISTRICT": "KARACHI EAST", "Shape_Area": 0.00497678513 }, "geometry": { "type": "Polygon", "coordinates": [ [ [ 67.153470727000069, 24.928151771000046 ], [ 67.135229736000042, 24.901264224000045 ], [ 67.087156173000039, 24.898332569000047 ], [ 67.097101489000067, 24.87264854600005 ], [ 67.084420006000073, 24.865669979000074 ], [ 67.045242363000057, 24.893536867000023 ], [ 67.077838562000068, 24.913845587000026 ], [ 67.126690837000069, 24.982390876000068 ], [ 67.153470727000069, 24.928151771000046 ] ] ] } },
{ "type": "Feature", "properties": { "OBJECTID": 145, "PROVINCE": "SINDH", "DISTRICT": "THATTA", "Shape_Area": 0.68755451041000004 }, "geometry": { "type": "MultiPolygon", "coordinates": [ [ [ [ 67.422264099000074, 24.065248489000055 ], [ 67.409881592000033, 24.062547684000037 ], [ 67.410545349000074, 24.080514908000055 ], [ 67.415153503000056, 24.078786850000029 ], [ 67.422264099000074, 24.065248489000055 ] ] ], [ [ [ 67.357849121000072, 24.357374191000076 ], [ 67.337081909000062, 24.364202499000044 ], [ 67.355667114000028, 24.38381004300004 ], [ 67.35733795200008, 24.381776810000076 ], [ 67.357849121000072, 24.357374191000076 ] ] ], [ [ [ 67.33376312300004, 24.373275757000044 ], [ 67.315422058000081, 24.364734650000059 ], [ 67.308723450000059, 24.378496170000062 ], [ 67.330368042000032, 24.384223938000048 ], [ 67.33376312300004, 24.373275757000044 ] ] ], [ [ [ 67.386054993000073, 24.421960831000035 ], [ 67.374160767000035, 24.423238754000067 ], [ 67.371864319000053, 24.42942619300004 ], [ 67.392692566000051, 24.43282318100006 ], [ 67.386054993000073, 24.421960831000035 ] ] ], [ [ [ 67.365257263000046, 24.429418564000059 ], [ 67.363220215000069, 24.41181755100007 ], [ 67.341636658000084, 24.415906906000032 ], [ 67.33874511700003, 24.391181946000074 ], [ 67.305366516000049, 24.394247055000051 ], [ 67.308609009000065, 24.41564369200006 ], [ 67.339973450000059, 24.41773033100003 ], [ 67.310394287000065, 24.428018570000063 ], [ 67.365257263000046, 24.429418564000059 ] ] ], [ [ [ 67.370635986000082, 24.454851151000071 ], [ 67.305908203000058, 24.43204307600007 ], [ 67.296630859000061, 24.441753387000063 ], [ 67.308532715000069, 24.451751709000064 ], [ 67.370635986000082, 24.454851151000071 ] ] ], [ [ [ 67.321037292000028, 24.46970176700006 ], [ 67.310028076000037, 24.482902527000078 ], [ 67.323600769000052, 24.496923447000029 ], [ 67.329032898000037, 24.492301941000051 ], [ 67.321037292000028, 24.46970176700006 ] ] ], [ [ [ 67.340759277000075, 24.489768982000044 ], [ 67.314277649000076, 24.507884979000039 ], [ 67.319053650000058, 24.519525528000031 ], [ 67.346580505000077, 24.498310089000029 ], [ 67.340759277000075, 24.489768982000044 ] ] ], [ [ [ 67.29255676300005, 24.520521164000058 ], [ 67.312767029000042, 24.499902725000027 ], [ 67.304901123000036, 24.474174500000061 ], [ 67.255030521000037, 24.450680089000059 ], [ 67.254939957000033, 24.508577218000028 ], [ 67.29255676300005, 24.520521164000058 ] ] ], [ [ [ 67.361733877000063, 24.527851614000042 ], [ 67.350517273000037, 24.502405167000063 ], [ 67.321784973000035, 24.525461197000027 ], [ 67.304306030000077, 24.517572403000031 ], [ 67.293350220000036, 24.529314041000077 ], [ 67.320022583000082, 24.54669380200005 ], [ 67.361733877000063, 24.527851614000042 ] ] ], [ [ [ 67.285797119000051, 24.581041336000055 ], [ 67.30287170400004, 24.547794342000032 ], [ 67.273223877000078, 24.524883270000032 ], [ 67.249877930000082, 24.53829193100006 ], [ 67.236261, 24.523445 ], [ 67.196551, 24.569086 ], [ 67.285797119000051, 24.581041336000055 ] ] ], [ [ [ 67.307868958000029, 24.588249207000047 ], [ 67.300621033000084, 24.592601776000038 ], [ 67.308616638000046, 24.603931427000077 ], [ 67.309303284000066, 24.592472076000035 ], [ 67.307868958000029, 24.588249207000047 ] ] ], [ [ [ 67.346267700000055, 24.609771729000045 ], [ 67.339797974000078, 24.617490768000039 ], [ 67.347862244000055, 24.621307373000036 ], [ 67.349143982000044, 24.617799759000036 ], [ 67.346267700000055, 24.609771729000045 ] ] ], [ [ [ 67.334503174000076, 24.61293220500005 ], [ 67.317672729000037, 24.582731247000027 ], [ 67.308036804000039, 24.612680435000073 ], [ 67.293334961000028, 24.58651351900005 ], [ 67.296066284000062, 24.626478195000061 ], [ 67.31654357900004, 24.634048462000067 ], [ 67.334503174000076, 24.61293220500005 ] ] ], [ [ [ 67.374008179000043, 24.629890442000033 ], [ 67.362243652000075, 24.615516663000051 ], [ 67.326744080000083, 24.630002975000025 ], [ 67.355621338000049, 24.644525528000031 ], [ 67.374008179000043, 24.629890442000033 ] ] ], [ [ [ 67.298583984000061, 24.666227341000024 ], [ 67.305358887000068, 24.639730453000027 ], [ 67.28385925300006, 24.634838104000039 ], [ 67.280967712000063, 24.661464691000049 ], [ 67.298583984000061, 24.666227341000024 ] ] ], [ [ [ 67.364906311000084, 24.65213966400006 ], [ 67.344680786000083, 24.649803162000069 ], [ 67.343345642000031, 24.654767990000039 ], [ 67.367065430000082, 24.667032242000062 ], [ 67.364906311000084, 24.65213966400006 ] ] ], [ [ [ 67.344871521000073, 24.662334442000031 ], [ 67.324272156000063, 24.640567780000026 ], [ 67.306617737000067, 24.659606934000067 ], [ 67.31990051300005, 24.658586502000048 ], [ 67.334251404000042, 24.676597595000032 ], [ 67.344871521000073, 24.662334442000031 ] ] ], [ [ [ 67.237045288000047, 24.663326263000044 ], [ 67.281761169000049, 24.630384445000061 ], [ 67.265472412000065, 24.598314285000072 ], [ 67.219596863000049, 24.620773315000065 ], [ 67.220001221000075, 24.638948441000025 ], [ 67.198110927000073, 24.621448077000025 ], [ 67.176670196000032, 24.670598548000044 ], [ 67.198181152000075, 24.681007385000044 ], [ 67.216033936000031, 24.663450241000078 ], [ 67.237045288000047, 24.663326263000044 ] ] ], [ [ [ 67.320823669000049, 24.669681549000074 ], [ 67.316047668000067, 24.663469315000043 ], [ 67.291107178000061, 24.687482834000036 ], [ 67.300994873000036, 24.685934067000062 ], [ 67.320823669000049, 24.669681549000074 ] ] ], [ [ [ 67.415184021000073, 24.674448013000074 ], [ 67.435729980000076, 24.645259857000042 ], [ 67.411964417000036, 24.657434464000062 ], [ 67.389915466000048, 24.649200439000026 ], [ 67.369888306000064, 24.670673370000031 ], [ 67.339294434000067, 24.681983948000038 ], [ 67.42572784400005, 24.696920395000063 ], [ 67.415184021000073, 24.674448013000074 ] ] ], [ [ [ 67.245666504000042, 24.670299530000023 ], [ 67.22224426300005, 24.667837143000042 ], [ 67.18780517600004, 24.694641113000046 ], [ 67.212249756000062, 24.716770172000054 ], [ 67.21993255600006, 24.690933228000063 ], [ 67.245666504000042, 24.670299530000023 ] ] ], [ [ [ 67.325347900000054, 24.728080749000071 ], [ 67.346534729000041, 24.735462189000032 ], [ 67.39147186200006, 24.696641922000026 ], [ 67.340255737000064, 24.692245483000079 ], [ 67.327156067000033, 24.676990509000063 ], [ 67.287284851000038, 24.691738129000044 ], [ 67.294967651000036, 24.671117783000057 ], [ 67.272476196000071, 24.668069839000054 ], [ 67.271003723000035, 24.653614044000051 ], [ 67.272270203000062, 24.678918839000062 ], [ 67.248138428000061, 24.677062988000046 ], [ 67.217308044000049, 24.71610641500007 ], [ 67.254486084000064, 24.706296921000046 ], [ 67.29486846900005, 24.736045838000052 ], [ 67.325347900000054, 24.728080749000071 ] ] ], [ [ [ 68.086202528000058, 25.413927517000047 ], [ 68.17439, 25.298225 ], [ 68.322532, 25.28718 ], [ 68.345273, 25.303423 ], [ 68.32578, 25.23715 ], [ 68.343328635000034, 25.216426742000067 ], [ 68.345922, 25.128642 ], [ 68.278999, 25.124094 ], [ 68.259933186000069, 24.989115414000025 ], [ 68.222, 24.951484 ], [ 68.175421, 24.975883 ], [ 68.128287, 24.963129 ], [ 68.122742, 24.913222 ], [ 68.085589, 24.888269 ], [ 68.123680639000042, 24.840468952000037 ], [ 68.070062, 24.856107 ], [ 68.026255, 24.826718 ], [ 68.029583, 24.767384 ], [ 67.962486, 24.667571 ], [ 67.994555, 24.547795 ], [ 67.95195, 24.507315 ], [ 67.982593865000069, 24.504779001000031 ], [ 67.992424988000039, 24.475033514000074 ], [ 67.963595, 24.464618 ], [ 67.964149, 24.420256 ], [ 67.847146, 24.420256 ], [ 67.83661, 24.402512 ], [ 67.852137, 24.377558 ], [ 67.774504, 24.324879 ], [ 67.813321, 24.262773 ], [ 67.809439, 24.241701 ], [ 67.751215, 24.243365 ], [ 67.741788, 24.217303 ], [ 67.716219668000065, 24.222777754000049 ], [ 67.661845922000055, 24.15846252700004 ], [ 67.637132, 24.184621 ], [ 67.598292, 24.159605 ], [ 67.545628, 24.159605 ], [ 67.539045, 24.13854 ], [ 67.558794, 24.120107 ], [ 67.572618, 24.06481 ], [ 67.50218, 24.039794 ], [ 67.486419678000061, 23.974071503000062 ], [ 67.441280124000059, 23.95099897800003 ], [ 67.383716, 24.016105 ], [ 67.438026428000057, 24.063631058000055 ], [ 67.418418884000062, 24.088281631000029 ], [ 67.448898315000065, 24.116813660000048 ], [ 67.408821106000062, 24.084005356000034 ], [ 67.407347, 24.05473 ], [ 67.384654, 24.069322 ], [ 67.363388212000075, 24.132348334000028 ], [ 67.411834717000033, 24.123331070000063 ], [ 67.424514771000077, 24.130212784000037 ], [ 67.357084616000066, 24.140440742000067 ], [ 67.316816062000044, 24.213201689000073 ], [ 67.36253356900005, 24.238571167000032 ], [ 67.412475586000028, 24.229564667000034 ], [ 67.42074585000006, 24.209800720000032 ], [ 67.431213379000042, 24.221410751000064 ], [ 67.431655884000065, 24.247184753000056 ], [ 67.421157837000067, 24.216701508000028 ], [ 67.414344788000051, 24.234008789000029 ], [ 67.350082397000051, 24.254228592000061 ], [ 67.361297608000029, 24.275676727000075 ], [ 67.381416321000074, 24.273208618000069 ], [ 67.395683289000033, 24.286615372000028 ], [ 67.358474731000058, 24.283721924000076 ], [ 67.328857422000056, 24.244342804000041 ], [ 67.288205, 24.266054 ], [ 67.286585, 24.289616 ], [ 67.32985687300004, 24.333908081000061 ], [ 67.359565735000047, 24.290645599000072 ], [ 67.338569641000049, 24.332319260000077 ], [ 67.346580505000077, 24.342809677000048 ], [ 67.410881042000028, 24.311319351000066 ], [ 67.442108154000039, 24.316089631000068 ], [ 67.44899749800004, 24.332174301000066 ], [ 67.490600586000028, 24.321825027000045 ], [ 67.514633178000054, 24.342416764000063 ], [ 67.529052734000061, 24.334526062000066 ], [ 67.512428284000066, 24.352573395000036 ], [ 67.487243652000075, 24.326307297000028 ], [ 67.456581116000052, 24.342227936000029 ], [ 67.434341431000064, 24.322725296000044 ], [ 67.366523743000073, 24.350980759000038 ], [ 67.369026184000063, 24.385709763000023 ], [ 67.41774749800004, 24.386468887000035 ], [ 67.422859192000033, 24.360338211000055 ], [ 67.427787781000063, 24.391803742000036 ], [ 67.41579437300004, 24.401432037000063 ], [ 67.360519409000062, 24.387725830000079 ], [ 67.349082947000056, 24.40049743700007 ], [ 67.416923523000037, 24.436742783000057 ], [ 67.464607239000031, 24.423465729000043 ], [ 67.472679138000046, 24.426855087000035 ], [ 67.390197754000042, 24.450065613000049 ], [ 67.370666504000042, 24.436691284000062 ], [ 67.383415222000053, 24.45443534900005 ], [ 67.360374451000041, 24.460775375000026 ], [ 67.395042419000049, 24.483411789000058 ], [ 67.421775818000071, 24.464452744000027 ], [ 67.454002380000077, 24.462156296000046 ], [ 67.435997009000062, 24.479732513000044 ], [ 67.417686462000063, 24.475799561000031 ], [ 67.41202545200008, 24.521537781000063 ], [ 67.391937256000062, 24.516082764000032 ], [ 67.402191162000065, 24.493038177000074 ], [ 67.374290466000048, 24.472085953000033 ], [ 67.309387207000043, 24.458877563000044 ], [ 67.325775146000069, 24.465267181000058 ], [ 67.328178406000063, 24.485176086000024 ], [ 67.352333069000053, 24.479713440000069 ], [ 67.370170593000068, 24.530397415000039 ], [ 67.397537231000058, 24.524614334000034 ], [ 67.398719788000051, 24.546779633000028 ], [ 67.368354797000052, 24.535974503000034 ], [ 67.357063293000067, 24.550424576000069 ], [ 67.413627625000061, 24.585674286000028 ], [ 67.43961334200003, 24.574617386000057 ], [ 67.407089234000068, 24.589427948000036 ], [ 67.323348999000075, 24.549100876000068 ], [ 67.304023743000073, 24.553258896000045 ], [ 67.315208435000045, 24.55885124200006 ], [ 67.299011230000076, 24.581483841000079 ], [ 67.320236206000061, 24.575717926000038 ], [ 67.323066711000081, 24.590633392000029 ], [ 67.370986938000044, 24.608079910000072 ], [ 67.383743286000083, 24.637723923000067 ], [ 67.406875610000043, 24.635765076000041 ], [ 67.41433715800008, 24.649368286000026 ], [ 67.440483093000068, 24.64040374800004 ], [ 67.453208923000034, 24.65375709500006 ], [ 67.441558838000049, 24.647953033000078 ], [ 67.420272827000076, 24.672735214000056 ], [ 67.432533264000028, 24.698183060000076 ], [ 67.393218994000051, 24.704631805000076 ], [ 67.351516723000032, 24.742307663000076 ], [ 67.349334717000033, 24.762905121000074 ], [ 67.452812195000035, 24.776084900000058 ], [ 67.468070984000065, 24.753818512000066 ], [ 67.463729858000079, 24.777479172000028 ], [ 67.440354605000039, 24.789457287000062 ], [ 67.439046974000064, 24.838614987000028 ], [ 67.517640235000044, 24.798291419000066 ], [ 67.579875, 24.790126 ], [ 67.579875, 24.817416 ], [ 67.530833468000083, 24.912785217000078 ], [ 67.521388936000051, 24.979481361000069 ], [ 67.590271, 24.972054 ], [ 67.648748, 25.015587 ], [ 67.709824, 25.000643 ], [ 67.74556, 25.069516 ], [ 67.804686, 25.090308 ], [ 67.82223, 25.213759 ], [ 67.906046, 25.301474 ], [ 67.909295, 25.360601 ], [ 67.942432, 25.410631 ], [ 67.961924, 25.407382 ], [ 68.013904, 25.448316 ], [ 68.086202528000058, 25.413927517000047 ] ] ] ] } },
{ "type": "Feature", "properties": { "OBJECTID": 37, "PROVINCE": "BALOCHISTAN", "DISTRICT": "LEHRI", "Shape_Area": 0.30420751819000003 }, "geometry": { "type": "Polygon", "coordinates": [ [ [ 68.084809, 29.343469 ], [ 68.179876, 29.371914 ], [ 68.323599, 29.273853 ], [ 68.48061, 29.221495 ], [ 68.467005, 29.207041 ], [ 68.404866, 29.204651 ], [ 68.286165, 29.222974 ], [ 68.275809, 29.177565 ], [ 68.381072, 29.052583 ], [ 68.317235, 29.004692 ], [ 68.259876, 28.988759 ], [ 68.22323, 28.952909 ], [ 68.255096, 28.932993 ], [ 68.231196, 28.853328 ], [ 68.07107, 28.786409 ], [ 68.023271, 28.784019 ], [ 68.03283, 28.735424 ], [ 67.977861, 28.701964 ], [ 67.963522001000058, 28.706744 ], [ 67.964318, 28.787206 ], [ 67.952369, 28.784019 ], [ 67.867127, 28.677268 ], [ 67.86394, 28.658149 ], [ 67.88784, 28.648589 ], [ 67.86872, 28.613536 ], [ 67.774846166000032, 28.609993217000067 ], [ 67.7452, 28.698108 ], [ 67.700751340000068, 28.762881270000037 ], [ 67.700751106000041, 28.79017910500005 ], [ 67.734278, 28.816685 ], [ 67.679467662000036, 28.840680735000035 ], [ 67.646148, 28.920653 ], [ 67.673758, 29.012317 ], [ 67.737812, 29.077475 ], [ 67.732825, 29.147051 ], [ 67.969731, 29.092936 ], [ 67.979671, 29.179078 ], [ 67.967523, 29.329274 ], [ 67.979767002000074, 29.369601961000058 ], [ 68.006211, 29.377903 ], [ 68.084809, 29.343469 ] ] ] } },
{ "type": "Feature", "properties": { "OBJECTID": 17, "PROVINCE": "BALOCHISTAN", "DISTRICT": "SOHBATPUR", "Shape_Area": 0.06170307036 }, "geometry": { "type": "Polygon", "coordinates": [ [ [ 68.46376308300006, 28.432272110000042 ], [ 68.436477429000035, 28.452306190000058 ], [ 68.448992845000078, 28.477787019000061 ], [ 68.43058508300004, 28.514317891000076 ], [ 68.457202641000038, 28.556735509000077 ], [ 68.455570412000043, 28.611468181000077 ], [ 68.379085305000046, 28.617999787000031 ], [ 68.390526, 28.652572 ], [ 68.446179001000075, 28.675500001000046 ], [ 68.474971, 28.643012 ], [ 68.764952, 28.488462 ], [ 69.039797, 28.460579 ], [ 69.082019, 28.499615 ], [ 69.117868, 28.478902 ], [ 69.131035, 28.439763 ], [ 68.46376308300006, 28.432272110000042 ] ] ] } }
]
}
