{
"type": "FeatureCollection",
"name": "schools",
"crs": { "type": "name", "properties": { "name": "urn:ogc:def:crs:OGC:1.3:CRS84" } },
"features": [
{ "type": "Feature", "properties": { "name": "pre school", "amenity": "kindergarten", "addr_city": null, "osm_id": 9788236692, "osm_type": "nodes" }, "geometry": { "type": "Point", "coordinates": [ 81.7910504, 7.5243331 ] } },
{ "type": "Feature", "properties": { "name": "Motagedara MV", "amenity": "school", "addr_city": null, "osm_id": 1846325616, "osm_type": "nodes" }, "geometry": { "type": "Point", "coordinates": [ 80.5840252, 5.9636269 ] } },
{ "type": "Feature", "properties": { "name": "Al- Hidaya Maha Vidyalaya", "amenity": "school", "addr_city": null, "osm_id": 3780541965, "osm_type": "nodes" }, "geometry": { "type": "Point", "coordinates": [ 79.8634884, 6.9333123 ] } },
{ "type": "Feature", "properties": { "name": null, "amenity": "school", "addr_city": null, "osm_id": 13545956867, "osm_type": "nodes" }, "geometry": { "type": "Point", "coordinates": [ 80.0606849, 6.984061 ] } },
{ "type": "Feature", "properties": { "name": "Prince College", "amenity": "school", "addr_city": null, "osm_id": 8400160782, "osm_type": "nodes" }, "geometry": { "type": "Point", "coordinates": [ 80.3786756, 6.7125142 ] } },
{ "type": "Feature", "properties": { "name": "Sanghamitta College", "amenity": "school", "addr_city": null, "osm_id": 64638677, "osm_type": "nodes" }, "geometry": { "type": "Point", "coordinates": [ 80.2121695, 6.0471249 ] } },
{ "type": "Feature", "properties": { "name": "Sacred Heart Convent", "amenity": "school", "addr_city": null, "osm_id": 138741738, "osm_type": "nodes" }, "geometry": { "type": "Point", "coordinates": [ 80.2110256, 6.0365987 ] } },
{ "type": "Feature", "properties": { "name": "Nayapana Maha Vidyalaya", "amenity": "school", "addr_city": null, "osm_id": 6186156931, "osm_type": "nodes" }, "geometry": { "type": "Point", "coordinates": [ 80.5819407, 7.0711825 ] } },
{ "type": "Feature", "properties": { "name": "Kolugala Kanishta Vidyalaya", "amenity": "school", "addr_city": null, "osm_id": 6183138167, "osm_type": "nodes" }, "geometry": { "type": "Point", "coordinates": [ 80.5203465, 7.3095777 ] } },
{ "type": "Feature", "properties": { "name": "Hatharaliyadda Primary School", "amenity": "school", "addr_city": "Hataraliyadda", "osm_id": 6183173989, "osm_type": "nodes" }, "geometry": { "type": "Point", "coordinates": [ 80.4718332, 7.3373257 ] } },
{ "type": "Feature", "properties": { "name": "Uduwa Maha Vidyalaya.", "amenity": "school", "addr_city": null, "osm_id": 6183174000, "osm_type": "nodes" }, "geometry": { "type": "Point", "coordinates": [ 80.485719, 7.3604985 ] } },
{ "type": "Feature", "properties": { "name": "Sujatha Balika Vidyalaya", "amenity": "school", "addr_city": null, "osm_id": 6183183894, "osm_type": "nodes" }, "geometry": { "type": "Point", "coordinates": [ 80.5186726, 7.3723372 ] } },
{ "type": "Feature", "properties": { "name": "Galagedara Primary School", "amenity": "school", "addr_city": null, "osm_id": 6183183895, "osm_type": "nodes" }, "geometry": { "type": "Point", "coordinates": [ 80.5192359, 7.3719807 ] } },
{ "type": "Feature", "properties": { "name": "Hatharaliyadda National School", "amenity": "school", "addr_city": null, "osm_id": 6183075098, "osm_type": "nodes" }, "geometry": { "type": "Point", "coordinates": [ 80.4767016, 7.3304242 ] } },
{ "type": "Feature", "properties": { "name": "Maha/Katu/ Sangarajapura Maha Vidyalaya", "amenity": "school", "addr_city": null, "osm_id": 6183075099, "osm_type": "nodes" }, "geometry": { "type": "Point", "coordinates": [ 80.517675, 7.3206608 ] } },
{ "type": "Feature", "properties": { "name": "Biyagama Central College", "amenity": "school", "addr_city": null, "osm_id": 1843565817, "osm_type": "nodes" }, "geometry": { "type": "Point", "coordinates": [ 79.9938994, 6.9474414 ] } },
{ "type": "Feature", "properties": { "name": "Biyagama Junior School", "amenity": "school", "addr_city": null, "osm_id": 1843565870, "osm_type": "nodes" }, "geometry": { "type": "Point", "coordinates": [ 79.9910991, 6.9452528 ] } },
{ "type": "Feature", "properties": { "name": "Walgama Maha Vidyalaya", "amenity": "school", "addr_city": null, "osm_id": 1843603845, "osm_type": "nodes" }, "geometry": { "type": "Point", "coordinates": [ 80.017417, 6.9594705 ] } },
{ "type": "Feature", "properties": { "name": "Gatamanna South Maha Vidyalala", "amenity": "school", "addr_city": null, "osm_id": 3916692832, "osm_type": "nodes" }, "geometry": { "type": "Point", "coordinates": [ 80.696845, 6.0420728 ] } },
{ "type": "Feature", "properties": { "name": "Nihiluwa Maha Vidyalaya", "amenity": "school", "addr_city": null, "osm_id": 3910053456, "osm_type": "nodes" }, "geometry": { "type": "Point", "coordinates": [ 80.7040629, 6.0732899 ] } },
{ "type": "Feature", "properties": { "name": "Nihiluwa Primary School", "amenity": "school", "addr_city": null, "osm_id": 3910053557, "osm_type": "nodes" }, "geometry": { "type": "Point", "coordinates": [ 80.7048242, 6.0727137 ] } },
{ "type": "Feature", "properties": { "name": "Belvoir Int. College", "amenity": "school", "addr_city": null, "osm_id": 1877120233, "osm_type": "nodes" }, "geometry": { "type": "Point", "coordinates": [ 79.8600947, 6.8867428 ] } },
{ "type": "Feature", "properties": { "name": "Zahira College", "amenity": "school", "addr_city": null, "osm_id": 1836302309, "osm_type": "nodes" }, "geometry": { "type": "Point", "coordinates": [ 80.6257795, 7.3278804 ] } },
{ "type": "Feature", "properties": { "name": "D. B. Wijethunga National School", "amenity": "school", "addr_city": "Daskara", "osm_id": 8366848519, "osm_type": "nodes" }, "geometry": { "type": "Point", "coordinates": [ 80.5785642, 7.2086808 ] } },
{ "type": "Feature", "properties": { "name": "Oxford College of Business", "amenity": "school", "addr_city": null, "osm_id": 4449406698, "osm_type": "nodes" }, "geometry": { "type": "Point", "coordinates": [ 79.8595855, 6.8996204 ] } },
{ "type": "Feature", "properties": { "name": "Tamil Vidyalaya", "amenity": "school", "addr_city": null, "osm_id": 1828233801, "osm_type": "nodes" }, "geometry": { "type": "Point", "coordinates": [ 80.6986927, 6.6446547 ] } },
{ "type": "Feature", "properties": { "name": "J - Mirusuvil Roman Catholic Tamil Mixed School", "amenity": "school", "addr_city": null, "osm_id": 3990589391, "osm_type": "nodes" }, "geometry": { "type": "Point", "coordinates": [ 80.2441802, 9.6746021 ] } },
{ "type": "Feature", "properties": { "name": "Uyangalla Junior School", "amenity": "school", "addr_city": "Nikadalupotha", "osm_id": 2377738973, "osm_type": "nodes" }, "geometry": { "type": "Point", "coordinates": [ 80.339375, 7.689448 ] } },
{ "type": "Feature", "properties": { "name": "St. Paul's college", "amenity": "school", "addr_city": "Bambalapitiya", "osm_id": 667214242, "osm_type": "nodes" }, "geometry": { "type": "Point", "coordinates": [ 79.8581249, 6.8858698 ] } },
{ "type": "Feature", "properties": { "name": "St Johns College", "amenity": "school", "addr_city": null, "osm_id": 1822724925, "osm_type": "nodes" }, "geometry": { "type": "Point", "coordinates": [ 79.9624263, 6.5830227 ] } },
{ "type": "Feature", "properties": { "name": "Gnanodaya Vidyalaya", "amenity": "school", "addr_city": null, "osm_id": 1822725254, "osm_type": "nodes" }, "geometry": { "type": "Point", "coordinates": [ 79.9630647, 6.5812641 ] } },
{ "type": "Feature", "properties": { "name": "Deshastra Balika Vidyalaya", "amenity": "school", "addr_city": null, "osm_id": 1822477895, "osm_type": "nodes" }, "geometry": { "type": "Point", "coordinates": [ 79.9545889, 6.6017593 ] } },
{ "type": "Feature", "properties": { "name": "Ibnu Seena Vidyalaya", "amenity": "school", "addr_city": null, "osm_id": 9801468456, "osm_type": "nodes" }, "geometry": { "type": "Point", "coordinates": [ 81.8494813, 7.2704653 ] } },
{ "type": "Feature", "properties": { "name": "St. Thomas College, Guruthalawa", "amenity": "school", "addr_city": null, "osm_id": 1820038315, "osm_type": "nodes" }, "geometry": { "type": "Point", "coordinates": [ 80.9003895, 6.8440766 ] } },
{ "type": "Feature", "properties": { "name": null, "amenity": "school", "addr_city": null, "osm_id": 6092325588, "osm_type": "nodes" }, "geometry": { "type": "Point", "coordinates": [ 80.5052986, 8.4406497 ] } },
{ "type": "Feature", "properties": { "name": "Labugama Vijitha Maha Vidyalaya", "amenity": "school", "addr_city": null, "osm_id": 3827949857, "osm_type": "nodes" }, "geometry": { "type": "Point", "coordinates": [ 80.0482806, 6.6844232 ] } },
{ "type": "Feature", "properties": { "name": "Ginigathhena Central College", "amenity": "school", "addr_city": null, "osm_id": 4890143757, "osm_type": "nodes" }, "geometry": { "type": "Point", "coordinates": [ 80.4926473, 6.9859569 ] } },
{ "type": "Feature", "properties": { "name": "Ambalantota Maha Vidyalaya", "amenity": "school", "addr_city": null, "osm_id": 1818516463, "osm_type": "nodes" }, "geometry": { "type": "Point", "coordinates": [ 81.0086917, 6.1212695 ] } },
{ "type": "Feature", "properties": { "name": "Diddenipotha Maha Vidyalaya", "amenity": "school", "addr_city": null, "osm_id": 4884232991, "osm_type": "nodes" }, "geometry": { "type": "Point", "coordinates": [ 80.5755598, 6.1567386 ] } },
{ "type": "Feature", "properties": { "name": "B/Yahalarawa Sinhala Maha Vidyalaya", "amenity": "school", "addr_city": null, "osm_id": 9790608104, "osm_type": "nodes" }, "geometry": { "type": "Point", "coordinates": [ 80.9317273, 6.9245829 ] } },
{ "type": "Feature", "properties": { "name": "Ananda Sasthralaya School Ground", "amenity": "school", "addr_city": null, "osm_id": 3811213342, "osm_type": "nodes" }, "geometry": { "type": "Point", "coordinates": [ 79.9071818, 6.8841135 ] } },
{ "type": "Feature", "properties": { "name": "J/Victoria College", "amenity": "school", "addr_city": null, "osm_id": 5056879482, "osm_type": "nodes" }, "geometry": { "type": "Point", "coordinates": [ 79.9427058, 9.7598397 ] } },
{ "type": "Feature", "properties": { "name": "Ediriweera Sarachchandra College - Himbutana", "amenity": "school", "addr_city": null, "osm_id": 1815547061, "osm_type": "nodes" }, "geometry": { "type": "Point", "coordinates": [ 79.9408452, 6.9240694 ] } },
{ "type": "Feature", "properties": { "name": "Nuwara Eliya Technical College", "amenity": "college", "addr_city": null, "osm_id": 4885454573, "osm_type": "nodes" }, "geometry": { "type": "Point", "coordinates": [ 80.7682013, 6.9761329 ] } },
{ "type": "Feature", "properties": { "name": "Preschool", "amenity": null, "addr_city": null, "osm_id": 3865625960, "osm_type": "nodes" }, "geometry": { "type": "Point", "coordinates": [ 80.0654264, 9.6527584 ] } },
{ "type": "Feature", "properties": { "name": "Akurana Zahira College", "amenity": null, "addr_city": null, "osm_id": 3856182207, "osm_type": "nodes" }, "geometry": { "type": "Point", "coordinates": [ 80.6099558, 7.3714904 ] } },
{ "type": "Feature", "properties": { "name": "Pandiruppu Maha Vidyalaya", "amenity": null, "addr_city": "Pandiruppu", "osm_id": 3318139708, "osm_type": "nodes" }, "geometry": { "type": "Point", "coordinates": [ 81.8168688, 7.4262924 ] } },
{ "type": "Feature", "properties": { "name": "Yatiyana Primary School", "amenity": "school", "addr_city": null, "osm_id": 1812231656, "osm_type": "nodes" }, "geometry": { "type": "Point", "coordinates": [ 80.6015109, 6.0247398 ] } },
{ "type": "Feature", "properties": { "name": "St. Clare's Girl School", "amenity": "school", "addr_city": null, "osm_id": 674889511, "osm_type": "nodes" }, "geometry": { "type": "Point", "coordinates": [ 79.8616, 6.8765387 ] } },
{ "type": "Feature", "properties": { "name": "St.Mary's Vidyalaya", "amenity": "school", "addr_city": null, "osm_id": 678342997, "osm_type": "nodes" }, "geometry": { "type": "Point", "coordinates": [ 79.8574567, 6.8945644 ] } },
{ "type": "Feature", "properties": { "name": "St. Joseph's Pre School", "amenity": "school", "addr_city": null, "osm_id": 681588250, "osm_type": "nodes" }, "geometry": { "type": "Point", "coordinates": [ 79.8629591, 6.9632624 ] } },
{ "type": "Feature", "properties": { "name": "Aquinas College", "amenity": "school", "addr_city": null, "osm_id": 681782121, "osm_type": "nodes" }, "geometry": { "type": "Point", "coordinates": [ 79.8743972, 6.9176583 ] } },
{ "type": "Feature", "properties": { "name": "Nugawela Central College", "amenity": "school", "addr_city": null, "osm_id": 1809677842, "osm_type": "nodes" }, "geometry": { "type": "Point", "coordinates": [ 80.5848839, 7.3264785 ] } },
{ "type": "Feature", "properties": { "name": "Gamini Vidyalaya", "amenity": "school", "addr_city": null, "osm_id": 696486176, "osm_type": "nodes" }, "geometry": { "type": "Point", "coordinates": [ 79.8905296, 6.9534804 ] } },
{ "type": "Feature", "properties": { "name": "J/St Joseph's Vidyalayam", "amenity": "school", "addr_city": null, "osm_id": 6045439343, "osm_type": "nodes" }, "geometry": { "type": "Point", "coordinates": [ 80.036881, 9.6491791 ] } },
{ "type": "Feature", "properties": { "name": null, "amenity": "school", "addr_city": null, "osm_id": 1798397680, "osm_type": "nodes" }, "geometry": { "type": "Point", "coordinates": [ 80.1899116, 7.2225532 ] } },
{ "type": "Feature", "properties": { "name": "Siri Piyarathana College", "amenity": "school", "addr_city": null, "osm_id": 1796819703, "osm_type": "nodes" }, "geometry": { "type": "Point", "coordinates": [ 80.0883829, 6.8395546 ] } },
{ "type": "Feature", "properties": { "name": "Royal College", "amenity": "school", "addr_city": null, "osm_id": 1795501738, "osm_type": "nodes" }, "geometry": { "type": "Point", "coordinates": [ 79.9105417, 6.7040466 ] } },
{ "type": "Feature", "properties": { "name": "Janajaya Vidyalaya", "amenity": "school", "addr_city": null, "osm_id": 1794115714, "osm_type": "nodes" }, "geometry": { "type": "Point", "coordinates": [ 79.8858654, 6.7671708 ] } },
{ "type": "Feature", "properties": { "name": "ganapathy t.m.v", "amenity": "school", "addr_city": null, "osm_id": 9775019020, "osm_type": "nodes" }, "geometry": { "type": "Point", "coordinates": [ 80.5212814, 6.9107488 ] } },
{ "type": "Feature", "properties": { "name": "vidulipura sinhala maha vidyalaya", "amenity": "school", "addr_city": null, "osm_id": 9775019021, "osm_type": "nodes" }, "geometry": { "type": "Point", "coordinates": [ 80.5212867, 6.9117527 ] } },
{ "type": "Feature", "properties": { "name": "V/Puliyankulam.H.C", "amenity": "school", "addr_city": null, "osm_id": 9774144954, "osm_type": "nodes" }, "geometry": { "type": "Point", "coordinates": [ 80.5274057, 8.9718707 ] } },
{ "type": "Feature", "properties": { "name": "BT/PADDIRUPPU M.M.V (NATIONAL SCHOOL)", "amenity": "school", "addr_city": null, "osm_id": 9774013335, "osm_type": "nodes" }, "geometry": { "type": "Point", "coordinates": [ 81.7859219, 7.5173686 ] } },
{ "type": "Feature", "properties": { "name": "Kalawewa school ground", "amenity": "school", "addr_city": null, "osm_id": 9862799860, "osm_type": "nodes" }, "geometry": { "type": "Point", "coordinates": [ 80.5284751, 8.0218097 ] } },
{ "type": "Feature", "properties": { "name": "Narandeniya National School's Ground", "amenity": "school", "addr_city": "Kamburupitiya", "osm_id": 9862195747, "osm_type": "nodes" }, "geometry": { "type": "Point", "coordinates": [ 80.5677326, 6.0811988 ] } },
{ "type": "Feature", "properties": { "name": "weppasawela madhiya maha vidyalaya", "amenity": "school", "addr_city": null, "osm_id": 5304277934, "osm_type": "nodes" }, "geometry": { "type": "Point", "coordinates": [ 80.9846127, 6.9073247 ] } },
{ "type": "Feature", "properties": { "name": "uva highlands college", "amenity": "school", "addr_city": null, "osm_id": 9772759650, "osm_type": "nodes" }, "geometry": { "type": "Point", "coordinates": [ 80.9838031, 6.9020862 ] } },
{ "type": "Feature", "properties": { "name": "CP/N/ Maria Tamil Maha Vidyalayam", "amenity": "school", "addr_city": "maria", "osm_id": 9772132742, "osm_type": "nodes" }, "geometry": { "type": "Point", "coordinates": [ 80.7194392, 6.8972427 ] } },
{ "type": "Feature", "properties": { "name": "Dharmaraja Vidyalaya", "amenity": "school", "addr_city": null, "osm_id": 1788271737, "osm_type": "nodes" }, "geometry": { "type": "Point", "coordinates": [ 80.0436651, 6.8439807 ] } },
{ "type": "Feature", "properties": { "name": "Amugoda Maha Vidyalaya", "amenity": "school", "addr_city": null, "osm_id": 9147386812, "osm_type": "nodes" }, "geometry": { "type": "Point", "coordinates": [ 80.2185188, 6.3214728 ] } },
{ "type": "Feature", "properties": { "name": "Wijaratnam Maha Vidyalaya", "amenity": "school", "addr_city": null, "osm_id": 1268347716, "osm_type": "nodes" }, "geometry": { "type": "Point", "coordinates": [ 79.8388343, 7.2145497 ] } },
{ "type": "Feature", "properties": { "name": "St.Mary's College (Primary)", "amenity": "school", "addr_city": "Kegalle", "osm_id": 3224576144, "osm_type": "nodes" }, "geometry": { "type": "Point", "coordinates": [ 80.3655965, 7.2501288 ] } },
{ "type": "Feature", "properties": { "name": "Alagalla Primary School", "amenity": "school", "addr_city": null, "osm_id": 6017749606, "osm_type": "nodes" }, "geometry": { "type": "Point", "coordinates": [ 80.4758835, 7.3148938 ] } },
{ "type": "Feature", "properties": { "name": "Kawantissa Vidyalaya", "amenity": "school", "addr_city": null, "osm_id": 1684508037, "osm_type": "nodes" }, "geometry": { "type": "Point", "coordinates": [ 81.6741907, 7.2980309 ] } },
{ "type": "Feature", "properties": { "name": "Gamini Maha Vidyalaya", "amenity": "school", "addr_city": null, "osm_id": 1684508354, "osm_type": "nodes" }, "geometry": { "type": "Point", "coordinates": [ 81.6757946, 7.2866864 ] } },
{ "type": "Feature", "properties": { "name": "Kn/Poonakary Central College", "amenity": "school", "addr_city": null, "osm_id": 6007852846, "osm_type": "nodes" }, "geometry": { "type": "Point", "coordinates": [ 80.2092648, 9.5003675 ] } },
{ "type": "Feature", "properties": { "name": "T/Tissa Maha Vidyalayam", "amenity": "school", "addr_city": null, "osm_id": 6005352446, "osm_type": "nodes" }, "geometry": { "type": "Point", "coordinates": [ 81.2364325, 8.5596991 ] } },
{ "type": "Feature", "properties": { "name": "T/Sri Konalinga Maha Vidyalayam", "amenity": "school", "addr_city": null, "osm_id": 6005352447, "osm_type": "nodes" }, "geometry": { "type": "Point", "coordinates": [ 81.2151351, 8.5821429 ] } },
{ "type": "Feature", "properties": { "name": "T/St Loudres RCV", "amenity": "school", "addr_city": null, "osm_id": 6005352449, "osm_type": "nodes" }, "geometry": { "type": "Point", "coordinates": [ 81.2040272, 8.5799716 ] } },
{ "type": "Feature", "properties": { "name": "T/Sri Vani Vidyalayam", "amenity": "school", "addr_city": null, "osm_id": 6005352450, "osm_type": "nodes" }, "geometry": { "type": "Point", "coordinates": [ 81.2043027, 8.5845292 ] } },
{ "type": "Feature", "properties": { "name": "T/Zahira College", "amenity": "school", "addr_city": null, "osm_id": 6004842701, "osm_type": "nodes" }, "geometry": { "type": "Point", "coordinates": [ 81.2326406, 8.5732753 ] } },
{ "type": "Feature", "properties": { "name": "T/Punithavalanar Tamil Vidyalayam", "amenity": "school", "addr_city": null, "osm_id": 6004842702, "osm_type": "nodes" }, "geometry": { "type": "Point", "coordinates": [ 81.2372758, 8.5681785 ] } },
{ "type": "Feature", "properties": { "name": "J/Saivapragasa Vidyalayam", "amenity": "school", "addr_city": null, "osm_id": 4462637414, "osm_type": "nodes" }, "geometry": { "type": "Point", "coordinates": [ 79.6658688, 9.5254837 ] } },
{ "type": "Feature", "properties": { "name": "T/Kalaimagal Maha Vidyalayam", "amenity": "school", "addr_city": null, "osm_id": 6001207110, "osm_type": "nodes" }, "geometry": { "type": "Point", "coordinates": [ 81.2074485, 8.5925347 ] } },
{ "type": "Feature", "properties": { "name": "T/Abayapura Central College", "amenity": "school", "addr_city": "Trincomalee", "osm_id": 2922191118, "osm_type": "nodes" }, "geometry": { "type": "Point", "coordinates": [ 81.2192235, 8.5892463 ] } },
{ "type": "Feature", "properties": { "name": "T/Vipulanada College", "amenity": "school", "addr_city": "Anuradhapura Junction", "osm_id": 4255703430, "osm_type": "nodes" }, "geometry": { "type": "Point", "coordinates": [ 81.2055223, 8.5877933 ] } },
{ "type": "Feature", "properties": { "name": "T/Girls' High School", "amenity": "school", "addr_city": null, "osm_id": 6001207111, "osm_type": "nodes" }, "geometry": { "type": "Point", "coordinates": [ 81.2128361, 8.5879119 ] } },
{ "type": "Feature", "properties": { "name": "T/Jamaliya Muslim Maha Vidyalayam", "amenity": "school", "addr_city": null, "osm_id": 6001207112, "osm_type": "nodes" }, "geometry": { "type": "Point", "coordinates": [ 81.2222988, 8.5925987 ] } },
{ "type": "Feature", "properties": { "name": "Rotary", "amenity": "school", "addr_city": null, "osm_id": 1651300225, "osm_type": "nodes" }, "geometry": { "type": "Point", "coordinates": [ 79.8904519, 6.8709411 ] } },
{ "type": "Feature", "properties": { "name": "T/Kumpurupiddy MMTMS", "amenity": "school", "addr_city": null, "osm_id": 6001074450, "osm_type": "nodes" }, "geometry": { "type": "Point", "coordinates": [ 81.1614984, 8.7394494 ] } },
{ "type": "Feature", "properties": { "name": "T/Vevekanda Maha Vidyalayam", "amenity": "school", "addr_city": null, "osm_id": 6001074448, "osm_type": "nodes" }, "geometry": { "type": "Point", "coordinates": [ 81.1010481, 8.8151726 ] } },
{ "type": "Feature", "properties": { "name": "T/Iranaikerny GTMS", "amenity": "school", "addr_city": null, "osm_id": 6001074449, "osm_type": "nodes" }, "geometry": { "type": "Point", "coordinates": [ 81.1079261, 8.8027039 ] } },
{ "type": "Feature", "properties": { "name": "T/Athimoddai Tamil Vidyalayam", "amenity": "school", "addr_city": null, "osm_id": 6001074460, "osm_type": "nodes" }, "geometry": { "type": "Point", "coordinates": [ 81.2062501, 8.633225 ] } },
{ "type": "Feature", "properties": { "name": "T/Sampalthivu Tamil Maha Vidyalayam", "amenity": "school", "addr_city": null, "osm_id": 6001074461, "osm_type": "nodes" }, "geometry": { "type": "Point", "coordinates": [ 81.2173783, 8.6326137 ] } },
{ "type": "Feature", "properties": { "name": "T/Sally Ambal Maha Vidyalayam", "amenity": "school", "addr_city": null, "osm_id": 6001074462, "osm_type": "nodes" }, "geometry": { "type": "Point", "coordinates": [ 81.2247224, 8.6288781 ] } },
{ "type": "Feature", "properties": { "name": "Deepangoda Primary School", "amenity": "school", "addr_city": "Deepangoda", "osm_id": 599762488, "osm_type": "nodes" }, "geometry": { "type": "Point", "coordinates": [ 79.9829103, 6.812792 ] } },
{ "type": "Feature", "properties": { "name": "Ihala Thalduwa KV", "amenity": "school", "addr_city": null, "osm_id": 4778511294, "osm_type": "nodes" }, "geometry": { "type": "Point", "coordinates": [ 80.2340659, 6.9700625 ] } },
{ "type": "Feature", "properties": { "name": "Bamunugama Navodya School", "amenity": "school", "addr_city": null, "osm_id": 2152922140, "osm_type": "nodes" }, "geometry": { "type": "Point", "coordinates": [ 80.5895643, 6.1217869 ] } },
{ "type": "Feature", "properties": { "name": "Hapitigam National College Of Education", "amenity": "college", "addr_city": "Mirigama", "osm_id": 8200436717, "osm_type": "nodes" }, "geometry": { "type": "Point", "coordinates": [ 80.1251407, 7.2357132 ] } },
{ "type": "Feature", "properties": { "name": "Narandeniya National School", "amenity": null, "addr_city": "Kamburupitiya", "osm_id": 9862355177, "osm_type": "nodes" }, "geometry": { "type": "Point", "coordinates": [ 80.5673737, 6.080638 ] } },
{ "type": "Feature", "properties": { "name": null, "amenity": "kindergarten", "addr_city": null, "osm_id": 9724391969, "osm_type": "nodes" }, "geometry": { "type": "Point", "coordinates": [ 80.4303526, 5.9734552 ] } },
{ "type": "Feature", "properties": { "name": "Parish Preschool", "amenity": "kindergarten", "addr_city": null, "osm_id": 4368257593, "osm_type": "nodes" }, "geometry": { "type": "Point", "coordinates": [ 80.0272746, 9.6572289 ] } },
{ "type": "Feature", "properties": { "name": "Little Chutty Montessori", "amenity": "kindergarten", "addr_city": null, "osm_id": 4370672529, "osm_type": "nodes" }, "geometry": { "type": "Point", "coordinates": [ 80.0372961, 9.6604354 ] } },
{ "type": "Feature", "properties": { "name": "Asian International School", "amenity": "school", "addr_city": "Colombo", "osm_id": 672596265, "osm_type": "nodes" }, "geometry": { "type": "Point", "coordinates": [ 79.8729767, 6.884889 ] } },
{ "type": "Feature", "properties": { "name": null, "amenity": "school", "addr_city": null, "osm_id": 3784840010, "osm_type": "nodes" }, "geometry": { "type": "Point", "coordinates": [ 80.7652195, 6.2047236 ] } },
{ "type": "Feature", "properties": { "name": "Fonseka Madam's English Class", "amenity": "school", "addr_city": null, "osm_id": 2781217036, "osm_type": "nodes" }, "geometry": { "type": "Point", "coordinates": [ 80.4570115, 7.1926411 ] } },
{ "type": "Feature", "properties": { "name": "Seethadevi Balika - Kandy", "amenity": "school", "addr_city": "Kandy", "osm_id": 4089586377, "osm_type": "nodes" }, "geometry": { "type": "Point", "coordinates": [ 80.6168677, 7.2784718 ] } },
{ "type": "Feature", "properties": { "name": "Ak/ Al - Muneera Girl's High school", "amenity": "school", "addr_city": "Addalaichchenai", "osm_id": 11399751541, "osm_type": "nodes" }, "geometry": { "type": "Point", "coordinates": [ 81.8550222, 7.2507285 ] } },
{ "type": "Feature", "properties": { "name": "Ceylinco Sussex College - Bandarawella", "amenity": "school", "addr_city": null, "osm_id": 77844735, "osm_type": "nodes" }, "geometry": { "type": "Point", "coordinates": [ 80.97719, 6.8390855 ] } },
{ "type": "Feature", "properties": { "name": "Catholic Church & School", "amenity": "school", "addr_city": null, "osm_id": 3780541984, "osm_type": "nodes" }, "geometry": { "type": "Point", "coordinates": [ 79.893715, 6.91091 ] } },
{ "type": "Feature", "properties": { "name": "Arethusa College", "amenity": "school", "addr_city": null, "osm_id": 3780541972, "osm_type": "nodes" }, "geometry": { "type": "Point", "coordinates": [ 79.86839, 6.874496 ] } },
{ "type": "Feature", "properties": { "name": "Fathima Muslim Girl's School", "amenity": "school", "addr_city": null, "osm_id": 3780541998, "osm_type": "nodes" }, "geometry": { "type": "Point", "coordinates": [ 79.86383, 6.939701 ] } },
{ "type": "Feature", "properties": { "name": "College of Indigenous Medicine", "amenity": "school", "addr_city": null, "osm_id": 3780541991, "osm_type": "nodes" }, "geometry": { "type": "Point", "coordinates": [ 79.888474, 6.911709 ] } },
{ "type": "Feature", "properties": { "name": "Clifton Balikaa Vidyalaya", "amenity": "school", "addr_city": null, "osm_id": 3780541988, "osm_type": "nodes" }, "geometry": { "type": "Point", "coordinates": [ 79.86847, 6.92718 ] } },
{ "type": "Feature", "properties": { "name": "College House", "amenity": "school", "addr_city": null, "osm_id": 3780541989, "osm_type": "nodes" }, "geometry": { "type": "Point", "coordinates": [ 79.859206, 6.90031 ] } },
{ "type": "Feature", "properties": { "name": "Elizabeth Moir Junior School", "amenity": "school", "addr_city": null, "osm_id": 3780541996, "osm_type": "nodes" }, "geometry": { "type": "Point", "coordinates": [ 79.869291, 6.886486 ] } },
{ "type": "Feature", "properties": { "name": "Jayanthi Vidyalaya", "amenity": "school", "addr_city": null, "osm_id": 3780542005, "osm_type": "nodes" }, "geometry": { "type": "Point", "coordinates": [ 79.87281, 6.944336 ] } },
{ "type": "Feature", "properties": { "name": "Maligakanda Maha Vidyalaya", "amenity": "school", "addr_city": null, "osm_id": 3780542019, "osm_type": "nodes" }, "geometry": { "type": "Point", "coordinates": [ 79.872778, 6.926515 ] } },
{ "type": "Feature", "properties": { "name": "St. Benadict College", "amenity": "school", "addr_city": null, "osm_id": 3780542050, "osm_type": "nodes" }, "geometry": { "type": "Point", "coordinates": [ 79.864967, 6.948836 ] } },
{ "type": "Feature", "properties": { "name": "St. Benedict Primery School", "amenity": "school", "addr_city": null, "osm_id": 3780542051, "osm_type": "nodes" }, "geometry": { "type": "Point", "coordinates": [ 79.864967, 6.947501 ] } },
{ "type": "Feature", "properties": { "name": "St Joseph Girls' School", "amenity": "school", "addr_city": null, "osm_id": 3780542047, "osm_type": "nodes" }, "geometry": { "type": "Point", "coordinates": [ 79.885508, 6.871621 ] } },
{ "type": "Feature", "properties": { "name": "St. Josephs Vidyalaya", "amenity": "school", "addr_city": null, "osm_id": 3780547657, "osm_type": "nodes" }, "geometry": { "type": "Point", "coordinates": [ 79.875326, 6.948552 ] } },
{ "type": "Feature", "properties": { "name": "Susamayawardana Maha Vidyalaya", "amenity": "school", "addr_city": null, "osm_id": 3780547671, "osm_type": "nodes" }, "geometry": { "type": "Point", "coordinates": [ 79.876506, 6.913362 ] } },
{ "type": "Feature", "properties": { "name": "Yasodara Balika Maha Vidyalaya", "amenity": "school", "addr_city": null, "osm_id": 3780547685, "osm_type": "nodes" }, "geometry": { "type": "Point", "coordinates": [ 79.872403, 6.916934 ] } },
{ "type": "Feature", "properties": { "name": "Wellawatta Vidyalaya", "amenity": "school", "addr_city": null, "osm_id": 3780547681, "osm_type": "nodes" }, "geometry": { "type": "Point", "coordinates": [ 79.868272, 6.880526 ] } },
{ "type": "Feature", "properties": { "name": "Mu/Arokkiyapuram Tamil Vidyalayam", "amenity": "school", "addr_city": "Akkarayankulam", "osm_id": 4112033310, "osm_type": "nodes" }, "geometry": { "type": "Point", "coordinates": [ 80.296324, 9.3111383 ] } },
{ "type": "Feature", "properties": { "name": "Nawa Madagama secondary School", "amenity": "school", "addr_city": null, "osm_id": 3636792624, "osm_type": "nodes" }, "geometry": { "type": "Point", "coordinates": [ 81.0425342, 7.5699286 ] } },
{ "type": "Feature", "properties": { "name": null, "amenity": "school", "addr_city": null, "osm_id": 11892867069, "osm_type": "nodes" }, "geometry": { "type": "Point", "coordinates": [ 80.6608297, 6.62616 ] } },
{ "type": "Feature", "properties": { "name": "Kn/Vaddakachchi Primary School", "amenity": "school", "addr_city": null, "osm_id": 4080160663, "osm_type": "nodes" }, "geometry": { "type": "Point", "coordinates": [ 80.4563553, 9.3756137 ] } },
{ "type": "Feature", "properties": { "name": null, "amenity": "school", "addr_city": null, "osm_id": 3791096961, "osm_type": "nodes" }, "geometry": { "type": "Point", "coordinates": [ 80.4049031, 8.3335663 ] } },
{ "type": "Feature", "properties": { "name": "Kn/Palai Primary School", "amenity": "school", "addr_city": null, "osm_id": 4362867303, "osm_type": "nodes" }, "geometry": { "type": "Point", "coordinates": [ 80.33115, 9.6094974 ] } },
{ "type": "Feature", "properties": { "name": "J/Kodikamam Thirunavkkarasu Central College", "amenity": "school", "addr_city": null, "osm_id": 4387362610, "osm_type": "nodes" }, "geometry": { "type": "Point", "coordinates": [ 80.219566, 9.6800955 ] } },
{ "type": "Feature", "properties": { "name": "J/Kodikamam Thrunavkukarasu Primary School", "amenity": "school", "addr_city": null, "osm_id": 4387363213, "osm_type": "nodes" }, "geometry": { "type": "Point", "coordinates": [ 80.2206348, 9.6788779 ] } },
{ "type": "Feature", "properties": { "name": "J/Nunavil West GTMS", "amenity": "school", "addr_city": null, "osm_id": 4387380132, "osm_type": "nodes" }, "geometry": { "type": "Point", "coordinates": [ 80.1368419, 9.660359 ] } },
{ "type": "Feature", "properties": { "name": "J/Kaithady Vigeswara Vidyalayam", "amenity": "school", "addr_city": null, "osm_id": 4397868909, "osm_type": "nodes" }, "geometry": { "type": "Point", "coordinates": [ 80.103349, 9.6769451 ] } },
{ "type": "Feature", "properties": { "name": "J/Meesalai Vigneswara Maha Vidyalayam", "amenity": "school", "addr_city": "Meesalai West", "osm_id": 4456186385, "osm_type": "nodes" }, "geometry": { "type": "Point", "coordinates": [ 80.1840138, 9.6780289 ] } },
{ "type": "Feature", "properties": { "name": "Puttlam Hindu Central College", "amenity": "school", "addr_city": null, "osm_id": 4466178271, "osm_type": "nodes" }, "geometry": { "type": "Point", "coordinates": [ 79.8406538, 8.0273287 ] } },
{ "type": "Feature", "properties": { "name": "Guidance International Junior School", "amenity": "school", "addr_city": null, "osm_id": 4641494127, "osm_type": "nodes" }, "geometry": { "type": "Point", "coordinates": [ 79.9457769, 6.7933167 ] } },
{ "type": "Feature", "properties": { "name": "J/Thanankillappu GTMS", "amenity": "school", "addr_city": null, "osm_id": 5831094105, "osm_type": "nodes" }, "geometry": { "type": "Point", "coordinates": [ 80.1493698, 9.6311135 ] } },
{ "type": "Feature", "properties": { "name": "Beraverts Ryl College", "amenity": "school", "addr_city": null, "osm_id": 5289859421, "osm_type": "nodes" }, "geometry": { "type": "Point", "coordinates": [ 80.6546383, 7.2803248 ] } },
{ "type": "Feature", "properties": { "name": "1st class", "amenity": "school", "addr_city": null, "osm_id": 4707684789, "osm_type": "nodes" }, "geometry": { "type": "Point", "coordinates": [ 80.6303846, 7.2904004 ] } },
{ "type": "Feature", "properties": { "name": "Niwandama Jinaraja Vidyalaya", "amenity": "school", "addr_city": null, "osm_id": 1285552379, "osm_type": "nodes" }, "geometry": { "type": "Point", "coordinates": [ 79.9293211, 7.0854319 ] } },
{ "type": "Feature", "properties": { "name": null, "amenity": "school", "addr_city": null, "osm_id": 1278007306, "osm_type": "nodes" }, "geometry": { "type": "Point", "coordinates": [ 79.8809938, 6.7821556 ] } },
{ "type": "Feature", "properties": { "name": "Vidyaraja Vidyalaya", "amenity": "school", "addr_city": null, "osm_id": 1275847253, "osm_type": "nodes" }, "geometry": { "type": "Point", "coordinates": [ 79.894563, 6.7921714 ] } },
{ "type": "Feature", "properties": { "name": "Dippitiya Muslim Maha Vidyalaya", "amenity": "school", "addr_city": null, "osm_id": 2361395602, "osm_type": "nodes" }, "geometry": { "type": "Point", "coordinates": [ 80.4560334, 7.1747178 ] } },
{ "type": "Feature", "properties": { "name": "A T I", "amenity": "school", "addr_city": null, "osm_id": 1650240695, "osm_type": "nodes" }, "geometry": { "type": "Point", "coordinates": [ 79.8881097, 6.7976656 ] } },
{ "type": "Feature", "properties": { "name": "J/Karampakam GTMS", "amenity": "school", "addr_city": null, "osm_id": 5628575622, "osm_type": "nodes" }, "geometry": { "type": "Point", "coordinates": [ 80.2573774, 9.660059 ] } },
{ "type": "Feature", "properties": { "name": "J/Chavakachcheri Skathiamman TMS", "amenity": "school", "addr_city": null, "osm_id": 5628575628, "osm_type": "nodes" }, "geometry": { "type": "Point", "coordinates": [ 80.1666783, 9.6582447 ] } },
{ "type": "Feature", "properties": { "name": "J/Chavakachcheri Hindu Primary School", "amenity": "school", "addr_city": null, "osm_id": 5628575630, "osm_type": "nodes" }, "geometry": { "type": "Point", "coordinates": [ 80.1773587, 9.6646929 ] } },
{ "type": "Feature", "properties": { "name": "J/Kaithady Nunavil GTMS", "amenity": "school", "addr_city": null, "osm_id": 5630208508, "osm_type": "nodes" }, "geometry": { "type": "Point", "coordinates": [ 80.1253871, 9.6701 ] } },
{ "type": "Feature", "properties": { "name": "J/St Mary's Vidyalayam", "amenity": "school", "addr_city": null, "osm_id": 5665036421, "osm_type": "nodes" }, "geometry": { "type": "Point", "coordinates": [ 80.0182021, 9.6625322 ] } },
{ "type": "Feature", "properties": { "name": "J/St John's College", "amenity": "school", "addr_city": null, "osm_id": 5667330459, "osm_type": "nodes" }, "geometry": { "type": "Point", "coordinates": [ 80.0265441, 9.6575333 ] } },
{ "type": "Feature", "properties": { "name": "Kn/Pallai Central College", "amenity": "school", "addr_city": "Pallai Town", "osm_id": 5678572475, "osm_type": "nodes" }, "geometry": { "type": "Point", "coordinates": [ 80.3304276, 9.610167 ] } },
{ "type": "Feature", "properties": { "name": "Kirimetiyana Buddist Girls Collage", "amenity": "school", "addr_city": null, "osm_id": 1474113443, "osm_type": "nodes" }, "geometry": { "type": "Point", "coordinates": [ 79.8846832, 7.3584342 ] } },
{ "type": "Feature", "properties": { "name": "Kn/Mugamalai RCTMS", "amenity": "school", "addr_city": null, "osm_id": 5720229223, "osm_type": "nodes" }, "geometry": { "type": "Point", "coordinates": [ 80.2952513, 9.6389524 ] } },
{ "type": "Feature", "properties": { "name": "Sabaragamuwa University of Sri Lanka", "amenity": "college", "addr_city": "Belihuloya", "osm_id": 3933558149, "osm_type": "nodes" }, "geometry": { "type": "Point", "coordinates": [ 80.7894911, 6.7135483 ] } },
{ "type": "Feature", "properties": { "name": "Technical College", "amenity": "college", "addr_city": null, "osm_id": 3771350537, "osm_type": "nodes" }, "geometry": { "type": "Point", "coordinates": [ 80.739871, 6.044558 ] } },
{ "type": "Feature", "properties": { "name": "Faculty of Engineering", "amenity": "university", "addr_city": "Hapugala", "osm_id": 3377431493, "osm_type": "nodes" }, "geometry": { "type": "Point", "coordinates": [ 80.1924712, 6.0794197 ] } },
{ "type": "Feature", "properties": { "name": "IIT School Of Computing - Spencer Building", "amenity": "university", "addr_city": null, "osm_id": 11878116013, "osm_type": "nodes" }, "geometry": { "type": "Point", "coordinates": [ 79.8536402, 6.8998031 ] } },
{ "type": "Feature", "properties": { "name": "Institute of Human Resource Advancement", "amenity": "university", "addr_city": "Colombo 07", "osm_id": 5749689413, "osm_type": "nodes" }, "geometry": { "type": "Point", "coordinates": [ 79.8646703, 6.8998834 ] } },
{ "type": "Feature", "properties": { "name": "Harcourts International School", "amenity": null, "addr_city": null, "osm_id": 3772767767, "osm_type": "nodes" }, "geometry": { "type": "Point", "coordinates": [ 79.8818585, 6.8559225 ] } },
{ "type": "Feature", "properties": { "name": null, "amenity": "kindergarten", "addr_city": null, "osm_id": 11842920971, "osm_type": "nodes" }, "geometry": { "type": "Point", "coordinates": [ 79.8640899, 6.8512628 ] } },
{ "type": "Feature", "properties": { "name": "Epitawala Vidyalaya", "amenity": "school", "addr_city": null, "osm_id": 5731990839, "osm_type": "nodes" }, "geometry": { "type": "Point", "coordinates": [ 80.2402147, 6.7436872 ] } },
{ "type": "Feature", "properties": { "name": "V/Kalnaadinakulam GTMS", "amenity": "school", "addr_city": "Kalnatinakulam", "osm_id": 5721731571, "osm_type": "nodes" }, "geometry": { "type": "Point", "coordinates": [ 80.4960667, 8.694308 ] } },
{ "type": "Feature", "properties": { "name": "Kn/Mukkompan Maha Vidyalayam", "amenity": "school", "addr_city": "Poonakaray", "osm_id": 3528958420, "osm_type": "nodes" }, "geometry": { "type": "Point", "coordinates": [ 80.268479, 9.3823491 ] } },
{ "type": "Feature", "properties": { "name": "Kn/Pallavarajankaddu GTMS", "amenity": "school", "addr_city": null, "osm_id": 5715331216, "osm_type": "nodes" }, "geometry": { "type": "Point", "coordinates": [ 80.1521478, 9.300842 ] } },
{ "type": "Feature", "properties": { "name": "Kn/Gowtharimunai GTMS", "amenity": "school", "addr_city": null, "osm_id": 5715453190, "osm_type": "nodes" }, "geometry": { "type": "Point", "coordinates": [ 80.1178617, 9.5722485 ] } },
{ "type": "Feature", "properties": { "name": "Kn/Thiruvalluvar Vidyalayam", "amenity": "school", "addr_city": "Kishnapuram", "osm_id": 5709287318, "osm_type": "nodes" }, "geometry": { "type": "Point", "coordinates": [ 80.3824293, 9.3440522 ] } },
{ "type": "Feature", "properties": { "name": "Kn/Annai Sarathathevi Vidyalayam", "amenity": "school", "addr_city": null, "osm_id": 5709332960, "osm_type": "nodes" }, "geometry": { "type": "Point", "coordinates": [ 80.3928888, 9.3504348 ] } },
{ "type": "Feature", "properties": { "name": "Mu/Othiyamalai GTMS", "amenity": "school", "addr_city": "Othiyamalai", "osm_id": 5656033304, "osm_type": "nodes" }, "geometry": { "type": "Point", "coordinates": [ 80.7054859, 9.0502335 ] } },
{ "type": "Feature", "properties": { "name": "Mu/Barathy Maha Vidyalayam", "amenity": "school", "addr_city": null, "osm_id": 4790906498, "osm_type": "nodes" }, "geometry": { "type": "Point", "coordinates": [ 80.5698193, 9.3591581 ] } },
{ "type": "Feature", "properties": { "name": "Mu/Suthanthirapuram Tamil Maha Vidyalayam", "amenity": "school", "addr_city": null, "osm_id": 4454628766, "osm_type": "nodes" }, "geometry": { "type": "Point", "coordinates": [ 80.6302698, 9.3965832 ] } },
{ "type": "Feature", "properties": { "name": "Sri Dutugemunu Vidyalaya", "amenity": "school", "addr_city": null, "osm_id": 5690128713, "osm_type": "nodes" }, "geometry": { "type": "Point", "coordinates": [ 80.197725, 8.2186766 ] } },
{ "type": "Feature", "properties": { "name": "Kalugamuwa Central College", "amenity": "school", "addr_city": null, "osm_id": 5678476950, "osm_type": "nodes" }, "geometry": { "type": "Point", "coordinates": [ 80.6042004, 7.2080536 ] } },
{ "type": "Feature", "properties": { "name": "Gemunu Primary School", "amenity": "school", "addr_city": null, "osm_id": 5675674582, "osm_type": "nodes" }, "geometry": { "type": "Point", "coordinates": [ 80.5983128, 5.9591007 ] } },
{ "type": "Feature", "properties": { "name": "J/Kokuvil Sri Ramakrishna Vidyalayam", "amenity": "school", "addr_city": "Kokuvil West (Centre)", "osm_id": 5674970401, "osm_type": "nodes" }, "geometry": { "type": "Point", "coordinates": [ 80.02068, 9.6976417 ] } },
{ "type": "Feature", "properties": { "name": "J/Kopay Saravanapavanantha Vidyalayam", "amenity": "school", "addr_city": null, "osm_id": 5667407961, "osm_type": "nodes" }, "geometry": { "type": "Point", "coordinates": [ 80.0649098, 9.7097397 ] } },
{ "type": "Feature", "properties": { "name": "J/Thunnalai North MMTMS", "amenity": "school", "addr_city": "Thumpalai", "osm_id": 5643842958, "osm_type": "nodes" }, "geometry": { "type": "Point", "coordinates": [ 80.2227438, 9.7922809 ] } },
{ "type": "Feature", "properties": { "name": "J/Vadamaradchy Central Ladies College", "amenity": "school", "addr_city": null, "osm_id": 5663564725, "osm_type": "nodes" }, "geometry": { "type": "Point", "coordinates": [ 80.2059618, 9.8053952 ] } },
{ "type": "Feature", "properties": { "name": "J/Thickam Sithivinayagar Vidyalayam", "amenity": "school", "addr_city": null, "osm_id": 5661584822, "osm_type": "nodes" }, "geometry": { "type": "Point", "coordinates": [ 80.2007844, 9.8268237 ] } },
{ "type": "Feature", "properties": { "name": "J/Alvai Ambal Vidyalayam", "amenity": "school", "addr_city": "Alvai North", "osm_id": 5661584824, "osm_type": "nodes" }, "geometry": { "type": "Point", "coordinates": [ 80.2120271, 9.820156 ] } },
{ "type": "Feature", "properties": { "name": "J/Alvai HTMS", "amenity": "school", "addr_city": "Alvai East", "osm_id": 5661584825, "osm_type": "nodes" }, "geometry": { "type": "Point", "coordinates": [ 80.2188394, 9.815386 ] } },
{ "type": "Feature", "properties": { "name": "J/Melaipuloly Saivapragasa Vidyalayam", "amenity": "school", "addr_city": "Viyaparimoolai", "osm_id": 5661584828, "osm_type": "nodes" }, "geometry": { "type": "Point", "coordinates": [ 80.223956, 9.827759 ] } },
{ "type": "Feature", "properties": { "name": "J/Alvai Srilanka Vidyasalai", "amenity": "school", "addr_city": null, "osm_id": 4511961496, "osm_type": "nodes" }, "geometry": { "type": "Point", "coordinates": [ 80.2096761, 9.8257356 ] } },
{ "type": "Feature", "properties": { "name": "J/Valvetty HTMS", "amenity": "school", "addr_city": null, "osm_id": 5658887174, "osm_type": "nodes" }, "geometry": { "type": "Point", "coordinates": [ 80.173355, 9.8158895 ] } },
{ "type": "Feature", "properties": { "name": "Mn/Erukkalampiddy East GMMS", "amenity": "school", "addr_city": null, "osm_id": 5656033296, "osm_type": "nodes" }, "geometry": { "type": "Point", "coordinates": [ 79.8854643, 9.0349282 ] } },
{ "type": "Feature", "properties": { "name": "Mn/Sirulkkandal RCTMS", "amenity": "school", "addr_city": "Sirukkandal", "osm_id": 5656033297, "osm_type": "nodes" }, "geometry": { "type": "Point", "coordinates": [ 80.0380962, 8.8185601 ] } },
{ "type": "Feature", "properties": { "name": "Mu/Oddusuddan HTMS", "amenity": "school", "addr_city": null, "osm_id": 5656033299, "osm_type": "nodes" }, "geometry": { "type": "Point", "coordinates": [ 80.6487671, 9.1521245 ] } },
{ "type": "Feature", "properties": { "name": "Mu/Alaikallupooddakulam GTMS", "amenity": "school", "addr_city": "Thanduvan", "osm_id": 5656033302, "osm_type": "nodes" }, "geometry": { "type": "Point", "coordinates": [ 80.6542605, 9.0887952 ] } },
{ "type": "Feature", "properties": { "name": "Mu/Oddusuddan Maha Vidyalayam", "amenity": "school", "addr_city": null, "osm_id": 5656033300, "osm_type": "nodes" }, "geometry": { "type": "Point", "coordinates": [ 80.6579741, 9.1630537 ] } },
{ "type": "Feature", "properties": { "name": "Mu/Mamadu Palampasi GTMS", "amenity": "school", "addr_city": "Palampasi", "osm_id": 5656033303, "osm_type": "nodes" }, "geometry": { "type": "Point", "coordinates": [ 80.6857789, 9.0802063 ] } },
{ "type": "Feature", "properties": { "name": "V/Nochchikkulamn Muththumari Vidyalayam", "amenity": "school", "addr_city": null, "osm_id": 4206361601, "osm_type": "nodes" }, "geometry": { "type": "Point", "coordinates": [ 80.5838147, 8.9540978 ] } },
{ "type": "Feature", "properties": { "name": "Rajakeeya Vidyalaya", "amenity": "school", "addr_city": null, "osm_id": 257676382, "osm_type": "nodes" }, "geometry": { "type": "Point", "coordinates": [ 80.0693193, 6.7168268 ] } },
{ "type": "Feature", "properties": { "name": "Bowalawatta Sithumina Vidyalaya", "amenity": "school", "addr_city": "Kandy", "osm_id": 4025970933, "osm_type": "nodes" }, "geometry": { "type": "Point", "coordinates": [ 80.6172726, 7.2611138 ] } },
{ "type": "Feature", "properties": { "name": "Waragoda Junior school", "amenity": "school", "addr_city": null, "osm_id": 696497073, "osm_type": "nodes" }, "geometry": { "type": "Point", "coordinates": [ 79.8853368, 6.9485708 ] } },
{ "type": "Feature", "properties": { "name": "J/Vettilaikerny RCTMS", "amenity": "school", "addr_city": "Vettilaikerny", "osm_id": 5647299292, "osm_type": "nodes" }, "geometry": { "type": "Point", "coordinates": [ 80.4668502, 9.5748267 ] } },
{ "type": "Feature", "properties": { "name": "V/Vaarudaiyar Illuppaikkulam GTMS", "amenity": "school", "addr_city": null, "osm_id": 5647299295, "osm_type": "nodes" }, "geometry": { "type": "Point", "coordinates": [ 80.4228494, 8.9136799 ] } },
{ "type": "Feature", "properties": { "name": "V/Vilaththikkulam Sithamparam Vidyalayam", "amenity": "school", "addr_city": null, "osm_id": 5647299296, "osm_type": "nodes" }, "geometry": { "type": "Point", "coordinates": [ 80.4859941, 8.864742 ] } },
{ "type": "Feature", "properties": { "name": "V/Nampankulam Sri Muthumari Amman Vidyalayam", "amenity": "school", "addr_city": null, "osm_id": 5647299298, "osm_type": "nodes" }, "geometry": { "type": "Point", "coordinates": [ 80.5197061, 8.8520086 ] } },
{ "type": "Feature", "properties": { "name": "J/Thadatheru MMTMS", "amenity": "school", "addr_city": "Puloly North", "osm_id": 5645820494, "osm_type": "nodes" }, "geometry": { "type": "Point", "coordinates": [ 80.2363547, 9.8185569 ] } },
{ "type": "Feature", "properties": { "name": "Thummodara School", "amenity": "school", "addr_city": null, "osm_id": 1137448354, "osm_type": "nodes" }, "geometry": { "type": "Point", "coordinates": [ 79.8586219, 7.3913915 ] } },
{ "type": "Feature", "properties": { "name": "J/Karanavai Maniyakaran Thoddam GTMS", "amenity": "school", "addr_city": null, "osm_id": 5641992887, "osm_type": "nodes" }, "geometry": { "type": "Point", "coordinates": [ 80.1811093, 9.7927126 ] } },
{ "type": "Feature", "properties": { "name": "J/Karaveddy Srinaratha Vidyalayam", "amenity": "school", "addr_city": null, "osm_id": 5641992891, "osm_type": "nodes" }, "geometry": { "type": "Point", "coordinates": [ 80.1974705, 9.7952407 ] } },
{ "type": "Feature", "properties": { "name": "J/Karaveddy Saraswathy Mahalir Vidyalayam", "amenity": "school", "addr_city": "Maththony", "osm_id": 5641992892, "osm_type": "nodes" }, "geometry": { "type": "Point", "coordinates": [ 80.2005661, 9.7922045 ] } },
{ "type": "Feature", "properties": { "name": "J/Karaveddy East GTMS", "amenity": "school", "addr_city": null, "osm_id": 5641992894, "osm_type": "nodes" }, "geometry": { "type": "Point", "coordinates": [ 80.202436, 9.7789322 ] } },
{ "type": "Feature", "properties": { "name": "J/Kaddaively MMTMS", "amenity": "school", "addr_city": null, "osm_id": 5641992895, "osm_type": "nodes" }, "geometry": { "type": "Point", "coordinates": [ 80.2097243, 9.7886326 ] } },
{ "type": "Feature", "properties": { "name": "Walpola Primary School", "amenity": "school", "addr_city": null, "osm_id": 4350798402, "osm_type": "nodes" }, "geometry": { "type": "Point", "coordinates": [ 80.120633, 7.117606 ] } },
{ "type": "Feature", "properties": { "name": "Walpola Maha Vidyalaya", "amenity": "school", "addr_city": null, "osm_id": 4350873092, "osm_type": "nodes" }, "geometry": { "type": "Point", "coordinates": [ 80.119493, 7.1172 ] } },
{ "type": "Feature", "properties": { "name": "J/Kaithady Kalaivani Vidyalayam", "amenity": "school", "addr_city": "Kaithady West", "osm_id": 5630208507, "osm_type": "nodes" }, "geometry": { "type": "Point", "coordinates": [ 80.0887092, 9.6838647 ] } },
{ "type": "Feature", "properties": { "name": "J/Madduvil Santhanayaki Vidyalayam", "amenity": "school", "addr_city": null, "osm_id": 5630208510, "osm_type": "nodes" }, "geometry": { "type": "Point", "coordinates": [ 80.1420461, 9.6824583 ] } },
{ "type": "Feature", "properties": { "name": "J/Navatkadu Kanapathippillai Vidyalayam", "amenity": "school", "addr_city": "Iyattalai", "osm_id": 5630208514, "osm_type": "nodes" }, "geometry": { "type": "Point", "coordinates": [ 80.2239693, 9.7045799 ] } },
{ "type": "Feature", "properties": { "name": "J/Idaikkurichi Sri Subramaninia Vidyalayam", "amenity": "school", "addr_city": "Idaikkurichchi", "osm_id": 5630208517, "osm_type": "nodes" }, "geometry": { "type": "Point", "coordinates": [ 80.232058, 9.7271551 ] } },
{ "type": "Feature", "properties": { "name": "J/Kervil GTMS", "amenity": "school", "addr_city": null, "osm_id": 5628574817, "osm_type": "nodes" }, "geometry": { "type": "Point", "coordinates": [ 80.4984969, 9.5371934 ] } },
{ "type": "Feature", "properties": { "name": "Kn/Muhavil GTMS", "amenity": "school", "addr_city": null, "osm_id": 5628574818, "osm_type": "nodes" }, "geometry": { "type": "Point", "coordinates": [ 80.4007672, 9.5889773 ] } },
{ "type": "Feature", "properties": { "name": "Kn/Soranpattu CCTMS", "amenity": "school", "addr_city": null, "osm_id": 5628574819, "osm_type": "nodes" }, "geometry": { "type": "Point", "coordinates": [ 80.3700121, 9.5693912 ] } },
{ "type": "Feature", "properties": { "name": "Kn/Allippalai CCTMS", "amenity": "school", "addr_city": null, "osm_id": 5628574820, "osm_type": "nodes" }, "geometry": { "type": "Point", "coordinates": [ 80.308219, 9.5991824 ] } },
{ "type": "Feature", "properties": { "name": "J/Vidathatpalai Kamalasini Vidyalayam", "amenity": "school", "addr_city": null, "osm_id": 5628575621, "osm_type": "nodes" }, "geometry": { "type": "Point", "coordinates": [ 80.246358, 9.6417485 ] } },
{ "type": "Feature", "properties": { "name": "J/Usan Ramanathan Maha Vidyalayam", "amenity": "school", "addr_city": null, "osm_id": 5628575623, "osm_type": "nodes" }, "geometry": { "type": "Point", "coordinates": [ 80.2431703, 9.6644276 ] } },
{ "type": "Feature", "properties": { "name": "J/Pokkady GTMS", "amenity": "school", "addr_city": null, "osm_id": 5628575625, "osm_type": "nodes" }, "geometry": { "type": "Point", "coordinates": [ 80.2299474, 9.6656082 ] } },
{ "type": "Feature", "properties": { "name": "J/Kodikamam Government Vidiyalayam", "amenity": "school", "addr_city": null, "osm_id": 5628575626, "osm_type": "nodes" }, "geometry": { "type": "Point", "coordinates": [ 80.2268131, 9.6814052 ] } },
{ "type": "Feature", "properties": { "name": "J/Allarai GTMS", "amenity": "school", "addr_city": null, "osm_id": 5628575627, "osm_type": "nodes" }, "geometry": { "type": "Point", "coordinates": [ 80.1965475, 9.6651928 ] } },
{ "type": "Feature", "properties": { "name": "J/Meesalai Kamalambikai Vidyalayam", "amenity": "school", "addr_city": null, "osm_id": 5628575631, "osm_type": "nodes" }, "geometry": { "type": "Point", "coordinates": [ 80.1845066, 9.6614979 ] } },
{ "type": "Feature", "properties": { "name": "J/Kathiripay Subramaniya Vidyalayam", "amenity": "school", "addr_city": "Thampalai", "osm_id": 5628336358, "osm_type": "nodes" }, "geometry": { "type": "Point", "coordinates": [ 80.1189366, 9.790536 ] } },
{ "type": "Feature", "properties": { "name": "J/Pathameni Ratneshwary Vidyalayam", "amenity": "school", "addr_city": null, "osm_id": 5628336359, "osm_type": "nodes" }, "geometry": { "type": "Point", "coordinates": [ 80.1172748, 9.7828986 ] } },
{ "type": "Feature", "properties": { "name": "J/Thoppu Arulnanthi Vidyalayam", "amenity": "school", "addr_city": null, "osm_id": 5628336360, "osm_type": "nodes" }, "geometry": { "type": "Point", "coordinates": [ 80.1070052, 9.7676806 ] } },
{ "type": "Feature", "properties": { "name": "J/Kuddiyapulam GTMS", "amenity": "school", "addr_city": null, "osm_id": 5628336362, "osm_type": "nodes" }, "geometry": { "type": "Point", "coordinates": [ 80.0871974, 9.7648576 ] } },
{ "type": "Feature", "properties": { "name": "J/Evenai GTMS", "amenity": "school", "addr_city": null, "osm_id": 5628336365, "osm_type": "nodes" }, "geometry": { "type": "Point", "coordinates": [ 80.0720511, 9.7560144 ] } },
{ "type": "Feature", "properties": { "name": "J/Achchuveli Saraswathi Vidyasalai", "amenity": "school", "addr_city": null, "osm_id": 1765123559, "osm_type": "nodes" }, "geometry": { "type": "Point", "coordinates": [ 80.1223198, 9.7731298 ] } },
{ "type": "Feature", "properties": { "name": "J/Vayavilan Madya Maha Vidyalayam", "amenity": "school", "addr_city": null, "osm_id": 4535923238, "osm_type": "nodes" }, "geometry": { "type": "Point", "coordinates": [ 80.0728651, 9.7754793 ] } },
{ "type": "Feature", "properties": { "name": "J/Atchelu MMTMS", "amenity": "school", "addr_city": "Atchelu", "osm_id": 5628336366, "osm_type": "nodes" }, "geometry": { "type": "Point", "coordinates": [ 80.0704033, 9.743624 ] } },
{ "type": "Feature", "properties": { "name": "J/Ealalai Srimurugan Vidyalayam", "amenity": "school", "addr_city": null, "osm_id": 5628363067, "osm_type": "nodes" }, "geometry": { "type": "Point", "coordinates": [ 80.0483301, 9.7506177 ] } },
{ "type": "Feature", "properties": { "name": "Mn/Sinnavalayankaddu GTMS", "amenity": "school", "addr_city": null, "osm_id": 4124721067, "osm_type": "nodes" }, "geometry": { "type": "Point", "coordinates": [ 80.332014, 8.9488443 ] } },
{ "type": "Feature", "properties": { "name": "Mn/Vilathikkulam GTMS", "amenity": "school", "addr_city": "Iranaiillupaikkulam", "osm_id": 5627093888, "osm_type": "nodes" }, "geometry": { "type": "Point", "coordinates": [ 80.3576675, 8.8939209 ] } },
{ "type": "Feature", "properties": { "name": "Mn/Kakaiyankulam GMTMS", "amenity": "school", "addr_city": "Iranaiiluppaikkulam", "osm_id": 5627093889, "osm_type": "nodes" }, "geometry": { "type": "Point", "coordinates": [ 80.3747368, 8.8617604 ] } },
{ "type": "Feature", "properties": { "name": "Mn/Koorai GTMS", "amenity": "school", "addr_city": "Koorai", "osm_id": 5627121937, "osm_type": "nodes" }, "geometry": { "type": "Point", "coordinates": [ 80.1711166, 9.0482938 ] } },
{ "type": "Feature", "properties": { "name": "Mn/Keerisuddan GTMS", "amenity": "school", "addr_city": "Palampiddy", "osm_id": 5627121938, "osm_type": "nodes" }, "geometry": { "type": "Point", "coordinates": [ 80.2616379, 8.9085655 ] } },
{ "type": "Feature", "properties": { "name": "J/Illavalai Convent MV", "amenity": "school", "addr_city": "Ilavalai.", "osm_id": 5625946495, "osm_type": "nodes" }, "geometry": { "type": "Point", "coordinates": [ 79.993561, 9.793958 ] } },
{ "type": "Feature", "properties": { "name": "J/Thanthai Chelva Thodakka Nilai Palli", "amenity": "school", "addr_city": "Tellippalai", "osm_id": 5625970785, "osm_type": "nodes" }, "geometry": { "type": "Point", "coordinates": [ 80.0338002, 9.7867151 ] } },
{ "type": "Feature", "properties": { "name": "J/Pandatrtuppu Hindu College", "amenity": "school", "addr_city": "Pandateruppu", "osm_id": 5625769373, "osm_type": "nodes" }, "geometry": { "type": "Point", "coordinates": [ 79.9663146, 9.770829 ] } },
{ "type": "Feature", "properties": { "name": "J/Vadaliyadaippu Saivapiragasa Vidyasalai", "amenity": "school", "addr_city": "Pandateruppu", "osm_id": 5625769374, "osm_type": "nodes" }, "geometry": { "type": "Point", "coordinates": [ 79.9683267, 9.7651953 ] } },
{ "type": "Feature", "properties": { "name": "Mu/Panangamam Poovarasankulam GTMS", "amenity": "school", "addr_city": null, "osm_id": 5623353308, "osm_type": "nodes" }, "geometry": { "type": "Point", "coordinates": [ 80.2784474, 9.1035734 ] } },
{ "type": "Feature", "properties": { "name": "Mu/Panangamam Moonrumurippu GTMS", "amenity": "school", "addr_city": null, "osm_id": 5623353309, "osm_type": "nodes" }, "geometry": { "type": "Point", "coordinates": [ 80.302436, 9.0437665 ] } },
{ "type": "Feature", "properties": { "name": "Mu/Moonrumurippu GTMS", "amenity": "school", "addr_city": null, "osm_id": 5623353310, "osm_type": "nodes" }, "geometry": { "type": "Point", "coordinates": [ 80.3488636, 8.9833261 ] } },
{ "type": "Feature", "properties": { "name": "Mu/Vinayagapuram GTMS", "amenity": "school", "addr_city": null, "osm_id": 5623328568, "osm_type": "nodes" }, "geometry": { "type": "Point", "coordinates": [ 80.2623217, 9.1084796 ] } },
{ "type": "Feature", "properties": { "name": "J/Naranthanai Ganesha Vidyalayam", "amenity": "school", "addr_city": null, "osm_id": 5617803841, "osm_type": "nodes" }, "geometry": { "type": "Point", "coordinates": [ 79.8897688, 9.6846049 ] } },
{ "type": "Feature", "properties": { "name": "J/Paruthiyadaippu Ganeshapatha Vidyalayam", "amenity": "school", "addr_city": null, "osm_id": 5617850353, "osm_type": "nodes" }, "geometry": { "type": "Point", "coordinates": [ 79.8576905, 9.7019618 ] } },
{ "type": "Feature", "properties": { "name": "J/Punguduthivu Rajeswari Vidyasalai", "amenity": "school", "addr_city": null, "osm_id": 4075459737, "osm_type": "nodes" }, "geometry": { "type": "Point", "coordinates": [ 79.8430573, 9.5710934 ] } },
{ "type": "Feature", "properties": { "name": "Mn/Parappukadanthan GTMS", "amenity": "school", "addr_city": null, "osm_id": 5614448757, "osm_type": "nodes" }, "geometry": { "type": "Point", "coordinates": [ 80.0596804, 8.9187134 ] } },
{ "type": "Feature", "properties": { "name": "Mn/Minnukkan GMMS", "amenity": "school", "addr_city": null, "osm_id": 5614448756, "osm_type": "nodes" }, "geometry": { "type": "Point", "coordinates": [ 79.9976626, 8.9544723 ] } },
{ "type": "Feature", "properties": { "name": "Mn/Palaiyadiputhukulam RCTMS", "amenity": "school", "addr_city": null, "osm_id": 5614448758, "osm_type": "nodes" }, "geometry": { "type": "Point", "coordinates": [ 80.0427786, 8.908086 ] } },
{ "type": "Feature", "properties": { "name": "Mn/Navatkulam RCTMS", "amenity": "school", "addr_city": null, "osm_id": 5614421186, "osm_type": "nodes" }, "geometry": { "type": "Point", "coordinates": [ 79.9639466, 8.9357775 ] } },
{ "type": "Feature", "properties": { "name": "Mn/Adampan RCTMS", "amenity": "school", "addr_city": null, "osm_id": 5614421188, "osm_type": "nodes" }, "geometry": { "type": "Point", "coordinates": [ 79.9980282, 8.9392787 ] } },
{ "type": "Feature", "properties": { "name": "Mn/Andankulam RCTMS", "amenity": "school", "addr_city": "Alkaddiveli", "osm_id": 4811663054, "osm_type": "nodes" }, "geometry": { "type": "Point", "coordinates": [ 80.0326166, 8.9276434 ] } },
{ "type": "Feature", "properties": { "name": "Mn/Sornapuri GMMS", "amenity": "school", "addr_city": null, "osm_id": 5614421189, "osm_type": "nodes" }, "geometry": { "type": "Point", "coordinates": [ 80.0069565, 8.9323946 ] } },
{ "type": "Feature", "properties": { "name": "Mn/Maruthonduwan Velankulam GTMS", "amenity": "school", "addr_city": null, "osm_id": 5614421190, "osm_type": "nodes" }, "geometry": { "type": "Point", "coordinates": [ 80.034267, 8.9431711 ] } },
{ "type": "Feature", "properties": { "name": "Mn/Marathy Kannaddy RCTMS", "amenity": "school", "addr_city": null, "osm_id": 5614421191, "osm_type": "nodes" }, "geometry": { "type": "Point", "coordinates": [ 80.0202515, 8.9459049 ] } },
{ "type": "Feature", "properties": { "name": "V/Katharsinnakulam MV", "amenity": "school", "addr_city": null, "osm_id": 5602512618, "osm_type": "nodes" }, "geometry": { "type": "Point", "coordinates": [ 80.5225962, 8.7769289 ] } },
{ "type": "Feature", "properties": { "name": "Mn/Thampanaikkulam GTMS", "amenity": "school", "addr_city": null, "osm_id": 3665944322, "osm_type": "nodes" }, "geometry": { "type": "Point", "coordinates": [ 80.1074658, 8.7989831 ] } },
{ "type": "Feature", "properties": { "name": "Mn/Katkidathakulam RCTMS", "amenity": "school", "addr_city": null, "osm_id": 5601834057, "osm_type": "nodes" }, "geometry": { "type": "Point", "coordinates": [ 80.0604681, 8.8242384 ] } },
{ "type": "Feature", "properties": { "name": "Mn/Maruthamadhu GTMS", "amenity": "school", "addr_city": null, "osm_id": 5601058258, "osm_type": "nodes" }, "geometry": { "type": "Point", "coordinates": [ 80.0228738, 8.7923402 ] } },
{ "type": "Feature", "properties": { "name": "Mn/Madhukkari GTMS", "amenity": "school", "addr_city": null, "osm_id": 5601087750, "osm_type": "nodes" }, "geometry": { "type": "Point", "coordinates": [ 79.9828701, 8.8010421 ] } },
{ "type": "Feature", "properties": { "name": "Mn/Marichukaddy GMMS", "amenity": "school", "addr_city": null, "osm_id": 5601032565, "osm_type": "nodes" }, "geometry": { "type": "Point", "coordinates": [ 79.9494058, 8.5938802 ] } },
{ "type": "Feature", "properties": { "name": "Mn/Palaikuli GMMS", "amenity": "school", "addr_city": null, "osm_id": 5601032566, "osm_type": "nodes" }, "geometry": { "type": "Point", "coordinates": [ 79.9522613, 8.580102 ] } },
{ "type": "Feature", "properties": { "name": "Mn/Karadikuli GMMS", "amenity": "school", "addr_city": null, "osm_id": 5601032567, "osm_type": "nodes" }, "geometry": { "type": "Point", "coordinates": [ 79.9333686, 8.5979564 ] } },
{ "type": "Feature", "properties": { "name": "D.B. Welagedara Central College", "amenity": "school", "addr_city": "Malkaduwawa", "osm_id": 5583448053, "osm_type": "nodes" }, "geometry": { "type": "Point", "coordinates": [ 80.3371006, 7.4779259 ] } },
{ "type": "Feature", "properties": { "name": null, "amenity": "school", "addr_city": null, "osm_id": 5573272529, "osm_type": "nodes" }, "geometry": { "type": "Point", "coordinates": [ 81.0456885, 6.8884001 ] } },
{ "type": "Feature", "properties": { "name": "Nuwaragalatenna Mahavidyalaya", "amenity": "school", "addr_city": null, "osm_id": 7180758168, "osm_type": "nodes" }, "geometry": { "type": "Point", "coordinates": [ 81.4975284, 7.5183416 ] } },
{ "type": "Feature", "properties": { "name": "St.Thomas College", "amenity": "school", "addr_city": null, "osm_id": 1651265548, "osm_type": "nodes" }, "geometry": { "type": "Point", "coordinates": [ 79.8997064, 6.8800909 ] } },
{ "type": "Feature", "properties": { "name": "Mu/Paranagamuvava Vidyalaya", "amenity": "school", "addr_city": null, "osm_id": 5503711446, "osm_type": "nodes" }, "geometry": { "type": "Point", "coordinates": [ 80.7720404, 8.969368 ] } },
{ "type": "Feature", "properties": { "name": "Mu/Ethawetuwewa Maha Vidyalaya", "amenity": "school", "addr_city": null, "osm_id": 5503725893, "osm_type": "nodes" }, "geometry": { "type": "Point", "coordinates": [ 80.7449191, 8.976053 ] } },
{ "type": "Feature", "properties": { "name": "Mu/Mulliyawalai Tamil Vidyalayam", "amenity": "school", "addr_city": "Mulliayawalai", "osm_id": 4124063057, "osm_type": "nodes" }, "geometry": { "type": "Point", "coordinates": [ 80.7686422, 9.2165066 ] } },
{ "type": "Feature", "properties": { "name": "Thalangama Maha Vidyalaya", "amenity": "school", "addr_city": null, "osm_id": 973582530, "osm_type": "nodes" }, "geometry": { "type": "Point", "coordinates": [ 79.9467156, 6.9136763 ] } },
{ "type": "Feature", "properties": { "name": "V/Mathiyamadhu Vevekanatha Vidyalayam", "amenity": "school", "addr_city": null, "osm_id": 3939218646, "osm_type": "nodes" }, "geometry": { "type": "Point", "coordinates": [ 80.5711031, 9.0037651 ] } },
{ "type": "Feature", "properties": { "name": "Anuruddha Balika Vidyalaya", "amenity": "school", "addr_city": null, "osm_id": 682080543, "osm_type": "nodes" }, "geometry": { "type": "Point", "coordinates": [ 79.8784098, 6.9295763 ] } },
{ "type": "Feature", "properties": { "name": "J - Kallady Roman Catholic Tamil Mixed School", "amenity": "school", "addr_city": null, "osm_id": 4406329780, "osm_type": "nodes" }, "geometry": { "type": "Point", "coordinates": [ 80.2453024, 9.826747 ] } },
{ "type": "Feature", "properties": { "name": "J - Mandaitivu Roman Catholic Tamil Mixed School", "amenity": "school", "addr_city": null, "osm_id": 4486679714, "osm_type": "nodes" }, "geometry": { "type": "Point", "coordinates": [ 79.994109, 9.6063175 ] } },
{ "type": "Feature", "properties": { "name": "J - Saravanai Sinnamadu Roman Catholic Tamil Mixed School", "amenity": "school", "addr_city": "Puliyankoodal", "osm_id": 5051954195, "osm_type": "nodes" }, "geometry": { "type": "Point", "coordinates": [ 79.8857121, 9.6605574 ] } },
{ "type": "Feature", "properties": { "name": "J - Melinchimunai Roman Catholic Tamil Mixed School", "amenity": "school", "addr_city": "Karampon", "osm_id": 5052079518, "osm_type": "nodes" }, "geometry": { "type": "Point", "coordinates": [ 79.8548614, 9.675417 ] } },
{ "type": "Feature", "properties": { "name": "J - Chavakachcheri Roman Catholic Tamil Mixed School", "amenity": "school", "addr_city": null, "osm_id": 5628575629, "osm_type": "nodes" }, "geometry": { "type": "Point", "coordinates": [ 80.1733611, 9.6572541 ] } },
{ "type": "Feature", "properties": { "name": "J - Manatkadu Roman Catholic Tamil Mixed School", "amenity": "school", "addr_city": "Manatkadu", "osm_id": 5630208520, "osm_type": "nodes" }, "geometry": { "type": "Point", "coordinates": [ 80.2751387, 9.7721706 ] } },
{ "type": "Feature", "properties": { "name": "J - Valvai Roman Catholic Tamil Mixed School", "amenity": "school", "addr_city": "Valvettithurai North East", "osm_id": 5658887168, "osm_type": "nodes" }, "geometry": { "type": "Point", "coordinates": [ 80.1709538, 9.8247994 ] } },
{ "type": "Feature", "properties": { "name": "J - Alvai North Roman Catholic Tamil Mixed School", "amenity": "school", "addr_city": "Alvai North Centre", "osm_id": 5661584823, "osm_type": "nodes" }, "geometry": { "type": "Point", "coordinates": [ 80.2107066, 9.8349243 ] } },
{ "type": "Feature", "properties": { "name": "J - Nallur Station Church of Ceylon Tamil Mixed School", "amenity": "school", "addr_city": null, "osm_id": 3536470523, "osm_type": "nodes" }, "geometry": { "type": "Point", "coordinates": [ 80.0386462, 9.6738881 ] } },
{ "type": "Feature", "properties": { "name": "J - Kokuvil Station Church of Ceylon Tamil Mixed School", "amenity": "school", "addr_city": "Kokuvil", "osm_id": 4797009245, "osm_type": "nodes" }, "geometry": { "type": "Point", "coordinates": [ 80.0154961, 9.6999873 ] } },
{ "type": "Feature", "properties": { "name": "J - Irupalai Church of Ceylon Tamil Mixed School", "amenity": "school", "addr_city": "Kopay South", "osm_id": 4810093833, "osm_type": "nodes" }, "geometry": { "type": "Point", "coordinates": [ 80.0642905, 9.6870112 ] } },
{ "type": "Feature", "properties": { "name": "J - Neerveli Church of Ceylon Tamil Mixed School", "amenity": "school", "addr_city": "Neervely South", "osm_id": 5628336361, "osm_type": "nodes" }, "geometry": { "type": "Point", "coordinates": [ 80.0777494, 9.7241925 ] } },
{ "type": "Feature", "properties": { "name": "J - Valvai American Mission Tamil Mixed School", "amenity": "school", "addr_city": null, "osm_id": 4364639590, "osm_type": "nodes" }, "geometry": { "type": "Point", "coordinates": [ 80.171101, 9.8235614 ] } },
{ "type": "Feature", "properties": { "name": "J - Amban American Mission Tamil Mixed School", "amenity": "school", "addr_city": "Kudathanai", "osm_id": 4388494132, "osm_type": "nodes" }, "geometry": { "type": "Point", "coordinates": [ 80.2727949, 9.7263606 ] } },
{ "type": "Feature", "properties": { "name": "J - Kottawattai American Mission Tamil Mixed School", "amenity": "school", "addr_city": "Polikandy South", "osm_id": 4548864205, "osm_type": "nodes" }, "geometry": { "type": "Point", "coordinates": [ 80.1832795, 9.8169296 ] } },
{ "type": "Feature", "properties": { "name": "J - Madduvil South American Mission Tamil Mixed School", "amenity": "school", "addr_city": null, "osm_id": 5630208509, "osm_type": "nodes" }, "geometry": { "type": "Point", "coordinates": [ 80.1358707, 9.6761102 ] } },
{ "type": "Feature", "properties": { "name": "J - Iyattalai American Mission Tamil Mixed School", "amenity": "school", "addr_city": "Iyattalai", "osm_id": 5630208515, "osm_type": "nodes" }, "geometry": { "type": "Point", "coordinates": [ 80.213576, 9.712597 ] } },
{ "type": "Feature", "properties": { "name": "J - Karampai American Mission Tamil Mixed School", "amenity": "school", "addr_city": null, "osm_id": 5630208518, "osm_type": "nodes" }, "geometry": { "type": "Point", "coordinates": [ 80.2360164, 9.7140073 ] } },
{ "type": "Feature", "properties": { "name": "Carmel Convent", "amenity": "school", "addr_city": null, "osm_id": 938711212, "osm_type": "nodes" }, "geometry": { "type": "Point", "coordinates": [ 79.8778552, 6.9748682 ] } },
{ "type": "Feature", "properties": { "name": "Bopitiya Rajasinghe National School", "amenity": "school", "addr_city": null, "osm_id": 3804899639, "osm_type": "nodes" }, "geometry": { "type": "Point", "coordinates": [ 80.7436228, 7.1956475 ] } },
{ "type": "Feature", "properties": { "name": "Gorokoya School", "amenity": "school", "addr_city": null, "osm_id": 4437596327, "osm_type": "nodes" }, "geometry": { "type": "Point", "coordinates": [ 80.5527787, 7.0648649 ] } },
{ "type": "Feature", "properties": { "name": "J - Thiruvadinilai S Tamil Mixed School", "amenity": "school", "addr_city": null, "osm_id": 5613318734, "osm_type": "nodes" }, "geometry": { "type": "Point", "coordinates": [ 79.9249047, 9.7633458 ] } },
{ "type": "Feature", "properties": { "name": "V/Poovarasu Primary School", "amenity": "school", "addr_city": null, "osm_id": 3932363899, "osm_type": "nodes" }, "geometry": { "type": "Point", "coordinates": [ 80.3661007, 8.7527044 ] } },
{ "type": "Feature", "properties": { "name": null, "amenity": "school", "addr_city": null, "osm_id": 4427494191, "osm_type": "nodes" }, "geometry": { "type": "Point", "coordinates": [ 81.7875598, 7.5478001 ] } },
{ "type": "Feature", "properties": { "name": "J/Kaladdy Methodist Mission Tamil Mixed School", "amenity": "school", "addr_city": null, "osm_id": 3556499269, "osm_type": "nodes" }, "geometry": { "type": "Point", "coordinates": [ 80.0166838, 9.6862208 ] } },
{ "type": "Feature", "properties": { "name": "J/Araly East AMTM School", "amenity": "school", "addr_city": null, "osm_id": 3557301409, "osm_type": "nodes" }, "geometry": { "type": "Point", "coordinates": [ 79.9546767, 9.7099609 ] } },
{ "type": "Feature", "properties": { "name": null, "amenity": "college", "addr_city": null, "osm_id": 11842924070, "osm_type": "nodes" }, "geometry": { "type": "Point", "coordinates": [ 79.8673831, 6.8419008 ] } },
{ "type": "Feature", "properties": { "name": null, "amenity": "college", "addr_city": null, "osm_id": 11842921794, "osm_type": "nodes" }, "geometry": { "type": "Point", "coordinates": [ 79.867935, 6.8492376 ] } },
{ "type": "Feature", "properties": { "name": null, "amenity": "college", "addr_city": null, "osm_id": 11842859892, "osm_type": "nodes" }, "geometry": { "type": "Point", "coordinates": [ 79.8658444, 6.8506857 ] } },
{ "type": "Feature", "properties": { "name": null, "amenity": "college", "addr_city": null, "osm_id": 11842861788, "osm_type": "nodes" }, "geometry": { "type": "Point", "coordinates": [ 79.8660181, 6.8503979 ] } },
{ "type": "Feature", "properties": { "name": null, "amenity": null, "addr_city": null, "osm_id": 3842185231, "osm_type": "nodes" }, "geometry": { "type": "Point", "coordinates": [ 80.3627592, 7.4866689 ] } },
{ "type": "Feature", "properties": { "name": "Ilavenil Pre School", "amenity": "kindergarten", "addr_city": null, "osm_id": 4322777055, "osm_type": "nodes" }, "geometry": { "type": "Point", "coordinates": [ 80.4844019, 8.7469974 ] } },
{ "type": "Feature", "properties": { "name": "J/Nayanmarkaddu Maheswari Vidyalayam", "amenity": "school", "addr_city": null, "osm_id": 3522106329, "osm_type": "nodes" }, "geometry": { "type": "Point", "coordinates": [ 80.044653, 9.6692103 ] } },
{ "type": "Feature", "properties": { "name": "Al Minhaj National School", "amenity": "school", "addr_city": "Hapugastalawa, Srilanka", "osm_id": 1834947637, "osm_type": "nodes" }, "geometry": { "type": "Point", "coordinates": [ 80.5705529, 7.0563069 ] } },
{ "type": "Feature", "properties": { "name": "An Noor Primary School", "amenity": "school", "addr_city": "hapugastalawa", "osm_id": 5623994832, "osm_type": "nodes" }, "geometry": { "type": "Point", "coordinates": [ 80.5724629, 7.0553871 ] } },
{ "type": "Feature", "properties": { "name": "Girl's High School", "amenity": "school", "addr_city": "Nuwara Eliya", "osm_id": 3393447974, "osm_type": "nodes" }, "geometry": { "type": "Point", "coordinates": [ 80.777729, 6.9720881 ] } },
{ "type": "Feature", "properties": { "name": "Nillamba Maha Vidyalaya", "amenity": "school", "addr_city": null, "osm_id": 5406840527, "osm_type": "nodes" }, "geometry": { "type": "Point", "coordinates": [ 80.6362662, 7.1915976 ] } },
{ "type": "Feature", "properties": { "name": "Legundeniya Primary School", "amenity": "school", "addr_city": null, "osm_id": 5406842202, "osm_type": "nodes" }, "geometry": { "type": "Point", "coordinates": [ 80.6145725, 7.1685837 ] } },
{ "type": "Feature", "properties": { "name": "Wewathenna Maha Vidyalaya", "amenity": "school", "addr_city": null, "osm_id": 5406842215, "osm_type": "nodes" }, "geometry": { "type": "Point", "coordinates": [ 80.5942762, 7.1658826 ] } },
{ "type": "Feature", "properties": { "name": "Naranwita Primary School", "amenity": "school", "addr_city": null, "osm_id": 5406843142, "osm_type": "nodes" }, "geometry": { "type": "Point", "coordinates": [ 80.590623, 7.1761177 ] } },
{ "type": "Feature", "properties": { "name": "Kulugammana Sri Pemarathana Maha Vidyalaya", "amenity": "school", "addr_city": null, "osm_id": 5404926528, "osm_type": "nodes" }, "geometry": { "type": "Point", "coordinates": [ 80.5939677, 7.3148726 ] } },
{ "type": "Feature", "properties": { "name": "Holy Family Convent Rajagiriya", "amenity": "school", "addr_city": null, "osm_id": 683783950, "osm_type": "nodes" }, "geometry": { "type": "Point", "coordinates": [ 79.8948303, 6.9112867 ] } },
{ "type": "Feature", "properties": { "name": "St. Anne's Convent", "amenity": "school", "addr_city": null, "osm_id": 682652654, "osm_type": "nodes" }, "geometry": { "type": "Point", "coordinates": [ 79.8580769, 6.9442744 ] } },
{ "type": "Feature", "properties": { "name": "St.Marry's College", "amenity": "school", "addr_city": null, "osm_id": 682652657, "osm_type": "nodes" }, "geometry": { "type": "Point", "coordinates": [ 79.8583558, 6.9437845 ] } },
{ "type": "Feature", "properties": { "name": "Maligakanda Maha Vidyalaya", "amenity": "school", "addr_city": null, "osm_id": 681816262, "osm_type": "nodes" }, "geometry": { "type": "Point", "coordinates": [ 79.8729488, 6.9266367 ] } },
{ "type": "Feature", "properties": { "name": "Ananda Balika Viidyalaya Maradana", "amenity": "school", "addr_city": null, "osm_id": 681871529, "osm_type": "nodes" }, "geometry": { "type": "Point", "coordinates": [ 79.869655, 6.9269456 ] } },
{ "type": "Feature", "properties": { "name": "Clifton Balika vidyalaya", "amenity": "school", "addr_city": null, "osm_id": 681977644, "osm_type": "nodes" }, "geometry": { "type": "Point", "coordinates": [ 79.868389, 6.9272438 ] } },
{ "type": "Feature", "properties": { "name": "Vidyadaya Pirivena", "amenity": "school", "addr_city": null, "osm_id": 681977660, "osm_type": "nodes" }, "geometry": { "type": "Point", "coordinates": [ 79.8694405, 6.9273503 ] } },
{ "type": "Feature", "properties": { "name": "Sangamitta balika Vidyalaya", "amenity": "school", "addr_city": null, "osm_id": 681711557, "osm_type": "nodes" }, "geometry": { "type": "Point", "coordinates": [ 79.8731312, 6.9212156 ] } },
{ "type": "Feature", "properties": { "name": "St. Josephs College", "amenity": "school", "addr_city": null, "osm_id": 654176450, "osm_type": "nodes" }, "geometry": { "type": "Point", "coordinates": [ 79.8747958, 6.9481518 ] } },
{ "type": "Feature", "properties": { "name": "All Saints College", "amenity": "school", "addr_city": null, "osm_id": 653114087, "osm_type": "nodes" }, "geometry": { "type": "Point", "coordinates": [ 79.8752903, 6.9205026 ] } },
{ "type": "Feature", "properties": { "name": "Dambagolla Sri Sumana Vidayalaya", "amenity": "school", "addr_city": null, "osm_id": 5385075816, "osm_type": "nodes" }, "geometry": { "type": "Point", "coordinates": [ 81.0144925, 7.2538899 ] } },
{ "type": "Feature", "properties": { "name": "owilikanda school ground", "amenity": "school", "addr_city": null, "osm_id": 12880936977, "osm_type": "nodes" }, "geometry": { "type": "Point", "coordinates": [ 80.5865417, 7.4571519 ] } },
{ "type": "Feature", "properties": { "name": "Walgama Gunasekara Vidyalaya", "amenity": "school", "addr_city": null, "osm_id": 2710652543, "osm_type": "nodes" }, "geometry": { "type": "Point", "coordinates": [ 79.9965536, 6.8643528 ] } },
{ "type": "Feature", "properties": { "name": "Galabawa Maha Vidyalaya", "amenity": "school", "addr_city": null, "osm_id": 3840400656, "osm_type": "nodes" }, "geometry": { "type": "Point", "coordinates": [ 80.4789413, 7.3923386 ] } },
{ "type": "Feature", "properties": { "name": "Niyandagala Kanishta Vidyalaya", "amenity": "school", "addr_city": null, "osm_id": 599742332, "osm_type": "nodes" }, "geometry": { "type": "Point", "coordinates": [ 79.9894893, 6.826409 ] } },
{ "type": "Feature", "properties": { "name": "Mu/Kiriebbanwewa Vidyalaya", "amenity": "school", "addr_city": null, "osm_id": 4604910223, "osm_type": "nodes" }, "geometry": { "type": "Point", "coordinates": [ 80.8228945, 8.9938633 ] } },
{ "type": "Feature", "properties": { "name": "T/St. FRANCIS XAVIER'S MAHA VIDYALAYAM", "amenity": "school", "addr_city": "Trincomalee", "osm_id": 10945678121, "osm_type": "nodes" }, "geometry": { "type": "Point", "coordinates": [ 81.2321288, 8.5788998 ] } },
{ "type": "Feature", "properties": { "name": "Kn/Kannagaiamman Vidyalayam", "amenity": "school", "addr_city": null, "osm_id": 4576950134, "osm_type": "nodes" }, "geometry": { "type": "Point", "coordinates": [ 80.4234374, 9.5042864 ] } },
{ "type": "Feature", "properties": { "name": null, "amenity": "school", "addr_city": null, "osm_id": 7106482906, "osm_type": "nodes" }, "geometry": { "type": "Point", "coordinates": [ 80.4770462, 5.9390416 ] } },
{ "type": "Feature", "properties": { "name": "Kn/Elephantpass GTMS", "amenity": "school", "addr_city": "Paranthan", "osm_id": 5336328530, "osm_type": "nodes" }, "geometry": { "type": "Point", "coordinates": [ 80.4164544, 9.4409644 ] } },
{ "type": "Feature", "properties": { "name": "Mayadunna Maha Vidyalaya - Atulugama", "amenity": "school", "addr_city": null, "osm_id": 2905976619, "osm_type": "nodes" }, "geometry": { "type": "Point", "coordinates": [ 80.26383, 6.9922735 ] } },
{ "type": "Feature", "properties": { "name": "Meegoda Maha Vidyalaya", "amenity": "school", "addr_city": null, "osm_id": 1788297004, "osm_type": "nodes" }, "geometry": { "type": "Point", "coordinates": [ 80.0468501, 6.8522951 ] } },
{ "type": "Feature", "properties": { "name": "Panagoda Sri Parakrama Maha Vidyalaya", "amenity": "school", "addr_city": null, "osm_id": 2741745598, "osm_type": "nodes" }, "geometry": { "type": "Point", "coordinates": [ 80.0254353, 6.8631394 ] } },
{ "type": "Feature", "properties": { "name": "peiris primary school", "amenity": "school", "addr_city": "Chilaw", "osm_id": 12879500708, "osm_type": "nodes" }, "geometry": { "type": "Point", "coordinates": [ 79.7930311, 7.5783656 ] } },
{ "type": "Feature", "properties": { "name": "Mahamathya Vidyalaya", "amenity": "school", "addr_city": "Athurugiriya", "osm_id": 864953531, "osm_type": "nodes" }, "geometry": { "type": "Point", "coordinates": [ 79.9933818, 6.874376 ] } },
{ "type": "Feature", "properties": { "name": "Kosgama Maha Vidyalaya", "amenity": "school", "addr_city": null, "osm_id": 5019111663, "osm_type": "nodes" }, "geometry": { "type": "Point", "coordinates": [ 80.1491126, 6.9410111 ] } },
{ "type": "Feature", "properties": { "name": "Batuhena Maha Vidyalaya", "amenity": "school", "addr_city": null, "osm_id": 2150017018, "osm_type": "nodes" }, "geometry": { "type": "Point", "coordinates": [ 80.3818165, 6.7394268 ] } },
{ "type": "Feature", "properties": { "name": "Sumana Balika Vidyalaya", "amenity": "school", "addr_city": null, "osm_id": 1994920153, "osm_type": "nodes" }, "geometry": { "type": "Point", "coordinates": [ 80.3921557, 6.6787438 ] } },
{ "type": "Feature", "properties": { "name": null, "amenity": "school", "addr_city": null, "osm_id": 11773439328, "osm_type": "nodes" }, "geometry": { "type": "Point", "coordinates": [ 80.3826329, 6.731871 ] } },
{ "type": "Feature", "properties": { "name": "Pussella Maha Vidyalaya", "amenity": "school", "addr_city": null, "osm_id": 2146192261, "osm_type": "nodes" }, "geometry": { "type": "Point", "coordinates": [ 80.3374261, 6.8025365 ] } },
{ "type": "Feature", "properties": { "name": "Ranjan Wijeratne Maha Vidyalaya", "amenity": "school", "addr_city": null, "osm_id": 5062915747, "osm_type": "nodes" }, "geometry": { "type": "Point", "coordinates": [ 80.27386, 6.8927355 ] } },
{ "type": "Feature", "properties": { "name": "Ruwanwella Primary School", "amenity": "school", "addr_city": null, "osm_id": 2905976582, "osm_type": "nodes" }, "geometry": { "type": "Point", "coordinates": [ 80.2547976, 7.0430234 ] } },
{ "type": "Feature", "properties": { "name": "St. Matthew's College", "amenity": "school", "addr_city": null, "osm_id": 3780547665, "osm_type": "nodes" }, "geometry": { "type": "Point", "coordinates": [ 79.877756, 6.930152 ] } },
{ "type": "Feature", "properties": { "name": "Bandaranaike Junior School", "amenity": "school", "addr_city": null, "osm_id": 3780541977, "osm_type": "nodes" }, "geometry": { "type": "Point", "coordinates": [ 79.8868193, 6.9117983 ] } },
{ "type": "Feature", "properties": { "name": "S W R D Bandaranayake School", "amenity": "school", "addr_city": "Colombo 9", "osm_id": 644607603, "osm_type": "nodes" }, "geometry": { "type": "Point", "coordinates": [ 79.8869455, 6.9118886 ] } },
{ "type": "Feature", "properties": { "name": "B J F Dhaham Pasela", "amenity": "school", "addr_city": "Colombo 9", "osm_id": 4191939363, "osm_type": "nodes" }, "geometry": { "type": "Point", "coordinates": [ 79.8876289, 6.9115265 ] } },
{ "type": "Feature", "properties": { "name": "Oxport collage Professional Studies", "amenity": "college", "addr_city": null, "osm_id": 11399762529, "osm_type": "nodes" }, "geometry": { "type": "Point", "coordinates": [ 81.8377064, 7.4036178 ] } },
{ "type": "Feature", "properties": { "name": "NOORUL HUDHA ARABIG COLLEGE", "amenity": "college", "addr_city": "pottuvil", "osm_id": 10904351705, "osm_type": "nodes" }, "geometry": { "type": "Point", "coordinates": [ 81.8295683, 6.8352815 ] } },
{ "type": "Feature", "properties": { "name": "Faculty of Science", "amenity": "college", "addr_city": "Peradeniya", "osm_id": 3813380128, "osm_type": "nodes" }, "geometry": { "type": "Point", "coordinates": [ 80.5985029, 7.2593585 ] } },
{ "type": "Feature", "properties": { "name": "Gateway Graduate School", "amenity": "college", "addr_city": null, "osm_id": 11777930024, "osm_type": "nodes" }, "geometry": { "type": "Point", "coordinates": [ 79.8822027, 6.9114052 ] } },
{ "type": "Feature", "properties": { "name": "Prince of Walse' College", "amenity": "college", "addr_city": null, "osm_id": 3751158943, "osm_type": "nodes" }, "geometry": { "type": "Point", "coordinates": [ 79.8833418, 6.7851617 ] } },
{ "type": "Feature", "properties": { "name": "Princess of wales' College", "amenity": "college", "addr_city": null, "osm_id": 3751159068, "osm_type": "nodes" }, "geometry": { "type": "Point", "coordinates": [ 79.8834355, 6.7845174 ] } },
{ "type": "Feature", "properties": { "name": "external building", "amenity": "university", "addr_city": null, "osm_id": 12880825240, "osm_type": "nodes" }, "geometry": { "type": "Point", "coordinates": [ 80.0884575, 6.8563363 ] } },
{ "type": "Feature", "properties": { "name": "Universal College Lanka (UCL)", "amenity": "university", "addr_city": "Jayawardenapura Kotte", "osm_id": 6615745070, "osm_type": "nodes" }, "geometry": { "type": "Point", "coordinates": [ 79.9044582, 6.9064714 ] } },
{ "type": "Feature", "properties": { "name": null, "amenity": null, "addr_city": null, "osm_id": 3753241740, "osm_type": "nodes" }, "geometry": { "type": "Point", "coordinates": [ 80.0740474, 6.8538289 ] } },
{ "type": "Feature", "properties": { "name": "Gangabada Sivali Vidyalaya", "amenity": null, "addr_city": null, "osm_id": 3887227688, "osm_type": "nodes" }, "geometry": { "type": "Point", "coordinates": [ 80.4072222, 6.6782486 ] } },
{ "type": "Feature", "properties": { "name": "Shalom nursery", "amenity": "kindergarten", "addr_city": "Horana", "osm_id": 3733037825, "osm_type": "nodes" }, "geometry": { "type": "Point", "coordinates": [ 80.048639, 6.720524 ] } },
{ "type": "Feature", "properties": { "name": "Lyceum Kindergarten", "amenity": "kindergarten", "addr_city": "Kohuwala", "osm_id": 1661966160, "osm_type": "nodes" }, "geometry": { "type": "Point", "coordinates": [ 79.8839711, 6.8676099 ] } },
{ "type": "Feature", "properties": { "name": "Maliththa Central College", "amenity": "school", "addr_city": null, "osm_id": 1819855544, "osm_type": "nodes" }, "geometry": { "type": "Point", "coordinates": [ 80.9889518, 6.890002 ] } },
{ "type": "Feature", "properties": { "name": "Damnada College", "amenity": "school", "addr_city": "Balapitiya", "osm_id": 3749093525, "osm_type": "nodes" }, "geometry": { "type": "Point", "coordinates": [ 80.0434834, 6.2550961 ] } },
{ "type": "Feature", "properties": { "name": "Sri Devananda College", "amenity": "school", "addr_city": "Ambalangoda", "osm_id": 3749027772, "osm_type": "nodes" }, "geometry": { "type": "Point", "coordinates": [ 80.0514236, 6.2399425 ] } },
{ "type": "Feature", "properties": { "name": "Lumbini Vidyalaya", "amenity": "school", "addr_city": "Wellawatte", "osm_id": 1877145509, "osm_type": "nodes" }, "geometry": { "type": "Point", "coordinates": [ 79.8665535, 6.8840293 ] } },
{ "type": "Feature", "properties": { "name": "OxFord", "amenity": "school", "addr_city": "Embuldeniya", "osm_id": 1651265545, "osm_type": "nodes" }, "geometry": { "type": "Point", "coordinates": [ 79.9115636, 6.8654741 ] } },
{ "type": "Feature", "properties": { "name": "Sudarshi Pre School - Gongithota", "amenity": "school", "addr_city": "Wattala", "osm_id": 3737960856, "osm_type": "nodes" }, "geometry": { "type": "Point", "coordinates": [ 79.9077104, 7.0022163 ] } },
{ "type": "Feature", "properties": { "name": "Ceylinco Sussex College - Galle", "amenity": "school", "addr_city": null, "osm_id": 91029264, "osm_type": "nodes" }, "geometry": { "type": "Point", "coordinates": [ 80.2043969, 6.0562827 ] } },
{ "type": "Feature", "properties": { "name": "Rathambale Primary School", "amenity": "school", "addr_city": null, "osm_id": 4352150289, "osm_type": "nodes" }, "geometry": { "type": "Point", "coordinates": [ 80.142682, 7.072313 ] } },
{ "type": "Feature", "properties": { "name": "Kayo School of Japanese", "amenity": "school", "addr_city": null, "osm_id": 7831020068, "osm_type": "nodes" }, "geometry": { "type": "Point", "coordinates": [ 79.8606953, 6.8953745 ] } },
{ "type": "Feature", "properties": { "name": "Buwanekaba Vidyalaya", "amenity": "school", "addr_city": "Maharagama", "osm_id": 619923261, "osm_type": "nodes" }, "geometry": { "type": "Point", "coordinates": [ 79.9249391, 6.8488433 ] } },
{ "type": "Feature", "properties": { "name": "Mayadunna Maha Vidyalaya", "amenity": "school", "addr_city": "Hanwella", "osm_id": 1843502798, "osm_type": "nodes" }, "geometry": { "type": "Point", "coordinates": [ 80.0834559, 6.9079564 ] } },
{ "type": "Feature", "properties": { "name": "Somadevi Girls School", "amenity": "school", "addr_city": null, "osm_id": 4962948825, "osm_type": "nodes" }, "geometry": { "type": "Point", "coordinates": [ 79.9151888, 6.9360606 ] } },
{ "type": "Feature", "properties": { "name": "Mu/Amathipuram Tamil Vidyalayam", "amenity": "school", "addr_city": null, "osm_id": 4112036305, "osm_type": "nodes" }, "geometry": { "type": "Point", "coordinates": [ 80.3328879, 9.3105137 ] } },
{ "type": "Feature", "properties": { "name": "Kn/Poonakary Nallur Maha Vidyalayam", "amenity": "school", "addr_city": null, "osm_id": 4178035723, "osm_type": "nodes" }, "geometry": { "type": "Point", "coordinates": [ 80.2589907, 9.4586622 ] } },
{ "type": "Feature", "properties": { "name": "Koswatta School", "amenity": "school", "addr_city": null, "osm_id": 1477742949, "osm_type": "nodes" }, "geometry": { "type": "Point", "coordinates": [ 79.8983071, 7.373702 ] } },
{ "type": "Feature", "properties": { "name": "Dehiattakandiya National School", "amenity": "school", "addr_city": null, "osm_id": 1974728766, "osm_type": "nodes" }, "geometry": { "type": "Point", "coordinates": [ 81.0481177, 7.6680592 ] } },
{ "type": "Feature", "properties": { "name": "Mn/Chilawathurai GMMS", "amenity": "school", "addr_city": null, "osm_id": 5601058254, "osm_type": "nodes" }, "geometry": { "type": "Point", "coordinates": [ 79.9524038, 8.7475928 ] } },
{ "type": "Feature", "properties": { "name": "Dammissara National School", "amenity": "school", "addr_city": "Nattandiya", "osm_id": 1480054175, "osm_type": "nodes" }, "geometry": { "type": "Point", "coordinates": [ 79.8580517, 7.4112541 ] } },
{ "type": "Feature", "properties": { "name": "Owilikanda Primary School", "amenity": "school", "addr_city": null, "osm_id": 5219301114, "osm_type": "nodes" }, "geometry": { "type": "Point", "coordinates": [ 80.5867633, 7.4579566 ] } },
{ "type": "Feature", "properties": { "name": "Mu/Panikkankulam GTMS", "amenity": "school", "addr_city": null, "osm_id": 5206711355, "osm_type": "nodes" }, "geometry": { "type": "Point", "coordinates": [ 80.4288087, 9.1787053 ] } },
{ "type": "Feature", "properties": { "name": "Galle/Shariputhra Maha Vidyalaya.", "amenity": "school", "addr_city": null, "osm_id": 7777821031, "osm_type": "nodes" }, "geometry": { "type": "Point", "coordinates": [ 80.3598444, 6.3070434 ] } },
{ "type": "Feature", "properties": { "name": "J/Karanavai Ponnampalam Vidyalayam", "amenity": "school", "addr_city": "Karaveddy", "osm_id": 4406357602, "osm_type": "nodes" }, "geometry": { "type": "Point", "coordinates": [ 80.185804, 9.7987458 ] } },
{ "type": "Feature", "properties": { "name": "Nawana Maha Vidyalaya", "amenity": null, "addr_city": null, "osm_id": 3731546540, "osm_type": "nodes" }, "geometry": { "type": "Point", "coordinates": [ 80.0952932, 7.2716974 ] } },
{ "type": "Feature", "properties": { "name": "Hilburn International College", "amenity": null, "addr_city": "Avissawella", "osm_id": 3718201811, "osm_type": "nodes" }, "geometry": { "type": "Point", "coordinates": [ 80.214356, 6.9377934 ] } },
{ "type": "Feature", "properties": { "name": "Dodangaslanda Central College", "amenity": null, "addr_city": "Dodangaslanda", "osm_id": 3706360491, "osm_type": "nodes" }, "geometry": { "type": "Point", "coordinates": [ 80.5327005, 7.5683164 ] } },
{ "type": "Feature", "properties": { "name": "St.Mary's School", "amenity": null, "addr_city": "Uswetakeiyawa", "osm_id": 3679734949, "osm_type": "nodes" }, "geometry": { "type": "Point", "coordinates": [ 79.8595118, 7.0426113 ] } },
{ "type": "Feature", "properties": { "name": "Shariputhra Vidyalaya", "amenity": null, "addr_city": "Dummalasuriya", "osm_id": 3664400610, "osm_type": "nodes" }, "geometry": { "type": "Point", "coordinates": [ 79.9174368, 7.4993374 ] } },
{ "type": "Feature", "properties": { "name": "St.Sebastian Primary School", "amenity": null, "addr_city": "Katuneriya", "osm_id": 3658555385, "osm_type": "nodes" }, "geometry": { "type": "Point", "coordinates": [ 79.8329155, 7.3648959 ] } },
{ "type": "Feature", "properties": { "name": "Kamburupitiya Maha Vidyalaya", "amenity": null, "addr_city": null, "osm_id": 3253172823, "osm_type": "nodes" }, "geometry": { "type": "Point", "coordinates": [ 80.5651533, 6.0799315 ] } },
{ "type": "Feature", "properties": { "name": "Pamela de silva", "amenity": "kindergarten", "addr_city": null, "osm_id": 10254715927, "osm_type": "nodes" }, "geometry": { "type": "Point", "coordinates": [ 79.8659943, 6.8749875 ] } },
{ "type": "Feature", "properties": { "name": null, "amenity": "kindergarten", "addr_city": null, "osm_id": 10880109505, "osm_type": "nodes" }, "geometry": { "type": "Point", "coordinates": [ 80.4145176, 8.3320122 ] } },
{ "type": "Feature", "properties": { "name": null, "amenity": "kindergarten", "addr_city": null, "osm_id": 10880109605, "osm_type": "nodes" }, "geometry": { "type": "Point", "coordinates": [ 80.4165144, 8.3336519 ] } },
{ "type": "Feature", "properties": { "name": "Rajasingha Maha Vidyalaya", "amenity": "school", "addr_city": null, "osm_id": 3780542020, "osm_type": "nodes" }, "geometry": { "type": "Point", "coordinates": [ 79.877949, 6.941358 ] } },
{ "type": "Feature", "properties": { "name": null, "amenity": "school", "addr_city": null, "osm_id": 2348968595, "osm_type": "nodes" }, "geometry": { "type": "Point", "coordinates": [ 79.9552343, 6.7072053 ] } },
{ "type": "Feature", "properties": { "name": "Mallika Maha Vidyalaya.", "amenity": "school", "addr_city": null, "osm_id": 7781410223, "osm_type": "nodes" }, "geometry": { "type": "Point", "coordinates": [ 80.3174092, 6.3102399 ] } },
{ "type": "Feature", "properties": { "name": "Dippitiya muslim maha vidyalaya ground", "amenity": "school", "addr_city": null, "osm_id": 11699344056, "osm_type": "nodes" }, "geometry": { "type": "Point", "coordinates": [ 80.4572661, 7.1751512 ] } },
{ "type": "Feature", "properties": { "name": "Dippitiya School Ground", "amenity": "school", "addr_city": null, "osm_id": 11699356469, "osm_type": "nodes" }, "geometry": { "type": "Point", "coordinates": [ 80.4587965, 7.1752467 ] } },
{ "type": "Feature", "properties": { "name": "Kithulgolla Kanishta Vidyalaya", "amenity": "school", "addr_city": null, "osm_id": 5179401054, "osm_type": "nodes" }, "geometry": { "type": "Point", "coordinates": [ 80.5590673, 7.4324679 ] } },
{ "type": "Feature", "properties": { "name": "Udagama Devananda Vidyalaya", "amenity": "school", "addr_city": null, "osm_id": 5179415561, "osm_type": "nodes" }, "geometry": { "type": "Point", "coordinates": [ 80.5673241, 7.4242955 ] } },
{ "type": "Feature", "properties": { "name": "Mu/Kalaimagal Vidyalayam", "amenity": "school", "addr_city": null, "osm_id": 4124063388, "osm_type": "nodes" }, "geometry": { "type": "Point", "coordinates": [ 80.7679138, 9.2213071 ] } },
{ "type": "Feature", "properties": { "name": "Primary School", "amenity": "school", "addr_city": null, "osm_id": 2610365256, "osm_type": "nodes" }, "geometry": { "type": "Point", "coordinates": [ 80.6847509, 5.9832793 ] } },
{ "type": "Feature", "properties": { "name": "Primary School", "amenity": "school", "addr_city": null, "osm_id": 2610365257, "osm_type": "nodes" }, "geometry": { "type": "Point", "coordinates": [ 80.6828887, 6.0108659 ] } },
{ "type": "Feature", "properties": { "name": "Primary School", "amenity": "school", "addr_city": null, "osm_id": 2610365258, "osm_type": "nodes" }, "geometry": { "type": "Point", "coordinates": [ 80.6876501, 6.0256344 ] } },
{ "type": "Feature", "properties": { "name": "Mahanama Vidyalaya", "amenity": "school", "addr_city": "Panadura", "osm_id": 4491745873, "osm_type": "nodes" }, "geometry": { "type": "Point", "coordinates": [ 79.9030856, 6.7279846 ] } },
{ "type": "Feature", "properties": { "name": "Ankumbura Parakrama Central College. (National School)", "amenity": "school", "addr_city": null, "osm_id": 5160535660, "osm_type": "nodes" }, "geometry": { "type": "Point", "coordinates": [ 80.5731649, 7.4382685 ] } },
{ "type": "Feature", "properties": { "name": "Pothupitiya Maha vidyalaya", "amenity": "school", "addr_city": null, "osm_id": 5154653360, "osm_type": "nodes" }, "geometry": { "type": "Point", "coordinates": [ 80.517844, 6.424193 ] } },
{ "type": "Feature", "properties": { "name": "Vijepura School", "amenity": "school", "addr_city": null, "osm_id": 3634968142, "osm_type": "nodes" }, "geometry": { "type": "Point", "coordinates": [ 81.0179299, 7.6529142 ] } },
{ "type": "Feature", "properties": { "name": "Lihiniyagama school", "amenity": "school", "addr_city": null, "osm_id": 3609266409, "osm_type": "nodes" }, "geometry": { "type": "Point", "coordinates": [ 81.0271624, 7.6326431 ] } },
{ "type": "Feature", "properties": { "name": "Polommaruwa Model School", "amenity": "school", "addr_city": null, "osm_id": 3200328739, "osm_type": "nodes" }, "geometry": { "type": "Point", "coordinates": [ 80.7833459, 6.0318277 ] } },
{ "type": "Feature", "properties": { "name": "Ruhunu Vijayaba College", "amenity": "school", "addr_city": null, "osm_id": 3200334557, "osm_type": "nodes" }, "geometry": { "type": "Point", "coordinates": [ 80.7734789, 6.0335986 ] } },
{ "type": "Feature", "properties": { "name": "Urubokka Governtmant School", "amenity": "school", "addr_city": null, "osm_id": 3633693451, "osm_type": "nodes" }, "geometry": { "type": "Point", "coordinates": [ 80.6351356, 6.2916888 ] } },
{ "type": "Feature", "properties": { "name": "Galle/Gallandala Kanishta Vidyalaya,Gallandala", "amenity": "school", "addr_city": null, "osm_id": 7777240620, "osm_type": "nodes" }, "geometry": { "type": "Point", "coordinates": [ 80.3315565, 6.238274 ] } },
{ "type": "Feature", "properties": { "name": "Piyarathana Vidyalaya", "amenity": "school", "addr_city": null, "osm_id": 7775853549, "osm_type": "nodes" }, "geometry": { "type": "Point", "coordinates": [ 80.2159915, 6.3663013 ] } },
{ "type": "Feature", "properties": { "name": "Sulthanagoda Maha Vidyalaya", "amenity": "school", "addr_city": null, "osm_id": 3621158893, "osm_type": "nodes" }, "geometry": { "type": "Point", "coordinates": [ 80.4955612, 5.9819953 ] } },
{ "type": "Feature", "properties": { "name": "Rattota Hindu Maha Vidyalaya", "amenity": "school", "addr_city": "Rattota", "osm_id": 5124025380, "osm_type": "nodes" }, "geometry": { "type": "Point", "coordinates": [ 80.6765403, 7.5207555 ] } },
{ "type": "Feature", "properties": { "name": "Shyamala School of Art", "amenity": "school", "addr_city": null, "osm_id": 7773244492, "osm_type": "nodes" }, "geometry": { "type": "Point", "coordinates": [ 79.8661819, 6.8905561 ] } },
{ "type": "Feature", "properties": { "name": "Vidyaloka Maha Vidyalaya", "amenity": "school", "addr_city": null, "osm_id": 5112399236, "osm_type": "nodes" }, "geometry": { "type": "Point", "coordinates": [ 80.0737411, 7.1394259 ] } },
{ "type": "Feature", "properties": { "name": "Centre for Banking Studies", "amenity": "college", "addr_city": "Rajagiriya", "osm_id": 2578262825, "osm_type": "nodes" }, "geometry": { "type": "Point", "coordinates": [ 79.8920057, 6.9083251 ] } },
{ "type": "Feature", "properties": { "name": "Thigma Education Center,Opatha.", "amenity": "college", "addr_city": null, "osm_id": 7777690003, "osm_type": "nodes" }, "geometry": { "type": "Point", "coordinates": [ 80.4131885, 6.2672744 ] } },
{ "type": "Feature", "properties": { "name": "Thondar Thirunavukkarasu Pre-School", "amenity": "kindergarten", "addr_city": null, "osm_id": 3519889678, "osm_type": "nodes" }, "geometry": { "type": "Point", "coordinates": [ 79.8244302, 9.5817528 ] } },
{ "type": "Feature", "properties": { "name": "Kindsdom Preschool Colombo", "amenity": "kindergarten", "addr_city": "Nugegoda", "osm_id": 6632965114, "osm_type": "nodes" }, "geometry": { "type": "Point", "coordinates": [ 79.894446, 6.8753287 ] } },
{ "type": "Feature", "properties": { "name": "Kaithady North Kalaimakal Pre School", "amenity": "kindergarten", "addr_city": null, "osm_id": 3540504265, "osm_type": "nodes" }, "geometry": { "type": "Point", "coordinates": [ 80.1035252, 9.6955195 ] } },
{ "type": "Feature", "properties": { "name": "Kaithady North Ambiga Pre School", "amenity": "kindergarten", "addr_city": null, "osm_id": 3540517288, "osm_type": "nodes" }, "geometry": { "type": "Point", "coordinates": [ 80.1068109, 9.6923019 ] } },
{ "type": "Feature", "properties": { "name": "Majorie De Alwis School", "amenity": "kindergarten", "addr_city": "Gamsabha Junction", "osm_id": 1694062107, "osm_type": "nodes" }, "geometry": { "type": "Point", "coordinates": [ 79.8974203, 6.8645393 ] } },
{ "type": "Feature", "properties": { "name": "kids Nursary", "amenity": "kindergarten", "addr_city": null, "osm_id": 3491331705, "osm_type": "nodes" }, "geometry": { "type": "Point", "coordinates": [ 79.9712378, 6.9137482 ] } },
{ "type": "Feature", "properties": { "name": "Kn/Tharmapuram Central College", "amenity": "school", "addr_city": "Tharmapuram", "osm_id": 4080120666, "osm_type": "nodes" }, "geometry": { "type": "Point", "coordinates": [ 80.5215406, 9.4090429 ] } },
{ "type": "Feature", "properties": { "name": "Algama Central College", "amenity": "school", "addr_city": null, "osm_id": 5080663569, "osm_type": "nodes" }, "geometry": { "type": "Point", "coordinates": [ 80.1642487, 7.155142 ] } },
{ "type": "Feature", "properties": { "name": "J/Sanguvely GTMS", "amenity": "school", "addr_city": "Sanguvely", "osm_id": 5059378917, "osm_type": "nodes" }, "geometry": { "type": "Point", "coordinates": [ 80.0030326, 9.7356764 ] } },
{ "type": "Feature", "properties": { "name": "J/Kulamangal R.C Vidyalayam", "amenity": "school", "addr_city": "Mallakam North", "osm_id": 5059336847, "osm_type": "nodes" }, "geometry": { "type": "Point", "coordinates": [ 80.0235262, 9.7693456 ] } },
{ "type": "Feature", "properties": { "name": "J/Arunodaya College", "amenity": "school", "addr_city": "Thanthai Chelvapuram", "osm_id": 5059336849, "osm_type": "nodes" }, "geometry": { "type": "Point", "coordinates": [ 80.0061983, 9.7689801 ] } },
{ "type": "Feature", "properties": { "name": "J/Alaveddy Arunasalam Vidyalayam", "amenity": "school", "addr_city": null, "osm_id": 4520419335, "osm_type": "nodes" }, "geometry": { "type": "Point", "coordinates": [ 80.0022446, 9.7645825 ] } },
{ "type": "Feature", "properties": { "name": "J/Sangarathai Sinnamah Vidyasalai", "amenity": "school", "addr_city": null, "osm_id": 5057443066, "osm_type": "nodes" }, "geometry": { "type": "Point", "coordinates": [ 79.9645258, 9.7337016 ] } },
{ "type": "Feature", "properties": { "name": "J/Chankanai Sivapragasa Maha Vidyalayam", "amenity": "school", "addr_city": null, "osm_id": 5057443068, "osm_type": "nodes" }, "geometry": { "type": "Point", "coordinates": [ 79.977236, 9.7500815 ] } },
{ "type": "Feature", "properties": { "name": "J/Chankanai East Vigneswara Vidyasalai", "amenity": "school", "addr_city": "Piranpattai", "osm_id": 5057455845, "osm_type": "nodes" }, "geometry": { "type": "Point", "coordinates": [ 79.9728622, 9.7599532 ] } },
{ "type": "Feature", "properties": { "name": "J/Chulipuram Aikiya Sanga Saiva Vidyasalai", "amenity": "school", "addr_city": "Chulipuram Centre", "osm_id": 5056879481, "osm_type": "nodes" }, "geometry": { "type": "Point", "coordinates": [ 79.9384787, 9.7623865 ] } },
{ "type": "Feature", "properties": { "name": "J/Chulipuram North Arumuga Vidyalayam", "amenity": "school", "addr_city": "Chulipuram East", "osm_id": 5056879483, "osm_type": "nodes" }, "geometry": { "type": "Point", "coordinates": [ 79.9483096, 9.7703661 ] } },
{ "type": "Feature", "properties": { "name": "J/Sathanantha Vidyalayam", "amenity": "school", "addr_city": "Alaveddy Centre", "osm_id": 5056879493, "osm_type": "nodes" }, "geometry": { "type": "Point", "coordinates": [ 80.011188, 9.7730292 ] } },
{ "type": "Feature", "properties": { "name": "Mathagal Vigneswara Vidyalayam", "amenity": "school", "addr_city": "Mathagal", "osm_id": 5056879486, "osm_type": "nodes" }, "geometry": { "type": "Point", "coordinates": [ 79.9656181, 9.7910982 ] } },
{ "type": "Feature", "properties": { "name": "St Francis Xavier college", "amenity": "school", "addr_city": null, "osm_id": 11175760945, "osm_type": "nodes" }, "geometry": { "type": "Point", "coordinates": [ 79.8308695, 7.4152034 ] } },
{ "type": "Feature", "properties": { "name": "J/Veerappiddy Ganesha Vidyalayam", "amenity": "school", "addr_city": "Karainagar South West", "osm_id": 5052503441, "osm_type": "nodes" }, "geometry": { "type": "Point", "coordinates": [ 79.8625998, 9.731868 ] } },
{ "type": "Feature", "properties": { "name": "J/Karai Meigandan Vidyalayam", "amenity": "school", "addr_city": "Karainagar Centre", "osm_id": 5052503442, "osm_type": "nodes" }, "geometry": { "type": "Point", "coordinates": [ 79.8751586, 9.7498171 ] } },
{ "type": "Feature", "properties": { "name": "J/Valanthalai North A.M.T.M Vidyalayam", "amenity": "school", "addr_city": null, "osm_id": 5052503443, "osm_type": "nodes" }, "geometry": { "type": "Point", "coordinates": [ 79.8884814, 9.7492902 ] } },
{ "type": "Feature", "properties": { "name": "J/Thampasiddy MMTMS", "amenity": "school", "addr_city": "Puloly South", "osm_id": 4511681917, "osm_type": "nodes" }, "geometry": { "type": "Point", "coordinates": [ 80.224901, 9.8205343 ] } },
{ "type": "Feature", "properties": { "name": "J/Delft Mavilithurai R.C.T.M Vidyalayam", "amenity": "school", "addr_city": "Delft East", "osm_id": 5052079823, "osm_type": "nodes" }, "geometry": { "type": "Point", "coordinates": [ 79.7169828, 9.5274069 ] } },
{ "type": "Feature", "properties": { "name": "J/Delft MV", "amenity": "school", "addr_city": "Delft Centre", "osm_id": 5052079825, "osm_type": "nodes" }, "geometry": { "type": "Point", "coordinates": [ 79.7073495, 9.5273028 ] } },
{ "type": "Feature", "properties": { "name": "J/Nainativu Sri Ganesha Kanista M.V", "amenity": "school", "addr_city": null, "osm_id": 3544827993, "osm_type": "nodes" }, "geometry": { "type": "Point", "coordinates": [ 79.7718102, 9.5961652 ] } },
{ "type": "Feature", "properties": { "name": "J/Nainativu M.V", "amenity": "school", "addr_city": "Nainativu Centre", "osm_id": 3544868077, "osm_type": "nodes" }, "geometry": { "type": "Point", "coordinates": [ 79.7708634, 9.6068178 ] } },
{ "type": "Feature", "properties": { "name": "J/Velanai West Nadarajah Vidiyalayam", "amenity": "school", "addr_city": null, "osm_id": 5051954196, "osm_type": "nodes" }, "geometry": { "type": "Point", "coordinates": [ 79.8814009, 9.6478168 ] } },
{ "type": "Feature", "properties": { "name": "J/Kayts St.Marys R.C Girls Vidayalaym", "amenity": "school", "addr_city": "Naranthanai", "osm_id": 5051954201, "osm_type": "nodes" }, "geometry": { "type": "Point", "coordinates": [ 79.8633297, 9.6992123 ] } },
{ "type": "Feature", "properties": { "name": "J/Garthigesu Vidyalayam", "amenity": "school", "addr_city": null, "osm_id": 5051038409, "osm_type": "nodes" }, "geometry": { "type": "Point", "coordinates": [ 79.9983097, 9.608712 ] } },
{ "type": "Feature", "properties": { "name": "President's College (Primary Section)", "amenity": "school", "addr_city": "Wijerama", "osm_id": 2099315134, "osm_type": "nodes" }, "geometry": { "type": "Point", "coordinates": [ 79.909678, 6.856095 ] } },
{ "type": "Feature", "properties": { "name": "sampoor maha vidyalaya ground", "amenity": "school", "addr_city": null, "osm_id": 10156122091, "osm_type": "nodes" }, "geometry": { "type": "Point", "coordinates": [ 81.2921811, 8.4886236 ] } },
{ "type": "Feature", "properties": { "name": "Dharamwickrama girls college", "amenity": "school", "addr_city": "Kandy", "osm_id": 4089683556, "osm_type": "nodes" }, "geometry": { "type": "Point", "coordinates": [ 80.6222768, 7.2828133 ] } },
{ "type": "Feature", "properties": { "name": "J/Puguduthivu Sri Subramaniya Ladies School", "amenity": "school", "addr_city": null, "osm_id": 3519883218, "osm_type": "nodes" }, "geometry": { "type": "Point", "coordinates": [ 79.82346, 9.5835562 ] } },
{ "type": "Feature", "properties": { "name": "J/Pungudutivu Sir Thuraisamy Vidyalayam", "amenity": "school", "addr_city": null, "osm_id": 3522192008, "osm_type": "nodes" }, "geometry": { "type": "Point", "coordinates": [ 79.8213132, 9.5950982 ] } },
{ "type": "Feature", "properties": { "name": "J/Punguduthivu Kamalambigai Kansida Maha Vidyalayam", "amenity": "school", "addr_city": null, "osm_id": 3522197003, "osm_type": "nodes" }, "geometry": { "type": "Point", "coordinates": [ 79.8545994, 9.599179 ] } },
{ "type": "Feature", "properties": { "name": "J/Punguduthivu West American Mission Tamil Mixed Vidyalayam", "amenity": "school", "addr_city": null, "osm_id": 3522199982, "osm_type": "nodes" }, "geometry": { "type": "Point", "coordinates": [ 79.8247786, 9.5816471 ] } },
{ "type": "Feature", "properties": { "name": "J/Punguduthivu Sri Ganesha Maha Vidyalayam", "amenity": "school", "addr_city": null, "osm_id": 3519934703, "osm_type": "nodes" }, "geometry": { "type": "Point", "coordinates": [ 79.8420904, 9.5825512 ] } },
{ "type": "Feature", "properties": { "name": "Gateway Kids School", "amenity": "school", "addr_city": "Jayawardhanapura Kotte", "osm_id": 6631008172, "osm_type": "nodes" }, "geometry": { "type": "Point", "coordinates": [ 79.8907619, 6.8766726 ] } },
{ "type": "Feature", "properties": { "name": "J/Pannagam Meyhandan Maha Vidyalayam", "amenity": "school", "addr_city": null, "osm_id": 5020556191, "osm_type": "nodes" }, "geometry": { "type": "Point", "coordinates": [ 79.9505893, 9.7585955 ] } },
{ "type": "Feature", "properties": { "name": null, "amenity": "school", "addr_city": null, "osm_id": 11648503036, "osm_type": "nodes" }, "geometry": { "type": "Point", "coordinates": [ 80.5964078, 6.8892847 ] } },
{ "type": "Feature", "properties": { "name": "Al-Hidaya Vidyalaya", "amenity": "school", "addr_city": null, "osm_id": 3191711400, "osm_type": "nodes" }, "geometry": { "type": "Point", "coordinates": [ 79.8634898, 6.933914 ] } },
{ "type": "Feature", "properties": { "name": null, "amenity": "school", "addr_city": null, "osm_id": 12843190591, "osm_type": "nodes" }, "geometry": { "type": "Point", "coordinates": [ 81.1095548, 6.7093023 ] } },
{ "type": "Feature", "properties": { "name": "Somaweera Chandrasiri Junior School", "amenity": "school", "addr_city": "Piliyandala", "osm_id": 256542591, "osm_type": "nodes" }, "geometry": { "type": "Point", "coordinates": [ 79.9230047, 6.8033559 ] } },
{ "type": "Feature", "properties": { "name": "Dharga Town National College Of Education", "amenity": "school", "addr_city": "Dharga Town", "osm_id": 7905128490, "osm_type": "nodes" }, "geometry": { "type": "Point", "coordinates": [ 80.011859, 6.444633 ] } },
{ "type": "Feature", "properties": { "name": "Thumbulla Maha Vidyalaya", "amenity": "school", "addr_city": "Nikaweratiya", "osm_id": 7896217265, "osm_type": "nodes" }, "geometry": { "type": "Point", "coordinates": [ 80.100099, 7.788348 ] } },
{ "type": "Feature", "properties": { "name": "Kamburugamuwa Maha Vidyalaya", "amenity": "school", "addr_city": "Kamburugamuwa", "osm_id": 7905128492, "osm_type": "nodes" }, "geometry": { "type": "Point", "coordinates": [ 80.494334, 5.943437 ] } },
{ "type": "Feature", "properties": { "name": "Ehelape M.V", "amenity": "school", "addr_city": null, "osm_id": 4059277834, "osm_type": "nodes" }, "geometry": { "type": "Point", "coordinates": [ 80.4191297, 6.1477497 ] } },
{ "type": "Feature", "properties": { "name": "International French School of Colombo", "amenity": "school", "addr_city": "Colombo", "osm_id": 2454937479, "osm_type": "nodes" }, "geometry": { "type": "Point", "coordinates": [ 79.8656053, 6.8945318 ] } },
{ "type": "Feature", "properties": { "name": "Dharmapala College", "amenity": "school", "addr_city": "Rathnapura", "osm_id": 2920749704, "osm_type": "nodes" }, "geometry": { "type": "Point", "coordinates": [ 80.4003024, 6.681398 ] } },
{ "type": "Feature", "properties": { "name": "Ananda Samarakoon Vidyalaya", "amenity": "school", "addr_city": "Thumbowila", "osm_id": 1272998531, "osm_type": "nodes" }, "geometry": { "type": "Point", "coordinates": [ 79.908994, 6.8069133 ] } },
{ "type": "Feature", "properties": { "name": "Sri Chandrarathna Manawasinghe Vidyalaya", "amenity": "school", "addr_city": "Katuwawela", "osm_id": 2093133903, "osm_type": "nodes" }, "geometry": { "type": "Point", "coordinates": [ 79.9161897, 6.8406688 ] } },
{ "type": "Feature", "properties": { "name": null, "amenity": "school", "addr_city": null, "osm_id": 12592561901, "osm_type": "nodes" }, "geometry": { "type": "Point", "coordinates": [ 81.0426245, 6.8689262 ] } },
{ "type": "Feature", "properties": { "name": "Gelioya School", "amenity": "school", "addr_city": null, "osm_id": 8693730903, "osm_type": "nodes" }, "geometry": { "type": "Point", "coordinates": [ 80.5947284, 7.2145161 ] } },
{ "type": "Feature", "properties": { "name": "Kandakaduwa Primary School", "amenity": "school", "addr_city": null, "osm_id": 7709594145, "osm_type": "nodes" }, "geometry": { "type": "Point", "coordinates": [ 81.1950015, 8.0623298 ] } },
{ "type": "Feature", "properties": { "name": "Dharmapala Adarsha Kanishta Vidyalaya", "amenity": "school", "addr_city": "Kottawa", "osm_id": 1794014674, "osm_type": "nodes" }, "geometry": { "type": "Point", "coordinates": [ 79.9615868, 6.8304653 ] } },
{ "type": "Feature", "properties": { "name": "Wewagama Central Collage", "amenity": "school", "addr_city": null, "osm_id": 4036971493, "osm_type": "nodes" }, "geometry": { "type": "Point", "coordinates": [ 80.1011281, 7.4232491 ] } },
{ "type": "Feature", "properties": { "name": "Ambana maha vidyalaya", "amenity": "school", "addr_city": null, "osm_id": 4971900430, "osm_type": "nodes" }, "geometry": { "type": "Point", "coordinates": [ 80.6940489, 7.6574384 ] } },
{ "type": "Feature", "properties": { "name": "Andawala maha vidyalaya", "amenity": "school", "addr_city": null, "osm_id": 4971920335, "osm_type": "nodes" }, "geometry": { "type": "Point", "coordinates": [ 80.6710105, 7.6159299 ] } },
{ "type": "Feature", "properties": { "name": null, "amenity": "school", "addr_city": null, "osm_id": 3780542039, "osm_type": "nodes" }, "geometry": { "type": "Point", "coordinates": [ 79.869801, 6.875982 ] } },
{ "type": "Feature", "properties": { "name": "Pothupitiya Central College", "amenity": "school", "addr_city": "Wadduwa", "osm_id": 1822512519, "osm_type": "nodes" }, "geometry": { "type": "Point", "coordinates": [ 79.9401318, 6.6394488 ] } },
{ "type": "Feature", "properties": { "name": "Sigiriya college", "amenity": "college", "addr_city": null, "osm_id": 11138486892, "osm_type": "nodes" }, "geometry": { "type": "Point", "coordinates": [ 80.7512712, 7.951254 ] } },
{ "type": "Feature", "properties": { "name": "Achievers Lanka Business School", "amenity": "college", "addr_city": null, "osm_id": 6068943002, "osm_type": "nodes" }, "geometry": { "type": "Point", "coordinates": [ 79.855706, 6.8957272 ] } },
{ "type": "Feature", "properties": { "name": "Northshore College of Business and Technology", "amenity": "college", "addr_city": "Colombo", "osm_id": 6615719510, "osm_type": "nodes" }, "geometry": { "type": "Point", "coordinates": [ 79.8776539, 6.973464 ] } },
{ "type": "Feature", "properties": { "name": "Open University of Sri Lanka", "amenity": "university", "addr_city": null, "osm_id": 3471431836, "osm_type": "nodes" }, "geometry": { "type": "Point", "coordinates": [ 80.5321267, 5.9507139 ] } },
{ "type": "Feature", "properties": { "name": "Madapatha School", "amenity": null, "addr_city": "Madapatha", "osm_id": 3570998418, "osm_type": "nodes" }, "geometry": { "type": "Point", "coordinates": [ 79.930348, 6.7640295 ] } },
{ "type": "Feature", "properties": { "name": "American College", "amenity": null, "addr_city": "Kurunegala", "osm_id": 3171690369, "osm_type": "nodes" }, "geometry": { "type": "Point", "coordinates": [ 80.3521968, 7.4727672 ] } },
{ "type": "Feature", "properties": { "name": "Nambirittawewa school", "amenity": "school", "addr_city": null, "osm_id": 2381229070, "osm_type": "nodes" }, "geometry": { "type": "Point", "coordinates": [ 80.371574, 7.645575 ] } },
{ "type": "Feature", "properties": { "name": "NCP/A/A/WI/Mahavilachchiya Gamini Vidyalaya", "amenity": "school", "addr_city": null, "osm_id": 8666988219, "osm_type": "nodes" }, "geometry": { "type": "Point", "coordinates": [ 80.1543, 8.481416 ] } },
{ "type": "Feature", "properties": { "name": "NCP/A/A/NO/Katupathawewa Vidyalaya", "amenity": "school", "addr_city": null, "osm_id": 8667253900, "osm_type": "nodes" }, "geometry": { "type": "Point", "coordinates": [ 80.1047342, 8.2494217 ] } },
{ "type": "Feature", "properties": { "name": "NCP/A/A/NO/Bogahawewa Vidyalaya", "amenity": "school", "addr_city": null, "osm_id": 8667268466, "osm_type": "nodes" }, "geometry": { "type": "Point", "coordinates": [ 80.239656, 8.3141293 ] } },
{ "type": "Feature", "properties": { "name": "NCP/A/A/NC/Illandagahawewa Vidyalaya", "amenity": "school", "addr_city": null, "osm_id": 8667268486, "osm_type": "nodes" }, "geometry": { "type": "Point", "coordinates": [ 80.2894042, 8.348975 ] } },
{ "type": "Feature", "properties": { "name": "NCP/A/TB/RJ/Rajanganaya Primary School", "amenity": "school", "addr_city": null, "osm_id": 8667533781, "osm_type": "nodes" }, "geometry": { "type": "Point", "coordinates": [ 80.1863229, 8.1721204 ] } },
{ "type": "Feature", "properties": { "name": "NCP/A/TB/RJ/SirimapuraMaha Vidyalaya", "amenity": "school", "addr_city": null, "osm_id": 8667654043, "osm_type": "nodes" }, "geometry": { "type": "Point", "coordinates": [ 80.2444357, 8.1583793 ] } },
{ "type": "Feature", "properties": { "name": "NCP/A/A/RB/Kovilbendawewa Mu. Vidyalaya", "amenity": "school", "addr_city": null, "osm_id": 8666923925, "osm_type": "nodes" }, "geometry": { "type": "Point", "coordinates": [ 80.4182897, 8.4801718 ] } },
{ "type": "Feature", "properties": { "name": "NCP/A/A/RB/Ihala Kotiyawa Mu. Vidyalaya", "amenity": "school", "addr_city": null, "osm_id": 8666923926, "osm_type": "nodes" }, "geometry": { "type": "Point", "coordinates": [ 80.4158248, 8.4880694 ] } },
{ "type": "Feature", "properties": { "name": "NCP/A/A/NC/Dharma Pradeepa Vidyalaya", "amenity": "school", "addr_city": null, "osm_id": 8666923927, "osm_type": "nodes" }, "geometry": { "type": "Point", "coordinates": [ 80.396305, 8.4971181 ] } },
{ "type": "Feature", "properties": { "name": "NCP/A/A/NC/Parasangaswewa Vidyalaya", "amenity": "school", "addr_city": null, "osm_id": 8666485420, "osm_type": "nodes" }, "geometry": { "type": "Point", "coordinates": [ 80.4279403, 8.4486768 ] } },
{ "type": "Feature", "properties": { "name": "NCP/A/A/NC/Galkadawala Vidyalaya", "amenity": "school", "addr_city": null, "osm_id": 8666335357, "osm_type": "nodes" }, "geometry": { "type": "Point", "coordinates": [ 80.3821778, 8.3986069 ] } },
{ "type": "Feature", "properties": { "name": "NCP/A/A/NC/Galpoththegama Vidyalaya", "amenity": "school", "addr_city": null, "osm_id": 8666335359, "osm_type": "nodes" }, "geometry": { "type": "Point", "coordinates": [ 80.3534031, 8.4401032 ] } },
{ "type": "Feature", "properties": { "name": "NCP/A/A/NC/Mahamankadawala Vidyalaya", "amenity": "school", "addr_city": null, "osm_id": 8666335361, "osm_type": "nodes" }, "geometry": { "type": "Point", "coordinates": [ 80.2957557, 8.3726972 ] } },
{ "type": "Feature", "properties": { "name": "NCP/A/A/NC/Elayapaththuwa Vidyalaya", "amenity": "school", "addr_city": null, "osm_id": 8666335362, "osm_type": "nodes" }, "geometry": { "type": "Point", "coordinates": [ 80.31444, 8.3952954 ] } },
{ "type": "Feature", "properties": { "name": "NCP/A/A/NC/Maningamuwa Vidyalaya", "amenity": "school", "addr_city": null, "osm_id": 8666335363, "osm_type": "nodes" }, "geometry": { "type": "Point", "coordinates": [ 80.292238, 8.4276664 ] } },
{ "type": "Feature", "properties": { "name": "Pamunuvila Maha Viduhala (School)", "amenity": "school", "addr_city": null, "osm_id": 3997287831, "osm_type": "nodes" }, "geometry": { "type": "Point", "coordinates": [ 79.9395011, 6.9689438 ] } },
{ "type": "Feature", "properties": { "name": "Melpitiya maha vidyalaya", "amenity": "school", "addr_city": null, "osm_id": 4948522363, "osm_type": "nodes" }, "geometry": { "type": "Point", "coordinates": [ 80.626648, 7.6964498 ] } },
{ "type": "Feature", "properties": { "name": "Presbyterian Girls School", "amenity": "school", "addr_city": "Dehiwala", "osm_id": 621925764, "osm_type": "nodes" }, "geometry": { "type": "Point", "coordinates": [ 79.8633844, 6.850498 ] } },
{ "type": "Feature", "properties": { "name": "Alethea International School", "amenity": "school", "addr_city": "Dehiwala", "osm_id": 1378571809, "osm_type": "nodes" }, "geometry": { "type": "Point", "coordinates": [ 79.8658406, 6.8584502 ] } },
{ "type": "Feature", "properties": { "name": "Thalgaspitiya Primary School", "amenity": "school", "addr_city": null, "osm_id": 2361467143, "osm_type": "nodes" }, "geometry": { "type": "Point", "coordinates": [ 80.478049, 7.174803 ] } },
{ "type": "Feature", "properties": { "name": "Debathgama School", "amenity": "school", "addr_city": null, "osm_id": 2361375504, "osm_type": "nodes" }, "geometry": { "type": "Point", "coordinates": [ 80.4226453, 7.1727592 ] } },
{ "type": "Feature", "properties": { "name": "Al-Jalal Muslim Primary School", "amenity": "school", "addr_city": null, "osm_id": 2361384545, "osm_type": "nodes" }, "geometry": { "type": "Point", "coordinates": [ 80.4450471, 7.1722908 ] } },
{ "type": "Feature", "properties": { "name": "Saint Aloysius College", "amenity": "school", "addr_city": null, "osm_id": 138741751, "osm_type": "nodes" }, "geometry": { "type": "Point", "coordinates": [ 80.2121328, 6.0361207 ] } },
{ "type": "Feature", "properties": { "name": "Panampitiya Maha Vidyalaya", "amenity": "school", "addr_city": "Lenadora", "osm_id": 1601578258, "osm_type": "nodes" }, "geometry": { "type": "Point", "coordinates": [ 80.6601086, 7.7796626 ] } },
{ "type": "Feature", "properties": { "name": "Omaragolla Maha Vidyalaya", "amenity": "school", "addr_city": "Palliyadda", "osm_id": 4936764750, "osm_type": "nodes" }, "geometry": { "type": "Point", "coordinates": [ 80.5383743, 7.6882301 ] } },
{ "type": "Feature", "properties": { "name": "H/Muthumala K.V", "amenity": "school", "addr_city": null, "osm_id": 4936553807, "osm_type": "nodes" }, "geometry": { "type": "Point", "coordinates": [ 80.7182173, 6.0197197 ] } },
{ "type": "Feature", "properties": { "name": "Maniyamgama School", "amenity": "school", "addr_city": "Bo-Maluwa", "osm_id": 3152540111, "osm_type": "nodes" }, "geometry": { "type": "Point", "coordinates": [ 80.2432635, 6.9329678 ] } },
{ "type": "Feature", "properties": { "name": "Sri Vidyasagara Maha Pirivena", "amenity": "school", "addr_city": null, "osm_id": 2351860244, "osm_type": "nodes" }, "geometry": { "type": "Point", "coordinates": [ 80.7038828, 7.305826 ] } },
{ "type": "Feature", "properties": { "name": "Pilawala Navodya Maha Vidyalaya", "amenity": "school", "addr_city": null, "osm_id": 2343115513, "osm_type": "nodes" }, "geometry": { "type": "Point", "coordinates": [ 80.6791699, 7.3051109 ] } },
{ "type": "Feature", "properties": { "name": "Kn/Karukkaitivu Maha Vidyalayam", "amenity": "school", "addr_city": null, "osm_id": 4112101929, "osm_type": "nodes" }, "geometry": { "type": "Point", "coordinates": [ 80.2426117, 9.5126455 ] } },
{ "type": "Feature", "properties": { "name": "Mawarala Maha Vidyalaya", "amenity": "school", "addr_city": null, "osm_id": 4884242657, "osm_type": "nodes" }, "geometry": { "type": "Point", "coordinates": [ 80.582268, 6.1960948 ] } },
{ "type": "Feature", "properties": { "name": "Gomila School", "amenity": "school", "addr_city": null, "osm_id": 4884273880, "osm_type": "nodes" }, "geometry": { "type": "Point", "coordinates": [ 80.5935868, 6.2039717 ] } },
{ "type": "Feature", "properties": { "name": "Pasgoda Maha Vidyalaya", "amenity": "school", "addr_city": null, "osm_id": 4884290061, "osm_type": "nodes" }, "geometry": { "type": "Point", "coordinates": [ 80.6090213, 6.2433502 ] } },
{ "type": "Feature", "properties": { "name": "Bengamuwa Maha Vidyalaya", "amenity": "school", "addr_city": null, "osm_id": 4884294633, "osm_type": "nodes" }, "geometry": { "type": "Point", "coordinates": [ 80.6046682, 6.2561318 ] } },
{ "type": "Feature", "properties": { "name": "Ransegoda (North) School", "amenity": "school", "addr_city": null, "osm_id": 4884221186, "osm_type": "nodes" }, "geometry": { "type": "Point", "coordinates": [ 80.5558424, 6.1266795 ] } },
{ "type": "Feature", "properties": { "name": "Mahanama Collage Primary", "amenity": "school", "addr_city": null, "osm_id": 3375870405, "osm_type": "nodes" }, "geometry": { "type": "Point", "coordinates": [ 80.5181874, 5.9497055 ] } },
{ "type": "Feature", "properties": { "name": "Mahanama Vidyalaya", "amenity": "school", "addr_city": null, "osm_id": 3375870404, "osm_type": "nodes" }, "geometry": { "type": "Point", "coordinates": [ 80.5182723, 5.9498703 ] } },
{ "type": "Feature", "properties": { "name": "Harishchandra Collage", "amenity": "school", "addr_city": null, "osm_id": 3370034496, "osm_type": "nodes" }, "geometry": { "type": "Point", "coordinates": [ 79.8529357, 7.2097009 ] } },
{ "type": "Feature", "properties": { "name": "J - Nallur Roman Catholic Tamil Mixed School", "amenity": "school", "addr_city": null, "osm_id": 4640117947, "osm_type": "nodes" }, "geometry": { "type": "Point", "coordinates": [ 80.0374947, 9.6833495 ] } },
{ "type": "Feature", "properties": { "name": "Secondary School", "amenity": "school", "addr_city": null, "osm_id": 2610405673, "osm_type": "nodes" }, "geometry": { "type": "Point", "coordinates": [ 80.8950743, 6.1944139 ] } },
{ "type": "Feature", "properties": { "name": "Secondary School", "amenity": "school", "addr_city": null, "osm_id": 2610405674, "osm_type": "nodes" }, "geometry": { "type": "Point", "coordinates": [ 80.8745398, 6.2203736 ] } },
{ "type": "Feature", "properties": { "name": "J/Urulu Ganesha Vidyalayam", "amenity": "school", "addr_city": "urelu", "osm_id": 4828838338, "osm_type": "nodes" }, "geometry": { "type": "Point", "coordinates": [ 80.0503253, 9.7400815 ] } },
{ "type": "Feature", "properties": { "name": "Primary School", "amenity": "school", "addr_city": null, "osm_id": 2610375410, "osm_type": "nodes" }, "geometry": { "type": "Point", "coordinates": [ 80.4060846, 6.0021298 ] } },
{ "type": "Feature", "properties": { "name": "Primary School", "amenity": "school", "addr_city": null, "osm_id": 2610398281, "osm_type": "nodes" }, "geometry": { "type": "Point", "coordinates": [ 80.9362917, 6.1592854 ] } },
{ "type": "Feature", "properties": { "name": "J/Manthuvil GTMS", "amenity": "school", "addr_city": "Manthuvil", "osm_id": 4819221474, "osm_type": "nodes" }, "geometry": { "type": "Point", "coordinates": [ 80.1935352, 9.6944787 ] } },
{ "type": "Feature", "properties": { "name": "Pangyanannda Primary School", "amenity": "school", "addr_city": null, "osm_id": 3771342428, "osm_type": "nodes" }, "geometry": { "type": "Point", "coordinates": [ 80.7359502, 6.046696 ] } },
{ "type": "Feature", "properties": { "name": "St.Sebastian's Girls College", "amenity": "school", "addr_city": null, "osm_id": 1901979146, "osm_type": "nodes" }, "geometry": { "type": "Point", "coordinates": [ 79.8914999, 7.0466188 ] } },
{ "type": "Feature", "properties": { "name": "Happitya Primary School", "amenity": "school", "addr_city": null, "osm_id": 2610230146, "osm_type": "nodes" }, "geometry": { "type": "Point", "coordinates": [ 80.3986594, 6.3705571 ] } },
{ "type": "Feature", "properties": { "name": "J/Eluvaithivu Murugavel Vidyalayam", "amenity": "school", "addr_city": null, "osm_id": 4818437262, "osm_type": "nodes" }, "geometry": { "type": "Point", "coordinates": [ 79.810531, 9.6972592 ] } },
{ "type": "Feature", "properties": { "name": "J/Nallur Gnanothaya Vidyalayam", "amenity": "school", "addr_city": "Thirunelveli North East", "osm_id": 4810102645, "osm_type": "nodes" }, "geometry": { "type": "Point", "coordinates": [ 80.0415513, 9.6817023 ] } },
{ "type": "Feature", "properties": { "name": "J/Analaithivu Vadaloor GTM Vidyalayam", "amenity": "school", "addr_city": "Ward 04", "osm_id": 3544992948, "osm_type": "nodes" }, "geometry": { "type": "Point", "coordinates": [ 79.7782422, 9.6754434 ] } },
{ "type": "Feature", "properties": { "name": "Mn/Thatchanamaruthamadu Maha Vidyalayam", "amenity": "school", "addr_city": null, "osm_id": 4811618418, "osm_type": "nodes" }, "geometry": { "type": "Point", "coordinates": [ 80.214061, 8.9085741 ] } },
{ "type": "Feature", "properties": { "name": "Mn/Palampaiddy GTMS", "amenity": "school", "addr_city": "Palampiddy", "osm_id": 4811623746, "osm_type": "nodes" }, "geometry": { "type": "Point", "coordinates": [ 80.2130777, 8.9294236 ] } },
{ "type": "Feature", "properties": { "name": "J/Kopay Maha vidyalayam", "amenity": "school", "addr_city": null, "osm_id": 4810093832, "osm_type": "nodes" }, "geometry": { "type": "Point", "coordinates": [ 80.0492401, 9.6926017 ] } },
{ "type": "Feature", "properties": { "name": "J/Kopay South Kandavel TMS", "amenity": "school", "addr_city": "Kopay South", "osm_id": 4810093834, "osm_type": "nodes" }, "geometry": { "type": "Point", "coordinates": [ 80.0588859, 9.6824443 ] } },
{ "type": "Feature", "properties": { "name": "J/Kaddudai Saiva vidyalayam", "amenity": "school", "addr_city": "Manipay West", "osm_id": 4809426396, "osm_type": "nodes" }, "geometry": { "type": "Point", "coordinates": [ 79.9867635, 9.7360631 ] } },
{ "type": "Feature", "properties": { "name": "J/Piranpattu Kalaimagal Vidyalayam", "amenity": "school", "addr_city": null, "osm_id": 4809444590, "osm_type": "nodes" }, "geometry": { "type": "Point", "coordinates": [ 79.9785785, 9.764976 ] } },
{ "type": "Feature", "properties": { "name": "J/Manipay Vivekananda Vidayasalai", "amenity": "school", "addr_city": "Manipay South", "osm_id": 4809392714, "osm_type": "nodes" }, "geometry": { "type": "Point", "coordinates": [ 79.9899009, 9.7163785 ] } },
{ "type": "Feature", "properties": { "name": "V/Anpupuram Namagal Vidyalayam", "amenity": "school", "addr_city": "Muthaliyarkulam", "osm_id": 4806863220, "osm_type": "nodes" }, "geometry": { "type": "Point", "coordinates": [ 80.3029829, 8.6224966 ] } },
{ "type": "Feature", "properties": { "name": "Mn/Veppankulam GMMS", "amenity": "school", "addr_city": null, "osm_id": 4806414911, "osm_type": "nodes" }, "geometry": { "type": "Point", "coordinates": [ 80.0030547, 8.7868283 ] } },
{ "type": "Feature", "properties": { "name": "J/Kanthorodai Tamil Kandiah Vidyalayam", "amenity": "school", "addr_city": "Kantharodai", "osm_id": 4799562448, "osm_type": "nodes" }, "geometry": { "type": "Point", "coordinates": [ 80.0089891, 9.7499334 ] } },
{ "type": "Feature", "properties": { "name": "J/Mallakam Visaladchi Vidyasalai", "amenity": "school", "addr_city": "Mallakam", "osm_id": 4799604527, "osm_type": "nodes" }, "geometry": { "type": "Point", "coordinates": [ 80.0293347, 9.7587067 ] } },
{ "type": "Feature", "properties": { "name": "J/Hindu Ladies Primary School", "amenity": "school", "addr_city": "Kantharmadam", "osm_id": 4796905509, "osm_type": "nodes" }, "geometry": { "type": "Point", "coordinates": [ 80.0188973, 9.6794061 ] } },
{ "type": "Feature", "properties": { "name": "Mn/Uyirtharasankulam RCTMS", "amenity": "school", "addr_city": "Murungan", "osm_id": 4794398567, "osm_type": "nodes" }, "geometry": { "type": "Point", "coordinates": [ 80.0090905, 8.8675227 ] } },
{ "type": "Feature", "properties": { "name": "Mn/Gowriambal GTMS", "amenity": "school", "addr_city": null, "osm_id": 4794383497, "osm_type": "nodes" }, "geometry": { "type": "Point", "coordinates": [ 79.9603668, 8.95542 ] } },
{ "type": "Feature", "properties": { "name": "Mn/Nochchikkulam RCTMS", "amenity": "school", "addr_city": "Uyilankulam", "osm_id": 4793830823, "osm_type": "nodes" }, "geometry": { "type": "Point", "coordinates": [ 79.9698738, 8.9045164 ] } },
{ "type": "Feature", "properties": { "name": "Mn/Kaddukkarankudrippu RCTMS", "amenity": "school", "addr_city": "Thalaimannar", "osm_id": 4793637673, "osm_type": "nodes" }, "geometry": { "type": "Point", "coordinates": [ 79.7412098, 9.0858675 ] } },
{ "type": "Feature", "properties": { "name": "Mn/Thalaimannar Pier RCTMS", "amenity": "school", "addr_city": null, "osm_id": 4793660947, "osm_type": "nodes" }, "geometry": { "type": "Point", "coordinates": [ 79.7298209, 9.0987836 ] } },
{ "type": "Feature", "properties": { "name": "Mn/Uyilankulam RCTMS", "amenity": "school", "addr_city": null, "osm_id": 4793408063, "osm_type": "nodes" }, "geometry": { "type": "Point", "coordinates": [ 79.9852743, 8.8908111 ] } },
{ "type": "Feature", "properties": { "name": "Mn/Eluthoor RCTMS", "amenity": "school", "addr_city": "Tharapuram", "osm_id": 4793396901, "osm_type": "nodes" }, "geometry": { "type": "Point", "coordinates": [ 79.8929368, 8.9901944 ] } },
{ "type": "Feature", "properties": { "name": "Mn/Erukkalampiddy Muslim Madhya Maha Vidyalayam", "amenity": "school", "addr_city": "Erukkalampaddy", "osm_id": 4793480121, "osm_type": "nodes" }, "geometry": { "type": "Point", "coordinates": [ 79.8759973, 9.0366362 ] } },
{ "type": "Feature", "properties": { "name": "Mu/Pandiyankulam Primary School", "amenity": "school", "addr_city": null, "osm_id": 4790929465, "osm_type": "nodes" }, "geometry": { "type": "Point", "coordinates": [ 80.3050097, 9.0730197 ] } },
{ "type": "Feature", "properties": { "name": "Mu/Aanathapuram GTMS", "amenity": "school", "addr_city": null, "osm_id": 4781520125, "osm_type": "nodes" }, "geometry": { "type": "Point", "coordinates": [ 80.7198996, 9.3286089 ] } },
{ "type": "Feature", "properties": { "name": "Acadamei", "amenity": "college", "addr_city": null, "osm_id": 7279036285, "osm_type": "nodes" }, "geometry": { "type": "Point", "coordinates": [ 81.2287802, 8.5722746 ] } },
{ "type": "Feature", "properties": { "name": "Advanced Technical Institute - Labuduwa", "amenity": "college", "addr_city": null, "osm_id": 309611677, "osm_type": "nodes" }, "geometry": { "type": "Point", "coordinates": [ 80.2335364, 6.0743239 ] } },
{ "type": "Feature", "properties": { "name": "Winsys City Campus", "amenity": "college", "addr_city": null, "osm_id": 6076539692, "osm_type": "nodes" }, "geometry": { "type": "Point", "coordinates": [ 79.8562376, 6.8959689 ] } },
{ "type": "Feature", "properties": { "name": "Faculty of Technology", "amenity": "university", "addr_city": null, "osm_id": 4867055365, "osm_type": "nodes" }, "geometry": { "type": "Point", "coordinates": [ 80.3986603, 9.3119034 ] } },
{ "type": "Feature", "properties": { "name": "Sri Vajiragnana Maha Vidyalaya", "amenity": null, "addr_city": "Hawaeliya", "osm_id": 3393447978, "osm_type": "nodes" }, "geometry": { "type": "Point", "coordinates": [ 80.7849548, 6.9719839 ] } },
{ "type": "Feature", "properties": { "name": null, "amenity": "kindergarten", "addr_city": null, "osm_id": 1993203460, "osm_type": "nodes" }, "geometry": { "type": "Point", "coordinates": [ 81.003755, 6.7827278 ] } },
{ "type": "Feature", "properties": { "name": "Hillwood College Play School/Day care", "amenity": "kindergarten", "addr_city": "Kandy", "osm_id": 7572625856, "osm_type": "nodes" }, "geometry": { "type": "Point", "coordinates": [ 80.64222, 7.2899565 ] } },
{ "type": "Feature", "properties": { "name": "Bt/Government Tamil Mixed School", "amenity": "school", "addr_city": null, "osm_id": 4759390189, "osm_type": "nodes" }, "geometry": { "type": "Point", "coordinates": [ 81.5093178, 7.6852233 ] } },
{ "type": "Feature", "properties": { "name": "Sinhapura Sinhala Maha Vidyalaya Playground", "amenity": "school", "addr_city": null, "osm_id": 12116345667, "osm_type": "nodes" }, "geometry": { "type": "Point", "coordinates": [ 81.8322706, 6.8370791 ] } },
{ "type": "Feature", "properties": { "name": "Kn/Vivekantha Vidyalayam", "amenity": "school", "addr_city": null, "osm_id": 4084549310, "osm_type": "nodes" }, "geometry": { "type": "Point", "coordinates": [ 80.3931588, 9.3661452 ] } },
{ "type": "Feature", "properties": { "name": null, "amenity": "school", "addr_city": null, "osm_id": 4690842989, "osm_type": "nodes" }, "geometry": { "type": "Point", "coordinates": [ 79.8762101, 6.8937155 ] } },
{ "type": "Feature", "properties": { "name": "Al Jalal Vidyalaya", "amenity": "school", "addr_city": "Sainthamaruthu", "osm_id": 3318094883, "osm_type": "nodes" }, "geometry": { "type": "Point", "coordinates": [ 81.8415753, 7.3973304 ] } },
{ "type": "Feature", "properties": { "name": "MHM Ashraff Vidyalaya", "amenity": "school", "addr_city": "Sainthamruthu", "osm_id": 3318025989, "osm_type": "nodes" }, "geometry": { "type": "Point", "coordinates": [ 81.8447624, 7.389533 ] } },
{ "type": "Feature", "properties": { "name": "V/Kalmadu Maha Vidyalayam", "amenity": "school", "addr_city": "Kalmadu, Vavuniya", "osm_id": 3984223132, "osm_type": "nodes" }, "geometry": { "type": "Point", "coordinates": [ 80.3917615, 8.8455152 ] } },
{ "type": "Feature", "properties": { "name": "Al Hicama Vidyalaya", "amenity": "school", "addr_city": "Palamunai", "osm_id": 3314166641, "osm_type": "nodes" }, "geometry": { "type": "Point", "coordinates": [ 81.8610025, 7.269048 ] } },
{ "type": "Feature", "properties": { "name": "J - Achchuveli Central College", "amenity": "school", "addr_city": null, "osm_id": 4438996557, "osm_type": "nodes" }, "geometry": { "type": "Point", "coordinates": [ 80.1150656, 9.7773145 ] } },
{ "type": "Feature", "properties": { "name": "St. Bernadeth Maha  Vidyalaya - Polgahawela", "amenity": "school", "addr_city": "polgahawela", "osm_id": 6702080531, "osm_type": "nodes" }, "geometry": { "type": "Point", "coordinates": [ 80.2955648, 7.3310842 ] } },
{ "type": "Feature", "properties": { "name": "J - Alaveddy South American Mission Tamil Mixed School", "amenity": "school", "addr_city": "Alaveddy South", "osm_id": 5059336850, "osm_type": "nodes" }, "geometry": { "type": "Point", "coordinates": [ 80.0052716, 9.7612498 ] } },
{ "type": "Feature", "properties": { "name": "J - Maviddapuram North American Mission Tamil Mixed School", "amenity": "school", "addr_city": "Maviddapuram", "osm_id": 5625970784, "osm_type": "nodes" }, "geometry": { "type": "Point", "coordinates": [ 80.0312397, 9.7952693 ] } },
{ "type": "Feature", "properties": { "name": "J - Moolai American Mission Tamil Mixed School", "amenity": "school", "addr_city": null, "osm_id": 5052503445, "osm_type": "nodes" }, "geometry": { "type": "Point", "coordinates": [ 79.9356947, 9.748962 ] } },
{ "type": "Feature", "properties": { "name": "J - Chankanai Station American Mission Tamil Mixed School", "amenity": "school", "addr_city": "Chankanai East", "osm_id": 5057443067, "osm_type": "nodes" }, "geometry": { "type": "Point", "coordinates": [ 79.9713797, 9.7389591 ] } },
{ "type": "Feature", "properties": { "name": "J - Thunavi American Mission Tamil Mixed School", "amenity": "school", "addr_city": "Sangarathai", "osm_id": 5057443065, "osm_type": "nodes" }, "geometry": { "type": "Point", "coordinates": [ 79.9614345, 9.7278753 ] } },
{ "type": "Feature", "properties": { "name": "J - Vaddu Central College", "amenity": "school", "addr_city": "Vedducoddai South West (North)", "osm_id": 5057443064, "osm_type": "nodes" }, "geometry": { "type": "Point", "coordinates": [ 79.9560486, 9.734834 ] } },
{ "type": "Feature", "properties": { "name": "J - Kondavil Roman Catholic Tamil Mixed School", "amenity": "school", "addr_city": null, "osm_id": 4426729299, "osm_type": "nodes" }, "geometry": { "type": "Point", "coordinates": [ 80.035211, 9.7082678 ] } },
{ "type": "Feature", "properties": { "name": "J - Navaly Saint Peters Roman Catholic Tamil Mixed School", "amenity": "school", "addr_city": null, "osm_id": 4809331867, "osm_type": "nodes" }, "geometry": { "type": "Point", "coordinates": [ 79.987653, 9.7106933 ] } },
{ "type": "Feature", "properties": { "name": "J - Kopay South Roman Catholic Tamil Mixed School", "amenity": "school", "addr_city": "Kopay South", "osm_id": 3540566249, "osm_type": "nodes" }, "geometry": { "type": "Point", "coordinates": [ 80.0571847, 9.6967807 ] } },
{ "type": "Feature", "properties": { "name": "J - Anaikoddai Roman Catholic Tamil Mixed School", "amenity": "school", "addr_city": null, "osm_id": 4400832367, "osm_type": "nodes" }, "geometry": { "type": "Point", "coordinates": [ 80.0040812, 9.6973985 ] } },
{ "type": "Feature", "properties": { "name": "J - Saint Anne's Roman Catholic Tamil Mixed School", "amenity": "school", "addr_city": null, "osm_id": 4400856575, "osm_type": "nodes" }, "geometry": { "type": "Point", "coordinates": [ 79.9985822, 9.7132613 ] } },
{ "type": "Feature", "properties": { "name": "J - Neervely Roman Catholic Tamil Mixed School", "amenity": "school", "addr_city": "Neervely North", "osm_id": 4815140516, "osm_type": "nodes" }, "geometry": { "type": "Point", "coordinates": [ 80.0847615, 9.7282589 ] } },
{ "type": "Feature", "properties": { "name": "J - Uduvil Malwatha Roman Catholic Tamil Mixed School", "amenity": "school", "addr_city": null, "osm_id": 5059378916, "osm_type": "nodes" }, "geometry": { "type": "Point", "coordinates": [ 80.0132201, 9.7301989 ] } },
{ "type": "Feature", "properties": { "name": "J - Puthumadam Roman Catholic Tamil Mixed School", "amenity": "school", "addr_city": "Uduvil South West", "osm_id": 5059378918, "osm_type": "nodes" }, "geometry": { "type": "Point", "coordinates": [ 80.0055546, 9.7228203 ] } },
{ "type": "Feature", "properties": { "name": "J - Punnakaikkadduvan Sithyvinayagar Vidyalayam", "amenity": "school", "addr_city": null, "osm_id": 5628336364, "osm_type": "nodes" }, "geometry": { "type": "Point", "coordinates": [ 80.0614291, 9.7545702 ] } },
{ "type": "Feature", "properties": { "name": "J - Earlalai St Isidore Roman Catholic Tamil Mixed School", "amenity": "school", "addr_city": null, "osm_id": 5628363068, "osm_type": "nodes" }, "geometry": { "type": "Point", "coordinates": [ 80.0490138, 9.7606727 ] } },
{ "type": "Feature", "properties": { "name": "J - Kopay North Roman Catholic Tamil Mixed School", "amenity": "school", "addr_city": null, "osm_id": 5667407960, "osm_type": "nodes" }, "geometry": { "type": "Point", "coordinates": [ 80.0599136, 9.7112736 ] } },
{ "type": "Feature", "properties": { "name": null, "amenity": "school", "addr_city": null, "osm_id": 4619057589, "osm_type": "nodes" }, "geometry": { "type": "Point", "coordinates": [ 80.2960338, 7.0805878 ] } },
{ "type": "Feature", "properties": { "name": "V/Kovilmoddai Velankulam GTMS", "amenity": "school", "addr_city": "Velankulam", "osm_id": 4096446324, "osm_type": "nodes" }, "geometry": { "type": "Point", "coordinates": [ 80.3372686, 8.796043 ] } },
{ "type": "Feature", "properties": { "name": "V/Thiruvalluvar Vidyalayam", "amenity": "school", "addr_city": "Kaddaiyarkulam", "osm_id": 4573545394, "osm_type": "nodes" }, "geometry": { "type": "Point", "coordinates": [ 80.4476037, 8.8287431 ] } },
{ "type": "Feature", "properties": { "name": "Kn/Chempankundu GTMS", "amenity": "school", "addr_city": null, "osm_id": 4178000502, "osm_type": "nodes" }, "geometry": { "type": "Point", "coordinates": [ 80.1994242, 9.4383264 ] } },
{ "type": "Feature", "properties": { "name": "Blooming Flowers English School", "amenity": "school", "addr_city": null, "osm_id": 6663065025, "osm_type": "nodes" }, "geometry": { "type": "Point", "coordinates": [ 80.6068466, 5.9347655 ] } },
{ "type": "Feature", "properties": { "name": null, "amenity": "school", "addr_city": null, "osm_id": 4557132091, "osm_type": "nodes" }, "geometry": { "type": "Point", "coordinates": [ 79.9166753, 6.8032837 ] } },
{ "type": "Feature", "properties": { "name": "Thissamaharama Central College", "amenity": "school", "addr_city": "Thissamaharama SP", "osm_id": 3276158575, "osm_type": "nodes" }, "geometry": { "type": "Point", "coordinates": [ 81.2911076, 6.2761481 ] } },
{ "type": "Feature", "properties": { "name": "President's Central College", "amenity": "school", "addr_city": "Katharagama UP", "osm_id": 1744023361, "osm_type": "nodes" }, "geometry": { "type": "Point", "coordinates": [ 81.3384199, 6.4136004 ] } },
{ "type": "Feature", "properties": { "name": "J/Mirusuvil GTMS", "amenity": "school", "addr_city": null, "osm_id": 4406283547, "osm_type": "nodes" }, "geometry": { "type": "Point", "coordinates": [ 80.2591101, 9.6930591 ] } },
{ "type": "Feature", "properties": { "name": "Dharmapala Central College", "amenity": "school", "addr_city": null, "osm_id": 1821277179, "osm_type": "nodes" }, "geometry": { "type": "Point", "coordinates": [ 80.8960496, 6.830697 ] } },
{ "type": "Feature", "properties": { "name": "Sri Sumangala Central College", "amenity": "school", "addr_city": "Hikkaduwa", "osm_id": 3257657896, "osm_type": "nodes" }, "geometry": { "type": "Point", "coordinates": [ 80.1133655, 6.1415288 ] } },
{ "type": "Feature", "properties": { "name": "Thakshila Central College", "amenity": "school", "addr_city": null, "osm_id": 254367496, "osm_type": "nodes" }, "geometry": { "type": "Point", "coordinates": [ 80.0619358, 6.7120268 ] } },
{ "type": "Feature", "properties": { "name": null, "amenity": "school", "addr_city": null, "osm_id": 1993203238, "osm_type": "nodes" }, "geometry": { "type": "Point", "coordinates": [ 80.9539103, 6.7663387 ] } },
{ "type": "Feature", "properties": { "name": "Sri Sumangala Vidyalaya", "amenity": "school", "addr_city": "Panadura", "osm_id": 1795501360, "osm_type": "nodes" }, "geometry": { "type": "Point", "coordinates": [ 79.9145618, 6.7098926 ] } },
{ "type": "Feature", "properties": { "name": "Bauddhaloka College", "amenity": "school", "addr_city": "Panadura", "osm_id": 1795233920, "osm_type": "nodes" }, "geometry": { "type": "Point", "coordinates": [ 79.9191355, 6.7097845 ] } },
{ "type": "Feature", "properties": { "name": "Thanthirimulla Vidyalaya", "amenity": "school", "addr_city": "Hirana", "osm_id": 4491760577, "osm_type": "nodes" }, "geometry": { "type": "Point", "coordinates": [ 79.9254221, 6.7287077 ] } },
{ "type": "Feature", "properties": { "name": "dharmaraja school", "amenity": "school", "addr_city": null, "osm_id": 11254370023, "osm_type": "nodes" }, "geometry": { "type": "Point", "coordinates": [ 80.8496668, 6.9238836 ] } },
{ "type": "Feature", "properties": { "name": "Al Kalam Maha Vidyalaya", "amenity": "school", "addr_city": null, "osm_id": 1877187395, "osm_type": "nodes" }, "geometry": { "type": "Point", "coordinates": [ 81.8233376, 6.8735668 ] } },
{ "type": "Feature", "properties": { "name": "NAITA", "amenity": "college", "addr_city": "Mulliyawalai", "osm_id": 4700424383, "osm_type": "nodes" }, "geometry": { "type": "Point", "coordinates": [ 80.7772771, 9.2251109 ] } },
{ "type": "Feature", "properties": { "name": "District Agricultural Training Centre", "amenity": "college", "addr_city": null, "osm_id": 4700431682, "osm_type": "nodes" }, "geometry": { "type": "Point", "coordinates": [ 80.6616348, 9.1614809 ] } },
{ "type": "Feature", "properties": { "name": "IIT School of Computing", "amenity": "university", "addr_city": null, "osm_id": 10892639733, "osm_type": "nodes" }, "geometry": { "type": "Point", "coordinates": [ 79.8556832, 6.895382 ] } },
{ "type": "Feature", "properties": { "name": "Vishnu Maha Vidyalaya", "amenity": null, "addr_city": "Periyaneelavanai", "osm_id": 3331567239, "osm_type": "nodes" }, "geometry": { "type": "Point", "coordinates": [ 81.8124785, 7.4445615 ] } },
{ "type": "Feature", "properties": { "name": "Al Madeena Vidyalaya", "amenity": null, "addr_city": "Maruthamunai", "osm_id": 3331352113, "osm_type": "nodes" }, "geometry": { "type": "Point", "coordinates": [ 81.8217858, 7.4341722 ] } },
{ "type": "Feature", "properties": { "name": "Al Manar Central College", "amenity": null, "addr_city": "Maruthamunai", "osm_id": 3331352111, "osm_type": "nodes" }, "geometry": { "type": "Point", "coordinates": [ 81.8130389, 7.4362746 ] } },
{ "type": "Feature", "properties": { "name": "Al Aksha Maha Vidyalaya", "amenity": null, "addr_city": "Kalmunai", "osm_id": 3331316780, "osm_type": "nodes" }, "geometry": { "type": "Point", "coordinates": [ 81.81088, 7.4147828 ] } },
{ "type": "Feature", "properties": { "name": "Vivekananda Vidyalaya", "amenity": null, "addr_city": "kalmunai", "osm_id": 3320184942, "osm_type": "nodes" }, "geometry": { "type": "Point", "coordinates": [ 81.8304256, 7.4103821 ] } },
{ "type": "Feature", "properties": { "name": "Mamanka Vidyalaya", "amenity": null, "addr_city": "Kalmunai", "osm_id": 3320202248, "osm_type": "nodes" }, "geometry": { "type": "Point", "coordinates": [ 81.8314494, 7.4157537 ] } },
{ "type": "Feature", "properties": { "name": "Hamiya Arabic College", "amenity": null, "addr_city": "Kalmunai", "osm_id": 3320202475, "osm_type": "nodes" }, "geometry": { "type": "Point", "coordinates": [ 81.8308872, 7.4210216 ] } },
{ "type": "Feature", "properties": { "name": "Al Bahriya Vidyalaya", "amenity": null, "addr_city": "Kalmunai", "osm_id": 3318412434, "osm_type": "nodes" }, "geometry": { "type": "Point", "coordinates": [ 81.8378972, 7.4111689 ] } },
{ "type": "Feature", "properties": { "name": "Zahira College", "amenity": null, "addr_city": "Kalmunai", "osm_id": 3318104024, "osm_type": "nodes" }, "geometry": { "type": "Point", "coordinates": [ 81.8390419, 7.3990545 ] } },
{ "type": "Feature", "properties": { "name": "Mahmood Ladies National School", "amenity": null, "addr_city": "Kalmunai", "osm_id": 3318104719, "osm_type": "nodes" }, "geometry": { "type": "Point", "coordinates": [ 81.8338203, 7.3990173 ] } },
{ "type": "Feature", "properties": { "name": "Al Kamaroon Vidyalaya", "amenity": null, "addr_city": "Sainthamaruthu", "osm_id": 3318005290, "osm_type": "nodes" }, "geometry": { "type": "Point", "coordinates": [ 81.8326253, 7.3970569 ] } },
{ "type": "Feature", "properties": { "name": "Al-Hilal Maha Vidyalaya", "amenity": null, "addr_city": "Sainthamaruthu", "osm_id": 3317929409, "osm_type": "nodes" }, "geometry": { "type": "Point", "coordinates": [ 81.8355004, 7.3910984 ] } },
{ "type": "Feature", "properties": { "name": "Brilliant College", "amenity": null, "addr_city": "Sainthamaruthu", "osm_id": 3317976511, "osm_type": "nodes" }, "geometry": { "type": "Point", "coordinates": [ 81.8395829, 7.3900898 ] } },
{ "type": "Feature", "properties": { "name": "Kannaki Hindu Vidyalaya", "amenity": null, "addr_city": "Karaitivu", "osm_id": 3316572009, "osm_type": "nodes" }, "geometry": { "type": "Point", "coordinates": [ 81.8373472, 7.3851226 ] } },
{ "type": "Feature", "properties": { "name": "Vipulananda Central College", "amenity": null, "addr_city": "Karaitivu", "osm_id": 3316527010, "osm_type": "nodes" }, "geometry": { "type": "Point", "coordinates": [ 81.8454366, 7.3832748 ] } },
{ "type": "Feature", "properties": { "name": "Vigneswara Vidyalaya", "amenity": null, "addr_city": "Karaitivu", "osm_id": 3316527011, "osm_type": "nodes" }, "geometry": { "type": "Point", "coordinates": [ 81.8478291, 7.376311 ] } },
{ "type": "Feature", "properties": { "name": "Vinayagar Vidyalaya", "amenity": null, "addr_city": "Arasady", "osm_id": 3316015814, "osm_type": "nodes" }, "geometry": { "type": "Point", "coordinates": [ 81.8569271, 7.327365 ] } },
{ "type": "Feature", "properties": { "name": "Al Fathimiya School", "amenity": null, "addr_city": "Akkaraipattu", "osm_id": 3313366366, "osm_type": "nodes" }, "geometry": { "type": "Point", "coordinates": [ 81.8565681, 7.2271622 ] } },
{ "type": "Feature", "properties": { "name": "Al-Manar Central Collage Handessa", "amenity": null, "addr_city": null, "osm_id": 3757059609, "osm_type": "nodes" }, "geometry": { "type": "Point", "coordinates": [ 80.5823332, 7.2281557 ] } },
{ "type": "Feature", "properties": { "name": "Sedawatte School", "amenity": null, "addr_city": "Wellampitiya", "osm_id": 3403158920, "osm_type": "nodes" }, "geometry": { "type": "Point", "coordinates": [ 79.8988862, 6.9430732 ] } },
{ "type": "Feature", "properties": { "name": "Uthayan Preschool", "amenity": "kindergarten", "addr_city": null, "osm_id": 4451492858, "osm_type": "nodes" }, "geometry": { "type": "Point", "coordinates": [ 80.4007051, 9.3794668 ] } },
{ "type": "Feature", "properties": { "name": "Angel Preschool", "amenity": "kindergarten", "addr_city": null, "osm_id": 4451496704, "osm_type": "nodes" }, "geometry": { "type": "Point", "coordinates": [ 80.4016845, 9.3664973 ] } },
{ "type": "Feature", "properties": { "name": "St Yuthatheya PreSchool", "amenity": "kindergarten", "addr_city": null, "osm_id": 4419831557, "osm_type": "nodes" }, "geometry": { "type": "Point", "coordinates": [ 80.8116971, 9.2754089 ] } },
{ "type": "Feature", "properties": { "name": "Al Mannar Pre School", "amenity": "kindergarten", "addr_city": null, "osm_id": 4411700949, "osm_type": "nodes" }, "geometry": { "type": "Point", "coordinates": [ 80.3303785, 8.6054741 ] } },
{ "type": "Feature", "properties": { "name": "Highlands Int. College", "amenity": "kindergarten", "addr_city": "Gamsabha Junction", "osm_id": 1651294571, "osm_type": "nodes" }, "geometry": { "type": "Point", "coordinates": [ 79.8961302, 6.8654741 ] } },
{ "type": "Feature", "properties": { "name": "Pannala Natonal School", "amenity": "school", "addr_city": null, "osm_id": 12995325327, "osm_type": "nodes" }, "geometry": { "type": "Point", "coordinates": [ 80.0258078, 7.3265949 ] } },
{ "type": "Feature", "properties": { "name": "Royal College", "amenity": "school", "addr_city": "Kurunegala", "osm_id": 3186165758, "osm_type": "nodes" }, "geometry": { "type": "Point", "coordinates": [ 80.3535498, 7.4908259 ] } },
{ "type": "Feature", "properties": { "name": "Kothalawala Maha Vidyalaya", "amenity": "school", "addr_city": null, "osm_id": 1843534112, "osm_type": "nodes" }, "geometry": { "type": "Point", "coordinates": [ 79.9835031, 6.9303637 ] } },
{ "type": "Feature", "properties": { "name": "J/Kollankaladdy Saiva TMS", "amenity": "school", "addr_city": "Maviddapuram South", "osm_id": 5059336846, "osm_type": "nodes" }, "geometry": { "type": "Point", "coordinates": [ 80.0248099, 9.7964317 ] } },
{ "type": "Feature", "properties": { "name": "Sumaga Vidyalaya", "amenity": "school", "addr_city": null, "osm_id": 673953421, "osm_type": "nodes" }, "geometry": { "type": "Point", "coordinates": [ 79.8701386, 6.8484516 ] } },
{ "type": "Feature", "properties": { "name": "Ulapane Maha Vidyalaya", "amenity": "school", "addr_city": "Ulapane", "osm_id": 4430200976, "osm_type": "nodes" }, "geometry": { "type": "Point", "coordinates": [ 80.5651912, 7.1094018 ] } },
{ "type": "Feature", "properties": { "name": "Iqra Muslim Maha Vidyalaya", "amenity": "school", "addr_city": "Ulapane", "osm_id": 1834911211, "osm_type": "nodes" }, "geometry": { "type": "Point", "coordinates": [ 80.5604946, 7.105041 ] } },
{ "type": "Feature", "properties": { "name": "Devi Balika Vidyalaya", "amenity": "school", "addr_city": null, "osm_id": 1831954210, "osm_type": "nodes" }, "geometry": { "type": "Point", "coordinates": [ 80.5566858, 7.1577112 ] } },
{ "type": "Feature", "properties": { "name": "Lakpahana Adventist College", "amenity": "school", "addr_city": "Mailapitiya", "osm_id": 4464475428, "osm_type": "nodes" }, "geometry": { "type": "Point", "coordinates": [ 80.7461148, 7.2295751 ] } },
{ "type": "Feature", "properties": { "name": "Ududeniya Muslim Vidyalaya", "amenity": "school", "addr_city": null, "osm_id": 4464475457, "osm_type": "nodes" }, "geometry": { "type": "Point", "coordinates": [ 80.7463079, 7.202279 ] } },
{ "type": "Feature", "properties": { "name": null, "amenity": "school", "addr_city": null, "osm_id": 4464428889, "osm_type": "nodes" }, "geometry": { "type": "Point", "coordinates": [ 81.8211126, 7.2271299 ] } },
{ "type": "Feature", "properties": { "name": "Jinaraja Boys College", "amenity": "school", "addr_city": "Gampola", "osm_id": 1831954206, "osm_type": "nodes" }, "geometry": { "type": "Point", "coordinates": [ 80.5569004, 7.1603406 ] } },
{ "type": "Feature", "properties": { "name": "Gangasiripura College", "amenity": "school", "addr_city": "Gampola", "osm_id": 3755864741, "osm_type": "nodes" }, "geometry": { "type": "Point", "coordinates": [ 80.5682103, 7.1634892 ] } },
{ "type": "Feature", "properties": { "name": "J - Pandatharippu Jacintha Roman Catholic Tamizh Mixed School", "amenity": "school", "addr_city": "?????????????", "osm_id": 4809467476, "osm_type": "nodes" }, "geometry": { "type": "Point", "coordinates": [ 79.9800232, 9.7704729 ] } },
{ "type": "Feature", "properties": { "name": "J - Silalai Roman Catholic Tamizh Mixed School", "amenity": "school", "addr_city": null, "osm_id": 4404644048, "osm_type": "nodes" }, "geometry": { "type": "Point", "coordinates": [ 79.9618147, 9.7775975 ] } },
{ "type": "Feature", "properties": { "name": "Nunasai school", "amenity": "school", "addr_city": "Mathagal West", "osm_id": 5056879484, "osm_type": "nodes" }, "geometry": { "type": "Point", "coordinates": [ 79.9549614, 9.7941933 ] } },
{ "type": "Feature", "properties": { "name": "J - Mathagal Saint Thomas Roman Catholic Girls School", "amenity": "school", "addr_city": "Mathagal South", "osm_id": 5056879485, "osm_type": "nodes" }, "geometry": { "type": "Point", "coordinates": [ 79.9660148, 9.7885782 ] } },
{ "type": "Feature", "properties": { "name": "J - Mareesankoodal Roman Catholic Tamizh Mixed School", "amenity": "school", "addr_city": "??????? ?????", "osm_id": 5056879487, "osm_type": "nodes" }, "geometry": { "type": "Point", "coordinates": [ 79.9803759, 9.8016508 ] } },
{ "type": "Feature", "properties": { "name": "J - Pannakam North American Mission Tamizh Mixed School", "amenity": "school", "addr_city": "?????????????", "osm_id": 5625769372, "osm_type": "nodes" }, "geometry": { "type": "Point", "coordinates": [ 79.9570592, 9.7712471 ] } },
{ "type": "Feature", "properties": { "name": "V/Kulavisuddan GTMS", "amenity": "school", "addr_city": null, "osm_id": 3927991976, "osm_type": "nodes" }, "geometry": { "type": "Point", "coordinates": [ 80.6137459, 9.0781592 ] } },
{ "type": "Feature", "properties": { "name": "Mu/Kathaliyar Sammalankulam  GTMS", "amenity": "school", "addr_city": null, "osm_id": 4443964357, "osm_type": "nodes" }, "geometry": { "type": "Point", "coordinates": [ 80.6472694, 9.1229448 ] } },
{ "type": "Feature", "properties": { "name": "J/Varany North Saivaprakasa Vidyalayam", "amenity": "school", "addr_city": "Varani North", "osm_id": 5630208516, "osm_type": "nodes" }, "geometry": { "type": "Point", "coordinates": [ 80.2327973, 9.7452329 ] } },
{ "type": "Feature", "properties": { "name": "Mu/Ambalpuram Tamil Vidyalayam", "amenity": "school", "addr_city": null, "osm_id": 4124716480, "osm_type": "nodes" }, "geometry": { "type": "Point", "coordinates": [ 80.367923, 9.1108181 ] } },
{ "type": "Feature", "properties": { "name": "Mahinda Vidyalaya", "amenity": "school", "addr_city": "Kurunegala", "osm_id": 3172046157, "osm_type": "nodes" }, "geometry": { "type": "Point", "coordinates": [ 80.377067, 7.4942478 ] } },
{ "type": "Feature", "properties": { "name": "V/Adaikala Annai Vidyalayam", "amenity": "school", "addr_city": null, "osm_id": 4126676188, "osm_type": "nodes" }, "geometry": { "type": "Point", "coordinates": [ 80.3462695, 8.608633 ] } },
{ "type": "Feature", "properties": { "name": "Lunuketiya Madiththa Maha Vidyalaya", "amenity": "school", "addr_city": null, "osm_id": 4428987894, "osm_type": "nodes" }, "geometry": { "type": "Point", "coordinates": [ 80.7228148, 7.325493 ] } },
{ "type": "Feature", "properties": { "name": null, "amenity": "school", "addr_city": null, "osm_id": 4427470491, "osm_type": "nodes" }, "geometry": { "type": "Point", "coordinates": [ 81.7878514, 7.539703 ] } },
{ "type": "Feature", "properties": { "name": "J/Kuppilan Vigneswara Vidyalayam", "amenity": "school", "addr_city": null, "osm_id": 4426763142, "osm_type": "nodes" }, "geometry": { "type": "Point", "coordinates": [ 80.0575711, 9.7668399 ] } },
{ "type": "Feature", "properties": { "name": "Sri Parakrama Maha Vidyalaya", "amenity": "school", "addr_city": null, "osm_id": 1795284371, "osm_type": "nodes" }, "geometry": { "type": "Point", "coordinates": [ 79.9553024, 6.7202533 ] } },
{ "type": "Feature", "properties": { "name": "Mu/Muthayankattu Right Bank Maha Vidyalayam", "amenity": "school", "addr_city": null, "osm_id": 4420683160, "osm_type": "nodes" }, "geometry": { "type": "Point", "coordinates": [ 80.6427331, 9.1956544 ] } },
{ "type": "Feature", "properties": { "name": "Mu/Muthayankattu Left Bank Maha Vidyalayam", "amenity": "school", "addr_city": null, "osm_id": 4420686695, "osm_type": "nodes" }, "geometry": { "type": "Point", "coordinates": [ 80.6456325, 9.2143021 ] } },
{ "type": "Feature", "properties": { "name": "Mu/Vannivilankulam GTMS", "amenity": "school", "addr_city": null, "osm_id": 4124711882, "osm_type": "nodes" }, "geometry": { "type": "Point", "coordinates": [ 80.39805, 9.1296453 ] } },
{ "type": "Feature", "properties": { "name": "Mu/Mulliyavalai RCTMS", "amenity": "school", "addr_city": null, "osm_id": 4418624188, "osm_type": "nodes" }, "geometry": { "type": "Point", "coordinates": [ 80.7779806, 9.2244222 ] } },
{ "type": "Feature", "properties": { "name": "Mn/Arippu Roman Catholic Tamil Vidyalayam", "amenity": "school", "addr_city": null, "osm_id": 4416981122, "osm_type": "nodes" }, "geometry": { "type": "Point", "coordinates": [ 79.9319517, 8.7973711 ] } },
{ "type": "Feature", "properties": { "name": "Holy Family Girls Scool", "amenity": "school", "addr_city": "Kurunegala", "osm_id": 3166327044, "osm_type": "nodes" }, "geometry": { "type": "Point", "coordinates": [ 80.3627094, 7.4866905 ] } },
{ "type": "Feature", "properties": { "name": "St. Joseph's Girls College", "amenity": "school", "addr_city": "Nugegoda WP", "osm_id": 1838371827, "osm_type": "nodes" }, "geometry": { "type": "Point", "coordinates": [ 79.8867451, 6.8707813 ] } },
{ "type": "Feature", "properties": { "name": "J/Subramaniya Vidyalayam", "amenity": "school", "addr_city": null, "osm_id": 1730332622, "osm_type": "nodes" }, "geometry": { "type": "Point", "coordinates": [ 79.9493415, 9.7435267 ] } },
{ "type": "Feature", "properties": { "name": "Mn/St Lawrens RCTMS", "amenity": "school", "addr_city": null, "osm_id": 4402950635, "osm_type": "nodes" }, "geometry": { "type": "Point", "coordinates": [ 79.7102278, 9.0966286 ] } },
{ "type": "Feature", "properties": { "name": "Mn/Karisal RCTM (Junior) Vidyalayam", "amenity": "school", "addr_city": null, "osm_id": 4403044129, "osm_type": "nodes" }, "geometry": { "type": "Point", "coordinates": [ 79.8411034, 9.0670537 ] } },
{ "type": "Feature", "properties": { "name": "J/Karai Uuri AMTM Vidyalayam", "amenity": "school", "addr_city": null, "osm_id": 4399318407, "osm_type": "nodes" }, "geometry": { "type": "Point", "coordinates": [ 79.8897375, 9.7175873 ] } },
{ "type": "Feature", "properties": { "name": "J/Kalvayal Sri Shamuganatha Vidyalayam", "amenity": "school", "addr_city": null, "osm_id": 4397822845, "osm_type": "nodes" }, "geometry": { "type": "Point", "coordinates": [ 80.1579482, 9.6731411 ] } },
{ "type": "Feature", "properties": { "name": "J/Siruppiddy Saiva Vidya Salai", "amenity": "school", "addr_city": null, "osm_id": 1706420776, "osm_type": "nodes" }, "geometry": { "type": "Point", "coordinates": [ 80.0964232, 9.7325203 ] } },
{ "type": "Feature", "properties": { "name": "V/Paddikudiyiruppu GTMS", "amenity": "school", "addr_city": "Paddikudrippu", "osm_id": 4120474674, "osm_type": "nodes" }, "geometry": { "type": "Point", "coordinates": [ 80.696992, 9.0119193 ] } },
{ "type": "Feature", "properties": { "name": "J/Chempiyanpattu GTMS", "amenity": "school", "addr_city": "Chempiyanpattu", "osm_id": 4362919879, "osm_type": "nodes" }, "geometry": { "type": "Point", "coordinates": [ 80.3662573, 9.6394372 ] } },
{ "type": "Feature", "properties": { "name": "J/Uduthurai Maha Vidyalayam", "amenity": "school", "addr_city": null, "osm_id": 4362799002, "osm_type": "nodes" }, "geometry": { "type": "Point", "coordinates": [ 80.4209839, 9.604537 ] } },
{ "type": "Feature", "properties": { "name": "Urapola Central College", "amenity": "school", "addr_city": null, "osm_id": 4350781707, "osm_type": "nodes" }, "geometry": { "type": "Point", "coordinates": [ 80.1447189, 7.0984592 ] } },
{ "type": "Feature", "properties": { "name": "St. Sebastian College", "amenity": "school", "addr_city": "Negombo", "osm_id": 1268347730, "osm_type": "nodes" }, "geometry": { "type": "Point", "coordinates": [ 79.8402398, 7.2178705 ] } },
{ "type": "Feature", "properties": { "name": "Panama Government Tamil School", "amenity": "school", "addr_city": null, "osm_id": 13193567766, "osm_type": "nodes" }, "geometry": { "type": "Point", "coordinates": [ 81.803217, 6.7552077 ] } },
{ "type": "Feature", "properties": { "name": "Maithripala Senanayake Central College", "amenity": "school", "addr_city": null, "osm_id": 1732697594, "osm_type": "nodes" }, "geometry": { "type": "Point", "coordinates": [ 80.4949038, 8.5363361 ] } },
{ "type": "Feature", "properties": { "name": "Holy Cross College", "amenity": "school", "addr_city": null, "osm_id": 2910338518, "osm_type": "nodes" }, "geometry": { "type": "Point", "coordinates": [ 80.0077351, 7.0886444 ] } },
{ "type": "Feature", "properties": { "name": "Luthar Vidyalaya", "amenity": "school", "addr_city": null, "osm_id": 4333366509, "osm_type": "nodes" }, "geometry": { "type": "Point", "coordinates": [ 79.9393655, 7.1615741 ] } },
{ "type": "Feature", "properties": { "name": "Arabi Vidyalaya", "amenity": "school", "addr_city": null, "osm_id": 4333366508, "osm_type": "nodes" }, "geometry": { "type": "Point", "coordinates": [ 79.940166, 7.1644315 ] } },
{ "type": "Feature", "properties": { "name": "Nalanda Boy's School Minuwangoda", "amenity": "school", "addr_city": null, "osm_id": 1847947613, "osm_type": "nodes" }, "geometry": { "type": "Point", "coordinates": [ 79.9514829, 7.1697029 ] } },
{ "type": "Feature", "properties": { "name": "?? - ????????? ??????? ????? ???????", "amenity": "school", "addr_city": null, "osm_id": 5625769371, "osm_type": "nodes" }, "geometry": { "type": "Point", "coordinates": [ 79.9508719, 9.7620656 ] } },
{ "type": "Feature", "properties": { "name": "Sirimavo Bandaranike Balika Vidyalaya", "amenity": "school", "addr_city": null, "osm_id": 1684508190, "osm_type": "nodes" }, "geometry": { "type": "Point", "coordinates": [ 81.6774844, 7.3040169 ] } },
{ "type": "Feature", "properties": { "name": "Tamil Vidyalaya", "amenity": "school", "addr_city": null, "osm_id": 1684508220, "osm_type": "nodes" }, "geometry": { "type": "Point", "coordinates": [ 81.6705107, 7.3023621 ] } },
{ "type": "Feature", "properties": { "name": "D S Senanayake National College", "amenity": "school", "addr_city": null, "osm_id": 1684401584, "osm_type": "nodes" }, "geometry": { "type": "Point", "coordinates": [ 81.6728281, 7.3027133 ] } },
{ "type": "Feature", "properties": { "name": "Deniyaya National School", "amenity": "school", "addr_city": "Deniyaya", "osm_id": 2176977990, "osm_type": "nodes" }, "geometry": { "type": "Point", "coordinates": [ 80.5571144, 6.3458396 ] } },
{ "type": "Feature", "properties": { "name": "St.Mathew Collega", "amenity": "school", "addr_city": "Deniyaya", "osm_id": 2176977984, "osm_type": "nodes" }, "geometry": { "type": "Point", "coordinates": [ 80.5610761, 6.3411842 ] } },
{ "type": "Feature", "properties": { "name": "Rajawella Tamil National School", "amenity": "school", "addr_city": null, "osm_id": 2343007809, "osm_type": "nodes" }, "geometry": { "type": "Point", "coordinates": [ 80.7301886, 7.2973378 ] } },
{ "type": "Feature", "properties": { "name": "Bogamuwa Central College", "amenity": "college", "addr_city": "Bogamuwa", "osm_id": 3168309879, "osm_type": "nodes" }, "geometry": { "type": "Point", "coordinates": [ 80.3658318, 7.4387954 ] } },
{ "type": "Feature", "properties": { "name": "JMC College Gampaha", "amenity": "college", "addr_city": null, "osm_id": 4333450561, "osm_type": "nodes" }, "geometry": { "type": "Point", "coordinates": [ 80.0075414, 7.0920549 ] } },
{ "type": "Feature", "properties": { "name": "Chenaikudiruppu Maha Vidyalaya", "amenity": null, "addr_city": "Kalmunai", "osm_id": 3331326367, "osm_type": "nodes" }, "geometry": { "type": "Point", "coordinates": [ 81.8043423, 7.4186317 ] } },
{ "type": "Feature", "properties": { "name": "Central College", "amenity": null, "addr_city": "Homagama", "osm_id": 3204151571, "osm_type": "nodes" }, "geometry": { "type": "Point", "coordinates": [ 80.0052683, 6.8467133 ] } },
{ "type": "Feature", "properties": { "name": "Maliyadeva Balika Vidyalaya", "amenity": null, "addr_city": "Kurunegala", "osm_id": 3171792858, "osm_type": "nodes" }, "geometry": { "type": "Point", "coordinates": [ 80.3620161, 7.4827987 ] } },
{ "type": "Feature", "properties": { "name": "Embilipitiya National School", "amenity": null, "addr_city": "Embilipitiya", "osm_id": 3145225041, "osm_type": "nodes" }, "geometry": { "type": "Point", "coordinates": [ 80.850921, 6.3283864 ] } },
{ "type": "Feature", "properties": { "name": "Embilipitiya Technical College", "amenity": null, "addr_city": "Embilipitiya", "osm_id": 3147140220, "osm_type": "nodes" }, "geometry": { "type": "Point", "coordinates": [ 80.8660601, 6.3146035 ] } },
{ "type": "Feature", "properties": { "name": "Joseph Vaz English Pre School", "amenity": "kindergarten", "addr_city": null, "osm_id": 4210863430, "osm_type": "nodes" }, "geometry": { "type": "Point", "coordinates": [ 80.4337864, 8.8302006 ] } },
{ "type": "Feature", "properties": { "name": "Pre School", "amenity": "kindergarten", "addr_city": null, "osm_id": 4175239362, "osm_type": "nodes" }, "geometry": { "type": "Point", "coordinates": [ 80.5146579, 8.7872718 ] } },
{ "type": "Feature", "properties": { "name": "Saraswathy Community Centre and Pre School", "amenity": "kindergarten", "addr_city": null, "osm_id": 3540564086, "osm_type": "nodes" }, "geometry": { "type": "Point", "coordinates": [ 80.0474319, 9.6869061 ] } },
{ "type": "Feature", "properties": { "name": "Rajambal Memorial Pre School", "amenity": "kindergarten", "addr_city": "Ariyalai", "osm_id": 7357886971, "osm_type": "nodes" }, "geometry": { "type": "Point", "coordinates": [ 80.0444241, 9.6603178 ] } },
{ "type": "Feature", "properties": { "name": "Neelammahara school", "amenity": "school", "addr_city": null, "osm_id": 1272975443, "osm_type": "nodes" }, "geometry": { "type": "Point", "coordinates": [ 79.9201573, 6.8286454 ] } },
{ "type": "Feature", "properties": { "name": "Wangiyakumbura Central Collage", "amenity": "school", "addr_city": null, "osm_id": 3874858928, "osm_type": "nodes" }, "geometry": { "type": "Point", "coordinates": [ 80.8824222, 6.8384161 ] } },
{ "type": "Feature", "properties": { "name": "Nedungamuwa Maha Vidyalaya", "amenity": "school", "addr_city": null, "osm_id": 6634800273, "osm_type": "nodes" }, "geometry": { "type": "Point", "coordinates": [ 80.9030414, 6.8734321 ] } },
{ "type": "Feature", "properties": { "name": "Poddiwala Maha Vidyalaya", "amenity": "school", "addr_city": null, "osm_id": 2610271941, "osm_type": "nodes" }, "geometry": { "type": "Point", "coordinates": [ 80.2650691, 6.2829315 ] } },
{ "type": "Feature", "properties": { "name": "Bengamuwa Chethiyakandanarama Viharaya", "amenity": "school", "addr_city": null, "osm_id": 4234048067, "osm_type": "nodes" }, "geometry": { "type": "Point", "coordinates": [ 80.6044644, 6.2605129 ] } },
{ "type": "Feature", "properties": { "name": "V/Veemankallu GTMS", "amenity": "school", "addr_city": "Veemankallu", "osm_id": 4211919335, "osm_type": "nodes" }, "geometry": { "type": "Point", "coordinates": [ 80.5463622, 8.8014167 ] } },
{ "type": "Feature", "properties": { "name": "V/Annanagar Parameswara Vidyalayam", "amenity": "school", "addr_city": null, "osm_id": 4126691961, "osm_type": "nodes" }, "geometry": { "type": "Point", "coordinates": [ 80.521723, 8.7657026 ] } },
{ "type": "Feature", "properties": { "name": "V/Tharanikkulam Ganesh Vidyalayam", "amenity": "school", "addr_city": "Tharanikkulam, Sasthirikoolankulam", "osm_id": 3984229853, "osm_type": "nodes" }, "geometry": { "type": "Point", "coordinates": [ 80.429747, 8.8255499 ] } },
{ "type": "Feature", "properties": { "name": "V/Parasakthy Vidyalayam", "amenity": "school", "addr_city": "Thetkiluppaikulamk, Vavuniya", "osm_id": 4210882799, "osm_type": "nodes" }, "geometry": { "type": "Point", "coordinates": [ 80.5192455, 8.7335228 ] } },
{ "type": "Feature", "properties": { "name": "Darmaraja Vidyalaya", "amenity": "school", "addr_city": null, "osm_id": 6790001466, "osm_type": "nodes" }, "geometry": { "type": "Point", "coordinates": [ 81.1581092, 8.5634328 ] } },
{ "type": "Feature", "properties": { "name": "V/Nedunkulam GSMS", "amenity": "school", "addr_city": "Nedunkulam", "osm_id": 4186782502, "osm_type": "nodes" }, "geometry": { "type": "Point", "coordinates": [ 80.5265679, 8.7611875 ] } },
{ "type": "Feature", "properties": { "name": "V/Church of Ceylon Tamil Maha Vidyalayam", "amenity": "school", "addr_city": null, "osm_id": 4092733478, "osm_type": "nodes" }, "geometry": { "type": "Point", "coordinates": [ 80.5011509, 8.7583326 ] } },
{ "type": "Feature", "properties": { "name": "V/Poonthoddam Maha Vidyalayam", "amenity": "school", "addr_city": null, "osm_id": 2408669944, "osm_type": "nodes" }, "geometry": { "type": "Point", "coordinates": [ 80.5053805, 8.7703782 ] } },
{ "type": "Feature", "properties": { "name": "V/Maharambaikulam GTMS", "amenity": "school", "addr_city": null, "osm_id": 4126697843, "osm_type": "nodes" }, "geometry": { "type": "Point", "coordinates": [ 80.5076076, 8.779458 ] } },
{ "type": "Feature", "properties": { "name": "V/Matheena Vidyalayam", "amenity": "school", "addr_city": null, "osm_id": 4126695917, "osm_type": "nodes" }, "geometry": { "type": "Point", "coordinates": [ 80.5171428, 8.7743671 ] } },
{ "type": "Feature", "properties": { "name": "V/Mahakachchakodiya GSMS", "amenity": "school", "addr_city": null, "osm_id": 6007855207, "osm_type": "nodes" }, "geometry": { "type": "Point", "coordinates": [ 80.5801641, 8.7931159 ] } },
{ "type": "Feature", "properties": { "name": "V/Atambagaskda Vidyalaya", "amenity": "school", "addr_city": "Etambagaskada", "osm_id": 5648624701, "osm_type": "nodes" }, "geometry": { "type": "Point", "coordinates": [ 80.5323993, 8.7840471 ] } },
{ "type": "Feature", "properties": { "name": "V/Thirunajanasampanthar Vidyalayam", "amenity": "school", "addr_city": "Sri Ramapuram", "osm_id": 4175239339, "osm_type": "nodes" }, "geometry": { "type": "Point", "coordinates": [ 80.5140727, 8.7870808 ] } },
{ "type": "Feature", "properties": { "name": "V/Karupanichankulam GTMS", "amenity": "school", "addr_city": null, "osm_id": 4170671140, "osm_type": "nodes" }, "geometry": { "type": "Point", "coordinates": [ 80.5093449, 8.794765 ] } },
{ "type": "Feature", "properties": { "name": "V/Gamini Vidyalaya", "amenity": "school", "addr_city": null, "osm_id": 5614653921, "osm_type": "nodes" }, "geometry": { "type": "Point", "coordinates": [ 80.4944262, 8.7622588 ] } },
{ "type": "Feature", "properties": { "name": "V/Saivapirakasa Ladies College", "amenity": "school", "addr_city": null, "osm_id": 4092719604, "osm_type": "nodes" }, "geometry": { "type": "Point", "coordinates": [ 80.4976238, 8.7563126 ] } },
{ "type": "Feature", "properties": { "name": "V/Saivapiragasa Primary School", "amenity": "school", "addr_city": null, "osm_id": 4430638871, "osm_type": "nodes" }, "geometry": { "type": "Point", "coordinates": [ 80.49696, 8.7571259 ] } },
{ "type": "Feature", "properties": { "name": "T/Illanthaikulam GMMS", "amenity": "school", "addr_city": null, "osm_id": 6001074446, "osm_type": "nodes" }, "geometry": { "type": "Point", "coordinates": [ 81.0835361, 8.852233 ] } },
{ "type": "Feature", "properties": { "name": "T/Triyai Tamil Vidyalayam", "amenity": "school", "addr_city": null, "osm_id": 6001074444, "osm_type": "nodes" }, "geometry": { "type": "Point", "coordinates": [ 81.0235222, 8.8690664 ] } },
{ "type": "Feature", "properties": { "name": "T/An-nooriya MMV", "amenity": "school", "addr_city": null, "osm_id": 6001074447, "osm_type": "nodes" }, "geometry": { "type": "Point", "coordinates": [ 81.0958607, 8.8241532 ] } },
{ "type": "Feature", "properties": { "name": "T/Arafatnagar Muslim Vidyalayam", "amenity": "school", "addr_city": null, "osm_id": 6001074442, "osm_type": "nodes" }, "geometry": { "type": "Point", "coordinates": [ 80.9913766, 8.9305133 ] } },
{ "type": "Feature", "properties": { "name": "T/Pullmoddai Muslim MV", "amenity": "school", "addr_city": null, "osm_id": 6001074440, "osm_type": "nodes" }, "geometry": { "type": "Point", "coordinates": [ 80.9851858, 8.9405719 ] } },
{ "type": "Feature", "properties": { "name": "T/Jinnapuram GMMS", "amenity": "school", "addr_city": null, "osm_id": 6001074439, "osm_type": "nodes" }, "geometry": { "type": "Point", "coordinates": [ 80.9839636, 8.9519887 ] } },
{ "type": "Feature", "properties": { "name": "Mu/Kokilai GTMS", "amenity": "school", "addr_city": null, "osm_id": 4417920813, "osm_type": "nodes" }, "geometry": { "type": "Point", "coordinates": [ 80.9494207, 9.0000265 ] } },
{ "type": "Feature", "properties": { "name": "V/Srinagarajah Vidyalayam", "amenity": "school", "addr_city": "Sithamparapuram", "osm_id": 4176697682, "osm_type": "nodes" }, "geometry": { "type": "Point", "coordinates": [ 80.5270723, 8.6810557 ] } },
{ "type": "Feature", "properties": { "name": "V/Velikulam J.H.S", "amenity": "school", "addr_city": null, "osm_id": 4126645357, "osm_type": "nodes" }, "geometry": { "type": "Point", "coordinates": [ 80.5162947, 8.7490032 ] } },
{ "type": "Feature", "properties": { "name": "V/Asikulam GTMS", "amenity": "school", "addr_city": "Asikulam", "osm_id": 4191054460, "osm_type": "nodes" }, "geometry": { "type": "Point", "coordinates": [ 80.5304749, 8.6922532 ] } },
{ "type": "Feature", "properties": { "name": "V/Madukanda National School", "amenity": "school", "addr_city": null, "osm_id": 4092752351, "osm_type": "nodes" }, "geometry": { "type": "Point", "coordinates": [ 80.535349, 8.7428694 ] } },
{ "type": "Feature", "properties": { "name": "V/Samalankulam GTMS", "amenity": "school", "addr_city": null, "osm_id": 3939281933, "osm_type": "nodes" }, "geometry": { "type": "Point", "coordinates": [ 80.5120329, 8.7188151 ] } },
{ "type": "Feature", "properties": { "name": "V/Vavuniya Hindu College", "amenity": "school", "addr_city": null, "osm_id": 4093204834, "osm_type": "nodes" }, "geometry": { "type": "Point", "coordinates": [ 80.5084411, 8.7385746 ] } },
{ "type": "Feature", "properties": { "name": null, "amenity": "school", "addr_city": null, "osm_id": 4595530333, "osm_type": "nodes" }, "geometry": { "type": "Point", "coordinates": [ 80.7688562, 8.8899834 ] } },
{ "type": "Feature", "properties": { "name": null, "amenity": "school", "addr_city": null, "osm_id": 4590655529, "osm_type": "nodes" }, "geometry": { "type": "Point", "coordinates": [ 80.7752012, 8.9041497 ] } },
{ "type": "Feature", "properties": { "name": "Mu/Sampathnuwara Maha Vidayalaya", "amenity": "school", "addr_city": "ETHAWETUNUWEWA", "osm_id": 4417968930, "osm_type": "nodes" }, "geometry": { "type": "Point", "coordinates": [ 80.7745782, 8.976166 ] } },
{ "type": "Feature", "properties": { "name": "V/Paddaipirinthakulam GTMS", "amenity": "school", "addr_city": "Paddadaipirinthakulam", "osm_id": 4169949978, "osm_type": "nodes" }, "geometry": { "type": "Point", "coordinates": [ 80.6608099, 8.9987321 ] } },
{ "type": "Feature", "properties": { "name": "V/Maruthodai GTMS", "amenity": "school", "addr_city": null, "osm_id": 4126732389, "osm_type": "nodes" }, "geometry": { "type": "Point", "coordinates": [ 80.6766506, 8.9712173 ] } },
{ "type": "Feature", "properties": { "name": "V/Unchalkaddy GTMS", "amenity": "school", "addr_city": null, "osm_id": 4206318102, "osm_type": "nodes" }, "geometry": { "type": "Point", "coordinates": [ 80.6573908, 8.9633341 ] } },
{ "type": "Feature", "properties": { "name": "V/Chemamadu Unit II GTMS", "amenity": "school", "addr_city": "Chemamadu", "osm_id": 5647299299, "osm_type": "nodes" }, "geometry": { "type": "Point", "coordinates": [ 80.5956042, 8.8916832 ] } },
{ "type": "Feature", "properties": { "name": "V/Nochchikulam No 1 JSV", "amenity": "school", "addr_city": "Maligai", "osm_id": 5656033306, "osm_type": "nodes" }, "geometry": { "type": "Point", "coordinates": [ 80.5564479, 8.8882187 ] } },
{ "type": "Feature", "properties": { "name": "V/Anantharpuliyankulam GTMS", "amenity": "school", "addr_city": null, "osm_id": 4092767467, "osm_type": "nodes" }, "geometry": { "type": "Point", "coordinates": [ 80.5915628, 8.9685579 ] } },
{ "type": "Feature", "properties": { "name": "V/Vigneswara Maha Vidyalayam", "amenity": "school", "addr_city": null, "osm_id": 3936126823, "osm_type": "nodes" }, "geometry": { "type": "Point", "coordinates": [ 80.5943291, 8.9889707 ] } },
{ "type": "Feature", "properties": { "name": "V/Katkulam GTMS", "amenity": "school", "addr_city": "Katkulam", "osm_id": 4080828018, "osm_type": "nodes" }, "geometry": { "type": "Point", "coordinates": [ 80.6814215, 9.0012107 ] } },
{ "type": "Feature", "properties": { "name": "Mu/Janakapura Primary School", "amenity": "school", "addr_city": null, "osm_id": 4417953159, "osm_type": "nodes" }, "geometry": { "type": "Point", "coordinates": [ 80.8401936, 9.0098922 ] } },
{ "type": "Feature", "properties": { "name": "Mu/Kalyanipura Vidyalayam", "amenity": "school", "addr_city": null, "osm_id": 4806313669, "osm_type": "nodes" }, "geometry": { "type": "Point", "coordinates": [ 80.774823, 9.0108174 ] } },
{ "type": "Feature", "properties": { "name": "Mn/Punithavalanar RCTMS", "amenity": "school", "addr_city": "Thalvupadu", "osm_id": 4793419541, "osm_type": "nodes" }, "geometry": { "type": "Point", "coordinates": [ 79.8687511, 8.9928028 ] } },
{ "type": "Feature", "properties": { "name": "Mn/Santhipuram GTMS", "amenity": "school", "addr_city": "Mannar", "osm_id": 4794419283, "osm_type": "nodes" }, "geometry": { "type": "Point", "coordinates": [ 79.8935638, 8.9824032 ] } },
{ "type": "Feature", "properties": { "name": "Mn/St. Xavier's Boys College", "amenity": "school", "addr_city": null, "osm_id": 3664664776, "osm_type": "nodes" }, "geometry": { "type": "Point", "coordinates": [ 79.9102654, 8.9853371 ] } },
{ "type": "Feature", "properties": { "name": "Mn/St Lucia's MV", "amenity": "school", "addr_city": null, "osm_id": 4416335578, "osm_type": "nodes" }, "geometry": { "type": "Point", "coordinates": [ 79.9255737, 8.9807854 ] } },
{ "type": "Feature", "properties": { "name": "Mn/St. Xavier's Girls' College", "amenity": "school", "addr_city": null, "osm_id": 4416352255, "osm_type": "nodes" }, "geometry": { "type": "Point", "coordinates": [ 79.9084155, 8.9813537 ] } },
{ "type": "Feature", "properties": { "name": "Mn/Al-azar Maha Vidyalaya", "amenity": "school", "addr_city": null, "osm_id": 4416341083, "osm_type": "nodes" }, "geometry": { "type": "Point", "coordinates": [ 79.9142685, 8.9801232 ] } },
{ "type": "Feature", "properties": { "name": "Mn/Puthukkamam GTMS", "amenity": "school", "addr_city": "Uyilankulam", "osm_id": 4416960680, "osm_type": "nodes" }, "geometry": { "type": "Point", "coordinates": [ 79.9547022, 8.876717 ] } },
{ "type": "Feature", "properties": { "name": "Mn/Naruvulikkulam GTMS", "amenity": "school", "addr_city": null, "osm_id": 4405903654, "osm_type": "nodes" }, "geometry": { "type": "Point", "coordinates": [ 79.9453121, 8.8639066 ] } },
{ "type": "Feature", "properties": { "name": "Mn/Vanchiyankulam GTMS", "amenity": "school", "addr_city": null, "osm_id": 4416969915, "osm_type": "nodes" }, "geometry": { "type": "Point", "coordinates": [ 79.965084, 8.8644419 ] } },
{ "type": "Feature", "properties": { "name": "Mn/Pandaraweli GMMS", "amenity": "school", "addr_city": "Pandaraweli", "osm_id": 4796023756, "osm_type": "nodes" }, "geometry": { "type": "Point", "coordinates": [ 79.9571493, 8.7777373 ] } },
{ "type": "Feature", "properties": { "name": "Mn/Thalaimannar Pier GMMS", "amenity": "school", "addr_city": null, "osm_id": 4402927168, "osm_type": "nodes" }, "geometry": { "type": "Point", "coordinates": [ 79.7328617, 9.1029582 ] } },
{ "type": "Feature", "properties": { "name": "Mn/Thalaimannar Pier GTMS", "amenity": "school", "addr_city": null, "osm_id": 4402943398, "osm_type": "nodes" }, "geometry": { "type": "Point", "coordinates": [ 79.7270537, 9.0906057 ] } },
{ "type": "Feature", "properties": { "name": "Kn/Paramankirai GTMS", "amenity": "school", "addr_city": null, "osm_id": 4172023532, "osm_type": "nodes" }, "geometry": { "type": "Point", "coordinates": [ 80.1904087, 9.5344793 ] } },
{ "type": "Feature", "properties": { "name": "Kn/Gnanimadam GTMS", "amenity": "school", "addr_city": null, "osm_id": 4172036255, "osm_type": "nodes" }, "geometry": { "type": "Point", "coordinates": [ 80.2252694, 9.5206448 ] } },
{ "type": "Feature", "properties": { "name": "Kn/Madduvilnadu GTMS", "amenity": "school", "addr_city": null, "osm_id": 4368272495, "osm_type": "nodes" }, "geometry": { "type": "Point", "coordinates": [ 80.1882262, 9.5118144 ] } },
{ "type": "Feature", "properties": { "name": "Kn/Umaiyalpuram GTMS", "amenity": "school", "addr_city": "Umaiyalpuram", "osm_id": 3958966801, "osm_type": "nodes" }, "geometry": { "type": "Point", "coordinates": [ 80.4082919, 9.4736746 ] } },
{ "type": "Feature", "properties": { "name": "J/Maruthankerni HTMS", "amenity": "school", "addr_city": null, "osm_id": 4362797332, "osm_type": "nodes" }, "geometry": { "type": "Point", "coordinates": [ 80.408933, 9.6124842 ] } },
{ "type": "Feature", "properties": { "name": "J/Vettilaikerni Parameswara Vidyalayam", "amenity": "school", "addr_city": null, "osm_id": 4362813605, "osm_type": "nodes" }, "geometry": { "type": "Point", "coordinates": [ 80.4727288, 9.5743355 ] } },
{ "type": "Feature", "properties": { "name": "J/Kaddaikadu RCTM School", "amenity": "school", "addr_city": null, "osm_id": 4362823211, "osm_type": "nodes" }, "geometry": { "type": "Point", "coordinates": [ 80.4866186, 9.5599378 ] } },
{ "type": "Feature", "properties": { "name": "Kn/Kovilvayal CCTMS", "amenity": "school", "addr_city": null, "osm_id": 4365217613, "osm_type": "nodes" }, "geometry": { "type": "Point", "coordinates": [ 80.4222285, 9.5541916 ] } },
{ "type": "Feature", "properties": { "name": "Kn/Chellaiyathivu GTMS", "amenity": "school", "addr_city": null, "osm_id": 4112130598, "osm_type": "nodes" }, "geometry": { "type": "Point", "coordinates": [ 80.2306437, 9.469307 ] } },
{ "type": "Feature", "properties": { "name": "Kn/St. Fatima RCTMS", "amenity": "school", "addr_city": null, "osm_id": 4109934199, "osm_type": "nodes" }, "geometry": { "type": "Point", "coordinates": [ 80.3646416, 9.402089 ] } },
{ "type": "Feature", "properties": { "name": "Kn/Sivanagar GTMS", "amenity": "school", "addr_city": null, "osm_id": 4178037333, "osm_type": "nodes" }, "geometry": { "type": "Point", "coordinates": [ 80.3370107, 9.3984821 ] } },
{ "type": "Feature", "properties": { "name": "Kn/Paranthan GTMS", "amenity": "school", "addr_city": null, "osm_id": 4367339182, "osm_type": "nodes" }, "geometry": { "type": "Point", "coordinates": [ 80.352355, 9.4342413 ] } },
{ "type": "Feature", "properties": { "name": "Kn/Samipulam GTMS", "amenity": "school", "addr_city": null, "osm_id": 4366510179, "osm_type": "nodes" }, "geometry": { "type": "Point", "coordinates": [ 80.2782577, 9.4463911 ] } },
{ "type": "Feature", "properties": { "name": "Kn/Hindu Primary School", "amenity": "school", "addr_city": null, "osm_id": 4180537128, "osm_type": "nodes" }, "geometry": { "type": "Point", "coordinates": [ 80.3800973, 9.3884477 ] } },
{ "type": "Feature", "properties": { "name": "Kn/Selvanagar GTMS", "amenity": "school", "addr_city": null, "osm_id": 4180547309, "osm_type": "nodes" }, "geometry": { "type": "Point", "coordinates": [ 80.3715733, 9.3694045 ] } },
{ "type": "Feature", "properties": { "name": "Kn/Puthumurippu Vigneswara Vidyalayam", "amenity": "school", "addr_city": null, "osm_id": 4107951963, "osm_type": "nodes" }, "geometry": { "type": "Point", "coordinates": [ 80.3528407, 9.3716786 ] } },
{ "type": "Feature", "properties": { "name": "Kn/Konavil Kanthi Primary Vidyalayam", "amenity": "school", "addr_city": null, "osm_id": 4107186758, "osm_type": "nodes" }, "geometry": { "type": "Point", "coordinates": [ 80.3245642, 9.3612784 ] } },
{ "type": "Feature", "properties": { "name": "Kn/Konavil Maha Vidyalayam", "amenity": "school", "addr_city": null, "osm_id": 4107188143, "osm_type": "nodes" }, "geometry": { "type": "Point", "coordinates": [ 80.3267697, 9.3612046 ] } },
{ "type": "Feature", "properties": { "name": "Kn/Kannakaipuram GTMS", "amenity": "school", "addr_city": null, "osm_id": 4178136587, "osm_type": "nodes" }, "geometry": { "type": "Point", "coordinates": [ 80.2986605, 9.3711352 ] } },
{ "type": "Feature", "properties": { "name": "Kn/Skanthapuram No1 GTMS", "amenity": "school", "addr_city": null, "osm_id": 4178126965, "osm_type": "nodes" }, "geometry": { "type": "Point", "coordinates": [ 80.3049744, 9.3324557 ] } },
{ "type": "Feature", "properties": { "name": "Kn/Skanthapuram No-02 G.T.M School", "amenity": "school", "addr_city": null, "osm_id": 4178128527, "osm_type": "nodes" }, "geometry": { "type": "Point", "coordinates": [ 80.2916009, 9.3349833 ] } },
{ "type": "Feature", "properties": { "name": "Kn/Kandawalai Maha Vidyalayam", "amenity": "school", "addr_city": null, "osm_id": 4180473864, "osm_type": "nodes" }, "geometry": { "type": "Point", "coordinates": [ 80.4874815, 9.4556816 ] } },
{ "type": "Feature", "properties": { "name": "J/Kerudavil HTMS", "amenity": "school", "addr_city": null, "osm_id": 4622347371, "osm_type": "nodes" }, "geometry": { "type": "Point", "coordinates": [ 80.1494163, 9.8181993 ] } },
{ "type": "Feature", "properties": { "name": "J/Valvetty Vinayagar Vidyalayam", "amenity": "school", "addr_city": "Valvetty", "osm_id": 5658887169, "osm_type": "nodes" }, "geometry": { "type": "Point", "coordinates": [ 80.1699737, 9.8192826 ] } },
{ "type": "Feature", "properties": { "name": "J/Valvai Sivagur Vidyasalai", "amenity": "school", "addr_city": null, "osm_id": 5658887167, "osm_type": "nodes" }, "geometry": { "type": "Point", "coordinates": [ 80.1654906, 9.8251162 ] } },
{ "type": "Feature", "properties": { "name": "J/Chithampara College", "amenity": "school", "addr_city": "Valvettithurai South West", "osm_id": 5647108892, "osm_type": "nodes" }, "geometry": { "type": "Point", "coordinates": [ 80.1607587, 9.8242 ] } },
{ "type": "Feature", "properties": { "name": "J/Uduppiddy AM College", "amenity": "school", "addr_city": "Valvettithurai", "osm_id": 5641992884, "osm_type": "nodes" }, "geometry": { "type": "Point", "coordinates": [ 80.1652974, 9.8054363 ] } },
{ "type": "Feature", "properties": { "name": "J/Veeragathipillai Maha Vidyalayam", "amenity": "school", "addr_city": null, "osm_id": 4426792279, "osm_type": "nodes" }, "geometry": { "type": "Point", "coordinates": [ 80.1379755, 9.8182978 ] } },
{ "type": "Feature", "properties": { "name": "J/Uduppiddy Saivapiragasa Vidyalayam", "amenity": "school", "addr_city": null, "osm_id": 5640724348, "osm_type": "nodes" }, "geometry": { "type": "Point", "coordinates": [ 80.1510417, 9.80281 ] } },
{ "type": "Feature", "properties": { "name": "J/Polikandy HTMS", "amenity": "school", "addr_city": "Polikandy", "osm_id": 2729201107, "osm_type": "nodes" }, "geometry": { "type": "Point", "coordinates": [ 80.1889729, 9.8216091 ] } },
{ "type": "Feature", "properties": { "name": "J/Vada Hindu Ladies College", "amenity": "school", "addr_city": null, "osm_id": 4406333172, "osm_type": "nodes" }, "geometry": { "type": "Point", "coordinates": [ 80.2311945, 9.8174026 ] } },
{ "type": "Feature", "properties": { "name": "J/Holy Family Convent", "amenity": "school", "addr_city": null, "osm_id": 4406329997, "osm_type": "nodes" }, "geometry": { "type": "Point", "coordinates": [ 80.2433135, 9.8270721 ] } },
{ "type": "Feature", "properties": { "name": "J/Thumpalai Sivapirakasa Vithiyalayam", "amenity": "school", "addr_city": null, "osm_id": 4406327872, "osm_type": "nodes" }, "geometry": { "type": "Point", "coordinates": [ 80.2451331, 9.8216678 ] } },
{ "type": "Feature", "properties": { "name": "J/Puloly Methodist Mission Tamil Mixed School", "amenity": "school", "addr_city": null, "osm_id": 4406335404, "osm_type": "nodes" }, "geometry": { "type": "Point", "coordinates": [ 80.2266558, 9.8047083 ] } },
{ "type": "Feature", "properties": { "name": "J/Puttalai Maha Vidyalayam", "amenity": "school", "addr_city": null, "osm_id": 4497743189, "osm_type": "nodes" }, "geometry": { "type": "Point", "coordinates": [ 80.23288, 9.8066648 ] } },
{ "type": "Feature", "properties": { "name": "J/Sacred Heart College", "amenity": "school", "addr_city": null, "osm_id": 4406356174, "osm_type": "nodes" }, "geometry": { "type": "Point", "coordinates": [ 80.2024928, 9.7967151 ] } },
{ "type": "Feature", "properties": { "name": "J/Karavavai Vetharanieswara Vidyalayam", "amenity": "school", "addr_city": null, "osm_id": 5641992888, "osm_type": "nodes" }, "geometry": { "type": "Point", "coordinates": [ 80.1882913, 9.7930232 ] } },
{ "type": "Feature", "properties": { "name": "J/Alvai Sinnathamby Vidyalayam", "amenity": "school", "addr_city": "Alvai East", "osm_id": 5661584826, "osm_type": "nodes" }, "geometry": { "type": "Point", "coordinates": [ 80.2117901, 9.8070589 ] } },
{ "type": "Feature", "properties": { "name": "J/Karanavai MV", "amenity": "school", "addr_city": null, "osm_id": 5641992886, "osm_type": "nodes" }, "geometry": { "type": "Point", "coordinates": [ 80.1737645, 9.7853586 ] } },
{ "type": "Feature", "properties": { "name": "J/Kaddaively Yarkkaru Vinayagar Vidyalayam", "amenity": "school", "addr_city": null, "osm_id": 4469412265, "osm_type": "nodes" }, "geometry": { "type": "Point", "coordinates": [ 80.2082627, 9.7797429 ] } },
{ "type": "Feature", "properties": { "name": "J/Nelliady MMTMS", "amenity": "school", "addr_city": null, "osm_id": 4465097846, "osm_type": "nodes" }, "geometry": { "type": "Point", "coordinates": [ 80.203118, 9.8086788 ] } },
{ "type": "Feature", "properties": { "name": "J/Karanavai Thamothara Vidyalayam", "amenity": "school", "addr_city": null, "osm_id": 4512927862, "osm_type": "nodes" }, "geometry": { "type": "Point", "coordinates": [ 80.1821468, 9.8056389 ] } },
{ "type": "Feature", "properties": { "name": "J/Thevaraiyali Hindu College", "amenity": "school", "addr_city": null, "osm_id": 4511959177, "osm_type": "nodes" }, "geometry": { "type": "Point", "coordinates": [ 80.2015914, 9.8145346 ] } },
{ "type": "Feature", "properties": { "name": "J/Vathiry North MMTMS", "amenity": "school", "addr_city": null, "osm_id": 5661584827, "osm_type": "nodes" }, "geometry": { "type": "Point", "coordinates": [ 80.2055892, 9.8142459 ] } },
{ "type": "Feature", "properties": { "name": "J/Mathanai MMTMS", "amenity": "school", "addr_city": "Puloly North", "osm_id": 5645820495, "osm_type": "nodes" }, "geometry": { "type": "Point", "coordinates": [ 80.2393338, 9.8157913 ] } },
{ "type": "Feature", "properties": { "name": "J/Puloly East GTMS", "amenity": "school", "addr_city": "Puloly North East", "osm_id": 5645820496, "osm_type": "nodes" }, "geometry": { "type": "Point", "coordinates": [ 80.2389658, 9.810146 ] } },
{ "type": "Feature", "properties": { "name": "J/Imayanan GTMS", "amenity": "school", "addr_city": null, "osm_id": 5641992885, "osm_type": "nodes" }, "geometry": { "type": "Point", "coordinates": [ 80.1697675, 9.798223 ] } },
{ "type": "Feature", "properties": { "name": "J/Vigneswara Primary School", "amenity": "school", "addr_city": "Karaveddy South", "osm_id": 5641992889, "osm_type": "nodes" }, "geometry": { "type": "Point", "coordinates": [ 80.1953743, 9.791933 ] } },
{ "type": "Feature", "properties": { "name": "J/Kaithady Muthukumaraswmy Maha Vidyalayam", "amenity": "school", "addr_city": null, "osm_id": 3540487907, "osm_type": "nodes" }, "geometry": { "type": "Point", "coordinates": [ 80.0950792, 9.6794524 ] } },
{ "type": "Feature", "properties": { "name": "J/Kaithady Sethukavalar Vidyalayam", "amenity": "school", "addr_city": null, "osm_id": 3540531813, "osm_type": "nodes" }, "geometry": { "type": "Point", "coordinates": [ 80.0971877, 9.6827255 ] } },
{ "type": "Feature", "properties": { "name": "J/Madduvil Chadramoleeswara Vidyalayam", "amenity": "school", "addr_city": null, "osm_id": 3540613386, "osm_type": "nodes" }, "geometry": { "type": "Point", "coordinates": [ 80.1485604, 9.6960754 ] } },
{ "type": "Feature", "properties": { "name": "J/Madduvil Kalamasini Vidyalayam", "amenity": "school", "addr_city": "Madduvil", "osm_id": 3540612363, "osm_type": "nodes" }, "geometry": { "type": "Point", "coordinates": [ 80.1596085, 9.6917658 ] } },
{ "type": "Feature", "properties": { "name": "J/Kapputhoo Ehampara Vidyalayam( Not Functioning)", "amenity": "school", "addr_city": null, "osm_id": 4471080688, "osm_type": "nodes" }, "geometry": { "type": "Point", "coordinates": [ 80.1707745, 9.7474841 ] } },
{ "type": "Feature", "properties": { "name": "J/Vatharawattai Vigneaswara Vidyalayam", "amenity": "school", "addr_city": null, "osm_id": 4470836909, "osm_type": "nodes" }, "geometry": { "type": "Point", "coordinates": [ 80.1406381, 9.7302954 ] } },
{ "type": "Feature", "properties": { "name": "J/Sri Panjaseeha Vidyalayam", "amenity": "school", "addr_city": null, "osm_id": 4402674289, "osm_type": "nodes" }, "geometry": { "type": "Point", "coordinates": [ 80.1049814, 9.7349498 ] } },
{ "type": "Feature", "properties": { "name": "J/Puthoor Methodist Mission Tamil Mixed School", "amenity": "school", "addr_city": null, "osm_id": 4395584967, "osm_type": "nodes" }, "geometry": { "type": "Point", "coordinates": [ 80.1084879, 9.7485351 ] } },
{ "type": "Feature", "properties": { "name": "J/Siruppiddy G.T.M. School", "amenity": "school", "addr_city": null, "osm_id": 4402676786, "osm_type": "nodes" }, "geometry": { "type": "Point", "coordinates": [ 80.0934669, 9.7418533 ] } },
{ "type": "Feature", "properties": { "name": "J/Attiyar Hindu College", "amenity": "school", "addr_city": "Neervely North", "osm_id": 4815150274, "osm_type": "nodes" }, "geometry": { "type": "Point", "coordinates": [ 80.0840824, 9.7204149 ] } },
{ "type": "Feature", "properties": { "name": "J/Eruthidal GTMS", "amenity": "school", "addr_city": null, "osm_id": 4387383501, "osm_type": "nodes" }, "geometry": { "type": "Point", "coordinates": [ 80.1149932, 9.6924296 ] } },
{ "type": "Feature", "properties": { "name": "J/Kaithady Kurusamy Vidaylayam", "amenity": "school", "addr_city": null, "osm_id": 3540505197, "osm_type": "nodes" }, "geometry": { "type": "Point", "coordinates": [ 80.104802, 9.6944302 ] } },
{ "type": "Feature", "properties": { "name": "J/Puththakalady Sri Vishnu Vidyalayam", "amenity": "school", "addr_city": null, "osm_id": 1765123558, "osm_type": "nodes" }, "geometry": { "type": "Point", "coordinates": [ 80.1170983, 9.7528336 ] } },
{ "type": "Feature", "properties": { "name": "J/Nadaraja Ramalinga Vidyalayam", "amenity": "school", "addr_city": null, "osm_id": 1765123557, "osm_type": "nodes" }, "geometry": { "type": "Point", "coordinates": [ 80.1131534, 9.7595319 ] } },
{ "type": "Feature", "properties": { "name": "J/Avarangal Mahajana Vidyalayam", "amenity": "school", "addr_city": null, "osm_id": 1765123556, "osm_type": "nodes" }, "geometry": { "type": "Point", "coordinates": [ 80.1171456, 9.7618902 ] } },
{ "type": "Feature", "properties": { "name": "J/Sri Somaskanda College", "amenity": "school", "addr_city": "Puttur", "osm_id": 4322762451, "osm_type": "nodes" }, "geometry": { "type": "Point", "coordinates": [ 80.1057463, 9.7450508 ] } },
{ "type": "Feature", "properties": { "name": "J/Puttur Hindu Primary School", "amenity": "school", "addr_city": "Puttur West", "osm_id": 4828762556, "osm_type": "nodes" }, "geometry": { "type": "Point", "coordinates": [ 80.1044049, 9.745352 ] } },
{ "type": "Feature", "properties": { "name": "J/Maravanpulo Sakalakalaavalli Vidyalayam", "amenity": "school", "addr_city": null, "osm_id": 4365179481, "osm_type": "nodes" }, "geometry": { "type": "Point", "coordinates": [ 80.1352129, 9.6317981 ] } },
{ "type": "Feature", "properties": { "name": "J/Kachchai GTMS", "amenity": "school", "addr_city": null, "osm_id": 4387395831, "osm_type": "nodes" }, "geometry": { "type": "Point", "coordinates": [ 80.2146299, 9.6564675 ] } },
{ "type": "Feature", "properties": { "name": "J/Chavakachcheri Ladies College", "amenity": "school", "addr_city": null, "osm_id": 4397816328, "osm_type": "nodes" }, "geometry": { "type": "Point", "coordinates": [ 80.1615919, 9.6659151 ] } },
{ "type": "Feature", "properties": { "name": "J/Chandirapura Skanthavarothaya Mahavidyalayam", "amenity": "school", "addr_city": null, "osm_id": 3540600124, "osm_type": "nodes" }, "geometry": { "type": "Point", "coordinates": [ 80.1486865, 9.6795268 ] } },
{ "type": "Feature", "properties": { "name": "J/Chavakachcheri Hindu College", "amenity": "school", "addr_city": null, "osm_id": 1148495198, "osm_type": "nodes" }, "geometry": { "type": "Point", "coordinates": [ 80.1727685, 9.6647245 ] } },
{ "type": "Feature", "properties": { "name": "J/Manthuvil Sri Bharathy Vidyalayam", "amenity": "school", "addr_city": "Manthuvil East", "osm_id": 4819221475, "osm_type": "nodes" }, "geometry": { "type": "Point", "coordinates": [ 80.202237, 9.7008564 ] } },
{ "type": "Feature", "properties": { "name": "J/Madduvil North GTMS", "amenity": "school", "addr_city": "Madduvil North", "osm_id": 5630208511, "osm_type": "nodes" }, "geometry": { "type": "Point", "coordinates": [ 80.1523212, 9.6856585 ] } },
{ "type": "Feature", "properties": { "name": "Mn/Anthoyarpuram GTMS", "amenity": "school", "addr_city": null, "osm_id": 4405195297, "osm_type": "nodes" }, "geometry": { "type": "Point", "coordinates": [ 80.082897, 9.0988439 ] } },
{ "type": "Feature", "properties": { "name": "Mn/Illupaikadavai GTMS", "amenity": "school", "addr_city": null, "osm_id": 4405203710, "osm_type": "nodes" }, "geometry": { "type": "Point", "coordinates": [ 80.0809194, 9.0922331 ] } },
{ "type": "Feature", "properties": { "name": "J/Suthumalai North TM Vidyalayam", "amenity": "school", "addr_city": "Suthumalai North", "osm_id": 4818405366, "osm_type": "nodes" }, "geometry": { "type": "Point", "coordinates": [ 80.0030032, 9.7219008 ] } },
{ "type": "Feature", "properties": { "name": "J/Skandavarodaya College", "amenity": "school", "addr_city": "Kandarodai", "osm_id": 4799532005, "osm_type": "nodes" }, "geometry": { "type": "Point", "coordinates": [ 80.0096222, 9.7536156 ] } },
{ "type": "Feature", "properties": { "name": "J/Alaveddy Seenankaladdy Gnanodaya Vidyalayam", "amenity": "school", "addr_city": "Alaveddy North", "osm_id": 5059336848, "osm_type": "nodes" }, "geometry": { "type": "Point", "coordinates": [ 80.0088341, 9.7823986 ] } },
{ "type": "Feature", "properties": { "name": "J/Ilavalai Meihandan Maha Vidyalayam", "amenity": "school", "addr_city": null, "osm_id": 3551378111, "osm_type": "nodes" }, "geometry": { "type": "Point", "coordinates": [ 79.9993371, 9.7990583 ] } },
{ "type": "Feature", "properties": { "name": "J/Mareesankoodal Subramaniya Vidyalayam", "amenity": "school", "addr_city": "Maresankoodal", "osm_id": 5056879488, "osm_type": "nodes" }, "geometry": { "type": "Point", "coordinates": [ 79.9824657, 9.8014055 ] } },
{ "type": "Feature", "properties": { "name": "St.Anthony's Monastery School.", "amenity": "school", "addr_city": null, "osm_id": 4000189681, "osm_type": "nodes" }, "geometry": { "type": "Point", "coordinates": [ 79.9907219, 9.7952797 ] } },
{ "type": "Feature", "properties": { "name": null, "amenity": "school", "addr_city": null, "osm_id": 4561921829, "osm_type": "nodes" }, "geometry": { "type": "Point", "coordinates": [ 79.9994331, 9.7276634 ] } },
{ "type": "Feature", "properties": { "name": "J/Manipay Sothyvembadi Vidyasalai", "amenity": "school", "addr_city": null, "osm_id": 4400862482, "osm_type": "nodes" }, "geometry": { "type": "Point", "coordinates": [ 79.9963426, 9.7200428 ] } },
{ "type": "Feature", "properties": { "name": "J - Navaly Station American Mission Tamil Mixed School", "amenity": "school", "addr_city": "Navali North", "osm_id": 4809322372, "osm_type": "nodes" }, "geometry": { "type": "Point", "coordinates": [ 79.9877509, 9.7160491 ] } },
{ "type": "Feature", "properties": { "name": "J - Valiththoondal Roman Catholic Tamil Mixed School", "amenity": "school", "addr_city": "Valiththoondal", "osm_id": 5625970783, "osm_type": "nodes" }, "geometry": { "type": "Point", "coordinates": [ 80.0066304, 9.8123164 ] } },
{ "type": "Feature", "properties": { "name": "J/Aanaikoddai Balasubramaniya Vidyalayam", "amenity": "school", "addr_city": "Anaikoddai", "osm_id": 4809251782, "osm_type": "nodes" }, "geometry": { "type": "Point", "coordinates": [ 79.9938767, 9.7058269 ] } },
{ "type": "Feature", "properties": { "name": "J/Atchelu Saivapragasa Vidyalayam", "amenity": "school", "addr_city": "Atchelu", "osm_id": 4828853023, "osm_type": "nodes" }, "geometry": { "type": "Point", "coordinates": [ 80.0692273, 9.7395164 ] } },
{ "type": "Feature", "properties": { "name": "J/Karanthan Iramupillai Vidyalayam", "amenity": "school", "addr_city": "Neerveli", "osm_id": 4353401878, "osm_type": "nodes" }, "geometry": { "type": "Point", "coordinates": [ 80.0695005, 9.7230473 ] } },
{ "type": "Feature", "properties": { "name": "J/Kopay Christian College", "amenity": "school", "addr_city": null, "osm_id": 5667358711, "osm_type": "nodes" }, "geometry": { "type": "Point", "coordinates": [ 80.0656552, 9.7015243 ] } },
{ "type": "Feature", "properties": { "name": "J/Paranchsothy Vidyalayam", "amenity": "school", "addr_city": null, "osm_id": 4426709963, "osm_type": "nodes" }, "geometry": { "type": "Point", "coordinates": [ 80.0354521, 9.7098836 ] } },
{ "type": "Feature", "properties": { "name": "J/Kondavil Ramakrihan Maha Vidyalayam", "amenity": "school", "addr_city": null, "osm_id": 4402669810, "osm_type": "nodes" }, "geometry": { "type": "Point", "coordinates": [ 80.0392988, 9.7032106 ] } },
{ "type": "Feature", "properties": { "name": "J/Kopay Navalar Tamil Vidyalayam", "amenity": "school", "addr_city": null, "osm_id": 4395578116, "osm_type": "nodes" }, "geometry": { "type": "Point", "coordinates": [ 80.0620153, 9.6998136 ] } },
{ "type": "Feature", "properties": { "name": "J/Elalai North American Mission Tamil Mixed School", "amenity": "school", "addr_city": null, "osm_id": 4426772269, "osm_type": "nodes" }, "geometry": { "type": "Point", "coordinates": [ 80.0514723, 9.7715875 ] } },
{ "type": "Feature", "properties": { "name": "J/Elalai Saiva Mahajana Vidyalayam", "amenity": "school", "addr_city": null, "osm_id": 4403857274, "osm_type": "nodes" }, "geometry": { "type": "Point", "coordinates": [ 80.0493769, 9.7654782 ] } },
{ "type": "Feature", "properties": { "name": "J/Elalai Mahavidyalayam", "amenity": "school", "addr_city": null, "osm_id": 4403855127, "osm_type": "nodes" }, "geometry": { "type": "Point", "coordinates": [ 80.0385394, 9.7639021 ] } },
{ "type": "Feature", "properties": { "name": "J/Urumbirai Chandothaya Vidyasalai", "amenity": "school", "addr_city": null, "osm_id": 4441635621, "osm_type": "nodes" }, "geometry": { "type": "Point", "coordinates": [ 80.0416881, 9.7175816 ] } },
{ "type": "Feature", "properties": { "name": "J/Veemankamam Maha Vidyalayam", "amenity": "school", "addr_city": null, "osm_id": 4426769267, "osm_type": "nodes" }, "geometry": { "type": "Point", "coordinates": [ 80.0367919, 9.8008235 ] } },
{ "type": "Feature", "properties": { "name": "J/Punnalaikadduvan Maha Vidyalayam", "amenity": "school", "addr_city": null, "osm_id": 5628336363, "osm_type": "nodes" }, "geometry": { "type": "Point", "coordinates": [ 80.0644234, 9.7593464 ] } },
{ "type": "Feature", "properties": { "name": "Kn/Vinasiyodai Kautharimunai GTMS", "amenity": "school", "addr_city": null, "osm_id": 4172028825, "osm_type": "nodes" }, "geometry": { "type": "Point", "coordinates": [ 80.1008042, 9.5841861 ] } },
{ "type": "Feature", "properties": { "name": "J/Poompugar GTMS", "amenity": "school", "addr_city": null, "osm_id": 4478065253, "osm_type": "nodes" }, "geometry": { "type": "Point", "coordinates": [ 80.0823977, 9.6343982 ] } },
{ "type": "Feature", "properties": { "name": "J/Ariyalai East GTMS", "amenity": "school", "addr_city": null, "osm_id": 4365174212, "osm_type": "nodes" }, "geometry": { "type": "Point", "coordinates": [ 80.1010283, 9.6225815 ] } },
{ "type": "Feature", "properties": { "name": "J/Navatkuli Maha Vidyalayam", "amenity": "school", "addr_city": null, "osm_id": 3540428312, "osm_type": "nodes" }, "geometry": { "type": "Point", "coordinates": [ 80.0975412, 9.6581037 ] } },
{ "type": "Feature", "properties": { "name": "J/Kaithady Navatkuli GTMS", "amenity": "school", "addr_city": null, "osm_id": 4572205510, "osm_type": "nodes" }, "geometry": { "type": "Point", "coordinates": [ 80.1138645, 9.6389238 ] } },
{ "type": "Feature", "properties": { "name": "J/Kovilakandy Mahaluxmy Vidyalayam", "amenity": "school", "addr_city": null, "osm_id": 4365197385, "osm_type": "nodes" }, "geometry": { "type": "Point", "coordinates": [ 80.1168448, 9.6513029 ] } },
{ "type": "Feature", "properties": { "name": "Ranwala Maha Vidyalaya", "amenity": "college", "addr_city": null, "osm_id": 11230958395, "osm_type": "nodes" }, "geometry": { "type": "Point", "coordinates": [ 80.6719237, 6.5481011 ] } },
{ "type": "Feature", "properties": { "name": "Vocational Training Authority", "amenity": "college", "addr_city": "Kovilputhukkulam", "osm_id": 4210936789, "osm_type": "nodes" }, "geometry": { "type": "Point", "coordinates": [ 80.5122782, 8.7366799 ] } },
{ "type": "Feature", "properties": { "name": "Dipartment of Biological Sicence", "amenity": "university", "addr_city": null, "osm_id": 4089424844, "osm_type": "nodes" }, "geometry": { "type": "Point", "coordinates": [ 80.492387, 8.760077 ] } },
{ "type": "Feature", "properties": { "name": "Kumana School", "amenity": null, "addr_city": null, "osm_id": 12247709385, "osm_type": "nodes" }, "geometry": { "type": "Point", "coordinates": [ 81.7025699, 6.517493 ] } },
{ "type": "Feature", "properties": { "name": "Matharasa - Preschool", "amenity": "kindergarten", "addr_city": null, "osm_id": 3556545255, "osm_type": "nodes" }, "geometry": { "type": "Point", "coordinates": [ 80.0050886, 9.6753381 ] } },
{ "type": "Feature", "properties": { "name": "Cheddipulam Pre School", "amenity": "kindergarten", "addr_city": null, "osm_id": 3541337181, "osm_type": "nodes" }, "geometry": { "type": "Point", "coordinates": [ 79.9140865, 9.6320537 ] } },
{ "type": "Feature", "properties": { "name": "Thileepan Preschool", "amenity": "kindergarten", "addr_city": null, "osm_id": 4553473151, "osm_type": "nodes" }, "geometry": { "type": "Point", "coordinates": [ 80.4015723, 9.3094915 ] } },
{ "type": "Feature", "properties": { "name": "Casim Pre School", "amenity": "kindergarten", "addr_city": null, "osm_id": 3617751753, "osm_type": "nodes" }, "geometry": { "type": "Point", "coordinates": [ 80.2570784, 9.3211954 ] } },
{ "type": "Feature", "properties": { "name": "Vaikarai Pre School", "amenity": "kindergarten", "addr_city": null, "osm_id": 3604631730, "osm_type": "nodes" }, "geometry": { "type": "Point", "coordinates": [ 80.3073526, 9.3207466 ] } },
{ "type": "Feature", "properties": { "name": "Vivekanathanagar East Pre School", "amenity": "kindergarten", "addr_city": null, "osm_id": 4084576720, "osm_type": "nodes" }, "geometry": { "type": "Point", "coordinates": [ 80.4058624, 9.3586777 ] } },
{ "type": "Feature", "properties": { "name": "Kasthoribai Preschool", "amenity": "kindergarten", "addr_city": null, "osm_id": 4123972304, "osm_type": "nodes" }, "geometry": { "type": "Point", "coordinates": [ 80.78165, 9.2181907 ] } },
{ "type": "Feature", "properties": { "name": "J/Hindu Primary School", "amenity": "school", "addr_city": null, "osm_id": 2051033659, "osm_type": "nodes" }, "geometry": { "type": "Point", "coordinates": [ 80.0148582, 9.679616 ] } },
{ "type": "Feature", "properties": { "name": "J/Hindu Ladies College", "amenity": "school", "addr_city": null, "osm_id": 2051033636, "osm_type": "nodes" }, "geometry": { "type": "Point", "coordinates": [ 80.0183386, 9.6802554 ] } },
{ "type": "Feature", "properties": { "name": "J/Nallur HTMS", "amenity": "school", "addr_city": null, "osm_id": 5669458521, "osm_type": "nodes" }, "geometry": { "type": "Point", "coordinates": [ 80.0282217, 9.6749876 ] } },
{ "type": "Feature", "properties": { "name": "J/Senkutha Hindu College", "amenity": "school", "addr_city": null, "osm_id": 3522148647, "osm_type": "nodes" }, "geometry": { "type": "Point", "coordinates": [ 80.0374432, 9.6814999 ] } },
{ "type": "Feature", "properties": { "name": "J/Pandatheruipu Girls High School", "amenity": "school", "addr_city": null, "osm_id": 4404634558, "osm_type": "nodes" }, "geometry": { "type": "Point", "coordinates": [ 79.9690339, 9.7729903 ] } },
{ "type": "Feature", "properties": { "name": "J/Mooalai Saivapragasa Vidyalayam", "amenity": "school", "addr_city": "Chulipuram", "osm_id": 4404594777, "osm_type": "nodes" }, "geometry": { "type": "Point", "coordinates": [ 79.9397097, 9.7505782 ] } },
{ "type": "Feature", "properties": { "name": "J/Ponnalai Varatharaja Perumal Vidiyasalai", "amenity": "school", "addr_city": "Ponnalai", "osm_id": 5052503444, "osm_type": "nodes" }, "geometry": { "type": "Point", "coordinates": [ 79.9204295, 9.7541101 ] } },
{ "type": "Feature", "properties": { "name": "J/Thoppukadu Maraignanasampatha Vidyalayam", "amenity": "school", "addr_city": null, "osm_id": 4399288175, "osm_type": "nodes" }, "geometry": { "type": "Point", "coordinates": [ 79.8728984, 9.705233 ] } },
{ "type": "Feature", "properties": { "name": "J/Thampaddy GTMS", "amenity": "school", "addr_city": "Naranthanai North West", "osm_id": 5051954200, "osm_type": "nodes" }, "geometry": { "type": "Point", "coordinates": [ 79.8846828, 9.6935588 ] } },
{ "type": "Feature", "properties": { "name": "J/Palavodai Hindu mixed school", "amenity": "school", "addr_city": null, "osm_id": 3551565458, "osm_type": "nodes" }, "geometry": { "type": "Point", "coordinates": [ 79.8810248, 9.7096771 ] } },
{ "type": "Feature", "properties": { "name": "J/Karainagar Hindu College", "amenity": "school", "addr_city": null, "osm_id": 3551501481, "osm_type": "nodes" }, "geometry": { "type": "Point", "coordinates": [ 79.8878806, 9.740813 ] } },
{ "type": "Feature", "properties": { "name": "J/Subramaniya Vidyasalai", "amenity": "school", "addr_city": "Karainagar", "osm_id": 4398636575, "osm_type": "nodes" }, "geometry": { "type": "Point", "coordinates": [ 79.8804453, 9.7427089 ] } },
{ "type": "Feature", "properties": { "name": "J/Araly Valliyammai Memorial Vidyasalai", "amenity": "school", "addr_city": null, "osm_id": 4404617072, "osm_type": "nodes" }, "geometry": { "type": "Point", "coordinates": [ 79.9426574, 9.7238355 ] } },
{ "type": "Feature", "properties": { "name": "J/Karthikeya Vidyalayam", "amenity": "school", "addr_city": null, "osm_id": 5057443063, "osm_type": "nodes" }, "geometry": { "type": "Point", "coordinates": [ 79.9469312, 9.7412871 ] } },
{ "type": "Feature", "properties": { "name": "Sinthupuram Pre School", "amenity": "school", "addr_city": null, "osm_id": 2558191334, "osm_type": "nodes" }, "geometry": { "type": "Point", "coordinates": [ 79.9533595, 9.7476345 ] } },
{ "type": "Feature", "properties": { "name": "J/Vaddukoddai Hindu College", "amenity": "school", "addr_city": null, "osm_id": 1730332545, "osm_type": "nodes" }, "geometry": { "type": "Point", "coordinates": [ 79.9578817, 9.7473333 ] } },
{ "type": "Feature", "properties": { "name": "J/Araly North AMTM School", "amenity": "school", "addr_city": null, "osm_id": 3557345403, "osm_type": "nodes" }, "geometry": { "type": "Point", "coordinates": [ 79.9619466, 9.7161398 ] } },
{ "type": "Feature", "properties": { "name": "J/Araly Hindu College", "amenity": "school", "addr_city": "Arali North", "osm_id": 5059378919, "osm_type": "nodes" }, "geometry": { "type": "Point", "coordinates": [ 79.9580073, 9.7155097 ] } },
{ "type": "Feature", "properties": { "name": "J/Araly Saraswathy Maha Vidyalayam", "amenity": "school", "addr_city": null, "osm_id": 3557299805, "osm_type": "nodes" }, "geometry": { "type": "Point", "coordinates": [ 79.9506968, 9.7080577 ] } },
{ "type": "Feature", "properties": { "name": "J/Uyarappulam Methodist Mission Vidayalaym", "amenity": "school", "addr_city": null, "osm_id": 4400825829, "osm_type": "nodes" }, "geometry": { "type": "Point", "coordinates": [ 80.00191, 9.6948524 ] } },
{ "type": "Feature", "properties": { "name": "V/Ayilady GTMS", "amenity": "school", "addr_city": null, "osm_id": 4206299790, "osm_type": "nodes" }, "geometry": { "type": "Point", "coordinates": [ 80.5761762, 9.0453016 ] } },
{ "type": "Feature", "properties": { "name": "J/Dr Thangamma Appakuddy Junior School", "amenity": "school", "addr_city": null, "osm_id": 4403852723, "osm_type": "nodes" }, "geometry": { "type": "Point", "coordinates": [ 80.0273572, 9.7646161 ] } },
{ "type": "Feature", "properties": { "name": "J/Kadduvanpulam Maha Vidyalayam", "amenity": "school", "addr_city": "Tellippalai", "osm_id": 5056879490, "osm_type": "nodes" }, "geometry": { "type": "Point", "coordinates": [ 80.0400655, 9.7799323 ] } },
{ "type": "Feature", "properties": { "name": "J/Theleppalai Union College", "amenity": "school", "addr_city": null, "osm_id": 3551361509, "osm_type": "nodes" }, "geometry": { "type": "Point", "coordinates": [ 80.0320745, 9.7863819 ] } },
{ "type": "Feature", "properties": { "name": "J/Kanagasabai Government Tamil Mixed School", "amenity": "school", "addr_city": null, "osm_id": 4404545285, "osm_type": "nodes" }, "geometry": { "type": "Point", "coordinates": [ 80.0159547, 9.7910748 ] } },
{ "type": "Feature", "properties": { "name": "J/Mahajana College", "amenity": "school", "addr_city": "Thellepallai", "osm_id": 4404500843, "osm_type": "nodes" }, "geometry": { "type": "Point", "coordinates": [ 80.022473, 9.7863393 ] } },
{ "type": "Feature", "properties": { "name": "J - Alaveddy North American Mission Tamil Mixed School", "amenity": "school", "addr_city": "Ganeswaram", "osm_id": 5056879492, "osm_type": "nodes" }, "geometry": { "type": "Point", "coordinates": [ 80.0162116, 9.7752281 ] } },
{ "type": "Feature", "properties": { "name": "J/Saivapiragasa Vidyasalai", "amenity": "school", "addr_city": "Vadaliadaippu", "osm_id": 5056879491, "osm_type": "nodes" }, "geometry": { "type": "Point", "coordinates": [ 80.0280595, 9.7810886 ] } },
{ "type": "Feature", "properties": { "name": "J/Uduvil Manns TM School", "amenity": "school", "addr_city": "Uduvil", "osm_id": 4801240923, "osm_type": "nodes" }, "geometry": { "type": "Point", "coordinates": [ 80.0241228, 9.740139 ] } },
{ "type": "Feature", "properties": { "name": "J/Muththuthampi Vidyalayam", "amenity": "school", "addr_city": null, "osm_id": 4531011341, "osm_type": "nodes" }, "geometry": { "type": "Point", "coordinates": [ 80.0326399, 9.6916241 ] } },
{ "type": "Feature", "properties": { "name": "J/Thirunelveli HTMS", "amenity": "school", "addr_city": null, "osm_id": 3520123104, "osm_type": "nodes" }, "geometry": { "type": "Point", "coordinates": [ 80.0284887, 9.6880048 ] } },
{ "type": "Feature", "properties": { "name": "J/Kokuvil Hindu Primary School", "amenity": "school", "addr_city": null, "osm_id": 4397904820, "osm_type": "nodes" }, "geometry": { "type": "Point", "coordinates": [ 80.0151442, 9.6939854 ] } },
{ "type": "Feature", "properties": { "name": "J/Thavady HTMS", "amenity": "school", "addr_city": "Thavady South", "osm_id": 4818397887, "osm_type": "nodes" }, "geometry": { "type": "Point", "coordinates": [ 80.0158778, 9.7058996 ] } },
{ "type": "Feature", "properties": { "name": "J/Kondavil Tamil Mixed School", "amenity": "school", "addr_city": null, "osm_id": 3554570962, "osm_type": "nodes" }, "geometry": { "type": "Point", "coordinates": [ 80.0273585, 9.7058086 ] } },
{ "type": "Feature", "properties": { "name": "SCHOOL  GROUND", "amenity": "school", "addr_city": null, "osm_id": 9779584114, "osm_type": "nodes" }, "geometry": { "type": "Point", "coordinates": [ 80.0273587, 9.7058618 ] } },
{ "type": "Feature", "properties": { "name": null, "amenity": "school", "addr_city": null, "osm_id": 9779578807, "osm_type": "nodes" }, "geometry": { "type": "Point", "coordinates": [ 80.0273765, 9.705967 ] } },
{ "type": "Feature", "properties": { "name": "J/Kokuvil East Namagal Vidyalayam", "amenity": "school", "addr_city": "Kokuvil", "osm_id": 4796914546, "osm_type": "nodes" }, "geometry": { "type": "Point", "coordinates": [ 80.0239469, 9.6965139 ] } },
{ "type": "Feature", "properties": { "name": "J/Kondavil Hindu College", "amenity": "school", "addr_city": null, "osm_id": 4426734295, "osm_type": "nodes" }, "geometry": { "type": "Point", "coordinates": [ 80.0239796, 9.705836 ] } },
{ "type": "Feature", "properties": { "name": "J/Inuvil Central College", "amenity": "school", "addr_city": null, "osm_id": 4426744857, "osm_type": "nodes" }, "geometry": { "type": "Point", "coordinates": [ 80.0228304, 9.7190436 ] } },
{ "type": "Feature", "properties": { "name": "J/Inuvil Hindu College", "amenity": "school", "addr_city": null, "osm_id": 4426747913, "osm_type": "nodes" }, "geometry": { "type": "Point", "coordinates": [ 80.0173967, 9.7178975 ] } },
{ "type": "Feature", "properties": { "name": "Mu/Iranaippalai R.C. Vidyalayam", "amenity": "school", "addr_city": null, "osm_id": 2739094319, "osm_type": "nodes" }, "geometry": { "type": "Point", "coordinates": [ 80.7140568, 9.3389874 ] } },
{ "type": "Feature", "properties": { "name": "Mu/Sivanagar Tamil Vidyalayam", "amenity": "school", "addr_city": null, "osm_id": 4789438959, "osm_type": "nodes" }, "geometry": { "type": "Point", "coordinates": [ 80.7120057, 9.323056 ] } },
{ "type": "Feature", "properties": { "name": "Mu/Arasaratnam Vidyalayam", "amenity": "school", "addr_city": null, "osm_id": 4419874251, "osm_type": "nodes" }, "geometry": { "type": "Point", "coordinates": [ 80.7178403, 9.3145297 ] } },
{ "type": "Feature", "properties": { "name": "J/Chundikuli Girl's College", "amenity": "school", "addr_city": null, "osm_id": 2052466268, "osm_type": "nodes" }, "geometry": { "type": "Point", "coordinates": [ 80.028516, 9.6557026 ] } },
{ "type": "Feature", "properties": { "name": "J/John Bosco’s Vidyalayam", "amenity": "school", "addr_city": null, "osm_id": 2380386269, "osm_type": "nodes" }, "geometry": { "type": "Point", "coordinates": [ 80.0265778, 9.6650466 ] } },
{ "type": "Feature", "properties": { "name": "J/St Roches Vidyalayam", "amenity": "school", "addr_city": "Jaffna", "osm_id": 4796891653, "osm_type": "nodes" }, "geometry": { "type": "Point", "coordinates": [ 80.0213026, 9.6522923 ] } },
{ "type": "Feature", "properties": { "name": "J/Pasaiyoor St Anthony's RC Girls Vidyalayam", "amenity": "school", "addr_city": null, "osm_id": 3536479101, "osm_type": "nodes" }, "geometry": { "type": "Point", "coordinates": [ 80.0333702, 9.6493662 ] } },
{ "type": "Feature", "properties": { "name": null, "amenity": "school", "addr_city": null, "osm_id": 10175824494, "osm_type": "nodes" }, "geometry": { "type": "Point", "coordinates": [ 79.8796673, 9.6512734 ] } },
{ "type": "Feature", "properties": { "name": "J/Velanai Athithisoody Vidyalayam", "amenity": "school", "addr_city": "Velanai north", "osm_id": 5051954149, "osm_type": "nodes" }, "geometry": { "type": "Point", "coordinates": [ 79.9072459, 9.6529232 ] } },
{ "type": "Feature", "properties": { "name": "J/Velanai Saivapirakasa Vidyasalai", "amenity": "school", "addr_city": null, "osm_id": 4401068461, "osm_type": "nodes" }, "geometry": { "type": "Point", "coordinates": [ 79.8927598, 9.6474763 ] } },
{ "type": "Feature", "properties": { "name": "J/Velanai Saraswathi Vidyalayam", "amenity": "school", "addr_city": null, "osm_id": 4401045698, "osm_type": "nodes" }, "geometry": { "type": "Point", "coordinates": [ 79.9032069, 9.6381162 ] } },
{ "type": "Feature", "properties": { "name": "J/Cheddipulam GTMS", "amenity": "school", "addr_city": null, "osm_id": 3541345357, "osm_type": "nodes" }, "geometry": { "type": "Point", "coordinates": [ 79.9136869, 9.6313344 ] } },
{ "type": "Feature", "properties": { "name": "J/Mankumpan GTMS", "amenity": "school", "addr_city": null, "osm_id": 5617781146, "osm_type": "nodes" }, "geometry": { "type": "Point", "coordinates": [ 79.936258, 9.63644 ] } },
{ "type": "Feature", "properties": { "name": "J/Aiyanar Vidyalayam", "amenity": "school", "addr_city": null, "osm_id": 4551628065, "osm_type": "nodes" }, "geometry": { "type": "Point", "coordinates": [ 79.8930908, 9.6242198 ] } },
{ "type": "Feature", "properties": { "name": "J/Punguduthivu Roman Catholic Tamil Mixed School", "amenity": "school", "addr_city": null, "osm_id": 3519909759, "osm_type": "nodes" }, "geometry": { "type": "Point", "coordinates": [ 79.830648, 9.5783407 ] } },
{ "type": "Feature", "properties": { "name": "Mahinda Maha Vidyalaya", "amenity": "school", "addr_city": null, "osm_id": 1732819422, "osm_type": "nodes" }, "geometry": { "type": "Point", "coordinates": [ 80.4214113, 8.356147 ] } },
{ "type": "Feature", "properties": { "name": "Mahabodhi Maha Vidyalaya", "amenity": "school", "addr_city": null, "osm_id": 5178155074, "osm_type": "nodes" }, "geometry": { "type": "Point", "coordinates": [ 80.3986332, 8.3569313 ] } },
{ "type": "Feature", "properties": { "name": "NCP/A/A/RB/Siyambalagaswewa Medagama Vidyalaya", "amenity": "school", "addr_city": null, "osm_id": 8666923924, "osm_type": "nodes" }, "geometry": { "type": "Point", "coordinates": [ 80.4350951, 8.4742254 ] } },
{ "type": "Feature", "properties": { "name": "Mu/Periyapuliyankulam GTMS", "amenity": "school", "addr_city": null, "osm_id": 4420671592, "osm_type": "nodes" }, "geometry": { "type": "Point", "coordinates": [ 80.504357, 9.1410603 ] } },
{ "type": "Feature", "properties": { "name": "V/Muruganantha Vidyalayam", "amenity": "school", "addr_city": "Alankulam, Kanagarayankulam", "osm_id": 4206352919, "osm_type": "nodes" }, "geometry": { "type": "Point", "coordinates": [ 80.4943474, 9.0437361 ] } },
{ "type": "Feature", "properties": { "name": "V/Periyakulam GTMS", "amenity": "school", "addr_city": null, "osm_id": 3959019542, "osm_type": "nodes" }, "geometry": { "type": "Point", "coordinates": [ 80.4920734, 9.0728648 ] } },
{ "type": "Feature", "properties": { "name": "V/Karappukuththy GTMS", "amenity": "school", "addr_city": null, "osm_id": 4206291489, "osm_type": "nodes" }, "geometry": { "type": "Point", "coordinates": [ 80.5453793, 9.0709946 ] } },
{ "type": "Feature", "properties": { "name": "V/Periyamadhu GTMS", "amenity": "school", "addr_city": null, "osm_id": 4375522637, "osm_type": "nodes" }, "geometry": { "type": "Point", "coordinates": [ 80.5723166, 9.0610265 ] } },
{ "type": "Feature", "properties": { "name": "V/Navaratnam Vidyalayam", "amenity": "school", "addr_city": "Vignanakulam, Kanagarayankulam", "osm_id": 4042856206, "osm_type": "nodes" }, "geometry": { "type": "Point", "coordinates": [ 80.5341884, 9.0622547 ] } },
{ "type": "Feature", "properties": { "name": "V/Kanararayankulam Primary School", "amenity": "school", "addr_city": null, "osm_id": 4080807808, "osm_type": "nodes" }, "geometry": { "type": "Point", "coordinates": [ 80.5091351, 9.0590085 ] } },
{ "type": "Feature", "properties": { "name": "V/Puthukkulam Pandithamani Kanapathipillai Vidyalayam", "amenity": "school", "addr_city": null, "osm_id": 4206368115, "osm_type": "nodes" }, "geometry": { "type": "Point", "coordinates": [ 80.5063691, 9.0406581 ] } },
{ "type": "Feature", "properties": { "name": "V/Sinadampan Barathi Vidyalayam", "amenity": "school", "addr_city": null, "osm_id": 4206297957, "osm_type": "nodes" }, "geometry": { "type": "Point", "coordinates": [ 80.5578621, 9.046438 ] } },
{ "type": "Feature", "properties": { "name": "V/Puthoor GTMS", "amenity": "school", "addr_city": null, "osm_id": 3996601764, "osm_type": "nodes" }, "geometry": { "type": "Point", "coordinates": [ 80.5254642, 9.0116731 ] } },
{ "type": "Feature", "properties": { "name": "V/Nainamadu GTMS", "amenity": "school", "addr_city": null, "osm_id": 3956915090, "osm_type": "nodes" }, "geometry": { "type": "Point", "coordinates": [ 80.5922665, 9.0228001 ] } },
{ "type": "Feature", "properties": { "name": "V/Kanakarayankulam Maha Vidyalayam", "amenity": "school", "addr_city": null, "osm_id": 3939362091, "osm_type": "nodes" }, "geometry": { "type": "Point", "coordinates": [ 80.5145367, 9.0504824 ] } },
{ "type": "Feature", "properties": { "name": "Kn/Nagendra Vidyalayam", "amenity": "school", "addr_city": null, "osm_id": 4364333452, "osm_type": "nodes" }, "geometry": { "type": "Point", "coordinates": [ 80.5136327, 9.4306478 ] } },
{ "type": "Feature", "properties": { "name": "Kn/Nageswara Vidyalayam", "amenity": "school", "addr_city": "Puliampokkanai", "osm_id": 4180415458, "osm_type": "nodes" }, "geometry": { "type": "Point", "coordinates": [ 80.536792, 9.4435891 ] } },
{ "type": "Feature", "properties": { "name": "Mu/Thimpily primary school", "amenity": "school", "addr_city": "Puthukkudiyiruppu", "osm_id": 6778056660, "osm_type": "nodes" }, "geometry": { "type": "Point", "coordinates": [ 80.6842424, 9.3394416 ] } },
{ "type": "Feature", "properties": { "name": "Mu/Thevipuram GTMS", "amenity": "school", "addr_city": "Thevipuram", "osm_id": 4781510722, "osm_type": "nodes" }, "geometry": { "type": "Point", "coordinates": [ 80.6739711, 9.3753071 ] } },
{ "type": "Feature", "properties": { "name": "Mu/Puthukkudiyiruppu Central College", "amenity": "school", "addr_city": null, "osm_id": 3539517012, "osm_type": "nodes" }, "geometry": { "type": "Point", "coordinates": [ 80.693863, 9.3128363 ] } },
{ "type": "Feature", "properties": { "name": "Mu/Sri Subramaniya Vidyalayam", "amenity": "school", "addr_city": null, "osm_id": 4062755334, "osm_type": "nodes" }, "geometry": { "type": "Point", "coordinates": [ 80.6960607, 9.3148559 ] } },
{ "type": "Feature", "properties": { "name": "Mu/Kaiveli Ganesha Vidyalayam", "amenity": "school", "addr_city": null, "osm_id": 4079999228, "osm_type": "nodes" }, "geometry": { "type": "Point", "coordinates": [ 80.6758089, 9.3273381 ] } },
{ "type": "Feature", "properties": { "name": "Mu/Kompavil Vigneswara Vidyalayam", "amenity": "school", "addr_city": null, "osm_id": 4454591952, "osm_type": "nodes" }, "geometry": { "type": "Point", "coordinates": [ 80.6973877, 9.3262676 ] } },
{ "type": "Feature", "properties": { "name": "Kn/Punnaineeravi GTMS", "amenity": "school", "addr_city": null, "osm_id": 4180395948, "osm_type": "nodes" }, "geometry": { "type": "Point", "coordinates": [ 80.5610713, 9.3914195 ] } },
{ "type": "Feature", "properties": { "name": "Kn/Kumarasamipuram GTMS", "amenity": "school", "addr_city": null, "osm_id": 4364342128, "osm_type": "nodes" }, "geometry": { "type": "Point", "coordinates": [ 80.5632269, 9.3763058 ] } },
{ "type": "Feature", "properties": { "name": "Kn/Mylvaganapuram G.T.M.S", "amenity": "school", "addr_city": null, "osm_id": 4180488554, "osm_type": "nodes" }, "geometry": { "type": "Point", "coordinates": [ 80.5840364, 9.4027902 ] } },
{ "type": "Feature", "properties": { "name": "Kn/Piramanthanaru Maha Vidyalayam", "amenity": "school", "addr_city": "Piramanthanaru", "osm_id": 4180396459, "osm_type": "nodes" }, "geometry": { "type": "Point", "coordinates": [ 80.5698958, 9.4023139 ] } },
{ "type": "Feature", "properties": { "name": "Kn/Kallaru Tamil Vidyalayam", "amenity": "school", "addr_city": null, "osm_id": 4180436650, "osm_type": "nodes" }, "geometry": { "type": "Point", "coordinates": [ 80.5708292, 9.4282137 ] } },
{ "type": "Feature", "properties": { "name": "Mu/Theravil Tamil Vidyalayam", "amenity": "school", "addr_city": null, "osm_id": 4781541797, "osm_type": "nodes" }, "geometry": { "type": "Point", "coordinates": [ 80.5682991, 9.3417789 ] } },
{ "type": "Feature", "properties": { "name": "Kn/Kaddaikadu GTMS", "amenity": "school", "addr_city": null, "osm_id": 4180401811, "osm_type": "nodes" }, "geometry": { "type": "Point", "coordinates": [ 80.5167666, 9.3974979 ] } },
{ "type": "Feature", "properties": { "name": "Mu/Thiru Murukandy Hindu Vidyalayam", "amenity": "school", "addr_city": "Thirumurikandy", "osm_id": 3523695970, "osm_type": "nodes" }, "geometry": { "type": "Point", "coordinates": [ 80.4082851, 9.3053776 ] } },
{ "type": "Feature", "properties": { "name": "V/Kovilkunchchukkulam GTMS", "amenity": "school", "addr_city": null, "osm_id": 4090325808, "osm_type": "nodes" }, "geometry": { "type": "Point", "coordinates": [ 80.3908793, 8.9511644 ] } },
{ "type": "Feature", "properties": { "name": "V/Ayisha Vidyalayam", "amenity": "school", "addr_city": null, "osm_id": 4201786969, "osm_type": "nodes" }, "geometry": { "type": "Point", "coordinates": [ 80.400571, 8.7582306 ] } },
{ "type": "Feature", "properties": { "name": "Mu/Paalaipaani Tamil Vidyalayam", "amenity": "school", "addr_city": null, "osm_id": 4420705108, "osm_type": "nodes" }, "geometry": { "type": "Point", "coordinates": [ 80.3948308, 9.0600733 ] } },
{ "type": "Feature", "properties": { "name": "Kn/Iranaithivu RCTMS", "amenity": "school", "addr_city": null, "osm_id": 4366477165, "osm_type": "nodes" }, "geometry": { "type": "Point", "coordinates": [ 80.1306923, 9.2460881 ] } },
{ "type": "Feature", "properties": { "name": "Kn/Nachchikuda GMMS", "amenity": "school", "addr_city": null, "osm_id": 4178080120, "osm_type": "nodes" }, "geometry": { "type": "Point", "coordinates": [ 80.1216236, 9.2650403 ] } },
{ "type": "Feature", "properties": { "name": "Kn/Kumulamunai GTMS", "amenity": "school", "addr_city": null, "osm_id": 4366476082, "osm_type": "nodes" }, "geometry": { "type": "Point", "coordinates": [ 80.131092, 9.2745718 ] } },
{ "type": "Feature", "properties": { "name": "Kn/Iyanarpuram GTMS", "amenity": "school", "addr_city": null, "osm_id": 3518770917, "osm_type": "nodes" }, "geometry": { "type": "Point", "coordinates": [ 80.2450511, 9.3095104 ] } },
{ "type": "Feature", "properties": { "name": "Kn/Vannrikkulam Maha Vidyalayam", "amenity": "school", "addr_city": null, "osm_id": 4112027176, "osm_type": "nodes" }, "geometry": { "type": "Point", "coordinates": [ 80.2301244, 9.3246428 ] } },
{ "type": "Feature", "properties": { "name": "Kn/Anaivilunthan GTMS", "amenity": "school", "addr_city": null, "osm_id": 4112012353, "osm_type": "nodes" }, "geometry": { "type": "Point", "coordinates": [ 80.2568097, 9.3205081 ] } },
{ "type": "Feature", "properties": { "name": "Mn/Puthukkudrippu GMMS", "amenity": "school", "addr_city": null, "osm_id": 4793618946, "osm_type": "nodes" }, "geometry": { "type": "Point", "coordinates": [ 79.8559597, 9.0506718 ] } },
{ "type": "Feature", "properties": { "name": "Mn/Olaithoduvai RCTMS", "amenity": "school", "addr_city": "Olaithoduwai", "osm_id": 5656033295, "osm_type": "nodes" }, "geometry": { "type": "Point", "coordinates": [ 79.8412354, 9.0356574 ] } },
{ "type": "Feature", "properties": { "name": "Mn/Thoddaveli GTMS", "amenity": "school", "addr_city": null, "osm_id": 4794406858, "osm_type": "nodes" }, "geometry": { "type": "Point", "coordinates": [ 79.8616783, 9.0361529 ] } },
{ "type": "Feature", "properties": { "name": "Mn/Al-Mina MV", "amenity": "school", "addr_city": null, "osm_id": 4793455688, "osm_type": "nodes" }, "geometry": { "type": "Point", "coordinates": [ 79.8748576, 9.013724 ] } },
{ "type": "Feature", "properties": { "name": "Mn/Siruthoppu RCTMS", "amenity": "school", "addr_city": "Pesalai", "osm_id": 4793844719, "osm_type": "nodes" }, "geometry": { "type": "Point", "coordinates": [ 79.8362613, 9.0785605 ] } },
{ "type": "Feature", "properties": { "name": "Mn/St Mary's Vidyalayam", "amenity": "school", "addr_city": null, "osm_id": 4403017332, "osm_type": "nodes" }, "geometry": { "type": "Point", "coordinates": [ 79.8280379, 9.0836451 ] } },
{ "type": "Feature", "properties": { "name": "Mn/St Fatima MMV", "amenity": "school", "addr_city": null, "osm_id": 4402999878, "osm_type": "nodes" }, "geometry": { "type": "Point", "coordinates": [ 79.8190259, 9.0854704 ] } },
{ "type": "Feature", "properties": { "name": "Kn/Jeyapuram Maha Vidyalayam", "amenity": "school", "addr_city": null, "osm_id": 3523717219, "osm_type": "nodes" }, "geometry": { "type": "Point", "coordinates": [ 80.1757618, 9.3114363 ] } },
{ "type": "Feature", "properties": { "name": "Kn/Kariyalainagapaduwan No 3 GTMS", "amenity": "school", "addr_city": null, "osm_id": 4178112991, "osm_type": "nodes" }, "geometry": { "type": "Point", "coordinates": [ 80.168788, 9.288245 ] } },
{ "type": "Feature", "properties": { "name": "Kn/Kiranchi GTMS", "amenity": "school", "addr_city": null, "osm_id": 4178007512, "osm_type": "nodes" }, "geometry": { "type": "Point", "coordinates": [ 80.1076859, 9.3347435 ] } },
{ "type": "Feature", "properties": { "name": "Kn/Akkarayan GTMS", "amenity": "school", "addr_city": null, "osm_id": 4180512654, "osm_type": "nodes" }, "geometry": { "type": "Point", "coordinates": [ 80.3080586, 9.3183248 ] } },
{ "type": "Feature", "properties": { "name": "Kn/Unionkulam GTMS", "amenity": "school", "addr_city": null, "osm_id": 4366526714, "osm_type": "nodes" }, "geometry": { "type": "Point", "coordinates": [ 80.3214031, 9.3379152 ] } },
{ "type": "Feature", "properties": { "name": "Saliyaweva Adarsha Maha Vidyalaya", "amenity": "school", "addr_city": null, "osm_id": 6598924345, "osm_type": "nodes" }, "geometry": { "type": "Point", "coordinates": [ 80.0831449, 8.1795161 ] } },
{ "type": "Feature", "properties": { "name": "Kn/Mulankavil Maha Vidyalayam", "amenity": "school", "addr_city": "Mulankavil", "osm_id": 4355286944, "osm_type": "nodes" }, "geometry": { "type": "Point", "coordinates": [ 80.1404324, 9.2453493 ] } },
{ "type": "Feature", "properties": { "name": "Kn/Kariyalainagapaduwan No 2 GTMS", "amenity": "school", "addr_city": null, "osm_id": 4112040110, "osm_type": "nodes" }, "geometry": { "type": "Point", "coordinates": [ 80.1598961, 9.2696038 ] } },
{ "type": "Feature", "properties": { "name": "T/M/Kiliveddy.m.v", "amenity": "school", "addr_city": null, "osm_id": 9767295824, "osm_type": "nodes" }, "geometry": { "type": "Point", "coordinates": [ 81.2860567, 8.3496294 ] } },
{ "type": "Feature", "properties": { "name": "Galenbindunuwewa Central College", "amenity": "school", "addr_city": null, "osm_id": 4904980367, "osm_type": "nodes" }, "geometry": { "type": "Point", "coordinates": [ 80.7149485, 8.2846408 ] } },
{ "type": "Feature", "properties": { "name": "Galenbindunuwewa Primary School", "amenity": "school", "addr_city": null, "osm_id": 4904980054, "osm_type": "nodes" }, "geometry": { "type": "Point", "coordinates": [ 80.7175344, 8.2912377 ] } },
{ "type": "Feature", "properties": { "name": "Mu/Periyakulam GTMS", "amenity": "school", "addr_city": "Periyakulam", "osm_id": 5656033298, "osm_type": "nodes" }, "geometry": { "type": "Point", "coordinates": [ 80.6340945, 9.1706232 ] } },
{ "type": "Feature", "properties": { "name": "J/St Patrick's College", "amenity": "school", "addr_city": null, "osm_id": 2152816997, "osm_type": "nodes" }, "geometry": { "type": "Point", "coordinates": [ 80.0217997, 9.6546396 ] } },
{ "type": "Feature", "properties": { "name": null, "amenity": "school", "addr_city": null, "osm_id": 7200877986, "osm_type": "nodes" }, "geometry": { "type": "Point", "coordinates": [ 80.021465, 9.6548997 ] } },
{ "type": "Feature", "properties": { "name": "J/St James Maha Vidyalayam", "amenity": "school", "addr_city": null, "osm_id": 4796871536, "osm_type": "nodes" }, "geometry": { "type": "Point", "coordinates": [ 80.0163731, 9.6536664 ] } },
{ "type": "Feature", "properties": { "name": "Vembadi Girl's School", "amenity": "school", "addr_city": null, "osm_id": 6045477062, "osm_type": "nodes" }, "geometry": { "type": "Point", "coordinates": [ 80.0150961, 9.6631445 ] } },
{ "type": "Feature", "properties": { "name": "Kn/St Theresa's Girls College", "amenity": "school", "addr_city": null, "osm_id": 3539272438, "osm_type": "nodes" }, "geometry": { "type": "Point", "coordinates": [ 80.4066397, 9.4102561 ] } },
{ "type": "Feature", "properties": { "name": "Kn/St Anthony's RCTMS", "amenity": "school", "addr_city": null, "osm_id": 4365162153, "osm_type": "nodes" }, "geometry": { "type": "Point", "coordinates": [ 80.4423579, 9.4371806 ] } },
{ "type": "Feature", "properties": { "name": "Kn/Muruganatha Primary Vidyalayam", "amenity": "school", "addr_city": null, "osm_id": 4364309399, "osm_type": "nodes" }, "geometry": { "type": "Point", "coordinates": [ 80.4557487, 9.4365511 ] } },
{ "type": "Feature", "properties": { "name": "Kn/Masar GTMS", "amenity": "school", "addr_city": "Pallai", "osm_id": 4365208327, "osm_type": "nodes" }, "geometry": { "type": "Point", "coordinates": [ 80.3860811, 9.5962203 ] } },
{ "type": "Feature", "properties": { "name": "Kn/Soranpattu Ganesha Vidyalayam", "amenity": "school", "addr_city": null, "osm_id": 4362730494, "osm_type": "nodes" }, "geometry": { "type": "Point", "coordinates": [ 80.3700125, 9.5873246 ] } },
{ "type": "Feature", "properties": { "name": "Kn/Palai RCTMS", "amenity": "school", "addr_city": null, "osm_id": 4362870752, "osm_type": "nodes" }, "geometry": { "type": "Point", "coordinates": [ 80.3247224, 9.595147 ] } },
{ "type": "Feature", "properties": { "name": "V/Mamadu Sri Vani Vidyalayam", "amenity": "school", "addr_city": null, "osm_id": 4206345780, "osm_type": "nodes" }, "geometry": { "type": "Point", "coordinates": [ 80.6691631, 9.0740538 ] } },
{ "type": "Feature", "properties": { "name": "V/Maraviluppai GTMS", "amenity": "school", "addr_city": "Maraviluppai, Nedunkerny", "osm_id": 4206353707, "osm_type": "nodes" }, "geometry": { "type": "Point", "coordinates": [ 80.636864, 9.077676 ] } },
{ "type": "Feature", "properties": { "name": "Mu/Thanduvan GTMS", "amenity": "school", "addr_city": null, "osm_id": 4123891457, "osm_type": "nodes" }, "geometry": { "type": "Point", "coordinates": [ 80.6753835, 9.0968365 ] } },
{ "type": "Feature", "properties": { "name": "V/Velankulam GTMS", "amenity": "school", "addr_city": null, "osm_id": 4206347245, "osm_type": "nodes" }, "geometry": { "type": "Point", "coordinates": [ 80.6207867, 9.0527951 ] } },
{ "type": "Feature", "properties": { "name": "V/Nedunkerny Maha Vidyalayam", "amenity": "school", "addr_city": null, "osm_id": 3868535725, "osm_type": "nodes" }, "geometry": { "type": "Point", "coordinates": [ 80.6578568, 9.058707 ] } },
{ "type": "Feature", "properties": { "name": "V/Senaipulavu Umaiyal Vidyalayam", "amenity": "school", "addr_city": null, "osm_id": 4206304523, "osm_type": "nodes" }, "geometry": { "type": "Point", "coordinates": [ 80.6676423, 9.0570968 ] } },
{ "type": "Feature", "properties": { "name": "V/Olumadhu GTMS", "amenity": "school", "addr_city": null, "osm_id": 3868552786, "osm_type": "nodes" }, "geometry": { "type": "Point", "coordinates": [ 80.6666839, 9.0328648 ] } },
{ "type": "Feature", "properties": { "name": "Mu/Periyaithimadu GTMS", "amenity": "school", "addr_city": null, "osm_id": 4697627857, "osm_type": "nodes" }, "geometry": { "type": "Point", "coordinates": [ 80.6859062, 9.1224299 ] } },
{ "type": "Feature", "properties": { "name": "Mu/Puthukudrippu RCTMS", "amenity": "school", "addr_city": null, "osm_id": 4419888004, "osm_type": "nodes" }, "geometry": { "type": "Point", "coordinates": [ 80.6996808, 9.3107007 ] } },
{ "type": "Feature", "properties": { "name": "Mu/Peraru Tamil Vidyalayam", "amenity": "school", "addr_city": "Per Aru", "osm_id": 5656033301, "osm_type": "nodes" }, "geometry": { "type": "Point", "coordinates": [ 80.6801872, 9.2031882 ] } },
{ "type": "Feature", "properties": { "name": "Mu/Venavil Sri Murugananda Vidyalayam", "amenity": "school", "addr_city": null, "osm_id": 4790331119, "osm_type": "nodes" }, "geometry": { "type": "Point", "coordinates": [ 80.6857791, 9.3095779 ] } },
{ "type": "Feature", "properties": { "name": "Mu/Mannakandal GTMS", "amenity": "school", "addr_city": null, "osm_id": 4789444048, "osm_type": "nodes" }, "geometry": { "type": "Point", "coordinates": [ 80.6670833, 9.2232338 ] } },
{ "type": "Feature", "properties": { "name": "Mu/Olumadu Tamil Vidyalayam", "amenity": "school", "addr_city": null, "osm_id": 4420670231, "osm_type": "nodes" }, "geometry": { "type": "Point", "coordinates": [ 80.4860066, 9.154666 ] } },
{ "type": "Feature", "properties": { "name": "Mu/Karipaddamurippu GTMS", "amenity": "school", "addr_city": null, "osm_id": 4124131763, "osm_type": "nodes" }, "geometry": { "type": "Point", "coordinates": [ 80.5215919, 9.1548619 ] } },
{ "type": "Feature", "properties": { "name": "Mu/Katchilaimadu GTMS", "amenity": "school", "addr_city": null, "osm_id": 4419903045, "osm_type": "nodes" }, "geometry": { "type": "Point", "coordinates": [ 80.6648854, 9.1852406 ] } },
{ "type": "Feature", "properties": { "name": "Mu/Koolamurippu GTMS", "amenity": "school", "addr_city": null, "osm_id": 4700425193, "osm_type": "nodes" }, "geometry": { "type": "Point", "coordinates": [ 80.710191, 9.1895535 ] } },
{ "type": "Feature", "properties": { "name": "District Agricutural Training Centre Mullaitivu", "amenity": "school", "addr_city": null, "osm_id": 7745135901, "osm_type": "nodes" }, "geometry": { "type": "Point", "coordinates": [ 80.6619443, 9.1618444 ] } },
{ "type": "Feature", "properties": { "name": "J/Nagarkovil Maha Vidyalayam", "amenity": "school", "addr_city": "Nakarkovil", "osm_id": 5630208721, "osm_type": "nodes" }, "geometry": { "type": "Point", "coordinates": [ 80.3138871, 9.7043382 ] } },
{ "type": "Feature", "properties": { "name": "Kn/Vembadukerni GTMS", "amenity": "school", "addr_city": null, "osm_id": 4367289191, "osm_type": "nodes" }, "geometry": { "type": "Point", "coordinates": [ 80.3118804, 9.6352402 ] } },
{ "type": "Feature", "properties": { "name": "J/Thalaiyadi RCTM School", "amenity": "school", "addr_city": null, "osm_id": 4362735983, "osm_type": "nodes" }, "geometry": { "type": "Point", "coordinates": [ 80.3982816, 9.625471 ] } },
{ "type": "Feature", "properties": { "name": "J/Eluthumadduval GTMS", "amenity": "school", "addr_city": null, "osm_id": 4406285528, "osm_type": "nodes" }, "geometry": { "type": "Point", "coordinates": [ 80.2745796, 9.6790833 ] } },
{ "type": "Feature", "properties": { "name": "J/Ketpely GTMS", "amenity": "school", "addr_city": null, "osm_id": 847483318, "osm_type": "nodes" }, "geometry": { "type": "Point", "coordinates": [ 80.22601, 9.6486417 ] } },
{ "type": "Feature", "properties": { "name": "J/Kudamiyan GTMS", "amenity": "school", "addr_city": null, "osm_id": 4406282354, "osm_type": "nodes" }, "geometry": { "type": "Point", "coordinates": [ 80.2402745, 9.7018614 ] } },
{ "type": "Feature", "properties": { "name": "J/Varany Central College", "amenity": "school", "addr_city": null, "osm_id": 4406280946, "osm_type": "nodes" }, "geometry": { "type": "Point", "coordinates": [ 80.2251543, 9.7195234 ] } },
{ "type": "Feature", "properties": { "name": "J/Karampaikrurichi GTMS", "amenity": "school", "addr_city": null, "osm_id": 4406292225, "osm_type": "nodes" }, "geometry": { "type": "Point", "coordinates": [ 80.2194881, 9.730781 ] } },
{ "type": "Feature", "properties": { "name": "Kn/Kilaali RCTMS", "amenity": "school", "addr_city": null, "osm_id": 4362882018, "osm_type": "nodes" }, "geometry": { "type": "Point", "coordinates": [ 80.2676745, 9.6193853 ] } },
{ "type": "Feature", "properties": { "name": "Mu/Mullaitivu R.C. Girls’ School", "amenity": "school", "addr_city": null, "osm_id": 4395827781, "osm_type": "nodes" }, "geometry": { "type": "Point", "coordinates": [ 80.8174774, 9.2537035 ] } },
{ "type": "Feature", "properties": { "name": "Mu/Kallapadu GTMS", "amenity": "school", "addr_city": null, "osm_id": 4395853073, "osm_type": "nodes" }, "geometry": { "type": "Point", "coordinates": [ 80.8215533, 9.2526774 ] } },
{ "type": "Feature", "properties": { "name": "Mu/Silawathai Tamil Vidyalayam", "amenity": "school", "addr_city": null, "osm_id": 4395825891, "osm_type": "nodes" }, "geometry": { "type": "Point", "coordinates": [ 80.822724, 9.240075 ] } },
{ "type": "Feature", "properties": { "name": null, "amenity": "school", "addr_city": null, "osm_id": 4418624489, "osm_type": "nodes" }, "geometry": { "type": "Point", "coordinates": [ 80.779045, 9.2477768 ] } },
{ "type": "Feature", "properties": { "name": "Mu/Alambil RC Maha Vidyalayam", "amenity": "school", "addr_city": null, "osm_id": 4417972209, "osm_type": "nodes" }, "geometry": { "type": "Point", "coordinates": [ 80.8490524, 9.17252 ] } },
{ "type": "Feature", "properties": { "name": "Mu/Chemmalai Maha Vidyalayam", "amenity": "school", "addr_city": null, "osm_id": 4417961523, "osm_type": "nodes" }, "geometry": { "type": "Point", "coordinates": [ 80.8631316, 9.1574281 ] } },
{ "type": "Feature", "properties": { "name": "Mu/Kumulamunai Maha Vidyalayam", "amenity": "school", "addr_city": null, "osm_id": 4782466419, "osm_type": "nodes" }, "geometry": { "type": "Point", "coordinates": [ 80.8236966, 9.1536003 ] } },
{ "type": "Feature", "properties": { "name": "Mu/Murippu Tamil Vidyalayam", "amenity": "school", "addr_city": "Kumarapuram", "osm_id": 4419887150, "osm_type": "nodes" }, "geometry": { "type": "Point", "coordinates": [ 80.8144774, 9.1905221 ] } },
{ "type": "Feature", "properties": { "name": "Mu/Thaneerootu Muslim Maha Vidyaalayam", "amenity": "school", "addr_city": null, "osm_id": 4395823869, "osm_type": "nodes" }, "geometry": { "type": "Point", "coordinates": [ 80.7926418, 9.2258997 ] } },
{ "type": "Feature", "properties": { "name": "Mu/Vidyanatha College", "amenity": "school", "addr_city": null, "osm_id": 6007847006, "osm_type": "nodes" }, "geometry": { "type": "Point", "coordinates": [ 80.7823148, 9.2232792 ] } },
{ "type": "Feature", "properties": { "name": "Mu/Karunaddukkerny GTMS", "amenity": "school", "addr_city": null, "osm_id": 4417938446, "osm_type": "nodes" }, "geometry": { "type": "Point", "coordinates": [ 80.9267021, 9.0300482 ] } },
{ "type": "Feature", "properties": { "name": "Mu/Uduppukulam Tamil Vidyalayam", "amenity": "school", "addr_city": null, "osm_id": 4417980259, "osm_type": "nodes" }, "geometry": { "type": "Point", "coordinates": [ 80.8300526, 9.203175 ] } },
{ "type": "Feature", "properties": { "name": "Mu/Thanniruttu CCTMS", "amenity": "school", "addr_city": "Thanneerootu", "osm_id": 4695622010, "osm_type": "nodes" }, "geometry": { "type": "Point", "coordinates": [ 80.792135, 9.2230754 ] } },
{ "type": "Feature", "properties": { "name": "Mu/Karuvelankandal G.T.M.S", "amenity": "school", "addr_city": null, "osm_id": 4124115609, "osm_type": "nodes" }, "geometry": { "type": "Point", "coordinates": [ 80.6775603, 9.1714149 ] } },
{ "type": "Feature", "properties": { "name": "Mu/Ambakamam GTMS", "amenity": "school", "addr_city": null, "osm_id": 4420657398, "osm_type": "nodes" }, "geometry": { "type": "Point", "coordinates": [ 80.4920618, 9.212574 ] } },
{ "type": "Feature", "properties": { "name": "Ramanathan Academy of Fine Arts(University of Jaffna)", "amenity": "college", "addr_city": null, "osm_id": 4026381582, "osm_type": "nodes" }, "geometry": { "type": "Point", "coordinates": [ 80.0264954, 9.7309628 ] } },
{ "type": "Feature", "properties": { "name": null, "amenity": "college", "addr_city": null, "osm_id": 10282336909, "osm_type": "nodes" }, "geometry": { "type": "Point", "coordinates": [ 80.0251517, 9.6945462 ] } },
{ "type": "Feature", "properties": { "name": null, "amenity": "college", "addr_city": null, "osm_id": 5606289022, "osm_type": "nodes" }, "geometry": { "type": "Point", "coordinates": [ 80.9432129, 7.9939499 ] } },
{ "type": "Feature", "properties": { "name": null, "amenity": "college", "addr_city": null, "osm_id": 5525030246, "osm_type": "nodes" }, "geometry": { "type": "Point", "coordinates": [ 80.0194124, 9.6515814 ] } },
{ "type": "Feature", "properties": { "name": "mullaitivu technical college", "amenity": "college", "addr_city": null, "osm_id": 4419833625, "osm_type": "nodes" }, "geometry": { "type": "Point", "coordinates": [ 80.8101109, 9.2575277 ] } },
{ "type": "Feature", "properties": { "name": "Bhikshu University", "amenity": "university", "addr_city": null, "osm_id": 5174699445, "osm_type": "nodes" }, "geometry": { "type": "Point", "coordinates": [ 80.4005814, 8.3475385 ] } },
{ "type": "Feature", "properties": { "name": "Faculty of Engineering", "amenity": "university", "addr_city": null, "osm_id": 4867055364, "osm_type": "nodes" }, "geometry": { "type": "Point", "coordinates": [ 80.4020461, 9.311419 ] } },
{ "type": "Feature", "properties": { "name": "Jaffna university", "amenity": "university", "addr_city": null, "osm_id": 5185032855, "osm_type": "nodes" }, "geometry": { "type": "Point", "coordinates": [ 80.4017365, 9.3136754 ] } },
{ "type": "Feature", "properties": { "name": "Faculty of Agriculture", "amenity": "university", "addr_city": null, "osm_id": 4867044197, "osm_type": "nodes" }, "geometry": { "type": "Point", "coordinates": [ 80.4003929, 9.3174382 ] } },
{ "type": "Feature", "properties": { "name": "Angel International School", "amenity": null, "addr_city": null, "osm_id": 3874822124, "osm_type": "nodes" }, "geometry": { "type": "Point", "coordinates": [ 80.0232502, 9.6627499 ] } },
{ "type": "Feature", "properties": { "name": "St Patrick's College", "amenity": null, "addr_city": null, "osm_id": 3874789158, "osm_type": "nodes" }, "geometry": { "type": "Point", "coordinates": [ 80.0220164, 9.6555048 ] } },
{ "type": "Feature", "properties": { "name": "Pre School", "amenity": "kindergarten", "addr_city": null, "osm_id": 3601574604, "osm_type": "nodes" }, "geometry": { "type": "Point", "coordinates": [ 80.4233542, 9.3284588 ] } },
{ "type": "Feature", "properties": { "name": "Mu/Muththuvinyagar Tamil Vidyalayam", "amenity": "school", "addr_city": null, "osm_id": 4420683480, "osm_type": "nodes" }, "geometry": { "type": "Point", "coordinates": [ 80.6433553, 9.1948758 ] } },
{ "type": "Feature", "properties": { "name": "Mu/Vallipunam Maha Vidyalayam", "amenity": "school", "addr_city": null, "osm_id": 4454598938, "osm_type": "nodes" }, "geometry": { "type": "Point", "coordinates": [ 80.6415465, 9.3446523 ] } },
{ "type": "Feature", "properties": { "name": "Mu/Visvamadu Maha Vidyalayam", "amenity": "school", "addr_city": null, "osm_id": 4424707852, "osm_type": "nodes" }, "geometry": { "type": "Point", "coordinates": [ 80.5495665, 9.376122 ] } },
{ "type": "Feature", "properties": { "name": "Mu/Nethaliyaru Tamil Vidyalayam", "amenity": "school", "addr_city": null, "osm_id": 4781534147, "osm_type": "nodes" }, "geometry": { "type": "Point", "coordinates": [ 80.5334557, 9.3817754 ] } },
{ "type": "Feature", "properties": { "name": "Mu/Visuvanathar Primary School", "amenity": "school", "addr_city": null, "osm_id": 4781558986, "osm_type": "nodes" }, "geometry": { "type": "Point", "coordinates": [ 80.5511437, 9.3760829 ] } },
{ "type": "Feature", "properties": { "name": "Kn/Kalmadunagar GTMS", "amenity": "school", "addr_city": null, "osm_id": 4180473489, "osm_type": "nodes" }, "geometry": { "type": "Point", "coordinates": [ 80.521954, 9.3755389 ] } },
{ "type": "Feature", "properties": { "name": "Mu/Kuravil TV", "amenity": "school", "addr_city": null, "osm_id": 4454617080, "osm_type": "nodes" }, "geometry": { "type": "Point", "coordinates": [ 80.6066583, 9.3390807 ] } },
{ "type": "Feature", "properties": { "name": "Mu/Udayarkaddu GTMS", "amenity": "school", "addr_city": null, "osm_id": 4773082974, "osm_type": "nodes" }, "geometry": { "type": "Point", "coordinates": [ 80.6102672, 9.3540169 ] } },
{ "type": "Feature", "properties": { "name": "Kn/Murusumoddai GTMS", "amenity": "school", "addr_city": null, "osm_id": 6153958745, "osm_type": "nodes" }, "geometry": { "type": "Point", "coordinates": [ 80.4648316, 9.4279404 ] } },
{ "type": "Feature", "properties": { "name": "Kn/Ramanathapuram West GTMS", "amenity": "school", "addr_city": null, "osm_id": 4180450126, "osm_type": "nodes" }, "geometry": { "type": "Point", "coordinates": [ 80.4744789, 9.3756765 ] } },
{ "type": "Feature", "properties": { "name": "Kn/Ramanathapuram East GTMS", "amenity": "school", "addr_city": null, "osm_id": 4180446451, "osm_type": "nodes" }, "geometry": { "type": "Point", "coordinates": [ 80.4978678, 9.3712533 ] } },
{ "type": "Feature", "properties": { "name": "Kn/Ramanathapuram Maha Vidyalayam", "amenity": "school", "addr_city": null, "osm_id": 4366592544, "osm_type": "nodes" }, "geometry": { "type": "Point", "coordinates": [ 80.4837455, 9.3677908 ] } },
{ "type": "Feature", "properties": { "name": "Kn/Vaddakkachchi South GTMS", "amenity": "school", "addr_city": null, "osm_id": 5629500984, "osm_type": "nodes" }, "geometry": { "type": "Point", "coordinates": [ 80.4581669, 9.3545169 ] } },
{ "type": "Feature", "properties": { "name": "Kn/Mayavanoor Vidyalayam", "amenity": "school", "addr_city": null, "osm_id": 4180461049, "osm_type": "nodes" }, "geometry": { "type": "Point", "coordinates": [ 80.4699031, 9.3560186 ] } },
{ "type": "Feature", "properties": { "name": "Kn/Alagapuri GTMS", "amenity": "school", "addr_city": null, "osm_id": 4180455589, "osm_type": "nodes" }, "geometry": { "type": "Point", "coordinates": [ 80.4871765, 9.3570614 ] } },
{ "type": "Feature", "properties": { "name": "Kn/Santhapuram Kalaimahal Vidyalayam", "amenity": "school", "addr_city": "Santhapuram", "osm_id": 4180352018, "osm_type": "nodes" }, "geometry": { "type": "Point", "coordinates": [ 80.4229483, 9.3320773 ] } },
{ "type": "Feature", "properties": { "name": "Kn/Kanagambigaikulam GTMS", "amenity": "school", "addr_city": "Kanagambigaikulam", "osm_id": 4178171565, "osm_type": "nodes" }, "geometry": { "type": "Point", "coordinates": [ 80.4134741, 9.3566098 ] } },
{ "type": "Feature", "properties": { "name": "Mu/Thirunagar Tamil Vidyalayam", "amenity": "school", "addr_city": null, "osm_id": 4454562606, "osm_type": "nodes" }, "geometry": { "type": "Point", "coordinates": [ 80.2874614, 9.1288679 ] } },
{ "type": "Feature", "properties": { "name": "Mu/Alankulam GTMS", "amenity": "school", "addr_city": "Thunukkai", "osm_id": 5304947356, "osm_type": "nodes" }, "geometry": { "type": "Point", "coordinates": [ 80.2796543, 9.170856 ] } },
{ "type": "Feature", "properties": { "name": "Mu/Uyilankulam GTMS", "amenity": "school", "addr_city": null, "osm_id": 5304959257, "osm_type": "nodes" }, "geometry": { "type": "Point", "coordinates": [ 80.2804402, 9.1923885 ] } },
{ "type": "Feature", "properties": { "name": "Mu/Thenniyankulam GTMS", "amenity": "school", "addr_city": null, "osm_id": 5304977320, "osm_type": "nodes" }, "geometry": { "type": "Point", "coordinates": [ 80.2569333, 9.2138952 ] } },
{ "type": "Feature", "properties": { "name": "Mu/Kalvilankulam GTMS", "amenity": "school", "addr_city": null, "osm_id": 4790952016, "osm_type": "nodes" }, "geometry": { "type": "Point", "coordinates": [ 80.2382705, 9.1392179 ] } },
{ "type": "Feature", "properties": { "name": "D.S. Senanayake Maha Vidyalaya", "amenity": "school", "addr_city": null, "osm_id": 1237359034, "osm_type": "nodes" }, "geometry": { "type": "Point", "coordinates": [ 80.401265, 8.313002 ] } },
{ "type": "Feature", "properties": { "name": null, "amenity": "school", "addr_city": null, "osm_id": 3842174363, "osm_type": "nodes" }, "geometry": { "type": "Point", "coordinates": [ 80.407371, 8.3291517 ] } },
{ "type": "Feature", "properties": { "name": "V/Nadarajanantha Vidyalayam", "amenity": "school", "addr_city": "Rambaikulam, Omanthai, Vavuniya", "osm_id": 4126724458, "osm_type": "nodes" }, "geometry": { "type": "Point", "coordinates": [ 80.5081944, 8.8919069 ] } },
{ "type": "Feature", "properties": { "name": "V/Periyamadu Ambal Vidyalayam", "amenity": "school", "addr_city": null, "osm_id": 4513844665, "osm_type": "nodes" }, "geometry": { "type": "Point", "coordinates": [ 80.4975939, 8.9410406 ] } },
{ "type": "Feature", "properties": { "name": "V/Palamoddai GTMS", "amenity": "school", "addr_city": null, "osm_id": 4093153671, "osm_type": "nodes" }, "geometry": { "type": "Point", "coordinates": [ 80.4308797, 8.9059998 ] } },
{ "type": "Feature", "properties": { "name": "V/Navvi Sri Vaany Vidayalayam", "amenity": "school", "addr_city": "Navvi, Vavuniya", "osm_id": 4093099156, "osm_type": "nodes" }, "geometry": { "type": "Point", "coordinates": [ 80.3972673, 8.934775 ] } },
{ "type": "Feature", "properties": { "name": "V/Matharpannikankulam pre School", "amenity": "school", "addr_city": null, "osm_id": 4090324758, "osm_type": "nodes" }, "geometry": { "type": "Point", "coordinates": [ 80.4573069, 8.902595 ] } },
{ "type": "Feature", "properties": { "name": "V/Konthakkarankulam GTMS", "amenity": "school", "addr_city": null, "osm_id": 4090324485, "osm_type": "nodes" }, "geometry": { "type": "Point", "coordinates": [ 80.4886243, 8.8899442 ] } },
{ "type": "Feature", "properties": { "name": "V/Kothandarnochchikkulam GTMS", "amenity": "school", "addr_city": "Kothandarnochchikkulam", "osm_id": 3929956577, "osm_type": "nodes" }, "geometry": { "type": "Point", "coordinates": [ 80.4178674, 8.8640211 ] } },
{ "type": "Feature", "properties": { "name": "V/Kalmadukulam Unit 2 GMMS", "amenity": "school", "addr_city": null, "osm_id": 4375556462, "osm_type": "nodes" }, "geometry": { "type": "Point", "coordinates": [ 80.3903021, 8.8573145 ] } },
{ "type": "Feature", "properties": { "name": "V/Thavasiyakulam GTMS", "amenity": "school", "addr_city": "Echchankulam", "osm_id": 4186814889, "osm_type": "nodes" }, "geometry": { "type": "Point", "coordinates": [ 80.4177131, 8.8374252 ] } },
{ "type": "Feature", "properties": { "name": "V/Kidachori Karuveppankulam GTMS", "amenity": "school", "addr_city": "Sasthirikoolankulam, Vavuniya", "osm_id": 4082354972, "osm_type": "nodes" }, "geometry": { "type": "Point", "coordinates": [ 80.4028389, 8.8209305 ] } },
{ "type": "Feature", "properties": { "name": "V/Paranaddakal GTMS", "amenity": "school", "addr_city": "Paranaddakal", "osm_id": 4180342014, "osm_type": "nodes" }, "geometry": { "type": "Point", "coordinates": [ 80.4801941, 8.8322173 ] } },
{ "type": "Feature", "properties": { "name": "V/Nochchimoddai JSV", "amenity": "school", "addr_city": null, "osm_id": 3553436024, "osm_type": "nodes" }, "geometry": { "type": "Point", "coordinates": [ 80.4924738, 8.8193348 ] } },
{ "type": "Feature", "properties": { "name": "V/Suntharapuram GTMS", "amenity": "school", "addr_city": null, "osm_id": 3929949621, "osm_type": "nodes" }, "geometry": { "type": "Point", "coordinates": [ 80.4509788, 8.8063162 ] } },
{ "type": "Feature", "properties": { "name": "V/Suntharapuram Saraswathy Vidyalayam", "amenity": "school", "addr_city": "Sasthirikoolankulam, Vavuniya", "osm_id": 4186802705, "osm_type": "nodes" }, "geometry": { "type": "Point", "coordinates": [ 80.4414185, 8.8014156 ] } },
{ "type": "Feature", "properties": { "name": "V/Pampaimadu GTMS", "amenity": "school", "addr_city": "Pampaimadu, Vavuniya", "osm_id": 4082361696, "osm_type": "nodes" }, "geometry": { "type": "Point", "coordinates": [ 80.4212438, 8.7863737 ] } },
{ "type": "Feature", "properties": { "name": "V/Bharathithasan Vidyalayam", "amenity": "school", "addr_city": "Maravankulam, Sasthirikoolankulam, Vavuniya", "osm_id": 3929943338, "osm_type": "nodes" }, "geometry": { "type": "Point", "coordinates": [ 80.4055848, 8.8300539 ] } },
{ "type": "Feature", "properties": { "name": "V/Vinayagar Vidyalayam", "amenity": "school", "addr_city": "Ganeshapuram", "osm_id": 4175053793, "osm_type": "nodes" }, "geometry": { "type": "Point", "coordinates": [ 80.455379, 8.783746 ] } },
{ "type": "Feature", "properties": { "name": "V/Puthukulam Maha Vidyalayam", "amenity": "school", "addr_city": null, "osm_id": 3928208095, "osm_type": "nodes" }, "geometry": { "type": "Point", "coordinates": [ 80.4637422, 8.8094765 ] } },
{ "type": "Feature", "properties": { "name": "V/Marukkarampalai GTMS", "amenity": "school", "addr_city": null, "osm_id": 3939883175, "osm_type": "nodes" }, "geometry": { "type": "Point", "coordinates": [ 80.4711309, 8.7975044 ] } },
{ "type": "Feature", "properties": { "name": "Mu/Mankulam Maha Vidyalayam", "amenity": "school", "addr_city": null, "osm_id": 4036012568, "osm_type": "nodes" }, "geometry": { "type": "Point", "coordinates": [ 80.4440558, 9.1351783 ] } },
{ "type": "Feature", "properties": { "name": "Mu/Sanmugaratnam Vidyalayam", "amenity": "school", "addr_city": "Sannasipranathan", "osm_id": 4411284187, "osm_type": "nodes" }, "geometry": { "type": "Point", "coordinates": [ 80.4472223, 9.1395073 ] } },
{ "type": "Feature", "properties": { "name": "Mn/Mullikkulam GTMS", "amenity": "school", "addr_city": null, "osm_id": 4171750114, "osm_type": "nodes" }, "geometry": { "type": "Point", "coordinates": [ 80.2993709, 8.8846577 ] } },
{ "type": "Feature", "properties": { "name": "V/Madukkulam Navajothy Vidyalayam", "amenity": "school", "addr_city": "Maddukkulam", "osm_id": 4201655682, "osm_type": "nodes" }, "geometry": { "type": "Point", "coordinates": [ 80.3228335, 8.7845977 ] } },
{ "type": "Feature", "properties": { "name": "V/Periyathambanai GTMS", "amenity": "school", "addr_city": null, "osm_id": 4120766116, "osm_type": "nodes" }, "geometry": { "type": "Point", "coordinates": [ 80.2571468, 8.7900681 ] } },
{ "type": "Feature", "properties": { "name": "V/Sinnathampanai Sri Krishna Vidyalayam", "amenity": "school", "addr_city": null, "osm_id": 4604011274, "osm_type": "nodes" }, "geometry": { "type": "Point", "coordinates": [ 80.300193, 8.7911931 ] } },
{ "type": "Feature", "properties": { "name": "V/Kovilpuliyankulam School", "amenity": "school", "addr_city": null, "osm_id": 3939675378, "osm_type": "nodes" }, "geometry": { "type": "Point", "coordinates": [ 80.3527459, 8.8329048 ] } },
{ "type": "Feature", "properties": { "name": "Mn/Iranaiillupaikulam GTMS", "amenity": "school", "addr_city": null, "osm_id": 3939712411, "osm_type": "nodes" }, "geometry": { "type": "Point", "coordinates": [ 80.3612405, 8.8525571 ] } },
{ "type": "Feature", "properties": { "name": "Mn/Sinnapandivirichan GTMS", "amenity": "school", "addr_city": null, "osm_id": 4124735699, "osm_type": "nodes" }, "geometry": { "type": "Point", "coordinates": [ 80.2044535, 8.8230958 ] } },
{ "type": "Feature", "properties": { "name": "Mn/Periyapandivirichan Maha Vidyalayam", "amenity": "school", "addr_city": null, "osm_id": 4124736896, "osm_type": "nodes" }, "geometry": { "type": "Point", "coordinates": [ 80.2318711, 8.8270503 ] } },
{ "type": "Feature", "properties": { "name": "Mn/Thuya Joseph Vaz M.V.", "amenity": "school", "addr_city": null, "osm_id": 4405231707, "osm_type": "nodes" }, "geometry": { "type": "Point", "coordinates": [ 80.051369, 9.0235863 ] } },
{ "type": "Feature", "properties": { "name": "Mn/Athimoddi GTMS", "amenity": "school", "addr_city": null, "osm_id": 5614451591, "osm_type": "nodes" }, "geometry": { "type": "Point", "coordinates": [ 80.111338, 9.0612814 ] } },
{ "type": "Feature", "properties": { "name": "Mn/Kalliyadi GTMS", "amenity": "school", "addr_city": null, "osm_id": 4405219729, "osm_type": "nodes" }, "geometry": { "type": "Point", "coordinates": [ 80.0847161, 9.0685688 ] } },
{ "type": "Feature", "properties": { "name": "Mu/Naddankandal GTMS", "amenity": "school", "addr_city": null, "osm_id": 4124719331, "osm_type": "nodes" }, "geometry": { "type": "Point", "coordinates": [ 80.2899892, 9.0593565 ] } },
{ "type": "Feature", "properties": { "name": "Mu/Siraddikulam gtms", "amenity": "school", "addr_city": null, "osm_id": 4790933731, "osm_type": "nodes" }, "geometry": { "type": "Point", "coordinates": [ 80.2426328, 9.0371463 ] } },
{ "type": "Feature", "properties": { "name": "V/Poompukar Kannaki Vidyalayam", "amenity": "school", "addr_city": null, "osm_id": 4186791271, "osm_type": "nodes" }, "geometry": { "type": "Point", "coordinates": [ 80.3815242, 8.8306726 ] } },
{ "type": "Feature", "properties": { "name": "Mu/Pandiyankulam Maha Vidyalayam", "amenity": "school", "addr_city": null, "osm_id": 4433497108, "osm_type": "nodes" }, "geometry": { "type": "Point", "coordinates": [ 80.3072381, 9.0742611 ] } },
{ "type": "Feature", "properties": { "name": "V/Pandaravanniyan GTMS", "amenity": "school", "addr_city": null, "osm_id": 4120681716, "osm_type": "nodes" }, "geometry": { "type": "Point", "coordinates": [ 80.4558663, 9.1087563 ] } },
{ "type": "Feature", "properties": { "name": "Mu/Pulumachchinathakulam GTMS", "amenity": "school", "addr_city": null, "osm_id": 4420661500, "osm_type": "nodes" }, "geometry": { "type": "Point", "coordinates": [ 80.4748196, 9.1828554 ] } },
{ "type": "Feature", "properties": { "name": "V/Mannakulam GTMS", "amenity": "school", "addr_city": "Mannakulam", "osm_id": 4056734179, "osm_type": "nodes" }, "geometry": { "type": "Point", "coordinates": [ 80.4592481, 9.0737144 ] } },
{ "type": "Feature", "properties": { "name": "Mu/Therankandal GTMS", "amenity": "school", "addr_city": null, "osm_id": 4416472028, "osm_type": "nodes" }, "geometry": { "type": "Point", "coordinates": [ 80.3023076, 9.1667976 ] } },
{ "type": "Feature", "properties": { "name": "Mu/Palaiyamurikandy GTM School", "amenity": "school", "addr_city": null, "osm_id": 4416480751, "osm_type": "nodes" }, "geometry": { "type": "Point", "coordinates": [ 80.3242629, 9.2480093 ] } },
{ "type": "Feature", "properties": { "name": "Mu/Iyankankulam GTMS", "amenity": "school", "addr_city": null, "osm_id": 4416473982, "osm_type": "nodes" }, "geometry": { "type": "Point", "coordinates": [ 80.3310717, 9.2102906 ] } },
{ "type": "Feature", "properties": { "name": "Mu/Ampalaperumalkulam GTMS", "amenity": "school", "addr_city": "Ambalaperumalkulam", "osm_id": 5647299293, "osm_type": "nodes" }, "geometry": { "type": "Point", "coordinates": [ 80.2788154, 9.2654552 ] } },
{ "type": "Feature", "properties": { "name": "Mu/Puththuvedduvan GTMS", "amenity": "school", "addr_city": "Puththuvedduwan", "osm_id": 4048122397, "osm_type": "nodes" }, "geometry": { "type": "Point", "coordinates": [ 80.3650816, 9.2557253 ] } },
{ "type": "Feature", "properties": { "name": "Mu/Koddaikaddiyakulam GTMS", "amenity": "school", "addr_city": null, "osm_id": 5304970260, "osm_type": "nodes" }, "geometry": { "type": "Point", "coordinates": [ 80.2726894, 9.2416161 ] } },
{ "type": "Feature", "properties": { "name": "Kn/Kanishka Maha Vidyalayam", "amenity": "school", "addr_city": "Kilinochchi", "osm_id": 3745935169, "osm_type": "nodes" }, "geometry": { "type": "Point", "coordinates": [ 80.4099515, 9.3945847 ] } },
{ "type": "Feature", "properties": { "name": "Kn/Kanagapuram Maha Vidyalayam", "amenity": "school", "addr_city": null, "osm_id": 4109685373, "osm_type": "nodes" }, "geometry": { "type": "Point", "coordinates": [ 80.3932727, 9.3856344 ] } },
{ "type": "Feature", "properties": { "name": "Kn/Kilinochchi Central College Primary", "amenity": "school", "addr_city": null, "osm_id": 4500704552, "osm_type": "nodes" }, "geometry": { "type": "Point", "coordinates": [ 80.4090595, 9.3786229 ] } },
{ "type": "Feature", "properties": { "name": "Kn/Killinochchi Central College", "amenity": "school", "addr_city": null, "osm_id": 2152832503, "osm_type": "nodes" }, "geometry": { "type": "Point", "coordinates": [ 80.4089819, 9.3809374 ] } },
{ "type": "Feature", "properties": { "name": "Mu/Vavunikkulam Central Sulusu GTMS", "amenity": "school", "addr_city": null, "osm_id": 4433492984, "osm_type": "nodes" }, "geometry": { "type": "Point", "coordinates": [ 80.3255032, 9.0900182 ] } },
{ "type": "Feature", "properties": { "name": "Mu/Anichiyankulam TM Vidyalayam", "amenity": "school", "addr_city": null, "osm_id": 4454516078, "osm_type": "nodes" }, "geometry": { "type": "Point", "coordinates": [ 80.3141435, 9.1324827 ] } },
{ "type": "Feature", "properties": { "name": "Mu/Palinagar MV", "amenity": "school", "addr_city": null, "osm_id": 4124718284, "osm_type": "nodes" }, "geometry": { "type": "Point", "coordinates": [ 80.3249598, 9.1081803 ] } },
{ "type": "Feature", "properties": { "name": "Mu/Kollavilankulam GTMS", "amenity": "school", "addr_city": null, "osm_id": 4124717061, "osm_type": "nodes" }, "geometry": { "type": "Point", "coordinates": [ 80.3450603, 9.1126084 ] } },
{ "type": "Feature", "properties": { "name": "Mu/Mullaitivu Maha Vidyalayam", "amenity": "school", "addr_city": "Mullaitivu South", "osm_id": 4419821531, "osm_type": "nodes" }, "geometry": { "type": "Point", "coordinates": [ 80.8095614, 9.2650544 ] } },
{ "type": "Feature", "properties": { "name": "Mu/Hindu Vidyalayam", "amenity": "school", "addr_city": null, "osm_id": 4419820321, "osm_type": "nodes" }, "geometry": { "type": "Point", "coordinates": [ 80.8114018, 9.2646562 ] } },
{ "type": "Feature", "properties": { "name": "Mu/Mullaitivu Muslim Vidyalayam", "amenity": "school", "addr_city": null, "osm_id": 4419823145, "osm_type": "nodes" }, "geometry": { "type": "Point", "coordinates": [ 80.8175724, 9.2664369 ] } },
{ "type": "Feature", "properties": { "name": "Mu/Vedduvaikkal GTMS", "amenity": "school", "addr_city": "Mullaitivu", "osm_id": 4419830474, "osm_type": "nodes" }, "geometry": { "type": "Point", "coordinates": [ 80.8058942, 9.2860798 ] } },
{ "type": "Feature", "properties": { "name": "Mu/Mulliwaikkal West Junior High School", "amenity": "school", "addr_city": null, "osm_id": 4789249382, "osm_type": "nodes" }, "geometry": { "type": "Point", "coordinates": [ 80.7732113, 9.3192119 ] } },
{ "type": "Feature", "properties": { "name": "Mu/Matalan RCTMS", "amenity": "school", "addr_city": null, "osm_id": 4419857253, "osm_type": "nodes" }, "geometry": { "type": "Point", "coordinates": [ 80.7261496, 9.359078 ] } },
{ "type": "Feature", "properties": { "name": "Mu/Iruddumadu Tamil Vidyalayam", "amenity": "school", "addr_city": null, "osm_id": 4454630906, "osm_type": "nodes" }, "geometry": { "type": "Point", "coordinates": [ 80.6072456, 9.3751319 ] } },
{ "type": "Feature", "properties": { "name": "Mu/Valaiyanmadam GTMS", "amenity": "school", "addr_city": null, "osm_id": 4790350134, "osm_type": "nodes" }, "geometry": { "type": "Point", "coordinates": [ 80.7501765, 9.3399198 ] } },
{ "type": "Feature", "properties": { "name": "V/Kristokulam GTMS", "amenity": "school", "addr_city": "Kristhavakulam", "osm_id": 4201718996, "osm_type": "nodes" }, "geometry": { "type": "Point", "coordinates": [ 80.3014027, 8.6806835 ] } },
{ "type": "Feature", "properties": { "name": "V/Arivithoddam Sivanatha Vidyalayam", "amenity": "school", "addr_city": "Menic Farm", "osm_id": 4201725290, "osm_type": "nodes" }, "geometry": { "type": "Point", "coordinates": [ 80.2707879, 8.6974299 ] } },
{ "type": "Feature", "properties": { "name": "V/Tharul Uloom Muslim Vidayalayam", "amenity": "school", "addr_city": "Sinnasipikkulam", "osm_id": 3983340266, "osm_type": "nodes" }, "geometry": { "type": "Point", "coordinates": [ 80.3298636, 8.603108 ] } },
{ "type": "Feature", "properties": { "name": "V/Sri Subramaniyam Vidyalayam", "amenity": "school", "addr_city": "Kankankulam", "osm_id": 4201642544, "osm_type": "nodes" }, "geometry": { "type": "Point", "coordinates": [ 80.3187194, 8.6758195 ] } },
{ "type": "Feature", "properties": { "name": "Methodist College", "amenity": "school", "addr_city": null, "osm_id": 3780542023, "osm_type": "nodes" }, "geometry": { "type": "Point", "coordinates": [ 79.8489682, 6.9121155 ] } },
{ "type": "Feature", "properties": { "name": "St. Mary Sinhala Vidyalaya", "amenity": "school", "addr_city": null, "osm_id": 3780547659, "osm_type": "nodes" }, "geometry": { "type": "Point", "coordinates": [ 79.8574191, 6.8947877 ] } },
{ "type": "Feature", "properties": { "name": "St. Paul's Girls' School", "amenity": "school", "addr_city": null, "osm_id": 3780547666, "osm_type": "nodes" }, "geometry": { "type": "Point", "coordinates": [ 79.858423, 6.886346 ] } },
{ "type": "Feature", "properties": { "name": "St. Aloysius College", "amenity": "school", "addr_city": null, "osm_id": 1166136175, "osm_type": "nodes" }, "geometry": { "type": "Point", "coordinates": [ 80.2120989, 6.0354036 ] } },
{ "type": "Feature", "properties": { "name": "Anuladevi girl school", "amenity": "school", "addr_city": null, "osm_id": 4327597789, "osm_type": "nodes" }, "geometry": { "type": "Point", "coordinates": [ 80.2300911, 6.0378996 ] } },
{ "type": "Feature", "properties": { "name": "Kalegana Piyatissa Vidyalaya", "amenity": "school", "addr_city": null, "osm_id": 652636947, "osm_type": "nodes" }, "geometry": { "type": "Point", "coordinates": [ 80.2013754, 6.0576123 ] } },
{ "type": "Feature", "properties": { "name": "C.W.W Kannangara Vidyalaya", "amenity": "school", "addr_city": null, "osm_id": 1980792439, "osm_type": "nodes" }, "geometry": { "type": "Point", "coordinates": [ 80.2003651, 6.041144 ] } },
{ "type": "Feature", "properties": { "name": "Kn/Oottupulam G.T.M.S", "amenity": "school", "addr_city": "Oottupulam", "osm_id": 4180539743, "osm_type": "nodes" }, "geometry": { "type": "Point", "coordinates": [ 80.3517518, 9.3527264 ] } },
{ "type": "Feature", "properties": { "name": "Kn/Periyakulam Iynar Vidyalayam", "amenity": "school", "addr_city": null, "osm_id": 4180509290, "osm_type": "nodes" }, "geometry": { "type": "Point", "coordinates": [ 80.4934019, 9.412835 ] } },
{ "type": "Feature", "properties": { "name": "Kn/Barathi Vidyalayam", "amenity": "school", "addr_city": "Barathipuram", "osm_id": 4178158194, "osm_type": "nodes" }, "geometry": { "type": "Point", "coordinates": [ 80.3974677, 9.3506196 ] } },
{ "type": "Feature", "properties": { "name": null, "amenity": "school", "addr_city": null, "osm_id": 12560973301, "osm_type": "nodes" }, "geometry": { "type": "Point", "coordinates": [ 80.7453455, 7.951602 ] } },
{ "type": "Feature", "properties": { "name": "Kotahena Central College", "amenity": "school", "addr_city": null, "osm_id": 682652558, "osm_type": "nodes" }, "geometry": { "type": "Point", "coordinates": [ 79.8623362, 6.9414628 ] } },
{ "type": "Feature", "properties": { "name": "Sangamitta Balika Vidyalaya", "amenity": "school", "addr_city": null, "osm_id": 2094306182, "osm_type": "nodes" }, "geometry": { "type": "Point", "coordinates": [ 79.8691938, 6.9203103 ] } },
{ "type": "Feature", "properties": { "name": "Sri Jina Darmadana Vidyalaya", "amenity": "school", "addr_city": null, "osm_id": 6615733816, "osm_type": "nodes" }, "geometry": { "type": "Point", "coordinates": [ 79.906119, 6.7530969 ] } },
{ "type": "Feature", "properties": { "name": "AOD - Academy of Design", "amenity": "university", "addr_city": null, "osm_id": 9748084421, "osm_type": "nodes" }, "geometry": { "type": "Point", "coordinates": [ 79.8572968, 6.8950054 ] } },
{ "type": "Feature", "properties": { "name": "IIT Java building", "amenity": "university", "addr_city": null, "osm_id": 11597453353, "osm_type": "nodes" }, "geometry": { "type": "Point", "coordinates": [ 79.8568652, 6.8954248 ] } },
{ "type": "Feature", "properties": { "name": "Modern Montessori International", "amenity": "kindergarten", "addr_city": "Jayawardhanapura Kotte", "osm_id": 6631008175, "osm_type": "nodes" }, "geometry": { "type": "Point", "coordinates": [ 79.8913055, 6.8762057 ] } },
{ "type": "Feature", "properties": { "name": "Busy Bee Nursery", "amenity": "kindergarten", "addr_city": "Gamsabha Junction", "osm_id": 1694062109, "osm_type": "nodes" }, "geometry": { "type": "Point", "coordinates": [ 79.8978146, 6.8642864 ] } },
{ "type": "Feature", "properties": { "name": null, "amenity": "school", "addr_city": null, "osm_id": 3630532461, "osm_type": "nodes" }, "geometry": { "type": "Point", "coordinates": [ 80.6326368, 7.2776709 ] } },
{ "type": "Feature", "properties": { "name": "V/Manikka Illupaikulam GTMS", "amenity": "school", "addr_city": null, "osm_id": 4126532843, "osm_type": "nodes" }, "geometry": { "type": "Point", "coordinates": [ 80.5021487, 8.8387128 ] } },
{ "type": "Feature", "properties": { "name": "V/Panrikeithakulam GTMS", "amenity": "school", "addr_city": null, "osm_id": 3952966964, "osm_type": "nodes" }, "geometry": { "type": "Point", "coordinates": [ 80.5110798, 8.9178055 ] } },
{ "type": "Feature", "properties": { "name": "V/Koliyakulam GTMS", "amenity": "school", "addr_city": null, "osm_id": 4093131382, "osm_type": "nodes" }, "geometry": { "type": "Point", "coordinates": [ 80.4742, 8.891298 ] } },
{ "type": "Feature", "properties": { "name": "V/Kurisuddakulam GTMS", "amenity": "school", "addr_city": null, "osm_id": 4080814941, "osm_type": "nodes" }, "geometry": { "type": "Point", "coordinates": [ 80.5179676, 9.0330312 ] } },
{ "type": "Feature", "properties": { "name": "V/Sri Ramakrishna Vidyalayam", "amenity": "school", "addr_city": "Kollarpuliyankulam, Mannakulam", "osm_id": 3959015604, "osm_type": "nodes" }, "geometry": { "type": "Point", "coordinates": [ 80.4738854, 9.088499 ] } },
{ "type": "Feature", "properties": { "name": null, "amenity": "school", "addr_city": null, "osm_id": 3246523861, "osm_type": "nodes" }, "geometry": { "type": "Point", "coordinates": [ 80.4464699, 7.6984942 ] } },
{ "type": "Feature", "properties": { "name": null, "amenity": "school", "addr_city": null, "osm_id": 4882143896, "osm_type": "nodes" }, "geometry": { "type": "Point", "coordinates": [ 80.746623, 6.9385097 ] } },
{ "type": "Feature", "properties": { "name": "Hulogedara Scool", "amenity": "school", "addr_city": null, "osm_id": 2922135804, "osm_type": "nodes" }, "geometry": { "type": "Point", "coordinates": [ 80.1906593, 7.790801 ] } },
{ "type": "Feature", "properties": { "name": "Halabagala School", "amenity": "school", "addr_city": null, "osm_id": 2922173916, "osm_type": "nodes" }, "geometry": { "type": "Point", "coordinates": [ 80.1683851, 7.8062596 ] } },
{ "type": "Feature", "properties": { "name": "Anamaduwa primary school", "amenity": "school", "addr_city": null, "osm_id": 4359584181, "osm_type": "nodes" }, "geometry": { "type": "Point", "coordinates": [ 80.0145813, 7.87282 ] } },
{ "type": "Feature", "properties": { "name": "Anamaduwa central college", "amenity": "school", "addr_city": null, "osm_id": 4359578374, "osm_type": "nodes" }, "geometry": { "type": "Point", "coordinates": [ 80.0131473, 7.8758393 ] } },
{ "type": "Feature", "properties": { "name": "Vimalarathna kumaragama school", "amenity": "school", "addr_city": null, "osm_id": 4359833522, "osm_type": "nodes" }, "geometry": { "type": "Point", "coordinates": [ 80.0449778, 7.9138787 ] } },
{ "type": "Feature", "properties": { "name": "St.Sebastian's School", "amenity": "school", "addr_city": null, "osm_id": 1902017816, "osm_type": "nodes" }, "geometry": { "type": "Point", "coordinates": [ 79.9172257, 6.9971852 ] } },
{ "type": "Feature", "properties": { "name": "Sri Sumangala Vidyalaya", "amenity": "school", "addr_city": null, "osm_id": 1840750567, "osm_type": "nodes" }, "geometry": { "type": "Point", "coordinates": [ 79.9235665, 6.9850346 ] } },
{ "type": "Feature", "properties": { "name": "OKI International School", "amenity": "school", "addr_city": null, "osm_id": 5206524753, "osm_type": "nodes" }, "geometry": { "type": "Point", "coordinates": [ 79.9230295, 6.9769472 ] } },
{ "type": "Feature", "properties": { "name": "Yashodhara Kanishta Vidyalaya", "amenity": "school", "addr_city": null, "osm_id": 1678267488, "osm_type": "nodes" }, "geometry": { "type": "Point", "coordinates": [ 79.9134322, 6.9715062 ] } },
{ "type": "Feature", "properties": { "name": "Pamunuvila Maha Viduhala (Primary School)", "amenity": "school", "addr_city": null, "osm_id": 3997346197, "osm_type": "nodes" }, "geometry": { "type": "Point", "coordinates": [ 79.931469, 6.9697195 ] } },
{ "type": "Feature", "properties": { "name": "Sri Subuthi Vidyalaya", "amenity": "school", "addr_city": "Battaramulla", "osm_id": 679045166, "osm_type": "nodes" }, "geometry": { "type": "Point", "coordinates": [ 79.9240445, 6.902909 ] } },
{ "type": "Feature", "properties": { "name": "Makuluduwa Primary School", "amenity": "school", "addr_city": "Makuluduwa", "osm_id": 4078031235, "osm_type": "nodes" }, "geometry": { "type": "Point", "coordinates": [ 79.9373899, 6.8132605 ] } },
{ "type": "Feature", "properties": { "name": "Nikawathalanda Maha Viddyalaya", "amenity": "school", "addr_city": null, "osm_id": 5249975440, "osm_type": "nodes" }, "geometry": { "type": "Point", "coordinates": [ 81.0782248, 7.7255254 ] } },
{ "type": "Feature", "properties": { "name": "Kirinda Kanishta School", "amenity": "college", "addr_city": null, "osm_id": 7982025089, "osm_type": "nodes" }, "geometry": { "type": "Point", "coordinates": [ 80.114924, 7.815659 ] } },
{ "type": "Feature", "properties": { "name": "American College of Higher Education", "amenity": "university", "addr_city": "Kandy", "osm_id": 4036074889, "osm_type": "nodes" }, "geometry": { "type": "Point", "coordinates": [ 80.6214253, 7.2821607 ] } },
{ "type": "Feature", "properties": { "name": "Gateway Graduate School", "amenity": "university", "addr_city": "Kandy", "osm_id": 4089673114, "osm_type": "nodes" }, "geometry": { "type": "Point", "coordinates": [ 80.6216812, 7.2823857 ] } },
{ "type": "Feature", "properties": { "name": "Faculty of Applied Science (ICR Block)", "amenity": "university", "addr_city": "Vavuniya", "osm_id": 4089419292, "osm_type": "nodes" }, "geometry": { "type": "Point", "coordinates": [ 80.496995, 8.7536908 ] } },
{ "type": "Feature", "properties": { "name": "Sussex College Ratnapura", "amenity": null, "addr_city": "Ratnapura", "osm_id": 3052959377, "osm_type": "nodes" }, "geometry": { "type": "Point", "coordinates": [ 80.4152445, 6.6748779 ] } },
{ "type": "Feature", "properties": { "name": "Gabrial Convent", "amenity": null, "addr_city": null, "osm_id": 3372801453, "osm_type": "nodes" }, "geometry": { "type": "Point", "coordinates": [ 80.5972965, 6.8952446 ] } },
{ "type": "Feature", "properties": { "name": "Dalugolla School", "amenity": null, "addr_city": null, "osm_id": 2920094128, "osm_type": "nodes" }, "geometry": { "type": "Point", "coordinates": [ 80.1647243, 7.7791743 ] } },
{ "type": "Feature", "properties": { "name": "Dumbara Rajakeeya Kanishta Vidyalaya", "amenity": "school", "addr_city": null, "osm_id": 3629124875, "osm_type": "nodes" }, "geometry": { "type": "Point", "coordinates": [ 80.6677136, 7.305621 ] } },
{ "type": "Feature", "properties": { "name": "Karambe Maha Vidyalaya", "amenity": "school", "addr_city": null, "osm_id": 5892770738, "osm_type": "nodes" }, "geometry": { "type": "Point", "coordinates": [ 80.3431517, 7.7892319 ] } },
{ "type": "Feature", "properties": { "name": "Morathiha Junior School", "amenity": "school", "addr_city": null, "osm_id": 5639216635, "osm_type": "nodes" }, "geometry": { "type": "Point", "coordinates": [ 80.4902167, 7.5168916 ] } },
{ "type": "Feature", "properties": { "name": "Wayamba Janadhipathi Vidyalaya", "amenity": "school", "addr_city": null, "osm_id": 6631169241, "osm_type": "nodes" }, "geometry": { "type": "Point", "coordinates": [ 80.4647464, 7.5692748 ] } },
{ "type": "Feature", "properties": { "name": "Namalanga Maha Vidyalaya", "amenity": "school", "addr_city": null, "osm_id": 6715481900, "osm_type": "nodes" }, "geometry": { "type": "Point", "coordinates": [ 80.4889554, 7.6217203 ] } },
{ "type": "Feature", "properties": { "name": "Neerammulla Jayanthi Vidyalaya", "amenity": "school", "addr_city": null, "osm_id": 5673098798, "osm_type": "nodes" }, "geometry": { "type": "Point", "coordinates": [ 80.4899463, 7.6493306 ] } },
{ "type": "Feature", "properties": { "name": null, "amenity": "school", "addr_city": null, "osm_id": 5664558695, "osm_type": "nodes" }, "geometry": { "type": "Point", "coordinates": [ 80.5006805, 7.5796126 ] } },
{ "type": "Feature", "properties": { "name": "D.S.Senanayake Central College", "amenity": "school", "addr_city": null, "osm_id": 5164676799, "osm_type": "nodes" }, "geometry": { "type": "Point", "coordinates": [ 80.2928676, 7.459988 ] } },
{ "type": "Feature", "properties": { "name": "Welamitiyawa Siri Gunarathana Kanishta Vidyalaya", "amenity": "school", "addr_city": "Narammala", "osm_id": 4991673098, "osm_type": "nodes" }, "geometry": { "type": "Point", "coordinates": [ 80.2238391, 7.4653111 ] } },
{ "type": "Feature", "properties": { "name": "Mahakeliya Vidyalaya", "amenity": "school", "addr_city": null, "osm_id": 3066462780, "osm_type": "nodes" }, "geometry": { "type": "Point", "coordinates": [ 80.2760808, 7.5874469 ] } },
{ "type": "Feature", "properties": { "name": "Pimburuwellegama Vidyalaya", "amenity": "school", "addr_city": null, "osm_id": 3728790523, "osm_type": "nodes" }, "geometry": { "type": "Point", "coordinates": [ 80.3080026, 7.6149398 ] } },
{ "type": "Feature", "properties": { "name": null, "amenity": "school", "addr_city": null, "osm_id": 3236752501, "osm_type": "nodes" }, "geometry": { "type": "Point", "coordinates": [ 80.2663361, 7.3955838 ] } },
{ "type": "Feature", "properties": { "name": "Aluthgama Junior School", "amenity": "school", "addr_city": "Nikadalupotha", "osm_id": 2377735970, "osm_type": "nodes" }, "geometry": { "type": "Point", "coordinates": [ 80.355735, 7.672181 ] } },
{ "type": "Feature", "properties": { "name": "Sri Sunanda Maha Vidyalaya, Paadeniya", "amenity": "school", "addr_city": "Paadeniya", "osm_id": 4099787028, "osm_type": "nodes" }, "geometry": { "type": "Point", "coordinates": [ 80.2198588, 7.6569231 ] } },
{ "type": "Feature", "properties": { "name": null, "amenity": "school", "addr_city": null, "osm_id": 4704758990, "osm_type": "nodes" }, "geometry": { "type": "Point", "coordinates": [ 80.0428029, 7.4694066 ] } },
{ "type": "Feature", "properties": { "name": "Vilayaya Madya Maha Vidyalaya", "amenity": "school", "addr_city": null, "osm_id": 5251514064, "osm_type": "nodes" }, "geometry": { "type": "Point", "coordinates": [ 81.188329, 7.7822951 ] } },
{ "type": "Feature", "properties": { "name": "Aluthwewa Kanitu Vidyalaya", "amenity": "school", "addr_city": null, "osm_id": 4933895507, "osm_type": "nodes" }, "geometry": { "type": "Point", "coordinates": [ 80.5178669, 7.794101 ] } },
{ "type": "Feature", "properties": { "name": "Knuckles tamil school", "amenity": "school", "addr_city": null, "osm_id": 5081174312, "osm_type": "nodes" }, "geometry": { "type": "Point", "coordinates": [ 80.7786136, 7.4054472 ] } },
{ "type": "Feature", "properties": { "name": null, "amenity": "school", "addr_city": null, "osm_id": 4427456693, "osm_type": "nodes" }, "geometry": { "type": "Point", "coordinates": [ 81.6323623, 7.7559759 ] } },
{ "type": "Feature", "properties": { "name": "Lenadora junior school", "amenity": "school", "addr_city": "Lenadora", "osm_id": 4961881685, "osm_type": "nodes" }, "geometry": { "type": "Point", "coordinates": [ 80.6597873, 7.7493157 ] } },
{ "type": "Feature", "properties": { "name": "Peradeniya Central College", "amenity": "school", "addr_city": null, "osm_id": 4605323408, "osm_type": "nodes" }, "geometry": { "type": "Point", "coordinates": [ 80.586072, 7.2618267 ] } },
{ "type": "Feature", "properties": { "name": "Muruthalawa Primary School", "amenity": "school", "addr_city": "Muruthalawa", "osm_id": 4397543011, "osm_type": "nodes" }, "geometry": { "type": "Point", "coordinates": [ 80.5712192, 7.2955973 ] } },
{ "type": "Feature", "properties": { "name": "Dahampasala matale", "amenity": "school", "addr_city": null, "osm_id": 5377242221, "osm_type": "nodes" }, "geometry": { "type": "Point", "coordinates": [ 80.6224438, 7.475456 ] } },
{ "type": "Feature", "properties": { "name": "Hindu College", "amenity": "school", "addr_city": null, "osm_id": 1728628587, "osm_type": "nodes" }, "geometry": { "type": "Point", "coordinates": [ 80.6242399, 7.4856667 ] } },
{ "type": "Feature", "properties": { "name": "CP/ Kot/ Kahira Muslim Vidyalaya", "amenity": "school", "addr_city": null, "osm_id": 4458867402, "osm_type": "nodes" }, "geometry": { "type": "Point", "coordinates": [ 80.5689409, 7.0721039 ] } },
{ "type": "Feature", "properties": { "name": "Pattiwela School", "amenity": "school", "addr_city": null, "osm_id": 4933685075, "osm_type": "nodes" }, "geometry": { "type": "Point", "coordinates": [ 80.5596873, 7.778666 ] } },
{ "type": "Feature", "properties": { "name": "Hemamali Balika Vidyalaya", "amenity": "school", "addr_city": null, "osm_id": 1837478200, "osm_type": "nodes" }, "geometry": { "type": "Point", "coordinates": [ 80.6363331, 7.2985738 ] } },
{ "type": "Feature", "properties": { "name": "Perakumba Primary School", "amenity": "school", "addr_city": null, "osm_id": 9444101240, "osm_type": "nodes" }, "geometry": { "type": "Point", "coordinates": [ 80.2891177, 7.9146732 ] } },
{ "type": "Feature", "properties": { "name": "Vijayaba National college.Mahawa", "amenity": "school", "addr_city": null, "osm_id": 2322771214, "osm_type": "nodes" }, "geometry": { "type": "Point", "coordinates": [ 80.2681083, 7.8256635 ] } },
{ "type": "Feature", "properties": { "name": "Bogahakumbura Maha Vidyalaya", "amenity": "school", "addr_city": null, "osm_id": 5124245210, "osm_type": "nodes" }, "geometry": { "type": "Point", "coordinates": [ 80.8734836, 6.8625404 ] } },
{ "type": "Feature", "properties": { "name": "Swarnahansa Primary School", "amenity": "school", "addr_city": null, "osm_id": 3874859762, "osm_type": "nodes" }, "geometry": { "type": "Point", "coordinates": [ 80.8840309, 6.8373857 ] } },
{ "type": "Feature", "properties": { "name": "Agarapathana Sinhala School", "amenity": "school", "addr_city": "Agarapathana", "osm_id": 4443924907, "osm_type": "nodes" }, "geometry": { "type": "Point", "coordinates": [ 80.7084533, 6.862413 ] } },
{ "type": "Feature", "properties": { "name": "President's College", "amenity": "school", "addr_city": "Homagama", "osm_id": 599742328, "osm_type": "nodes" }, "geometry": { "type": "Point", "coordinates": [ 80.0035762, 6.8396183 ] } },
{ "type": "Feature", "properties": { "name": "Buwanekaba Vidyala (Primary)", "amenity": "school", "addr_city": "Maharagama", "osm_id": 1651231509, "osm_type": "nodes" }, "geometry": { "type": "Point", "coordinates": [ 79.9224078, 6.8519965 ] } },
{ "type": "Feature", "properties": { "name": "Don Bosco Traning Center", "amenity": "school", "addr_city": null, "osm_id": 2907026827, "osm_type": "nodes" }, "geometry": { "type": "Point", "coordinates": [ 80.1904032, 7.3949304 ] } },
{ "type": "Feature", "properties": { "name": "Rukgasagara vidyalaya", "amenity": "school", "addr_city": null, "osm_id": 3889577739, "osm_type": "nodes" }, "geometry": { "type": "Point", "coordinates": [ 80.1316692, 7.4412361 ] } },
{ "type": "Feature", "properties": { "name": null, "amenity": "school", "addr_city": null, "osm_id": 4447926492, "osm_type": "nodes" }, "geometry": { "type": "Point", "coordinates": [ 80.1412148, 7.4564599 ] } },
{ "type": "Feature", "properties": { "name": null, "amenity": "school", "addr_city": null, "osm_id": 4447861590, "osm_type": "nodes" }, "geometry": { "type": "Point", "coordinates": [ 80.1399934, 7.4567723 ] } },
{ "type": "Feature", "properties": { "name": "Mayurapada Central College", "amenity": "school", "addr_city": "Narammala", "osm_id": 1977820875, "osm_type": "nodes" }, "geometry": { "type": "Point", "coordinates": [ 80.2121384, 7.4279742 ] } },
{ "type": "Feature", "properties": { "name": "Monk's School (Pirivena)", "amenity": "school", "addr_city": null, "osm_id": 1977821332, "osm_type": "nodes" }, "geometry": { "type": "Point", "coordinates": [ 80.2120043, 7.4288944 ] } },
{ "type": "Feature", "properties": { "name": "Madawala Ulpatha Madya Maha Vidyalaya", "amenity": "school", "addr_city": null, "osm_id": 4944017281, "osm_type": "nodes" }, "geometry": { "type": "Point", "coordinates": [ 80.6356211, 7.6113074 ] } },
{ "type": "Feature", "properties": { "name": "Rattota Hindu maha vidyalayam", "amenity": "school", "addr_city": "Rattota", "osm_id": 9771162658, "osm_type": "nodes" }, "geometry": { "type": "Point", "coordinates": [ 80.676584, 7.5204686 ] } },
{ "type": "Feature", "properties": { "name": "Mahamaya Girls Primary School", "amenity": "school", "addr_city": null, "osm_id": 3209349776, "osm_type": "nodes" }, "geometry": { "type": "Point", "coordinates": [ 80.6442954, 7.2904561 ] } },
{ "type": "Feature", "properties": { "name": "Hillwood College", "amenity": "school", "addr_city": null, "osm_id": 1837320553, "osm_type": "nodes" }, "geometry": { "type": "Point", "coordinates": [ 80.641449, 7.2890303 ] } },
{ "type": "Feature", "properties": { "name": "Devananda College", "amenity": "school", "addr_city": "Yodha Kandiya", "osm_id": 3283589323, "osm_type": "nodes" }, "geometry": { "type": "Point", "coordinates": [ 81.3105376, 6.2585842 ] } },
{ "type": "Feature", "properties": { "name": "Kannan viththiyalayam", "amenity": "school", "addr_city": null, "osm_id": 5099940916, "osm_type": "nodes" }, "geometry": { "type": "Point", "coordinates": [ 81.6731986, 7.4745907 ] } },
{ "type": "Feature", "properties": { "name": "Bibiladeniya Maha Vidyalaya", "amenity": "school", "addr_city": null, "osm_id": 2964728379, "osm_type": "nodes" }, "geometry": { "type": "Point", "coordinates": [ 79.9457072, 7.4492667 ] } },
{ "type": "Feature", "properties": { "name": null, "amenity": "school", "addr_city": null, "osm_id": 3625357850, "osm_type": "nodes" }, "geometry": { "type": "Point", "coordinates": [ 79.9443155, 7.4509948 ] } },
{ "type": "Feature", "properties": { "name": "Viharamahadevi Balika Vidyalaya", "amenity": "school", "addr_city": "kandy", "osm_id": 4019465031, "osm_type": "nodes" }, "geometry": { "type": "Point", "coordinates": [ 80.6270715, 7.2871629 ] } },
{ "type": "Feature", "properties": { "name": "Pussellawa Maha Vidyalaya", "amenity": "school", "addr_city": null, "osm_id": 3778409357, "osm_type": "nodes" }, "geometry": { "type": "Point", "coordinates": [ 81.0553842, 7.0657391 ] } },
{ "type": "Feature", "properties": { "name": "Kawatayamuna Ananda Maha Vidyala", "amenity": "school", "addr_city": null, "osm_id": 6144326494, "osm_type": "nodes" }, "geometry": { "type": "Point", "coordinates": [ 80.6235112, 7.5563229 ] } },
{ "type": "Feature", "properties": { "name": "Buddhagosha Maha Vidyalaya", "amenity": "school", "addr_city": "Palapathwala", "osm_id": 5783180753, "osm_type": "nodes" }, "geometry": { "type": "Point", "coordinates": [ 80.6247914, 7.533057 ] } },
{ "type": "Feature", "properties": { "name": "Thiruvalluvar Tamil Vidyalayam", "amenity": "school", "addr_city": "Palapathwala", "osm_id": 9771464081, "osm_type": "nodes" }, "geometry": { "type": "Point", "coordinates": [ 80.6266088, 7.5332963 ] } },
{ "type": "Feature", "properties": { "name": "D S Senanayaka Maha Vidyalaya", "amenity": "school", "addr_city": "Kandalama", "osm_id": 4920316192, "osm_type": "nodes" }, "geometry": { "type": "Point", "coordinates": [ 80.6896444, 7.8578717 ] } },
{ "type": "Feature", "properties": { "name": "Morawaka Keerthi Abeywickrama National School", "amenity": "school", "addr_city": null, "osm_id": 4256486376, "osm_type": "nodes" }, "geometry": { "type": "Point", "coordinates": [ 80.4980535, 6.2707471 ] } },
{ "type": "Feature", "properties": { "name": "Oceas College Kandy", "amenity": "university", "addr_city": null, "osm_id": 5228639085, "osm_type": "nodes" }, "geometry": { "type": "Point", "coordinates": [ 80.6247394, 7.2850143 ] } },
{ "type": "Feature", "properties": { "name": "R/Dharmavijaya Vidyalaya - Werhera", "amenity": null, "addr_city": null, "osm_id": 3198514796, "osm_type": "nodes" }, "geometry": { "type": "Point", "coordinates": [ 80.6465014, 6.5157526 ] } },
{ "type": "Feature", "properties": { "name": "R/Galkanda Vidyalaya", "amenity": null, "addr_city": "Kahawatta", "osm_id": 3198604110, "osm_type": "nodes" }, "geometry": { "type": "Point", "coordinates": [ 80.6476879, 6.5541215 ] } },
{ "type": "Feature", "properties": { "name": "Kotahena Primary Sinhala School", "amenity": null, "addr_city": "Kotahena", "osm_id": 3764681613, "osm_type": "nodes" }, "geometry": { "type": "Point", "coordinates": [ 79.863351, 6.942861 ] } },
{ "type": "Feature", "properties": { "name": null, "amenity": "kindergarten", "addr_city": null, "osm_id": 4132229902, "osm_type": "nodes" }, "geometry": { "type": "Point", "coordinates": [ 80.0044082, 7.061466 ] } },
{ "type": "Feature", "properties": { "name": "Pradeshiya saba pre school", "amenity": "kindergarten", "addr_city": "Kamburupitiya", "osm_id": 3253165094, "osm_type": "nodes" }, "geometry": { "type": "Point", "coordinates": [ 80.5641086, 6.0784431 ] } },
{ "type": "Feature", "properties": { "name": "Extra-Lesson Classes", "amenity": "school", "addr_city": null, "osm_id": 3510759544, "osm_type": "nodes" }, "geometry": { "type": "Point", "coordinates": [ 79.9716086, 6.9155277 ] } },
{ "type": "Feature", "properties": { "name": "Nissanka Vidyalaya", "amenity": "school", "addr_city": null, "osm_id": 4350790795, "osm_type": "nodes" }, "geometry": { "type": "Point", "coordinates": [ 80.0479401, 7.0789204 ] } },
{ "type": "Feature", "properties": { "name": "Regent Int. School", "amenity": "school", "addr_city": null, "osm_id": 2407659796, "osm_type": "nodes" }, "geometry": { "type": "Point", "coordinates": [ 80.012589, 7.0756399 ] } },
{ "type": "Feature", "properties": { "name": "Royal Institute", "amenity": "school", "addr_city": null, "osm_id": 4350819691, "osm_type": "nodes" }, "geometry": { "type": "Point", "coordinates": [ 80.0171676, 7.0920885 ] } },
{ "type": "Feature", "properties": { "name": "Bandarawatta Parakkrama Maha Vidyalaya -Bandarawaththa", "amenity": "school", "addr_city": null, "osm_id": 4333444834, "osm_type": "nodes" }, "geometry": { "type": "Point", "coordinates": [ 80.0127371, 7.0946215 ] } },
{ "type": "Feature", "properties": { "name": "Matara cental college", "amenity": "school", "addr_city": null, "osm_id": 2910631418, "osm_type": "nodes" }, "geometry": { "type": "Point", "coordinates": [ 80.5443341, 5.9535846 ] } },
{ "type": "Feature", "properties": { "name": "Kuruduwattha", "amenity": "school", "addr_city": null, "osm_id": 5676031497, "osm_type": "nodes" }, "geometry": { "type": "Point", "coordinates": [ 80.5995956, 5.9450409 ] } },
{ "type": "Feature", "properties": { "name": "Thalpawila Mihindu Model Primary School", "amenity": "school", "addr_city": null, "osm_id": 5675464755, "osm_type": "nodes" }, "geometry": { "type": "Point", "coordinates": [ 80.5838299, 5.9492001 ] } },
{ "type": "Feature", "properties": { "name": "Thalpawila Central College", "amenity": "school", "addr_city": null, "osm_id": 5675467133, "osm_type": "nodes" }, "geometry": { "type": "Point", "coordinates": [ 80.5832967, 5.9486163 ] } },
{ "type": "Feature", "properties": { "name": "Mercury Institute", "amenity": "school", "addr_city": null, "osm_id": 4347735690, "osm_type": "nodes" }, "geometry": { "type": "Point", "coordinates": [ 79.8509243, 6.9072024 ] } },
{ "type": "Feature", "properties": { "name": "Sri Lanka Institute of Development Administration", "amenity": "school", "addr_city": null, "osm_id": 2551994558, "osm_type": "nodes" }, "geometry": { "type": "Point", "coordinates": [ 79.8717248, 6.899209 ] } },
{ "type": "Feature", "properties": { "name": "St.Bernadette's Model School", "amenity": "school", "addr_city": "Polgahawela", "osm_id": 3957841357, "osm_type": "nodes" }, "geometry": { "type": "Point", "coordinates": [ 80.301993, 7.3365027 ] } },
{ "type": "Feature", "properties": { "name": "Polgahawela Central College", "amenity": "school", "addr_city": null, "osm_id": 3168917329, "osm_type": "nodes" }, "geometry": { "type": "Point", "coordinates": [ 80.3068343, 7.3311247 ] } },
{ "type": "Feature", "properties": { "name": "Kubaloluwa Kanishta Vidyalaya", "amenity": "school", "addr_city": "Panaliya", "osm_id": 6702245018, "osm_type": "nodes" }, "geometry": { "type": "Point", "coordinates": [ 80.3257533, 7.3290309 ] } },
{ "type": "Feature", "properties": { "name": "Zahira College", "amenity": "school", "addr_city": "Akkaraipattu", "osm_id": 3302172178, "osm_type": "nodes" }, "geometry": { "type": "Point", "coordinates": [ 81.8526239, 7.2232843 ] } },
{ "type": "Feature", "properties": { "name": "Weddagala South Maha vidyalaya", "amenity": "school", "addr_city": null, "osm_id": 5162864524, "osm_type": "nodes" }, "geometry": { "type": "Point", "coordinates": [ 80.4339606, 6.4541375 ] } },
{ "type": "Feature", "properties": { "name": "Primary School", "amenity": "school", "addr_city": "Kudawa", "osm_id": 4490079456, "osm_type": "nodes" }, "geometry": { "type": "Point", "coordinates": [ 80.4211975, 6.4414042 ] } },
{ "type": "Feature", "properties": { "name": null, "amenity": "school", "addr_city": null, "osm_id": 7013410770, "osm_type": "nodes" }, "geometry": { "type": "Point", "coordinates": [ 80.4639018, 6.5605883 ] } },
{ "type": "Feature", "properties": { "name": "Bandaranayake Central College", "amenity": "school", "addr_city": null, "osm_id": 4561229190, "osm_type": "nodes" }, "geometry": { "type": "Point", "coordinates": [ 81.0224696, 7.2863195 ] } },
{ "type": "Feature", "properties": { "name": "Udayaraja Maha Vidyalaya", "amenity": "school", "addr_city": "Badulla", "osm_id": 3301935959, "osm_type": "nodes" }, "geometry": { "type": "Point", "coordinates": [ 81.0566408, 7.0022194 ] } },
{ "type": "Feature", "properties": { "name": null, "amenity": "school", "addr_city": null, "osm_id": 6528026976, "osm_type": "nodes" }, "geometry": { "type": "Point", "coordinates": [ 81.0841548, 7.0169903 ] } },
{ "type": "Feature", "properties": { "name": "Gurukumbura School", "amenity": "school", "addr_city": null, "osm_id": 6594587260, "osm_type": "nodes" }, "geometry": { "type": "Point", "coordinates": [ 81.1339447, 7.4360656 ] } },
{ "type": "Feature", "properties": { "name": "Agamethi Balika Vidyalaya", "amenity": "school", "addr_city": null, "osm_id": 2339466212, "osm_type": "nodes" }, "geometry": { "type": "Point", "coordinates": [ 79.9067317, 6.708683 ] } },
{ "type": "Feature", "properties": { "name": null, "amenity": "school", "addr_city": null, "osm_id": 5178104822, "osm_type": "nodes" }, "geometry": { "type": "Point", "coordinates": [ 79.8526475, 6.8956241 ] } },
{ "type": "Feature", "properties": { "name": null, "amenity": "school", "addr_city": null, "osm_id": 4702882190, "osm_type": "nodes" }, "geometry": { "type": "Point", "coordinates": [ 79.8530941, 6.8948981 ] } },
{ "type": "Feature", "properties": { "name": "Christian Missionary College", "amenity": "school", "addr_city": "Sri Jayawardhana", "osm_id": 6626986857, "osm_type": "nodes" }, "geometry": { "type": "Point", "coordinates": [ 79.900367, 6.8932307 ] } },
{ "type": "Feature", "properties": { "name": "Dharmapala College", "amenity": "school", "addr_city": null, "osm_id": 1819753839, "osm_type": "nodes" }, "geometry": { "type": "Point", "coordinates": [ 80.9846913, 6.8325612 ] } },
{ "type": "Feature", "properties": { "name": "Owitigama Primary School", "amenity": "school", "addr_city": null, "osm_id": 2347303767, "osm_type": "nodes" }, "geometry": { "type": "Point", "coordinates": [ 80.116551, 6.9723597 ] } },
{ "type": "Feature", "properties": { "name": null, "amenity": "school", "addr_city": null, "osm_id": 8932820222, "osm_type": "nodes" }, "geometry": { "type": "Point", "coordinates": [ 80.1978924, 6.7043282 ] } },
{ "type": "Feature", "properties": { "name": "Nagasena Vidyalaya", "amenity": "school", "addr_city": null, "osm_id": 2503476092, "osm_type": "nodes" }, "geometry": { "type": "Point", "coordinates": [ 79.8971458, 6.975404 ] } },
{ "type": "Feature", "properties": { "name": "O.K.I Int School", "amenity": "school", "addr_city": null, "osm_id": 1903643390, "osm_type": "nodes" }, "geometry": { "type": "Point", "coordinates": [ 79.89057, 6.9870632 ] } },
{ "type": "Feature", "properties": { "name": "Lyceum Int. School", "amenity": "school", "addr_city": null, "osm_id": 621199763, "osm_type": "nodes" }, "geometry": { "type": "Point", "coordinates": [ 79.8871362, 6.9874098 ] } },
{ "type": "Feature", "properties": { "name": null, "amenity": "school", "addr_city": null, "osm_id": 4945177021, "osm_type": "nodes" }, "geometry": { "type": "Point", "coordinates": [ 79.8919438, 6.9869567 ] } },
{ "type": "Feature", "properties": { "name": "Loyola College", "amenity": "school", "addr_city": null, "osm_id": 1268352837, "osm_type": "nodes" }, "geometry": { "type": "Point", "coordinates": [ 79.8532013, 7.2538969 ] } },
{ "type": "Feature", "properties": { "name": "Don Bosco Technical Centre", "amenity": "school", "addr_city": "Negombo", "osm_id": 1278877445, "osm_type": "nodes" }, "geometry": { "type": "Point", "coordinates": [ 79.8455604, 7.2307001 ] } },
{ "type": "Feature", "properties": { "name": null, "amenity": "school", "addr_city": null, "osm_id": 3780542007, "osm_type": "nodes" }, "geometry": { "type": "Point", "coordinates": [ 79.864334, 6.93918 ] } },
{ "type": "Feature", "properties": { "name": null, "amenity": "school", "addr_city": null, "osm_id": 4522452792, "osm_type": "nodes" }, "geometry": { "type": "Point", "coordinates": [ 79.8438433, 7.2364775 ] } },
{ "type": "Feature", "properties": { "name": "Pathway Montessori International", "amenity": "school", "addr_city": "Pannipitiya", "osm_id": 5172629872, "osm_type": "nodes" }, "geometry": { "type": "Point", "coordinates": [ 79.9489167, 6.8493904 ] } },
{ "type": "Feature", "properties": { "name": "Ethanamadala Primary College", "amenity": "school", "addr_city": null, "osm_id": 1822512288, "osm_type": "nodes" }, "geometry": { "type": "Point", "coordinates": [ 79.9664809, 6.6041515 ] } },
{ "type": "Feature", "properties": { "name": "Gamini Central College", "amenity": "school", "addr_city": "Kalawana", "osm_id": 4045413867, "osm_type": "nodes" }, "geometry": { "type": "Point", "coordinates": [ 80.3935105, 6.5198824 ] } },
{ "type": "Feature", "properties": { "name": null, "amenity": "school", "addr_city": null, "osm_id": 4704832591, "osm_type": "nodes" }, "geometry": { "type": "Point", "coordinates": [ 80.0391165, 7.4692659 ] } },
{ "type": "Feature", "properties": { "name": "Mutuwal Hindu College", "amenity": "school", "addr_city": null, "osm_id": 3780540335, "osm_type": "nodes" }, "geometry": { "type": "Point", "coordinates": [ 79.8651151, 6.9638521 ] } },
{ "type": "Feature", "properties": { "name": "Balika Vidyalaya", "amenity": "school", "addr_city": null, "osm_id": 3780541976, "osm_type": "nodes" }, "geometry": { "type": "Point", "coordinates": [ 79.863771, 6.954265 ] } },
{ "type": "Feature", "properties": { "name": "Claremont Hotel School", "amenity": "school", "addr_city": null, "osm_id": 3780541987, "osm_type": "nodes" }, "geometry": { "type": "Point", "coordinates": [ 79.865558, 6.946085 ] } },
{ "type": "Feature", "properties": { "name": "Prince College, Kotahena", "amenity": "school", "addr_city": null, "osm_id": 3780542032, "osm_type": "nodes" }, "geometry": { "type": "Point", "coordinates": [ 79.862205, 6.951787 ] } },
{ "type": "Feature", "properties": { "name": "St. Lucia Maha Vidyalaya", "amenity": "school", "addr_city": null, "osm_id": 3780547658, "osm_type": "nodes" }, "geometry": { "type": "Point", "coordinates": [ 79.865252, 6.948413 ] } },
{ "type": "Feature", "properties": { "name": "Babul Hassen Central College", "amenity": "school", "addr_city": null, "osm_id": 1733767961, "osm_type": "nodes" }, "geometry": { "type": "Point", "coordinates": [ 80.2020495, 7.2198645 ] } },
{ "type": "Feature", "properties": { "name": "Ambepussa Central", "amenity": "school", "addr_city": "Ambepussa", "osm_id": 1856840424, "osm_type": "nodes" }, "geometry": { "type": "Point", "coordinates": [ 80.2073442, 7.2409333 ] } },
{ "type": "Feature", "properties": { "name": "Uduwaka Junior School", "amenity": "school", "addr_city": null, "osm_id": 5080700329, "osm_type": "nodes" }, "geometry": { "type": "Point", "coordinates": [ 80.1907841, 7.1479304 ] } },
{ "type": "Feature", "properties": { "name": "Senanayake Maha Vidyalaya", "amenity": "school", "addr_city": null, "osm_id": 1733768378, "osm_type": "nodes" }, "geometry": { "type": "Point", "coordinates": [ 80.1616769, 7.2625014 ] } },
{ "type": "Feature", "properties": { "name": "Mangedara Primary School", "amenity": "school", "addr_city": null, "osm_id": 5306738077, "osm_type": "nodes" }, "geometry": { "type": "Point", "coordinates": [ 80.2207732, 7.2551883 ] } },
{ "type": "Feature", "properties": { "name": null, "amenity": "school", "addr_city": null, "osm_id": 4435651996, "osm_type": "nodes" }, "geometry": { "type": "Point", "coordinates": [ 80.09314, 7.145084 ] } },
{ "type": "Feature", "properties": { "name": "Pasyala Primary School", "amenity": "school", "addr_city": null, "osm_id": 6263106781, "osm_type": "nodes" }, "geometry": { "type": "Point", "coordinates": [ 80.1226543, 7.16572 ] } },
{ "type": "Feature", "properties": { "name": "Pasyala Maha Vidyalya", "amenity": "school", "addr_city": null, "osm_id": 6263106782, "osm_type": "nodes" }, "geometry": { "type": "Point", "coordinates": [ 80.1219435, 7.1651315 ] } },
{ "type": "Feature", "properties": { "name": "Veyangoda Primary College", "amenity": "school", "addr_city": null, "osm_id": 9883236188, "osm_type": "nodes" }, "geometry": { "type": "Point", "coordinates": [ 80.0555715, 7.1564903 ] } },
{ "type": "Feature", "properties": { "name": "Ellalamulla Primary School", "amenity": "school", "addr_city": null, "osm_id": 3836207023, "osm_type": "nodes" }, "geometry": { "type": "Point", "coordinates": [ 80.1288046, 7.1552389 ] } },
{ "type": "Feature", "properties": { "name": "Urapola kanishta vidyalaya", "amenity": "school", "addr_city": null, "osm_id": 4350785492, "osm_type": "nodes" }, "geometry": { "type": "Point", "coordinates": [ 80.145889, 7.096597 ] } },
{ "type": "Feature", "properties": { "name": "Sri Dharmaloka Vidyalya - Kelaniya", "amenity": "school", "addr_city": null, "osm_id": 5174143431, "osm_type": "nodes" }, "geometry": { "type": "Point", "coordinates": [ 79.9015144, 6.961568 ] } },
{ "type": "Feature", "properties": { "name": "Vijaya Vidyalaya", "amenity": "school", "addr_city": "Peliyagoda", "osm_id": 1924772424, "osm_type": "nodes" }, "geometry": { "type": "Point", "coordinates": [ 79.8867586, 6.9575708 ] } },
{ "type": "Feature", "properties": { "name": "Roaman Catholic Primary School - Peliyagoda", "amenity": "school", "addr_city": null, "osm_id": 5296886959, "osm_type": "nodes" }, "geometry": { "type": "Point", "coordinates": [ 79.8976206, 6.9578017 ] } },
{ "type": "Feature", "properties": { "name": "Wedamulla Vidyalaya", "amenity": "school", "addr_city": null, "osm_id": 621195734, "osm_type": "nodes" }, "geometry": { "type": "Point", "coordinates": [ 79.9012554, 6.9671653 ] } },
{ "type": "Feature", "properties": { "name": "Pujapitiya Central College", "amenity": "school", "addr_city": null, "osm_id": 5162838173, "osm_type": "nodes" }, "geometry": { "type": "Point", "coordinates": [ 80.593447, 7.3716708 ] } },
{ "type": "Feature", "properties": { "name": "Agriculture Collage", "amenity": "college", "addr_city": null, "osm_id": 5283302551, "osm_type": "nodes" }, "geometry": { "type": "Point", "coordinates": [ 81.853769, 7.2727235 ] } },
{ "type": "Feature", "properties": { "name": "National Technical College", "amenity": "college", "addr_city": null, "osm_id": 2821242646, "osm_type": "nodes" }, "geometry": { "type": "Point", "coordinates": [ 81.0545615, 7.9077952 ] } },
{ "type": "Feature", "properties": { "name": null, "amenity": "college", "addr_city": null, "osm_id": 4999523726, "osm_type": "nodes" }, "geometry": { "type": "Point", "coordinates": [ 81.0361917, 6.8650737 ] } },
{ "type": "Feature", "properties": { "name": "Faculty of Arts", "amenity": "college", "addr_city": null, "osm_id": 3813380127, "osm_type": "nodes" }, "geometry": { "type": "Point", "coordinates": [ 80.5973898, 7.2546037 ] } },
{ "type": "Feature", "properties": { "name": "Faculty of Agriculture", "amenity": "college", "addr_city": "Peradeniya", "osm_id": 3813380129, "osm_type": "nodes" }, "geometry": { "type": "Point", "coordinates": [ 80.5948256, 7.2620191 ] } },
{ "type": "Feature", "properties": { "name": "Faculty of Allied Health Sciences", "amenity": "college", "addr_city": null, "osm_id": 5373032640, "osm_type": "nodes" }, "geometry": { "type": "Point", "coordinates": [ 80.6065741, 7.268231 ] } },
{ "type": "Feature", "properties": { "name": "Faculty Of Medicine", "amenity": "college", "addr_city": null, "osm_id": 3031556192, "osm_type": "nodes" }, "geometry": { "type": "Point", "coordinates": [ 80.5994234, 7.2634399 ] } },
{ "type": "Feature", "properties": { "name": "Hapitigama Primary School", "amenity": "college", "addr_city": null, "osm_id": 10132398892, "osm_type": "nodes" }, "geometry": { "type": "Point", "coordinates": [ 80.1187923, 7.1964469 ] } },
{ "type": "Feature", "properties": { "name": "training college ground in mirigama", "amenity": "college", "addr_city": "Mirigama", "osm_id": 10121769561, "osm_type": "nodes" }, "geometry": { "type": "Point", "coordinates": [ 80.1264544, 7.2354912 ] } },
{ "type": "Feature", "properties": { "name": "Minhaj Maha Vidyalaya", "amenity": null, "addr_city": "Palamunai", "osm_id": 3315847077, "osm_type": "nodes" }, "geometry": { "type": "Point", "coordinates": [ 81.8529982, 7.2720727 ] } },
{ "type": "Feature", "properties": { "name": "Kudinilam School Building", "amenity": null, "addr_city": "kudinilam", "osm_id": 2744222040, "osm_type": "nodes" }, "geometry": { "type": "Point", "coordinates": [ 81.8302563, 7.1265129 ] } },
{ "type": "Feature", "properties": { "name": "National School", "amenity": null, "addr_city": "Addalaichchenai", "osm_id": 3313436787, "osm_type": "nodes" }, "geometry": { "type": "Point", "coordinates": [ 81.8544464, 7.2442708 ] } },
{ "type": "Feature", "properties": { "name": "National Apprentice and Industrial Training Authority (NAITA)", "amenity": null, "addr_city": null, "osm_id": 3705969834, "osm_type": "nodes" }, "geometry": { "type": "Point", "coordinates": [ 79.9011881, 6.9066755 ] } },
{ "type": "Feature", "properties": { "name": "Nugawela Balika Vidyalaya", "amenity": "school", "addr_city": null, "osm_id": 1809677830, "osm_type": "nodes" }, "geometry": { "type": "Point", "coordinates": [ 80.5866488, 7.3268695 ] } },
{ "type": "Feature", "properties": { "name": "Senarathgama School", "amenity": "school", "addr_city": null, "osm_id": 3729763648, "osm_type": "nodes" }, "geometry": { "type": "Point", "coordinates": [ 80.6061501, 7.3221311 ] } },
{ "type": "Feature", "properties": { "name": "Pujapitiya Primary School", "amenity": "school", "addr_city": null, "osm_id": 5160659383, "osm_type": "nodes" }, "geometry": { "type": "Point", "coordinates": [ 80.5967592, 7.3700435 ] } },
{ "type": "Feature", "properties": { "name": "Dodanwala Maha Vidyalaya", "amenity": "school", "addr_city": null, "osm_id": 4066675770, "osm_type": "nodes" }, "geometry": { "type": "Point", "coordinates": [ 80.5509752, 7.2848408 ] } },
{ "type": "Feature", "properties": { "name": "Dharmapala Vidyalaya", "amenity": "school", "addr_city": "Kotikawatte", "osm_id": 1918174780, "osm_type": "nodes" }, "geometry": { "type": "Point", "coordinates": [ 79.9165525, 6.9378908 ] } },
{ "type": "Feature", "properties": { "name": "S Mahinda Himi Vidyalaya", "amenity": "school", "addr_city": null, "osm_id": 5156572433, "osm_type": "nodes" }, "geometry": { "type": "Point", "coordinates": [ 79.9069463, 6.9473271 ] } },
{ "type": "Feature", "properties": { "name": "Ensef Pvt School", "amenity": "school", "addr_city": null, "osm_id": 4943264087, "osm_type": "nodes" }, "geometry": { "type": "Point", "coordinates": [ 79.9275883, 6.9258434 ] } },
{ "type": "Feature", "properties": { "name": "Soma Devi Girls School", "amenity": "school", "addr_city": "Kotikawatte", "osm_id": 1918165069, "osm_type": "nodes" }, "geometry": { "type": "Point", "coordinates": [ 79.9152261, 6.9350605 ] } },
{ "type": "Feature", "properties": { "name": "Sri Rajasinghe College", "amenity": "school", "addr_city": null, "osm_id": 1918165073, "osm_type": "nodes" }, "geometry": { "type": "Point", "coordinates": [ 79.9201009, 6.9362286 ] } },
{ "type": "Feature", "properties": { "name": "Waragoda Kanishta Vidyalaya", "amenity": "school", "addr_city": null, "osm_id": 3780547679, "osm_type": "nodes" }, "geometry": { "type": "Point", "coordinates": [ 79.885261, 6.948434 ] } },
{ "type": "Feature", "properties": { "name": "Weluwana Vidyalaya", "amenity": "school", "addr_city": null, "osm_id": 618551719, "osm_type": "nodes" }, "geometry": { "type": "Point", "coordinates": [ 79.8798243, 6.926872 ] } },
{ "type": "Feature", "properties": { "name": "ColHenry Olcat Vidyalaya", "amenity": "school", "addr_city": null, "osm_id": 683789963, "osm_type": "nodes" }, "geometry": { "type": "Point", "coordinates": [ 79.895989, 6.9258036 ] } },
{ "type": "Feature", "properties": { "name": "Maradana Technical College", "amenity": "school", "addr_city": null, "osm_id": 3780542021, "osm_type": "nodes" }, "geometry": { "type": "Point", "coordinates": [ 79.859523, 6.932346 ] } },
{ "type": "Feature", "properties": { "name": "Sri Sangaraja Central College", "amenity": "school", "addr_city": "Maradana", "osm_id": 3191709199, "osm_type": "nodes" }, "geometry": { "type": "Point", "coordinates": [ 79.8632817, 6.9328504 ] } },
{ "type": "Feature", "properties": { "name": "Church & School", "amenity": "school", "addr_city": null, "osm_id": 3780541986, "osm_type": "nodes" }, "geometry": { "type": "Point", "coordinates": [ 79.872966, 6.93122 ] } },
{ "type": "Feature", "properties": { "name": "Al - Hikma College", "amenity": "school", "addr_city": null, "osm_id": 3780541962, "osm_type": "nodes" }, "geometry": { "type": "Point", "coordinates": [ 79.858316, 6.935806 ] } },
{ "type": "Feature", "properties": { "name": "A.E.Gunasinghe Vidyalaya", "amenity": "school", "addr_city": null, "osm_id": 3780541959, "osm_type": "nodes" }, "geometry": { "type": "Point", "coordinates": [ 79.857811, 6.93763 ] } },
{ "type": "Feature", "properties": { "name": "St. Mary's College", "amenity": "school", "addr_city": null, "osm_id": 3780547660, "osm_type": "nodes" }, "geometry": { "type": "Point", "coordinates": [ 79.858654, 6.944266 ] } },
{ "type": "Feature", "properties": { "name": "St. Anthonys College", "amenity": "school", "addr_city": null, "osm_id": 3780542049, "osm_type": "nodes" }, "geometry": { "type": "Point", "coordinates": [ 79.8575461, 6.9444751 ] } },
{ "type": "Feature", "properties": { "name": "Kotahena Maha Vidyalaya", "amenity": "school", "addr_city": null, "osm_id": 3780542010, "osm_type": "nodes" }, "geometry": { "type": "Point", "coordinates": [ 79.863015, 6.94308 ] } },
{ "type": "Feature", "properties": { "name": "Kotahena Govt. Tamil School", "amenity": "school", "addr_city": null, "osm_id": 3780542009, "osm_type": "nodes" }, "geometry": { "type": "Point", "coordinates": [ 79.86279, 6.942667 ] } },
{ "type": "Feature", "properties": { "name": "Wolfendhal Girls School", "amenity": "school", "addr_city": null, "osm_id": 682652552, "osm_type": "nodes" }, "geometry": { "type": "Point", "coordinates": [ 79.8597076, 6.9419846 ] } },
{ "type": "Feature", "properties": { "name": "Muslim Vidyalaya", "amenity": "school", "addr_city": null, "osm_id": 3780542026, "osm_type": "nodes" }, "geometry": { "type": "Point", "coordinates": [ 79.862269, 6.943901 ] } },
{ "type": "Feature", "properties": { "name": "Vivekananda College", "amenity": "school", "addr_city": null, "osm_id": 3780547678, "osm_type": "nodes" }, "geometry": { "type": "Point", "coordinates": [ 79.860424, 6.943461 ] } },
{ "type": "Feature", "properties": { "name": "Yoshida International School", "amenity": "school", "addr_city": null, "osm_id": 2101207636, "osm_type": "nodes" }, "geometry": { "type": "Point", "coordinates": [ 79.9588281, 6.9690987 ] } },
{ "type": "Feature", "properties": { "name": "Bollegala Maha Vidyalayaa", "amenity": "school", "addr_city": "Kelaniya", "osm_id": 621180350, "osm_type": "nodes" }, "geometry": { "type": "Point", "coordinates": [ 79.9481511, 6.9443959 ] } },
{ "type": "Feature", "properties": { "name": "Darus Salam Vidyalaya", "amenity": "school", "addr_city": null, "osm_id": 1924788516, "osm_type": "nodes" }, "geometry": { "type": "Point", "coordinates": [ 79.8717569, 6.9376166 ] } },
{ "type": "Feature", "properties": { "name": "Siri Saman Central College", "amenity": "school", "addr_city": null, "osm_id": 3104883075, "osm_type": "nodes" }, "geometry": { "type": "Point", "coordinates": [ 80.3368168, 6.9358736 ] } },
{ "type": "Feature", "properties": { "name": "Darus Salam Maha Vidyalaya", "amenity": "school", "addr_city": null, "osm_id": 3780541993, "osm_type": "nodes" }, "geometry": { "type": "Point", "coordinates": [ 79.872274, 6.937614 ] } },
{ "type": "Feature", "properties": { "name": "Akarawita Maha Vidyalaya", "amenity": "school", "addr_city": null, "osm_id": 1862684243, "osm_type": "nodes" }, "geometry": { "type": "Point", "coordinates": [ 80.1095666, 6.9476856 ] } },
{ "type": "Feature", "properties": { "name": "Oorugal Tamil Maha Vidyalaya", "amenity": "school", "addr_city": null, "osm_id": 2315533334, "osm_type": "nodes" }, "geometry": { "type": "Point", "coordinates": [ 80.8179142, 7.2880087 ] } },
{ "type": "Feature", "properties": { "name": "Deraniyagala Primary School", "amenity": "school", "addr_city": "Deraniyagala", "osm_id": 4078188817, "osm_type": "nodes" }, "geometry": { "type": "Point", "coordinates": [ 80.3372922, 6.932587 ] } },
{ "type": "Feature", "properties": { "name": "Laxapana Central College", "amenity": "school", "addr_city": null, "osm_id": 5274043368, "osm_type": "nodes" }, "geometry": { "type": "Point", "coordinates": [ 80.4905917, 6.929889 ] } },
{ "type": "Feature", "properties": { "name": "Polgaswaththa School", "amenity": "school", "addr_city": null, "osm_id": 5069149278, "osm_type": "nodes" }, "geometry": { "type": "Point", "coordinates": [ 80.4285149, 6.9318926 ] } },
{ "type": "Feature", "properties": { "name": "Polambegoda Maha Vidyalaya", "amenity": "school", "addr_city": null, "osm_id": 2338999820, "osm_type": "nodes" }, "geometry": { "type": "Point", "coordinates": [ 80.4584305, 7.2001763 ] } },
{ "type": "Feature", "properties": { "name": "Thalgaspitiya Muslim Maha Vidyalaya", "amenity": "school", "addr_city": null, "osm_id": 2361467079, "osm_type": "nodes" }, "geometry": { "type": "Point", "coordinates": [ 80.4785967, 7.1762714 ] } },
{ "type": "Feature", "properties": { "name": "Rajagiri Maha Vidyalaya", "amenity": "school", "addr_city": null, "osm_id": 2339010480, "osm_type": "nodes" }, "geometry": { "type": "Point", "coordinates": [ 80.4570625, 7.1770724 ] } },
{ "type": "Feature", "properties": { "name": "Hathgampala Maha Vidyalaya", "amenity": "school", "addr_city": null, "osm_id": 2361375518, "osm_type": "nodes" }, "geometry": { "type": "Point", "coordinates": [ 80.4333466, 7.1748962 ] } },
{ "type": "Feature", "properties": { "name": "Nagaragiri School", "amenity": "school", "addr_city": "Hemmathagama", "osm_id": 1831898376, "osm_type": "nodes" }, "geometry": { "type": "Point", "coordinates": [ 80.5003072, 7.173322 ] } },
{ "type": "Feature", "properties": { "name": "Museaus College", "amenity": "school", "addr_city": null, "osm_id": 3780542024, "osm_type": "nodes" }, "geometry": { "type": "Point", "coordinates": [ 79.869034, 6.914542 ] } },
{ "type": "Feature", "properties": { "name": "Vidyakeerthi Vidyalaya", "amenity": "school", "addr_city": null, "osm_id": 683786322, "osm_type": "nodes" }, "geometry": { "type": "Point", "coordinates": [ 79.8921374, 6.91625 ] } },
{ "type": "Feature", "properties": { "name": null, "amenity": "school", "addr_city": null, "osm_id": 3780542041, "osm_type": "nodes" }, "geometry": { "type": "Point", "coordinates": [ 79.890218, 6.914842 ] } },
{ "type": "Feature", "properties": { "name": "Sri Parakumbha Vidyalaya", "amenity": "school", "addr_city": null, "osm_id": 683787576, "osm_type": "nodes" }, "geometry": { "type": "Point", "coordinates": [ 79.8903242, 6.9143967 ] } },
{ "type": "Feature", "properties": { "name": "Spinnaker International", "amenity": "school", "addr_city": null, "osm_id": 6342492488, "osm_type": "nodes" }, "geometry": { "type": "Point", "coordinates": [ 79.8750782, 6.913939 ] } },
{ "type": "Feature", "properties": { "name": "M D H Jayawardena Vidyalaya", "amenity": "school", "addr_city": null, "osm_id": 4945203417, "osm_type": "nodes" }, "geometry": { "type": "Point", "coordinates": [ 79.9288284, 6.9127523 ] } },
{ "type": "Feature", "properties": { "name": "School Ground of Roman Catholic Tamil Mixed Vidyalayam, Rajagiriya", "amenity": "school", "addr_city": "Rajagiriya", "osm_id": 3780542043, "osm_type": "nodes" }, "geometry": { "type": "Point", "coordinates": [ 79.8946476, 6.9107875 ] } },
{ "type": "Feature", "properties": { "name": "Alawwa Sri Rahula Central College", "amenity": "school", "addr_city": null, "osm_id": 2323963205, "osm_type": "nodes" }, "geometry": { "type": "Point", "coordinates": [ 80.2326315, 7.2968211 ] } },
{ "type": "Feature", "properties": { "name": "Perakumba Maha Vidyalaya", "amenity": "school", "addr_city": null, "osm_id": 1733717400, "osm_type": "nodes" }, "geometry": { "type": "Point", "coordinates": [ 80.2634238, 7.2066021 ] } },
{ "type": "Feature", "properties": { "name": null, "amenity": "school", "addr_city": null, "osm_id": 6236531452, "osm_type": "nodes" }, "geometry": { "type": "Point", "coordinates": [ 80.3296763, 7.2017203 ] } },
{ "type": "Feature", "properties": { "name": "??????? ???? ?????? ????? ???????? ????????", "amenity": "school", "addr_city": null, "osm_id": 4618953790, "osm_type": "nodes" }, "geometry": { "type": "Point", "coordinates": [ 80.2847374, 7.0696115 ] } },
{ "type": "Feature", "properties": { "name": "Kg/ Kobbewala KMV", "amenity": "school", "addr_city": null, "osm_id": 5623897683, "osm_type": "nodes" }, "geometry": { "type": "Point", "coordinates": [ 80.2994479, 7.240747 ] } },
{ "type": "Feature", "properties": { "name": null, "amenity": "school", "addr_city": null, "osm_id": 6177074039, "osm_type": "nodes" }, "geometry": { "type": "Point", "coordinates": [ 80.3065503, 7.2269464 ] } },
{ "type": "Feature", "properties": { "name": "Kahabiliyawala Maha Vidyalaya", "amenity": "school", "addr_city": null, "osm_id": 4851339179, "osm_type": "nodes" }, "geometry": { "type": "Point", "coordinates": [ 80.2521311, 7.264156 ] } },
{ "type": "Feature", "properties": { "name": "Ambuwangala School", "amenity": "school", "addr_city": "Imbulgasdeniya", "osm_id": 4879623388, "osm_type": "nodes" }, "geometry": { "type": "Point", "coordinates": [ 80.326412, 7.3136917 ] } },
{ "type": "Feature", "properties": { "name": null, "amenity": "school", "addr_city": null, "osm_id": 5639561332, "osm_type": "nodes" }, "geometry": { "type": "Point", "coordinates": [ 80.4759183, 7.2256691 ] } },
{ "type": "Feature", "properties": { "name": "Balawathgama Central College", "amenity": "school", "addr_city": null, "osm_id": 2361467178, "osm_type": "nodes" }, "geometry": { "type": "Point", "coordinates": [ 80.4944587, 7.2056134 ] } },
{ "type": "Feature", "properties": { "name": "Methodist College Primary School", "amenity": "school", "addr_city": null, "osm_id": 8540552872, "osm_type": "nodes" }, "geometry": { "type": "Point", "coordinates": [ 79.8491887, 6.9108902 ] } },
{ "type": "Feature", "properties": { "name": "St. Micheals College", "amenity": "school", "addr_city": null, "osm_id": 667823903, "osm_type": "nodes" }, "geometry": { "type": "Point", "coordinates": [ 79.8527947, 6.9136106 ] } },
{ "type": "Feature", "properties": { "name": "St. Michael's Vidyalaya", "amenity": "school", "addr_city": null, "osm_id": 3780547663, "osm_type": "nodes" }, "geometry": { "type": "Point", "coordinates": [ 79.85279, 6.913678 ] } },
{ "type": "Feature", "properties": { "name": "St Mary's Girl School", "amenity": "school", "addr_city": null, "osm_id": 667823900, "osm_type": "nodes" }, "geometry": { "type": "Point", "coordinates": [ 79.8533097, 6.9137171 ] } },
{ "type": "Feature", "properties": { "name": "St. Mary's Girls' School", "amenity": "school", "addr_city": null, "osm_id": 3780547662, "osm_type": "nodes" }, "geometry": { "type": "Point", "coordinates": [ 79.853053, 6.914536 ] } },
{ "type": "Feature", "properties": { "name": "St. Margerets convent", "amenity": "school", "addr_city": null, "osm_id": 675889209, "osm_type": "nodes" }, "geometry": { "type": "Point", "coordinates": [ 79.8531046, 6.9145596 ] } },
{ "type": "Feature", "properties": { "name": "Jinaraja Vidyalaya", "amenity": "school", "addr_city": null, "osm_id": 3780542006, "osm_type": "nodes" }, "geometry": { "type": "Point", "coordinates": [ 79.851438, 6.915121 ] } },
{ "type": "Feature", "properties": { "name": "Sivaneswara Tamil Vidyalaya", "amenity": "school", "addr_city": null, "osm_id": 2312455665, "osm_type": "nodes" }, "geometry": { "type": "Point", "coordinates": [ 80.851879, 7.2986694 ] } },
{ "type": "Feature", "properties": { "name": "Dharul Ilmu", "amenity": "school", "addr_city": "Sainthamaruthu", "osm_id": 5635980837, "osm_type": "nodes" }, "geometry": { "type": "Point", "coordinates": [ 81.8378497, 7.3952327 ] } },
{ "type": "Feature", "properties": { "name": "PO/Bendiwewa Maha Vidyalaya", "amenity": "school", "addr_city": null, "osm_id": 8889668982, "osm_type": "nodes" }, "geometry": { "type": "Point", "coordinates": [ 80.9916152, 7.960406 ] } },
{ "type": "Feature", "properties": { "name": "Wewala Wewa Maha Vidyalaya", "amenity": "school", "addr_city": null, "osm_id": 4892070689, "osm_type": "nodes" }, "geometry": { "type": "Point", "coordinates": [ 80.7701389, 7.8742009 ] } },
{ "type": "Feature", "properties": { "name": "Srinaga School play ground", "amenity": "school", "addr_city": "Naula", "osm_id": 9888774904, "osm_type": "nodes" }, "geometry": { "type": "Point", "coordinates": [ 80.6574792, 7.7065654 ] } },
{ "type": "Feature", "properties": { "name": "Sadamadulla School", "amenity": "school", "addr_city": null, "osm_id": 3634940750, "osm_type": "nodes" }, "geometry": { "type": "Point", "coordinates": [ 81.0107798, 7.6227309 ] } },
{ "type": "Feature", "properties": { "name": "Sandagalathanna Primary school", "amenity": "school", "addr_city": "Aralaganvila", "osm_id": 5249999126, "osm_type": "nodes" }, "geometry": { "type": "Point", "coordinates": [ 81.0821038, 7.7363293 ] } },
{ "type": "Feature", "properties": { "name": "Maraka Maha Vidyalaya", "amenity": "school", "addr_city": null, "osm_id": 4986424413, "osm_type": "nodes" }, "geometry": { "type": "Point", "coordinates": [ 80.9583927, 7.5880318 ] } },
{ "type": "Feature", "properties": { "name": "Kolongoda Central College", "amenity": "school", "addr_city": null, "osm_id": 5030141283, "osm_type": "nodes" }, "geometry": { "type": "Point", "coordinates": [ 80.9493365, 7.4720338 ] } },
{ "type": "Feature", "properties": { "name": "Maradana Technical College", "amenity": "college", "addr_city": "Maradana", "osm_id": 672180371, "osm_type": "nodes" }, "geometry": { "type": "Point", "coordinates": [ 79.8594636, 6.9321835 ] } },
{ "type": "Feature", "properties": { "name": "City College", "amenity": "college", "addr_city": null, "osm_id": 10578445506, "osm_type": "nodes" }, "geometry": { "type": "Point", "coordinates": [ 80.4477994, 7.2535054 ] } },
{ "type": "Feature", "properties": { "name": "Papolwaththa junior School", "amenity": null, "addr_city": null, "osm_id": 3732870005, "osm_type": "nodes" }, "geometry": { "type": "Point", "coordinates": [ 80.781094, 7.2884666 ] } },
{ "type": "Feature", "properties": { "name": "Uduwella Primary School", "amenity": null, "addr_city": null, "osm_id": 3770059300, "osm_type": "nodes" }, "geometry": { "type": "Point", "coordinates": [ 80.4981398, 7.1055305 ] } },
{ "type": "Feature", "properties": { "name": null, "amenity": null, "addr_city": null, "osm_id": 3687636729, "osm_type": "nodes" }, "geometry": { "type": "Point", "coordinates": [ 80.2958123, 7.0804101 ] } },
{ "type": "Feature", "properties": { "name": null, "amenity": null, "addr_city": null, "osm_id": 3491104007, "osm_type": "nodes" }, "geometry": { "type": "Point", "coordinates": [ 80.3057913, 7.2265714 ] } },
{ "type": "Feature", "properties": { "name": "Sinhala Maha Vidyalaya", "amenity": null, "addr_city": "Kalmunai", "osm_id": 3320202246, "osm_type": "nodes" }, "geometry": { "type": "Point", "coordinates": [ 81.8306432, 7.4163977 ] } },
{ "type": "Feature", "properties": { "name": "Carmel Fatima College N.S", "amenity": null, "addr_city": "Kalmunai", "osm_id": 3326735494, "osm_type": "nodes" }, "geometry": { "type": "Point", "coordinates": [ 81.8224552, 7.4191827 ] } },
{ "type": "Feature", "properties": { "name": "Al Manar Central College", "amenity": null, "addr_city": "Maruthamunai", "osm_id": 3331447009, "osm_type": "nodes" }, "geometry": { "type": "Point", "coordinates": [ 81.8159884, 7.4368637 ] } },
{ "type": "Feature", "properties": { "name": "Al Misbah Maha Vidyalaya", "amenity": null, "addr_city": "Kalmunai", "osm_id": 3318275542, "osm_type": "nodes" }, "geometry": { "type": "Point", "coordinates": [ 81.8404343, 7.4016006 ] } },
{ "type": "Feature", "properties": { "name": "Mihijaya Montessori", "amenity": "kindergarten", "addr_city": "Kadawata", "osm_id": 2704129049, "osm_type": "nodes" }, "geometry": { "type": "Point", "coordinates": [ 79.9608641, 6.9805094 ] } },
{ "type": "Feature", "properties": { "name": null, "amenity": "kindergarten", "addr_city": null, "osm_id": 7861974994, "osm_type": "nodes" }, "geometry": { "type": "Point", "coordinates": [ 80.0254812, 6.6445092 ] } },
{ "type": "Feature", "properties": { "name": "Webadagama School", "amenity": "school", "addr_city": null, "osm_id": 3634941881, "osm_type": "nodes" }, "geometry": { "type": "Point", "coordinates": [ 81.0035345, 7.6212592 ] } },
{ "type": "Feature", "properties": { "name": "Sadunpura School", "amenity": "school", "addr_city": null, "osm_id": 3634967009, "osm_type": "nodes" }, "geometry": { "type": "Point", "coordinates": [ 81.0451285, 7.628676 ] } },
{ "type": "Feature", "properties": { "name": "Salpitigama School", "amenity": "school", "addr_city": null, "osm_id": 3634950355, "osm_type": "nodes" }, "geometry": { "type": "Point", "coordinates": [ 81.0057687, 7.6494396 ] } },
{ "type": "Feature", "properties": { "name": "Lawrence College", "amenity": "school", "addr_city": null, "osm_id": 3780542014, "osm_type": "nodes" }, "geometry": { "type": "Point", "coordinates": [ 79.865279, 6.921612 ] } },
{ "type": "Feature", "properties": { "name": "Mahabodhi Vidyalaya", "amenity": "school", "addr_city": null, "osm_id": 3780542017, "osm_type": "nodes" }, "geometry": { "type": "Point", "coordinates": [ 79.863919, 6.9188696 ] } },
{ "type": "Feature", "properties": { "name": "Wekanda Pre School", "amenity": "school", "addr_city": null, "osm_id": 3780547680, "osm_type": "nodes" }, "geometry": { "type": "Point", "coordinates": [ 79.851964, 6.919536 ] } },
{ "type": "Feature", "properties": { "name": "Ananda madya Maha Vidyalaya", "amenity": "school", "addr_city": null, "osm_id": 3780539883, "osm_type": "nodes" }, "geometry": { "type": "Point", "coordinates": [ 79.872006, 6.965729 ] } },
{ "type": "Feature", "properties": { "name": "Newmans College", "amenity": "school", "addr_city": null, "osm_id": 3780540336, "osm_type": "nodes" }, "geometry": { "type": "Point", "coordinates": [ 79.870589, 6.963733 ] } },
{ "type": "Feature", "properties": { "name": "Al Nassar Maha Vidyalaya", "amenity": "school", "addr_city": null, "osm_id": 3780541963, "osm_type": "nodes" }, "geometry": { "type": "Point", "coordinates": [ 79.871373, 6.9472 ] } },
{ "type": "Feature", "properties": { "name": "Vijayaba Maha Vidyalaya", "amenity": "school", "addr_city": null, "osm_id": 3780547676, "osm_type": "nodes" }, "geometry": { "type": "Point", "coordinates": [ 79.872242, 6.946524 ] } },
{ "type": "Feature", "properties": { "name": "Sri Sangabodhi Maha Vidyalaya", "amenity": "school", "addr_city": null, "osm_id": 5250108243, "osm_type": "nodes" }, "geometry": { "type": "Point", "coordinates": [ 79.8751783, 6.9591667 ] } },
{ "type": "Feature", "properties": { "name": "St. Marys College", "amenity": "school", "addr_city": null, "osm_id": 3780539885, "osm_type": "nodes" }, "geometry": { "type": "Point", "coordinates": [ 79.877955, 6.970149 ] } },
{ "type": "Feature", "properties": { "name": "Gampola Zahira College", "amenity": "school", "addr_city": null, "osm_id": 1830502815, "osm_type": "nodes" }, "geometry": { "type": "Point", "coordinates": [ 80.5717277, 7.1696018 ] } },
{ "type": "Feature", "properties": { "name": "Buddhist College", "amenity": "school", "addr_city": "Gampola", "osm_id": 1830490075, "osm_type": "nodes" }, "geometry": { "type": "Point", "coordinates": [ 80.5723204, 7.165099 ] } },
{ "type": "Feature", "properties": { "name": "Agarapatana Tamil Maha Vidyalayam", "amenity": "school", "addr_city": "Agarapatana", "osm_id": 4443924908, "osm_type": "nodes" }, "geometry": { "type": "Point", "coordinates": [ 80.7104274, 6.8606128 ] } },
{ "type": "Feature", "properties": { "name": "Manampitiya Tamil School", "amenity": "school", "addr_city": null, "osm_id": 2304485619, "osm_type": "nodes" }, "geometry": { "type": "Point", "coordinates": [ 81.1133729, 7.9019556 ] } },
{ "type": "Feature", "properties": { "name": "Alhijra School", "amenity": "school", "addr_city": "Colombo", "osm_id": 681871474, "osm_type": "nodes" }, "geometry": { "type": "Point", "coordinates": [ 79.8749014, 6.9289905 ] } },
{ "type": "Feature", "properties": { "name": "Sapugaskanda Vishaka Girls College", "amenity": "school", "addr_city": null, "osm_id": 1843473750, "osm_type": "nodes" }, "geometry": { "type": "Point", "coordinates": [ 79.9546479, 6.9715525 ] } },
{ "type": "Feature", "properties": { "name": "Mahamaya Balika Vidyalaya", "amenity": "school", "addr_city": null, "osm_id": 3842185233, "osm_type": "nodes" }, "geometry": { "type": "Point", "coordinates": [ 79.9417721, 6.9925739 ] } },
{ "type": "Feature", "properties": { "name": "Nilpanagoda Central College", "amenity": "school", "addr_city": null, "osm_id": 1847947601, "osm_type": "nodes" }, "geometry": { "type": "Point", "coordinates": [ 79.9522554, 7.1976025 ] } },
{ "type": "Feature", "properties": { "name": null, "amenity": "school", "addr_city": null, "osm_id": 4878007022, "osm_type": "nodes" }, "geometry": { "type": "Point", "coordinates": [ 79.8774736, 7.2316688 ] } },
{ "type": "Feature", "properties": { "name": "St. Sebastian's College", "amenity": "school", "addr_city": "Katuneriya", "osm_id": 1887836826, "osm_type": "nodes" }, "geometry": { "type": "Point", "coordinates": [ 79.8337524, 7.3641297 ] } },
{ "type": "Feature", "properties": { "name": "Bauddha Balika Vidyalaya Kirimwtiyana", "amenity": "school", "addr_city": null, "osm_id": 6597737075, "osm_type": "nodes" }, "geometry": { "type": "Point", "coordinates": [ 79.8836476, 7.3583318 ] } },
{ "type": "Feature", "properties": { "name": "Dankotuwa Girls College", "amenity": "school", "addr_city": null, "osm_id": 1478533467, "osm_type": "nodes" }, "geometry": { "type": "Point", "coordinates": [ 79.8782117, 7.2924563 ] } },
{ "type": "Feature", "properties": { "name": "Ananda Balika Vidyalaya", "amenity": "school", "addr_city": null, "osm_id": 3780541966, "osm_type": "nodes" }, "geometry": { "type": "Point", "coordinates": [ 79.869785, 6.926799 ] } },
{ "type": "Feature", "properties": { "name": "Zahira College", "amenity": "school", "addr_city": null, "osm_id": 3780547686, "osm_type": "nodes" }, "geometry": { "type": "Point", "coordinates": [ 79.864764, 6.927111 ] } },
{ "type": "Feature", "properties": { "name": "Stafford College", "amenity": "school", "addr_city": null, "osm_id": 681802844, "osm_type": "nodes" }, "geometry": { "type": "Point", "coordinates": [ 79.8669875, 6.9231206 ] } },
{ "type": "Feature", "properties": { "name": "Nalanda College", "amenity": "school", "addr_city": null, "osm_id": 653129370, "osm_type": "nodes" }, "geometry": { "type": "Point", "coordinates": [ 79.8736809, 6.9234421 ] } },
{ "type": "Feature", "properties": { "name": "Ananda College", "amenity": "school", "addr_city": null, "osm_id": 618491025, "osm_type": "nodes" }, "geometry": { "type": "Point", "coordinates": [ 79.8685501, 6.9243358 ] } },
{ "type": "Feature", "properties": { "name": "Seewali Vidyalaya", "amenity": "school", "addr_city": null, "osm_id": 618552113, "osm_type": "nodes" }, "geometry": { "type": "Point", "coordinates": [ 79.8805968, 6.9235384 ] } },
{ "type": "Feature", "properties": { "name": "Seevalee Vidyalaya", "amenity": "school", "addr_city": null, "osm_id": 3780542042, "osm_type": "nodes" }, "geometry": { "type": "Point", "coordinates": [ 79.881442, 6.923323 ] } },
{ "type": "Feature", "properties": { "name": "College of Ayurvedic Medicine", "amenity": "school", "addr_city": null, "osm_id": 3780541990, "osm_type": "nodes" }, "geometry": { "type": "Point", "coordinates": [ 79.892836, 6.922336 ] } },
{ "type": "Feature", "properties": { "name": "Saman Vidyalaya", "amenity": "school", "addr_city": "Divurumpitiya", "osm_id": 3718197053, "osm_type": "nodes" }, "geometry": { "type": "Point", "coordinates": [ 80.2219399, 6.9236745 ] } },
{ "type": "Feature", "properties": { "name": "Kirindiwela Central College", "amenity": "school", "addr_city": null, "osm_id": 4352150989, "osm_type": "nodes" }, "geometry": { "type": "Point", "coordinates": [ 80.134647, 7.04734 ] } },
{ "type": "Feature", "properties": { "name": "Henegama Central College", "amenity": "school", "addr_city": null, "osm_id": 4352143791, "osm_type": "nodes" }, "geometry": { "type": "Point", "coordinates": [ 80.0485598, 7.0195777 ] } },
{ "type": "Feature", "properties": { "name": "Radawana Mahagamasekera Maha Vidyalaya", "amenity": "school", "addr_city": "Gampaha", "osm_id": 2030086450, "osm_type": "nodes" }, "geometry": { "type": "Point", "coordinates": [ 80.0929535, 7.0339888 ] } },
{ "type": "Feature", "properties": { "name": "Kadawatha Buddhist Primary School", "amenity": "school", "addr_city": null, "osm_id": 4439983688, "osm_type": "nodes" }, "geometry": { "type": "Point", "coordinates": [ 79.9584128, 7.0023905 ] } },
{ "type": "Feature", "properties": { "name": "Mahabodhi Vidhyalaya", "amenity": "school", "addr_city": null, "osm_id": 4633779550, "osm_type": "nodes" }, "geometry": { "type": "Point", "coordinates": [ 79.9445597, 7.0027667 ] } },
{ "type": "Feature", "properties": { "name": null, "amenity": "school", "addr_city": null, "osm_id": 4615291590, "osm_type": "nodes" }, "geometry": { "type": "Point", "coordinates": [ 80.6347505, 7.1092765 ] } },
{ "type": "Feature", "properties": { "name": "Hadunuwewa Central Collage", "amenity": "school", "addr_city": null, "osm_id": 5255327267, "osm_type": "nodes" }, "geometry": { "type": "Point", "coordinates": [ 80.6508464, 7.0571505 ] } },
{ "type": "Feature", "properties": { "name": "Niyamgamdora School", "amenity": "school", "addr_city": null, "osm_id": 4437616319, "osm_type": "nodes" }, "geometry": { "type": "Point", "coordinates": [ 80.662839, 7.0507993 ] } },
{ "type": "Feature", "properties": { "name": null, "amenity": "school", "addr_city": null, "osm_id": 5809659553, "osm_type": "nodes" }, "geometry": { "type": "Point", "coordinates": [ 80.5574494, 7.2454852 ] } },
{ "type": "Feature", "properties": { "name": "Peradeniya Hindu College", "amenity": "school", "addr_city": null, "osm_id": 4543409770, "osm_type": "nodes" }, "geometry": { "type": "Point", "coordinates": [ 80.5892387, 7.2574114 ] } },
{ "type": "Feature", "properties": { "name": "Mahakanda School", "amenity": "school", "addr_city": null, "osm_id": 5575841476, "osm_type": "nodes" }, "geometry": { "type": "Point", "coordinates": [ 80.2032624, 7.1106674 ] } },
{ "type": "Feature", "properties": { "name": "Dehiowita Tamil School", "amenity": "school", "addr_city": "Dehiowita", "osm_id": 3105114935, "osm_type": "nodes" }, "geometry": { "type": "Point", "coordinates": [ 80.2668934, 6.9711194 ] } },
{ "type": "Feature", "properties": { "name": "Thalduwa Buddist College", "amenity": "school", "addr_city": null, "osm_id": 5164664047, "osm_type": "nodes" }, "geometry": { "type": "Point", "coordinates": [ 80.2202555, 6.9611618 ] } },
{ "type": "Feature", "properties": { "name": "Atulugama Primary School", "amenity": "school", "addr_city": null, "osm_id": 2905976618, "osm_type": "nodes" }, "geometry": { "type": "Point", "coordinates": [ 80.2645756, 6.9922708 ] } },
{ "type": "Feature", "properties": { "name": "Galle/St.Anne's shchool", "amenity": "school", "addr_city": null, "osm_id": 7775648615, "osm_type": "nodes" }, "geometry": { "type": "Point", "coordinates": [ 80.3180972, 6.2988828 ] } },
{ "type": "Feature", "properties": { "name": null, "amenity": "school", "addr_city": null, "osm_id": 3211927871, "osm_type": "nodes" }, "geometry": { "type": "Point", "coordinates": [ 80.145408, 6.3100791 ] } },
{ "type": "Feature", "properties": { "name": "Dharmaraja College, Marawila", "amenity": "school", "addr_city": null, "osm_id": 1137449103, "osm_type": "nodes" }, "geometry": { "type": "Point", "coordinates": [ 79.8574683, 7.4353939 ] } },
{ "type": "Feature", "properties": { "name": "Saraswathi Maha Vidyalaya", "amenity": "school", "addr_city": null, "osm_id": 5403414651, "osm_type": "nodes" }, "geometry": { "type": "Point", "coordinates": [ 79.8304631, 7.4423549 ] } },
{ "type": "Feature", "properties": { "name": "Dhammissara Primary School", "amenity": "school", "addr_city": "Nattandiya", "osm_id": 1480054171, "osm_type": "nodes" }, "geometry": { "type": "Point", "coordinates": [ 79.8577915, 7.410472 ] } },
{ "type": "Feature", "properties": { "name": "Edmund Peiris Primary School", "amenity": "school", "addr_city": "Chilaw", "osm_id": 3655135138, "osm_type": "nodes" }, "geometry": { "type": "Point", "coordinates": [ 79.7930412, 7.5783038 ] } },
{ "type": "Feature", "properties": { "name": "Madagama Abaya College", "amenity": "school", "addr_city": null, "osm_id": 1978104171, "osm_type": "nodes" }, "geometry": { "type": "Point", "coordinates": [ 79.8766638, 7.5342748 ] } },
{ "type": "Feature", "properties": { "name": "St Nicholas International School", "amenity": "school", "addr_city": null, "osm_id": 1376569757, "osm_type": "nodes" }, "geometry": { "type": "Point", "coordinates": [ 79.8709059, 6.9158241 ] } },
{ "type": "Feature", "properties": { "name": "Asian International School", "amenity": "school", "addr_city": null, "osm_id": 3780541973, "osm_type": "nodes" }, "geometry": { "type": "Point", "coordinates": [ 79.870943, 6.915808 ] } },
{ "type": "Feature", "properties": { "name": "Yasodara Balika vidyalaya", "amenity": "school", "addr_city": "Colombo 07", "osm_id": 681782141, "osm_type": "nodes" }, "geometry": { "type": "Point", "coordinates": [ 79.872584, 6.9169021 ] } },
{ "type": "Feature", "properties": { "name": "St. John Bosco College", "amenity": "school", "addr_city": null, "osm_id": 1843502801, "osm_type": "nodes" }, "geometry": { "type": "Point", "coordinates": [ 80.0996052, 6.9181661 ] } },
{ "type": "Feature", "properties": { "name": "Dheerananda Maha Vidyalaya", "amenity": "school", "addr_city": "Pilimathalawa", "osm_id": 3237492367, "osm_type": "nodes" }, "geometry": { "type": "Point", "coordinates": [ 80.552782, 7.2682543 ] } },
{ "type": "Feature", "properties": { "name": "Pilimathalava Maha Vidyalaya", "amenity": "school", "addr_city": null, "osm_id": 4223598148, "osm_type": "nodes" }, "geometry": { "type": "Point", "coordinates": [ 80.5522044, 7.266847 ] } },
{ "type": "Feature", "properties": { "name": "Maduru Oya Army Training School", "amenity": "college", "addr_city": null, "osm_id": 5461288579, "osm_type": "nodes" }, "geometry": { "type": "Point", "coordinates": [ 81.1841959, 7.6888131 ] } },
{ "type": "Feature", "properties": { "name": "Kandegama Sagaramathie Piriwena", "amenity": "college", "addr_city": null, "osm_id": 5461290264, "osm_type": "nodes" }, "geometry": { "type": "Point", "coordinates": [ 81.2170878, 7.6813597 ] } },
{ "type": "Feature", "properties": { "name": null, "amenity": "college", "addr_city": null, "osm_id": 10132254350, "osm_type": "nodes" }, "geometry": { "type": "Point", "coordinates": [ 79.8788867, 7.2281381 ] } },
{ "type": "Feature", "properties": { "name": "St. Joseph's College", "amenity": "college", "addr_city": null, "osm_id": 1839459804, "osm_type": "nodes" }, "geometry": { "type": "Point", "coordinates": [ 79.860451, 6.9255545 ] } },
{ "type": "Feature", "properties": { "name": "Saint Mary's Girls College", "amenity": "college", "addr_city": "Chilaw", "osm_id": 3655135136, "osm_type": "nodes" }, "geometry": { "type": "Point", "coordinates": [ 79.7918181, 7.5777907 ] } },
{ "type": "Feature", "properties": { "name": "Carlton Pre School", "amenity": null, "addr_city": null, "osm_id": 3188349712, "osm_type": "nodes" }, "geometry": { "type": "Point", "coordinates": [ 79.8686871, 6.9323099 ] } },
{ "type": "Feature", "properties": { "name": null, "amenity": null, "addr_city": null, "osm_id": 2821260575, "osm_type": "nodes" }, "geometry": { "type": "Point", "coordinates": [ 81.119296, 7.9091005 ] } },
{ "type": "Feature", "properties": { "name": "Sapugaskanda Maha Vidyalaya", "amenity": null, "addr_city": null, "osm_id": 3474608676, "osm_type": "nodes" }, "geometry": { "type": "Point", "coordinates": [ 79.9595816, 6.9779572 ] } },
{ "type": "Feature", "properties": { "name": "Thaldeka School", "amenity": null, "addr_city": "Nainamadama", "osm_id": 3658440636, "osm_type": "nodes" }, "geometry": { "type": "Point", "coordinates": [ 79.8377535, 7.3215336 ] } },
{ "type": "Feature", "properties": { "name": "Biyagama Junior School", "amenity": null, "addr_city": null, "osm_id": 3474551495, "osm_type": "nodes" }, "geometry": { "type": "Point", "coordinates": [ 79.990366, 6.9449955 ] } },
{ "type": "Feature", "properties": { "name": "Slave Island Zahira College", "amenity": null, "addr_city": null, "osm_id": 3658426120, "osm_type": "nodes" }, "geometry": { "type": "Point", "coordinates": [ 79.8521787, 6.9221841 ] } },
{ "type": "Feature", "properties": { "name": "walagedara maha vidyalaya", "amenity": null, "addr_city": null, "osm_id": 2910726307, "osm_type": "nodes" }, "geometry": { "type": "Point", "coordinates": [ 80.079776, 6.4500382 ] } },
{ "type": "Feature", "properties": { "name": "Sugathananda Vidyalaya", "amenity": null, "addr_city": "Madampe", "osm_id": 3679751379, "osm_type": "nodes" }, "geometry": { "type": "Point", "coordinates": [ 79.8355558, 7.5012888 ] } },
{ "type": "Feature", "properties": { "name": "Suduwella Primary School", "amenity": null, "addr_city": "Madampe", "osm_id": 3664315546, "osm_type": "nodes" }, "geometry": { "type": "Point", "coordinates": [ 79.8569525, 7.4961821 ] } },
{ "type": "Feature", "properties": { "name": "Vijaya Vidyalaya", "amenity": null, "addr_city": "Chilaw", "osm_id": 3655108607, "osm_type": "nodes" }, "geometry": { "type": "Point", "coordinates": [ 79.7949103, 7.573471 ] } },
{ "type": "Feature", "properties": { "name": "Katana Police Training School", "amenity": null, "addr_city": "Katana", "osm_id": 1886663544, "osm_type": "nodes" }, "geometry": { "type": "Point", "coordinates": [ 79.8770371, 7.2246698 ] } },
{ "type": "Feature", "properties": { "name": null, "amenity": "kindergarten", "addr_city": null, "osm_id": 8004068689, "osm_type": "nodes" }, "geometry": { "type": "Point", "coordinates": [ 80.7168838, 7.3880929 ] } },
{ "type": "Feature", "properties": { "name": "Sri Rahula College", "amenity": "school", "addr_city": "Katugastota", "osm_id": 4016221664, "osm_type": "nodes" }, "geometry": { "type": "Point", "coordinates": [ 80.6236717, 7.322724 ] } },
{ "type": "Feature", "properties": { "name": "Dolapihilla Maha Vidyalaya", "amenity": "school", "addr_city": null, "osm_id": 5181361931, "osm_type": "nodes" }, "geometry": { "type": "Point", "coordinates": [ 80.57891, 7.3902141 ] } },
{ "type": "Feature", "properties": { "name": "Marathugoda Nalanda College", "amenity": "school", "addr_city": null, "osm_id": 5164945577, "osm_type": "nodes" }, "geometry": { "type": "Point", "coordinates": [ 80.5715925, 7.3793464 ] } },
{ "type": "Feature", "properties": { "name": "Alawathugoda National School", "amenity": "school", "addr_city": "Alawathugoda", "osm_id": 3215334408, "osm_type": "nodes" }, "geometry": { "type": "Point", "coordinates": [ 80.6133508, 7.4013001 ] } },
{ "type": "Feature", "properties": { "name": "Yaathra", "amenity": "school", "addr_city": null, "osm_id": 4309700697, "osm_type": "nodes" }, "geometry": { "type": "Point", "coordinates": [ 79.8676624, 6.9252203 ] } },
{ "type": "Feature", "properties": { "name": "Ai-Hijra Maha Vidyalaya", "amenity": "school", "addr_city": null, "osm_id": 3780541961, "osm_type": "nodes" }, "geometry": { "type": "Point", "coordinates": [ 79.874892, 6.929026 ] } },
{ "type": "Feature", "properties": { "name": "Ananda College", "amenity": "school", "addr_city": null, "osm_id": 2094311012, "osm_type": "nodes" }, "geometry": { "type": "Point", "coordinates": [ 79.8686836, 6.9246176 ] } },
{ "type": "Feature", "properties": { "name": "Kaduruwela Muslim Central College", "amenity": "school", "addr_city": null, "osm_id": 2279195241, "osm_type": "nodes" }, "geometry": { "type": "Point", "coordinates": [ 81.0387324, 7.9272311 ] } },
{ "type": "Feature", "properties": { "name": "Ulhitiyawa School", "amenity": "school", "addr_city": null, "osm_id": 5578246161, "osm_type": "nodes" }, "geometry": { "type": "Point", "coordinates": [ 81.084805, 7.3943355 ] } },
{ "type": "Feature", "properties": { "name": "Hettimulla Primary School", "amenity": "school", "addr_city": null, "osm_id": 6386281421, "osm_type": "nodes" }, "geometry": { "type": "Point", "coordinates": [ 80.35597, 7.2199641 ] } },
{ "type": "Feature", "properties": { "name": null, "amenity": "school", "addr_city": null, "osm_id": 6551445219, "osm_type": "nodes" }, "geometry": { "type": "Point", "coordinates": [ 80.4078975, 7.2087694 ] } },
{ "type": "Feature", "properties": { "name": "Mayurapada Primary School", "amenity": "school", "addr_city": null, "osm_id": 2363180596, "osm_type": "nodes" }, "geometry": { "type": "Point", "coordinates": [ 80.4424446, 7.2492057 ] } },
{ "type": "Feature", "properties": { "name": "Mayurapada National School", "amenity": "school", "addr_city": "Mawanella", "osm_id": 2340175907, "osm_type": "nodes" }, "geometry": { "type": "Point", "coordinates": [ 80.4418757, 7.250191 ] } },
{ "type": "Feature", "properties": { "name": "Wegantale Maha Vidyalaya", "amenity": "school", "addr_city": null, "osm_id": 3360958328, "osm_type": "nodes" }, "geometry": { "type": "Point", "coordinates": [ 80.4295463, 7.2657447 ] } },
{ "type": "Feature", "properties": { "name": "St.Joseph Girl's College Kegalle", "amenity": "school", "addr_city": "Kegalle", "osm_id": 3842184034, "osm_type": "nodes" }, "geometry": { "type": "Point", "coordinates": [ 80.3388568, 7.2515067 ] } },
{ "type": "Feature", "properties": { "name": "Kandy Royal international school", "amenity": "school", "addr_city": "Kegalle", "osm_id": 4284093168, "osm_type": "nodes" }, "geometry": { "type": "Point", "coordinates": [ 80.3377237, 7.2517882 ] } },
{ "type": "Feature", "properties": { "name": "Minigamuwa Maha Vidyalaya", "amenity": "school", "addr_city": null, "osm_id": 6066661860, "osm_type": "nodes" }, "geometry": { "type": "Point", "coordinates": [ 80.5049479, 7.3405392 ] } },
{ "type": "Feature", "properties": { "name": "Pussella Prathirajadewa Maha Vidyalaya", "amenity": "school", "addr_city": null, "osm_id": 5896917495, "osm_type": "nodes" }, "geometry": { "type": "Point", "coordinates": [ 80.4857057, 7.4407784 ] } },
{ "type": "Feature", "properties": { "name": "Manikdiwela Central College", "amenity": "school", "addr_city": null, "osm_id": 6017749353, "osm_type": "nodes" }, "geometry": { "type": "Point", "coordinates": [ 80.4963595, 7.2876933 ] } },
{ "type": "Feature", "properties": { "name": null, "amenity": "school", "addr_city": null, "osm_id": 5980687686, "osm_type": "nodes" }, "geometry": { "type": "Point", "coordinates": [ 80.3858355, 7.29326 ] } },
{ "type": "Feature", "properties": { "name": "Hiriwadunna Maha Vidyalaya", "amenity": "school", "addr_city": "Pinnawela", "osm_id": 3224622962, "osm_type": "nodes" }, "geometry": { "type": "Point", "coordinates": [ 80.3862308, 7.2902012 ] } },
{ "type": "Feature", "properties": { "name": "Roman Catholic Primary School", "amenity": "school", "addr_city": "Mawathagama", "osm_id": 3207200535, "osm_type": "nodes" }, "geometry": { "type": "Point", "coordinates": [ 80.4463917, 7.431742 ] } },
{ "type": "Feature", "properties": { "name": "Marathugoda Pre School", "amenity": "school", "addr_city": null, "osm_id": 5164918945, "osm_type": "nodes" }, "geometry": { "type": "Point", "coordinates": [ 80.5683893, 7.3819572 ] } },
{ "type": "Feature", "properties": { "name": "Ihalamulla Weluwana Maha Vidyalaya", "amenity": "school", "addr_city": null, "osm_id": 5160571170, "osm_type": "nodes" }, "geometry": { "type": "Point", "coordinates": [ 80.5656778, 7.4580722 ] } },
{ "type": "Feature", "properties": { "name": "Mirissala Maha Vdyalaya", "amenity": "school", "addr_city": null, "osm_id": 5197854103, "osm_type": "nodes" }, "geometry": { "type": "Point", "coordinates": [ 80.5552662, 7.4549005 ] } },
{ "type": "Feature", "properties": { "name": "Pahalakithugolla Pre School", "amenity": "school", "addr_city": null, "osm_id": 5179401283, "osm_type": "nodes" }, "geometry": { "type": "Point", "coordinates": [ 80.5584095, 7.4327621 ] } },
{ "type": "Feature", "properties": { "name": "Soraborawewa Maha Vidyalaya", "amenity": "school", "addr_city": null, "osm_id": 1974700307, "osm_type": "nodes" }, "geometry": { "type": "Point", "coordinates": [ 80.9913609, 7.3552312 ] } },
{ "type": "Feature", "properties": { "name": "Pilhatha Central College", "amenity": "school", "addr_city": null, "osm_id": 3571510333, "osm_type": "nodes" }, "geometry": { "type": "Point", "coordinates": [ 80.9550078, 7.3845492 ] } },
{ "type": "Feature", "properties": { "name": "Dehogolla Maha Vidyalaya", "amenity": "school", "addr_city": null, "osm_id": 1974709638, "osm_type": "nodes" }, "geometry": { "type": "Point", "coordinates": [ 81.0216162, 7.3336947 ] } },
{ "type": "Feature", "properties": { "name": "Catholic Tamil School", "amenity": "school", "addr_city": null, "osm_id": 3780541985, "osm_type": "nodes" }, "geometry": { "type": "Point", "coordinates": [ 79.885304, 6.919332 ] } },
{ "type": "Feature", "properties": { "name": "C.W.W Kannangara Vidyalaya", "amenity": "school", "addr_city": null, "osm_id": 653114083, "osm_type": "nodes" }, "geometry": { "type": "Point", "coordinates": [ 79.8772536, 6.9190008 ] } },
{ "type": "Feature", "properties": { "name": "Damunupola Primary School", "amenity": "school", "addr_city": null, "osm_id": 6236531450, "osm_type": "nodes" }, "geometry": { "type": "Point", "coordinates": [ 80.3344801, 7.1877975 ] } },
{ "type": "Feature", "properties": { "name": "Aregama Vidyalaya", "amenity": "school", "addr_city": null, "osm_id": 6992632286, "osm_type": "nodes" }, "geometry": { "type": "Point", "coordinates": [ 80.3890787, 7.1555973 ] } },
{ "type": "Feature", "properties": { "name": "Bulathkohupitiya Tamil Maha Vidyalaya", "amenity": "school", "addr_city": "bulathkohupitiya", "osm_id": 4402350583, "osm_type": "nodes" }, "geometry": { "type": "Point", "coordinates": [ 80.3369708, 7.1044562 ] } },
{ "type": "Feature", "properties": { "name": "Narangala Primary School", "amenity": "school", "addr_city": null, "osm_id": 6578949743, "osm_type": "nodes" }, "geometry": { "type": "Point", "coordinates": [ 80.3646871, 7.0908023 ] } },
{ "type": "Feature", "properties": { "name": "GTMS", "amenity": "school", "addr_city": null, "osm_id": 4489821913, "osm_type": "nodes" }, "geometry": { "type": "Point", "coordinates": [ 81.5094159, 7.6852483 ] } },
{ "type": "Feature", "properties": { "name": null, "amenity": "school", "addr_city": null, "osm_id": 4427455095, "osm_type": "nodes" }, "geometry": { "type": "Point", "coordinates": [ 81.7259259, 7.6850536 ] } },
{ "type": "Feature", "properties": { "name": "Monash English Academy", "amenity": "school", "addr_city": "Kattankudy", "osm_id": 5799772473, "osm_type": "nodes" }, "geometry": { "type": "Point", "coordinates": [ 81.7315905, 7.6802081 ] } },
{ "type": "Feature", "properties": { "name": "Sussex International School", "amenity": "school", "addr_city": "Kandy", "osm_id": 4039822562, "osm_type": "nodes" }, "geometry": { "type": "Point", "coordinates": [ 80.6480054, 7.3217342 ] } },
{ "type": "Feature", "properties": { "name": "Colombo International School", "amenity": "school", "addr_city": "Kandy", "osm_id": 4039822563, "osm_type": "nodes" }, "geometry": { "type": "Point", "coordinates": [ 80.6421872, 7.3230408 ] } },
{ "type": "Feature", "properties": { "name": "Tennakoon Wimalananda Maha Vidyalaya", "amenity": "school", "addr_city": null, "osm_id": 2343202887, "osm_type": "nodes" }, "geometry": { "type": "Point", "coordinates": [ 80.6694389, 7.3151726 ] } },
{ "type": "Feature", "properties": { "name": "Rathnayake Central College", "amenity": "school", "addr_city": "Walala", "osm_id": 4039498286, "osm_type": "nodes" }, "geometry": { "type": "Point", "coordinates": [ 80.693602, 7.3203331 ] } },
{ "type": "Feature", "properties": { "name": "Menikhinna Central College", "amenity": "school", "addr_city": "Menikhinna", "osm_id": 2343202877, "osm_type": "nodes" }, "geometry": { "type": "Point", "coordinates": [ 80.701259, 7.3137844 ] } },
{ "type": "Feature", "properties": { "name": "Lumbini Royal College", "amenity": "school", "addr_city": null, "osm_id": 6397879148, "osm_type": "nodes" }, "geometry": { "type": "Point", "coordinates": [ 80.6166044, 7.2751812 ] } },
{ "type": "Feature", "properties": { "name": "Alliance Française De Kandy", "amenity": "school", "addr_city": null, "osm_id": 3237620171, "osm_type": "nodes" }, "geometry": { "type": "Point", "coordinates": [ 80.6142775, 7.2769556 ] } },
{ "type": "Feature", "properties": { "name": "Ecole International College", "amenity": "school", "addr_city": null, "osm_id": 2828169018, "osm_type": "nodes" }, "geometry": { "type": "Point", "coordinates": [ 80.7338647, 7.2914093 ] } },
{ "type": "Feature", "properties": { "name": "Kengalla Primary School", "amenity": "school", "addr_city": "Kengalla", "osm_id": 2343122609, "osm_type": "nodes" }, "geometry": { "type": "Point", "coordinates": [ 80.7226797, 7.2930318 ] } },
{ "type": "Feature", "properties": { "name": "Kengalla Maha Vidyalaya", "amenity": "school", "addr_city": null, "osm_id": 2343107365, "osm_type": "nodes" }, "geometry": { "type": "Point", "coordinates": [ 80.7234629, 7.2947132 ] } },
{ "type": "Feature", "properties": { "name": "Al Maslam School", "amenity": "school", "addr_city": "Nintavur", "osm_id": 3316043326, "osm_type": "nodes" }, "geometry": { "type": "Point", "coordinates": [ 81.8467681, 7.3445285 ] } },
{ "type": "Feature", "properties": { "name": "Saraswathy Vidyalaya school", "amenity": "school", "addr_city": null, "osm_id": 9774013339, "osm_type": "nodes" }, "geometry": { "type": "Point", "coordinates": [ 81.7907048, 7.5244066 ] } },
{ "type": "Feature", "properties": { "name": "BT/ kandumani maha vidyalayam", "amenity": "school", "addr_city": null, "osm_id": 5100295089, "osm_type": "nodes" }, "geometry": { "type": "Point", "coordinates": [ 81.7580616, 7.5441691 ] } },
{ "type": "Feature", "properties": { "name": null, "amenity": "school", "addr_city": null, "osm_id": 4427494689, "osm_type": "nodes" }, "geometry": { "type": "Point", "coordinates": [ 81.8074596, 7.4690122 ] } },
{ "type": "Feature", "properties": { "name": "Central College", "amenity": "school", "addr_city": "Kaluwanchikudy", "osm_id": 1880354710, "osm_type": "nodes" }, "geometry": { "type": "Point", "coordinates": [ 81.7859851, 7.517264 ] } },
{ "type": "Feature", "properties": { "name": "Balagolla Muslim College", "amenity": "school", "addr_city": null, "osm_id": 2341606696, "osm_type": "nodes" }, "geometry": { "type": "Point", "coordinates": [ 80.7165234, 7.2836147 ] } },
{ "type": "Feature", "properties": { "name": "MT/Kandenuwara T M.V", "amenity": "school", "addr_city": null, "osm_id": 9767408352, "osm_type": "nodes" }, "geometry": { "type": "Point", "coordinates": [ 80.6832079, 7.4528272 ] } },
{ "type": "Feature", "properties": { "name": "Mahalakotuwa sri sumana maha vidyala", "amenity": "school", "addr_city": "Illukkubura", "osm_id": 5106951413, "osm_type": "nodes" }, "geometry": { "type": "Point", "coordinates": [ 80.7590754, 7.5329166 ] } },
{ "type": "Feature", "properties": { "name": "Rattota Blika Vidyalaya", "amenity": "school", "addr_city": null, "osm_id": 1727645694, "osm_type": "nodes" }, "geometry": { "type": "Point", "coordinates": [ 80.6758617, 7.5162375 ] } },
{ "type": "Feature", "properties": { "name": "Teldeniya National School", "amenity": "school", "addr_city": null, "osm_id": 2334181619, "osm_type": "nodes" }, "geometry": { "type": "Point", "coordinates": [ 80.7628351, 7.308827 ] } },
{ "type": "Feature", "properties": { "name": null, "amenity": "school", "addr_city": null, "osm_id": 8716785996, "osm_type": "nodes" }, "geometry": { "type": "Point", "coordinates": [ 80.057271, 6.9733776 ] } },
{ "type": "Feature", "properties": { "name": "Weera Wijayaba Vidyalaya", "amenity": "school", "addr_city": null, "osm_id": 1843603891, "osm_type": "nodes" }, "geometry": { "type": "Point", "coordinates": [ 80.0160491, 6.9947678 ] } },
{ "type": "Feature", "properties": { "name": "Rambukpitiya Vidyalaya", "amenity": "school", "addr_city": null, "osm_id": 3754409855, "osm_type": "nodes" }, "geometry": { "type": "Point", "coordinates": [ 80.5067364, 7.0383986 ] } },
{ "type": "Feature", "properties": { "name": "Kithulgala Boys School", "amenity": "school", "addr_city": "Kithulgala", "osm_id": 3216925566, "osm_type": "nodes" }, "geometry": { "type": "Point", "coordinates": [ 80.4074154, 6.9967852 ] } },
{ "type": "Feature", "properties": { "name": "Ganemulla Central College", "amenity": "school", "addr_city": null, "osm_id": 1292892199, "osm_type": "nodes" }, "geometry": { "type": "Point", "coordinates": [ 79.9533024, 7.0695924 ] } },
{ "type": "Feature", "properties": { "name": "Sri Sumangala Primary School", "amenity": "school", "addr_city": null, "osm_id": 4036195268, "osm_type": "nodes" }, "geometry": { "type": "Point", "coordinates": [ 79.949281, 7.0781494 ] } },
{ "type": "Feature", "properties": { "name": null, "amenity": "school", "addr_city": null, "osm_id": 4786076423, "osm_type": "nodes" }, "geometry": { "type": "Point", "coordinates": [ 79.9378398, 7.0349253 ] } },
{ "type": "Feature", "properties": { "name": "Christ King College", "amenity": "school", "addr_city": null, "osm_id": 3570803698, "osm_type": "nodes" }, "geometry": { "type": "Point", "coordinates": [ 79.8925024, 7.0911518 ] } },
{ "type": "Feature", "properties": { "name": "St. Mary's College", "amenity": "school", "addr_city": null, "osm_id": 1897749810, "osm_type": "nodes" }, "geometry": { "type": "Point", "coordinates": [ 79.8951673, 7.0794036 ] } },
{ "type": "Feature", "properties": { "name": "Dharmashoka Vidyalaya", "amenity": "school", "addr_city": null, "osm_id": 1899707371, "osm_type": "nodes" }, "geometry": { "type": "Point", "coordinates": [ 79.9081116, 7.0460239 ] } },
{ "type": "Feature", "properties": { "name": "De Mazenod College", "amenity": "school", "addr_city": "Kandana", "osm_id": 1899647782, "osm_type": "nodes" }, "geometry": { "type": "Point", "coordinates": [ 79.9058395, 7.049042 ] } },
{ "type": "Feature", "properties": { "name": "Asgiri Vihara Maha Piriwena", "amenity": "college", "addr_city": null, "osm_id": 6602808583, "osm_type": "nodes" }, "geometry": { "type": "Point", "coordinates": [ 80.6330556, 7.298745 ] } },
{ "type": "Feature", "properties": { "name": "Technical College Hasalaka", "amenity": "college", "addr_city": null, "osm_id": 4405515405, "osm_type": "nodes" }, "geometry": { "type": "Point", "coordinates": [ 80.9494472, 7.3581679 ] } },
{ "type": "Feature", "properties": { "name": "St.Mary's College (Primary)", "amenity": null, "addr_city": null, "osm_id": 3788950942, "osm_type": "nodes" }, "geometry": { "type": "Point", "coordinates": [ 80.366722, 7.2502493 ] } },
{ "type": "Feature", "properties": { "name": "Kegalu Vidyalaya", "amenity": null, "addr_city": "Kegalle", "osm_id": 3219914095, "osm_type": "nodes" }, "geometry": { "type": "Point", "coordinates": [ 80.3497001, 7.2511421 ] } },
{ "type": "Feature", "properties": { "name": "Shanmuga Maha Vidyalaya", "amenity": null, "addr_city": "Karaitivu", "osm_id": 3316125244, "osm_type": "nodes" }, "geometry": { "type": "Point", "coordinates": [ 81.8425999, 7.3683885 ] } },
{ "type": "Feature", "properties": { "name": "Rambukpitiya Vidyalaya", "amenity": null, "addr_city": null, "osm_id": 3754409856, "osm_type": "nodes" }, "geometry": { "type": "Point", "coordinates": [ 80.5077548, 7.0382831 ] } },
{ "type": "Feature", "properties": { "name": "Faculty of Medicine, University of Colombo", "amenity": null, "addr_city": "Colombo 10", "osm_id": 1378988167, "osm_type": "nodes" }, "geometry": { "type": "Point", "coordinates": [ 79.8708995, 6.919113 ] } },
{ "type": "Feature", "properties": { "name": "Junior Bees", "amenity": "kindergarten", "addr_city": null, "osm_id": 10706421379, "osm_type": "nodes" }, "geometry": { "type": "Point", "coordinates": [ 80.6076618, 7.2212224 ] } },
{ "type": "Feature", "properties": { "name": "Bopitiya Central", "amenity": "school", "addr_city": null, "osm_id": 660913857, "osm_type": "nodes" }, "geometry": { "type": "Point", "coordinates": [ 79.8590782, 7.0753583 ] } },
{ "type": "Feature", "properties": { "name": "Gonzalves College Pamunugama", "amenity": "school", "addr_city": null, "osm_id": 1269985601, "osm_type": "nodes" }, "geometry": { "type": "Point", "coordinates": [ 79.8507037, 7.089941 ] } },
{ "type": "Feature", "properties": { "name": "St. John's Maha Vidyalaya", "amenity": "school", "addr_city": null, "osm_id": 3780539884, "osm_type": "nodes" }, "geometry": { "type": "Point", "coordinates": [ 79.874806, 6.971356 ] } },
{ "type": "Feature", "properties": { "name": "Adventist International", "amenity": "school", "addr_city": null, "osm_id": 3710244140, "osm_type": "nodes" }, "geometry": { "type": "Point", "coordinates": [ 79.8594078, 7.2178093 ] } },
{ "type": "Feature", "properties": { "name": "Maris Stella College Branch", "amenity": "school", "addr_city": null, "osm_id": 1623940140, "osm_type": "nodes" }, "geometry": { "type": "Point", "coordinates": [ 79.865066, 7.1981119 ] } },
{ "type": "Feature", "properties": { "name": "Lenawa Primary School", "amenity": "school", "addr_city": null, "osm_id": 4892070654, "osm_type": "nodes" }, "geometry": { "type": "Point", "coordinates": [ 80.7400446, 7.9028734 ] } },
{ "type": "Feature", "properties": { "name": null, "amenity": "school", "addr_city": null, "osm_id": 4424674389, "osm_type": "nodes" }, "geometry": { "type": "Point", "coordinates": [ 81.5564644, 7.9037838 ] } },
{ "type": "Feature", "properties": { "name": "Vidyaloka Maha Vidyalaya", "amenity": "school", "addr_city": null, "osm_id": 1837533704, "osm_type": "nodes" }, "geometry": { "type": "Point", "coordinates": [ 80.6654494, 7.2825147 ] } },
{ "type": "Feature", "properties": { "name": "Siddhartha Maha Vidyalaya", "amenity": "school", "addr_city": "Ampitiya", "osm_id": 5978045689, "osm_type": "nodes" }, "geometry": { "type": "Point", "coordinates": [ 80.664137, 7.2688871 ] } },
{ "type": "Feature", "properties": { "name": "J/Analaithivu Sathasiva Maha Vidyalayam", "amenity": "school", "addr_city": null, "osm_id": 3544968268, "osm_type": "nodes" }, "geometry": { "type": "Point", "coordinates": [ 79.773838, 9.6659775 ] } },
{ "type": "Feature", "properties": { "name": "J/Punguduthivu Sri Sithivinayagar Maha Vidyalayam", "amenity": "school", "addr_city": null, "osm_id": 3474511318, "osm_type": "nodes" }, "geometry": { "type": "Point", "coordinates": [ 79.8134467, 9.6046265 ] } },
{ "type": "Feature", "properties": { "name": "Former School", "amenity": "school", "addr_city": null, "osm_id": 4034942521, "osm_type": "nodes" }, "geometry": { "type": "Point", "coordinates": [ 79.8114749, 9.6151112 ] } },
{ "type": "Feature", "properties": { "name": "J/Naianativu Sri Nagapoosany Vidyalayam", "amenity": "school", "addr_city": "Nainativu North", "osm_id": 3544854932, "osm_type": "nodes" }, "geometry": { "type": "Point", "coordinates": [ 79.7731453, 9.6084568 ] } },
{ "type": "Feature", "properties": { "name": "J - Eluvaithivu Roman Catholic Tamil Mixed School", "amenity": "school", "addr_city": "Ward no-4", "osm_id": 4818437263, "osm_type": "nodes" }, "geometry": { "type": "Point", "coordinates": [ 79.8114639, 9.6891228 ] } },
{ "type": "Feature", "properties": { "name": "J/Analaithivu South GTM Vidyalayam", "amenity": "school", "addr_city": null, "osm_id": 3545025681, "osm_type": "nodes" }, "geometry": { "type": "Point", "coordinates": [ 79.7727812, 9.6585078 ] } },
{ "type": "Feature", "properties": { "name": "Kandakepulpotha Vidyalaya", "amenity": "school", "addr_city": null, "osm_id": 3769290713, "osm_type": "nodes" }, "geometry": { "type": "Point", "coordinates": [ 81.0200781, 7.1942594 ] } },
{ "type": "Feature", "properties": { "name": "Kohowila Kandura Vidyalaya", "amenity": "school", "addr_city": null, "osm_id": 5398371669, "osm_type": "nodes" }, "geometry": { "type": "Point", "coordinates": [ 81.0388389, 6.998797 ] } },
{ "type": "Feature", "properties": { "name": "Ettampitiya Central College", "amenity": "school", "addr_city": null, "osm_id": 1819855798, "osm_type": "nodes" }, "geometry": { "type": "Point", "coordinates": [ 80.9900664, 6.938221 ] } },
{ "type": "Feature", "properties": { "name": "Godamunna School", "amenity": "school", "addr_city": "Godamunna", "osm_id": 3806188372, "osm_type": "nodes" }, "geometry": { "type": "Point", "coordinates": [ 80.7021814, 7.2284832 ] } },
{ "type": "Feature", "properties": { "name": "Al Mannar Muslim Vidyalaya", "amenity": "school", "addr_city": null, "osm_id": 1855349674, "osm_type": "nodes" }, "geometry": { "type": "Point", "coordinates": [ 80.5742625, 7.2186086 ] } },
{ "type": "Feature", "properties": { "name": "Dasswaththa maha vidyalaya.", "amenity": "school", "addr_city": null, "osm_id": 11068241168, "osm_type": "nodes" }, "geometry": { "type": "Point", "coordinates": [ 80.4380326, 7.2313421 ] } },
{ "type": "Feature", "properties": { "name": "Kirinda Navodya School", "amenity": "school", "addr_city": "Kirinda - gampola", "osm_id": 3755897801, "osm_type": "nodes" }, "geometry": { "type": "Point", "coordinates": [ 80.5844313, 7.1795876 ] } },
{ "type": "Feature", "properties": { "name": "Udawela Maha Vidyalaya", "amenity": "school", "addr_city": null, "osm_id": 5678396549, "osm_type": "nodes" }, "geometry": { "type": "Point", "coordinates": [ 80.7831493, 7.0346345 ] } },
{ "type": "Feature", "properties": { "name": null, "amenity": "school", "addr_city": null, "osm_id": 7066604317, "osm_type": "nodes" }, "geometry": { "type": "Point", "coordinates": [ 80.8755303, 7.0256023 ] } },
{ "type": "Feature", "properties": { "name": null, "amenity": "school", "addr_city": null, "osm_id": 6576256313, "osm_type": "nodes" }, "geometry": { "type": "Point", "coordinates": [ 80.8137479, 7.0698516 ] } },
{ "type": "Feature", "properties": { "name": "Bogamuwa School", "amenity": "school", "addr_city": null, "osm_id": 7276381695, "osm_type": "nodes" }, "geometry": { "type": "Point", "coordinates": [ 80.7991032, 7.1379326 ] } },
{ "type": "Feature", "properties": { "name": "Baddegama Navodya Maha Vidyalaya", "amenity": "school", "addr_city": null, "osm_id": 2078581451, "osm_type": "nodes" }, "geometry": { "type": "Point", "coordinates": [ 81.0828205, 6.9257202 ] } },
{ "type": "Feature", "properties": { "name": "B/Hindu College - Welimada", "amenity": "school", "addr_city": null, "osm_id": 9770272743, "osm_type": "nodes" }, "geometry": { "type": "Point", "coordinates": [ 80.906858, 6.9002003 ] } },
{ "type": "Feature", "properties": { "name": "Erabadda School", "amenity": "school", "addr_city": null, "osm_id": 4799068715, "osm_type": "nodes" }, "geometry": { "type": "Point", "coordinates": [ 80.8781592, 6.8879977 ] } },
{ "type": "Feature", "properties": { "name": "Welimada International School", "amenity": "school", "addr_city": null, "osm_id": 9770268207, "osm_type": "nodes" }, "geometry": { "type": "Point", "coordinates": [ 80.9039988, 6.8995666 ] } },
{ "type": "Feature", "properties": { "name": "Girambe School", "amenity": "school", "addr_city": null, "osm_id": 4799050971, "osm_type": "nodes" }, "geometry": { "type": "Point", "coordinates": [ 80.8866652, 6.9048204 ] } },
{ "type": "Feature", "properties": { "name": "Morethota Primary School", "amenity": "school", "addr_city": null, "osm_id": 6815543140, "osm_type": "nodes" }, "geometry": { "type": "Point", "coordinates": [ 81.0150372, 6.9309171 ] } },
{ "type": "Feature", "properties": { "name": "weppasawela madiya maha vidyalaya", "amenity": "school", "addr_city": null, "osm_id": 5304277933, "osm_type": "nodes" }, "geometry": { "type": "Point", "coordinates": [ 80.9846349, 6.907333 ] } },
{ "type": "Feature", "properties": { "name": "Olket School", "amenity": "school", "addr_city": null, "osm_id": 2800758129, "osm_type": "nodes" }, "geometry": { "type": "Point", "coordinates": [ 80.5540886, 5.956427 ] } },
{ "type": "Feature", "properties": { "name": "Leeds Int. School", "amenity": "school", "addr_city": null, "osm_id": 1813426276, "osm_type": "nodes" }, "geometry": { "type": "Point", "coordinates": [ 80.550447, 5.9532969 ] } },
{ "type": "Feature", "properties": { "name": "St Mary's Convent", "amenity": "school", "addr_city": null, "osm_id": 3594394100, "osm_type": "nodes" }, "geometry": { "type": "Point", "coordinates": [ 80.5522415, 5.9430569 ] } },
{ "type": "Feature", "properties": { "name": null, "amenity": "school", "addr_city": null, "osm_id": 3751649055, "osm_type": "nodes" }, "geometry": { "type": "Point", "coordinates": [ 80.8118445, 6.1424728 ] } },
{ "type": "Feature", "properties": { "name": null, "amenity": "school", "addr_city": null, "osm_id": 3787682239, "osm_type": "nodes" }, "geometry": { "type": "Point", "coordinates": [ 80.7645565, 6.167255 ] } },
{ "type": "Feature", "properties": { "name": null, "amenity": "school", "addr_city": null, "osm_id": 3784835891, "osm_type": "nodes" }, "geometry": { "type": "Point", "coordinates": [ 80.7661124, 6.1800608 ] } },
{ "type": "Feature", "properties": { "name": null, "amenity": "school", "addr_city": null, "osm_id": 3741133504, "osm_type": "nodes" }, "geometry": { "type": "Point", "coordinates": [ 80.8210995, 6.2000933 ] } },
{ "type": "Feature", "properties": { "name": null, "amenity": "school", "addr_city": null, "osm_id": 3734690468, "osm_type": "nodes" }, "geometry": { "type": "Point", "coordinates": [ 80.8260271, 6.2275813 ] } },
{ "type": "Feature", "properties": { "name": "Middeniya Primary School", "amenity": "school", "addr_city": null, "osm_id": 3633738909, "osm_type": "nodes" }, "geometry": { "type": "Point", "coordinates": [ 80.7647572, 6.2530184 ] } },
{ "type": "Feature", "properties": { "name": null, "amenity": "school", "addr_city": null, "osm_id": 3831025007, "osm_type": "nodes" }, "geometry": { "type": "Point", "coordinates": [ 80.7268874, 6.2686118 ] } },
{ "type": "Feature", "properties": { "name": "Thimbolketiya Vidyalaya", "amenity": "school", "addr_city": "Udawalawe", "osm_id": 3144946231, "osm_type": "nodes" }, "geometry": { "type": "Point", "coordinates": [ 80.7928451, 6.4155638 ] } },
{ "type": "Feature", "properties": { "name": "Labuhengoda K.V.", "amenity": "school", "addr_city": null, "osm_id": 11160735499, "osm_type": "nodes" }, "geometry": { "type": "Point", "coordinates": [ 80.7636596, 6.2789901 ] } },
{ "type": "Feature", "properties": { "name": null, "amenity": "school", "addr_city": null, "osm_id": 3787743612, "osm_type": "nodes" }, "geometry": { "type": "Point", "coordinates": [ 80.7619697, 6.2625611 ] } },
{ "type": "Feature", "properties": { "name": "Zahira National School", "amenity": "school", "addr_city": null, "osm_id": 1814540685, "osm_type": "nodes" }, "geometry": { "type": "Point", "coordinates": [ 81.1249494, 6.1266246 ] } },
{ "type": "Feature", "properties": { "name": "St. Mary's National School", "amenity": "school", "addr_city": null, "osm_id": 1814595036, "osm_type": "nodes" }, "geometry": { "type": "Point", "coordinates": [ 81.1234333, 6.1278447 ] } },
{ "type": "Feature", "properties": { "name": "Hambantota Vidyalaya", "amenity": "school", "addr_city": null, "osm_id": 1814595063, "osm_type": "nodes" }, "geometry": { "type": "Point", "coordinates": [ 81.1206954, 6.1269873 ] } },
{ "type": "Feature", "properties": { "name": null, "amenity": "school", "addr_city": null, "osm_id": 3677337255, "osm_type": "nodes" }, "geometry": { "type": "Point", "coordinates": [ 81.16579, 6.2382497 ] } },
{ "type": "Feature", "properties": { "name": "Tzu-Chi School", "amenity": "school", "addr_city": null, "osm_id": 2440207106, "osm_type": "nodes" }, "geometry": { "type": "Point", "coordinates": [ 81.1348547, 6.1606682 ] } },
{ "type": "Feature", "properties": { "name": "Polpalakatiya Vidyalaya", "amenity": "school", "addr_city": null, "osm_id": 7775362727, "osm_type": "nodes" }, "geometry": { "type": "Point", "coordinates": [ 80.2541754, 6.2422709 ] } },
{ "type": "Feature", "properties": { "name": "Dhamma School", "amenity": "school", "addr_city": null, "osm_id": 2380420535, "osm_type": "nodes" }, "geometry": { "type": "Point", "coordinates": [ 80.2167116, 6.035113 ] } },
{ "type": "Feature", "properties": { "name": "National collage", "amenity": "school", "addr_city": "Imaduwa", "osm_id": 2374498148, "osm_type": "nodes" }, "geometry": { "type": "Point", "coordinates": [ 80.3823841, 6.0352586 ] } },
{ "type": "Feature", "properties": { "name": "Angulugaha Maha Vidyalaya", "amenity": "school", "addr_city": null, "osm_id": 3054872287, "osm_type": "nodes" }, "geometry": { "type": "Point", "coordinates": [ 80.3151505, 6.0346679 ] } },
{ "type": "Feature", "properties": { "name": null, "amenity": "school", "addr_city": null, "osm_id": 3726242936, "osm_type": "nodes" }, "geometry": { "type": "Point", "coordinates": [ 80.9977705, 6.3076982 ] } },
{ "type": "Feature", "properties": { "name": null, "amenity": "school", "addr_city": null, "osm_id": 3709492222, "osm_type": "nodes" }, "geometry": { "type": "Point", "coordinates": [ 80.959271, 6.277554 ] } },
{ "type": "Feature", "properties": { "name": null, "amenity": "school", "addr_city": null, "osm_id": 3730259213, "osm_type": "nodes" }, "geometry": { "type": "Point", "coordinates": [ 80.9745414, 6.1558153 ] } },
{ "type": "Feature", "properties": { "name": null, "amenity": "school", "addr_city": null, "osm_id": 3675908391, "osm_type": "nodes" }, "geometry": { "type": "Point", "coordinates": [ 80.9781893, 6.1088974 ] } },
{ "type": "Feature", "properties": { "name": "Yatagala Maha Vidyalaya", "amenity": "school", "addr_city": null, "osm_id": 2465288328, "osm_type": "nodes" }, "geometry": { "type": "Point", "coordinates": [ 80.2613797, 6.0224566 ] } },
{ "type": "Feature", "properties": { "name": "MR/ Sri Sumedha Vidyalaya", "amenity": "school", "addr_city": null, "osm_id": 2610375412, "osm_type": "nodes" }, "geometry": { "type": "Point", "coordinates": [ 80.5181894, 6.0094347 ] } },
{ "type": "Feature", "properties": { "name": "Shariputhra secondary school", "amenity": "school", "addr_city": "Pamburana", "osm_id": 3375865206, "osm_type": "nodes" }, "geometry": { "type": "Point", "coordinates": [ 80.5293636, 5.9456464 ] } },
{ "type": "Feature", "properties": { "name": "Sujatha Vidyalaya Primary", "amenity": "school", "addr_city": null, "osm_id": 2800350552, "osm_type": "nodes" }, "geometry": { "type": "Point", "coordinates": [ 80.5325678, 5.9529959 ] } },
{ "type": "Feature", "properties": { "name": "Dorape Maha Vidyalaya", "amenity": "school", "addr_city": null, "osm_id": 3054837739, "osm_type": "nodes" }, "geometry": { "type": "Point", "coordinates": [ 80.304581, 6.0392035 ] } },
{ "type": "Feature", "properties": { "name": null, "amenity": "college", "addr_city": null, "osm_id": 10132282827, "osm_type": "nodes" }, "geometry": { "type": "Point", "coordinates": [ 79.8703707, 7.2171398 ] } },
{ "type": "Feature", "properties": { "name": "Diyanilla Technical Institute", "amenity": "college", "addr_city": null, "osm_id": 6380263536, "osm_type": "nodes" }, "geometry": { "type": "Point", "coordinates": [ 80.8667323, 7.0328003 ] } },
{ "type": "Feature", "properties": { "name": "Nilwala Training College", "amenity": "university", "addr_city": null, "osm_id": 2440193827, "osm_type": "nodes" }, "geometry": { "type": "Point", "coordinates": [ 80.5289811, 6.0906027 ] } },
{ "type": "Feature", "properties": { "name": null, "amenity": null, "addr_city": null, "osm_id": 4525805053, "osm_type": "nodes" }, "geometry": { "type": "Point", "coordinates": [ 81.5618982, 7.8466702 ] } },
{ "type": "Feature", "properties": { "name": "Kandakepulpotha Vidyalaya", "amenity": null, "addr_city": null, "osm_id": 3769286186, "osm_type": "nodes" }, "geometry": { "type": "Point", "coordinates": [ 81.0192923, 7.1944005 ] } },
{ "type": "Feature", "properties": { "name": null, "amenity": null, "addr_city": null, "osm_id": 3684123823, "osm_type": "nodes" }, "geometry": { "type": "Point", "coordinates": [ 80.6501749, 6.3218405 ] } },
{ "type": "Feature", "properties": { "name": null, "amenity": null, "addr_city": null, "osm_id": 1900822471, "osm_type": "nodes" }, "geometry": { "type": "Point", "coordinates": [ 80.2207392, 6.0618186 ] } },
{ "type": "Feature", "properties": { "name": "Halmillaketiya School", "amenity": null, "addr_city": "Embilipitiya", "osm_id": 3147140201, "osm_type": "nodes" }, "geometry": { "type": "Point", "coordinates": [ 80.8689222, 6.310917 ] } },
{ "type": "Feature", "properties": { "name": "NIBM", "amenity": null, "addr_city": "Galle", "osm_id": 3084241142, "osm_type": "nodes" }, "geometry": { "type": "Point", "coordinates": [ 80.2238478, 6.0369744 ] } },
{ "type": "Feature", "properties": { "name": "Thakshila College", "amenity": "school", "addr_city": null, "osm_id": 4333444836, "osm_type": "nodes" }, "geometry": { "type": "Point", "coordinates": [ 80.0130409, 7.0879217 ] } },
{ "type": "Feature", "properties": { "name": "Pitiyegedara Secondary School", "amenity": "school", "addr_city": null, "osm_id": 3537669663, "osm_type": "nodes" }, "geometry": { "type": "Point", "coordinates": [ 80.0248431, 7.1197059 ] } },
{ "type": "Feature", "properties": { "name": null, "amenity": "school", "addr_city": null, "osm_id": 6834037015, "osm_type": "nodes" }, "geometry": { "type": "Point", "coordinates": [ 80.0591294, 6.8334818 ] } },
{ "type": "Feature", "properties": { "name": "Mahakadura School", "amenity": "school", "addr_city": null, "osm_id": 2902114409, "osm_type": "nodes" }, "geometry": { "type": "Point", "coordinates": [ 81.0682726, 7.1152207 ] } },
{ "type": "Feature", "properties": { "name": null, "amenity": "school", "addr_city": null, "osm_id": 7113571586, "osm_type": "nodes" }, "geometry": { "type": "Point", "coordinates": [ 79.8674949, 6.8801735 ] } },
{ "type": "Feature", "properties": { "name": "Wellawatta Vidyalaya", "amenity": "school", "addr_city": null, "osm_id": 678372742, "osm_type": "nodes" }, "geometry": { "type": "Point", "coordinates": [ 79.8682536, 6.8803581 ] } },
{ "type": "Feature", "properties": { "name": "Royal Institute", "amenity": "school", "addr_city": null, "osm_id": 6346966876, "osm_type": "nodes" }, "geometry": { "type": "Point", "coordinates": [ 79.8719061, 6.8792843 ] } },
{ "type": "Feature", "properties": { "name": "Vidyaraja Maha Vidyalaya", "amenity": "school", "addr_city": null, "osm_id": 625833966, "osm_type": "nodes" }, "geometry": { "type": "Point", "coordinates": [ 79.9597468, 6.8813645 ] } },
{ "type": "Feature", "properties": { "name": null, "amenity": "school", "addr_city": null, "osm_id": 7199076900, "osm_type": "nodes" }, "geometry": { "type": "Point", "coordinates": [ 80.1982721, 6.8931177 ] } },
{ "type": "Feature", "properties": { "name": "Artigala Kanishta Vidyalaya", "amenity": "school", "addr_city": null, "osm_id": 4099087960, "osm_type": "nodes" }, "geometry": { "type": "Point", "coordinates": [ 80.0579079, 6.8917585 ] } },
{ "type": "Feature", "properties": { "name": "WP/HO Batawala Junior School", "amenity": "school", "addr_city": null, "osm_id": 2503479378, "osm_type": "nodes" }, "geometry": { "type": "Point", "coordinates": [ 80.0536198, 6.8813611 ] } },
{ "type": "Feature", "properties": { "name": "Lenagala Kanista Vidyalaya", "amenity": "school", "addr_city": null, "osm_id": 4082836501, "osm_type": "nodes" }, "geometry": { "type": "Point", "coordinates": [ 80.0343875, 6.8809302 ] } },
{ "type": "Feature", "properties": { "name": "Munidasa Kumaratunga Vidyalaya - Bomiriya", "amenity": "school", "addr_city": null, "osm_id": 5140700400, "osm_type": "nodes" }, "geometry": { "type": "Point", "coordinates": [ 79.9939263, 6.9348108 ] } },
{ "type": "Feature", "properties": { "name": null, "amenity": "school", "addr_city": null, "osm_id": 4550744390, "osm_type": "nodes" }, "geometry": { "type": "Point", "coordinates": [ 79.997046, 6.8894303 ] } },
{ "type": "Feature", "properties": { "name": "Bomiriya Central College", "amenity": "school", "addr_city": "Kaduwela", "osm_id": 4053938940, "osm_type": "nodes" }, "geometry": { "type": "Point", "coordinates": [ 80.0024965, 6.9347123 ] } },
{ "type": "Feature", "properties": { "name": null, "amenity": "school", "addr_city": null, "osm_id": 10149057756, "osm_type": "nodes" }, "geometry": { "type": "Point", "coordinates": [ 80.636592, 6.9465343 ] } },
{ "type": "Feature", "properties": { "name": "Kiriwan Eliya School", "amenity": "school", "addr_city": null, "osm_id": 4442011587, "osm_type": "nodes" }, "geometry": { "type": "Point", "coordinates": [ 80.5064626, 6.9183415 ] } },
{ "type": "Feature", "properties": { "name": "Sri Lanka Institute of Chartered Accountants", "amenity": "school", "addr_city": null, "osm_id": 766428147, "osm_type": "nodes" }, "geometry": { "type": "Point", "coordinates": [ 79.8711525, 6.901712 ] } },
{ "type": "Feature", "properties": { "name": "Wycherley International School", "amenity": "school", "addr_city": "Colombo 07", "osm_id": 667775848, "osm_type": "nodes" }, "geometry": { "type": "Point", "coordinates": [ 79.8672375, 6.9005918 ] } },
{ "type": "Feature", "properties": { "name": "Pahathgama Roman Catholic School", "amenity": "school", "addr_city": null, "osm_id": 1843502800, "osm_type": "nodes" }, "geometry": { "type": "Point", "coordinates": [ 80.0865748, 6.9017748 ] } },
{ "type": "Feature", "properties": { "name": null, "amenity": "school", "addr_city": null, "osm_id": 4682730890, "osm_type": "nodes" }, "geometry": { "type": "Point", "coordinates": [ 80.1019365, 6.1416376 ] } },
{ "type": "Feature", "properties": { "name": "Nalagasdeniya Jayanthi Model School", "amenity": "school", "addr_city": null, "osm_id": 3607518956, "osm_type": "nodes" }, "geometry": { "type": "Point", "coordinates": [ 80.1124368, 6.1387625 ] } },
{ "type": "Feature", "properties": { "name": null, "amenity": "school", "addr_city": null, "osm_id": 3697242195, "osm_type": "nodes" }, "geometry": { "type": "Point", "coordinates": [ 80.8368113, 6.0666309 ] } },
{ "type": "Feature", "properties": { "name": "Ranna maha vidyalya", "amenity": "school", "addr_city": null, "osm_id": 3598835038, "osm_type": "nodes" }, "geometry": { "type": "Point", "coordinates": [ 80.8766172, 6.098179 ] } },
{ "type": "Feature", "properties": { "name": "Wijayaba National School", "amenity": "school", "addr_city": null, "osm_id": 1818583218, "osm_type": "nodes" }, "geometry": { "type": "Point", "coordinates": [ 80.9311115, 6.1118285 ] } },
{ "type": "Feature", "properties": { "name": "Wijayaba School Buildings", "amenity": "school", "addr_city": null, "osm_id": 5968282313, "osm_type": "nodes" }, "geometry": { "type": "Point", "coordinates": [ 80.9313321, 6.112234 ] } },
{ "type": "Feature", "properties": { "name": "Debarawewa National School", "amenity": "school", "addr_city": "Debarawewa", "osm_id": 3276141283, "osm_type": "nodes" }, "geometry": { "type": "Point", "coordinates": [ 81.265805, 6.2837565 ] } },
{ "type": "Feature", "properties": { "name": null, "amenity": "school", "addr_city": null, "osm_id": 4511528590, "osm_type": "nodes" }, "geometry": { "type": "Point", "coordinates": [ 81.2017601, 6.3433349 ] } },
{ "type": "Feature", "properties": { "name": null, "amenity": "school", "addr_city": null, "osm_id": 4059494712, "osm_type": "nodes" }, "geometry": { "type": "Point", "coordinates": [ 81.2507521, 6.7707206 ] } },
{ "type": "Feature", "properties": { "name": "Thelulla Janapada Vidyalaya", "amenity": "school", "addr_city": null, "osm_id": 6257449257, "osm_type": "nodes" }, "geometry": { "type": "Point", "coordinates": [ 81.1373035, 6.5575678 ] } },
{ "type": "Feature", "properties": { "name": "Pubbara Primary School", "amenity": "school", "addr_city": null, "osm_id": 4561223836, "osm_type": "nodes" }, "geometry": { "type": "Point", "coordinates": [ 81.3168432, 6.9780539 ] } },
{ "type": "Feature", "properties": { "name": "Dewathura Vidyalaya", "amenity": "school", "addr_city": null, "osm_id": 5599326514, "osm_type": "nodes" }, "geometry": { "type": "Point", "coordinates": [ 81.1412269, 6.8606286 ] } },
{ "type": "Feature", "properties": { "name": null, "amenity": "school", "addr_city": null, "osm_id": 310166110, "osm_type": "nodes" }, "geometry": { "type": "Point", "coordinates": [ 80.1926041, 6.0802882 ] } },
{ "type": "Feature", "properties": { "name": "Gintota Maha Vidyalaya", "amenity": "school", "addr_city": "Gintota", "osm_id": 1980792436, "osm_type": "nodes" }, "geometry": { "type": "Point", "coordinates": [ 80.1767617, 6.0624714 ] } },
{ "type": "Feature", "properties": { "name": "Sri Dharmarama Modren Primary School", "amenity": "school", "addr_city": null, "osm_id": 3053064340, "osm_type": "nodes" }, "geometry": { "type": "Point", "coordinates": [ 80.3696452, 5.9752616 ] } },
{ "type": "Feature", "properties": { "name": "Rohana National School", "amenity": "school", "addr_city": null, "osm_id": 2643487663, "osm_type": "nodes" }, "geometry": { "type": "Point", "coordinates": [ 80.3711481, 5.9691954 ] } },
{ "type": "Feature", "properties": { "name": "Dikkumbura Mha vidyalaya", "amenity": "school", "addr_city": null, "osm_id": 3484063002, "osm_type": "nodes" }, "geometry": { "type": "Point", "coordinates": [ 80.3780331, 6.0177595 ] } },
{ "type": "Feature", "properties": { "name": "Dharmika Maha Vidyalaya", "amenity": "school", "addr_city": "Habaraduwa", "osm_id": 3054766999, "osm_type": "nodes" }, "geometry": { "type": "Point", "coordinates": [ 80.3098982, 6.0023945 ] } },
{ "type": "Feature", "properties": { "name": "Pelassa School", "amenity": "school", "addr_city": null, "osm_id": 2470715782, "osm_type": "nodes" }, "geometry": { "type": "Point", "coordinates": [ 80.342188, 6.0089335 ] } },
{ "type": "Feature", "properties": { "name": "Parana Govipola Vidyalaya", "amenity": "school", "addr_city": null, "osm_id": 10243221106, "osm_type": "nodes" }, "geometry": { "type": "Point", "coordinates": [ 81.7329428, 6.8647358 ] } },
{ "type": "Feature", "properties": { "name": "Primary School", "amenity": "school", "addr_city": null, "osm_id": 1993203096, "osm_type": "nodes" }, "geometry": { "type": "Point", "coordinates": [ 81.0168129, 6.7882551 ] } },
{ "type": "Feature", "properties": { "name": "Adikaram School", "amenity": "school", "addr_city": null, "osm_id": 3596023117, "osm_type": "nodes" }, "geometry": { "type": "Point", "coordinates": [ 81.0066218, 6.8331811 ] } },
{ "type": "Feature", "properties": { "name": "Udawalawe Central College", "amenity": "school", "addr_city": "Udawalawe", "osm_id": 3145074005, "osm_type": "nodes" }, "geometry": { "type": "Point", "coordinates": [ 80.8149028, 6.4220172 ] } },
{ "type": "Feature", "properties": { "name": "Siddhartha college", "amenity": "school", "addr_city": null, "osm_id": 1396259018, "osm_type": "nodes" }, "geometry": { "type": "Point", "coordinates": [ 80.4221419, 5.9714561 ] } },
{ "type": "Feature", "properties": { "name": "Unawatuna Central College", "amenity": "college", "addr_city": "unawatuna", "osm_id": 3081473065, "osm_type": "nodes" }, "geometry": { "type": "Point", "coordinates": [ 80.2490518, 6.0201567 ] } },
{ "type": "Feature", "properties": { "name": "South Asian Centre for Teacher Development", "amenity": "college", "addr_city": "Padukka", "osm_id": 3753215214, "osm_type": "nodes" }, "geometry": { "type": "Point", "coordinates": [ 80.0894352, 6.8568674 ] } },
{ "type": "Feature", "properties": { "name": null, "amenity": "college", "addr_city": null, "osm_id": 10863989142, "osm_type": "nodes" }, "geometry": { "type": "Point", "coordinates": [ 80.1174959, 6.1465048 ] } },
{ "type": "Feature", "properties": { "name": "Faculty of Graduate Studies", "amenity": "university", "addr_city": null, "osm_id": 5749689420, "osm_type": "nodes" }, "geometry": { "type": "Point", "coordinates": [ 79.8631363, 6.9021855 ] } },
{ "type": "Feature", "properties": { "name": "Dr. Badiyudeen Mahmood Vidyalaya", "amenity": null, "addr_city": "Akkaraipattu", "osm_id": 3303875631, "osm_type": "nodes" }, "geometry": { "type": "Point", "coordinates": [ 81.8524169, 7.2268567 ] } },
{ "type": "Feature", "properties": { "name": "Hira International School", "amenity": null, "addr_city": "Akkaraipattu", "osm_id": 3303875630, "osm_type": "nodes" }, "geometry": { "type": "Point", "coordinates": [ 81.8519037, 7.2269093 ] } },
{ "type": "Feature", "properties": { "name": "Udupila Primary School", "amenity": null, "addr_city": null, "osm_id": 3716313650, "osm_type": "nodes" }, "geometry": { "type": "Point", "coordinates": [ 80.0175099, 6.9941841 ] } },
{ "type": "Feature", "properties": { "name": null, "amenity": null, "addr_city": null, "osm_id": 3842183861, "osm_type": "nodes" }, "geometry": { "type": "Point", "coordinates": [ 80.0953206, 6.862603 ] } },
{ "type": "Feature", "properties": { "name": "Panawala Junior School", "amenity": null, "addr_city": null, "osm_id": 3088868764, "osm_type": "nodes" }, "geometry": { "type": "Point", "coordinates": [ 80.2737926, 6.8914822 ] } },
{ "type": "Feature", "properties": { "name": "Kalugala Maha Vidyalaya", "amenity": null, "addr_city": "Kithulgala", "osm_id": 3216890957, "osm_type": "nodes" }, "geometry": { "type": "Point", "coordinates": [ 80.4459587, 6.9944743 ] } },
{ "type": "Feature", "properties": { "name": "Ananda College", "amenity": null, "addr_city": null, "osm_id": 102764774, "osm_type": "nodes" }, "geometry": { "type": "Point", "coordinates": [ 80.2095036, 6.0625264 ] } },
{ "type": "Feature", "properties": { "name": null, "amenity": "kindergarten", "addr_city": null, "osm_id": 10907255106, "osm_type": "nodes" }, "geometry": { "type": "Point", "coordinates": [ 81.8385518, 6.8661755 ] } },
{ "type": "Feature", "properties": { "name": "Little Friends", "amenity": "kindergarten", "addr_city": null, "osm_id": 1506056821, "osm_type": "nodes" }, "geometry": { "type": "Point", "coordinates": [ 80.217865, 6.0263731 ] } },
{ "type": "Feature", "properties": { "name": "Royal Junior School", "amenity": "kindergarten", "addr_city": null, "osm_id": 3992484052, "osm_type": "nodes" }, "geometry": { "type": "Point", "coordinates": [ 81.725754, 7.2456985 ] } },
{ "type": "Feature", "properties": { "name": null, "amenity": "school", "addr_city": null, "osm_id": 6261305015, "osm_type": "nodes" }, "geometry": { "type": "Point", "coordinates": [ 81.3404899, 6.8572263 ] } },
{ "type": "Feature", "properties": { "name": null, "amenity": "school", "addr_city": null, "osm_id": 7257441885, "osm_type": "nodes" }, "geometry": { "type": "Point", "coordinates": [ 80.4328071, 5.9724592 ] } },
{ "type": "Feature", "properties": { "name": null, "amenity": "school", "addr_city": null, "osm_id": 7281996486, "osm_type": "nodes" }, "geometry": { "type": "Point", "coordinates": [ 80.4368598, 5.9743287 ] } },
{ "type": "Feature", "properties": { "name": "Denipitiya Primary School", "amenity": "school", "addr_city": null, "osm_id": 2902332442, "osm_type": "nodes" }, "geometry": { "type": "Point", "coordinates": [ 80.4509266, 5.9811566 ] } },
{ "type": "Feature", "properties": { "name": "Thelijjawila Royal Collage", "amenity": "school", "addr_city": null, "osm_id": 2902312862, "osm_type": "nodes" }, "geometry": { "type": "Point", "coordinates": [ 80.4909932, 6.0216517 ] } },
{ "type": "Feature", "properties": { "name": "Southlands College", "amenity": "school", "addr_city": "Galle", "osm_id": 1723337557, "osm_type": "nodes" }, "geometry": { "type": "Point", "coordinates": [ 80.2160328, 6.027654 ] } },
{ "type": "Feature", "properties": { "name": "Army Pre School", "amenity": "school", "addr_city": null, "osm_id": 1497149290, "osm_type": "nodes" }, "geometry": { "type": "Point", "coordinates": [ 80.2182872, 6.0254725 ] } },
{ "type": "Feature", "properties": { "name": "Shariputhra Maha Vidyalaya", "amenity": "school", "addr_city": null, "osm_id": 2465324767, "osm_type": "nodes" }, "geometry": { "type": "Point", "coordinates": [ 80.2773994, 6.0162244 ] } },
{ "type": "Feature", "properties": { "name": null, "amenity": "school", "addr_city": null, "osm_id": 6624521385, "osm_type": "nodes" }, "geometry": { "type": "Point", "coordinates": [ 80.4621344, 5.9482992 ] } },
{ "type": "Feature", "properties": { "name": "R/Kaluandura Vidyalaya", "amenity": "school", "addr_city": null, "osm_id": 8390366679, "osm_type": "nodes" }, "geometry": { "type": "Point", "coordinates": [ 80.2021172, 6.9080871 ] } },
{ "type": "Feature", "properties": { "name": "Rajasinghe National College", "amenity": "school", "addr_city": "Hanwella", "osm_id": 1843491283, "osm_type": "nodes" }, "geometry": { "type": "Point", "coordinates": [ 80.0886393, 6.9089095 ] } },
{ "type": "Feature", "properties": { "name": "Beliatta Nawoda School", "amenity": "school", "addr_city": null, "osm_id": 3771350530, "osm_type": "nodes" }, "geometry": { "type": "Point", "coordinates": [ 80.7332356, 6.0533982 ] } },
{ "type": "Feature", "properties": { "name": null, "amenity": "school", "addr_city": null, "osm_id": 3790368577, "osm_type": "nodes" }, "geometry": { "type": "Point", "coordinates": [ 80.7399138, 6.2168558 ] } },
{ "type": "Feature", "properties": { "name": null, "amenity": "school", "addr_city": null, "osm_id": 3791141825, "osm_type": "nodes" }, "geometry": { "type": "Point", "coordinates": [ 80.7297319, 6.1956379 ] } },
{ "type": "Feature", "properties": { "name": null, "amenity": "school", "addr_city": null, "osm_id": 3634838768, "osm_type": "nodes" }, "geometry": { "type": "Point", "coordinates": [ 80.6462062, 6.192566 ] } },
{ "type": "Feature", "properties": { "name": null, "amenity": "school", "addr_city": null, "osm_id": 3812603147, "osm_type": "nodes" }, "geometry": { "type": "Point", "coordinates": [ 80.6364112, 6.2183555 ] } },
{ "type": "Feature", "properties": { "name": null, "amenity": "school", "addr_city": null, "osm_id": 3822119062, "osm_type": "nodes" }, "geometry": { "type": "Point", "coordinates": [ 80.6593794, 6.24103 ] } },
{ "type": "Feature", "properties": { "name": "Walgammulla Central College", "amenity": "school", "addr_city": null, "osm_id": 1933478555, "osm_type": "nodes" }, "geometry": { "type": "Point", "coordinates": [ 80.6752663, 6.2381742 ] } },
{ "type": "Feature", "properties": { "name": null, "amenity": "school", "addr_city": null, "osm_id": 3803594371, "osm_type": "nodes" }, "geometry": { "type": "Point", "coordinates": [ 80.6725914, 6.1531779 ] } },
{ "type": "Feature", "properties": { "name": "Horawala Maha Vidyalaya", "amenity": "school", "addr_city": null, "osm_id": 2152975508, "osm_type": "nodes" }, "geometry": { "type": "Point", "coordinates": [ 80.6840049, 6.1857996 ] } },
{ "type": "Feature", "properties": { "name": null, "amenity": "school", "addr_city": null, "osm_id": 3794470886, "osm_type": "nodes" }, "geometry": { "type": "Point", "coordinates": [ 80.7462558, 6.1673177 ] } },
{ "type": "Feature", "properties": { "name": "Walasmulla National School", "amenity": "school", "addr_city": null, "osm_id": 2152975663, "osm_type": "nodes" }, "geometry": { "type": "Point", "coordinates": [ 80.6978286, 6.1495888 ] } },
{ "type": "Feature", "properties": { "name": "D.S Senanayake Coleege", "amenity": "school", "addr_city": null, "osm_id": 1877384936, "osm_type": "nodes" }, "geometry": { "type": "Point", "coordinates": [ 81.5474885, 7.2192578 ] } },
{ "type": "Feature", "properties": { "name": "Zahira Arabic College", "amenity": "school", "addr_city": "Hemmathagama", "osm_id": 1831898524, "osm_type": "nodes" }, "geometry": { "type": "Point", "coordinates": [ 80.5115013, 7.1719437 ] } },
{ "type": "Feature", "properties": { "name": "Kathiresan Hindu Ladies College", "amenity": "school", "addr_city": "nawalapitiya", "osm_id": 3750070392, "osm_type": "nodes" }, "geometry": { "type": "Point", "coordinates": [ 80.5341497, 7.0538502 ] } },
{ "type": "Feature", "properties": { "name": "St.Andrews Girls College", "amenity": "school", "addr_city": "Nawalapitiya", "osm_id": 3215339549, "osm_type": "nodes" }, "geometry": { "type": "Point", "coordinates": [ 80.5357143, 7.0569486 ] } },
{ "type": "Feature", "properties": { "name": "Koramburuwana School", "amenity": "school", "addr_city": null, "osm_id": 4884216249, "osm_type": "nodes" }, "geometry": { "type": "Point", "coordinates": [ 80.5625683, 6.1083338 ] } },
{ "type": "Feature", "properties": { "name": "Siri Rathanajothi Vidyalaya", "amenity": "school", "addr_city": "Akurugoda", "osm_id": 4884205339, "osm_type": "nodes" }, "geometry": { "type": "Point", "coordinates": [ 80.5613997, 6.0486909 ] } },
{ "type": "Feature", "properties": { "name": "Palolpitiya Maha Vidyalaya", "amenity": "school", "addr_city": null, "osm_id": 4884201552, "osm_type": "nodes" }, "geometry": { "type": "Point", "coordinates": [ 80.560233, 6.0382514 ] } },
{ "type": "Feature", "properties": { "name": "Kithalagama (East) School", "amenity": "school", "addr_city": null, "osm_id": 4884184841, "osm_type": "nodes" }, "geometry": { "type": "Point", "coordinates": [ 80.5603767, 6.0201828 ] } },
{ "type": "Feature", "properties": { "name": "Garubawila Vidyalaya ??????? ????????", "amenity": "school", "addr_city": null, "osm_id": 4796256041, "osm_type": "nodes" }, "geometry": { "type": "Point", "coordinates": [ 80.6640066, 6.7030555 ] } },
{ "type": "Feature", "properties": { "name": "Wellawala Mukalana Tamil School", "amenity": "school", "addr_city": null, "osm_id": 6646060586, "osm_type": "nodes" }, "geometry": { "type": "Point", "coordinates": [ 80.5961921, 6.6983221 ] } },
{ "type": "Feature", "properties": { "name": null, "amenity": "school", "addr_city": null, "osm_id": 6534123773, "osm_type": "nodes" }, "geometry": { "type": "Point", "coordinates": [ 80.6709418, 6.5915143 ] } },
{ "type": "Feature", "properties": { "name": "R/Welangapola Vidyalaya", "amenity": "school", "addr_city": "Godakawela", "osm_id": 3198560571, "osm_type": "nodes" }, "geometry": { "type": "Point", "coordinates": [ 80.6529815, 6.5377793 ] } },
{ "type": "Feature", "properties": { "name": "Hiramadagama Maithreya M. V.", "amenity": "school", "addr_city": "Kahawatta", "osm_id": 3198539157, "osm_type": "nodes" }, "geometry": { "type": "Point", "coordinates": [ 80.6163183, 6.5300247 ] } },
{ "type": "Feature", "properties": { "name": "Wijaya Maha Vidyalaya", "amenity": "school", "addr_city": "Madampe", "osm_id": 4045226228, "osm_type": "nodes" }, "geometry": { "type": "Point", "coordinates": [ 80.5921036, 6.5292775 ] } },
{ "type": "Feature", "properties": { "name": "Dandeniya Vidyalaya", "amenity": "school", "addr_city": "Opanayake", "osm_id": 3198708262, "osm_type": "nodes" }, "geometry": { "type": "Point", "coordinates": [ 80.6151829, 6.5987863 ] } },
{ "type": "Feature", "properties": { "name": null, "amenity": "school", "addr_city": null, "osm_id": 11221082361, "osm_type": "nodes" }, "geometry": { "type": "Point", "coordinates": [ 80.6371188, 6.6065551 ] } },
{ "type": "Feature", "properties": { "name": null, "amenity": "school", "addr_city": null, "osm_id": 3937538837, "osm_type": "nodes" }, "geometry": { "type": "Point", "coordinates": [ 80.7255938, 5.9852971 ] } },
{ "type": "Feature", "properties": { "name": null, "amenity": "school", "addr_city": null, "osm_id": 9049679300, "osm_type": "nodes" }, "geometry": { "type": "Point", "coordinates": [ 80.7307655, 5.9856689 ] } },
{ "type": "Feature", "properties": { "name": "Kadurupokuna M.V.", "amenity": "school", "addr_city": null, "osm_id": 3200322836, "osm_type": "nodes" }, "geometry": { "type": "Point", "coordinates": [ 80.7777203, 6.0177325 ] } },
{ "type": "Feature", "properties": { "name": "British Council", "amenity": "school", "addr_city": null, "osm_id": 666872853, "osm_type": "nodes" }, "geometry": { "type": "Point", "coordinates": [ 79.8564536, 6.8997496 ] } },
{ "type": "Feature", "properties": { "name": "Turnkey IT Training", "amenity": "school", "addr_city": null, "osm_id": 6350563329, "osm_type": "nodes" }, "geometry": { "type": "Point", "coordinates": [ 79.8516402, 6.9009834 ] } },
{ "type": "Feature", "properties": { "name": "Sumana Saman Maha Vidyalaya", "amenity": "school", "addr_city": null, "osm_id": 8521559716, "osm_type": "nodes" }, "geometry": { "type": "Point", "coordinates": [ 80.3822941, 6.6954184 ] } },
{ "type": "Feature", "properties": { "name": "Dambuluwana School", "amenity": "school", "addr_city": null, "osm_id": 7828137748, "osm_type": "nodes" }, "geometry": { "type": "Point", "coordinates": [ 80.3041524, 6.7198682 ] } },
{ "type": "Feature", "properties": { "name": "Ellawala Maha Vidyalaya", "amenity": "school", "addr_city": null, "osm_id": 10588778797, "osm_type": "nodes" }, "geometry": { "type": "Point", "coordinates": [ 80.2726338, 6.8063934 ] } },
{ "type": "Feature", "properties": { "name": "Sri Vimalasara Maha Vidyalaya", "amenity": "school", "addr_city": null, "osm_id": 10570995385, "osm_type": "nodes" }, "geometry": { "type": "Point", "coordinates": [ 80.2851231, 6.8289334 ] } },
{ "type": "Feature", "properties": { "name": "Bodhimaluwa Vidyalaya", "amenity": "school", "addr_city": null, "osm_id": 10599436183, "osm_type": "nodes" }, "geometry": { "type": "Point", "coordinates": [ 80.2968648, 6.8200054 ] } },
{ "type": "Feature", "properties": { "name": null, "amenity": "school", "addr_city": null, "osm_id": 1650280190, "osm_type": "nodes" }, "geometry": { "type": "Point", "coordinates": [ 80.5229667, 5.9524024 ] } },
{ "type": "Feature", "properties": { "name": "Gunaratana CentralCollege", "amenity": "school", "addr_city": null, "osm_id": 3621414237, "osm_type": "nodes" }, "geometry": { "type": "Point", "coordinates": [ 80.5212696, 5.9861167 ] } },
{ "type": "Feature", "properties": { "name": "St. Anthony 's Technical College", "amenity": "college", "addr_city": null, "osm_id": 4558102451, "osm_type": "nodes" }, "geometry": { "type": "Point", "coordinates": [ 81.3443751, 6.8675719 ] } },
{ "type": "Feature", "properties": { "name": "Thelijjawila Central Collage", "amenity": "college", "addr_city": null, "osm_id": 2902109073, "osm_type": "nodes" }, "geometry": { "type": "Point", "coordinates": [ 80.4919636, 6.0197328 ] } },
{ "type": "Feature", "properties": { "name": "R/Akaralla Vidyalaya", "amenity": "college", "addr_city": "rathnapura", "osm_id": 11215951992, "osm_type": "nodes" }, "geometry": { "type": "Point", "coordinates": [ 80.6602866, 6.5816847 ] } },
{ "type": "Feature", "properties": { "name": "Kidventure", "amenity": "kindergarten", "addr_city": null, "osm_id": 6765569053, "osm_type": "nodes" }, "geometry": { "type": "Point", "coordinates": [ 79.8950206, 6.8713763 ] } },
{ "type": "Feature", "properties": { "name": "Mother's Touch", "amenity": "kindergarten", "addr_city": null, "osm_id": 6515060428, "osm_type": "nodes" }, "geometry": { "type": "Point", "coordinates": [ 79.8863594, 6.8841899 ] } },
{ "type": "Feature", "properties": { "name": "Blossems", "amenity": "kindergarten", "addr_city": null, "osm_id": 1488267218, "osm_type": "nodes" }, "geometry": { "type": "Point", "coordinates": [ 80.0704614, 6.7148581 ] } },
{ "type": "Feature", "properties": { "name": "Godauda Maha Vidyalaya", "amenity": "school", "addr_city": null, "osm_id": 1813587333, "osm_type": "nodes" }, "geometry": { "type": "Point", "coordinates": [ 80.6477093, 5.9579388 ] } },
{ "type": "Feature", "properties": { "name": "Talalla Maha Vidyalaya", "amenity": "school", "addr_city": null, "osm_id": 1813587480, "osm_type": "nodes" }, "geometry": { "type": "Point", "coordinates": [ 80.6278073, 5.9488204 ] } },
{ "type": "Feature", "properties": { "name": "Matara Technical College", "amenity": "school", "addr_city": null, "osm_id": 1812153835, "osm_type": "nodes" }, "geometry": { "type": "Point", "coordinates": [ 80.5661138, 5.9452323 ] } },
{ "type": "Feature", "properties": { "name": "Naimbala Maha Vidyalaya", "amenity": "school", "addr_city": null, "osm_id": 4884171520, "osm_type": "nodes" }, "geometry": { "type": "Point", "coordinates": [ 80.5563126, 5.9983577 ] } },
{ "type": "Feature", "properties": { "name": null, "amenity": "school", "addr_city": null, "osm_id": 4585262792, "osm_type": "nodes" }, "geometry": { "type": "Point", "coordinates": [ 79.8933965, 6.8199855 ] } },
{ "type": "Feature", "properties": { "name": "Louvre Int. School", "amenity": "school", "addr_city": "Nugegoda", "osm_id": 1661966178, "osm_type": "nodes" }, "geometry": { "type": "Point", "coordinates": [ 79.8925781, 6.8680634 ] } },
{ "type": "Feature", "properties": { "name": "Royal Institute Nugegoda", "amenity": "school", "addr_city": null, "osm_id": 670258817, "osm_type": "nodes" }, "geometry": { "type": "Point", "coordinates": [ 79.893517, 6.8723063 ] } },
{ "type": "Feature", "properties": { "name": "Telecom Training Centre", "amenity": "school", "addr_city": "Horetuduwa", "osm_id": 1794213634, "osm_type": "nodes" }, "geometry": { "type": "Point", "coordinates": [ 79.8956876, 6.7680711 ] } },
{ "type": "Feature", "properties": { "name": null, "amenity": "school", "addr_city": null, "osm_id": 695007928, "osm_type": "nodes" }, "geometry": { "type": "Point", "coordinates": [ 79.8969782, 6.7896157 ] } },
{ "type": "Feature", "properties": { "name": "Sri Sunandopananda Maha Vidyalaya", "amenity": "school", "addr_city": null, "osm_id": 1794115780, "osm_type": "nodes" }, "geometry": { "type": "Point", "coordinates": [ 79.8947381, 6.741579 ] } },
{ "type": "Feature", "properties": { "name": null, "amenity": "school", "addr_city": null, "osm_id": 4365169795, "osm_type": "nodes" }, "geometry": { "type": "Point", "coordinates": [ 79.8995048, 6.7299698 ] } },
{ "type": "Feature", "properties": { "name": "Lyceum International School", "amenity": "school", "addr_city": "Panadura", "osm_id": 652380047, "osm_type": "nodes" }, "geometry": { "type": "Point", "coordinates": [ 79.9049301, 6.7257226 ] } },
{ "type": "Feature", "properties": { "name": "Habarakada Primary School", "amenity": "school", "addr_city": null, "osm_id": 2724797181, "osm_type": "nodes" }, "geometry": { "type": "Point", "coordinates": [ 80.0146199, 6.8670747 ] } },
{ "type": "Feature", "properties": { "name": "Siri Piyarathana Primary College", "amenity": "school", "addr_city": null, "osm_id": 1796819790, "osm_type": "nodes" }, "geometry": { "type": "Point", "coordinates": [ 80.0917839, 6.8406039 ] } },
{ "type": "Feature", "properties": { "name": "Primary School Pitumpe", "amenity": "school", "addr_city": "Meepe", "osm_id": 3752537139, "osm_type": "nodes" }, "geometry": { "type": "Point", "coordinates": [ 80.0972341, 6.856003 ] } },
{ "type": "Feature", "properties": { "name": null, "amenity": "school", "addr_city": null, "osm_id": 4553215190, "osm_type": "nodes" }, "geometry": { "type": "Point", "coordinates": [ 80.0059226, 6.846844 ] } },
{ "type": "Feature", "properties": { "name": "Homagama Kanishta Vidyalaya", "amenity": "school", "addr_city": "Homagama", "osm_id": 2916096305, "osm_type": "nodes" }, "geometry": { "type": "Point", "coordinates": [ 80.0027316, 6.8473786 ] } },
{ "type": "Feature", "properties": { "name": "Shanta Mayadunne School of Cooking Art", "amenity": "school", "addr_city": null, "osm_id": 9707457215, "osm_type": "nodes" }, "geometry": { "type": "Point", "coordinates": [ 79.9607154, 6.8440262 ] } },
{ "type": "Feature", "properties": { "name": null, "amenity": "school", "addr_city": null, "osm_id": 1736059667, "osm_type": "nodes" }, "geometry": { "type": "Point", "coordinates": [ 79.9771002, 6.8446268 ] } },
{ "type": "Feature", "properties": { "name": null, "amenity": "school", "addr_city": null, "osm_id": 8932804781, "osm_type": "nodes" }, "geometry": { "type": "Point", "coordinates": [ 80.1830867, 6.7344629 ] } },
{ "type": "Feature", "properties": { "name": "Jinarathana Maha Vidyalaya", "amenity": "school", "addr_city": null, "osm_id": 10314465502, "osm_type": "nodes" }, "geometry": { "type": "Point", "coordinates": [ 80.2207191, 6.7639529 ] } },
{ "type": "Feature", "properties": { "name": "Karandana Primary School", "amenity": "school", "addr_city": null, "osm_id": 10316755800, "osm_type": "nodes" }, "geometry": { "type": "Point", "coordinates": [ 80.2215967, 6.7609034 ] } },
{ "type": "Feature", "properties": { "name": "Hidurangala Vidyalaya", "amenity": "school", "addr_city": null, "osm_id": 10295004065, "osm_type": "nodes" }, "geometry": { "type": "Point", "coordinates": [ 80.2526003, 6.775341 ] } },
{ "type": "Feature", "properties": { "name": "Polegoda Maha Vidayalaya", "amenity": "school", "addr_city": null, "osm_id": 3370086882, "osm_type": "nodes" }, "geometry": { "type": "Point", "coordinates": [ 80.1656628, 6.5898953 ] } },
{ "type": "Feature", "properties": { "name": "Lyceum International School Primary", "amenity": "school", "addr_city": "Panadura", "osm_id": 3742747889, "osm_type": "nodes" }, "geometry": { "type": "Point", "coordinates": [ 79.910586, 6.7319454 ] } },
{ "type": "Feature", "properties": { "name": "Sri Vaishakya College", "amenity": "school", "addr_city": null, "osm_id": 3780542046, "osm_type": "nodes" }, "geometry": { "type": "Point", "coordinates": [ 79.864308, 6.869561 ] } },
{ "type": "Feature", "properties": { "name": "St. Mary's College", "amenity": "school", "addr_city": null, "osm_id": 621950381, "osm_type": "nodes" }, "geometry": { "type": "Point", "coordinates": [ 79.8657984, 6.8600104 ] } },
{ "type": "Feature", "properties": { "name": null, "amenity": "school", "addr_city": null, "osm_id": 5185289621, "osm_type": "nodes" }, "geometry": { "type": "Point", "coordinates": [ 79.8651112, 6.8615032 ] } },
{ "type": "Feature", "properties": { "name": null, "amenity": "school", "addr_city": null, "osm_id": 3780542038, "osm_type": "nodes" }, "geometry": { "type": "Point", "coordinates": [ 79.864104, 6.863075 ] } },
{ "type": "Feature", "properties": { "name": "Buddhagosha College", "amenity": "school", "addr_city": null, "osm_id": 643015381, "osm_type": "nodes" }, "geometry": { "type": "Point", "coordinates": [ 79.8715531, 6.8654991 ] } },
{ "type": "Feature", "properties": { "name": null, "amenity": "school", "addr_city": null, "osm_id": 5461718923, "osm_type": "nodes" }, "geometry": { "type": "Point", "coordinates": [ 79.8861461, 6.8603888 ] } },
{ "type": "Feature", "properties": { "name": "St. Lawrence Convent", "amenity": "school", "addr_city": null, "osm_id": 674889508, "osm_type": "nodes" }, "geometry": { "type": "Point", "coordinates": [ 79.8621808, 6.8756454 ] } },
{ "type": "Feature", "properties": { "name": "St. Cleare's Girles' School", "amenity": "school", "addr_city": null, "osm_id": 3780542052, "osm_type": "nodes" }, "geometry": { "type": "Point", "coordinates": [ 79.862092, 6.876851 ] } },
{ "type": "Feature", "properties": { "name": "Studio Lekha", "amenity": "school", "addr_city": null, "osm_id": 4292056491, "osm_type": "nodes" }, "geometry": { "type": "Point", "coordinates": [ 79.8585612, 6.8832479 ] } },
{ "type": "Feature", "properties": { "name": "St. Lawrance Girls School", "amenity": "school", "addr_city": "Wellawatte - Colombo 06", "osm_id": 667276042, "osm_type": "nodes" }, "geometry": { "type": "Point", "coordinates": [ 79.8614195, 6.8747942 ] } },
{ "type": "Feature", "properties": { "name": "Muslim Ladies College", "amenity": "school", "addr_city": "Bambalapitiya", "osm_id": 269067771, "osm_type": "nodes" }, "geometry": { "type": "Point", "coordinates": [ 79.8614288, 6.8816677 ] } },
{ "type": "Feature", "properties": { "name": "Pagoda Montessori School", "amenity": "school", "addr_city": null, "osm_id": 6873033873, "osm_type": "nodes" }, "geometry": { "type": "Point", "coordinates": [ 79.8967666, 6.8815887 ] } },
{ "type": "Feature", "properties": { "name": "Newgen Montessori", "amenity": "school", "addr_city": null, "osm_id": 6897167576, "osm_type": "nodes" }, "geometry": { "type": "Point", "coordinates": [ 79.951592, 6.8758317 ] } },
{ "type": "Feature", "properties": { "name": "Dharmapala Vidyalaya Kottawa North", "amenity": "school", "addr_city": null, "osm_id": 599822883, "osm_type": "nodes" }, "geometry": { "type": "Point", "coordinates": [ 79.9584867, 6.8655244 ] } },
{ "type": "Feature", "properties": { "name": "North Punduloya T.V School", "amenity": "school", "addr_city": null, "osm_id": 9857668972, "osm_type": "nodes" }, "geometry": { "type": "Point", "coordinates": [ 80.6790585, 7.0219176 ] } },
{ "type": "Feature", "properties": { "name": null, "amenity": "school", "addr_city": null, "osm_id": 9288146401, "osm_type": "nodes" }, "geometry": { "type": "Point", "coordinates": [ 80.6631428, 6.93591 ] } },
{ "type": "Feature", "properties": { "name": "Harangala Vidyalaya", "amenity": "school", "addr_city": "Harangala", "osm_id": 4437614117, "osm_type": "nodes" }, "geometry": { "type": "Point", "coordinates": [ 80.5886279, 7.0543058 ] } },
{ "type": "Feature", "properties": { "name": "Harangala Primary School", "amenity": "school", "addr_city": null, "osm_id": 1834947714, "osm_type": "nodes" }, "geometry": { "type": "Point", "coordinates": [ 80.5919958, 7.0518012 ] } },
{ "type": "Feature", "properties": { "name": "Weerasekara collge", "amenity": "school", "addr_city": null, "osm_id": 4711093189, "osm_type": "nodes" }, "geometry": { "type": "Point", "coordinates": [ 80.6581843, 7.0792332 ] } },
{ "type": "Feature", "properties": { "name": "Delta Gemunupura College", "amenity": "school", "addr_city": null, "osm_id": 3770199610, "osm_type": "nodes" }, "geometry": { "type": "Point", "coordinates": [ 80.6432759, 7.1003492 ] } },
{ "type": "Feature", "properties": { "name": "Rojasangama Maha Vidyalaya", "amenity": "school", "addr_city": null, "osm_id": 4435551272, "osm_type": "nodes" }, "geometry": { "type": "Point", "coordinates": [ 80.6320814, 7.0419312 ] } },
{ "type": "Feature", "properties": { "name": "Samaneliya navodya vidyalaya", "amenity": "school", "addr_city": "maskeliya", "osm_id": 4443541025, "osm_type": "nodes" }, "geometry": { "type": "Point", "coordinates": [ 80.574743, 6.8297657 ] } },
{ "type": "Feature", "properties": { "name": "Lyceum Int. School", "amenity": "school", "addr_city": null, "osm_id": 2151514527, "osm_type": "nodes" }, "geometry": { "type": "Point", "coordinates": [ 80.4071191, 6.6875223 ] } },
{ "type": "Feature", "properties": { "name": "Mihindu Vidyalaya", "amenity": "school", "addr_city": null, "osm_id": 2151514574, "osm_type": "nodes" }, "geometry": { "type": "Point", "coordinates": [ 80.3992536, 6.6835397 ] } },
{ "type": "Feature", "properties": { "name": "St.Lukes College", "amenity": "school", "addr_city": null, "osm_id": 2151514518, "osm_type": "nodes" }, "geometry": { "type": "Point", "coordinates": [ 80.4008698, 6.6820208 ] } },
{ "type": "Feature", "properties": { "name": "St.Aloysius College", "amenity": "school", "addr_city": null, "osm_id": 2151594559, "osm_type": "nodes" }, "geometry": { "type": "Point", "coordinates": [ 80.4033547, 6.6813099 ] } },
{ "type": "Feature", "properties": { "name": "Sussex College Ratnapura Play Ground", "amenity": "school", "addr_city": "Ratnapura", "osm_id": 3052959378, "osm_type": "nodes" }, "geometry": { "type": "Point", "coordinates": [ 80.4157068, 6.6749846 ] } },
{ "type": "Feature", "properties": { "name": "Al Makiya Muslim Maha Vidyalaya", "amenity": "school", "addr_city": null, "osm_id": 2151603816, "osm_type": "nodes" }, "geometry": { "type": "Point", "coordinates": [ 80.4077696, 6.6796422 ] } },
{ "type": "Feature", "properties": { "name": "Subharathi Mahamatya Vidyalaya", "amenity": "school", "addr_city": "Godagama", "osm_id": 2741681951, "osm_type": "nodes" }, "geometry": { "type": "Point", "coordinates": [ 80.0329229, 6.8504844 ] } },
{ "type": "Feature", "properties": { "name": "Lalith Athulathmudali Vocational Training Centre", "amenity": "school", "addr_city": null, "osm_id": 1252439008, "osm_type": "nodes" }, "geometry": { "type": "Point", "coordinates": [ 79.8774709, 6.8143601 ] } },
{ "type": "Feature", "properties": { "name": null, "amenity": "school", "addr_city": null, "osm_id": 4711114093, "osm_type": "nodes" }, "geometry": { "type": "Point", "coordinates": [ 79.8805508, 6.8296856 ] } },
{ "type": "Feature", "properties": { "name": "Siddhartha Vidyalaya", "amenity": "school", "addr_city": "Thalapathpitiya", "osm_id": 637044384, "osm_type": "nodes" }, "geometry": { "type": "Point", "coordinates": [ 79.9160249, 6.8676383 ] } },
{ "type": "Feature", "properties": { "name": "Vidyakara Balika Vidyalaya", "amenity": "school", "addr_city": "Maharagama", "osm_id": 618005040, "osm_type": "nodes" }, "geometry": { "type": "Point", "coordinates": [ 79.9260058, 6.8451252 ] } },
{ "type": "Feature", "properties": { "name": "I E M", "amenity": "school", "addr_city": "Maharagama", "osm_id": 1651231510, "osm_type": "nodes" }, "geometry": { "type": "Point", "coordinates": [ 79.9244302, 6.8483694 ] } },
{ "type": "Feature", "properties": { "name": "Hidellana Tamil School", "amenity": "school", "addr_city": null, "osm_id": 8319371300, "osm_type": "nodes" }, "geometry": { "type": "Point", "coordinates": [ 80.3909444, 6.7123347 ] } },
{ "type": "Feature", "properties": { "name": "Erathna Maha Vidyalaya", "amenity": "school", "addr_city": null, "osm_id": 2146223929, "osm_type": "nodes" }, "geometry": { "type": "Point", "coordinates": [ 80.4083597, 6.8341538 ] } },
{ "type": "Feature", "properties": { "name": "Thakshila primary", "amenity": "school", "addr_city": null, "osm_id": 257676329, "osm_type": "nodes" }, "geometry": { "type": "Point", "coordinates": [ 80.0705634, 6.7139662 ] } },
{ "type": "Feature", "properties": { "name": "Millawa Kanishta Vidyalaya", "amenity": "school", "addr_city": null, "osm_id": 4021653406, "osm_type": "nodes" }, "geometry": { "type": "Point", "coordinates": [ 80.0779968, 6.78858 ] } },
{ "type": "Feature", "properties": { "name": "Vidyaratanaya", "amenity": "school", "addr_city": null, "osm_id": 1796922964, "osm_type": "nodes" }, "geometry": { "type": "Point", "coordinates": [ 80.0566461, 6.7201397 ] } },
{ "type": "Feature", "properties": { "name": "Ashoka College", "amenity": "school", "addr_city": null, "osm_id": 2090546858, "osm_type": "nodes" }, "geometry": { "type": "Point", "coordinates": [ 80.056492, 6.7208825 ] } },
{ "type": "Feature", "properties": { "name": null, "amenity": "school", "addr_city": null, "osm_id": 9370086412, "osm_type": "nodes" }, "geometry": { "type": "Point", "coordinates": [ 80.0207184, 6.772774 ] } },
{ "type": "Feature", "properties": { "name": "Olaboduwa Maha Vidyalaya", "amenity": "school", "addr_city": null, "osm_id": 1796737865, "osm_type": "nodes" }, "geometry": { "type": "Point", "coordinates": [ 80.0389533, 6.7660438 ] } },
{ "type": "Feature", "properties": { "name": "CWW Kannangara School, Halwala", "amenity": "school", "addr_city": null, "osm_id": 10706045278, "osm_type": "nodes" }, "geometry": { "type": "Point", "coordinates": [ 80.108115, 6.407547 ] } },
{ "type": "Feature", "properties": { "name": "Pannila Primary School", "amenity": "school", "addr_city": null, "osm_id": 5346933749, "osm_type": "nodes" }, "geometry": { "type": "Point", "coordinates": [ 80.1132818, 6.4354284 ] } },
{ "type": "Feature", "properties": { "name": "Pannila Maha Vidyalaya", "amenity": "school", "addr_city": null, "osm_id": 5346934744, "osm_type": "nodes" }, "geometry": { "type": "Point", "coordinates": [ 80.112811, 6.4362936 ] } },
{ "type": "Feature", "properties": { "name": "Matugama Ananda Shastralaya", "amenity": "school", "addr_city": null, "osm_id": 2446739142, "osm_type": "nodes" }, "geometry": { "type": "Point", "coordinates": [ 80.1164774, 6.5240987 ] } },
{ "type": "Feature", "properties": { "name": "Adhikaram MahaVidyalaya", "amenity": "school", "addr_city": null, "osm_id": 1969471012, "osm_type": "nodes" }, "geometry": { "type": "Point", "coordinates": [ 80.1192605, 6.5207489 ] } },
{ "type": "Feature", "properties": { "name": "Sri Rahula College", "amenity": "college", "addr_city": null, "osm_id": 10539940568, "osm_type": "nodes" }, "geometry": { "type": "Point", "coordinates": [ 80.251942, 6.8313955 ] } },
{ "type": "Feature", "properties": { "name": "American College", "amenity": "college", "addr_city": null, "osm_id": 621950387, "osm_type": "nodes" }, "geometry": { "type": "Point", "coordinates": [ 79.8646671, 6.8627911 ] } },
{ "type": "Feature", "properties": { "name": "Godagama Technical College", "amenity": "college", "addr_city": null, "osm_id": 1651353325, "osm_type": "nodes" }, "geometry": { "type": "Point", "coordinates": [ 80.0288543, 6.8510996 ] } },
{ "type": "Feature", "properties": { "name": "Open University Ratnapura Regional Centre", "amenity": "university", "addr_city": "Hidellana", "osm_id": 3937828889, "osm_type": "nodes" }, "geometry": { "type": "Point", "coordinates": [ 80.3851548, 6.7149249 ] } },
{ "type": "Feature", "properties": { "name": "siriniwasa primary School- Walagedara", "amenity": null, "addr_city": null, "osm_id": 2908573842, "osm_type": "nodes" }, "geometry": { "type": "Point", "coordinates": [ 80.0740421, 6.4491486 ] } },
{ "type": "Feature", "properties": { "name": null, "amenity": null, "addr_city": null, "osm_id": 3735359878, "osm_type": "nodes" }, "geometry": { "type": "Point", "coordinates": [ 80.0391554, 6.7829834 ] } },
{ "type": "Feature", "properties": { "name": "Garden Montessori", "amenity": "kindergarten", "addr_city": null, "osm_id": 2339197713, "osm_type": "nodes" }, "geometry": { "type": "Point", "coordinates": [ 79.9254198, 6.6735399 ] } },
{ "type": "Feature", "properties": { "name": "Sithumina Pre School", "amenity": "kindergarten", "addr_city": null, "osm_id": 4920389452, "osm_type": "nodes" }, "geometry": { "type": "Point", "coordinates": [ 81.3006869, 6.7337836 ] } },
{ "type": "Feature", "properties": { "name": null, "amenity": "kindergarten", "addr_city": null, "osm_id": 10931199806, "osm_type": "nodes" }, "geometry": { "type": "Point", "coordinates": [ 80.0022557, 6.4302139 ] } },
{ "type": "Feature", "properties": { "name": "Govinna Maha Vidyalaya", "amenity": "school", "addr_city": null, "osm_id": 1796923013, "osm_type": "nodes" }, "geometry": { "type": "Point", "coordinates": [ 80.1210575, 6.6708856 ] } },
{ "type": "Feature", "properties": { "name": "Athulathmudali Maha vidyalaya", "amenity": "school", "addr_city": "Matugama", "osm_id": 445281002, "osm_type": "nodes" }, "geometry": { "type": "Point", "coordinates": [ 80.1116326, 6.5219377 ] } },
{ "type": "Feature", "properties": { "name": "Sri Rathnakaa Maha Vidyalaya", "amenity": "school", "addr_city": null, "osm_id": 5169471075, "osm_type": "nodes" }, "geometry": { "type": "Point", "coordinates": [ 80.3539652, 6.6462379 ] } },
{ "type": "Feature", "properties": { "name": "Sri Sumana Maha Vidyalaya", "amenity": "school", "addr_city": null, "osm_id": 6341175847, "osm_type": "nodes" }, "geometry": { "type": "Point", "coordinates": [ 80.4007615, 6.6744752 ] } },
{ "type": "Feature", "properties": { "name": "Siri Perakuma Viyalaya", "amenity": "school", "addr_city": null, "osm_id": 7828200082, "osm_type": "nodes" }, "geometry": { "type": "Point", "coordinates": [ 80.4003538, 6.6176628 ] } },
{ "type": "Feature", "properties": { "name": "Jayanthi Maha Vidyalaya", "amenity": "school", "addr_city": "Meepagama", "osm_id": 4045509936, "osm_type": "nodes" }, "geometry": { "type": "Point", "coordinates": [ 80.3642293, 6.5399183 ] } },
{ "type": "Feature", "properties": { "name": "Sri Seevali Maha Vidyalaya", "amenity": "school", "addr_city": null, "osm_id": 1795501383, "osm_type": "nodes" }, "geometry": { "type": "Point", "coordinates": [ 79.9170487, 6.6955594 ] } },
{ "type": "Feature", "properties": { "name": "Leeds International School", "amenity": "school", "addr_city": null, "osm_id": 8817744525, "osm_type": "nodes" }, "geometry": { "type": "Point", "coordinates": [ 79.9174865, 6.6868602 ] } },
{ "type": "Feature", "properties": { "name": "Lumbini Balika Vidyalaya", "amenity": "school", "addr_city": null, "osm_id": 674889526, "osm_type": "nodes" }, "geometry": { "type": "Point", "coordinates": [ 79.86423, 6.8764762 ] } },
{ "type": "Feature", "properties": { "name": null, "amenity": "school", "addr_city": null, "osm_id": 3780542040, "osm_type": "nodes" }, "geometry": { "type": "Point", "coordinates": [ 79.876538, 6.878675 ] } },
{ "type": "Feature", "properties": { "name": "Colombo School of Construction Technology", "amenity": "school", "addr_city": null, "osm_id": 6354466448, "osm_type": "nodes" }, "geometry": { "type": "Point", "coordinates": [ 79.9034954, 6.8840048 ] } },
{ "type": "Feature", "properties": { "name": "Rupaha School", "amenity": "school", "addr_city": null, "osm_id": 5395803304, "osm_type": "nodes" }, "geometry": { "type": "Point", "coordinates": [ 80.9078345, 7.0311232 ] } },
{ "type": "Feature", "properties": { "name": null, "amenity": "school", "addr_city": null, "osm_id": 6387800405, "osm_type": "nodes" }, "geometry": { "type": "Point", "coordinates": [ 80.9218892, 7.036969 ] } },
{ "type": "Feature", "properties": { "name": null, "amenity": "school", "addr_city": null, "osm_id": 5211060846, "osm_type": "nodes" }, "geometry": { "type": "Point", "coordinates": [ 80.8257066, 7.1050169 ] } },
{ "type": "Feature", "properties": { "name": null, "amenity": "school", "addr_city": null, "osm_id": 6594239697, "osm_type": "nodes" }, "geometry": { "type": "Point", "coordinates": [ 80.8683121, 7.0757262 ] } },
{ "type": "Feature", "properties": { "name": null, "amenity": "school", "addr_city": null, "osm_id": 6594240814, "osm_type": "nodes" }, "geometry": { "type": "Point", "coordinates": [ 80.8402428, 7.0727131 ] } },
{ "type": "Feature", "properties": { "name": "Madulla Maha Vidyalaya", "amenity": "school", "addr_city": null, "osm_id": 6185575101, "osm_type": "nodes" }, "geometry": { "type": "Point", "coordinates": [ 80.9279805, 7.0535291 ] } },
{ "type": "Feature", "properties": { "name": "Sripalee Vidyalaya", "amenity": "school", "addr_city": null, "osm_id": 257676186, "osm_type": "nodes" }, "geometry": { "type": "Point", "coordinates": [ 80.068539, 6.707453 ] } },
{ "type": "Feature", "properties": { "name": "Totawatta Methodist College", "amenity": "school", "addr_city": null, "osm_id": 3780539886, "osm_type": "nodes" }, "geometry": { "type": "Point", "coordinates": [ 79.8781937, 6.9675868 ] } },
{ "type": "Feature", "properties": { "name": "St. Anthony's SinhalaMixed School", "amenity": "school", "addr_city": null, "osm_id": 3954317213, "osm_type": "nodes" }, "geometry": { "type": "Point", "coordinates": [ 79.8717114, 6.9609944 ] } },
{ "type": "Feature", "properties": { "name": "Gotami Balika Maha Vidyalaya", "amenity": "school", "addr_city": null, "osm_id": 3780541999, "osm_type": "nodes" }, "geometry": { "type": "Point", "coordinates": [ 79.872113, 6.923431 ] } },
{ "type": "Feature", "properties": { "name": "Lyceum International School", "amenity": "school", "addr_city": "Nugegoda WP", "osm_id": 1838377732, "osm_type": "nodes" }, "geometry": { "type": "Point", "coordinates": [ 79.8862784, 6.8704724 ] } },
{ "type": "Feature", "properties": { "name": "Anula Vidyalaya", "amenity": "school", "addr_city": "Nugegoda", "osm_id": 3780541970, "osm_type": "nodes" }, "geometry": { "type": "Point", "coordinates": [ 79.8847817, 6.8718614 ] } },
{ "type": "Feature", "properties": { "name": null, "amenity": "school", "addr_city": null, "osm_id": 619035512, "osm_type": "nodes" }, "geometry": { "type": "Point", "coordinates": [ 79.8885472, 6.8729831 ] } },
{ "type": "Feature", "properties": { "name": "Anula Primary School", "amenity": "school", "addr_city": null, "osm_id": 3780541969, "osm_type": "nodes" }, "geometry": { "type": "Point", "coordinates": [ 79.887348, 6.872463 ] } },
{ "type": "Feature", "properties": { "name": "Anula Vidyalaya", "amenity": "school", "addr_city": "Nugegoda WP", "osm_id": 1838371816, "osm_type": "nodes" }, "geometry": { "type": "Point", "coordinates": [ 79.8845994, 6.8719477 ] } },
{ "type": "Feature", "properties": { "name": "Dippitigala Maha Vidyalaya", "amenity": "school", "addr_city": null, "osm_id": 5729813138, "osm_type": "nodes" }, "geometry": { "type": "Point", "coordinates": [ 80.4930529, 6.6511774 ] } },
{ "type": "Feature", "properties": { "name": null, "amenity": "school", "addr_city": null, "osm_id": 7011985877, "osm_type": "nodes" }, "geometry": { "type": "Point", "coordinates": [ 80.4837745, 6.54178 ] } },
{ "type": "Feature", "properties": { "name": "Mahinda Primary School", "amenity": "school", "addr_city": null, "osm_id": 2152792708, "osm_type": "nodes" }, "geometry": { "type": "Point", "coordinates": [ 80.5442887, 6.6201168 ] } },
{ "type": "Feature", "properties": { "name": "R/ Rambuka Maha vidyalaya", "amenity": "school", "addr_city": null, "osm_id": 5138829181, "osm_type": "nodes" }, "geometry": { "type": "Point", "coordinates": [ 80.5118922, 6.448947 ] } },
{ "type": "Feature", "properties": { "name": "CP/N St. Regulus Tamil Vidyalayam Lindula", "amenity": "school", "addr_city": null, "osm_id": 9650997955, "osm_type": "nodes" }, "geometry": { "type": "Point", "coordinates": [ 80.7137324, 6.8812198 ] } },
{ "type": "Feature", "properties": { "name": "Walhaputhenna Primary School", "amenity": "school", "addr_city": null, "osm_id": 1712897670, "osm_type": "nodes" }, "geometry": { "type": "Point", "coordinates": [ 80.8697635, 6.763143 ] } },
{ "type": "Feature", "properties": { "name": "Ananda Central College - Haldumulla", "amenity": "school", "addr_city": null, "osm_id": 5729802350, "osm_type": "nodes" }, "geometry": { "type": "Point", "coordinates": [ 80.8694258, 6.7645102 ] } },
{ "type": "Feature", "properties": { "name": "Ginigathgala School", "amenity": "school", "addr_city": null, "osm_id": 5632183375, "osm_type": "nodes" }, "geometry": { "type": "Point", "coordinates": [ 80.8669656, 6.7698915 ] } },
{ "type": "Feature", "properties": { "name": null, "amenity": "school", "addr_city": null, "osm_id": 7994210817, "osm_type": "nodes" }, "geometry": { "type": "Point", "coordinates": [ 80.9265773, 6.758657 ] } },
{ "type": "Feature", "properties": { "name": "Wijeriya Primary School", "amenity": "school", "addr_city": null, "osm_id": 6367597617, "osm_type": "nodes" }, "geometry": { "type": "Point", "coordinates": [ 80.6529388, 6.4231375 ] } },
{ "type": "Feature", "properties": { "name": "Godakumbura Miyanavita Maha Vidyalaya", "amenity": "school", "addr_city": null, "osm_id": 5156317821, "osm_type": "nodes" }, "geometry": { "type": "Point", "coordinates": [ 80.52038, 6.5135903 ] } },
{ "type": "Feature", "properties": { "name": null, "amenity": "school", "addr_city": null, "osm_id": 3566910470, "osm_type": "nodes" }, "geometry": { "type": "Point", "coordinates": [ 80.4675091, 6.1986244 ] } },
{ "type": "Feature", "properties": { "name": "Rathmalvinna Central College", "amenity": "school", "addr_city": null, "osm_id": 1829368501, "osm_type": "nodes" }, "geometry": { "type": "Point", "coordinates": [ 80.7196086, 6.6727984 ] } },
{ "type": "Feature", "properties": { "name": "Hindu Viduhala, Raiwatta", "amenity": "school", "addr_city": null, "osm_id": 2908667631, "osm_type": "nodes" }, "geometry": { "type": "Point", "coordinates": [ 80.7137021, 6.6722205 ] } },
{ "type": "Feature", "properties": { "name": "R/Bandaranayaka Maha Vidyalaya-Morahela", "amenity": "school", "addr_city": null, "osm_id": 2908708089, "osm_type": "nodes" }, "geometry": { "type": "Point", "coordinates": [ 80.6907684, 6.6887744 ] } },
{ "type": "Feature", "properties": { "name": "Viharawela School", "amenity": "school", "addr_city": null, "osm_id": 5403371739, "osm_type": "nodes" }, "geometry": { "type": "Point", "coordinates": [ 80.7482578, 6.7403576 ] } },
{ "type": "Feature", "properties": { "name": "Karagastalawa Maha Vidyalaya", "amenity": "school", "addr_city": "Pambahinna", "osm_id": 4454632273, "osm_type": "nodes" }, "geometry": { "type": "Point", "coordinates": [ 80.7817387, 6.7198189 ] } },
{ "type": "Feature", "properties": { "name": null, "amenity": "school", "addr_city": null, "osm_id": 6534161317, "osm_type": "nodes" }, "geometry": { "type": "Point", "coordinates": [ 80.7012373, 6.5945398 ] } },
{ "type": "Feature", "properties": { "name": "Sri Walgamba MV", "amenity": "school", "addr_city": null, "osm_id": 1985788944, "osm_type": "nodes" }, "geometry": { "type": "Point", "coordinates": [ 80.7066194, 6.5746347 ] } },
{ "type": "Feature", "properties": { "name": "Balangoda Vidyaloka Maha Vidyalaya", "amenity": "school", "addr_city": null, "osm_id": 1828233343, "osm_type": "nodes" }, "geometry": { "type": "Point", "coordinates": [ 80.698505, 6.6487202 ] } },
{ "type": "Feature", "properties": { "name": "Kumara Viduhala", "amenity": "school", "addr_city": null, "osm_id": 2908521399, "osm_type": "nodes" }, "geometry": { "type": "Point", "coordinates": [ 80.7004182, 6.6488252 ] } },
{ "type": "Feature", "properties": { "name": "Tamil School", "amenity": "school", "addr_city": null, "osm_id": 5378347102, "osm_type": "nodes" }, "geometry": { "type": "Point", "coordinates": [ 80.9618783, 6.7684984 ] } },
{ "type": "Feature", "properties": { "name": null, "amenity": "school", "addr_city": null, "osm_id": 6458423923, "osm_type": "nodes" }, "geometry": { "type": "Point", "coordinates": [ 80.9996049, 6.8591919 ] } },
{ "type": "Feature", "properties": { "name": "Tamil School", "amenity": "school", "addr_city": null, "osm_id": 2522165200, "osm_type": "nodes" }, "geometry": { "type": "Point", "coordinates": [ 80.9933311, 6.8324135 ] } },
{ "type": "Feature", "properties": { "name": "Seewali Vidyalaya", "amenity": "school", "addr_city": null, "osm_id": 1819858023, "osm_type": "nodes" }, "geometry": { "type": "Point", "coordinates": [ 80.9928291, 6.8306597 ] } },
{ "type": "Feature", "properties": { "name": null, "amenity": "school", "addr_city": null, "osm_id": 6458271736, "osm_type": "nodes" }, "geometry": { "type": "Point", "coordinates": [ 80.9774043, 6.8151556 ] } },
{ "type": "Feature", "properties": { "name": null, "amenity": "school", "addr_city": null, "osm_id": 1993203439, "osm_type": "nodes" }, "geometry": { "type": "Point", "coordinates": [ 80.9791979, 6.7751381 ] } },
{ "type": "Feature", "properties": { "name": "Albarakka Int. School", "amenity": "school", "addr_city": null, "osm_id": 1819753850, "osm_type": "nodes" }, "geometry": { "type": "Point", "coordinates": [ 80.985036, 6.832219 ] } },
{ "type": "Feature", "properties": { "name": "Gateway International School", "amenity": "school", "addr_city": null, "osm_id": 1376567688, "osm_type": "nodes" }, "geometry": { "type": "Point", "coordinates": [ 79.8608637, 6.8918433 ] } },
{ "type": "Feature", "properties": { "name": "Sirimavo Bandaranayake Vidyalaya", "amenity": "school", "addr_city": "Colombo 07", "osm_id": 621993734, "osm_type": "nodes" }, "geometry": { "type": "Point", "coordinates": [ 79.8636526, 6.8950117 ] } },
{ "type": "Feature", "properties": { "name": "Padhanaghara Maha Vidyalaya", "amenity": "school", "addr_city": null, "osm_id": 3780542028, "osm_type": "nodes" }, "geometry": { "type": "Point", "coordinates": [ 79.868798, 6.928736 ] } },
{ "type": "Feature", "properties": { "name": "Bentota", "amenity": "school", "addr_city": null, "osm_id": 1621585112, "osm_type": "nodes" }, "geometry": { "type": "Point", "coordinates": [ 80.0036071, 6.4204936 ] } },
{ "type": "Feature", "properties": { "name": "Sngamitta Girls School", "amenity": "school", "addr_city": null, "osm_id": 2310800510, "osm_type": "nodes" }, "geometry": { "type": "Point", "coordinates": [ 80.0029564, 6.4320161 ] } },
{ "type": "Feature", "properties": { "name": "National Youth Training Centre", "amenity": "college", "addr_city": null, "osm_id": 10265642234, "osm_type": "nodes" }, "geometry": { "type": "Point", "coordinates": [ 80.4785872, 6.5960159 ] } },
{ "type": "Feature", "properties": { "name": "Sri Lanka Military Academy", "amenity": "college", "addr_city": "Dithalawa", "osm_id": 6558184526, "osm_type": "nodes" }, "geometry": { "type": "Point", "coordinates": [ 80.9444164, 6.8070739 ] } },
{ "type": "Feature", "properties": { "name": "CSCT Campus", "amenity": "university", "addr_city": "Sri Jayawadhanapura Kotte", "osm_id": 6632922944, "osm_type": "nodes" }, "geometry": { "type": "Point", "coordinates": [ 79.9008869, 6.8837926 ] } },
{ "type": "Feature", "properties": { "name": "Elizabeth Noir Senior School", "amenity": null, "addr_city": "Narahenpita", "osm_id": 3752466181, "osm_type": "nodes" }, "geometry": { "type": "Point", "coordinates": [ 79.8747653, 6.886921 ] } },
{ "type": "Feature", "properties": { "name": null, "amenity": null, "addr_city": null, "osm_id": 3726927316, "osm_type": "nodes" }, "geometry": { "type": "Point", "coordinates": [ 80.7090052, 6.390318 ] } },
{ "type": "Feature", "properties": { "name": "Buddhist Vidyalaya", "amenity": "school", "addr_city": null, "osm_id": 1733768618, "osm_type": "nodes" }, "geometry": { "type": "Point", "coordinates": [ 80.1993351, 7.2236217 ] } },
{ "type": "Feature", "properties": { "name": "Parakrama Maha Vidyalaya", "amenity": "school", "addr_city": "Miriswatte", "osm_id": 4492166009, "osm_type": "nodes" }, "geometry": { "type": "Point", "coordinates": [ 79.9341017, 6.715643 ] } },
{ "type": "Feature", "properties": { "name": "Mahawila Primary College", "amenity": "school", "addr_city": null, "osm_id": 1796612316, "osm_type": "nodes" }, "geometry": { "type": "Point", "coordinates": [ 79.9347781, 6.7073124 ] } },
{ "type": "Feature", "properties": { "name": null, "amenity": "school", "addr_city": null, "osm_id": 5809940053, "osm_type": "nodes" }, "geometry": { "type": "Point", "coordinates": [ 79.9176332, 6.7095453 ] } },
{ "type": "Feature", "properties": { "name": "Sri Sumangala Balika Vidyalaya", "amenity": "school", "addr_city": null, "osm_id": 1795321924, "osm_type": "nodes" }, "geometry": { "type": "Point", "coordinates": [ 79.908058, 6.7020433 ] } },
{ "type": "Feature", "properties": { "name": "Panadura Balika Vidyalaya", "amenity": "school", "addr_city": null, "osm_id": 543871109, "osm_type": "nodes" }, "geometry": { "type": "Point", "coordinates": [ 79.908312, 6.7133598 ] } },
{ "type": "Feature", "properties": { "name": "Ananda Vidyalaya,  Kottawa", "amenity": "school", "addr_city": null, "osm_id": 599822882, "osm_type": "nodes" }, "geometry": { "type": "Point", "coordinates": [ 79.9581677, 6.8442343 ] } },
{ "type": "Feature", "properties": { "name": "Central College Maharagama", "amenity": "school", "addr_city": "Maharagama", "osm_id": 672197378, "osm_type": "nodes" }, "geometry": { "type": "Point", "coordinates": [ 79.9352557, 6.8432797 ] } },
{ "type": "Feature", "properties": { "name": "Dharmashoka Primary School", "amenity": "school", "addr_city": "Maharagama", "osm_id": 672197375, "osm_type": "nodes" }, "geometry": { "type": "Point", "coordinates": [ 79.9352518, 6.8450065 ] } },
{ "type": "Feature", "properties": { "name": "Sathara Institute", "amenity": "school", "addr_city": "Maharagama", "osm_id": 847630668, "osm_type": "nodes" }, "geometry": { "type": "Point", "coordinates": [ 79.9302225, 6.8448237 ] } },
{ "type": "Feature", "properties": { "name": "Hermann Gmeiner School Piliyandala", "amenity": "school", "addr_city": null, "osm_id": 2418524068, "osm_type": "nodes" }, "geometry": { "type": "Point", "coordinates": [ 79.9500434, 6.7825033 ] } },
{ "type": "Feature", "properties": { "name": null, "amenity": "school", "addr_city": "Wethara", "osm_id": 5176730864, "osm_type": "nodes" }, "geometry": { "type": "Point", "coordinates": [ 79.9704859, 6.7861875 ] } },
{ "type": "Feature", "properties": { "name": "Madurankuliya Maha Vidyalaya", "amenity": "school", "addr_city": null, "osm_id": 5207531550, "osm_type": "nodes" }, "geometry": { "type": "Point", "coordinates": [ 79.8213312, 7.9007095 ] } },
{ "type": "Feature", "properties": { "name": "J/Karampon Little Flowers Girls M.Vid", "amenity": "school", "addr_city": "Karampon South East", "osm_id": 5052079517, "osm_type": "nodes" }, "geometry": { "type": "Point", "coordinates": [ 79.8643836, 9.6845483 ] } },
{ "type": "Feature", "properties": { "name": "J/Viyavil Saiva Vidyalayam", "amenity": "school", "addr_city": null, "osm_id": 3551541798, "osm_type": "nodes" }, "geometry": { "type": "Point", "coordinates": [ 79.8618039, 9.7249567 ] } },
{ "type": "Feature", "properties": { "name": "J/St. Anthony's College", "amenity": "school", "addr_city": null, "osm_id": 3551611162, "osm_type": "nodes" }, "geometry": { "type": "Point", "coordinates": [ 79.8665689, 9.6975915 ] } },
{ "type": "Feature", "properties": { "name": "Fomer School (Thirunavakkarakar Vidyalaym)", "amenity": "school", "addr_city": null, "osm_id": 4081191078, "osm_type": "nodes" }, "geometry": { "type": "Point", "coordinates": [ 79.8487909, 9.6067028 ] } },
{ "type": "Feature", "properties": { "name": "J/Punguduthivu Maha Vidyalayam", "amenity": "school", "addr_city": null, "osm_id": 3519897281, "osm_type": "nodes" }, "geometry": { "type": "Point", "coordinates": [ 79.8322842, 9.5798482 ] } },
{ "type": "Feature", "properties": { "name": "J - Allaipiddy Roman Catholic Tamil Mixed School", "amenity": "school", "addr_city": null, "osm_id": 5051611415, "osm_type": "nodes" }, "geometry": { "type": "Point", "coordinates": [ 79.9674423, 9.6207766 ] } },
{ "type": "Feature", "properties": { "name": "J - Suruvil Roman Catholic Tamil Mixed School", "amenity": "school", "addr_city": null, "osm_id": 5051954197, "osm_type": "nodes" }, "geometry": { "type": "Point", "coordinates": [ 79.8744428, 9.6391245 ] } },
{ "type": "Feature", "properties": { "name": "J - Naranthanai Roman Catholic Tamil Mixed School", "amenity": "school", "addr_city": null, "osm_id": 5617803840, "osm_type": "nodes" }, "geometry": { "type": "Point", "coordinates": [ 79.8824421, 9.6768609 ] } },
{ "type": "Feature", "properties": { "name": "J/Madaithivu Maha Vidyalayam", "amenity": "school", "addr_city": null, "osm_id": 3529527388, "osm_type": "nodes" }, "geometry": { "type": "Point", "coordinates": [ 79.9883786, 9.605223 ] } },
{ "type": "Feature", "properties": { "name": "J/Allaipiddi Parasakthi Vidyalayam", "amenity": "school", "addr_city": null, "osm_id": 4401039646, "osm_type": "nodes" }, "geometry": { "type": "Point", "coordinates": [ 79.9685351, 9.6246624 ] } },
{ "type": "Feature", "properties": { "name": "J/Suntharamooorthy Nayanar Vidyalayam", "amenity": "school", "addr_city": null, "osm_id": 4399329421, "osm_type": "nodes" }, "geometry": { "type": "Point", "coordinates": [ 79.8761066, 9.7215638 ] } },
{ "type": "Feature", "properties": { "name": "J/Thangodai AMTM School", "amenity": "school", "addr_city": null, "osm_id": 4399385935, "osm_type": "nodes" }, "geometry": { "type": "Point", "coordinates": [ 79.8681022, 9.744552 ] } },
{ "type": "Feature", "properties": { "name": "J/Yalton College", "amenity": "school", "addr_city": null, "osm_id": 4398639320, "osm_type": "nodes" }, "geometry": { "type": "Point", "coordinates": [ 79.8718263, 9.7435082 ] } },
{ "type": "Feature", "properties": { "name": "Mn/Ilanthaimoddai GMMS", "amenity": "school", "addr_city": null, "osm_id": 5601087752, "osm_type": "nodes" }, "geometry": { "type": "Point", "coordinates": [ 79.9931088, 8.8700696 ] } },
{ "type": "Feature", "properties": { "name": "Mn/Musali Maha Vidyalayam", "amenity": "school", "addr_city": null, "osm_id": 5601058256, "osm_type": "nodes" }, "geometry": { "type": "Point", "coordinates": [ 79.9535898, 8.7626764 ] } },
{ "type": "Feature", "properties": { "name": "Mahamaya Balika Vidyalaya", "amenity": "school", "addr_city": "Pepiliyana", "osm_id": 674943723, "osm_type": "nodes" }, "geometry": { "type": "Point", "coordinates": [ 79.8953078, 6.862447 ] } },
{ "type": "Feature", "properties": { "name": "Mahinda Rajapaksha vidyalaya", "amenity": "school", "addr_city": null, "osm_id": 2919682176, "osm_type": "nodes" }, "geometry": { "type": "Point", "coordinates": [ 80.5810141, 5.935012 ] } },
{ "type": "Feature", "properties": { "name": "J/Delft Sris Kanda Vidyalayam", "amenity": "school", "addr_city": null, "osm_id": 5617752553, "osm_type": "nodes" }, "geometry": { "type": "Point", "coordinates": [ 79.6581362, 9.5183904 ] } },
{ "type": "Feature", "properties": { "name": "J/Delft Mankaiyatkarai Vidyalayam", "amenity": "school", "addr_city": "Delft", "osm_id": 5617752552, "osm_type": "nodes" }, "geometry": { "type": "Point", "coordinates": [ 79.6513927, 9.541454 ] } },
{ "type": "Feature", "properties": { "name": "J/Delft R.C.Ladies College", "amenity": "school", "addr_city": "Delft Centre", "osm_id": 5052079826, "osm_type": "nodes" }, "geometry": { "type": "Point", "coordinates": [ 79.702196, 9.5234086 ] } },
{ "type": "Feature", "properties": { "name": "Pu/Sinhala Maha Vidyalaya", "amenity": "school", "addr_city": "Mundalama", "osm_id": 3691169014, "osm_type": "nodes" }, "geometry": { "type": "Point", "coordinates": [ 79.8272628, 7.7912447 ] } },
{ "type": "Feature", "properties": { "name": "Weera Puran Appu Vidyalaya", "amenity": "school", "addr_city": null, "osm_id": 3858236315, "osm_type": "nodes" }, "geometry": { "type": "Point", "coordinates": [ 79.8827918, 6.7785817 ] } },
{ "type": "Feature", "properties": { "name": "Moratuwa Maha Vidyalaya", "amenity": "school", "addr_city": null, "osm_id": 1794160058, "osm_type": "nodes" }, "geometry": { "type": "Point", "coordinates": [ 79.8848622, 6.7783575 ] } },
{ "type": "Feature", "properties": { "name": "German Technical Institute", "amenity": "school", "addr_city": null, "osm_id": 652394763, "osm_type": "nodes" }, "geometry": { "type": "Point", "coordinates": [ 79.887687, 6.8035952 ] } },
{ "type": "Feature", "properties": { "name": "Our Lady of Victories Convent", "amenity": "school", "addr_city": null, "osm_id": 1794115792, "osm_type": "nodes" }, "geometry": { "type": "Point", "coordinates": [ 79.8811018, 6.7727642 ] } },
{ "type": "Feature", "properties": { "name": null, "amenity": "school", "addr_city": null, "osm_id": 10206388717, "osm_type": "nodes" }, "geometry": { "type": "Point", "coordinates": [ 79.8647666, 6.8586027 ] } },
{ "type": "Feature", "properties": { "name": "Holy Family Convent", "amenity": "school", "addr_city": "Dehiwala", "osm_id": 1838453785, "osm_type": "nodes" }, "geometry": { "type": "Point", "coordinates": [ 79.8647832, 6.8571602 ] } },
{ "type": "Feature", "properties": { "name": null, "amenity": "school", "addr_city": null, "osm_id": 1533913616, "osm_type": "nodes" }, "geometry": { "type": "Point", "coordinates": [ 79.8677567, 6.8465091 ] } },
{ "type": "Feature", "properties": { "name": null, "amenity": "school", "addr_city": null, "osm_id": 5606158822, "osm_type": "nodes" }, "geometry": { "type": "Point", "coordinates": [ 79.8682149, 6.8431388 ] } },
{ "type": "Feature", "properties": { "name": "Kothalawalapura Vidyalaya", "amenity": "school", "addr_city": null, "osm_id": 1252418793, "osm_type": "nodes" }, "geometry": { "type": "Point", "coordinates": [ 79.8738873, 6.8143086 ] } },
{ "type": "Feature", "properties": { "name": "Girls High School", "amenity": "school", "addr_city": null, "osm_id": 652406107, "osm_type": "nodes" }, "geometry": { "type": "Point", "coordinates": [ 79.8649848, 6.8346059 ] } },
{ "type": "Feature", "properties": { "name": "Sevana Special School", "amenity": "school", "addr_city": null, "osm_id": 7133230074, "osm_type": "nodes" }, "geometry": { "type": "Point", "coordinates": [ 79.9007165, 6.8818849 ] } },
{ "type": "Feature", "properties": { "name": "Alpha Kids Ami Montessori", "amenity": "school", "addr_city": null, "osm_id": 7133201560, "osm_type": "nodes" }, "geometry": { "type": "Point", "coordinates": [ 79.9009206, 6.882067 ] } },
{ "type": "Feature", "properties": { "name": "Sri Rewatha Royal College", "amenity": "school", "addr_city": null, "osm_id": 3780542044, "osm_type": "nodes" }, "geometry": { "type": "Point", "coordinates": [ 79.897792, 6.867673 ] } },
{ "type": "Feature", "properties": { "name": "Sri Rewatha College", "amenity": "school", "addr_city": null, "osm_id": 681217992, "osm_type": "nodes" }, "geometry": { "type": "Point", "coordinates": [ 79.8974008, 6.8681009 ] } },
{ "type": "Feature", "properties": { "name": "Rotary Int. School", "amenity": "school", "addr_city": "Delkanda", "osm_id": 1694066040, "osm_type": "nodes" }, "geometry": { "type": "Point", "coordinates": [ 79.9006969, 6.8647884 ] } },
{ "type": "Feature", "properties": { "name": "Sujatha Vidyalaya", "amenity": "school", "addr_city": null, "osm_id": 3780547670, "osm_type": "nodes" }, "geometry": { "type": "Point", "coordinates": [ 79.898447, 6.8638 ] } },
{ "type": "Feature", "properties": { "name": "St. Joseph's Boys' School", "amenity": "school", "addr_city": null, "osm_id": 3780542055, "osm_type": "nodes" }, "geometry": { "type": "Point", "coordinates": [ 79.8953636, 6.8669322 ] } },
{ "type": "Feature", "properties": { "name": "Bauddha Kanishta Vidyalaya", "amenity": "school", "addr_city": null, "osm_id": 3844292092, "osm_type": "nodes" }, "geometry": { "type": "Point", "coordinates": [ 79.9372992, 6.8489027 ] } },
{ "type": "Feature", "properties": { "name": "School of Sports", "amenity": "school", "addr_city": null, "osm_id": 3780542037, "osm_type": "nodes" }, "geometry": { "type": "Point", "coordinates": [ 79.865692, 6.905272 ] } },
{ "type": "Feature", "properties": { "name": "St. Anthony's Balika Vidyalaya", "amenity": "school", "addr_city": null, "osm_id": 678323262, "osm_type": "nodes" }, "geometry": { "type": "Point", "coordinates": [ 79.8553092, 6.9079768 ] } },
{ "type": "Feature", "properties": { "name": "Ladies College", "amenity": "school", "addr_city": null, "osm_id": 3780542012, "osm_type": "nodes" }, "geometry": { "type": "Point", "coordinates": [ 79.857602, 6.9076 ] } },
{ "type": "Feature", "properties": { "name": "Ladies College", "amenity": "school", "addr_city": "Colombo 7", "osm_id": 620382575, "osm_type": "nodes" }, "geometry": { "type": "Point", "coordinates": [ 79.8579211, 6.9078747 ] } },
{ "type": "Feature", "properties": { "name": "Maliduwa K.v", "amenity": "school", "addr_city": null, "osm_id": 4059263268, "osm_type": "nodes" }, "geometry": { "type": "Point", "coordinates": [ 80.4249129, 6.1273633 ] } },
{ "type": "Feature", "properties": { "name": "Udugama Central College", "amenity": "school", "addr_city": null, "osm_id": 2185269478, "osm_type": "nodes" }, "geometry": { "type": "Point", "coordinates": [ 80.3374474, 6.2076225 ] } },
{ "type": "Feature", "properties": { "name": "Mahindarama Dhamma School", "amenity": "school", "addr_city": "Sri Jayawardenepura Kotte", "osm_id": 6626986799, "osm_type": "nodes" }, "geometry": { "type": "Point", "coordinates": [ 79.9094356, 6.8971981 ] } },
{ "type": "Feature", "properties": { "name": "Etul Kotte Primary School", "amenity": "school", "addr_city": null, "osm_id": 3780541997, "osm_type": "nodes" }, "geometry": { "type": "Point", "coordinates": [ 79.9078684, 6.9012258 ] } },
{ "type": "Feature", "properties": { "name": "British College of Applied Studies", "amenity": "college", "addr_city": "Mount Lavinia", "osm_id": 6466232466, "osm_type": "nodes" }, "geometry": { "type": "Point", "coordinates": [ 79.8674429, 6.8305038 ] } },
{ "type": "Feature", "properties": { "name": "Department of Parasitology", "amenity": "college", "addr_city": null, "osm_id": 5550650156, "osm_type": "nodes" }, "geometry": { "type": "Point", "coordinates": [ 79.9286471, 7.0293051 ] } },
{ "type": "Feature", "properties": { "name": "Udukawa primary School", "amenity": "college", "addr_city": null, "osm_id": 2902290475, "osm_type": "nodes" }, "geometry": { "type": "Point", "coordinates": [ 80.4666574, 6.0132422 ] } },
{ "type": "Feature", "properties": { "name": "Kings Hospital Nurse Training School", "amenity": "school", "addr_city": null, "osm_id": 10244444583, "osm_type": "nodes" }, "geometry": { "type": "Point", "coordinates": [ 79.8799006, 6.89498 ] } },
{ "type": "Feature", "properties": { "name": null, "amenity": "school", "addr_city": null, "osm_id": 5653176044, "osm_type": "nodes" }, "geometry": { "type": "Point", "coordinates": [ 80.6256971, 7.8518175 ] } },
{ "type": "Feature", "properties": { "name": null, "amenity": "school", "addr_city": null, "osm_id": 5653176043, "osm_type": "nodes" }, "geometry": { "type": "Point", "coordinates": [ 80.6253181, 7.852755 ] } },
{ "type": "Feature", "properties": { "name": null, "amenity": "school", "addr_city": null, "osm_id": 5653176042, "osm_type": "nodes" }, "geometry": { "type": "Point", "coordinates": [ 80.625275, 7.8533741 ] } },
{ "type": "Feature", "properties": { "name": "Magalegoda Maha Viyalaya", "amenity": "school", "addr_city": null, "osm_id": 3031105133, "osm_type": "nodes" }, "geometry": { "type": "Point", "coordinates": [ 80.0359454, 7.1389002 ] } },
{ "type": "Feature", "properties": { "name": "Institute of Engineering Technology", "amenity": null, "addr_city": "Katunayake", "osm_id": 3141353432, "osm_type": "nodes" }, "geometry": { "type": "Point", "coordinates": [ 79.8738555, 7.154449 ] } },
{ "type": "Feature", "properties": { "name": "Vidya Wardana", "amenity": "school", "addr_city": null, "osm_id": 617205465, "osm_type": "nodes" }, "geometry": { "type": "Point", "coordinates": [ 79.9299768, 6.8880799 ] } },
{ "type": "Feature", "properties": { "name": "Lumbini Maha Vidyalaya", "amenity": "school", "addr_city": null, "osm_id": 3780542016, "osm_type": "nodes" }, "geometry": { "type": "Point", "coordinates": [ 79.866711, 6.884184 ] } },
{ "type": "Feature", "properties": { "name": "Royal Institute", "amenity": "school", "addr_city": "Havelock Town", "osm_id": 1651294568, "osm_type": "nodes" }, "geometry": { "type": "Point", "coordinates": [ 79.8680072, 6.8844234 ] } },
{ "type": "Feature", "properties": { "name": "Ilma International Girls School", "amenity": "school", "addr_city": "Narahenpita", "osm_id": 1369195834, "osm_type": "nodes" }, "geometry": { "type": "Point", "coordinates": [ 79.8735164, 6.8864053 ] } },
{ "type": "Feature", "properties": { "name": "Isipathana College", "amenity": "school", "addr_city": "Thimbirigasyaya", "osm_id": 2646850035, "osm_type": "nodes" }, "geometry": { "type": "Point", "coordinates": [ 79.8676193, 6.8872645 ] } },
{ "type": "Feature", "properties": { "name": "J/Navaly Maha Vidyalayam", "amenity": "school", "addr_city": "Navali South", "osm_id": 4809301074, "osm_type": "nodes" }, "geometry": { "type": "Point", "coordinates": [ 79.9830732, 9.7167561 ] } },
{ "type": "Feature", "properties": { "name": "Subhodhi Junior School", "amenity": "school", "addr_city": null, "osm_id": 3133617669, "osm_type": "nodes" }, "geometry": { "type": "Point", "coordinates": [ 79.9367591, 6.9085954 ] } },
{ "type": "Feature", "properties": { "name": "Lankasaba Primary School", "amenity": "school", "addr_city": "Battaramulla", "osm_id": 3593176175, "osm_type": "nodes" }, "geometry": { "type": "Point", "coordinates": [ 79.9233938, 6.9041507 ] } },
{ "type": "Feature", "properties": { "name": "Asian International Montessori School", "amenity": "school", "addr_city": null, "osm_id": 10009376814, "osm_type": "nodes" }, "geometry": { "type": "Point", "coordinates": [ 79.9391165, 6.8853793 ] } },
{ "type": "Feature", "properties": { "name": "Vidyawardana Maha Vidyalaya", "amenity": "school", "addr_city": null, "osm_id": 2034206149, "osm_type": "nodes" }, "geometry": { "type": "Point", "coordinates": [ 79.8790579, 6.8940815 ] } },
{ "type": "Feature", "properties": { "name": "Ananda Maha Vidyalaya", "amenity": "school", "addr_city": null, "osm_id": 3780541968, "osm_type": "nodes" }, "geometry": { "type": "Point", "coordinates": [ 79.888405, 6.89317 ] } },
{ "type": "Feature", "properties": { "name": "Janadhipathi Balika Vidyalaya", "amenity": "school", "addr_city": null, "osm_id": 679017350, "osm_type": "nodes" }, "geometry": { "type": "Point", "coordinates": [ 79.8933923, 6.8958781 ] } },
{ "type": "Feature", "properties": { "name": "Sri Jayawardanepura Girl School", "amenity": "school", "addr_city": null, "osm_id": 670306322, "osm_type": "nodes" }, "geometry": { "type": "Point", "coordinates": [ 79.900427, 6.8920362 ] } },
{ "type": "Feature", "properties": { "name": "Lindsay Balika Vidyalaya", "amenity": "school", "addr_city": null, "osm_id": 3780542015, "osm_type": "nodes" }, "geometry": { "type": "Point", "coordinates": [ 79.853278, 6.895493 ] } },
{ "type": "Feature", "properties": { "name": "Academy of Design", "amenity": "school", "addr_city": null, "osm_id": 4242694898, "osm_type": "nodes" }, "geometry": { "type": "Point", "coordinates": [ 79.8570252, 6.8952851 ] } },
{ "type": "Feature", "properties": { "name": "Al Ikbal Girls College", "amenity": "school", "addr_city": null, "osm_id": 4798825349, "osm_type": "nodes" }, "geometry": { "type": "Point", "coordinates": [ 79.8529974, 6.9210873 ] } },
{ "type": "Feature", "properties": { "name": "St. Mary's Girls' School", "amenity": "school", "addr_city": null, "osm_id": 3780547661, "osm_type": "nodes" }, "geometry": { "type": "Point", "coordinates": [ 79.853343, 6.913866 ] } },
{ "type": "Feature", "properties": { "name": null, "amenity": "school", "addr_city": null, "osm_id": 5461670222, "osm_type": "nodes" }, "geometry": { "type": "Point", "coordinates": [ 79.8710484, 6.8915657 ] } },
{ "type": "Feature", "properties": { "name": "Dudley Senanayake Vidyalaya", "amenity": "school", "addr_city": null, "osm_id": 3780541995, "osm_type": "nodes" }, "geometry": { "type": "Point", "coordinates": [ 79.872156, 6.890965 ] } },
{ "type": "Feature", "properties": { "name": null, "amenity": "school", "addr_city": null, "osm_id": 4690796992, "osm_type": "nodes" }, "geometry": { "type": "Point", "coordinates": [ 79.872454, 6.8928468 ] } },
{ "type": "Feature", "properties": { "name": "Dudley Senanayake College", "amenity": "school", "addr_city": null, "osm_id": 672787155, "osm_type": "nodes" }, "geometry": { "type": "Point", "coordinates": [ 79.8734409, 6.890663 ] } },
{ "type": "Feature", "properties": { "name": "Raddolugama Primary School", "amenity": "school", "addr_city": null, "osm_id": 4336500842, "osm_type": "nodes" }, "geometry": { "type": "Point", "coordinates": [ 79.9015176, 7.1400417 ] } },
{ "type": "Feature", "properties": { "name": "Sri Pannananda Primary School", "amenity": "school", "addr_city": null, "osm_id": 4231531149, "osm_type": "nodes" }, "geometry": { "type": "Point", "coordinates": [ 79.8994719, 7.1311727 ] } },
{ "type": "Feature", "properties": { "name": "Basilica College Ragama", "amenity": "school", "addr_city": null, "osm_id": 4481087522, "osm_type": "nodes" }, "geometry": { "type": "Point", "coordinates": [ 79.9268192, 7.0234916 ] } },
{ "type": "Feature", "properties": { "name": "Bandaranayake Primary School", "amenity": "school", "addr_city": null, "osm_id": 1370722155, "osm_type": "nodes" }, "geometry": { "type": "Point", "coordinates": [ 79.9234694, 7.0203044 ] } },
{ "type": "Feature", "properties": { "name": "Karunaratne Buddhist School", "amenity": "school", "addr_city": null, "osm_id": 4514668347, "osm_type": "nodes" }, "geometry": { "type": "Point", "coordinates": [ 79.898526, 7.0151681 ] } },
{ "type": "Feature", "properties": { "name": "Peralanda Junior School", "amenity": "school", "addr_city": null, "osm_id": 1370719548, "osm_type": "nodes" }, "geometry": { "type": "Point", "coordinates": [ 79.9086583, 7.0404347 ] } },
{ "type": "Feature", "properties": { "name": "Nayakanda Boys School", "amenity": "school", "addr_city": null, "osm_id": 1909723033, "osm_type": "nodes" }, "geometry": { "type": "Point", "coordinates": [ 79.8817964, 6.9995732 ] } },
{ "type": "Feature", "properties": { "name": "St. Joseph's Deaf School", "amenity": "school", "addr_city": null, "osm_id": 1370719535, "osm_type": "nodes" }, "geometry": { "type": "Point", "coordinates": [ 79.9185234, 7.0297387 ] } },
{ "type": "Feature", "properties": { "name": "Wambatuwewa Primary School", "amenity": "school", "addr_city": null, "osm_id": 9415052146, "osm_type": "nodes" }, "geometry": { "type": "Point", "coordinates": [ 80.3846291, 7.9109386 ] } },
{ "type": "Feature", "properties": { "name": "Kaduruwewa Primary School", "amenity": "school", "addr_city": null, "osm_id": 9417484797, "osm_type": "nodes" }, "geometry": { "type": "Point", "coordinates": [ 80.3660277, 7.9459504 ] } },
{ "type": "Feature", "properties": { "name": "Thiththawelgolla junior school", "amenity": "school", "addr_city": "Dambulla", "osm_id": 4965487924, "osm_type": "nodes" }, "geometry": { "type": "Point", "coordinates": [ 80.6577598, 7.828262 ] } },
{ "type": "Feature", "properties": { "name": "St.Peters College", "amenity": "school", "addr_city": null, "osm_id": 4333468506, "osm_type": "nodes" }, "geometry": { "type": "Point", "coordinates": [ 79.9954263, 7.0944582 ] } },
{ "type": "Feature", "properties": { "name": "Tiny Pre School", "amenity": "school", "addr_city": null, "osm_id": 4333458980, "osm_type": "nodes" }, "geometry": { "type": "Point", "coordinates": [ 79.9915508, 7.0872979 ] } },
{ "type": "Feature", "properties": { "name": "Susipone higher education center", "amenity": "school", "addr_city": null, "osm_id": 4350862789, "osm_type": "nodes" }, "geometry": { "type": "Point", "coordinates": [ 79.990166, 7.0918954 ] } },
{ "type": "Feature", "properties": { "name": null, "amenity": "school", "addr_city": null, "osm_id": 4431897992, "osm_type": "nodes" }, "geometry": { "type": "Point", "coordinates": [ 79.991044, 7.091959 ] } },
{ "type": "Feature", "properties": { "name": "Sri Sunandarama Pirivena", "amenity": "school", "addr_city": null, "osm_id": 843529928, "osm_type": "nodes" }, "geometry": { "type": "Point", "coordinates": [ 79.9931216, 7.0908254 ] } },
{ "type": "Feature", "properties": { "name": "Sri Bhodi Vidyalaya", "amenity": "school", "addr_city": null, "osm_id": 4333444835, "osm_type": "nodes" }, "geometry": { "type": "Point", "coordinates": [ 80.0117765, 7.0883138 ] } },
{ "type": "Feature", "properties": { "name": "Pitiyegedara Primary School", "amenity": "school", "addr_city": null, "osm_id": 3537669662, "osm_type": "nodes" }, "geometry": { "type": "Point", "coordinates": [ 80.02603, 7.1228247 ] } },
{ "type": "Feature", "properties": { "name": "Wolfendhal Girls' High School", "amenity": "school", "addr_city": null, "osm_id": 3780547684, "osm_type": "nodes" }, "geometry": { "type": "Point", "coordinates": [ 79.859726, 6.942233 ] } },
{ "type": "Feature", "properties": { "name": null, "amenity": "school", "addr_city": null, "osm_id": 4235822157, "osm_type": "nodes" }, "geometry": { "type": "Point", "coordinates": [ 79.9730933, 6.8933567 ] } },
{ "type": "Feature", "properties": { "name": "Welapura Vidyalaya", "amenity": "school", "addr_city": null, "osm_id": 1822753339, "osm_type": "nodes" }, "geometry": { "type": "Point", "coordinates": [ 79.9611979, 6.5800118 ] } },
{ "type": "Feature", "properties": { "name": "Holy Cross College", "amenity": "school", "addr_city": null, "osm_id": 1667080322, "osm_type": "nodes" }, "geometry": { "type": "Point", "coordinates": [ 79.9639225, 6.5759015 ] } },
{ "type": "Feature", "properties": { "name": "Sri Devananda Vidyalaya", "amenity": "school", "addr_city": null, "osm_id": 1822753372, "osm_type": "nodes" }, "geometry": { "type": "Point", "coordinates": [ 79.9664791, 6.5735928 ] } },
{ "type": "Feature", "properties": { "name": "Muslim Balika Maha Vidyalaya", "amenity": "school", "addr_city": null, "osm_id": 1823673255, "osm_type": "nodes" }, "geometry": { "type": "Point", "coordinates": [ 79.9702362, 6.5761141 ] } },
{ "type": "Feature", "properties": { "name": "Buddhist Primary School", "amenity": "school", "addr_city": null, "osm_id": 1823709385, "osm_type": "nodes" }, "geometry": { "type": "Point", "coordinates": [ 79.9712562, 6.5610772 ] } },
{ "type": "Feature", "properties": { "name": "Dharmapala Vidyalaya", "amenity": "school", "addr_city": null, "osm_id": 1823709346, "osm_type": "nodes" }, "geometry": { "type": "Point", "coordinates": [ 79.9728601, 6.5591427 ] } },
{ "type": "Feature", "properties": { "name": "Sri Vimalasara Maha Vidyalaya", "amenity": "school", "addr_city": null, "osm_id": 1822620711, "osm_type": "nodes" }, "geometry": { "type": "Point", "coordinates": [ 79.9720608, 6.5948904 ] } },
{ "type": "Feature", "properties": { "name": "Nurses Training Institute", "amenity": "school", "addr_city": null, "osm_id": 681802907, "osm_type": "nodes" }, "geometry": { "type": "Point", "coordinates": [ 79.8819761, 6.8894197 ] } },
{ "type": "Feature", "properties": { "name": "Gateway Achievers", "amenity": "school", "addr_city": null, "osm_id": 4447444489, "osm_type": "nodes" }, "geometry": { "type": "Point", "coordinates": [ 79.875341, 6.8887532 ] } },
{ "type": "Feature", "properties": { "name": "Badhrawathy Maha Vidyalaya", "amenity": "school", "addr_city": null, "osm_id": 3780541975, "osm_type": "nodes" }, "geometry": { "type": "Point", "coordinates": [ 79.876571, 6.886142 ] } },
{ "type": "Feature", "properties": { "name": "Alexor international college", "amenity": "school", "addr_city": null, "osm_id": 4310399690, "osm_type": "nodes" }, "geometry": { "type": "Point", "coordinates": [ 79.8730281, 6.9364204 ] } },
{ "type": "Feature", "properties": { "name": "British School", "amenity": "school", "addr_city": "Colombo 07", "osm_id": 644610676, "osm_type": "nodes" }, "geometry": { "type": "Point", "coordinates": [ 79.8775192, 6.9061448 ] } },
{ "type": "Feature", "properties": { "name": null, "amenity": "school", "addr_city": null, "osm_id": 4603426289, "osm_type": "nodes" }, "geometry": { "type": "Point", "coordinates": [ 80.0349296, 6.3252893 ] } },
{ "type": "Feature", "properties": { "name": "Sumanasiri Maha Vidyalaya", "amenity": "school", "addr_city": null, "osm_id": 9125487297, "osm_type": "nodes" }, "geometry": { "type": "Point", "coordinates": [ 80.226379, 6.2957516 ] } },
{ "type": "Feature", "properties": { "name": "Vidya Shanthi Piriwena", "amenity": "school", "addr_city": null, "osm_id": 7775397114, "osm_type": "nodes" }, "geometry": { "type": "Point", "coordinates": [ 80.2425313, 6.310869 ] } },
{ "type": "Feature", "properties": { "name": "Thalagaspe Kanishta Vidyalaya", "amenity": "school", "addr_city": null, "osm_id": 9150610511, "osm_type": "nodes" }, "geometry": { "type": "Point", "coordinates": [ 80.2056697, 6.3036416 ] } },
{ "type": "Feature", "properties": { "name": "Elpitiya Royal College", "amenity": "school", "addr_city": null, "osm_id": 1957971364, "osm_type": "nodes" }, "geometry": { "type": "Point", "coordinates": [ 80.1564788, 6.2998587 ] } },
{ "type": "Feature", "properties": { "name": "Ananda Primary College", "amenity": "school", "addr_city": null, "osm_id": 1956105995, "osm_type": "nodes" }, "geometry": { "type": "Point", "coordinates": [ 80.1649066, 6.2927005 ] } },
{ "type": "Feature", "properties": { "name": "Godamunna Secondary School", "amenity": "school", "addr_city": null, "osm_id": 2610271937, "osm_type": "nodes" }, "geometry": { "type": "Point", "coordinates": [ 80.2461815, 6.3282292 ] } },
{ "type": "Feature", "properties": { "name": "Omatta Primary School", "amenity": "school", "addr_city": null, "osm_id": 2610271944, "osm_type": "nodes" }, "geometry": { "type": "Point", "coordinates": [ 80.1783242, 6.3451865 ] } },
{ "type": "Feature", "properties": { "name": null, "amenity": "school", "addr_city": null, "osm_id": 4485345490, "osm_type": "nodes" }, "geometry": { "type": "Point", "coordinates": [ 80.2127255, 6.39735 ] } },
{ "type": "Feature", "properties": { "name": "Ella Ihala Primary School", "amenity": "school", "addr_city": null, "osm_id": 2185041888, "osm_type": "nodes" }, "geometry": { "type": "Point", "coordinates": [ 80.3052824, 6.3787453 ] } },
{ "type": "Feature", "properties": { "name": "Batuwangala Secondary School", "amenity": "school", "addr_city": null, "osm_id": 2610230132, "osm_type": "nodes" }, "geometry": { "type": "Point", "coordinates": [ 80.3774514, 6.3848694 ] } },
{ "type": "Feature", "properties": { "name": null, "amenity": "school", "addr_city": null, "osm_id": 4225534961, "osm_type": "nodes" }, "geometry": { "type": "Point", "coordinates": [ 80.4028435, 6.3136974 ] } },
{ "type": "Feature", "properties": { "name": "Habarakada primary School", "amenity": "school", "addr_city": null, "osm_id": 7780308894, "osm_type": "nodes" }, "geometry": { "type": "Point", "coordinates": [ 80.3167614, 6.3548355 ] } },
{ "type": "Feature", "properties": { "name": "Galle/Habarakada Primary School", "amenity": "school", "addr_city": null, "osm_id": 7780308891, "osm_type": "nodes" }, "geometry": { "type": "Point", "coordinates": [ 80.3104556, 6.3723117 ] } },
{ "type": "Feature", "properties": { "name": "Primary School", "amenity": "school", "addr_city": null, "osm_id": 2610318044, "osm_type": "nodes" }, "geometry": { "type": "Point", "coordinates": [ 80.3728182, 6.3136866 ] } },
{ "type": "Feature", "properties": { "name": "Morawaka Primary School", "amenity": "school", "addr_city": null, "osm_id": 2162092254, "osm_type": "nodes" }, "geometry": { "type": "Point", "coordinates": [ 80.4964917, 6.2688947 ] } },
{ "type": "Feature", "properties": { "name": null, "amenity": "school", "addr_city": null, "osm_id": 4215608918, "osm_type": "nodes" }, "geometry": { "type": "Point", "coordinates": [ 80.4572139, 6.2780512 ] } },
{ "type": "Feature", "properties": { "name": "rajapaksha scool", "amenity": "school", "addr_city": null, "osm_id": 2176977989, "osm_type": "nodes" }, "geometry": { "type": "Point", "coordinates": [ 80.5613046, 6.3426838 ] } },
{ "type": "Feature", "properties": { "name": "Eppala Primary School,Eppala.", "amenity": "school", "addr_city": null, "osm_id": 7780308978, "osm_type": "nodes" }, "geometry": { "type": "Point", "coordinates": [ 80.3236839, 6.2521128 ] } },
{ "type": "Feature", "properties": { "name": "Leeds International School", "amenity": "school", "addr_city": "Ambalangoda", "osm_id": 5176047194, "osm_type": "nodes" }, "geometry": { "type": "Point", "coordinates": [ 80.0502812, 6.2415375 ] } },
{ "type": "Feature", "properties": { "name": "Kahaduwa Navodya School", "amenity": "school", "addr_city": null, "osm_id": 1792917007, "osm_type": "nodes" }, "geometry": { "type": "Point", "coordinates": [ 80.212891, 6.2206402 ] } },
{ "type": "Feature", "properties": { "name": "Pinikahana Siriniwasa Kanishta Vidyalaya", "amenity": "school", "addr_city": null, "osm_id": 3194223522, "osm_type": "nodes" }, "geometry": { "type": "Point", "coordinates": [ 80.199009, 6.2195448 ] } },
{ "type": "Feature", "properties": { "name": "Ethkandura Seevali Maha Vidyalaya", "amenity": "school", "addr_city": null, "osm_id": 3194161841, "osm_type": "nodes" }, "geometry": { "type": "Point", "coordinates": [ 80.1553712, 6.2371436 ] } },
{ "type": "Feature", "properties": { "name": "Chirst Church Boy's College", "amenity": "school", "addr_city": "Baddegama", "osm_id": 2906621257, "osm_type": "nodes" }, "geometry": { "type": "Point", "coordinates": [ 80.17711, 6.1729638 ] } },
{ "type": "Feature", "properties": { "name": "British Early Learning School", "amenity": "kindergarten", "addr_city": null, "osm_id": 6380250668, "osm_type": "nodes" }, "geometry": { "type": "Point", "coordinates": [ 79.9308684, 6.8880532 ] } },
{ "type": "Feature", "properties": { "name": "Moonstar Pre-School", "amenity": "kindergarten", "addr_city": null, "osm_id": 6743263897, "osm_type": "nodes" }, "geometry": { "type": "Point", "coordinates": [ 79.9729232, 6.8864241 ] } },
{ "type": "Feature", "properties": { "name": "Lily Montessori House of Children", "amenity": "kindergarten", "addr_city": null, "osm_id": 2637760227, "osm_type": "nodes" }, "geometry": { "type": "Point", "coordinates": [ 79.9663359, 6.813137 ] } },
{ "type": "Feature", "properties": { "name": "Samagi Pre School,Eppala.", "amenity": "kindergarten", "addr_city": null, "osm_id": 7780684029, "osm_type": "nodes" }, "geometry": { "type": "Point", "coordinates": [ 80.3238451, 6.2558728 ] } },
{ "type": "Feature", "properties": { "name": "My Kids Pre School,\"Sanasa\" Pannagala,Galle", "amenity": "kindergarten", "addr_city": null, "osm_id": 7777278712, "osm_type": "nodes" }, "geometry": { "type": "Point", "coordinates": [ 80.324281, 6.2684413 ] } },
{ "type": "Feature", "properties": { "name": "Pathiraja PreShool,Pannagala.", "amenity": "kindergarten", "addr_city": null, "osm_id": 7777278694, "osm_type": "nodes" }, "geometry": { "type": "Point", "coordinates": [ 80.3226469, 6.2776715 ] } },
{ "type": "Feature", "properties": { "name": "Sewwandi Kids school (Hiniduma South)", "amenity": "kindergarten", "addr_city": null, "osm_id": 7775648616, "osm_type": "nodes" }, "geometry": { "type": "Point", "coordinates": [ 80.3174528, 6.2983502 ] } },
{ "type": "Feature", "properties": { "name": "C I M A", "amenity": "college", "addr_city": null, "osm_id": 667762085, "osm_type": "nodes" }, "geometry": { "type": "Point", "coordinates": [ 79.8768801, 6.8984057 ] } },
{ "type": "Feature", "properties": { "name": "Molecular Medicine Unit", "amenity": "college", "addr_city": null, "osm_id": 969959124, "osm_type": "nodes" }, "geometry": { "type": "Point", "coordinates": [ 79.9275126, 7.0283619 ] } },
{ "type": "Feature", "properties": { "name": "Samadee tution", "amenity": "college", "addr_city": null, "osm_id": 4333486392, "osm_type": "nodes" }, "geometry": { "type": "Point", "coordinates": [ 80.0012159, 7.0928883 ] } },
{ "type": "Feature", "properties": { "name": "Gnanodaya National School", "amenity": "college", "addr_city": null, "osm_id": 9538857694, "osm_type": "nodes" }, "geometry": { "type": "Point", "coordinates": [ 79.9606804, 6.5811988 ] } },
{ "type": "Feature", "properties": { "name": "NTS Kalutara", "amenity": "college", "addr_city": null, "osm_id": 11237554089, "osm_type": "nodes" }, "geometry": { "type": "Point", "coordinates": [ 79.9764938, 6.5576467 ] } },
{ "type": "Feature", "properties": { "name": null, "amenity": "college", "addr_city": null, "osm_id": 6991967985, "osm_type": "nodes" }, "geometry": { "type": "Point", "coordinates": [ 79.8793186, 6.8662758 ] } },
{ "type": "Feature", "properties": { "name": "ICFAI", "amenity": "university", "addr_city": null, "osm_id": 666903859, "osm_type": "nodes" }, "geometry": { "type": "Point", "coordinates": [ 79.8783864, 6.8703856 ] } },
{ "type": "Feature", "properties": { "name": null, "amenity": null, "addr_city": null, "osm_id": 3489298037, "osm_type": "nodes" }, "geometry": { "type": "Point", "coordinates": [ 79.9476441, 7.3466053 ] } },
{ "type": "Feature", "properties": { "name": "x", "amenity": null, "addr_city": null, "osm_id": 3842183885, "osm_type": "nodes" }, "geometry": { "type": "Point", "coordinates": [ 79.8426564, 7.2199662 ] } },
{ "type": "Feature", "properties": { "name": "Eramulla Kanishta Vidyalaya", "amenity": "school", "addr_city": null, "osm_id": 3194213381, "osm_type": "nodes" }, "geometry": { "type": "Point", "coordinates": [ 80.1863642, 6.2264759 ] } },
{ "type": "Feature", "properties": { "name": "Lanka Sabha Vidyalaya", "amenity": "school", "addr_city": "Hikkaduwa", "osm_id": 3247532645, "osm_type": "nodes" }, "geometry": { "type": "Point", "coordinates": [ 80.1200634, 6.1153325 ] } },
{ "type": "Feature", "properties": { "name": null, "amenity": "school", "addr_city": null, "osm_id": 3593428474, "osm_type": "nodes" }, "geometry": { "type": "Point", "coordinates": [ 80.107557, 6.2122394 ] } },
{ "type": "Feature", "properties": { "name": "G/Nindana Vidyalaya", "amenity": "school", "addr_city": null, "osm_id": 4833932490, "osm_type": "nodes" }, "geometry": { "type": "Point", "coordinates": [ 80.1075058, 6.2120997 ] } },
{ "type": "Feature", "properties": { "name": "Madampagama Central College", "amenity": "school", "addr_city": "Ambalangoda", "osm_id": 5176116726, "osm_type": "nodes" }, "geometry": { "type": "Point", "coordinates": [ 80.0639792, 6.2120577 ] } },
{ "type": "Feature", "properties": { "name": "KSF-College", "amenity": "school", "addr_city": "Rantotuwila", "osm_id": 3973569269, "osm_type": "nodes" }, "geometry": { "type": "Point", "coordinates": [ 80.0860447, 6.3885346 ] } },
{ "type": "Feature", "properties": { "name": "Kapungoda Secondary School", "amenity": "school", "addr_city": null, "osm_id": 1269983089, "osm_type": "nodes" }, "geometry": { "type": "Point", "coordinates": [ 79.8408707, 7.1177283 ] } },
{ "type": "Feature", "properties": { "name": "Kochchikade School", "amenity": "school", "addr_city": null, "osm_id": 2195313352, "osm_type": "nodes" }, "geometry": { "type": "Point", "coordinates": [ 79.8553525, 7.2633688 ] } },
{ "type": "Feature", "properties": { "name": "Muruthana School", "amenity": "school", "addr_city": null, "osm_id": 5691625959, "osm_type": "nodes" }, "geometry": { "type": "Point", "coordinates": [ 79.8737926, 7.275912 ] } },
{ "type": "Feature", "properties": { "name": null, "amenity": "school", "addr_city": null, "osm_id": 3489298038, "osm_type": "nodes" }, "geometry": { "type": "Point", "coordinates": [ 79.9476924, 7.3460865 ] } },
{ "type": "Feature", "properties": { "name": "V/kunanatha Vidyalayam", "amenity": "school", "addr_city": null, "osm_id": 4163277293, "osm_type": "nodes" }, "geometry": { "type": "Point", "coordinates": [ 80.4895225, 8.735153 ] } },
{ "type": "Feature", "properties": { "name": "V/Moorumurippu GTMS", "amenity": "school", "addr_city": null, "osm_id": 4082337970, "osm_type": "nodes" }, "geometry": { "type": "Point", "coordinates": [ 80.4881787, 8.7314072 ] } },
{ "type": "Feature", "properties": { "name": "V/Pramandu Vidyalayam", "amenity": "school", "addr_city": "Thandikulam", "osm_id": 4121004912, "osm_type": "nodes" }, "geometry": { "type": "Point", "coordinates": [ 80.4848395, 8.7815543 ] } },
{ "type": "Feature", "properties": { "name": "School of Agriculture Vavuniya", "amenity": "school", "addr_city": null, "osm_id": 3765630970, "osm_type": "nodes" }, "geometry": { "type": "Point", "coordinates": [ 80.4860222, 8.7748542 ] } },
{ "type": "Feature", "properties": { "name": "Adventist International School", "amenity": "school", "addr_city": null, "osm_id": 4092729454, "osm_type": "nodes" }, "geometry": { "type": "Point", "coordinates": [ 80.4938392, 8.758937 ] } },
{ "type": "Feature", "properties": { "name": "V/Vavuniya Tamil Maha Vidyalayam", "amenity": "school", "addr_city": null, "osm_id": 1728791455, "osm_type": "nodes" }, "geometry": { "type": "Point", "coordinates": [ 80.4973099, 8.7502763 ] } },
{ "type": "Feature", "properties": { "name": "V/Vipulananda College", "amenity": "school", "addr_city": null, "osm_id": 1731400280, "osm_type": "nodes" }, "geometry": { "type": "Point", "coordinates": [ 80.4828339, 8.757129 ] } },
{ "type": "Feature", "properties": { "name": "V/Thampanaicholai Keetheeswara Vidyalayam", "amenity": "school", "addr_city": "Thambanaicholai", "osm_id": 4175275320, "osm_type": "nodes" }, "geometry": { "type": "Point", "coordinates": [ 80.4954487, 8.7883557 ] } },
{ "type": "Feature", "properties": { "name": "V/Nelukkulam Kalaimagal Maha Vidyalayam", "amenity": "school", "addr_city": null, "osm_id": 1728839002, "osm_type": "nodes" }, "geometry": { "type": "Point", "coordinates": [ 80.4571491, 8.758407 ] } },
{ "type": "Feature", "properties": { "name": "Mn/Ponthivukandal RCTMS", "amenity": "school", "addr_city": null, "osm_id": 5601834056, "osm_type": "nodes" }, "geometry": { "type": "Point", "coordinates": [ 80.0099551, 8.8192689 ] } },
{ "type": "Feature", "properties": { "name": "Mn/Parikarikandal GTMS", "amenity": "school", "addr_city": null, "osm_id": 4806414910, "osm_type": "nodes" }, "geometry": { "type": "Point", "coordinates": [ 80.0307076, 8.8146567 ] } },
{ "type": "Feature", "properties": { "name": "Mn/Alavakkai GTMS", "amenity": "school", "addr_city": null, "osm_id": 4405897377, "osm_type": "nodes" }, "geometry": { "type": "Point", "coordinates": [ 80.0025082, 8.8332138 ] } },
{ "type": "Feature", "properties": { "name": "Mn/Mavilankerny RCTMS", "amenity": "school", "addr_city": null, "osm_id": 4405889440, "osm_type": "nodes" }, "geometry": { "type": "Point", "coordinates": [ 80.0134207, 8.8380304 ] } },
{ "type": "Feature", "properties": { "name": "Mn/Murunkan Maha Vidyalayam", "amenity": "school", "addr_city": null, "osm_id": 4405886731, "osm_type": "nodes" }, "geometry": { "type": "Point", "coordinates": [ 80.0373179, 8.838078 ] } },
{ "type": "Feature", "properties": { "name": "Mn/Cheddiyarkaddaiadampan GTMS", "amenity": "school", "addr_city": null, "osm_id": 5602181445, "osm_type": "nodes" }, "geometry": { "type": "Point", "coordinates": [ 80.0758681, 8.8379071 ] } },
{ "type": "Feature", "properties": { "name": "Mn/Pappaamoddai RCTMS", "amenity": "school", "addr_city": null, "osm_id": 4405233047, "osm_type": "nodes" }, "geometry": { "type": "Point", "coordinates": [ 80.0061673, 8.973526 ] } },
{ "type": "Feature", "properties": { "name": "Mn/Palaikuly RCTMS", "amenity": "school", "addr_city": null, "osm_id": 4405243489, "osm_type": "nodes" }, "geometry": { "type": "Point", "coordinates": [ 79.9934689, 8.9201419 ] } },
{ "type": "Feature", "properties": { "name": "Mn/Illukadipiddy RCTMS", "amenity": "school", "addr_city": null, "osm_id": 4416975832, "osm_type": "nodes" }, "geometry": { "type": "Point", "coordinates": [ 79.9837653, 8.8727167 ] } },
{ "type": "Feature", "properties": { "name": "Mn/Sooriyakaddaikadu RCTMS", "amenity": "school", "addr_city": null, "osm_id": 4416976011, "osm_type": "nodes" }, "geometry": { "type": "Point", "coordinates": [ 79.9796072, 8.8559866 ] } },
{ "type": "Feature", "properties": { "name": "Mn/Valikaippandandal RCTMS", "amenity": "school", "addr_city": null, "osm_id": 5601834055, "osm_type": "nodes" }, "geometry": { "type": "Point", "coordinates": [ 79.9959898, 8.8195766 ] } },
{ "type": "Feature", "properties": { "name": "Mn/Moddaikaddai GTMS", "amenity": "school", "addr_city": null, "osm_id": 4416979771, "osm_type": "nodes" }, "geometry": { "type": "Point", "coordinates": [ 79.965465, 8.833859 ] } },
{ "type": "Feature", "properties": { "name": "Mn/Ahathimurippu GMMS", "amenity": "school", "addr_city": "Ahathimurippu", "osm_id": 4796085482, "osm_type": "nodes" }, "geometry": { "type": "Point", "coordinates": [ 79.9760696, 8.7620416 ] } },
{ "type": "Feature", "properties": { "name": "Mn/Kokkupadaiyan RCTMS", "amenity": "school", "addr_city": null, "osm_id": 4416986145, "osm_type": "nodes" }, "geometry": { "type": "Point", "coordinates": [ 79.9653274, 8.7268753 ] } },
{ "type": "Feature", "properties": { "name": "Mn/Periyamadu Maha Vidyalayam", "amenity": "school", "addr_city": null, "osm_id": 4811632260, "osm_type": "nodes" }, "geometry": { "type": "Point", "coordinates": [ 80.149925, 8.9736759 ] } },
{ "type": "Feature", "properties": { "name": "Mn/Karunkandal RCTMV", "amenity": "school", "addr_city": null, "osm_id": 4793677761, "osm_type": "nodes" }, "geometry": { "type": "Point", "coordinates": [ 80.0139877, 8.9080712 ] } },
{ "type": "Feature", "properties": { "name": "Mn/Adampan MMV", "amenity": "school", "addr_city": null, "osm_id": 4405236499, "osm_type": "nodes" }, "geometry": { "type": "Point", "coordinates": [ 80.0008116, 8.9403428 ] } },
{ "type": "Feature", "properties": { "name": "V/Puthukulam Junior School", "amenity": "school", "addr_city": null, "osm_id": 4171955995, "osm_type": "nodes" }, "geometry": { "type": "Point", "coordinates": [ 80.4625951, 8.8111404 ] } },
{ "type": "Feature", "properties": { "name": "V/Maniyarkulam Vidyalayam", "amenity": "school", "addr_city": "Maniyarkulam", "osm_id": 4163534745, "osm_type": "nodes" }, "geometry": { "type": "Point", "coordinates": [ 80.3457561, 8.7347645 ] } },
{ "type": "Feature", "properties": { "name": "Mn/Sinhala Maha Vidyalayam", "amenity": "school", "addr_city": null, "osm_id": 5602140351, "osm_type": "nodes" }, "geometry": { "type": "Point", "coordinates": [ 80.145284, 8.7760781 ] } },
{ "type": "Feature", "properties": { "name": "Mn/Malihaipiddy GTMS", "amenity": "school", "addr_city": null, "osm_id": 5601087751, "osm_type": "nodes" }, "geometry": { "type": "Point", "coordinates": [ 80.0085518, 8.852578 ] } },
{ "type": "Feature", "properties": { "name": "Mn/Periyapullachi Potkerny GMMS", "amenity": "school", "addr_city": null, "osm_id": 5601058257, "osm_type": "nodes" }, "geometry": { "type": "Point", "coordinates": [ 79.983941, 8.7770699 ] } },
{ "type": "Feature", "properties": { "name": "V/Kudakachchakodiya Vidyalaya", "amenity": "school", "addr_city": null, "osm_id": 5648624700, "osm_type": "nodes" }, "geometry": { "type": "Point", "coordinates": [ 80.5603786, 8.7197228 ] } },
{ "type": "Feature", "properties": { "name": null, "amenity": "school", "addr_city": null, "osm_id": 10783850479, "osm_type": "nodes" }, "geometry": { "type": "Point", "coordinates": [ 81.3877313, 8.3053806 ] } },
{ "type": "Feature", "properties": { "name": "Hindu Primary School", "amenity": "school", "addr_city": null, "osm_id": 1243355209, "osm_type": "nodes" }, "geometry": { "type": "Point", "coordinates": [ 81.233693, 8.5723859 ] } },
{ "type": "Feature", "properties": { "name": null, "amenity": "school", "addr_city": null, "osm_id": 10157395231, "osm_type": "nodes" }, "geometry": { "type": "Point", "coordinates": [ 81.3042299, 8.5044843 ] } },
{ "type": "Feature", "properties": { "name": "T/Mohamadiya Vidyalayam", "amenity": "school", "addr_city": null, "osm_id": 6001074458, "osm_type": "nodes" }, "geometry": { "type": "Point", "coordinates": [ 81.2004216, 8.6544943 ] } },
{ "type": "Feature", "properties": { "name": "T/Thirukoneswara Vidyalayam", "amenity": "school", "addr_city": null, "osm_id": 6001074459, "osm_type": "nodes" }, "geometry": { "type": "Point", "coordinates": [ 81.1960812, 8.6432941 ] } },
{ "type": "Feature", "properties": { "name": "Nochchikkulam Tamil Maha Vidyalayam", "amenity": "school", "addr_city": null, "osm_id": 4062822617, "osm_type": "nodes" }, "geometry": { "type": "Point", "coordinates": [ 80.986842, 8.6263076 ] } },
{ "type": "Feature", "properties": { "name": "T/Gopalapuram GTMS", "amenity": "school", "addr_city": null, "osm_id": 6001074454, "osm_type": "nodes" }, "geometry": { "type": "Point", "coordinates": [ 81.1877598, 8.697689 ] } },
{ "type": "Feature", "properties": { "name": "T/Irakkandy Sinhala Vidyalayam", "amenity": "school", "addr_city": null, "osm_id": 6001074453, "osm_type": "nodes" }, "geometry": { "type": "Point", "coordinates": [ 81.1755844, 8.7164694 ] } },
{ "type": "Feature", "properties": { "name": "Irakkandi Sinhala School", "amenity": "school", "addr_city": null, "osm_id": 5839394834, "osm_type": "nodes" }, "geometry": { "type": "Point", "coordinates": [ 81.1752181, 8.7176335 ] } },
{ "type": "Feature", "properties": { "name": "T/Al-hamra MV", "amenity": "school", "addr_city": null, "osm_id": 6001074452, "osm_type": "nodes" }, "geometry": { "type": "Point", "coordinates": [ 81.1728434, 8.725671 ] } },
{ "type": "Feature", "properties": { "name": "T/Al-fatha Vidyalaym", "amenity": "school", "addr_city": null, "osm_id": 6001074457, "osm_type": "nodes" }, "geometry": { "type": "Point", "coordinates": [ 81.2016029, 8.6718816 ] } },
{ "type": "Feature", "properties": { "name": "T/Nilaveli Tamil Maha Vidyalayam", "amenity": "school", "addr_city": null, "osm_id": 6001074456, "osm_type": "nodes" }, "geometry": { "type": "Point", "coordinates": [ 81.1986323, 8.6781353 ] } },
{ "type": "Feature", "properties": { "name": "T/Namagal Vidyalayam", "amenity": "school", "addr_city": "Trincomalee", "osm_id": 4248201220, "osm_type": "nodes" }, "geometry": { "type": "Point", "coordinates": [ 81.2278321, 8.5863601 ] } },
{ "type": "Feature", "properties": { "name": "T/St Fancis Xavier Maha Vidyalayam", "amenity": "school", "addr_city": null, "osm_id": 6001207113, "osm_type": "nodes" }, "geometry": { "type": "Point", "coordinates": [ 81.2292209, 8.5804121 ] } },
{ "type": "Feature", "properties": { "name": "T/Sri Sinhala Maha Vidyalaya", "amenity": "school", "addr_city": null, "osm_id": 1242796307, "osm_type": "nodes" }, "geometry": { "type": "Point", "coordinates": [ 81.2258983, 8.5755737 ] } },
{ "type": "Feature", "properties": { "name": null, "amenity": "school", "addr_city": null, "osm_id": 4062848471, "osm_type": "nodes" }, "geometry": { "type": "Point", "coordinates": [ 80.8934287, 8.5874876 ] } },
{ "type": "Feature", "properties": { "name": null, "amenity": "school", "addr_city": null, "osm_id": 4062872186, "osm_type": "nodes" }, "geometry": { "type": "Point", "coordinates": [ 80.7803172, 8.5756536 ] } },
{ "type": "Feature", "properties": { "name": "T/Sevanayagapuram Hindu Maha Vidyalayam", "amenity": "school", "addr_city": null, "osm_id": 6001207107, "osm_type": "nodes" }, "geometry": { "type": "Point", "coordinates": [ 81.2115934, 8.6042838 ] } },
{ "type": "Feature", "properties": { "name": "T/Mihindupura Vidyalayam", "amenity": "school", "addr_city": null, "osm_id": 6001207109, "osm_type": "nodes" }, "geometry": { "type": "Point", "coordinates": [ 81.1966479, 8.5952841 ] } },
{ "type": "Feature", "properties": { "name": null, "amenity": "school", "addr_city": null, "osm_id": 4062808090, "osm_type": "nodes" }, "geometry": { "type": "Point", "coordinates": [ 81.1768148, 8.6077574 ] } },
{ "type": "Feature", "properties": { "name": null, "amenity": "school", "addr_city": null, "osm_id": 2831937732, "osm_type": "nodes" }, "geometry": { "type": "Point", "coordinates": [ 80.9830399, 8.1531898 ] } },
{ "type": "Feature", "properties": { "name": null, "amenity": "school", "addr_city": null, "osm_id": 10026679948, "osm_type": "nodes" }, "geometry": { "type": "Point", "coordinates": [ 81.08206, 8.4923484 ] } },
{ "type": "Feature", "properties": { "name": null, "amenity": "school", "addr_city": null, "osm_id": 4062828960, "osm_type": "nodes" }, "geometry": { "type": "Point", "coordinates": [ 80.964416, 8.6172408 ] } },
{ "type": "Feature", "properties": { "name": null, "amenity": "school", "addr_city": null, "osm_id": 10147088519, "osm_type": "nodes" }, "geometry": { "type": "Point", "coordinates": [ 81.2561514, 8.4484724 ] } },
{ "type": "Feature", "properties": { "name": null, "amenity": "school", "addr_city": null, "osm_id": 10147088524, "osm_type": "nodes" }, "geometry": { "type": "Point", "coordinates": [ 81.2575906, 8.4495461 ] } },
{ "type": "Feature", "properties": { "name": null, "amenity": "school", "addr_city": null, "osm_id": 10156104682, "osm_type": "nodes" }, "geometry": { "type": "Point", "coordinates": [ 81.2749848, 8.4549125 ] } },
{ "type": "Feature", "properties": { "name": null, "amenity": "school", "addr_city": null, "osm_id": 10010538503, "osm_type": "nodes" }, "geometry": { "type": "Point", "coordinates": [ 81.1903167, 8.4814983 ] } },
{ "type": "Feature", "properties": { "name": "T/M/Gajamukha M.V", "amenity": "school", "addr_city": null, "osm_id": 10138870942, "osm_type": "nodes" }, "geometry": { "type": "Point", "coordinates": [ 81.2400121, 8.4522203 ] } },
{ "type": "Feature", "properties": { "name": null, "amenity": "school", "addr_city": null, "osm_id": 10158622320, "osm_type": "nodes" }, "geometry": { "type": "Point", "coordinates": [ 81.2883513, 8.4528592 ] } },
{ "type": "Feature", "properties": { "name": null, "amenity": "school", "addr_city": null, "osm_id": 10158737973, "osm_type": "nodes" }, "geometry": { "type": "Point", "coordinates": [ 81.2958073, 8.4578607 ] } },
{ "type": "Feature", "properties": { "name": "V/Veerapuram Manivasagar Vidyalayam", "amenity": "school", "addr_city": null, "osm_id": 4077501071, "osm_type": "nodes" }, "geometry": { "type": "Point", "coordinates": [ 80.3689834, 8.6390354 ] } },
{ "type": "Feature", "properties": { "name": "V/Katkarankulam Illango Vidyalayam", "amenity": "school", "addr_city": "Katkarankulam", "osm_id": 4201572930, "osm_type": "nodes" }, "geometry": { "type": "Point", "coordinates": [ 80.3416116, 8.6430157 ] } },
{ "type": "Feature", "properties": { "name": "V/Rajendrakulam G.T.M.S", "amenity": "school", "addr_city": "Rajendrakulam, Vavuniya", "osm_id": 4126664807, "osm_type": "nodes" }, "geometry": { "type": "Point", "coordinates": [ 80.4441218, 8.7294065 ] } },
{ "type": "Feature", "properties": { "name": "V/Palayauruwa GSMS", "amenity": "school", "addr_city": null, "osm_id": 5652627632, "osm_type": "nodes" }, "geometry": { "type": "Point", "coordinates": [ 80.3954345, 8.717307 ] } },
{ "type": "Feature", "properties": { "name": "V/Pavatkulam Ganeswara Maha Vidyalayam", "amenity": "school", "addr_city": null, "osm_id": 4430685107, "osm_type": "nodes" }, "geometry": { "type": "Point", "coordinates": [ 80.3817381, 8.7192698 ] } },
{ "type": "Feature", "properties": { "name": "V/Iyankarayoor GTMS", "amenity": "school", "addr_city": null, "osm_id": 4120740457, "osm_type": "nodes" }, "geometry": { "type": "Point", "coordinates": [ 80.3902809, 8.7400883 ] } },
{ "type": "Feature", "properties": { "name": "V/Thalikkulam GTMS", "amenity": "school", "addr_city": null, "osm_id": 3929888505, "osm_type": "nodes" }, "geometry": { "type": "Point", "coordinates": [ 80.3829684, 8.745639 ] } },
{ "type": "Feature", "properties": { "name": "V/Arafa Vidyalayam", "amenity": "school", "addr_city": "Pulitharithapuliyankulam, Vavuniya", "osm_id": 4210828557, "osm_type": "nodes" }, "geometry": { "type": "Point", "coordinates": [ 80.4290791, 8.7415441 ] } },
{ "type": "Feature", "properties": { "name": "V/Sekkadipulavu GTMS", "amenity": "school", "addr_city": null, "osm_id": 4186837500, "osm_type": "nodes" }, "geometry": { "type": "Point", "coordinates": [ 80.4265724, 8.7354357 ] } },
{ "type": "Feature", "properties": { "name": "V/Rishad Bathiudeen Muslim Vidyalayam", "amenity": "school", "addr_city": null, "osm_id": 4838471069, "osm_type": "nodes" }, "geometry": { "type": "Point", "coordinates": [ 80.4375659, 8.7221559 ] } },
{ "type": "Feature", "properties": { "name": "V/Parathi Vidyalayam", "amenity": "school", "addr_city": null, "osm_id": 4430612669, "osm_type": "nodes" }, "geometry": { "type": "Point", "coordinates": [ 80.4411666, 8.7421022 ] } },
{ "type": "Feature", "properties": { "name": "V/Sithivinayagar School", "amenity": "school", "addr_city": "Koomankulam", "osm_id": 3916081889, "osm_type": "nodes" }, "geometry": { "type": "Point", "coordinates": [ 80.4679947, 8.745337 ] } },
{ "type": "Feature", "properties": { "name": "V/Dharmapala Vidyalayam", "amenity": "school", "addr_city": null, "osm_id": 4078258900, "osm_type": "nodes" }, "geometry": { "type": "Point", "coordinates": [ 80.3969409, 8.6644292 ] } },
{ "type": "Feature", "properties": { "name": "A/Sriridhamma Vidyalaya", "amenity": "school", "addr_city": "Kidawarankulam", "osm_id": 4530140063, "osm_type": "nodes" }, "geometry": { "type": "Point", "coordinates": [ 80.4560204, 8.6382201 ] } },
{ "type": "Feature", "properties": { "name": "V/Nochchikulam RCTMS", "amenity": "school", "addr_city": null, "osm_id": 4090319261, "osm_type": "nodes" }, "geometry": { "type": "Point", "coordinates": [ 80.365267, 8.6172368 ] } },
{ "type": "Feature", "properties": { "name": "V/Al Hamiya Vidyalayam", "amenity": "school", "addr_city": null, "osm_id": 3983331454, "osm_type": "nodes" }, "geometry": { "type": "Point", "coordinates": [ 80.3697347, 8.600657 ] } },
{ "type": "Feature", "properties": { "name": "V/Maradammaduwa GSMS", "amenity": "school", "addr_city": "Maradammaduwa", "osm_id": 5648645936, "osm_type": "nodes" }, "geometry": { "type": "Point", "coordinates": [ 80.368582, 8.5781781 ] } },
{ "type": "Feature", "properties": { "name": "NCP/A/A/NC/Asirikggama Mu. Vidyalaya", "amenity": "school", "addr_city": null, "osm_id": 8666923928, "osm_type": "nodes" }, "geometry": { "type": "Point", "coordinates": [ 80.3664976, 8.5048283 ] } },
{ "type": "Feature", "properties": { "name": "V/Sivapuram GTMS", "amenity": "school", "addr_city": null, "osm_id": 4210190543, "osm_type": "nodes" }, "geometry": { "type": "Point", "coordinates": [ 80.4393579, 8.7567266 ] } },
{ "type": "Feature", "properties": { "name": "V/Katpahapuram GTMS", "amenity": "school", "addr_city": null, "osm_id": 3928036648, "osm_type": "nodes" }, "geometry": { "type": "Point", "coordinates": [ 80.433486, 8.7653005 ] } },
{ "type": "Feature", "properties": { "name": "V/Al Akshaya Muslim Maha Vidyalayam", "amenity": "school", "addr_city": null, "osm_id": 3921459133, "osm_type": "nodes" }, "geometry": { "type": "Point", "coordinates": [ 80.3869456, 8.7555397 ] } },
{ "type": "Feature", "properties": { "name": "V/Poovarasankulam Maha Vidyalayam", "amenity": "school", "addr_city": null, "osm_id": 4120738579, "osm_type": "nodes" }, "geometry": { "type": "Point", "coordinates": [ 80.3683968, 8.7523175 ] } },
{ "type": "Feature", "properties": { "name": "V/Kurukkalputhukulam GTMS", "amenity": "school", "addr_city": null, "osm_id": 3943037887, "osm_type": "nodes" }, "geometry": { "type": "Point", "coordinates": [ 80.3381069, 8.7514026 ] } },
{ "type": "Feature", "properties": { "name": "V/Al Aqsa Vidyalaya", "amenity": "school", "addr_city": null, "osm_id": 4389150313, "osm_type": "nodes" }, "geometry": { "type": "Point", "coordinates": [ 80.3819951, 8.5937416 ] } },
{ "type": "Feature", "properties": { "name": "V/Pavatkulam Kalaimagal Vidyalayam", "amenity": "school", "addr_city": null, "osm_id": 3984402800, "osm_type": "nodes" }, "geometry": { "type": "Point", "coordinates": [ 80.361533, 8.7173055 ] } },
{ "type": "Feature", "properties": { "name": "V/Al Iqbal Mahavidyalayam", "amenity": "school", "addr_city": null, "osm_id": 3977258185, "osm_type": "nodes" }, "geometry": { "type": "Point", "coordinates": [ 80.4388931, 8.7194924 ] } },
{ "type": "Feature", "properties": { "name": "V/Pavatkulam St-3, No. 9 J.H.S", "amenity": "school", "addr_city": "Arasadikulam, Cheddikulam", "osm_id": 4153708464, "osm_type": "nodes" }, "geometry": { "type": "Point", "coordinates": [ 80.3656741, 8.6509148 ] } },
{ "type": "Feature", "properties": { "name": "V/Sri Sithivinagar School", "amenity": "school", "addr_city": null, "osm_id": 4151734734, "osm_type": "nodes" }, "geometry": { "type": "Point", "coordinates": [ 80.3465639, 8.7092842 ] } },
{ "type": "Feature", "properties": { "name": "sithivinayagar preschool", "amenity": "school", "addr_city": "Koomankulam", "osm_id": 9768690616, "osm_type": "nodes" }, "geometry": { "type": "Point", "coordinates": [ 80.4685541, 8.7464974 ] } },
{ "type": "Feature", "properties": { "name": "NCP/A/A/NC/Aluthgama Daruslam Mu. Vidyalaya", "amenity": "school", "addr_city": null, "osm_id": 8666485417, "osm_type": "nodes" }, "geometry": { "type": "Point", "coordinates": [ 80.3627264, 8.4657332 ] } },
{ "type": "Feature", "properties": { "name": "A/Pahalu halhaththehama School", "amenity": "school", "addr_city": null, "osm_id": 4530143390, "osm_type": "nodes" }, "geometry": { "type": "Point", "coordinates": [ 80.4762461, 8.6617666 ] } },
{ "type": "Feature", "properties": { "name": "A/Poonavawa Navothaya Vidyalaya", "amenity": "school", "addr_city": null, "osm_id": 4529447906, "osm_type": "nodes" }, "geometry": { "type": "Point", "coordinates": [ 80.4704265, 8.61226 ] } },
{ "type": "Feature", "properties": { "name": "NCP/A/A/NC/Thibbatuwagama Vidyalaya", "amenity": "school", "addr_city": null, "osm_id": 8667268467, "osm_type": "nodes" }, "geometry": { "type": "Point", "coordinates": [ 80.2862433, 8.3310855 ] } },
{ "type": "Feature", "properties": { "name": "Mn/Periyakunchchukulam RCTMS", "amenity": "school", "addr_city": null, "osm_id": 4405864671, "osm_type": "nodes" }, "geometry": { "type": "Point", "coordinates": [ 80.1635075, 8.7043738 ] } },
{ "type": "Feature", "properties": { "name": "V/Muthaliyakulam RCTMS", "amenity": "school", "addr_city": null, "osm_id": 4090318840, "osm_type": "nodes" }, "geometry": { "type": "Point", "coordinates": [ 80.3323803, 8.6295205 ] } },
{ "type": "Feature", "properties": { "name": "V/Cheddikulam Maha Vidyalayam", "amenity": "school", "addr_city": null, "osm_id": 4090315726, "osm_type": "nodes" }, "geometry": { "type": "Point", "coordinates": [ 80.3136343, 8.6614314 ] } },
{ "type": "Feature", "properties": { "name": "V/Mugathankulam GTMS", "amenity": "school", "addr_city": "Mugathankulam Farm 2", "osm_id": 4201699145, "osm_type": "nodes" }, "geometry": { "type": "Point", "coordinates": [ 80.3020813, 8.6704911 ] } },
{ "type": "Feature", "properties": { "name": "V/Poosanipiddy Thayumanavar Vidyalayam", "amenity": "school", "addr_city": "Muganthankulam", "osm_id": 4201700584, "osm_type": "nodes" }, "geometry": { "type": "Point", "coordinates": [ 80.2911539, 8.6651031 ] } },
{ "type": "Feature", "properties": { "name": "V/Andiyapuliyankulam GMMS", "amenity": "school", "addr_city": null, "osm_id": 4171971851, "osm_type": "nodes" }, "geometry": { "type": "Point", "coordinates": [ 80.2623803, 8.7227407 ] } },
{ "type": "Feature", "properties": { "name": "V/Niththiyanagar Loogeswara Vidyalayam", "amenity": "school", "addr_city": null, "osm_id": 4186862310, "osm_type": "nodes" }, "geometry": { "type": "Point", "coordinates": [ 80.3327568, 8.7293487 ] } },
{ "type": "Feature", "properties": { "name": "NCP/A/A/WI/Sri Vimalagnana Maha Vidyalaya", "amenity": "school", "addr_city": null, "osm_id": 8666977731, "osm_type": "nodes" }, "geometry": { "type": "Point", "coordinates": [ 80.2511331, 8.573595 ] } },
{ "type": "Feature", "properties": { "name": "V/Anaivilunthan Muslim Vidyalayam", "amenity": "school", "addr_city": null, "osm_id": 4332135792, "osm_type": "nodes" }, "geometry": { "type": "Point", "coordinates": [ 80.3186642, 8.5856077 ] } },
{ "type": "Feature", "properties": { "name": "V/Neeliyamoddai Saraswathi Vidyalayam", "amenity": "school", "addr_city": "Neeliyamoddai", "osm_id": 4201742551, "osm_type": "nodes" }, "geometry": { "type": "Point", "coordinates": [ 80.2948339, 8.7557209 ] } },
{ "type": "Feature", "properties": { "name": "V/Piramanlankulam Vigneswara Vidyalayam", "amenity": "school", "addr_city": null, "osm_id": 4267423779, "osm_type": "nodes" }, "geometry": { "type": "Point", "coordinates": [ 80.2719928, 8.7664467 ] } },
{ "type": "Feature", "properties": { "name": "V/Kannadi GTMS", "amenity": "school", "addr_city": "Periyakaddu", "osm_id": 4201760685, "osm_type": "nodes" }, "geometry": { "type": "Point", "coordinates": [ 80.2347551, 8.7595807 ] } },
{ "type": "Feature", "properties": { "name": "V/Ganeshapuram Shanmuganatha", "amenity": "school", "addr_city": null, "osm_id": 4120855108, "osm_type": "nodes" }, "geometry": { "type": "Point", "coordinates": [ 80.2135796, 8.7587328 ] } },
{ "type": "Feature", "properties": { "name": "Mn/Kaddaiadampan RCTMS", "amenity": "school", "addr_city": null, "osm_id": 4405871036, "osm_type": "nodes" }, "geometry": { "type": "Point", "coordinates": [ 80.1278881, 8.7911429 ] } },
{ "type": "Feature", "properties": { "name": "Mn/Pannavedduvan GTMS", "amenity": "school", "addr_city": null, "osm_id": 4405877392, "osm_type": "nodes" }, "geometry": { "type": "Point", "coordinates": [ 80.0979435, 8.8003254 ] } },
{ "type": "Feature", "properties": { "name": "Mannar Technical College", "amenity": "school", "addr_city": null, "osm_id": 4405878392, "osm_type": "nodes" }, "geometry": { "type": "Point", "coordinates": [ 80.0990166, 8.8051058 ] } },
{ "type": "Feature", "properties": { "name": "Mn/Periyamurippu GTMS", "amenity": "school", "addr_city": "Periyakunchchukkulam", "osm_id": 4806389656, "osm_type": "nodes" }, "geometry": { "type": "Point", "coordinates": [ 80.1715902, 8.6827446 ] } },
{ "type": "Feature", "properties": { "name": "V/Kandasamy Nagar Vipulananda", "amenity": "school", "addr_city": null, "osm_id": 4186867827, "osm_type": "nodes" }, "geometry": { "type": "Point", "coordinates": [ 80.3278537, 8.7037962 ] } },
{ "type": "Feature", "properties": { "name": "Proposed Place for Aanaivilunthan Muslim Maha Vidyalayam", "amenity": "school", "addr_city": null, "osm_id": 4411720621, "osm_type": "nodes" }, "geometry": { "type": "Point", "coordinates": [ 80.3217004, 8.5878839 ] } },
{ "type": "Feature", "properties": { "name": "V/Mugathankulam Vigneswara Vidyalayam", "amenity": "school", "addr_city": null, "osm_id": 4332131472, "osm_type": "nodes" }, "geometry": { "type": "Point", "coordinates": [ 80.3171592, 8.6412388 ] } },
{ "type": "Feature", "properties": { "name": "NCP/A/A/NC/Pusiyankulama Maha Vidyalaya", "amenity": "school", "addr_city": null, "osm_id": 8666335360, "osm_type": "nodes" }, "geometry": { "type": "Point", "coordinates": [ 80.3436211, 8.3753548 ] } },
{ "type": "Feature", "properties": { "name": "NCP/A/TB/TB/Thambuththegama C. C", "amenity": "school", "addr_city": null, "osm_id": 8668302041, "osm_type": "nodes" }, "geometry": { "type": "Point", "coordinates": [ 80.299425, 8.1522328 ] } },
{ "type": "Feature", "properties": { "name": "NCP/A/TB/RJ/Rajanganaya(Yaya1) Primary School", "amenity": "school", "addr_city": null, "osm_id": 8667654044, "osm_type": "nodes" }, "geometry": { "type": "Point", "coordinates": [ 80.2180642, 8.1528594 ] } },
{ "type": "Feature", "properties": { "name": "NCP/A/TB/RJ/Rajanganaya Sri Rahula Vidyalaya", "amenity": "school", "addr_city": null, "osm_id": 8667282728, "osm_type": "nodes" }, "geometry": { "type": "Point", "coordinates": [ 80.1635322, 8.1981429 ] } },
{ "type": "Feature", "properties": { "name": "NCP/A/TB/TB/Thambuththegama Primary School", "amenity": "school", "addr_city": null, "osm_id": 8667672766, "osm_type": "nodes" }, "geometry": { "type": "Point", "coordinates": [ 80.2889295, 8.1414941 ] } },
{ "type": "Feature", "properties": { "name": "NCP/A/TB/TB/Kudagama Vidyalaya", "amenity": "school", "addr_city": null, "osm_id": 8667672780, "osm_type": "nodes" }, "geometry": { "type": "Point", "coordinates": [ 80.2715836, 8.1304032 ] } },
{ "type": "Feature", "properties": { "name": "V/Puthiyasinnakulam GTMS", "amenity": "school", "addr_city": "Agbopura", "osm_id": 4214885389, "osm_type": "nodes" }, "geometry": { "type": "Point", "coordinates": [ 80.5162118, 8.8212538 ] } },
{ "type": "Feature", "properties": { "name": "V/Maruthoday GTMS", "amenity": "school", "addr_city": null, "osm_id": 5647299297, "osm_type": "nodes" }, "geometry": { "type": "Point", "coordinates": [ 80.5182049, 8.866424 ] } },
{ "type": "Feature", "properties": { "name": "V/Alaikallupoddakulam Veeramamunivar Vidyalayalam", "amenity": "school", "addr_city": null, "osm_id": 4375477061, "osm_type": "nodes" }, "geometry": { "type": "Point", "coordinates": [ 80.5523786, 8.8709568 ] } },
{ "type": "Feature", "properties": { "name": "V/Vedarmakilankulam GTMS", "amenity": "school", "addr_city": null, "osm_id": 6235739973, "osm_type": "nodes" }, "geometry": { "type": "Point", "coordinates": [ 80.510248, 8.8959059 ] } },
{ "type": "Feature", "properties": { "name": "V/Thaninayagam Adikalar Vidyalayam", "amenity": "school", "addr_city": null, "osm_id": 3926876378, "osm_type": "nodes" }, "geometry": { "type": "Point", "coordinates": [ 80.5182381, 8.9406341 ] } },
{ "type": "Feature", "properties": { "name": "V/Palayawady GTMS", "amenity": "school", "addr_city": null, "osm_id": 4040555783, "osm_type": "nodes" }, "geometry": { "type": "Point", "coordinates": [ 80.5444922, 8.9558876 ] } },
{ "type": "Feature", "properties": { "name": "V/Puliyankulam Hindu College", "amenity": "school", "addr_city": null, "osm_id": 3868579917, "osm_type": "nodes" }, "geometry": { "type": "Point", "coordinates": [ 80.5271469, 8.9717052 ] } },
{ "type": "Feature", "properties": { "name": "V/Anathakumarasamy Vidyalayam", "amenity": "school", "addr_city": "Puthiyasinnakulam, Omanthai, Vavuniya", "osm_id": 4126722824, "osm_type": "nodes" }, "geometry": { "type": "Point", "coordinates": [ 80.5251379, 8.8993056 ] } },
{ "type": "Feature", "properties": { "name": "Rahula Primary School - Ematiyagoda", "amenity": "school", "addr_city": "Godakawela", "osm_id": 3198526950, "osm_type": "nodes" }, "geometry": { "type": "Point", "coordinates": [ 80.6408578, 6.5239272 ] } },
{ "type": "Feature", "properties": { "name": "St. Franciscan Convent", "amenity": "school", "addr_city": null, "osm_id": 1278880064, "osm_type": "nodes" }, "geometry": { "type": "Point", "coordinates": [ 79.8460378, 7.2255007 ] } },
{ "type": "Feature", "properties": { "name": "Ave Maria Convent", "amenity": "school", "addr_city": null, "osm_id": 2064203711, "osm_type": "nodes" }, "geometry": { "type": "Point", "coordinates": [ 79.8416304, 7.2132972 ] } },
{ "type": "Feature", "properties": { "name": "St. Jude's College Kurana", "amenity": "school", "addr_city": null, "osm_id": 1269994556, "osm_type": "nodes" }, "geometry": { "type": "Point", "coordinates": [ 79.8534627, 7.195098 ] } },
{ "type": "Feature", "properties": { "name": "St. Annes College", "amenity": "school", "addr_city": null, "osm_id": 1270003616, "osm_type": "nodes" }, "geometry": { "type": "Point", "coordinates": [ 79.8623391, 7.18679 ] } },
{ "type": "Feature", "properties": { "name": null, "amenity": "kindergarten", "addr_city": null, "osm_id": 5395167424, "osm_type": "nodes" }, "geometry": { "type": "Point", "coordinates": [ 80.1254049, 6.1280745 ] } },
{ "type": "Feature", "properties": { "name": "Kids Ark Montessori", "amenity": "kindergarten", "addr_city": null, "osm_id": 7299179845, "osm_type": "nodes" }, "geometry": { "type": "Point", "coordinates": [ 79.8340328, 7.1379341 ] } },
{ "type": "Feature", "properties": { "name": "Thaaimadi Montosery", "amenity": "kindergarten", "addr_city": "Thavasikulam, Vavuniya", "osm_id": 3953246940, "osm_type": "nodes" }, "geometry": { "type": "Point", "coordinates": [ 80.4761802, 8.7417128 ] } },
{ "type": "Feature", "properties": { "name": "Umamaheswaran PreSchool", "amenity": "kindergarten", "addr_city": "Thirunavatkulam", "osm_id": 3768516077, "osm_type": "nodes" }, "geometry": { "type": "Point", "coordinates": [ 80.4837799, 8.7755459 ] } },
{ "type": "Feature", "properties": { "name": "Pandarikulam Preschool", "amenity": "kindergarten", "addr_city": null, "osm_id": 3926537635, "osm_type": "nodes" }, "geometry": { "type": "Point", "coordinates": [ 80.4829626, 8.7547666 ] } },
{ "type": "Feature", "properties": { "name": "Ukkulankulam RDS Liberary and PreSchool", "amenity": "kindergarten", "addr_city": null, "osm_id": 3921226269, "osm_type": "nodes" }, "geometry": { "type": "Point", "coordinates": [ 80.4756121, 8.7569985 ] } },
{ "type": "Feature", "properties": { "name": "RDS Pre School", "amenity": "kindergarten", "addr_city": null, "osm_id": 3752935203, "osm_type": "nodes" }, "geometry": { "type": "Point", "coordinates": [ 80.3974135, 8.7583297 ] } },
{ "type": "Feature", "properties": { "name": null, "amenity": "kindergarten", "addr_city": null, "osm_id": 3868598382, "osm_type": "nodes" }, "geometry": { "type": "Point", "coordinates": [ 80.5262553, 8.9751346 ] } },
{ "type": "Feature", "properties": { "name": "Vocational Training Authority", "amenity": "college", "addr_city": "Thonikal", "osm_id": 4175333599, "osm_type": "nodes" }, "geometry": { "type": "Point", "coordinates": [ 80.4919538, 8.7442027 ] } },
{ "type": "Feature", "properties": { "name": "Vocational Training Authority", "amenity": "college", "addr_city": "Mathavuvaithakulam", "osm_id": 4299921967, "osm_type": "nodes" }, "geometry": { "type": "Point", "coordinates": [ 80.4877205, 8.7342238 ] } },
{ "type": "Feature", "properties": { "name": "Vocational Training Authority", "amenity": "college", "addr_city": "Vavuniya", "osm_id": 4229620280, "osm_type": "nodes" }, "geometry": { "type": "Point", "coordinates": [ 80.4971355, 8.755474 ] } },
{ "type": "Feature", "properties": { "name": "Ilahiya Arabic College", "amenity": "college", "addr_city": "Trincomalee", "osm_id": 4248230706, "osm_type": "nodes" }, "geometry": { "type": "Point", "coordinates": [ 81.2387606, 8.5664093 ] } },
{ "type": "Feature", "properties": { "name": "Technical College", "amenity": "college", "addr_city": "Trincomalee", "osm_id": 4255703450, "osm_type": "nodes" }, "geometry": { "type": "Point", "coordinates": [ 81.2012516, 8.5928728 ] } },
{ "type": "Feature", "properties": { "name": "Faculty Applied Science (Kurumankadu Block)", "amenity": "university", "addr_city": null, "osm_id": 4089419544, "osm_type": "nodes" }, "geometry": { "type": "Point", "coordinates": [ 80.4905148, 8.763881 ] } },
{ "type": "Feature", "properties": { "name": "Cinec Campus Trinco Branch", "amenity": "university", "addr_city": null, "osm_id": 6622872610, "osm_type": "nodes" }, "geometry": { "type": "Point", "coordinates": [ 81.2254257, 8.575907 ] } },
{ "type": "Feature", "properties": { "name": "Parakramabahu Maha Vidyalaya", "amenity": null, "addr_city": "Narahenpita", "osm_id": 3085648484, "osm_type": "nodes" }, "geometry": { "type": "Point", "coordinates": [ 79.8791415, 6.8968403 ] } },
{ "type": "Feature", "properties": { "name": "Madina Central College", "amenity": null, "addr_city": "Madawala", "osm_id": 3874368635, "osm_type": "nodes" }, "geometry": { "type": "Point", "coordinates": [ 80.6684083, 7.3269884 ] } },
{ "type": "Feature", "properties": { "name": "Pitiyegedara Primary School", "amenity": null, "addr_city": "Madawala", "osm_id": 3874368600, "osm_type": "nodes" }, "geometry": { "type": "Point", "coordinates": [ 80.6810168, 7.3356533 ] } },
{ "type": "Feature", "properties": { "name": "sri subramaniyam vidyalayam", "amenity": "school", "addr_city": null, "osm_id": 9570173773, "osm_type": "nodes" }, "geometry": { "type": "Point", "coordinates": [ 80.6957267, 9.3150517 ] } },
{ "type": "Feature", "properties": { "name": "Hoste;- Sussex College Ratnapura", "amenity": null, "addr_city": "Ratnapura", "osm_id": 3052967483, "osm_type": "nodes" }, "geometry": { "type": "Point", "coordinates": [ 80.4161318, 6.6744929 ] } },
{ "type": "Feature", "properties": { "name": "Bandaranayake Vidyalaya", "amenity": "school", "addr_city": null, "osm_id": 1270008382, "osm_type": "nodes" }, "geometry": { "type": "Point", "coordinates": [ 79.8751278, 7.1368005 ] } },
{ "type": "Feature", "properties": { "name": "Seeduwa Davi Samara Maha Vidyalaya", "amenity": "school", "addr_city": null, "osm_id": 1270008385, "osm_type": "nodes" }, "geometry": { "type": "Point", "coordinates": [ 79.8779066, 7.1315468 ] } },
{ "type": "Feature", "properties": { "name": "Katunayake Maha Vidyalaya", "amenity": "school", "addr_city": null, "osm_id": 2142237458, "osm_type": "nodes" }, "geometry": { "type": "Point", "coordinates": [ 79.867047, 7.1767871 ] } },
{ "type": "Feature", "properties": { "name": "Al Hilal College", "amenity": "school", "addr_city": null, "osm_id": 2196976233, "osm_type": "nodes" }, "geometry": { "type": "Point", "coordinates": [ 79.8490815, 7.2200827 ] } },
{ "type": "Feature", "properties": { "name": "Kn/Valaipadu RCTMS", "amenity": "school", "addr_city": "Valaipadu", "osm_id": 4364252458, "osm_type": "nodes" }, "geometry": { "type": "Point", "coordinates": [ 80.0681219, 9.356779 ] } },
{ "type": "Feature", "properties": { "name": "St. Fransiscan Convent", "amenity": "school", "addr_city": null, "osm_id": 1278886869, "osm_type": "nodes" }, "geometry": { "type": "Point", "coordinates": [ 79.846306, 7.2060809 ] } },
{ "type": "Feature", "properties": { "name": "Croos Convent", "amenity": "school", "addr_city": null, "osm_id": 1268340433, "osm_type": "nodes" }, "geometry": { "type": "Point", "coordinates": [ 79.8437409, 7.2113057 ] } },
{ "type": "Feature", "properties": { "name": "Harischandra College", "amenity": "school", "addr_city": null, "osm_id": 1268340449, "osm_type": "nodes" }, "geometry": { "type": "Point", "coordinates": [ 79.8532359, 7.2098261 ] } },
{ "type": "Feature", "properties": { "name": "Ellawala Pahalagama", "amenity": "school", "addr_city": null, "osm_id": 10298105748, "osm_type": "nodes" }, "geometry": { "type": "Point", "coordinates": [ 80.2738971, 6.7812206 ] } },
{ "type": "Feature", "properties": { "name": "Akmeemana Maha Vidyalaya", "amenity": "school", "addr_city": null, "osm_id": 4059245193, "osm_type": "nodes" }, "geometry": { "type": "Point", "coordinates": [ 80.2421636, 6.0865217 ] } },
{ "type": "Feature", "properties": { "name": "Kumarathunga Munidasa Vidyalaya", "amenity": "school", "addr_city": "Kaduwela", "osm_id": 4054041376, "osm_type": "nodes" }, "geometry": { "type": "Point", "coordinates": [ 79.9933592, 6.9344144 ] } },
{ "type": "Feature", "properties": { "name": "PEARL", "amenity": "school", "addr_city": null, "osm_id": 7278954470, "osm_type": "nodes" }, "geometry": { "type": "Point", "coordinates": [ 79.7105486, 8.1357069 ] } },
{ "type": "Feature", "properties": { "name": "National School", "amenity": "school", "addr_city": "Kalawana", "osm_id": 4045510672, "osm_type": "nodes" }, "geometry": { "type": "Point", "coordinates": [ 80.4006931, 6.5358383 ] } },
{ "type": "Feature", "properties": { "name": "Central College", "amenity": "school", "addr_city": "Kahawatta", "osm_id": 4045190948, "osm_type": "nodes" }, "geometry": { "type": "Point", "coordinates": [ 80.5730045, 6.5768627 ] } },
{ "type": "Feature", "properties": { "name": "Primary School", "amenity": "school", "addr_city": "Kahawatta", "osm_id": 4045190960, "osm_type": "nodes" }, "geometry": { "type": "Point", "coordinates": [ 80.574471, 6.5769913 ] } },
{ "type": "Feature", "properties": { "name": "St. Anthony's Girls College", "amenity": "school", "addr_city": "Katugasthota", "osm_id": 3729708962, "osm_type": "nodes" }, "geometry": { "type": "Point", "coordinates": [ 80.6293885, 7.3205177 ] } },
{ "type": "Feature", "properties": { "name": "Central College", "amenity": "school", "addr_city": "Polgolla", "osm_id": 4039790775, "osm_type": "nodes" }, "geometry": { "type": "Point", "coordinates": [ 80.6598495, 7.3250372 ] } },
{ "type": "Feature", "properties": { "name": "Galpihilla Primary School", "amenity": "school", "addr_city": "Kundasale", "osm_id": 4039495740, "osm_type": "nodes" }, "geometry": { "type": "Point", "coordinates": [ 80.7057282, 7.3487345 ] } },
{ "type": "Feature", "properties": { "name": "Deepangoda Sri Medhananda Maha Vidyalaya", "amenity": "school", "addr_city": "Deepangoda", "osm_id": 599713336, "osm_type": "nodes" }, "geometry": { "type": "Point", "coordinates": [ 79.9820128, 6.816558 ] } },
{ "type": "Feature", "properties": { "name": "Vidyadeepa Maha Vidyalaya", "amenity": "school", "addr_city": "Mattegoda", "osm_id": 599762465, "osm_type": "nodes" }, "geometry": { "type": "Point", "coordinates": [ 79.966435, 6.8295514 ] } },
{ "type": "Feature", "properties": { "name": "Matuwagala Maha Vidyalaya", "amenity": "school", "addr_city": null, "osm_id": 10304642622, "osm_type": "nodes" }, "geometry": { "type": "Point", "coordinates": [ 80.2797188, 6.7556135 ] } },
{ "type": "Feature", "properties": { "name": "Kaduruwela Nagara Maha Vidyalaya", "amenity": "school", "addr_city": null, "osm_id": 4013127121, "osm_type": "nodes" }, "geometry": { "type": "Point", "coordinates": [ 81.0368829, 7.9270942 ] } },
{ "type": "Feature", "properties": { "name": "Muslim Maha Vidyalaya", "amenity": "school", "addr_city": "Thillaiyadi", "osm_id": 3696397750, "osm_type": "nodes" }, "geometry": { "type": "Point", "coordinates": [ 79.8393131, 8.0121443 ] } },
{ "type": "Feature", "properties": { "name": "Annai Montesorri centre", "amenity": "school", "addr_city": null, "osm_id": 11473277716, "osm_type": "nodes" }, "geometry": { "type": "Point", "coordinates": [ 79.8379281, 8.0100407 ] } },
{ "type": "Feature", "properties": { "name": "Kn/Tharmakerni GTMS", "amenity": "school", "addr_city": null, "osm_id": 4362842941, "osm_type": "nodes" }, "geometry": { "type": "Point", "coordinates": [ 80.3433703, 9.5884573 ] } },
{ "type": "Feature", "properties": { "name": "J/Dribeg College", "amenity": "school", "addr_city": null, "osm_id": 3540601593, "osm_type": "nodes" }, "geometry": { "type": "Point", "coordinates": [ 80.1629502, 9.6594821 ] } },
{ "type": "Feature", "properties": { "name": "J/Amithambigai Vidayalayam", "amenity": "school", "addr_city": null, "osm_id": 3540601710, "osm_type": "nodes" }, "geometry": { "type": "Point", "coordinates": [ 80.1547645, 9.6614782 ] } },
{ "type": "Feature", "properties": { "name": "Nuffied School for the Deaf and Blind", "amenity": "school", "addr_city": null, "osm_id": 4452191889, "osm_type": "nodes" }, "geometry": { "type": "Point", "coordinates": [ 80.0917617, 9.6720822 ] } },
{ "type": "Feature", "properties": { "name": "J/Sri Barwathy Vidyalayam", "amenity": "school", "addr_city": null, "osm_id": 5667347339, "osm_type": "nodes" }, "geometry": { "type": "Point", "coordinates": [ 80.047693, 9.6601192 ] } },
{ "type": "Feature", "properties": { "name": "Ragala High School", "amenity": "school", "addr_city": null, "osm_id": 5220190796, "osm_type": "nodes" }, "geometry": { "type": "Point", "coordinates": [ 80.8617139, 7.0138064 ] } },
{ "type": "Feature", "properties": { "name": "Siyane National School Play Ground", "amenity": "school", "addr_city": "Dompe", "osm_id": 3056924382, "osm_type": "nodes" }, "geometry": { "type": "Point", "coordinates": [ 80.0705768, 6.94392 ] } },
{ "type": "Feature", "properties": { "name": "Cathedral Balika Primary Schoo", "amenity": "school", "addr_city": null, "osm_id": 3780541983, "osm_type": "nodes" }, "geometry": { "type": "Point", "coordinates": [ 79.859608, 6.954206 ] } },
{ "type": "Feature", "properties": { "name": "St Anthony's Girls School", "amenity": "school", "addr_city": null, "osm_id": 3954289056, "osm_type": "nodes" }, "geometry": { "type": "Point", "coordinates": [ 79.8669135, 6.9650292 ] } },
{ "type": "Feature", "properties": { "name": "Presidents College", "amenity": "school", "addr_city": null, "osm_id": 5174218748, "osm_type": "nodes" }, "geometry": { "type": "Point", "coordinates": [ 79.9019351, 6.9543205 ] } },
{ "type": "Feature", "properties": { "name": "Hamsa College", "amenity": "school", "addr_city": null, "osm_id": 5206283380, "osm_type": "nodes" }, "geometry": { "type": "Point", "coordinates": [ 79.8642774, 6.9629355 ] } },
{ "type": "Feature", "properties": { "name": "Cathedral (Boys) School", "amenity": "school", "addr_city": null, "osm_id": 6538624419, "osm_type": "nodes" }, "geometry": { "type": "Point", "coordinates": [ 79.8628711, 6.9497289 ] } },
{ "type": "Feature", "properties": { "name": "Hathnagoda Primary School", "amenity": "school", "addr_city": null, "osm_id": 3712051325, "osm_type": "nodes" }, "geometry": { "type": "Point", "coordinates": [ 80.2890746, 7.2701601 ] } },
{ "type": "Feature", "properties": { "name": "Yatalathissa Vidyalaya", "amenity": "school", "addr_city": null, "osm_id": 6209870972, "osm_type": "nodes" }, "geometry": { "type": "Point", "coordinates": [ 80.2836509, 7.2389058 ] } },
{ "type": "Feature", "properties": { "name": "Batuwatta Maha Vidyalaya", "amenity": "school", "addr_city": null, "osm_id": 1292891941, "osm_type": "nodes" }, "geometry": { "type": "Point", "coordinates": [ 79.9298682, 7.0579226 ] } },
{ "type": "Feature", "properties": { "name": "St. Anthony's Tamil Maha Vidyalaya", "amenity": "school", "addr_city": null, "osm_id": 3954317212, "osm_type": "nodes" }, "geometry": { "type": "Point", "coordinates": [ 79.8720936, 6.9607099 ] } },
{ "type": "Feature", "properties": { "name": "Usmaniyah Arabic College", "amenity": "school", "addr_city": null, "osm_id": 3954317296, "osm_type": "nodes" }, "geometry": { "type": "Point", "coordinates": [ 79.8737483, 6.9629673 ] } },
{ "type": "Feature", "properties": { "name": "Agamethi Vidyalaya", "amenity": "school", "addr_city": null, "osm_id": 3780541960, "osm_type": "nodes" }, "geometry": { "type": "Point", "coordinates": [ 79.8685462, 6.9572063 ] } },
{ "type": "Feature", "properties": { "name": "Pilana Vidyarthodaya Maha Vidyalaya", "amenity": "school", "addr_city": null, "osm_id": 3054837966, "osm_type": "nodes" }, "geometry": { "type": "Point", "coordinates": [ 80.294554, 6.0367362 ] } },
{ "type": "Feature", "properties": { "name": "Sariputta Vidyalaya", "amenity": "school", "addr_city": "Ahangama", "osm_id": 2643487661, "osm_type": "nodes" }, "geometry": { "type": "Point", "coordinates": [ 80.3610227, 5.9736123 ] } },
{ "type": "Feature", "properties": { "name": "J/Saravaanai Nageswary M.V", "amenity": "school", "addr_city": "Saravanai West", "osm_id": 5051954199, "osm_type": "nodes" }, "geometry": { "type": "Point", "coordinates": [ 79.8944937, 9.6647002 ] } },
{ "type": "Feature", "properties": { "name": "J/Velanai East Maha Vidiyalayam", "amenity": "school", "addr_city": null, "osm_id": 5052079821, "osm_type": "nodes" }, "geometry": { "type": "Point", "coordinates": [ 79.9025768, 9.6277081 ] } },
{ "type": "Feature", "properties": { "name": "NCP/A/A/NO/ThalagaswewaVidyaravindra Vidyalaya", "amenity": "school", "addr_city": null, "osm_id": 8667268445, "osm_type": "nodes" }, "geometry": { "type": "Point", "coordinates": [ 80.1821293, 8.2847648 ] } },
{ "type": "Feature", "properties": { "name": "NCP/A/A/NO/Horuwila Vidyalaya", "amenity": "school", "addr_city": null, "osm_id": 8667268444, "osm_type": "nodes" }, "geometry": { "type": "Point", "coordinates": [ 80.1466852, 8.2726501 ] } },
{ "type": "Feature", "properties": { "name": "NCP/A/A/WI/Kimbulwewa Ananda Vidyalaya", "amenity": "school", "addr_city": null, "osm_id": 8666977730, "osm_type": "nodes" }, "geometry": { "type": "Point", "coordinates": [ 80.2497062, 8.5125091 ] } },
{ "type": "Feature", "properties": { "name": "NCP/A/TB/TB/Thelhiriyawa Vidyalaya", "amenity": "school", "addr_city": null, "osm_id": 8668302040, "osm_type": "nodes" }, "geometry": { "type": "Point", "coordinates": [ 80.3258984, 8.152489 ] } },
{ "type": "Feature", "properties": { "name": "Meegalewa Mahaweli National School", "amenity": "school", "addr_city": null, "osm_id": 9411086581, "osm_type": "nodes" }, "geometry": { "type": "Point", "coordinates": [ 80.3424542, 8.0665716 ] } },
{ "type": "Feature", "properties": { "name": "Tammennapura", "amenity": "school", "addr_city": null, "osm_id": 2910222621, "osm_type": "nodes" }, "geometry": { "type": "Point", "coordinates": [ 80.4424908, 8.3046023 ] } },
{ "type": "Feature", "properties": { "name": "Thuruwila School", "amenity": "school", "addr_city": null, "osm_id": 4365574491, "osm_type": "nodes" }, "geometry": { "type": "Point", "coordinates": [ 80.436293, 8.2274915 ] } },
{ "type": "Feature", "properties": { "name": "Muslim Vidyalaya", "amenity": "school", "addr_city": null, "osm_id": 2834985601, "osm_type": "nodes" }, "geometry": { "type": "Point", "coordinates": [ 80.599757, 8.0984321 ] } },
{ "type": "Feature", "properties": { "name": "Rathnawali Balika Maha Vidyalaya", "amenity": "school", "addr_city": "Colombo 08", "osm_id": 653114084, "osm_type": "nodes" }, "geometry": { "type": "Point", "coordinates": [ 79.8744749, 6.9183511 ] } },
{ "type": "Feature", "properties": { "name": "Tamil School", "amenity": "school", "addr_city": null, "osm_id": 2034242941, "osm_type": "nodes" }, "geometry": { "type": "Point", "coordinates": [ 79.8808764, 6.9289525 ] } },
{ "type": "Feature", "properties": { "name": "C.W.W. Kannangara Vidyalaya", "amenity": "school", "addr_city": null, "osm_id": 3780541981, "osm_type": "nodes" }, "geometry": { "type": "Point", "coordinates": [ 79.876726, 6.918495 ] } },
{ "type": "Feature", "properties": { "name": "Tamil School", "amenity": "school", "addr_city": null, "osm_id": 3780547672, "osm_type": "nodes" }, "geometry": { "type": "Point", "coordinates": [ 79.880894, 6.9285 ] } },
{ "type": "Feature", "properties": { "name": null, "amenity": "school", "addr_city": null, "osm_id": 12353342801, "osm_type": "nodes" }, "geometry": { "type": "Point", "coordinates": [ 80.5333117, 5.9526957 ] } },
{ "type": "Feature", "properties": { "name": "Mu/Udaiyarkaddu Maha Vidyalayam", "amenity": "school", "addr_city": null, "osm_id": 4454623898, "osm_type": "nodes" }, "geometry": { "type": "Point", "coordinates": [ 80.6087673, 9.3547209 ] } },
{ "type": "Feature", "properties": { "name": null, "amenity": "school", "addr_city": null, "osm_id": 11533936834, "osm_type": "nodes" }, "geometry": { "type": "Point", "coordinates": [ 80.5126297, 6.100703 ] } },
{ "type": "Feature", "properties": { "name": null, "amenity": "kindergarten", "addr_city": null, "osm_id": 13059870186, "osm_type": "nodes" }, "geometry": { "type": "Point", "coordinates": [ 80.6852249, 6.0801387 ] } },
{ "type": "Feature", "properties": { "name": null, "amenity": "kindergarten", "addr_city": null, "osm_id": 3954317043, "osm_type": "nodes" }, "geometry": { "type": "Point", "coordinates": [ 79.8700302, 6.9654905 ] } },
{ "type": "Feature", "properties": { "name": "IDM Nations Campus", "amenity": "college", "addr_city": null, "osm_id": 4052544492, "osm_type": "nodes" }, "geometry": { "type": "Point", "coordinates": [ 79.9997397, 7.0919946 ] } },
{ "type": "Feature", "properties": { "name": "Open University of Sri Lanka", "amenity": "college", "addr_city": "Polgolla", "osm_id": 2190745317, "osm_type": "nodes" }, "geometry": { "type": "Point", "coordinates": [ 80.6521368, 7.3257552 ] } },
{ "type": "Feature", "properties": { "name": "Mahaweli National College of Education", "amenity": "college", "addr_city": "Polgolla", "osm_id": 2343216560, "osm_type": "nodes" }, "geometry": { "type": "Point", "coordinates": [ 80.6519226, 7.3210983 ] } },
{ "type": "Feature", "properties": { "name": "Uswathun Hasana Maha Vidyalaya", "amenity": "college", "addr_city": null, "osm_id": 3081634099, "osm_type": "nodes" }, "geometry": { "type": "Point", "coordinates": [ 80.2422778, 6.0323077 ] } },
{ "type": "Feature", "properties": { "name": "Kingston College International", "amenity": "college", "addr_city": "Colombo", "osm_id": 6615719531, "osm_type": "nodes" }, "geometry": { "type": "Point", "coordinates": [ 79.863071, 6.961257 ] } },
{ "type": "Feature", "properties": { "name": "??? / ???????? ??? ??????????", "amenity": "college", "addr_city": null, "osm_id": 7250854582, "osm_type": "nodes" }, "geometry": { "type": "Point", "coordinates": [ 81.8110498, 7.4147526 ] } },
{ "type": "Feature", "properties": { "name": "AAT", "amenity": "college", "addr_city": null, "osm_id": 621817275, "osm_type": "nodes" }, "geometry": { "type": "Point", "coordinates": [ 79.8769024, 6.8966414 ] } },
{ "type": "Feature", "properties": { "name": "Aquinas College", "amenity": "college", "addr_city": "Borella", "osm_id": 653114086, "osm_type": "nodes" }, "geometry": { "type": "Point", "coordinates": [ 79.8748799, 6.9172115 ] } },
{ "type": "Feature", "properties": { "name": "Faculty of Engineering, University of Sri Jayewardenepura", "amenity": "university", "addr_city": null, "osm_id": 13061424303, "osm_type": "nodes" }, "geometry": { "type": "Point", "coordinates": [ 79.9682511, 6.8235913 ] } },
{ "type": "Feature", "properties": { "name": "Sri Lanka Institute of Marketing", "amenity": "university", "addr_city": null, "osm_id": 4036074892, "osm_type": "nodes" }, "geometry": { "type": "Point", "coordinates": [ 80.6206753, 7.2821692 ] } },
{ "type": "Feature", "properties": { "name": "Faculty Of Sidha Medicine-UOJ", "amenity": "university", "addr_city": null, "osm_id": 4452191891, "osm_type": "nodes" }, "geometry": { "type": "Point", "coordinates": [ 80.0934296, 9.6697212 ] } },
{ "type": "Feature", "properties": { "name": "National Institute Of Nautical Engineering", "amenity": "university", "addr_city": null, "osm_id": 4464904890, "osm_type": "nodes" }, "geometry": { "type": "Point", "coordinates": [ 80.0139473, 9.6578142 ] } },
{ "type": "Feature", "properties": { "name": "Ocean University - Jaffna Campus", "amenity": "university", "addr_city": null, "osm_id": 4464904894, "osm_type": "nodes" }, "geometry": { "type": "Point", "coordinates": [ 80.0141136, 9.6580874 ] } },
{ "type": "Feature", "properties": { "name": "Model School Tangalle", "amenity": "school", "addr_city": null, "osm_id": 3200313654, "osm_type": "nodes" }, "geometry": { "type": "Point", "coordinates": [ 80.7918447, 6.0233159 ] } },
{ "type": "Feature", "properties": { "name": "Tangalle Primary School", "amenity": "school", "addr_city": "Tangalle", "osm_id": 3200313653, "osm_type": "nodes" }, "geometry": { "type": "Point", "coordinates": [ 80.7933692, 6.02539 ] } },
{ "type": "Feature", "properties": { "name": null, "amenity": null, "addr_city": null, "osm_id": 2908781798, "osm_type": "nodes" }, "geometry": { "type": "Point", "coordinates": [ 80.7084924, 6.6424279 ] } },
{ "type": "Feature", "properties": { "name": "Siri Abayathissa Junior School", "amenity": null, "addr_city": "Wathugedara", "osm_id": 2755714992, "osm_type": "nodes" }, "geometry": { "type": "Point", "coordinates": [ 80.0592184, 6.2599785 ] } },
{ "type": "Feature", "properties": { "name": "Mirahawatta shool", "amenity": "school", "addr_city": null, "osm_id": 2921376820, "osm_type": "nodes" }, "geometry": { "type": "Point", "coordinates": [ 80.9379897, 6.8654688 ] } },
{ "type": "Feature", "properties": { "name": "Louvre Int. School", "amenity": "school", "addr_city": null, "osm_id": 1530607218, "osm_type": "nodes" }, "geometry": { "type": "Point", "coordinates": [ 79.946069, 6.856859 ] } },
{ "type": "Feature", "properties": { "name": "Sri Rahula Balika Maha Vidyalaya", "amenity": "school", "addr_city": null, "osm_id": 620524466, "osm_type": "nodes" }, "geometry": { "type": "Point", "coordinates": [ 79.9561321, 6.9036373 ] } },
{ "type": "Feature", "properties": { "name": "Hunupitiya Bandaranayake College", "amenity": "school", "addr_city": null, "osm_id": 1840750551, "osm_type": "nodes" }, "geometry": { "type": "Point", "coordinates": [ 79.9104817, 6.9838638 ] } },
{ "type": "Feature", "properties": { "name": "J/Nallur South Sri Vigneswara Vidyalayam", "amenity": "school", "addr_city": "Nallur", "osm_id": 3536445413, "osm_type": "nodes" }, "geometry": { "type": "Point", "coordinates": [ 80.0325708, 9.6657759 ] } },
{ "type": "Feature", "properties": { "name": null, "amenity": "school", "addr_city": null, "osm_id": 13347065680, "osm_type": "nodes" }, "geometry": { "type": "Point", "coordinates": [ 80.155209, 7.9599592 ] } },
{ "type": "Feature", "properties": { "name": "Dambadeniya Parakumba Centeral College", "amenity": "school", "addr_city": null, "osm_id": 2902377703, "osm_type": "nodes" }, "geometry": { "type": "Point", "coordinates": [ 80.1488431, 7.3668465 ] } },
{ "type": "Feature", "properties": { "name": "Galle/Opatha Secondary School,Opatha.", "amenity": "school", "addr_city": null, "osm_id": 7777690005, "osm_type": "nodes" }, "geometry": { "type": "Point", "coordinates": [ 80.4134725, 6.266755 ] } },
{ "type": "Feature", "properties": { "name": "Galle/Mahabodhi Maha Vidyalaya,Panangala", "amenity": "school", "addr_city": null, "osm_id": 7777278760, "osm_type": "nodes" }, "geometry": { "type": "Point", "coordinates": [ 80.3243776, 6.2623571 ] } },
{ "type": "Feature", "properties": { "name": "Hameed Al Hussaini College", "amenity": "school", "addr_city": null, "osm_id": 682601036, "osm_type": "nodes" }, "geometry": { "type": "Point", "coordinates": [ 79.8598042, 6.9408877 ] } },
{ "type": "Feature", "properties": { "name": "Ananda Vidyalaya Nawala", "amenity": "school", "addr_city": null, "osm_id": 679017352, "osm_type": "nodes" }, "geometry": { "type": "Point", "coordinates": [ 79.8888111, 6.8930981 ] } },
{ "type": "Feature", "properties": { "name": "Don Bosco Palliyawatta", "amenity": "school", "addr_city": null, "osm_id": 660913866, "osm_type": "nodes" }, "geometry": { "type": "Point", "coordinates": [ 79.8698714, 6.9868082 ] } },
{ "type": "Feature", "properties": { "name": "Zahira College", "amenity": "school", "addr_city": null, "osm_id": 653129368, "osm_type": "nodes" }, "geometry": { "type": "Point", "coordinates": [ 79.8648297, 6.9277024 ] } },
{ "type": "Feature", "properties": { "name": "Pelawa navodya maha vidyalaya", "amenity": "school", "addr_city": "Mruthalawa", "osm_id": 6078196434, "osm_type": "nodes" }, "geometry": { "type": "Point", "coordinates": [ 80.5688354, 7.2989258 ] } },
{ "type": "Feature", "properties": { "name": "Colombo South International College", "amenity": "school", "addr_city": null, "osm_id": 666903861, "osm_type": "nodes" }, "geometry": { "type": "Point", "coordinates": [ 79.8802961, 6.8664231 ] } },
{ "type": "Feature", "properties": { "name": "J/Vigneswara College", "amenity": "school", "addr_city": null, "osm_id": 5641992890, "osm_type": "nodes" }, "geometry": { "type": "Point", "coordinates": [ 80.1954386, 9.7910868 ] } },
{ "type": "Feature", "properties": { "name": "Dambavnna shri saranankara viduhala", "amenity": "school", "addr_city": null, "osm_id": 2921334809, "osm_type": "nodes" }, "geometry": { "type": "Point", "coordinates": [ 80.9204159, 6.896534 ] } },
{ "type": "Feature", "properties": { "name": "Wayamba Janadhipathi Vidyalaya - Medagampola", "amenity": "school", "addr_city": null, "osm_id": 2918231465, "osm_type": "nodes" }, "geometry": { "type": "Point", "coordinates": [ 80.2301584, 7.32503 ] } },
{ "type": "Feature", "properties": { "name": null, "amenity": "school", "addr_city": null, "osm_id": 10157355147, "osm_type": "nodes" }, "geometry": { "type": "Point", "coordinates": [ 81.3032021, 8.487747 ] } },
{ "type": "Feature", "properties": { "name": "Sri Sumangala Navodya Vidyalaya", "amenity": "school", "addr_city": null, "osm_id": 2910735263, "osm_type": "nodes" }, "geometry": { "type": "Point", "coordinates": [ 80.2744712, 6.0779813 ] } },
{ "type": "Feature", "properties": { "name": "Moragane Maha Vidyalaya", "amenity": "school", "addr_city": null, "osm_id": 2910677382, "osm_type": "nodes" }, "geometry": { "type": "Point", "coordinates": [ 80.1434868, 7.5481831 ] } },
{ "type": "Feature", "properties": { "name": "H/Getamanna North K.V.", "amenity": "school", "addr_city": null, "osm_id": 2909850851, "osm_type": "nodes" }, "geometry": { "type": "Point", "coordinates": [ 80.6780888, 6.0475249 ] } },
{ "type": "Feature", "properties": { "name": "Sugathapala Vidyalaya", "amenity": "school", "addr_city": null, "osm_id": 2907000973, "osm_type": "nodes" }, "geometry": { "type": "Point", "coordinates": [ 80.0545482, 6.7564064 ] } },
{ "type": "Feature", "properties": { "name": "Christ Church Girl's College", "amenity": "school", "addr_city": null, "osm_id": 2906676002, "osm_type": "nodes" }, "geometry": { "type": "Point", "coordinates": [ 80.1802074, 6.1761136 ] } },
{ "type": "Feature", "properties": { "name": "ST. Thomas' Girls' High School", "amenity": "school", "addr_city": null, "osm_id": 2902108551, "osm_type": "nodes" }, "geometry": { "type": "Point", "coordinates": [ 80.5485912, 5.953255 ] } },
{ "type": "Feature", "properties": { "name": "Meegahakiula central college", "amenity": "school", "addr_city": null, "osm_id": 2902110870, "osm_type": "nodes" }, "geometry": { "type": "Point", "coordinates": [ 81.0456628, 7.13265 ] } },
{ "type": "Feature", "properties": { "name": "Sudharmajothi Primary School Ohaoya", "amenity": "school", "addr_city": null, "osm_id": 7180922623, "osm_type": "nodes" }, "geometry": { "type": "Point", "coordinates": [ 81.3519298, 7.5272101 ] } },
{ "type": "Feature", "properties": { "name": "A/Kalawewa Muslim Central College-National School", "amenity": "school", "addr_city": null, "osm_id": 9771160435, "osm_type": "nodes" }, "geometry": { "type": "Point", "coordinates": [ 80.5285509, 8.0219817 ] } },
{ "type": "Feature", "properties": { "name": "Carmel Preschool", "amenity": "kindergarten", "addr_city": null, "osm_id": 4508779334, "osm_type": "nodes" }, "geometry": { "type": "Point", "coordinates": [ 80.0264747, 9.6648301 ] } },
{ "type": "Feature", "properties": { "name": "Denipitiya Maha Viddyalaya", "amenity": "college", "addr_city": null, "osm_id": 2902332423, "osm_type": "nodes" }, "geometry": { "type": "Point", "coordinates": [ 80.4548603, 5.9800867 ] } },
{ "type": "Feature", "properties": { "name": "Institute of Indigenous Medicine", "amenity": "university", "addr_city": null, "osm_id": 4191037991, "osm_type": "nodes" }, "geometry": { "type": "Point", "coordinates": [ 79.8900208, 6.9086796 ] } },
{ "type": "Feature", "properties": { "name": "Sir John Kotalawala Maha Vidyalaya", "amenity": null, "addr_city": "Piliyandala", "osm_id": 3524802356, "osm_type": "nodes" }, "geometry": { "type": "Point", "coordinates": [ 79.9253522, 6.7968385 ] } },
{ "type": "Feature", "properties": { "name": "Sri Saranankara National College Bingiriya", "amenity": "school", "addr_city": "Bingiriya", "osm_id": 7176582360, "osm_type": "nodes" }, "geometry": { "type": "Point", "coordinates": [ 79.9383432, 7.5990366 ] } },
{ "type": "Feature", "properties": { "name": null, "amenity": "school", "addr_city": null, "osm_id": 5898406985, "osm_type": "nodes" }, "geometry": { "type": "Point", "coordinates": [ 81.8401017, 7.3860148 ] } },
{ "type": "Feature", "properties": { "name": null, "amenity": "school", "addr_city": null, "osm_id": 9521656717, "osm_type": "nodes" }, "geometry": { "type": "Point", "coordinates": [ 80.0991821, 6.1593899 ] } },
{ "type": "Feature", "properties": { "name": "Maligathenna M.V.", "amenity": "school", "addr_city": "Monaragala", "osm_id": 13155679169, "osm_type": "nodes" }, "geometry": { "type": "Point", "coordinates": [ 81.2410326, 6.9008987 ] } },
{ "type": "Feature", "properties": { "name": "Yosu Language Centre", "amenity": "school", "addr_city": null, "osm_id": 7159914850, "osm_type": "nodes" }, "geometry": { "type": "Point", "coordinates": [ 80.5354556, 5.9524398 ] } },
{ "type": "Feature", "properties": { "name": "deiyandara school", "amenity": "school", "addr_city": null, "osm_id": 7159813188, "osm_type": "nodes" }, "geometry": { "type": "Point", "coordinates": [ 80.6030363, 6.1552914 ] } },
{ "type": "Feature", "properties": { "name": "Stafford International School", "amenity": "school", "addr_city": "Colombo 07", "osm_id": 1839445245, "osm_type": "nodes" }, "geometry": { "type": "Point", "coordinates": [ 79.8640536, 6.9079093 ] } },
{ "type": "Feature", "properties": { "name": "Mu/Ekathugaswewa Vidyalaya", "amenity": "school", "addr_city": null, "osm_id": 4427164988, "osm_type": "nodes" }, "geometry": { "type": "Point", "coordinates": [ 80.8041384, 8.9878328 ] } },
{ "type": "Feature", "properties": { "name": "Mu/Moonkilaaru Primary", "amenity": "school", "addr_city": null, "osm_id": 4883968142, "osm_type": "nodes" }, "geometry": { "type": "Point", "coordinates": [ 80.5926794, 9.3535622 ] } },
{ "type": "Feature", "properties": { "name": "Sujatha Vidyalaya Nugegoda", "amenity": "school", "addr_city": null, "osm_id": 2091753196, "osm_type": "nodes" }, "geometry": { "type": "Point", "coordinates": [ 79.8970866, 6.8650441 ] } },
{ "type": "Feature", "properties": { "name": "Namagal Vidyalaya", "amenity": "school", "addr_city": null, "osm_id": 1880451336, "osm_type": "nodes" }, "geometry": { "type": "Point", "coordinates": [ 81.5591775, 7.9192454 ] } },
{ "type": "Feature", "properties": { "name": "Kumbalgama", "amenity": "school", "addr_city": null, "osm_id": 1812176880, "osm_type": "nodes" }, "geometry": { "type": "Point", "coordinates": [ 80.582445, 5.9478586 ] } },
{ "type": "Feature", "properties": { "name": "ceebees", "amenity": "kindergarten", "addr_city": null, "osm_id": 12223406475, "osm_type": "nodes" }, "geometry": { "type": "Point", "coordinates": [ 79.8580224, 6.9025855 ] } },
{ "type": "Feature", "properties": { "name": "Wayamba National College of Education", "amenity": "university", "addr_city": "Bingiriya", "osm_id": 7176582354, "osm_type": "nodes" }, "geometry": { "type": "Point", "coordinates": [ 79.9489624, 7.5990495 ] } },
{ "type": "Feature", "properties": { "name": "Hathareswela Vidyalaya", "amenity": null, "addr_city": null, "osm_id": 2831907386, "osm_type": "nodes" }, "geometry": { "type": "Point", "coordinates": [ 80.4214809, 8.3669659 ] } },
{ "type": "Feature", "properties": { "name": "Nalanda Education Institution (Pvt) Ltd.", "amenity": null, "addr_city": null, "osm_id": 2822232343, "osm_type": "nodes" }, "geometry": { "type": "Point", "coordinates": [ 81.0189524, 7.9400648 ] } },
{ "type": "Feature", "properties": { "name": "M.S Kariyapper Primary School;divisional education office sainthamaruthu", "amenity": null, "addr_city": "Sainthamaruthu", "osm_id": 3317976519, "osm_type": "nodes" }, "geometry": { "type": "Point", "coordinates": [ 81.8340753, 7.3902609 ] } },
{ "type": "Feature", "properties": { "name": null, "amenity": "school", "addr_city": null, "osm_id": 11449379402, "osm_type": "nodes" }, "geometry": { "type": "Point", "coordinates": [ 79.8907831, 6.9425341 ] } },
{ "type": "Feature", "properties": { "name": "V/Veeramanikkankulam Thirumagal Vidyalayam", "amenity": "school", "addr_city": null, "osm_id": 5834928624, "osm_type": "nodes" }, "geometry": { "type": "Point", "coordinates": [ 80.3443348, 8.6180241 ] } },
{ "type": "Feature", "properties": { "name": null, "amenity": "school", "addr_city": null, "osm_id": 2834994801, "osm_type": "nodes" }, "geometry": { "type": "Point", "coordinates": [ 80.4797446, 8.2988411 ] } },
{ "type": "Feature", "properties": { "name": "V/Pavatkulam Maha Vidyalayam", "amenity": "school", "addr_city": null, "osm_id": 4078312595, "osm_type": "nodes" }, "geometry": { "type": "Point", "coordinates": [ 80.417449, 8.699198 ] } },
{ "type": "Feature", "properties": { "name": "V/Stage I Vidyalaya", "amenity": "school", "addr_city": "Pavakkulam", "osm_id": 5652627630, "osm_type": "nodes" }, "geometry": { "type": "Point", "coordinates": [ 80.386073, 8.6968313 ] } },
{ "type": "Feature", "properties": { "name": "KELEDIULWEWA VIDUHALA", "amenity": "school", "addr_city": null, "osm_id": 11442932154, "osm_type": "nodes" }, "geometry": { "type": "Point", "coordinates": [ 80.4553445, 8.1235294 ] } },
{ "type": "Feature", "properties": { "name": "SENAPURA MAHA VIDYALAYA", "amenity": "school", "addr_city": null, "osm_id": 11442932163, "osm_type": "nodes" }, "geometry": { "type": "Point", "coordinates": [ 80.4590799, 8.0942405 ] } },
{ "type": "Feature", "properties": { "name": "?? - ??????????? ???? ???????", "amenity": "school", "addr_city": "Ilavalai", "osm_id": 5625784343, "osm_type": "nodes" }, "geometry": { "type": "Point", "coordinates": [ 79.9861926, 9.7786163 ] } },
{ "type": "Feature", "properties": { "name": "Medirigiriya Central College", "amenity": "school", "addr_city": null, "osm_id": 2286402633, "osm_type": "nodes" }, "geometry": { "type": "Point", "coordinates": [ 80.9688008, 8.1428665 ] } },
{ "type": "Feature", "properties": { "name": "Najaa International School", "amenity": "school", "addr_city": null, "osm_id": 7133210345, "osm_type": "nodes" }, "geometry": { "type": "Point", "coordinates": [ 79.8691585, 6.8386201 ] } },
{ "type": "Feature", "properties": { "name": "T/MU/HINDU COLLEGE, Elangaithuraimugathuwaram", "amenity": "school", "addr_city": null, "osm_id": 11436812427, "osm_type": "nodes" }, "geometry": { "type": "Point", "coordinates": [ 81.3838935, 8.3509648 ] } },
{ "type": "Feature", "properties": { "name": "THUWARAGA SCHOOL", "amenity": "school", "addr_city": null, "osm_id": 11436812446, "osm_type": "nodes" }, "geometry": { "type": "Point", "coordinates": [ 81.3948261, 8.2708672 ] } },
{ "type": "Feature", "properties": { "name": "B/Yahalarawa Tamil Maha Vidyalaya", "amenity": "school", "addr_city": null, "osm_id": 9790618907, "osm_type": "nodes" }, "geometry": { "type": "Point", "coordinates": [ 80.924367, 6.933758 ] } },
{ "type": "Feature", "properties": { "name": "V/Tharanikkulam Primary School", "amenity": "school", "addr_city": null, "osm_id": 5721968952, "osm_type": "nodes" }, "geometry": { "type": "Point", "coordinates": [ 80.4307829, 8.8249477 ] } },
{ "type": "Feature", "properties": { "name": "Kn/Pallikkuda Vidyalayam", "amenity": "school", "addr_city": null, "osm_id": 4177992798, "osm_type": "nodes" }, "geometry": { "type": "Point", "coordinates": [ 80.1943333, 9.4884996 ] } },
{ "type": "Feature", "properties": { "name": "Kn/Poonakary Sri Vikneswara Vidyalayam", "amenity": "school", "addr_city": null, "osm_id": 5720839403, "osm_type": "nodes" }, "geometry": { "type": "Point", "coordinates": [ 80.2037272, 9.4742523 ] } },
{ "type": "Feature", "properties": { "name": "Kn/Mulangavil Primary Vidyalayam", "amenity": "school", "addr_city": "Mulankavil", "osm_id": 5720690116, "osm_type": "nodes" }, "geometry": { "type": "Point", "coordinates": [ 80.1398428, 9.2472783 ] } },
{ "type": "Feature", "properties": { "name": "J/Neervely South HTMS", "amenity": "school", "addr_city": null, "osm_id": 5667407962, "osm_type": "nodes" }, "geometry": { "type": "Point", "coordinates": [ 80.0738465, 9.7139288 ] } },
{ "type": "Feature", "properties": { "name": "St. John's Primary School", "amenity": "school", "addr_city": null, "osm_id": 3780542053, "osm_type": "nodes" }, "geometry": { "type": "Point", "coordinates": [ 79.8894865, 6.8689893 ] } },
{ "type": "Feature", "properties": { "name": null, "amenity": "school", "addr_city": null, "osm_id": 9780882307, "osm_type": "nodes" }, "geometry": { "type": "Point", "coordinates": [ 80.0273565, 9.7058336 ] } },
{ "type": "Feature", "properties": { "name": null, "amenity": "school", "addr_city": null, "osm_id": 9780884888, "osm_type": "nodes" }, "geometry": { "type": "Point", "coordinates": [ 80.0255211, 9.705946 ] } },
{ "type": "Feature", "properties": { "name": "Lalith Athulathmudali College", "amenity": "school", "addr_city": "Mount Lavinia", "osm_id": 1654309527, "osm_type": "nodes" }, "geometry": { "type": "Point", "coordinates": [ 79.8717788, 6.8295595 ] } },
{ "type": "Feature", "properties": { "name": "J/Mallakam Maha Vidyalayam", "amenity": "school", "addr_city": null, "osm_id": 4403850457, "osm_type": "nodes" }, "geometry": { "type": "Point", "coordinates": [ 80.0303598, 9.7621773 ] } },
{ "type": "Feature", "properties": { "name": null, "amenity": "school", "addr_city": null, "osm_id": 7092914957, "osm_type": "nodes" }, "geometry": { "type": "Point", "coordinates": [ 81.1266823, 6.6208958 ] } },
{ "type": "Feature", "properties": { "name": null, "amenity": "school", "addr_city": null, "osm_id": 9780823746, "osm_type": "nodes" }, "geometry": { "type": "Point", "coordinates": [ 80.0273765, 9.7059564 ] } },
{ "type": "Feature", "properties": { "name": "Panama Sinhala Maha Vidyalaya", "amenity": "school", "addr_city": null, "osm_id": 13193567763, "osm_type": "nodes" }, "geometry": { "type": "Point", "coordinates": [ 81.8052011, 6.7564399 ] } },
{ "type": "Feature", "properties": { "name": "Holy Family Convent", "amenity": "school", "addr_city": null, "osm_id": 12401966986, "osm_type": "nodes" }, "geometry": { "type": "Point", "coordinates": [ 79.8639997, 6.8568947 ] } },
{ "type": "Feature", "properties": { "name": "BBCE College  International", "amenity": "college", "addr_city": null, "osm_id": 11449959928, "osm_type": "nodes" }, "geometry": { "type": "Point", "coordinates": [ 80.5675002, 7.1638105 ] } },
{ "type": "Feature", "properties": { "name": "St.Joseph's Balika Maha Vidyalaya Gampola", "amenity": "college", "addr_city": null, "osm_id": 11449963173, "osm_type": "nodes" }, "geometry": { "type": "Point", "coordinates": [ 80.5670833, 7.164758 ] } },
{ "type": "Feature", "properties": { "name": "E.T.M Hindu college", "amenity": "college", "addr_city": null, "osm_id": 11436812428, "osm_type": "nodes" }, "geometry": { "type": "Point", "coordinates": [ 81.3841999, 8.3506873 ] } },
{ "type": "Feature", "properties": { "name": "Ilankaithuraimukathuvaram junior school", "amenity": "college", "addr_city": null, "osm_id": 11436812429, "osm_type": "nodes" }, "geometry": { "type": "Point", "coordinates": [ 81.3811108, 8.3469783 ] } },
{ "type": "Feature", "properties": { "name": "ilankaithuraimugathuvatam primary school", "amenity": "college", "addr_city": null, "osm_id": 11436812430, "osm_type": "nodes" }, "geometry": { "type": "Point", "coordinates": [ 81.3807168, 8.3464841 ] } },
{ "type": "Feature", "properties": { "name": "T/Mu/ Punnaiyadi Namagal Vidyalayam", "amenity": "college", "addr_city": null, "osm_id": 11436812435, "osm_type": "nodes" }, "geometry": { "type": "Point", "coordinates": [ 81.3841341, 8.3186091 ] } },
{ "type": "Feature", "properties": { "name": "T/Mu/Valaiththodam GTMS", "amenity": "college", "addr_city": null, "osm_id": 11436812442, "osm_type": "nodes" }, "geometry": { "type": "Point", "coordinates": [ 81.3942849, 8.2923153 ] } },
{ "type": "Feature", "properties": { "name": "T/MU/MUTHTHUCHCHENAI GTM SCHOOL", "amenity": "college", "addr_city": null, "osm_id": 11436812444, "osm_type": "nodes" }, "geometry": { "type": "Point", "coordinates": [ 81.3928632, 8.2774027 ] } },
{ "type": "Feature", "properties": { "name": "seevali college", "amenity": "college", "addr_city": "500 Acres", "osm_id": 2822154960, "osm_type": "nodes" }, "geometry": { "type": "Point", "coordinates": [ 81.0166479, 7.9226341 ] } },
{ "type": "Feature", "properties": { "name": "Royal Primary College", "amenity": "college", "addr_city": "Newtown", "osm_id": 2821361139, "osm_type": "nodes" }, "geometry": { "type": "Point", "coordinates": [ 80.9973457, 7.9192032 ] } },
{ "type": "Feature", "properties": { "name": null, "amenity": "college", "addr_city": null, "osm_id": 11842923969, "osm_type": "nodes" }, "geometry": { "type": "Point", "coordinates": [ 79.8639902, 6.8511164 ] } },
{ "type": "Feature", "properties": { "name": "MAHAILUPPALLAMA SUB CAMPUS", "amenity": "university", "addr_city": null, "osm_id": 11442932157, "osm_type": "nodes" }, "geometry": { "type": "Point", "coordinates": [ 80.4421137, 8.0973487 ] } },
{ "type": "Feature", "properties": { "name": "Faculty of Management Studies and Commerce", "amenity": "university", "addr_city": null, "osm_id": 6251317683, "osm_type": "nodes" }, "geometry": { "type": "Point", "coordinates": [ 79.9043291, 6.8528494 ] } },
{ "type": "Feature", "properties": { "name": "RM boys school", "amenity": null, "addr_city": "Karaitivu", "osm_id": 3316572373, "osm_type": "nodes" }, "geometry": { "type": "Point", "coordinates": [ 81.842585, 7.3820977 ] } },
{ "type": "Feature", "properties": { "name": "J/Sarasalai Sri Ganesha Vidyalayam", "amenity": "school", "addr_city": null, "osm_id": 5630208512, "osm_type": "nodes" }, "geometry": { "type": "Point", "coordinates": [ 80.1714083, 9.702165 ] } },
{ "type": "Feature", "properties": { "name": "J/Sarasalai Saraswathy Vidyalayam", "amenity": "school", "addr_city": "Sarasalai South", "osm_id": 5630208513, "osm_type": "nodes" }, "geometry": { "type": "Point", "coordinates": [ 80.167197, 9.6940273 ] } },
{ "type": "Feature", "properties": { "name": "J/Sriuvilan Kanagasanbai Vidyalayam", "amenity": "school", "addr_city": "Mullanai", "osm_id": 5625784344, "osm_type": "nodes" }, "geometry": { "type": "Point", "coordinates": [ 79.996444, 9.7881607 ] } },
{ "type": "Feature", "properties": { "name": "Vinayagar vidyalayam", "amenity": "school", "addr_city": null, "osm_id": 9774013351, "osm_type": "nodes" }, "geometry": { "type": "Point", "coordinates": [ 81.7882236, 7.5217228 ] } },
{ "type": "Feature", "properties": { "name": "School of Carpentry", "amenity": "school", "addr_city": "Palapathwala", "osm_id": 9771464082, "osm_type": "nodes" }, "geometry": { "type": "Point", "coordinates": [ 80.6265212, 7.5329161 ] } },
{ "type": "Feature", "properties": { "name": "Kn/Murugananda M.V", "amenity": "school", "addr_city": null, "osm_id": 4180477297, "osm_type": "nodes" }, "geometry": { "type": "Point", "coordinates": [ 80.4569346, 9.4372655 ] } },
{ "type": "Feature", "properties": { "name": "Mn/Isaimalathalvu RCTMS", "amenity": "school", "addr_city": null, "osm_id": 5602140350, "osm_type": "nodes" }, "geometry": { "type": "Point", "coordinates": [ 80.0793056, 8.8086927 ] } },
{ "type": "Feature", "properties": { "name": "Mn/Achchankulam GTMS", "amenity": "school", "addr_city": null, "osm_id": 5601834053, "osm_type": "nodes" }, "geometry": { "type": "Point", "coordinates": [ 79.935852, 8.8284922 ] } },
{ "type": "Feature", "properties": { "name": "Mn/Nochchikkulam Hijira GMMS", "amenity": "school", "addr_city": null, "osm_id": 5601834054, "osm_type": "nodes" }, "geometry": { "type": "Point", "coordinates": [ 79.9748074, 8.8193299 ] } },
{ "type": "Feature", "properties": { "name": "Mn/Saveriyapuram RCTMS", "amenity": "school", "addr_city": null, "osm_id": 5601058255, "osm_type": "nodes" }, "geometry": { "type": "Point", "coordinates": [ 79.9439875, 8.760439 ] } },
{ "type": "Feature", "properties": { "name": "Wiharamahadevi Balika Vidyalaya", "amenity": "school", "addr_city": "Badulla", "osm_id": 2078653445, "osm_type": "nodes" }, "geometry": { "type": "Point", "coordinates": [ 81.059252, 6.9904499 ] } },
{ "type": "Feature", "properties": { "name": "St marys C.C", "amenity": "school", "addr_city": null, "osm_id": 9774980740, "osm_type": "nodes" }, "geometry": { "type": "Point", "coordinates": [ 80.6792487, 6.7970015 ] } },
{ "type": "Feature", "properties": { "name": null, "amenity": "school", "addr_city": null, "osm_id": 11399767841, "osm_type": "nodes" }, "geometry": { "type": "Point", "coordinates": [ 81.855989, 7.2489576 ] } },
{ "type": "Feature", "properties": { "name": "Kuruwita Central College", "amenity": "school", "addr_city": "Kuruwita", "osm_id": 2146192290, "osm_type": "nodes" }, "geometry": { "type": "Point", "coordinates": [ 80.3619575, 6.7818466 ] } },
{ "type": "Feature", "properties": { "name": "GMMS School", "amenity": "school", "addr_city": null, "osm_id": 11397441617, "osm_type": "nodes" }, "geometry": { "type": "Point", "coordinates": [ 81.8366851, 7.3927126 ] } },
{ "type": "Feature", "properties": { "name": "Mu/Mullivakkal East GTMS", "amenity": "school", "addr_city": "Mulliwaikkal", "osm_id": 5503562825, "osm_type": "nodes" }, "geometry": { "type": "Point", "coordinates": [ 80.7852227, 9.3063122 ] } },
{ "type": "Feature", "properties": { "name": null, "amenity": "school", "addr_city": null, "osm_id": 5488611321, "osm_type": "nodes" }, "geometry": { "type": "Point", "coordinates": [ 79.907954, 6.9281906 ] } },
{ "type": "Feature", "properties": { "name": "Samarakone Walauwa, Samarakone Gardens", "amenity": "school", "addr_city": "Sri Jayawadhanapura Kotte", "osm_id": 6631008124, "osm_type": "nodes" }, "geometry": { "type": "Point", "coordinates": [ 79.8959606, 6.8844213 ] } },
{ "type": "Feature", "properties": { "name": "Nippon Computer Academy", "amenity": "school", "addr_city": "Sri Jayawardenepura Kotte", "osm_id": 6626986800, "osm_type": "nodes" }, "geometry": { "type": "Point", "coordinates": [ 79.9100076, 6.8975321 ] } },
{ "type": "Feature", "properties": { "name": "Royal Way Minco College & Academy", "amenity": "school", "addr_city": "Sri Jayawadhanapura Kotte", "osm_id": 6631008094, "osm_type": "nodes" }, "geometry": { "type": "Point", "coordinates": [ 79.900104, 6.8840543 ] } },
{ "type": "Feature", "properties": { "name": "Vajira Sri Children Rehabitation Home", "amenity": "school", "addr_city": "Sri Jayawadhanapura Kotte", "osm_id": 6631008123, "osm_type": "nodes" }, "geometry": { "type": "Point", "coordinates": [ 79.895215, 6.8852879 ] } },
{ "type": "Feature", "properties": { "name": "London English College", "amenity": "school", "addr_city": "Jayawardhanapura Kotte", "osm_id": 6631008164, "osm_type": "nodes" }, "geometry": { "type": "Point", "coordinates": [ 79.8917673, 6.8769984 ] } },
{ "type": "Feature", "properties": { "name": "Sri Jayawardhanapura Maha Vidyalaya", "amenity": "school", "addr_city": "Sri Jayawardhana", "osm_id": 6626986858, "osm_type": "nodes" }, "geometry": { "type": "Point", "coordinates": [ 79.9001844, 6.8929616 ] } },
{ "type": "Feature", "properties": { "name": "Tonigala school", "amenity": "school", "addr_city": null, "osm_id": 11391415181, "osm_type": "nodes" }, "geometry": { "type": "Point", "coordinates": [ 80.551164, 8.0558976 ] } },
{ "type": "Feature", "properties": { "name": "Mu/Thannimurippu GTMS", "amenity": "school", "addr_city": "Mulliyawalai", "osm_id": 6779468611, "osm_type": "nodes" }, "geometry": { "type": "Point", "coordinates": [ 80.8012702, 9.2227953 ] } },
{ "type": "Feature", "properties": { "name": "Mu/Thaneerootu HBTMS", "amenity": "school", "addr_city": null, "osm_id": 4395820979, "osm_type": "nodes" }, "geometry": { "type": "Point", "coordinates": [ 80.7908592, 9.2208379 ] } },
{ "type": "Feature", "properties": { "name": "Mahinda College", "amenity": "school", "addr_city": null, "osm_id": 64638681, "osm_type": "nodes" }, "geometry": { "type": "Point", "coordinates": [ 80.2151194, 6.0494692 ] } },
{ "type": "Feature", "properties": { "name": "Gateway College", "amenity": "school", "addr_city": null, "osm_id": 262607762, "osm_type": "nodes" }, "geometry": { "type": "Point", "coordinates": [ 79.9002729, 6.9027708 ] } },
{ "type": "Feature", "properties": { "name": "Kingswood College", "amenity": "school", "addr_city": "Kandy", "osm_id": 263179681, "osm_type": "nodes" }, "geometry": { "type": "Point", "coordinates": [ 80.6157935, 7.2776601 ] } },
{ "type": "Feature", "properties": { "name": "Little Angel Pre School", "amenity": "kindergarten", "addr_city": null, "osm_id": 9328958510, "osm_type": "nodes" }, "geometry": { "type": "Point", "coordinates": [ 80.671327, 7.1960036 ] } },
{ "type": "Feature", "properties": { "name": "Teachers Training Institute", "amenity": "college", "addr_city": null, "osm_id": 2918242361, "osm_type": "nodes" }, "geometry": { "type": "Point", "coordinates": [ 80.2331684, 7.6170007 ] } },
{ "type": "Feature", "properties": { "name": "HAPPY KIDS", "amenity": "college", "addr_city": null, "osm_id": 11399762511, "osm_type": "nodes" }, "geometry": { "type": "Point", "coordinates": [ 81.8338459, 7.3987837 ] } },
{ "type": "Feature", "properties": { "name": "ZONAL ICT EDUCATION CENTER", "amenity": "college", "addr_city": null, "osm_id": 11399762512, "osm_type": "nodes" }, "geometry": { "type": "Point", "coordinates": [ 81.8341417, 7.3990266 ] } },
{ "type": "Feature", "properties": { "name": "TECHNOLOGY FACULTY", "amenity": "college", "addr_city": null, "osm_id": 11399762516, "osm_type": "nodes" }, "geometry": { "type": "Point", "coordinates": [ 81.8393026, 7.3999638 ] } },
{ "type": "Feature", "properties": { "name": "NIJAM VILA", "amenity": "college", "addr_city": null, "osm_id": 11399762517, "osm_type": "nodes" }, "geometry": { "type": "Point", "coordinates": [ 81.8398555, 7.4000726 ] } },
{ "type": "Feature", "properties": { "name": "SCIENCE FACULTY", "amenity": "college", "addr_city": null, "osm_id": 11399762522, "osm_type": "nodes" }, "geometry": { "type": "Point", "coordinates": [ 81.8401319, 7.3991554 ] } },
{ "type": "Feature", "properties": { "name": "Kegalu Balika Vidyalaya", "amenity": null, "addr_city": "Kegalle", "osm_id": 3219914094, "osm_type": "nodes" }, "geometry": { "type": "Point", "coordinates": [ 80.3507976, 7.2494883 ] } },
{ "type": "Feature", "properties": { "name": "St. Mary's College", "amenity": "school", "addr_city": "Kegalle", "osm_id": 3219994479, "osm_type": "nodes" }, "geometry": { "type": "Point", "coordinates": [ 80.3388425, 7.2522838 ] } },
{ "type": "Feature", "properties": { "name": "St.Mary's College", "amenity": null, "addr_city": "Chilaw", "osm_id": 3655139994, "osm_type": "nodes" }, "geometry": { "type": "Point", "coordinates": [ 79.7957388, 7.5817787 ] } },
{ "type": "Feature", "properties": { "name": "Sun British College", "amenity": null, "addr_city": "Vavuniya", "osm_id": 3708707124, "osm_type": "nodes" }, "geometry": { "type": "Point", "coordinates": [ 80.4930736, 8.7556531 ] } },
{ "type": "Feature", "properties": { "name": "St. Johns College", "amenity": "school", "addr_city": null, "osm_id": 543854412, "osm_type": "nodes" }, "geometry": { "type": "Point", "coordinates": [ 79.9142091, 6.7229739 ] } },
{ "type": "Feature", "properties": { "name": "President's College", "amenity": "school", "addr_city": "Maharagama", "osm_id": 618005039, "osm_type": "nodes" }, "geometry": { "type": "Point", "coordinates": [ 79.9296221, 6.8443786 ] } },
{ "type": "Feature", "properties": { "name": "Mahanama College", "amenity": "school", "addr_city": "Colombo 03", "osm_id": 620382897, "osm_type": "nodes" }, "geometry": { "type": "Point", "coordinates": [ 79.8538312, 6.9054542 ] } },
{ "type": "Feature", "properties": { "name": "Ranpokunagama Maha Vidyalaya", "amenity": "school", "addr_city": null, "osm_id": 633745114, "osm_type": "nodes" }, "geometry": { "type": "Point", "coordinates": [ 80.1064131, 7.1325742 ] } },
{ "type": "Feature", "properties": { "name": "N I B M", "amenity": "school", "addr_city": null, "osm_id": 653453152, "osm_type": "nodes" }, "geometry": { "type": "Point", "coordinates": [ 79.8707846, 6.9064357 ] } },
{ "type": "Feature", "properties": { "name": "St.Thomas Preparatory School", "amenity": "school", "addr_city": null, "osm_id": 666892252, "osm_type": "nodes" }, "geometry": { "type": "Point", "coordinates": [ 79.8475967, 6.9168028 ] } },
{ "type": "Feature", "properties": { "name": "Ananda Sastralaya kotte", "amenity": "school", "addr_city": null, "osm_id": 679023681, "osm_type": "nodes" }, "geometry": { "type": "Point", "coordinates": [ 79.902713, 6.882926 ] } },
{ "type": "Feature", "properties": { "name": "Prince of Wales' College", "amenity": "school", "addr_city": null, "osm_id": 694999104, "osm_type": "nodes" }, "geometry": { "type": "Point", "coordinates": [ 79.8839469, 6.7852223 ] } },
{ "type": "Feature", "properties": { "name": "Mahena Wewathenna School", "amenity": "school", "addr_city": null, "osm_id": 12183611513, "osm_type": "nodes" }, "geometry": { "type": "Point", "coordinates": [ 80.918479, 7.0757042 ] } },
{ "type": "Feature", "properties": { "name": "Royal Central College Polonnaruwa", "amenity": "school", "addr_city": null, "osm_id": 1241541909, "osm_type": "nodes" }, "geometry": { "type": "Point", "coordinates": [ 81.0024753, 7.9161361 ] } },
{ "type": "Feature", "properties": { "name": "Maris Stella College", "amenity": "school", "addr_city": null, "osm_id": 1268340441, "osm_type": "nodes" }, "geometry": { "type": "Point", "coordinates": [ 79.8478501, 7.2132854 ] } },
{ "type": "Feature", "properties": { "name": "Amal International School", "amenity": "school", "addr_city": "Havelock Town", "osm_id": 1369195823, "osm_type": "nodes" }, "geometry": { "type": "Point", "coordinates": [ 79.8693635, 6.8842085 ] } },
{ "type": "Feature", "properties": { "name": "Joseph Vaz College", "amenity": "school", "addr_city": "Wennappuwa", "osm_id": 1474850891, "osm_type": "nodes" }, "geometry": { "type": "Point", "coordinates": [ 79.8424963, 7.3389142 ] } },
{ "type": "Feature", "properties": { "name": "Ave Maria Convent Branch", "amenity": "school", "addr_city": null, "osm_id": 1623940130, "osm_type": "nodes" }, "geometry": { "type": "Point", "coordinates": [ 79.8621987, 7.1992536 ] } },
{ "type": "Feature", "properties": { "name": "Zahira College", "amenity": "school", "addr_city": null, "osm_id": 1727331679, "osm_type": "nodes" }, "geometry": { "type": "Point", "coordinates": [ 80.6268149, 7.4771355 ] } },
{ "type": "Feature", "properties": { "name": "J/Jaffna College", "amenity": "school", "addr_city": null, "osm_id": 1730334147, "osm_type": "nodes" }, "geometry": { "type": "Point", "coordinates": [ 79.9483062, 9.7296003 ] } },
{ "type": "Feature", "properties": { "name": "Muslim Central College", "amenity": "school", "addr_city": null, "osm_id": 1823673232, "osm_type": "nodes" }, "geometry": { "type": "Point", "coordinates": [ 79.9669432, 6.5702914 ] } },
{ "type": "Feature", "properties": { "name": "V/Rambaikulam Girls' Maha Vidyalayam", "amenity": "school", "addr_city": null, "osm_id": 2410567584, "osm_type": "nodes" }, "geometry": { "type": "Point", "coordinates": [ 80.5032608, 8.7515657 ] } },
{ "type": "Feature", "properties": { "name": "V/Muslim Maha Vidyalayam", "amenity": "school", "addr_city": null, "osm_id": 2410610897, "osm_type": "nodes" }, "geometry": { "type": "Point", "coordinates": [ 80.4824906, 8.76347 ] } },
{ "type": "Feature", "properties": { "name": "St. Anne's College", "amenity": "school", "addr_city": "Kurunegala", "osm_id": 3166327045, "osm_type": "nodes" }, "geometry": { "type": "Point", "coordinates": [ 80.3615544, 7.4869679 ] } },
{ "type": "Feature", "properties": { "name": "De La Salle College", "amenity": "school", "addr_city": null, "osm_id": 3667168812, "osm_type": "nodes" }, "geometry": { "type": "Point", "coordinates": [ 79.862655, 6.9623332 ] } },
{ "type": "Feature", "properties": { "name": "St. John's School;St.John's College", "amenity": "school", "addr_city": null, "osm_id": 3780542054, "osm_type": "nodes" }, "geometry": { "type": "Point", "coordinates": [ 79.8737642, 6.9306626 ] } },
{ "type": "Feature", "properties": { "name": "St. Joseph's College", "amenity": "school", "addr_city": null, "osm_id": 3780542056, "osm_type": "nodes" }, "geometry": { "type": "Point", "coordinates": [ 79.861121, 6.925775 ] } },
{ "type": "Feature", "properties": { "name": "J/Ramanathan College", "amenity": "school", "addr_city": "Maruthanarmadam", "osm_id": 4026383731, "osm_type": "nodes" }, "geometry": { "type": "Point", "coordinates": [ 80.0244813, 9.7310584 ] } },
{ "type": "Feature", "properties": { "name": "Mn/DELA SALLE COLLEGE", "amenity": "school", "addr_city": null, "osm_id": 4405886521, "osm_type": "nodes" }, "geometry": { "type": "Point", "coordinates": [ 79.9698397, 8.8365745 ] } },
{ "type": "Feature", "properties": { "name": null, "amenity": "school", "addr_city": null, "osm_id": 4437128289, "osm_type": "nodes" }, "geometry": { "type": "Point", "coordinates": [ 79.9097288, 6.9969779 ] } },
{ "type": "Feature", "properties": { "name": "J/Urumpirai Saiva Tamil Vidyalayam", "amenity": "school", "addr_city": null, "osm_id": 4452212071, "osm_type": "nodes" }, "geometry": { "type": "Point", "coordinates": [ 80.0449568, 9.7218494 ] } },
{ "type": "Feature", "properties": { "name": "Don Bosco Hotel School", "amenity": "school", "addr_city": null, "osm_id": 6860467196, "osm_type": "nodes" }, "geometry": { "type": "Point", "coordinates": [ 80.1998481, 8.259342 ] } },
{ "type": "Feature", "properties": { "name": "J/Manipay Ladies College", "amenity": "school", "addr_city": "Manipay South", "osm_id": 4809199594, "osm_type": "nodes" }, "geometry": { "type": "Point", "coordinates": [ 79.9975514, 9.7145353 ] } },
{ "type": "Feature", "properties": { "name": "J/Manipay Hindu College", "amenity": "school", "addr_city": "Manipay South", "osm_id": 4809254148, "osm_type": "nodes" }, "geometry": { "type": "Point", "coordinates": [ 79.9947945, 9.7146239 ] } },
{ "type": "Feature", "properties": { "name": "J/Kokuvil Hindu College", "amenity": "school", "addr_city": null, "osm_id": 4818390747, "osm_type": "nodes" }, "geometry": { "type": "Point", "coordinates": [ 80.0145414, 9.6964321 ] } },
{ "type": "Feature", "properties": { "name": "T/Sri Shanmuga Hindu Ladies College", "amenity": "school", "addr_city": null, "osm_id": 4829989221, "osm_type": "nodes" }, "geometry": { "type": "Point", "coordinates": [ 81.2329399, 8.5753145 ] } },
{ "type": "Feature", "properties": { "name": null, "amenity": "school", "addr_city": null, "osm_id": 6186156959, "osm_type": "nodes" }, "geometry": { "type": "Point", "coordinates": [ 80.5897433, 7.097334 ] } },
{ "type": "Feature", "properties": { "name": "Kularathna National College", "amenity": "school", "addr_city": "Ambalangoda", "osm_id": 11169127398, "osm_type": "nodes" }, "geometry": { "type": "Point", "coordinates": [ 80.0645387, 6.2403577 ] } },
{ "type": "Feature", "properties": { "name": null, "amenity": "school", "addr_city": null, "osm_id": 11169221963, "osm_type": "nodes" }, "geometry": { "type": "Point", "coordinates": [ 80.2131356, 8.2644538 ] } },
{ "type": "Feature", "properties": { "name": "CP/N/ Thangakelle No-01 Tamil Maha Vidyalayam", "amenity": "school", "addr_city": "maria", "osm_id": 9771990680, "osm_type": "nodes" }, "geometry": { "type": "Point", "coordinates": [ 80.7361256, 6.8961247 ] } },
{ "type": "Feature", "properties": { "name": "Mu/Helambawewa Primary School", "amenity": "school", "addr_city": "WELIOYA", "osm_id": 6779615261, "osm_type": "nodes" }, "geometry": { "type": "Point", "coordinates": [ 80.8595207, 8.9687881 ] } },
{ "type": "Feature", "properties": { "name": "Mu/Kokulai GSMS", "amenity": "school", "addr_city": null, "osm_id": 4424673894, "osm_type": "nodes" }, "geometry": { "type": "Point", "coordinates": [ 80.9588455, 8.9909618 ] } },
{ "type": "Feature", "properties": { "name": "Mu/Keppapilavu GTMS", "amenity": "school", "addr_city": "Mulliyawalai", "osm_id": 4419899323, "osm_type": "nodes" }, "geometry": { "type": "Point", "coordinates": [ 80.7717974, 9.2584898 ] } },
{ "type": "Feature", "properties": { "name": "Mu/Unnapilavu TV", "amenity": "school", "addr_city": "Mulliyawalai", "osm_id": 4880902534, "osm_type": "nodes" }, "geometry": { "type": "Point", "coordinates": [ 80.7504045, 9.2232506 ] } },
{ "type": "Feature", "properties": { "name": "Mu/Kokkuththoduvai Maha Vidyalayam", "amenity": "school", "addr_city": null, "osm_id": 4417944522, "osm_type": "nodes" }, "geometry": { "type": "Point", "coordinates": [ 80.915327, 9.0550634 ] } },
{ "type": "Feature", "properties": { "name": "Dolahena Primary School", "amenity": "school", "addr_city": null, "osm_id": 6708412338, "osm_type": "nodes" }, "geometry": { "type": "Point", "coordinates": [ 80.025736, 6.8123795 ] } },
{ "type": "Feature", "properties": { "name": "Siyane National School", "amenity": "school", "addr_city": "Dompe", "osm_id": 3056924381, "osm_type": "nodes" }, "geometry": { "type": "Point", "coordinates": [ 80.0695854, 6.9442899 ] } },
{ "type": "Feature", "properties": { "name": null, "amenity": "school", "addr_city": null, "osm_id": 6679820028, "osm_type": "nodes" }, "geometry": { "type": "Point", "coordinates": [ 80.626793, 6.044109 ] } },
{ "type": "Feature", "properties": { "name": null, "amenity": "school", "addr_city": null, "osm_id": 12595194804, "osm_type": "nodes" }, "geometry": { "type": "Point", "coordinates": [ 80.440087, 5.9778865 ] } },
{ "type": "Feature", "properties": { "name": "Galhira School", "amenity": "school", "addr_city": null, "osm_id": 6643077065, "osm_type": "nodes" }, "geometry": { "type": "Point", "coordinates": [ 80.6240326, 6.6179439 ] } },
{ "type": "Feature", "properties": { "name": null, "amenity": "school", "addr_city": null, "osm_id": 6634814556, "osm_type": "nodes" }, "geometry": { "type": "Point", "coordinates": [ 80.9068608, 6.8976269 ] } },
{ "type": "Feature", "properties": { "name": "Sri Dharmakeerthi Dhamma School", "amenity": "school", "addr_city": null, "osm_id": 6615789530, "osm_type": "nodes" }, "geometry": { "type": "Point", "coordinates": [ 79.9074719, 6.802355 ] } },
{ "type": "Feature", "properties": { "name": "Ikra International College", "amenity": "school", "addr_city": null, "osm_id": 6615733787, "osm_type": "nodes" }, "geometry": { "type": "Point", "coordinates": [ 79.8994019, 6.7545378 ] } },
{ "type": "Feature", "properties": { "name": "Sri Thaksala Maha Vidyalaya", "amenity": "school", "addr_city": null, "osm_id": 6615733799, "osm_type": "nodes" }, "geometry": { "type": "Point", "coordinates": [ 79.9027427, 6.7528422 ] } },
{ "type": "Feature", "properties": { "name": null, "amenity": "kindergarten", "addr_city": null, "osm_id": 6752984985, "osm_type": "nodes" }, "geometry": { "type": "Point", "coordinates": [ 79.8801815, 6.9156303 ] } },
{ "type": "Feature", "properties": { "name": "Little Rose pre-school", "amenity": "kindergarten", "addr_city": "polgahawela", "osm_id": 6702201711, "osm_type": "nodes" }, "geometry": { "type": "Point", "coordinates": [ 80.2953583, 7.3317333 ] } },
{ "type": "Feature", "properties": { "name": "Chathura Pre-School", "amenity": "kindergarten", "addr_city": null, "osm_id": 6676219047, "osm_type": "nodes" }, "geometry": { "type": "Point", "coordinates": [ 80.616417, 5.9430394 ] } },
{ "type": "Feature", "properties": { "name": "OUSL Kilinochchi Study Centre", "amenity": "university", "addr_city": null, "osm_id": 6167730638, "osm_type": "nodes" }, "geometry": { "type": "Point", "coordinates": [ 80.4093158, 9.3528542 ] } },
{ "type": "Feature", "properties": { "name": "Ocean University", "amenity": "university", "addr_city": "Colombo", "osm_id": 10650976347, "osm_type": "nodes" }, "geometry": { "type": "Point", "coordinates": [ 79.8719043, 6.9750796 ] } },
{ "type": "Feature", "properties": { "name": "ESOFT Metro Campus Kandy", "amenity": "university", "addr_city": "Kandy", "osm_id": 5228639098, "osm_type": "nodes" }, "geometry": { "type": "Point", "coordinates": [ 80.6256729, 7.2853442 ] } },
{ "type": "Feature", "properties": { "name": "Ceylon Hotel School", "amenity": "college", "addr_city": null, "osm_id": 6611417501, "osm_type": "nodes" }, "geometry": { "type": "Point", "coordinates": [ 80.6440902, 7.2906518 ] } },
{ "type": "Feature", "properties": { "name": "Satyodaya Educational Training Centre", "amenity": "college", "addr_city": null, "osm_id": 6602164145, "osm_type": "nodes" }, "geometry": { "type": "Point", "coordinates": [ 80.6294078, 7.2932525 ] } },
{ "type": "Feature", "properties": { "name": "Urumeewala School", "amenity": "school", "addr_city": null, "osm_id": 6589231584, "osm_type": "nodes" }, "geometry": { "type": "Point", "coordinates": [ 80.3485858, 7.0794101 ] } },
{ "type": "Feature", "properties": { "name": "Ballapitiya Kanishta Vidyalaya", "amenity": "school", "addr_city": null, "osm_id": 2097612128, "osm_type": "nodes" }, "geometry": { "type": "Point", "coordinates": [ 80.0750674, 6.6898143 ] } },
{ "type": "Feature", "properties": { "name": "Sri Dheerananda Maha Vidyalaya", "amenity": "school", "addr_city": null, "osm_id": 6545699532, "osm_type": "nodes" }, "geometry": { "type": "Point", "coordinates": [ 80.1658585, 6.0775044 ] } },
{ "type": "Feature", "properties": { "name": "Pallebedda Central College", "amenity": "school", "addr_city": "Pallebedda", "osm_id": 4045295805, "osm_type": "nodes" }, "geometry": { "type": "Point", "coordinates": [ 80.7081622, 6.4812393 ] } },
{ "type": "Feature", "properties": { "name": "Kuttiyagolla Maha Vidyalaya", "amenity": "school", "addr_city": null, "osm_id": 6528039309, "osm_type": "nodes" }, "geometry": { "type": "Point", "coordinates": [ 81.0959512, 7.0306441 ] } },
{ "type": "Feature", "properties": { "name": "Good Shepherd Convent", "amenity": "school", "addr_city": null, "osm_id": 5179242321, "osm_type": "nodes" }, "geometry": { "type": "Point", "coordinates": [ 79.8634546, 6.9497998 ] } },
{ "type": "Feature", "properties": { "name": "Lindsay Girls College", "amenity": "school", "addr_city": null, "osm_id": 1838393554, "osm_type": "nodes" }, "geometry": { "type": "Point", "coordinates": [ 79.8541271, 6.8959215 ] } },
{ "type": "Feature", "properties": { "name": "Sri Gunananda Vidyalaya", "amenity": "school", "addr_city": null, "osm_id": 6491614435, "osm_type": "nodes" }, "geometry": { "type": "Point", "coordinates": [ 79.8618637, 6.9514757 ] } },
{ "type": "Feature", "properties": { "name": "Kotahena Methodist Tamil School", "amenity": "school", "addr_city": null, "osm_id": 3780542011, "osm_type": "nodes" }, "geometry": { "type": "Point", "coordinates": [ 79.861325, 6.949169 ] } },
{ "type": "Feature", "properties": { "name": null, "amenity": "school", "addr_city": null, "osm_id": 6482029185, "osm_type": "nodes" }, "geometry": { "type": "Point", "coordinates": [ 79.8659867, 6.8839033 ] } },
{ "type": "Feature", "properties": { "name": "Sarani Lernaers", "amenity": "school", "addr_city": null, "osm_id": 3842185927, "osm_type": "nodes" }, "geometry": { "type": "Point", "coordinates": [ 80.1235029, 7.1679207 ] } },
{ "type": "Feature", "properties": { "name": "Institute of Engineering Technology", "amenity": "college", "addr_city": "Katunayake", "osm_id": 4237557729, "osm_type": "nodes" }, "geometry": { "type": "Point", "coordinates": [ 79.8739368, 7.1564856 ] } },
{ "type": "Feature", "properties": { "name": "Medadumbara Day Care Center", "amenity": "kindergarten", "addr_city": null, "osm_id": 3842183149, "osm_type": "nodes" }, "geometry": { "type": "Point", "coordinates": [ 80.7630446, 7.307493 ] } },
{ "type": "Feature", "properties": { "name": "Kandyan International School", "amenity": "school", "addr_city": null, "osm_id": 8962075461, "osm_type": "nodes" }, "geometry": { "type": "Point", "coordinates": [ 80.5760709, 7.2675294 ] } },
{ "type": "Feature", "properties": { "name": "Pannala Maha Vidyalaya", "amenity": "school", "addr_city": null, "osm_id": 12169895175, "osm_type": "nodes" }, "geometry": { "type": "Point", "coordinates": [ 80.8501299, 7.1333888 ] } },
{ "type": "Feature", "properties": { "name": null, "amenity": "school", "addr_city": null, "osm_id": 9460240864, "osm_type": "nodes" }, "geometry": { "type": "Point", "coordinates": [ 80.3495691, 8.0929655 ] } },
{ "type": "Feature", "properties": { "name": null, "amenity": "school", "addr_city": null, "osm_id": 9448963562, "osm_type": "nodes" }, "geometry": { "type": "Point", "coordinates": [ 80.7653258, 7.3080489 ] } },
{ "type": "Feature", "properties": { "name": "Hureegaswewa School", "amenity": "school", "addr_city": null, "osm_id": 9444222733, "osm_type": "nodes" }, "geometry": { "type": "Point", "coordinates": [ 80.3652293, 8.0768222 ] } },
{ "type": "Feature", "properties": { "name": "Makulewa Central College", "amenity": "school", "addr_city": null, "osm_id": 9444227231, "osm_type": "nodes" }, "geometry": { "type": "Point", "coordinates": [ 80.3373781, 8.1061074 ] } },
{ "type": "Feature", "properties": { "name": "Galapita Digana Primary School", "amenity": "school", "addr_city": null, "osm_id": 9417486162, "osm_type": "nodes" }, "geometry": { "type": "Point", "coordinates": [ 80.3345429, 7.9632414 ] } },
{ "type": "Feature", "properties": { "name": "Buduruvakanda MV", "amenity": "school", "addr_city": null, "osm_id": 3665944327, "osm_type": "nodes" }, "geometry": { "type": "Point", "coordinates": [ 80.2767427, 8.0351789 ] } },
{ "type": "Feature", "properties": { "name": null, "amenity": "school", "addr_city": null, "osm_id": 9410509051, "osm_type": "nodes" }, "geometry": { "type": "Point", "coordinates": [ 80.3626911, 7.9162581 ] } },
{ "type": "Feature", "properties": { "name": "Mn/Thulukudrippu RCTMS", "amenity": "school", "addr_city": "Thalvupadu", "osm_id": 4402982308, "osm_type": "nodes" }, "geometry": { "type": "Point", "coordinates": [ 79.8069537, 9.0775459 ] } },
{ "type": "Feature", "properties": { "name": "Ambanpola Central College", "amenity": "school", "addr_city": null, "osm_id": 9400769349, "osm_type": "nodes" }, "geometry": { "type": "Point", "coordinates": [ 80.2418869, 7.9139278 ] } },
{ "type": "Feature", "properties": { "name": "Makalanegama Premary School", "amenity": "school", "addr_city": null, "osm_id": 9400611592, "osm_type": "nodes" }, "geometry": { "type": "Point", "coordinates": [ 80.3092462, 8.0000896 ] } },
{ "type": "Feature", "properties": { "name": "Discovery School of International Education", "amenity": "school", "addr_city": null, "osm_id": 9400611522, "osm_type": "nodes" }, "geometry": { "type": "Point", "coordinates": [ 80.2896302, 8.0065236 ] } },
{ "type": "Feature", "properties": { "name": "Neth Academiy", "amenity": "school", "addr_city": null, "osm_id": 9400611521, "osm_type": "nodes" }, "geometry": { "type": "Point", "coordinates": [ 80.2818257, 8.0016269 ] } },
{ "type": "Feature", "properties": { "name": "Gallewa Muslim Vidyalaya", "amenity": "school", "addr_city": null, "osm_id": 9400611594, "osm_type": "nodes" }, "geometry": { "type": "Point", "coordinates": [ 80.3269079, 7.9683237 ] } },
{ "type": "Feature", "properties": { "name": "Nawagaththegama Navodya School", "amenity": "school", "addr_city": null, "osm_id": 9400452481, "osm_type": "nodes" }, "geometry": { "type": "Point", "coordinates": [ 80.1127196, 8.0041055 ] } },
{ "type": "Feature", "properties": { "name": "Maha Nanneriya Maha Vidyalaya", "amenity": "school", "addr_city": null, "osm_id": 9400452497, "osm_type": "nodes" }, "geometry": { "type": "Point", "coordinates": [ 80.1792401, 8.0062352 ] } },
{ "type": "Feature", "properties": { "name": "UB Wanninayaka National College", "amenity": "school", "addr_city": null, "osm_id": 9399745865, "osm_type": "nodes" }, "geometry": { "type": "Point", "coordinates": [ 80.2676367, 7.9962581 ] } },
{ "type": "Feature", "properties": { "name": "Wayamba Janadhipathi primary school", "amenity": "school", "addr_city": null, "osm_id": 9399718788, "osm_type": "nodes" }, "geometry": { "type": "Point", "coordinates": [ 80.2573067, 8.004194 ] } },
{ "type": "Feature", "properties": { "name": "Sri Vijaya Dahampasala", "amenity": "school", "addr_city": null, "osm_id": 9399258039, "osm_type": "nodes" }, "geometry": { "type": "Point", "coordinates": [ 80.270358, 8.0023945 ] } },
{ "type": "Feature", "properties": { "name": "The vision lanka computer school", "amenity": "school", "addr_city": null, "osm_id": 9399258040, "osm_type": "nodes" }, "geometry": { "type": "Point", "coordinates": [ 80.2710888, 8.0019405 ] } },
{ "type": "Feature", "properties": { "name": "Rahula College Primary", "amenity": "school", "addr_city": null, "osm_id": 2800350551, "osm_type": "nodes" }, "geometry": { "type": "Point", "coordinates": [ 80.5324283, 5.9521262 ] } },
{ "type": "Feature", "properties": { "name": "Highforest No.03 Tamil Vidyalayam", "amenity": "school", "addr_city": null, "osm_id": 9272074434, "osm_type": "nodes" }, "geometry": { "type": "Point", "coordinates": [ 80.841895, 7.0685087 ] } },
{ "type": "Feature", "properties": { "name": "Silverkandy Tamil Vidyalayam", "amenity": "school", "addr_city": null, "osm_id": 8598051558, "osm_type": "nodes" }, "geometry": { "type": "Point", "coordinates": [ 80.841205, 7.0204531 ] } },
{ "type": "Feature", "properties": { "name": "Karandeniya Central College", "amenity": "school", "addr_city": null, "osm_id": 9139584546, "osm_type": "nodes" }, "geometry": { "type": "Point", "coordinates": [ 80.0962313, 6.2728285 ] } },
{ "type": "Feature", "properties": { "name": "Karandeniya Primary School", "amenity": "school", "addr_city": null, "osm_id": 9139584547, "osm_type": "nodes" }, "geometry": { "type": "Point", "coordinates": [ 80.0948333, 6.2707359 ] } },
{ "type": "Feature", "properties": { "name": "Kotapola National College", "amenity": "school", "addr_city": null, "osm_id": 9138195407, "osm_type": "nodes" }, "geometry": { "type": "Point", "coordinates": [ 80.5421483, 6.2956148 ] } },
{ "type": "Feature", "properties": { "name": "Dharmasena Atigala Balika Vidyalaya", "amenity": "school", "addr_city": "Kesbewa", "osm_id": 3736797732, "osm_type": "nodes" }, "geometry": { "type": "Point", "coordinates": [ 79.944378, 6.793973 ] } },
{ "type": "Feature", "properties": { "name": "Porawagama Vidyalaya", "amenity": "school", "addr_city": null, "osm_id": 9125558087, "osm_type": "nodes" }, "geometry": { "type": "Point", "coordinates": [ 80.2271569, 6.2794352 ] } },
{ "type": "Feature", "properties": { "name": "Maligawatta Mahavidyalaya", "amenity": "school", "addr_city": null, "osm_id": 681537053, "osm_type": "nodes" }, "geometry": { "type": "Point", "coordinates": [ 79.8780917, 6.9416932 ] } },
{ "type": "Feature", "properties": { "name": "Pulathisipura National College of Education", "amenity": "college", "addr_city": null, "osm_id": 2821242647, "osm_type": "nodes" }, "geometry": { "type": "Point", "coordinates": [ 81.0520907, 7.9099037 ] } },
{ "type": "Feature", "properties": { "name": "Palugama School", "amenity": null, "addr_city": null, "osm_id": 2753053331, "osm_type": "nodes" }, "geometry": { "type": "Point", "coordinates": [ 80.0700888, 6.9352026 ] } },
{ "type": "Feature", "properties": { "name": null, "amenity": null, "addr_city": null, "osm_id": 9271781806, "osm_type": "nodes" }, "geometry": { "type": "Point", "coordinates": [ 80.6720809, 7.190465 ] } },
{ "type": "Feature", "properties": { "name": "Parakramabahu Maha Vidyalaya", "amenity": "school", "addr_city": null, "osm_id": 3780542029, "osm_type": "nodes" }, "geometry": { "type": "Point", "coordinates": [ 79.879237, 6.896957 ] } },
{ "type": "Feature", "properties": { "name": "Anuruddha National School", "amenity": "school", "addr_city": null, "osm_id": 4430208615, "osm_type": "nodes" }, "geometry": { "type": "Point", "coordinates": [ 80.527334, 7.0534761 ] } },
{ "type": "Feature", "properties": { "name": null, "amenity": "school", "addr_city": null, "osm_id": 12145454340, "osm_type": "nodes" }, "geometry": { "type": "Point", "coordinates": [ 80.9853039, 6.8325404 ] } },
{ "type": "Feature", "properties": { "name": "J/Thirunavukarasu Maha Vidyalayam", "amenity": "school", "addr_city": null, "osm_id": 1730335218, "osm_type": "nodes" }, "geometry": { "type": "Point", "coordinates": [ 79.9534185, 9.7476928 ] } },
{ "type": "Feature", "properties": { "name": "St Joseph's Convent - primery", "amenity": "school", "addr_city": "Kegalle", "osm_id": 4284001530, "osm_type": "nodes" }, "geometry": { "type": "Point", "coordinates": [ 80.3360265, 7.2495547 ] } },
{ "type": "Feature", "properties": { "name": null, "amenity": "school", "addr_city": null, "osm_id": 12581444307, "osm_type": "nodes" }, "geometry": { "type": "Point", "coordinates": [ 81.0094845, 6.7874397 ] } },
{ "type": "Feature", "properties": { "name": "Carey College", "amenity": "school", "addr_city": "Colombo 07", "osm_id": 681782132, "osm_type": "nodes" }, "geometry": { "type": "Point", "coordinates": [ 79.871217, 6.9183324 ] } },
{ "type": "Feature", "properties": { "name": "Vidura", "amenity": "college", "addr_city": null, "osm_id": 626494151, "osm_type": "nodes" }, "geometry": { "type": "Point", "coordinates": [ 79.8876877, 6.895058 ] } },
{ "type": "Feature", "properties": { "name": "Faculty of Medicine", "amenity": "college", "addr_city": null, "osm_id": 7619960785, "osm_type": "nodes" }, "geometry": { "type": "Point", "coordinates": [ 80.5978729, 7.2643152 ] } },
{ "type": "Feature", "properties": { "name": "Wycherley International School", "amenity": "college", "addr_city": null, "osm_id": 12107888170, "osm_type": "nodes" }, "geometry": { "type": "Point", "coordinates": [ 79.8588249, 6.8994209 ] } },
{ "type": "Feature", "properties": { "name": "Ashraff Maha Vidyalaya", "amenity": "college", "addr_city": null, "osm_id": 12100587579, "osm_type": "nodes" }, "geometry": { "type": "Point", "coordinates": [ 79.8968598, 7.0056387 ] } },
{ "type": "Feature", "properties": { "name": "Post Graduate Institute of Medicine", "amenity": "university", "addr_city": null, "osm_id": 1618826920, "osm_type": "nodes" }, "geometry": { "type": "Point", "coordinates": [ 79.8692265, 6.9175458 ] } },
{ "type": "Feature", "properties": { "name": "Lahiru Preschool", "amenity": "kindergarten", "addr_city": "Parakaduwa", "osm_id": 13333874736, "osm_type": "nodes" }, "geometry": { "type": "Point", "coordinates": [ 80.3318243, 6.8069245 ] } },
{ "type": "Feature", "properties": { "name": "Sirivimalasiri preschool", "amenity": "kindergarten", "addr_city": null, "osm_id": 11068279751, "osm_type": "nodes" }, "geometry": { "type": "Point", "coordinates": [ 80.8146611, 6.137366 ] } },
{ "type": "Feature", "properties": { "name": "Sri Sudarshana Primary School", "amenity": "school", "addr_city": null, "osm_id": 12087652609, "osm_type": "nodes" }, "geometry": { "type": "Point", "coordinates": [ 79.9118124, 6.7943539 ] } },
{ "type": "Feature", "properties": { "name": "CP/GL/AL Furkhan M.M.V", "amenity": "school", "addr_city": null, "osm_id": 4938220363, "osm_type": "nodes" }, "geometry": { "type": "Point", "coordinates": [ 80.5814264, 7.767638 ] } },
{ "type": "Feature", "properties": { "name": "Medaoya Vidyalaya", "amenity": "school", "addr_city": "Mahiyanganaya", "osm_id": 5385075809, "osm_type": "nodes" }, "geometry": { "type": "Point", "coordinates": [ 81.0227859, 7.2308047 ] } },
{ "type": "Feature", "properties": { "name": "NCP/A/A/NO/Ambagahawewa Vidyaloka Maha Vidyalaya", "amenity": "school", "addr_city": null, "osm_id": 8667268487, "osm_type": "nodes" }, "geometry": { "type": "Point", "coordinates": [ 80.207971, 8.3340379 ] } },
{ "type": "Feature", "properties": { "name": "NCP/A/A/NO/Ranorawa Vidyalaya", "amenity": "school", "addr_city": null, "osm_id": 8667268488, "osm_type": "nodes" }, "geometry": { "type": "Point", "coordinates": [ 80.2382009, 8.3644085 ] } },
{ "type": "Feature", "properties": { "name": "NCP/A/A/NO/Kukulkatuwa Primary Vidyalaya", "amenity": "school", "addr_city": null, "osm_id": 8667268489, "osm_type": "nodes" }, "geometry": { "type": "Point", "coordinates": [ 80.1596658, 8.3714692 ] } },
{ "type": "Feature", "properties": { "name": "NCP/A/A/WI/Kadurupitiya Ashokamala Vidyalaya", "amenity": "school", "addr_city": null, "osm_id": 8667268503, "osm_type": "nodes" }, "geometry": { "type": "Point", "coordinates": [ 80.1776353, 8.4070925 ] } },
{ "type": "Feature", "properties": { "name": "NCP/A/TB/RJ/Rajanganaya Mahasen Maha Vidyalaya", "amenity": "school", "addr_city": null, "osm_id": 8667284093, "osm_type": "nodes" }, "geometry": { "type": "Point", "coordinates": [ 80.1069014, 8.2088993 ] } },
{ "type": "Feature", "properties": { "name": "NCP/A/A/NO/Phala Maragahawewa Vidyarathna Vidyalaya", "amenity": "school", "addr_city": null, "osm_id": 8667288954, "osm_type": "nodes" }, "geometry": { "type": "Point", "coordinates": [ 80.1317601, 8.2311918 ] } },
{ "type": "Feature", "properties": { "name": "NCP/A/TB/RJ/Rajanganaya Maha Vidyalaya", "amenity": "school", "addr_city": null, "osm_id": 8667288442, "osm_type": "nodes" }, "geometry": { "type": "Point", "coordinates": [ 80.1482061, 8.1945071 ] } },
{ "type": "Feature", "properties": { "name": "NCP/A/TB/RJ/Rajanganaya Primary School", "amenity": "school", "addr_city": null, "osm_id": 8667288507, "osm_type": "nodes" }, "geometry": { "type": "Point", "coordinates": [ 80.1472257, 8.1940538 ] } },
{ "type": "Feature", "properties": { "name": "NCP/A/A/NC/Helambagaswewa Vidyalaya", "amenity": "school", "addr_city": null, "osm_id": 8666923929, "osm_type": "nodes" }, "geometry": { "type": "Point", "coordinates": [ 80.3358963, 8.4944733 ] } },
{ "type": "Feature", "properties": { "name": "NCP/A/A/NC/Gambingaswewa Manarul Ulum Mu. Vidyalaya", "amenity": "school", "addr_city": null, "osm_id": 8666464416, "osm_type": "nodes" }, "geometry": { "type": "Point", "coordinates": [ 80.3827572, 8.4761434 ] } },
{ "type": "Feature", "properties": { "name": "NCP/A/A/NC/Paniyankadawala Maha Vidyalaya", "amenity": "school", "addr_city": null, "osm_id": 8666485418, "osm_type": "nodes" }, "geometry": { "type": "Point", "coordinates": [ 80.4102673, 8.4247796 ] } },
{ "type": "Feature", "properties": { "name": "NCP/A/A/RB/Kande Rathmale Vidyalaya", "amenity": "school", "addr_city": null, "osm_id": 8666485419, "osm_type": "nodes" }, "geometry": { "type": "Point", "coordinates": [ 80.4549368, 8.450148 ] } },
{ "type": "Feature", "properties": { "name": "NCP/A/A/NC/Katukeliyawa Vidyadeepa Maha Vidyalaya", "amenity": "school", "addr_city": null, "osm_id": 8666335358, "osm_type": "nodes" }, "geometry": { "type": "Point", "coordinates": [ 80.3789887, 8.3745408 ] } },
{ "type": "Feature", "properties": { "name": "Unique International College", "amenity": "school", "addr_city": null, "osm_id": 8644057434, "osm_type": "nodes" }, "geometry": { "type": "Point", "coordinates": [ 80.3845804, 7.4969436 ] } },
{ "type": "Feature", "properties": { "name": "Ferguson High School", "amenity": "school", "addr_city": null, "osm_id": 2151514470, "osm_type": "nodes" }, "geometry": { "type": "Point", "coordinates": [ 80.3992026, 6.6825167 ] } },
{ "type": "Feature", "properties": { "name": null, "amenity": "school", "addr_city": null, "osm_id": 12564890611, "osm_type": "nodes" }, "geometry": { "type": "Point", "coordinates": [ 80.3945108, 7.6102432 ] } },
{ "type": "Feature", "properties": { "name": "J/Araly Murugamoorthy School", "amenity": "school", "addr_city": null, "osm_id": 11809698915, "osm_type": "nodes" }, "geometry": { "type": "Point", "coordinates": [ 79.9438966, 9.7131808 ] } },
{ "type": "Feature", "properties": { "name": "Divulapitiya Gnanawansa Maha Vidyalaya", "amenity": "school", "addr_city": null, "osm_id": 2703690809, "osm_type": "nodes" }, "geometry": { "type": "Point", "coordinates": [ 80.0077763, 7.2259776 ] } },
{ "type": "Feature", "properties": { "name": "Sri Gnanodaya Central College", "amenity": "school", "addr_city": null, "osm_id": 2703675578, "osm_type": "nodes" }, "geometry": { "type": "Point", "coordinates": [ 80.0199334, 7.2226092 ] } },
{ "type": "Feature", "properties": { "name": "Kandegoda Maha Vidyalaya", "amenity": "school", "addr_city": null, "osm_id": 2683331292, "osm_type": "nodes" }, "geometry": { "type": "Point", "coordinates": [ 80.0534067, 6.2498927 ] } },
{ "type": "Feature", "properties": { "name": "Sri Gunananda College", "amenity": "school", "addr_city": null, "osm_id": 2683116272, "osm_type": "nodes" }, "geometry": { "type": "Point", "coordinates": [ 80.0374919, 6.2699859 ] } },
{ "type": "Feature", "properties": { "name": null, "amenity": "school", "addr_city": null, "osm_id": 11336710611, "osm_type": "nodes" }, "geometry": { "type": "Point", "coordinates": [ 80.0119335, 6.4440557 ] } },
{ "type": "Feature", "properties": { "name": "St. Thomas' College, Matara.", "amenity": "school", "addr_city": null, "osm_id": 1650128141, "osm_type": "nodes" }, "geometry": { "type": "Point", "coordinates": [ 80.5438335, 5.9487113 ] } },
{ "type": "Feature", "properties": { "name": null, "amenity": "school", "addr_city": null, "osm_id": 11068224899, "osm_type": "nodes" }, "geometry": { "type": "Point", "coordinates": [ 80.5185503, 7.3687534 ] } },
{ "type": "Feature", "properties": { "name": "T/Methodist Girl's College", "amenity": "school", "addr_city": null, "osm_id": 1243367611, "osm_type": "nodes" }, "geometry": { "type": "Point", "coordinates": [ 81.2373492, 8.5662416 ] } },
{ "type": "Feature", "properties": { "name": "T/St Mary's College", "amenity": "school", "addr_city": "Trincomalee", "osm_id": 1243371978, "osm_type": "nodes" }, "geometry": { "type": "Point", "coordinates": [ 81.2359032, 8.5710277 ] } },
{ "type": "Feature", "properties": { "name": "Ananda Balika Vidyalaya", "amenity": "school", "addr_city": null, "osm_id": 642970355, "osm_type": "nodes" }, "geometry": { "type": "Point", "coordinates": [ 79.8972652, 6.8851191 ] } },
{ "type": "Feature", "properties": { "name": "Orr's Hill Vivekananda School", "amenity": "school", "addr_city": "Trincomalee", "osm_id": 1242795074, "osm_type": "nodes" }, "geometry": { "type": "Point", "coordinates": [ 81.2238599, 8.5785122 ] } },
{ "type": "Feature", "properties": { "name": "Princess Of Wales' College", "amenity": "school", "addr_city": null, "osm_id": 1794159983, "osm_type": "nodes" }, "geometry": { "type": "Point", "coordinates": [ 79.884079, 6.7844301 ] } },
{ "type": "Feature", "properties": { "name": "Central College, Pliyandala", "amenity": "college", "addr_city": "Piliyandala", "osm_id": 3524801552, "osm_type": "nodes" }, "geometry": { "type": "Point", "coordinates": [ 79.9211186, 6.8000927 ] } },
{ "type": "Feature", "properties": { "name": "Rantembe Cadets Training School", "amenity": "college", "addr_city": "Rantembe", "osm_id": 4426207817, "osm_type": "nodes" }, "geometry": { "type": "Point", "coordinates": [ 80.9571651, 7.2066335 ] } },
{ "type": "Feature", "properties": { "name": "Angel Kids PreSchool", "amenity": "kindergarten", "addr_city": null, "osm_id": 11012716519, "osm_type": "nodes" }, "geometry": { "type": "Point", "coordinates": [ 80.0817002, 6.4125787 ] } },
{ "type": "Feature", "properties": { "name": "Mahamaya Girls College", "amenity": "school", "addr_city": "Kandy", "osm_id": 1837320420, "osm_type": "nodes" }, "geometry": { "type": "Point", "coordinates": [ 80.6452633, 7.2870795 ] } },
{ "type": "Feature", "properties": { "name": "S.J.C", "amenity": "school", "addr_city": null, "osm_id": 3783406684, "osm_type": "nodes" }, "geometry": { "type": "Point", "coordinates": [ 80.4121711, 8.3225689 ] } },
{ "type": "Feature", "properties": { "name": "J/Velanai Central College", "amenity": "school", "addr_city": null, "osm_id": 3900122010, "osm_type": "nodes" }, "geometry": { "type": "Point", "coordinates": [ 79.893866, 9.6463587 ] } },
{ "type": "Feature", "properties": { "name": "St.Anthony's College", "amenity": "school", "addr_city": null, "osm_id": 1903643511, "osm_type": "nodes" }, "geometry": { "type": "Point", "coordinates": [ 79.8933541, 6.9848908 ] } },
{ "type": "Feature", "properties": { "name": "J/Sandilipay Hindu College", "amenity": "school", "addr_city": "Sandilipay Centre", "osm_id": 4809436679, "osm_type": "nodes" }, "geometry": { "type": "Point", "coordinates": [ 79.9866278, 9.7466721 ] } },
{ "type": "Feature", "properties": { "name": "J/Karampon Shanmuganatha M.V", "amenity": "school", "addr_city": "Karampon West", "osm_id": 5052079516, "osm_type": "nodes" }, "geometry": { "type": "Point", "coordinates": [ 79.8566416, 9.6903239 ] } },
{ "type": "Feature", "properties": { "name": "KM/ KM/Imam Gazzali Vidyalaya", "amenity": "school", "addr_city": null, "osm_id": 11302917884, "osm_type": "nodes" }, "geometry": { "type": "Point", "coordinates": [ 81.8496197, 7.3620603 ] } },
{ "type": "Feature", "properties": { "name": "Riyalul Jannah Vidyalaya", "amenity": "school", "addr_city": null, "osm_id": 11300382400, "osm_type": "nodes" }, "geometry": { "type": "Point", "coordinates": [ 81.8436597, 7.3945623 ] } },
{ "type": "Feature", "properties": { "name": "Km/Km - Ad Sahitha Vidyalaya", "amenity": "school", "addr_city": null, "osm_id": 11298069646, "osm_type": "nodes" }, "geometry": { "type": "Point", "coordinates": [ 81.8499027, 7.3283947 ] } },
{ "type": "Feature", "properties": { "name": "Mount Hira International School", "amenity": "school", "addr_city": null, "osm_id": 6615733798, "osm_type": "nodes" }, "geometry": { "type": "Point", "coordinates": [ 79.9007978, 6.7526188 ] } },
{ "type": "Feature", "properties": { "name": "Sujatha Vidyalaya", "amenity": "school", "addr_city": null, "osm_id": 2908605786, "osm_type": "nodes" }, "geometry": { "type": "Point", "coordinates": [ 80.537106, 5.9544204 ] } },
{ "type": "Feature", "properties": { "name": "MR/Yatiyana MV", "amenity": "school", "addr_city": null, "osm_id": 11006912915, "osm_type": "nodes" }, "geometry": { "type": "Point", "coordinates": [ 80.5951244, 6.0213363 ] } },
{ "type": "Feature", "properties": { "name": "CP/N/Nawalar  College", "amenity": "school", "addr_city": "Nanuoya", "osm_id": 10969460996, "osm_type": "nodes" }, "geometry": { "type": "Point", "coordinates": [ 80.7353668, 6.9355885 ] } },
{ "type": "Feature", "properties": { "name": "N/GLASSUGH TAMIL VITHIYALAYAM", "amenity": "school", "addr_city": null, "osm_id": 10991566492, "osm_type": "nodes" }, "geometry": { "type": "Point", "coordinates": [ 80.7395956, 6.9442877 ] } },
{ "type": "Feature", "properties": { "name": "T/Vigneswara Maha Vidyalayam", "amenity": "school", "addr_city": "Trincomalee", "osm_id": 10945678120, "osm_type": "nodes" }, "geometry": { "type": "Point", "coordinates": [ 81.2334268, 8.5771582 ] } },
{ "type": "Feature", "properties": { "name": "Highland Central College", "amenity": "school", "addr_city": "hatton", "osm_id": 1830414104, "osm_type": "nodes" }, "geometry": { "type": "Point", "coordinates": [ 80.5961975, 6.889592 ] } },
{ "type": "Feature", "properties": { "name": "cambridge Collage", "amenity": "school", "addr_city": null, "osm_id": 10928589848, "osm_type": "nodes" }, "geometry": { "type": "Point", "coordinates": [ 80.6006243, 6.9163075 ] } },
{ "type": "Feature", "properties": { "name": "J/Kokkuvil Sri Gnanapanditha Vidyalayam", "amenity": "school", "addr_city": "Kokkuvil West", "osm_id": 4796976524, "osm_type": "nodes" }, "geometry": { "type": "Point", "coordinates": [ 80.0091886, 9.6961584 ] } },
{ "type": "Feature", "properties": { "name": "College of DigiMind", "amenity": "college", "addr_city": null, "osm_id": 11295469484, "osm_type": "nodes" }, "geometry": { "type": "Point", "coordinates": [ 81.8468175, 7.3507995 ] } },
{ "type": "Feature", "properties": { "name": "CO Lesthakir International College", "amenity": "college", "addr_city": null, "osm_id": 11295221405, "osm_type": "nodes" }, "geometry": { "type": "Point", "coordinates": [ 81.8456013, 7.3574658 ] } },
{ "type": "Feature", "properties": { "name": "Ahungalla Rajapaksha College", "amenity": "college", "addr_city": null, "osm_id": 2678378721, "osm_type": "nodes" }, "geometry": { "type": "Point", "coordinates": [ 80.0341884, 6.313559 ] } },
{ "type": "Feature", "properties": { "name": "SLTC RESEARCH UNIVERSITY", "amenity": "university", "addr_city": null, "osm_id": 10936251013, "osm_type": "nodes" }, "geometry": { "type": "Point", "coordinates": [ 80.0932027, 6.8547832 ] } },
{ "type": "Feature", "properties": { "name": "Hatton Boschous College", "amenity": null, "addr_city": "hatton", "osm_id": 3372801452, "osm_type": "nodes" }, "geometry": { "type": "Point", "coordinates": [ 80.5960122, 6.8954439 ] } },
{ "type": "Feature", "properties": { "name": "R/Mahawalatenna Vidyalaya", "amenity": null, "addr_city": null, "osm_id": 10083409950, "osm_type": "nodes" }, "geometry": { "type": "Point", "coordinates": [ 80.7493025, 6.5924482 ] } },
{ "type": "Feature", "properties": { "name": "Kingsway", "amenity": "kindergarten", "addr_city": null, "osm_id": 10708595739, "osm_type": "nodes" }, "geometry": { "type": "Point", "coordinates": [ 80.6364882, 7.1929986 ] } },
{ "type": "Feature", "properties": { "name": "Saranga Early Childhood Development Unit - Nillamba", "amenity": "kindergarten", "addr_city": null, "osm_id": 10708595774, "osm_type": "nodes" }, "geometry": { "type": "Point", "coordinates": [ 80.6372554, 7.1935436 ] } },
{ "type": "Feature", "properties": { "name": "Sri Rewatha preshool", "amenity": "kindergarten", "addr_city": null, "osm_id": 10706045287, "osm_type": "nodes" }, "geometry": { "type": "Point", "coordinates": [ 80.0926097, 6.4044582 ] } },
{ "type": "Feature", "properties": { "name": null, "amenity": "kindergarten", "addr_city": null, "osm_id": 10699148290, "osm_type": "nodes" }, "geometry": { "type": "Point", "coordinates": [ 80.635465, 7.1959866 ] } },
{ "type": "Feature", "properties": { "name": null, "amenity": "kindergarten", "addr_city": null, "osm_id": 10684572864, "osm_type": "nodes" }, "geometry": { "type": "Point", "coordinates": [ 80.0803414, 6.4097673 ] } },
{ "type": "Feature", "properties": { "name": "nahakadiya ground", "amenity": "kindergarten", "addr_city": null, "osm_id": 10677516870, "osm_type": "nodes" }, "geometry": { "type": "Point", "coordinates": [ 80.9150176, 6.9469401 ] } },
{ "type": "Feature", "properties": { "name": "Al- Ameen Vidyalaya", "amenity": "school", "addr_city": null, "osm_id": 3780541964, "osm_type": "nodes" }, "geometry": { "type": "Point", "coordinates": [ 79.8483247, 6.922571 ] } },
{ "type": "Feature", "properties": { "name": "Hindu Ladies College", "amenity": "school", "addr_city": "Wellawatte - Colombo 06", "osm_id": 3780542001, "osm_type": "nodes" }, "geometry": { "type": "Point", "coordinates": [ 79.8629957, 6.8724361 ] } },
{ "type": "Feature", "properties": { "name": "T/M. Kalladi Sri Malaineeliyamman Vidyalayam.", "amenity": "school", "addr_city": null, "osm_id": 10783850480, "osm_type": "nodes" }, "geometry": { "type": "Point", "coordinates": [ 81.3882963, 8.3054315 ] } },
{ "type": "Feature", "properties": { "name": "Sri Siduhath Kanishta Vidyalaya", "amenity": "school", "addr_city": null, "osm_id": 10773683911, "osm_type": "nodes" }, "geometry": { "type": "Point", "coordinates": [ 80.0368822, 7.0268429 ] } },
{ "type": "Feature", "properties": { "name": "Kalutara Vidyalaya", "amenity": "school", "addr_city": null, "osm_id": 1667080369, "osm_type": "nodes" }, "geometry": { "type": "Point", "coordinates": [ 79.9643737, 6.574235 ] } },
{ "type": "Feature", "properties": { "name": null, "amenity": "school", "addr_city": null, "osm_id": 10718058023, "osm_type": "nodes" }, "geometry": { "type": "Point", "coordinates": [ 80.1262759, 6.487127 ] } },
{ "type": "Feature", "properties": { "name": null, "amenity": "school", "addr_city": null, "osm_id": 10716687894, "osm_type": "nodes" }, "geometry": { "type": "Point", "coordinates": [ 80.0925417, 6.4538023 ] } },
{ "type": "Feature", "properties": { "name": "Walagedara School", "amenity": "school", "addr_city": null, "osm_id": 10716687901, "osm_type": "nodes" }, "geometry": { "type": "Point", "coordinates": [ 80.0799193, 6.4498498 ] } },
{ "type": "Feature", "properties": { "name": "Bambawa Model Primary School", "amenity": "school", "addr_city": null, "osm_id": 10710795565, "osm_type": "nodes" }, "geometry": { "type": "Point", "coordinates": [ 80.5742714, 7.7436174 ] } },
{ "type": "Feature", "properties": { "name": null, "amenity": "school", "addr_city": null, "osm_id": 10692988236, "osm_type": "nodes" }, "geometry": { "type": "Point", "coordinates": [ 81.7819349, 6.8830946 ] } },
{ "type": "Feature", "properties": { "name": null, "amenity": "school", "addr_city": null, "osm_id": 10680590985, "osm_type": "nodes" }, "geometry": { "type": "Point", "coordinates": [ 81.8260816, 6.8835904 ] } },
{ "type": "Feature", "properties": { "name": "????? ????????", "amenity": "school", "addr_city": null, "osm_id": 10665657805, "osm_type": "nodes" }, "geometry": { "type": "Point", "coordinates": [ 80.1779605, 6.0565577 ] } },
{ "type": "Feature", "properties": { "name": "J/St Henry's College", "amenity": "school", "addr_city": "Illavalai", "osm_id": 5625946497, "osm_type": "nodes" }, "geometry": { "type": "Point", "coordinates": [ 79.9902372, 9.7957534 ] } },
{ "type": "Feature", "properties": { "name": "J/Ilavalai RCT Boys School", "amenity": "school", "addr_city": null, "osm_id": 5625946496, "osm_type": "nodes" }, "geometry": { "type": "Point", "coordinates": [ 79.9916968, 9.7940029 ] } },
{ "type": "Feature", "properties": { "name": "pannalawela sinhala vidyalaya", "amenity": "school", "addr_city": null, "osm_id": 10618470687, "osm_type": "nodes" }, "geometry": { "type": "Point", "coordinates": [ 80.9314574, 6.9669016 ] } },
{ "type": "Feature", "properties": { "name": "Nalanda College", "amenity": "college", "addr_city": "Colombo", "osm_id": 3780542027, "osm_type": "nodes" }, "geometry": { "type": "Point", "coordinates": [ 79.8750985, 6.9239907 ] } },
{ "type": "Feature", "properties": { "name": "National Apprentice and Industrial Training Authority", "amenity": "college", "addr_city": "Vavuniya", "osm_id": 4229631892, "osm_type": "nodes" }, "geometry": { "type": "Point", "coordinates": [ 80.4958374, 8.7598057 ] } },
{ "type": "Feature", "properties": { "name": "SLIIT Academy", "amenity": "university", "addr_city": null, "osm_id": 10751082139, "osm_type": "nodes" }, "geometry": { "type": "Point", "coordinates": [ 79.8506146, 6.9124563 ] } },
{ "type": "Feature", "properties": { "name": "Rajarata University of Sri Lanka", "amenity": "university", "addr_city": "Mihintale", "osm_id": 5519614221, "osm_type": "nodes" }, "geometry": { "type": "Point", "coordinates": [ 80.5058168, 8.3585569 ] } },
{ "type": "Feature", "properties": { "name": "Akuressse Maha Vidyalaya Playground", "amenity": "school", "addr_city": null, "osm_id": 11068284492, "osm_type": "nodes" }, "geometry": { "type": "Point", "coordinates": [ 80.4761208, 6.0889026 ] } },
{ "type": "Feature", "properties": { "name": "Zahira college Mawanella", "amenity": "school", "addr_city": null, "osm_id": 10578236568, "osm_type": "nodes" }, "geometry": { "type": "Point", "coordinates": [ 80.4551607, 7.2532938 ] } },
{ "type": "Feature", "properties": { "name": "Zahira Collage (primary)", "amenity": "school", "addr_city": null, "osm_id": 10578236563, "osm_type": "nodes" }, "geometry": { "type": "Point", "coordinates": [ 80.4559708, 7.253661 ] } },
{ "type": "Feature", "properties": { "name": null, "amenity": "school", "addr_city": null, "osm_id": 11270973198, "osm_type": "nodes" }, "geometry": { "type": "Point", "coordinates": [ 80.2147235, 7.2610937 ] } },
{ "type": "Feature", "properties": { "name": "Ibnu hajj institute", "amenity": "school", "addr_city": "Addalaichchenai", "osm_id": 11399767840, "osm_type": "nodes" }, "geometry": { "type": "Point", "coordinates": [ 81.8557633, 7.2488548 ] } },
{ "type": "Feature", "properties": { "name": "school 45003", "amenity": "school", "addr_city": null, "osm_id": 10287278209, "osm_type": "nodes" }, "geometry": { "type": "Point", "coordinates": [ 80.3611967, 8.7173983 ] } },
{ "type": "Feature", "properties": { "name": "Boralugoda Sri Sidhdhartha Vidyalaya", "amenity": "school", "addr_city": null, "osm_id": 11264691003, "osm_type": "nodes" }, "geometry": { "type": "Point", "coordinates": [ 80.1238067, 6.9234316 ] } },
{ "type": "Feature", "properties": { "name": "Colambagama Mahanama Maha Viduhala", "amenity": "school", "addr_city": null, "osm_id": 10273553628, "osm_type": "nodes" }, "geometry": { "type": "Point", "coordinates": [ 80.4823235, 6.5714104 ] } },
{ "type": "Feature", "properties": { "name": "R/Thuththiripitiya School", "amenity": "school", "addr_city": null, "osm_id": 10267841559, "osm_type": "nodes" }, "geometry": { "type": "Point", "coordinates": [ 80.4869396, 6.5943507 ] } },
{ "type": "Feature", "properties": { "name": "R/Nivi Sri Saddhananda Vidyalaya", "amenity": "school", "addr_city": null, "osm_id": 10267375427, "osm_type": "nodes" }, "geometry": { "type": "Point", "coordinates": [ 80.4685959, 6.579107 ] } },
{ "type": "Feature", "properties": { "name": "Buddhist Ladies College", "amenity": "school", "addr_city": null, "osm_id": 3780541980, "osm_type": "nodes" }, "geometry": { "type": "Point", "coordinates": [ 79.862575, 6.9165 ] } },
{ "type": "Feature", "properties": { "name": "Lahugala Maha Vidyalaya", "amenity": "school", "addr_city": null, "osm_id": 10243221100, "osm_type": "nodes" }, "geometry": { "type": "Point", "coordinates": [ 81.7195727, 6.8783781 ] } },
{ "type": "Feature", "properties": { "name": "Vihara Maha Devi Primary School", "amenity": "school", "addr_city": null, "osm_id": 10243221101, "osm_type": "nodes" }, "geometry": { "type": "Point", "coordinates": [ 81.7186163, 6.8783918 ] } },
{ "type": "Feature", "properties": { "name": null, "amenity": "school", "addr_city": null, "osm_id": 11407662458, "osm_type": "nodes" }, "geometry": { "type": "Point", "coordinates": [ 80.0119443, 6.4441064 ] } },
{ "type": "Feature", "properties": { "name": "Bishop's College", "amenity": "school", "addr_city": null, "osm_id": 1723588916, "osm_type": "nodes" }, "geometry": { "type": "Point", "coordinates": [ 79.8553433, 6.9147139 ] } },
{ "type": "Feature", "properties": { "name": null, "amenity": "school", "addr_city": null, "osm_id": 10175923522, "osm_type": "nodes" }, "geometry": { "type": "Point", "coordinates": [ 79.890148, 9.6625284 ] } },
{ "type": "Feature", "properties": { "name": null, "amenity": "school", "addr_city": null, "osm_id": 10168133854, "osm_type": "nodes" }, "geometry": { "type": "Point", "coordinates": [ 81.263149, 8.4614207 ] } },
{ "type": "Feature", "properties": { "name": "Kn/Ramakrishan Vidyalayam", "amenity": "school", "addr_city": null, "osm_id": 4500663896, "osm_type": "nodes" }, "geometry": { "type": "Point", "coordinates": [ 80.3819859, 9.3623737 ] } },
{ "type": "Feature", "properties": { "name": "La Salle English Medium School Mannar", "amenity": "school", "addr_city": null, "osm_id": 3665942840, "osm_type": "nodes" }, "geometry": { "type": "Point", "coordinates": [ 79.9014648, 8.9878936 ] } },
{ "type": "Feature", "properties": { "name": null, "amenity": "school", "addr_city": null, "osm_id": 11239790482, "osm_type": "nodes" }, "geometry": { "type": "Point", "coordinates": [ 79.9233314, 6.6993219 ] } },
{ "type": "Feature", "properties": { "name": null, "amenity": "school", "addr_city": null, "osm_id": 4524976695, "osm_type": "nodes" }, "geometry": { "type": "Point", "coordinates": [ 79.9920707, 6.7104133 ] } },
{ "type": "Feature", "properties": { "name": null, "amenity": "school", "addr_city": null, "osm_id": 11232745339, "osm_type": "nodes" }, "geometry": { "type": "Point", "coordinates": [ 79.9106859, 6.8731857 ] } },
{ "type": "Feature", "properties": { "name": "Tissa Vidyalaya", "amenity": "school", "addr_city": "Trincomalee", "osm_id": 1243397240, "osm_type": "nodes" }, "geometry": { "type": "Point", "coordinates": [ 81.2370821, 8.5582606 ] } },
{ "type": "Feature", "properties": { "name": "Seenipella Primary School", "amenity": "school", "addr_city": null, "osm_id": 13404338646, "osm_type": "nodes" }, "geometry": { "type": "Point", "coordinates": [ 80.5872597, 6.1473224 ] } },
{ "type": "Feature", "properties": { "name": "Ruwanpura National College of Education", "amenity": "college", "addr_city": null, "osm_id": 12537617834, "osm_type": "nodes" }, "geometry": { "type": "Point", "coordinates": [ 80.5813696, 6.5579698 ] } },
{ "type": "Feature", "properties": { "name": "Saraswathi Vidyalaya", "amenity": null, "addr_city": "Periyaneelavanai", "osm_id": 3331567246, "osm_type": "nodes" }, "geometry": { "type": "Point", "coordinates": [ 81.8134744, 7.4525149 ] } },
{ "type": "Feature", "properties": { "name": null, "amenity": "kindergarten", "addr_city": null, "osm_id": 12473123851, "osm_type": "nodes" }, "geometry": { "type": "Point", "coordinates": [ 80.514866, 5.9398622 ] } },
{ "type": "Feature", "properties": { "name": null, "amenity": "kindergarten", "addr_city": null, "osm_id": 11842859569, "osm_type": "nodes" }, "geometry": { "type": "Point", "coordinates": [ 79.8641051, 6.8512298 ] } },
{ "type": "Feature", "properties": { "name": "Kuleegoda Sumana Vidyalaya", "amenity": "school", "addr_city": "Ambalangoda", "osm_id": 11197206260, "osm_type": "nodes" }, "geometry": { "type": "Point", "coordinates": [ 80.0710287, 6.2117739 ] } },
{ "type": "Feature", "properties": { "name": "habarana national college", "amenity": "school", "addr_city": null, "osm_id": 11192193523, "osm_type": "nodes" }, "geometry": { "type": "Point", "coordinates": [ 80.7567032, 8.037915 ] } },
{ "type": "Feature", "properties": { "name": "Defence Service College", "amenity": "school", "addr_city": null, "osm_id": 1814503074, "osm_type": "nodes" }, "geometry": { "type": "Point", "coordinates": [ 79.8505675, 6.926897 ] } },
{ "type": "Feature", "properties": { "name": "Kn/Veravil Hindu Maha Vidyalayam", "amenity": "school", "addr_city": null, "osm_id": 4178003784, "osm_type": "nodes" }, "geometry": { "type": "Point", "coordinates": [ 80.0801249, 9.3531179 ] } },
{ "type": "Feature", "properties": { "name": "Swarnamali Girl's College", "amenity": "school", "addr_city": null, "osm_id": 4005843826, "osm_type": "nodes" }, "geometry": { "type": "Point", "coordinates": [ 80.6234795, 7.2845919 ] } },
{ "type": "Feature", "properties": { "name": "Siddi Lebbe College", "amenity": "school", "addr_city": null, "osm_id": 12399500216, "osm_type": "nodes" }, "geometry": { "type": "Point", "coordinates": [ 80.6233383, 7.2844505 ] } },
{ "type": "Feature", "properties": { "name": null, "amenity": "school", "addr_city": null, "osm_id": 12880869999, "osm_type": "nodes" }, "geometry": { "type": "Point", "coordinates": [ 80.788295, 7.3137944 ] } },
{ "type": "Feature", "properties": { "name": "MahaMaya Girls School", "amenity": "school", "addr_city": null, "osm_id": 1812140593, "osm_type": "nodes" }, "geometry": { "type": "Point", "coordinates": [ 80.5529672, 5.9431248 ] } },
{ "type": "Feature", "properties": { "name": "St Bridget Convent", "amenity": "school", "addr_city": "Colombo 07", "osm_id": 2419520012, "osm_type": "nodes" }, "geometry": { "type": "Point", "coordinates": [ 79.8643195, 6.9097759 ] } },
{ "type": "Feature", "properties": { "name": "T/M/ Antony", "amenity": "school", "addr_city": null, "osm_id": 10148493783, "osm_type": "nodes" }, "geometry": { "type": "Point", "coordinates": [ 81.2616189, 8.4547846 ] } },
{ "type": "Feature", "properties": { "name": null, "amenity": "school", "addr_city": null, "osm_id": 10146528333, "osm_type": "nodes" }, "geometry": { "type": "Point", "coordinates": [ 81.291843, 8.4587197 ] } },
{ "type": "Feature", "properties": { "name": null, "amenity": "school", "addr_city": null, "osm_id": 10146528332, "osm_type": "nodes" }, "geometry": { "type": "Point", "coordinates": [ 81.2919955, 8.4577425 ] } },
{ "type": "Feature", "properties": { "name": null, "amenity": "school", "addr_city": null, "osm_id": 10146487466, "osm_type": "nodes" }, "geometry": { "type": "Point", "coordinates": [ 81.2911072, 8.4591339 ] } },
{ "type": "Feature", "properties": { "name": "Kobbakaduwa central college", "amenity": "school", "addr_city": null, "osm_id": 10130397668, "osm_type": "nodes" }, "geometry": { "type": "Point", "coordinates": [ 80.5634118, 7.3090744 ] } },
{ "type": "Feature", "properties": { "name": "pahalagama mv ground", "amenity": "school", "addr_city": null, "osm_id": 10126783552, "osm_type": "nodes" }, "geometry": { "type": "Point", "coordinates": [ 80.3211501, 7.8821156 ] } },
{ "type": "Feature", "properties": { "name": null, "amenity": "college", "addr_city": null, "osm_id": 11842845570, "osm_type": "nodes" }, "geometry": { "type": "Point", "coordinates": [ 79.8640227, 6.8511418 ] } },
{ "type": "Feature", "properties": { "name": null, "amenity": "college", "addr_city": null, "osm_id": 11842860375, "osm_type": "nodes" }, "geometry": { "type": "Point", "coordinates": [ 79.8639276, 6.8511428 ] } },
{ "type": "Feature", "properties": { "name": "Hapitigama Maha Vidyalaya", "amenity": "college", "addr_city": null, "osm_id": 10132398858, "osm_type": "nodes" }, "geometry": { "type": "Point", "coordinates": [ 80.1182679, 7.198074 ] } },
{ "type": "Feature", "properties": { "name": "mirigama bandaranayake college ground", "amenity": "college", "addr_city": "Mirigama", "osm_id": 10121755530, "osm_type": "nodes" }, "geometry": { "type": "Point", "coordinates": [ 80.1258351, 7.2381768 ] } },
{ "type": "Feature", "properties": { "name": null, "amenity": "kindergarten", "addr_city": null, "osm_id": 10068697043, "osm_type": "nodes" }, "geometry": { "type": "Point", "coordinates": [ 80.4412009, 7.2511782 ] } },
{ "type": "Feature", "properties": { "name": "Little Hands", "amenity": "kindergarten", "addr_city": null, "osm_id": 13457718001, "osm_type": "nodes" }, "geometry": { "type": "Point", "coordinates": [ 81.0596135, 6.8689947 ] } },
{ "type": "Feature", "properties": { "name": "Falcon Nursery", "amenity": "kindergarten", "addr_city": null, "osm_id": 12023872831, "osm_type": "nodes" }, "geometry": { "type": "Point", "coordinates": [ 79.8905417, 6.9749595 ] } },
{ "type": "Feature", "properties": { "name": "St. Joseph's", "amenity": "kindergarten", "addr_city": null, "osm_id": 11966365849, "osm_type": "nodes" }, "geometry": { "type": "Point", "coordinates": [ 81.193191, 8.681246 ] } },
{ "type": "Feature", "properties": { "name": null, "amenity": "school", "addr_city": null, "osm_id": 10004541695, "osm_type": "nodes" }, "geometry": { "type": "Point", "coordinates": [ 79.884565, 9.6934449 ] } },
{ "type": "Feature", "properties": { "name": "Kingston College International", "amenity": "school", "addr_city": null, "osm_id": 259648485, "osm_type": "nodes" }, "geometry": { "type": "Point", "coordinates": [ 79.8624412, 6.87985 ] } },
{ "type": "Feature", "properties": { "name": "Sri Rathanapala Maha Vidyalaya", "amenity": "school", "addr_city": null, "osm_id": 1840782272, "osm_type": "nodes" }, "geometry": { "type": "Point", "coordinates": [ 79.8896017, 6.9753624 ] } },
{ "type": "Feature", "properties": { "name": "J/Hindu College", "amenity": "school", "addr_city": null, "osm_id": 2051033578, "osm_type": "nodes" }, "geometry": { "type": "Point", "coordinates": [ 80.0125291, 9.6785366 ] } },
{ "type": "Feature", "properties": { "name": "Mn/Erukkalampiddy Mahalir Maha Vidyalayam", "amenity": "school", "addr_city": null, "osm_id": 4793600182, "osm_type": "nodes" }, "geometry": { "type": "Point", "coordinates": [ 79.8791314, 9.0332911 ] } },
{ "type": "Feature", "properties": { "name": "T/Nilaveli RCTMS", "amenity": "school", "addr_city": null, "osm_id": 6001074455, "osm_type": "nodes" }, "geometry": { "type": "Point", "coordinates": [ 81.1920833, 8.6815726 ] } },
{ "type": "Feature", "properties": { "name": "Webster International School, Hatton", "amenity": "school", "addr_city": "Hatton", "osm_id": 11961091809, "osm_type": "nodes" }, "geometry": { "type": "Point", "coordinates": [ 80.5900098, 6.9164484 ] } },
{ "type": "Feature", "properties": { "name": "Highlevel International School", "amenity": "school", "addr_city": "hatton", "osm_id": 11961143922, "osm_type": "nodes" }, "geometry": { "type": "Point", "coordinates": [ 80.5874341, 6.9098592 ] } },
{ "type": "Feature", "properties": { "name": null, "amenity": "school", "addr_city": null, "osm_id": 11954250995, "osm_type": "nodes" }, "geometry": { "type": "Point", "coordinates": [ 79.966638, 9.6299422 ] } },
{ "type": "Feature", "properties": { "name": null, "amenity": "school", "addr_city": null, "osm_id": 12343239223, "osm_type": "nodes" }, "geometry": { "type": "Point", "coordinates": [ 79.9030127, 7.1271619 ] } },
{ "type": "Feature", "properties": { "name": "Hiripitiya  Primary School", "amenity": "school", "addr_city": null, "osm_id": 9883236402, "osm_type": "nodes" }, "geometry": { "type": "Point", "coordinates": [ 80.0549802, 7.1565059 ] } },
{ "type": "Feature", "properties": { "name": "Vivekananda College", "amenity": "school", "addr_city": null, "osm_id": 682652547, "osm_type": "nodes" }, "geometry": { "type": "Point", "coordinates": [ 79.8594823, 6.9431455 ] } },
{ "type": "Feature", "properties": { "name": "Highland International School", "amenity": "school", "addr_city": "Maharagama", "osm_id": 2552014804, "osm_type": "nodes" }, "geometry": { "type": "Point", "coordinates": [ 79.9299547, 6.8443675 ] } },
{ "type": "Feature", "properties": { "name": "Gamini Central College", "amenity": "school", "addr_city": null, "osm_id": 2426343703, "osm_type": "nodes" }, "geometry": { "type": "Point", "coordinates": [ 80.1729771, 6.7441202 ] } },
{ "type": "Feature", "properties": { "name": "Sri Sumanajothi College", "amenity": "school", "addr_city": null, "osm_id": 2426343734, "osm_type": "nodes" }, "geometry": { "type": "Point", "coordinates": [ 80.174066, 6.7429242 ] } },
{ "type": "Feature", "properties": { "name": "Mahanama Central College", "amenity": "school", "addr_city": null, "osm_id": 2418603880, "osm_type": "nodes" }, "geometry": { "type": "Point", "coordinates": [ 81.3484739, 6.8764134 ] } },
{ "type": "Feature", "properties": { "name": "Royal College", "amenity": "school", "addr_city": null, "osm_id": 2418654132, "osm_type": "nodes" }, "geometry": { "type": "Point", "coordinates": [ 81.3389575, 6.860188 ] } },
{ "type": "Feature", "properties": { "name": "Institute of Engineers (IESL)", "amenity": "school", "addr_city": null, "osm_id": 672773905, "osm_type": "nodes" }, "geometry": { "type": "Point", "coordinates": [ 79.8720539, 6.9068559 ] } },
{ "type": "Feature", "properties": { "name": "????? ?????? ????????", "amenity": "school", "addr_city": null, "osm_id": 2407143013, "osm_type": "nodes" }, "geometry": { "type": "Point", "coordinates": [ 80.4486463, 6.0489375 ] } },
{ "type": "Feature", "properties": { "name": null, "amenity": "school", "addr_city": null, "osm_id": 2380091113, "osm_type": "nodes" }, "geometry": { "type": "Point", "coordinates": [ 80.4568936, 5.9480879 ] } },
{ "type": "Feature", "properties": { "name": "Rivisanda Central College", "amenity": "school", "addr_city": null, "osm_id": 2338999808, "osm_type": "nodes" }, "geometry": { "type": "Point", "coordinates": [ 80.4580818, 7.2113898 ] } },
{ "type": "Feature", "properties": { "name": "Rajagiri Primary School", "amenity": "school", "addr_city": null, "osm_id": 2339010478, "osm_type": "nodes" }, "geometry": { "type": "Point", "coordinates": [ 80.4575668, 7.177711 ] } },
{ "type": "Feature", "properties": { "name": "Gannoruwa Kanishta Vidyalaya", "amenity": "school", "addr_city": null, "osm_id": 2315563271, "osm_type": "nodes" }, "geometry": { "type": "Point", "coordinates": [ 80.5894595, 7.2851277 ] } },
{ "type": "Feature", "properties": { "name": "Medamahanuwara Central College", "amenity": "school", "addr_city": null, "osm_id": 2315533336, "osm_type": "nodes" }, "geometry": { "type": "Point", "coordinates": [ 80.81443, 7.2858936 ] } },
{ "type": "Feature", "properties": { "name": "Nugethenna Maha Vidyalaya", "amenity": "school", "addr_city": null, "osm_id": 2312712968, "osm_type": "nodes" }, "geometry": { "type": "Point", "coordinates": [ 80.8567016, 7.2856701 ] } },
{ "type": "Feature", "properties": { "name": "Ududumbara Secondary School", "amenity": "school", "addr_city": null, "osm_id": 2308038409, "osm_type": "nodes" }, "geometry": { "type": "Point", "coordinates": [ 80.8786662, 7.3167283 ] } },
{ "type": "Feature", "properties": { "name": "Ududumbara Primary School", "amenity": "school", "addr_city": null, "osm_id": 2308038412, "osm_type": "nodes" }, "geometry": { "type": "Point", "coordinates": [ 80.8776524, 7.3196095 ] } },
{ "type": "Feature", "properties": { "name": "Siripura Central College", "amenity": "school", "addr_city": null, "osm_id": 2304612474, "osm_type": "nodes" }, "geometry": { "type": "Point", "coordinates": [ 81.0156333, 7.7298482 ] } },
{ "type": "Feature", "properties": { "name": "Ananda Balika Maha Vidyalaya,Hingurakgoda", "amenity": "school", "addr_city": null, "osm_id": 2285461010, "osm_type": "nodes" }, "geometry": { "type": "Point", "coordinates": [ 80.9577083, 8.0360088 ] } },
{ "type": "Feature", "properties": { "name": "Thakshila Private School", "amenity": "school", "addr_city": null, "osm_id": 2235191852, "osm_type": "nodes" }, "geometry": { "type": "Point", "coordinates": [ 81.010598, 7.3324973 ] } },
{ "type": "Feature", "properties": { "name": "Sri Lanka Institute of Tourism & Hotel Management (SLITHM) - Ratnapura", "amenity": "college", "addr_city": "Rathnapura", "osm_id": 3571518393, "osm_type": "nodes" }, "geometry": { "type": "Point", "coordinates": [ 80.3823988, 6.7065423 ] } },
{ "type": "Feature", "properties": { "name": "Metropolitn College", "amenity": "college", "addr_city": null, "osm_id": 11862652313, "osm_type": "nodes" }, "geometry": { "type": "Point", "coordinates": [ 79.8676804, 6.8511982 ] } },
{ "type": "Feature", "properties": { "name": "Faculty Of Siddha Medicine -Trincomalee Campus, Eastern University ,Srilanka", "amenity": "university", "addr_city": null, "osm_id": 12039504918, "osm_type": "nodes" }, "geometry": { "type": "Point", "coordinates": [ 81.2115504, 8.6532479 ] } },
{ "type": "Feature", "properties": { "name": "Faculty of Communication business studies- Trincomalee Campus, Eastern University ,Srilanka", "amenity": "university", "addr_city": null, "osm_id": 12039491466, "osm_type": "nodes" }, "geometry": { "type": "Point", "coordinates": [ 81.211254, 8.6543497 ] } },
{ "type": "Feature", "properties": { "name": "Department of computer science- Trincomalee Campus, Eastern University", "amenity": "university", "addr_city": null, "osm_id": 12039472027, "osm_type": "nodes" }, "geometry": { "type": "Point", "coordinates": [ 81.2139134, 8.6541548 ] } },
{ "type": "Feature", "properties": { "name": "Faculty of Applied Science, Trincomalee Campus, Eastern University of Sri Lanka", "amenity": "university", "addr_city": null, "osm_id": 12039472028, "osm_type": "nodes" }, "geometry": { "type": "Point", "coordinates": [ 81.2138718, 8.654058 ] } },
{ "type": "Feature", "properties": { "name": "Department of Physical Science- Trincomalee Campus, Eastern University Of Sri Lanka", "amenity": "university", "addr_city": null, "osm_id": 12039472029, "osm_type": "nodes" }, "geometry": { "type": "Point", "coordinates": [ 81.2136465, 8.6542038 ] } },
{ "type": "Feature", "properties": { "name": "University of Sabaragamuwa", "amenity": "university", "addr_city": "Pambahinna", "osm_id": 2385001867, "osm_type": "nodes" }, "geometry": { "type": "Point", "coordinates": [ 80.788729, 6.7129191 ] } },
{ "type": "Feature", "properties": { "name": "Gumtree Kids Piliyandala", "amenity": "kindergarten", "addr_city": "Piliyandala", "osm_id": 13475414501, "osm_type": "nodes" }, "geometry": { "type": "Point", "coordinates": [ 79.9373025, 6.803061 ] } },
{ "type": "Feature", "properties": { "name": "Preschool - Walgama", "amenity": "kindergarten", "addr_city": null, "osm_id": 13507391057, "osm_type": "nodes" }, "geometry": { "type": "Point", "coordinates": [ 79.9967901, 6.8654665 ] } },
{ "type": "Feature", "properties": { "name": "Sanghabodhi Vidyalaya", "amenity": "school", "addr_city": null, "osm_id": 1478538586, "osm_type": "nodes" }, "geometry": { "type": "Point", "coordinates": [ 79.8854322, 7.3066792 ] } },
{ "type": "Feature", "properties": { "name": "Al Falah Vidyalaya", "amenity": "school", "addr_city": null, "osm_id": 2196922080, "osm_type": "nodes" }, "geometry": { "type": "Point", "coordinates": [ 79.8462867, 7.2590372 ] } },
{ "type": "Feature", "properties": { "name": "Neluwa National School", "amenity": "school", "addr_city": null, "osm_id": 2155827646, "osm_type": "nodes" }, "geometry": { "type": "Point", "coordinates": [ 80.3584599, 6.3769807 ] } },
{ "type": "Feature", "properties": { "name": "Walasmulla Primary School", "amenity": "school", "addr_city": null, "osm_id": 1932028492, "osm_type": "nodes" }, "geometry": { "type": "Point", "coordinates": [ 80.6974213, 6.1489834 ] } },
{ "type": "Feature", "properties": { "name": "Watapotha Maha Vidyalaya", "amenity": "school", "addr_city": null, "osm_id": 2152922277, "osm_type": "nodes" }, "geometry": { "type": "Point", "coordinates": [ 80.5057721, 6.5903341 ] } },
{ "type": "Feature", "properties": { "name": "Sapugaskanda Sobhitha Vidyalaya", "amenity": "school", "addr_city": null, "osm_id": 2101145763, "osm_type": "nodes" }, "geometry": { "type": "Point", "coordinates": [ 79.9526309, 6.9743213 ] } },
{ "type": "Feature", "properties": { "name": "Gareway Int. School", "amenity": "school", "addr_city": null, "osm_id": 2094344666, "osm_type": "nodes" }, "geometry": { "type": "Point", "coordinates": [ 79.884712, 6.9131523 ] } },
{ "type": "Feature", "properties": { "name": "Premadasa Maha Vidyalaya", "amenity": "school", "addr_city": null, "osm_id": 2055565229, "osm_type": "nodes" }, "geometry": { "type": "Point", "coordinates": [ 80.9498363, 7.3514021 ] } },
{ "type": "Feature", "properties": { "name": "Sri Rahula Vidyalaya", "amenity": "school", "addr_city": null, "osm_id": 2034260174, "osm_type": "nodes" }, "geometry": { "type": "Point", "coordinates": [ 79.8886441, 6.9377124 ] } },
{ "type": "Feature", "properties": { "name": "Narammala Primary School", "amenity": "school", "addr_city": null, "osm_id": 1977821563, "osm_type": "nodes" }, "geometry": { "type": "Point", "coordinates": [ 80.2136834, 7.4264847 ] } },
{ "type": "Feature", "properties": { "name": "Narammala Maha Vidyalaya", "amenity": "school", "addr_city": null, "osm_id": 1977839741, "osm_type": "nodes" }, "geometry": { "type": "Point", "coordinates": [ 80.2104379, 7.4347404 ] } },
{ "type": "Feature", "properties": { "name": "C.W.W Kannangara Central College", "amenity": "school", "addr_city": null, "osm_id": 1969471324, "osm_type": "nodes" }, "geometry": { "type": "Point", "coordinates": [ 80.1202207, 6.5171939 ] } },
{ "type": "Feature", "properties": { "name": "Gemunu Central College", "amenity": "school", "addr_city": null, "osm_id": 1945644574, "osm_type": "nodes" }, "geometry": { "type": "Point", "coordinates": [ 81.1532359, 6.9341765 ] } },
{ "type": "Feature", "properties": { "name": null, "amenity": "school", "addr_city": null, "osm_id": 1934643777, "osm_type": "nodes" }, "geometry": { "type": "Point", "coordinates": [ 80.6713848, 7.1566107 ] } },
{ "type": "Feature", "properties": { "name": "Gurukula Vidyalaya", "amenity": "school", "addr_city": null, "osm_id": 1924772400, "osm_type": "nodes" }, "geometry": { "type": "Point", "coordinates": [ 79.894427, 6.9588474 ] } },
{ "type": "Feature", "properties": { "name": "Vidyaloka Vidyalaya", "amenity": "school", "addr_city": null, "osm_id": 1909603763, "osm_type": "nodes" }, "geometry": { "type": "Point", "coordinates": [ 79.8869865, 7.0057468 ] } },
{ "type": "Feature", "properties": { "name": "Horowpotana Central College", "amenity": "school", "addr_city": null, "osm_id": 1881982350, "osm_type": "nodes" }, "geometry": { "type": "Point", "coordinates": [ 80.8295094, 8.554728 ] } },
{ "type": "Feature", "properties": { "name": "H/Rahula Maha Vidyalaya, Tangalle", "amenity": "school", "addr_city": "Tangalle", "osm_id": 3200326102, "osm_type": "nodes" }, "geometry": { "type": "Point", "coordinates": [ 80.7950354, 6.0297442 ] } },
{ "type": "Feature", "properties": { "name": "J - Pokkady Roman Catholic Tamil Mixed School", "amenity": "school", "addr_city": null, "osm_id": 5628575624, "osm_type": "nodes" }, "geometry": { "type": "Point", "coordinates": [ 80.2352651, 9.6714779 ] } },
{ "type": "Feature", "properties": { "name": "Paghghawasa college", "amenity": "school", "addr_city": null, "osm_id": 13516143957, "osm_type": "nodes" }, "geometry": { "type": "Point", "coordinates": [ 79.8926204, 7.0988024 ] } },
{ "type": "Feature", "properties": { "name": "Institute of Architects", "amenity": "school", "addr_city": null, "osm_id": 672773904, "osm_type": "nodes" }, "geometry": { "type": "Point", "coordinates": [ 79.8711849, 6.9064618 ] } },
{ "type": "Feature", "properties": { "name": "St Bridget's primary", "amenity": "school", "addr_city": null, "osm_id": 4590075189, "osm_type": "nodes" }, "geometry": { "type": "Point", "coordinates": [ 79.8660787, 6.9096502 ] } },
{ "type": "Feature", "properties": { "name": "Sripali Campus", "amenity": "university", "addr_city": null, "osm_id": 2097609269, "osm_type": "nodes" }, "geometry": { "type": "Point", "coordinates": [ 80.07014, 6.707532 ] } }
]
}
