{"type":"Topology","arcs":[[[14807,8590],[81,-11],[36,-49],[29,-72],[98,50],[59,13],[89,-22],[43,-32],[-20,-95],[-33,-80],[0,-53],[-28,-17],[-49,-117],[-68,-52],[-12,-56],[-69,-53],[77,-57],[42,-55],[38,-110],[48,5],[119,-49],[44,0],[53,-22],[29,-31],[110,26],[73,30],[28,26],[96,6],[36,62],[-14,93],[10,36],[36,11],[110,-12],[120,31],[105,61],[64,7],[26,30],[113,49]],[[16326,8081],[45,-12],[24,-43],[33,-3],[18,-44],[-53,-88],[-3,-97],[95,-112],[85,-75],[25,6],[55,-39],[32,-54],[60,-42],[22,3],[42,-68],[18,-53],[55,-29],[14,-24],[-41,-57],[4,-40],[27,-36],[11,-79],[33,-52],[7,-50],[-33,-65]],[[16901,6928],[4,-16],[83,-32],[26,-49],[66,-11]],[[17080,6820],[7,-25],[-53,-36],[24,-45],[7,-51],[-22,-23],[-12,-56],[21,-94],[-22,-29],[-46,-16],[-18,-43],[-155,-130],[-3,-76],[11,-17]],[[16819,6179],[-49,-56],[-80,-56],[-52,-52],[-66,-37],[-33,-41],[-15,-43],[-2,-89],[35,-76],[-2,-28]],[[16555,5701],[-66,14],[-24,-78],[-27,-48],[-28,-4],[-82,-55],[-41,-12],[-24,-34],[-20,29],[-39,9],[-72,-28],[-26,-51],[-40,-38],[-35,2],[-106,57],[-44,-31],[-15,-44],[-65,-91],[-61,-25]],[[15740,5273],[-53,79],[-61,48],[-33,45],[-34,-17],[-62,35],[-3,42],[-63,28],[-55,38],[-49,85],[-53,-36],[-64,5],[-34,-65],[-41,-22],[-148,31],[-68,-14],[-77,10],[-50,-48],[-69,-22],[-88,-1],[-49,76],[-57,11],[-26,28],[-127,47],[-24,41],[-155,79],[-109,44],[-67,17],[-40,-40],[-75,-26],[-45,-28]],[[13861,5743],[6,78],[16,57],[-23,138],[-19,39],[25,48],[3,80],[-14,77],[-21,51],[-40,34],[-27,72],[-76,7],[3,59],[-68,69],[-64,25],[8,54],[-50,33],[-8,36],[31,45],[-2,31],[-69,23],[-68,36],[-219,65],[-39,21],[-13,51],[-181,85],[-63,15],[-135,53]],[[12754,7125],[-5,46],[68,116],[57,62],[60,101],[72,49],[55,107],[-2,63],[-38,45],[73,46],[8,66],[47,81],[14,40],[57,33],[52,14],[72,49],[26,86],[14,100],[83,67],[9,45]],[[13476,8341],[123,2],[11,54],[83,132],[10,89],[12,10]],[[13715,8628],[53,-51],[34,-11],[34,-47],[68,15],[79,2],[52,-21],[82,20],[64,-2],[46,11],[-1,-85],[18,-24],[51,31],[127,-10],[116,106],[122,6],[28,25],[119,-3]],[[27955,8156],[46,-74],[32,-85],[40,-40],[7,-37],[-32,-40],[21,-83],[0,-74],[25,-46]],[[28094,7677],[6,-20],[-86,-186],[-55,-78],[-85,-36],[-21,-21],[-65,-26],[-77,-46],[-65,-18],[-48,0],[-55,-35]],[[27543,7211],[-33,15],[-19,72],[-40,61],[-6,71]],[[27445,7430],[-34,55],[-55,24],[-7,70],[22,23],[86,-18],[45,17],[15,33],[45,7],[33,30],[49,4],[108,64],[51,58],[50,88],[95,64],[18,58],[-30,33],[-3,109],[22,7]],[[11578,9841],[39,-10],[42,18],[95,-64],[98,71]],[[11852,9856],[29,-22],[18,-68],[36,-67]],[[11935,9699],[-11,-65],[25,-56],[-4,-35],[38,-37],[20,-45],[-46,-30],[-62,-6],[-60,-50],[-285,-106]],[[11550,9269],[-86,-51],[-105,-6],[-108,34],[-59,26]],[[11192,9272],[19,64],[53,40],[81,32],[72,83],[74,124],[30,11],[65,137],[-48,6],[-64,-13],[-20,12],[-48,99]],[[11406,9867],[49,-23],[92,12],[31,-15]],[[2246,6392],[-95,-111],[-40,-28],[-60,-83],[-168,-157],[-19,-55],[-82,-39],[-27,12],[-74,-8],[-26,-17],[-69,-4],[-23,-38],[-51,-36],[-32,-52],[6,-64],[-26,-63],[-42,-5],[-93,-62],[-48,-77],[-49,-4],[-41,-24],[-34,-51],[2,-31],[-25,-39],[17,-23],[-32,-37],[12,-62],[50,-39],[49,-137],[-5,-32],[52,-134]],[[1273,4892],[-23,-28],[-166,-7],[-85,31],[-17,29],[-74,19],[-116,76],[-57,13],[-66,64],[-54,83],[-9,35],[-92,-32],[-97,-16],[-96,5],[-50,15],[-62,-6],[-184,70],[-25,26],[33,39],[79,7],[36,55],[-34,71],[11,28],[-11,51],[56,87],[21,53],[78,58],[73,19],[85,-21],[24,87],[-4,72],[29,17],[77,117],[13,85],[33,92],[-6,135],[19,99],[-14,80],[261,112],[34,60],[272,25],[96,2],[130,-42],[53,70],[66,12],[58,24],[50,45],[39,-1],[37,34]],[[1694,6841],[17,-48],[30,-16],[79,16],[170,-50],[45,-42],[62,-9],[58,-57],[21,-145],[36,-20],[34,-78]],[[23823,5696],[-4,-147],[-28,-20],[-87,-17],[-27,-24],[-15,-86],[-34,-16],[-7,-35],[27,-55],[12,-108],[-8,-82],[-22,-35],[7,-125],[23,-26],[51,-21],[15,-47],[127,-38],[19,-23],[17,-75],[-8,-52],[71,-180],[-21,-116],[16,-25],[3,-93]],[[23950,4250],[-26,-65],[7,-52],[-35,-24],[-71,-96],[-142,-107],[-44,-49],[-76,-61],[-40,-43],[-82,-27],[-37,9]],[[23404,3735],[-35,36],[-22,-10],[-66,9],[-27,25],[-37,-6],[-143,14],[-80,16],[-33,-33],[-100,-56],[-87,5],[-7,-60],[-120,-38],[-42,-49],[-60,14],[-32,35],[-48,-2],[-12,-31],[-70,-58],[-62,31],[-19,-27],[-126,-87],[-17,-44],[-68,-35],[2,-31],[-42,-28]],[[22051,3325],[-37,54],[-62,60],[-36,88],[-35,27],[0,58]],[[21881,3612],[12,28],[-7,71],[23,67]],[[21909,3778],[26,10],[88,-25],[103,-2],[105,35],[95,68],[10,46],[59,90],[82,54],[61,9],[92,-14],[24,33]],[[22654,4082],[60,44],[19,71],[96,68],[45,10],[74,38],[54,0],[-1,85],[43,82],[-23,37],[21,34],[-46,42],[16,102],[-37,13],[-11,126],[-17,22],[3,62],[-18,63],[-58,78],[-15,70],[-42,98],[67,79],[73,48],[-10,49],[0,162],[12,73],[37,51],[1,91],[10,27],[-21,98],[10,21],[118,13],[109,61],[51,15],[68,42],[50,71],[72,74],[34,2],[31,-29],[146,1],[162,8],[34,7]],[[23871,6191],[-53,-88],[15,-50],[-5,-47],[21,-52],[-24,-84],[15,-92],[-17,-82]],[[30161,8528],[16,-41],[-7,-67],[11,-68],[-22,-44],[-21,-112],[8,-92],[-32,-52],[-41,-146],[-8,-121],[-28,-48],[-96,-31],[-16,-29]],[[29925,7677],[-19,-16],[-111,85],[-39,0],[-95,-63],[-61,-12],[-102,39],[-91,-15],[-44,31]],[[29363,7726],[23,44],[14,73],[41,54],[-5,131]],[[29436,8028],[30,40]],[[29466,8068],[99,46],[134,46],[62,12],[30,56],[67,80],[43,82],[42,51],[28,14],[62,63]],[[30033,8518],[57,14],[71,-4]],[[13866,3168],[21,-78],[32,-1],[74,-51],[71,-95],[57,-35],[66,-113],[23,-14]],[[14210,2781],[-72,-103],[-17,-53],[-22,-15],[-88,7],[-76,-50],[-50,8],[-126,-71],[-81,8],[-62,-13],[-66,8],[-52,-20],[-24,33]],[[13474,2520],[34,-3],[57,98],[-1,78]],[[13564,2693],[12,58],[35,47],[51,23],[77,78],[66,123],[11,81],[-4,59],[38,63]],[[13850,3225],[16,-57]],[[15453,3391],[-21,-33],[-1,-48],[-45,-65],[-45,-36],[-86,-104],[-31,-77],[-6,-52],[49,-66],[-10,-42],[-85,-98]],[[15172,2770],[-17,33],[-31,8],[-92,-51],[-86,-85],[-12,-21],[10,-85],[-119,-70],[-28,-46],[-75,-50],[-22,-45],[2,-57],[-26,-26],[-32,-129],[-44,-41],[-3,-67],[41,-15],[-22,-45],[23,-45],[-25,-58],[21,-56],[-18,-34],[-60,7],[-34,-29],[-82,-17],[-6,-39],[-37,-21],[-63,27],[-50,6],[-13,41],[-45,5],[-45,-15],[-34,-29],[-75,-35],[-33,-29],[2,-47],[-28,-68],[1,-84],[-67,-8],[-18,-19],[-106,-40],[-57,29],[-48,42],[-82,31]],[[13637,1493],[-50,8],[-86,-25],[-39,-35],[-44,106],[-11,49],[-45,25],[-76,91],[-5,28],[-44,80],[4,53],[55,33],[50,62],[-153,14]],[[13193,1982],[5,9]],[[13198,1991],[37,18],[2,59],[-50,72],[63,8],[37,91],[-16,22],[7,62],[-38,48],[-6,33],[131,133],[53,9],[56,-26]],[[14210,2781],[40,4],[51,66],[59,25],[86,10],[31,-8],[97,66],[56,107],[30,124],[-7,68],[14,47]],[[14667,3290],[18,12]],[[14685,3302],[23,0],[28,43],[51,33]],[[14787,3378],[30,-16],[79,41],[61,-3],[28,-67],[118,-4],[41,32],[63,-12],[50,-46],[106,27],[41,63],[49,-2]],[[17749,3106],[1,-67],[-12,-38],[11,-64],[81,-40],[142,-30],[35,-29],[31,-58],[2,-46],[-44,-58],[-1,-114],[75,-104],[-25,-205],[4,-49],[26,-61],[-3,-43],[-67,-76]],[[18005,2024],[-441,339]],[[17564,2363],[-66,75],[-15,50],[-70,41],[-113,110],[-54,67],[-21,111],[-3,142],[18,30],[12,78],[22,25],[40,100],[52,45],[77,96]],[[17443,3333],[44,-72],[61,11],[83,-20],[43,-24],[8,-52],[67,-70]],[[30769,8699],[-7,-100],[14,-113],[12,-173],[17,-97],[0,-60],[47,-91],[19,-8]],[[30871,8057],[-65,-54],[-45,-9],[-77,-70],[-66,-16]],[[30618,7908],[-98,-60],[-42,-40],[-72,2],[-76,-22],[-62,-50],[-51,-9],[-42,-30],[-64,28],[-29,-12]],[[30082,7715],[-12,-35],[-70,-16],[-75,13]],[[30161,8528],[157,-9],[115,22],[62,56],[42,66],[26,6],[76,68],[42,0],[88,-38]],[[2146,4894],[4,-49],[-27,-189],[-91,-134],[-60,-71],[-51,-37],[23,-67],[50,-35],[-7,-123],[11,-44],[-16,-81],[-30,-73],[-27,-144],[-33,-38],[-59,-18],[-137,-69],[-13,-33],[-58,-48],[-61,-30],[-12,-27]],[[1552,3584],[-40,11],[3,46],[-26,46],[30,21],[9,47],[-44,42],[19,35],[-13,33],[68,-17],[41,23],[-44,87],[68,56],[-12,73],[-44,49],[-77,10],[-72,55],[-39,71]],[[1379,4272],[11,58],[-42,67],[10,55]],[[1358,4452],[10,34],[46,51],[1,61],[30,26],[29,-10],[78,25],[68,78],[9,45],[80,87],[73,24],[56,-25],[82,8],[81,21],[96,2],[49,15]],[[9296,5315],[34,-15],[64,-109],[50,-48],[30,-120],[-10,-67],[16,-53],[48,-56],[37,-133],[58,-89],[-21,-77],[10,-25]],[[9612,4523],[-26,-21],[-70,-24],[-96,22],[-37,-30],[-77,-1],[-96,-32],[-30,-43],[-30,-11],[-68,-59],[-72,-27],[-31,-99],[1,-136],[9,-103],[35,-47],[-16,-20],[-91,-17],[-21,-34],[-69,-44],[-16,-39],[25,-75],[-21,0],[-19,-55],[-69,-62],[-91,-6],[-40,41],[-152,36],[-103,-13],[-105,-44]],[[8236,3580],[-51,15],[-14,24],[-50,11],[-31,24],[-5,73],[-64,131],[16,74],[-6,52],[-85,88],[29,77],[44,48],[103,56],[28,72],[52,6],[65,47],[50,71],[-43,11],[-35,40],[-59,118],[-19,105],[49,73],[2,52],[60,112]],[[8272,4960],[32,-14],[90,-85],[52,-27],[43,17],[105,-6],[92,-15],[13,58],[27,48],[-1,95],[23,86],[18,25],[157,64],[35,5],[93,87]],[[9051,5298],[30,4],[85,-29],[130,42]],[[14472,9587],[-49,-98],[5,-26],[-37,-7],[-134,-142],[-95,-139],[-3,-21],[-72,-96],[-28,-65],[-97,-35],[-74,-39],[-128,-171],[-11,-29],[-49,-25],[15,-66]],[[13476,8341],[-106,92],[-81,18],[-64,43],[-1,18],[-53,15],[-41,-14],[42,132],[-27,31],[-38,4],[-65,-34],[-26,32],[51,33],[72,85],[-95,7],[-87,67],[-4,36],[-40,42],[-87,-9],[-46,-17],[-55,82],[12,93],[-15,73],[8,31],[-18,68],[-70,92],[-83,29],[-76,17]],[[12483,9407],[27,38],[35,0],[30,47],[52,51],[69,21]],[[12696,9564],[103,6],[64,-27],[59,23],[32,-3],[48,26],[79,-30],[73,-16],[70,22],[28,-20],[57,-5],[123,-37],[64,41],[75,-31],[114,-9],[62,24],[86,49],[27,-24],[28,30],[31,0],[73,44],[24,51],[41,27],[9,50]],[[14066,9755],[23,19],[41,-4],[68,-45],[130,-129],[95,21],[49,-30]],[[5705,8842],[-41,-21],[-19,-71],[-135,-141],[5,-66],[25,-51],[-15,-35],[14,-40],[-69,-97],[-36,28],[-78,28],[-17,-17],[-5,-89],[-27,-35],[-103,-26],[-17,-76],[12,-62],[34,-80]],[[5233,7991],[-59,-25],[-45,15],[-64,-11],[-67,-35],[-49,13],[-19,92],[-24,30],[-68,-13],[-44,18],[-52,-10],[-75,19],[-24,-52],[-39,-24],[-82,8],[-79,-83],[-3,-62],[-41,-48],[-51,-3],[-16,-20],[5,-90],[14,-65],[-22,-94],[-64,-67],[1,-46],[-24,-95]],[[4242,7343],[-113,-3],[-71,-19],[-23,-22],[-48,-6],[-172,-50],[-46,-66],[-56,-44],[-13,-31],[-48,-14],[-118,-64],[-7,-27],[-61,-60],[-71,-16],[-9,36],[-42,34],[-101,21],[-96,59],[-63,0],[-91,54],[-36,43],[-79,51],[-66,75],[-45,71],[-30,-25],[-18,38],[1,44],[-23,29]],[[2697,7451],[-32,121],[-27,55],[-36,40],[-30,7],[-70,70],[-84,47],[25,77],[-36,98],[5,73],[-33,149],[-40,104],[-50,40],[35,31],[54,113],[50,63],[14,47],[-46,102],[19,68],[25,37],[62,28],[42,151],[33,66],[-37,138],[-93,122],[-21,47],[75,41],[89,99],[35,12],[91,-23],[27,38],[-23,45],[-97,133],[6,71],[56,85],[46,13],[139,81],[65,45],[47,50],[30,53],[1,61],[-24,65],[65,70],[-14,102],[-26,52],[30,99],[74,15],[56,73],[61,52],[74,14],[121,100],[34,15],[135,-3],[50,-31],[111,-47],[46,96],[22,24],[48,13],[62,38]],[[3938,10896],[86,-70],[21,-46],[58,-15],[83,-55],[16,-43],[-17,-89],[20,-40],[121,-68],[41,-83],[160,8],[123,21],[43,-20],[196,-151],[75,1],[83,56],[40,11],[47,-27],[32,-59],[21,-159],[-1,-105],[78,-88],[37,-66],[-16,-30],[2,-120],[38,-13],[-13,-60],[7,-88],[48,-88],[-10,-42],[15,-22],[-6,-86],[17,-19],[75,-2],[43,-50],[68,-39],[55,-57],[86,-43],[47,-74],[-37,-66],[-15,-68]],[[24538,4009],[-14,-84],[-22,-45],[35,-65],[-8,-76],[0,-106],[37,-40],[37,-64],[-12,-39],[13,-41],[-32,-62],[32,-28],[105,-41],[61,-10],[138,9],[72,-68],[75,-26],[11,-89],[-20,-51],[102,-97],[54,-13],[32,-57],[63,18],[24,-35],[54,-34],[120,-99]],[[25495,2766],[1,-59],[-104,-25],[-52,-53],[27,-56],[-4,-29],[-46,-64],[-13,-40],[-4,-119],[38,-64],[-5,-24],[-95,-85],[-91,-20]],[[25147,2128],[-77,-22],[-43,-61],[-83,-64],[-96,63],[-69,16],[-47,63],[-37,19],[-122,-93],[-27,6],[3,60],[-37,25],[-45,-61],[-91,-29],[-17,-17]],[[24359,2033],[-65,39],[-29,42],[32,44],[-10,47],[26,26],[17,60],[-17,27],[10,85],[-22,55],[-73,-16],[-101,24],[-36,142],[-35,45],[78,102],[-19,89],[-34,9],[-53,53],[-20,114],[17,22],[-119,86],[-71,87],[-25,86],[12,28],[-53,29],[-10,30],[-71,48],[-47,19],[-22,77],[-77,37],[-83,61],[-55,17]],[[23404,3647],[0,88]],[[23950,4250],[74,17],[125,-29],[57,-41],[107,-11],[37,-17],[58,14],[44,-41],[28,-78],[58,-55]],[[9858,4017],[-52,-36],[-80,-110],[-30,-26],[38,-183],[8,-105],[-17,-71],[-41,-36],[12,-36],[-20,-86],[25,-71],[-11,-102],[-40,-47],[-6,-30],[29,-35],[39,-2],[29,-65],[7,-67],[-70,-150],[1,-30],[33,-35],[32,-71],[33,-35],[32,-72],[-3,-44],[42,-99],[28,-146],[37,-20],[19,-56],[31,-23],[60,-73],[41,-32],[69,-14],[33,-47],[48,-96],[4,-44],[34,-33],[36,-117],[23,-41],[-11,-40],[-51,35],[-7,-54],[27,-8],[42,-49],[-5,-63],[33,-4],[20,-36],[100,-67],[55,-63],[42,8],[-10,-50],[65,-46],[-8,-49]],[[10603,1145],[-38,30],[-39,-64],[-27,-13],[6,-58],[-34,-58],[-50,-47],[-30,-58],[-1,-45],[-39,-54]],[[10351,778],[-63,5],[-70,51],[-22,80],[-49,-25],[-40,-55],[-22,7],[-54,60],[-58,12],[9,-67],[-38,-15],[-30,26],[17,61],[-5,37],[-60,30],[-43,131],[25,63],[-160,87],[-43,1],[-33,21],[11,38],[-28,28],[-47,-1],[-36,-19],[-43,11],[-27,-54],[-42,7],[-25,45],[-46,-30],[-28,6],[-76,84],[-30,-23],[-41,1],[-40,38],[-11,45],[-41,-30],[-42,13],[4,38],[-72,39],[-60,-43],[-70,25],[9,77],[-15,57],[-38,51],[43,50],[13,127],[17,17],[-28,49],[2,37],[23,9],[-17,46],[-47,-9],[-9,87],[36,107],[-141,-3],[-68,38],[-15,-13],[-79,53],[-71,8],[-23,27],[-92,40],[-117,143],[-29,9],[-65,-17]],[[8111,2496],[-21,41],[-114,105],[-53,92],[-1,226],[-21,61],[77,45],[63,124],[6,33],[100,103],[1,40],[86,155],[2,59]],[[9612,4523],[34,-61],[109,4],[43,16],[54,-1],[50,-24],[2,-67],[37,-78],[1,-48],[-58,-70],[-22,-64],[10,-78],[-14,-35]],[[28585,15201],[104,-34],[27,-37],[28,-113],[-52,-125],[-9,-99],[18,-24],[106,-58],[61,1],[75,-31],[67,-78],[68,-34],[60,-50],[53,-2],[131,-37],[31,-105],[32,-43],[7,-126],[87,20],[51,-13],[68,29],[21,47],[117,34],[34,22],[49,65],[13,-45],[-7,-68],[43,-45],[134,-69],[81,-1],[63,-34],[6,-30],[-11,-102],[-41,-101],[-4,-58],[-30,-47],[-75,-55],[-75,46],[-35,-7],[-61,-66],[-50,6],[-76,67],[-62,0],[-19,-28],[-23,-102],[-27,-39],[-96,55],[-64,-38],[10,-55],[54,-88],[21,-100],[88,-143],[60,-49],[54,-1],[54,56],[78,4],[64,45],[101,17],[64,-42],[26,-48],[80,-52],[43,-63],[23,-11],[24,-67],[34,-172],[-12,-78],[10,-38],[78,-95],[-45,-162],[-55,-57],[-18,-49],[44,-91],[5,-49],[-31,-55],[-33,-105],[-2,-57],[-28,-66],[-18,-118],[-47,-46],[-134,-46],[-45,-29],[-20,-60],[-78,-44],[-40,-113],[-129,-92],[-81,-25],[-25,-91],[-74,-135],[-12,-70]],[[29491,11109],[-213,49],[-145,4],[-58,-8],[-124,16],[-83,35],[-39,84],[-44,-33],[-55,-60],[-138,-5],[39,-36],[34,-54],[35,-20],[19,-61],[56,-86],[-17,-41],[23,-33],[-42,-47],[-39,2],[-67,-25],[-67,-109],[-39,25],[-62,-8],[-56,12],[-33,24],[-95,12],[-146,-18],[-109,116],[-29,57],[-66,12],[-102,-11],[-126,-1],[-81,47],[-61,24],[-87,53],[-203,39]],[[27271,11064],[10,98],[-23,60],[-41,61],[1,39],[24,96],[-8,54],[21,60],[-23,79],[-16,153],[-26,82],[15,36],[94,115],[10,84],[-12,48],[-29,45],[-44,100],[-32,37],[15,66],[-20,81],[35,67],[68,79],[22,39],[30,106],[37,51],[16,53],[-5,65],[17,59],[-54,124],[16,36],[49,62],[45,122],[35,42],[-11,87],[10,74],[-16,68],[-39,90],[-4,106],[41,89],[32,140],[21,58],[5,181],[23,85],[-6,70],[-51,59],[8,44],[39,57],[24,60],[84,-1],[39,-17],[81,45],[82,96],[66,60],[84,110],[65,123],[78,74],[38,21],[62,-6],[106,-54],[57,-9],[35,17],[46,52],[88,59]],[[10071,9790],[41,-42],[53,-12],[46,-57],[58,5],[31,-26],[9,-52],[27,-31],[-2,-40],[26,-53],[54,-60],[41,-8],[51,-38],[4,-47],[40,-63],[1,-22],[51,-76],[-7,-36],[35,-27]],[[10630,9105],[-2,-130],[-17,-40],[-47,-48],[14,-28],[-32,-136],[-2,-112],[57,-28],[45,-75]],[[10646,8508],[-34,13],[-231,-24],[-60,3],[-62,40],[-70,10],[-120,70],[-86,9],[-48,24],[-130,22],[-54,-178],[23,-67],[16,-131],[49,-58],[9,-41],[25,-17],[26,-65],[37,-43],[-11,-78],[-39,-67],[-53,-35],[-159,-14],[-124,-35],[-58,-32],[-28,-33]],[[9464,7781],[-1,97],[21,59],[-5,51],[-29,97],[1,83],[-48,57],[-10,35],[-114,65],[-41,72],[-52,49],[-25,42],[-98,87],[-75,35],[4,50],[-43,154],[-88,34],[-58,34],[-43,44],[-61,-10],[-58,21],[-46,147],[6,27],[-22,63]],[[8579,9174],[144,-10],[43,9],[55,36],[103,0],[86,30],[82,-5],[76,14],[255,8],[79,9],[140,-39],[41,-1],[98,24],[60,128],[0,23],[84,50],[19,47],[30,216],[97,77]],[[9236,6581],[13,-28],[-19,-99],[-81,-36],[-34,0],[-48,-24],[-19,-42],[-86,-31],[-69,-8],[-66,-90],[-30,-65],[-29,-133],[-1,-142],[-66,-24],[-27,-22],[-30,-88],[97,14],[31,-27],[1,-35],[30,-96],[80,-117],[104,-66],[44,-56],[20,-68]],[[8272,4960],[44,137],[-13,40],[7,52],[-60,99],[-14,52],[26,35],[-26,53],[9,53],[-21,122],[-34,54],[-8,58],[-119,58],[-29,26]],[[8034,5799],[25,66],[55,49],[3,46],[-33,45],[-28,110],[-4,92],[16,53]],[[8068,6260],[40,105],[23,21],[29,125],[-10,42],[40,57],[-2,38],[27,93],[48,69],[81,79],[15,81],[-9,110],[42,95],[-10,33],[4,83]],[[8386,7291],[48,-9],[78,-44],[40,-38],[34,-70],[-1,-33],[34,-51],[38,-11],[-16,-78],[11,-53],[-1,-139],[11,-71],[29,-15],[90,8],[34,36],[90,-22],[54,-44],[112,8],[90,-24],[35,-51],[40,-9]],[[2777,3694],[-47,-33],[-26,-71],[-4,-45],[-42,-63],[-32,-9],[-28,-33],[-46,-106],[-84,-101],[-56,-2],[-65,-66],[29,-39],[-26,-77],[-31,-19],[-86,34],[-32,-12],[-35,28]],[[2166,3080],[-15,16],[-16,106],[-237,216],[-61,63]],[[1837,3481],[19,54],[73,16],[86,47],[76,19],[56,-2],[16,47],[-30,38],[11,66],[116,6],[82,-28],[70,39],[24,0],[164,93],[153,57],[51,28],[67,-1]],[[2871,3960],[-21,-35],[11,-52],[-84,-179]],[[27655,6973],[27,-51],[23,-9],[18,-53],[24,-20],[33,-70],[-4,-38],[32,-17],[40,-50],[48,-97]],[[27896,6568],[-35,-62],[-36,-19],[-29,-60],[-45,-47],[-22,2],[-28,-45],[-16,-61],[14,-96]],[[27699,6180],[-121,-32],[-103,0],[-135,-29],[-51,47],[-40,66],[-5,41],[-55,79],[-56,45],[-12,60],[-103,63],[-70,11],[-45,31]],[[26903,6562],[-29,40],[-5,48],[10,78],[-10,90]],[[26869,6818],[96,90],[31,83],[96,43],[68,-70],[67,-6],[98,-29],[28,6],[69,-17],[67,-44],[49,-1],[67,43],[23,47],[27,10]],[[3806,3989],[41,-31],[14,-130],[-61,-93]],[[3800,3735],[-23,-62],[8,-49],[-9,-64],[5,-58],[52,-49],[23,-41]],[[3856,3412],[-61,-55],[-41,-84],[-13,-109],[30,-122],[-12,-61],[-46,-11],[-125,-93],[-6,-25],[-39,-23],[-71,-20],[-27,-37],[-108,-55],[-91,-59],[-54,-57],[-7,-43]],[[3185,2558],[-97,81],[-117,2],[-72,156],[-18,55],[-56,-36]],[[2825,2816],[22,96],[35,38],[31,91],[-2,91],[-41,-12],[-9,54],[-29,63],[51,42],[5,57],[48,46],[34,6],[-31,30],[-59,29],[-9,23],[-52,37]],[[2819,3507],[-1,91],[-22,73],[-19,23]],[[2871,3960],[51,54],[64,12],[26,30],[128,81],[17,57],[93,113],[68,45],[63,61]],[[3381,4413],[5,-79],[-16,-30],[26,-19],[76,-16],[70,-56],[25,-68],[96,-13],[31,-17],[70,-100],[42,-26]],[[26525,7320],[-77,-19],[-20,-19],[-20,-78],[-67,-66],[-52,-10],[-23,-39],[-55,-32],[-59,-67],[-28,-15],[-58,31],[-74,-5],[-118,37],[-74,-111],[-66,-40],[-20,-28],[-4,-66],[-45,-87],[3,-25],[-43,-27]],[[25625,6654],[-24,82],[5,63],[32,50],[22,72],[94,169],[25,144]],[[25779,7234],[17,121],[-4,42]],[[25792,7397],[57,40],[121,-27],[129,-7],[84,-34],[126,3],[74,51],[124,41]],[[26507,7464],[18,-48],[0,-96]],[[27330,4508],[-7,-16],[-92,-80],[-28,-46],[-64,-49],[-82,-46],[-100,-94],[-47,-87],[-14,-124],[44,-68],[-32,-100],[59,-25],[39,-41]],[[27006,3732],[-62,-98],[5,-42],[-21,-27],[-38,52],[-75,7],[-7,-89],[-13,-20]],[[26795,3515],[-38,35],[-63,4],[-23,53],[-70,58],[-14,41],[-34,23],[-9,56],[-34,-1],[-19,49],[-79,20],[-24,71],[-28,22],[10,22],[-75,46],[-6,-47],[-91,-70],[-77,-123],[32,-28],[8,-86],[49,-41],[-6,-87],[-166,40],[-63,70],[-13,53],[18,36],[-3,123],[-60,-6]],[[25917,3848],[-8,55],[19,54],[108,61],[28,125]],[[26064,4143],[86,42],[57,-14],[99,40],[38,31],[98,17],[75,-21],[103,50],[39,30],[45,62]],[[26704,4380],[48,-6],[-4,-29],[29,4],[42,51],[-3,62],[40,23],[21,-28],[74,21],[73,-11],[42,-18],[8,46],[94,11],[11,22]],[[27179,4528],[22,-23],[51,5],[28,-20],[50,18]],[[18114,16035],[65,23],[50,56],[29,49],[36,29],[136,51],[80,-42],[96,-20],[65,-39],[20,-36],[43,-19],[135,-29],[105,-44],[131,-92],[36,-90],[91,-65],[87,-36],[87,57],[137,165],[25,48],[84,-14],[48,-25],[54,35],[47,3],[78,63],[127,60],[113,29],[45,80],[27,9],[46,50],[100,61],[50,16],[65,-4],[7,-35],[48,-62],[49,-13],[78,7],[83,-4],[40,-84],[95,-47],[19,-29],[58,-36],[62,-24],[65,13],[40,-11],[33,-43],[38,0],[44,54],[37,-76],[29,-25],[49,-6],[51,17],[25,46]],[[21402,16006],[127,-54],[11,-49],[-33,-49],[-1,-86],[-11,-36],[16,-89],[60,-32],[13,-39],[-41,-169],[50,-84],[-6,-61],[-23,-39],[-25,-81],[-162,-65],[-86,-110],[36,-50],[-20,-75],[-98,-102],[-4,-42],[95,-98],[57,-72],[50,-44],[155,-4],[79,-26],[58,4],[43,-45],[53,-19],[7,-42],[-21,-48],[53,-156],[43,-58],[46,-114],[53,-100],[3,-110],[-49,-43],[-8,-57]],[[21922,13662],[-98,-57],[-44,-41],[-78,-215],[-36,-55],[-39,-16],[-61,-48],[-48,-123],[-8,-73],[156,-3],[45,-23],[13,-102],[-10,-87],[5,-136],[-35,-52],[21,-93],[-2,-36],[-82,-99],[72,-52],[-41,-81],[-2,-69],[-14,-45],[-135,41],[-70,-16],[-32,-101],[66,-82],[2,-101],[-7,-34],[38,-31],[6,-32],[46,-37],[-15,-113],[42,-68],[0,-29],[-60,-84],[-1,-139],[31,-21],[30,-69],[-5,-62],[-28,-42],[4,-90],[-12,-44],[-74,-117],[-113,12],[-19,-63],[4,-47],[-36,-140],[4,-35],[-26,-111],[20,-56],[-2,-45],[73,-165],[-8,-65],[-35,-92],[27,-54],[54,-147],[13,-82],[33,-60],[96,-65],[-9,-16]],[[21538,9654],[-9,-20],[26,-60],[-2,-51],[62,-97],[-3,-84],[-19,-42]],[[21593,9300],[-83,64],[-21,66],[-53,37],[-15,41],[-48,9],[-85,98],[-48,11],[-118,87],[-131,27],[-121,59],[-135,10],[-128,-14],[-165,41],[-35,68],[-71,41],[-44,109],[-21,25],[-47,93],[-116,41],[-138,18],[-49,-15],[-122,-7],[-35,34],[-204,10],[-30,47],[-84,64],[-59,72],[-36,19],[-62,105],[-51,50],[-69,-17],[-29,-29],[-63,-7]],[[19077,10557],[-29,29],[-72,-22],[-3,72],[-21,49],[12,117],[-33,92],[14,46],[-23,30],[4,60],[37,83],[-99,-3],[-35,8],[-17,51],[56,104],[-39,60],[52,127],[-33,53],[29,44],[-18,37],[5,68],[39,46],[81,-21],[34,15],[19,79],[-42,36],[-16,43],[58,73],[27,3],[-12,104],[25,37],[-24,85],[-68,56],[4,58],[43,47],[-28,76],[-35,33],[4,63],[-88,129],[-48,47],[51,49],[-1,23],[-54,48],[-78,-15],[-84,27],[-47,0],[-76,-36],[-21,12],[-79,111],[-58,40]],[[18390,12930],[-56,76],[62,99],[-9,46],[-96,89],[-18,119],[8,73],[28,59],[173,0],[63,33],[69,64],[23,57],[33,134],[49,55],[-32,225],[18,180],[2,119],[-19,49],[-68,52],[-99,20],[-3,98],[62,28],[-11,98],[-31,32],[-72,-7],[-37,25],[-117,9],[-36,63],[2,56],[-28,39],[12,84],[-72,78],[-17,32],[120,145],[-24,68],[30,22],[59,156],[-33,134],[0,76],[-51,59],[-74,135],[-1,41],[-65,75],[-20,10]],[[11317,12371],[62,-117],[0,-111],[50,-112],[65,-20],[113,-61],[72,18],[109,-58],[30,-23],[43,-71],[24,-62],[24,-16],[19,-72],[48,-58],[64,-29],[23,-68],[-5,-26],[-51,-64],[-36,-6],[-96,-75],[-119,-55],[0,-78],[-39,-22],[-18,-75],[7,-50],[26,-39],[-16,-63],[34,-40],[4,-61]],[[11754,10857],[17,-84],[26,-60],[-29,-82],[9,-63],[-91,-81]],[[11686,10487],[-16,17],[5,82],[-55,51],[-7,59],[-26,53],[-69,43],[-40,43],[-41,67],[-81,31],[-24,78],[-43,24]],[[11289,11035],[-41,18],[-48,-4],[-57,77],[-82,27],[-37,-1],[-11,-23],[-34,43],[-68,19],[-15,36],[-94,42],[-18,21],[-26,82],[11,39]],[[10769,11411],[19,73],[-38,66],[33,54],[0,84],[66,-12],[116,45],[68,-15],[42,36],[52,9],[77,74],[34,50],[8,58],[-36,55],[31,138],[-9,48],[-31,16],[-13,76],[31,47],[78,61],[20,-3]],[[21593,9300],[6,-36],[51,-46],[18,-67],[23,-20],[7,-54],[59,-13],[46,-32],[7,-49],[-19,-35],[43,-38],[1,-39],[55,8],[55,-55],[16,-39],[54,-56],[64,-13],[50,-26],[32,-58],[40,-23],[15,-70],[29,-57],[29,-18],[3,-50],[24,-26],[48,-8],[41,-35],[9,-30],[79,-50],[24,-84],[39,3],[22,-38],[40,-128],[22,-28],[10,-59],[38,-47],[2,-44]],[[22675,7840],[-18,-66],[-28,-37],[-84,-3],[-80,7],[-62,-7],[-158,-96],[-65,-69],[-70,-15]],[[22110,7554],[-72,86],[-41,-16],[-63,5],[-34,-40],[-53,-11],[-42,78],[-79,47],[-63,91],[-41,83],[28,27],[-54,62],[-56,10],[-77,92],[-15,38],[-66,49],[-43,-10],[-109,24],[-36,-8],[-93,4],[-96,-28],[-43,-29],[-68,-103],[-61,-24]],[[20833,7981],[-44,50],[-22,99],[-84,16],[-32,36],[-9,35],[-55,12],[-25,42],[2,32],[-107,132],[-62,-1],[-29,68],[-46,43],[-19,45],[-105,15],[-44,16],[-37,59],[-129,12],[-44,29],[-67,12],[-58,34],[-23,74],[7,44],[-114,47],[-134,-14],[-93,9],[-59,27],[-55,64]],[[19346,9018],[-39,69],[-16,117],[-28,66]],[[19263,9270],[100,57],[-36,81],[4,91],[11,14],[-32,43],[-20,85],[-31,37],[21,140],[-28,17],[-57,95],[-18,110],[10,24],[-83,168],[-4,78],[-18,132],[-5,115]],[[18887,1961],[-170,-116],[-82,-49],[-98,-138],[-23,-25]],[[18514,1633],[-135,104]],[[18379,1737],[33,219],[-5,93],[4,185],[30,113],[51,126],[3,34]],[[18495,2507],[73,4],[100,-15],[-5,-89],[-44,2],[3,-40],[-27,-35],[11,-92],[55,-64],[84,1],[94,-34],[23,-52],[25,-132]],[[27793,2306],[-4,-90],[11,-85],[17,-27],[-15,-53],[24,-38],[4,-127],[-28,-29],[-48,-8],[-59,-36],[25,-69],[63,-42],[43,-5],[34,-46]],[[27860,1651],[-333,-525],[-400,-169],[-429,70],[-206,160],[-138,46]],[[26354,1233],[74,47],[-19,78],[25,62],[-14,42],[19,31],[-31,82],[-30,28],[36,41],[-28,21],[-23,55],[-3,76],[71,68]],[[26431,1864],[51,0],[112,-97],[74,-45],[6,98],[45,60],[55,12],[-1,25],[57,59],[3,71],[26,74],[-6,19],[45,100],[4,70],[46,34],[-8,68],[-26,34],[37,127],[68,93],[62,21]],[[27081,2687],[-6,-104],[50,-46],[34,-13],[76,-95],[10,-81],[-46,-56],[-69,-28],[-3,-86],[8,-59],[62,-33],[76,8],[22,-13],[131,-25],[96,24],[83,39],[48,48],[47,21],[78,112],[15,6]],[[27742,3748],[21,-43],[-4,-56],[-30,-43],[-31,-15],[-75,4],[-22,-17],[-44,-84],[-108,9],[-69,-23],[-27,-62],[51,-34],[34,-138],[-1,-34],[-29,-73],[-14,-76],[-25,-32]],[[27369,3031],[0,18],[-59,106],[-63,56],[-12,103],[-37,35],[-94,39],[-108,98],[-56,0],[-82,-56],[-63,85]],[[27006,3732],[34,-5],[84,-38],[53,-41],[136,-27],[17,-21],[24,43],[1,64],[-21,92],[6,55],[-15,58],[3,61],[42,12],[45,41],[131,11]],[[27546,4037],[22,-7],[0,-49],[65,-41],[37,-43],[31,-77],[36,-24],[5,-48]],[[13861,5743],[-22,-107],[18,-29],[-8,-63],[14,-44],[-15,-78],[40,-60],[-18,-40],[-43,-48],[-13,-85],[14,-37],[-23,-46],[27,-54],[46,-50],[-21,-97]],[[13857,4905],[-33,53],[-54,29],[-139,127],[-100,-8],[-39,14],[-82,-4],[-56,-18],[-93,66],[-69,37],[-48,4],[-63,103],[-92,-2],[-48,-12],[-92,-2],[-65,46],[-60,2],[-49,-35],[-86,10]],[[12589,5315],[-20,21],[-27,74],[4,20],[-65,20],[-66,47],[-27,2],[-24,83],[-30,33],[6,40],[-55,126],[-80,75],[14,43],[-32,89],[21,46],[-46,23],[-23,32],[-37,94],[-24,91],[-20,15],[-100,11],[-89,56],[-37,4],[-41,56],[-62,23],[-38,55],[-77,163],[-41,30],[-65,-2],[-43,49],[-53,94],[-58,-12],[-146,-66],[-76,2],[-87,-20],[-164,143],[-31,6]],[[10850,6881],[35,43],[67,50],[21,51],[35,18],[64,99],[88,102],[43,82],[90,33],[39,56],[42,30],[5,28],[65,24],[107,-10],[136,1],[49,-41],[102,-39],[61,21],[52,63],[160,95],[42,-8],[121,36]],[[12274,7615],[101,-78],[41,-61],[81,-61],[30,-37],[26,-63],[104,-75],[67,-70],[30,-45]],[[10673,8417],[-88,-40],[-93,-76],[-35,-43],[-11,-47],[-48,-15],[-45,-44],[-82,-37],[-45,18],[-56,-110],[-65,-44],[-41,-41],[37,-76],[66,-46],[40,-59],[43,-2],[52,-23],[3,-50],[-40,-91],[-35,-46],[41,-150],[-8,-52],[22,-81],[0,-153],[-19,-28],[8,-135],[12,-22],[-8,-60],[-37,-96]],[[10241,6768],[-37,-25],[-91,29],[-3,-87],[-32,-32],[-19,-109],[-60,-41],[-59,-15],[-3,-46],[-38,-51],[6,-65],[-43,-40],[-102,-18],[-26,-42],[-86,-3],[-84,-25],[-20,-47],[-93,-62],[-8,-83],[4,-88],[-36,-71],[-19,-73],[-23,-24],[8,-35],[-21,-92],[47,-67],[-1,-33],[-80,-126],[-27,-24],[1,-58]],[[9236,6581],[2,49],[-31,87],[28,147],[-58,97],[-25,105],[35,15],[103,105],[2,94],[73,39],[18,34],[57,36],[76,14],[164,15],[113,43],[55,4],[4,34],[-74,152],[-147,34],[-68,2],[-19,23],[-109,-16]],[[9435,7694],[29,87]],[[10646,8508],[27,-91]],[[10351,778],[39,-117],[-31,-138],[32,-44],[55,-43],[33,3],[1,-68]],[[10480,371],[-27,-19],[-95,-30],[-121,-50],[-64,53],[2,23],[-92,11],[-94,76],[-124,-45],[-114,72],[-71,1],[-14,-20],[0,-66],[-96,-153],[-45,-17],[-73,-3],[-4,27],[-37,27],[-82,27],[-35,-2],[-30,-65],[-37,-16],[-39,12],[-7,58],[-57,63],[57,126],[36,35],[62,33],[86,26],[49,62],[-16,95],[39,14],[26,61],[35,2],[-33,70],[7,41],[-80,17],[-51,50],[-67,16],[-116,-63],[-56,97],[-168,27],[-42,35],[-72,5],[-95,52],[-150,46],[-13,49],[-29,34],[-39,84],[-52,-3],[-80,-37],[-68,17]],[[8294,1326],[22,10],[30,78],[3,61],[47,79],[-5,52],[-25,56],[19,46],[-7,79],[17,126],[-37,49],[-75,66]],[[8283,2028],[1,78],[-72,140],[-39,101],[-72,79],[10,70]],[[15219,11587],[59,-36],[111,-12],[67,-43],[51,-3],[107,110],[39,6],[31,33],[198,125],[46,-5],[-33,-225],[-31,-63],[-12,-134],[-43,-83],[-5,-104],[-43,-93],[-44,-19],[15,-64],[-21,-16],[-54,-139],[14,-80],[30,-44],[-1,-74],[-63,0],[-31,-40],[-66,-46],[-37,-46],[-47,-102],[-68,-73],[-97,-77],[-22,-33],[34,-74],[-26,-75],[22,-69],[-93,-54],[44,-39],[7,-42],[-41,-40],[-106,-62]],[[15110,9752],[-38,1],[-94,28],[-109,-12],[-36,-39],[-22,2],[-79,57],[-57,1],[-102,-39],[-23,-59],[-49,-88],[-29,-17]],[[14066,9755],[2,34],[54,25],[52,147],[23,24],[17,60],[30,22],[123,52],[85,-9],[55,16],[37,51],[66,52],[95,10],[44,72],[53,19],[112,8],[33,12],[95,108],[0,72],[-27,90],[9,72],[-74,68],[-53,20],[-114,-9],[-20,9],[-59,-22],[-72,-11],[-39,54],[0,54],[-37,19],[-7,116],[14,21],[-22,55],[-38,20]],[[14503,11086],[51,86],[-35,32],[9,31],[-9,70],[-18,23],[-9,76],[-59,24],[-15,41],[20,23],[12,61],[125,121],[39,63],[57,-9],[36,10],[113,9],[56,-25],[43,-62],[94,60],[97,-16],[51,-35],[32,-2],[3,-63],[23,-17]],[[25466,3105],[16,-29],[90,-66],[37,-9],[145,15],[25,14],[61,-5],[32,-35],[42,-6],[72,-32],[99,-22],[54,26],[53,42],[85,20],[116,-8],[93,27],[149,53],[21,-6],[-48,-39],[19,-66],[11,-93],[66,-52],[-5,-38],[28,-84],[-6,-38],[41,-24],[71,19],[73,-10],[101,37],[78,-3]],[[27085,2693],[-4,-6]],[[26431,1864],[-56,62],[-14,70],[-61,6],[-23,22],[-128,-51],[-2,-39],[-41,-1],[-31,73],[-46,34],[-153,64],[-33,-20],[-116,-26],[-80,-65],[-16,22],[-47,-5],[-22,27],[-27,-55],[-26,12],[-49,-45],[-57,-6],[-14,49],[-42,-4],[-62,17],[-15,68],[-32,-11],[-73,35],[-18,31]],[[25495,2766],[3,52],[-21,48],[-37,31],[-13,68],[1,69],[38,71]],[[17564,2363],[-78,60],[-628,-44],[-66,-139],[-25,-164],[-339,-219]],[[16428,1857],[11,70],[-21,37],[-49,43],[-60,71],[-23,66],[0,39],[-46,79],[8,118],[-32,71]],[[16216,2451],[64,11],[29,19],[53,-2],[55,48],[-6,66],[-17,44],[-4,71],[25,40],[-30,136],[3,45],[31,28],[43,3],[9,26],[47,40],[17,38],[-22,46],[22,48],[-1,43],[-27,40],[-49,180]],[[16458,3421],[55,54],[89,23],[43,66],[91,46],[79,-16],[95,60],[77,18],[33,25],[132,9],[60,-38],[30,-60],[31,-33],[6,-75],[73,-61],[22,-76],[69,-30]],[[5995,4532],[21,-142],[-20,-71],[7,-41],[-23,-81],[10,-40],[30,-15],[17,-54],[25,-26],[34,-71],[-33,-162],[-48,-58],[-3,-41],[-40,-42],[17,-32],[-35,-71],[-29,-24],[-7,-46],[-68,-86],[-23,-15],[-34,-66],[-25,-12],[-32,-54],[-63,-49],[-72,-71],[-79,9],[-31,-26],[-50,-7]],[[5441,3138],[-51,20],[-49,-29],[-27,25],[20,63],[-33,46],[-69,49],[-41,14],[-108,113],[-1,76],[-41,45],[13,55],[-136,212]],[[4918,3827],[-17,49]],[[4901,3876],[5,23],[63,23],[27,24],[24,100],[52,44],[47,97],[21,67],[2,104],[39,35],[85,141],[30,15],[72,-14],[55,8],[40,52],[104,-43],[122,-41],[55,24],[119,-25],[35,15],[97,7]],[[12199,1517],[40,-45],[61,-36],[35,-105],[109,-71],[-2,-52],[51,-50],[38,5]],[[12531,1163],[50,-74],[-43,-61],[10,-91],[-73,29],[-27,-10],[-98,-69],[-45,9],[-23,-23],[55,-61],[17,-46],[-12,-94],[-31,-22],[-61,6],[-104,50],[-52,-19],[-46,-67],[13,-47],[-23,-41],[-123,-35],[-69,-33],[-38,-2],[-86,32],[-28,-5],[-58,-51]],[[11636,438],[-100,-4],[-47,13],[-32,38],[6,34],[32,21],[7,48],[-28,66],[-39,36],[-44,10],[98,126],[-8,24],[-72,71],[-49,-1],[-68,71],[-90,39],[-7,51],[-22,43],[-3,165]],[[11170,1289],[17,19],[-3,57],[70,90],[-27,108],[-21,21],[44,90],[52,8],[92,-34],[75,-16],[31,-23],[20,-88],[26,-58],[97,-78],[6,-53],[87,-28],[38,65],[85,42],[88,65],[25,-42],[62,2],[69,21],[50,1],[46,59]],[[29955,2419],[62,-27],[22,-70],[38,-79]],[[30077,2243],[-37,-80],[32,-34],[-1,-55],[-91,-152],[5,-77],[-24,-102],[-45,-51],[-11,-30],[-45,-45],[-8,-96],[4,-77],[15,-11],[11,-95],[20,-35]],[[29902,1303],[-117,-64],[-492,-72],[-517,-90],[-328,134],[-229,144],[-348,289]],[[27871,1644],[31,111],[58,11],[-19,24],[10,32],[-28,68],[46,24],[16,90],[34,19],[15,40],[47,-40],[75,33],[66,62],[39,-14],[1,-62],[47,-52],[9,29],[34,-18],[29,33],[37,-34],[38,12],[21,47],[50,66],[1,44],[38,56],[77,57],[2,96],[11,26],[124,-43],[17,-20],[112,-29],[28,-19],[67,-14],[36,54],[62,16],[134,78],[106,44],[26,19],[68,8],[58,30],[35,43],[76,27],[38,43]],[[29643,2641],[73,-57],[16,-84],[49,-70],[112,5],[62,-16]],[[16685,5273],[-2,-97],[37,-36],[27,-85],[31,-67],[53,-54],[-25,-108],[48,-8],[96,44],[68,-18],[59,45],[51,10],[91,-9],[39,-15],[43,-56],[49,63],[12,46],[26,-66],[57,-68],[39,-23],[-9,-90],[24,-73],[-8,-95],[19,-39],[-24,-104],[-39,-81],[-91,-27],[-35,-37],[-66,-27],[-5,-31],[-53,-30],[12,-48],[22,3],[61,-50],[80,-35],[34,-53],[-7,-92],[26,-47],[81,-44],[27,-58],[34,7],[43,-22],[30,-39],[54,-20],[23,-36],[28,19],[6,-52],[38,-36],[45,12],[89,-1],[56,-31],[-13,-44],[23,-70],[37,-4],[15,-30],[121,-101],[25,-1]],[[18187,3264],[-31,-26],[-124,5],[-56,-38],[-48,-2],[-105,-90],[-74,-7]],[[16458,3421],[-61,50],[-50,15],[-6,26],[-52,70],[-57,-3],[2,38],[-31,40],[-41,-9],[-84,23],[-46,-12],[-35,-38],[-90,-9],[-67,-34],[-41,38],[1,28],[-69,26],[-57,1]],[[15674,3671],[15,26],[3,148],[32,60],[-31,110],[-29,32]],[[15664,4047],[69,94],[95,25],[67,50],[-1,131],[15,47],[-17,99],[36,45],[89,82],[4,41],[-24,102],[-27,49],[35,104],[26,38],[103,25],[51,75],[28,66],[38,12],[49,71],[46,-2],[10,28],[51,24],[44,44],[59,37],[69,10],[38,-40],[68,-31]],[[8068,6260],[-56,-6],[-67,25],[-98,9],[-34,19],[-136,41],[-101,62],[-71,27],[-21,39],[20,69],[-8,25],[-44,36],[-8,39],[26,40],[-43,45],[-144,86],[-21,2],[-60,79],[-81,60],[-17,62],[-28,45],[-80,57]],[[6996,7121],[129,63],[84,26],[140,9],[22,41],[57,60],[130,47],[82,55],[28,4],[38,40],[48,23],[71,-32],[72,30],[48,-19],[-9,127],[-18,54],[-2,93],[64,105],[28,32]],[[8008,7879],[54,-60],[83,3],[82,-82],[57,-15],[41,-26],[75,-76],[6,-26],[-20,-80],[-32,-64],[32,-162]],[[7681,9118],[-12,-47],[17,-23],[5,-68],[27,-92],[-31,-188]],[[7687,8700],[-100,-42],[-143,-50],[-83,27],[-71,10],[-70,-5],[-95,22],[-19,34],[-45,-13],[-17,-26]],[[7044,8657],[-27,-2],[-64,30],[-69,54]],[[6884,8739],[33,36],[29,85],[-19,84],[-27,66],[-49,22],[-11,49],[-44,73],[-18,88],[-59,102]],[[6719,9344],[57,-18],[33,-52],[107,-81],[35,-37],[45,-15],[110,-14],[19,20],[37,-7],[42,-55],[124,-45],[58,23],[68,53],[43,9],[13,30],[35,8],[89,-18],[47,-27]],[[5441,3138],[-10,-68],[76,-108],[9,-42],[-17,-101],[-48,-25]],[[5451,2794],[-43,-5],[-12,-66],[-116,-36],[-24,-53],[-51,-15],[-84,34],[-95,-28],[-26,30],[-65,35],[-55,-2],[-93,67],[-48,9],[-87,-1],[2,-63],[21,-66],[-7,-45]],[[4668,2589],[-32,-10],[-93,32],[-58,47],[-84,91],[-40,17],[-29,64],[21,17],[-2,52],[-22,6],[-2,52],[26,128],[-47,81],[-57,47],[-34,2],[-111,87],[-81,38],[-82,66],[-85,6]],[[3800,3735],[96,-50],[195,-34],[36,17],[76,-5],[57,-23],[43,19],[99,-34],[72,2],[58,33],[37,2],[36,43],[181,53],[84,35],[48,34]],[[11404,2859],[96,-28],[34,-51],[94,-42],[47,-61],[46,-12],[75,-101],[-12,-50],[20,-22],[19,-72],[-27,-58],[17,-21],[-9,-66],[30,-76]],[[11834,2199],[-22,-23],[-3,-94],[26,-73],[27,-27],[-18,-73],[64,-36],[-10,-52],[33,-19],[22,-53],[-34,-35],[52,-41],[33,28],[61,-48],[34,13],[55,-8],[45,9],[20,-48],[-28,-29],[8,-73]],[[11170,1289],[-17,4],[-90,73],[-104,23],[-108,-37],[-10,-33],[-67,-62]],[[10774,1257],[-34,129],[21,32],[-13,44],[46,49],[32,-6],[-3,42],[30,19],[9,39],[-37,64],[-3,79],[38,-12],[30,51],[-33,19],[22,29],[-30,37],[8,55],[59,17],[12,69],[-18,19],[-20,141],[30,27],[80,0],[58,-32],[104,-14],[111,27],[32,45],[-21,37],[-25,84],[-32,38],[-79,61],[-61,27],[-18,118],[-30,44],[-7,40],[17,47],[52,53],[32,50]],[[11133,2825],[113,29],[158,5]],[[7916,10294],[5,-1]],[[7921,10293],[24,-71],[-7,-42],[-38,-26],[-99,-9],[-5,-118],[-23,-65],[20,-107],[-17,-69],[33,-83],[-1,-108],[-28,-60],[2,-33],[-37,-40],[-9,-38],[13,-123],[29,-59],[-97,-124]],[[6719,9344],[-30,116],[-29,37],[-17,105],[38,64],[-17,36],[15,54],[-11,60],[-30,41],[2,70],[16,98],[-77,87],[-37,11],[-38,149],[10,74],[-5,103],[-35,39],[0,53],[-55,85],[13,61],[-10,23],[85,53],[94,177],[28,32],[23,76],[22,38],[-7,65],[12,29],[59,51],[38,53]],[[6776,11284],[96,-79],[34,0],[24,49],[38,39],[39,1],[73,25],[12,-96],[71,-41],[12,-47],[40,0],[42,-41],[21,-52],[78,-71],[41,-12],[-9,-39],[113,-123],[76,-26],[75,1],[-18,-49],[-70,-38],[29,-64],[77,-57],[-16,-61],[43,-132],[29,-36],[41,4],[70,-47],[79,2]],[[19346,9018],[-38,-24],[-36,-57],[-69,-48],[-108,-45],[-83,-16],[-37,-35],[-36,-67],[12,-83],[-12,-91],[28,-78],[4,-203],[-38,-46],[-54,-38],[-6,-46],[-67,-87],[-100,-105]],[[18706,7949],[-81,12],[-140,158],[13,36],[-10,65],[-111,107],[-47,13],[-35,53],[-34,13],[-69,-20],[-24,6],[-25,89],[-36,55],[-87,71],[-35,80],[-5,102],[22,88],[29,31],[77,11],[52,23],[44,78]],[[18204,9020],[39,52],[36,15],[104,95],[79,39],[162,-41],[145,-88],[32,-4],[53,32],[24,31],[45,5],[59,49],[99,14],[29,42],[77,31],[76,-22]],[[27955,8156],[75,-5],[66,-26],[43,-30],[52,-15],[16,-58],[50,-50],[14,-57],[59,-55],[44,-68],[59,-7],[15,-20],[90,19],[35,-7],[12,-46],[68,-10],[61,-73],[-42,-64],[3,-20],[67,-93],[45,-30],[6,-33],[-16,-73],[19,-101]],[[28796,7234],[-76,-46]],[[28720,7188],[-59,30],[-53,2],[-63,-22],[-86,10],[-54,69],[-19,49],[-30,10],[-18,96],[-39,59],[-20,62],[11,118],[-87,12],[-109,-6]],[[26659,6420],[12,-28],[49,-20],[39,-98],[-8,-117],[17,-86],[23,-25],[-25,-54],[-52,-20],[-28,-42],[-42,-18],[-57,-80],[-1,-30]],[[26586,5802],[-84,5],[-47,-19],[-140,-107],[-35,-16],[-88,-75],[-15,8],[-129,-8]],[[26048,5590],[34,47],[-1,46],[-55,44],[1,54],[-55,-8],[-49,16],[-22,25],[-2,57],[-29,78],[-67,7],[-41,87],[-12,55],[-49,61],[-29,10]],[[25672,6169],[20,66],[87,1],[66,27],[54,54],[79,-6],[72,33],[61,16],[103,54],[68,-2],[57,-27],[93,40],[63,-19],[37,-52],[61,-5],[66,71]],[[13222,4087],[-3,-33],[18,-97],[14,-7],[4,-68],[46,-92],[51,-14],[13,-46],[30,-34],[34,-78],[53,-15],[36,-30],[101,24],[81,-4],[-17,-51],[157,-9]],[[13840,3533],[1,-103],[29,-31],[-22,-66],[22,-55],[-20,-53]],[[13564,2693],[-68,70],[-31,3],[-53,44],[-52,21],[-31,53],[-69,67],[-118,26]],[[13142,2977],[-24,56],[10,63],[29,57],[0,86],[-52,111],[6,65],[-45,70],[-12,38],[-17,128],[-14,20],[9,77],[-36,78],[19,44],[-6,65],[3,100]],[[13012,4035],[89,-14],[121,66]],[[15674,3671],[15,-12],[-34,-89],[-56,-89],[-76,-102],[-39,38],[-31,-26]],[[14787,3378],[-9,112],[-52,73],[16,56],[-8,59],[29,74],[52,84]],[[14815,3836],[74,-29],[75,30],[70,-33],[92,43],[23,100],[46,62],[58,56]],[[15253,4065],[51,15],[59,-43],[67,-6],[33,-18],[114,-26],[71,61],[16,-1]],[[27369,3031],[29,-56],[21,-78],[-28,-49],[-118,-26],[-22,-36],[-72,-56],[-33,8],[-61,-45]],[[25466,3105],[66,40],[34,-7],[40,18],[10,85],[-8,111],[31,55],[62,31],[69,102],[58,65],[12,46],[0,86],[69,56],[8,55]],[[7584,5883],[-120,-133],[19,-82],[-51,-31],[-26,-54],[27,-95],[-5,-46],[-102,-19],[-40,1],[-47,-40],[-44,-7],[-82,54],[-85,-24],[-28,39],[-12,48],[-40,49],[-93,16],[-35,-34],[-7,-185],[-85,-59],[-38,-39],[-77,-33],[-22,-59],[22,-45],[-10,-57],[13,-52],[-36,-97],[33,-105],[28,-19],[11,-57],[-17,-38],[-5,-139],[-37,-52],[59,-24],[-4,-42],[17,-55],[25,-36],[45,-24],[27,-39],[38,-14],[13,-27],[50,-37],[20,-45],[67,-103],[4,-53]],[[6954,3990],[9,-48],[-22,-80],[32,-32],[18,-90],[-7,-41],[25,-43]],[[7009,3656],[-42,-62],[-89,-75],[-67,-27],[-98,23],[-46,-1],[-58,29],[-134,16],[-55,-6],[-82,50],[-70,-30],[-55,-84],[-8,-29],[-94,-78],[-41,-48],[-28,-122],[-50,-68],[-44,-26],[-54,-65]],[[5894,3053],[-49,-15],[-111,-79],[-75,-97],[-49,-33],[-159,-35]],[[5995,4532],[-20,123],[-42,62],[-22,61],[24,70],[131,99],[97,29],[85,42],[-5,63],[-33,56],[-15,57],[42,101],[42,37],[44,90],[92,96],[94,112],[-27,77],[-33,31],[-88,53],[-44,54],[-34,99],[-47,66],[6,61]],[[6242,6071],[50,22],[106,-12],[119,20],[43,24],[156,-5],[72,-25],[53,26],[96,8],[102,140],[32,-51],[58,-37],[35,-56],[114,-92],[52,-24],[32,8],[66,-37],[-1,-28],[72,-58],[34,10],[51,-21]],[[3806,3989],[86,-10],[65,42],[40,39],[115,29],[91,55],[20,60],[69,59],[24,74],[-5,74],[54,135],[18,83],[16,17],[53,-45],[3,-46],[29,-25],[46,-71],[38,-132],[-5,-40],[38,-75],[77,-31],[48,-73],[27,-9],[44,-54],[46,-107],[58,-62]],[[12093,10802],[6,-34],[-16,-75],[-36,-100],[24,-45],[50,-214],[18,-12]],[[12139,10322],[-46,-181],[-52,-75],[-58,-14],[-57,21],[-48,0],[-64,27]],[[11814,10100],[-8,54],[-33,104],[14,76],[-7,63],[-62,32],[-32,58]],[[11754,10857],[84,13],[24,-15],[36,25],[41,-45],[64,-20],[22,11],[68,-24]],[[3381,4413],[44,34],[62,16],[111,-29],[146,16],[95,19],[67,51],[99,63],[52,57],[23,6],[28,54],[134,79],[-29,29],[-21,52],[13,28],[-2,65],[-62,48],[1,68],[-43,14],[-42,71],[19,61],[-40,80],[21,67],[-1,48],[35,33],[43,18],[109,13],[66,39],[-1,26],[47,35],[40,73],[-1,30],[99,53],[44,41],[65,23],[55,62],[55,24],[1,22],[46,19],[42,41],[63,23],[63,40],[21,71],[-39,107],[61,86],[-3,40],[61,88],[26,60],[48,14]],[[5102,6491],[105,-2],[42,-22],[12,-78],[29,-41],[50,-28],[98,-3],[47,-37],[62,-7],[29,-72],[63,-49],[22,16],[102,-5],[41,29],[63,4],[70,-23],[72,-10],[28,-18],[96,-9],[109,-65]],[[15272,9635],[-84,-72],[-45,-62],[-16,-41],[1,-60],[-83,-148],[-1,-125],[-23,-83],[21,-15],[9,-57],[31,-80],[-88,-58],[-53,-12],[-71,-62],[-24,-90],[-39,-80]],[[15110,9752],[23,-3],[101,-59],[38,-55]],[[26161,13518],[2,-139],[-24,-110],[-88,-87],[-37,-87],[-5,-86],[-19,-83],[-95,-64],[-60,-69],[-11,-42],[-59,-90],[-37,-26],[-149,-57],[-25,-24],[-24,-117],[-33,-51],[-26,-114],[16,-35],[62,-52],[21,-31],[29,-127],[-36,-153],[64,-74],[-70,-60],[-93,-67],[-54,-29],[83,-20],[27,-59],[51,-12],[25,-77],[74,-31],[95,6]],[[25765,11451],[-67,-78],[-5,-100],[7,-45],[-85,-1],[-24,-51],[-55,-70],[-85,-90],[-62,-32],[-60,-12],[-47,32],[-47,-1],[-58,29],[-81,7],[-105,-9],[-78,4],[-49,-15],[-60,-48],[-57,-18]],[[24747,10953],[-80,-58],[-56,-26],[-48,-38],[-64,-80],[-64,-50],[-58,-25],[-57,1],[-70,-26],[-13,-18],[-35,37],[-102,50],[-49,-4],[-161,-34],[-75,12],[-75,52],[-65,14],[-72,45],[-140,10],[-54,-24]],[[23409,10791],[61,66],[26,65],[-20,37],[38,41],[59,118],[90,73],[60,72],[-1,30],[-232,49],[14,70],[-27,65],[-1,86],[21,40],[-1,104],[23,34],[-41,64],[-46,24],[-29,73],[-58,12],[-67,75],[-58,44],[-66,96],[-59,45],[-67,-17],[-84,28],[-97,-22],[-73,54],[22,49],[-1,47],[43,44],[70,23],[7,90],[-10,81],[-80,139],[14,156],[-83,75],[-6,97],[-11,31],[-37,16],[-82,7],[-48,77],[-47,31],[-70,30],[-127,29],[-40,33],[-38,59],[-22,103],[-22,35],[-66,25],[-63,75]],[[22077,13569],[9,48],[104,9],[58,-19],[121,-121],[116,-71],[70,-12],[175,-12],[79,22],[81,36],[81,8],[51,-16],[63,-1],[108,-16],[40,-26],[97,20],[90,-32],[47,-39],[67,-1],[105,-37],[105,-78],[70,-12],[106,47],[87,-10],[171,26],[81,-19],[112,-71],[58,-21],[-5,-65],[9,-50],[-16,-48],[33,-53],[11,-42],[40,-45],[68,-48],[106,7],[57,-6],[45,14],[195,24],[57,15],[59,70],[7,38],[34,29],[79,24],[40,-4],[37,90],[97,63],[70,17],[175,3],[30,38],[45,93],[56,156],[9,63],[57,33],[63,0],[58,15],[91,-98],[86,-12],[39,26]],[[12100,9033],[31,-15],[24,-62],[-13,-42],[22,-84],[-19,-116],[-28,-26],[10,-125],[12,-30],[-13,-82],[-5,-112]],[[12121,8339],[-112,20],[-42,23],[-89,8],[-44,30],[-15,33],[-37,21],[-78,22],[-48,-1],[-66,-22],[-52,2],[-46,33],[-77,3],[-91,-13],[-61,29],[-45,-13]],[[11218,8514],[11,45],[64,26],[83,53],[85,23],[119,9],[26,14],[21,50],[47,28],[9,74],[27,55],[1,45],[56,25],[51,-1],[67,26],[69,-3],[31,12],[53,-13],[23,16]],[[12061,8998],[39,35]],[[12121,8339],[3,-69],[30,-69],[26,-89],[-13,-85],[53,-141],[2,-72],[18,-38],[0,-74],[34,-87]],[[10850,6881],[-84,-12],[-71,7],[-25,15],[-99,-40],[-57,0],[-110,-41],[-50,-61],[-35,-18],[-78,37]],[[10673,8417],[46,-38],[51,-1],[23,22],[106,48],[28,35],[54,25],[62,-15],[40,20],[38,-11],[97,12]],[[18187,3264],[18,-20],[19,-136],[61,-18],[27,32],[74,-20],[57,-123],[-1,-29],[33,-38]],[[18475,2912],[8,-44],[64,12],[1,-40],[-68,-53],[-18,-45],[-7,-68],[38,-84],[2,-83]],[[18379,1737],[-374,287]],[[8283,2028],[-124,-13],[-43,-13],[-62,-40],[-38,-38],[-47,10],[-45,-16],[-53,18],[-82,-37],[-12,-25],[-76,-29],[-52,87],[-125,13],[-71,-63],[-42,54],[0,41],[-20,34],[-35,122],[-2,85],[32,41],[-47,73],[-33,26]],[[7306,2358],[0,28],[74,52],[7,58],[-30,58],[-1,109],[33,-9],[23,43],[118,60],[57,10],[23,70],[24,30],[-7,48],[11,84],[-59,39],[35,74],[-31,63],[-21,97],[-45,123],[-16,64],[-18,16],[-62,3],[-112,38],[-70,-38],[-52,-12],[-10,-32],[-47,-32]],[[7130,3402],[-26,60],[13,47],[-33,13],[-30,98],[-45,36]],[[6954,3990],[136,6],[108,38],[48,-10],[94,-49],[46,-3],[132,119],[154,95],[-8,83],[30,72],[18,94],[-49,109],[19,73],[-14,36],[-21,140],[-44,46],[-1,40],[34,58],[-19,72],[16,19],[-23,88],[28,41],[-33,113],[-3,68],[39,65],[50,-6],[36,22],[38,57],[2,69],[-92,218],[-23,103]],[[7652,5866],[41,-14],[89,-9],[70,-25],[85,21],[61,-39],[36,-1]],[[8386,7291],[53,51],[45,3],[77,44],[63,83],[31,64],[86,-3],[58,-32],[83,-74],[90,1],[37,25],[63,13],[50,31],[124,141],[78,4],[63,17],[48,35]],[[12128,2783],[28,-18],[83,30],[39,-4],[161,6],[18,-9],[-59,-100],[2,-97],[-20,-43],[4,-58],[20,-67]],[[12404,2423],[-44,-17],[21,-144],[-108,3],[-104,-6],[-58,7],[-9,-45],[-119,-19],[-22,13],[-107,-41],[-20,25]],[[11404,2859],[48,36],[33,7],[61,44],[69,21],[58,34],[69,21],[71,55],[21,-77],[-3,-70],[-16,-84],[43,-21],[97,13],[63,-11],[75,-49],[35,5]],[[10536,4033],[30,-74],[73,-135],[35,-50],[91,-104],[-1,-41],[24,-69],[-4,-57],[36,-27],[6,-94],[-16,-74],[52,-130],[12,-84],[-9,-75],[36,-19],[14,-85],[83,12],[34,-8],[101,-94]],[[10774,1257],[-35,-7],[-49,65],[-56,-90],[28,-42],[-14,-55],[-45,17]],[[9858,4017],[50,-34],[86,-10],[50,30],[92,18],[95,44],[119,1],[72,-22],[54,3],[60,-14]],[[10325,13734],[-8,-54],[17,-55],[17,-108],[31,-57],[18,-107],[-8,-91],[13,-51],[-36,-92],[-11,-51],[-39,-54],[-2,-53],[15,-70],[-62,-141],[-4,-96],[19,-70],[1,-54],[32,-58]],[[10318,12472],[44,-106],[-54,-39],[-57,-17],[-42,-56],[-50,-22],[-105,30],[-77,-24],[-37,-30]],[[9940,12208],[-28,22],[-99,25],[-11,17],[-79,13],[-43,41],[-38,12],[-31,-44],[-31,3],[-30,-28],[-75,-3],[-76,31],[-29,-1],[-16,-70],[-53,-78],[-21,-1]],[[9280,12147],[-36,6],[-7,36],[-67,24],[-115,12],[-102,27],[-58,45],[-78,103],[30,70],[-8,36],[-45,84],[-32,27],[-3,69],[-47,54],[2,128],[-12,35]],[[8702,12903],[53,18],[123,9],[87,-36],[49,-40],[34,14],[78,70],[47,71],[132,80],[-5,55],[53,50],[67,6],[33,82],[101,29],[68,5],[29,31],[41,115],[38,27],[31,106],[25,36],[49,27],[51,55],[36,11],[29,63],[77,55],[176,-92],[121,-16]],[[10431,14159],[-69,-73],[-45,-100],[14,-41],[-9,-142],[3,-69]],[[8702,12903],[-33,28],[-77,11],[-128,-31],[-37,-31],[-9,-38],[-45,-62],[-65,17],[-1,-61],[-25,-119],[-62,-47],[-92,16],[-71,46],[-18,44],[-48,42],[-11,71],[-52,38]],[[7928,12827],[63,40],[27,-8],[50,61],[-20,61],[40,68],[-24,46],[20,14],[-16,58],[57,67],[9,62],[-16,103],[-29,34],[-1,42],[-57,57],[99,77],[31,47],[-8,42],[43,27],[53,73],[38,20],[3,65],[58,28],[65,66],[37,12],[53,98],[2,48],[22,53],[66,61],[154,24],[48,22],[23,37],[-10,69],[-95,-4],[-73,33],[-90,1],[-93,15],[-20,34],[-111,15],[-40,55],[-53,29],[-23,64],[-2,85],[46,95],[7,169],[-18,26]],[[8243,15018],[50,33],[14,38],[79,29],[58,0],[111,-18],[98,-44],[108,25],[55,60],[41,-15],[24,-40],[79,-18],[14,-53],[51,-19],[36,31],[32,-1],[29,-37],[45,-16],[31,26],[56,-55],[35,-66],[94,9],[20,-59],[-4,-44],[55,-22],[47,-61],[99,-87],[28,-3],[26,-49],[69,-90],[60,-31],[68,-19],[50,-78],[3,-140],[14,-33],[51,90],[126,87],[76,-10],[45,12],[110,69],[15,-55],[28,-25],[34,-139],[28,-41]],[[10998,12659],[89,-5],[120,12],[103,-8],[81,-19],[13,-85],[-62,-96],[-6,-69],[-19,-18]],[[10769,11411],[-76,3],[-84,-14],[-34,14],[24,131],[-37,18],[-37,-9],[-10,56],[30,64],[-4,40],[-79,30],[-10,47],[-38,56],[-90,25],[-73,32],[-55,55],[-89,124],[-84,48],[-36,47],[-47,30]],[[10318,12472],[64,20],[32,28],[27,67],[56,70],[28,74],[118,61],[33,-55],[71,-32],[34,-47],[34,-74],[3,-61],[49,51],[107,43],[24,42]],[[30354,4140],[2,-16]],[[30356,4124],[-9,-25],[-65,-68],[-37,-23],[-5,-29],[-80,-73],[-28,-70],[4,-40],[-21,-36],[26,-37],[14,-60],[-51,12],[-44,-12],[-45,-50],[-9,-33],[-56,-55],[-50,-26],[-9,-25],[-68,-64],[0,-30],[-58,-34],[-42,-5],[-72,-72],[51,-41],[23,-42],[-22,-48],[-54,-57],[9,-36],[-68,-63],[-11,-76],[-51,-55]],[[29528,2851],[-34,8],[-99,81],[-32,35],[5,83],[-27,40],[-61,56],[-32,14],[-56,51],[-74,45],[-15,26],[-19,102],[-46,17],[1,91],[-26,170],[22,70]],[[29035,3740],[45,60],[72,17],[79,50],[58,17],[42,-19],[38,59],[55,39],[65,70],[41,21],[90,21],[38,24],[29,-11],[76,31],[65,55],[58,19],[3,45],[24,49]],[[29913,4287],[99,-52],[122,2],[114,-86],[34,6],[72,-17]],[[25838,4863],[-12,-21],[-15,-109],[-26,-57],[7,-116],[-74,-65],[23,-88],[34,-68],[80,-42],[96,-104],[113,-50]],[[24538,4009],[72,33],[45,56],[40,22],[35,79],[88,91],[54,22],[70,102],[-100,106],[-40,27],[7,91],[37,84],[35,55],[1,51],[58,73],[39,32],[65,32],[38,61],[103,117],[100,3]],[[25285,5146],[42,-33],[75,-23],[55,14],[56,-5],[74,-72],[39,-54],[135,-39],[77,-71]],[[14541,4033],[89,-46],[17,-43],[42,-39],[18,-45]],[[14707,3860],[-51,-2],[-48,-23],[-95,-24],[-118,30],[-10,-127]],[[14385,3714],[-46,58],[-75,24],[-37,38],[-48,27],[-14,44],[-39,16]],[[14126,3921],[24,90],[20,36],[66,33],[73,-34],[59,-3],[34,19],[92,-27],[47,-2]],[[12690,3108],[-39,-72],[19,-59],[-22,-48],[-2,-88],[29,-77],[-27,-129],[15,-158],[-83,0],[-38,-22],[-138,-32]],[[12128,2783],[10,92],[-17,111],[42,51],[43,28],[47,-13],[64,40],[120,-17],[50,6],[64,58],[19,39],[26,7]],[[12596,3185],[21,-46],[73,-31]],[[23404,3647],[-94,-51],[-47,-156],[8,-52],[-28,-153],[-129,-77],[-12,-77],[-19,-7],[-6,-108],[46,-97],[-2,-81],[-39,-15],[-70,-53],[0,-51],[-36,-117],[-37,-5],[-71,-70],[-50,2],[-110,-55],[-94,-1],[-41,46]],[[22573,2469],[-5,61],[-69,13],[-43,36],[-5,81],[-80,46],[-61,22],[-72,41],[-14,37],[10,70],[-22,45],[18,32],[-90,93],[-9,38],[33,43],[-13,59],[-52,-22],[-14,25],[-5,90],[-29,46]],[[11814,10100],[-4,-31],[-43,-36],[-5,-35],[19,-45],[54,-38],[17,-59]],[[11578,9841],[-7,27],[27,81],[9,98],[-11,18],[-5,125],[50,83],[-7,23],[-75,89],[-22,102],[-45,0],[-48,19],[-126,-17],[-137,-56],[-102,-13],[-30,-50],[-46,-46],[-18,6],[-78,-28]],[[10907,10302],[-33,87],[-44,47]],[[10830,10436],[32,45],[0,104],[50,48],[37,99],[84,-3],[146,49],[39,75],[16,59],[61,83],[-6,40]],[[16216,2451],[-64,-15],[-34,-81],[-48,-24],[-59,-12],[-46,14],[-20,-93],[22,-40],[0,-52],[-120,-160],[-10,-66],[-47,-52]],[[15790,1870],[-61,13],[-152,-1]],[[15577,1882],[-26,22],[-29,61],[-48,58],[-66,44],[-56,79],[-16,43],[-26,15],[17,36],[64,52],[-41,45],[-83,65],[-29,63],[14,35],[-38,53],[7,86],[-23,47],[2,34],[-27,13],[-1,37]],[[7687,8700],[12,-103],[43,-51]],[[7742,8546],[-31,-23],[-15,-72],[-44,-70],[-75,-52]],[[7577,8329],[-57,73],[-60,45],[-40,0],[-74,48],[-73,3],[-97,51],[-66,8],[-31,17],[-15,61],[-20,22]],[[28293,8809],[42,-7],[53,-38],[38,-47],[110,12],[83,21],[39,-12],[52,9],[66,36],[62,-18],[100,-55],[65,35],[125,-17],[14,-54],[76,-70],[82,-117],[64,-26],[62,-62]],[[29426,8399],[-54,-74],[-23,-134],[78,-11],[39,-112]],[[29436,8028],[-43,2],[-42,-36],[-3,18],[-59,22],[-80,52],[-74,38],[-71,21],[-36,-2],[-76,35],[-68,-6],[-55,41],[-67,32],[-40,6],[-49,-15],[-38,38],[-86,30],[-124,105],[-62,21],[-35,-5],[-31,26],[-138,57],[-90,-24],[-22,8]],[[28047,8492],[16,64],[59,40],[29,38],[12,65],[86,49],[44,61]],[[29528,2851],[48,-10],[55,-39],[38,-47],[-26,-77],[0,-37]],[[27871,1644],[-11,7]],[[27793,2306],[24,41],[54,32],[1,57],[18,29],[59,28],[119,26],[22,22],[52,97],[-3,35],[33,85],[63,58],[39,85],[-23,57],[-49,53],[8,73],[-33,59],[26,40],[-9,72],[21,55],[33,16],[63,108],[55,21],[21,25],[40,3],[6,66],[-6,101]],[[28427,3650],[1,51],[19,33]],[[28447,3734],[70,24],[49,-29],[38,20],[67,60],[24,63],[51,-3],[32,46],[64,-44],[47,-8]],[[28889,3863],[9,-56],[67,-52],[70,-15]],[[25426,9677],[21,-20],[35,-85],[-2,-93],[24,-51],[-7,-72],[11,-69],[-28,-56],[3,-57],[-40,-100],[-75,-48],[2,-111],[17,-35],[-13,-63],[25,-46],[-6,-52]],[[25393,8719],[-31,29],[-50,8],[-99,0],[-128,36],[-111,-11],[-58,5],[-124,55],[-33,-49],[-69,-45],[-74,-74],[-97,-75],[-66,-28],[-48,-78],[-60,-47],[-31,-55],[-29,-7],[-26,-34],[-25,11],[-63,-27],[-36,-42],[-31,-93]],[[24104,8198],[-114,1],[-118,42],[-106,9],[-47,16],[-156,10]],[[23563,8276],[-6,52],[-29,101],[3,50],[-36,63],[-55,41],[-26,4],[-57,96],[33,72],[41,24],[69,69],[57,121],[10,-1],[42,143],[41,69],[58,59],[11,41]],[[23719,9280],[116,-29],[104,1],[31,25],[47,-73],[88,-19],[33,-26],[46,-10],[44,51],[67,26],[84,52],[117,19],[103,43],[60,-19],[66,24],[95,15],[47,-47],[35,-57],[45,37],[93,52],[58,111],[39,33],[34,94],[-15,74],[9,29],[88,15],[98,-25],[75,1]],[[18686,5180],[6,-116],[23,-62],[60,-61],[47,5],[43,-43],[20,-83],[71,17],[40,-8],[5,-28],[43,-49],[73,-23],[-27,-47],[34,-35],[19,-45],[63,15],[79,58],[31,-40],[38,-5],[2,-59],[36,-75],[-9,-44],[33,20],[70,6],[47,-40],[67,-13],[90,47],[24,35],[58,-3],[105,52],[40,-7],[44,-60],[49,-20],[47,15],[101,-76],[7,-34],[42,-32],[44,-60],[-12,-60],[16,-30],[-38,-51],[-13,-97],[18,-69],[34,-30],[95,-33],[-20,-90],[-3,-124],[66,-179],[-41,-60],[19,-32]],[[20372,3427],[-41,-14],[-56,-71]],[[20275,3342],[-48,29],[-28,56],[-73,58],[-71,-10],[-72,-23],[-25,-36],[-64,-49],[-40,-102],[-29,-24]],[[19825,3241],[-77,-41],[-118,14],[-43,-18],[-62,6],[-97,41],[-112,-40],[-29,24],[-87,29],[-83,84],[-20,-18],[-25,-71],[-50,-21],[-49,-62],[-56,-19],[-53,-63],[-4,-43],[-47,-37],[-26,12],[-66,-14],[-7,56],[-33,42],[-24,-2],[-43,-51],[-78,-53],[-6,-43],[-55,-41]],[[16685,5273],[19,10],[-6,67],[14,48],[42,41],[-51,126],[7,56],[-104,24],[-51,56]],[[16819,6179],[71,-10],[103,-55],[67,-46],[72,-11],[78,-39],[29,-54],[64,-86],[19,-2],[94,-55],[94,-6],[51,-43],[40,-62],[53,-16],[28,-38],[33,-84],[41,-32],[59,-71],[103,10],[44,-15],[-5,-78],[33,-60],[58,-23],[39,7],[88,-67],[41,30],[65,9],[34,53],[47,-57],[64,19],[70,-10],[-8,-39],[40,-52],[61,4],[33,-17],[64,-3]],[[26060,5182],[65,-29],[172,-53],[122,-16],[18,-21],[-2,-85],[66,-77],[17,-47],[50,-60],[-2,-42],[-39,-59],[6,-53],[58,-50],[55,-131],[58,-79]],[[25838,4863],[29,33],[76,-11],[51,-25],[28,3],[19,159],[28,19],[3,86],[-12,55]],[[10830,10436],[-60,30],[-70,-59],[-27,-45],[-65,-70],[-55,-17],[-59,13],[-94,1],[-49,-30],[-137,-154],[-10,-33],[-69,-30],[-47,1]],[[10088,10043],[-21,71],[-26,32],[7,28],[-124,120],[-55,-1],[-44,27],[-21,82],[-22,19],[-9,66],[-52,171],[-3,41],[-54,82],[-23,19],[-53,4],[-56,93],[-36,29],[1,32],[-29,48],[-17,127],[21,30],[11,54],[32,21],[12,93],[-24,40],[16,56],[-15,53],[16,56]],[[9520,11536],[0,70],[45,91],[-66,31],[22,65],[-31,57],[-81,65],[-80,-26],[-34,99],[30,48],[-45,111]],[[12052,4327],[48,-28],[51,-78],[25,-10],[-11,-38],[73,-74],[40,-26],[14,-45],[-8,-37],[26,-6],[14,-60],[49,-15],[31,-40],[-5,-78],[12,-46],[-13,-63],[9,-42],[109,-91],[29,-118],[-9,-39],[38,-55],[-15,-30],[26,-37],[11,-86]],[[10536,4033],[86,73],[29,14],[58,65],[107,15],[108,-8],[117,11],[72,17],[73,-28],[37,-28],[103,27],[75,-106],[16,-49],[40,-39],[57,45],[67,97],[23,19],[54,5],[35,35],[58,81],[2,47],[116,8],[28,-15],[61,19],[94,-11]],[[29126,7408],[24,-44],[-9,-44],[9,-68],[39,-50],[14,-64],[117,-147],[100,-19],[114,-68],[10,-34],[62,-93],[125,-85],[30,-5],[33,-44],[46,-35],[30,-46],[50,-33],[6,-73]],[[29926,6456],[-44,-55],[-82,-19],[-98,-1],[-32,-11],[-135,18],[-115,69],[-207,-19],[-57,26],[-62,-22]],[[29094,6442],[-80,55],[-150,6],[-37,37],[-60,7],[-55,-9],[-43,56],[-18,48],[-1,65],[-32,48],[0,44],[-21,57],[-46,9],[-81,65],[-25,91]],[[28445,7021],[134,38],[113,88],[28,41]],[[28796,7234],[125,52],[103,17],[102,105]],[[32182,5170],[-13,-22],[-57,-28],[-39,-62],[1,-43],[-73,-71],[-8,-104],[-41,-51],[-86,-43],[-14,-74],[-21,-45]],[[31831,4627],[-23,-7],[-36,-48],[-89,-10],[-81,-42],[-100,24],[-53,1],[-99,-16],[-45,-75],[-47,7],[-77,37],[-79,-40],[-79,-61],[-98,20],[-117,-46],[-39,-33],[-50,4],[-89,-62],[-39,-66],[-68,-10],[-88,-27],[-47,5],[-34,-42]],[[29913,4287],[-40,12],[29,255],[47,74],[38,116],[50,62],[156,40],[22,17],[73,17],[5,80],[40,29],[-3,28],[28,39],[23,-2],[13,92],[60,44],[50,22],[7,44],[63,51],[-45,80],[-33,5],[-22,41],[-80,77],[-21,63],[-49,46],[-54,89]],[[30270,5708],[55,58],[9,71],[-19,106],[29,20],[49,83],[20,68],[43,29],[3,123],[18,81]],[[30477,6347],[79,44],[31,29],[58,-26],[73,31],[27,26],[37,78],[67,42],[95,48],[42,53]],[[30986,6672],[42,4],[83,54],[81,28],[29,106],[28,0],[183,-56],[34,-24],[61,5],[105,-57],[53,-45],[102,35],[87,3],[-30,-60],[-6,-80],[-17,-41],[-56,-15],[-44,-51],[87,-18],[68,-32],[53,-43],[9,-65],[20,-53],[27,-17],[12,-60],[29,-47],[21,-136],[-14,-61],[1,-58],[33,-77],[54,1],[11,-37],[38,-43],[-21,-71],[-6,-70],[22,-52],[-35,-91],[69,18],[-13,-74],[47,-55],[-9,-42],[-48,-63],[6,-62]],[[5859,8686],[-1,-79],[30,-27],[61,-24],[35,-36],[31,-59],[3,-35],[39,-101],[14,-78],[54,-56]],[[6125,8191],[-4,-77]],[[6121,8114],[-124,-104],[-36,-7],[-111,26],[-105,-77],[-79,88],[-99,-51],[-62,-5],[-139,-35],[-43,-27]],[[5323,7922],[-45,54],[-45,15]],[[5705,8842],[56,-88],[9,-45],[89,-23]],[[10088,10043],[-58,-135],[41,-118]],[[8579,9174],[-62,84],[17,141],[-27,61],[-38,30],[-100,-9],[-36,55],[13,74],[-82,52],[4,33],[-24,50],[-8,57],[-24,55],[11,24],[1,103],[14,68],[-72,98],[16,40],[-43,27],[-66,74],[-49,-8],[-103,10]],[[7916,10294],[26,76],[-9,60],[32,96],[15,83],[31,21],[89,160],[87,9],[-8,46],[65,44],[23,87],[-18,57],[3,40],[77,53],[46,48],[34,1],[21,26],[47,-3],[73,16],[32,110],[103,-21],[55,21],[154,-31],[48,3],[16,35],[89,126],[81,26],[51,58],[193,5],[53,10],[95,-20]],[[15456,15234],[13,-83],[33,-71],[-8,-144],[-9,-49],[30,-55],[-9,-53],[-35,-36],[19,-105],[43,-78],[7,-61],[-10,-95],[9,-27],[-25,-61],[19,-45],[-25,-62],[6,-52],[-20,-24],[53,-133],[-70,-53],[-18,6],[-54,-32],[-48,-95],[84,-117],[-17,-21],[-5,-72],[-20,-12],[-5,-135],[-29,-12],[-21,-52],[71,-105],[14,-52],[46,-40],[20,-64],[26,-27],[37,-100],[-22,-81],[-3,-79],[22,-51],[-8,-31],[47,-44],[83,-123],[-2,-104],[17,-79],[-47,-127],[-11,-137],[-21,-71],[1,-165],[-27,-112],[-57,-65],[-23,-45],[-43,-42],[-82,-32],[-75,3],[-88,-45]],[[14503,11086],[-105,-62],[-79,-64],[-42,-21],[32,-128],[-42,-79],[29,-35],[6,-75],[-41,-2],[-74,-34],[-53,-39],[-16,-83],[-42,-71],[-119,-6],[-101,-12],[-100,-59],[-90,6],[-4,-52],[-33,-91],[-50,-26],[-78,3],[-72,15],[-70,-45],[-42,-58],[-61,-40],[-17,-32],[-126,-59],[-70,-15],[-62,-66],[-81,-19],[-21,14]],[[12879,9851],[25,64],[48,9],[27,87],[63,24],[21,27],[-188,77],[-78,85],[-73,51],[-21,27],[-7,55]],[[12696,10357],[33,0],[96,59],[19,92],[16,30],[52,36],[44,0],[45,21],[22,32],[54,27],[61,10],[38,54],[21,59],[-6,34],[47,28],[30,46],[34,15],[48,76],[1,46]],[[13351,11022],[71,15],[160,-6],[45,33],[63,95],[0,49],[56,27],[23,34],[63,54],[-1,66],[-17,44],[-80,85],[-52,32],[-63,111],[-84,95],[-54,27],[-47,5],[-83,-11],[-60,-43],[-96,-8],[-112,50],[-26,-1],[-29,35],[-75,53],[36,42],[-9,101],[42,126],[-19,28],[41,120],[32,27],[13,42],[65,58],[83,58],[42,82],[110,68],[23,3],[68,54],[39,79],[16,83],[-17,97],[-18,30],[-12,105],[10,68],[-8,40]],[[13490,13174],[7,67],[-7,61],[19,46],[-2,144],[-15,30],[33,92],[59,40],[93,-6],[90,23],[58,35],[57,-8],[20,23],[44,-16],[65,6],[80,-38],[37,-30],[58,0],[65,63],[15,32],[57,27],[38,51],[69,65],[30,127],[35,34],[21,118],[99,150],[38,22],[36,69],[49,56],[18,47],[40,45],[17,47],[65,54],[2,44],[59,67],[52,120],[40,41],[3,78],[33,58],[-5,63],[15,62],[42,35],[179,25],[29,-10],[129,1]],[[26586,5802],[49,-55],[146,-73],[54,-82],[49,-13],[85,-53],[56,-64],[57,-9],[60,-36],[97,30],[77,-8],[58,-42],[-5,-29]],[[27369,5368],[-24,-20],[5,-45],[30,-35],[-3,-50],[-34,-26],[43,-28],[-9,-65],[55,-10],[9,-57],[-14,-38],[-93,6],[-2,-62],[-91,-40],[-7,-69],[45,-24],[-5,-17],[-64,5],[-38,-18],[12,-19],[-15,-52],[21,-37],[-34,-34],[-14,-53],[37,-52]],[[26060,5182],[69,89],[-10,25],[-91,3],[-13,39],[31,29],[-6,33],[28,54],[48,40],[-18,48],[-50,48]],[[30184,6434],[65,-59],[97,5],[131,-33]],[[30270,5708],[-33,-47],[26,-130],[34,-52],[6,-80],[20,-81],[-13,-63],[-47,-68],[-99,-24],[-57,0],[-30,-64],[-131,-97],[-68,1],[-77,-42],[11,-58],[-28,-54],[9,-38],[-49,-9]],[[29744,4802],[-35,60],[11,24],[-65,82],[22,61],[-2,55],[-35,120],[-33,43],[-54,28],[22,86],[-5,56],[5,122],[-50,52],[-101,38],[-9,34],[-57,33],[-57,-25],[-102,18],[-85,45],[-111,-19],[-81,50],[-42,1],[-52,24],[-71,-6],[-25,-21],[-62,-15],[-27,-46],[-49,-39],[-72,-15],[-37,-31]],[[28485,5617],[-71,36],[-70,6],[-38,32],[-52,-25],[-50,-41]],[[28204,5625],[-11,55],[30,36],[0,30],[66,83],[43,20],[49,-21],[64,34],[4,33],[48,-21],[46,78],[-13,15],[54,57],[8,67],[36,62],[63,51],[24,-3],[91,43],[29,4],[103,56],[27,78],[50,33],[79,27]],[[29926,6456],[48,9],[52,39],[100,-8],[58,-62]],[[29809,10016],[18,-18]],[[29827,9998],[-39,-39],[-191,-112],[-28,-57],[-81,-26],[-40,-72],[10,-93],[25,-56],[63,-89],[41,-130],[56,-119],[92,-73],[73,-74]],[[29808,9058],[-9,-48],[16,-33],[-36,-87],[5,-26],[-29,-35],[-80,-22],[-24,-63]],[[29651,8744],[-49,-38]],[[29602,8706],[-44,69],[-41,19],[-53,48],[-21,40],[-54,43],[-26,85],[-31,25],[-9,123],[-92,171]],[[29231,9329],[-25,73],[-81,99],[-102,107],[-69,162],[9,98],[31,23],[35,-13],[71,38],[83,13],[105,-7],[48,5],[244,73],[67,1],[65,20],[97,-5]],[[27742,3748],[23,-15],[95,20],[41,-43],[47,5],[60,-38],[64,25],[110,2],[56,-34],[102,-23],[87,3]],[[12427,5053],[34,-22],[38,-60],[57,-117],[48,-28],[33,-71],[30,-25],[-6,-45],[53,-74],[-16,-36],[26,-49],[-2,-37],[44,-25],[-18,-15],[-19,-74],[-25,-31],[8,-51],[25,-47],[66,-59],[67,-85],[63,16],[47,-15],[32,-68]],[[13142,2977],[-66,9],[-47,-34],[-45,33],[-29,0]],[[12955,2985],[-75,53],[-3,22],[-125,48],[-62,0]],[[12052,4327],[-21,37],[25,51],[-66,29],[-9,24],[49,68],[24,14],[90,7],[89,-8],[41,57],[-2,29],[-35,54],[-3,57],[23,27],[56,112],[-3,67],[77,48],[40,53]],[[26550,15706],[16,9],[-5,55],[113,118],[12,2],[127,162],[41,143],[144,0],[91,24],[48,-17],[55,-40],[-15,-31],[16,-115],[59,-13],[37,9],[63,-12],[8,13],[74,-21],[64,-80],[97,-82],[92,-37],[78,8],[33,-26],[53,-91],[38,-17],[140,2],[28,-21],[137,-67],[44,-40],[41,9],[208,-51],[-12,-68],[53,-54],[24,-163],[33,-13]],[[27271,11064],[-12,-52],[-72,-66],[-22,-90],[-39,-106]],[[27126,10750],[-60,49],[-58,10],[-168,-4],[-94,41],[-93,69],[-74,39],[-65,73],[-36,76],[-88,100],[-95,55],[-109,29],[-152,-23],[-66,16],[-68,62],[-64,-4]],[[25836,11338],[-28,18],[-43,95]],[[26161,13518],[63,30],[-13,123],[25,123],[-42,107],[63,74],[128,-5],[57,30],[77,83],[8,51],[-22,104],[4,110],[-7,67],[-42,53],[-157,33],[-97,111],[-24,42],[20,58],[80,64],[2,71],[-54,61],[-37,87],[7,62],[33,25],[70,81],[21,51],[39,51],[97,61],[13,99],[9,144],[41,14],[38,50],[-11,73]],[[14685,3302],[-46,12],[-76,-17],[-22,56],[-87,21],[-31,78],[-70,33],[-61,58],[-42,0],[-32,28]],[[14218,3571],[43,26],[53,4],[26,53],[45,60]],[[14707,3860],[90,-8],[18,-16]],[[19622,6146],[30,-36],[62,-131],[134,-162],[22,-52],[45,-6],[7,-42],[74,-104],[22,-89],[62,-20],[-7,-14],[-83,16],[-122,43],[-19,-11],[-117,-22],[-56,-37],[-56,-22],[-68,38],[-99,7],[-98,121],[-65,34],[-50,0],[-70,-87],[-56,-3],[-74,-22],[-26,-22],[10,-113],[-24,-64],[-144,17],[-56,-41],[-76,-34],[-38,-108]],[[17080,6820],[59,83],[35,27],[102,49],[84,-3],[273,-73],[45,-3],[93,-49],[180,10],[66,-34],[29,-34],[129,-42],[59,-96],[67,-27],[64,18],[24,-16],[89,-2],[42,-19],[52,11],[39,-34],[83,45],[35,-13],[23,23],[47,-9],[133,4],[77,31],[73,-13],[56,43],[109,34],[58,5],[-11,-61],[46,-76],[113,-126],[11,-79],[91,-169],[32,-19],[35,-60]],[[21402,16006],[21,14],[56,102],[38,23],[11,73],[27,56],[44,16],[39,-5],[31,-53],[105,-23],[23,7],[35,-26],[-1,-30],[-38,-56],[40,-57],[103,-27],[93,-10],[47,29],[106,-5],[85,-62],[38,2],[56,-26],[61,-3],[110,-45],[12,-59],[-29,-71],[13,-11],[157,-12],[58,35],[19,41],[-16,38],[7,43],[45,20],[21,31],[53,-12],[61,-50],[92,-57],[74,-34],[36,-52],[19,-52],[7,-93],[70,-65],[77,-26],[35,-55],[48,-4],[100,55],[3,73],[21,55],[38,47],[88,-2],[67,20],[79,-3],[51,19],[50,-58],[45,-74],[109,-81],[86,14],[17,-17],[22,-114],[126,-22],[24,-20],[39,0],[-9,90],[32,41],[79,-25],[41,4],[93,-55],[70,61],[63,-69],[25,-40],[34,-19],[124,40],[125,-15],[29,-24],[89,14],[148,-106],[21,-6],[3,52],[53,12],[78,36],[55,11],[62,-45],[45,-18],[98,-14],[63,19],[55,51],[57,16],[79,54],[99,53],[67,62],[18,33],[114,23],[83,75],[104,29],[97,19]],[[22077,13569],[-66,-1],[-92,63],[3,31]],[[13857,4905],[15,-200],[-26,-63],[36,-47],[25,-110]],[[13907,4485],[-8,-45],[-36,-37],[-21,-73]],[[13842,4330],[-45,7],[-58,37],[-28,48],[-49,24],[-77,-91],[-18,-40],[-32,-23],[-29,-74],[-58,-28],[-66,6],[-48,20],[-6,-91],[-14,-33],[-52,-30],[-40,25]],[[12427,5053],[32,11],[73,115],[57,136]],[[6884,8739],[-28,25]],[[6856,8764],[-37,16],[-106,16],[-25,-143],[-32,-66],[-20,15],[-29,-22],[-36,7],[-95,-8],[-28,-32],[-6,-36],[-39,-62],[21,-62],[62,-55],[-84,-9],[-80,2],[-82,-59],[-26,-31],[-89,-44]],[[5859,8686],[38,38],[115,51],[63,50],[77,34],[52,71],[7,41],[43,62],[81,22],[20,31],[139,76],[67,7],[82,38],[44,51],[31,58],[1,28]],[[35161,3406],[1,-68],[82,-71],[72,-29],[2,-93],[20,-54],[-3,-48],[-71,-54],[0,-79],[31,-28],[3,-56],[-22,-31],[17,-104],[-9,-125],[37,-85],[-36,-156],[-147,-177],[2,-166],[-174,-95],[-310,-142],[-415,30],[-355,98],[-134,145],[-67,146],[-227,153],[-525,279],[-103,-34]],[[32830,2562],[5,67],[-26,62],[-43,66]],[[32766,2757],[52,15],[53,-18],[21,17],[122,47],[42,32],[66,11],[41,-9],[82,70],[41,51],[41,25],[89,10],[119,118],[43,6],[74,38],[80,-6],[46,-46],[81,-37],[62,47],[48,3],[79,-28],[67,-57],[94,-43],[22,-30],[78,-69],[52,-32],[109,41],[58,64],[79,68],[107,61],[44,105],[2,34],[37,74],[10,46],[63,57],[34,14],[161,-12],[96,-18]],[[20833,7981],[73,-52],[42,-46],[18,-74],[6,-84],[-24,-102],[-1,-49],[-37,-28],[-39,-70],[2,-21]],[[20873,7455],[-50,-49],[-46,-135],[-26,-52],[-10,-71],[-19,-21],[2,-60],[36,-54],[-3,-117],[-30,-48],[30,-43],[-12,-34],[7,-62],[-54,-31],[-60,-52],[-47,-65],[-51,-43],[-61,-31],[-86,-23],[-79,-7],[-33,-30],[-101,-24],[-64,-33],[-200,-51],[-108,-84],[-97,-23],[-89,-66]],[[16901,6928],[64,22],[87,58],[46,48],[18,84],[59,63],[59,50],[34,45],[108,112],[63,33],[34,48],[5,49],[100,15],[71,-23],[59,20],[92,-19],[116,18],[53,-9],[75,45],[98,34],[47,3],[71,42],[43,71],[61,31],[62,7],[161,122],[61,5],[70,22],[-12,25]],[[34479,5715],[-46,-54],[-11,-31],[-69,-48],[-9,-25],[7,-87],[40,-86],[12,-81],[36,-85],[-39,-204],[-64,-91],[-19,-47],[7,-58],[39,-73],[1,-51],[29,-59],[-3,-125],[38,-84]],[[34428,4426],[-154,87],[-85,18],[-80,-29],[-33,4],[-56,-20],[-52,3],[-54,-93],[18,-57],[-7,-27],[-96,1],[-11,-28],[-48,-22],[-27,-42],[-41,-27],[-13,-71],[-56,-32],[-22,-44],[-58,-31],[-51,-40],[-46,-20],[-79,3],[-75,48],[-20,88],[-32,46],[-93,97],[-68,51],[-17,46],[-38,51],[-59,-1],[-22,20],[-66,19],[-48,-1],[-47,26],[-121,-29],[-96,0],[-5,23],[-61,11],[-19,-10],[-34,35],[-66,41],[-81,-101]],[[32309,4419],[-80,14],[-62,-9],[-50,91],[-75,56],[-83,-5],[-61,15],[-67,46]],[[32182,5170],[42,14],[54,79],[50,10],[66,31],[84,23],[86,63],[99,4],[93,36],[54,6],[58,28],[34,-6],[62,-35],[39,-7],[0,43],[77,9],[21,15],[61,-14],[100,-64],[36,-4],[-1,37],[-36,85],[-1,35],[30,47],[-12,21],[6,165],[36,94],[-1,68],[-27,62],[2,132],[20,62],[-17,77],[6,96],[83,141],[94,-17],[58,-30],[38,-43],[26,-69],[0,-62],[38,-78],[-11,-76],[37,-80],[49,-53],[20,-40],[-6,-75],[19,-44],[114,-80],[123,-56],[163,-7],[51,9],[90,-25],[84,19],[45,-9],[61,8]],[[7396,15441],[-8,94],[168,60],[24,28],[9,74],[-104,107],[-6,68],[29,26],[116,65],[6,57],[62,70],[32,87],[33,8],[68,72],[22,59],[38,20],[58,62],[1,66],[61,113],[96,-50],[94,-15],[52,-23],[67,56],[79,113],[35,20],[7,39],[-13,69],[31,48],[81,40],[42,-9],[34,22],[93,107],[20,75],[54,53],[32,15],[47,71],[32,73],[-19,103],[72,9],[44,30],[100,31],[108,-47],[34,1],[61,36],[26,33],[70,22],[36,-36],[78,-16],[48,4],[14,26],[120,39],[39,58],[63,60],[111,-43],[58,-1],[126,-19],[107,-70],[50,-3],[38,19],[66,79],[12,41],[4,86],[44,9],[68,-52],[105,-4],[48,43],[65,21],[37,62],[34,26],[11,136],[-51,83],[-10,52],[65,13],[79,46],[68,58],[41,105],[6,35],[41,16],[93,-118],[99,35],[69,-2],[63,-39],[28,-58],[44,-61],[39,-18],[149,24],[75,29],[49,-60],[47,-35],[22,-63],[51,-84],[88,-62],[28,-30],[3,-60],[77,-82],[20,-63]],[[12049,17625],[-13,-57],[-51,-72],[-17,-77],[-70,-206],[10,-77],[47,-58],[-13,-87],[-216,-138],[-33,-59],[-1,-107],[-42,-83],[-15,-68],[34,-47],[9,-51],[-16,-122],[1,-107],[44,-89],[74,-130],[93,-57],[19,-35],[-58,-66],[0,-28],[33,-55],[87,-62],[47,-12],[55,-208],[-21,-73],[1,-84],[27,-69],[-31,-131],[-69,-92],[-41,-16],[-66,8],[-102,55],[-47,-9],[-82,74],[-50,108],[-72,3],[-119,-45],[-128,-84],[-53,-67],[-10,-46],[-76,-85],[-64,-35],[-102,-74],[-31,-6],[-71,-60],[-48,-4],[-57,15],[-34,-17],[-14,-66],[-19,-17],[-5,-99],[-22,-59],[5,-129],[-132,-136],[-27,-9],[-66,-59]],[[8243,15018],[-7,59],[-53,98],[-64,11],[-71,-7],[-102,19],[-68,32],[-146,122],[-77,11],[-42,-19],[-80,-9],[-56,14],[-24,50],[-57,42]],[[11636,438],[13,-28]],[[11649,410],[57,-55],[2,-39],[-26,-128],[37,-125],[-25,-63],[-232,62],[-302,61],[-144,-30],[-274,-74],[-56,27],[-25,71],[-33,58],[-60,28],[-14,24],[29,73],[8,55],[-56,60],[-55,-44]],[[12696,10357],[-57,-50],[-9,-23],[26,-66],[-25,-69],[-147,-95],[-96,-106],[29,-83],[18,-87],[-23,-69],[-41,-13],[-78,-46]],[[12293,9650],[-20,34],[-60,41],[-53,14],[-39,-10],[-25,25],[-102,-17],[-59,-38]],[[12139,10322],[65,34],[105,23],[140,61],[72,17],[50,-6],[39,-37],[57,-24],[29,-33]],[[7928,12827],[-22,-22],[-85,-22],[-119,-76],[-4,-105],[16,-84],[-13,-76],[11,-28],[-57,-35],[-14,-99],[14,-41],[-15,-50],[-37,-55],[-3,-43],[-26,-85],[-29,-18],[-152,-53],[-58,-130],[-5,-42],[33,-42],[-17,-26],[-41,-13],[-59,-52],[-49,9],[-77,-46],[-21,0]],[[7099,11593],[-30,43],[-34,89],[-31,53],[-41,43],[-47,20],[2,72],[40,57],[-40,106],[-18,16],[54,36],[10,38],[-22,26],[31,138],[-3,123],[-34,23],[-5,39]],[[6931,12515],[60,23],[71,60],[29,44],[-80,-3],[-59,9],[-96,50],[13,35],[44,13],[64,58],[-34,26],[0,80],[-37,35],[36,64],[-68,69],[-58,-5],[-58,46],[-68,95],[-81,20],[-55,-32],[-8,25],[-77,104],[2,50],[-44,5],[-165,131],[-86,36],[-12,40],[-37,36],[-9,62]],[[6118,13691],[27,13],[4,39],[53,67],[97,40],[125,72],[113,11],[40,99],[136,97],[36,46],[10,93],[22,47],[41,39],[10,102],[38,34],[107,49],[9,21],[-25,68],[62,69],[34,72],[78,17],[67,27],[3,43],[30,18],[3,85],[35,63],[24,6],[67,80],[27,93],[-14,57],[30,139],[-11,44]],[[7130,3402],[-9,-60],[14,-57],[-33,-5],[-1,-27],[-62,-32],[-3,-26],[-44,-30],[2,-49],[-49,-16],[-19,-34],[43,-3],[0,-43],[-40,-81],[-29,-25],[-32,-96],[6,-27],[-47,-95],[-85,-59],[6,-37],[-65,-78],[-31,-1],[-82,-76],[-13,6],[10,121],[-16,42],[-36,45],[-5,29],[-70,74],[-40,2],[-69,-30],[-47,14],[-61,41],[-112,32],[-42,94],[-27,7],[-41,45],[-57,10],[-50,76]],[[29744,4802],[-27,-23],[-45,-79],[12,-40],[-92,-6],[-66,-69],[18,-38],[-20,-41],[-91,-121],[-83,-76]],[[29350,4309],[-68,54],[-30,54],[-76,-23],[-29,16],[-36,61],[-52,21],[-113,-68],[-55,45],[7,76],[-13,42],[8,66],[-74,57],[0,75],[-27,69],[-38,42],[-7,36],[-48,42],[-56,14],[-80,50],[-13,27],[-46,13],[13,24],[85,-13],[17,21],[-17,60],[-18,17],[-7,71],[48,70],[-66,142],[-17,19],[-19,73],[-38,55]],[[12049,17625],[111,-26],[76,63],[85,14],[124,4],[84,28],[3,-47],[-53,-42],[-11,-47],[19,-68],[30,-30],[35,3],[43,29],[39,81],[65,92],[52,10],[118,40],[154,-88],[78,-125],[75,-37],[87,-15],[106,-83],[23,-156],[31,-44],[56,-47],[66,-36],[91,63],[42,101],[62,50],[29,7],[70,-24],[65,-1],[91,22],[65,-58],[55,-73],[73,-75],[99,-29],[109,16],[33,32],[-15,141],[-38,24],[-25,41],[0,91],[73,145],[-27,61],[-42,126],[212,7],[78,-46],[69,2],[98,-12],[70,-71],[92,-22],[48,-22],[19,-37],[48,-46],[5,-73],[-32,-44],[12,-19],[93,-40],[64,-64],[94,-30],[98,-23],[188,-75],[200,-7],[141,170],[205,14],[58,-6],[11,-17],[24,-164],[41,-97],[41,-58],[52,-31],[185,-14],[65,-39],[69,-98],[41,-80],[71,-16],[27,-50],[73,-57],[3,-50],[58,-132],[-4,-48],[12,-68],[42,-78],[42,-35],[57,-22],[114,22],[46,23],[35,75],[29,5],[49,-20],[56,-43],[119,21],[184,-78],[82,-11],[50,-70],[42,-38]],[[17931,16046],[-32,-49],[-64,-148],[-42,-34],[-40,-3],[-51,-28],[-53,-69],[-36,-104],[-71,-55],[-76,16],[-139,17],[-101,-11],[-52,-57],[-45,-13],[-22,-30],[-9,-87],[4,-92],[22,-101],[45,-44],[11,-39],[-48,-59],[-10,-35],[68,-126],[17,-95],[-26,-72],[50,-151],[-4,-59],[-46,-79],[-43,-34],[-35,5],[-32,47],[-70,18],[-45,-22],[-29,-50],[-35,-11],[-68,45],[-55,23],[-114,27],[-45,-13],[-109,-146],[-100,-12],[-53,62],[-71,45],[-85,8],[-27,99],[-23,40],[-62,62],[-71,163],[-10,62],[-44,55],[52,148],[-19,86],[-80,81],[-75,23],[-34,68],[-67,38],[-79,1],[-86,-49],[-27,-38],[-84,-36]],[[13490,13174],[-44,21],[-92,7],[-44,21],[-40,-2],[-38,83],[-56,37],[-109,43],[-51,6],[-51,33],[-39,8],[-70,52],[-95,25],[-68,-7],[-63,40],[-6,42],[-73,54],[1,17],[-117,76],[-46,16],[-64,-11],[-55,74],[-22,-2],[-48,-44],[-53,-12],[-36,-26],[-27,14],[-16,-47],[-24,-14],[-63,-2],[-69,26],[-81,-23],[-29,8],[-93,-56],[-57,-48],[-52,-15],[-26,-24],[-17,-83],[-44,-50],[-35,-73],[-15,-69],[-26,-31],[-28,-89],[-51,-46],[-52,-5],[-33,-31],[-32,-56],[-22,-78],[-49,-11],[-76,-48],[-33,-44],[-6,-57],[-36,-56],[-21,-58]],[[6856,8764],[-37,-96],[-37,-68],[-10,-61],[-29,-78],[-38,-29],[-23,-43],[116,-14],[96,-63],[44,1],[53,57],[39,5],[60,-81],[9,-31],[50,-48],[65,-98]],[[7214,8117],[-3,-35],[-85,-47],[-34,-43],[-42,-123],[-32,-120],[-3,-89],[45,32],[156,42],[56,-1],[66,14],[37,-30],[77,-35],[-99,-111],[-8,-41],[-35,-29],[-70,-15],[-14,-33],[-20,14],[-205,12],[-69,-27],[-127,-93],[-57,-11]],[[6748,7348],[-51,3]],[[6697,7351],[-14,35],[-88,57],[-9,57],[-51,31],[-40,66],[-26,9],[-7,125],[-26,77],[-75,45],[-28,4],[-16,45],[-85,101],[-48,96],[-63,15]],[[32309,4419],[-77,-45],[-41,-65],[1,-65],[-61,-51],[33,-81],[-28,-73],[-11,-77],[-75,-28],[-12,-72],[-58,-98],[26,-49],[79,-83],[44,4],[92,-83],[53,13],[93,-13],[84,-32],[-1,-47],[65,-105],[29,-20],[32,-60],[10,-60],[57,-68],[-4,-31],[-36,-30],[-34,-115]],[[32569,2985],[-68,-9],[-29,-38],[-51,-26],[-83,-3],[-33,-29],[-80,44],[-51,47],[-25,-11],[-59,28],[-2,33],[-116,23]],[[31972,3044],[-87,-18],[-44,-78],[-47,-23],[-18,-61],[-54,-32],[-79,-7],[-33,-17],[-40,15],[-27,-13],[-43,53],[-25,-64],[-87,-91],[-40,-2],[-36,-46],[-48,9],[-29,-16],[-63,7]],[[31172,2660],[-48,22],[-83,-41],[-132,-6],[-72,19],[-45,-5],[-72,-42],[-14,-49],[-5,-92],[-53,-43],[-42,-18],[-6,-23],[-47,-17],[-53,-54],[-56,-17],[-18,-32],[-62,-11],[-58,9],[-45,36],[-138,-25],[-46,-28]],[[29955,2419],[23,75],[50,54],[27,50],[49,14],[12,20],[46,-50],[63,48],[1,57],[19,23],[22,78],[60,42],[-7,31],[61,68],[55,37],[76,85],[18,99],[65,42],[-84,124],[13,27],[-22,26],[-6,57],[54,29],[13,72],[-21,75],[-48,45],[-21,62],[-48,61],[6,88],[-27,71],[-53,61],[11,106],[-6,28]],[[25836,11338],[55,-146],[-11,-58],[15,-53],[-35,-88],[-30,-24],[-17,-65],[14,-94],[-12,-80],[14,-43],[13,-103],[-4,-57],[-23,-27],[-69,-179],[-20,-128],[-2,-140],[-33,-49],[-54,-33],[-36,-59],[-33,-11]],[[25568,9901],[-79,-39]],[[25489,9862],[-104,99],[-43,27],[-56,7],[-35,32],[-75,42],[-29,77],[-26,25],[-58,101],[-178,149],[-59,29],[-26,28],[-23,122],[-24,55],[52,118],[11,75],[-20,66],[-49,39]],[[13866,3168],[26,26],[18,-18],[44,16],[22,-28],[56,-5],[39,-43],[55,26],[51,5],[125,-68],[91,-11],[65,14],[57,44],[47,85],[75,71],[30,8]],[[32026,7809],[18,-87],[68,-127],[94,-75],[70,1],[33,30],[75,-36],[56,-14],[31,-71],[64,-21],[41,-66],[118,1],[24,-27],[86,-36],[32,10],[47,54],[72,6],[25,38],[40,11],[90,-64],[23,-55],[40,-19],[31,-40],[40,-87],[-14,-51],[61,-56],[55,-11],[73,40],[60,18],[293,46],[48,78],[60,2],[60,21],[42,55],[76,-34],[44,4],[49,-45],[46,-9],[51,12],[26,-20],[19,-55],[49,-25],[31,11],[102,-4],[29,35],[54,6],[26,-47],[116,-53],[16,-22],[62,-5],[34,19],[55,-45],[58,-20],[36,-29],[69,-17],[19,-27],[43,-15],[33,-41],[87,-13],[69,2],[88,68]],[[35369,6908],[-11,-87],[-39,-47],[-67,-18],[-57,10],[-38,-28],[-57,1],[-38,20],[-86,-9],[-75,50],[-47,59],[-58,-28],[-38,10],[-48,-48],[-67,-18],[-48,1],[-59,-28],[1,-62],[-43,-36],[-28,-70],[57,8],[163,-40],[48,-80],[44,-38],[31,-74],[-3,-115],[-21,-122],[-72,-60],[-37,-124],[5,-74],[-33,-35],[-19,-51],[-36,-40],[-114,-20]],[[30986,6672],[73,98],[48,80],[-11,60],[42,108],[-16,27],[31,64],[-3,83],[-35,51],[-5,34],[-30,36],[11,37],[47,28],[17,83]],[[31155,7461],[130,-21],[11,71],[78,88],[-20,71]],[[31354,7670],[71,-30],[84,-18],[61,33],[115,11],[91,116],[6,74],[42,-59],[80,2],[86,-10],[36,20]],[[7584,5883],[68,-17]],[[25489,9862],[-50,-85],[-13,-100]],[[23719,9280],[-75,128],[-90,107],[-106,63],[-53,12],[-32,33],[-19,57],[21,98],[70,86],[-25,106],[-6,69],[8,56],[41,29],[-36,49]],[[23417,10173],[-57,88],[-31,107],[-52,43],[82,102],[-4,58],[50,82],[-18,51],[22,87]],[[8008,7879],[-20,36],[6,102],[26,64],[69,90],[47,43],[-21,58],[-26,159],[-9,16],[-65,17],[-163,72],[-110,10]],[[27126,10750],[-23,-75],[-89,-139],[-43,-110],[-4,-33],[60,-80],[11,-86],[22,-82],[-88,-25],[-53,-45],[-70,-12],[-81,-45],[-39,-82],[-40,-32],[-99,-43],[-24,-37],[-33,-110],[-10,-64]],[[26523,9650],[-47,0],[-68,22],[-55,1],[-86,53],[-62,48],[-47,16],[-84,-3],[-99,-29],[-109,6],[-105,65],[-148,39],[-45,33]],[[26903,6562],[-126,9],[-32,-6],[-57,-61],[-29,-84]],[[25672,6169],[-77,4],[-2,47],[40,51],[-41,69],[-5,57],[25,93],[39,38],[6,30],[-32,96]],[[26525,7320],[41,-38],[35,-73],[19,-64],[66,-72],[32,-85],[68,-104],[83,-66]],[[11550,9269],[69,-34],[32,6],[62,-38],[15,-30],[55,-40],[62,2],[46,-49],[60,-17],[75,-57],[35,-14]],[[10630,9105],[273,46],[22,31],[66,25],[68,1],[58,-14],[75,78]],[[6748,7348],[79,-73],[85,-39],[22,-46],[62,-69]],[[6242,6071],[10,53],[-70,102],[-15,80],[-28,24],[17,106],[9,188],[-42,82],[-1,80],[13,32],[-24,56],[21,41],[82,73],[16,31],[122,9],[50,14],[58,50],[42,6],[11,51],[48,54]],[[6561,7203],[47,19],[89,129]],[[2470,5257],[75,-41],[55,-54],[45,30],[134,-49],[15,-34],[35,-12],[62,-88],[29,-88],[-14,-62],[12,-56],[28,-25],[61,-93],[73,-17],[28,-51],[116,-59],[37,-46],[76,-41],[44,-58]],[[1837,3481],[-8,-31],[-46,-16],[-30,-36]],[[1753,3398],[-110,59],[-2,74],[-22,40],[-67,13]],[[2146,4894],[42,59],[94,53],[6,34],[69,88],[46,20],[75,69],[-8,40]],[[22110,7554],[-5,-71],[37,-45],[71,-35],[44,-85],[10,-75],[108,-158],[10,-87],[24,-95],[-28,-66],[5,-31],[-27,-33],[-11,-66],[-35,-81],[-4,-41],[29,-45],[22,-74],[5,-77],[23,-159],[-74,-102],[-27,-24],[-20,-59],[21,-140],[-107,-143],[-34,-102],[-10,-71],[8,-33],[-66,-85],[21,-33],[21,-74],[29,-45],[5,-87],[-54,-62],[21,-33],[-34,-79],[-7,-40],[23,-30],[66,-14],[46,-59],[14,-157],[21,-49],[4,-85],[20,-53],[-3,-52],[31,-9],[59,-100],[11,-70],[44,-40],[41,-69],[0,-33],[27,-38],[38,-8],[25,-29],[33,16],[47,-18],[26,-39]],[[21909,3778],[-100,138],[-154,104],[-103,143],[-48,35],[-68,21],[-40,80],[-38,122],[-71,55],[-41,105],[-95,90],[-98,39],[-41,25],[-106,170],[-47,40],[-19,40],[-50,24],[-66,3],[-84,-64],[-23,6],[-57,84],[11,71],[-37,22],[-5,33],[33,42],[-55,63],[-59,49],[-31,-13],[-20,-44],[-40,29],[38,115],[48,46],[12,32],[-10,98],[64,105],[38,32],[2,66],[-30,46],[-19,65],[1,44],[78,115],[16,49],[153,129],[6,130],[25,57],[68,34],[65,96],[8,100],[20,102],[21,44],[-8,62],[-57,29],[4,54],[-25,67],[17,54],[-18,62],[66,133],[13,76],[-4,57],[-76,66]],[[29350,4309],[-38,-46],[-29,-64],[13,-23],[-32,-12],[-32,-40],[-7,-76],[-37,-42],[-54,-85],[-93,-45],[5,-50],[-11,-86]],[[28889,3863],[23,82],[18,22],[10,81],[-30,70],[34,113],[25,32],[-2,46],[-89,5],[-108,35],[-41,21],[-29,-16],[-77,32],[-86,2],[-29,-30],[-41,49],[-2,34],[-123,91],[-53,25],[1,31],[-44,14],[-40,36],[-36,6],[-85,76],[7,44],[-65,141],[-41,10]],[[27986,4915],[-50,77],[-33,31],[38,36],[-28,78],[4,37],[98,74],[50,25],[29,47],[5,43],[59,22],[45,66],[-17,36],[63,38],[-18,22]],[[28231,5547],[0,47],[-27,31]],[[28445,7021],[-22,-24],[-47,-91],[-74,-6],[-32,-14],[-45,-94],[-69,3],[-95,-18],[-63,-35],[-23,-41],[-46,-44],[-33,-89]],[[27655,6973],[-36,58],[-5,37],[-50,52],[3,37],[-24,54]],[[6776,11284],[52,28],[41,118],[117,70],[54,-9],[18,87],[41,15]],[[24359,2033],[-9,-19],[-114,-24],[-83,-57],[-42,-16],[-84,7],[-46,35],[-34,2],[-40,-40],[-80,-3],[-54,-66],[-12,-55],[-90,-61],[31,-61],[-5,-90],[-70,-4],[-23,-35],[34,-73],[31,-39],[19,-50],[0,-41],[34,-60],[-7,-54],[34,-55],[44,-153]],[[23793,1021],[-286,49],[-366,-110],[25,39],[-14,19]],[[23152,1018],[60,67],[-16,41],[-59,59],[-28,48],[-1,47],[-19,25],[-92,-57],[-35,-10],[-32,56],[25,70],[-8,76],[23,56],[48,20],[42,57],[14,56],[-10,43],[-58,20],[22,35],[-13,29],[-30,2],[-64,-35],[-54,8],[-18,62],[-26,28],[-105,11],[-27,29],[-5,47],[35,17],[9,30],[-13,111],[-95,94],[32,112],[-35,83],[-40,47],[-6,67]],[[26693,8076],[57,-22],[40,-89],[84,-92],[55,-40],[30,-44],[111,-224],[56,-7],[64,-28],[64,-40],[58,-60],[133,0]],[[26507,7464],[-18,44],[-65,69],[-72,50],[-22,49],[-18,160],[143,79],[78,24],[71,33],[72,74],[17,30]],[[13637,1493],[-31,-31],[-45,-17],[19,-79],[-7,-47],[27,-46],[-3,-111],[34,-74],[12,-77],[-3,-63],[-33,-31],[-5,-37],[21,-9],[7,-86],[-14,-46],[39,-67],[31,-16],[-3,-31],[-50,-3],[-36,66],[-54,25],[-39,-16],[-31,10],[-15,51],[-30,14],[-29,72],[-65,-5],[-30,-89],[46,-28],[-1,-53],[-17,-34],[21,-8],[-30,-64],[-29,-6],[0,-41],[-66,-140]],[[13228,376],[-132,-22],[-315,-79],[-728,8],[-361,153],[-43,-26]],[[12531,1163],[-18,40],[2,57],[19,44],[100,-8],[34,17],[20,54],[57,34],[67,0],[44,-49],[35,0],[2,52],[-16,52],[32,21],[46,2],[43,22],[21,43],[-24,16],[-97,-40],[-38,26],[26,43],[-6,32],[-58,13],[3,-63],[-39,-11],[-42,30],[-8,67],[70,57],[105,101],[64,9],[54,29],[31,55],[46,40],[87,34]],[[26354,1233],[-280,93],[-467,15],[-486,-29],[-506,131],[-440,-473],[-147,22],[-29,-6],[-206,35]],[[18204,9020],[1,61],[35,106],[35,64],[12,69],[51,60],[31,14],[7,39],[-41,3],[-169,-47],[-101,-76],[-96,45],[-61,9],[-52,22],[-61,-36],[-49,11],[-38,-27],[-61,4],[-39,22],[-60,-18],[-88,18],[-154,-21],[-37,21],[17,136],[-10,67],[19,53],[-51,106],[1,86],[-25,6]],[[17220,9817],[-50,74],[-67,51],[-44,9],[-116,-23],[-48,43],[-79,-8],[27,89],[-38,71],[-50,44],[8,81],[-54,38],[-6,106],[-45,24],[-14,61],[-33,32],[-5,92],[-33,27],[-21,71],[20,35],[-34,50],[2,56],[-21,34],[-79,64],[3,27],[-21,81],[19,28],[86,30],[36,34],[22,59],[74,56],[-1,69],[34,28],[-30,50],[-5,37],[47,104],[7,118],[135,109],[54,-37],[43,-7],[27,-35],[60,6],[68,35],[61,-29],[64,43],[129,51],[83,-128],[99,-14],[45,58],[65,-15],[66,61],[83,44],[158,43],[78,-2],[60,32],[66,77],[38,-1],[34,71],[5,55],[26,22],[4,146],[27,157],[22,26],[41,114],[-10,43],[26,145],[23,52],[6,91],[-7,58]],[[12696,9564],[29,4],[24,44],[3,96],[57,97],[70,46]],[[5505,1485],[-80,-88],[-21,-52],[-241,59],[-125,-7],[-353,-88],[-181,100],[-440,-136],[-106,171],[-93,24],[-154,219],[56,214]],[[3767,1901],[69,37],[82,-36],[78,-79],[40,-21],[68,30],[38,-6],[64,22],[58,97],[24,15],[75,-6],[9,53],[27,64],[17,79],[24,65],[31,-9],[50,19],[109,-6],[73,51]],[[4703,2270],[38,-35],[45,-5],[51,-25],[32,-34],[39,26],[5,26],[96,-42],[40,10],[59,58],[15,-55],[25,-27],[0,-51],[-33,-40],[51,-73],[31,-15],[15,-35],[46,25],[90,-18],[48,-53],[64,-5],[56,-31],[32,7],[-22,-65],[44,-75],[-25,-38],[-45,-31],[-13,-34],[-57,-12],[-30,-73],[105,-65]],[[23152,1018],[-13,19],[-1464,-138],[-416,-6]],[[21259,893],[-47,93],[-53,79],[10,73],[-32,81],[29,98],[-7,63],[-16,19],[-21,83],[-26,32],[1,-39],[-84,-85],[-14,55],[-41,25],[-38,-70],[-93,-39],[-47,6],[-57,-28],[-41,24],[-118,-39],[-27,50],[-38,17],[0,64],[-20,57],[-44,58],[-85,13],[-69,51],[-21,45],[-116,-11],[-75,22],[-50,-17],[-72,39],[-53,0],[-59,34],[-101,23],[-80,-12]],[[19654,1757],[23,40],[12,65],[-27,24],[15,52],[-27,50],[-12,67],[15,41],[45,33],[2,29],[120,80],[12,67],[65,60],[49,72],[58,29],[21,146],[34,33],[27,64],[138,100],[36,85],[67,49],[29,62],[59,61],[4,34],[-27,22],[-57,12],[-14,62],[6,64],[-26,57],[-26,25]],[[20372,3427],[58,1],[23,26],[72,-18],[51,18],[19,-11],[72,37],[47,6],[50,54],[82,12],[124,33],[53,134],[34,30],[53,86],[53,-34],[21,-33],[58,-42],[25,-73],[-5,-34],[33,-42],[105,-35],[81,-82],[49,-6],[59,91],[157,34],[53,36],[82,-3]],[[15740,5273],[-40,-41],[-40,-14],[-97,-9],[-72,-45],[-20,-50],[-63,-27],[-76,-58],[-42,-62],[-101,-30],[-62,-85],[-50,1],[-90,-78],[-31,-17],[-144,-8],[-78,-19],[-108,-87],[-24,-66],[-25,-8],[-44,23],[-65,-29]],[[14468,4564],[-47,-14],[-79,13],[-67,-35],[-46,-2],[-59,36],[-51,16],[-43,-7],[-77,-40],[-35,13],[-57,-59]],[[31972,3044],[-34,-71],[2,-29],[-42,-37],[-28,-52],[22,-22],[2,-84],[39,-120],[2,-47],[32,-53],[7,-102],[28,-102],[-17,-43],[11,-28],[-8,-77],[59,-59],[38,-163],[30,-71]],[[32115,1884],[-122,-67],[-441,-255]],[[31552,1562],[-49,83],[-91,63],[-61,20],[-32,75],[-30,39],[4,42],[-84,92],[3,45],[-41,56],[92,90],[-28,15],[-89,-23],[-63,-36],[-37,12],[14,58],[99,68],[30,3],[87,53],[9,91],[-74,55],[2,104],[-41,93]],[[12483,9407],[-40,-41],[-82,-3],[-98,-41],[-43,-28],[-69,-4]],[[12151,9290],[45,108],[29,51],[23,122],[-2,43],[47,36]],[[15864,9210],[62,-55],[9,-83],[-2,-80],[33,-30],[59,-24],[28,-36],[60,-33],[39,-135],[-35,-132],[-31,-83],[37,-93],[36,-43],[18,-52],[65,-42],[29,-55],[16,-79],[39,-30],[0,-44]],[[15272,9635],[160,-140],[67,-9],[20,-23],[69,-16],[68,-37],[-9,-111],[52,-94],[16,-8],[80,25],[69,-12]],[[31627,9076],[109,0],[108,55],[63,3],[40,39],[45,-16],[26,14],[96,8],[68,-28],[48,-45]],[[32230,9106],[-64,-8],[-39,-35],[-75,-37],[-36,-95],[-35,-57],[-92,-62],[-11,-30],[-51,-36],[-17,-69],[5,-81],[-15,-76],[26,-54],[-27,-60],[18,-47],[-67,-64],[-18,-50],[1,-136],[13,-45],[56,-45],[31,-45],[15,-53],[103,-54],[75,-58]],[[31354,7670],[-44,51],[-28,90],[0,46],[-28,54],[-58,156],[17,46],[-50,17],[-67,2],[-36,29],[-45,-5],[-73,-45],[-42,-9],[-29,-45]],[[30769,8699],[68,61],[51,1],[50,21],[72,12],[71,41],[48,14],[54,48],[42,14],[48,-7],[68,-50],[62,24],[108,2],[23,16],[18,59],[47,50],[28,71]],[[15253,4065],[-66,20],[-158,-3],[-34,-42],[-52,11],[-85,123],[-101,25],[-63,-10],[-86,16]],[[14608,4205],[-36,8],[-57,36],[14,92],[-26,100],[-1,38],[-34,85]],[[7306,2358],[-21,-50],[-26,-19],[-8,-41],[-39,-34],[-40,-58],[-114,-148],[15,-56],[10,-147],[-20,-47],[-61,-103]],[[7002,1655],[-14,8],[-252,15],[-62,204],[-49,39],[-120,-50]],[[6505,1871],[8,46],[56,78],[0,76],[-35,96],[-66,50],[-74,-7],[-47,-16],[-4,-40],[-33,-36],[-55,-4],[-45,-19],[-28,-37],[-68,40],[-4,48],[49,53],[14,83],[-28,33],[-65,17],[10,67],[39,65],[-22,56],[-98,-6],[-31,54],[-81,-15],[-26,32],[-71,-1],[-21,25],[-9,51],[-52,46],[-45,-11],[-30,-49],[-24,-7],[-55,25],[-13,66],[-42,46],[-58,18]],[[31552,1562],[-413,-241],[-164,15],[-160,-74],[-671,169],[-242,-128]],[[31155,7461],[-137,40],[-52,41],[-104,37],[-102,124],[-78,114],[-59,25],[-5,66]],[[29651,8744],[80,-9],[68,-50],[12,-26],[83,-83],[60,-20],[71,-6],[8,-32]],[[29426,8399],[32,44],[27,108],[36,79],[-13,19],[27,30],[67,27]],[[13842,3598],[60,1],[65,22],[80,-26],[60,-50],[77,-120],[34,18],[-16,138],[16,-10]],[[13840,3533],[2,65]],[[12100,9033],[-60,113],[47,66],[27,57],[37,21]],[[32230,9106],[52,15],[63,43],[73,66],[48,97],[81,-48],[57,17],[72,-47],[31,-98],[48,-2],[38,41],[84,8],[86,-45],[81,-1],[57,17],[34,-13],[129,31],[90,-111],[23,19],[40,-48],[49,-32],[36,26],[31,-23],[107,-2],[40,34],[63,14],[25,29],[63,-46],[74,43],[41,12],[32,60],[4,37],[50,43],[126,-4],[102,21],[9,-31],[19,-202],[-7,-78],[19,-99],[44,-65],[93,-5],[61,-55],[24,-131],[-27,-55],[53,-114],[63,-58],[41,-54],[-12,-61],[-4,-151],[-50,-53],[-16,-55],[1,-110],[-14,-41],[81,-98],[-16,-14],[77,-77],[30,-88],[19,-134],[38,-49],[47,-39],[37,-68],[132,-109],[132,-31],[47,-49],[104,-60],[66,-68],[18,-49]],[[24104,8198],[52,-23],[64,-50],[80,-126],[40,-33],[69,-24],[155,23],[61,-68],[86,-23],[84,-52],[144,0],[28,-75],[-1,-34],[44,-71],[5,-54],[23,-20],[12,-81],[19,-27],[-50,-115],[15,-44],[113,-42],[119,-3],[88,-83],[25,-64],[24,-19],[32,-63],[89,1],[49,21],[73,53],[31,46],[81,79],[21,7]],[[25285,5146],[44,2],[145,61],[99,30],[-37,45],[-34,11],[-66,59],[-164,29],[-94,-51],[-40,4],[-89,-35],[-19,-19],[-66,-12],[-97,41],[-34,44],[-63,42],[-43,7],[-26,27],[-23,56],[-37,35],[-61,8],[-49,47],[-31,94],[-51,67],[-20,70],[-63,25],[-12,35],[-74,117],[-38,-2],[-99,-53],[-61,-96],[-150,-107],[-109,-31]],[[23871,6191],[-76,71],[-59,76],[-43,21],[22,52],[-10,52],[20,30],[1,49],[25,100],[-61,41],[-49,49],[-62,35],[-53,65],[-51,25],[-30,51],[27,138],[-92,94],[21,72],[-20,111],[-47,28],[-3,39],[25,74],[-36,50],[16,46],[-22,41],[35,81],[-63,16],[-54,-3],[-31,92],[14,84],[-29,69],[2,65],[-57,85]],[[23131,8090],[73,51],[53,20],[44,44],[12,48],[33,9],[80,-17],[21,11],[88,-16],[28,36]],[[5323,7922],[35,-117],[46,-50],[7,-66],[22,-15],[25,-57],[37,-45],[2,-40],[22,-7],[60,-83],[79,17],[53,-37],[69,4],[58,-30],[31,-133],[86,-58],[18,8],[-14,43],[62,7],[74,-16],[22,16],[75,-33],[51,25],[45,-9],[38,-28],[79,-17],[156,2]],[[5102,6491],[-19,127],[-44,30],[-13,71],[-27,27],[-47,-2],[-81,45],[-32,-14],[-152,49],[-45,98],[-103,112],[-55,15],[-5,38],[14,87],[-41,23],[-73,88],[-71,13],[-66,45]],[[30082,7715],[47,-20],[-6,-38],[39,-120],[39,-18],[8,-48],[5,-152],[24,-107],[1,-94],[52,-75],[39,-76],[43,-34],[-8,-92],[-16,-33],[10,-34],[-7,-77],[-29,-60],[-65,-55],[-47,-80],[-27,-68]],[[29126,7408],[41,37],[88,101],[51,42],[49,97],[8,41]],[[8294,1326],[-48,20],[-71,-15],[-32,12],[-149,-16],[-26,-19],[-344,-96],[-48,0],[-91,39],[-111,143],[-17,95],[12,61],[-118,114],[-170,-55],[-79,46]],[[32569,2985],[33,-62],[20,-78],[42,-57],[58,-29],[44,-2]],[[32830,2562],[-242,-32],[-369,-586],[-104,-60]],[[4668,2589],[37,-83],[-24,-19],[66,-95],[15,-57],[-28,-14],[-31,-51]],[[3767,1901],[-141,142],[33,227],[-167,63],[-106,79],[-216,-56],[15,202]],[[15577,1882],[-40,0],[-309,-282],[-139,-337],[75,-399],[-589,-239],[-933,-268],[-414,19]],[[17220,9817],[-33,-43],[-129,-92],[-45,-51],[-21,-56],[-36,9],[-48,56],[-83,47],[-23,-50],[-69,-25],[-164,-1],[-98,-42],[-32,-30],[-8,-42],[-37,-31],[15,-37],[-52,-72],[-37,-26],[-102,-32],[-78,16],[-59,-15],[-55,10],[-71,-7],[-70,-58],[-21,-35]],[[17931,16046],[52,-37],[131,26]],[[34428,4426],[29,-72],[-5,-59],[59,-74],[13,-53],[99,0],[132,-57],[88,-59],[74,-8],[9,-90],[-37,-40],[-16,-117],[9,-32],[156,-54],[28,-41],[56,-34],[21,-35],[3,-51],[39,-112],[-24,-32]],[[7214,8117],[75,16],[21,85],[46,43],[77,25],[86,-1],[58,44]],[[14541,4033],[49,93],[18,79]],[[12093,10802],[38,10],[145,113],[3,104],[53,64],[19,48],[58,34],[100,19],[49,-61],[69,-31],[44,-2],[35,26],[86,32],[25,-20],[154,-20],[60,0],[27,-17],[53,2],[79,-37],[103,13],[58,-57]],[[27126,10750],[50,-123],[71,-22],[38,-71],[49,-45],[8,-119],[14,-42],[63,-69],[110,-55],[3,-133],[48,-54],[34,-65],[98,-80],[60,-76],[86,-128],[26,-92],[109,-128],[79,-13],[29,-59],[14,-120]],[[28115,9256],[6,-33],[61,-36],[23,-31],[11,-94],[-4,-54],[13,-65],[57,-89],[11,-45]],[[28047,8492],[-18,-42],[47,-94],[9,-90],[-59,-57],[-71,-53]],[[26693,8076],[-3,97],[-11,81],[-48,39],[24,77],[48,112],[35,37],[22,79],[-64,44],[-42,7],[-35,34],[-114,70]],[[26505,8753],[68,166],[2,47],[84,106],[15,90],[14,188],[-19,49],[-39,56],[-78,39],[-13,138],[-16,18]],[[19825,3241],[-11,-63],[-72,-52],[-42,-46],[-110,-49],[-71,30],[-56,-62],[0,-56],[-28,-13],[-23,25],[-24,-52],[-33,-35],[10,-30],[-26,-45],[16,-30],[-30,-39],[14,-26],[45,9],[68,-44],[-29,-45],[-5,-38],[-45,-15],[53,-46],[28,-64],[-4,-39],[-55,-52],[-48,28],[-55,10],[-73,-76],[-4,-37],[-97,-57],[-12,-26],[-162,-202],[-57,-43]],[[22675,7840],[62,14],[68,-10],[19,-35],[29,10],[57,-17],[61,74],[88,6],[14,11],[58,107],[0,90]],[[16428,1857],[-159,-102],[-179,51],[-300,64]],[[27986,4915],[-29,-61],[-37,12],[-40,-71],[5,-31],[-32,1],[-48,-54],[-13,46],[-30,20],[-37,-7],[-41,48],[-68,22],[-43,-5],[-18,-29],[38,-48],[22,-51],[25,-13],[2,-39],[30,-44],[14,-59],[33,-22],[22,-71],[-16,-49],[95,-82],[92,-105],[12,-25],[59,-16],[50,-59],[146,-99],[-109,-62],[-2,-65],[-24,-77],[26,6],[59,-21],[64,56],[22,4],[38,70],[49,-11],[91,-74],[9,-62],[45,-54]],[[27546,4037],[-28,61],[13,23],[-16,57],[-63,34],[-20,62],[3,40],[-23,51],[-36,23],[-32,62],[-14,58]],[[27369,5368],[37,18],[31,50],[37,20],[-23,53],[17,36],[56,19]],[[27524,5564],[104,-45],[100,-5],[52,15],[78,51],[111,-3],[49,-37],[98,35],[115,-28]],[[1753,3398],[-36,-88],[-56,-7],[-70,-85],[-52,-105],[-56,-62],[-85,-135],[-27,-22],[-23,89],[-16,16],[-19,85],[-19,31],[22,101],[-9,67],[7,123],[-29,84],[58,247],[-5,119],[19,80],[35,93],[-21,44],[8,199]],[[5022,12877],[62,28],[48,98],[-2,69],[69,3],[109,59],[147,117],[1,73],[19,38],[66,83],[17,5],[61,70],[63,37],[26,55],[25,14],[59,66],[103,40],[120,-22],[67,-2],[36,-17]],[[6931,12515],[-37,-5],[-67,-37],[-35,0],[-32,-52],[-71,-18],[-70,-53],[-104,-121],[-69,64],[-41,17],[-71,56],[-38,-26],[-39,5],[-94,-34],[-67,-46],[3,-76],[-62,-83],[-69,-27],[-16,15],[-93,8],[-51,33],[-180,66],[5,-63],[-13,-40],[-129,-18],[-50,-32],[-35,4],[1,51],[36,122],[60,25],[20,31],[-40,48],[-82,17],[-59,-8],[-92,53],[-43,74],[2,28],[-34,82],[-45,35],[-17,75],[-51,34],[-20,129],[-20,29]],[[2470,5257],[38,44],[10,34],[-21,37],[14,100],[-20,29],[47,80],[-5,35],[30,33],[-3,43],[21,57],[-3,55],[-29,74],[7,84],[-6,42],[-62,53],[-29,88],[-59,67],[-51,32],[-45,57],[-58,91]],[[1694,6841],[5,57],[64,102],[-56,107],[0,56],[51,102],[60,102],[-4,88],[73,18],[27,73],[78,18],[51,-47],[91,-130],[40,-33],[39,-77],[135,-94],[43,23],[53,82],[59,50],[50,14],[104,47],[40,52]],[[6505,1871],[-426,-177],[-39,95],[-49,3],[-87,-73],[-46,-9],[-103,-53],[-74,-63],[-83,-44],[-26,-54],[-31,27],[-36,-38]],[[21259,893],[-355,-5],[-274,-83],[-244,22],[-185,165],[-313,-93],[-126,209],[-512,117],[-409,156],[-30,23]],[[18811,1404],[10,43],[45,54],[84,3],[33,-24],[69,32],[71,9],[114,68],[42,70],[40,28],[55,-12],[12,-20],[109,-60],[20,-49],[22,8],[39,-24],[52,42],[76,-4],[15,26],[-30,33],[-35,130]],[[11406,9867],[-23,-16],[-46,58],[-6,74],[-69,41],[-42,47],[-27,-8],[-59,-65],[-29,-16],[-18,54],[3,47],[-30,74],[-33,35],[-10,49],[-27,28],[-83,33]],[[23417,10173],[-68,-72],[-76,-28],[-92,-50],[-92,19],[-51,-6],[-47,-44],[-47,3],[-46,-40],[-99,-2],[-29,18],[-100,-13],[-180,17],[-73,49],[-111,28],[-111,74],[-64,73],[-42,20],[20,-72],[1,-58],[18,-28],[9,-110],[-6,-85],[8,-43],[26,-31],[-4,-73],[-52,-40],[-56,21],[-120,13],[-89,-53],[-64,-3],[-94,-26],[-88,2],[-60,21]],[[1358,4452],[-21,28],[-2,174],[-34,135],[-4,62],[-24,41]],[[27699,6180],[20,-44],[-46,-52],[3,-100],[11,-42],[30,-29],[-6,-44],[-45,2],[-80,-36],[-26,-31],[2,-37],[-39,-92],[24,-29],[-24,-32],[1,-50]],[[29827,9998],[21,-8],[159,18],[17,-129],[46,-73],[47,-103],[6,-40],[133,-59],[109,-105],[18,-97],[28,-86]],[[30411,9316],[-95,-74],[-62,-16],[-36,-38],[-36,-12],[-110,-4],[-38,-48],[-48,-35],[-69,-12],[-24,62],[-19,1],[-66,-82]],[[28115,9256],[100,28],[128,77],[32,30],[65,22],[78,-7],[37,29],[59,-63],[-1,-21],[-79,-121],[104,6],[100,53],[28,3],[103,-29],[58,-2],[89,-61],[24,8],[54,64],[137,57]],[[13198,1991],[-27,20],[-10,81],[-72,32],[-51,-13],[-19,-24],[-30,8],[-65,-28],[-37,24],[-101,8],[36,43],[-15,129],[-20,39],[0,46],[-48,98],[33,31],[67,26],[63,71],[15,66],[-7,48],[19,66],[-4,89],[-13,23],[43,111]],[[29491,11109],[-1,-64],[36,-74],[78,-55],[43,-60],[62,-62],[-33,-86],[-86,-59],[-22,-31],[-39,-99],[0,-27],[39,-43],[22,-71],[33,-41],[46,-22],[32,-36],[-2,-109],[54,-54],[56,-100]],[[25792,7397],[-10,94],[-24,61],[4,105],[-45,113],[35,107],[-2,58],[-57,132],[-21,120],[-45,79],[-39,50]],[[25588,8316],[37,-9],[24,40],[93,45],[34,30],[139,54],[62,45],[32,47],[130,38],[91,12],[74,62],[35,49],[41,17],[125,7]],[[25393,8719],[54,-139],[15,-69],[20,-41],[76,-83],[30,-71]],[[13842,4330],[-17,-57],[21,-25],[65,-28],[-22,-83],[27,-86],[-25,-143]],[[13891,3908],[-23,-115],[4,-122],[-30,-73]],[[3938,10896],[59,42],[39,75],[-37,60],[18,27],[35,3],[66,31],[28,44],[-42,107],[36,65],[70,46],[52,51],[64,105],[34,-63],[73,15],[28,54],[1,82],[37,93],[11,110],[45,-2],[104,34],[8,77],[54,179],[89,-17],[62,5],[77,69],[39,55],[5,133],[25,46],[-13,93],[-52,27],[20,79],[24,142],[18,32],[7,82]],[[13891,3908],[35,32],[47,-13],[34,35],[68,-75],[53,8],[-2,26]],[[2825,2816],[-211,-135],[-34,-32],[-80,-44]],[[2500,2605],[-1,51],[17,53],[39,34],[6,46],[-25,57],[-35,41],[-9,74],[9,34],[56,90],[7,72],[67,66],[62,16],[-3,81],[38,49],[10,40],[81,98]],[[18811,1404],[-297,229]],[[30411,9316],[6,-9],[95,9],[66,67],[40,27],[65,1],[72,31],[13,46],[36,51],[63,24],[29,-16],[37,-55],[97,-44],[31,-32],[18,-64],[24,-35],[-30,-124],[55,-31],[103,-38],[60,6],[130,36],[47,50],[26,-12],[122,-15],[13,-20],[-13,-75],[11,-18]],[[2500,2605],[-47,-33],[-181,87],[-203,116],[38,26],[2,44],[44,71],[11,67],[2,97]]],"transform":{"scale":[0.00009552752254799291,0.00008420551730895239],"translate":[88.7460414140001,26.700655537000102]},"objects":{"btn_admin2":{"type":"GeometryCollection","geometries":[{"arcs":[[0,1,2,3,4,5,6,7,8,9,10]],"type":"Polygon","properties":{"id":"BT01901","name":"Athang","parent_id":"BT019","parent_name":"Wangduephodrang","area_sqkm":778.40948792,"center_lat":27.28603202,"center_lon":90.18169146},"id":"BT01901"},{"arcs":[[11,12,13,14]],"type":"Polygon","properties":{"id":"BT00701","name":"Balam","parent_id":"BT007","parent_name":"Monggar","area_sqkm":27.21238823,"center_lat":27.34766938,"center_lon":91.40924265},"id":"BT00701"},{"arcs":[[15,16,17,18,19,20]],"type":"Polygon","properties":{"id":"BT01001","name":"Bapisa","parent_id":"BT010","parent_name":"Punakha","area_sqkm":24.64673541,"center_lat":27.50397304,"center_lon":89.86322381},"id":"BT01001"},{"arcs":[[21,22,23]],"type":"Polygon","properties":{"id":"BT01201","name":"Bara","parent_id":"BT012","parent_name":"Samtse","area_sqkm":187.94377884,"center_lat":27.19295884,"center_lon":88.84056719},"id":"BT01201"},{"arcs":[[24,25,26,27,28,29,30,31]],"type":"Polygon","properties":{"id":"BT02001","name":"Bardo","parent_id":"BT020","parent_name":"Zhemgang","area_sqkm":209.64756471,"center_lat":27.10167737,"center_lon":90.98388063},"id":"BT02001"},{"arcs":[[32,33,34,35,36,37]],"type":"Polygon","properties":{"id":"BT01501","name":"Bartsham","parent_id":"BT015","parent_name":"Trashigang","area_sqkm":34.83698538,"center_lat":27.38263357,"center_lon":91.59644082},"id":"BT01501"},{"arcs":[[38,39,40,41,42]],"type":"Polygon","properties":{"id":"BT01801","name":"Barzhong","parent_id":"BT018","parent_name":"Tsirang","area_sqkm":21.7510624,"center_lat":26.94121835,"center_lon":90.07602728},"id":"BT01801"},{"arcs":[[43,44,45,46,47,-40,48,49,50,51]],"type":"Polygon","properties":{"id":"BT01802","name":"Beteni","parent_id":"BT018","parent_name":"Tsirang","area_sqkm":170.628452,"center_lat":26.90238892,"center_lon":90.08086728},"id":"BT01802"},{"arcs":[[52,53,54,55]],"type":"Polygon","properties":{"id":"BT01301","name":"Bhur","parent_id":"BT013","parent_name":"Sarpang","area_sqkm":54.67416452,"center_lat":26.92622785,"center_lon":90.43072687},"id":"BT01301"},{"arcs":[[56,57,58,59,-33,60]],"type":"Polygon","properties":{"id":"BT01502","name":"Bidung","parent_id":"BT015","parent_name":"Trashigang","area_sqkm":46.36418193,"center_lat":27.39109776,"center_lon":91.65680472},"id":"BT01502"},{"arcs":[[61,62,63,64]],"type":"Polygon","properties":{"id":"BT01202","name":"Biru","parent_id":"BT012","parent_name":"Samtse","area_sqkm":51.06104864,"center_lat":27.05710753,"center_lon":88.90806396},"id":"BT01202"},{"arcs":[[65,66,67,68,69]],"type":"Polygon","properties":{"id":"BT00201","name":"Bjachho","parent_id":"BT002","parent_name":"Chhukha","area_sqkm":140.51492941,"center_lat":27.07474346,"center_lon":89.58351935},"id":"BT00201"},{"arcs":[[70,-10,71,72,73,74]],"type":"Polygon","properties":{"id":"BT01902","name":"Bjena","parent_id":"BT019","parent_name":"Wangduephodrang","area_sqkm":118.92998885,"center_lat":27.46309652,"center_lon":90.0269357},"id":"BT01902"},{"arcs":[[75,76,77,78,79]],"type":"Polygon","properties":{"id":"BT00501","name":"Bji","parent_id":"BT005","parent_name":"Haa","area_sqkm":748.69442422,"center_lat":27.45058921,"center_lon":89.13975865},"id":"BT00501"},{"arcs":[[80,81,82,83,84,-26,85]],"type":"Polygon","properties":{"id":"BT02002","name":"Bjoka","parent_id":"BT020","parent_name":"Zhemgang","area_sqkm":194.81444589,"center_lat":26.96388255,"center_lon":91.08508146},"id":"BT02002"},{"arcs":[[86,87,88,89,-67,90]],"type":"Polygon","properties":{"id":"BT00202","name":"Bongo","parent_id":"BT002","parent_name":"Chhukha","area_sqkm":399.3557249,"center_lat":26.92406141,"center_lon":89.59146127},"id":"BT00202"},{"arcs":[[91,92,93]],"type":"Polygon","properties":{"id":"BT01601","name":"Bumdeling","parent_id":"BT016","parent_name":"Yangtse","area_sqkm":850.79815407,"center_lat":27.79012743,"center_lon":91.50042377},"id":"BT01601"},{"arcs":[[94,95,96,97,98]],"type":"Polygon","properties":{"id":"BT01401","name":"Chang","parent_id":"BT014","parent_name":"Thimphu","area_sqkm":156.87260695,"center_lat":27.44031387,"center_lon":89.67824065},"id":"BT01401"},{"arcs":[[99,-69,100,101,102,103]],"type":"Polygon","properties":{"id":"BT00203","name":"Chapchha","parent_id":"BT002","parent_name":"Chhukha","area_sqkm":129.17329837,"center_lat":27.21087792,"center_lon":89.55088011},"id":"BT00203"},{"arcs":[[104,105,106,107]],"type":"Polygon","properties":{"id":"BT01203","name":"Chargharay","parent_id":"BT012","parent_name":"Samtse","area_sqkm":38.24286973,"center_lat":26.99523344,"center_lon":88.96143472},"id":"BT01203"},{"arcs":[[108,109,110,111,112]],"type":"Polygon","properties":{"id":"BT00703","name":"Chaskhar","parent_id":"BT007","parent_name":"Monggar","area_sqkm":51.87138977,"center_lat":27.25441855,"center_lon":91.36232485},"id":"BT00703"},{"arcs":[[113,114,115,116,117,118,-108,119,120]],"type":"Polygon","properties":{"id":"BT01204","name":"Chengmari","parent_id":"BT012","parent_name":"Samtse","area_sqkm":116.54723474,"center_lat":26.99405255,"center_lon":89.06346803},"id":"BT01204"},{"arcs":[[121,122,123,124,125]],"type":"Polygon","properties":{"id":"BT00702","name":"Chhali","parent_id":"BT007","parent_name":"Monggar","area_sqkm":24.3970213,"center_lat":27.29522864,"center_lon":91.22742885},"id":"BT00702"},{"arcs":[[126,127,128,129,130,131,132]],"type":"Polygon","properties":{"id":"BT00901","name":"Chhimung","parent_id":"BT009","parent_name":"Pemagatshel","area_sqkm":52.8069093,"center_lat":27.03919585,"center_lon":91.27471151},"id":"BT00901"},{"arcs":[[133,134,135,136,137,138,139]],"type":"Polygon","properties":{"id":"BT00101","name":"Chhoekhor","parent_id":"BT001","parent_name":"Bumthang","area_sqkm":1530.33887888,"center_lat":27.78140862,"center_lon":90.66652863},"id":"BT00101"},{"arcs":[[140,141,142,143,144]],"type":"Polygon","properties":{"id":"BT01002","name":"Chhubu","parent_id":"BT010","parent_name":"Punakha","area_sqkm":91.31415479,"center_lat":27.66306849,"center_lon":89.83426381},"id":"BT01002"},{"arcs":[[145,146,147,148,149,150,-138]],"type":"Polygon","properties":{"id":"BT00102","name":"Chhume","parent_id":"BT001","parent_name":"Bumthang","area_sqkm":401.06927453,"center_lat":27.46535529,"center_lon":90.7047149},"id":"BT00102"},{"arcs":[[151,152,153,154]],"type":"Polygon","properties":{"id":"BT01302","name":"Chhuzagang","parent_id":"BT013","parent_name":"Sarpang","area_sqkm":21.40340875,"center_lat":26.87503412,"center_lon":90.52625388},"id":"BT01302"},{"arcs":[[155,156,157,158,159]],"type":"Polygon","properties":{"id":"BT00902","name":"Chokhorling","parent_id":"BT009","parent_name":"Pemagatshel","area_sqkm":126.41644856,"center_lat":26.85405116,"center_lon":91.34385919},"id":"BT00902"},{"arcs":[[160,161,-128,162,163]],"type":"Polygon","properties":{"id":"BT00903","name":"Chongshing","parent_id":"BT009","parent_name":"Pemagatshel","area_sqkm":31.01585289,"center_lat":26.99878486,"center_lon":91.34392313},"id":"BT00903"},{"arcs":[[-8,164,165,166,167,168]],"type":"Polygon","properties":{"id":"BT01903","name":"Daga","parent_id":"BT019","parent_name":"Wangduephodrang","area_sqkm":346.78832431,"center_lat":27.22760511,"center_lon":89.98504349},"id":"BT01903"},{"arcs":[[169,170,-70,-100,171,172,-97,173]],"type":"Polygon","properties":{"id":"BT01402","name":"Dagala","parent_id":"BT014","parent_name":"Thimphu","area_sqkm":204.23664528,"center_lat":27.28802071,"center_lon":89.67462671},"id":"BT01402"},{"arcs":[[-89,174,175,176,177]],"type":"Polygon","properties":{"id":"BT00204","name":"Dala","parent_id":"BT002","parent_name":"Chhukha","area_sqkm":135.54119637,"center_lat":26.81509188,"center_lon":89.58599777},"id":"BT00204"},{"arcs":[[178,179,-75,180,181]],"type":"Polygon","properties":{"id":"BT01904","name":"Dangchhu","parent_id":"BT019","parent_name":"Wangduephodrang","area_sqkm":171.2281973,"center_lat":27.60004525,"center_lon":90.21345279},"id":"BT01904"},{"arcs":[[182,183,-159,184,-82,185]],"type":"Polygon","properties":{"id":"BT00904","name":"Dechhenling","parent_id":"BT009","parent_name":"Pemagatshel","area_sqkm":136.96383291,"center_lat":26.90398026,"center_lon":91.24156106},"id":"BT00904"},{"arcs":[[-55,186,187,188,189]],"type":"Polygon","properties":{"id":"BT01303","name":"Dekiling","parent_id":"BT013","parent_name":"Sarpang","area_sqkm":113.45926236,"center_lat":26.93490843,"center_lon":90.35281963},"id":"BT01303"},{"arcs":[[190,191,192,193]],"type":"Polygon","properties":{"id":"BT01205","name":"Denchhukha","parent_id":"BT012","parent_name":"Samtse","area_sqkm":104.01337029,"center_lat":27.0259082,"center_lon":89.27037358},"id":"BT01205"},{"arcs":[[194,195,196,197]],"type":"Polygon","properties":{"id":"BT00301","name":"Deorali","parent_id":"BT003","parent_name":"Dagana","area_sqkm":91.22147412,"center_lat":26.78973291,"center_lon":89.88100017},"id":"BT00301"},{"arcs":[[198,199,200,201,202]],"type":"Polygon","properties":{"id":"BT01101","name":"Dewathang","parent_id":"BT011","parent_name":"Samdrupjongkhar","area_sqkm":194.77938701,"center_lat":26.85712422,"center_lon":91.51261075},"id":"BT01101"},{"arcs":[[203,204,-56,-190,205,206,207]],"type":"Polygon","properties":{"id":"BT01304","name":"Doban","parent_id":"BT013","parent_name":"Sarpang","area_sqkm":222.26310584,"center_lat":27.05649271,"center_lon":90.33157129},"id":"BT01304"},{"arcs":[[-103,208,209,210]],"type":"Polygon","properties":{"id":"BT00801","name":"Doga","parent_id":"BT008","parent_name":"Paro","area_sqkm":106.03270565,"center_lat":27.29568426,"center_lon":89.48264944},"id":"BT00801"},{"arcs":[[211,212,213,214,215]],"type":"Polygon","properties":{"id":"BT00802","name":"Dopshari","parent_id":"BT008","parent_name":"Paro","area_sqkm":33.89518039,"center_lat":27.45659999,"center_lon":89.44378851},"id":"BT00802"},{"arcs":[[-192,216,217,218,-115,219]],"type":"Polygon","properties":{"id":"BT01206","name":"Dorokha","parent_id":"BT012","parent_name":"Samtse","area_sqkm":104.1408872,"center_lat":26.97037163,"center_lon":89.20401798},"id":"BT01206"},{"arcs":[[220,221,-198,222,223,224]],"type":"Polygon","properties":{"id":"BT00302","name":"Dorona","parent_id":"BT003","parent_name":"Dagana","area_sqkm":107.69410862,"center_lat":26.87397347,"center_lon":89.83211296},"id":"BT00302"},{"arcs":[[225,226,-216,227,228]],"type":"Polygon","properties":{"id":"BT00803","name":"Doteng","parent_id":"BT008","parent_name":"Paro","area_sqkm":194.75385149,"center_lat":27.55774422,"center_lon":89.43673509},"id":"BT00803"},{"arcs":[[229,230,231,-150]],"type":"Polygon","properties":{"id":"BT01701","name":"Dragteng","parent_id":"BT017","parent_name":"Trongsa","area_sqkm":84.57999849,"center_lat":27.42661669,"center_lon":90.51148968},"id":"BT01701"},{"arcs":[[232,233,234,-12]],"type":"Polygon","properties":{"id":"BT00704","name":"Drametse","parent_id":"BT007","parent_name":"Monggar","area_sqkm":28.62750922,"center_lat":27.3466577,"center_lon":91.46817998},"id":"BT00704"},{"arcs":[[235,236,237,238]],"type":"Polygon","properties":{"id":"BT00705","name":"Drepung","parent_id":"BT007","parent_name":"Monggar","area_sqkm":51.50443895,"center_lat":27.20652682,"center_lon":91.25627629},"id":"BT00705"},{"arcs":[[239,240,-42,241,242,243]],"type":"Polygon","properties":{"id":"BT00303","name":"Drugyelgang","parent_id":"BT003","parent_name":"Dagana","area_sqkm":57.38408688,"center_lat":26.98640749,"center_lon":90.03474161},"id":"BT00303"},{"arcs":[[-207,244,-52,245,246,247]],"type":"Polygon","properties":{"id":"BT01803","name":"Dunglegang","parent_id":"BT018","parent_name":"Tsirang","area_sqkm":46.02400419,"center_lat":27.01163496,"center_lon":90.19938441},"id":"BT01803"},{"arcs":[[-162,248,-183,249,-129]],"type":"Polygon","properties":{"id":"BT00905","name":"Dungmin","parent_id":"BT009","parent_name":"Pemagatshel","area_sqkm":109.93377489,"center_lat":26.9812024,"center_lon":91.26897},"id":"BT00905"},{"arcs":[[250,251,252,253,-217,-191,254,255]],"type":"Polygon","properties":{"id":"BT00205","name":"Dungna","parent_id":"BT002","parent_name":"Chhukha","area_sqkm":202.46753085,"center_lat":27.08194074,"center_lon":89.34857066},"id":"BT00205"},{"arcs":[[-193,-220,-114,256]],"type":"Polygon","properties":{"id":"BT01207","name":"Dungtoe","parent_id":"BT012","parent_name":"Samtse","area_sqkm":48.2665539,"center_lat":27.04882959,"center_lon":89.17053599},"id":"BT01207"},{"arcs":[[257,258,259,-142,260]],"type":"Polygon","properties":{"id":"BT01003","name":"Dzoma","parent_id":"BT010","parent_name":"Punakha","area_sqkm":21.91558747,"center_lat":27.58195666,"center_lon":89.88210261},"id":"BT01003"},{"arcs":[[-255,-194,-257,-121,261,262]],"type":"Polygon","properties":{"id":"BT00502","name":"Gakiling","parent_id":"BT005","parent_name":"Haa","area_sqkm":339.39016663,"center_lat":27.13706847,"center_lon":89.23627336},"id":"BT00502"},{"arcs":[[263,-11,-71,-180,264]],"type":"Polygon","properties":{"id":"BT01905","name":"Gangte","parent_id":"BT019","parent_name":"Wangduephodrang","area_sqkm":99.67225204,"center_lat":27.46816091,"center_lon":90.13872418},"id":"BT01905"},{"arcs":[[265,266,267,268,269]],"type":"Polygon","properties":{"id":"BT00601","name":"Gangzur","parent_id":"BT006","parent_name":"Lhuentse","area_sqkm":534.95406401,"center_lat":27.72251716,"center_lon":91.07289911},"id":"BT00601"},{"arcs":[[270,271,272,273]],"type":"Polygon","properties":{"id":"BT01906","name":"Gasetsho Gom","parent_id":"BT019","parent_name":"Wangduephodrang","area_sqkm":29.0092809,"center_lat":27.43206878,"center_lon":89.87922298},"id":"BT01906"},{"arcs":[[-272,274,-168,275,-170,276]],"type":"Polygon","properties":{"id":"BT01907","name":"Gasetsho Om","parent_id":"BT019","parent_name":"Wangduephodrang","area_sqkm":208.20383692,"center_lat":27.34336102,"center_lon":89.82295284},"id":"BT01907"},{"arcs":[[277,278,-154,279,-53,-205]],"type":"Polygon","properties":{"id":"BT01305","name":"Gelephu","parent_id":"BT013","parent_name":"Sarpang","area_sqkm":54.4497285,"center_lat":26.91114076,"center_lon":90.49088492},"id":"BT01305"},{"arcs":[[-101,-68,-90,-178,280,281,282,-252,283,284]],"type":"Polygon","properties":{"id":"BT00206","name":"Geling","parent_id":"BT002","parent_name":"Chhukha","area_sqkm":221.90698189,"center_lat":27.0251105,"center_lon":89.46138477},"id":"BT00206"},{"arcs":[[-172,-104,285]],"type":"Polygon","properties":{"id":"BT01403","name":"Genye","parent_id":"BT014","parent_name":"Thimphu","area_sqkm":60.92318277,"center_lat":27.30258074,"center_lon":89.59828044},"id":"BT01403"},{"arcs":[[286,287,-221,288]],"type":"Polygon","properties":{"id":"BT00304","name":"Gesarling","parent_id":"BT003","parent_name":"Dagana","area_sqkm":38.31729652,"center_lat":26.92178068,"center_lon":89.89951998},"id":"BT00304"},{"arcs":[[289,-224,290,-87,291]],"type":"Polygon","properties":{"id":"BT00207","name":"Getana","parent_id":"BT002","parent_name":"Chhukha","area_sqkm":241.59009704,"center_lat":26.91923854,"center_lon":89.74110501},"id":"BT00207"},{"arcs":[[292,293,294,295,296]],"type":"Polygon","properties":{"id":"BT00401","name":"Goenkhame","parent_id":"BT004","parent_name":"Gasa","area_sqkm":149.2809016,"center_lat":27.79475848,"center_lon":89.67656516},"id":"BT00401"},{"arcs":[[297,-297,298,299,300]],"type":"Polygon","properties":{"id":"BT00402","name":"Goenkhatoe","parent_id":"BT004","parent_name":"Gasa","area_sqkm":286.89469546,"center_lat":27.86705947,"center_lon":89.6345983},"id":"BT00402"},{"arcs":[[301,-145,302,-294,303]],"type":"Polygon","properties":{"id":"BT01004","name":"Goenshari","parent_id":"BT010","parent_name":"Punakha","area_sqkm":88.38886493,"center_lat":27.71932745,"center_lon":89.76430772},"id":"BT01004"},{"arcs":[[304,305,306,307,308]],"type":"Polygon","properties":{"id":"BT01102","name":"Gomdar","parent_id":"BT011","parent_name":"Samdrupjongkhar","area_sqkm":80.82294912,"center_lat":27.00109312,"center_lon":91.56499393},"id":"BT01102"},{"arcs":[[309,-130,-250,-186,-81,310,311]],"type":"Polygon","properties":{"id":"BT00706","name":"Gongdue","parent_id":"BT007","parent_name":"Monggar","area_sqkm":186.28552483,"center_lat":27.03355209,"center_lon":91.1559901},"id":"BT00706"},{"arcs":[[312,313,314,315]],"type":"Polygon","properties":{"id":"BT01804","name":"Gosarling","parent_id":"BT018","parent_name":"Tsirang","area_sqkm":10.23823251,"center_lat":27.02871045,"center_lon":90.12447164},"id":"BT01804"},{"arcs":[[316,-287,317,318]],"type":"Polygon","properties":{"id":"BT00305","name":"Gozhi","parent_id":"BT003","parent_name":"Dagana","area_sqkm":21.72955864,"center_lat":26.93684357,"center_lon":89.92059153},"id":"BT00305"},{"arcs":[[319,320,-27,-85]],"type":"Polygon","properties":{"id":"BT02003","name":"Gozhing","parent_id":"BT020","parent_name":"Zhemgang","area_sqkm":99.0974249,"center_lat":26.96305889,"center_lon":90.90785043},"id":"BT02003"},{"arcs":[[-260,321,-16,322,323,324,-143]],"type":"Polygon","properties":{"id":"BT01005","name":"Guma","parent_id":"BT010","parent_name":"Punakha","area_sqkm":36.99663449,"center_lat":27.57718564,"center_lon":89.79337609},"id":"BT01005"},{"arcs":[[-189,325,326,327,-44,-245,-206]],"type":"Polygon","properties":{"id":"BT01306","name":"Hiley","parent_id":"BT013","parent_name":"Sarpang","area_sqkm":142.14794991,"center_lat":26.93394936,"center_lon":90.25447059},"id":"BT01306"},{"arcs":[[328,329,330,-213]],"type":"Polygon","properties":{"id":"BT00804","name":"Hungrel","parent_id":"BT008","parent_name":"Paro","area_sqkm":10.45804419,"center_lat":27.41736972,"center_lon":89.4603608},"id":"BT00804"},{"arcs":[[331,332,-36,333,334]],"type":"Polygon","properties":{"id":"BT01602","name":"Jamkhar","parent_id":"BT016","parent_name":"Yangtse","area_sqkm":51.5621181,"center_lat":27.40801908,"center_lon":91.50943338},"id":"BT01602"},{"arcs":[[-307,335,-202,336,-156,337,338,339,340]],"type":"Polygon","properties":{"id":"BT01105","name":"Jangchhubling","parent_id":"BT011","parent_name":"Samdrupjongkhar","area_sqkm":162.95633648,"center_lat":26.93463534,"center_lon":91.50881543},"id":"BT01105"},{"arcs":[[341,342,343,344,345]],"type":"Polygon","properties":{"id":"BT00602","name":"Jaray","parent_id":"BT006","parent_name":"Lhuentse","area_sqkm":137.86113654,"center_lat":27.45389135,"center_lon":91.08244725},"id":"BT00602"},{"arcs":[[346,347,348,349,-278,-204,350,-5,351]],"type":"Polygon","properties":{"id":"BT01307","name":"Jigmichhoeling","parent_id":"BT013","parent_name":"Sarpang","area_sqkm":501.27188068,"center_lat":27.08349097,"center_lon":90.50671043},"id":"BT01307"},{"arcs":[[352,-131,-310,353]],"type":"Polygon","properties":{"id":"BT00707","name":"Jurmey","parent_id":"BT007","parent_name":"Monggar","area_sqkm":56.09357836,"center_lat":27.09321429,"center_lon":91.24506891},"id":"BT00707"},{"arcs":[[-303,-144,-325,354,355,356,-295]],"type":"Polygon","properties":{"id":"BT01006","name":"Kabjisa","parent_id":"BT010","parent_name":"Punakha","area_sqkm":206.109481,"center_lat":27.64278003,"center_lon":89.7200867},"id":"BT01006"},{"arcs":[[357,-318,-289,-225,-290,358]],"type":"Polygon","properties":{"id":"BT00306","name":"Kalidzingkha","parent_id":"BT003","parent_name":"Dagana","area_sqkm":190.57526452,"center_lat":27.00020207,"center_lon":89.85876229},"id":"BT00306"},{"arcs":[[359,360,361,362,-234,363]],"type":"Polygon","properties":{"id":"BT01503","name":"Kanglung","parent_id":"BT015","parent_name":"Trashigang","area_sqkm":67.14210769,"center_lat":27.28088808,"center_lon":91.51852915},"id":"BT01503"},{"arcs":[[364,365,-309,366,367,368,369]],"type":"Polygon","properties":{"id":"BT01504","name":"Kangpara","parent_id":"BT015","parent_name":"Trashigang","area_sqkm":343.39283361,"center_lat":27.1639093,"center_lon":91.73376007},"id":"BT01504"},{"arcs":[[370,371,372,373,-76,374]],"type":"Polygon","properties":{"id":"BT00503","name":"Katsho","parent_id":"BT005","parent_name":"Haa","area_sqkm":40.64265419,"center_lat":27.40641664,"center_lon":89.29757068},"id":"BT00503"},{"arcs":[[-356,375,-99,376,-226,377]],"type":"Polygon","properties":{"id":"BT01404","name":"Kawang","parent_id":"BT014","parent_name":"Thimphu","area_sqkm":297.67310566,"center_lat":27.57302036,"center_lon":89.593993},"id":"BT01404"},{"arcs":[[378,-182,379,380,381,382,383]],"type":"Polygon","properties":{"id":"BT01908","name":"Kazhi","parent_id":"BT019","parent_name":"Wangduephodrang","area_sqkm":629.10390645,"center_lat":27.75651897,"center_lon":90.12870612},"id":"BT01908"},{"arcs":[[384,385,-132,-353,386,-237]],"type":"Polygon","properties":{"id":"BT00708","name":"Kengkhar","parent_id":"BT007","parent_name":"Monggar","area_sqkm":98.53471498,"center_lat":27.12812788,"center_lon":91.31858376},"id":"BT00708"},{"arcs":[[387,-368,388,389,390,391,-361,392]],"type":"Polygon","properties":{"id":"BT01505","name":"Khaling","parent_id":"BT015","parent_name":"Trashigang","area_sqkm":155.46531241,"center_lat":27.17665473,"center_lon":91.59535785},"id":"BT01505"},{"arcs":[[393,394,395,396,397,398]],"type":"Polygon","properties":{"id":"BT01603","name":"Khamdang","parent_id":"BT016","parent_name":"Yangtse","area_sqkm":45.35476994,"center_lat":27.48905299,"center_lon":91.55445592},"id":"BT01603"},{"arcs":[[-338,-160,-184,-249,-161,399]],"type":"Polygon","properties":{"id":"BT00906","name":"Khar","parent_id":"BT009","parent_name":"Pemagatshel","area_sqkm":114.03013581,"center_lat":26.94519673,"center_lon":91.40605233},"id":"BT00906"},{"arcs":[[400,-243,401,402,-319,-358,403]],"type":"Polygon","properties":{"id":"BT00307","name":"Khipisa","parent_id":"BT003","parent_name":"Dagana","area_sqkm":95.92038356,"center_lat":27.03774608,"center_lon":89.95387875},"id":"BT00307"},{"arcs":[[404,-94,405,406,407,-266,408]],"type":"Polygon","properties":{"id":"BT00603","name":"Khoma","parent_id":"BT006","parent_name":"Lhuentse","area_sqkm":653.67438515,"center_lat":27.83593171,"center_lon":91.30885938},"id":"BT00603"},{"arcs":[[-246,-51,409,410,-314,411]],"type":"Polygon","properties":{"id":"BT01805","name":"Kikorthang","parent_id":"BT018","parent_name":"Tsirang","area_sqkm":17.71059065,"center_lat":27.00229445,"center_lon":90.12893046},"id":"BT01805"},{"arcs":[[412,-352,-4,413]],"type":"Polygon","properties":{"id":"BT01702","name":"Korphu","parent_id":"BT017","parent_name":"Trongsa","area_sqkm":290.20898659,"center_lat":27.21258047,"center_lon":90.4990913},"id":"BT01702"},{"arcs":[[414,-409,-270,415,-135]],"type":"Polygon","properties":{"id":"BT00604","name":"Kurtoe","parent_id":"BT006","parent_name":"Lhuentse","area_sqkm":961.38987564,"center_lat":27.92605794,"center_lon":91.01940481},"id":"BT00604"},{"arcs":[[-166,416,417,418,-244,-401,419]],"type":"Polygon","properties":{"id":"BT00308","name":"Lajab","parent_id":"BT003","parent_name":"Dagana","area_sqkm":108.58094177,"center_lat":27.09507931,"center_lon":90.01281972},"id":"BT00308"},{"arcs":[[-215,420,421,-371,422]],"type":"Polygon","properties":{"id":"BT00805","name":"Lamgong","parent_id":"BT008","parent_name":"Paro","area_sqkm":48.99058405,"center_lat":27.43885773,"center_lon":89.35243639},"id":"BT00805"},{"arcs":[[423,424,425]],"type":"Polygon","properties":{"id":"BT01103","name":"Langchhenphu","parent_id":"BT011","parent_name":"Samdrupjongkhar","area_sqkm":222.21485053,"center_lat":26.91867488,"center_lon":92.00485284},"id":"BT01103"},{"arcs":[[426,427,-414,-3,428,-230,-149]],"type":"Polygon","properties":{"id":"BT01703","name":"Langthil","parent_id":"BT017","parent_name":"Trongsa","area_sqkm":508.16883476,"center_lat":27.33920798,"center_lon":90.60812891},"id":"BT01703"},{"arcs":[[429,430,431,-365,432]],"type":"Polygon","properties":{"id":"BT01110","name":"Lauri","parent_id":"BT011","parent_name":"Samdrupjongkhar","area_sqkm":275.28023509,"center_lat":27.14172104,"center_lon":91.93146941},"id":"BT01110"},{"arcs":[[433,434,-301,435]],"type":"Polygon","properties":{"id":"BT00403","name":"Laya","parent_id":"BT004","parent_name":"Gasa","area_sqkm":966.98304236,"center_lat":28.07004591,"center_lon":89.67700131},"id":"BT00403"},{"arcs":[[-197,436,437,-175,-88,-291,-223]],"type":"Polygon","properties":{"id":"BT00309","name":"Lhamoizingkha","parent_id":"BT003","parent_name":"Dagana","area_sqkm":106.13365517,"center_lat":26.75920805,"center_lon":89.78713146},"id":"BT00309"},{"arcs":[[438,439,-17,-322,-259,440]],"type":"Polygon","properties":{"id":"BT01007","name":"Lingmukha","parent_id":"BT010","parent_name":"Punakha","area_sqkm":33.79551983,"center_lat":27.54721076,"center_lon":89.91499264},"id":"BT01007"},{"arcs":[[-300,441,442,443,444,-436]],"type":"Polygon","properties":{"id":"BT01405","name":"Lingzhi","parent_id":"BT014","parent_name":"Thimphu","area_sqkm":386.7612608,"center_lat":27.83886106,"center_lon":89.4294845},"id":"BT01405"},{"arcs":[[445,-253,-283]],"type":"Polygon","properties":{"id":"BT00208","name":"Logchina","parent_id":"BT002","parent_name":"Chhukha","area_sqkm":71.91359992,"center_lat":26.95740528,"center_lon":89.36062137},"id":"BT00208"},{"arcs":[[446,447,-390]],"type":"Polygon","properties":{"id":"BT01506","name":"Lumang","parent_id":"BT015","parent_name":"Trashigang","area_sqkm":105.63157655,"center_lat":27.12565532,"center_lon":91.52756278},"id":"BT01506"},{"arcs":[[448,449,-384,450,-304,-293,-298,-435]],"type":"Polygon","properties":{"id":"BT00404","name":"Lunana","parent_id":"BT004","parent_name":"Gasa","area_sqkm":1731.24313237,"center_lat":27.97363544,"center_lon":90.04036555},"id":"BT00404"},{"arcs":[[451,452,453,454,-372,-422]],"type":"Polygon","properties":{"id":"BT00806","name":"Lungnyi","parent_id":"BT008","parent_name":"Paro","area_sqkm":75.70451137,"center_lat":27.38022642,"center_lon":89.38583925},"id":"BT00806"},{"arcs":[[455,456,457,458,-199,459,-305,-366,-432]],"type":"Polygon","properties":{"id":"BT01104","name":"Martshala","parent_id":"BT011","parent_name":"Samdrupjongkhar","area_sqkm":296.15643251,"center_lat":26.98979869,"center_lon":91.75497374},"id":"BT01104"},{"arcs":[[460,461,462,-267,-408]],"type":"Polygon","properties":{"id":"BT00605","name":"Menbi","parent_id":"BT006","parent_name":"Lhuentse","area_sqkm":88.83175274,"center_lat":27.5982284,"center_lon":91.16216249},"id":"BT00605"},{"arcs":[[-49,-39,463]],"type":"Polygon","properties":{"id":"BT01806","name":"Mendrelgang","parent_id":"BT018","parent_name":"Tsirang","area_sqkm":14.82612599,"center_lat":26.95613283,"center_lon":90.11282437},"id":"BT01806"},{"arcs":[[464,465,-433,-370,466,467,468]],"type":"Polygon","properties":{"id":"BT01507","name":"Merak","parent_id":"BT015","parent_name":"Trashigang","area_sqkm":455.85102574,"center_lat":27.24917826,"center_lon":91.85667168},"id":"BT01507"},{"arcs":[[-284,-251,469]],"type":"Polygon","properties":{"id":"BT00209","name":"Metap","parent_id":"BT002","parent_name":"Chhukha","area_sqkm":129.66441742,"center_lat":27.11546025,"center_lon":89.42528352},"id":"BT00209"},{"arcs":[[-463,470,-346,471,472,-268]],"type":"Polygon","properties":{"id":"BT00606","name":"Metsho","parent_id":"BT006","parent_name":"Lhuentse","area_sqkm":218.71584294,"center_lat":27.54692912,"center_lon":91.06780622},"id":"BT00606"},{"arcs":[[-98,-173,-286,-211,473,-329,-212,-227,-377]],"type":"Polygon","properties":{"id":"BT01406","name":"Mewang","parent_id":"BT014","parent_name":"Thimphu","area_sqkm":230.0858864,"center_lat":27.44091769,"center_lon":89.54113491},"id":"BT01406"},{"arcs":[[474,475,-461,-407]],"type":"Polygon","properties":{"id":"BT00607","name":"Minjay","parent_id":"BT006","parent_name":"Lhuentse","area_sqkm":137.89504898,"center_lat":27.58417641,"center_lon":91.26827139},"id":"BT00607"},{"arcs":[[-112,476,-239,477,-122,478]],"type":"Polygon","properties":{"id":"BT00709","name":"Mongar","parent_id":"BT007","parent_name":"Monggar","area_sqkm":73.19167371,"center_lat":27.26824793,"center_lon":91.25625978},"id":"BT00709"},{"arcs":[[479,-273,-277,-174,-96,480,-19]],"type":"Polygon","properties":{"id":"BT01909","name":"Nahi","parent_id":"BT019","parent_name":"Wangduephodrang","area_sqkm":67.54759366,"center_lat":27.44356949,"center_lon":89.80909674},"id":"BT01909"},{"arcs":[[481,-209,-102,-285,-470,-256,482,483,-454]],"type":"Polygon","properties":{"id":"BT00807","name":"Naja","parent_id":"BT008","parent_name":"Paro","area_sqkm":136.6470329,"center_lat":27.25410566,"center_lon":89.39842346},"id":"BT00807"},{"arcs":[[484,-120,-107,485,486,-62,487]],"type":"Polygon","properties":{"id":"BT01208","name":"Namgyel Chhoeling","parent_id":"BT012","parent_name":"Samtse","area_sqkm":127.28672134,"center_lat":27.06488142,"center_lon":88.9973092},"id":"BT01208"},{"arcs":[[488,-30,489,-427,-148]],"type":"Polygon","properties":{"id":"BT02004","name":"Nangkor","parent_id":"BT020","parent_name":"Zhemgang","area_sqkm":492.48088356,"center_lat":27.20308488,"center_lon":90.7903104},"id":"BT02004"},{"arcs":[[-448,490,-341,491,492,493,-391]],"type":"Polygon","properties":{"id":"BT00907","name":"Nanong","parent_id":"BT009","parent_name":"Pemagatshel","area_sqkm":81.65038147,"center_lat":27.0976074,"center_lon":91.46421195},"id":"BT00907"},{"arcs":[[-235,-363,494,-109,495,-13]],"type":"Polygon","properties":{"id":"BT00710","name":"Narang","parent_id":"BT007","parent_name":"Monggar","area_sqkm":49.88263432,"center_lat":27.30054873,"center_lon":91.43159979},"id":"BT00710"},{"arcs":[[-296,-357,-378,-229,496,-442,-299]],"type":"Polygon","properties":{"id":"BT01407","name":"Naro","parent_id":"BT014","parent_name":"Thimphu","area_sqkm":281.35269922,"center_lat":27.67872016,"center_lon":89.54313946},"id":"BT01407"},{"arcs":[[-84,497,498,499,-320]],"type":"Polygon","properties":{"id":"BT02005","name":"Ngangla","parent_id":"BT020","parent_name":"Zhemgang","area_sqkm":215.72693272,"center_lat":26.89469423,"center_lon":90.98954541},"id":"BT02005"},{"arcs":[[500,-14,-496,-113,-479,-126,501]],"type":"Polygon","properties":{"id":"BT00711","name":"Ngatshang","parent_id":"BT007","parent_name":"Monggar","area_sqkm":71.73045244,"center_lat":27.32750598,"center_lon":91.31622526},"id":"BT00711"},{"arcs":[[502,503,-437,-196,504,-46]],"type":"Polygon","properties":{"id":"BT00310","name":"Nichula","parent_id":"BT003","parent_name":"Dagana","area_sqkm":138.9796159,"center_lat":26.79573567,"center_lon":89.99552208},"id":"BT00310"},{"arcs":[[-185,-158,505,-498,-83]],"type":"Polygon","properties":{"id":"BT00908","name":"Norbugang","parent_id":"BT009","parent_name":"Pemagatshel","area_sqkm":181.59161722,"center_lat":26.83178597,"center_lon":91.13496435},"id":"BT00908"},{"arcs":[[-139,-151,-232,506,507]],"type":"Polygon","properties":{"id":"BT01704","name":"Nubi","parent_id":"BT017","parent_name":"Trongsa","area_sqkm":558.4729025,"center_lat":27.62514685,"center_lon":90.43515243},"id":"BT01704"},{"arcs":[[-74,508,-380,-181]],"type":"Polygon","properties":{"id":"BT01910","name":"Nyisho","parent_id":"BT019","parent_name":"Wangduephodrang","area_sqkm":116.85440154,"center_lat":27.56749569,"center_lon":90.10232046},"id":"BT01910"},{"arcs":[[509,510,511]],"type":"Polygon","properties":{"id":"BT01209","name":"Pagli","parent_id":"BT012","parent_name":"Samtse","area_sqkm":102.43650503,"center_lat":26.84990934,"center_lon":89.18986261},"id":"BT01209"},{"arcs":[[-28,-321,-500,512,513,514,-348,515]],"type":"Polygon","properties":{"id":"BT02006","name":"Pangkhar","parent_id":"BT020","parent_name":"Zhemgang","area_sqkm":536.59175519,"center_lat":26.89934924,"center_lon":90.77638496},"id":"BT02006"},{"arcs":[[516,517,-417,-165,-7]],"type":"Polygon","properties":{"id":"BT01807","name":"Patakla","parent_id":"BT018","parent_name":"Tsirang","area_sqkm":136.44701483,"center_lat":27.13488763,"center_lon":90.14627761},"id":"BT01807"},{"arcs":[[518,519,520,-458]],"type":"Polygon","properties":{"id":"BT01106","name":"Pemathang","parent_id":"BT011","parent_name":"Samdrupjongkhar","area_sqkm":76.47839317,"center_lat":26.89546501,"center_lon":91.76819514},"id":"BT01106"},{"arcs":[[-509,-73,521,522,-439,-381]],"type":"Polygon","properties":{"id":"BT01911","name":"Phangyuel","parent_id":"BT019","parent_name":"Wangduephodrang","area_sqkm":31.88672759,"center_lat":27.52770059,"center_lon":89.95255138},"id":"BT01911"},{"arcs":[[523,-1,-264,524]],"type":"Polygon","properties":{"id":"BT01912","name":"Phobji","parent_id":"BT019","parent_name":"Wangduephodrang","area_sqkm":151.24747493,"center_lat":27.42731618,"center_lon":90.2241392},"id":"BT01912"},{"arcs":[[525,526,-469,527,-57,528]],"type":"Polygon","properties":{"id":"BT01508","name":"Phongme","parent_id":"BT015","parent_name":"Trashigang","area_sqkm":99.33409693,"center_lat":27.40806496,"center_lon":91.73584169},"id":"BT01508"},{"arcs":[[-208,-248,529,530,-517,-6,-351]],"type":"Polygon","properties":{"id":"BT01808","name":"Phuentenchhu","parent_id":"BT018","parent_name":"Tsirang","area_sqkm":136.44445089,"center_lat":27.10902732,"center_lon":90.2318705},"id":"BT01808"},{"arcs":[[-446,-282,531,532,533,-254]],"type":"Polygon","properties":{"id":"BT00210","name":"Phuentsholing","parent_id":"BT002","parent_name":"Chhukha","area_sqkm":133.54175089,"center_lat":26.91840561,"center_lon":89.33975988},"id":"BT00210"},{"arcs":[[-521,534,-200,-459]],"type":"Polygon","properties":{"id":"BT01107","name":"Phuntsthothang","parent_id":"BT011","parent_name":"Samdrupjongkhar","area_sqkm":130.08975838,"center_lat":26.86660121,"center_lon":91.67056625},"id":"BT01107"},{"arcs":[[-468,535,-58,-528]],"type":"Polygon","properties":{"id":"BT01509","name":"Radi","parent_id":"BT015","parent_name":"Trashigang","area_sqkm":28.5576671,"center_lat":27.35703039,"center_lon":91.70683248},"id":"BT01509"},{"arcs":[[536,-37,-333,537,-397]],"type":"Polygon","properties":{"id":"BT01604","name":"Ramjar","parent_id":"BT016","parent_name":"Yangtse","area_sqkm":22.44133089,"center_lat":27.40880448,"center_lon":91.58103667},"id":"BT01604"},{"arcs":[[538,-410,-50,-464,-43,-241,539]],"type":"Polygon","properties":{"id":"BT01809","name":"Rangthangling","parent_id":"BT018","parent_name":"Tsirang","area_sqkm":24.58016046,"center_lat":26.98214378,"center_lon":90.1020826},"id":"BT01809"},{"arcs":[[-72,-9,-169,-275,-271,540,-522]],"type":"Polygon","properties":{"id":"BT01913","name":"Ruepisa","parent_id":"BT019","parent_name":"Wangduephodrang","area_sqkm":158.72027214,"center_lat":27.39680636,"center_lon":89.96692211},"id":"BT01913"},{"arcs":[[541,-465,-527]],"type":"Polygon","properties":{"id":"BT01510","name":"Sakteng","parent_id":"BT015","parent_name":"Trashigang","area_sqkm":454.70042303,"center_lat":27.38063169,"center_lon":91.91571473},"id":"BT01510"},{"arcs":[[542,-123,-478,-238,-387,-354,-312,543,-32,544,545,-344]],"type":"Polygon","properties":{"id":"BT00712","name":"Saleng","parent_id":"BT007","parent_name":"Monggar","area_sqkm":461.54461652,"center_lat":27.25354001,"center_lon":91.10499626},"id":"BT00712"},{"arcs":[[546,-483,-263,547,-77,-374]],"type":"Polygon","properties":{"id":"BT00504","name":"Sama","parent_id":"BT005","parent_name":"Haa","area_sqkm":200.93954875,"center_lat":27.29649213,"center_lon":89.26745383},"id":"BT00504"},{"arcs":[[548,-393,-360,549,-34,-60]],"type":"Polygon","properties":{"id":"BT01511","name":"Samkhar","parent_id":"BT015","parent_name":"Trashigang","area_sqkm":90.46519793,"center_lat":27.29763945,"center_lon":91.5881508},"id":"BT01511"},{"arcs":[[-177,550,-532,-281]],"type":"Polygon","properties":{"id":"BT00211","name":"Samphelling","parent_id":"BT002","parent_name":"Chhukha","area_sqkm":73.99822296,"center_lat":26.85095264,"center_lon":89.4837403},"id":"BT00211"},{"arcs":[[551,-425,552,-519,-457]],"type":"Polygon","properties":{"id":"BT01108","name":"Samrang","parent_id":"BT011","parent_name":"Samdrupjongkhar","area_sqkm":51.21058961,"center_lat":26.90781649,"center_lon":91.82773551},"id":"BT01108"},{"arcs":[[553,-511,554,-116,-219]],"type":"Polygon","properties":{"id":"BT01210","name":"Samtse","parent_id":"BT012","parent_name":"Samtse","area_sqkm":115.49537413,"center_lat":26.92023301,"center_lon":89.11641678},"id":"BT01210"},{"arcs":[[555,-503,-45,-328]],"type":"Polygon","properties":{"id":"BT01308","name":"Senge","parent_id":"BT013","parent_name":"Sarpang","area_sqkm":214.34155651,"center_lat":26.83469352,"center_lon":90.14372016},"id":"BT01308"},{"arcs":[[-140,-508,556,-525,-265,-179,-379,-450,557]],"type":"Polygon","properties":{"id":"BT01914","name":"Sephu","parent_id":"BT019","parent_name":"Wangduephodrang","area_sqkm":1107.97683426,"center_lat":27.76330155,"center_lon":90.37089668},"id":"BT01914"},{"arcs":[[558,-426,-552,-456,-431]],"type":"Polygon","properties":{"id":"BT01109","name":"Serthig","parent_id":"BT011","parent_name":"Samdrupjongkhar","area_sqkm":305.88692717,"center_lat":27.00731744,"center_lon":91.954817},"id":"BT01109"},{"arcs":[[-474,-210,-482,-453,559,-330]],"type":"Polygon","properties":{"id":"BT00808","name":"Shapa","parent_id":"BT008","parent_name":"Paro","area_sqkm":80.19992174,"center_lat":27.36023095,"center_lon":89.46309764},"id":"BT00808"},{"arcs":[[-247,-412,-313,560,-530]],"type":"Polygon","properties":{"id":"BT01810","name":"Shemjong","parent_id":"BT018","parent_name":"Tsirang","area_sqkm":14.65584843,"center_lat":27.03796905,"center_lon":90.16912431},"id":"BT01810"},{"arcs":[[-382,-441,-258,561]],"type":"Polygon","properties":{"id":"BT01008","name":"Shengabjimi","parent_id":"BT010","parent_name":"Punakha","area_sqkm":62.426248,"center_lat":27.60683167,"center_lon":89.95362818},"id":"BT01008"},{"arcs":[[562,563,-335,564,-15,-501,565,566,-475]],"type":"Polygon","properties":{"id":"BT00713","name":"Shermung","parent_id":"BT007","parent_name":"Monggar","area_sqkm":301.90509351,"center_lat":27.46592889,"center_lon":91.36708282},"id":"BT00713"},{"arcs":[[567,-155,-279,-350]],"type":"Polygon","properties":{"id":"BT01309","name":"Sherzhong","parent_id":"BT013","parent_name":"Sarpang","area_sqkm":78.35570191,"center_lat":26.92383658,"center_lon":90.55710448},"id":"BT01309"},{"arcs":[[-545,-31,-489,-147,568]],"type":"Polygon","properties":{"id":"BT02007","name":"Shingkhar","parent_id":"BT020","parent_name":"Zhemgang","area_sqkm":308.70938628,"center_lat":27.21319312,"center_lon":90.92584487},"id":"BT02007"},{"arcs":[[-188,569,-326]],"type":"Polygon","properties":{"id":"BT01310","name":"Shompangkha","parent_id":"BT013","parent_name":"Sarpang","area_sqkm":21.46841751,"center_lat":26.87780724,"center_lon":90.28567143},"id":"BT01310"},{"arcs":[[-536,-467,-369,-388,-549,-59]],"type":"Polygon","properties":{"id":"BT01512","name":"Shongphu","parent_id":"BT015","parent_name":"Trashigang","area_sqkm":92.72189581,"center_lat":27.30091151,"center_lon":91.67814464},"id":"BT01512"},{"arcs":[[-493,570,-339,-400,-164,571,-133,-386,572,573]],"type":"Polygon","properties":{"id":"BT00909","name":"Shumer","parent_id":"BT009","parent_name":"Pemagatshel","area_sqkm":92.11482665,"center_lat":27.08935298,"center_lon":91.36424141},"id":"BT00909"},{"arcs":[[-311,-86,-25,-544]],"type":"Polygon","properties":{"id":"BT00714","name":"Silambi","parent_id":"BT007","parent_name":"Monggar","area_sqkm":159.59478524,"center_lat":27.12103249,"center_lon":91.07148465},"id":"BT00714"},{"arcs":[[-487,574,-63]],"type":"Polygon","properties":{"id":"BT01211","name":"Sipsu","parent_id":"BT012","parent_name":"Samtse","area_sqkm":26.98691099,"center_lat":27.00237914,"center_lon":88.88225622},"id":"BT01211"},{"arcs":[[575,-444,576]],"type":"Polygon","properties":{"id":"BT01408","name":"Soe","parent_id":"BT014","parent_name":"Thimphu","area_sqkm":177.86602021,"center_lat":27.7858519,"center_lon":89.31756756},"id":"BT01408"},{"arcs":[[-548,-262,-485,577,-24,578,-78]],"type":"Polygon","properties":{"id":"BT00505","name":"Sombey","parent_id":"BT005","parent_name":"Haa","area_sqkm":508.41603526,"center_lat":27.20484714,"center_lon":89.10046874},"id":"BT00505"},{"arcs":[[-534,579,-512,-554,-218]],"type":"Polygon","properties":{"id":"BT01212","name":"Tading","parent_id":"BT012","parent_name":"Samtse","area_sqkm":108.66643969,"center_lat":26.8808528,"center_lon":89.28383559},"id":"BT01212"},{"arcs":[[-514,580,581]],"type":"Polygon","properties":{"id":"BT01311","name":"Taklai","parent_id":"BT013","parent_name":"Sarpang","area_sqkm":109.05270273,"center_lat":26.80900389,"center_lon":90.66825799},"id":"BT01311"},{"arcs":[[582,-323,-21]],"type":"Polygon","properties":{"id":"BT01009","name":"Talo","parent_id":"BT010","parent_name":"Punakha","area_sqkm":25.51264809,"center_lat":27.55732749,"center_lon":89.8270762},"id":"BT01009"},{"arcs":[[-269,-473,583,-136,-416]],"type":"Polygon","properties":{"id":"BT00103","name":"Tang","parent_id":"BT001","parent_name":"Bumthang","area_sqkm":519.93594881,"center_lat":27.68069318,"center_lon":90.89740902},"id":"BT00103"},{"arcs":[[-231,-429,-2,-524,-557,-507]],"type":"Polygon","properties":{"id":"BT01705","name":"Tangsibji","parent_id":"BT017","parent_name":"Trongsa","area_sqkm":372.16581527,"center_lat":27.40588469,"center_lon":90.39257894},"id":"BT01705"},{"arcs":[[-488,-65,584,-22,-578]],"type":"Polygon","properties":{"id":"BT01213","name":"Tendu","parent_id":"BT012","parent_name":"Samtse","area_sqkm":131.88340444,"center_lat":27.1572664,"center_lon":88.92080506},"id":"BT01213"},{"arcs":[[585,-573,-385,-236,-477,-111]],"type":"Polygon","properties":{"id":"BT00715","name":"Thangrong","parent_id":"BT007","parent_name":"Monggar","area_sqkm":68.48148626,"center_lat":27.20330266,"center_lon":91.34383194},"id":"BT00715"},{"arcs":[[-523,-541,-274,-480,-18,-440]],"type":"Polygon","properties":{"id":"BT01915","name":"Thedtsho","parent_id":"BT019","parent_name":"Wangduephodrang","area_sqkm":20.01424673,"center_lat":27.49035446,"center_lon":89.89362799},"id":"BT01915"},{"arcs":[[-367,-308,-491,-447,-389]],"type":"Polygon","properties":{"id":"BT01513","name":"Thrimshing","parent_id":"BT015","parent_name":"Trashigang","area_sqkm":53.59355436,"center_lat":27.09846641,"center_lon":91.59587488},"id":"BT01513"},{"arcs":[[-583,-20,-481,-95,-376,-355,-324]],"type":"Polygon","properties":{"id":"BT01010","name":"Toepisa","parent_id":"BT010","parent_name":"Punakha","area_sqkm":102.79264171,"center_lat":27.52449032,"center_lon":89.77398603},"id":"BT01010"},{"arcs":[[586,587,-395]],"type":"Polygon","properties":{"id":"BT01605","name":"Toetsho","parent_id":"BT016","parent_name":"Yangtse","area_sqkm":48.96710825,"center_lat":27.50348575,"center_lon":91.60316056},"id":"BT01605"},{"arcs":[[-383,-562,-261,-141,-302,-451]],"type":"Polygon","properties":{"id":"BT01011","name":"Toewang","parent_id":"BT010","parent_name":"Punakha","area_sqkm":415.66154218,"center_lat":27.73689358,"center_lon":89.91285626},"id":"BT01011"},{"arcs":[[-398,-538,-332,-564,588]],"type":"Polygon","properties":{"id":"BT01606","name":"Tomzhangtshen","parent_id":"BT016","parent_name":"Yangtse","area_sqkm":64.39594799,"center_lat":27.45140217,"center_lon":91.49920394},"id":"BT01606"},{"arcs":[[-242,-41,-48,589,-402]],"type":"Polygon","properties":{"id":"BT00311","name":"Trashiding","parent_id":"BT003","parent_name":"Dagana","area_sqkm":39.52912727,"center_lat":26.91019238,"center_lon":89.99251548},"id":"BT00311"},{"arcs":[[-93,590,-399,-589,-563,-406]],"type":"Polygon","properties":{"id":"BT01608","name":"Trashiyangtse","parent_id":"BT016","parent_name":"Yangtse","area_sqkm":274.9747203,"center_lat":27.56307145,"center_lon":91.47586612},"id":"BT01608"},{"arcs":[[-490,-29,-516,-347,-413,-428]],"type":"Polygon","properties":{"id":"BT02008","name":"Trong","parent_id":"BT020","parent_name":"Zhemgang","area_sqkm":359.08853396,"center_lat":27.15867341,"center_lon":90.63028272},"id":"BT02008"},{"arcs":[[-566,-502,-125,591,592]],"type":"Polygon","properties":{"id":"BT00716","name":"Tsakaling","parent_id":"BT007","parent_name":"Monggar","area_sqkm":88.57334923,"center_lat":27.37928786,"center_lon":91.24801552},"id":"BT00716"},{"arcs":[[-592,-124,-543,-343,593]],"type":"Polygon","properties":{"id":"BT00717","name":"Tsamang","parent_id":"BT007","parent_name":"Monggar","area_sqkm":144.12500284,"center_lat":27.36822187,"center_lon":91.15060315},"id":"BT00717"},{"arcs":[[594,595,-540,-240,-419]],"type":"Polygon","properties":{"id":"BT00312","name":"Tsangkha","parent_id":"BT003","parent_name":"Dagana","area_sqkm":36.6682933,"center_lat":27.03655031,"center_lon":90.04231324},"id":"BT00312"},{"arcs":[[-590,-47,-505,-195,-222,-288,-317,-403]],"type":"Polygon","properties":{"id":"BT00313","name":"Tsendagang","parent_id":"BT003","parent_name":"Dagana","area_sqkm":95.84236285,"center_lat":26.88033574,"center_lon":89.92234423},"id":"BT00313"},{"arcs":[[-476,-567,-593,-594,-342,-471,-462]],"type":"Polygon","properties":{"id":"BT00608","name":"Tsenkhar","parent_id":"BT006","parent_name":"Lhuentse","area_sqkm":124.49003783,"center_lat":27.46721345,"center_lon":91.23533959},"id":"BT00608"},{"arcs":[[-443,-497,-228,-423,-375,-80,596,-577]],"type":"Polygon","properties":{"id":"BT00809","name":"Tsento","parent_id":"BT008","parent_name":"Paro","area_sqkm":579.67315898,"center_lat":27.60854785,"center_lon":89.25077033},"id":"BT00809"},{"arcs":[[-167,-420,-404,-359,-292,-91,-66,-171,-276]],"type":"Polygon","properties":{"id":"BT00314","name":"Tseza","parent_id":"BT003","parent_name":"Dagana","area_sqkm":594.24570951,"center_lat":27.15832793,"center_lon":89.79123349},"id":"BT00314"},{"arcs":[[-315,-411,-539,-596,597]],"type":"Polygon","properties":{"id":"BT01811","name":"Tsholingkhor","parent_id":"BT018","parent_name":"Tsirang","area_sqkm":13.12194787,"center_lat":27.01155172,"center_lon":90.0946419},"id":"BT01811"},{"arcs":[[-531,-561,-316,-598,-595,-418,-518]],"type":"Polygon","properties":{"id":"BT01812","name":"Tsirangtoe","parent_id":"BT018","parent_name":"Tsirang","area_sqkm":31.40227741,"center_lat":27.05683808,"center_lon":90.10421232},"id":"BT01812"},{"arcs":[[-362,-392,-494,-574,-586,-110,-495]],"type":"Polygon","properties":{"id":"BT01514","name":"Udzorong","parent_id":"BT015","parent_name":"Trashigang","area_sqkm":99.97055889,"center_lat":27.2283171,"center_lon":91.4469536},"id":"BT01514"},{"arcs":[[-455,-484,-547,-373]],"type":"Polygon","properties":{"id":"BT00506","name":"Uesu","parent_id":"BT005","parent_name":"Haa","area_sqkm":66.45392822,"center_lat":27.34512489,"center_lon":89.31526666},"id":"BT00506"},{"arcs":[[598,599,-118]],"type":"Polygon","properties":{"id":"BT01215","name":"Ugentse","parent_id":"BT012","parent_name":"Samtse","area_sqkm":18.6335582,"center_lat":26.95804956,"center_lon":89.00683342},"id":"BT01215"},{"arcs":[[-515,-582,600,-152,-568,-349]],"type":"Polygon","properties":{"id":"BT01312","name":"Umling","parent_id":"BT013","parent_name":"Sarpang","area_sqkm":122.41850504,"center_lat":26.90665154,"center_lon":90.6286866},"id":"BT01312"},{"arcs":[[-472,-345,-546,-569,-146,-137,-584]],"type":"Polygon","properties":{"id":"BT00104","name":"Ura","parent_id":"BT001","parent_name":"Bumthang","area_sqkm":265.61727875,"center_lat":27.45914037,"center_lon":90.9139423},"id":"BT00104"},{"arcs":[[-214,-331,-560,-452,-421]],"type":"Polygon","properties":{"id":"BT00810","name":"Wangchang","parent_id":"BT008","parent_name":"Paro","area_sqkm":20.64541673,"center_lat":27.41140932,"center_lon":89.4236947},"id":"BT00810"},{"arcs":[[-460,-203,-336,-306]],"type":"Polygon","properties":{"id":"BT01111","name":"Wangphu","parent_id":"BT011","parent_name":"Samdrupjongkhar","area_sqkm":79.73765673,"center_lat":26.97627638,"center_lon":91.62108661},"id":"BT01111"},{"arcs":[[601,-529,-61,-38,-537,-396,-588]],"type":"Polygon","properties":{"id":"BT01607","name":"Yalang","parent_id":"BT016","parent_name":"Yangtse","area_sqkm":89.77217047,"center_lat":27.46197176,"center_lon":91.67955381},"id":"BT01607"},{"arcs":[[-334,-35,-550,-364,-233,-565]],"type":"Polygon","properties":{"id":"BT01515","name":"Yangnyer","parent_id":"BT015","parent_name":"Trashigang","area_sqkm":74.30049639,"center_lat":27.36406515,"center_lon":91.50372666},"id":"BT01515"},{"arcs":[[-600,602,-105,-119]],"type":"Polygon","properties":{"id":"BT01214","name":"Yoeseltse","parent_id":"BT012","parent_name":"Samtse","area_sqkm":22.9573899,"center_lat":26.96451851,"center_lon":88.98187984},"id":"BT01214"},{"arcs":[[-163,-127,-572]],"type":"Polygon","properties":{"id":"BT00910","name":"Yurung","parent_id":"BT009","parent_name":"Pemagatshel","area_sqkm":28.18699815,"center_lat":27.04217906,"center_lon":91.34668613},"id":"BT00910"},{"arcs":[[-340,-571,-492]],"type":"Polygon","properties":{"id":"BT00911","name":"Zobel","parent_id":"BT009","parent_name":"Pemagatshel","area_sqkm":66.96693164,"center_lat":27.06470993,"center_lon":91.4527823},"id":"BT00911"}]}}}