{"type":"Topology","arcs":[[[144869,44847],[19,-41],[40,-54],[8,-80],[31,-175],[40,-101],[46,-17],[105,44],[118,20],[17,-12],[97,-167],[73,-67],[47,-15],[82,-64],[20,-45],[10,-78],[14,-193],[18,-56],[64,-148],[23,-81],[6,-52],[-10,-121],[-24,-53],[-33,-48],[12,-91],[0,-101],[35,-99],[18,-87],[-30,-100],[-46,-102],[-5,-59],[21,-70],[13,-161],[28,-93],[15,-98],[-8,-108],[-24,-54],[-48,-159],[-17,-31],[-22,-189],[-17,-71],[-23,-47],[-6,-70],[-38,-90],[-4,-40],[-19,-31],[-12,-56],[2,-63],[-9,-93],[-63,-94],[-10,-34],[2,-56],[46,-104],[89,8],[41,-12],[107,-63],[139,-53],[35,-18],[32,7],[72,-53],[39,-15],[-22,-47],[-11,-76],[71,-118],[1,-119],[-28,-66],[-32,-41],[-11,-42],[-2,-82],[14,-64],[-7,-119],[-45,-161],[11,-67],[19,-49],[19,-103],[96,-91],[54,-133],[-80,-74],[-44,-28],[-98,-44],[-2,-52],[11,-71],[-69,-98],[-43,-83],[-17,-86],[-20,-42],[-8,-67],[14,-80],[-22,-37],[-35,-90],[-18,-124],[-50,-56],[-7,-50],[11,-56],[-12,-80],[-49,-34],[-20,-46],[-42,-36],[-30,-42],[-68,-48],[-31,-53],[-26,-108],[0,-31],[37,-106],[-35,-82],[-9,-58],[10,-80],[-6,-49],[-53,-127],[49,-101],[-13,-61],[-4,-69],[-57,-55],[-25,-59],[-11,-59],[-30,-43],[-73,-17],[-40,-32],[-8,-35],[33,-72],[1,-59],[-39,-48],[-16,-76],[-92,-29],[-66,-52],[-68,-16],[-49,37],[-22,-28],[-7,-76],[-29,-58],[-99,-63],[-2,-47],[-20,-97],[-40,-39],[6,-56],[-12,-63],[-34,-67],[-44,-62],[-1,-76],[-13,-45],[-50,-43],[-48,0],[-18,-25],[-49,-117],[-71,43],[-106,52],[-95,-3],[-58,-16],[-26,-18],[-83,32],[-72,4],[-56,-27],[-80,-2],[-76,-26],[-31,0],[-93,-32],[-89,-13],[-75,-17],[-24,-20],[-107,-27],[-101,-9],[-52,-18],[-37,-51],[-65,-117],[-24,3],[-24,-25],[-77,-40],[-36,-43],[-57,-40],[-14,-22],[-15,-102],[-28,-89],[-36,-54],[-65,-74],[-57,-2],[-43,-25],[-27,-38],[-46,9],[-70,-16],[-35,-30],[-64,5],[-49,-63],[-74,-111],[-67,-45],[-24,-59],[-21,-26],[-55,-15],[-78,-2],[-35,-18],[-51,-57],[-38,-29],[-26,-70],[-78,-97],[-19,-56],[-35,-53],[-11,-49],[14,-64],[29,-61],[-39,-86],[-92,-61],[-56,-84],[-36,-29],[-49,-79],[-14,-81],[10,-64],[-21,-33],[5,-105],[-26,-73],[-35,-60],[-106,-19],[-50,-24],[-33,6],[-115,-46],[-35,-35],[-35,-15],[-87,-122],[-24,-85],[-3,-50],[-54,-26],[-29,-32],[-11,-42],[-39,-29],[-28,-46],[-22,-120],[-23,-25],[-85,-5],[-34,-30],[-41,-101],[-30,-57],[-59,-22],[-14,-48],[-33,-13],[-16,-44],[-38,-29],[-44,-49],[-24,-63],[-54,-9],[-128,-83],[-42,-8],[-12,-41],[-43,-36],[-3,-43],[-20,-53],[3,-74],[-33,-18],[-31,-35],[-91,-56],[-71,-19],[-29,-44],[-17,20],[-71,-22],[-45,-48],[-49,-11],[-30,-38],[-81,-40],[-45,-58],[-34,-20],[-52,-88],[-46,-120],[-40,-53],[-21,-44],[-22,-94],[-41,-32],[38,-39],[15,-58],[-16,-53],[-56,-37],[-47,-49],[-3,-34],[19,-76],[-90,-114],[11,-82],[-23,-59],[-31,-3],[-30,18],[-48,-14],[-30,-35],[-21,-73],[-39,-39],[-23,-41],[1,-72],[-28,-31],[-36,-13],[-6,-19],[36,-38],[9,-42],[-23,-36],[-69,-37],[-17,-20],[-23,-64],[-48,-20],[-17,-21],[2,-55],[-27,-80],[21,-49],[-13,-73],[-39,-25],[-6,-20],[20,-54],[-4,-31],[-42,-32],[-37,-11],[4,-38],[34,-72],[-1,-94],[21,-90],[0,-38],[-24,-47],[-35,-37],[-21,-59],[-42,-79],[5,-44],[30,-3],[23,-26],[-63,-135],[-37,-39],[-6,-25],[29,-55],[-24,-175],[-16,-60],[28,-55],[-19,-47],[19,-21],[0,-45],[-49,-71],[21,-62],[10,-86],[25,-13],[42,6],[42,-15],[0,-33],[-58,-63],[-9,-34],[50,-53],[162,-29],[14,-13],[-5,-96],[16,-34],[43,-19],[0,-51],[38,-59],[12,-74],[19,-18],[44,-10],[23,-36],[9,-82],[-31,-60],[-24,-68],[8,-70],[48,-114],[60,-52],[-10,-31],[-103,-51],[-47,-42],[-43,-88],[-58,-29],[-48,-86],[-58,-4],[-18,-15],[0,-51],[-29,-41],[-62,-19],[-17,-29],[4,-37],[-67,-78],[-29,26],[-20,-3],[12,-41],[-63,-95],[-6,-81],[-61,-39],[-38,-52],[-54,-103],[23,-26],[-4,-74],[-30,-4],[77,-70],[87,-54],[64,-18],[100,-95],[52,-41],[62,-34],[127,-46],[41,10],[69,45],[111,44],[24,23],[11,57],[30,66],[50,37],[95,20],[60,48],[39,10],[7,38],[56,47],[25,56],[-9,33],[17,34],[43,23],[58,-31],[38,37],[31,51],[37,12],[18,-32],[-17,-164],[52,-39],[84,-13],[106,-55],[48,-87],[56,-37],[80,19],[57,-21],[76,-70],[68,-118],[48,-24],[155,-12],[62,-13],[26,-17],[24,-73],[15,-17],[59,-24],[66,-10],[30,-19],[70,8],[87,-14],[63,-27],[58,-3],[76,27],[34,-2],[122,-33],[53,-24],[19,-43],[-9,-71],[37,-97],[0,-65],[-22,-52],[-30,-42],[-14,-44],[-3,-111],[28,-35],[31,-127],[21,-42],[30,-21],[89,-29],[55,-7],[88,21],[50,1],[29,-13],[66,-69],[78,-69],[33,-53],[46,-48],[58,1],[71,35],[50,5],[35,-11],[37,-33],[19,-78],[19,-29],[24,-94],[24,-60],[27,-40],[34,-30],[76,-18],[-38,-35],[-28,-47],[-44,-14],[-15,-34],[11,-58],[-31,4],[-10,-43],[-39,-47],[-6,-45],[-31,-23],[-2,-26],[-30,-33],[25,-29],[-41,-78],[-50,-24],[-35,-60],[-6,-36],[8,-68],[-73,-109],[11,-22],[74,-51],[-17,-39],[-53,8],[-29,-32],[-27,-69],[-10,-79],[-30,-6],[-31,30],[-43,11],[-36,-47],[-37,-30],[-32,4],[-26,67],[-48,38],[-63,3],[-55,-18],[-38,31],[-85,4],[-26,93],[-20,-5],[-36,-62],[6,-42],[-9,-63],[-67,-72],[-28,-8],[-8,-45],[32,-18],[2,-61],[-55,15],[12,-44],[-7,-38],[-31,-24],[17,-32],[29,-9],[-34,-20],[32,-10],[8,-40],[-46,-7],[-1,-32],[-22,-37],[2,-50],[-34,-16],[-32,-120],[-38,-35],[-11,-41],[-41,-50],[-6,-40],[-44,-36],[-40,14],[-22,-9],[-39,15],[-21,-11],[-131,17],[-30,-38],[-58,8],[-42,-5],[-22,-20],[39,-55],[67,-111],[30,-11],[46,5],[70,-23],[20,-19],[59,-20],[42,-39],[42,2],[65,38],[92,-20],[48,29],[27,42],[23,9],[41,51],[29,17],[22,34],[30,3],[52,-22],[91,15],[36,-36],[116,-18],[28,-27],[-7,-77],[59,-38],[35,19],[53,-1],[1,-22],[-55,-60],[-14,-38],[-55,-48],[42,-55],[-26,-71],[14,-70],[1,-77],[-37,-70],[-28,5],[-20,-114],[-23,-37],[36,-21],[-37,-26],[-16,8],[-28,-41],[-11,-38],[5,-47],[-22,-20],[-44,32],[-30,-12],[-2,-32],[-24,-25],[6,-58],[19,-46],[38,7],[32,49],[20,6],[-12,-85],[18,-59],[28,-11],[82,-55],[53,-46],[12,-30],[44,-47],[41,-12],[17,-20],[1,-53],[15,-55],[4,-66],[-8,-36],[10,-40],[-8,-69],[24,-59],[36,-67],[42,-21],[45,5],[66,-29],[36,-37],[49,12],[39,-16],[20,-29],[50,-35],[8,-24],[-14,-38],[-27,37],[-32,-1],[3,-66],[-40,-30],[-10,-38],[-29,-22],[-35,-53],[-7,-28],[30,-58],[-31,-33],[-12,-43],[-20,-20],[-15,-49],[46,-62],[-9,-44],[-32,-29],[42,-60],[1,-36],[-23,-105],[-144,-91],[21,-44],[13,-92],[-24,-77],[-10,-59],[-6,-179],[-15,-71],[-26,-75],[-68,-114],[-76,-82],[-31,-74],[-43,-77],[-42,-52],[-61,-19],[-93,-6],[-78,25],[-121,-22],[-94,27],[-55,-24],[-104,6],[-36,-9],[-63,4],[-42,-18],[-71,11],[-107,-32],[-88,-59],[-26,-33],[-100,-100],[-61,-33],[-57,-53],[-94,-52],[-60,-17],[-149,-25],[-50,-57],[-9,-38],[5,-70],[-33,-75],[3,-86],[-28,-73],[-47,-46],[-78,-39],[-68,-22],[-120,-79],[-64,-69],[-40,-77],[-10,-75],[6,-32]],[[139128,15926],[-50,52],[-14,63],[10,39],[-7,72],[21,31],[-20,30],[-40,87],[-59,33],[-39,52],[-68,28],[-6,13],[-68,34],[-33,38],[-37,6],[-37,67],[-58,55],[-43,78],[-3,61],[-21,34],[-36,2],[-87,-36],[-33,2],[-37,25],[-17,52],[-39,13],[-32,65],[-26,5],[-34,-26],[0,68],[-12,34],[-49,72],[-36,14],[-22,57],[-97,89],[-112,54],[-50,48],[-66,12],[-110,112],[-39,23],[-5,59],[-24,42],[-85,-37],[-11,31],[21,32],[3,32],[-16,50],[-34,-7],[-108,60],[-48,0],[-56,62],[-48,7],[-75,53],[-26,10],[-57,-10],[-82,79],[-105,30],[-47,22],[-64,13],[-82,57],[-65,36],[-59,14],[-57,38],[-41,4],[-83,71],[-74,43],[-37,13],[-102,62],[-43,35],[-113,45],[-37,29],[-80,43],[-71,22],[-82,58],[-52,27],[-37,5],[-71,26],[-30,24],[-63,3],[-46,19],[-53,0],[-48,21],[-82,8],[-69,-10],[-12,-10],[-71,-3],[-48,18],[-123,-7],[-75,11],[-130,-15],[-48,3],[-118,-15],[-157,27],[-5,48],[-40,9],[-24,-27],[-80,-18],[-103,8],[-162,26],[-63,-16],[-28,11],[-62,-9],[-43,-27],[-84,8],[-57,15],[-64,-41],[-39,52],[-32,-11],[-74,49],[-17,4],[-53,-30],[-44,7],[-58,54],[-44,9],[-33,23],[-72,15],[-61,55],[-44,65],[-20,58],[-6,50],[-62,43],[-15,23],[2,41],[-48,53],[-63,82],[-60,98],[-21,70],[-51,59],[-35,74],[-7,39],[18,53],[-2,36],[-24,48],[5,61],[-23,55],[-19,70],[-37,43],[0,58],[17,27],[-17,36],[-2,44],[-16,25],[-48,-18],[-32,97],[9,77],[-67,59],[-35,39],[-46,35],[-50,-19],[-70,11],[-8,15],[27,57],[-13,46],[-54,1],[-9,34],[-21,3],[-9,31],[-38,22],[-33,94],[-54,105],[-56,157],[-29,69],[-25,98],[6,73],[46,171],[-2,69],[-95,59],[-71,32],[-17,18],[-114,36],[-79,19],[-36,43],[-39,14],[-46,-4],[-46,18],[-41,66],[-68,13],[-49,31],[-29,1],[-28,24],[-55,20],[-37,48],[-48,7],[-62,48],[-14,30],[-37,26],[-49,5],[-10,29],[-35,24],[-34,55],[-24,18],[-24,-8],[-55,22],[-42,-77],[-73,-51],[-65,-57],[-21,-48],[-59,-44],[-64,-78],[-36,-64],[-61,-85],[-7,-33],[-38,10],[-62,82],[-18,64],[-81,41],[6,38],[-25,20],[-7,48],[-106,63],[-76,21],[-28,20],[-69,74],[-64,12],[-11,25],[-52,44],[1,34],[-23,26],[42,25],[27,44],[47,21],[19,91],[65,116],[-54,41],[-59,26],[-71,46],[-48,46],[-55,40],[-35,14],[-37,-2],[-48,23],[-62,-37],[-57,-92],[-66,-34],[-28,-36],[-37,-6],[-35,29],[-76,-13],[-27,13],[-53,54],[-48,19],[-114,74],[-49,0],[-69,38],[-71,66],[-33,66],[-37,24],[-78,29],[-33,-10],[-29,27],[-91,38],[-24,35],[-38,-7],[-83,65],[-9,34],[-30,13],[-69,-3],[-50,7],[-70,34],[-21,26],[-114,35],[-61,-2],[-56,23],[-28,46],[-32,2],[-32,-25],[-67,14],[-40,42],[-48,27],[-42,-6],[-58,13],[-83,42],[-92,74],[-42,9],[-30,-22],[-33,-94],[-67,-79],[-48,-17],[-26,5],[-148,-50],[-66,-29],[-51,-3],[-67,35],[-31,-1],[-78,-55],[-21,-44],[-5,-41],[-33,-25],[-48,-67],[-48,-34],[-45,-2],[-7,-54],[-89,-144],[-49,-41],[-44,-19],[-60,-8],[-33,8],[-52,-21],[-33,-67],[-90,-64],[-9,-51],[-62,-105],[-105,-13],[-49,-33],[17,-53],[-17,-7],[-38,17],[-26,-12],[-13,-35],[-36,-18],[-28,-81],[-30,-58],[-70,-64],[-46,-13],[-23,-20],[-31,21],[-39,-21],[-116,-23],[-37,-55],[-14,-40],[-64,-14],[-76,48],[-48,43],[-30,-12],[-24,-37],[-16,-2],[-21,34],[-53,19],[-49,0],[-32,27],[-45,-16],[-70,-44],[-69,4],[-35,57],[-60,49],[-79,-24],[-48,-57],[-52,14],[-26,27],[-48,23],[-79,17],[-45,-23],[-64,35],[-47,-14],[-75,-103],[-56,-49],[-41,-25],[-18,26],[3,28],[-23,61],[5,34],[-23,25],[-81,9],[-63,27],[-38,-23],[-59,19],[-28,32],[-23,-2],[-18,32],[-80,-11],[-29,-17],[-9,-94],[53,-45],[-113,1],[11,47],[-28,42],[-28,21],[-57,4],[7,31],[-110,74],[-40,3],[-24,-17],[-39,-56],[1,-52],[-15,-46],[-35,-44],[-60,-17],[-80,6],[-57,14],[-17,-7],[-46,27],[-72,23],[-76,-19],[-66,40],[-35,9],[-86,3],[-72,-8],[-74,59],[-18,-3],[-28,27],[-46,85],[-20,56],[-26,31],[-8,38],[-39,15],[59,172],[23,39],[55,29],[159,-19],[28,26],[-5,55],[-26,22],[-40,9],[-27,32],[2,20],[56,54],[27,62],[-5,30],[-49,59],[-72,-49],[-58,-10],[-5,-51],[-20,-53],[-112,-112],[-64,-42],[-135,-41],[-60,-8],[-77,1],[-34,-23],[-33,21],[-34,-1],[-19,20],[-28,66],[-14,14],[-42,-6],[-40,19],[-134,-14],[-24,13],[-8,31],[-65,20],[-14,46],[-1,88],[6,66],[20,51],[-12,33],[-30,30],[-46,21],[14,78],[-16,58],[-29,41],[-54,5],[-40,14],[-60,-16],[-54,16],[-61,0],[-63,85],[-55,4],[-63,29],[-32,39],[-52,-4],[-51,-48],[-84,-31],[-53,36],[-53,85],[-54,32],[-42,39],[-33,-8],[-46,10],[-50,-20],[-29,14],[-76,-3],[-53,54],[-8,67],[26,142],[-17,37],[-75,81],[-29,-38],[-58,18],[-48,-47],[-45,-17],[-30,4],[-65,40],[-68,54],[-29,32],[-85,-57],[-23,26],[-54,28],[-33,-6],[-120,28],[-22,-6],[-35,-45],[-15,5],[-20,61],[-38,-3],[-33,46],[-35,26],[-76,106],[-33,71],[-26,4],[-81,-29],[-66,-14],[-49,-31],[-31,6],[-107,89],[-33,-3],[-160,68],[-23,1],[-50,38],[-80,13],[-36,19],[-78,74],[-55,-1],[-56,37],[-20,-6],[-28,-37],[-27,-11],[-133,34],[-41,31],[-73,19],[-116,-53],[-42,7],[-120,-2],[-11,-54],[-14,-14],[-88,10],[-40,14],[-92,-32],[-26,-49],[-49,-11],[-57,23],[-43,-14],[-25,9],[-19,40],[-49,23],[-18,40],[7,57],[18,42],[-86,84],[-19,29],[-9,43],[-33,89],[0,55],[-56,40],[-78,5],[-58,59],[-90,-3],[-52,-25],[-77,-63],[-32,-57],[-66,28],[-48,5],[-45,25],[-58,-33],[-40,-9],[-70,20],[-45,59],[-29,-3],[-80,-36],[-26,-5],[-34,19],[-21,68],[-96,53],[-20,1],[-41,-27],[-31,-78],[-29,-25],[-94,-15],[-70,31],[-61,8],[-110,24],[-67,31],[-42,33],[49,55],[33,83],[-84,-8],[-39,-17],[-101,30],[-19,19],[-22,82],[-19,40],[-34,18],[-42,1],[-77,44],[-37,3],[-39,-14],[-47,12],[-25,53],[-69,48],[-11,73],[-52,36],[-77,80],[-8,23],[-9,135],[-13,53],[13,81],[-51,52],[-53,11],[-31,36],[-29,81],[-16,22],[-39,10],[-64,40],[-102,8],[-22,8],[11,84],[-14,62],[-32,105],[-52,14],[-33,-7],[-21,68],[5,48],[-12,54],[-22,36],[-1,143],[-50,98],[-44,17],[-62,7],[-48,-11],[-36,18],[-58,2],[-41,32],[-15,86],[-88,102],[-10,46],[-35,37],[-7,24],[-47,46],[-25,104],[-23,52],[-19,108],[25,39],[-4,86],[5,61],[-21,111],[-34,22],[2,48],[14,41],[-74,46],[-1,38],[-21,37],[-44,23],[-97,29],[-55,4],[-26,17],[-64,-3],[-32,20],[-78,5],[10,-31],[-10,-29],[-17,6],[-38,-55],[-16,50],[-17,12],[-48,-44],[-42,-17],[-39,27],[8,47],[-12,16],[-50,23],[-13,33],[-78,-30],[-20,-39],[-53,2],[-29,-37],[-44,10],[-45,-19],[-29,-59],[-23,-17],[-55,12],[-31,-30],[-67,-23],[-52,38],[-16,45],[-32,5],[-42,-35],[-72,-6],[-34,-12],[-81,-54],[25,-82],[-8,-45],[-18,0],[-50,40],[-60,7],[-63,42],[-74,-25],[-28,7],[-35,-27],[-60,-24],[-24,10],[-4,31],[-51,39],[8,70],[-24,71],[10,35],[-25,41],[-7,51],[-39,-18],[-43,27],[-25,-11],[-30,-45],[-49,-3],[-68,-55],[-32,17],[-69,6],[-72,-25],[-55,-95],[-5,-55],[-43,5],[-73,-33],[-43,14],[-13,21],[-32,1],[-64,58],[-19,47],[4,80],[-16,17],[-51,-30],[-94,-89],[-23,-6],[-31,56],[-33,14],[57,49],[-2,21],[-43,59],[-68,16],[-24,-42],[-5,-60],[-20,-33],[-43,-15],[-46,-35],[-10,24],[17,23],[-25,32],[-26,11],[-26,-17],[-25,8],[7,64],[-9,8],[-83,-2],[-29,22],[-69,-52],[-34,31],[-54,-30],[-62,-11],[-7,28],[-55,99],[-23,15],[-21,39],[-52,10],[-37,36],[-74,11],[-52,66],[-25,4],[-39,47],[-57,11],[-89,-76],[-27,1],[-58,79],[-27,91],[8,36],[-12,71],[-18,27],[-69,49],[-40,-7],[-32,58],[-40,0],[-129,-39],[-39,40],[-54,112],[-11,52],[17,27],[-40,40],[-69,22],[-33,0],[-21,26],[-77,-48],[-65,-3],[-25,-12],[-30,25],[-42,-10],[-24,22],[-82,15],[-83,-12],[-17,9],[-28,110],[21,34],[-55,67],[-36,70],[-36,7],[-36,82],[-35,8],[-32,-12],[-2,54],[-24,30],[-44,-16],[-25,21],[-21,40],[-25,2],[-26,32],[-78,-42],[-103,94],[-71,-17],[-72,13],[-20,-12],[-64,-1],[-50,-60],[-73,-21],[-7,92],[-24,121],[14,22],[-69,41],[-48,54],[-59,50],[-36,14],[-10,30],[-44,41],[3,60],[-84,57],[-15,-4],[-49,26],[-106,-25],[-35,-42],[-50,-10],[-26,12],[-27,-9],[-11,32],[-42,23],[-14,-7],[-44,24],[-10,27],[-70,-6],[-28,13],[-34,-24],[-4,-23],[-48,4],[-35,17],[-22,-16],[-40,0],[-23,-14],[-14,16],[-58,0],[-54,-49],[-85,43],[-58,9],[-61,66],[-69,59],[-35,0],[-48,-44],[-26,15],[-8,37],[-81,-7],[6,58],[-63,4],[-67,-12],[-65,22],[-19,-24],[-6,-48],[-16,-33],[-58,-52],[-24,-50],[3,-42],[-36,-44],[-5,-34],[12,-37],[-21,-10],[-80,12],[-37,24],[-76,-24],[-29,22],[-83,15],[-51,-25],[-197,4],[-73,7],[-48,-17],[-57,-5],[-43,-35],[-138,-29],[-161,-10],[-103,21],[-70,-5],[-19,92],[-86,-23],[-40,16],[-88,-62],[-102,-38],[-31,8],[-16,48],[1,43],[-16,56],[-36,44],[-11,59],[4,47],[-7,76],[-36,37],[-22,-11],[-16,23],[-24,-19],[-84,17],[-73,76],[-22,39],[-36,14],[-22,49],[-53,-22],[-77,-1],[-9,53],[-18,-21],[-61,13],[-98,-6],[-39,15],[-69,9],[-29,41],[-25,16],[-54,-17],[-48,-33],[-19,-38],[-26,14],[-30,51],[-35,27],[-40,3],[-45,-25],[-57,-12],[-85,34],[-34,46],[-74,10],[4,-42],[-37,-22],[-51,6],[-64,-12],[-24,50],[-31,27],[-5,57],[-80,38],[-40,11],[-27,53],[-30,20],[-46,-11],[-25,9],[-29,-14],[-58,-69],[-12,-48],[14,-78],[-3,-43],[-36,-79],[0,-35],[21,-26],[-28,-128],[-8,-81],[-40,-51],[-34,-17],[-29,-52],[-9,-53],[-2,-72],[-20,-75],[-48,-92],[7,-166],[-2,-82],[-41,8],[-62,-5],[-38,43],[-46,-15],[-36,-36],[-31,-63],[-96,-34],[38,-47],[32,-12],[83,-10],[33,-29],[54,-18],[41,-1],[29,-49],[14,-99],[-22,-24],[-55,-10],[-107,13],[-64,-14],[-24,-45],[-5,-99],[14,-46],[6,-100],[10,-43],[23,-22],[58,-85],[4,-48],[-13,-14],[-148,-40],[-22,-28],[-23,-54],[-111,47],[-30,18],[-97,20],[-74,-19],[-27,5],[-30,-18],[-63,-16],[-28,-44],[-44,-1],[-88,12],[-34,-33],[-3,-71],[-16,-24],[-138,4],[-39,-39],[-3,-37],[-39,-39],[-36,-5],[-54,-25],[-7,-49],[-52,-78],[-32,-23],[5,-66],[30,-80],[10,-65]],[[99331,28176],[-86,55],[-53,16],[-73,40],[-23,-11],[-8,-34],[-49,-75],[-3,-53],[-20,-30],[-50,-1],[-82,49],[3,27],[-30,50],[-45,-10],[-31,6],[-24,28],[-37,9],[-20,34],[-127,27],[-85,5],[-42,13],[-33,27],[-22,69],[1,34],[-42,41],[-39,9],[-103,-18],[-49,12],[-70,33],[-57,-7],[-28,19],[-56,11],[-40,-13],[-47,-46],[-55,-4],[-49,31],[-50,-8],[-30,-39],[-45,-18],[-92,52],[-55,-11],[-69,6],[-34,-21],[-37,23],[-42,-7],[-63,-50],[-35,8],[-67,99],[-80,28],[-108,48],[-92,20],[-63,32],[-26,-38],[-94,-20],[-249,-31],[-187,20],[-53,28],[-85,24],[-71,43],[-35,7],[-55,-19],[-67,17],[-24,42],[-61,31],[-75,-2],[-60,35],[-47,-1],[-52,17],[-26,33],[-48,32],[-10,21],[-72,42],[-119,27],[-106,76],[-19,-25],[-35,-9],[-62,-124],[-25,-13],[-66,27],[-55,68],[-39,76],[-49,45],[-16,79],[-51,50],[-63,-13],[-58,-21],[-23,157],[40,49],[40,114],[-27,47],[-7,43],[16,66],[-6,94],[-73,100],[-27,52],[-2,49],[-26,76],[6,83],[-69,50],[-42,40],[-33,63],[-96,33],[-73,91],[-10,28],[6,68],[24,61],[-1,40],[-16,22],[-69,50],[-35,57],[0,48],[-40,23],[-68,16],[-36,-17],[-46,7],[-20,35],[-21,6],[-44,-19],[-41,-39],[-46,7],[-24,22],[-48,10],[-70,64],[-16,-8],[-40,-72],[-58,-73],[-58,-11],[-74,-92],[8,-97],[-14,-60],[-36,-30],[-53,32],[-89,-9],[-93,42],[-34,83],[33,207],[-21,27],[10,48],[-13,34],[-70,55],[-6,16],[37,62],[72,86],[2,18],[-59,106],[-15,13],[-69,18],[-58,42],[-61,13],[-35,-11],[-31,32],[-28,-39],[-33,-68],[-11,-1],[-32,61],[-19,17],[-67,11],[-24,-5],[-43,28],[-48,19],[-17,21],[-22,-23],[-53,-4],[-25,9],[-42,39],[-44,5],[0,70],[-13,28],[-71,10],[-11,9],[-8,59],[-75,50],[-94,21],[-38,-26],[-45,17],[-49,-3],[-27,47],[-20,11],[-53,-9],[-9,16],[3,71],[-72,96],[-3,36],[19,43],[-40,54],[93,83],[26,29],[-34,46],[24,45],[-16,36],[21,33],[-11,34],[9,39],[39,21],[-22,22],[-7,45],[12,23],[8,92],[-32,-4],[-49,15],[-31,43],[-57,-48],[-39,24],[-62,-4],[-41,-47],[-48,-38],[-27,6],[-33,-29],[-14,-31],[-42,-26],[-96,-8],[-36,-15],[-27,28],[-79,19],[-35,26],[-4,118],[-16,38],[-63,1],[-26,21],[-40,-18],[-30,26],[-15,36],[-94,-29],[-32,-37],[-73,-51],[-49,-6],[-4,-47],[30,-56],[6,-74],[11,-13],[-10,-46],[-18,-19],[5,-70],[-33,-9],[29,-66],[-16,-78],[-6,-81],[-24,-72],[-20,-131],[-43,-35],[-38,8],[-25,-15],[2,-60],[-27,2],[-41,-31],[-66,-31],[-22,-23],[-42,-6],[-42,28],[-56,-4],[-21,-33],[-41,-5],[-13,-38],[-37,-18],[-49,31],[-34,-60],[-20,-90],[5,-79],[-26,-32],[-11,-67],[-28,-34],[-60,-29],[-21,-27],[6,-40],[-38,-96],[-33,2],[-11,-17],[26,-86],[49,-46],[-12,-40],[-67,-42],[3,-41],[-30,-40],[-55,-35],[-18,-69],[-17,-19],[-31,-100],[-115,14],[-71,3],[-1,-24],[-25,9],[-77,-1],[-36,-17],[-8,-21],[-45,-11],[-15,18],[-23,-13],[-37,13],[-2,-48],[-16,-25],[-48,24],[-37,-9],[-28,-39],[34,-55],[8,-45],[-16,-25],[-41,6],[-52,-21],[-37,19],[-28,45],[-27,19],[-40,-39],[-24,3],[-45,48],[-24,49],[-25,19],[-36,-37],[-24,3],[-26,76],[-19,2],[-22,-27],[-16,9],[18,41],[-26,24],[-24,-24],[-25,26],[-22,-54],[-53,49],[-27,-40],[-24,85],[7,40],[-12,25],[-49,2],[-59,-50],[-38,-1],[-67,-21],[-75,10],[-29,-20],[-51,-61],[-43,-40],[-29,-2],[16,47],[-3,37],[-63,13],[-57,-22],[-62,72],[-53,25],[-28,27],[-19,-2],[-60,-71],[-50,8],[-56,-33],[-87,-18],[-86,-5],[-83,-30],[-51,28],[-22,60],[24,46],[-46,49],[-58,30],[-62,-12],[-61,2],[-66,31]],[[86886,30714],[47,27],[39,8],[97,119],[20,53],[60,125],[38,120],[-3,112],[-19,104],[-51,147],[-30,127],[2,33],[-35,107],[4,87],[54,65],[82,44],[149,68],[142,70],[91,63],[106,100],[22,28],[27,69],[13,71],[2,106],[-34,91],[-39,75],[-28,33],[-99,52],[-89,56],[-50,14],[-62,-13],[-13,-18],[-34,-89],[-40,-88],[-35,-50],[-93,-72],[-72,-38],[-75,-24],[-94,-13],[-71,13],[-54,34],[-81,93],[-13,57],[19,103],[-4,31],[-46,41],[-20,87],[-9,98],[14,174],[14,52],[100,96],[35,14],[113,13],[29,-6],[64,-33],[94,-57],[130,-47],[62,-8],[75,32],[80,64],[36,100],[29,35],[102,30],[46,4],[108,25],[62,-5],[61,-21],[82,-53],[69,-69],[32,-18],[83,-25],[123,-7],[89,22],[44,33],[54,2],[117,-20],[57,-22],[71,-53],[70,-62],[117,-49],[130,-27],[130,3],[119,42],[53,50],[44,76],[22,57],[31,154],[58,91],[90,62],[62,6],[118,-45],[48,-44],[101,-55],[58,11],[24,31],[36,85],[27,41],[85,59],[68,-7],[129,-45],[92,-59],[61,-24],[117,-16],[116,-6],[149,-60],[48,1],[40,19],[78,24],[40,24],[65,61],[10,42],[-1,60],[77,90],[55,79],[12,146],[35,97],[30,57],[138,215],[28,29],[116,91],[46,53],[45,65],[91,119],[30,30],[117,82],[78,62],[100,94],[83,96],[149,203],[57,52],[156,116],[43,42],[108,89],[93,48],[44,32],[92,83],[67,76],[42,39],[81,31],[60,32],[53,41],[81,40],[57,13],[102,12],[82,25],[38,21],[99,88],[136,71],[138,35],[80,30],[58,-38],[31,-35],[33,-14],[52,11],[66,123],[35,39],[74,55],[87,93],[30,17],[92,11],[252,84],[123,49],[104,61],[64,55],[107,73],[26,24],[87,53],[247,183],[52,59],[19,50],[5,109],[12,30],[33,32],[87,58],[105,36],[62,31],[129,86],[53,21],[71,10],[37,-9],[98,-46],[129,-88],[49,-68],[29,-147],[29,-48],[101,-107],[50,-19],[22,-33],[61,-32],[56,-12],[53,7],[145,110],[38,10],[47,46],[85,44],[178,115],[60,49],[69,40],[202,99],[51,12],[137,62],[53,31],[61,59],[15,106],[-13,98],[-35,120],[-8,49],[-31,96],[-25,125],[-14,96],[-16,60],[-33,84],[-33,126],[-1,28],[55,31],[69,1],[64,-26],[60,-9],[89,46],[35,34],[72,141],[48,74],[88,151],[45,52],[84,16],[78,-3],[72,-57],[100,-120],[87,-36],[63,21],[12,40],[-12,110],[-20,81],[-72,175],[-77,89],[-55,73],[-33,32],[-104,64],[-77,35],[-79,20],[-121,-9],[-83,10],[-29,20],[-87,104],[-64,110],[-29,106],[-3,62],[16,79],[9,141],[-7,36],[23,192],[12,41],[0,53],[27,49],[43,33],[70,13],[59,48],[12,45],[48,80],[46,34],[123,-42],[63,-34],[61,-17],[39,-1],[143,-24],[26,25],[0,73],[-16,46],[70,7],[131,-20],[100,-34],[39,-23],[180,-20],[95,-41],[21,3],[51,37],[156,-32],[63,-36],[51,-42],[76,-38],[119,14],[29,20],[29,63],[26,80],[0,89],[-7,51],[4,82],[9,45],[27,24],[69,30],[83,9],[79,-19],[113,5],[42,14],[44,-9],[44,-31],[59,-15],[95,31],[117,82],[36,74],[5,65],[24,119],[4,69],[-26,99],[-2,73],[23,80],[17,39],[133,12],[61,15],[135,70],[80,78],[8,54],[-12,81],[3,51],[24,42],[56,55],[87,47],[42,44],[83,58],[27,0],[50,-53],[59,-43],[127,-5],[52,-32],[20,-76],[32,-16],[41,-3],[110,31],[22,28],[4,63],[17,34],[41,28],[26,43],[43,23],[42,-2],[70,-23],[44,-41],[12,-26],[3,-70],[-17,-31],[39,-71],[40,-25],[58,-16],[22,-19],[-6,-84],[4,-72],[15,-55],[35,-35],[63,-11],[70,4],[68,22],[31,0],[76,-36],[4,-28],[-67,-89],[9,-49],[41,-19],[128,-7],[88,-38],[44,-58],[20,-94],[54,-141],[-16,-124],[-49,-143],[4,-63],[84,-78],[54,-80],[6,-21],[-9,-69],[16,-36],[70,-43],[129,-32],[43,-49],[140,-105],[54,-2],[127,-22],[81,-28],[234,-47],[24,-52],[-6,-66],[51,-50],[58,-13],[23,5],[106,92],[76,-73],[52,-6],[68,-25],[23,-28],[27,-81],[53,-12],[36,34],[73,53],[14,31],[-4,40],[31,72],[40,8],[103,5],[59,34],[66,-12],[45,13],[30,22],[54,71],[10,49],[-1,93],[78,79],[56,36],[45,9],[79,-62],[29,-33],[-21,-96],[17,-22],[73,-56],[52,-10],[32,26],[69,91],[68,33],[-10,52],[-36,34],[-65,42],[-17,24],[-66,134],[-14,147],[64,164],[-18,37],[-59,43],[-34,11],[-15,26],[0,67],[-9,26],[-54,26],[11,75],[-4,70],[4,76],[-60,57],[7,118],[-13,36],[-30,22],[-99,-20],[-28,14],[-46,53],[-41,100],[0,30],[20,85],[-14,50],[-44,107],[-21,23],[-104,74],[-23,54],[19,49],[38,43],[19,49],[-11,25],[-121,56],[-43,41],[-76,13],[-32,22],[-22,60],[43,102],[-27,94],[-29,43],[-25,60],[-18,93],[29,103],[13,120],[-19,43],[-11,90],[2,61],[-12,71],[-28,14],[9,48],[68,23],[21,15],[0,63],[-50,11],[-9,26],[14,50],[79,40],[36,47],[6,186],[28,103],[22,48],[79,111],[22,76],[-16,112],[16,21],[178,49],[61,30],[23,24],[29,62],[27,19],[72,11],[117,-9],[48,43],[21,37],[56,35],[10,48],[-83,80],[4,38],[34,5],[50,-13],[43,22],[4,61],[30,42],[79,26],[39,23],[18,96],[12,23],[53,42],[9,51],[-2,122],[33,63],[27,19],[75,-8],[63,5],[15,14],[0,44],[-26,33],[22,27],[93,-52],[52,-2],[76,33],[58,10],[33,27],[33,109],[11,69],[-41,66],[-29,61],[-14,61],[12,64],[53,60],[15,54],[-16,74],[23,64],[0,60],[-18,55],[-70,87],[-8,42],[8,51],[59,139],[42,51],[83,57],[18,33],[-3,132],[3,43],[49,58],[13,74],[-13,70],[6,45],[52,56],[26,43],[21,103],[33,64],[32,93],[18,125],[16,50],[39,61],[6,38],[1,103],[117,137],[10,29],[-10,69],[18,89],[-15,82],[15,46],[56,89],[48,48],[5,36],[-13,59],[17,40],[34,33],[81,26],[36,25],[77,71],[37,43],[98,-72],[16,22],[73,20],[61,-23],[82,-8],[25,-26],[22,-52],[57,-45],[43,-23],[52,-43],[61,-25],[70,-91],[31,-82],[-2,-30],[58,-48],[28,-10],[49,-53],[23,-43],[102,127],[70,58],[80,-38],[120,-16],[87,-45],[76,-9],[42,19],[37,48],[33,20],[7,70],[-10,37],[-14,125],[-9,19],[40,49],[16,53],[30,33],[6,33],[26,17],[45,91],[32,43],[61,-23],[88,32],[46,-22],[38,-2],[39,-22],[35,-67],[56,41],[77,24],[77,-19],[33,32],[73,29],[13,23],[-6,70],[10,29],[-9,35],[35,49],[-4,63],[-29,86],[-52,83],[-11,38],[25,49],[42,31],[16,42],[-17,45],[5,60],[-3,109],[83,123],[-8,58],[15,67],[15,126],[37,90],[41,42],[0,58],[-30,47],[38,103],[27,52],[23,63],[55,38],[42,53],[24,16],[3,55],[-53,79],[-9,41],[7,77],[-9,27],[-70,79],[3,50],[-17,44],[-62,99],[-46,108],[43,67],[16,61],[57,46],[21,59],[50,65],[102,53],[47,38],[54,76],[69,141],[42,28],[67,123],[49,83],[45,51],[56,-21],[83,-97],[24,34],[6,77],[80,101],[-41,67],[-2,52],[22,25],[48,25],[45,41],[85,5],[85,47],[84,21],[94,58],[124,33],[22,25],[-5,31],[25,102],[31,103],[23,57],[13,177],[37,70],[32,96],[5,60],[49,62],[16,64],[-5,56],[-16,44],[-69,115],[-28,72],[11,47],[30,17],[3,34],[61,74],[60,58],[40,75],[17,63],[-11,66],[30,82],[29,27],[42,117],[78,3],[64,29],[47,52],[125,120],[58,66],[63,56],[30,48],[43,27],[42,12],[48,44],[92,51],[71,50],[81,-7],[51,19],[43,2],[62,-38],[42,-10],[48,2],[179,23],[51,24],[58,5]],[[113288,55718],[10,-33],[121,-105],[99,-116],[57,-48],[76,12],[63,46],[38,6],[83,-58],[31,-65],[39,-35],[33,3],[69,-52],[18,-4],[47,23],[73,1],[115,-10],[77,3],[74,24],[85,-7],[72,4],[40,-6],[50,-34],[26,-42],[46,-21],[43,-7],[33,-28],[90,-33],[37,-40],[21,7],[74,93],[111,104],[70,45],[20,61],[24,41],[62,69],[44,31],[49,6],[36,-18],[139,-105],[66,-74],[49,-44],[79,-33],[88,-72],[62,-60],[68,-28],[34,-56],[26,-17],[114,-38],[114,-92],[15,-36],[44,-67],[15,-78],[28,-75],[16,-71],[9,-80],[17,-25],[71,-57],[34,-35],[35,-63],[15,-64],[93,16],[111,46],[56,40],[59,0],[33,-20],[57,-70],[12,-30],[3,-62],[-19,-47],[1,-59],[315,5],[111,-14],[24,2],[44,57],[86,34],[99,-25],[24,5],[38,36],[38,-6],[82,22],[132,53],[32,6],[45,35],[52,20],[56,86],[48,2],[28,20],[63,9],[45,21],[59,43],[80,39],[41,-14],[18,-20],[95,-8],[35,-20],[-7,-65],[8,-41],[-2,-135],[-23,-46],[9,-61],[16,-20],[99,-50],[67,7],[97,-30],[90,-7],[32,11],[60,2],[61,-16],[107,-77],[42,-115],[16,3],[55,46],[24,36],[108,85],[22,49],[63,46],[37,10],[52,90],[56,67],[22,116],[62,37],[36,38],[81,59],[27,39],[42,32],[12,35],[38,17],[30,39],[24,92],[16,107],[-4,72],[-19,128],[9,52],[42,56],[68,9],[68,51],[71,26],[53,5],[42,-10],[31,7],[49,33],[55,61],[56,32],[63,15],[53,-2],[79,11],[28,-12],[115,4],[58,27],[67,19],[71,-9],[32,-16],[62,-8],[70,-35],[229,-45],[110,7],[72,-54],[89,-2],[97,32],[33,1],[31,35],[51,-9],[99,20],[43,-1],[116,-57],[151,-29],[102,-53],[69,-19],[99,-74],[109,-69],[78,-89],[31,-16],[68,-9],[36,-30],[55,-73],[33,-16],[66,-12],[73,-40],[66,-46],[35,-6],[63,-38],[80,16],[50,-20],[54,-3],[123,24],[57,-32],[44,-80],[30,3],[89,41],[52,13],[87,8],[26,-6],[90,-57],[79,-57],[-26,-53],[-63,-96],[5,-182],[36,-92],[8,-120],[-5,-98],[8,-59],[53,-185],[8,-71],[24,-61],[19,-90],[41,-46],[19,-53],[13,-100],[9,-20],[32,2],[66,47],[171,102],[34,33],[109,75],[30,29],[47,77],[32,34],[142,115],[29,62],[69,101],[76,197],[12,46],[24,29],[63,49],[33,36],[44,68],[73,77],[113,108],[21,52],[-43,102],[-20,18],[-63,93],[-53,111],[24,105],[58,120],[17,22],[73,26],[28,77],[41,76],[0,109],[30,80],[1,132],[12,68],[-17,49],[21,33],[71,25],[147,32],[33,-12],[86,-16],[50,-66],[36,-24],[19,14],[-6,64],[-13,292],[-8,96],[-23,406],[-4,127],[12,13],[114,38],[72,13],[61,32],[47,-7],[79,-24],[62,20],[84,2],[90,24],[12,-11],[10,-76],[30,-43],[55,-125],[76,-84],[26,-15],[79,-6],[-22,-36],[-68,-66],[-31,-66],[5,-40],[32,-97],[-14,-82],[42,-105],[-1,-43],[21,-25],[54,-27],[37,-77],[-3,-29],[30,-77],[5,-73],[19,-28],[54,-45],[19,-32],[-8,-83],[-70,-88],[-28,-81],[12,-63],[90,-55],[85,-68],[4,-60],[26,-62],[-7,-65],[5,-50],[-10,-66],[19,-53],[2,-40],[-35,-70],[5,-94],[-16,-59],[17,-39],[-7,-38],[-70,-115],[6,-99],[54,-76],[26,-60],[33,-38],[16,-121],[-2,-48],[14,-72],[16,-32],[56,-71],[10,-77],[-14,-62],[-3,-86],[14,-79],[1,-128],[58,-88],[62,-130],[-7,-119],[6,-126],[12,-60],[16,-21],[93,-54],[30,-46],[25,-96],[19,-40],[38,-28],[118,-16],[87,-131],[97,-77],[76,-100],[9,-45],[-30,-94],[22,-25],[17,-51],[58,-12],[66,11],[17,-10],[38,-75],[81,-35],[68,-13],[80,-94],[77,-37],[27,-24],[19,-50],[51,34],[45,16],[67,5],[72,99],[48,36],[68,3],[21,-21],[-1,-87],[19,-114],[14,-40],[84,-107],[180,-150],[91,5],[175,-24],[36,-18],[73,7],[45,14],[14,-76],[7,-115],[-3,-64],[13,-103],[31,-115],[57,-99],[58,-56],[65,-8],[11,-86],[-2,-107],[47,-87],[29,-27],[128,-73],[33,-26],[38,-65],[9,-42],[-24,-51],[-26,-108],[-19,-52],[-1,-61],[26,-52],[-22,-60],[5,-105],[11,-46],[50,-66],[116,-98],[53,-18],[140,5],[61,-22],[26,-72],[97,-47],[68,-67],[15,-24],[28,-90],[10,-59],[-17,-138],[2,-21],[60,-173],[29,-50],[1,-49],[-44,-60],[-8,-26],[12,-75],[-7,-98],[-26,-56],[-39,-45],[-35,-17],[-6,-124],[9,-80],[10,-31],[51,-68],[31,-62],[-17,-114],[5,-72],[26,-43],[98,-48],[80,-32],[85,-8],[40,-25],[91,-141],[41,-47],[67,-102],[27,-66],[76,-140],[66,-47],[38,-71],[64,-89],[50,15],[86,-45],[85,-70],[102,-113],[81,-55],[56,-59],[39,-79],[38,-47],[26,-17],[22,-49],[56,-95],[60,-48],[154,23],[13,-41],[59,-85],[-2,-80],[35,-71],[-7,-95],[-59,-95],[-69,-78],[-27,-17],[-57,-100],[-73,-77],[-50,-92],[-57,-64],[-24,-44],[-23,-124],[-17,-51],[11,-64],[-19,-30],[-6,-56],[-34,-26],[-43,-117],[-22,-84],[-28,-62],[-77,-97],[11,-29],[78,-48],[46,-2],[59,-50],[77,-43],[16,-26],[146,-67],[43,-48],[75,-64],[36,-66],[69,-31],[112,-108],[71,-53],[39,-13],[22,-31],[85,-47],[100,-27],[23,-13],[37,-72],[47,-24],[36,6],[106,63],[58,-11],[37,45],[40,8],[50,-64],[67,-59],[52,-61],[43,-25],[64,16],[46,-8],[122,-62],[86,-22],[51,-21],[89,62],[66,8],[29,-8],[59,-62],[54,6],[62,-6],[49,-47],[60,-8],[97,-67],[17,9],[-2,49],[33,57],[46,33],[7,30],[-45,64],[-28,58],[30,22],[65,-2],[82,-12],[37,10],[35,52],[34,9],[20,25],[51,13],[122,60],[71,89],[64,9],[87,50],[56,20],[34,2],[64,53],[54,1],[56,-15],[68,25],[48,32],[87,25],[112,-8],[22,17],[1,63],[10,50],[40,56],[-12,39],[1,50],[-28,40],[-19,91],[-49,16],[-45,38],[-24,4],[-31,36],[-37,15],[-7,28],[-42,88],[-46,47],[-51,89],[-39,37],[45,61],[-6,34],[13,57],[-16,112],[-43,72],[-7,75],[-15,65],[-8,99],[-35,131],[-8,84],[-37,71],[-57,173],[-38,35],[-29,49],[-13,81],[-50,38],[-47,137],[-56,25],[-53,75],[-22,74],[-51,30],[-40,64],[-27,104],[-22,52],[3,48],[35,38],[119,98],[39,51],[14,50],[38,73],[-15,79],[-16,17],[-30,80],[-3,41],[32,62],[-3,109],[-31,62],[14,36],[33,194],[45,53],[51,33],[22,33],[-26,83],[-48,125],[-40,59],[-6,35],[-42,33],[-50,154],[-15,66],[8,41],[-14,47],[-12,90],[3,57],[-29,20],[70,64],[69,30],[52,84],[19,14],[152,-39],[85,-55],[23,-35],[26,-6],[70,17],[52,-54],[79,13],[90,-20],[72,70],[69,39],[23,28],[16,48],[40,45],[48,7],[15,18],[12,103],[42,50],[-25,21],[6,52],[20,48],[2,38],[-13,46],[-2,90],[44,35],[59,16],[37,-5],[32,-20],[42,80],[4,47],[-14,55],[5,41],[39,49],[103,57],[97,31],[63,86],[72,71],[43,53],[63,18],[44,-18],[25,3],[97,56],[66,28],[88,48],[35,66],[-2,129],[-27,80],[-22,20],[-17,40],[-4,53],[21,73],[-9,89],[-54,113],[6,65],[39,30],[68,34],[78,15],[47,39],[52,28],[59,-35],[-13,-33],[5,-70],[29,-41],[51,-29],[-11,-8],[-9,-56],[14,-79],[-4,-33],[37,-21],[26,-50],[53,-42],[5,-95],[-44,-45],[8,-84],[23,-69],[6,-100],[-7,-89],[7,-22],[68,-79],[21,-41],[85,-14],[27,-31],[32,-98],[35,-21],[23,-33],[46,-93],[15,-49],[14,-83],[56,-78],[50,-33],[36,-89],[-1,-22],[-30,-53],[20,-68],[13,-13],[20,-115],[26,-61],[12,-111],[-52,-14],[-162,7],[-73,-7],[-52,-33],[-9,-39],[17,-81],[-47,-93],[-28,-37],[-4,-43],[34,-122],[12,-77],[40,-37],[35,-76],[13,-102],[-13,-92],[31,-91],[17,-88],[35,-99],[68,-83],[13,-37],[-1,-48],[-34,-86],[43,-50],[10,-32],[-8,-60],[39,-118],[45,-44],[71,-34],[25,-109],[0,-31],[-56,-113],[-39,-46],[-9,-110],[6,-81],[-24,-157],[5,-50],[22,-76],[28,-65],[3,-97],[6,-12],[-13,-83],[17,-91],[-3,-36],[23,-52],[29,-99],[-2,-45],[26,-76],[11,-56],[29,-41],[45,-37],[27,-10],[23,-34],[17,-61],[41,-21],[57,-15],[57,19],[84,15],[115,55],[-1,-34],[113,81],[35,15],[64,-1],[133,27],[51,28],[112,-14],[82,-35],[68,3],[23,-26],[43,-20],[118,8],[56,27],[51,-35],[37,-42],[86,-73],[8,-47],[49,-67],[17,-49],[-5,-166],[62,-54],[22,-38],[15,-65],[64,19],[23,-9],[47,-93],[32,-19],[3,-24],[39,-39],[62,-30],[60,-20],[372,480],[8,-13],[-12,-80],[8,-48],[41,-110],[48,-70],[-42,-115],[25,-8],[54,-71],[22,-77],[31,-27],[21,-49],[79,-99],[61,32],[88,55],[67,19],[108,-3],[27,-18],[145,11],[71,-21],[68,-34],[80,-29],[34,-4],[50,-85],[83,-83],[81,-166],[48,1],[81,-41],[38,-37],[44,-79],[115,-100],[24,-58],[-3,-52],[58,-71],[11,-56],[30,-45],[45,22],[157,34],[36,14],[118,0],[58,13],[44,-8],[67,-25],[116,-20],[70,-54],[24,87],[34,64],[32,39],[43,29],[58,27],[88,7],[22,21],[18,96],[63,93],[159,158],[75,57],[4,119],[-14,49],[-41,73],[-26,74],[66,135],[52,19],[45,36],[131,5],[44,-11],[56,68],[50,33],[87,15],[49,15],[26,-6],[9,67],[86,67],[48,-15],[146,15],[145,-1],[62,-16]],[[86886,30714],[-55,-37],[-106,-58],[-167,-101],[-175,-73],[-80,-21],[-217,-39]],[[86086,30385],[-65,94],[-80,65],[-30,85],[-14,108],[0,131],[24,100],[36,83],[-113,50],[-23,15],[48,124],[-4,58],[20,58],[-22,30],[15,25],[-17,66],[2,69],[-11,43],[-29,24],[-42,5],[-30,53],[-57,28],[-53,70],[-21,62],[124,79],[53,56],[22,46],[61,-16],[51,36],[39,53],[30,16],[53,7],[81,-22],[-10,40],[-62,96],[-58,59],[-38,18],[-74,57],[-29,4],[-66,-29],[-41,3],[-47,35],[-51,17],[-18,29],[20,150],[39,122],[73,30],[27,53],[-15,108],[8,19],[-38,46],[-43,79],[-73,69],[-44,70],[-38,76],[-50,49],[-67,42],[-105,49],[-81,19],[-23,43],[-39,24],[-39,68],[-42,161],[-30,72],[-25,1],[-57,37],[-42,-46],[-32,-5],[-48,-64],[6,-33],[-15,-28],[29,-79],[-14,-55],[-60,-42],[-16,-53],[-21,-20],[-32,-2],[15,33],[14,90],[-3,58],[-37,92],[-30,47],[-37,91],[13,46],[-32,52],[-4,66],[74,77],[103,97],[45,12],[-26,94],[-72,235],[-22,45],[-68,62],[-45,-19],[-76,76],[-35,14],[-55,42],[-59,19],[-22,-6],[-74,-64],[-62,-26],[-132,-16],[-5,32],[45,105],[-2,27],[-31,46],[-51,19],[-93,-8],[-21,-13],[-56,69],[-25,0],[-32,24],[-26,52],[-47,41],[-51,62],[-15,44],[43,26],[55,60],[38,-5],[43,12],[26,26],[21,45],[-7,47],[-30,58],[-24,66],[-4,34],[38,31],[77,-13],[66,8],[-4,71],[-41,55],[-7,64],[-40,50],[35,82],[47,7],[112,73],[14,131],[-38,34],[-18,55],[0,38],[19,30],[-39,15],[0,47],[68,17],[-7,22],[23,54],[40,51],[-11,46],[-44,16],[-1,26],[23,45],[9,91],[10,38],[-75,-2],[-50,16],[-147,74],[-130,24],[-72,4],[-92,-3],[-56,14],[-119,-5],[-75,-15],[-160,11],[-55,-58],[-61,-91],[-45,15],[-27,22],[-26,48],[-11,87],[-60,-12],[-113,4],[-71,-10],[-59,2],[-56,32],[-35,48],[-98,-6],[-57,5],[-13,-11],[-43,40],[-55,19],[-42,-11],[-41,41],[-67,-52],[-20,-27],[-19,7],[-33,-57],[-1,-19],[-36,-31],[-32,-73],[-37,-30],[-50,-6],[-55,-31],[-33,-53],[-50,-6],[-26,54],[-38,37],[-32,-18],[-46,24],[-48,-1],[-35,-24],[-13,18],[21,27],[27,88],[9,66],[23,37],[18,118],[-6,62],[28,58],[31,13],[10,30],[-20,31],[65,26],[-1,36],[-50,61],[-27,47],[-1,29],[-85,93],[-14,32],[-39,40],[-25,4],[-39,30],[-49,77],[-2,104],[11,59],[-4,69],[-19,73],[-31,35],[-44,97],[-25,31],[-42,89],[-16,10],[-113,2],[35,41],[75,24],[43,-7],[84,-35],[90,-18],[39,-31],[23,-39],[77,-10],[60,25],[20,-20],[113,-22],[66,18],[32,-24],[67,16],[33,-11],[40,-37],[38,-54],[57,0],[7,-37],[38,-18],[80,-1],[32,-23],[27,11],[64,129],[79,19],[23,-6],[57,11],[47,24],[42,44],[18,-3],[23,49],[68,11],[65,40],[66,-3],[52,-19],[33,20],[33,40],[38,-1],[45,-18],[113,18],[118,43],[95,2],[107,32],[48,-18],[48,8],[50,-49],[78,-30],[72,-2],[23,9],[110,-22],[34,-29],[38,-56],[44,-29],[60,-26],[37,-56],[107,-22],[82,-49],[24,-31],[56,38],[20,42],[33,17],[65,2],[66,-17],[55,12],[117,-87],[91,-2],[77,-37],[58,59],[-65,89],[-28,26],[-11,150],[6,67],[-12,48],[4,51],[-29,46],[-22,67],[29,64],[27,39],[21,7],[144,-50],[138,29],[45,4],[58,-15],[96,1],[53,20],[29,-16],[118,-22],[10,62],[15,9],[48,-18],[18,-42],[19,-7],[67,45],[22,-54],[31,-21],[34,-4],[14,-46],[16,-10],[97,30],[64,-35],[27,7],[31,44],[31,-3],[8,-30],[39,-10],[25,9],[21,34],[-10,44],[16,62],[74,-26],[9,-38],[-37,-18],[2,-32],[98,-22],[52,8],[63,-74],[68,31],[56,-78],[60,2],[19,107],[73,98],[47,26],[23,39],[64,32],[61,52],[95,62],[85,69],[34,-13],[21,47],[55,22],[19,36],[28,-24],[46,0],[45,22],[49,-27],[36,8],[15,43],[45,-14],[25,8],[35,-33],[54,14],[27,57],[51,9],[25,-49],[26,-11],[77,-2],[50,40],[53,7],[30,-23],[25,12],[47,-22],[91,33],[91,53],[-12,57],[-25,11],[-1,63],[25,99],[-15,33],[23,46],[9,118],[29,70],[84,159],[18,82],[2,88],[-17,104],[4,49],[20,69],[28,56],[30,37],[47,99],[38,52],[30,9],[43,36],[52,59],[25,71],[12,81],[3,68],[21,72],[69,75],[40,20],[9,36],[-12,26],[28,42],[25,5],[57,-22],[20,58],[22,3],[-17,38],[-6,69],[21,52],[-17,23],[-10,46],[30,29],[-32,70],[-4,86],[-50,42],[-29,47],[-28,68],[6,27],[40,47],[15,93],[-11,45],[38,39],[35,76],[33,30],[9,42],[21,35],[-25,6],[-53,72],[-51,53],[-43,21],[-57,-4],[-22,-12],[-38,-54],[-7,-35],[12,-29],[70,-20],[59,-48],[22,-59],[-37,-40],[-54,-5],[-58,15],[-194,88],[-104,16],[-40,-14],[-37,11],[-30,28],[-13,71],[11,60],[-34,109],[-46,43],[-116,16],[-98,-30],[-86,-4],[-55,14],[-65,32],[-45,52],[-9,65],[-17,23],[-35,8],[-30,-49],[-22,-14],[-47,4],[-92,52],[-49,3],[-41,17],[-83,-63],[-67,-35],[-64,-3],[-39,19],[-40,38],[-45,93],[-49,72],[-41,20],[-57,-14],[-25,-52],[-76,-90],[-57,-38],[-88,-79],[-35,3],[-80,85],[-29,9],[-71,-16],[-52,-2],[-62,38],[-12,46],[41,40],[32,62],[-82,69],[-58,23],[-209,59],[-131,81],[-37,-2],[-48,-20],[-34,-33],[-64,-44],[-72,-6],[-17,40],[7,88],[-8,18],[-60,22],[-41,-24],[-54,-53],[-72,-26],[-134,-32],[-44,-14],[-42,-51],[-3,-50],[23,-57],[-18,-83],[-59,-26],[-57,0],[-78,28],[-19,38],[22,106],[-29,52],[-54,14],[-50,-4],[-41,-26],[-10,-39],[11,-34],[52,-72],[20,-61],[-8,-88],[-13,-38],[-21,-14],[-76,-8],[-62,14],[-76,31],[-101,51],[-77,50],[-98,84],[-55,35],[-24,-6],[-49,-60],[-42,-33],[-66,-11],[-58,1],[-66,-17],[-28,8],[-50,40],[-138,198],[-44,28],[-81,12],[-72,42],[-42,48],[-55,92],[-21,55],[-57,121],[-65,102],[-77,94],[-46,39],[-82,51],[-64,12],[-41,45],[-54,38],[-130,-16],[-4,-53],[43,-79],[-25,-43],[-45,15],[-98,96],[-134,24],[-41,-47],[-1,-56],[69,-23],[35,-57],[-28,-43],[-79,10],[-109,83],[-65,41],[-13,88],[-26,28],[-68,26],[-65,34],[-99,87],[-55,134],[-30,37],[-41,-4],[-79,-65],[-60,-32],[-46,-4],[-59,17],[-62,35],[-65,2],[-59,-39],[-54,36],[-65,97],[-59,55],[-37,-3],[-19,-21],[-14,-85],[-23,-47],[-41,-46],[-17,-4],[-55,29],[-32,69],[2,31],[56,55],[-9,41],[-58,59],[-79,27],[-50,-21],[-77,-68],[-93,-126],[-17,-51],[-33,-49],[-71,-132],[-62,-106],[-61,-145],[-46,-6],[-84,4],[-65,-52],[-34,-55],[-45,45],[-18,51],[-33,8],[-99,-50],[-31,-29],[-31,18],[-19,53],[-5,50],[7,45],[-18,62],[-7,72],[12,38],[30,24],[4,48],[-23,17],[-123,-4],[-103,50],[-32,44],[16,37],[113,152],[-7,30],[-39,12],[-66,-5],[-45,22],[-12,64],[-52,40],[-49,-26],[-26,-61],[-62,-65],[-170,-44],[-56,-6],[-24,8],[-29,41],[-31,72],[-40,55],[-50,42],[-30,7],[-81,-7],[-62,-16],[-138,-12],[-63,14],[-37,-13],[-28,27],[5,23],[60,85],[3,60],[-71,122],[-50,40],[-43,-21],[-33,-53],[-10,-104],[-35,-56],[-23,-10],[-106,16],[-159,-148],[-101,-40],[-32,27],[-37,5],[-101,-40],[-50,-1],[-41,54],[-7,43],[20,122],[-10,40],[-29,31],[-58,23],[-43,4],[-22,-33],[19,-80],[-5,-83],[-51,-65],[-24,-64],[-43,-71],[-29,-23],[-43,24],[-6,25],[26,94],[-20,50],[-64,68],[-72,115],[-43,36],[-115,51],[-67,-12],[-61,-63],[-10,-26],[17,-46],[74,-57],[55,3],[7,-26],[-22,-42],[-63,-71],[-104,-40],[-75,-4],[-51,14],[-68,47],[-26,5],[-43,-18],[-26,-38],[-50,-100],[-52,-29],[-62,33],[-74,24],[-95,51],[-66,18],[-70,40],[-53,73],[-105,87],[-63,-21],[-106,-22],[-25,-27],[-34,-65],[-31,-30],[-19,5],[-74,54],[-45,43],[-56,17],[-9,22],[11,46],[77,65],[32,36],[3,37],[-55,83],[27,63],[67,29],[62,47],[136,48],[55,55],[39,26],[51,56],[20,58],[18,96],[46,92],[81,116],[34,56],[48,59],[46,75],[63,22],[33,91],[27,52],[44,34],[55,11],[59,-27],[41,-44],[74,-38],[90,-15],[68,-17],[34,-24],[57,-72],[98,-97],[16,-44],[58,-34],[47,-3],[73,-24],[42,-22],[58,-44],[24,0],[85,68],[36,-9],[26,-34],[39,-2],[18,15],[29,56],[28,34],[47,4],[74,37],[31,39],[45,0],[34,-14],[35,13],[37,82],[47,69],[98,-9],[26,-26],[14,-37],[58,-14],[39,5],[117,41],[64,17],[97,-2],[89,-44],[18,2],[33,51],[-10,56],[10,32],[23,9],[108,-25],[11,29],[-22,93],[-7,120],[19,11],[124,23],[65,20],[72,54],[50,56],[54,48],[47,61],[17,81],[-22,58],[8,34],[34,69],[6,42],[-8,127],[-36,53],[-41,3],[-59,31],[-25,97],[-21,46],[-43,41],[-66,-15],[-17,11],[-13,104],[-18,22],[-37,6],[-52,-11],[-34,3],[-81,109],[-34,94],[-28,20],[-50,-33],[-40,-10],[-78,6],[-130,38],[-44,20],[-25,26],[8,36],[45,58],[2,44],[-36,33],[-46,3],[-27,46],[15,57],[42,107],[-1,93],[18,64],[35,82],[-18,51],[-46,91],[-1,36],[47,10],[76,-8],[45,41],[15,63],[52,121],[21,29],[62,38],[95,42],[26,25],[-36,33],[-54,75],[-22,54],[-1,107],[-68,56],[-34,9],[-41,-7],[-48,16],[-65,43],[-32,36],[-14,54],[38,90],[30,43],[-4,42],[-40,31],[-65,73],[-26,2],[-32,29],[-54,24],[-18,116],[3,56],[-12,28],[10,67],[-15,38],[-66,22],[-42,36],[-109,38],[-127,-17],[-23,-10],[-120,-91],[-60,52],[-66,39],[-32,28],[-85,-24],[-37,8],[-91,55],[-70,86],[-27,11],[-23,34],[-27,-23],[-34,12],[-41,-18],[-26,-72],[-96,-107],[-8,-46],[-21,-18],[-102,-24],[-58,-53],[-65,-29],[-76,-1],[-42,83],[-30,24],[-46,13],[-58,-7],[-84,46],[45,71],[35,130],[14,106],[-47,33],[-34,4],[-21,24],[-50,-17],[-42,12],[-61,0],[-28,-38],[-68,-23],[-31,10],[-63,61],[-51,-20],[-13,-24],[-48,-42],[-52,-83],[-132,-37],[-45,34],[-25,54],[-76,77],[-64,-45],[-51,8],[-53,-16],[-40,-48],[-34,-9],[-30,-30],[-65,-4],[-9,-18],[-31,48],[-40,35],[-7,26],[8,53],[-21,85],[-17,22],[-6,63],[-50,2],[-54,17],[-46,80],[-12,48],[5,47],[-19,19],[-70,22],[-25,82],[-46,11],[-83,45],[-41,60],[-85,91],[-23,125],[-59,112],[-12,63],[-15,24],[-23,-13],[-92,-90],[-13,0],[-136,196],[-45,78],[-44,47],[-30,19],[-50,10],[-15,43],[-2,76],[11,23],[-27,56],[-92,58],[-19,23],[4,63],[-27,30],[-12,68],[-19,24],[-55,27],[-21,25],[-66,34],[1,38],[-62,9],[-51,-89],[-47,-3],[-17,-29],[-57,5],[-88,-64],[-67,-36],[-49,6],[-129,-34],[-64,4],[-54,36],[-89,-15],[-54,24],[-47,-12],[-56,74],[-75,31],[-26,57],[-37,40],[-35,7],[-107,-59],[-92,-82],[-86,-1],[-68,6],[-69,-10],[-50,-50],[-116,-31],[-46,36],[-40,-58],[-53,-39],[-26,63],[-46,59],[11,31],[-8,60],[-87,100],[-60,26],[-75,-5],[-29,5],[-15,23],[-9,97],[-51,35],[-42,57],[-10,38],[-2,70],[-47,83],[-100,77],[-70,8],[-28,58],[-19,16],[-51,-3],[-62,37],[-56,4],[-18,17],[-15,76],[4,32],[-46,71],[-33,25],[-34,54],[-59,55],[10,57],[-52,20],[-42,41],[-41,98],[-96,84],[-7,37],[8,74],[-17,25],[-71,1],[-61,54],[-58,24],[-25,23],[-11,57],[-29,43],[-58,51],[-68,26],[-65,67],[-44,62],[-93,53],[-23,52],[-34,12],[-25,73],[-24,17],[-41,-36],[-27,-8],[-24,-45],[-26,-23],[-27,-51],[-74,-44],[-23,-49],[-30,-16],[-72,-71],[-31,-10],[-44,101],[-62,44],[-33,112],[-46,18],[-62,71],[-25,8],[-97,-114],[-58,-20],[-14,-49],[-61,-39],[-38,-48],[-35,-64],[-45,-43],[-38,-77],[-72,-84],[-96,-38],[-69,17],[-30,78],[-9,87],[-37,31],[-33,-26],[-46,3],[-49,-12],[-49,-68],[-63,-24],[-48,-35],[-44,-6],[-27,17],[-29,-12],[-30,8],[-56,40],[-49,55],[-78,15],[-40,-5],[-50,28],[18,41],[12,58],[4,81],[10,39],[-7,73],[5,41],[32,80],[14,54],[-2,59],[-11,41],[-21,17],[-62,-12],[-31,30],[-12,36],[-35,35],[-54,130],[-57,101],[-64,30],[-21,20],[-51,10],[-5,49],[-54,115],[-25,27],[-104,72],[-31,44],[-5,95],[8,91],[-6,58],[-27,20],[-16,35],[-56,36],[-72,88],[-58,-6],[-32,15],[-61,6],[-72,19],[-31,22],[-43,70],[-72,65],[-29,0],[-77,-66],[-45,1],[-34,-12],[-61,-4],[-78,34],[-19,20],[-122,42],[-55,10],[-57,-3],[-18,10],[-51,78],[-22,80],[-47,39],[-58,24],[-82,-31],[-55,3],[-19,12],[-51,90],[-42,111],[-7,54],[-26,26],[-13,76],[-56,117],[-26,36],[-101,49],[-48,32],[-88,72],[-64,70],[-61,5],[-123,-21],[-101,-34],[-46,14],[-91,45],[-90,-7],[-56,19],[23,37],[21,82],[-8,70],[-37,149],[-81,47],[-43,58],[-24,65],[2,63],[44,78],[3,21],[-51,50],[-18,35],[-15,92],[-15,29],[-41,19],[-32,30],[-12,39],[12,47],[26,42],[-45,26],[-78,-10],[-18,26],[5,45],[-42,29],[-60,-23],[-50,8],[-32,-7],[-48,25],[-106,-27],[-109,18],[-34,20],[-9,23],[54,78],[20,82],[-20,93],[6,116],[-9,43],[-61,106],[-29,34],[-43,124],[25,58],[-1,58],[21,69],[-88,59],[-31,38],[-29,55],[-36,91],[-86,76],[-35,44],[-36,17],[-69,-13],[-44,6],[-87,74],[-26,4],[-59,54],[-9,23],[19,56],[-4,38],[-28,25],[-56,104],[-1,138],[-50,52],[-4,72],[-38,76],[13,82],[83,61],[84,32],[47,-22],[59,5],[51,-13],[89,-58],[63,-22],[77,-7],[57,8],[119,73],[7,24],[-12,46],[-49,40],[-84,37],[-56,71],[-54,78],[-33,18],[-73,81],[-81,112],[-24,63],[-29,48],[-13,65],[-17,39],[-7,65],[-30,18],[-127,131],[-47,31],[-44,66],[18,14],[59,-21],[41,5],[115,-15],[78,4],[21,11],[67,7],[149,95],[34,37],[70,50],[30,51],[42,5],[38,30],[62,66],[-54,49],[-4,42],[23,42],[0,47],[-11,36],[33,68],[-24,49],[-13,92],[35,115],[-2,51],[32,86],[2,24],[-26,79],[31,46],[16,47],[-3,98],[17,61],[39,-5],[11,41],[41,31],[75,17],[65,-4],[39,-10],[48,-36],[44,-1],[33,-21],[48,-68],[91,-27],[22,-56],[42,-41],[78,-18],[27,-33],[96,-13],[38,-53],[24,-53],[20,-18],[98,11],[32,-40],[57,-8],[40,-67],[55,-32],[26,-45],[99,-72],[26,50],[54,58],[-4,36],[67,82],[32,191],[24,76],[65,112],[-6,54],[11,34],[-2,75],[-17,37],[-38,-5],[-31,26],[-54,86],[-24,15],[-44,-23],[-85,13],[-63,59],[-26,7],[-28,39],[-76,61],[-40,19],[-65,165],[-65,102],[-41,44],[-27,115],[-17,25],[3,33],[25,56],[2,36],[67,154],[-12,68],[19,28],[43,20],[86,29],[90,60],[113,143],[55,148],[0,29],[54,57],[89,24],[45,27],[65,-29],[52,-53],[15,-35],[34,-20],[77,28],[17,-37],[47,-7],[32,-48],[106,6],[33,-26],[36,-4],[42,23],[51,0],[82,-44],[84,1],[39,-7],[54,36],[38,73],[34,23],[63,-1],[49,-18],[130,-2],[125,108],[38,11],[107,-59],[77,-57],[58,-91],[69,-67],[19,-1],[144,54],[75,39],[70,-2],[99,11],[86,37],[50,14],[34,35],[43,111],[82,38],[53,35],[155,50],[131,-51],[55,-10],[75,-36],[69,-19],[64,-7],[24,18],[-8,18],[13,51],[1,90],[-11,108],[-11,44],[10,47],[24,48],[46,57],[8,44],[92,122],[17,61],[-3,43],[14,24],[-7,51],[20,98],[-23,48],[-44,23],[-9,40],[-54,30],[-17,46],[11,72],[28,59],[57,37],[42,-41],[65,-33],[70,2],[95,-12],[32,37],[47,1],[29,24],[28,50],[121,105],[-6,30],[-37,95],[-5,54],[-39,51],[19,88],[15,27],[106,29],[28,29],[26,105],[33,39],[-20,44],[-37,52],[15,78],[-8,70],[18,33],[-14,56],[-39,42],[-42,81],[-34,95],[12,59],[-33,56],[-4,45],[41,109],[-9,29],[-47,27],[-21,44],[11,76],[-14,94],[10,75],[16,64],[39,54]],[[69256,66884],[102,21],[93,-2],[77,-11],[40,-15],[89,-12],[84,-37],[88,-5],[62,-18],[122,-11],[88,3],[71,-11],[86,-62],[75,-41],[42,-42],[54,-21],[27,-43],[84,-58],[84,-40],[80,-18],[50,25],[78,24],[57,41],[97,140],[54,28],[43,37],[55,9],[103,-44],[75,-47],[32,-102],[17,-29],[121,-62],[72,-64],[101,-46],[71,-43],[84,-27],[102,5],[148,-34],[85,-37],[58,-53],[35,42],[79,62],[154,73],[116,43],[101,58],[51,8],[166,11],[63,41],[32,36],[55,20],[116,2],[104,44],[48,10],[99,3],[139,-30],[24,-13],[166,-29],[55,12],[52,-4],[81,-47],[44,-15],[129,13],[46,73],[25,15],[46,59],[68,54],[91,88],[34,61],[19,67],[7,83],[15,54],[111,52],[17,17],[85,151],[30,33],[83,-11],[124,-32],[57,-22],[67,6],[161,-9],[73,25],[122,59],[63,19],[114,55],[53,5],[64,28],[40,8],[54,28],[47,3],[70,21],[100,-20],[77,54],[98,38],[54,43],[56,69],[54,107],[66,2],[136,45],[45,-3],[128,9],[124,24],[21,116],[57,99],[-5,57],[1,96],[20,40],[10,94],[-11,96],[-27,48],[-20,58],[-8,115],[-113,138],[-9,196],[68,148],[18,69],[-5,46],[-59,68],[-8,48],[24,67],[-6,50],[12,75],[61,30],[133,23],[51,-7],[78,-81],[43,-23],[48,65],[39,34],[5,36],[-14,56],[14,63],[34,55],[31,26],[27,51],[4,34],[-12,71],[-4,75],[5,82],[-62,161],[-42,44],[-29,62],[-10,50],[57,57],[42,88],[67,81],[80,64],[54,23],[53,42],[43,74],[44,51],[30,52],[44,33],[35,48],[32,77],[43,42],[30,144],[94,26],[59,51],[44,60],[55,39],[39,82],[30,37],[74,73],[19,28],[54,113],[73,95],[37,26],[47,69],[31,115],[-5,61],[-12,23],[3,45],[32,66],[66,13],[64,-24],[56,-30],[52,43],[65,106],[61,145],[91,33],[59,87],[23,86],[-1,40],[-20,62],[24,29],[43,23],[18,25],[37,100],[4,76],[-15,51],[31,63],[23,72],[30,9],[39,73],[31,20],[113,39],[26,-6],[72,-83],[31,-62],[32,-11],[76,8],[15,21],[11,55],[44,58],[44,40],[20,34],[2,84],[10,53],[-8,97],[-18,51],[14,73],[18,43],[10,79],[15,35],[-60,102],[-52,137],[76,55],[26,50],[-4,25],[-37,41],[-13,41],[12,76],[15,40],[-8,77],[-40,86],[-12,42],[-1,62],[79,120],[65,150],[-3,146],[-16,115],[21,60],[6,51],[23,38],[139,55],[99,0],[11,15],[-4,97],[-40,142],[13,124],[21,114],[-7,25],[-65,43],[-15,57],[-29,46],[-36,23],[-19,34],[-70,35],[-94,85],[-25,48],[6,86],[26,30],[94,-19],[41,80],[77,59],[67,114],[72,8],[48,-4],[47,10],[222,-91],[55,-5],[28,15],[43,59],[16,74],[-37,87],[-7,66],[11,82],[14,52],[75,64],[75,27],[42,46],[52,9],[113,-40],[106,-2],[95,16],[87,-11],[-36,45],[9,114],[10,38],[-22,66],[-44,70],[-40,46],[13,48],[6,96],[-14,86],[29,55],[-15,48],[-68,97],[-36,25],[-40,10],[-136,55],[-12,40],[-7,83],[12,43],[0,53],[-20,45],[49,70],[32,32],[-2,45],[-71,84],[-114,74]],[[80743,78843],[26,18],[82,119],[31,85],[-79,48],[-44,47],[1,88],[-8,59],[17,67],[-18,93],[-40,42],[-2,111],[20,6],[75,-8],[67,40],[80,29],[29,23],[57,-5],[102,19],[99,68],[107,82],[104,116],[109,154],[24,50],[43,49],[36,73],[58,159],[43,44],[79,27],[60,78],[35,71],[16,57],[31,-3],[126,-40],[80,-41],[52,14],[84,35],[61,44],[46,0],[86,-21],[45,-1],[48,37],[129,-57],[69,19],[60,-16],[53,-34],[50,7],[47,-23],[57,-46],[60,2],[79,19],[67,82],[13,85],[44,-7],[80,33],[40,-13],[26,-61],[40,-20],[120,43],[28,24],[57,19],[36,42],[114,29],[7,34],[-10,48],[19,29],[36,10],[51,37],[5,44],[-39,47],[-13,49],[-15,96],[-35,91],[-15,23],[-34,101],[-32,45],[14,110],[54,67],[10,56],[74,-5],[42,18],[33,51],[87,49],[38,95],[30,43],[-21,43],[-45,64],[30,20],[58,64],[18,36],[-10,46],[12,40],[100,20],[132,0],[22,-14],[43,-70],[93,-45],[31,14],[78,62],[72,-70],[17,-6],[92,21],[34,0],[63,-38],[38,13],[114,101],[20,81],[5,69],[18,67],[28,19],[67,11],[85,38],[144,14],[68,56],[147,49],[106,86],[57,26],[33,1],[54,-15],[74,-7],[78,-16],[24,61],[38,71],[89,61],[66,-31],[51,-33],[113,-22],[107,17],[95,-81],[78,-52],[112,33],[25,2],[104,-53],[64,-41],[127,5],[39,14],[35,48],[19,46],[59,68],[17,46],[32,45],[41,24],[47,50],[33,48],[35,22],[49,-7],[163,-41],[84,-26],[123,-85],[125,-78],[34,-53],[62,-7],[23,-14],[48,-75],[27,-27],[52,-21],[29,-28],[40,-76],[3,-72],[-41,-87],[-64,-48],[-82,-34],[-70,-1],[-42,-79],[47,-57],[98,-26],[82,-45],[0,-22],[43,-4],[102,26],[78,-18],[66,-26],[37,-35],[43,-83],[32,-30],[81,15],[75,-6],[36,-17],[26,-35],[21,-52],[69,195],[71,63],[130,84],[88,83],[34,-1],[99,-40],[110,-58],[-6,-72],[18,-39],[28,-16],[28,-60],[42,-22],[43,-5],[43,11],[41,-12],[59,-55],[48,-60],[36,-9],[169,57],[74,43],[64,104],[44,59],[45,1],[54,-13],[71,-36],[52,-18],[103,-56],[25,-34],[20,-55],[35,-22],[107,-31],[124,-128],[54,-30],[79,-7],[-56,-45],[6,-39],[35,-42],[56,-31],[-5,-89],[-42,-81],[-9,-45],[-35,-34],[-106,-44],[-5,-65],[41,-47],[3,-26],[-65,-115],[0,-24],[38,-35],[-28,-88],[17,-46],[72,-80],[76,31],[98,-44],[44,-3],[62,-21],[86,-45],[53,-50],[47,-15],[68,-61],[32,-13],[179,107],[95,38],[134,7],[82,-13],[97,-5],[94,-29],[19,-30],[110,-33],[38,1],[41,74],[50,39],[108,43],[99,23],[47,-9],[25,-51],[67,-25],[49,-30],[15,-60],[28,-36],[-89,-157],[-20,-80],[-6,-76],[11,-76],[-16,-54],[36,-74],[12,-116],[-74,-32],[-101,-92],[-41,-70],[-40,-33],[-64,11],[-96,47],[-83,-30],[-11,-45],[-99,-123],[-91,-24],[-106,-162],[67,-105],[-26,-63],[-42,-52],[-33,-26],[51,-125],[11,-42],[44,-50],[-3,-95],[53,-54],[-45,-163],[-29,-60],[26,-106],[18,-95],[64,-72],[13,-45],[46,-81],[3,-82],[10,-74],[-26,-89],[34,-126],[-9,-71],[19,-86],[34,-33],[200,-83],[86,-27],[90,-18],[169,-19],[-10,-275],[-5,-51],[26,-93],[16,-103],[-2,-53],[-52,-61],[-28,-57],[-48,-12],[-18,-70],[19,-61],[-5,-40],[-71,-153],[-43,-78],[-103,-110],[39,-83],[-34,-93],[9,-124],[-2,-69],[35,-38],[11,-40],[1,-149],[-8,-61],[23,-105],[10,-115],[-5,-66],[122,-14],[30,4],[115,88],[135,67],[32,43],[64,-7],[101,9],[100,-5],[67,-17],[73,-44],[55,-46],[69,-84],[88,-66],[31,-2],[47,18],[35,-7],[53,-53],[68,-137],[21,-16],[0,-129],[-28,-96],[28,-40],[0,-421],[-91,-100],[-22,-52],[-18,-101],[-26,-98],[-31,-75],[3,-40],[31,-67],[1,-36],[-53,-99],[-8,-54],[20,-49],[-13,-65],[8,-41],[53,-97],[10,-45],[-21,-35],[-15,-55],[-26,-40],[6,-67],[-22,-17],[-61,2],[-22,-75],[15,-44],[-69,-80],[-33,-110],[9,-94],[-14,-103],[-51,-179],[-24,-47],[-36,-14],[10,-37],[-21,-138],[-5,-68],[5,-137],[-17,-76],[-40,-55],[12,-75],[-16,-55],[-43,-87],[10,-98],[42,-118],[43,-71],[17,-50],[3,-66],[-20,-106],[27,-94],[32,-34],[52,-13],[83,9],[39,-5],[56,-34],[94,2],[79,-24],[93,5],[77,-10],[38,6],[27,56],[56,85],[112,58],[62,0],[38,-44],[22,-43],[62,-34],[19,-22],[7,-82],[31,-80],[104,-32],[85,-53],[84,-73],[28,-107],[115,-77],[123,-45],[22,-20],[125,-26],[41,-32],[65,-21],[48,-3],[94,18],[60,-40],[57,-25],[24,-47],[11,-47],[27,-39],[69,-8],[51,34],[84,22],[47,42],[7,74],[57,54],[69,54],[42,15],[44,-25],[33,-65],[33,-39],[116,-103],[43,-48],[46,-71],[3,-25],[84,0],[116,62],[59,-25],[28,4],[46,45],[24,7],[46,42],[53,-7],[57,-27],[62,-40],[48,-11],[98,-2],[76,-21],[111,-53],[119,-98],[46,-28],[90,-11],[18,-23],[-13,-70],[5,-114],[-20,-33],[-1,-35],[-27,-50],[-57,-32],[-31,-5],[-69,-72],[-15,-37],[27,-52],[4,-129],[74,-10],[42,-32],[81,2],[110,42],[36,27],[54,9],[48,-20],[106,-155],[71,-63],[39,-2],[106,-56],[11,-13],[-93,-142],[-26,-73],[28,-160],[0,-69],[18,-88],[57,-68],[45,-30],[51,-53],[146,-80],[-27,-90],[-5,-92],[40,-75],[5,-40],[-48,-73],[-90,-96],[-52,-102],[-20,-96],[112,-57],[105,-23],[110,-47],[17,0],[57,-128],[70,-73],[4,-62],[24,-65],[35,-48],[18,-5],[81,26],[79,-28],[37,-30],[70,-33],[57,-51],[105,5],[38,-51],[4,-43],[33,-71],[64,-36],[68,-126],[52,-19],[55,29],[70,137],[55,60],[54,40],[75,16],[102,12],[22,31],[80,61],[63,-40],[75,-57],[67,-40],[23,-41],[91,21],[55,46],[52,22],[59,-6],[77,-29],[103,43],[32,20],[40,42],[88,74],[72,9],[51,36],[-6,-68],[12,-77],[42,-47],[185,-105],[49,-71],[48,-106],[156,-13],[59,4],[124,-7],[81,41],[44,15],[113,-25],[50,-36],[138,-27],[94,50],[48,6],[73,34],[54,-23],[48,-1],[66,14],[78,5],[18,-14],[51,-92],[74,-22],[32,-27],[49,-22],[80,-55],[33,-51],[49,-31],[8,-18],[13,-129],[73,-35],[56,-86],[12,-33],[-16,-125],[0,-133],[13,-77],[25,-25],[89,-33],[61,0],[69,-44],[29,-67],[34,-45],[49,-14],[47,-88],[5,-55],[-16,-25],[-9,-70],[15,-64],[47,-40],[125,-81],[83,-18],[57,-1],[76,17],[57,-4],[77,-55],[32,-59],[76,-82],[104,-1],[77,-10],[12,-20],[-55,-99],[-33,-84],[-7,-116],[-33,-93],[-44,-75],[0,-27],[31,-66],[62,-64],[5,-26],[-18,-75],[-37,-50],[-23,-53],[-4,-40],[-49,-69],[-25,-18],[135,-55],[95,-16],[44,4],[152,-30],[46,-56],[94,-54],[61,-87],[8,-68],[47,-79],[106,-16],[23,4],[43,-47],[97,-48],[67,-3],[57,11],[47,34],[47,1],[92,-61],[70,-61],[27,-11],[85,-1],[54,-28],[51,6],[38,-38],[47,-23],[68,-12],[53,11],[91,-11],[100,-27],[346,-218],[341,-217],[416,-263],[16,-16],[129,-75],[29,-41],[19,11],[396,-251],[8,47],[106,142],[42,21],[32,59],[80,56],[31,-21],[48,-7],[36,-18],[64,9],[60,39],[147,5],[92,164],[52,27],[90,0],[69,19],[14,64],[19,22],[64,-69],[33,-56],[52,-17],[61,12],[67,40],[98,84],[22,54],[39,6],[84,-23],[70,-1],[47,-12],[64,-4],[87,16],[59,37],[77,-8],[70,-20],[46,-116],[-9,-61],[43,-227],[92,37],[55,44],[83,44],[68,26],[58,33],[70,-17],[60,18],[29,-3],[23,52],[54,38],[48,-1],[77,11],[57,30],[97,77],[41,48],[26,53],[38,36],[9,54],[-30,26],[-78,36],[-41,45],[-7,38],[35,89],[0,26],[32,72],[52,64],[39,17],[27,53],[98,114],[44,39],[17,67],[38,54],[17,66],[30,6],[67,129],[22,65],[39,-1],[49,34],[96,33],[47,84],[53,121],[32,59],[72,48],[128,167],[188,38],[16,74],[0,108],[13,79],[-4,37],[57,17],[120,2],[44,8],[25,28],[2,47],[37,93],[10,47],[-20,85],[55,35],[55,21],[37,-15],[35,-40],[60,-18],[90,-5],[95,-53],[47,-64],[126,-109],[79,-16],[17,12],[92,7],[53,84],[17,49],[47,47],[102,55],[74,48],[153,42],[38,2],[59,66],[34,26],[19,-3],[37,-41],[33,-17],[65,-52],[54,-28],[32,-34],[87,-43],[78,-89],[12,-55],[29,-59],[6,-47],[-5,-58],[13,-34],[35,-16],[72,-9],[80,-97],[52,-34],[-16,-76],[4,-49],[53,-48],[72,-80],[34,-53],[48,-35],[27,-63],[35,-45],[-2,-48],[46,7],[100,-17],[26,18],[57,17],[86,-12],[117,36],[54,4],[17,-22],[38,5],[42,-45],[108,-30],[14,-26],[-15,-34],[-24,-101],[-43,-104],[33,-34],[41,-10],[62,5],[44,-23],[116,-93],[-14,-84],[-1,-79],[-26,-30],[-29,-54],[-11,-86],[-27,-70],[-29,-17],[-49,-67],[-9,-104],[-39,-29],[-98,-50],[-19,-30],[-84,-73],[-73,-33],[-38,-9],[9,-69],[26,-78],[15,-19],[57,-26],[62,-78],[30,-127],[-23,-40],[-3,-70],[38,-56],[30,-61],[65,-59],[42,-25],[10,-36],[43,-49],[1,-19],[-38,-39],[-21,-53],[-47,-71],[-48,-31],[2,-31],[80,-177],[-8,-35],[21,-171],[-4,-54],[-53,-122],[-3,-25],[16,-106],[-11,-54],[-24,-13],[-137,-3],[-23,-11],[-75,5],[-74,15],[-61,4],[-63,-38],[-3,-49],[-22,-113],[26,-113],[-2,-26],[-67,-64],[-1,-50],[-21,-62],[-65,-97],[-31,-26],[-22,-44],[13,-141],[-24,-71],[14,-73],[-7,-41],[-45,-74],[-10,-59],[-30,-55],[-164,-132],[-64,-5],[-32,21],[-62,-13],[-103,-9],[-73,8],[-32,11],[-12,34],[-95,9],[-57,-46],[-63,-9],[-30,-22],[-9,-67],[-17,-39],[-65,-28],[-18,-42],[-10,-122],[2,-84],[-30,-38],[-30,-61],[-76,-111],[-50,-105],[-74,-47],[-34,-42],[-3,-50],[20,-96],[37,-80],[70,-68],[58,-35],[61,-20],[58,-10],[31,-23],[0,-57],[-23,-89],[-14,-128],[19,-87],[-3,-43],[18,-88],[29,-76],[10,-67],[35,-128],[2,-70],[-37,-93],[-2,-31],[16,-72],[32,-52],[46,-103],[109,-106],[22,-45],[18,-80],[-5,-40],[-27,-27],[-60,-82],[-13,-32],[3,-78],[-21,-96],[8,-88],[16,-49],[-8,-58],[-22,-38],[-60,-22],[-42,-38],[-39,-89],[-7,-116],[-29,-129],[-50,-119],[-4,-27],[-36,-64],[-23,-86]],[[69256,66884],[-87,-21],[-27,4],[-57,36],[-40,8],[-82,-2],[-48,-40],[-57,-18],[-60,1],[-80,-14],[-45,-30],[-42,-5],[-57,-29],[-35,15],[-20,85],[-41,39],[-59,31],[-125,121],[4,71],[-8,108],[-45,88],[-35,50],[-13,45],[-69,30],[-38,47],[-47,75],[-62,74],[-27,19],[-56,72],[-38,14],[-32,28],[-29,51],[-27,135],[-81,-28],[-110,-79],[-37,-57],[-21,-7],[-1,27],[-64,79],[-164,55],[-124,1],[-97,28],[-52,-10],[-74,55],[-88,83],[-56,37],[-93,14],[-42,-2],[-103,-23],[-60,-44],[-59,41],[-36,47],[-38,33],[-102,107],[-83,25],[-65,-10],[-135,79],[-52,43],[-50,-7],[-99,-54],[-86,24],[-123,-54],[-79,37],[-49,46],[-14,104],[-30,55],[-41,40],[-42,23],[-43,117],[-51,24],[-3,105],[-70,0],[-61,-13],[-73,29],[-89,70],[-45,10],[-23,109],[-55,36],[-84,-46],[-31,-8],[-108,25],[-33,-17],[-125,-9],[-35,16],[-59,-2],[-48,35],[-142,73],[-114,-12],[-49,1],[-34,21],[-88,15],[-25,-77],[-56,-4],[-19,-14],[-52,-96],[-32,-21],[-23,3],[-44,42],[-29,10],[-95,-24],[-50,8],[-43,25],[-99,95],[-61,16],[-59,-4],[-24,9],[-64,53],[-47,28],[-60,-9],[-7,-38],[-28,-14],[-144,18],[-67,-9],[-81,-87],[-87,-59],[-96,-13],[-44,20],[-24,58],[-68,57],[-42,5],[-32,-35],[-168,13],[-71,-5],[-57,-18],[-71,39],[-70,-73],[-106,-68],[-60,-30],[-51,-56],[-35,-6],[-76,-64],[-57,24],[-78,-46],[-32,36],[-42,13],[-61,4],[-93,64],[-38,1],[-72,-126],[-63,-42],[-99,-99],[-44,-65],[-36,-68],[-37,-33],[-9,41],[-41,100],[-34,22],[-44,47],[-16,104],[-59,35],[-46,126],[-37,60],[-49,54],[-34,21],[-33,63],[-28,79],[-5,45],[-30,37],[-32,65],[-12,95],[-31,45],[-77,5],[-50,55],[-156,-8],[-62,-39],[-42,48],[-18,48],[-102,1],[-136,46],[-22,2],[-89,71],[-78,16],[-55,89],[-45,45],[-8,45],[-65,52],[-29,50],[-72,-46],[-99,-26],[-59,-21],[-58,-69],[-13,-27],[-85,-88],[-71,-35],[-38,-27],[-41,-12],[-53,8],[-87,40],[-50,49],[-36,67],[-73,58],[-42,71],[-20,60],[8,52],[-52,13],[-94,53],[-22,5],[-43,-33],[-55,-23],[-45,-42],[-5,-20],[-90,-139],[-13,-41],[-14,-92],[-25,-18],[-128,-33],[-35,-82],[-82,-101],[-5,-64],[44,-73],[-9,-76],[-54,-95],[-58,-78],[-76,-123],[-90,-56],[6,-56],[23,-38],[49,-106],[44,-123],[22,-105],[-8,-60],[-15,-21],[-45,-7],[-52,-20],[-33,1],[-18,-41],[-96,-69],[-16,-33],[-47,-28],[-51,-88],[-63,-56],[-23,-39],[-68,-74],[-34,-18],[-69,7],[-44,-36],[-9,-27],[6,-92],[-31,-33],[-9,-45],[-33,-47],[-53,-3],[-56,-21],[-46,-43],[-20,-42],[-31,-32],[-58,-19],[-64,-55],[-43,-72],[-61,-17],[7,-64],[-32,-37],[-90,26],[48,-62],[18,-53],[-36,-88],[10,-56],[64,-31],[13,-18],[-3,-83],[-11,-110],[-24,-72],[14,-44],[-1,-54],[38,24],[48,-28],[68,-77],[46,-13],[100,19],[50,0],[108,-31],[97,-1],[85,59],[23,46],[131,-26],[14,-81],[8,-91],[-16,-62],[34,-102],[0,-94],[21,-130],[26,-200],[10,-21],[37,-21],[87,-23],[44,-25],[37,-45],[11,-35],[-25,-158],[-26,-76],[11,-58],[-26,-90],[54,-65],[25,-57],[-1,-47],[-27,-26],[-186,-41],[-50,-3],[-43,-26],[-46,-58],[-10,-50],[28,-160],[-24,-49],[-11,-57],[9,-71],[-39,-52],[-59,-28],[-68,5],[-16,-8],[-55,-65],[-58,-33],[-63,25],[-62,11],[-52,-16],[-89,-165],[-114,-120],[-66,-34],[-54,-58],[-84,-126],[-60,-29],[-49,-14],[-26,-27],[-21,23],[-51,21],[-39,0],[-46,18],[-68,2],[-53,19],[-32,-13],[-46,17],[-55,85],[-57,-8],[-133,135],[-62,9],[-55,61],[-25,58],[-52,37],[-44,14],[-51,-40],[-48,-7],[-50,18],[-47,36],[-54,9],[-34,27],[-23,55],[-18,13],[-31,72],[-14,-92],[-21,-56],[-30,-20],[-41,3],[-29,27],[-52,-28],[-70,-70],[-11,-103],[36,-62],[-4,-62],[-51,-112],[-42,-140],[-21,-41],[73,-26],[24,-24],[94,-71],[76,-34],[32,-32],[156,-80],[26,-21],[-1,-31],[29,-41],[51,-7],[94,-57],[78,-24],[65,6],[45,-6],[26,10],[82,-7],[130,-32],[42,-16],[96,-61],[84,60],[-15,58],[20,44],[57,20],[40,-12],[22,-36],[44,-15],[-60,-34],[-41,-50],[-25,-92],[125,-83],[48,-7],[23,-30],[102,-92],[51,-29],[36,-4],[56,14],[60,-23],[60,21],[92,46],[66,71],[21,-8],[43,-51],[-7,-115],[-20,-120],[-16,-51],[14,-33],[38,-33],[-12,-45],[12,-44],[-8,-32],[12,-98],[-46,-59],[29,-25],[13,-48],[-22,-46],[-53,-31],[-15,-22],[-42,-113],[-56,-28],[-129,-23],[-89,31],[-23,19],[-40,6],[-72,-4],[-66,55],[-58,-61],[-95,-75],[-66,-104],[-51,-31],[-62,-18],[-31,7],[-49,-15],[-28,-33],[-29,-102],[-54,-43],[-12,-90],[-24,-87],[-60,-1],[-49,-41],[-38,-19],[-11,-45],[-40,-18],[-77,22],[-51,-47],[-78,-35],[-45,-11],[-60,27],[-147,50],[-126,-9],[-45,-30],[-11,-33],[4,-83],[50,-126],[-2,-46],[-23,-61],[-44,-55],[-73,-33],[-72,-41],[-26,-27],[-53,-88],[-37,-28],[-58,-13],[-48,-24],[-37,9],[-75,-76],[-69,-30],[-66,-107],[-16,-11],[-70,-8],[-161,38],[-108,21],[-80,-6],[-57,24],[-89,55],[-53,-1],[-58,13],[-59,-44],[-35,7],[-26,23],[-61,10],[-43,31],[-39,2],[-58,38],[-39,-114],[-1,-86],[-8,-49],[12,-59],[-24,-22],[-18,-66],[-19,-28],[-52,-11],[-26,-74],[-6,-58],[-43,-37],[-7,-54],[-15,-35],[45,-100],[-5,-14],[55,-87],[-2,-107],[-11,-36],[-43,-80],[-57,-24],[-22,-29],[-9,-60],[18,-106],[-11,-68],[-51,-71],[-46,-84],[-21,-78],[-85,-25],[-16,-64],[12,-38],[-10,-30],[14,-62],[-22,-43],[-25,-10],[-70,-55],[-105,-12],[-71,-46],[-90,-82],[-31,-42],[-37,-27],[-60,-64],[-4,-64],[43,-154],[1,-54],[30,-74],[-5,-56],[4,-72],[-7,-27],[-165,-119],[-37,-12],[-46,16],[-176,-49],[-96,-15],[-50,0],[-18,-57],[28,-128],[51,-66],[-22,-96],[20,-43],[57,-34],[77,-3],[46,-34],[10,-54],[62,-44],[12,-37],[-42,-155],[-20,-44],[-6,-94],[23,-103],[63,-36],[22,-27],[18,-56],[49,-50],[18,-34],[47,-41],[43,-63],[53,-41],[115,-53],[21,-31],[-4,-92],[-10,-52],[-3,-83],[-48,-27],[-53,-102],[-42,-30],[-7,-20],[53,-46],[1,-30],[22,-61],[-5,-45],[-72,-58],[-79,-39],[-35,-59],[-113,-61],[-29,-29],[-34,-58],[-3,-48],[27,-105],[-18,-77],[20,-77],[68,3],[-16,-72],[11,-68],[-22,-58],[-44,-29],[-16,-58],[10,-16],[101,-4],[92,-36],[58,-38],[36,-63],[16,-93],[-5,-67],[-25,-45],[4,-58],[42,-78],[15,-13],[40,-73],[42,-47],[-17,-22],[27,-58],[8,-60],[16,-17],[53,-16],[55,-82],[38,-34],[19,-39],[88,-66],[9,-26],[-4,-137],[75,-133],[23,-18],[10,-85],[69,-97],[3,-80],[58,-34],[33,-55],[60,-23],[39,-48],[29,-74],[59,-18],[57,18],[39,-9],[42,-24],[34,-35],[23,-6],[48,31],[42,-23],[33,-53],[36,-21],[37,3],[71,-32],[18,-33],[-21,-12],[-12,-52],[-16,-23],[-64,-42],[-30,-1],[-79,-62],[-16,-50],[34,-84],[3,-106],[-16,-30],[-61,-22],[-17,-34],[-44,48],[-57,6],[-43,-26],[-11,-55],[-53,-67],[-53,-34],[-122,-67],[-30,-151],[-46,-71],[17,-43],[-20,-88],[-27,-70],[0,-52],[16,-51],[-30,-79],[9,-58],[-19,-35],[7,-63],[-23,-38],[14,-39],[9,-75],[43,-92],[-45,-54],[-51,-81],[-1,-32],[40,-46],[10,-28],[-20,-25],[-44,-104],[8,-28],[-15,-25],[-40,-20],[-16,47],[-21,14],[-25,87],[3,50],[31,54],[-2,36],[27,23],[12,50],[-4,31],[-48,53],[-26,55],[-6,53],[-14,11],[-56,-20],[-14,11],[-51,-13],[-189,-110],[-47,26],[-81,61],[-67,41],[-64,18],[-39,53],[3,43],[-45,49],[-10,48],[-24,23],[-59,31],[-19,19],[-4,36],[-40,41],[-37,95],[-20,18],[-104,28],[-50,40],[-18,49],[5,64],[-12,102],[-58,60],[-31,13],[-41,38],[-15,50],[-23,6],[-23,33],[-82,8],[-31,13],[-38,-6],[-39,9],[-35,25],[-40,-15],[-56,5],[-27,-14],[-48,13],[-85,-30],[-71,-18],[-21,43],[14,13],[-18,100],[-41,81],[-54,-13],[-46,4],[-66,28],[-20,39],[3,32],[-15,57],[4,192],[-8,45],[-25,15],[-42,-23],[-67,12],[-65,34],[-109,-31],[-34,27],[-37,11],[-58,33],[-66,-8],[-70,15],[-45,-48],[-61,-32],[-62,-17],[-81,-40],[-39,-3],[-50,12],[-54,-11],[-19,-45],[-10,-53],[-29,-11],[-56,1],[-59,-16],[-51,14],[-56,-16],[-41,-29],[-134,42],[-102,14],[-90,67],[-40,40],[-51,68],[-51,49],[-55,14],[-43,28],[-35,1],[-65,-53],[-37,-19],[-113,-26],[-21,-22],[-84,-42],[-93,-21],[-50,46],[-9,20],[-56,50],[-75,34],[-70,4],[-101,36],[-52,1],[-96,-23],[-27,11],[-39,36],[-49,26],[-51,-7],[-38,-39],[-3,-24],[-57,-70],[-41,-89],[-31,-45],[-37,-15],[-117,-1],[-24,-21],[0,-66],[-69,28],[-32,-1],[-31,-42],[-72,-12],[-27,57],[6,54],[-15,31],[-29,15],[-38,49],[-26,17],[-50,74],[-33,34],[-25,61],[-56,31],[-46,36],[-42,18],[-52,3],[-32,-9],[-118,-69],[-52,40],[-37,7],[-17,27],[-33,10],[-39,46],[-35,58],[-53,19],[-44,-15],[-73,16],[-94,-77],[-64,-43],[-31,-78],[6,-48],[-26,-28],[-121,-19],[-65,9],[-42,-7],[-35,-34],[-42,-65],[-33,-23],[-55,-61],[-47,-30],[-51,-48],[-20,-60],[-38,18],[-115,83],[-35,2],[-48,22],[-86,16],[-49,-30],[-25,-36],[-47,-102],[-44,-49],[-24,-74],[-77,-34],[-30,-103],[-17,-90],[-50,-120],[-44,-29],[-10,-25],[26,-61],[-100,-2],[-33,-26],[-90,-157],[-10,-100],[-29,-53],[-37,-39],[-36,8],[-68,-1],[-43,-22],[-69,94],[-106,42],[-47,60],[-38,35],[-69,48],[-59,117],[-67,76],[-89,74],[-77,-6],[-58,16],[-75,34],[-110,-29],[-30,3],[-97,34],[-17,21],[-45,138],[-120,214],[-11,38],[-9,91],[-12,42],[52,13],[75,44],[115,-31],[25,9],[28,51],[30,95],[20,37],[61,27],[64,4],[21,28],[5,46],[-36,43],[12,76],[-30,42],[-41,-47],[-27,14],[9,32],[-18,17],[-45,-23],[-47,-11],[-61,-68],[-53,-21],[-15,6],[-12,48],[-53,33],[-14,52],[5,47],[-53,93],[-52,26],[-8,105],[-18,110],[-14,42],[-56,35],[-46,47],[-33,71],[-68,14],[-64,31],[-52,-8],[-44,18],[-24,-38],[-80,-51],[-56,-19],[-10,-71],[-31,-45],[-28,-93],[-27,-65],[71,-92],[67,-60],[26,-56],[15,-63],[47,-45],[117,-94],[46,-82],[62,-77],[18,-46],[-3,-109],[-30,-63],[-51,-49],[-51,-33],[-53,-16],[-80,-98],[-66,-61],[-27,-6],[-57,24],[-53,-19],[-38,16],[-66,1],[-32,-17],[-67,-64],[-43,-74],[-54,-5],[-74,26],[-55,35],[-47,59],[-39,31],[-100,12],[-26,-10],[-67,27],[-50,-5],[-52,9],[-84,65],[-85,31],[-17,66],[-18,31],[-94,88],[-96,-65],[-43,-56],[-39,13],[-67,3],[-84,-26],[-100,-12],[-72,15],[35,72],[33,51],[18,62],[11,91],[-5,28],[-33,56],[-38,91],[-66,45],[-105,104],[-39,83],[-41,65],[-77,80],[-39,21],[-29,67],[-47,19],[-83,3],[-39,20],[-79,27],[-61,12],[-53,49],[-33,15],[-93,-5],[-108,47],[-62,8],[-65,74],[-55,40],[-38,4],[-36,-14],[-32,-60],[-96,-120],[-46,-67],[-56,11],[-52,-1],[-27,51],[-15,58],[18,94],[-3,28],[-27,47],[-4,70],[-33,50],[-27,142],[-20,37],[-43,25],[-38,3],[-73,-14],[-38,47],[-48,30],[-60,-15],[-21,11],[-43,56],[-78,26],[-72,135],[-45,58],[-23,42],[-109,-40],[-57,-8],[-104,84],[-25,55],[-34,2],[-33,20],[-35,112],[0,49],[33,63],[24,67],[7,74],[25,34],[41,30],[41,63],[22,99],[-15,61],[-5,137],[10,60],[30,61],[47,127],[61,70],[37,88],[13,83],[52,86],[67,89],[20,115],[10,18],[-54,25],[-32,2],[-90,-32],[-26,2],[-64,40],[-39,66],[-19,14],[-121,35],[-108,2],[-47,22],[-116,28],[-41,0],[-76,37],[-115,121],[-59,-22],[-43,11],[-83,47],[-22,38],[-33,24],[-59,58],[-20,37],[-42,32],[-78,21],[-64,49],[-38,81],[-45,43],[-46,23],[-39,55],[-54,58],[-6,78],[-79,130],[-29,19],[-82,3],[-103,104],[-101,72],[-39,-13],[-11,-56],[-51,-50],[-69,38],[-64,10],[-56,-3],[-56,8],[-18,14],[-40,77],[-26,24],[-51,24],[-100,70],[-37,59],[-23,65],[-41,65],[-91,76],[-120,60],[-65,54],[-45,86],[-32,47],[-17,63],[-25,31],[-40,20],[-65,16],[-55,48],[-56,62],[-62,95],[-47,38],[-36,-1],[-46,-26],[-97,112],[-22,18],[-41,80],[-17,48],[-94,70],[-82,104],[-47,20],[-42,-25],[-23,5],[-25,49],[-81,91],[-35,16],[-59,62],[-78,40],[-19,17],[-21,56],[-10,61],[-43,40],[-67,30],[-63,75],[-39,56],[-51,40],[-35,8],[-49,83],[-42,0],[-54,-45],[-69,16],[-32,-6],[-43,26],[-94,13],[-76,-15],[-8,36],[21,58],[-5,60],[-98,139],[-25,21],[-76,92],[-149,66],[-86,9],[-87,48],[-25,41],[-51,121],[-24,40],[21,55],[-26,55],[-64,19],[-29,28],[-36,57],[-56,17],[-49,36],[-84,88],[-42,-1],[-86,-36],[-10,5],[-58,85],[1,39],[-56,64],[-58,9],[-51,-12],[-57,0],[-59,21],[-42,62],[-25,146],[-18,37],[-29,-10],[-44,6],[-37,59],[-23,75],[-64,33],[-86,-5],[-62,-24],[-25,0],[-60,-31],[-99,42],[-76,14],[-38,43],[-31,63],[-75,22],[-96,90],[-29,41],[-21,71],[20,53],[-11,49],[0,62],[-22,93],[-21,14],[-17,53],[-90,11],[-41,-11],[-14,60],[-44,40],[24,37],[15,54],[33,70],[-7,19],[-44,17],[-52,55],[-8,56],[-17,40],[-55,49],[-46,-14],[-109,15],[-56,55],[-10,21],[-48,33],[-66,63],[-34,43],[21,76],[-10,24],[-49,4],[-39,22],[-57,7],[-59,39],[-86,33],[-12,-12],[-56,12],[-49,34],[-75,11],[-63,46],[-5,25],[-54,50],[-39,6],[-37,23],[-13,40],[-80,93],[-40,30],[-47,15],[-80,-1],[-49,-18],[-77,6],[-68,30],[-83,-2],[-35,11],[-65,53],[-32,10],[-18,45],[-65,13],[-115,44],[-41,7],[-54,32],[-23,42],[-51,37],[-88,28],[-78,7],[-26,28],[-13,60],[21,31],[-31,89],[-25,37],[-62,55],[-15,110],[37,46],[52,-25],[47,14],[6,75],[34,76],[26,27],[37,69],[20,64],[0,37],[-18,44],[3,33],[-61,57],[-85,32],[-56,-2],[-28,21],[-51,7],[-23,33],[-28,-14],[-57,-4],[-3,-42],[-35,-5],[-11,16],[8,48],[-26,25],[-39,1],[-42,-17],[-67,4],[-70,38],[-92,-40],[-37,1]],[[27523,64826],[-1,71],[-20,188],[-33,101],[-28,117],[1,77],[-7,40],[-23,49],[-45,49],[-92,41],[-32,27],[-27,41],[-86,22],[-29,38],[12,57],[74,151],[51,118],[15,51],[3,63],[-5,126],[-21,80],[-40,35],[-68,11],[-150,-4],[-71,11],[-33,19],[-3,74],[9,63],[50,97],[44,123],[12,86],[-35,120],[-18,5],[-66,53],[-17,25],[-90,47],[-19,25],[-32,90],[-39,76],[11,57],[38,48],[29,89],[5,53],[-31,121],[-7,48],[-40,111],[-35,39],[-44,24],[-72,25],[-84,14],[-85,45],[-43,42],[-74,107],[-42,110],[5,53],[37,51],[33,21],[221,96],[18,31],[53,173],[-32,56],[-37,18],[-81,19],[-102,52],[-25,33],[-11,40],[-2,82],[7,136],[26,47],[66,49],[-26,50],[-48,59],[-91,51],[-14,17],[-1,43],[-31,42],[-126,81],[-112,33],[-67,56],[-49,62],[-61,103],[-13,57],[16,66],[52,54],[0,59],[-25,59],[-57,53],[-51,9],[-48,-29],[-33,-67],[-2,-77],[28,-128],[2,-38],[-18,-81],[4,-57],[-23,-120],[-42,-110],[-18,-75],[-11,-72],[25,-29],[127,-76],[71,-59],[35,-54],[20,-81],[-12,-53],[-44,-81],[-38,-22],[-52,19],[-62,65],[-60,42],[-194,51],[-117,55],[-82,85],[-45,100],[-10,51],[-35,41],[-119,11],[-57,-7],[-68,-37],[-153,-145],[-61,34],[-23,32],[10,72],[32,82],[71,206],[-11,43],[-63,66],[-58,35],[-59,102],[-92,271],[-6,71],[5,70],[-1,96],[-13,42],[-35,21],[-51,1],[-82,-28],[-38,-29],[-98,-111],[-41,-55],[-46,-96],[-2,-36],[15,-77],[-4,-72],[-14,-69],[-28,-37],[-70,-15],[-89,-3],[-137,-26],[-64,-30],[-64,-19],[-84,-90],[-25,13],[-48,73],[-42,76],[-41,61],[-73,91],[-54,155],[-25,35],[-33,8],[-87,3],[-102,14],[-55,-8],[-47,8],[-41,31],[-20,45],[3,82],[25,60],[16,66],[-1,33],[-25,36],[-45,34],[-91,-11],[-122,-92],[-39,-12],[-43,2],[-37,16],[-100,76],[-92,198],[-62,82],[-93,49],[-43,74],[-103,200],[-28,87],[-29,57],[-25,123],[-25,36],[-75,61],[-59,153],[-38,66],[-50,39],[-99,43],[-36,24],[-99,95],[-61,35],[-106,5],[-96,31],[-153,103],[-92,49],[-44,55],[-30,15],[-44,45],[29,75],[38,38],[68,30],[123,113],[53,88],[57,63],[27,43],[55,41],[72,27],[74,5],[66,-19],[63,-38],[55,-59],[70,-33],[43,19],[81,92],[75,128],[12,62],[21,24],[96,53],[52,38],[40,17],[70,45],[39,34],[87,107],[39,100],[26,10],[68,-26],[39,-54],[66,-61],[166,-80],[44,-8],[68,10],[83,-14],[78,-35],[97,-29],[95,-3],[88,7],[35,-8],[35,-32],[100,-57],[69,-16],[32,2],[61,50],[57,12],[138,-8],[98,-34],[86,-54],[37,-46],[43,-31],[68,-90],[51,-119],[41,-70],[74,-75],[157,-40],[21,-19],[46,-113],[48,-77],[87,-73],[64,-27],[42,-27],[50,-58],[34,-63],[29,-31],[83,-66],[103,-123],[90,-58],[86,-22],[113,-73],[46,-24],[44,-6],[38,20],[154,19],[30,-17],[66,-61],[30,-41],[29,-63],[26,-26],[43,-20],[70,-12],[57,8],[64,-21],[55,-7],[65,-20],[99,-6],[60,3],[170,-8],[88,4],[29,16],[25,55],[11,79],[17,45],[38,47],[44,14],[101,-9],[73,-32],[59,-81],[33,-72],[44,-61],[60,-69],[55,-33],[72,8],[31,16],[97,97],[31,74],[19,106],[39,86],[133,70],[40,80],[69,35],[71,-16],[44,11],[70,36],[45,9],[32,27],[85,13],[26,-11],[136,-139],[59,-16],[86,17],[34,-34],[12,-38],[77,-102],[8,-62],[59,-107],[30,-11],[63,5],[56,26],[31,3],[45,-17],[49,-34],[17,-50],[-3,-129],[43,-139],[76,-84],[88,-56],[63,-18],[139,-7],[51,2],[81,26],[188,20],[83,35],[27,2],[38,25],[77,75],[90,62],[77,27],[29,40],[17,63],[63,57],[40,73],[50,25],[114,14],[53,-10],[67,28],[54,43],[109,68],[41,-1],[38,-59],[58,-36],[110,-33],[37,-5],[49,14],[55,31],[31,-10],[56,-75],[18,-86],[106,-112],[38,-21],[243,-80],[69,-12],[38,-36],[33,-10],[97,-8],[36,-28],[37,-72],[8,-102],[-42,-117],[-49,-54],[-16,-62],[1,-109],[28,-60],[54,-97],[8,-34],[-4,-71],[28,-86],[-2,-48],[-13,-37],[-67,-91],[-19,-67],[15,-37],[50,-27],[152,-48],[56,-35],[62,-59],[56,-75],[46,-32],[75,0],[53,-8],[39,-22],[28,-33],[-3,-94],[17,-37],[53,-70],[26,-94],[14,-100],[36,-105],[20,-35],[63,-54],[74,-86],[84,-144],[45,-49],[56,-31],[120,-33],[51,-39],[44,-57],[18,-48],[6,-59],[-20,-47],[-53,-43],[-30,-12],[-45,-154],[-17,-69],[2,-62],[-11,-151],[34,-73],[60,-40],[121,-15],[48,-22],[30,-36],[11,-49],[18,-27],[33,-96],[68,-102],[16,-79],[-8,-18],[-68,-90],[-67,-56],[-62,-39],[-64,-28],[-46,-30],[-29,-45],[17,-29],[42,-23],[174,23],[246,-19],[160,23],[129,25],[184,69],[62,35],[72,24],[26,0],[69,22],[76,-9],[56,10],[27,27],[42,76],[11,79],[-4,52],[9,33],[-31,190],[22,76],[-25,80],[-8,54],[-19,36],[-57,47],[-45,26],[-52,55],[-55,73],[-35,31],[-50,63],[-94,54],[-36,49],[-79,71],[0,72],[-36,103],[-19,28],[-11,64],[-39,67],[16,47],[-28,137],[-58,68],[-60,155],[-55,115],[-6,53],[-25,47],[-32,27],[-69,91],[-14,79],[9,105],[-32,61],[-22,106],[-34,65],[-50,149],[-82,82],[-34,71],[-20,71],[-43,46],[-21,40],[-2,37],[-18,39],[-41,37],[-79,40],[-39,58],[-48,142],[-33,47],[-24,57],[-17,89],[-2,54],[-20,32],[-121,-26],[-57,8],[-61,23],[-75,63],[-62,45],[-121,136],[-76,121],[-47,156],[-39,64],[-34,25],[-89,131],[-59,159],[-35,51],[-63,124],[-17,9],[-57,-9],[-33,8],[-56,44],[-41,-3],[-35,12],[-15,35],[-4,70],[-84,115],[-24,18],[-79,20],[-44,-1],[-19,40],[14,127],[10,38],[5,92],[-8,136],[-20,75],[-20,35],[-33,5],[-60,-66],[-40,-26],[-62,1],[-50,19],[-26,31],[-30,75],[-26,41],[-1,43],[-43,39],[-41,4],[-23,31],[-25,63],[1,60],[25,69],[36,77],[11,64],[-24,55],[-72,76],[-20,69],[-9,57],[-36,48],[-55,49],[-17,71],[-19,26],[-84,28],[-15,27],[31,37],[41,-2],[35,18],[53,49],[39,103],[-6,52],[-59,87],[-27,126],[10,93],[47,78],[7,39],[27,32],[41,9],[106,5],[101,181],[22,75],[32,139],[29,21],[70,18],[42,22],[24,34],[7,41],[29,48],[35,89],[0,109],[26,81],[70,69],[136,98],[50,63],[84,74],[73,11],[47,17],[49,39],[23,47],[1,57],[-11,48],[28,67],[4,72],[68,57],[50,23],[95,26],[108,50],[82,66],[146,78],[56,6],[34,15],[49,48],[40,14],[40,-1],[59,-21],[95,7],[34,25],[75,106],[57,17],[17,15],[24,55],[45,34],[14,24],[10,63],[15,26],[41,27],[84,11],[65,29],[100,5],[119,99],[48,58],[102,95],[34,72],[96,87],[67,45],[66,31],[33,30],[102,33],[-25,21],[-55,16],[-137,16],[-77,15],[-48,21],[-124,87],[-110,51],[-49,58],[-48,11],[-25,26],[-31,91],[6,40],[0,117],[-61,63],[-81,74],[-52,35],[-36,9],[-47,-9],[-59,24],[-63,-23],[-38,10],[-36,-50],[-80,14],[-27,-10],[-188,7],[-48,86],[-14,100],[-21,43],[-1,70],[-13,84],[11,94],[-67,12],[-36,16],[-48,42],[-27,45],[-12,81],[46,100],[31,51],[-5,40],[17,64],[-16,44],[-69,87],[-14,35],[-37,49],[-18,129],[-32,47],[-4,61],[34,88],[19,65],[24,113],[12,124],[-9,92],[11,76],[5,117],[23,68],[77,84],[29,70],[32,27],[25,53],[44,29],[32,42],[31,0],[-31,72],[-33,30],[-35,65],[-22,145],[-22,62],[10,36],[27,29],[-3,71],[-17,35],[-23,10],[-40,81],[-54,20],[-39,28],[-63,-9],[-43,27],[-60,14],[-45,-15],[-47,75],[-40,12],[-34,45],[-18,-1],[-72,90],[103,82],[73,22],[62,58],[63,35],[50,17],[37,98],[48,102],[69,107],[46,39],[67,43],[55,52],[40,53],[85,164],[25,87],[-3,43],[23,44],[48,144],[70,-53],[32,14],[52,-31],[33,8],[40,72],[32,-6],[39,24],[21,-18],[38,4],[17,69],[45,80],[26,65],[2,34],[23,58],[64,37],[93,104],[102,32],[77,74],[13,28],[50,44],[34,50],[54,179],[3,52],[-15,23],[7,31],[106,145],[75,88],[17,-100],[26,-32],[11,-40],[64,-48],[61,-24],[16,-33],[75,49],[63,151],[-3,60],[14,39],[-14,58],[26,5],[21,36],[51,25],[47,-18],[36,56],[46,16],[110,14],[43,-11],[64,25],[74,-2],[82,-11],[87,38],[58,14],[65,0],[50,76],[49,16],[86,-4],[115,-49],[66,-1],[20,-11],[24,-65],[94,-34],[67,-14],[12,-25],[68,-55],[10,-145],[18,-27],[60,28],[20,-5],[22,-52],[-16,-75],[14,-44],[0,-185],[-26,-104],[-15,-79],[-5,-67],[12,-74],[92,-104],[-6,-39],[18,-45],[-15,-42],[29,-58],[59,-12],[58,16],[30,-7],[44,-47],[78,-5],[69,5],[35,-9],[94,-64],[34,-4],[50,33],[38,41],[46,16],[51,37],[91,-41],[12,-13],[102,26],[78,3],[35,44],[33,92],[130,111],[77,33],[192,2],[96,18],[78,28],[66,3],[89,51],[79,26],[172,-33],[47,-1],[97,95],[33,42],[21,69],[21,147],[68,56],[49,104],[-48,33],[14,72],[-22,47],[26,36],[-26,15],[-20,72],[11,120],[52,78],[32,88],[38,67],[32,21],[23,66],[-4,38],[18,82],[35,26],[14,69],[35,30],[103,-30],[16,28],[-7,103],[43,50],[67,-35],[64,12],[48,-1],[81,-16],[88,-44],[74,-16],[38,10],[8,55],[-6,73],[23,68],[48,65],[43,29],[12,84],[63,138],[-31,29],[27,112],[-21,60],[9,79],[20,72],[17,27],[17,175],[-11,53],[10,20],[52,37],[22,59],[31,115],[28,53],[-41,81],[-10,143],[25,82],[18,22],[5,43],[21,25],[34,8],[11,70],[-6,68],[-25,121],[2,94],[-33,66],[-29,154],[-12,35],[-100,155],[-24,75],[-60,118],[-38,35],[-65,94],[-33,59],[-10,41],[-26,33],[6,70],[-46,41],[-69,23],[-64,-33],[-63,35],[-44,6],[-83,28],[-91,-7],[-90,37],[-23,18],[76,52],[74,60],[39,0],[35,-22],[54,-15],[108,20],[27,28],[-10,42],[-41,62],[-31,61],[1,46],[13,24],[72,63],[29,120],[75,101],[39,17],[78,3],[34,19],[12,41],[-24,103],[-40,77],[6,79],[71,203],[17,29],[58,60],[15,32],[15,113],[17,84],[-8,65],[0,117],[-11,103],[7,45],[-14,65],[17,73],[-28,76],[-34,43],[-32,106],[-102,156],[-5,30],[29,85],[-11,54],[-17,26],[-40,19],[-90,-2],[-73,31],[-61,38],[-50,53],[-43,116],[-79,18],[-51,0],[-29,-13],[-94,4],[-46,-26],[-75,20],[-35,1],[-114,-30],[-114,19],[-43,14],[-110,4],[-56,20],[-24,23],[-38,78],[-52,53],[-46,28],[-22,42],[-110,9],[-61,41],[2,105],[-31,22],[-46,-26],[-27,13],[-42,70],[-25,58],[-53,24],[-20,33],[9,23],[-10,112],[-37,37],[-29,47],[-83,51],[-8,16],[23,41],[-1,40],[-19,36],[-24,10],[-48,-10],[14,35],[80,41],[-2,17],[-72,61],[31,53],[-5,61],[15,33],[-5,109],[-16,27],[-13,60],[-20,39],[-3,58],[-13,78],[2,120],[-13,91],[-27,74],[-6,57],[6,58],[25,64],[56,86],[35,44],[21,47],[-1,27],[20,39],[-5,53],[46,75],[58,118],[-3,73],[18,26],[9,73],[24,56],[-18,41],[37,44],[20,74],[1,109],[22,51],[3,52],[28,62],[69,71],[41,75],[72,13],[51,53],[25,44],[20,66],[-29,30],[20,39],[3,53],[27,47],[-31,35],[-10,33],[7,110],[27,78],[75,123],[10,78],[21,27],[-8,53],[-23,46],[-6,64],[-16,51],[-4,72],[26,53],[36,22],[57,99],[21,87],[15,30],[-9,34],[12,106],[68,130],[-10,88],[34,6],[68,42],[53,12],[33,40],[70,54],[54,15],[37,-48],[18,-3],[98,53],[35,32],[33,46],[21,11],[58,-38],[54,-12],[41,-42],[52,-10],[43,47],[41,65],[4,40],[22,52],[41,44],[7,97],[-33,107],[24,46],[9,52],[47,122],[-12,53],[17,85],[9,92],[-5,165],[-13,43],[-41,36],[80,54],[109,59],[12,33],[49,44],[51,77],[-7,46],[-52,79],[31,67],[2,60],[26,22],[24,48],[-15,54],[32,107],[16,19],[-9,68],[8,88],[-5,72],[14,26],[-12,34],[15,45],[-27,98],[16,108],[-18,90],[9,29],[-37,96],[-23,46],[3,17],[44,22],[62,-12],[1,64],[22,51],[-7,29],[-44,46],[-75,62],[-63,34],[-23,50],[-32,29],[-69,21],[-66,-50],[-39,17],[-21,53],[-104,3],[-57,-39],[-77,-7],[-70,16],[-62,26],[-38,37],[-77,-36],[-33,-43],[-65,-32],[-67,19],[-63,-28],[-39,16],[-37,-5],[-49,-32],[-98,29],[-97,-16],[-34,20],[-24,64],[-99,42],[-34,-1],[-86,-19],[-107,-43],[-14,-19],[-82,87],[-39,51],[-4,91],[-17,62],[-7,98],[8,85],[-23,31],[-53,13],[-167,76],[-36,23],[1,70],[31,93],[2,37],[-24,78],[-24,34],[-99,78],[-87,89],[-27,17],[-45,-17],[-50,-43],[-79,-53],[-94,-42],[-105,-85],[-74,9],[-46,-19],[-49,24],[-34,6],[-50,38],[-47,18],[-68,-19],[-60,26],[-76,88],[-44,32],[-33,4],[-54,-16],[-123,-77],[-17,-58],[-39,-52],[-33,-17],[-57,-8],[-86,-43],[-41,3],[-75,27],[-48,-29],[-41,18],[-69,87],[-34,29],[-33,-53],[-53,-39],[-68,-75],[-19,-132],[-57,-65],[-138,33],[-54,-17],[-63,-4],[-64,83],[-35,67],[-44,25],[-66,-21],[-27,1],[-69,-62],[-51,-1],[-31,17],[-85,-29],[-65,-55],[-68,-17],[-76,-110],[-30,-23],[-36,4],[-58,24],[-75,-59],[-40,-41],[-31,-11],[-24,13],[-125,97],[-21,4],[-79,-17],[-64,27],[-103,-59],[-45,-38],[-63,-4],[-52,-20],[-80,-17],[-70,-6],[-41,-75],[-58,-85],[-2,-15],[35,-125],[33,-70],[0,-49],[24,-14],[22,-54],[-38,-56],[-81,-56],[-89,-99],[-50,-83],[-40,-45],[-90,-47],[-53,-9],[-58,-34],[-47,-67],[-88,26],[-102,65],[-30,32],[-92,10],[-65,-40],[-118,-18],[-139,98],[-103,112],[-70,88],[-11,70],[18,76],[20,53],[63,93],[20,64],[-37,120],[15,39],[44,48],[-48,80],[-10,58],[7,78],[-4,33],[-31,69],[-52,48],[-39,25],[21,64],[54,106],[11,50],[-45,83],[-84,95],[-2,59],[70,75],[114,108],[70,6],[64,78],[39,83],[-12,114],[3,95],[43,54],[-3,55],[-42,49],[-66,112],[-38,24],[-64,110],[-1,33],[54,205],[2,37],[-76,77],[-71,85],[-47,29],[-97,7],[-53,-7],[-74,17],[-49,38],[-19,45],[-28,26],[-95,28],[-53,8],[-76,-18],[-97,58],[-26,28],[-77,27],[-59,40],[-55,51],[-74,80],[-7,24],[-176,29],[-62,43],[-16,45],[-39,-112],[-1,-20],[-119,-27],[-90,-7],[-142,-92],[-22,-88],[-4,-65],[-18,-24],[-120,-21],[-22,76],[-41,26],[-72,-12],[-56,35],[-72,-32],[-52,-7],[-124,28],[-164,172],[-73,57],[-128,44],[-72,43],[-76,23],[-54,39],[-153,15],[-43,27],[-72,-9],[-31,11],[-23,75],[-52,110],[-28,16],[-88,-1],[-39,-38],[-44,-11],[-73,26],[-60,36],[-48,6],[-92,35],[-67,5],[-61,44],[-83,27],[-48,77],[-19,84],[-107,26],[-62,0],[-49,28]],[[27223,103070],[-11,174],[62,87],[9,124],[87,45],[-4,45],[32,105],[54,21],[16,19],[58,25],[46,40],[7,93],[39,39],[-41,32],[-39,76],[67,136],[-12,61],[-29,78],[31,73],[-1,55],[16,53],[-14,106],[-69,125],[-6,57],[68,46],[11,32],[-5,51],[44,77],[-69,34],[-62,78],[-26,62],[-11,87],[-11,32],[-47,36],[-39,11],[-47,77],[-55,57],[-33,65],[-6,41],[-51,26],[-126,53],[-42,41],[-34,72],[-55,75],[-34,24],[-20,78],[22,90],[19,42],[58,18],[30,-5],[63,11],[51,33],[70,13],[56,41],[34,-19],[218,4],[80,12],[74,70],[127,26],[57,-3],[122,31],[-21,100],[31,30],[36,-4],[17,-33],[37,-31],[12,-30],[-5,-51],[7,-60],[163,-134],[36,-3],[53,27],[105,-7],[150,18],[16,31],[5,91],[24,78],[87,107],[74,70],[104,148],[31,36],[75,131],[108,46],[39,23],[41,64],[27,15],[83,23],[141,67],[14,59],[3,67],[55,83],[17,62],[28,30],[51,9],[102,83],[42,21],[52,45],[115,72],[78,28],[31,66],[-2,43],[-25,105],[39,113],[-59,164],[-11,79],[-38,34],[-29,62],[-13,88],[70,114],[45,59],[23,52],[-14,118],[-14,32],[-57,64],[-14,31],[73,24],[31,48],[76,75],[44,21],[76,81],[41,21],[34,38],[6,56],[38,131],[48,60],[15,51],[37,79],[3,72],[30,110],[-17,61],[-14,8],[-99,-18],[-23,-11],[-54,3],[-65,-43],[-60,6],[-45,-11],[5,23],[45,22],[29,42],[4,43],[-39,139],[6,60],[66,28],[75,-1],[45,22],[26,67],[38,43],[52,44],[32,57],[125,45],[17,25],[-75,92],[-13,73],[-38,67],[-46,46],[-20,37],[-59,-4],[-76,9],[-48,-17],[-26,4],[-61,85],[-45,49],[-96,74],[43,68],[18,85],[37,33],[8,31],[103,141],[3,76],[-11,28],[-31,25],[-32,72],[18,101],[30,101],[26,48],[0,31],[-52,43],[-88,58],[9,177],[-8,32],[-89,71],[1,47],[38,43],[66,14],[45,-21],[115,26],[55,-10],[24,26],[26,2],[49,-29],[129,-9],[29,28],[22,56],[6,75],[49,48],[19,57],[29,39],[51,43],[-21,42],[-49,-12],[-122,37],[0,80],[-28,28],[-63,-8],[-54,46],[-51,83],[-64,-6],[-45,56],[-38,9],[-45,-11],[-43,8],[-24,40],[7,38],[59,83],[34,97],[4,40],[-12,36],[-25,21],[-9,57],[29,48],[52,51],[10,41],[-22,78],[51,85],[124,-27],[89,7],[74,-5],[108,9],[39,34],[22,-21],[29,-72],[52,-50],[-3,-63],[25,-41],[38,-9],[22,10],[34,74],[27,82],[97,-63],[53,-20],[41,-64],[38,-23],[71,-27],[47,-65],[29,-67],[49,-25],[78,-9],[99,-34],[67,-50],[67,-96],[27,-131],[13,-36],[41,-64],[16,-50],[33,-28],[101,-55],[69,-53],[68,-62],[36,-21],[72,-4],[54,36],[36,-1],[94,-37],[70,1],[187,-44],[158,-67],[146,-79],[167,-70],[100,-20],[48,2],[149,30],[35,-10],[68,-53],[37,10],[41,51],[23,53],[-10,35],[-96,85],[-25,75],[-2,101],[22,213],[-6,65],[6,108],[-1,78],[10,75],[20,46],[46,35],[118,12],[6,13],[-40,228],[2,98],[16,116],[15,50],[38,75],[36,27],[51,20],[29,-22],[92,-37],[91,-29],[74,-57],[87,-24],[48,-36],[38,-46],[49,-85],[141,-69],[115,-31],[79,-2],[61,-44],[38,-10],[46,19],[67,41],[34,42],[78,142],[55,27],[44,41],[17,65],[-17,63],[-18,32],[-32,129],[-8,97],[-29,142],[3,72],[10,29],[49,38],[116,-38],[69,-2],[45,-15],[92,-12],[114,-123],[157,-19],[69,-68],[89,-70],[41,-23],[124,-40],[78,-56],[74,-10],[103,-72],[97,-25],[111,-3],[113,-32],[59,1],[133,-53],[36,-47],[58,-60],[59,-41],[103,-33],[89,-93],[85,-55],[106,-9],[116,10],[58,-14],[54,-60],[12,-130],[-9,-65],[52,-109],[70,-28],[59,-40],[40,-67],[77,-1],[46,-8],[39,-26],[39,-68],[66,-27],[120,-5],[128,14],[51,-42],[41,-16],[46,-4],[21,-19],[49,-13],[58,-38],[107,28],[31,-9],[61,11],[50,33],[84,34],[42,32],[125,-45],[35,-19],[28,6],[69,-16],[47,-1],[101,27],[37,-64],[26,-22],[74,-9],[45,-57],[10,-43],[64,-68],[124,-75],[32,-3],[52,21],[47,-24],[74,21],[44,-2],[83,28],[50,-45],[61,-28],[99,-24],[-2,87],[44,59],[47,28],[74,-9],[74,-39],[37,-10],[127,0],[77,-53],[41,-83],[55,-42],[42,-22],[31,-46],[-4,-81],[25,-55],[25,-24],[31,-54],[48,-11],[92,13],[27,-21],[30,-51],[26,-23],[80,-17],[115,-69],[78,-31],[118,12],[50,-68],[55,-32],[43,-4],[65,33],[30,-6],[47,-47],[21,-8],[87,2],[65,-22],[65,-11],[135,-10],[127,61],[0,49],[16,60],[14,100],[73,50],[40,-66],[98,-83],[101,-10],[32,-27],[18,-42],[7,-103],[-31,-63],[-80,-68],[-14,-37],[147,-60],[25,1],[103,-31],[40,-50],[55,-89],[12,-59],[30,-28],[30,4],[129,-14],[28,-64],[68,-42],[17,-74],[-2,-51],[30,-9],[56,14],[58,28],[42,-45],[56,1],[32,40],[26,57],[75,111],[29,24],[64,25],[52,-2],[36,-16],[-5,20],[17,71],[-26,127],[-8,133],[5,22],[104,41],[117,10],[34,-59],[46,-34],[53,-26],[75,-72],[43,3],[52,41],[88,51],[61,-4],[52,-27],[141,-95],[117,-69],[19,-39],[2,74],[11,48],[-1,86],[59,42],[10,87],[128,71],[-20,103],[6,44],[27,79],[40,43],[43,-19],[85,69],[79,18],[106,14],[44,-17],[38,-2],[71,-82],[26,-19],[7,-47],[35,-63],[69,-47],[75,-14],[43,-38],[25,41],[89,1],[90,-83],[41,-50],[12,-35],[-22,-133],[13,-111],[52,-139],[16,-21],[58,-17],[48,-44],[9,-37],[46,-102],[-71,-56],[46,-25],[12,-81],[15,-28],[36,-138],[27,-35],[31,-99],[63,-77],[-62,-19],[-77,-81],[-17,-35],[-86,-71],[-28,-38],[40,-72],[-35,-142],[-52,-44],[-11,-45],[3,-54],[-29,-70],[-19,-20],[-48,-15],[18,-41],[28,-15],[49,0],[38,-40],[17,-37],[24,-88],[-39,-141],[64,-62],[3,-70],[-30,-52],[-42,-17],[-56,1],[-78,-30],[-49,-38],[13,-37],[-4,-42],[-41,-48],[-22,-45],[13,-100],[-7,-22],[-54,-59],[-47,-24],[-46,-49],[45,-96],[126,-114],[55,-93],[5,-53],[91,-48],[97,16],[72,2],[31,14],[70,-1],[39,11],[25,-23],[8,-47],[61,-46],[35,-61],[24,-19],[2,-34],[-21,-58],[-31,-39],[26,-48],[13,-95],[-15,-49],[10,-20],[68,-58],[45,-27],[46,-43],[-36,-50],[23,-47],[61,-38],[63,-23],[71,-35],[41,-31],[57,-5],[20,-63],[47,-37],[33,6],[47,-43],[86,2],[147,29],[49,17],[170,41],[64,-31],[61,-14],[57,-140],[-2,-38],[-22,-16],[-45,-105],[8,-45],[20,-39],[27,-22],[0,-116],[-21,-69],[-31,-45],[-50,-49],[-10,-50],[14,-97],[9,-10],[117,-12],[103,-5],[39,-14],[29,-48],[81,-15],[81,-41],[17,-26],[51,-29],[-4,-50],[-24,-57],[-21,-20],[-31,-67],[-36,-57],[-51,-43],[-13,-27],[1,-55],[-14,-37],[15,-49],[30,-25],[-36,9],[-61,-36],[-78,-15],[-93,-31],[-42,-54],[-72,-21],[-54,-45],[-30,-63],[-26,-97],[-3,-41],[-35,-22],[-100,14],[5,-80],[16,-42],[106,12],[63,-23],[47,-72],[114,-98],[-35,-20],[-56,-91],[-27,-33],[-13,-57],[-25,-38],[-10,-64],[20,-61],[37,-39],[0,-23],[-26,-38],[-75,-154],[-31,-35],[-54,-28],[-58,4],[-50,-24],[-10,-41],[-48,-82],[11,-95],[-4,-58],[47,-58],[6,-56],[32,-69],[19,-80],[24,-39],[87,30],[62,28],[84,-1],[111,48],[19,20],[62,-19],[156,-28],[28,-29],[51,-7],[46,25],[75,-4],[100,-37],[66,44],[75,3],[33,15],[55,-11],[47,-41],[107,-12],[71,-31],[42,122],[33,24],[90,48],[70,74],[49,23],[59,-6],[59,-20],[38,-36],[33,-66],[2,-74],[48,27],[41,-31],[49,-82],[64,-14],[98,-70],[80,8],[46,-10],[48,19],[111,3],[57,-43],[40,-47],[-2,-102],[31,-48],[26,-78],[-5,-115],[43,-30],[14,-40],[39,-39],[36,-13],[64,-43],[72,-30],[32,-66],[49,32],[55,-32],[42,-12],[92,4],[42,8],[33,33],[70,35],[66,88],[-5,40],[8,83],[23,43],[22,2],[116,-43],[24,-24],[59,18],[101,-23],[24,-58],[26,-31],[32,-74],[26,-27],[50,-23],[55,-69],[12,-55],[3,-137],[11,-29],[66,-48],[18,-41],[29,-25],[40,38],[71,-12],[53,-69],[58,-54],[8,-54],[41,-57],[10,-51],[-3,-52],[18,-89],[34,15],[84,75],[107,54],[27,-57],[26,-32],[54,-35],[-15,98],[-32,59],[10,40],[33,61],[-36,81],[-2,85],[90,14],[30,15],[34,-29],[20,-87],[34,-42],[48,-35],[12,22],[67,74],[45,19],[59,-17],[54,-38],[49,-82],[21,-100],[34,-43],[32,27],[59,-10],[20,-35],[27,-82],[36,-30],[96,-36],[49,-84],[41,-27],[49,-12],[18,-62],[4,-55],[44,-117],[25,-31],[51,-35],[62,-57],[7,-23],[44,-43],[64,20],[37,-46],[44,17],[35,-55],[83,-33],[35,-41],[33,-54],[39,-9],[122,-67],[50,-70],[24,84],[98,24],[33,36],[22,-70],[19,-22],[117,-75],[78,-27],[55,-41],[26,-99],[-5,-30],[-54,-68],[-19,-36],[61,-68],[46,-24],[19,-42],[37,-39],[68,-28],[40,-26],[55,-107],[30,-25],[113,-42],[64,-99],[37,-37],[27,8],[84,53],[93,22],[56,34],[95,78],[41,67],[41,24],[53,94],[11,33],[34,27],[9,35],[53,117],[46,73],[31,31],[49,5],[35,-19],[60,-57],[81,-37],[68,-53],[40,-20],[112,-32],[45,-85],[88,-56],[36,-3],[100,-68],[44,-14],[-10,-59],[2,-102],[45,-85],[-29,-88],[4,-36],[40,-70],[30,-134],[-1,-61],[41,-41],[38,-24],[34,-88],[41,-33],[74,-32],[14,-32],[54,-56],[66,14],[44,-19],[21,-69],[60,-124],[19,-103],[18,-47],[83,-77],[46,-80],[1,-79],[47,-88],[83,-127],[-4,-48],[21,-57],[139,-127],[130,-84],[62,-26],[75,-41],[82,-9],[83,-27],[64,-2],[67,-27],[90,-52],[46,-41],[62,-91],[6,-82],[-33,-59],[-18,-60],[-31,-30],[-133,-87],[-47,-80],[-5,-49],[23,-87],[1,-28],[-31,-34],[-34,-8],[-35,13],[-103,-28],[-24,-17],[-60,-122],[-5,-26],[22,-108],[52,-38],[93,-7],[103,-35],[185,-38],[27,6],[45,34],[87,22],[47,57],[165,5],[26,25],[17,49],[67,36],[38,7],[82,-42],[34,57],[55,25],[63,5],[74,-24],[181,101],[17,72],[35,72],[43,12],[50,42],[69,-13],[59,48],[20,2],[75,-62],[39,-84],[15,-70],[21,-65],[32,-47],[74,-67],[45,-66],[40,-18],[66,-7],[91,31],[62,-7],[53,-35],[56,-81],[1,-117],[24,-86],[34,-78],[6,-49],[36,-66],[30,-79],[41,-53],[59,-33],[-4,-27],[-55,-60],[-95,-72],[-30,-6],[16,-45],[-20,-91],[-60,-48],[-141,-49],[-110,-88],[-46,-74],[-89,-56],[-67,2],[-43,17],[-70,48],[-72,-40],[-83,-61],[-3,-16],[37,-124],[12,-68],[-1,-53],[-38,-62],[-178,-171],[40,-47],[20,-46],[1,-86],[19,-109],[72,-54],[100,13],[66,43],[48,9],[100,45],[82,106],[109,-12],[68,-66],[70,76],[28,41],[19,5],[85,-36],[18,17],[69,21],[58,1],[75,-46],[37,-7],[90,10],[33,11],[72,-89],[95,-20],[32,-43],[77,-54],[34,-55],[5,-94],[14,-63],[18,-17],[39,-110],[-11,-67],[76,-79],[42,-62],[3,-165],[-13,-77],[-34,-51],[-41,-21],[172,-80],[82,-19],[74,-43],[31,-27],[70,13],[144,-79],[98,-74],[107,-30],[44,10],[60,30],[84,27],[110,10],[98,-5],[33,7],[26,-20],[46,-71],[29,-69],[3,-64],[-24,-85],[-27,-42],[-95,-109],[18,-85],[27,-50],[17,-81],[22,-39],[56,-41],[66,-84],[54,-51],[107,-21],[46,4],[54,20],[67,50],[126,-52],[52,2],[67,-63],[37,-12],[116,-22],[33,-53],[63,-2],[171,48],[101,76],[56,63],[43,23],[74,-15],[32,2],[95,31],[29,59],[0,102],[26,53],[66,32],[167,30],[87,-44],[85,-18],[39,0],[36,20],[39,42],[22,44],[50,61],[103,-10],[73,-84],[89,-67],[56,52],[116,55],[23,28],[9,-65],[30,-46],[68,-80],[62,-105],[88,-51],[34,-40],[-5,-59],[-14,-61],[-47,-46],[-17,-31],[-9,-96],[-42,-109],[-6,-34],[-28,-51],[79,-8],[53,-16],[18,-131],[36,-23],[49,-59],[50,-26],[46,-57],[33,-10],[176,6],[118,47],[9,51],[55,31],[54,8],[123,-3],[45,26],[75,-1],[88,-90],[31,-45],[99,42],[43,4],[57,-12],[28,23],[34,70],[57,49],[55,82],[23,-29],[7,-48],[45,-88],[48,-48],[10,-55],[-4,-70],[108,-38],[51,-46],[-14,-93],[12,-96],[64,-11],[127,60],[88,49],[89,-130],[30,-76],[2,-78],[22,-25],[14,-67],[25,-78],[3,-76],[12,-68],[25,-53],[70,-17],[84,-11],[63,-63],[35,-24],[55,-1],[113,22],[80,-45],[14,-203],[-17,-65],[52,-59],[33,-83],[1,-34],[74,-28],[35,-2],[102,-32],[73,-35],[46,-81],[49,-23],[35,19],[29,34],[72,22],[-19,13],[-44,72],[4,85],[11,13],[64,18],[50,2],[134,48],[31,64],[63,47],[71,-42],[49,1],[73,-23],[56,9],[8,142],[-1,91],[14,35],[63,70],[51,-34],[37,-50],[17,-43],[56,-67],[53,-41],[39,-62],[12,6],[29,66],[53,56],[90,36],[52,30],[60,-60],[19,-4],[92,36],[94,-45],[84,-62],[96,-45],[58,-41],[16,-34],[-31,-64],[4,-68],[-11,-53],[-38,-58],[-44,-111],[8,-40],[-28,-96],[1,-46],[34,-5],[77,-54],[58,35],[46,1],[112,-74],[40,-20],[57,-1],[106,51],[53,40],[53,27],[24,28],[9,93],[-22,43],[6,21],[-40,70],[3,26],[39,59],[71,-9],[39,43],[84,35],[31,-76],[1,-39],[24,-22],[84,33],[46,3],[55,-10],[122,-41],[112,-6],[-7,-45],[6,-83],[-28,-50],[-9,-40],[10,-74],[-8,-49],[-43,-111],[24,-23],[92,-60],[100,-56],[28,-26],[93,-53],[34,-32],[22,-68],[185,-7],[41,18],[100,-43],[98,23],[182,-8],[41,10],[7,-90],[17,-31],[97,-64],[67,-71],[33,-13],[53,2],[109,25],[87,-101],[50,-68],[-28,-50],[-4,-77],[-13,-22],[-59,12],[-95,-68],[-24,-28],[-98,55],[-58,6],[-41,-41],[-32,-7],[-47,38],[-64,25],[-59,7],[-21,-20],[6,-44],[71,-113],[-4,-24],[-89,-135],[-9,-22],[45,-95],[-8,-54],[81,-44],[36,-36],[62,-97],[26,-117],[6,-83],[62,-70],[16,-32],[-17,-80],[22,-53],[-52,-109],[34,-52],[6,-61],[-22,-51],[48,15],[40,-4],[36,-38],[40,-98],[22,-22],[50,-21],[30,-34],[62,-44],[89,49],[35,9],[47,39],[52,17],[30,42],[71,-37],[21,-23],[111,-67],[50,45],[96,31],[41,43],[18,64],[31,36],[65,36],[23,-33],[37,-28],[41,-60],[122,-35],[80,7],[62,-99],[66,-32],[37,-29],[107,-44],[87,-55],[43,-63],[-41,-77],[36,-57],[20,-68],[-11,-64],[-3,-72],[8,-37],[-41,-54],[-74,-37],[-9,-13],[32,-52],[12,-135],[-39,-64],[66,-53],[63,-74],[18,-34],[62,-38],[43,-198],[32,-21],[64,-1],[92,29],[95,-50],[-15,-57],[-52,-44],[-4,-19],[34,-178],[32,-23],[107,-116],[9,-57],[6,-105],[116,-27],[34,-29],[46,-83],[22,-11],[75,-5],[15,9],[57,-25],[75,12],[61,-25],[69,-13],[47,1],[129,25],[74,-7],[44,-21],[55,16],[20,-5],[32,-43],[11,-122],[19,-105],[3,-56],[45,-44],[45,-75],[25,-22],[78,-29],[30,-38],[-40,-53],[-31,-22],[-56,-70],[19,-160],[31,-55],[21,-78],[-21,-63],[-36,-38],[-127,-60],[-79,-22],[43,-81],[38,-39],[0,-96],[-11,-58],[-41,-95],[6,-16],[77,-46],[10,-22],[-10,-73],[-39,-69],[29,-62],[19,-15],[117,11],[29,-16],[75,-94],[35,-81],[51,-5],[133,24],[48,-27],[31,-47],[101,-207],[-12,-53],[-37,-59],[2,-40],[68,-112],[16,-51],[-17,-52],[-30,-44],[-25,-126],[-10,-25],[-41,-39],[-38,-54],[-6,-37],[20,-72],[-18,-63],[-23,-45],[39,-34],[86,-27],[17,-34],[0,-54],[-24,-76],[6,-35],[33,-11],[71,-3],[29,-15],[43,-48],[-25,-74],[16,-33],[61,-25],[45,-47],[-27,-82],[9,-35],[110,-7],[10,-59],[39,-43],[8,-159],[61,-63],[36,-22],[57,-5],[57,23],[19,52],[39,55],[96,78],[29,3],[126,-19],[47,-20],[-14,-51],[3,-49],[40,-16],[65,-10],[34,-40],[2,-24],[-17,-106],[-41,-71],[4,-36],[42,-38],[17,-30],[65,-2],[26,-32],[53,-38],[46,-13],[27,-33],[6,-69],[10,-16],[36,7],[59,33],[89,-40],[54,7],[-15,-54],[12,-72],[51,-127],[58,-47],[-44,-109],[5,-16],[103,-37],[9,-27],[-29,-81],[-81,-68],[-31,-42],[-30,-95],[64,-27],[3,-51],[-13,-105],[30,-82],[30,-38],[65,-13],[90,-43],[74,-49],[9,-23],[-17,-82],[19,-37],[74,-49],[41,-75],[97,-42],[113,-22],[54,-2],[51,-33],[51,-4],[30,28],[40,80],[28,9],[75,4],[70,44],[48,-50],[151,-49],[9,-50],[-5,-42],[-63,-69],[-3,-91],[16,-42],[-2,-41],[104,-45],[33,-41],[19,-77],[0,-55],[-21,-58],[58,-50],[226,-120],[35,-8],[134,21],[149,74],[36,14],[70,82],[74,-16],[57,-130],[24,-28],[7,-97],[114,-44],[67,-40],[24,-44],[63,-35],[6,-51],[60,-87],[84,-58],[119,62],[43,0],[73,64],[13,33],[-18,55],[8,25],[48,50],[68,-13],[19,13],[52,76],[58,34],[19,65],[37,28]],[[153586,3917],[10,32],[32,12],[21,27],[-7,50],[8,44],[20,-4],[41,34],[5,34],[25,35],[-7,24],[89,41],[38,43],[6,35],[28,44],[-35,73],[-10,73],[20,75],[41,95],[57,71],[56,132],[64,96],[92,110],[61,86],[120,29],[52,27],[105,35],[72,1],[46,10],[66,62],[67,88],[111,25],[57,43],[44,45],[32,59],[23,77],[76,73],[39,108],[60,53],[103,76],[76,74],[102,128],[67,50],[8,77],[-15,49],[-39,55],[-95,88],[-52,73],[-27,99],[6,79],[43,144],[69,151],[31,59],[11,49],[-6,73],[-50,157],[-46,92],[-115,195],[-19,51],[62,40],[86,65],[7,45],[-20,39],[13,56],[69,51],[7,42],[-7,103],[19,47],[29,30],[10,32],[-14,50],[14,79],[60,69],[25,56],[81,33],[54,-3],[31,33],[-2,70],[9,30],[41,48],[36,122],[22,28],[76,56],[55,30],[12,22],[4,63],[-6,60],[-27,53],[-4,85],[-27,75],[7,63],[15,35],[58,79],[7,26],[-15,82],[1,102],[-22,109],[-28,46],[-37,89],[-11,67],[15,23],[-6,57],[-50,-52],[-103,-5],[-31,45],[-22,-2],[-7,-79],[-90,-86],[-28,-47],[-51,28],[-37,-21],[-10,-125],[-8,-8],[-54,51],[-81,96],[-19,61],[12,97],[-10,96],[-22,65],[-29,45],[-41,15],[-90,59],[-54,68],[-34,86],[-16,146],[-24,67],[-64,92],[-73,7],[-61,-14],[-112,-35],[-107,-48],[-47,-7],[-108,22],[-97,86],[-36,10],[-135,119],[-60,84],[-42,82],[-71,93],[2,44],[49,106],[17,59],[-2,34],[-24,54],[-7,54],[-73,88],[-31,22],[-39,-16],[-35,-50],[-72,-76],[-37,-27],[-72,-28],[-37,-5],[17,-104],[-1,-53],[-18,-39],[6,-60],[-10,-35],[17,-30],[-8,-42],[23,-93],[34,-52],[-18,-49],[-71,-14],[-13,-18],[13,-30],[-21,-36],[-17,13],[-47,-4],[-1,-22],[24,-26],[-12,-64],[-27,-34],[-46,10],[10,-50],[-46,-6],[-20,-33],[-14,-64],[-77,-42],[-46,-40],[1,-18],[-55,-49],[-26,-44],[-2,-46],[-64,-93],[-18,-48],[-43,-24],[-27,6],[-64,41],[-51,-17],[-47,17],[-27,-8],[-47,14],[-15,-22],[-87,-56],[-29,-98],[-1,-90],[8,-74],[-38,-2],[-32,25],[-23,0],[-53,-32],[-14,-68],[-33,7],[-79,-63],[-65,7],[-3,-52],[12,-30],[-60,-47],[-17,-1],[-22,52],[-58,-6],[-24,-30],[-19,-47],[-40,31],[7,55],[25,40],[-12,53],[-27,39],[-5,163],[-28,71],[-26,25],[1,58],[-50,36],[-113,36],[-41,4],[-31,23],[-84,24],[-34,-57],[-69,-81],[-74,10],[-12,-38],[-36,-13],[-37,21],[-61,4],[-16,10],[-17,60],[-34,44],[-43,-9],[-11,19],[-81,-15],[-23,-36],[-26,1],[1,-21],[-36,6],[-30,-10],[-20,-36],[-33,-28],[-42,-17],[-25,5],[-47,-53],[-67,-28],[-53,-48],[-12,-39],[-60,29],[-73,-9],[0,-18],[-31,-40],[-61,-46],[-53,22],[-25,-41],[-40,-21],[-36,-56],[-21,-11],[-50,4],[-24,14],[-26,-22],[-24,-49],[-6,-43],[-30,-57],[-58,-25],[-14,-58],[-23,0],[11,117],[23,68],[-16,60],[-22,-5],[-4,33],[-39,15],[-34,36],[-50,-25],[-20,68],[-30,5],[-43,54],[5,44],[-12,48],[-53,19],[-7,26],[16,83],[-38,63],[-32,13],[-23,-15],[-63,3],[-31,-43],[-39,26],[-36,-36],[-26,-9],[-52,3],[-33,-15],[-25,11],[-31,-52],[-42,0],[-40,-27],[-42,35],[-35,4],[-22,-26],[-56,-10],[-45,12],[-60,-17],[2,-46],[-31,-11],[-19,-35],[-19,-113],[-90,-30],[-36,-71],[-78,-86],[-41,-68],[-30,-23],[-35,-3],[-88,-33],[-74,16],[-62,23],[-27,31],[-77,36],[-39,9],[-12,29],[-30,6],[-17,61],[26,40],[-23,26],[-24,52],[0,45],[-35,29],[-17,35],[-40,18],[-18,-51],[-83,-132],[-13,-49],[-49,-63],[-25,-66],[-19,12],[-77,-9],[-60,-53],[-46,24],[-11,60],[-50,88],[-29,35],[-51,31],[-56,-19],[-25,12],[-37,-5],[-39,20],[-17,-8],[0,-37],[-35,-31],[-16,-32],[-67,-10],[-14,-111],[-27,-10],[-29,17],[-86,80],[-56,14],[-50,32],[-68,-32],[-31,-58],[-23,-71],[-13,-7],[-29,32],[-45,22],[-44,47],[-11,44],[-43,71],[-6,70],[-38,14],[-36,-49],[-30,-20],[-51,-10],[-67,14],[-44,-7],[-54,5],[-27,-36],[-17,11],[-4,99],[-10,17],[-62,35],[4,64],[-16,47],[-19,21],[-9,40],[14,58],[38,37],[-10,24],[-61,20],[-11,99],[-53,60],[-61,41],[-27,6],[-32,48],[-9,67],[18,66],[9,96],[-5,34],[-22,42],[13,52],[31,62],[5,64],[-94,31],[-57,63],[-94,39],[-76,10],[-78,-3],[-62,30],[-2,41],[32,50],[53,44],[17,34],[8,57],[58,80],[13,39],[43,36],[48,70],[16,44],[38,23],[-1,51],[24,55],[42,-7],[45,12],[-2,43],[25,48],[59,73],[19,46],[-1,88],[15,29],[-19,55],[21,66],[-56,-3],[-50,23],[-54,-17],[-52,-78],[-42,-18],[-7,32],[-29,22],[14,73],[-11,40],[5,35],[-27,39],[-6,41],[-36,-43],[-43,1],[-63,19],[-28,-59],[-44,-10],[-29,-31],[-38,1],[-16,-43],[-25,3],[-23,-43],[6,-37],[-25,-15],[-73,46],[-17,-11],[-11,32],[-38,-20],[-22,17],[-43,-29],[-51,36],[10,62],[30,23],[-15,13],[-45,-20],[-21,3],[-72,42],[-4,48],[-22,19],[34,29],[68,82],[23,20],[7,39],[-36,23],[28,60],[23,14],[44,-28],[45,-42],[7,37],[16,-3],[14,34],[38,42],[42,33],[1,25],[-24,55],[48,36],[33,97],[26,25],[16,41],[67,33],[-4,76],[-33,84],[15,60],[-16,53],[52,86],[16,89],[-27,23],[-32,-6],[-13,23],[23,53],[-9,34],[-46,28],[-74,15],[-110,-13],[-48,-24],[-36,-55],[-18,-2],[3,-42],[-63,-15],[-57,7],[-38,-7],[-51,8],[-51,22],[-32,-1],[-40,-22],[-68,7],[28,74],[-24,79],[7,32],[-34,103],[-27,37],[-50,-2],[-6,-48],[-46,-38],[-40,77],[24,56],[-17,45],[-45,-11],[-67,17],[-20,35],[11,61],[-14,120],[-16,43],[-93,38],[-34,-2],[-49,-24],[-24,7],[-27,58],[-25,13],[22,34],[-30,21],[12,17],[-14,53],[-49,31],[7,24],[-36,12],[-36,51],[8,33],[-69,-8],[-76,22],[-17,28],[-22,4],[-9,56],[36,32],[-3,33],[-32,13],[-22,101],[-27,96],[61,106],[-13,51],[-27,-24],[-89,-12],[-78,16],[-39,-20],[-47,-6],[-68,9],[-31,-10],[-55,22],[-75,-5],[-35,23],[-76,12],[-31,31],[-38,-2],[-43,42],[-36,6],[-50,37],[-63,61],[-42,5],[-59,43],[-18,27],[-36,14],[-59,72],[-56,49],[-54,25],[-56,-12],[-91,52],[-13,35],[-69,-7],[-46,28],[-138,8],[-33,15],[-44,54],[-25,-5],[-39,-34],[-73,15],[-31,25],[-38,-38],[-42,-8],[-31,14],[-32,-14],[-80,-1],[-28,36],[-20,3],[-40,-32],[19,-51],[-15,-25],[2,-74],[-14,-36],[-40,-46],[-43,-21],[-35,-57],[-12,-73],[17,-31],[-6,-35],[-50,-64],[-10,-56],[-4,-105],[-32,-26],[-73,-82],[-18,-73],[23,-55],[-10,-20],[-72,-65],[-16,-3],[-69,68],[-95,4],[-66,53],[-44,19],[-67,13],[-44,-16],[-42,-1],[-123,76],[-144,-10],[-68,-20],[-97,-4],[-29,9],[-74,-16],[-52,8],[-64,43],[-47,-36],[-28,-2],[-79,100],[-72,-29],[-71,38],[-53,38],[-49,8],[-20,31],[-99,-21],[-82,37],[-92,4],[-107,-60],[-73,5],[-80,-35],[-81,-23],[-28,-28],[-40,-94],[-22,-18],[-68,-17],[-34,-43],[-132,-76],[-6,-33],[-39,-51],[-13,0],[-94,-57],[-15,-48],[-56,-56],[-103,46],[-33,32],[-43,64],[-105,141],[-1,22],[-41,15],[-25,29],[-85,121],[-102,42],[-45,-15],[-43,5],[-92,49],[-78,55],[-81,49],[-102,37],[-44,26],[-25,-11],[-8,34],[-32,53],[-66,18],[-19,31],[-89,20],[-72,-7],[-13,19],[-5,95],[-42,53],[-49,1],[-33,-27],[-44,1],[-37,41],[-42,104],[-7,41],[-30,52],[-31,8],[-76,58],[-15,86],[-73,17],[-36,-8],[-17,14],[-48,-2],[-25,38],[-61,47],[-22,43],[35,52],[6,37],[-30,51],[-3,71],[27,95],[11,-83],[12,-27],[105,-42],[70,-44],[107,-82],[122,-125],[45,-28],[34,-44],[27,-51],[35,-23],[20,-31],[71,-74],[84,-54],[30,-10],[83,22],[97,16],[32,-33],[51,-120],[96,-19],[128,-53],[50,-34],[11,-41],[-1,-54],[40,-72],[65,-49],[50,30],[18,41],[-2,49],[-29,103],[-12,74],[14,64],[26,30],[14,41],[93,1],[167,-19],[33,8],[41,29],[57,27],[31,81],[22,96],[43,87],[50,-18],[61,-66],[27,-15],[52,-4],[39,9],[48,45],[15,30],[10,131]],[[144869,44847],[15,25],[-31,27],[-33,51],[-8,126],[-20,67],[8,48],[85,26],[54,46],[30,88],[-103,85],[-39,110],[-2,44],[-18,41],[37,96],[29,51],[-2,67],[6,79],[10,36],[-3,68],[-27,70],[12,27],[32,9],[57,53],[9,41],[-5,59],[24,136],[32,103],[-26,56],[26,50],[70,70],[34,5],[43,27],[21,55],[30,10],[7,44],[-20,56],[-1,49],[31,39],[13,76],[22,55],[-2,77],[8,75],[-6,86],[71,117],[53,10],[107,3],[117,-15],[60,63],[22,52],[73,53],[55,186],[99,76],[60,78],[7,36],[-11,37],[-61,43],[-28,85],[-55,36],[22,146],[54,66],[49,39],[21,78],[36,72],[-6,71],[-102,188],[-10,44],[17,123],[30,42],[67,34],[36,54],[89,-32],[49,67],[45,-5],[39,-39],[117,-52],[112,-43],[17,-22],[6,-76],[15,-11],[78,-8],[201,-55],[42,-49],[14,-66],[41,-61],[27,-96],[-23,-48],[-40,-36],[-41,-19],[-17,-25],[28,-84],[-8,-26],[15,-49],[44,-66],[50,-97],[94,-60],[76,-9],[117,35],[98,-15],[180,-87],[45,-12],[32,46],[44,29],[55,18],[94,15],[98,8],[22,27],[86,75],[56,65],[15,7],[1,63],[32,81],[12,118],[22,48],[6,79],[31,56],[136,108],[92,39],[51,-1],[72,15],[50,22],[145,111],[49,29],[61,-1],[111,-19],[158,-18],[28,16],[22,-35],[44,-16],[39,12],[28,-11],[47,30],[53,22],[49,-25],[75,-13],[70,-50],[58,-30],[66,-6],[102,6],[31,-16],[61,18],[60,-89],[10,-33],[27,-31],[74,2],[59,-112],[-9,-42],[-3,-81],[-12,-42],[1,-73],[33,-41],[42,-83],[57,-56],[134,-29],[63,-37],[62,-63],[-33,-53],[-89,-59],[-29,-8],[-45,-31],[-27,-40],[-41,-81],[-10,-35],[-5,-110],[-22,-134],[-18,-48],[-31,-37],[-49,-18],[-13,-68],[14,-87],[48,-34],[32,-115],[49,-67],[82,-56],[56,-24],[91,32],[95,22],[87,6],[38,22],[56,-45],[22,-51],[32,-40],[53,-48],[-10,-90],[-11,-22],[29,-30],[47,-10],[14,-28],[56,-25],[30,-53],[67,-90],[90,53],[26,3],[80,35],[52,14],[34,26],[53,-11],[35,-32],[10,-28],[108,-57],[21,1],[86,29],[34,4],[46,-13],[85,-56],[44,-4],[48,-66],[174,2],[33,11],[33,53],[50,-1],[47,38],[44,-1],[54,29],[9,31],[-4,73],[12,35],[57,59],[74,29],[31,-21],[45,-6],[42,8],[52,-30],[130,-31],[34,-33],[80,-53],[7,-62],[-36,-101],[-2,-85],[43,-77],[48,-26],[33,-41],[50,-34],[14,-38],[41,-67],[69,-48],[88,-31],[16,-15],[8,-65],[12,-12],[96,-24],[92,-32],[30,-17],[149,-19],[72,-18],[38,-32],[60,-11],[47,-22],[22,-36],[24,-10],[74,2],[91,-34],[12,-98],[31,-40],[44,-16],[62,-68],[26,-64],[-9,-145],[4,-81],[-11,-106],[23,-87],[21,-17],[64,-15],[90,-42],[81,-50],[102,-36],[89,-2],[252,-27],[66,-29],[45,11],[79,-23],[72,-53],[70,-37],[66,-43],[20,-2],[101,40],[51,49],[49,59],[110,-5],[64,3],[62,-8],[66,-30],[86,7],[86,65],[53,49],[28,-16],[33,-86],[71,-77],[71,-40],[93,10],[76,-24],[78,34],[75,-5],[92,-160],[16,-84],[62,-121],[80,-85],[19,-109],[51,-104],[29,-11],[43,5],[110,-27],[12,-12],[84,-30],[102,-70],[114,-84],[40,-43],[32,-48],[4,-40],[-24,-56],[-16,-113],[22,-142],[51,-31],[39,-54],[48,-127],[19,-67],[24,-46],[56,-36],[-14,-59],[-3,-55],[23,-80],[126,-74],[108,-32],[103,-19],[21,-12],[54,-77],[8,-28],[7,-142],[-6,-30],[10,-71],[2,-108],[15,-80],[-15,-104],[3,-22],[37,-66],[-6,-68],[46,-107],[69,-91],[26,-48],[52,1],[83,-30],[66,-72],[33,-70],[26,34],[39,20],[75,21],[78,13],[52,1],[58,-12],[86,-77],[107,-84],[43,-16],[58,-66],[28,-67],[32,-38],[67,-10],[117,-31],[75,-36],[39,2],[43,-18],[159,-12],[30,8],[63,36],[49,-12],[53,-32],[123,-20],[55,17],[93,43],[56,7],[56,-39],[31,26],[115,12],[44,17],[102,18],[64,-29],[66,6],[16,-53],[34,-30],[41,81],[21,82],[16,29],[113,153],[33,33],[28,60],[7,59],[29,51],[86,66],[92,33],[20,14],[44,-15],[98,69],[58,68],[8,32],[57,46],[43,7],[57,-36],[32,33],[48,-23],[108,-37],[77,-43],[100,-22],[107,-51],[47,18],[23,23],[53,-20],[49,-37],[64,5],[96,-25],[102,-1],[5,-43],[-3,-126],[5,-46],[41,-54],[58,-17],[56,-53],[95,-61],[48,-65],[3,-21],[52,17],[49,1],[29,18],[42,-16],[32,22],[69,-4],[54,28],[81,19],[48,31],[90,-48],[75,-9],[54,71],[53,-23],[24,-45],[87,-15],[53,11],[68,29],[37,71],[4,32],[73,120],[37,18],[26,37],[18,59],[67,94],[34,27],[46,18],[80,4],[78,48],[105,37],[79,-16],[115,50],[33,32],[92,4],[42,33],[83,105],[44,26],[105,27],[27,16],[75,95],[14,-54],[108,-17],[36,-32],[16,-130],[-9,-55],[88,-41],[57,-87],[17,-38],[-5,-41],[-40,-84],[-27,-17],[-79,-22],[-100,23],[-31,-14],[-30,4],[-42,-14],[-151,-27],[-112,-48],[-27,-22],[-23,-51],[4,-25],[82,-10],[98,2],[37,-19],[114,-30],[72,-7],[73,-22],[119,-58],[92,-52],[31,-4],[73,-45],[44,-11],[105,-50],[96,-22],[27,7],[166,81],[43,33],[38,45],[60,39],[28,39],[65,48],[53,50],[26,5],[54,43],[22,96],[89,21],[53,56],[86,37],[46,44],[58,31],[5,-33],[27,-27],[45,-12],[37,34],[62,-3],[42,32],[26,5],[76,-26],[70,46],[102,-24],[77,-4],[51,-44],[59,-26],[80,4],[71,41],[36,-9],[68,15],[58,-64],[15,-5],[45,25],[45,57],[107,86],[11,47],[68,72],[26,77],[38,52],[35,204],[113,41],[118,11],[38,-29],[80,-35],[39,-29],[43,-65],[60,4],[58,22],[49,-9],[31,-46],[54,-124],[85,-85],[-11,-36],[3,-49],[25,-78],[23,-169],[46,-83],[8,-98],[13,-67],[-11,-43],[-39,-75],[2,-66],[17,-87],[-6,-53],[36,-26],[50,16],[41,36],[130,-2],[30,-15],[30,-34],[67,-47],[58,-91],[6,-44],[34,-60],[27,-9],[45,40],[14,109],[36,74],[22,21],[132,75],[76,-19],[47,49],[65,39],[20,28],[-4,58],[4,142],[32,8],[42,42],[38,9],[104,8],[109,-35],[106,43],[95,18],[67,20],[60,-22],[38,-2],[39,18],[100,-43],[-2,-59],[7,-75],[-26,-39],[-32,-28],[-14,-33],[-65,-79],[-14,-30],[49,-72],[-33,-73],[7,-85],[30,-48],[-17,-87],[19,-73],[181,22],[30,33],[13,38],[33,-11],[69,1],[53,21],[28,34],[79,15],[57,-7],[67,-37],[74,15],[60,24],[81,-30],[33,-24],[23,3],[55,36],[81,-14],[56,-26],[36,-6],[88,-31],[36,-48],[68,-48],[42,-4],[30,27],[43,11],[46,30],[23,37],[23,-1],[27,31],[15,40],[40,40],[-8,48],[-40,78],[-8,44],[30,60],[17,73],[36,36],[31,62],[64,68],[11,58],[23,74],[38,45],[92,-14],[25,-13],[72,20],[17,21],[44,141],[26,32],[24,89],[0,34],[17,41],[38,53],[86,145],[34,102],[41,41],[124,53],[46,59],[69,24],[-32,45],[-3,28],[29,61],[6,33],[-31,70],[-39,31],[-2,68],[46,99],[12,102],[30,57],[18,76],[53,65],[25,104],[11,68],[39,52],[94,47],[84,26],[24,38],[54,45],[49,21],[94,55],[50,62],[-8,73],[8,27],[36,30],[44,73],[93,93],[67,-16],[52,21],[45,-67],[46,-7],[29,20],[21,35],[12,61],[3,93],[31,76],[-4,70],[-14,34],[-43,44],[18,116],[17,32],[23,76],[25,44],[27,91],[44,38],[8,22],[-3,91],[57,-34],[38,-4],[81,-28],[37,0],[59,-46],[34,-46],[40,-22],[37,43],[35,18],[100,4],[40,-8],[18,-37],[1,-69],[17,-54],[-3,-73],[26,-50],[4,-44],[-46,-122],[-63,-71],[-9,-28],[76,-48],[65,-86],[8,-83],[56,-67],[10,-26],[6,-82],[13,-52],[33,-56],[140,85],[110,26],[106,-49],[136,-80],[50,4],[148,31],[57,-7],[5,14],[65,29],[29,51],[95,67],[66,-16],[56,24],[50,2],[41,-30],[57,-7],[241,56],[65,-21],[43,-71],[20,-59],[42,-38],[78,-37],[259,-5],[64,-24],[10,-52],[24,-17],[98,-181],[45,-69],[11,-58],[46,-59],[37,-24],[59,-10],[59,-28],[68,-43],[50,-21],[104,-28],[34,-48],[37,49],[60,24],[42,27],[37,43],[54,45],[59,27],[26,61],[47,50],[63,21],[84,1],[47,8],[25,-8],[103,7],[60,-12],[40,-31],[46,-10],[16,48],[76,133],[1,23],[29,38],[63,12],[44,-15],[103,-22],[39,-55],[76,-74],[38,-16],[25,8],[70,-23],[35,-27],[74,-26],[27,0],[15,-67],[22,-38],[17,-58],[21,-19],[27,-56],[51,-11],[89,-46],[36,33],[42,74],[25,19],[65,80],[57,6],[52,19],[33,33],[65,-6],[45,8],[54,-48],[-6,-35],[61,-59],[31,-93],[11,-156],[-2,-50],[12,-51],[-5,-125],[18,-65],[45,-49],[21,-9],[42,-59],[64,0],[104,16],[90,-7],[104,22],[33,15],[50,43],[79,129],[86,90],[72,92],[31,16],[75,-14],[93,1],[63,-51],[34,-60],[18,14],[88,0],[78,-41],[26,1],[38,-35],[51,-70],[25,-61],[65,1],[137,-49],[52,-37],[37,-54],[128,-70],[35,-41],[5,-30],[37,-32],[18,-47],[41,-35],[105,12],[55,-18],[36,-55],[24,-17],[62,21],[103,-2],[22,-41],[15,-87],[-9,-34],[23,-85],[52,-43],[25,-41],[5,-91],[-9,-54],[-33,-31],[-58,6],[-63,-28],[-12,-34],[-51,-51],[-15,-77],[-50,-93],[-31,-32],[-126,-70],[-45,5],[-146,-63],[10,-91],[27,0],[29,-21],[63,-25],[28,-40],[95,-92],[16,-9],[3,-54],[20,-31],[-3,-112],[16,-57],[31,-59],[39,-37],[30,-8],[20,-35],[38,-11],[35,-79],[36,-32],[8,-39],[-34,-54],[-11,-67],[-78,-54],[-82,-87],[-8,-27],[-60,-93],[-71,-18],[-17,-22],[24,-47],[-20,-96],[8,-61],[36,-39],[-40,-117],[-24,-37],[-79,-77],[-7,-21],[22,-135],[-2,-20],[26,-59],[-4,-90],[-51,-24],[-55,-79],[-92,-48],[-36,-13],[-46,8],[-42,-26],[-37,-4],[-92,12],[-1,-46],[-48,-72],[-35,-198],[-9,-109],[13,-36],[-4,-84],[19,-24],[-3,-82],[-28,-37],[-14,-71],[-50,-97],[-43,-54],[-6,-77],[-37,-67],[71,-109],[5,-75],[55,-78],[33,-81],[-52,-56],[-46,-100],[-30,-18],[-18,-83],[-33,-68],[-7,-130],[-29,-153],[-13,-90],[-20,-32],[-97,-115],[-9,-30],[-40,-50],[-30,-20],[-103,-40],[-45,-72],[-29,-11],[-81,-78],[-45,-61],[-5,-23],[-52,-41],[18,-157],[-17,-71],[-32,-62],[-27,-136],[7,-31],[43,-40],[-32,-52],[-62,-122],[0,-34],[-19,-68],[-3,-65],[-21,-85],[7,-38],[-115,-127],[-30,-65],[-36,-34],[-107,-42],[-83,-59],[-78,-22],[-56,-61],[-34,-22],[-103,-137],[-100,-214],[-18,-63],[-25,-25],[-7,-65],[-26,-37],[-13,-46],[-31,-63],[59,-71],[34,-23],[32,-69],[5,-31],[-25,-26],[-17,-59],[-22,-35],[-49,-50],[-63,-53],[-51,-9],[-38,-19],[-3,-72],[-22,-65],[13,-42],[-4,-84],[-43,-40],[-33,-7],[-28,-38],[-18,-49],[-49,-43],[-43,-138],[1,-66],[18,-34],[40,-38],[82,-16],[43,-91],[-78,2],[-33,-12],[-51,-64],[-57,-160],[-5,-41],[18,-34],[64,-49],[16,-27],[-15,-39],[-49,-19],[-26,-26],[-32,-79],[-30,-30],[1,-25],[-50,3],[-67,-28],[-16,-43],[-46,-13],[-52,-94],[-18,-88],[17,-38],[-1,-46],[-13,-53],[1,-150],[30,-99],[-29,-81],[37,-77],[37,-31],[27,-59],[45,-9],[74,-86],[55,-31],[22,-57],[47,-65],[26,-69],[74,-60],[47,-4],[27,-26],[-16,-33],[-6,-51],[-32,-25],[39,-42],[19,-80],[69,-50],[14,-38],[34,-26],[-28,-42],[-78,-139],[29,-57],[85,-85],[39,-22],[44,0],[47,-31],[9,-39],[25,-18],[-1,-91],[-79,0],[-104,-25],[-33,8],[-74,-23],[-13,-23],[-87,-71],[-51,-22],[-51,-74],[-37,4],[-48,-37],[-38,-74],[-47,-48],[3,-34],[-29,-134],[-56,-41],[34,-117],[-3,-29],[-57,-134],[2,-81],[-24,-71],[9,-47],[-9,-65],[-15,-36],[22,-62],[-2,-66],[-61,-157],[-13,-66],[2,-51],[32,-36],[40,-85],[49,-64],[2,-38],[65,-98],[27,-15],[40,2],[36,-20],[64,-51],[22,-69],[5,-48],[64,-135],[-4,-49],[18,-42],[20,3],[35,-59],[16,-89],[23,-53],[-66,-53],[-75,-122],[-1,-42],[-66,-32],[-28,-36],[-44,-16],[-33,-26],[-11,-54],[-24,-31],[-35,-76],[4,-106],[-13,-5],[-11,-58],[-40,-51],[-37,-21],[-20,-51],[-29,-40],[-40,-93],[-2,-56],[56,-131],[11,-62],[18,-24],[-41,-58],[-40,-9],[-48,17],[-31,-16],[-21,-41],[-33,-6],[-32,-63],[-48,-33],[1,-52],[29,-75],[-21,-94],[-20,-32],[1,-53],[-22,-93],[15,-22],[5,-95],[13,-34],[-2,-58],[-23,-32],[12,-40],[-9,-42],[4,-65],[-17,-86],[21,-67],[-6,-69],[-40,-1],[-31,-18],[-18,-82],[-28,-45],[-32,-77],[13,-133],[-28,19],[-56,-13],[-41,-44],[-5,-55],[17,-53],[-15,-52],[3,-36],[-12,-77],[4,-29],[-28,-61],[-39,-19],[-45,-78],[-38,-101],[30,-58],[12,-41],[35,-38],[-10,-45],[-49,-108],[-26,-36],[37,-74],[16,-3],[28,-42],[12,-101],[1,-82],[-48,-68],[2,-61],[-10,-20],[3,-68],[-14,-89],[11,-79],[-24,-52],[42,-30],[50,-63],[47,-39],[16,-51],[-23,-4],[-63,-57],[-27,-53],[-44,1],[-31,-32],[12,-23],[0,-68],[-14,-45],[3,-53],[-25,-24],[-9,-33],[18,-56],[-25,-83],[6,-25],[-26,-37],[8,-43],[-14,-34],[-4,-63],[-19,-43],[-26,4],[-30,-20],[-5,-39],[-42,0],[-40,-28],[-6,-65],[-28,-38],[15,-45],[-26,-35],[-64,-33],[-31,-4],[-72,-43],[4,-49],[-12,-86],[-43,-61],[5,-81],[-36,-46],[24,-14],[18,-66],[-5,-26],[16,-50],[-6,-47],[32,-37],[-3,-117],[15,-27],[82,-55],[123,12],[20,29],[40,-14],[108,-99],[-1,-51],[21,-20],[34,-5],[32,-28],[13,-55],[0,-43],[21,-25],[11,-57],[28,-18],[19,-47],[26,3],[42,-29],[43,8],[-6,-43],[2,-104],[-62,-81],[-13,-44],[-34,-26],[4,-89],[52,-99],[56,-22],[42,-127],[-8,-50],[30,-84],[36,-43],[12,-35],[-4,-74],[38,-102],[57,-63],[6,-52],[19,-8],[53,-86],[31,-8],[41,-96],[-4,-41],[23,-47],[36,-17],[33,14],[42,-8],[32,18],[39,-5],[61,-56],[62,-12],[20,-21],[129,-49],[22,-23],[11,-46],[83,22],[31,31],[109,4],[41,29],[25,31],[63,32],[22,27],[31,-3],[43,-42],[48,-64],[38,-85],[13,-101],[-1,-62],[30,-66],[50,-70],[28,-62],[0,-76],[-18,-47],[24,-56],[-10,-26],[34,-28],[59,-82],[67,-3],[83,-15],[61,-100],[56,-74],[55,-21],[16,-38],[29,-8],[5,-61],[48,-50],[31,-5],[56,-59],[71,-39],[68,-4],[73,11],[96,3],[53,-25],[75,-14],[23,-41],[-22,-33],[-86,-83],[-40,-83],[-26,-32],[-58,-111],[-33,-48],[-26,-71],[-13,-85],[15,-64],[-5,-20],[16,-62],[-23,-44],[-13,-50],[-24,-170],[52,-69],[16,-45],[47,-83],[60,-74],[10,-40],[76,-36],[69,-90],[58,-44],[37,-126],[35,-53],[23,-12],[20,-56],[34,-37],[37,-60],[-27,-41],[-19,-63],[23,-47],[-36,-77],[-29,-46],[-13,-64],[-32,-26],[1,-25],[-33,-71],[11,-74],[-49,-30],[-14,-58],[60,-45],[11,-27],[52,-60],[9,-54],[16,-24],[43,-2],[36,-63],[43,-7],[12,-25],[27,-10],[40,-51],[21,-11],[44,14],[39,-4],[22,-25],[0,-41],[35,-11],[15,-25],[43,-23],[13,-40],[27,-37],[18,-66],[6,-69],[50,-54],[-3,-27],[67,-39],[50,8],[10,-21],[8,-81],[20,-5],[-36,-112],[1,-38],[28,2],[29,-22],[-20,-31],[6,-48],[-10,-32],[29,-51],[-24,-37],[-33,-18],[-50,-5],[-18,-25],[-39,-20],[0,-51],[18,-31],[37,-20],[16,-37],[-22,-65],[-27,-31],[3,-32],[-22,-70],[25,-36],[50,-10],[43,-26],[27,-33],[-2,-53],[-38,-52],[-11,-32],[8,-66],[18,-41],[36,-53],[21,-48],[63,-103],[14,-38],[2,-63],[-18,-40],[8,-19],[-11,-66],[7,-36],[-16,-66],[-2,-70],[39,-152],[32,-32],[13,-108],[22,-47],[16,-92],[58,-198],[54,-261],[0,-103],[-16,-209],[-31,-103],[27,-164],[-1,-45],[-18,-127],[5,-44],[-11,-77],[9,-53],[-10,-45],[-32,-71],[7,-93],[-56,-97],[8,-97],[-14,-127],[-34,-49],[-46,-131],[-45,-76],[-77,-61],[-79,-181],[-53,-57],[20,-56],[-12,-48],[5,-131],[-8,-62],[7,-39],[-14,-38],[17,-60],[-11,-36],[-28,-36],[-45,-80],[15,-118],[4,-112],[-3,-72],[-11,-56],[-23,-333],[-8,-86],[7,-66],[-4,-64],[-53,-96],[-38,-6],[-23,-63],[56,-98],[-52,-16],[-18,-88],[-69,-72],[-166,-19],[-57,-37],[-6,-41],[-46,-27],[-27,-85],[-11,-101],[4,-158],[-29,-66],[8,-28],[-10,-91],[-8,-16],[-70,-10],[-106,-95],[-23,-33],[40,-93],[5,-133],[-55,-160],[14,-72],[-26,-48],[-36,-35],[6,-24],[52,-40],[14,-87],[-7,-77],[-40,-30],[-25,54],[-2,32],[-44,54],[-41,-12],[-5,-33],[29,-12],[16,-32],[-17,-33],[-46,-29],[-1,38],[-36,60],[-71,-33],[12,-77],[24,-46],[1,-50],[-42,12],[-9,21],[-52,23],[-8,48],[-16,15],[-32,-35],[-18,-93],[28,-40],[-19,-51],[32,6],[23,49],[20,-15],[-5,-26],[-48,-61],[-35,-12],[-10,-24],[61,-56],[2,-35],[-40,-40],[-66,5],[-25,89],[-36,-4],[-16,17],[0,-285],[48,-5],[65,-80],[24,-69],[-56,-45],[-45,-61],[-72,-47],[-47,4],[-54,-29],[-21,-28],[-6,-40],[22,-43],[42,6],[39,43],[23,-6],[2,-38],[-21,-82],[4,-53],[34,-28],[9,-33],[-20,-140],[-21,-113],[-12,-18],[-62,-6],[-71,-21],[-34,-23],[-9,-33],[35,-64],[7,-44],[-21,-30],[-80,-37],[-37,-33],[11,-54],[34,-33],[43,-3],[82,43],[15,-10],[15,-82],[0,-50],[24,-68],[-18,-52],[20,-78],[15,-22],[43,-16],[6,-58],[39,-6],[14,-22],[-30,-72],[-75,-87],[-19,-94],[33,-49],[76,-23],[36,-27],[13,-45],[-14,-51],[-40,-34],[-60,-15],[-70,31],[-25,-1],[2,-23],[31,-33],[47,-21],[47,-49],[-10,-65],[-48,-27],[-35,-5],[-119,4],[-51,-50],[17,-56],[67,-141],[28,-104],[3,-45],[-14,-116],[0,-85],[-13,-108],[-23,-50],[-23,-20],[-98,-60],[-49,-47],[-52,-72],[-14,-86],[-13,-38],[-27,-25],[-87,-145],[-47,-50],[-72,-61],[-84,-81],[-3,-55],[43,-85],[-49,-11],[-32,16],[-20,32],[-45,-42],[-19,14],[-3,60],[-68,-21],[-31,-19],[-26,-43],[-33,3],[22,-26],[-47,-27],[17,-37],[-22,-52],[-26,-13],[31,-28],[-20,-17],[-59,8],[-16,-53],[-12,33],[-23,18],[-36,-13],[-15,22],[-53,-35],[20,-29],[4,-37],[-51,-13],[19,-31],[-46,8],[-12,-26],[-39,7],[3,-22],[-63,-22],[2,-51],[-23,-14],[-11,-37],[-43,48],[-3,-97],[-14,-12],[-34,9],[-20,-63],[0,-41],[-16,-69],[-13,30],[-42,-13],[-24,-24],[26,-86],[56,2],[13,-18],[-22,-69],[-20,27],[-15,-22],[22,-54],[-26,-5],[-16,-27],[18,-20],[-36,-28],[13,-57],[66,-55],[-19,-65],[-124,-23],[-28,-10],[-123,-24],[-223,-49],[-47,23],[-5,46],[-27,31],[-50,16],[23,16],[-16,22],[-24,-17],[-30,14],[-42,-40],[-60,33],[-6,34],[-34,21],[15,19],[-30,35],[-20,67],[-7,557],[-580,129],[-252,220],[-477,345],[-41,25],[-58,-21],[-37,9],[-18,33],[-2,45],[13,105],[-19,90],[-45,42],[-59,-3],[-82,24],[-31,20],[-8,55],[15,42],[31,35],[116,67],[48,61],[10,43],[-17,93],[-22,50],[-28,6],[-542,52],[246,252],[-215,548],[-268,258],[-57,-285],[-364,-165],[-131,-73],[-7,-79],[-33,-34],[-73,-1],[-11,-15],[6,-64],[31,-31],[-26,-21],[-7,-80],[34,-60],[63,-28],[-29,-44],[-7,-50],[11,-24],[-233,-101],[-52,-245],[-459,101],[31,218],[2,64],[-101,54],[-49,43],[2,17],[-133,132],[-128,78],[-146,78],[-61,23],[-195,86],[-35,1],[-7,-52],[-26,-5],[-2,55],[-33,20],[-55,-32],[7,-37],[65,-18],[-8,-44],[-33,-6],[-34,39],[-13,-74],[44,-9],[19,-35],[-30,-38],[-52,-34],[-40,-74],[-11,-53],[-33,-29],[-70,16],[-12,-26],[35,-41],[-21,-25],[-59,14],[-25,-4],[-13,-29],[15,-26],[31,-10],[18,-24],[2,-82],[-25,-39],[10,-22],[24,14],[12,-17],[-73,-49],[-1,-72],[-28,-40],[7,-37],[34,4],[41,41],[21,-21],[-24,-126],[-17,-49],[-27,7],[-24,30],[-22,-28],[5,-44],[28,-23],[30,7],[-4,-29],[-55,-2],[-37,30],[-16,-18],[17,-26],[63,-31],[43,-2],[-3,-26],[-30,-33],[-33,-55],[9,-28],[31,20],[15,36],[16,-7],[-32,-54],[-39,-17],[-21,16],[4,28],[-28,23],[-46,-87],[-29,5],[-5,-63],[15,-39],[-42,-31],[-16,-29],[38,-48],[-58,-31],[-243,-60],[-143,270],[-187,-7],[-123,-274],[-242,134],[23,84],[-15,44],[-23,18],[-4,46],[-14,-16],[-15,31],[-54,66],[-28,9],[-25,-22],[-25,38],[-25,-7],[-1,61],[-57,60],[-284,24],[-103,153],[-41,54],[-322,-7],[14,-546],[-629,-277],[35,-344],[-547,8],[-112,-35],[-232,-67],[-111,-251],[-68,-8],[-382,35],[-3,78],[31,96],[-21,80],[0,46],[-63,14],[-248,74],[-187,108],[-278,162],[-108,312],[-11,45],[-45,10],[-254,76],[-397,234],[-3,26],[-468,126],[-102,25],[-260,41],[-287,71],[-165,-56],[-328,-151],[-36,3],[-342,-297],[-194,9],[-335,-56],[-183,-20],[-169,-26],[-279,-336],[-166,29],[-101,-189],[-175,-365],[-49,-311],[-19,-136],[7,-23],[104,-286],[-126,-147],[-111,-117],[-151,-107],[-91,104],[-163,114],[-175,129],[-191,206],[-23,108],[-247,-145],[-266,208],[-155,-29],[-52,2],[-176,-4],[-146,35],[-33,327],[1,66],[24,65],[-3,191],[17,229],[-125,111],[-97,50],[-32,-21],[-47,10],[-28,-26],[-34,-10],[-12,34],[-37,27],[2,63],[-28,11],[-249,-13],[-152,-4],[0,-29],[-47,-23],[-4,-75],[-46,-20],[-6,-40],[-22,-11],[-36,-56],[-21,8],[1,-29],[-51,-14],[-27,93],[-15,0],[-123,75],[19,39],[-21,23],[8,43],[-570,32],[65,-214],[5,-30],[-376,-61],[-220,20],[-319,166],[-130,93],[-77,45],[-194,181],[-189,173],[-84,73],[-370,344],[-229,216],[-37,237],[-51,352],[-83,718],[-22,182],[-24,244],[-38,256],[-31,165],[-64,270],[-73,129],[-13,524],[21,462],[-28,236],[-609,42],[-52,-529],[-328,-515],[-143,-232],[-28,-39],[-108,-223],[-246,-103],[-152,-78],[-151,-70],[-236,58],[-21,-2],[-95,-142],[-211,64],[5,37],[-105,3],[-29,-83],[-14,-12],[-93,19],[-65,-16],[-124,14],[-12,-39],[-37,-69],[-93,-4],[-13,-12],[-97,12],[-26,-11],[-39,6],[-25,-61],[-8,-65],[-33,-180],[-28,-249],[19,-148],[13,-54],[-92,-7],[-486,-30]],[[86086,30385],[-98,-21],[-247,-70],[-82,-40],[-160,-95],[-27,-27],[-18,-41],[1,-71],[64,-183],[22,-144],[97,-196],[-6,-78],[-30,-176],[-29,-113],[11,-19],[127,-25],[145,-7],[116,-24],[134,-14],[73,-2],[125,7],[22,-97],[0,-121],[-61,-152],[-42,-45],[-52,-80],[-44,-51],[-111,-61],[-4,-39],[-36,-139],[-37,-27],[-26,-37],[-4,-28],[-68,-13],[-35,-45],[-40,-28],[-98,-47],[-123,-48],[-48,-41],[-73,-73],[-73,-29],[-675,608],[-60,51],[-881,501],[-557,323],[-392,221],[-121,75],[-170,100],[-561,320],[-362,210],[-12,3],[-343,196],[-330,192],[-340,199],[-333,191],[-426,236],[-231,11],[-545,30],[-97,7],[-641,37],[-135,9],[-536,31],[-220,7],[-617,35],[-307,15],[-428,24],[-5,2],[-433,27],[-156,11],[-718,36],[24,-37],[44,-15],[11,-38],[-12,-30],[-40,-20],[-1,-30],[-23,-12],[-8,-68],[45,13],[77,-45],[38,-4],[-5,-73],[55,-34],[32,4],[37,42],[34,-27],[-12,-26],[-32,-19],[-18,-29],[2,-101],[46,-65],[-37,-98],[-36,-142],[-74,-73],[-85,10],[-32,-47],[-24,-18],[-64,-20],[-52,-37],[3,-43],[28,0],[24,-43],[-10,-39],[-26,-6],[-13,-42],[26,-52],[46,-55],[26,-10],[37,-48],[35,-14],[-4,-54],[36,-87],[34,-17],[24,-44],[99,-31],[23,-30],[-41,-15],[19,-20],[33,16],[52,-7],[34,-16],[11,-47],[29,-57],[29,11],[17,-15],[4,-64],[-56,-5],[-23,-43],[12,-47],[-24,-104],[-29,-37],[-17,-58],[-23,-34],[-49,-37],[-8,-25],[-54,-18],[-16,-49],[-17,-14],[-76,-2],[-80,-98],[-31,-22],[-48,-9],[-21,-42],[5,-80],[15,-33],[47,-31],[10,-27],[-36,-80],[14,-58],[26,-60],[-40,-48],[-23,-50],[-47,-43],[-56,-28],[-93,-12],[-43,4],[-44,-82],[-10,-91],[29,-51],[11,-91],[-22,-48],[-29,26],[-49,8],[-24,-56],[-57,-25],[-34,14],[-21,-41],[-74,-71],[-47,-20],[-10,-26],[33,-54],[-5,-33],[10,-77],[-6,-27],[-32,28],[-50,9],[-99,-54],[-5,-27],[41,-29],[-35,-28],[-50,4],[-49,-37],[-46,1],[-21,-20],[3,-36],[-31,-51],[-48,-4],[-64,-47],[-57,25],[-73,-28],[-55,45],[-52,-6],[-12,25],[-25,4],[-18,47],[-64,-9],[-78,25],[9,-41],[-46,-34],[-24,-52],[7,-20],[46,-39],[-15,-15],[-22,29],[-90,21],[-103,43],[-22,-30],[-42,-29],[-71,68],[-38,20],[-80,-29],[-36,-4],[-8,43],[-62,2],[22,39],[-288,296],[-156,157],[-20,40],[-141,320],[149,495],[0,9],[-88,78],[-254,219],[-289,261],[-89,78],[-273,129],[-41,17],[-106,80],[-85,76],[-38,43],[-122,153],[-94,171],[-25,38],[-126,234],[-81,164],[-25,37],[-118,142],[-39,53],[-220,18],[-58,9],[-148,53],[-99,10],[-210,-11],[-172,-19],[-571,-37],[-214,-21],[-218,-14],[-585,-33],[-41,0],[-145,-41],[-359,-34],[-409,-34],[-321,137],[-85,21],[-387,98],[-277,73],[-5,4],[-440,96],[-278,102],[-213,254],[-50,178],[-66,220],[-227,274],[-97,5],[-265,0],[-344,-34],[-96,-7],[-312,-34],[-212,-1],[-240,11],[-16,-2],[-221,16],[-362,71],[-269,-62],[-427,-92],[-219,58],[-154,44],[-437,21],[-564,36],[-110,8],[-14,12],[-4,89],[7,69],[35,-10],[15,19],[-20,20],[14,75],[-13,24],[14,25],[-25,36],[13,74],[44,19],[49,-21],[7,-25],[45,-9],[-24,40],[4,45],[-12,20],[30,25],[9,-23],[65,11],[15,-40],[53,91],[-44,11],[8,26],[30,11],[-16,61],[-17,12],[-31,-29],[14,46],[-39,27],[48,58],[-11,24],[-16,-33],[-37,-19],[-7,14],[27,32],[-20,27],[-56,-3],[23,44],[29,-4],[-7,52],[-28,23],[-22,-19],[-29,40],[29,0],[11,50],[-15,31],[32,42],[-27,-10],[-15,45],[24,2],[-35,52],[30,36],[-22,11],[-41,-31],[-29,30],[8,48],[43,23],[10,39],[-33,-4],[-21,15],[12,37],[24,-13],[27,16],[-1,36],[36,24],[39,-6],[50,14],[5,35],[-38,35],[-23,37],[-12,60],[10,27],[39,24],[18,-4],[59,25],[29,23],[22,44],[-9,49],[-56,69],[-17,39],[8,44],[22,28],[-9,51],[15,24],[33,6],[0,85],[15,45],[20,95],[13,18],[51,21],[12,42],[-23,44],[-55,55],[-58,70],[-32,18],[-76,24],[-6,25],[19,88],[-2,26],[-40,44],[-28,72],[-65,40],[-78,60],[-25,44],[31,50],[-39,91],[14,38],[-16,45],[-26,13],[-2,35],[19,30],[46,12],[5,41],[-115,30],[11,34],[69,-8],[43,53],[-62,46],[-1,33],[76,45],[21,35],[-35,31],[-36,73],[55,36],[8,73],[-42,102],[-59,-15],[-13,47],[23,41],[-26,15],[-36,-36],[-56,1],[-12,21],[15,54],[49,1],[13,24],[-23,56],[6,41],[-42,69],[-36,20],[-36,82],[-37,20],[-68,-49],[-32,12],[-7,52],[30,40],[-15,20],[-76,8],[-75,28],[-30,55],[5,23],[49,-1],[28,27],[10,35],[-10,27],[-42,18],[-8,34],[63,45],[6,75],[-45,54],[22,71],[-9,37],[77,179],[-28,45],[-30,76],[-110,78],[-35,47],[-48,82],[-3,39],[-24,62],[-14,82],[8,67],[1,85],[8,59],[37,112],[8,125],[-10,-12],[-52,-134],[-74,-8],[-56,153],[-11,-1],[-83,-95],[-135,-91],[-192,-38],[-203,14],[-116,39],[-46,175],[-5,4],[-201,-245],[-375,-117],[-240,67],[-7,-65],[-103,-121],[-92,-72],[-25,16],[-285,88],[-111,-49],[-59,-102],[-84,-101],[-57,-2],[-140,48],[-184,-76],[-332,-114],[-166,-91],[-113,9],[-134,-49],[-53,-37],[-50,52],[-179,-29],[-92,36],[-74,12],[-159,59],[-362,-150],[-50,-10],[-126,-13],[-54,-83],[-80,-13],[-56,1],[-38,53],[-13,-1],[-191,-172],[-34,-1],[-515,63],[-262,178],[-219,89],[-324,277],[-249,127],[-198,197],[-242,299],[-201,379],[-5,-3],[-130,240],[-127,61],[-559,278],[-218,148],[-422,283],[-94,65],[-351,318],[-219,194],[-491,452],[-86,82],[-106,72],[-394,225],[-57,75],[-246,305],[-189,238],[-329,146],[-107,53],[-270,129],[-508,315],[-13,2],[-84,-225],[-46,3],[-194,50],[-360,142],[-26,23],[-183,330],[-295,235],[-213,238],[-30,133],[-214,270],[-213,376],[-188,-24],[-394,77],[-439,17],[-615,90],[-156,25],[-301,-20],[-214,12],[-146,-161],[-54,-189],[-187,-172],[-72,-187],[-216,-272],[-2,-162],[-180,-147],[-107,-200],[13,-63],[6,-147],[1,-228],[-132,-42],[-89,-37],[-47,-3],[-157,-46],[-36,1],[-78,-41],[-57,2],[-39,27],[-112,35],[-165,27],[-58,51],[-44,61],[-67,128],[-98,106],[-100,84],[-70,70],[-95,62],[-145,116],[-174,164],[-40,30],[-106,61],[-42,35],[-39,53],[-44,44],[-43,65],[-59,40],[-123,45],[-24,36],[-73,44],[-16,-4],[-104,15],[-49,20],[-97,-38],[-88,1],[-15,19],[-209,205],[-435,432],[-183,176],[-317,313],[-124,121],[-213,211],[-303,294],[-602,597],[-113,35],[-276,30],[-403,40],[-439,52],[-62,48],[-32,44],[-72,9],[-181,115],[-51,-12],[-37,12],[-108,196],[-49,50],[-81,36],[-135,96],[-200,134],[-228,113],[-39,22],[-252,176],[-364,310],[-267,195],[-379,213],[-313,181],[-220,131],[-239,138],[-177,109],[-218,157],[1,244],[15,285],[15,239],[96,227],[-70,63],[-185,142],[-112,45],[-219,203],[-179,178],[4,273],[-93,148],[24,53],[-2,67],[-25,29],[-170,99],[-208,117],[-56,44],[-121,44],[-108,47],[-34,10],[-119,10],[-124,-13],[-124,-2],[-191,-9],[-170,43],[-161,46],[-38,-41],[15,-56],[-37,-15],[-18,-42],[-52,-38],[-55,-132],[16,-27],[-15,-43],[33,-51],[69,-29],[126,-35],[2,-37],[26,-52],[-20,-23],[8,-54],[-27,-32],[2,-52],[-36,-30],[-38,-96],[-32,-34],[-16,-45],[-30,-15],[-65,-12],[-54,5],[-349,-43],[-156,-13],[-172,17],[-309,-178],[-60,-7],[-58,95],[65,230],[215,85],[-174,334],[-214,-130],[-20,142],[-28,25],[-100,27],[-46,52],[5,94],[51,20],[75,-16],[144,-7],[157,32],[79,174],[-144,204],[31,318],[20,97],[-146,209],[-325,420],[-12,10],[-161,75],[-130,157],[-536,728],[-229,320],[-294,429],[-139,209],[16,258],[26,736],[-124,212],[-213,352],[-138,373],[-62,64],[-162,41],[-233,53],[-399,95],[-201,44],[-397,67],[-225,46],[-344,77],[-283,65],[-158,39],[-319,73],[-214,80],[-208,198],[-73,67]],[[22633,57054],[5,61],[-11,81],[-17,42],[-40,59],[-45,38],[-60,65],[-15,44],[49,160],[33,57],[38,127],[24,47],[50,60],[44,68],[145,148],[13,29],[39,9],[143,99],[20,30],[41,166],[4,51],[23,55],[10,51],[-6,96],[35,98],[44,53],[28,20],[37,6],[77,-11],[103,18],[96,25],[61,49],[26,111],[7,67],[64,97],[37,28],[103,49],[40,48],[159,144],[61,70],[53,86],[82,102],[85,69],[90,41],[37,43],[-59,-19],[41,54],[88,82],[34,20],[57,2],[46,-24],[63,10],[39,124],[-1,42],[18,105],[3,63],[24,72],[76,110],[16,48],[-11,45],[194,232],[96,135],[92,122],[107,131],[78,76],[117,135],[149,150],[145,112],[179,124],[145,138],[81,96],[59,45],[70,93],[125,151],[89,136],[95,99],[112,218],[65,140],[13,37],[57,106],[32,43],[42,29],[47,18],[56,39],[28,31],[18,55],[5,98],[18,66],[2,109],[39,53],[78,78],[27,36],[61,50],[41,45],[56,88],[48,92],[32,88],[7,146],[-7,90],[-7,179],[-22,69],[-22,113],[-3,91]],[[153586,3917],[-245,-18],[18,-33],[-53,-10],[-4,-61],[-29,-60],[22,-11],[9,-54],[25,-37],[-21,-26],[7,-26],[33,4],[-30,-20],[26,-66],[-16,-37],[24,3],[-16,-35],[-6,-57],[43,6],[-10,-30],[20,-11],[-5,-47],[-22,-55],[4,-45],[-58,-25],[-19,16],[-18,-18],[-118,2],[-17,-12],[4,-37],[-36,2],[-15,-33],[-41,-15],[-13,-24],[-27,21],[-26,-26],[-39,20],[18,-51],[-35,-6],[-20,-37],[-46,-6],[-20,41],[-37,-31],[-55,12],[4,41],[-43,-9],[22,34],[-30,11],[-33,-13],[-44,13],[20,-33],[-36,-3],[-5,-49],[-30,-16],[-1,-53],[-37,-22],[4,-46],[-25,-32],[-72,-13],[-24,-12],[-47,29],[-34,-15],[-18,16],[-33,-12],[-14,-27],[10,-27],[-4,-67],[34,-31],[-14,-30],[-44,24],[-9,-37],[-24,-1],[-2,-26],[-43,16],[-35,-10],[-4,25],[-30,33],[-21,-67],[-43,25],[-19,-47],[-18,-9],[-384,119],[-266,84],[-267,103],[-277,130],[-140,60],[-73,38],[-36,34],[-63,-3],[-59,-51],[-25,-45],[38,-49],[-20,-13],[7,-28],[21,-2],[-11,-37],[-42,-10],[-41,19],[-4,-96],[-69,-12],[-29,-31],[-52,-3],[-18,-30],[16,-55],[-16,-45],[-33,5],[-45,-40],[-45,-122],[-54,-14],[-21,-26],[8,-22],[57,-4],[6,-23],[-14,-58],[16,-55],[-17,-23],[-49,-9],[-47,-44],[-31,-46],[-47,30],[-21,1],[-8,-57],[-32,-6],[-75,26],[-28,-50],[-36,-2],[-6,36],[25,51],[-49,29],[-26,-51],[-49,38],[-110,243],[-343,44],[-62,21],[-40,0],[-18,21],[10,35],[-22,46],[-10,53],[-61,41],[7,100],[-5,33],[-33,2],[-24,59],[-34,6],[-35,-14],[-305,89],[-421,128],[-411,133],[-28,13],[2,45],[-45,25],[-51,-12],[-13,-43],[-42,39],[-4,47],[-30,31],[-20,-14],[13,-40],[-48,2],[-2,18],[41,39],[-56,1],[-20,17],[5,78],[27,50],[1,45],[38,51],[-27,40],[-17,-55],[-32,50],[-1,58],[-51,-6],[-13,35],[-32,-5],[-1,50],[-21,24],[-46,-21],[-26,26],[-48,6],[-33,64],[-25,-4],[-20,-38],[-44,29],[-289,110],[-186,80],[-30,6],[-149,8],[-233,71],[4,41],[-36,-2],[14,19],[-72,58],[-41,11],[4,27],[-26,57],[3,45],[-42,75],[-7,35],[-140,161],[-20,42],[6,53],[25,-15],[-9,109],[-18,58],[-62,-16],[-29,96],[12,30],[-7,56],[-61,37],[-19,59],[-18,25],[-34,13],[-65,97],[-39,0],[-61,30],[-86,26],[-47,7],[-74,59],[-56,1],[-40,16],[-47,1],[-89,-70],[-47,-50],[-150,32],[-128,22],[-135,33],[-106,104],[-419,294],[-388,306],[-25,15],[-562,135],[-74,29],[-629,269],[-93,42],[17,80],[28,28],[-5,41],[11,29],[-8,56],[-20,-1],[-463,154],[-437,148],[-240,32],[-96,15],[-5,22],[-37,45],[27,54],[8,40],[38,-3],[-5,38],[22,26],[15,66],[14,19],[-41,0],[-207,53],[-88,14],[-227,12],[-255,3],[-337,-187],[-386,113],[-502,-71],[-16,14],[18,26],[-27,24],[-24,-53],[-33,-26],[-7,-44],[-33,-18],[28,-58],[-15,-36],[-46,0],[-18,-24],[-17,43],[-25,-40],[16,-45],[-45,-13],[19,-74],[-6,-16],[-27,28],[-36,-4],[-4,-59],[-24,-8],[-36,15],[-6,-64],[-33,-15],[-29,-148],[10,-57],[-76,47],[-14,-45],[-43,19],[-43,-47],[-44,4],[-27,21],[-56,-40],[-89,-41],[-47,41],[-11,30],[-38,8],[-21,40],[-53,-13],[-49,33],[-40,83],[-38,-8],[-22,-30],[-32,-18],[0,53],[-22,24],[-40,-79],[-20,-24],[-28,-3],[-24,28],[-4,33],[28,64],[-38,13],[20,28],[15,58],[-24,80],[-8,48],[7,57],[-25,24],[-63,29],[-30,53],[34,19],[31,-34],[18,41],[-37,53],[-83,16],[-65,-22],[-11,-22],[-61,1],[-145,48],[-49,-41],[-51,88],[-23,-8],[-63,-69],[-96,-9],[-47,25],[-109,-93],[-31,-46],[-73,-6],[-37,-14],[-99,-15],[-37,-41],[-4,-24],[-40,-31],[-137,36],[39,165],[32,109],[39,23],[-51,323],[-59,14],[-95,-2],[-279,23],[-20,12],[-398,185],[-295,173],[-226,128],[-91,63],[-32,95],[-48,95],[-43,25],[-339,67],[-241,73],[-264,85],[-53,23],[-23,-2],[-10,-40],[-43,-11],[-10,-23],[-41,-7],[-81,-74],[-114,-16],[-43,-35],[23,-25],[-26,-45],[-9,-62],[-31,-18],[-24,26],[-65,40],[-36,-21],[-31,11],[-36,-25],[-33,-3],[-163,29],[-35,13],[-93,14],[-126,9],[-37,23],[-58,-6],[-21,10],[-42,-31],[-26,-65],[-67,6],[-1,-24],[-43,-27],[-8,-31],[-37,0],[-37,17],[-30,-59],[-52,28],[-20,-43],[-51,-29],[-22,9],[-14,-50],[-28,-11],[3,-51],[-34,-47],[14,-50],[-10,-20],[9,-51],[-33,-50],[13,-19],[3,-60],[23,-20],[31,-85],[-11,-47],[-19,-8],[-29,-51],[-34,-78],[-44,13],[-4,-30],[-25,-11],[-46,-57],[10,-35],[-8,-65],[33,-17],[-19,-38],[29,-19],[0,-32],[-39,10],[-6,-32],[-53,-3],[-28,19],[-50,-10],[-7,38],[-44,45],[-11,-17],[-36,-2],[-72,-56],[-11,36],[-35,34],[-42,15],[-8,-12],[14,-53],[-35,-52],[-25,-21],[21,-27],[-4,-28],[-47,5],[-35,-19],[-37,23],[-147,-41],[-31,11],[-27,-75],[8,-46],[-13,-9],[-64,12],[-74,-30],[-14,-39],[-69,-19],[-2,-25],[-41,1],[-10,-21],[22,-54],[-8,-73],[-10,-13],[-72,-10],[-28,-23],[-44,34],[-40,-2],[-26,-32],[7,-30],[-38,-90],[-2,-37],[-29,-54],[-7,-73],[-57,-33],[-68,39],[-59,5],[-35,-64],[-56,-12],[-58,-63],[-20,-10],[-37,29],[-35,-47],[3,-41],[-15,-33],[-63,-41],[-33,-45],[-40,-16],[-101,-73],[10,55],[-35,31],[-81,-39],[-20,-52],[-40,-9],[-34,12],[-16,222],[211,362],[0,9],[-99,339],[-53,173],[-25,8],[-85,4],[-45,23],[-93,6],[-196,36],[-4,-213],[-14,-57],[-178,14],[-111,18],[-27,33],[-291,306],[-43,261],[-146,36],[-133,18],[-159,54],[-107,14],[-153,35],[-23,1],[-185,146],[-30,29],[-141,45],[-96,22],[-46,51],[-37,26],[-173,196],[-21,59],[-28,25],[-10,-26],[-21,5],[23,56],[-27,-5],[5,24],[-44,18],[1,48],[28,0],[32,50],[15,133],[18,40],[-60,15],[-40,38],[-46,2],[0,31],[20,17],[-31,6],[-14,-18],[-13,33],[-64,66],[26,91],[-66,15],[23,46],[4,73],[-9,29],[10,58],[-26,40],[35,38],[-7,38],[-26,6],[-7,47],[39,145],[-13,24],[15,32],[-1,65],[-37,62],[30,22],[-10,80],[26,40],[17,54],[-23,16],[-10,74],[28,38],[16,101],[22,88],[-27,16],[-17,65],[48,117],[28,-2],[0,67],[-24,64],[35,-2],[37,27],[-23,20],[5,43],[-24,18],[20,60],[39,12],[14,28],[28,7],[-56,160],[-16,56],[-48,129],[87,439],[56,364],[-7,186],[-8,297],[-65,82],[-67,112],[4,148],[-107,205],[-61,127],[-121,106],[-37,25],[-130,119],[-92,89],[-248,132],[-310,188],[-369,118],[-301,92],[-162,56],[-165,496],[-13,34],[-235,40],[-10,-3],[-361,-437],[-35,-29],[-306,-174],[-95,-50],[-49,-40],[-23,10],[9,37],[-9,37],[36,62],[-60,121],[2,33],[-29,17],[-46,-33],[-6,-34],[-45,1],[0,88],[-33,-2],[-30,44],[-74,-115],[-56,-159],[-78,-270],[-8,-16],[-181,85],[-95,-270],[-206,96],[-28,17],[-13,-23],[-336,-425],[-47,-65],[-124,-155],[-276,67],[-72,-39],[-53,-18],[-20,-33],[-28,-3],[-14,-30],[-30,-9],[20,-46],[-39,-23],[21,-44],[-19,-76],[-1,-53],[-34,-53],[31,-60],[-30,-58],[-237,95],[-104,45],[-31,-13],[-9,-98],[6,-97],[-20,-57],[-96,-73],[-136,-39],[-26,1],[-22,-23],[-7,18],[-29,-9],[-37,-38],[-84,-52],[17,-26],[-80,-35],[-45,-39],[-9,26],[-28,-31],[-185,103],[-14,15],[-237,128],[-40,-77],[-40,-31],[-37,-8],[-68,3],[-43,28],[-42,45],[-61,47],[-29,1],[-198,23],[-41,-68],[-22,-84],[-48,-81],[-64,-75],[-48,-47],[-127,-89],[-177,-32],[-68,-144],[-20,-24],[-48,-99],[-25,-64],[-11,1],[-30,-46],[-29,-2],[-63,-55],[-39,-11],[-92,33],[-45,36],[-38,66],[-98,-61],[-43,-17],[-167,-182],[-281,-320],[-23,-22],[-205,100],[-69,5],[-5,39],[-22,14],[-35,49],[-42,13],[-49,-1],[-30,22],[-47,7],[-66,29],[-27,-2],[-16,21],[-240,14],[-128,13],[-251,10],[-94,13],[-132,12],[-202,25],[-68,32],[-71,52],[-142,60],[-123,26],[-47,16],[-74,6],[-57,14],[-66,-10],[-200,-59],[-76,-38],[-32,0],[-133,-25],[-132,101],[-38,48],[-83,157],[-67,19],[-132,351],[43,11],[29,51],[-2,39],[-37,78],[6,56],[-29,25],[-68,-1],[-55,-14],[-11,31],[18,54],[0,30],[-21,15],[-40,-22],[-40,-3],[-38,19],[-29,76],[69,52],[-1,25],[-128,246],[6,152],[176,199],[45,99],[48,41],[49,110],[9,120],[26,91],[-12,30],[-34,202],[7,143],[41,298],[-6,105],[-23,61],[-38,33],[-156,-7],[-333,-38],[-57,2],[-132,22],[-132,36],[-308,14],[-84,-46],[-25,-46],[-22,-1],[-86,24],[-117,42],[-32,33],[-282,31],[-7,-31],[-43,-5],[-76,10],[-16,-19],[-119,6],[-76,-112],[-74,13],[-44,20],[-13,25],[-28,-49],[-52,1],[-20,-24],[-3,-56],[45,-72],[29,-18],[10,-34],[-62,-36],[18,-24],[0,-33],[-40,-12],[-25,-37],[64,-25],[3,-30],[-72,13],[-27,19],[-11,48],[-34,-8],[9,43],[-36,-17],[-30,28],[-7,35],[-27,-6],[5,-38],[28,-17],[-32,-25],[-61,8],[-44,-23],[-28,5],[3,-25],[-109,-13],[-18,-20],[8,-51],[-14,-28],[-33,-21],[-24,3],[-27,88],[2,37],[71,55],[-50,55],[-39,-41],[35,-33],[-30,-43],[-58,17],[-2,29],[-24,-5],[8,-36],[-23,-32],[37,-90],[-22,-18],[-313,51],[-50,16],[-181,40],[-106,29],[-144,23],[3,38],[94,50],[4,23],[50,12],[3,87],[-35,13],[-16,101],[9,24],[65,3],[6,14],[-48,59],[-4,31],[21,50],[3,52],[33,11],[25,-22],[30,15],[29,-9],[60,22],[12,17],[-13,37],[33,8],[28,-68],[31,-20],[27,18],[-17,58],[31,59],[38,15],[22,-36],[103,35],[40,23],[18,35],[-16,17],[-45,-7],[-38,55],[26,28],[14,-51],[22,-4],[27,42],[48,-13],[9,-70],[26,-4],[57,61],[43,57],[-1,28],[-20,5],[0,-39],[-27,-11],[-86,45],[-57,-21],[-16,26],[20,36],[28,18],[-218,42],[-171,24],[-154,13],[-145,-4],[-31,10],[-16,23],[-64,14],[-275,34],[-32,12],[-47,56],[-182,151],[-19,7],[3,71],[64,37],[17,-4],[27,-47],[58,-8],[41,-31],[4,36],[-36,40],[8,42],[-13,33],[27,28],[-50,65],[-166,33],[-93,6],[-120,27],[-246,29],[-88,16],[27,22],[39,4],[6,25],[-15,76],[35,46],[-55,73],[55,44],[-38,68],[43,18],[30,53],[21,15],[50,-1],[7,51],[30,56],[-14,32],[-50,45],[3,39],[62,7],[-162,274],[-88,157],[-30,22],[2,49],[-22,-11],[-33,21],[-17,46],[-32,12],[-107,5],[-18,-30],[-58,-1],[-44,35],[-80,34],[-315,154],[-95,24],[-49,-23],[-52,9],[-17,-17],[-152,39],[-164,-27],[-186,63],[-50,-12],[-64,80],[-21,7],[-80,-18],[-5,-29],[19,-35],[-28,-5],[-29,42],[15,78],[-8,25],[-39,25],[-2,43],[-236,67],[-206,81],[2,34],[-32,1],[0,-25],[-64,30],[-64,81],[-68,24],[6,31],[-74,-65],[-10,41],[44,55],[-55,65],[32,17],[21,-22],[13,14],[0,79],[-23,25],[17,37],[-62,11],[-23,13],[-14,-18],[-68,5],[39,34],[-3,33],[20,30],[-24,3],[-8,32],[45,94],[42,12],[-8,38],[-365,163],[-134,88],[-62,64],[-43,8],[-50,31],[-44,-3],[-22,14],[-67,-21],[-65,7],[-71,-72],[-16,61],[-28,-6],[16,-47],[5,-65],[-30,-9],[-14,69],[-43,-7],[-39,-94],[6,-26],[54,37],[25,-12],[0,-54],[-19,-50],[-49,29],[-23,-46],[4,-55],[33,-16],[-47,-22],[-15,-21],[-64,-29],[-30,-22],[0,-38],[-19,-59],[-22,4],[-10,68],[-44,19],[-10,-41],[-20,-5],[18,-26],[-4,-30],[-37,-41],[-21,-87],[-74,42],[23,50],[-38,-7],[0,-48],[-33,0],[1,44],[-48,-9],[33,146],[-18,47],[25,16],[16,82],[-50,5],[-6,49],[-20,-10],[-1,-63],[-28,-4],[-36,96],[3,72],[-208,98],[-54,-13],[-42,-39],[-41,-52],[-20,0],[-37,-27],[-25,-72],[-30,-40],[-32,-95],[-23,-31],[-69,-44],[-200,112],[-331,192],[-89,33],[-34,-40],[-41,11],[-53,-6],[-83,41],[-14,22],[-4,44],[-41,4],[1,37],[-17,25],[-41,1],[-11,43],[-30,10],[-21,-16],[-49,6],[-183,154],[-339,97],[-144,49],[-339,163],[-193,89],[-92,49],[-63,25],[-145,69],[-1,59],[37,15],[-23,20],[-6,31],[28,18],[44,-5],[-23,83],[2,30],[-18,36],[25,44],[-61,31],[2,20],[32,43],[-6,31],[23,37],[-41,53],[28,16],[25,65],[5,39],[31,23],[-26,55],[13,49],[-11,20],[31,21],[21,-45],[1,45],[24,29],[20,-4],[32,33],[29,-7],[-20,64],[12,8],[36,-29],[44,-14],[29,34],[20,0],[-78,45],[-26,-2],[-5,22],[36,45],[31,-48],[20,-2],[28,59],[60,16],[34,46],[24,-23],[11,15],[-26,23],[-14,35],[14,20],[58,-47],[7,77],[32,-16],[25,4],[31,31],[-4,14],[-85,39],[-45,-14],[-8,18],[15,40],[63,-30],[42,56],[3,60],[26,4],[59,-54],[18,-5],[12,53],[-8,52],[23,53],[4,50],[-9,32],[-31,25],[-2,49],[23,41],[-12,17],[-75,-51],[-13,25],[-6,66],[30,23],[25,69],[49,5],[52,32],[1,111],[-39,46],[8,74],[46,35],[-13,17],[29,25],[12,34],[-25,59],[30,90],[-37,-1],[3,38],[48,39],[37,122],[48,104],[-14,52],[-5,74],[12,51],[-57,33],[-3,32],[35,5],[3,45],[38,34],[23,55],[40,34],[-8,21],[-46,44],[-15,0],[-49,-43],[-47,56],[-48,27],[-12,23],[13,47],[-2,40],[21,23],[51,14],[9,41],[-18,32],[-27,5],[-57,-20],[-21,21],[2,32],[120,104],[34,63],[28,20],[-29,9],[-17,42],[29,14],[40,-13],[18,20],[-42,45],[20,17],[-19,35],[-49,-23],[-13,25],[18,41],[-38,-24],[-10,39],[53,52],[18,76],[-1,53],[21,118],[-12,32],[-42,31],[-11,44],[59,64],[23,73],[37,28],[-3,43],[34,19],[-11,46],[-17,-3],[-32,57],[49,17],[19,50],[70,-6],[-25,76],[-6,47],[4,118],[-51,10],[-46,72],[10,71],[-24,61],[-31,46],[-7,49],[-22,57],[-18,9],[-33,99],[-12,20],[-60,148],[-21,35],[-81,200],[-425,951],[-112,245],[-112,232],[-139,274],[-105,197],[-210,347],[-9,22],[-80,41],[-17,0],[-210,-40],[-12,-26],[-86,40],[-20,34],[-41,17],[-41,-5],[-56,27],[-84,29],[-37,-5],[-57,26],[-64,1],[-36,29],[-41,12],[-39,-2],[-74,39],[-62,8],[-76,33],[-46,13],[-107,42],[-60,-3],[-49,16],[-41,2],[-34,15],[-75,13],[-57,-11],[-73,-2],[-63,19],[-74,2],[-74,30],[-106,-9],[-14,14],[-82,21],[-23,-12],[-45,31],[-73,6],[-50,38],[-22,-1],[-37,-28],[-123,17],[-43,35],[-77,10],[-81,-5],[-29,31],[-37,8],[-43,-7],[-22,14],[-59,5],[-79,28],[-36,-3],[-63,28],[-32,4]],[[22633,57054],[-227,203],[-252,230],[-250,94],[-56,-407],[-147,184],[-107,139],[-95,151],[223,201],[159,138],[-94,296],[-233,-191],[-119,151],[-18,47],[98,358],[-399,66],[-32,-41],[-204,-304],[-250,26],[-4,-2],[28,-227],[-312,96],[65,142],[-73,51],[307,264],[29,30],[-286,48],[-67,-206],[-277,-58],[0,222],[-157,-21],[-280,108],[1,2],[290,208],[-60,64],[-228,-150],[-41,-152],[-291,60],[44,111],[-114,114],[-2,-8],[28,-276],[-110,96],[-113,131],[-59,321],[-35,238],[120,106],[7,17],[32,204],[-198,82],[-82,143],[-232,43],[-223,72],[-320,-157],[89,-406],[-230,210],[-242,-47],[-22,120],[-161,157],[-143,178],[-325,249],[-353,13],[-241,90],[-100,137],[106,367],[0,31],[-147,90],[-296,81],[-34,442],[-410,146],[-33,17],[-211,77],[-10,2],[6,-191],[-2,-42],[-310,244],[-19,-2],[-206,-186],[-243,304],[-202,151],[-104,80],[121,449],[-2,8],[-298,16],[-110,9],[48,449],[-117,118],[-69,77],[-11,24],[-71,378],[-12,-9],[-355,-213],[-218,261],[-185,-166],[-487,55],[-119,364],[-42,-18],[-329,-111],[176,229],[-33,11],[-357,138],[20,42],[209,472],[-487,228],[-417,102],[-230,-26],[-204,-144],[-317,-229],[-235,-175],[-59,-161],[30,-197],[125,-792],[19,-98],[1,-69],[78,-218],[64,-451],[10,-53],[26,-209],[45,-330],[10,-49],[88,-97],[96,45],[18,-73],[-4,-17],[-120,-352],[-54,-173],[-64,41],[-27,-61],[-30,-1],[-44,137],[-69,108],[-35,40],[-41,83],[-35,53],[-53,51],[-38,12],[-80,8],[-28,51],[-66,90],[-88,85],[-66,53],[-112,66],[-51,84],[-53,11],[-26,-14],[-49,-51],[-93,-15],[-63,6],[-7,32],[56,17],[3,88],[14,69],[-8,27],[-37,54],[-20,43],[-36,119],[-24,51],[-74,288],[-7,40],[-51,35],[9,23],[36,21],[24,-26],[20,19],[-22,46],[-18,12],[-54,0],[-10,22],[47,18],[-26,83],[-96,55],[-54,92],[-50,48],[-52,13],[-111,-21],[-52,14],[-48,60],[-10,54],[-32,59],[-34,22],[-92,40],[-51,10],[-86,1],[-52,-15],[-19,14],[-64,5],[-42,34],[-83,4],[-227,-120],[-394,-118],[-7,-19],[-34,-6],[-40,26],[-94,-26],[-65,-39],[-23,4],[-7,31],[-28,12],[-34,-28],[-33,30],[3,63],[-24,39],[-51,42],[-27,4],[-95,-11],[-31,14],[-34,41],[-43,94],[6,58],[34,42],[37,28],[-48,37],[-53,8],[-40,34],[-24,71],[-136,112],[-225,177],[-255,158],[1,97],[-21,74],[-23,39],[-13,59],[-49,147],[25,72],[7,72],[-17,139],[-27,97],[-31,68],[-46,69],[-33,27],[-167,102],[-64,28],[-148,27],[-20,55],[-25,37],[-73,45],[-72,5],[-148,-30],[-130,-19],[-64,38],[-186,272],[-56,42],[-55,71],[-129,124],[81,50],[55,60],[26,46],[25,80],[11,83],[1,75],[-32,98],[-92,129],[-80,79],[-121,92],[-39,-4],[-67,-45],[-99,3],[-95,26],[-36,25],[-19,35],[-52,-2],[-157,-53],[-97,-11],[-114,-41],[-275,210],[-127,92],[-523,386],[-78,56],[-35,37],[-245,295],[-294,357],[-25,33],[-139,164],[-180,161],[-139,131],[-137,124],[-375,-44],[-119,-22],[-177,-21],[-193,-26],[-104,-10],[-229,362],[-26,372],[-21,344],[-25,446],[-11,156],[-41,657],[-17,228],[106,208],[288,553],[208,406],[241,475],[94,311],[397,-133],[121,416],[28,82],[50,180],[197,35],[15,65],[-262,96],[152,484],[-110,36],[145,494],[80,264],[-179,61],[35,107],[204,676],[76,258],[41,128],[18,23],[108,63],[48,61],[83,79],[60,47],[121,116],[31,44],[14,43],[14,125],[28,33],[73,33],[61,-8],[57,18],[41,34],[24,44],[8,43],[44,105],[16,26],[53,27],[44,-19],[67,-66],[106,-72],[53,-26],[95,-12],[58,-27],[18,-28],[35,-93],[56,-65],[32,-23],[95,-5],[64,-10],[72,-23],[83,-8],[64,-26],[60,-3],[55,-19],[36,0],[42,17],[68,64],[51,81],[86,78],[45,-1],[56,54],[35,59],[22,95],[34,67],[73,62],[90,24],[59,-1],[142,17],[58,42],[25,40],[-2,36],[-19,52],[-32,48],[-93,119],[-32,56],[-38,100],[-82,138],[-26,72],[-6,58],[7,72],[34,52],[15,39],[-3,83],[-14,77],[-29,99],[-14,121],[-38,53],[-57,55],[-64,105],[-29,30],[-86,69],[-85,51],[-25,58],[6,48],[69,150],[7,80],[52,66],[12,40],[-7,85],[14,34],[33,23],[81,3],[47,-24],[49,-75],[8,-44],[5,-119],[18,-75],[27,-42],[48,-41],[54,-7],[131,23],[90,8],[23,-5],[62,-52],[75,-97],[56,-111],[41,-44],[58,-31],[53,10],[61,48],[44,84],[21,78],[32,73],[-4,33],[-70,111],[-1,62],[14,88],[32,105],[-1,43],[-48,112],[-60,103],[-14,37],[3,40],[57,70],[49,87],[82,71],[27,57],[0,94],[-38,98],[3,86],[32,82],[-24,112],[5,89],[14,32],[37,32],[24,123],[29,109],[12,132],[-10,118],[5,97],[41,103],[42,29],[40,1],[26,29],[74,133],[45,119],[38,42],[12,63],[-5,21],[-47,73],[-6,45],[25,111],[-14,77],[-68,64],[-23,43],[-61,73],[-66,31],[-75,-2],[-76,23],[-58,-8],[-26,15],[-77,124],[-42,56],[-7,54],[16,60],[-5,30],[-30,45],[-86,59],[-57,63],[-72,123],[-15,39],[-7,77],[13,106],[-7,60],[2,59],[-18,44],[-43,16],[-34,27],[-73,37],[-21,44],[18,166],[-17,75],[31,52],[40,43],[46,30],[47,13],[11,21],[-19,44],[-68,68],[-48,92],[0,47],[49,72],[10,29],[-39,67],[-46,37],[-58,9],[-114,46],[-76,71],[-70,33],[-60,70],[-43,30],[-113,51],[-65,51],[-42,65],[-35,31],[30,52],[46,30],[21,43],[-42,118],[-2,88],[14,57],[45,119],[17,73],[-2,124],[-46,76],[-50,43],[-1,74],[18,47],[50,35],[121,8],[95,29],[24,73],[17,27],[41,1],[59,-47],[101,-38],[17,0],[49,52],[21,5],[79,-34],[21,12],[-7,64],[-30,29],[-71,17],[-17,34],[47,51],[94,43],[81,2],[32,-25],[2,-23],[-36,-79],[21,-75],[25,-11],[112,23],[32,-41],[51,15],[51,55],[40,28],[57,-15],[21,-67],[48,9],[69,56],[8,38],[-37,74],[-57,42],[-48,50],[-40,85],[-61,85],[-36,99],[-54,54],[-31,84],[8,66],[37,23],[78,0],[21,18],[36,77],[41,71],[-11,103],[51,66],[58,9],[52,-100],[30,-27],[35,-11],[72,-4],[85,-27],[25,55],[11,94],[-5,77],[-33,98],[1,41],[19,41],[29,26],[155,84],[149,65],[48,78],[8,69],[19,59],[29,11],[47,-13],[74,-61],[57,-14],[92,103],[32,60],[64,86],[5,27],[-31,85],[17,56],[132,71],[56,94],[8,47],[-32,56],[-55,21],[-55,43],[-36,67],[-23,27],[-57,21],[-50,-27],[-54,9],[-11,37],[16,53],[28,32],[51,102],[-12,40],[-52,55],[-1,32],[27,20],[35,4],[42,28],[45,16],[28,-7],[76,4],[73,-5],[57,26],[61,3],[35,14],[0,56],[-35,45],[-3,70],[35,38],[65,-33],[36,-7],[79,7],[90,-46],[68,5],[5,74],[-10,61],[0,113],[19,39],[84,-14],[103,14],[51,80],[13,74],[2,84],[13,37],[113,85],[36,64],[49,26],[66,47],[67,109],[35,39],[10,29],[19,205],[-3,41],[-25,101],[-3,56],[-39,46],[-5,22],[57,75],[-5,125],[11,40],[48,99],[32,23],[40,10],[74,-1],[39,22],[50,91],[-1,39],[-34,44],[1,69],[13,49],[-2,53],[-94,65],[-43,84],[10,92],[45,70],[-12,56],[-48,48],[-61,-20],[-39,30],[-4,54],[-46,73],[-50,26],[-86,-43],[-65,10],[-9,26],[36,60],[-35,31],[-42,11],[-103,12],[-34,46],[-11,52],[17,74],[-12,43],[-93,52],[-26,43],[-20,96],[5,55],[34,95],[4,35],[-101,82],[-14,47],[1,125],[-19,149],[15,30],[-18,28],[-46,23],[-26,92],[-31,86],[-10,59],[9,40],[-57,81],[7,27],[68,54],[7,18],[-19,59],[-38,19],[-91,-3],[-32,19],[-28,50],[-11,63],[1,77],[20,62],[59,62],[5,26],[-21,33],[-75,77],[-29,50],[23,68],[-4,65],[18,79],[51,80],[41,1],[31,-37],[38,-4],[127,15],[58,26],[103,-7],[14,27],[-18,47],[-17,87],[7,66],[24,21],[74,28],[33,1],[56,-48],[56,-9],[35,27],[1,29],[-30,79],[2,54],[49,87],[17,104],[19,63],[38,45],[45,34],[17,63],[-21,49],[20,47],[52,25],[6,41],[-16,62],[-4,60],[29,49],[3,35],[-18,55],[24,2],[65,-74],[51,-1],[20,20],[5,43],[39,45],[46,12],[89,-3],[124,42],[59,40],[11,50],[50,61],[35,81],[46,0],[30,-31],[45,-85],[42,-44],[56,-28],[61,-7],[67,18],[78,74],[49,11],[119,-13],[88,2],[53,-20],[101,-59],[56,-16],[79,-41],[43,-45],[34,2],[40,18],[133,-14],[80,-15],[22,5],[23,36],[-2,69],[-37,61],[2,15],[50,5],[7,59],[28,37],[53,36],[30,62],[-52,22],[-11,45],[20,18],[37,60],[18,64],[21,33],[69,33],[56,113],[59,33],[118,30],[48,-6],[101,53],[48,60],[-9,69],[44,33],[33,2],[31,23],[1,22],[40,49],[23,54],[17,13],[67,-14],[20,13],[15,50],[3,58],[27,48],[2,38],[18,38],[22,11],[89,-31],[15,6],[111,106],[45,-12],[30,11],[18,38],[1,48],[-44,52],[-2,31],[67,91],[-1,54],[62,56],[99,72],[-23,39],[-40,10],[-45,48],[4,29],[80,117],[46,28],[53,60],[35,63],[31,106],[7,56],[39,103],[9,47],[30,52],[24,72],[-27,102],[-10,79],[3,88],[-33,97],[26,118],[12,86],[38,74],[26,125],[19,40],[47,47],[23,45],[14,105],[28,42],[29,79],[91,120],[65,104],[47,114],[97,102],[11,23],[114,94],[59,59],[31,17],[45,0],[42,-13],[70,19],[30,29],[81,24],[48,45],[92,42],[60,-14],[42,27],[72,12],[64,-12],[108,-52],[28,-21],[34,-66],[34,-13],[98,-76],[45,-17],[95,-14],[89,-6],[46,26],[57,-5],[44,20],[128,20],[51,-1],[41,-13],[107,56],[27,45],[67,54],[13,19],[11,83],[26,40],[69,75],[6,33],[66,90],[65,58],[53,34],[26,43],[78,14],[51,103],[39,56],[34,26],[36,4],[38,66],[67,29],[40,78],[19,20],[26,75],[77,109],[52,7],[31,-16],[51,-4],[37,16],[173,-28],[83,7],[49,46],[26,47],[51,18],[78,81],[44,74],[15,55],[27,39],[3,29],[27,71],[30,118],[19,32],[50,50],[20,130],[-56,81],[9,93],[-8,107],[5,55],[50,51],[27,46],[-22,42],[53,65],[5,49],[104,79],[94,30],[30,4],[32,24],[54,1],[56,26],[45,46],[58,101],[42,36],[51,129],[35,39],[35,63],[-7,46],[19,44],[41,14],[57,78],[18,40],[45,49],[55,36],[49,132],[102,122],[78,23],[68,58],[28,2],[7,59],[26,35],[39,20],[39,-5],[29,33],[5,28],[29,20],[62,-6],[40,13],[47,-71],[38,-9],[62,18],[73,-16],[104,61],[41,47],[61,34],[19,120],[-34,26],[-62,79],[28,98],[27,45],[51,37],[172,55],[14,38],[38,4],[53,26],[81,-10],[52,43],[71,81],[66,21],[69,3],[64,44],[24,40],[1,45],[16,45],[-36,90],[-18,19],[7,37],[-13,31],[1,63],[-56,87],[-10,52],[0,53],[-17,22],[-4,51],[-28,74],[13,33],[5,105],[-13,27],[6,42],[-31,52],[-37,41],[-32,72],[-60,8],[-32,59],[55,101],[64,87],[69,3],[12,20],[53,33],[26,35],[46,21],[62,43],[21,46],[98,149],[-19,62],[-3,69],[-11,39],[58,55],[35,73],[25,24],[36,99],[75,77],[50,145],[35,42],[90,31],[22,32],[18,56],[56,63],[30,49],[59,58],[83,17],[33,17],[71,70],[23,31],[36,100],[47,48],[103,68],[25,-12],[52,17],[28,-3],[54,-30],[84,20],[79,0],[23,20],[83,-20],[125,24],[22,21],[73,-1],[63,16],[64,5],[36,-12],[71,20],[52,3],[39,-11],[41,9],[43,-9],[42,9],[52,82],[27,16],[38,65],[36,12],[38,48],[75,17],[19,-13],[120,-27],[72,-5],[75,-64],[75,-31],[11,-29],[57,-18],[49,0],[33,-23],[51,-8],[10,-27],[68,-40],[42,-6],[36,-43],[55,8],[47,-15],[24,5],[57,-48],[-57,-108],[-11,-66],[32,-16],[42,-3],[17,-53],[-23,-112],[40,-31],[62,-10],[65,-67],[38,-18],[45,-6],[58,-102],[47,-18],[17,-119],[-47,-60],[-45,-29],[-62,-28],[-36,2],[-48,-22],[-19,-20],[25,-65],[-2,-26],[-31,-29],[52,-19],[71,-53],[75,-21],[2,-93],[17,-43],[9,-93],[-19,-67],[32,-81],[29,-15],[71,-6],[53,6],[27,-45],[27,-70],[30,-19],[35,-56],[6,-66],[47,-50],[62,-21],[19,-49],[11,-118],[24,-49],[2,-33],[47,-40],[86,-12],[22,-20],[132,-32],[30,-32],[13,-55],[59,-58],[39,-52],[-21,-36],[-4,-50],[12,-33],[-17,-69],[1,-83],[22,-72],[-25,-46],[-7,-62],[-61,-134],[-8,-76],[21,-34],[59,-40],[25,-40],[34,-90],[2,-110],[-7,-47],[0,-140],[-19,-30],[-50,-133],[10,-17],[53,-18],[104,-7],[121,47],[29,3],[67,-22],[82,-81],[5,-49],[26,-38],[28,-78],[69,-67],[23,-74],[-8,-56],[-43,-104],[-6,-43],[23,-29],[-35,-11],[-101,-62],[-12,-25],[6,-50],[-14,-42],[-6,-71],[-25,-109],[-72,-79],[-29,-62],[-5,-47],[-68,-99],[71,-44],[89,-96],[22,-43],[44,-20],[53,-40],[67,-29],[28,-81],[-5,-40],[13,-34],[37,-42],[22,-50],[41,-27],[34,-8],[81,2],[23,-30],[23,-66],[49,-60],[30,-179],[13,-60],[125,-57],[25,-25],[63,-36],[73,3],[28,13],[105,1],[52,-23],[73,-102],[24,-16],[125,7],[32,16],[58,-31],[97,-23],[37,7],[29,31],[34,9],[76,63],[81,-3],[65,22],[67,-32],[49,-66],[31,-23],[40,29],[37,72],[69,83],[29,68],[23,16],[45,69],[82,-31],[76,-6],[45,14],[42,-13],[44,-31],[31,-49],[36,-86],[46,-35],[33,-9],[14,-50],[59,-138],[194,21],[37,-16],[86,6],[63,47],[42,46],[78,42],[47,2],[72,-42],[59,62],[49,80],[26,12],[14,39],[45,47],[-9,110],[-80,57],[-33,34],[-66,39],[-57,20],[-119,71],[60,36],[58,23],[29,39],[57,41],[48,19],[30,38],[78,6],[103,20],[60,3],[50,21],[22,82],[150,39],[29,14]]],"transform":{"scale":[0.00004457127526847551,0.0000358728041950702],"translate":[80.05846710800012,26.347762022000154]},"objects":{"npl_admin1":{"type":"GeometryCollection","geometries":[{"arcs":[[0,1,2,3,4]],"type":"Polygon","properties":{"id":"NP03","name":"Bagmati","parent_id":"NP","parent_name":"Nepal","area_sqkm":20296.92129581,"center_lat":27.65265864,"center_lon":85.39297431},"id":"NP03"},{"arcs":[[-4,5,6,7,8]],"type":"Polygon","properties":{"id":"NP04","name":"Gandaki","parent_id":"NP","parent_name":"Nepal","area_sqkm":21977.3170755,"center_lat":28.38438554,"center_lon":84.03585487},"id":"NP04"},{"arcs":[[-8,9,10,11]],"type":"Polygon","properties":{"id":"NP06","name":"Karnali","parent_id":"NP","parent_name":"Nepal","area_sqkm":30663.31177525,"center_lat":29.30804212,"center_lon":82.47213297},"id":"NP06"},{"arcs":[[12,-1,13]],"type":"Polygon","properties":{"id":"NP01","name":"Koshi","parent_id":"NP","parent_name":"Nepal","area_sqkm":26061.44835944,"center_lat":27.23039681,"center_lon":87.17734642},"id":"NP01"},{"arcs":[[-7,14,15,-10]],"type":"Polygon","properties":{"id":"NP05","name":"Lumbini","parent_id":"NP","parent_name":"Nepal","area_sqkm":19318.69148547,"center_lat":28.09954735,"center_lon":82.52199568},"id":"NP05"},{"arcs":[[-13,16,-2]],"type":"Polygon","properties":{"id":"NP02","name":"Madhesh","parent_id":"NP","parent_name":"Nepal","area_sqkm":9590.81457265,"center_lat":26.94270712,"center_lon":85.60758419},"id":"NP02"},{"arcs":[[-11,-16,17]],"type":"Polygon","properties":{"id":"NP07","name":"Sudur Paschim","parent_id":"NP","parent_name":"Nepal","area_sqkm":19744.21926521,"center_lat":29.32077149,"center_lon":80.91877778},"id":"NP07"}]}}}