{
"type": "FeatureCollection",
"name": "health",
"crs": { "type": "name", "properties": { "name": "urn:ogc:def:crs:OGC:1.3:CRS84" } },
"features": [
{ "type": "Feature", "properties": { "name": "Damak Red Cross Society", "amenity": "hospital", "healthcare": "hospital", "addr_city": null, "osm_id": 10301918328, "osm_type": "nodes" }, "geometry": { "type": "Point", "coordinates": [ 87.7038742, 26.6565794 ] } },
{ "type": "Feature", "properties": { "name": "Kathmandu Institute of Child Health (KIOCH)", "amenity": "hospital", "healthcare": "hospital", "addr_city": null, "osm_id": 11934570470, "osm_type": "nodes" }, "geometry": { "type": "Point", "coordinates": [ 87.7041342, 26.656964 ] } },
{ "type": "Feature", "properties": { "name": "HRL & Clinic", "amenity": "clinic", "healthcare": null, "addr_city": null, "osm_id": 11933256980, "osm_type": "nodes" }, "geometry": { "type": "Point", "coordinates": [ 85.3242995, 27.6670295 ] } },
{ "type": "Feature", "properties": { "name": "Raga Basic Health Service Center", "amenity": "clinic", "healthcare": null, "addr_city": null, "osm_id": 11932578936, "osm_type": "nodes" }, "geometry": { "type": "Point", "coordinates": [ 81.3243091, 28.7840161 ] } },
{ "type": "Feature", "properties": { "name": "Subhalav Dental Clinic", "amenity": "dentist", "healthcare": null, "addr_city": null, "osm_id": 11933191879, "osm_type": "nodes" }, "geometry": { "type": "Point", "coordinates": [ 85.3228068, 27.6675601 ] } },
{ "type": "Feature", "properties": { "name": "Private Health Clinic", "amenity": "clinic", "healthcare": null, "addr_city": null, "osm_id": 6138511174, "osm_type": "nodes" }, "geometry": { "type": "Point", "coordinates": [ 81.9496603, 29.2257005 ] } },
{ "type": "Feature", "properties": { "name": "Rampur Khap Sawasthya Chauki", "amenity": "clinic", "healthcare": null, "addr_city": null, "osm_id": 9801469872, "osm_type": "nodes" }, "geometry": { "type": "Point", "coordinates": [ 85.1947937, 26.8294716 ] } },
{ "type": "Feature", "properties": { "name": "Sagarmatha Terai Hospital, Jethariya", "amenity": "hospital", "healthcare": null, "addr_city": null, "osm_id": 9801480823, "osm_type": "nodes" }, "geometry": { "type": "Point", "coordinates": [ 85.2954361, 26.8715835 ] } },
{ "type": "Feature", "properties": { "name": "Rajdevi Municipality Health Post, Chandhiya Tole", "amenity": "clinic", "healthcare": null, "addr_city": null, "osm_id": 9801498820, "osm_type": "nodes" }, "geometry": { "type": "Point", "coordinates": [ 85.317749, 26.7977238 ] } },
{ "type": "Feature", "properties": { "name": "Aadharbhut Swastha Sewa Kendra", "amenity": "clinic", "healthcare": null, "addr_city": null, "osm_id": 9801518227, "osm_type": "nodes" }, "geometry": { "type": "Point", "coordinates": [ 85.2793884, 26.7628174 ] } },
{ "type": "Feature", "properties": { "name": "Aadharbhut Swath Kendra", "amenity": "clinic", "healthcare": null, "addr_city": null, "osm_id": 9801518228, "osm_type": "nodes" }, "geometry": { "type": "Point", "coordinates": [ 85.2814865, 26.7669201 ] } },
{ "type": "Feature", "properties": { "name": "Birthing center, Gaur Health Post", "amenity": "clinic", "healthcare": null, "addr_city": null, "osm_id": 9801518218, "osm_type": "nodes" }, "geometry": { "type": "Point", "coordinates": [ 85.2992566, 26.7792496 ] } },
{ "type": "Feature", "properties": { "name": "???????? ???? ??????? ????.??", "amenity": "hospital", "healthcare": null, "addr_city": null, "osm_id": 9801310506, "osm_type": "nodes" }, "geometry": { "type": "Point", "coordinates": [ 86.4177088, 26.748521 ] } },
{ "type": "Feature", "properties": { "name": "Friends Model Hospital", "amenity": "hospital", "healthcare": null, "addr_city": null, "osm_id": 6270814094, "osm_type": "nodes" }, "geometry": { "type": "Point", "coordinates": [ 86.4893488, 26.7098243 ] } },
{ "type": "Feature", "properties": { "name": "Swastha Chauki Dhorna", "amenity": "clinic", "healthcare": null, "addr_city": null, "osm_id": 9801332771, "osm_type": "nodes" }, "geometry": { "type": "Point", "coordinates": [ 86.4765701, 26.7803383 ] } },
{ "type": "Feature", "properties": { "name": "Swastha Chauki Bhawanipur Kalabanjar", "amenity": "clinic", "healthcare": null, "addr_city": null, "osm_id": 9801332778, "osm_type": "nodes" }, "geometry": { "type": "Point", "coordinates": [ 86.4670486, 26.6854935 ] } },
{ "type": "Feature", "properties": { "name": "Swastha Chauki Bhramhan Gorchadi", "amenity": "clinic", "healthcare": null, "addr_city": null, "osm_id": 9801332781, "osm_type": "nodes" }, "geometry": { "type": "Point", "coordinates": [ 86.4684982, 26.6969261 ] } },
{ "type": "Feature", "properties": { "name": "Sisboniya Ayurved Ausadhalaya", "amenity": "pharmacy", "healthcare": null, "addr_city": null, "osm_id": 9801332784, "osm_type": "nodes" }, "geometry": { "type": "Point", "coordinates": [ 86.4358521, 26.7103367 ] } },
{ "type": "Feature", "properties": { "name": "Bastipur Swasta Chauki", "amenity": "clinic", "healthcare": null, "addr_city": null, "osm_id": 9801332780, "osm_type": "nodes" }, "geometry": { "type": "Point", "coordinates": [ 86.4571915, 26.7482338 ] } },
{ "type": "Feature", "properties": { "name": "Nagar Swastha Kendra", "amenity": "clinic", "healthcare": null, "addr_city": null, "osm_id": 9801332774, "osm_type": "nodes" }, "geometry": { "type": "Point", "coordinates": [ 86.4789429, 26.707037 ] } },
{ "type": "Feature", "properties": { "name": "Basic Health Center", "amenity": "clinic", "healthcare": null, "addr_city": null, "osm_id": 9800606269, "osm_type": "nodes" }, "geometry": { "type": "Point", "coordinates": [ 85.4957137, 26.8831773 ] } },
{ "type": "Feature", "properties": { "name": "Nagarik Arogya Service Center Belahi", "amenity": "clinic", "healthcare": null, "addr_city": null, "osm_id": 9800606266, "osm_type": "nodes" }, "geometry": { "type": "Point", "coordinates": [ 85.4890485, 26.9036432 ] } },
{ "type": "Feature", "properties": { "name": "Health post Birthing Center", "amenity": "clinic", "healthcare": null, "addr_city": null, "osm_id": 9800606272, "osm_type": "nodes" }, "geometry": { "type": "Point", "coordinates": [ 85.5003662, 26.888567 ] } },
{ "type": "Feature", "properties": { "name": "Health Post and Community Center", "amenity": "clinic", "healthcare": null, "addr_city": null, "osm_id": 9800606274, "osm_type": "nodes" }, "geometry": { "type": "Point", "coordinates": [ 85.4893999, 26.9038135 ] } },
{ "type": "Feature", "properties": { "name": "Tenuhawa Health Post", "amenity": "clinic", "healthcare": null, "addr_city": null, "osm_id": 9800548259, "osm_type": "nodes" }, "geometry": { "type": "Point", "coordinates": [ 83.2434167, 27.4904317 ] } },
{ "type": "Feature", "properties": { "name": "Narayankhola Health Post 14 Lalbandhi MP", "amenity": "clinic", "healthcare": null, "addr_city": null, "osm_id": 9800575579, "osm_type": "nodes" }, "geometry": { "type": "Point", "coordinates": [ 85.7003784, 27.1470833 ] } },
{ "type": "Feature", "properties": { "name": "Mahadev Medical Hall", "amenity": "pharmacy", "healthcare": null, "addr_city": null, "osm_id": 8336660938, "osm_type": "nodes" }, "geometry": { "type": "Point", "coordinates": [ 81.758882, 29.1242402 ] } },
{ "type": "Feature", "properties": { "name": "Nepal Pariwar Niyojan Sangh Palhinandan-1Rampurawa", "amenity": "hospital", "healthcare": null, "addr_city": null, "osm_id": 9796948911, "osm_type": "nodes" }, "geometry": { "type": "Point", "coordinates": [ 83.7009201, 27.4371185 ] } },
{ "type": "Feature", "properties": { "name": "somani health post", "amenity": "hospital", "healthcare": null, "addr_city": null, "osm_id": 9796948900, "osm_type": "nodes" }, "geometry": { "type": "Point", "coordinates": [ 83.7778168, 27.4447517 ] } },
{ "type": "Feature", "properties": { "name": "?????? ????????? ?????", "amenity": "hospital", "healthcare": null, "addr_city": null, "osm_id": 9796948872, "osm_type": "nodes" }, "geometry": { "type": "Point", "coordinates": [ 83.6518707, 27.5676537 ] } },
{ "type": "Feature", "properties": { "name": "Rampurawa Health Post Palhinandan-1Rampurawa", "amenity": "hospital", "healthcare": null, "addr_city": null, "osm_id": 9796948912, "osm_type": "nodes" }, "geometry": { "type": "Point", "coordinates": [ 83.7012863, 27.4350853 ] } },
{ "type": "Feature", "properties": { "name": "Badachaur Health Post", "amenity": "clinic", "healthcare": null, "addr_city": null, "osm_id": 9796797698, "osm_type": "nodes" }, "geometry": { "type": "Point", "coordinates": [ 82.7677002, 28.2616673 ] } },
{ "type": "Feature", "properties": { "name": "????? ????????? ????", "amenity": "clinic", "healthcare": null, "addr_city": null, "osm_id": 9796803629, "osm_type": "nodes" }, "geometry": { "type": "Point", "coordinates": [ 82.6596451, 28.2061634 ] } },
{ "type": "Feature", "properties": { "name": "?????? ??????? ????", "amenity": "clinic", "healthcare": null, "addr_city": null, "osm_id": 9796829918, "osm_type": "nodes" }, "geometry": { "type": "Point", "coordinates": [ 82.6002197, 28.4740314 ] } },
{ "type": "Feature", "properties": { "name": "????????? ????????? ???? ??????? ??????? ??????", "amenity": "clinic", "healthcare": null, "addr_city": null, "osm_id": 9796792213, "osm_type": "nodes" }, "geometry": { "type": "Point", "coordinates": [ 82.5328903, 28.5009193 ] } },
{ "type": "Feature", "properties": { "name": "Health Post Amarptti", "amenity": "clinic", "healthcare": null, "addr_city": null, "osm_id": 9796574635, "osm_type": "nodes" }, "geometry": { "type": "Point", "coordinates": [ 84.8000412, 27.0107002 ] } },
{ "type": "Feature", "properties": { "name": "Health Post Jhauwa Guthi", "amenity": "clinic", "healthcare": null, "addr_city": null, "osm_id": 9796574636, "osm_type": "nodes" }, "geometry": { "type": "Point", "coordinates": [ 84.8063965, 27.0223961 ] } },
{ "type": "Feature", "properties": { "name": "Jagarnathpur-3, Bijbaniya Health Post, Jagarnathpur RMP", "amenity": "clinic", "healthcare": null, "addr_city": null, "osm_id": 9796607013, "osm_type": "nodes" }, "geometry": { "type": "Point", "coordinates": [ 84.7098541, 27.1518192 ] } },
{ "type": "Feature", "properties": { "name": "Jagarnathpur-5, Health Post, Jagarnathpur RMP", "amenity": "clinic", "healthcare": null, "addr_city": null, "osm_id": 9796611220, "osm_type": "nodes" }, "geometry": { "type": "Point", "coordinates": [ 84.7378616, 27.1169853 ] } },
{ "type": "Feature", "properties": { "name": "Rajeshwari Health Clinic 1 Parsagadhi MP", "amenity": "clinic", "healthcare": null, "addr_city": null, "osm_id": 9796581387, "osm_type": "nodes" }, "geometry": { "type": "Point", "coordinates": [ 84.8664093, 27.1779041 ] } },
{ "type": "Feature", "properties": { "name": "Biruwa Guthi Health Post 4 Parsagadi MP", "amenity": "clinic", "healthcare": null, "addr_city": null, "osm_id": 9796581391, "osm_type": "nodes" }, "geometry": { "type": "Point", "coordinates": [ 84.8964767, 27.1491184 ] } },
{ "type": "Feature", "properties": { "name": "Motipurdhada Basic Health Center", "amenity": "hospital", "healthcare": null, "addr_city": null, "osm_id": 9796615324, "osm_type": "nodes" }, "geometry": { "type": "Point", "coordinates": [ 83.1193314, 27.6869545 ] } },
{ "type": "Feature", "properties": { "name": "Laxmipur Kotwali Health Post", "amenity": "clinic", "healthcare": null, "addr_city": null, "osm_id": 9796594212, "osm_type": "nodes" }, "geometry": { "type": "Point", "coordinates": [ 85.1065674, 26.9251575 ] } },
{ "type": "Feature", "properties": { "name": "Kotwali Health Post", "amenity": "clinic", "healthcare": null, "addr_city": null, "osm_id": 9796594214, "osm_type": "nodes" }, "geometry": { "type": "Point", "coordinates": [ 85.109108, 26.9189205 ] } },
{ "type": "Feature", "properties": { "name": "Sapahi Health Post", "amenity": "clinic", "healthcare": null, "addr_city": null, "osm_id": 9796614381, "osm_type": "nodes" }, "geometry": { "type": "Point", "coordinates": [ 85.1527786, 27.0842457 ] } },
{ "type": "Feature", "properties": { "name": "UP Swastha Chauki", "amenity": "clinic", "healthcare": null, "addr_city": null, "osm_id": 9796667297, "osm_type": "nodes" }, "geometry": { "type": "Point", "coordinates": [ 84.9241638, 26.9909267 ] } },
{ "type": "Feature", "properties": { "name": "Pheta Helth Post", "amenity": "clinic", "healthcare": null, "addr_city": null, "osm_id": 9796667298, "osm_type": "nodes" }, "geometry": { "type": "Point", "coordinates": [ 84.9376297, 26.9980927 ] } },
{ "type": "Feature", "properties": { "name": "Singhasani Health Post", "amenity": "clinic", "healthcare": null, "addr_city": null, "osm_id": 9796672111, "osm_type": "nodes" }, "geometry": { "type": "Point", "coordinates": [ 85.1749573, 27.0050411 ] } },
{ "type": "Feature", "properties": { "name": "??????? ????????? ??????? ????????", "amenity": "clinic", "healthcare": null, "addr_city": null, "osm_id": 9794638641, "osm_type": "nodes" }, "geometry": { "type": "Point", "coordinates": [ 81.3309479, 28.2089787 ] } },
{ "type": "Feature", "properties": { "name": "??????? ????????? ????", "amenity": "clinic", "healthcare": null, "addr_city": null, "osm_id": 9796055334, "osm_type": "nodes" }, "geometry": { "type": "Point", "coordinates": [ 80.0702133, 28.854475 ] } },
{ "type": "Feature", "properties": { "name": "??? ????????? ???????, ?????????? ???", "amenity": "clinic", "healthcare": null, "addr_city": null, "osm_id": 9796055338, "osm_type": "nodes" }, "geometry": { "type": "Point", "coordinates": [ 80.0619202, 28.9094105 ] } },
{ "type": "Feature", "properties": { "name": "??????? ????????? ???????", "amenity": "clinic", "healthcare": null, "addr_city": null, "osm_id": 9794638640, "osm_type": "nodes" }, "geometry": { "type": "Point", "coordinates": [ 81.3377457, 28.1927853 ] } },
{ "type": "Feature", "properties": { "name": "???????? ???? ????? ???????", "amenity": "hospital", "healthcare": null, "addr_city": null, "osm_id": 9794638648, "osm_type": "nodes" }, "geometry": { "type": "Point", "coordinates": [ 81.3419724, 28.202486 ] } },
{ "type": "Feature", "properties": { "name": "???? ????????? ???????", "amenity": "clinic", "healthcare": null, "addr_city": null, "osm_id": 9794575432, "osm_type": "nodes" }, "geometry": { "type": "Point", "coordinates": [ 81.6254919, 28.0725844 ] } },
{ "type": "Feature", "properties": { "name": "??? ????????? ???????", "amenity": "clinic", "healthcare": null, "addr_city": null, "osm_id": 9794575436, "osm_type": "nodes" }, "geometry": { "type": "Point", "coordinates": [ 81.6226919, 28.060879 ] } },
{ "type": "Feature", "properties": { "name": "? ?????? ??????? ???????", "amenity": "clinic", "healthcare": null, "addr_city": null, "osm_id": 9794575433, "osm_type": "nodes" }, "geometry": { "type": "Point", "coordinates": [ 81.6272695, 28.0574039 ] } },
{ "type": "Feature", "properties": { "name": "??????? ??????? ????", "amenity": "clinic", "healthcare": null, "addr_city": null, "osm_id": 9794509831, "osm_type": "nodes" }, "geometry": { "type": "Point", "coordinates": [ 81.6558075, 28.199461 ] } },
{ "type": "Feature", "properties": { "name": "?????? ??????? ????", "amenity": "clinic", "healthcare": null, "addr_city": null, "osm_id": 9794500314, "osm_type": "nodes" }, "geometry": { "type": "Point", "coordinates": [ 81.6317978, 28.1112347 ] } },
{ "type": "Feature", "properties": { "name": "???? ??????? ?????", "amenity": "clinic", "healthcare": null, "addr_city": null, "osm_id": 9794575438, "osm_type": "nodes" }, "geometry": { "type": "Point", "coordinates": [ 81.6254919, 28.0727275 ] } },
{ "type": "Feature", "properties": { "name": "?????? ????????? ?????", "amenity": "clinic", "healthcare": null, "addr_city": null, "osm_id": 9794546499, "osm_type": "nodes" }, "geometry": { "type": "Point", "coordinates": [ 81.6504324, 28.0541022 ] } },
{ "type": "Feature", "properties": { "name": "?????? ????????? ?????", "amenity": "clinic", "healthcare": null, "addr_city": null, "osm_id": 9794546504, "osm_type": "nodes" }, "geometry": { "type": "Point", "coordinates": [ 81.6455038, 28.0371096 ] } },
{ "type": "Feature", "properties": { "name": "??????? ????????? ???????", "amenity": "clinic", "healthcare": null, "addr_city": null, "osm_id": 9794146046, "osm_type": "nodes" }, "geometry": { "type": "Point", "coordinates": [ 84.5364914, 27.6004524 ] } },
{ "type": "Feature", "properties": { "name": "??????? ????????? ???????, ???????", "amenity": "clinic", "healthcare": null, "addr_city": null, "osm_id": 9794146053, "osm_type": "nodes" }, "geometry": { "type": "Point", "coordinates": [ 84.605629, 27.5686245 ] } },
{ "type": "Feature", "properties": { "name": "Gonarpura Swastha Chowki", "amenity": "clinic", "healthcare": null, "addr_city": null, "osm_id": 9791970423, "osm_type": "nodes" }, "geometry": { "type": "Point", "coordinates": [ 85.8055344, 26.7263699 ] } },
{ "type": "Feature", "properties": { "name": "Aadharbhut Sawasth Sewa Kendra", "amenity": "clinic", "healthcare": null, "addr_city": null, "osm_id": 9791970425, "osm_type": "nodes" }, "geometry": { "type": "Point", "coordinates": [ 85.8069153, 26.7297592 ] } },
{ "type": "Feature", "properties": { "name": "Manish Medical Hall", "amenity": "pharmacy", "healthcare": null, "addr_city": null, "osm_id": 9791970428, "osm_type": "nodes" }, "geometry": { "type": "Point", "coordinates": [ 85.8051605, 26.6988983 ] } },
{ "type": "Feature", "properties": { "name": "Aadharbhut Swastha Sewa Kendra", "amenity": "clinic", "healthcare": null, "addr_city": null, "osm_id": 9791970440, "osm_type": "nodes" }, "geometry": { "type": "Point", "coordinates": [ 85.8693085, 26.6438923 ] } },
{ "type": "Feature", "properties": { "name": "Dhirapur Health Post, Dhirapur", "amenity": "clinic", "healthcare": null, "addr_city": null, "osm_id": 9791970441, "osm_type": "nodes" }, "geometry": { "type": "Point", "coordinates": [ 85.8507538, 26.6470661 ] } },
{ "type": "Feature", "properties": { "name": "Majhaura Bishanpur Swasthya Sewa, Bishanpur", "amenity": "clinic", "healthcare": null, "addr_city": null, "osm_id": 9791970445, "osm_type": "nodes" }, "geometry": { "type": "Point", "coordinates": [ 85.8862686, 26.6625271 ] } },
{ "type": "Feature", "properties": { "name": "Adharbhut Swasthya Sewa Kendra, Matihani", "amenity": "clinic", "healthcare": null, "addr_city": null, "osm_id": 9791970447, "osm_type": "nodes" }, "geometry": { "type": "Point", "coordinates": [ 85.8416748, 26.614769 ] } },
{ "type": "Feature", "properties": { "name": "Matihani Prasuti Kendra, Matihani", "amenity": "clinic", "healthcare": null, "addr_city": null, "osm_id": 9791970448, "osm_type": "nodes" }, "geometry": { "type": "Point", "coordinates": [ 85.8417892, 26.6145344 ] } },
{ "type": "Feature", "properties": { "name": "Aadharbhut Swastha Kendra", "amenity": "clinic", "healthcare": null, "addr_city": null, "osm_id": 9791970452, "osm_type": "nodes" }, "geometry": { "type": "Point", "coordinates": [ 85.7315063, 26.7065125 ] } },
{ "type": "Feature", "properties": { "name": "Sarpallo Health Post", "amenity": "clinic", "healthcare": null, "addr_city": null, "osm_id": 9791970455, "osm_type": "nodes" }, "geometry": { "type": "Point", "coordinates": [ 85.7785645, 26.7414951 ] } },
{ "type": "Feature", "properties": { "name": "Aadharbhut Swasth Kendra", "amenity": "clinic", "healthcare": null, "addr_city": null, "osm_id": 9791970456, "osm_type": "nodes" }, "geometry": { "type": "Point", "coordinates": [ 85.7418518, 26.6979504 ] } },
{ "type": "Feature", "properties": { "name": "Itaharwa Katti Health Post", "amenity": "clinic", "healthcare": null, "addr_city": null, "osm_id": 9791970457, "osm_type": "nodes" }, "geometry": { "type": "Point", "coordinates": [ 85.7352524, 26.7518692 ] } },
{ "type": "Feature", "properties": { "name": "Sandha Health Post", "amenity": "clinic", "healthcare": null, "addr_city": null, "osm_id": 9791970460, "osm_type": "nodes" }, "geometry": { "type": "Point", "coordinates": [ 85.7635422, 26.717968 ] } },
{ "type": "Feature", "properties": { "name": "Kolhuwa Bageya Health Post", "amenity": "clinic", "healthcare": null, "addr_city": null, "osm_id": 9791970464, "osm_type": "nodes" }, "geometry": { "type": "Point", "coordinates": [ 85.7807999, 26.6885319 ] } },
{ "type": "Feature", "properties": { "name": "Nagarik Arogya Sewa Kendra", "amenity": "clinic", "healthcare": null, "addr_city": null, "osm_id": 9791970465, "osm_type": "nodes" }, "geometry": { "type": "Point", "coordinates": [ 85.784874, 26.6855011 ] } },
{ "type": "Feature", "properties": { "name": "Halkhori Health Post", "amenity": "clinic", "healthcare": null, "addr_city": null, "osm_id": 9791970467, "osm_type": "nodes" }, "geometry": { "type": "Point", "coordinates": [ 85.7454453, 26.6667442 ] } },
{ "type": "Feature", "properties": { "name": "Adharbhut Swasthya Sewa Kendra, Matihani Bazaar", "amenity": "clinic", "healthcare": null, "addr_city": null, "osm_id": 9791970442, "osm_type": "nodes" }, "geometry": { "type": "Point", "coordinates": [ 85.8489609, 26.6135654 ] } },
{ "type": "Feature", "properties": { "name": "Matihani Health Post, Matihani Tole", "amenity": "clinic", "healthcare": null, "addr_city": null, "osm_id": 9791970446, "osm_type": "nodes" }, "geometry": { "type": "Point", "coordinates": [ 85.8418732, 26.6144543 ] } },
{ "type": "Feature", "properties": { "name": "Saikher Das Health Clinic", "amenity": "clinic", "healthcare": null, "addr_city": null, "osm_id": 9791970431, "osm_type": "nodes" }, "geometry": { "type": "Point", "coordinates": [ 85.8429565, 26.6790295 ] } },
{ "type": "Feature", "properties": { "name": "Simardahi Health Post, Simardahi", "amenity": "clinic", "healthcare": null, "addr_city": null, "osm_id": 9791970449, "osm_type": "nodes" }, "geometry": { "type": "Point", "coordinates": [ 85.8355484, 26.639225 ] } },
{ "type": "Feature", "properties": { "name": "Aadharbhut Swasth Kendra Jhinga Asthan", "amenity": "clinic", "healthcare": null, "addr_city": null, "osm_id": 9791970451, "osm_type": "nodes" }, "geometry": { "type": "Point", "coordinates": [ 85.7833862, 26.7621822 ] } },
{ "type": "Feature", "properties": { "name": "?????? ????????? ?????", "amenity": "clinic", "healthcare": null, "addr_city": null, "osm_id": 9791693633, "osm_type": "nodes" }, "geometry": { "type": "Point", "coordinates": [ 83.1770512, 27.5740226 ] } },
{ "type": "Feature", "properties": { "name": "?????? ????????? ?????", "amenity": "clinic", "healthcare": null, "addr_city": null, "osm_id": 9791693635, "osm_type": "nodes" }, "geometry": { "type": "Point", "coordinates": [ 83.2032542, 27.5084258 ] } },
{ "type": "Feature", "properties": { "name": "????? ??????? ???????", "amenity": "clinic", "healthcare": null, "addr_city": null, "osm_id": 9791693649, "osm_type": "nodes" }, "geometry": { "type": "Point", "coordinates": [ 83.1262512, 27.531126 ] } },
{ "type": "Feature", "properties": { "name": "Uday pur swasthya chauki", "amenity": "clinic", "healthcare": null, "addr_city": null, "osm_id": 9791693655, "osm_type": "nodes" }, "geometry": { "type": "Point", "coordinates": [ 82.8968811, 27.5644627 ] } },
{ "type": "Feature", "properties": { "name": "Maharaj prathmik swasthya kendra", "amenity": "clinic", "healthcare": null, "addr_city": null, "osm_id": 9791693660, "osm_type": "nodes" }, "geometry": { "type": "Point", "coordinates": [ 82.9545212, 27.5711899 ] } },
{ "type": "Feature", "properties": { "name": "Buddham policlinic pvt", "amenity": "clinic", "healthcare": null, "addr_city": null, "osm_id": 9791693662, "osm_type": "nodes" }, "geometry": { "type": "Point", "coordinates": [ 82.9520035, 27.5705471 ] } },
{ "type": "Feature", "properties": { "name": "Sirsihawa swastha chauki", "amenity": "clinic", "healthcare": null, "addr_city": null, "osm_id": 9791693663, "osm_type": "nodes" }, "geometry": { "type": "Point", "coordinates": [ 82.7678883, 27.5083167 ] } },
{ "type": "Feature", "properties": { "name": "Bhagwan pur swasthya chauki", "amenity": "clinic", "healthcare": null, "addr_city": null, "osm_id": 9791693665, "osm_type": "nodes" }, "geometry": { "type": "Point", "coordinates": [ 82.7634201, 27.5358887 ] } },
{ "type": "Feature", "properties": { "name": "?????? ????????? ????", "amenity": "clinic", "healthcare": null, "addr_city": null, "osm_id": 9791693671, "osm_type": "nodes" }, "geometry": { "type": "Point", "coordinates": [ 82.8591281, 27.5085157 ] } },
{ "type": "Feature", "properties": { "name": "sahari swasth clinic manikura", "amenity": "clinic", "healthcare": null, "addr_city": null, "osm_id": 9791693675, "osm_type": "nodes" }, "geometry": { "type": "Point", "coordinates": [ 82.8073912, 27.5240977 ] } },
{ "type": "Feature", "properties": { "name": "????????? ????????? ?????", "amenity": "clinic", "healthcare": null, "addr_city": null, "osm_id": 9791693677, "osm_type": "nodes" }, "geometry": { "type": "Point", "coordinates": [ 83.0890961, 27.5510998 ] } },
{ "type": "Feature", "properties": { "name": "Tilaurakot Health Post", "amenity": "clinic", "healthcare": null, "addr_city": null, "osm_id": 9791693679, "osm_type": "nodes" }, "geometry": { "type": "Point", "coordinates": [ 83.0733032, 27.5821209 ] } },
{ "type": "Feature", "properties": { "name": "Niglihawa Healthpost", "amenity": "clinic", "healthcare": null, "addr_city": null, "osm_id": 9791693682, "osm_type": "nodes" }, "geometry": { "type": "Point", "coordinates": [ 83.0966339, 27.6146698 ] } },
{ "type": "Feature", "properties": { "name": "???? ????????? ??????? ????? 1 ????????? ?????????", "amenity": "clinic", "healthcare": null, "addr_city": null, "osm_id": 9791693685, "osm_type": "nodes" }, "geometry": { "type": "Point", "coordinates": [ 83.0377579, 27.7080002 ] } },
{ "type": "Feature", "properties": { "name": "Barkalpur sosthya chauki", "amenity": "clinic", "healthcare": null, "addr_city": null, "osm_id": 9791693690, "osm_type": "nodes" }, "geometry": { "type": "Point", "coordinates": [ 82.9856796, 27.6611843 ] } },
{ "type": "Feature", "properties": { "name": "Ganeshpur", "amenity": "clinic", "healthcare": null, "addr_city": null, "osm_id": 9791693697, "osm_type": "nodes" }, "geometry": { "type": "Point", "coordinates": [ 82.7897568, 27.5774441 ] } },
{ "type": "Feature", "properties": { "name": "Ganeshpur Swsthy Chauki Vijaynagar-07 Ganeshpur", "amenity": "clinic", "healthcare": null, "addr_city": null, "osm_id": 9791693695, "osm_type": "nodes" }, "geometry": { "type": "Point", "coordinates": [ 82.7833939, 27.5685005 ] } },
{ "type": "Feature", "properties": { "name": "??????? ????????? ????", "amenity": "clinic", "healthcare": null, "addr_city": null, "osm_id": 9790122252, "osm_type": "nodes" }, "geometry": { "type": "Point", "coordinates": [ 82.6480138, 27.8123198 ] } },
{ "type": "Feature", "properties": { "name": "????????? ????????? ????", "amenity": "clinic", "healthcare": null, "addr_city": null, "osm_id": 9790122259, "osm_type": "nodes" }, "geometry": { "type": "Point", "coordinates": [ 82.762058, 27.8082114 ] } },
{ "type": "Feature", "properties": { "name": "Aman Medical Hall", "amenity": "clinic", "healthcare": null, "addr_city": null, "osm_id": 9789404209, "osm_type": "nodes" }, "geometry": { "type": "Point", "coordinates": [ 84.9932251, 27.0859871 ] } },
{ "type": "Feature", "properties": { "name": "Khodaha-21 Basic Health Post", "amenity": "clinic", "healthcare": null, "addr_city": null, "osm_id": 9789395709, "osm_type": "nodes" }, "geometry": { "type": "Point", "coordinates": [ 85.0584183, 27.0764523 ] } },
{ "type": "Feature", "properties": { "name": "Belpati Sawasth Cilnic", "amenity": "clinic", "healthcare": null, "addr_city": null, "osm_id": 9789395711, "osm_type": "nodes" }, "geometry": { "type": "Point", "coordinates": [ 85.0026321, 27.0289745 ] } },
{ "type": "Feature", "properties": { "name": "Shanti Heath Clinic", "amenity": "clinic", "healthcare": null, "addr_city": null, "osm_id": 9789395713, "osm_type": "nodes" }, "geometry": { "type": "Point", "coordinates": [ 85.0020065, 27.0282345 ] } },
{ "type": "Feature", "properties": { "name": "Kalaiya City Clinic", "amenity": "clinic", "healthcare": null, "addr_city": null, "osm_id": 9789395714, "osm_type": "nodes" }, "geometry": { "type": "Point", "coordinates": [ 85.0024033, 27.0300541 ] } },
{ "type": "Feature", "properties": { "name": "Max Poly Clinic", "amenity": "clinic", "healthcare": null, "addr_city": null, "osm_id": 9789395716, "osm_type": "nodes" }, "geometry": { "type": "Point", "coordinates": [ 85.0022354, 27.0291653 ] } },
{ "type": "Feature", "properties": { "name": "Barampuri Sowath Sewa Kendra", "amenity": "clinic", "healthcare": null, "addr_city": null, "osm_id": 9789414525, "osm_type": "nodes" }, "geometry": { "type": "Point", "coordinates": [ 85.0008621, 27.0539379 ] } },
{ "type": "Feature", "properties": { "name": "Matiwarwa Swasth Chauki", "amenity": "clinic", "healthcare": null, "addr_city": null, "osm_id": 9789414543, "osm_type": "nodes" }, "geometry": { "type": "Point", "coordinates": [ 84.9662003, 26.962193 ] } },
{ "type": "Feature", "properties": { "name": "Ghoghdariya Aadarvut Swasth Kendra", "amenity": "clinic", "healthcare": null, "addr_city": null, "osm_id": 9789414545, "osm_type": "nodes" }, "geometry": { "type": "Point", "coordinates": [ 85.0041733, 26.9983158 ] } },
{ "type": "Feature", "properties": { "name": "Basic Health Center, Ghusukpur", "amenity": "clinic", "healthcare": null, "addr_city": null, "osm_id": 9789414547, "osm_type": "nodes" }, "geometry": { "type": "Point", "coordinates": [ 84.9995804, 27.0276089 ] } },
{ "type": "Feature", "properties": { "name": "Raj Laxmi Relief Hospital Pvt Ltd", "amenity": "hospital", "healthcare": null, "addr_city": null, "osm_id": 9789414548, "osm_type": "nodes" }, "geometry": { "type": "Point", "coordinates": [ 85.0018005, 27.0286064 ] } },
{ "type": "Feature", "properties": { "name": "New Jeewan Jyoti Dental Clininic", "amenity": "dentist", "healthcare": null, "addr_city": null, "osm_id": 9789414550, "osm_type": "nodes" }, "geometry": { "type": "Point", "coordinates": [ 85.0019302, 27.029232 ] } },
{ "type": "Feature", "properties": { "name": "Everest Health Clinic", "amenity": "clinic", "healthcare": null, "addr_city": null, "osm_id": 9789414551, "osm_type": "nodes" }, "geometry": { "type": "Point", "coordinates": [ 85.0019379, 27.0281715 ] } },
{ "type": "Feature", "properties": { "name": "General Polyclinic Rara Pharmacy", "amenity": "clinic", "healthcare": null, "addr_city": null, "osm_id": 9789414552, "osm_type": "nodes" }, "geometry": { "type": "Point", "coordinates": [ 85.0017548, 27.0280247 ] } },
{ "type": "Feature", "properties": { "name": "Hakim Polyclinic", "amenity": "clinic", "healthcare": null, "addr_city": null, "osm_id": 9789414553, "osm_type": "nodes" }, "geometry": { "type": "Point", "coordinates": [ 85.0016403, 27.0274048 ] } },
{ "type": "Feature", "properties": { "name": "Modak Pharma", "amenity": "pharmacy", "healthcare": null, "addr_city": null, "osm_id": 9789414554, "osm_type": "nodes" }, "geometry": { "type": "Point", "coordinates": [ 85.0016479, 27.0275421 ] } },
{ "type": "Feature", "properties": { "name": "Aaditya Pathology", "amenity": "clinic", "healthcare": null, "addr_city": null, "osm_id": 9789414555, "osm_type": "nodes" }, "geometry": { "type": "Point", "coordinates": [ 85.0016556, 27.0275612 ] } },
{ "type": "Feature", "properties": { "name": "Aalam Medical Hall", "amenity": "pharmacy", "healthcare": null, "addr_city": null, "osm_id": 9789414556, "osm_type": "nodes" }, "geometry": { "type": "Point", "coordinates": [ 85.0017166, 27.027607 ] } },
{ "type": "Feature", "properties": { "name": "Om Health Care Clinic", "amenity": "clinic", "healthcare": null, "addr_city": null, "osm_id": 9789414557, "osm_type": "nodes" }, "geometry": { "type": "Point", "coordinates": [ 85.0017242, 27.0276661 ] } },
{ "type": "Feature", "properties": { "name": "Om Shanti Dental Clininic", "amenity": "clinic", "healthcare": null, "addr_city": null, "osm_id": 9789414558, "osm_type": "nodes" }, "geometry": { "type": "Point", "coordinates": [ 85.0013885, 27.0281143 ] } },
{ "type": "Feature", "properties": { "name": "Tara Pharmacy", "amenity": "pharmacy", "healthcare": null, "addr_city": null, "osm_id": 9789414564, "osm_type": "nodes" }, "geometry": { "type": "Point", "coordinates": [ 85.0020142, 27.0299053 ] } },
{ "type": "Feature", "properties": { "name": "Basatpur Swastha Chowki", "amenity": "clinic", "healthcare": null, "addr_city": null, "osm_id": 9789414570, "osm_type": "nodes" }, "geometry": { "type": "Point", "coordinates": [ 84.9844742, 26.9616833 ] } },
{ "type": "Feature", "properties": { "name": "Bhatauda Swasthya Chauki", "amenity": "clinic", "healthcare": null, "addr_city": null, "osm_id": 9789414573, "osm_type": "nodes" }, "geometry": { "type": "Point", "coordinates": [ 84.9751663, 27.0356522 ] } },
{ "type": "Feature", "properties": { "name": "Mahesh Pur Health Post", "amenity": "clinic", "healthcare": null, "addr_city": null, "osm_id": 9789414526, "osm_type": "nodes" }, "geometry": { "type": "Point", "coordinates": [ 85.047554, 27.045187 ] } },
{ "type": "Feature", "properties": { "name": "??? ????????? ???????, ????????", "amenity": "clinic", "healthcare": null, "addr_city": null, "osm_id": 9789953625, "osm_type": "nodes" }, "geometry": { "type": "Point", "coordinates": [ 82.5632477, 27.8636894 ] } },
{ "type": "Feature", "properties": { "name": "??? ????????? ???????, ??????", "amenity": "clinic", "healthcare": null, "addr_city": null, "osm_id": 9789953624, "osm_type": "nodes" }, "geometry": { "type": "Point", "coordinates": [ 82.5417175, 27.8407116 ] } },
{ "type": "Feature", "properties": { "name": "Bindawashini Swasth Chuki", "amenity": "clinic", "healthcare": null, "addr_city": null, "osm_id": 9785316579, "osm_type": "nodes" }, "geometry": { "type": "Point", "coordinates": [ 84.8196564, 27.034193 ] } },
{ "type": "Feature", "properties": { "name": "Bhawanipur Swastha Chowki", "amenity": "clinic", "healthcare": null, "addr_city": null, "osm_id": 9785316580, "osm_type": "nodes" }, "geometry": { "type": "Point", "coordinates": [ 84.8808975, 27.0615177 ] } },
{ "type": "Feature", "properties": { "name": "Allu Sawat Chowki", "amenity": "clinic", "healthcare": null, "addr_city": null, "osm_id": 9785316581, "osm_type": "nodes" }, "geometry": { "type": "Point", "coordinates": [ 84.8400269, 27.026516 ] } },
{ "type": "Feature", "properties": { "name": "Urban Health Promotion Centre", "amenity": "clinic", "healthcare": null, "addr_city": null, "osm_id": 9785316584, "osm_type": "nodes" }, "geometry": { "type": "Point", "coordinates": [ 84.8838043, 27.0054111 ] } },
{ "type": "Feature", "properties": { "name": "Manglam Diagnostic Centre", "amenity": "clinic", "healthcare": null, "addr_city": null, "osm_id": 9785316592, "osm_type": "nodes" }, "geometry": { "type": "Point", "coordinates": [ 84.8735657, 27.0090828 ] } },
{ "type": "Feature", "properties": { "name": "Deep Health Clinic", "amenity": "clinic", "healthcare": null, "addr_city": null, "osm_id": 9785316593, "osm_type": "nodes" }, "geometry": { "type": "Point", "coordinates": [ 84.8743896, 27.0134907 ] } },
{ "type": "Feature", "properties": { "name": "Aadhar Bhut Swasth Sewa Kendra", "amenity": "clinic", "healthcare": null, "addr_city": null, "osm_id": 9785316595, "osm_type": "nodes" }, "geometry": { "type": "Point", "coordinates": [ 84.8727951, 27.0173206 ] } },
{ "type": "Feature", "properties": { "name": "Asharam Hospital Pvt. Ltd", "amenity": "hospital", "healthcare": null, "addr_city": null, "osm_id": 9785316612, "osm_type": "nodes" }, "geometry": { "type": "Point", "coordinates": [ 84.8858414, 27.016058 ] } },
{ "type": "Feature", "properties": { "name": "Neuro And General Hospital Pvt.Ltd", "amenity": "hospital", "healthcare": null, "addr_city": null, "osm_id": 9785316613, "osm_type": "nodes" }, "geometry": { "type": "Point", "coordinates": [ 84.8858337, 27.0167065 ] } },
{ "type": "Feature", "properties": { "name": "Shree Bhawani Hospital And Research Centre Pvt.Ltd", "amenity": "hospital", "healthcare": null, "addr_city": null, "osm_id": 9785316615, "osm_type": "nodes" }, "geometry": { "type": "Point", "coordinates": [ 84.8835297, 27.0130768 ] } },
{ "type": "Feature", "properties": { "name": "Shiva Aaakha Aaspatal", "amenity": "hospital", "healthcare": null, "addr_city": null, "osm_id": 9785316616, "osm_type": "nodes" }, "geometry": { "type": "Point", "coordinates": [ 84.8828354, 27.0137959 ] } },
{ "type": "Feature", "properties": { "name": "Prabhu Hospital Amd Research Centre", "amenity": "hospital", "healthcare": null, "addr_city": null, "osm_id": 9785318618, "osm_type": "nodes" }, "geometry": { "type": "Point", "coordinates": [ 84.8839722, 27.013773 ] } },
{ "type": "Feature", "properties": { "name": "Basic Health Service Centre", "amenity": "clinic", "healthcare": null, "addr_city": null, "osm_id": 9785318619, "osm_type": "nodes" }, "geometry": { "type": "Point", "coordinates": [ 84.8759232, 27.0114365 ] } },
{ "type": "Feature", "properties": { "name": "Sah Hospital", "amenity": "hospital", "healthcare": null, "addr_city": null, "osm_id": 9785318620, "osm_type": "nodes" }, "geometry": { "type": "Point", "coordinates": [ 84.8764801, 27.0117207 ] } },
{ "type": "Feature", "properties": { "name": "Krishna Hospital Pvt Ltd", "amenity": "hospital", "healthcare": null, "addr_city": null, "osm_id": 9785318621, "osm_type": "nodes" }, "geometry": { "type": "Point", "coordinates": [ 84.8719635, 27.0045185 ] } },
{ "type": "Feature", "properties": { "name": "Narayani Hospital", "amenity": "hospital", "healthcare": null, "addr_city": null, "osm_id": 9785318625, "osm_type": "nodes" }, "geometry": { "type": "Point", "coordinates": [ 84.8708954, 27.0048256 ] } },
{ "type": "Feature", "properties": { "name": "Birgunj Om Hospital", "amenity": "hospital", "healthcare": null, "addr_city": null, "osm_id": 9785318626, "osm_type": "nodes" }, "geometry": { "type": "Point", "coordinates": [ 84.8715286, 27.0064068 ] } },
{ "type": "Feature", "properties": { "name": "Adharbhut Swasthaya Kendra", "amenity": "clinic", "healthcare": null, "addr_city": null, "osm_id": 9782386486, "osm_type": "nodes" }, "geometry": { "type": "Point", "coordinates": [ 87.254715, 26.5897312 ] } },
{ "type": "Feature", "properties": { "name": "Peoples Health Service Center Pvt Ltd", "amenity": "clinic", "healthcare": null, "addr_city": null, "osm_id": 9782386480, "osm_type": "nodes" }, "geometry": { "type": "Point", "coordinates": [ 87.2812653, 26.5715752 ] } },
{ "type": "Feature", "properties": { "name": "Adharbhut Health Post", "amenity": "clinic", "healthcare": null, "addr_city": null, "osm_id": 9782386489, "osm_type": "nodes" }, "geometry": { "type": "Point", "coordinates": [ 87.2839857, 26.5870485 ] } },
{ "type": "Feature", "properties": { "name": "Sai Physiotherapy and Welness", "amenity": "clinic", "healthcare": null, "addr_city": null, "osm_id": 9782386491, "osm_type": "nodes" }, "geometry": { "type": "Point", "coordinates": [ 87.2807922, 26.5718899 ] } },
{ "type": "Feature", "properties": { "name": "Duhabi Swasthaya Chauki", "amenity": "clinic", "healthcare": null, "addr_city": null, "osm_id": 9782386488, "osm_type": "nodes" }, "geometry": { "type": "Point", "coordinates": [ 87.2705536, 26.5584583 ] } },
{ "type": "Feature", "properties": { "name": "Aadharbhut Swasthaya Kendra", "amenity": "clinic", "healthcare": null, "addr_city": null, "osm_id": 9782386474, "osm_type": "nodes" }, "geometry": { "type": "Point", "coordinates": [ 87.2848576, 26.5717321 ] } },
{ "type": "Feature", "properties": { "name": "Parkashpur Primary Health Care Center, Baunikhola", "amenity": "clinic", "healthcare": null, "addr_city": null, "osm_id": 9780447717, "osm_type": "nodes" }, "geometry": { "type": "Point", "coordinates": [ 87.0977249, 26.6800154 ] } },
{ "type": "Feature", "properties": { "name": "Aadhardhut swasthya chauki, Rajbas", "amenity": "clinic", "healthcare": null, "addr_city": null, "osm_id": 9780436716, "osm_type": "nodes" }, "geometry": { "type": "Point", "coordinates": [ 87.0947622, 26.7132551 ] } },
{ "type": "Feature", "properties": { "name": "Syalapakha swasthy chauki", "amenity": "clinic", "healthcare": null, "addr_city": null, "osm_id": 9779481355, "osm_type": "nodes" }, "geometry": { "type": "Point", "coordinates": [ 82.528526, 28.6532882 ] } },
{ "type": "Feature", "properties": { "name": "Health Post, Pwang Nayagad", "amenity": "clinic", "healthcare": null, "addr_city": null, "osm_id": 9779481359, "osm_type": "nodes" }, "geometry": { "type": "Point", "coordinates": [ 82.679039, 28.6781769 ] } },
{ "type": "Feature", "properties": { "name": "?????????? ????????? ????", "amenity": "clinic", "healthcare": null, "addr_city": null, "osm_id": 9780828327, "osm_type": "nodes" }, "geometry": { "type": "Point", "coordinates": [ 83.3323744, 27.5948663 ] } },
{ "type": "Feature", "properties": { "name": "??????? ????????? ???????", "amenity": "clinic", "healthcare": null, "addr_city": null, "osm_id": 9780569567, "osm_type": "nodes" }, "geometry": { "type": "Point", "coordinates": [ 83.4133606, 27.4879646 ] } },
{ "type": "Feature", "properties": { "name": "Basic Urban Health Promotion Center, Dhanpuri", "amenity": "clinic", "healthcare": null, "addr_city": null, "osm_id": 9780447723, "osm_type": "nodes" }, "geometry": { "type": "Point", "coordinates": [ 87.1742264, 26.7320034 ] } },
{ "type": "Feature", "properties": { "name": "Samudayik Swasthya Chouki, Garaiya Tol", "amenity": "clinic", "healthcare": null, "addr_city": null, "osm_id": 9780447726, "osm_type": "nodes" }, "geometry": { "type": "Point", "coordinates": [ 87.0650101, 26.7520199 ] } },
{ "type": "Feature", "properties": { "name": "Kakri Health Post", "amenity": "clinic", "healthcare": null, "addr_city": null, "osm_id": 9779353861, "osm_type": "nodes" }, "geometry": { "type": "Point", "coordinates": [ 82.734932, 28.5546856 ] } },
{ "type": "Feature", "properties": { "name": "Nepal Red Cross Society Regional Blood Transfusion Service Center", "amenity": "hospital", "healthcare": null, "addr_city": null, "osm_id": 9778463096, "osm_type": "nodes" }, "geometry": { "type": "Point", "coordinates": [ 87.2864933, 26.4584858 ] } },
{ "type": "Feature", "properties": { "name": null, "amenity": "hospital", "healthcare": null, "addr_city": null, "osm_id": 4810855021, "osm_type": "nodes" }, "geometry": { "type": "Point", "coordinates": [ 85.9307288, 26.7156035 ] } },
{ "type": "Feature", "properties": { "name": "Auraiya Swastha Chowki", "amenity": "clinic", "healthcare": null, "addr_city": null, "osm_id": 9776112975, "osm_type": "nodes" }, "geometry": { "type": "Point", "coordinates": [ 85.2204657, 26.7766489 ] } },
{ "type": "Feature", "properties": { "name": "Banjharha Swastha Chowki Rautahat", "amenity": "clinic", "healthcare": null, "addr_city": null, "osm_id": 9776112976, "osm_type": "nodes" }, "geometry": { "type": "Point", "coordinates": [ 85.2419142, 26.7667127 ] } },
{ "type": "Feature", "properties": { "name": "Health Post Kanakpatti", "amenity": "clinic", "healthcare": null, "addr_city": null, "osm_id": 9773977097, "osm_type": "nodes" }, "geometry": { "type": "Point", "coordinates": [ 85.9712242, 26.7225981 ] } },
{ "type": "Feature", "properties": { "name": "Tara nagar health post", "amenity": "clinic", "healthcare": null, "addr_city": null, "osm_id": 9772755990, "osm_type": "nodes" }, "geometry": { "type": "Point", "coordinates": [ 84.5637725, 27.9697936 ] } },
{ "type": "Feature", "properties": { "name": "Prithivi Narayan Community Hospital", "amenity": "hospital", "healthcare": null, "addr_city": null, "osm_id": 9772755995, "osm_type": "nodes" }, "geometry": { "type": "Point", "coordinates": [ 84.568735, 27.9950409 ] } },
{ "type": "Feature", "properties": { "name": "Aadharbhut swasthye kendra simalgairi", "amenity": "clinic", "healthcare": null, "addr_city": null, "osm_id": 9772756009, "osm_type": "nodes" }, "geometry": { "type": "Point", "coordinates": [ 84.5463821, 27.916916 ] } },
{ "type": "Feature", "properties": { "name": "Melamchi hospital", "amenity": "hospital", "healthcare": null, "addr_city": null, "osm_id": 9772752844, "osm_type": "nodes" }, "geometry": { "type": "Point", "coordinates": [ 85.5736008, 27.8271086 ] } },
{ "type": "Feature", "properties": { "name": "Melamchi phc", "amenity": "clinic", "healthcare": null, "addr_city": null, "osm_id": 9772752841, "osm_type": "nodes" }, "geometry": { "type": "Point", "coordinates": [ 85.5751098, 27.8314197 ] } },
{ "type": "Feature", "properties": { "name": "Sahari Sawastha Kendra", "amenity": "clinic", "healthcare": null, "addr_city": null, "osm_id": 9776134722, "osm_type": "nodes" }, "geometry": { "type": "Point", "coordinates": [ 85.8049394, 26.6627198 ] } },
{ "type": "Feature", "properties": { "name": "Parsapatailli Sawastha Chauki", "amenity": "clinic", "healthcare": null, "addr_city": null, "osm_id": 9776134723, "osm_type": "nodes" }, "geometry": { "type": "Point", "coordinates": [ 85.8285143, 26.610823 ] } },
{ "type": "Feature", "properties": { "name": "Parikauli Health Post", "amenity": "clinic", "healthcare": null, "addr_city": null, "osm_id": 9776134724, "osm_type": "nodes" }, "geometry": { "type": "Point", "coordinates": [ 85.8196601, 26.662081 ] } },
{ "type": "Feature", "properties": { "name": "Suga Health Post", "amenity": "clinic", "healthcare": null, "addr_city": null, "osm_id": 9776134725, "osm_type": "nodes" }, "geometry": { "type": "Point", "coordinates": [ 85.8121182, 26.6360584 ] } },
{ "type": "Feature", "properties": { "name": "Doctors Medical Clinic", "amenity": "clinic", "healthcare": null, "addr_city": null, "osm_id": 9776134729, "osm_type": "nodes" }, "geometry": { "type": "Point", "coordinates": [ 85.8002273, 26.6496826 ] } },
{ "type": "Feature", "properties": { "name": "Eye Treatment and Surgical Centre Dhabauli", "amenity": "hospital", "healthcare": null, "addr_city": null, "osm_id": 9776108215, "osm_type": "nodes" }, "geometry": { "type": "Point", "coordinates": [ 85.7840874, 26.6435799 ] } },
{ "type": "Feature", "properties": { "name": "Bandhan Diagnostic Centre", "amenity": "clinic", "healthcare": null, "addr_city": null, "osm_id": 9776108216, "osm_type": "nodes" }, "geometry": { "type": "Point", "coordinates": [ 85.7999171, 26.6497966 ] } },
{ "type": "Feature", "properties": { "name": "Morden Artho Polyclinic Private Limited", "amenity": "clinic", "healthcare": null, "addr_city": null, "osm_id": 9776134727, "osm_type": "nodes" }, "geometry": { "type": "Point", "coordinates": [ 85.80287, 26.644105 ] } },
{ "type": "Feature", "properties": { "name": "Bishwa Dental Clinic", "amenity": "dentist", "healthcare": null, "addr_city": null, "osm_id": 9776134728, "osm_type": "nodes" }, "geometry": { "type": "Point", "coordinates": [ 85.799489, 26.6469255 ] } },
{ "type": "Feature", "properties": { "name": "Adharbhut Swastha Kendra", "amenity": "clinic", "healthcare": null, "addr_city": null, "osm_id": 9776134720, "osm_type": "nodes" }, "geometry": { "type": "Point", "coordinates": [ 85.8128269, 26.6452115 ] } },
{ "type": "Feature", "properties": { "name": "Pigauna Health Post", "amenity": "clinic", "healthcare": null, "addr_city": null, "osm_id": 9776134719, "osm_type": "nodes" }, "geometry": { "type": "Point", "coordinates": [ 85.8284803, 26.6535367 ] } },
{ "type": "Feature", "properties": { "name": "Sahari Sawastha Kendra", "amenity": "clinic", "healthcare": null, "addr_city": null, "osm_id": 9776134726, "osm_type": "nodes" }, "geometry": { "type": "Point", "coordinates": [ 85.775473, 26.6345688 ] } },
{ "type": "Feature", "properties": { "name": "Jaleshwornath Polyclinic and Diagnostic Centre", "amenity": "clinic", "healthcare": null, "addr_city": null, "osm_id": 9776108214, "osm_type": "nodes" }, "geometry": { "type": "Point", "coordinates": [ 85.7977818, 26.652685 ] } },
{ "type": "Feature", "properties": { "name": "Piles and Fistula Care Center Private Limited", "amenity": "clinic", "healthcare": null, "addr_city": null, "osm_id": 9773977077, "osm_type": "nodes" }, "geometry": { "type": "Point", "coordinates": [ 85.9090398, 26.73612 ] } },
{ "type": "Feature", "properties": { "name": "Janasewa Swasthya and Polyclinic", "amenity": "clinic", "healthcare": null, "addr_city": null, "osm_id": 9773977085, "osm_type": "nodes" }, "geometry": { "type": "Point", "coordinates": [ 85.9198464, 26.7362045 ] } },
{ "type": "Feature", "properties": { "name": "Janakpur Shriram Hospital Private Limited", "amenity": "hospital", "healthcare": null, "addr_city": null, "osm_id": 9773977088, "osm_type": "nodes" }, "geometry": { "type": "Point", "coordinates": [ 85.9195343, 26.7388436 ] } },
{ "type": "Feature", "properties": { "name": "Janakpur Dermatology and Cosmetic Clinic", "amenity": "clinic", "healthcare": null, "addr_city": null, "osm_id": 9773977091, "osm_type": "nodes" }, "geometry": { "type": "Point", "coordinates": [ 85.920289, 26.7362176 ] } },
{ "type": "Feature", "properties": { "name": "Health Post Bashahiya", "amenity": "clinic", "healthcare": null, "addr_city": null, "osm_id": 9773977098, "osm_type": "nodes" }, "geometry": { "type": "Point", "coordinates": [ 85.9073537, 26.6941743 ] } },
{ "type": "Feature", "properties": { "name": "Health Post", "amenity": "clinic", "healthcare": null, "addr_city": null, "osm_id": 9773977100, "osm_type": "nodes" }, "geometry": { "type": "Point", "coordinates": [ 85.9543122, 26.7242311 ] } },
{ "type": "Feature", "properties": { "name": "Dainik International Hospital Private Limited", "amenity": "hospital", "healthcare": null, "addr_city": null, "osm_id": 9773977102, "osm_type": "nodes" }, "geometry": { "type": "Point", "coordinates": [ 85.9157936, 26.7278228 ] } },
{ "type": "Feature", "properties": { "name": "City Health Center", "amenity": "clinic", "healthcare": null, "addr_city": null, "osm_id": 9773977103, "osm_type": "nodes" }, "geometry": { "type": "Point", "coordinates": [ 85.9484425, 26.7274835 ] } },
{ "type": "Feature", "properties": { "name": "CFC Genaral Hospital", "amenity": "hospital", "healthcare": null, "addr_city": null, "osm_id": 9773977105, "osm_type": "nodes" }, "geometry": { "type": "Point", "coordinates": [ 85.9089999, 26.7358472 ] } },
{ "type": "Feature", "properties": { "name": "Bindhi Health Post", "amenity": "clinic", "healthcare": null, "addr_city": null, "osm_id": 9773977106, "osm_type": "nodes" }, "geometry": { "type": "Point", "coordinates": [ 85.893599, 26.7062149 ] } },
{ "type": "Feature", "properties": { "name": "Binaytara Cancer Center", "amenity": "clinic", "healthcare": null, "addr_city": null, "osm_id": 9773977107, "osm_type": "nodes" }, "geometry": { "type": "Point", "coordinates": [ 85.9376503, 26.7262066 ] } },
{ "type": "Feature", "properties": { "name": "Basic Health Service Center", "amenity": "clinic", "healthcare": null, "addr_city": null, "osm_id": 9773977108, "osm_type": "nodes" }, "geometry": { "type": "Point", "coordinates": [ 85.9162265, 26.7385181 ] } },
{ "type": "Feature", "properties": { "name": "Basic Health Care Center Ward 7", "amenity": "clinic", "healthcare": null, "addr_city": null, "osm_id": 9773977110, "osm_type": "nodes" }, "geometry": { "type": "Point", "coordinates": [ 85.9185845, 26.7250139 ] } },
{ "type": "Feature", "properties": { "name": "Basic Health Care Center Ward 2", "amenity": "clinic", "healthcare": null, "addr_city": null, "osm_id": 9773977112, "osm_type": "nodes" }, "geometry": { "type": "Point", "coordinates": [ 85.9279105, 26.7313311 ] } },
{ "type": "Feature", "properties": { "name": "Baidehi Hospital Private Limited", "amenity": "hospital", "healthcare": null, "addr_city": null, "osm_id": 9773977115, "osm_type": "nodes" }, "geometry": { "type": "Point", "coordinates": [ 85.9220506, 26.7359233 ] } },
{ "type": "Feature", "properties": { "name": "Mithila Hospital", "amenity": "hospital", "healthcare": null, "addr_city": null, "osm_id": 9773977079, "osm_type": "nodes" }, "geometry": { "type": "Point", "coordinates": [ 85.9247616, 26.7342992 ] } },
{ "type": "Feature", "properties": { "name": "Basic Health Care Center Ward 4", "amenity": "clinic", "healthcare": null, "addr_city": null, "osm_id": 9773977111, "osm_type": "nodes" }, "geometry": { "type": "Point", "coordinates": [ 85.927822, 26.7252199 ] } },
{ "type": "Feature", "properties": { "name": "Sahi Clinic and Pathology", "amenity": "clinic", "healthcare": null, "addr_city": null, "osm_id": 9773977073, "osm_type": "nodes" }, "geometry": { "type": "Point", "coordinates": [ 85.9249685, 26.6827666 ] } },
{ "type": "Feature", "properties": { "name": "Drbpura Rupaitha Health Post", "amenity": "clinic", "healthcare": null, "addr_city": null, "osm_id": 9773977101, "osm_type": "nodes" }, "geometry": { "type": "Point", "coordinates": [ 85.925059, 26.6830143 ] } },
{ "type": "Feature", "properties": { "name": "Rama Memorial Hospital", "amenity": "hospital", "healthcare": null, "addr_city": null, "osm_id": 9773977074, "osm_type": "nodes" }, "geometry": { "type": "Point", "coordinates": [ 85.9256377, 26.7519061 ] } },
{ "type": "Feature", "properties": { "name": "Deurali Medical (Subhakamna pharmacy)", "amenity": "pharmacy", "healthcare": null, "addr_city": null, "osm_id": 9768410781, "osm_type": "nodes" }, "geometry": { "type": "Point", "coordinates": [ 86.9356358, 26.7339774 ] } },
{ "type": "Feature", "properties": { "name": "Aadhaebhut Swastha Kendra", "amenity": "clinic", "healthcare": null, "addr_city": null, "osm_id": 9768415886, "osm_type": "nodes" }, "geometry": { "type": "Point", "coordinates": [ 86.8139404, 26.4969556 ] } },
{ "type": "Feature", "properties": { "name": "Ko Barsain Health Post", "amenity": "clinic", "healthcare": null, "addr_city": null, "osm_id": 9768415887, "osm_type": "nodes" }, "geometry": { "type": "Point", "coordinates": [ 86.8236101, 26.4956527 ] } },
{ "type": "Feature", "properties": { "name": "Tripti Memorial ENT Hospital", "amenity": "hospital", "healthcare": null, "addr_city": null, "osm_id": 9768415888, "osm_type": "nodes" }, "geometry": { "type": "Point", "coordinates": [ 86.7649759, 26.4642425 ] } },
{ "type": "Feature", "properties": { "name": "PHC Launiya", "amenity": "clinic", "healthcare": null, "addr_city": null, "osm_id": 9768415882, "osm_type": "nodes" }, "geometry": { "type": "Point", "coordinates": [ 86.7697106, 26.48056 ] } },
{ "type": "Feature", "properties": { "name": "Health Post Koiladi", "amenity": "clinic", "healthcare": null, "addr_city": null, "osm_id": 9768415883, "osm_type": "nodes" }, "geometry": { "type": "Point", "coordinates": [ 86.812345, 26.4821149 ] } },
{ "type": "Feature", "properties": { "name": "Gautari Health Post", "amenity": "clinic", "healthcare": null, "addr_city": null, "osm_id": 9766862012, "osm_type": "nodes" }, "geometry": { "type": "Point", "coordinates": [ 86.1842713, 26.8264241 ] } },
{ "type": "Feature", "properties": { "name": "Sakshi Surgical", "amenity": "pharmacy", "healthcare": null, "addr_city": null, "osm_id": 9766862011, "osm_type": "nodes" }, "geometry": { "type": "Point", "coordinates": [ 86.1727836, 26.8320547 ] } },
{ "type": "Feature", "properties": { "name": "Karjanha Health Post", "amenity": "clinic", "healthcare": null, "addr_city": null, "osm_id": 9766862013, "osm_type": "nodes" }, "geometry": { "type": "Point", "coordinates": [ 86.1968973, 26.8597579 ] } },
{ "type": "Feature", "properties": { "name": "Chatari Swasthya Chauki, Ward 2", "amenity": "clinic", "healthcare": null, "addr_city": null, "osm_id": 9765900559, "osm_type": "nodes" }, "geometry": { "type": "Point", "coordinates": [ 86.1917309, 26.7267757 ] } },
{ "type": "Feature", "properties": { "name": "Health Post Ward 5", "amenity": "clinic", "healthcare": null, "addr_city": null, "osm_id": 9765900567, "osm_type": "nodes" }, "geometry": { "type": "Point", "coordinates": [ 86.1548383, 26.7785813 ] } },
{ "type": "Feature", "properties": { "name": "Om Pashupati Medical", "amenity": "pharmacy", "healthcare": null, "addr_city": null, "osm_id": 9764482067, "osm_type": "nodes" }, "geometry": { "type": "Point", "coordinates": [ 86.8584975, 26.5078687 ] } },
{ "type": "Feature", "properties": { "name": "Jwalamukhi Medical Hall", "amenity": "pharmacy", "healthcare": null, "addr_city": null, "osm_id": 9764482068, "osm_type": "nodes" }, "geometry": { "type": "Point", "coordinates": [ 86.8586824, 26.5077929 ] } },
{ "type": "Feature", "properties": { "name": "Jha Upachar Kendra", "amenity": "clinic", "healthcare": null, "addr_city": null, "osm_id": 9764482070, "osm_type": "nodes" }, "geometry": { "type": "Point", "coordinates": [ 86.8604897, 26.5075761 ] } },
{ "type": "Feature", "properties": { "name": "Yogesh Pharmacy", "amenity": "pharmacy", "healthcare": null, "addr_city": null, "osm_id": 9764482072, "osm_type": "nodes" }, "geometry": { "type": "Point", "coordinates": [ 86.8581592, 26.507972 ] } },
{ "type": "Feature", "properties": { "name": "Mahendra Pharma", "amenity": "pharmacy", "healthcare": null, "addr_city": null, "osm_id": 9764482073, "osm_type": "nodes" }, "geometry": { "type": "Point", "coordinates": [ 86.8609573, 26.5083841 ] } },
{ "type": "Feature", "properties": { "name": "Inaruwa Health Post", "amenity": "clinic", "healthcare": null, "addr_city": null, "osm_id": 9764482079, "osm_type": "nodes" }, "geometry": { "type": "Point", "coordinates": [ 86.846935, 26.5080766 ] } },
{ "type": "Feature", "properties": { "name": "Adharbhut Swastey kendra Sakhuwa", "amenity": "clinic", "healthcare": null, "addr_city": null, "osm_id": 9764482065, "osm_type": "nodes" }, "geometry": { "type": "Point", "coordinates": [ 86.8477367, 26.4992128 ] } },
{ "type": "Feature", "properties": { "name": "Health Post Rampura Malhaniya", "amenity": "clinic", "healthcare": null, "addr_city": null, "osm_id": 9764482077, "osm_type": "nodes" }, "geometry": { "type": "Point", "coordinates": [ 86.8053187, 26.4617016 ] } },
{ "type": "Feature", "properties": { "name": "Aryan Raj Pharmacy", "amenity": "pharmacy", "healthcare": null, "addr_city": null, "osm_id": 9764482071, "osm_type": "nodes" }, "geometry": { "type": "Point", "coordinates": [ 86.8589908, 26.5079351 ] } },
{ "type": "Feature", "properties": { "name": "Basic Health Center Yoginiya", "amenity": "clinic", "healthcare": null, "addr_city": null, "osm_id": 9764482075, "osm_type": "nodes" }, "geometry": { "type": "Point", "coordinates": [ 86.8673206, 26.5198551 ] } },
{ "type": "Feature", "properties": { "name": "Madhuwapur Health Post", "amenity": "clinic", "healthcare": null, "addr_city": null, "osm_id": 9764482078, "osm_type": "nodes" }, "geometry": { "type": "Point", "coordinates": [ 86.8748256, 26.5557342 ] } },
{ "type": "Feature", "properties": { "name": "Health Post 1 Number Joginiya", "amenity": "clinic", "healthcare": null, "addr_city": null, "osm_id": 9764482080, "osm_type": "nodes" }, "geometry": { "type": "Point", "coordinates": [ 86.871362, 26.5282911 ] } },
{ "type": "Feature", "properties": { "name": "Hanumannagar Ayurved Ausadhalaye", "amenity": "pharmacy", "healthcare": null, "addr_city": null, "osm_id": 9764482081, "osm_type": "nodes" }, "geometry": { "type": "Point", "coordinates": [ 86.8723261, 26.5277208 ] } },
{ "type": "Feature", "properties": { "name": "Maya Metro Hospital", "amenity": "hospital", "healthcare": null, "addr_city": null, "osm_id": 6009157086, "osm_type": "nodes" }, "geometry": { "type": "Point", "coordinates": [ 80.5684509, 28.7111851 ] } },
{ "type": "Feature", "properties": { "name": "Kavya Hospital", "amenity": "hospital", "healthcare": "hospital", "addr_city": null, "osm_id": 7858024127, "osm_type": "nodes" }, "geometry": { "type": "Point", "coordinates": [ 85.92295, 26.739792 ] } },
{ "type": "Feature", "properties": { "name": "Mihilal International Hospital", "amenity": "hospital", "healthcare": null, "addr_city": null, "osm_id": 9773977080, "osm_type": "nodes" }, "geometry": { "type": "Point", "coordinates": [ 85.920803, 26.737265 ] } },
{ "type": "Feature", "properties": { "name": "Hospital Building", "amenity": "hospital", "healthcare": "hospital", "addr_city": "Chhirreshwornath", "osm_id": 4887200021, "osm_type": "nodes" }, "geometry": { "type": "Point", "coordinates": [ 85.9528582, 26.8153163 ] } },
{ "type": "Feature", "properties": { "name": "????????? ????, ????? ???????", "amenity": null, "healthcare": "yes", "addr_city": null, "osm_id": 11968756855, "osm_type": "nodes" }, "geometry": { "type": "Point", "coordinates": [ 86.2312697, 26.5988872 ] } },
{ "type": "Feature", "properties": { "name": "?????? ??? ????????? ????", "amenity": null, "healthcare": "yes", "addr_city": null, "osm_id": 11968773753, "osm_type": "nodes" }, "geometry": { "type": "Point", "coordinates": [ 86.2091307, 26.6013071 ] } },
{ "type": "Feature", "properties": { "name": "Malla Pharmacy", "amenity": null, "healthcare": "pharmacy", "addr_city": null, "osm_id": 8189234400, "osm_type": "nodes" }, "geometry": { "type": "Point", "coordinates": [ 83.7600646, 27.984004 ] } },
{ "type": "Feature", "properties": { "name": "Kantipur Dental Care", "amenity": null, "healthcare": "dental", "addr_city": null, "osm_id": 8189198822, "osm_type": "nodes" }, "geometry": { "type": "Point", "coordinates": [ 83.7603259, 27.9839081 ] } },
{ "type": "Feature", "properties": { "name": "Waling Pharmacy", "amenity": null, "healthcare": "pharmacy", "addr_city": null, "osm_id": 8189193301, "osm_type": "nodes" }, "geometry": { "type": "Point", "coordinates": [ 83.762239, 27.9836479 ] } },
{ "type": "Feature", "properties": { "name": "Health Post", "amenity": "hospital", "healthcare": null, "addr_city": null, "osm_id": 1497390981, "osm_type": "nodes" }, "geometry": { "type": "Point", "coordinates": [ 85.9910239, 26.7592515 ] } },
{ "type": "Feature", "properties": { "name": null, "amenity": "clinic", "healthcare": "clinic", "addr_city": null, "osm_id": 4592605990, "osm_type": "nodes" }, "geometry": { "type": "Point", "coordinates": [ 85.9274784, 26.7296521 ] } },
{ "type": "Feature", "properties": { "name": "Nepalgunj Dental Lab", "amenity": "dentist", "healthcare": null, "addr_city": null, "osm_id": 5409641019, "osm_type": "nodes" }, "geometry": { "type": "Point", "coordinates": [ 81.621573, 28.0522464 ] } },
{ "type": "Feature", "properties": { "name": "Pawan Medical Hall", "amenity": "pharmacy", "healthcare": null, "addr_city": null, "osm_id": 5377299575, "osm_type": "nodes" }, "geometry": { "type": "Point", "coordinates": [ 81.6549241, 28.1006695 ] } },
{ "type": "Feature", "properties": { "name": "Rayal Birthing Center", "amenity": null, "healthcare": "birthing_centre", "addr_city": null, "osm_id": 12890350955, "osm_type": "nodes" }, "geometry": { "type": "Point", "coordinates": [ 80.9549542, 29.4667855 ] } },
{ "type": "Feature", "properties": { "name": "Shining City Clilinic", "amenity": "clinic", "healthcare": null, "addr_city": null, "osm_id": 5422534799, "osm_type": "nodes" }, "geometry": { "type": "Point", "coordinates": [ 81.6340684, 28.0742061 ] } },
{ "type": "Feature", "properties": { "name": "Ashok Medical Hall", "amenity": "pharmacy", "healthcare": null, "addr_city": null, "osm_id": 5417717152, "osm_type": "nodes" }, "geometry": { "type": "Point", "coordinates": [ 81.6255664, 28.0586972 ] } },
{ "type": "Feature", "properties": { "name": null, "amenity": "pharmacy", "healthcare": null, "addr_city": null, "osm_id": 8837295919, "osm_type": "nodes" }, "geometry": { "type": "Point", "coordinates": [ 85.8536381, 26.7991056 ] } },
{ "type": "Feature", "properties": { "name": "Safal Medicine Distributor", "amenity": "pharmacy", "healthcare": null, "addr_city": null, "osm_id": 5416366758, "osm_type": "nodes" }, "geometry": { "type": "Point", "coordinates": [ 81.6272267, 28.0559248 ] } },
{ "type": "Feature", "properties": { "name": "P.K Health Clinic", "amenity": "pharmacy", "healthcare": null, "addr_city": null, "osm_id": 5405343110, "osm_type": "nodes" }, "geometry": { "type": "Point", "coordinates": [ 81.6283804, 28.055249 ] } },
{ "type": "Feature", "properties": { "name": "Prabhu Medical", "amenity": "pharmacy", "healthcare": null, "addr_city": null, "osm_id": 5374338860, "osm_type": "nodes" }, "geometry": { "type": "Point", "coordinates": [ 81.6550215, 28.100877 ] } },
{ "type": "Feature", "properties": { "name": "M.R. Health Clinic Bahadurpur", "amenity": "clinic", "healthcare": "doctor", "addr_city": "Bhajani Municipality", "osm_id": 6616030053, "osm_type": "nodes" }, "geometry": { "type": "Point", "coordinates": [ 81.0426114, 28.5000499 ] } },
{ "type": "Feature", "properties": { "name": null, "amenity": "hospital", "healthcare": null, "addr_city": null, "osm_id": 5227805926, "osm_type": "nodes" }, "geometry": { "type": "Point", "coordinates": [ 85.9203841, 26.7325957 ] } },
{ "type": "Feature", "properties": { "name": null, "amenity": "hospital", "healthcare": "hospital", "addr_city": null, "osm_id": 5207944128, "osm_type": "nodes" }, "geometry": { "type": "Point", "coordinates": [ 86.7408096, 26.5430531 ] } },
{ "type": "Feature", "properties": { "name": "????????? ????  ??????", "amenity": null, "healthcare": "yes", "addr_city": null, "osm_id": 9791970433, "osm_type": "nodes" }, "geometry": { "type": "Point", "coordinates": [ 85.8895569, 26.7688046 ] } },
{ "type": "Feature", "properties": { "name": "?????????? ?????????? ?????????? ??????", "amenity": null, "healthcare": "yes", "addr_city": null, "osm_id": 9801477912, "osm_type": "nodes" }, "geometry": { "type": "Point", "coordinates": [ 85.297699, 26.7593117 ] } },
{ "type": "Feature", "properties": { "name": "?????? ????????? ????, ??????", "amenity": null, "healthcare": "yes", "addr_city": null, "osm_id": 9801498819, "osm_type": "nodes" }, "geometry": { "type": "Point", "coordinates": [ 85.3157654, 26.7919979 ] } },
{ "type": "Feature", "properties": { "name": "Shree Di Sei Pharma", "amenity": "pharmacy", "healthcare": null, "addr_city": null, "osm_id": 3506580668, "osm_type": "nodes" }, "geometry": { "type": "Point", "coordinates": [ 85.3286684, 27.7127821 ] } },
{ "type": "Feature", "properties": { "name": "Sanjeevani Medical Pharmacy", "amenity": "pharmacy", "healthcare": null, "addr_city": null, "osm_id": 2102994239, "osm_type": "nodes" }, "geometry": { "type": "Point", "coordinates": [ 85.3276692, 27.7129576 ] } },
{ "type": "Feature", "properties": { "name": "Chandrakesh Pharmacy", "amenity": "pharmacy", "healthcare": null, "addr_city": null, "osm_id": 3506580657, "osm_type": "nodes" }, "geometry": { "type": "Point", "coordinates": [ 85.3286325, 27.7124722 ] } },
{ "type": "Feature", "properties": { "name": null, "amenity": "pharmacy", "healthcare": null, "addr_city": null, "osm_id": 9942243719, "osm_type": "nodes" }, "geometry": { "type": "Point", "coordinates": [ 85.3259277, 27.6769249 ] } },
{ "type": "Feature", "properties": { "name": "Eastern Regional Medical Store", "amenity": "pharmacy", "healthcare": null, "addr_city": null, "osm_id": 4914715722, "osm_type": "nodes" }, "geometry": { "type": "Point", "coordinates": [ 87.2873221, 26.458608 ] } },
{ "type": "Feature", "properties": { "name": null, "amenity": "hospital", "healthcare": null, "addr_city": null, "osm_id": 5076440521, "osm_type": "nodes" }, "geometry": { "type": "Point", "coordinates": [ 81.3473261, 28.2028096 ] } },
{ "type": "Feature", "properties": { "name": "????????? ???? ??????", "amenity": null, "healthcare": "yes", "addr_city": null, "osm_id": 11969074050, "osm_type": "nodes" }, "geometry": { "type": "Point", "coordinates": [ 86.1862059, 26.6432058 ] } },
{ "type": "Feature", "properties": { "name": "????????? ????, ????????? ????????", "amenity": null, "healthcare": "yes", "addr_city": null, "osm_id": 11969105493, "osm_type": "nodes" }, "geometry": { "type": "Point", "coordinates": [ 86.1724985, 26.6317432 ] } },
{ "type": "Feature", "properties": { "name": "??????? ????????? ????", "amenity": null, "healthcare": "yes", "addr_city": null, "osm_id": 11969313760, "osm_type": "nodes" }, "geometry": { "type": "Point", "coordinates": [ 86.2073236, 26.683345 ] } },
{ "type": "Feature", "properties": { "name": "pharmacy", "amenity": "pharmacy", "healthcare": null, "addr_city": null, "osm_id": 3438536631, "osm_type": "nodes" }, "geometry": { "type": "Point", "coordinates": [ 84.8079193, 27.5399077 ] } },
{ "type": "Feature", "properties": { "name": "praja medical hall", "amenity": "pharmacy", "healthcare": null, "addr_city": null, "osm_id": 3438536632, "osm_type": "nodes" }, "geometry": { "type": "Point", "coordinates": [ 84.8076726, 27.5393057 ] } },
{ "type": "Feature", "properties": { "name": "darai medical hall", "amenity": "pharmacy", "healthcare": null, "addr_city": null, "osm_id": 3438536612, "osm_type": "nodes" }, "geometry": { "type": "Point", "coordinates": [ 84.8072661, 27.5396405 ] } },
{ "type": "Feature", "properties": { "name": null, "amenity": "clinic", "healthcare": null, "addr_city": null, "osm_id": 7244387508, "osm_type": "nodes" }, "geometry": { "type": "Point", "coordinates": [ 82.3950983, 29.5778267 ] } },
{ "type": "Feature", "properties": { "name": null, "amenity": "pharmacy", "healthcare": null, "addr_city": null, "osm_id": 4831979721, "osm_type": "nodes" }, "geometry": { "type": "Point", "coordinates": [ 85.3134915, 27.7058442 ] } },
{ "type": "Feature", "properties": { "name": null, "amenity": "clinic", "healthcare": null, "addr_city": null, "osm_id": 4579302095, "osm_type": "nodes" }, "geometry": { "type": "Point", "coordinates": [ 85.9226686, 26.7319179 ] } },
{ "type": "Feature", "properties": { "name": "Jitendra Mediko Laliya", "amenity": "pharmacy", "healthcare": null, "addr_city": null, "osm_id": 9648097711, "osm_type": "nodes" }, "geometry": { "type": "Point", "coordinates": [ 86.0226514, 26.7815721 ] } },
{ "type": "Feature", "properties": { "name": "Shani Dental and Medical Hall", "amenity": "pharmacy", "healthcare": null, "addr_city": null, "osm_id": 9648097714, "osm_type": "nodes" }, "geometry": { "type": "Point", "coordinates": [ 86.0134022, 26.8087736 ] } },
{ "type": "Feature", "properties": { "name": "Aaditya Medical Hall", "amenity": "pharmacy", "healthcare": null, "addr_city": null, "osm_id": 9648097715, "osm_type": "nodes" }, "geometry": { "type": "Point", "coordinates": [ 86.0116126, 26.8079103 ] } },
{ "type": "Feature", "properties": { "name": "Sameer Medical", "amenity": "pharmacy", "healthcare": null, "addr_city": null, "osm_id": 9648097705, "osm_type": "nodes" }, "geometry": { "type": "Point", "coordinates": [ 85.9845196, 26.7791454 ] } },
{ "type": "Feature", "properties": { "name": "Shristhi Medical Care", "amenity": "pharmacy", "healthcare": null, "addr_city": null, "osm_id": 9648097697, "osm_type": "nodes" }, "geometry": { "type": "Point", "coordinates": [ 86.0063153, 26.792607 ] } },
{ "type": "Feature", "properties": { "name": "Nishu Aaurvedik", "amenity": "pharmacy", "healthcare": null, "addr_city": null, "osm_id": 9648097696, "osm_type": "nodes" }, "geometry": { "type": "Point", "coordinates": [ 86.0040284, 26.7944508 ] } },
{ "type": "Feature", "properties": { "name": "Om Prathamic Upachar Kendra", "amenity": "pharmacy", "healthcare": null, "addr_city": null, "osm_id": 9648097698, "osm_type": "nodes" }, "geometry": { "type": "Point", "coordinates": [ 86.0029304, 26.7976484 ] } },
{ "type": "Feature", "properties": { "name": "Prince Health Care", "amenity": "pharmacy", "healthcare": null, "addr_city": null, "osm_id": 9648097700, "osm_type": "nodes" }, "geometry": { "type": "Point", "coordinates": [ 85.9906898, 26.8038985 ] } },
{ "type": "Feature", "properties": { "name": "Yadav Pharmacy", "amenity": "pharmacy", "healthcare": null, "addr_city": null, "osm_id": 9648097702, "osm_type": "nodes" }, "geometry": { "type": "Point", "coordinates": [ 85.9622387, 26.7789702 ] } },
{ "type": "Feature", "properties": { "name": "Mamta Pharmacy", "amenity": "pharmacy", "healthcare": null, "addr_city": null, "osm_id": 9648097703, "osm_type": "nodes" }, "geometry": { "type": "Point", "coordinates": [ 85.9621317, 26.7763838 ] } },
{ "type": "Feature", "properties": { "name": "Tri Shakti Surgical", "amenity": "pharmacy", "healthcare": null, "addr_city": null, "osm_id": 9648097704, "osm_type": "nodes" }, "geometry": { "type": "Point", "coordinates": [ 85.9614299, 26.7763862 ] } },
{ "type": "Feature", "properties": { "name": "Sanjay Aaurabaidik Pasal", "amenity": "pharmacy", "healthcare": null, "addr_city": null, "osm_id": 9648097706, "osm_type": "nodes" }, "geometry": { "type": "Point", "coordinates": [ 85.9871802, 26.782202 ] } },
{ "type": "Feature", "properties": { "name": "Abinash Medical", "amenity": "pharmacy", "healthcare": null, "addr_city": null, "osm_id": 9648097707, "osm_type": "nodes" }, "geometry": { "type": "Point", "coordinates": [ 85.9854758, 26.7815215 ] } },
{ "type": "Feature", "properties": { "name": "PHC Tilathi", "amenity": "clinic", "healthcare": null, "addr_city": null, "osm_id": 9768415884, "osm_type": "nodes" }, "geometry": { "type": "Point", "coordinates": [ 86.7672245, 26.4709026 ] } },
{ "type": "Feature", "properties": { "name": null, "amenity": "hospital", "healthcare": null, "addr_city": null, "osm_id": 4406938590, "osm_type": "nodes" }, "geometry": { "type": "Point", "coordinates": [ 85.9198093, 26.7376329 ] } },
{ "type": "Feature", "properties": { "name": "Kantipur Dental Care", "amenity": "dentist", "healthcare": null, "addr_city": null, "osm_id": 9619726110, "osm_type": "nodes" }, "geometry": { "type": "Point", "coordinates": [ 83.7603194, 27.9839979 ] } },
{ "type": "Feature", "properties": { "name": "Waling Pharmacy", "amenity": "pharmacy", "healthcare": null, "addr_city": null, "osm_id": 9619726111, "osm_type": "nodes" }, "geometry": { "type": "Point", "coordinates": [ 83.7622476, 27.9836436 ] } },
{ "type": "Feature", "properties": { "name": "Waling City Polyclinic", "amenity": "clinic", "healthcare": null, "addr_city": null, "osm_id": 9619726109, "osm_type": "nodes" }, "geometry": { "type": "Point", "coordinates": [ 83.7627212, 27.9842051 ] } },
{ "type": "Feature", "properties": { "name": "Safely Dental Clinic", "amenity": "dentist", "healthcare": null, "addr_city": null, "osm_id": 9619726104, "osm_type": "nodes" }, "geometry": { "type": "Point", "coordinates": [ 83.7635558, 27.9846411 ] } },
{ "type": "Feature", "properties": { "name": "Chhayachhetra Clinic", "amenity": "clinic", "healthcare": null, "addr_city": null, "osm_id": 9619729720, "osm_type": "nodes" }, "geometry": { "type": "Point", "coordinates": [ 83.7623278, 27.9847314 ] } },
{ "type": "Feature", "properties": { "name": null, "amenity": "pharmacy", "healthcare": null, "addr_city": null, "osm_id": 4424671390, "osm_type": "nodes" }, "geometry": { "type": "Point", "coordinates": [ 85.3243534, 27.6730024 ] } },
{ "type": "Feature", "properties": { "name": "Siddha Pharmacy", "amenity": "pharmacy", "healthcare": null, "addr_city": null, "osm_id": 9619726113, "osm_type": "nodes" }, "geometry": { "type": "Point", "coordinates": [ 83.7191527, 27.9770122 ] } },
{ "type": "Feature", "properties": { "name": "Malla Pharmacy and Xray Clinic", "amenity": "clinic", "healthcare": null, "addr_city": null, "osm_id": 9619726116, "osm_type": "nodes" }, "geometry": { "type": "Point", "coordinates": [ 83.7601033, 27.9839792 ] } },
{ "type": "Feature", "properties": { "name": "Mahadev Basi Helth post", "amenity": "hospital", "healthcare": null, "addr_city": null, "osm_id": 2140382060, "osm_type": "nodes" }, "geometry": { "type": "Point", "coordinates": [ 85.0669243, 27.7498415 ] } },
{ "type": "Feature", "properties": { "name": "Healthy Ortho Dental Clinic", "amenity": "dentist", "healthcare": null, "addr_city": null, "osm_id": 2108676790, "osm_type": "nodes" }, "geometry": { "type": "Point", "coordinates": [ 85.3274999, 27.7087215 ] } },
{ "type": "Feature", "properties": { "name": "Pradip Health Clinic", "amenity": "clinic", "healthcare": null, "addr_city": null, "osm_id": 9597497433, "osm_type": "nodes" }, "geometry": { "type": "Point", "coordinates": [ 81.0907246, 28.6458961 ] } },
{ "type": "Feature", "properties": { "name": "?????? ?????? ????????", "amenity": "pharmacy", "healthcare": null, "addr_city": null, "osm_id": 2102994231, "osm_type": "nodes" }, "geometry": { "type": "Point", "coordinates": [ 85.3278543, 27.7129278 ] } },
{ "type": "Feature", "properties": { "name": "Pulu Bazar Medical Hall", "amenity": "clinic", "healthcare": null, "addr_city": null, "osm_id": 7244387509, "osm_type": "nodes" }, "geometry": { "type": "Point", "coordinates": [ 82.3933883, 29.5771633 ] } },
{ "type": "Feature", "properties": { "name": "Swasthye Sakha", "amenity": "clinic", "healthcare": null, "addr_city": null, "osm_id": 7244387510, "osm_type": "nodes" }, "geometry": { "type": "Point", "coordinates": [ 82.3686617, 29.5702683 ] } },
{ "type": "Feature", "properties": { "name": null, "amenity": "clinic", "healthcare": null, "addr_city": null, "osm_id": 7244387511, "osm_type": "nodes" }, "geometry": { "type": "Point", "coordinates": [ 82.5141933, 29.7259617 ] } },
{ "type": "Feature", "properties": { "name": null, "amenity": "pharmacy", "healthcare": "pharmacy", "addr_city": null, "osm_id": 12684749707, "osm_type": "nodes" }, "geometry": { "type": "Point", "coordinates": [ 84.7607808, 27.0794102 ] } },
{ "type": "Feature", "properties": { "name": "Shree Ram Heath Clinic", "amenity": "clinic", "healthcare": "clinic", "addr_city": null, "osm_id": 9789395715, "osm_type": "nodes" }, "geometry": { "type": "Point", "coordinates": [ 85.0021998, 27.0285912 ] } },
{ "type": "Feature", "properties": { "name": "Nepal Red Cross Society Regional Blood Transfusion Service Center", "amenity": null, "healthcare": "blood_donation", "addr_city": null, "osm_id": 4914690622, "osm_type": "nodes" }, "geometry": { "type": "Point", "coordinates": [ 87.2861583, 26.4584484 ] } },
{ "type": "Feature", "properties": { "name": "Mata Manakama Poly Clinic", "amenity": "clinic", "healthcare": null, "addr_city": null, "osm_id": 9768410782, "osm_type": "nodes" }, "geometry": { "type": "Point", "coordinates": [ 86.9355411, 26.7351769 ] } },
{ "type": "Feature", "properties": { "name": "MAX International Hospital and Trauma Center Pvt.Ltd", "amenity": "hospital", "healthcare": null, "addr_city": null, "osm_id": 9778463101, "osm_type": "nodes" }, "geometry": { "type": "Point", "coordinates": [ 87.2770255, 26.4540202 ] } },
{ "type": "Feature", "properties": { "name": "Naresh Clinic, Janakpur", "amenity": "clinic", "healthcare": null, "addr_city": null, "osm_id": 6616157612, "osm_type": "nodes" }, "geometry": { "type": "Point", "coordinates": [ 81.0389596, 28.4873758 ] } },
{ "type": "Feature", "properties": { "name": null, "amenity": "pharmacy", "healthcare": null, "addr_city": null, "osm_id": 1496626772, "osm_type": "nodes" }, "geometry": { "type": "Point", "coordinates": [ 85.3057071, 27.6615124 ] } },
{ "type": "Feature", "properties": { "name": "Forward Community Health Care Pvt Ltd", "amenity": "clinic", "healthcare": null, "addr_city": null, "osm_id": 9782386490, "osm_type": "nodes" }, "geometry": { "type": "Point", "coordinates": [ 87.2827988, 26.5719109 ] } },
{ "type": "Feature", "properties": { "name": "Health Post Dumary Shibthan", "amenity": "clinic", "healthcare": null, "addr_city": null, "osm_id": 9796447323, "osm_type": "nodes" }, "geometry": { "type": "Point", "coordinates": [ 86.7690506, 26.5360413 ] } },
{ "type": "Feature", "properties": { "name": null, "amenity": "hospital", "healthcare": null, "addr_city": null, "osm_id": 7150534787, "osm_type": "nodes" }, "geometry": { "type": "Point", "coordinates": [ 85.2812352, 26.7764879 ] } },
{ "type": "Feature", "properties": { "name": "Chhayachhetra Clinic", "amenity": null, "healthcare": "pharmacy", "addr_city": null, "osm_id": 8178342880, "osm_type": "nodes" }, "geometry": { "type": "Point", "coordinates": [ 83.7623586, 27.9846863 ] } },
{ "type": "Feature", "properties": { "name": "Siddha Pharmacy", "amenity": null, "healthcare": "pharmacy", "addr_city": null, "osm_id": 8189209670, "osm_type": "nodes" }, "geometry": { "type": "Point", "coordinates": [ 83.7191467, 27.9770377 ] } },
{ "type": "Feature", "properties": { "name": "chisapani aaspatal", "amenity": "hospital", "healthcare": "hospital", "addr_city": null, "osm_id": 8680231709, "osm_type": "nodes" }, "geometry": { "type": "Point", "coordinates": [ 83.7746513, 27.5568277 ] } },
{ "type": "Feature", "properties": { "name": "Laukaha Sawasthya chauki", "amenity": "clinic", "healthcare": null, "addr_city": null, "osm_id": 9801469879, "osm_type": "nodes" }, "geometry": { "type": "Point", "coordinates": [ 85.2479706, 26.8627911 ] } },
{ "type": "Feature", "properties": { "name": "Basic Healt Care Center, Beluwa Bazar", "amenity": "clinic", "healthcare": null, "addr_city": null, "osm_id": 9796614379, "osm_type": "nodes" }, "geometry": { "type": "Point", "coordinates": [ 85.1031494, 27.0853329 ] } },
{ "type": "Feature", "properties": { "name": "Aarogya Ayurvedic", "amenity": "clinic", "healthcare": null, "addr_city": null, "osm_id": 9785316598, "osm_type": "nodes" }, "geometry": { "type": "Point", "coordinates": [ 84.8751526, 27.0131817 ] } },
{ "type": "Feature", "properties": { "name": null, "amenity": "hospital", "healthcare": null, "addr_city": null, "osm_id": 7342855186, "osm_type": "nodes" }, "geometry": { "type": "Point", "coordinates": [ 84.8053408, 27.0217377 ] } },
{ "type": "Feature", "properties": { "name": "Birgunj Health Care Hospital", "amenity": "hospital", "healthcare": null, "addr_city": null, "osm_id": 9785316586, "osm_type": "nodes" }, "geometry": { "type": "Point", "coordinates": [ 84.8989563, 27.0444374 ] } },
{ "type": "Feature", "properties": { "name": null, "amenity": "hospital", "healthcare": null, "addr_city": null, "osm_id": 4575672895, "osm_type": "nodes" }, "geometry": { "type": "Point", "coordinates": [ 84.8849547, 27.0125614 ] } },
{ "type": "Feature", "properties": { "name": "Aditi Pharmacy", "amenity": "clinic", "healthcare": "clinic", "addr_city": null, "osm_id": 9805385697, "osm_type": "nodes" }, "geometry": { "type": "Point", "coordinates": [ 83.4399236, 27.5076265 ] } },
{ "type": "Feature", "properties": { "name": null, "amenity": "clinic", "healthcare": "clinic", "addr_city": null, "osm_id": 9814181741, "osm_type": "nodes" }, "geometry": { "type": "Point", "coordinates": [ 83.3915121, 27.5136947 ] } },
{ "type": "Feature", "properties": { "name": "Butwal Lion Eye Hospital", "amenity": "hospital", "healthcare": null, "addr_city": null, "osm_id": 9709424353, "osm_type": "nodes" }, "geometry": { "type": "Point", "coordinates": [ 83.458448, 27.7045281 ] } },
{ "type": "Feature", "properties": { "name": "Dhobini Health Post, Dhobini RM-5", "amenity": "clinic", "healthcare": null, "addr_city": null, "osm_id": 9796563373, "osm_type": "nodes" }, "geometry": { "type": "Point", "coordinates": [ 84.6863937, 27.0746422 ] } },
{ "type": "Feature", "properties": { "name": "Langadi Health Post, Dhobini RM-4", "amenity": "clinic", "healthcare": null, "addr_city": null, "osm_id": 9796563372, "osm_type": "nodes" }, "geometry": { "type": "Point", "coordinates": [ 84.7009277, 27.0846214 ] } },
{ "type": "Feature", "properties": { "name": "Adharbhut Health Post", "amenity": "clinic", "healthcare": null, "addr_city": null, "osm_id": 9796615667, "osm_type": "nodes" }, "geometry": { "type": "Point", "coordinates": [ 84.7634277, 27.0769672 ] } },
{ "type": "Feature", "properties": { "name": "Budhha Polyclinic", "amenity": "clinic", "healthcare": "clinic", "addr_city": null, "osm_id": 4426056116, "osm_type": "nodes" }, "geometry": { "type": "Point", "coordinates": [ 83.0403445, 27.6619418 ] } },
{ "type": "Feature", "properties": { "name": "fulmati dhobi-FCHV", "amenity": null, "healthcare": "yes", "addr_city": "khajura-RM", "osm_id": 9116076095, "osm_type": "nodes" }, "geometry": { "type": "Point", "coordinates": [ 81.5377011, 28.1418139 ] } },
{ "type": "Feature", "properties": { "name": "satani aharin -FCHV", "amenity": null, "healthcare": "yes", "addr_city": "khajura-RM", "osm_id": 9116110820, "osm_type": "nodes" }, "geometry": { "type": "Point", "coordinates": [ 81.5399423, 28.1428085 ] } },
{ "type": "Feature", "properties": { "name": "punam kumari yadav-FCHV", "amenity": null, "healthcare": "yes", "addr_city": "khajura-RM", "osm_id": 9116112721, "osm_type": "nodes" }, "geometry": { "type": "Point", "coordinates": [ 81.5399355, 28.1422885 ] } },
{ "type": "Feature", "properties": { "name": "mariya kha-FCHV", "amenity": null, "healthcare": "yes", "addr_city": "khajura-RM", "osm_id": 9116386930, "osm_type": "nodes" }, "geometry": { "type": "Point", "coordinates": [ 81.5635082, 28.1310927 ] } },
{ "type": "Feature", "properties": { "name": "khadaicha Health Post", "amenity": null, "healthcare": "centre", "addr_city": "Duduwa Rural Municipality", "osm_id": 9239808673, "osm_type": "nodes" }, "geometry": { "type": "Point", "coordinates": [ 81.7084868, 27.9866044 ] } },
{ "type": "Feature", "properties": { "name": "Mina b.k-FHVC", "amenity": null, "healthcare": "yes", "addr_city": "khajura RM", "osm_id": 9103163443, "osm_type": "nodes" }, "geometry": { "type": "Point", "coordinates": [ 81.5224484, 28.0771814 ] } },
{ "type": "Feature", "properties": { "name": "shova b k-FCHV", "amenity": null, "healthcare": "yes", "addr_city": "khajura rm", "osm_id": 9107268828, "osm_type": "nodes" }, "geometry": { "type": "Point", "coordinates": [ 81.5895759, 28.1426084 ] } },
{ "type": "Feature", "properties": { "name": "Hariharpur Primary Health Center, Dhobini RM-3", "amenity": "clinic", "healthcare": null, "addr_city": null, "osm_id": 9796563374, "osm_type": "nodes" }, "geometry": { "type": "Point", "coordinates": [ 84.6994431, 27.1199784 ] } },
{ "type": "Feature", "properties": { "name": "Gorkha Memorial Hospital pvt.ltd", "amenity": "hospital", "healthcare": null, "addr_city": null, "osm_id": 9772756002, "osm_type": "nodes" }, "geometry": { "type": "Point", "coordinates": [ 84.5694732, 27.9940845 ] } },
{ "type": "Feature", "properties": { "name": "Community health unit", "amenity": "clinic", "healthcare": null, "addr_city": null, "osm_id": 9530830151, "osm_type": "nodes" }, "geometry": { "type": "Point", "coordinates": [ 80.5430137, 28.7333144 ] } },
{ "type": "Feature", "properties": { "name": "Basic health services center", "amenity": "clinic", "healthcare": null, "addr_city": null, "osm_id": 9530830156, "osm_type": "nodes" }, "geometry": { "type": "Point", "coordinates": [ 80.4058016, 28.8494199 ] } },
{ "type": "Feature", "properties": { "name": "Bani hospital", "amenity": "hospital", "healthcare": null, "addr_city": null, "osm_id": 9530830159, "osm_type": "nodes" }, "geometry": { "type": "Point", "coordinates": [ 80.4172792, 28.8637623 ] } },
{ "type": "Feature", "properties": { "name": null, "amenity": "clinic", "healthcare": null, "addr_city": null, "osm_id": 9527851338, "osm_type": "nodes" }, "geometry": { "type": "Point", "coordinates": [ 83.313302, 27.655047 ] } },
{ "type": "Feature", "properties": { "name": null, "amenity": "clinic", "healthcare": null, "addr_city": null, "osm_id": 9527250396, "osm_type": "nodes" }, "geometry": { "type": "Point", "coordinates": [ 83.3556419, 27.6641556 ] } },
{ "type": "Feature", "properties": { "name": "FCHV house", "amenity": null, "healthcare": "yes", "addr_city": "khajura rm", "osm_id": 9112853668, "osm_type": "nodes" }, "geometry": { "type": "Point", "coordinates": [ 81.5350708, 28.1272783 ] } },
{ "type": "Feature", "properties": { "name": "Aurvedic Hospital", "amenity": "hospital", "healthcare": null, "addr_city": null, "osm_id": 5473283282, "osm_type": "nodes" }, "geometry": { "type": "Point", "coordinates": [ 81.6065955, 28.0316293 ] } },
{ "type": "Feature", "properties": { "name": "Soni Medical Hall", "amenity": "pharmacy", "healthcare": null, "addr_city": null, "osm_id": 5437958502, "osm_type": "nodes" }, "geometry": { "type": "Point", "coordinates": [ 81.6019915, 28.0308919 ] } },
{ "type": "Feature", "properties": { "name": "?????? ??????? ????", "amenity": "clinic", "healthcare": null, "addr_city": null, "osm_id": 9794575440, "osm_type": "nodes" }, "geometry": { "type": "Point", "coordinates": [ 81.6052615, 28.0285258 ] } },
{ "type": "Feature", "properties": { "name": "??? ????????? ????, ??????", "amenity": "clinic", "healthcare": null, "addr_city": null, "osm_id": 9798804727, "osm_type": "nodes" }, "geometry": { "type": "Point", "coordinates": [ 82.5400664, 29.0584405 ] } },
{ "type": "Feature", "properties": { "name": "dhanusha dental care", "amenity": "dentist", "healthcare": null, "addr_city": null, "osm_id": 12395093101, "osm_type": "nodes" }, "geometry": { "type": "Point", "coordinates": [ 85.9222879, 26.7386176 ] } },
{ "type": "Feature", "properties": { "name": "Trinetra Eye Hospital Pvt. Ltd.", "amenity": "hospital", "healthcare": null, "addr_city": null, "osm_id": 9801475413, "osm_type": "nodes" }, "geometry": { "type": "Point", "coordinates": [ 85.2757263, 26.7563076 ] } },
{ "type": "Feature", "properties": { "name": "Gaur Central Hospital Pvt. Ltd.", "amenity": "hospital", "healthcare": null, "addr_city": null, "osm_id": 9801475414, "osm_type": "nodes" }, "geometry": { "type": "Point", "coordinates": [ 85.2780838, 26.7608776 ] } },
{ "type": "Feature", "properties": { "name": "Nepal Jyoti Sangh Eye Hospital", "amenity": "hospital", "healthcare": null, "addr_city": null, "osm_id": 9801518217, "osm_type": "nodes" }, "geometry": { "type": "Point", "coordinates": [ 85.28125, 26.7764683 ] } },
{ "type": "Feature", "properties": { "name": "Health Desk - 1, Gaur Mun.", "amenity": "clinic", "healthcare": null, "addr_city": null, "osm_id": 9801518223, "osm_type": "nodes" }, "geometry": { "type": "Point", "coordinates": [ 85.2758484, 26.7550659 ] } },
{ "type": "Feature", "properties": { "name": "Adharbhut sawasthya Chauki Basanpati", "amenity": "clinic", "healthcare": null, "addr_city": null, "osm_id": 9801469874, "osm_type": "nodes" }, "geometry": { "type": "Point", "coordinates": [ 85.2355728, 26.8571606 ] } },
{ "type": "Feature", "properties": { "name": "Chisapani Hospital", "amenity": "hospital", "healthcare": null, "addr_city": null, "osm_id": 9796928428, "osm_type": "nodes" }, "geometry": { "type": "Point", "coordinates": [ 83.772754, 27.5584998 ] } },
{ "type": "Feature", "properties": { "name": "Paklihawa health post", "amenity": "hospital", "healthcare": null, "addr_city": null, "osm_id": 9796948859, "osm_type": "nodes" }, "geometry": { "type": "Point", "coordinates": [ 83.8476728, 27.3860225 ] } },
{ "type": "Feature", "properties": { "name": "sowasth chauki hakui", "amenity": "hospital", "healthcare": null, "addr_city": null, "osm_id": 9796948886, "osm_type": "nodes" }, "geometry": { "type": "Point", "coordinates": [ 83.6162643, 27.5076599 ] } },
{ "type": "Feature", "properties": { "name": "Adharbhut health post", "amenity": "hospital", "healthcare": null, "addr_city": null, "osm_id": 9796948897, "osm_type": "nodes" }, "geometry": { "type": "Point", "coordinates": [ 83.7715454, 27.475729 ] } },
{ "type": "Feature", "properties": { "name": "Palhi Primary Health care center", "amenity": "hospital", "healthcare": null, "addr_city": null, "osm_id": 9796948907, "osm_type": "nodes" }, "geometry": { "type": "Point", "coordinates": [ 83.6661606, 27.4848213 ] } },
{ "type": "Feature", "properties": { "name": "????? ??????? ??????? ??????? ???????? ?????????-?? ????? ??????????", "amenity": "hospital", "healthcare": null, "addr_city": null, "osm_id": 9796880493, "osm_type": "nodes" }, "geometry": { "type": "Point", "coordinates": [ 83.2000046, 27.7743225 ] } },
{ "type": "Feature", "properties": { "name": "????????? ????????? ???? ??????? ????????, ?????", "amenity": "clinic", "healthcare": null, "addr_city": null, "osm_id": 9796788947, "osm_type": "nodes" }, "geometry": { "type": "Point", "coordinates": [ 82.6294022, 28.4717751 ] } },
{ "type": "Feature", "properties": { "name": "Samudayik Swastha Ekai", "amenity": "clinic", "healthcare": null, "addr_city": null, "osm_id": 9796655023, "osm_type": "nodes" }, "geometry": { "type": "Point", "coordinates": [ 84.8754807, 26.9827709 ] } },
{ "type": "Feature", "properties": { "name": "Sahari Swasthiya Kendra", "amenity": "clinic", "healthcare": null, "addr_city": null, "osm_id": 9796420910, "osm_type": "nodes" }, "geometry": { "type": "Point", "coordinates": [ 86.7430038, 26.5339699 ] } },
{ "type": "Feature", "properties": { "name": "Kamal Health Clinic 1 Parsagadhi MP", "amenity": "clinic", "healthcare": null, "addr_city": null, "osm_id": 9796581385, "osm_type": "nodes" }, "geometry": { "type": "Point", "coordinates": [ 84.8660889, 27.1781864 ] } },
{ "type": "Feature", "properties": { "name": "Gorkha Medical Health Clinic 1 Parsagadhi MP", "amenity": "clinic", "healthcare": null, "addr_city": null, "osm_id": 9796581386, "osm_type": "nodes" }, "geometry": { "type": "Point", "coordinates": [ 84.8655319, 27.1785278 ] } },
{ "type": "Feature", "properties": { "name": "Manoja Health Cilinik 1 Parsagadhi MP", "amenity": "clinic", "healthcare": null, "addr_city": null, "osm_id": 9796581388, "osm_type": "nodes" }, "geometry": { "type": "Point", "coordinates": [ 84.8665695, 27.1776619 ] } },
{ "type": "Feature", "properties": { "name": "Lamariya Basic Health Post", "amenity": "clinic", "healthcare": null, "addr_city": null, "osm_id": 9796615658, "osm_type": "nodes" }, "geometry": { "type": "Point", "coordinates": [ 84.7510071, 27.0990295 ] } },
{ "type": "Feature", "properties": { "name": "Anuradha Medical", "amenity": "pharmacy", "healthcare": null, "addr_city": null, "osm_id": 9796615670, "osm_type": "nodes" }, "geometry": { "type": "Point", "coordinates": [ 84.7619858, 27.0785484 ] } },
{ "type": "Feature", "properties": { "name": "????? ??????? ????", "amenity": "clinic", "healthcare": null, "addr_city": null, "osm_id": 9794509821, "osm_type": "nodes" }, "geometry": { "type": "Point", "coordinates": [ 81.6551361, 28.19734 ] } },
{ "type": "Feature", "properties": { "name": "??????? ????????? ????", "amenity": "clinic", "healthcare": null, "addr_city": null, "osm_id": 9794521211, "osm_type": "nodes" }, "geometry": { "type": "Point", "coordinates": [ 81.6508102, 28.2279148 ] } },
{ "type": "Feature", "properties": { "name": "Sisahaniya Swasthachauki", "amenity": "clinic", "healthcare": null, "addr_city": null, "osm_id": 9789414520, "osm_type": "nodes" }, "geometry": { "type": "Point", "coordinates": [ 84.9791031, 27.0164528 ] } },
{ "type": "Feature", "properties": { "name": "Dhiraj", "amenity": "pharmacy", "healthcare": "pharmacy", "addr_city": null, "osm_id": 4426063367, "osm_type": "nodes" }, "geometry": { "type": "Point", "coordinates": [ 83.0428417, 27.6619346 ] } },
{ "type": "Feature", "properties": { "name": "Adharbhut Swasthaya Kendra", "amenity": "clinic", "healthcare": null, "addr_city": null, "osm_id": 9782386475, "osm_type": "nodes" }, "geometry": { "type": "Point", "coordinates": [ 87.2835617, 26.5646286 ] } },
{ "type": "Feature", "properties": { "name": "?????? ?????? ??????? (????????)", "amenity": "clinic", "healthcare": null, "addr_city": null, "osm_id": 9780836117, "osm_type": "nodes" }, "geometry": { "type": "Point", "coordinates": [ 83.3998184, 27.5663414 ] } },
{ "type": "Feature", "properties": { "name": "chapiya swasthya chauki", "amenity": "clinic", "healthcare": null, "addr_city": null, "osm_id": 9780836125, "osm_type": "nodes" }, "geometry": { "type": "Point", "coordinates": [ 83.3562851, 27.5632057 ] } },
{ "type": "Feature", "properties": { "name": null, "amenity": "pharmacy", "healthcare": null, "addr_city": null, "osm_id": 4831974521, "osm_type": "nodes" }, "geometry": { "type": "Point", "coordinates": [ 85.3133189, 27.7058776 ] } },
{ "type": "Feature", "properties": { "name": "devgawn swast chauki", "amenity": "hospital", "healthcare": null, "addr_city": null, "osm_id": 9796948884, "osm_type": "nodes" }, "geometry": { "type": "Point", "coordinates": [ 83.7043991, 27.5035839 ] } },
{ "type": "Feature", "properties": { "name": "Jaiswal Medical Hall", "amenity": "pharmacy", "healthcare": null, "addr_city": null, "osm_id": 9789414533, "osm_type": "nodes" }, "geometry": { "type": "Point", "coordinates": [ 85.0260925, 27.0012856 ] } },
{ "type": "Feature", "properties": { "name": "Shree Krishna Dental Clinic", "amenity": "dentist", "healthcare": null, "addr_city": null, "osm_id": 9789414534, "osm_type": "nodes" }, "geometry": { "type": "Point", "coordinates": [ 85.0256577, 27.0003452 ] } },
{ "type": "Feature", "properties": { "name": null, "amenity": "hospital", "healthcare": null, "addr_city": null, "osm_id": 4609441089, "osm_type": "nodes" }, "geometry": { "type": "Point", "coordinates": [ 84.8716327, 27.0038274 ] } },
{ "type": "Feature", "properties": { "name": "Trinetra Aakha Aspatal", "amenity": "hospital", "healthcare": null, "addr_city": null, "osm_id": 9801518226, "osm_type": "nodes" }, "geometry": { "type": "Point", "coordinates": [ 85.2765503, 26.7561264 ] } },
{ "type": "Feature", "properties": { "name": "Paterwa Health Post", "amenity": "clinic", "healthcare": null, "addr_city": null, "osm_id": 9796594210, "osm_type": "nodes" }, "geometry": { "type": "Point", "coordinates": [ 85.1610718, 26.9275475 ] } },
{ "type": "Feature", "properties": { "name": "Sukhi Pathara Health Post", "amenity": "clinic", "healthcare": null, "addr_city": null, "osm_id": 9796672112, "osm_type": "nodes" }, "geometry": { "type": "Point", "coordinates": [ 85.1150208, 26.9626026 ] } },
{ "type": "Feature", "properties": { "name": "Spinal Injury Rehabilitation Center", "amenity": "hospital", "healthcare": null, "addr_city": null, "osm_id": 10230034943, "osm_type": "nodes" }, "geometry": { "type": "Point", "coordinates": [ 85.492346, 27.636392 ] } },
{ "type": "Feature", "properties": { "name": "???? ??? ???: ??:", "amenity": "pharmacy", "healthcare": null, "addr_city": null, "osm_id": 9942585218, "osm_type": "nodes" }, "geometry": { "type": "Point", "coordinates": [ 85.3246822, 27.6761944 ] } },
{ "type": "Feature", "properties": { "name": null, "amenity": "clinic", "healthcare": null, "addr_city": null, "osm_id": 5299381321, "osm_type": "nodes" }, "geometry": { "type": "Point", "coordinates": [ 85.3242757, 27.6666507 ] } },
{ "type": "Feature", "properties": { "name": "????? ??????? ????. ??.", "amenity": "hospital", "healthcare": null, "addr_city": null, "osm_id": 4599786089, "osm_type": "nodes" }, "geometry": { "type": "Point", "coordinates": [ 85.3096819, 27.6698644 ] } },
{ "type": "Feature", "properties": { "name": null, "amenity": "pharmacy", "healthcare": null, "addr_city": null, "osm_id": 5000997425, "osm_type": "nodes" }, "geometry": { "type": "Point", "coordinates": [ 85.3243798, 27.6730114 ] } },
{ "type": "Feature", "properties": { "name": "Panchamuni", "amenity": "pharmacy", "healthcare": null, "addr_city": null, "osm_id": 2166403114, "osm_type": "nodes" }, "geometry": { "type": "Point", "coordinates": [ 85.3232492, 27.6736091 ] } },
{ "type": "Feature", "properties": { "name": "Siddhi binayak Polyclinic", "amenity": "clinic", "healthcare": "clinic", "addr_city": null, "osm_id": 9815788237, "osm_type": "nodes" }, "geometry": { "type": "Point", "coordinates": [ 83.3921784, 27.5143266 ] } },
{ "type": "Feature", "properties": { "name": "ramnagar swasath chauki", "amenity": "clinic", "healthcare": null, "addr_city": null, "osm_id": 9791693673, "osm_type": "nodes" }, "geometry": { "type": "Point", "coordinates": [ 82.7772217, 27.5413521 ] } },
{ "type": "Feature", "properties": { "name": "mayadevi polyclinic", "amenity": "clinic", "healthcare": null, "addr_city": null, "osm_id": 9780774928, "osm_type": "nodes" }, "geometry": { "type": "Point", "coordinates": [ 83.3918152, 27.5149021 ] } },
{ "type": "Feature", "properties": { "name": "Siddhi Binayak Polycilnic Pvt. Ltd.", "amenity": "clinic", "healthcare": null, "addr_city": null, "osm_id": 9780774924, "osm_type": "nodes" }, "geometry": { "type": "Point", "coordinates": [ 83.3923187, 27.5146694 ] } },
{ "type": "Feature", "properties": { "name": "Adharbhut Health Post Gundi", "amenity": "clinic", "healthcare": null, "addr_city": null, "osm_id": 9780774923, "osm_type": "nodes" }, "geometry": { "type": "Point", "coordinates": [ 83.3319168, 27.5015259 ] } },
{ "type": "Feature", "properties": { "name": "Bijuwa Health Post", "amenity": "clinic", "healthcare": null, "addr_city": null, "osm_id": 9018658493, "osm_type": "nodes" }, "geometry": { "type": "Point", "coordinates": [ 83.1465992, 27.4787611 ] } },
{ "type": "Feature", "properties": { "name": "Sancho Health Clinic", "amenity": "clinic", "healthcare": null, "addr_city": null, "osm_id": 5416696282, "osm_type": "nodes" }, "geometry": { "type": "Point", "coordinates": [ 81.6209587, 28.0536891 ] } },
{ "type": "Feature", "properties": { "name": "Surajpura Aayurbedic Ausadhalaya", "amenity": "clinic", "healthcare": null, "addr_city": null, "osm_id": 9800552912, "osm_type": "nodes" }, "geometry": { "type": "Point", "coordinates": [ 83.3158824, 27.6223807 ] } },
{ "type": "Feature", "properties": { "name": "Snake Bite Clinic", "amenity": "hospital", "healthcare": "hospital", "addr_city": null, "osm_id": 4636776590, "osm_type": "nodes" }, "geometry": { "type": "Point", "coordinates": [ 83.0443859, 27.662508 ] } },
{ "type": "Feature", "properties": { "name": "Simantaw", "amenity": "pharmacy", "healthcare": "pharmacy", "addr_city": null, "osm_id": 4426063356, "osm_type": "nodes" }, "geometry": { "type": "Point", "coordinates": [ 83.0432976, 27.662032 ] } },
{ "type": "Feature", "properties": { "name": "Gorusinghe Swastha Chowki", "amenity": "hospital", "healthcare": "hospital", "addr_city": null, "osm_id": 5317967821, "osm_type": "nodes" }, "geometry": { "type": "Point", "coordinates": [ 83.0437463, 27.6594394 ] } },
{ "type": "Feature", "properties": { "name": "????? ????? ??????? ???????? ??????", "amenity": "hospital", "healthcare": null, "addr_city": null, "osm_id": 9796829922, "osm_type": "nodes" }, "geometry": { "type": "Point", "coordinates": [ 82.5421143, 28.4778347 ] } },
{ "type": "Feature", "properties": { "name": "Government Hospital", "amenity": "hospital", "healthcare": null, "addr_city": null, "osm_id": 4418393329, "osm_type": "nodes" }, "geometry": { "type": "Point", "coordinates": [ 82.7297233, 28.2462841 ] } },
{ "type": "Feature", "properties": { "name": "Matehiya Swasthya Chauki", "amenity": "clinic", "healthcare": null, "addr_city": null, "osm_id": 9794511752, "osm_type": "nodes" }, "geometry": { "type": "Point", "coordinates": [ 81.7928391, 27.9272556 ] } },
{ "type": "Feature", "properties": { "name": null, "amenity": "hospital", "healthcare": null, "addr_city": null, "osm_id": 7967863285, "osm_type": "nodes" }, "geometry": { "type": "Point", "coordinates": [ 81.616813, 28.0186447 ] } },
{ "type": "Feature", "properties": { "name": "Eye hospital", "amenity": "hospital", "healthcare": null, "addr_city": null, "osm_id": 3125490935, "osm_type": "nodes" }, "geometry": { "type": "Point", "coordinates": [ 81.6285101, 28.055423 ] } },
{ "type": "Feature", "properties": { "name": "Gaughar Clinic", "amenity": "clinic", "healthcare": null, "addr_city": null, "osm_id": 9587849085, "osm_type": "nodes" }, "geometry": { "type": "Point", "coordinates": [ 80.6480066, 28.8538616 ] } },
{ "type": "Feature", "properties": { "name": "Badeha Swasthye Chauki", "amenity": "hospital", "healthcare": null, "addr_city": null, "osm_id": 9587849079, "osm_type": "nodes" }, "geometry": { "type": "Point", "coordinates": [ 80.5936483, 28.7751017 ] } },
{ "type": "Feature", "properties": { "name": "Ayurbed Aushadhalaya", "amenity": null, "healthcare": "hospice", "addr_city": "Dhangahdi Submetropolitan City", "osm_id": 8463781449, "osm_type": "nodes" }, "geometry": { "type": "Point", "coordinates": [ 80.557549, 28.7411706 ] } },
{ "type": "Feature", "properties": { "name": "??????? ??????? ???????", "amenity": "clinic", "healthcare": null, "addr_city": null, "osm_id": 9801764088, "osm_type": "nodes" }, "geometry": { "type": "Point", "coordinates": [ 81.5922273, 29.1330737 ] } },
{ "type": "Feature", "properties": { "name": "Balkumari Maternity Hospital", "amenity": "hospital", "healthcare": null, "addr_city": null, "osm_id": 1979213270, "osm_type": "nodes" }, "geometry": { "type": "Point", "coordinates": [ 84.4096154, 27.6902999 ] } },
{ "type": "Feature", "properties": { "name": null, "amenity": "hospital", "healthcare": "birthing_centre", "addr_city": null, "osm_id": 8310520620, "osm_type": "nodes" }, "geometry": { "type": "Point", "coordinates": [ 80.847749, 29.6536786 ] } },
{ "type": "Feature", "properties": { "name": "Shivaghat Ayurved Hospital", "amenity": null, "healthcare": "doctor,_pharmacy", "addr_city": null, "osm_id": 6097229467, "osm_type": "nodes" }, "geometry": { "type": "Point", "coordinates": [ 84.3770724, 27.6774204 ] } },
{ "type": "Feature", "properties": { "name": "Bahadurpur Khop Clinic", "amenity": "clinic", "healthcare": null, "addr_city": null, "osm_id": 6616032257, "osm_type": "nodes" }, "geometry": { "type": "Point", "coordinates": [ 81.0419945, 28.5001465 ] } },
{ "type": "Feature", "properties": { "name": null, "amenity": "hospital", "healthcare": null, "addr_city": null, "osm_id": 4553842991, "osm_type": "nodes" }, "geometry": { "type": "Point", "coordinates": [ 84.5188366, 27.6225863 ] } },
{ "type": "Feature", "properties": { "name": "Afifa Health Clinic", "amenity": null, "healthcare": "doctor", "addr_city": "Birtamod", "osm_id": 7985343667, "osm_type": "nodes" }, "geometry": { "type": "Point", "coordinates": [ 87.9720465, 26.6399825 ] } },
{ "type": "Feature", "properties": { "name": "????????? ????????? ????", "amenity": "clinic", "healthcare": null, "addr_city": null, "osm_id": 9800566220, "osm_type": "nodes" }, "geometry": { "type": "Point", "coordinates": [ 83.3200557, 27.5903429 ] } },
{ "type": "Feature", "properties": { "name": null, "amenity": "pharmacy", "healthcare": null, "addr_city": null, "osm_id": 4831986123, "osm_type": "nodes" }, "geometry": { "type": "Point", "coordinates": [ 85.3131854, 27.7058916 ] } },
{ "type": "Feature", "properties": { "name": "Amahi Belha Health Post", "amenity": "clinic", "healthcare": null, "addr_city": null, "osm_id": 9782463846, "osm_type": "nodes" }, "geometry": { "type": "Point", "coordinates": [ 87.1896439, 26.4570866 ] } },
{ "type": "Feature", "properties": { "name": null, "amenity": "hospital", "healthcare": null, "addr_city": null, "osm_id": 5119093823, "osm_type": "nodes" }, "geometry": { "type": "Point", "coordinates": [ 86.2827832, 26.6938469 ] } },
{ "type": "Feature", "properties": { "name": "SP Medical Krishana Chowk", "amenity": "pharmacy", "healthcare": null, "addr_city": null, "osm_id": 9648097709, "osm_type": "nodes" }, "geometry": { "type": "Point", "coordinates": [ 85.9852508, 26.7818982 ] } },
{ "type": "Feature", "properties": { "name": "Indrawati Dental Clinic", "amenity": "dentist", "healthcare": null, "addr_city": null, "osm_id": 9772752842, "osm_type": "nodes" }, "geometry": { "type": "Point", "coordinates": [ 85.5762773, 27.829607 ] } },
{ "type": "Feature", "properties": { "name": "Bahunepati  health Centre", "amenity": "clinic", "healthcare": "clinic", "addr_city": null, "osm_id": 9772752837, "osm_type": "nodes" }, "geometry": { "type": "Point", "coordinates": [ 85.5703327, 27.7889332 ] } },
{ "type": "Feature", "properties": { "name": "Mahottari Swastha Chauki", "amenity": "clinic", "healthcare": null, "addr_city": null, "osm_id": 9791970429, "osm_type": "nodes" }, "geometry": { "type": "Point", "coordinates": [ 85.8097153, 26.6883774 ] } },
{ "type": "Feature", "properties": { "name": "Mahottari Health Post", "amenity": "clinic", "healthcare": null, "addr_city": null, "osm_id": 9791970430, "osm_type": "nodes" }, "geometry": { "type": "Point", "coordinates": [ 85.8305893, 26.6952019 ] } },
{ "type": "Feature", "properties": { "name": null, "amenity": "dentist", "healthcare": null, "addr_city": null, "osm_id": 8398735317, "osm_type": "nodes" }, "geometry": { "type": "Point", "coordinates": [ 88.1548036, 26.6469104 ] } },
{ "type": "Feature", "properties": { "name": "Sadikshya Medical Hall", "amenity": "pharmacy", "healthcare": null, "addr_city": null, "osm_id": 9899593601, "osm_type": "nodes" }, "geometry": { "type": "Point", "coordinates": [ 85.3096633, 27.6698439 ] } },
{ "type": "Feature", "properties": { "name": "subekcha medical hall", "amenity": "pharmacy", "healthcare": null, "addr_city": null, "osm_id": 2802861133, "osm_type": "nodes" }, "geometry": { "type": "Point", "coordinates": [ 86.7447909, 26.5412278 ] } },
{ "type": "Feature", "properties": { "name": "Mani Medical Hall", "amenity": "pharmacy", "healthcare": null, "addr_city": null, "osm_id": 2802931884, "osm_type": "nodes" }, "geometry": { "type": "Point", "coordinates": [ 86.7497484, 26.5439382 ] } },
{ "type": "Feature", "properties": { "name": null, "amenity": "doctors", "healthcare": null, "addr_city": null, "osm_id": 5580751221, "osm_type": "nodes" }, "geometry": { "type": "Point", "coordinates": [ 85.9225346, 26.7320328 ] } },
{ "type": "Feature", "properties": { "name": "Basic Health Care Center Ward 1", "amenity": "clinic", "healthcare": null, "addr_city": null, "osm_id": 9773977114, "osm_type": "nodes" }, "geometry": { "type": "Point", "coordinates": [ 85.9345584, 26.7360371 ] } },
{ "type": "Feature", "properties": { "name": "Anjay Medical Hall", "amenity": "pharmacy", "healthcare": null, "addr_city": null, "osm_id": 9766862010, "osm_type": "nodes" }, "geometry": { "type": "Point", "coordinates": [ 86.172692, 26.8320581 ] } },
{ "type": "Feature", "properties": { "name": "Swastha Chauki, Bhediyahi", "amenity": "clinic", "healthcare": null, "addr_city": null, "osm_id": 9801446115, "osm_type": "nodes" }, "geometry": { "type": "Point", "coordinates": [ 85.2922928, 26.8566184 ] } },
{ "type": "Feature", "properties": { "name": "Janseba Emrjensi Hospital", "amenity": "hospital", "healthcare": null, "addr_city": null, "osm_id": 9801450925, "osm_type": "nodes" }, "geometry": { "type": "Point", "coordinates": [ 85.3210373, 26.9679432 ] } },
{ "type": "Feature", "properties": { "name": "Health Post Kurtha", "amenity": "clinic", "healthcare": null, "addr_city": null, "osm_id": 9773977096, "osm_type": "nodes" }, "geometry": { "type": "Point", "coordinates": [ 85.8956392, 26.7578009 ] } },
{ "type": "Feature", "properties": { "name": "Jagdish Ramrati Hospital Private Limited", "amenity": "hospital", "healthcare": null, "addr_city": null, "osm_id": 9773977095, "osm_type": "nodes" }, "geometry": { "type": "Point", "coordinates": [ 85.8963134, 26.7576707 ] } },
{ "type": "Feature", "properties": { "name": null, "amenity": "clinic", "healthcare": null, "addr_city": null, "osm_id": 5870734285, "osm_type": "nodes" }, "geometry": { "type": "Point", "coordinates": [ 85.9545692, 26.7242922 ] } },
{ "type": "Feature", "properties": { "name": "Subhakamna Shri Polyclinic and Diagnosis Center Pvt. Ltd", "amenity": "clinic", "healthcare": null, "addr_city": null, "osm_id": 9768410790, "osm_type": "nodes" }, "geometry": { "type": "Point", "coordinates": [ 86.9383264, 26.7319425 ] } },
{ "type": "Feature", "properties": { "name": "Aadharbhut Swastha Sewa Kendra", "amenity": "clinic", "healthcare": null, "addr_city": null, "osm_id": 9768415881, "osm_type": "nodes" }, "geometry": { "type": "Point", "coordinates": [ 86.8266158, 26.5130356 ] } },
{ "type": "Feature", "properties": { "name": "Lahan Swastha Chauki, Ward No.10", "amenity": "clinic", "healthcare": null, "addr_city": null, "osm_id": 9801332776, "osm_type": "nodes" }, "geometry": { "type": "Point", "coordinates": [ 86.4827881, 26.7301197 ] } },
{ "type": "Feature", "properties": { "name": "Swastha Chauki Raghunathpur", "amenity": "clinic", "healthcare": null, "addr_city": null, "osm_id": 9801450922, "osm_type": "nodes" }, "geometry": { "type": "Point", "coordinates": [ 85.3387833, 26.9840508 ] } },
{ "type": "Feature", "properties": { "name": "Kaushaki Yaurbedik Hall", "amenity": "pharmacy", "healthcare": null, "addr_city": null, "osm_id": 9648097712, "osm_type": "nodes" }, "geometry": { "type": "Point", "coordinates": [ 86.0226688, 26.7803066 ] } },
{ "type": "Feature", "properties": { "name": null, "amenity": "hospital", "healthcare": null, "addr_city": null, "osm_id": 5617589821, "osm_type": "nodes" }, "geometry": { "type": "Point", "coordinates": [ 86.2208184, 26.6355752 ] } },
{ "type": "Feature", "properties": { "name": null, "amenity": "pharmacy", "healthcare": null, "addr_city": null, "osm_id": 4817529721, "osm_type": "nodes" }, "geometry": { "type": "Point", "coordinates": [ 86.3703471, 26.9629304 ] } },
{ "type": "Feature", "properties": { "name": "Bharmapur Health Post Bharmarpura", "amenity": "clinic", "healthcare": null, "addr_city": null, "osm_id": 9791970432, "osm_type": "nodes" }, "geometry": { "type": "Point", "coordinates": [ 85.8522415, 26.7269955 ] } },
{ "type": "Feature", "properties": { "name": null, "amenity": "hospital", "healthcare": null, "addr_city": null, "osm_id": 5889746785, "osm_type": "nodes" }, "geometry": { "type": "Point", "coordinates": [ 86.1253693, 26.6787936 ] } },
{ "type": "Feature", "properties": { "name": null, "amenity": "hospital", "healthcare": null, "addr_city": null, "osm_id": 5528225121, "osm_type": "nodes" }, "geometry": { "type": "Point", "coordinates": [ 86.2205761, 26.6353152 ] } },
{ "type": "Feature", "properties": { "name": "Primary Heath Care Center Rampur", "amenity": "clinic", "healthcare": null, "addr_city": null, "osm_id": 9773977076, "osm_type": "nodes" }, "geometry": { "type": "Point", "coordinates": [ 85.9363109, 26.7025123 ] } },
{ "type": "Feature", "properties": { "name": "Twins Polyclinic", "amenity": "clinic", "healthcare": null, "addr_city": null, "osm_id": 9801310498, "osm_type": "nodes" }, "geometry": { "type": "Point", "coordinates": [ 86.4015419, 26.7527504 ] } },
{ "type": "Feature", "properties": { "name": "??????? ??????????? ????.??.", "amenity": "clinic", "healthcare": null, "addr_city": null, "osm_id": 9801310499, "osm_type": "nodes" }, "geometry": { "type": "Point", "coordinates": [ 86.4031069, 26.7522393 ] } },
{ "type": "Feature", "properties": { "name": "Basic Health Care Center Ward 11", "amenity": "clinic", "healthcare": null, "addr_city": null, "osm_id": 9773977113, "osm_type": "nodes" }, "geometry": { "type": "Point", "coordinates": [ 85.9288365, 26.7345246 ] } },
{ "type": "Feature", "properties": { "name": "Swastika Healthcare Hospital Pvt. Ltd.", "amenity": "hospital", "healthcare": null, "addr_city": null, "osm_id": 9773977071, "osm_type": "nodes" }, "geometry": { "type": "Point", "coordinates": [ 85.9154121, 26.7253657 ] } },
{ "type": "Feature", "properties": { "name": "Naina Hospital Private Limited", "amenity": "hospital", "healthcare": null, "addr_city": null, "osm_id": 9773977078, "osm_type": "nodes" }, "geometry": { "type": "Point", "coordinates": [ 85.9187907, 26.7383714 ] } },
{ "type": "Feature", "properties": { "name": "Rosani Medical", "amenity": "pharmacy", "healthcare": null, "addr_city": null, "osm_id": 9648097693, "osm_type": "nodes" }, "geometry": { "type": "Point", "coordinates": [ 85.9834882, 26.7778835 ] } },
{ "type": "Feature", "properties": { "name": "Swasthyachauki Badgama", "amenity": "clinic", "healthcare": null, "addr_city": null, "osm_id": 9765893847, "osm_type": "nodes" }, "geometry": { "type": "Point", "coordinates": [ 86.9027154, 26.6210089 ] } },
{ "type": "Feature", "properties": { "name": "R.K children's hospital", "amenity": "hospital", "healthcare": null, "addr_city": "biratnagar", "osm_id": 3485939891, "osm_type": "nodes" }, "geometry": { "type": "Point", "coordinates": [ 87.2908758, 26.4590078 ] } },
{ "type": "Feature", "properties": { "name": "BNB Ortho Truma Pvt. Ltd.", "amenity": "hospital", "healthcare": null, "addr_city": null, "osm_id": 9801332770, "osm_type": "nodes" }, "geometry": { "type": "Point", "coordinates": [ 86.4847946, 26.7113323 ] } },
{ "type": "Feature", "properties": { "name": null, "amenity": "hospital", "healthcare": null, "addr_city": null, "osm_id": 5977423385, "osm_type": "nodes" }, "geometry": { "type": "Point", "coordinates": [ 86.7696444, 26.4804953 ] } },
{ "type": "Feature", "properties": { "name": "Duhabi Polyclinic", "amenity": "clinic", "healthcare": null, "addr_city": null, "osm_id": 9782386477, "osm_type": "nodes" }, "geometry": { "type": "Point", "coordinates": [ 87.2700195, 26.5716324 ] } },
{ "type": "Feature", "properties": { "name": null, "amenity": "hospital", "healthcare": null, "addr_city": null, "osm_id": 4581979389, "osm_type": "nodes" }, "geometry": { "type": "Point", "coordinates": [ 87.6038438, 26.6654297 ] } },
{ "type": "Feature", "properties": { "name": "saterjhora", "amenity": "doctors", "healthcare": null, "addr_city": null, "osm_id": 4726356489, "osm_type": "nodes" }, "geometry": { "type": "Point", "coordinates": [ 87.174304, 26.5530018 ] } },
{ "type": "Feature", "properties": { "name": "Health post Gobargadha", "amenity": "clinic", "healthcare": null, "addr_city": null, "osm_id": 9764482082, "osm_type": "nodes" }, "geometry": { "type": "Point", "coordinates": [ 86.8583142, 26.507698 ] } },
{ "type": "Feature", "properties": { "name": "Nirvana", "amenity": "clinic", "healthcare": null, "addr_city": null, "osm_id": 2684762108, "osm_type": "nodes" }, "geometry": { "type": "Point", "coordinates": [ 85.3117033, 27.6710328 ] } },
{ "type": "Feature", "properties": { "name": null, "amenity": "hospital", "healthcare": null, "addr_city": null, "osm_id": 5248370825, "osm_type": "nodes" }, "geometry": { "type": "Point", "coordinates": [ 87.2772846, 26.6620578 ] } },
{ "type": "Feature", "properties": { "name": null, "amenity": "clinic", "healthcare": "clinic", "addr_city": null, "osm_id": 6094199685, "osm_type": "nodes" }, "geometry": { "type": "Point", "coordinates": [ 84.5639754, 27.9697183 ] } },
{ "type": "Feature", "properties": { "name": "??????? ???", "amenity": "hospital", "healthcare": "hospital", "addr_city": null, "osm_id": 8401828236, "osm_type": "nodes" }, "geometry": { "type": "Point", "coordinates": [ 85.3187788, 27.6894511 ] } },
{ "type": "Feature", "properties": { "name": "Vivanta Zahnklinik", "amenity": "clinic", "healthcare": null, "addr_city": null, "osm_id": 3176889146, "osm_type": "nodes" }, "geometry": { "type": "Point", "coordinates": [ 85.3301507, 27.7092353 ] } },
{ "type": "Feature", "properties": { "name": null, "amenity": "hospital", "healthcare": null, "addr_city": null, "osm_id": 8519700217, "osm_type": "nodes" }, "geometry": { "type": "Point", "coordinates": [ 85.8296282, 27.7540758 ] } },
{ "type": "Feature", "properties": { "name": null, "amenity": "pharmacy", "healthcare": null, "addr_city": null, "osm_id": 4831974522, "osm_type": "nodes" }, "geometry": { "type": "Point", "coordinates": [ 85.3133625, 27.7058725 ] } },
{ "type": "Feature", "properties": { "name": null, "amenity": "pharmacy", "healthcare": null, "addr_city": null, "osm_id": 4831978321, "osm_type": "nodes" }, "geometry": { "type": "Point", "coordinates": [ 85.3134511, 27.7058551 ] } },
{ "type": "Feature", "properties": { "name": null, "amenity": "dentist", "healthcare": null, "addr_city": null, "osm_id": 4367674790, "osm_type": "nodes" }, "geometry": { "type": "Point", "coordinates": [ 85.1404348, 27.9218403 ] } },
{ "type": "Feature", "properties": { "name": "Swasthya Chauki Theliya", "amenity": "clinic", "healthcare": null, "addr_city": null, "osm_id": 9765893846, "osm_type": "nodes" }, "geometry": { "type": "Point", "coordinates": [ 86.8602254, 26.6304457 ] } },
{ "type": "Feature", "properties": { "name": "Ma Bhawani Hospital", "amenity": "hospital", "healthcare": null, "addr_city": null, "osm_id": 9765900557, "osm_type": "nodes" }, "geometry": { "type": "Point", "coordinates": [ 86.2080539, 26.7621514 ] } },
{ "type": "Feature", "properties": { "name": "Health Post Ward 3", "amenity": "clinic", "healthcare": null, "addr_city": null, "osm_id": 9765900560, "osm_type": "nodes" }, "geometry": { "type": "Point", "coordinates": [ 86.1888116, 26.7450692 ] } },
{ "type": "Feature", "properties": { "name": "Courier Swsthy Chauki Pipariya Vijaynagar-05", "amenity": "clinic", "healthcare": null, "addr_city": null, "osm_id": 9791693694, "osm_type": "nodes" }, "geometry": { "type": "Point", "coordinates": [ 82.7750168, 27.6053352 ] } },
{ "type": "Feature", "properties": { "name": "???? ????????????", "amenity": "clinic", "healthcare": null, "addr_city": null, "osm_id": 9794575449, "osm_type": "nodes" }, "geometry": { "type": "Point", "coordinates": [ 81.6170538, 28.0186808 ] } },
{ "type": "Feature", "properties": { "name": "?????? ??????? ????", "amenity": "clinic", "healthcare": null, "addr_city": null, "osm_id": 9794500315, "osm_type": "nodes" }, "geometry": { "type": "Point", "coordinates": [ 81.5729141, 28.0606427 ] } },
{ "type": "Feature", "properties": { "name": "??????? ????????? ??????? ????", "amenity": "hospital", "healthcare": null, "addr_city": null, "osm_id": 9796880501, "osm_type": "nodes" }, "geometry": { "type": "Point", "coordinates": [ 82.8155441, 27.8815708 ] } },
{ "type": "Feature", "properties": { "name": "Pipra Health Post", "amenity": "clinic", "healthcare": null, "addr_city": null, "osm_id": 9018658633, "osm_type": "nodes" }, "geometry": { "type": "Point", "coordinates": [ 83.1153274, 27.462938 ] } },
{ "type": "Feature", "properties": { "name": "Baluhawa Health Post", "amenity": "clinic", "healthcare": null, "addr_city": null, "osm_id": 9018618629, "osm_type": "nodes" }, "geometry": { "type": "Point", "coordinates": [ 83.1053026, 27.4806374 ] } },
{ "type": "Feature", "properties": { "name": "?????? ????????? ??????? ??????", "amenity": "clinic", "healthcare": null, "addr_city": null, "osm_id": 9791693678, "osm_type": "nodes" }, "geometry": { "type": "Point", "coordinates": [ 83.0954895, 27.5335808 ] } },
{ "type": "Feature", "properties": { "name": "Masina Health Post", "amenity": "clinic", "healthcare": null, "addr_city": null, "osm_id": 9800548262, "osm_type": "nodes" }, "geometry": { "type": "Point", "coordinates": [ 83.2438583, 27.5131767 ] } },
{ "type": "Feature", "properties": { "name": "Saine Eunic Medical Hall", "amenity": "pharmacy", "healthcare": null, "addr_city": null, "osm_id": 5371839801, "osm_type": "nodes" }, "geometry": { "type": "Point", "coordinates": [ 81.6574462, 28.0631002 ] } },
{ "type": "Feature", "properties": { "name": "???????? ????????? ????", "amenity": "clinic", "healthcare": null, "addr_city": null, "osm_id": 9794472475, "osm_type": "nodes" }, "geometry": { "type": "Point", "coordinates": [ 81.763504, 28.0139942 ] } },
{ "type": "Feature", "properties": { "name": "??????? ????????? ????", "amenity": "hospital", "healthcare": null, "addr_city": null, "osm_id": 8221340763, "osm_type": "nodes" }, "geometry": { "type": "Point", "coordinates": [ 82.267127, 28.0987889 ] } },
{ "type": "Feature", "properties": { "name": null, "amenity": "pharmacy", "healthcare": null, "addr_city": null, "osm_id": 4831986121, "osm_type": "nodes" }, "geometry": { "type": "Point", "coordinates": [ 85.3138258, 27.7057842 ] } },
{ "type": "Feature", "properties": { "name": null, "amenity": "pharmacy", "healthcare": null, "addr_city": null, "osm_id": 4831970522, "osm_type": "nodes" }, "geometry": { "type": "Point", "coordinates": [ 85.3134131, 27.7058644 ] } },
{ "type": "Feature", "properties": { "name": "Roshni Medical Pharma", "amenity": "pharmacy", "healthcare": null, "addr_city": null, "osm_id": 9969478201, "osm_type": "nodes" }, "geometry": { "type": "Point", "coordinates": [ 85.3173172, 27.7059214 ] } },
{ "type": "Feature", "properties": { "name": "Bahirang Treatment Center", "amenity": "clinic", "healthcare": null, "addr_city": null, "osm_id": 9800535088, "osm_type": "nodes" }, "geometry": { "type": "Point", "coordinates": [ 85.5606689, 26.9792938 ] } },
{ "type": "Feature", "properties": { "name": "Bhaktapur Hospital Emergency Block", "amenity": "hospital", "healthcare": "hospital", "addr_city": null, "osm_id": 4225138790, "osm_type": "nodes" }, "geometry": { "type": "Point", "coordinates": [ 85.4220862, 27.6720774 ] } },
{ "type": "Feature", "properties": { "name": "Jiwanta Swasthya Sewa Sadan", "amenity": "pharmacy", "healthcare": "pharmacy", "addr_city": null, "osm_id": 11933723178, "osm_type": "nodes" }, "geometry": { "type": "Point", "coordinates": [ 85.4246133, 27.6714021 ] } },
{ "type": "Feature", "properties": { "name": "Santada Hospital", "amenity": "hospital", "healthcare": null, "addr_city": null, "osm_id": 10857201191, "osm_type": "nodes" }, "geometry": { "type": "Point", "coordinates": [ 81.8506511, 28.7900845 ] } },
{ "type": "Feature", "properties": { "name": null, "amenity": "pharmacy", "healthcare": null, "addr_city": null, "osm_id": 4831986122, "osm_type": "nodes" }, "geometry": { "type": "Point", "coordinates": [ 85.3132276, 27.7058778 ] } },
{ "type": "Feature", "properties": { "name": "Malahi Health Post", "amenity": "clinic", "healthcare": null, "addr_city": null, "osm_id": 9801450932, "osm_type": "nodes" }, "geometry": { "type": "Point", "coordinates": [ 85.3411255, 26.9444714 ] } },
{ "type": "Feature", "properties": { "name": null, "amenity": "pharmacy", "healthcare": null, "addr_city": null, "osm_id": 4994178983, "osm_type": "nodes" }, "geometry": { "type": "Point", "coordinates": [ 85.3230358, 27.6737414 ] } },
{ "type": "Feature", "properties": { "name": "Ma Baoudhi Hospital Private Limited", "amenity": "hospital", "healthcare": null, "addr_city": null, "osm_id": 9773977083, "osm_type": "nodes" }, "geometry": { "type": "Point", "coordinates": [ 85.9092256, 26.7377381 ] } },
{ "type": "Feature", "properties": { "name": "?????? ??????", "amenity": "clinic", "healthcare": null, "addr_city": null, "osm_id": 9250719794, "osm_type": "nodes" }, "geometry": { "type": "Point", "coordinates": [ 82.1217533, 28.1351304 ] } },
{ "type": "Feature", "properties": { "name": null, "amenity": "clinic", "healthcare": null, "addr_city": null, "osm_id": 6758748388, "osm_type": "nodes" }, "geometry": { "type": "Point", "coordinates": [ 84.6448245, 27.6008439 ] } },
{ "type": "Feature", "properties": { "name": null, "amenity": "clinic", "healthcare": null, "addr_city": null, "osm_id": 6758748390, "osm_type": "nodes" }, "geometry": { "type": "Point", "coordinates": [ 84.5155139, 27.6220515 ] } },
{ "type": "Feature", "properties": { "name": "Swastha Chauki, Ganjauwaha", "amenity": "hospital", "healthcare": "doctor", "addr_city": "Bhajani Municipality", "osm_id": 6615775603, "osm_type": "nodes" }, "geometry": { "type": "Point", "coordinates": [ 80.9214225, 28.5474018 ] } },
{ "type": "Feature", "properties": { "name": "We Care", "amenity": "clinic", "healthcare": null, "addr_city": null, "osm_id": 9450088724, "osm_type": "nodes" }, "geometry": { "type": "Point", "coordinates": [ 85.330137, 27.7122199 ] } },
{ "type": "Feature", "properties": { "name": "Phultekra Barracks Army Hospital", "amenity": "hospital", "healthcare": null, "addr_city": null, "osm_id": 5484998808, "osm_type": "nodes" }, "geometry": { "type": "Point", "coordinates": [ 81.6460474, 28.0599708 ] } },
{ "type": "Feature", "properties": { "name": "RB Diagnostic Center", "amenity": null, "healthcare": "laboratory", "addr_city": null, "osm_id": 9450092918, "osm_type": "nodes" }, "geometry": { "type": "Point", "coordinates": [ 85.3306582, 27.7087637 ] } },
{ "type": "Feature", "properties": { "name": "?????? ????????", "amenity": "pharmacy", "healthcare": "pharmacy", "addr_city": "?????? ?????????? ???", "osm_id": 9288101621, "osm_type": "nodes" }, "geometry": { "type": "Point", "coordinates": [ 82.7589218, 27.841231 ] } },
{ "type": "Feature", "properties": { "name": "Smile Dental Clinic", "amenity": "dentist", "healthcare": "dentist", "addr_city": "?????? ?????????? ???", "osm_id": 9288081803, "osm_type": "nodes" }, "geometry": { "type": "Point", "coordinates": [ 82.758904, 27.8412445 ] } },
{ "type": "Feature", "properties": { "name": "Taulihawa Eye Hospital", "amenity": "clinic", "healthcare": "clinic", "addr_city": null, "osm_id": 9791693680, "osm_type": "nodes" }, "geometry": { "type": "Point", "coordinates": [ 83.0546646, 27.5536118 ] } },
{ "type": "Feature", "properties": { "name": "????????? ????????", "amenity": null, "healthcare": "yes", "addr_city": "?????? ?????????? ???", "osm_id": 9289303466, "osm_type": "nodes" }, "geometry": { "type": "Point", "coordinates": [ 82.6321772, 27.8510965 ] } },
{ "type": "Feature", "properties": { "name": "???????? ????????? ????", "amenity": null, "healthcare": "yes", "addr_city": "?????? ?????????? ???", "osm_id": 9288422119, "osm_type": "nodes" }, "geometry": { "type": "Point", "coordinates": [ 82.7176892, 27.8256345 ] } },
{ "type": "Feature", "properties": { "name": "Health Post Ward 8", "amenity": "clinic", "healthcare": null, "addr_city": null, "osm_id": 9765900561, "osm_type": "nodes" }, "geometry": { "type": "Point", "coordinates": [ 86.2036528, 26.7887095 ] } },
{ "type": "Feature", "properties": { "name": null, "amenity": "pharmacy", "healthcare": null, "addr_city": null, "osm_id": 8837295923, "osm_type": "nodes" }, "geometry": { "type": "Point", "coordinates": [ 85.8535002, 26.8006611 ] } },
{ "type": "Feature", "properties": { "name": null, "amenity": "doctors", "healthcare": "doctor", "addr_city": null, "osm_id": 7293762585, "osm_type": "nodes" }, "geometry": { "type": "Point", "coordinates": [ 85.753949, 26.9101968 ] } },
{ "type": "Feature", "properties": { "name": "Dhan Laxmi Mdecal Hal", "amenity": "clinic", "healthcare": "clinic", "addr_city": null, "osm_id": 8709086225, "osm_type": "nodes" }, "geometry": { "type": "Point", "coordinates": [ 86.194806, 26.6569589 ] } },
{ "type": "Feature", "properties": { "name": null, "amenity": "clinic", "healthcare": null, "addr_city": null, "osm_id": 8719151117, "osm_type": "nodes" }, "geometry": { "type": "Point", "coordinates": [ 85.1685284, 27.9671603 ] } },
{ "type": "Feature", "properties": { "name": "Bahada Nawtoli BHCC", "amenity": "clinic", "healthcare": null, "addr_city": null, "osm_id": 11993194300, "osm_type": "nodes" }, "geometry": { "type": "Point", "coordinates": [ 85.8919689, 26.6166587 ] } },
{ "type": "Feature", "properties": { "name": "Betauna BHCC", "amenity": "clinic", "healthcare": null, "addr_city": null, "osm_id": 11992062933, "osm_type": "nodes" }, "geometry": { "type": "Point", "coordinates": [ 86.3061637, 26.7505157 ] } },
{ "type": "Feature", "properties": { "name": "Malaniya Health Care Center", "amenity": "clinic", "healthcare": null, "addr_city": null, "osm_id": 11991748422, "osm_type": "nodes" }, "geometry": { "type": "Point", "coordinates": [ 86.2134773, 26.8305165 ] } },
{ "type": "Feature", "properties": { "name": "Damauliya Khop Kendra", "amenity": null, "healthcare": "hospice", "addr_city": "Dhangahdi Submetropolitan Cit", "osm_id": 8464290324, "osm_type": "nodes" }, "geometry": { "type": "Point", "coordinates": [ 80.6895451, 28.7594714 ] } },
{ "type": "Feature", "properties": { "name": "Health Post at Katrait", "amenity": "hospital", "healthcare": null, "addr_city": null, "osm_id": 8473601195, "osm_type": "nodes" }, "geometry": { "type": "Point", "coordinates": [ 85.9728129, 26.7535553 ] } },
{ "type": "Feature", "properties": { "name": "Yadav Medical Hall", "amenity": "pharmacy", "healthcare": null, "addr_city": null, "osm_id": 11969297403, "osm_type": "nodes" }, "geometry": { "type": "Point", "coordinates": [ 86.2106757, 26.6590959 ] } },
{ "type": "Feature", "properties": { "name": "Janasewa Dental Clinic", "amenity": "dentist", "healthcare": null, "addr_city": null, "osm_id": 11969315159, "osm_type": "nodes" }, "geometry": { "type": "Point", "coordinates": [ 86.2103552, 26.6593631 ] } },
{ "type": "Feature", "properties": { "name": "Bindeshwori Pharmacy", "amenity": "pharmacy", "healthcare": null, "addr_city": null, "osm_id": 11969374699, "osm_type": "nodes" }, "geometry": { "type": "Point", "coordinates": [ 86.2177661, 26.6594578 ] } },
{ "type": "Feature", "properties": { "name": "Bethesba Pharmacy", "amenity": "pharmacy", "healthcare": null, "addr_city": null, "osm_id": 2684763110, "osm_type": "nodes" }, "geometry": { "type": "Point", "coordinates": [ 85.3116944, 27.6709998 ] } },
{ "type": "Feature", "properties": { "name": "Sambhu Medical Hall", "amenity": "pharmacy", "healthcare": null, "addr_city": null, "osm_id": 11969331678, "osm_type": "nodes" }, "geometry": { "type": "Point", "coordinates": [ 86.2099837, 26.6585937 ] } },
{ "type": "Feature", "properties": { "name": "Sathi Medical Hall", "amenity": "pharmacy", "healthcare": null, "addr_city": null, "osm_id": 11969326942, "osm_type": "nodes" }, "geometry": { "type": "Point", "coordinates": [ 86.2101325, 26.6589341 ] } },
{ "type": "Feature", "properties": { "name": "Shree H.P. Polyclinic", "amenity": "clinic", "healthcare": null, "addr_city": null, "osm_id": 11969329315, "osm_type": "nodes" }, "geometry": { "type": "Point", "coordinates": [ 86.2104537, 26.6617128 ] } },
{ "type": "Feature", "properties": { "name": "Basic Health Service Center, Gulariya", "amenity": "clinic", "healthcare": null, "addr_city": null, "osm_id": 11969401224, "osm_type": "nodes" }, "geometry": { "type": "Point", "coordinates": [ 86.2278378, 26.6751731 ] } },
{ "type": "Feature", "properties": { "name": "Basic Health Service Center, Siraha", "amenity": "clinic", "healthcare": null, "addr_city": null, "osm_id": 11969322760, "osm_type": "nodes" }, "geometry": { "type": "Point", "coordinates": [ 86.20682, 26.6485351 ] } },
{ "type": "Feature", "properties": { "name": "Aniket Medical Hall", "amenity": "pharmacy", "healthcare": null, "addr_city": null, "osm_id": 11969351233, "osm_type": "nodes" }, "geometry": { "type": "Point", "coordinates": [ 86.2100333, 26.658662 ] } },
{ "type": "Feature", "properties": { "name": "Manish Medicine Center", "amenity": "pharmacy", "healthcare": null, "addr_city": null, "osm_id": 11969390428, "osm_type": "nodes" }, "geometry": { "type": "Point", "coordinates": [ 86.2171572, 26.6596268 ] } },
{ "type": "Feature", "properties": { "name": "Lagma Basic Health Care Center", "amenity": "clinic", "healthcare": null, "addr_city": null, "osm_id": 11971410881, "osm_type": "nodes" }, "geometry": { "type": "Point", "coordinates": [ 86.1429539, 26.6748184 ] } },
{ "type": "Feature", "properties": { "name": "Dubarkot Hathaletwa Health Service Center", "amenity": "clinic", "healthcare": null, "addr_city": null, "osm_id": 11971415265, "osm_type": "nodes" }, "geometry": { "type": "Point", "coordinates": [ 86.1516255, 26.6988647 ] } },
{ "type": "Feature", "properties": { "name": "Harine Health Service Center", "amenity": "clinic", "healthcare": null, "addr_city": null, "osm_id": 11971423064, "osm_type": "nodes" }, "geometry": { "type": "Point", "coordinates": [ 86.1442521, 26.7312524 ] } },
{ "type": "Feature", "properties": { "name": null, "amenity": "dentist", "healthcare": null, "addr_city": null, "osm_id": 11348633769, "osm_type": "nodes" }, "geometry": { "type": "Point", "coordinates": [ 83.7619667, 27.9844977 ] } },
{ "type": "Feature", "properties": { "name": "Advanced Ortho-Dental Clinic", "amenity": "dentist", "healthcare": "dentist", "addr_city": null, "osm_id": 2082046848, "osm_type": "nodes" }, "geometry": { "type": "Point", "coordinates": [ 85.328456, 27.7119569 ] } },
{ "type": "Feature", "properties": { "name": "Namrata Medical Hall", "amenity": "pharmacy", "healthcare": "pharmacy", "addr_city": null, "osm_id": 3506580661, "osm_type": "nodes" }, "geometry": { "type": "Point", "coordinates": [ 85.3280299, 27.7104644 ] } },
{ "type": "Feature", "properties": { "name": "Mukhiyapatti Samudayik Swasthe Kendra", "amenity": "clinic", "healthcare": null, "addr_city": null, "osm_id": 11993175821, "osm_type": "nodes" }, "geometry": { "type": "Point", "coordinates": [ 85.8806768, 26.5877116 ] } },
{ "type": "Feature", "properties": { "name": "Musarniya BHCC", "amenity": "clinic", "healthcare": null, "addr_city": null, "osm_id": 11991596206, "osm_type": "nodes" }, "geometry": { "type": "Point", "coordinates": [ 86.7104477, 26.5205009 ] } },
{ "type": "Feature", "properties": { "name": "Gobinpur BHCC", "amenity": "clinic", "healthcare": null, "addr_city": null, "osm_id": 11993115458, "osm_type": "nodes" }, "geometry": { "type": "Point", "coordinates": [ 86.0877407, 26.7911709 ] } },
{ "type": "Feature", "properties": { "name": "Badiya BHCC", "amenity": "clinic", "healthcare": null, "addr_city": null, "osm_id": 11993406368, "osm_type": "nodes" }, "geometry": { "type": "Point", "coordinates": [ 85.8182457, 26.7324214 ] } },
{ "type": "Feature", "properties": { "name": "?????? ??????????????? ????????? ????????? ???????", "amenity": "hospital", "healthcare": null, "addr_city": null, "osm_id": 6578542186, "osm_type": "nodes" }, "geometry": { "type": "Point", "coordinates": [ 85.3200625, 27.6893068 ] } },
{ "type": "Feature", "properties": { "name": "???? ???????", "amenity": "hospital", "healthcare": null, "addr_city": null, "osm_id": 3446075301, "osm_type": "nodes" }, "geometry": { "type": "Point", "coordinates": [ 84.807784, 27.541439 ] } },
{ "type": "Feature", "properties": { "name": "???? ????????????????? ??????? ? ????????? ???????", "amenity": "hospital", "healthcare": null, "addr_city": null, "osm_id": 9914381748, "osm_type": "nodes" }, "geometry": { "type": "Point", "coordinates": [ 85.3098021, 27.6694472 ] } },
{ "type": "Feature", "properties": { "name": "????? ????????? ???? ???????", "amenity": "clinic", "healthcare": null, "addr_city": null, "osm_id": 2399753629, "osm_type": "nodes" }, "geometry": { "type": "Point", "coordinates": [ 85.3180456, 27.6904652 ] } },
{ "type": "Feature", "properties": { "name": "?????? ????????????", "amenity": "clinic", "healthcare": null, "addr_city": null, "osm_id": 2399753633, "osm_type": "nodes" }, "geometry": { "type": "Point", "coordinates": [ 85.3180122, 27.6905262 ] } },
{ "type": "Feature", "properties": { "name": "???????? ???? ???????", "amenity": "hospital", "healthcare": null, "addr_city": null, "osm_id": 4810801975, "osm_type": "nodes" }, "geometry": { "type": "Point", "coordinates": [ 85.3147438, 27.711016 ] } },
{ "type": "Feature", "properties": { "name": "????????, ?????? ???? ???????", "amenity": "clinic", "healthcare": null, "addr_city": null, "osm_id": 5017935522, "osm_type": "nodes" }, "geometry": { "type": "Point", "coordinates": [ 85.3146911, 27.7105184 ] } },
{ "type": "Feature", "properties": { "name": "???? ?????", "amenity": "dentist", "healthcare": null, "addr_city": null, "osm_id": 1937660006, "osm_type": "nodes" }, "geometry": { "type": "Point", "coordinates": [ 85.3059229, 27.6614466 ] } },
{ "type": "Feature", "properties": { "name": "???? ?????? ???????", "amenity": "dentist", "healthcare": null, "addr_city": null, "osm_id": 3479503199, "osm_type": "nodes" }, "geometry": { "type": "Point", "coordinates": [ 85.3149062, 27.7100662 ] } },
{ "type": "Feature", "properties": { "name": null, "amenity": "pharmacy", "healthcare": null, "addr_city": null, "osm_id": 9692029567, "osm_type": "nodes" }, "geometry": { "type": "Point", "coordinates": [ 83.4742123, 27.6201058 ] } },
{ "type": "Feature", "properties": { "name": "????? ?????? ????????", "amenity": "clinic", "healthcare": null, "addr_city": null, "osm_id": 9791693639, "osm_type": "nodes" }, "geometry": { "type": "Point", "coordinates": [ 82.8309931, 27.6529109 ] } },
{ "type": "Feature", "properties": { "name": "?????? ?????? ??", "amenity": "clinic", "healthcare": null, "addr_city": null, "osm_id": 9791693645, "osm_type": "nodes" }, "geometry": { "type": "Point", "coordinates": [ 82.8306694, 27.6528346 ] } },
{ "type": "Feature", "properties": { "name": "????????? ?????? ????", "amenity": "clinic", "healthcare": null, "addr_city": null, "osm_id": 9791693646, "osm_type": "nodes" }, "geometry": { "type": "Point", "coordinates": [ 82.8385192, 27.6238376 ] } },
{ "type": "Feature", "properties": { "name": "??????? ??????????? ????. ??.", "amenity": "clinic", "healthcare": "clinic", "addr_city": null, "osm_id": 9520877045, "osm_type": "nodes" }, "geometry": { "type": "Point", "coordinates": [ 82.302103, 28.1316889 ] } },
{ "type": "Feature", "properties": { "name": "Urban Health Post, Bheemdatta 9, Kanchanpur", "amenity": "hospital", "healthcare": null, "addr_city": null, "osm_id": 8753567185, "osm_type": "nodes" }, "geometry": { "type": "Point", "coordinates": [ 80.1373287, 29.065317 ] } },
{ "type": "Feature", "properties": { "name": "???? ?????? ??", "amenity": "pharmacy", "healthcare": null, "addr_city": null, "osm_id": 9520877024, "osm_type": "nodes" }, "geometry": { "type": "Point", "coordinates": [ 82.2994074, 28.1326244 ] } },
{ "type": "Feature", "properties": { "name": "ward number 6 health post", "amenity": "clinic", "healthcare": null, "addr_city": null, "osm_id": 7016385912, "osm_type": "nodes" }, "geometry": { "type": "Point", "coordinates": [ 81.3321603, 29.3560795 ] } },
{ "type": "Feature", "properties": { "name": "Aadharbhut Health Ekai", "amenity": "clinic", "healthcare": null, "addr_city": null, "osm_id": 9796667296, "osm_type": "nodes" }, "geometry": { "type": "Point", "coordinates": [ 84.9544037, 26.9821627 ] } },
{ "type": "Feature", "properties": { "name": "????????? ????????? ?????", "amenity": "clinic", "healthcare": null, "addr_city": null, "osm_id": 9794575423, "osm_type": "nodes" }, "geometry": { "type": "Point", "coordinates": [ 81.6268954, 28.0222883 ] } },
{ "type": "Feature", "properties": { "name": "Motisar Health Post", "amenity": "clinic", "healthcare": "clinic", "addr_city": null, "osm_id": 9789414538, "osm_type": "nodes" }, "geometry": { "type": "Point", "coordinates": [ 84.9606018, 27.0239983 ] } },
{ "type": "Feature", "properties": { "name": null, "amenity": "clinic", "healthcare": "clinic", "addr_city": null, "osm_id": 10177770002, "osm_type": "nodes" }, "geometry": { "type": "Point", "coordinates": [ 83.5131358, 27.6242565 ] } },
{ "type": "Feature", "properties": { "name": null, "amenity": "clinic", "healthcare": "clinic", "addr_city": null, "osm_id": 10177769991, "osm_type": "nodes" }, "geometry": { "type": "Point", "coordinates": [ 83.5150326, 27.6247873 ] } },
{ "type": "Feature", "properties": { "name": "??????? ????????? ???????, ??????", "amenity": "clinic", "healthcare": "clinic", "addr_city": null, "osm_id": 9794146054, "osm_type": "nodes" }, "geometry": { "type": "Point", "coordinates": [ 84.5279999, 27.5724983 ] } },
{ "type": "Feature", "properties": { "name": "Ashok Madical Hall", "amenity": "clinic", "healthcare": null, "addr_city": null, "osm_id": 12446927644, "osm_type": "nodes" }, "geometry": { "type": "Point", "coordinates": [ 86.0900876, 26.7993901 ] } },
{ "type": "Feature", "properties": { "name": "Saljhandi Malmala Dental Care pvt.Ltd", "amenity": "dentist", "healthcare": "dentist", "addr_city": null, "osm_id": 4425253610, "osm_type": "nodes" }, "geometry": { "type": "Point", "coordinates": [ 83.039829, 27.6619276 ] } },
{ "type": "Feature", "properties": { "name": "??????? ????????? ???? ???????", "amenity": "hospital", "healthcare": "hospital", "addr_city": null, "osm_id": 12854628015, "osm_type": "nodes" }, "geometry": { "type": "Point", "coordinates": [ 82.7688884, 27.9894953 ] } },
{ "type": "Feature", "properties": { "name": "??????? ??????? ??????? (?? ???? ???????)", "amenity": null, "healthcare": "hospital", "addr_city": null, "osm_id": 12848361884, "osm_type": "nodes" }, "geometry": { "type": "Point", "coordinates": [ 82.7898566, 28.0379893 ] } },
{ "type": "Feature", "properties": { "name": "Pokhariya Hospital", "amenity": "hospital", "healthcare": "hospital", "addr_city": null, "osm_id": 9796615671, "osm_type": "nodes" }, "geometry": { "type": "Point", "coordinates": [ 84.7622868, 27.078883 ] } },
{ "type": "Feature", "properties": { "name": "Manakamana medical hall", "amenity": "pharmacy", "healthcare": null, "addr_city": null, "osm_id": 9772755998, "osm_type": "nodes" }, "geometry": { "type": "Point", "coordinates": [ 84.5682072, 27.9960575 ] } },
{ "type": "Feature", "properties": { "name": "Tilingtar Pharmacy", "amenity": "pharmacy", "healthcare": "pharmacy", "addr_city": null, "osm_id": 10011753513, "osm_type": "nodes" }, "geometry": { "type": "Point", "coordinates": [ 85.3263655, 27.7431743 ] } },
{ "type": "Feature", "properties": { "name": "Tilagufa Medical Hall", "amenity": "pharmacy", "healthcare": "pharmacy", "addr_city": null, "osm_id": 8311758414, "osm_type": "nodes" }, "geometry": { "type": "Point", "coordinates": [ 81.9093157, 29.1974186 ] } },
{ "type": "Feature", "properties": { "name": "Ranijung Ayurbedh Health Care Center", "amenity": "clinic", "healthcare": null, "addr_city": null, "osm_id": 9796615673, "osm_type": "nodes" }, "geometry": { "type": "Point", "coordinates": [ 84.7689656, 27.0614862 ] } },
{ "type": "Feature", "properties": { "name": "Sawasth Chauki Basbitti Jingadiya", "amenity": "clinic", "healthcare": null, "addr_city": null, "osm_id": 9801450923, "osm_type": "nodes" }, "geometry": { "type": "Point", "coordinates": [ 85.3210806, 26.9679853 ] } },
{ "type": "Feature", "properties": { "name": "Sahari Health Kendra Basbitti Jingadiya", "amenity": "clinic", "healthcare": null, "addr_city": null, "osm_id": 9801450924, "osm_type": "nodes" }, "geometry": { "type": "Point", "coordinates": [ 85.3210808, 26.9680004 ] } },
{ "type": "Feature", "properties": { "name": "Medistar Hospital Put.Ltd", "amenity": "hospital", "healthcare": null, "addr_city": null, "osm_id": 9801450926, "osm_type": "nodes" }, "geometry": { "type": "Point", "coordinates": [ 85.3210885, 26.9679572 ] } },
{ "type": "Feature", "properties": { "name": "Ruben's Pharmacy", "amenity": "pharmacy", "healthcare": null, "addr_city": null, "osm_id": 9942585023, "osm_type": "nodes" }, "geometry": { "type": "Point", "coordinates": [ 85.3235724, 27.6743492 ] } },
{ "type": "Feature", "properties": { "name": null, "amenity": "pharmacy", "healthcare": null, "addr_city": null, "osm_id": 4020227086, "osm_type": "nodes" }, "geometry": { "type": "Point", "coordinates": [ 85.3239863, 27.6754054 ] } },
{ "type": "Feature", "properties": { "name": null, "amenity": "pharmacy", "healthcare": null, "addr_city": null, "osm_id": 9942243720, "osm_type": "nodes" }, "geometry": { "type": "Point", "coordinates": [ 85.3236345, 27.6744453 ] } },
{ "type": "Feature", "properties": { "name": "Rahathwatol BHCC", "amenity": "clinic", "healthcare": null, "addr_city": null, "osm_id": 11993394760, "osm_type": "nodes" }, "geometry": { "type": "Point", "coordinates": [ 85.8030027, 26.7490307 ] } },
{ "type": "Feature", "properties": { "name": "Padaul BHCC", "amenity": "clinic", "healthcare": null, "addr_city": null, "osm_id": 11993403440, "osm_type": "nodes" }, "geometry": { "type": "Point", "coordinates": [ 85.8105344, 26.7443098 ] } },
{ "type": "Feature", "properties": { "name": "Banauta Basic Health Care Center", "amenity": "clinic", "healthcare": null, "addr_city": null, "osm_id": 11993311619, "osm_type": "nodes" }, "geometry": { "type": "Point", "coordinates": [ 85.8138013, 26.7623088 ] } },
{ "type": "Feature", "properties": { "name": "Urban Health Promotion and Care Center", "amenity": "clinic", "healthcare": null, "addr_city": null, "osm_id": 11993202939, "osm_type": "nodes" }, "geometry": { "type": "Point", "coordinates": [ 85.8584279, 26.6833552 ] } },
{ "type": "Feature", "properties": { "name": "Banauli Danauli BHCC", "amenity": "clinic", "healthcare": null, "addr_city": null, "osm_id": 11993217752, "osm_type": "nodes" }, "geometry": { "type": "Point", "coordinates": [ 85.8873501, 26.684079 ] } },
{ "type": "Feature", "properties": { "name": "Sahorwa BHCC", "amenity": "clinic", "healthcare": null, "addr_city": null, "osm_id": 11993227540, "osm_type": "nodes" }, "geometry": { "type": "Point", "coordinates": [ 85.8724907, 26.6910311 ] } },
{ "type": "Feature", "properties": { "name": "Gaida Bhetpur BHCC", "amenity": "clinic", "healthcare": null, "addr_city": null, "osm_id": 11993211406, "osm_type": "nodes" }, "geometry": { "type": "Point", "coordinates": [ 85.7474837, 26.7927966 ] } },
{ "type": "Feature", "properties": { "name": "Labtoli Basic Health Care Center", "amenity": "clinic", "healthcare": null, "addr_city": null, "osm_id": 11993185095, "osm_type": "nodes" }, "geometry": { "type": "Point", "coordinates": [ 86.0720873, 26.7847564 ] } },
{ "type": "Feature", "properties": { "name": "Tulsiyahi Nikash BHCC", "amenity": "clinic", "healthcare": null, "addr_city": null, "osm_id": 11993191509, "osm_type": "nodes" }, "geometry": { "type": "Point", "coordinates": [ 85.8775654, 26.614877 ] } },
{ "type": "Feature", "properties": { "name": "Baheda Bela BHCC", "amenity": "clinic", "healthcare": null, "addr_city": null, "osm_id": 11993207872, "osm_type": "nodes" }, "geometry": { "type": "Point", "coordinates": [ 85.8986208, 26.6115917 ] } },
{ "type": "Feature", "properties": { "name": "Basic Health Care Center, Tulsiyahi Jabdi", "amenity": "clinic", "healthcare": null, "addr_city": null, "osm_id": 11993171763, "osm_type": "nodes" }, "geometry": { "type": "Point", "coordinates": [ 85.8620549, 26.6091084 ] } },
{ "type": "Feature", "properties": { "name": "Musaharniya BHCC", "amenity": "clinic", "healthcare": null, "addr_city": null, "osm_id": 11993201393, "osm_type": "nodes" }, "geometry": { "type": "Point", "coordinates": [ 85.860528, 26.5966148 ] } },
{ "type": "Feature", "properties": { "name": "Shree Basic Health Care Center", "amenity": "clinic", "healthcare": null, "addr_city": null, "osm_id": 11992069442, "osm_type": "nodes" }, "geometry": { "type": "Point", "coordinates": [ 86.3328463, 26.7794957 ] } },
{ "type": "Feature", "properties": { "name": "Raghopur Basic Health Care Center", "amenity": "clinic", "healthcare": null, "addr_city": null, "osm_id": 11991802006, "osm_type": "nodes" }, "geometry": { "type": "Point", "coordinates": [ 86.2158725, 26.8036731 ] } },
{ "type": "Feature", "properties": { "name": "Simara Basic Health Care Center", "amenity": "clinic", "healthcare": null, "addr_city": null, "osm_id": 11991588392, "osm_type": "nodes" }, "geometry": { "type": "Point", "coordinates": [ 86.6993058, 26.5205777 ] } },
{ "type": "Feature", "properties": { "name": "Baspiti Basic Health Care Center", "amenity": "clinic", "healthcare": null, "addr_city": null, "osm_id": 11991689820, "osm_type": "nodes" }, "geometry": { "type": "Point", "coordinates": [ 86.7349094, 26.5792636 ] } },
{ "type": "Feature", "properties": { "name": "Kajara Ramaul BHCC", "amenity": "clinic", "healthcare": null, "addr_city": null, "osm_id": 11992435584, "osm_type": "nodes" }, "geometry": { "type": "Point", "coordinates": [ 86.0488835, 26.7928828 ] } },
{ "type": "Feature", "properties": { "name": "Kothiya Urban Health Promotion Center", "amenity": "clinic", "healthcare": null, "addr_city": null, "osm_id": 11992454941, "osm_type": "nodes" }, "geometry": { "type": "Point", "coordinates": [ 86.1174756, 26.8008122 ] } },
{ "type": "Feature", "properties": { "name": "Thalaha Kataha Basic Health Care Center", "amenity": "clinic", "healthcare": null, "addr_city": null, "osm_id": 11991952224, "osm_type": "nodes" }, "geometry": { "type": "Point", "coordinates": [ 86.2335026, 26.7152945 ] } },
{ "type": "Feature", "properties": { "name": "Gauripur Health Care Center", "amenity": "clinic", "healthcare": null, "addr_city": null, "osm_id": 11991836381, "osm_type": "nodes" }, "geometry": { "type": "Point", "coordinates": [ 86.2926936, 26.6820179 ] } },
{ "type": "Feature", "properties": { "name": "Basic Health Service Center", "amenity": "clinic", "healthcare": null, "addr_city": null, "osm_id": 11991835267, "osm_type": "nodes" }, "geometry": { "type": "Point", "coordinates": [ 86.2397173, 26.7445996 ] } },
{ "type": "Feature", "properties": { "name": "Simaraha Sigiyon BHCC", "amenity": "clinic", "healthcare": null, "addr_city": null, "osm_id": 11991589829, "osm_type": "nodes" }, "geometry": { "type": "Point", "coordinates": [ 86.6986097, 26.4974661 ] } },
{ "type": "Feature", "properties": { "name": "Majhaou Basic Health Care Center", "amenity": "clinic", "healthcare": null, "addr_city": null, "osm_id": 11991567328, "osm_type": "nodes" }, "geometry": { "type": "Point", "coordinates": [ 86.7130695, 26.4989435 ] } },
{ "type": "Feature", "properties": { "name": "Basic Health Service Center", "amenity": "clinic", "healthcare": null, "addr_city": null, "osm_id": 11991598301, "osm_type": "nodes" }, "geometry": { "type": "Point", "coordinates": [ 86.7482561, 26.5222505 ] } },
{ "type": "Feature", "properties": { "name": "Sangutar BHCC", "amenity": "clinic", "healthcare": null, "addr_city": null, "osm_id": 11990539006, "osm_type": "nodes" }, "geometry": { "type": "Point", "coordinates": [ 86.2143785, 27.3532583 ] } },
{ "type": "Feature", "properties": { "name": "Thumsi Health Care Center", "amenity": "clinic", "healthcare": null, "addr_city": null, "osm_id": 11989715510, "osm_type": "nodes" }, "geometry": { "type": "Point", "coordinates": [ 84.1466257, 28.2149405 ] } },
{ "type": "Feature", "properties": { "name": "Bharta Community Health are Center", "amenity": "clinic", "healthcare": null, "addr_city": null, "osm_id": 11982709996, "osm_type": "nodes" }, "geometry": { "type": "Point", "coordinates": [ 81.5561094, 29.1065973 ] } },
{ "type": "Feature", "properties": { "name": "Patmara Health Post urthu", "amenity": "health_post", "healthcare": "health_post", "addr_city": null, "osm_id": 6138511179, "osm_type": "nodes" }, "geometry": { "type": "Point", "coordinates": [ 82.2270408, 29.305356 ] } },
{ "type": "Feature", "properties": { "name": "Nagarik Aarogya Sewa Kendra", "amenity": "clinic", "healthcare": null, "addr_city": null, "osm_id": 11971575841, "osm_type": "nodes" }, "geometry": { "type": "Point", "coordinates": [ 84.8231678, 27.0736493 ] } },
{ "type": "Feature", "properties": { "name": "Gamhariya Health Care Center", "amenity": "clinic", "healthcare": null, "addr_city": null, "osm_id": 11971634001, "osm_type": "nodes" }, "geometry": { "type": "Point", "coordinates": [ 84.8383955, 27.0849469 ] } },
{ "type": "Feature", "properties": { "name": "Machi Jhitakiya Health Service Center", "amenity": "clinic", "healthcare": null, "addr_city": null, "osm_id": 11971362368, "osm_type": "nodes" }, "geometry": { "type": "Point", "coordinates": [ 86.1263189, 26.6791012 ] } },
{ "type": "Feature", "properties": { "name": "Basic Health Service Center Mangraha", "amenity": "clinic", "healthcare": null, "addr_city": null, "osm_id": 11971412566, "osm_type": "nodes" }, "geometry": { "type": "Point", "coordinates": [ 86.1269009, 26.6968638 ] } },
{ "type": "Feature", "properties": { "name": "Lakkad Health Service Center", "amenity": "clinic", "healthcare": null, "addr_city": null, "osm_id": 11971418860, "osm_type": "nodes" }, "geometry": { "type": "Point", "coordinates": [ 86.1835746, 26.6880811 ] } },
{ "type": "Feature", "properties": { "name": "Basic Health Care Center Sakhuwa Madan", "amenity": "clinic", "healthcare": null, "addr_city": null, "osm_id": 11971414915, "osm_type": "nodes" }, "geometry": { "type": "Point", "coordinates": [ 86.1797471, 26.7036606 ] } },
{ "type": "Feature", "properties": { "name": "Lakshmi Medical Hall", "amenity": "pharmacy", "healthcare": null, "addr_city": null, "osm_id": 11969339119, "osm_type": "nodes" }, "geometry": { "type": "Point", "coordinates": [ 86.2101942, 26.6590779 ] } },
{ "type": "Feature", "properties": { "name": "Dhanush Medical Hall", "amenity": "pharmacy", "healthcare": null, "addr_city": null, "osm_id": 11969390434, "osm_type": "nodes" }, "geometry": { "type": "Point", "coordinates": [ 86.2358442, 26.6925768 ] } },
{ "type": "Feature", "properties": { "name": "Thakur Ausadhi Pasal", "amenity": "pharmacy", "healthcare": null, "addr_city": null, "osm_id": 11969406573, "osm_type": "nodes" }, "geometry": { "type": "Point", "coordinates": [ 86.235922, 26.692699 ] } },
{ "type": "Feature", "properties": { "name": "Aarti Medical", "amenity": "pharmacy", "healthcare": null, "addr_city": null, "osm_id": 11969395019, "osm_type": "nodes" }, "geometry": { "type": "Point", "coordinates": [ 86.2362197, 26.6930417 ] } },
{ "type": "Feature", "properties": { "name": "Bhaluwahi Health Service Center", "amenity": "clinic", "healthcare": null, "addr_city": null, "osm_id": 11969399235, "osm_type": "nodes" }, "geometry": { "type": "Point", "coordinates": [ 86.2359568, 26.6933628 ] } },
{ "type": "Feature", "properties": { "name": "OP Clinic", "amenity": "clinic", "healthcare": null, "addr_city": null, "osm_id": 11969406811, "osm_type": "nodes" }, "geometry": { "type": "Point", "coordinates": [ 86.2373932, 26.6932861 ] } },
{ "type": "Feature", "properties": { "name": "Basic Health Service Center, Narahiya", "amenity": "clinic", "healthcare": null, "addr_city": null, "osm_id": 11969404165, "osm_type": "nodes" }, "geometry": { "type": "Point", "coordinates": [ 86.2541825, 26.6992816 ] } },
{ "type": "Feature", "properties": { "name": "Aasmik Clinic", "amenity": "clinic", "healthcare": null, "addr_city": null, "osm_id": 11969410475, "osm_type": "nodes" }, "geometry": { "type": "Point", "coordinates": [ 86.2548718, 26.69854 ] } },
{ "type": "Feature", "properties": { "name": "Abhinash Medical Hall", "amenity": "pharmacy", "healthcare": null, "addr_city": null, "osm_id": 11969409028, "osm_type": "nodes" }, "geometry": { "type": "Point", "coordinates": [ 86.205617, 26.6830293 ] } },
{ "type": "Feature", "properties": { "name": "Shree Baidhya Nath Ayurvedic Bhawan Limited", "amenity": "pharmacy", "healthcare": null, "addr_city": null, "osm_id": 11969406646, "osm_type": "nodes" }, "geometry": { "type": "Point", "coordinates": [ 86.2054883, 26.6832342 ] } },
{ "type": "Feature", "properties": { "name": "Nibesh Ayurvedic Pharmacy", "amenity": "pharmacy", "healthcare": null, "addr_city": null, "osm_id": 11969410479, "osm_type": "nodes" }, "geometry": { "type": "Point", "coordinates": [ 86.2071995, 26.6835787 ] } },
{ "type": "Feature", "properties": { "name": "Bhawani Medical", "amenity": "pharmacy", "healthcare": null, "addr_city": null, "osm_id": 11969406648, "osm_type": "nodes" }, "geometry": { "type": "Point", "coordinates": [ 86.2062541, 26.6839711 ] } },
{ "type": "Feature", "properties": { "name": "Chand Kumar Clinic", "amenity": "clinic", "healthcare": null, "addr_city": null, "osm_id": 11969432147, "osm_type": "nodes" }, "geometry": { "type": "Point", "coordinates": [ 86.2064395, 26.6845556 ] } },
{ "type": "Feature", "properties": { "name": "Ayush Medical", "amenity": "pharmacy", "healthcare": null, "addr_city": null, "osm_id": 11969433851, "osm_type": "nodes" }, "geometry": { "type": "Point", "coordinates": [ 86.2070574, 26.6858836 ] } },
{ "type": "Feature", "properties": { "name": "Shiv Lahari Medical Store", "amenity": "pharmacy", "healthcare": null, "addr_city": null, "osm_id": 11969258163, "osm_type": "nodes" }, "geometry": { "type": "Point", "coordinates": [ 86.2079546, 26.6527812 ] } },
{ "type": "Feature", "properties": { "name": "Digo Ayurveda Medical Hall", "amenity": "pharmacy", "healthcare": null, "addr_city": null, "osm_id": 11969316983, "osm_type": "nodes" }, "geometry": { "type": "Point", "coordinates": [ 86.2082416, 26.6545294 ] } },
{ "type": "Feature", "properties": { "name": "Sagarmatha Eye Hospital", "amenity": "hospital", "healthcare": null, "addr_city": null, "osm_id": 11969315173, "osm_type": "nodes" }, "geometry": { "type": "Point", "coordinates": [ 86.208314, 26.6564351 ] } },
{ "type": "Feature", "properties": { "name": "Himansu Medico", "amenity": "pharmacy", "healthcare": null, "addr_city": null, "osm_id": 11969297642, "osm_type": "nodes" }, "geometry": { "type": "Point", "coordinates": [ 86.2098643, 26.6584127 ] } },
{ "type": "Feature", "properties": { "name": "Pintu Medical Supplies", "amenity": "pharmacy", "healthcare": null, "addr_city": null, "osm_id": 11969329251, "osm_type": "nodes" }, "geometry": { "type": "Point", "coordinates": [ 86.2098965, 26.658463 ] } },
{ "type": "Feature", "properties": { "name": "Shiv Shambhu Aushadi Pasal", "amenity": "pharmacy", "healthcare": null, "addr_city": null, "osm_id": 11969257433, "osm_type": "nodes" }, "geometry": { "type": "Point", "coordinates": [ 86.2099314, 26.6585086 ] } },
{ "type": "Feature", "properties": { "name": "Siraha District Hospital", "amenity": "hospital", "healthcare": null, "addr_city": null, "osm_id": 11969310355, "osm_type": "nodes" }, "geometry": { "type": "Point", "coordinates": [ 86.2103525, 26.658324 ] } },
{ "type": "Feature", "properties": { "name": "Shree Karna Clinic Private Limited", "amenity": "clinic", "healthcare": null, "addr_city": null, "osm_id": 11969370390, "osm_type": "nodes" }, "geometry": { "type": "Point", "coordinates": [ 86.2106502, 26.6588394 ] } },
{ "type": "Feature", "properties": { "name": "Khirauna Health Center", "amenity": "clinic", "healthcare": null, "addr_city": null, "osm_id": 11969098896, "osm_type": "nodes" }, "geometry": { "type": "Point", "coordinates": [ 86.1968516, 26.621807 ] } },
{ "type": "Feature", "properties": { "name": "Madar Health Care Center", "amenity": "clinic", "healthcare": null, "addr_city": null, "osm_id": 11969103796, "osm_type": "nodes" }, "geometry": { "type": "Point", "coordinates": [ 86.1894252, 26.6247173 ] } },
{ "type": "Feature", "properties": { "name": "Yasir Hanjalaha Hasrat Pharmacy", "amenity": "pharmacy", "healthcare": null, "addr_city": null, "osm_id": 11969103797, "osm_type": "nodes" }, "geometry": { "type": "Point", "coordinates": [ 86.1924836, 26.626786 ] } },
{ "type": "Feature", "properties": { "name": "Shyam Medical Kharsallba", "amenity": "clinic", "healthcare": null, "addr_city": null, "osm_id": 11969114520, "osm_type": "nodes" }, "geometry": { "type": "Point", "coordinates": [ 86.178351, 26.6433161 ] } },
{ "type": "Feature", "properties": { "name": "Andrej Pharmacy", "amenity": "pharmacy", "healthcare": null, "addr_city": null, "osm_id": 11969100723, "osm_type": "nodes" }, "geometry": { "type": "Point", "coordinates": [ 86.1949402, 26.6568792 ] } },
{ "type": "Feature", "properties": { "name": "Chandra Narayan Yadav Maternity Hospital", "amenity": "hospital", "healthcare": null, "addr_city": null, "osm_id": 11969100724, "osm_type": "nodes" }, "geometry": { "type": "Point", "coordinates": [ 86.1982919, 26.6345736 ] } },
{ "type": "Feature", "properties": { "name": "Parsurampur Health Care Center", "amenity": "clinic", "healthcare": null, "addr_city": null, "osm_id": 11968286693, "osm_type": "nodes" }, "geometry": { "type": "Point", "coordinates": [ 85.0418109, 26.9344304 ] } },
{ "type": "Feature", "properties": { "name": "Majhariya Health Care Center", "amenity": "clinic", "healthcare": null, "addr_city": null, "osm_id": 11968227024, "osm_type": "nodes" }, "geometry": { "type": "Point", "coordinates": [ 85.045272, 26.9412531 ] } },
{ "type": "Feature", "properties": { "name": "Nautan Basic Health Center", "amenity": "clinic", "healthcare": null, "addr_city": null, "osm_id": 11965657609, "osm_type": "nodes" }, "geometry": { "type": "Point", "coordinates": [ 84.9162054, 27.0359802 ] } },
{ "type": "Feature", "properties": { "name": "Janakpur Golden Hospital", "amenity": "hospital", "healthcare": null, "addr_city": null, "osm_id": 9773977090, "osm_type": "nodes" }, "geometry": { "type": "Point", "coordinates": [ 85.923634, 26.7397219 ] } },
{ "type": "Feature", "properties": { "name": "Vidya Pathology Lab", "amenity": null, "healthcare": "laboratory", "addr_city": null, "osm_id": 11969364877, "osm_type": "nodes" }, "geometry": { "type": "Point", "coordinates": [ 86.2102801, 26.6592145 ] } },
{ "type": "Feature", "properties": { "name": "Pandit Lab", "amenity": null, "healthcare": "laboratory", "addr_city": null, "osm_id": 11969317220, "osm_type": "nodes" }, "geometry": { "type": "Point", "coordinates": [ 86.2103391, 26.6586896 ] } },
{ "type": "Feature", "properties": { "name": "Janaki Lab", "amenity": null, "healthcare": "laboratory", "addr_city": null, "osm_id": 11969352236, "osm_type": "nodes" }, "geometry": { "type": "Point", "coordinates": [ 86.2103538, 26.6587567 ] } },
{ "type": "Feature", "properties": { "name": "Basic Health Post", "amenity": "clinic", "healthcare": null, "addr_city": null, "osm_id": 9800535079, "osm_type": "nodes" }, "geometry": { "type": "Point", "coordinates": [ 85.5557556, 26.9918263 ] } },
{ "type": "Feature", "properties": { "name": "Om Mechi Hospital", "amenity": "hospital", "healthcare": "hospital", "addr_city": null, "osm_id": 9768423685, "osm_type": "nodes" }, "geometry": { "type": "Point", "coordinates": [ 87.7034991, 26.6594632 ] } },
{ "type": "Feature", "properties": { "name": "Lagankhel Dental Clinic", "amenity": "clinic", "healthcare": null, "addr_city": null, "osm_id": 2352485018, "osm_type": "nodes" }, "geometry": { "type": "Point", "coordinates": [ 85.3240827, 27.6664931 ] } },
{ "type": "Feature", "properties": { "name": "Lalitpur Poly Clinic", "amenity": "clinic", "healthcare": null, "addr_city": null, "osm_id": 2352485019, "osm_type": "nodes" }, "geometry": { "type": "Point", "coordinates": [ 85.3240926, 27.666544 ] } },
{ "type": "Feature", "properties": { "name": "????? ????", "amenity": "clinic", "healthcare": null, "addr_city": "Janakpur", "osm_id": 12387981401, "osm_type": "nodes" }, "geometry": { "type": "Point", "coordinates": [ 85.9232363, 26.7403048 ] } },
{ "type": "Feature", "properties": { "name": "???????? ????????? ????", "amenity": null, "healthcare": "yes", "addr_city": null, "osm_id": 11971408916, "osm_type": "nodes" }, "geometry": { "type": "Point", "coordinates": [ 86.1686079, 26.7144883 ] } },
{ "type": "Feature", "properties": { "name": "Primary Health Post Gachi Tole", "amenity": null, "healthcare": "yes", "addr_city": null, "osm_id": 9791970439, "osm_type": "nodes" }, "geometry": { "type": "Point", "coordinates": [ 85.8511939, 26.8011005 ] } }
]
}
