{
"type": "FeatureCollection",
"name": "schools",
"crs": { "type": "name", "properties": { "name": "urn:ogc:def:crs:OGC:1.3:CRS84" } },
"features": [
{ "type": "Feature", "properties": { "name": "madarasa arebiya ahhel sunnat gausiya gerama", "amenity": "school", "addr_city": null, "osm_id": 9793256341, "osm_type": "nodes" }, "geometry": { "type": "Point", "coordinates": [ 83.6589737, 27.4517307 ] } },
{ "type": "Feature", "properties": { "name": "Madersa Arbiya Ahle Sunnat Anwarul Uloom Palhinandan-1", "amenity": "school", "addr_city": null, "osm_id": 9793256367, "osm_type": "nodes" }, "geometry": { "type": "Point", "coordinates": [ 83.7004471, 27.4334335 ] } },
{ "type": "Feature", "properties": { "name": "shree bal bikash adharbhut bi. mudila", "amenity": "school", "addr_city": null, "osm_id": 9780879311, "osm_type": "nodes" }, "geometry": { "type": "Point", "coordinates": [ 83.2701416, 27.3645535 ] } },
{ "type": "Feature", "properties": { "name": "???? ??????? ????????", "amenity": "school", "addr_city": null, "osm_id": 9796062806, "osm_type": "nodes" }, "geometry": { "type": "Point", "coordinates": [ 80.0647964, 28.9234295 ] } },
{ "type": "Feature", "properties": { "name": "???? ??????? ????????", "amenity": "school", "addr_city": null, "osm_id": 9796062806, "osm_type": "nodes" }, "geometry": { "type": "Point", "coordinates": [ 80.0647964, 28.9234295 ] } },
{ "type": "Feature", "properties": { "name": "Madarsa Nurania Islamia School", "amenity": "school", "addr_city": null, "osm_id": 5377742163, "osm_type": "nodes" }, "geometry": { "type": "Point", "coordinates": [ 81.6038523, 28.0179985 ] } },
{ "type": "Feature", "properties": { "name": "Madarsa Nurania Islamia School", "amenity": "school", "addr_city": null, "osm_id": 5377742163, "osm_type": "nodes" }, "geometry": { "type": "Point", "coordinates": [ 81.6038523, 28.0179985 ] } },
{ "type": "Feature", "properties": { "name": "madarsa Darul ulum bhagwanpur", "amenity": "school", "addr_city": null, "osm_id": 9790431909, "osm_type": "nodes" }, "geometry": { "type": "Point", "coordinates": [ 82.7525964, 27.5458641 ] } },
{ "type": "Feature", "properties": { "name": "????? ????????? ?????????", "amenity": "school", "addr_city": null, "osm_id": 9791594362, "osm_type": "nodes" }, "geometry": { "type": "Point", "coordinates": [ 83.1314926, 27.4561481 ] } },
{ "type": "Feature", "properties": { "name": "????? ????????? ?????????", "amenity": "school", "addr_city": null, "osm_id": 9791594362, "osm_type": "nodes" }, "geometry": { "type": "Point", "coordinates": [ 83.1314926, 27.4561481 ] } },
{ "type": "Feature", "properties": { "name": "Shree BP S.S", "amenity": "school", "addr_city": null, "osm_id": 9793435702, "osm_type": "nodes" }, "geometry": { "type": "Point", "coordinates": [ 83.8420563, 27.3671513 ] } },
{ "type": "Feature", "properties": { "name": "Shree BP S.S", "amenity": "school", "addr_city": null, "osm_id": 9793435702, "osm_type": "nodes" }, "geometry": { "type": "Point", "coordinates": [ 83.8420563, 27.3671513 ] } },
{ "type": "Feature", "properties": { "name": "Parsa Primary School", "amenity": "school", "addr_city": null, "osm_id": 11994437199, "osm_type": "nodes" }, "geometry": { "type": "Point", "coordinates": [ 85.638755, 26.8712877 ] } },
{ "type": "Feature", "properties": { "name": "Parsa Primary School", "amenity": "school", "addr_city": null, "osm_id": 11994437199, "osm_type": "nodes" }, "geometry": { "type": "Point", "coordinates": [ 85.638755, 26.8712877 ] } },
{ "type": "Feature", "properties": { "name": "Madarsa Gulsane Rajaul School", "amenity": "school", "addr_city": null, "osm_id": 11994512686, "osm_type": "nodes" }, "geometry": { "type": "Point", "coordinates": [ 85.5853643, 26.8593684 ] } },
{ "type": "Feature", "properties": { "name": "Madarsa Gulsane Rajaul School", "amenity": "school", "addr_city": null, "osm_id": 11994512686, "osm_type": "nodes" }, "geometry": { "type": "Point", "coordinates": [ 85.5853643, 26.8593684 ] } },
{ "type": "Feature", "properties": { "name": "Shree Rastriya Janata Aadharbhut Pra. Vi.", "amenity": "school", "addr_city": null, "osm_id": 9791862539, "osm_type": "nodes" }, "geometry": { "type": "Point", "coordinates": [ 85.7384262, 26.6580124 ] } },
{ "type": "Feature", "properties": { "name": "Shree Rastriya Janata Aadharbhut Pra. Vi.", "amenity": "school", "addr_city": null, "osm_id": 9791862539, "osm_type": "nodes" }, "geometry": { "type": "Point", "coordinates": [ 85.7384262, 26.6580124 ] } },
{ "type": "Feature", "properties": { "name": "Shree Nepal Rastriya Adharbhut Bidyalaya Sakari", "amenity": "school", "addr_city": null, "osm_id": 9791862540, "osm_type": "nodes" }, "geometry": { "type": "Point", "coordinates": [ 85.7459412, 26.648241 ] } },
{ "type": "Feature", "properties": { "name": "Shree Janta Ma. Bi. Malibara", "amenity": "school", "addr_city": null, "osm_id": 9776113827, "osm_type": "nodes" }, "geometry": { "type": "Point", "coordinates": [ 85.7745725, 26.6337667 ] } },
{ "type": "Feature", "properties": { "name": "Shree Ram Kumar English Medium Boarding School,Bishanpur", "amenity": "school", "addr_city": null, "osm_id": 9776111600, "osm_type": "nodes" }, "geometry": { "type": "Point", "coordinates": [ 85.8122863, 26.6165431 ] } },
{ "type": "Feature", "properties": { "name": "Shree Janta Rastriya Adharbhut Schoool Bishanpur", "amenity": "school", "addr_city": null, "osm_id": 9776111612, "osm_type": "nodes" }, "geometry": { "type": "Point", "coordinates": [ 85.8128917, 26.6108027 ] } },
{ "type": "Feature", "properties": { "name": "Nepal Rastriya Adharbhut School, Musarpatti", "amenity": "school", "addr_city": null, "osm_id": 9776113823, "osm_type": "nodes" }, "geometry": { "type": "Point", "coordinates": [ 85.8071095, 26.6183658 ] } },
{ "type": "Feature", "properties": { "name": "Shree Nepal Rastriya Adharbhut Bidyalaya Sakari", "amenity": "school", "addr_city": null, "osm_id": 9791862540, "osm_type": "nodes" }, "geometry": { "type": "Point", "coordinates": [ 85.7459412, 26.648241 ] } },
{ "type": "Feature", "properties": { "name": "Gyandeep English Boarding School", "amenity": "school", "addr_city": null, "osm_id": 9776170548, "osm_type": "nodes" }, "geometry": { "type": "Point", "coordinates": [ 85.2394458, 26.763409 ] } },
{ "type": "Feature", "properties": { "name": "Shree Ram Kumar English Medium Boarding School,Bishanpur", "amenity": "school", "addr_city": null, "osm_id": 9776111600, "osm_type": "nodes" }, "geometry": { "type": "Point", "coordinates": [ 85.8122863, 26.6165431 ] } },
{ "type": "Feature", "properties": { "name": "Adarsh English Medium School", "amenity": "school", "addr_city": null, "osm_id": 9776111605, "osm_type": "nodes" }, "geometry": { "type": "Point", "coordinates": [ 85.7752317, 26.6348692 ] } },
{ "type": "Feature", "properties": { "name": "Shree Janta Rastriya Adharbhut Schoool Bishanpur", "amenity": "school", "addr_city": null, "osm_id": 9776111612, "osm_type": "nodes" }, "geometry": { "type": "Point", "coordinates": [ 85.8128917, 26.6108027 ] } },
{ "type": "Feature", "properties": { "name": "Nepal Rastriya Adharbhut School, Musarpatti", "amenity": "school", "addr_city": null, "osm_id": 9776113823, "osm_type": "nodes" }, "geometry": { "type": "Point", "coordinates": [ 85.8071095, 26.6183658 ] } },
{ "type": "Feature", "properties": { "name": "Rastriya Adharbhut School Malibara", "amenity": "school", "addr_city": null, "osm_id": 9776113826, "osm_type": "nodes" }, "geometry": { "type": "Point", "coordinates": [ 85.7683856, 26.6368466 ] } },
{ "type": "Feature", "properties": { "name": "Shree Janta Ma. Bi. Malibara", "amenity": "school", "addr_city": null, "osm_id": 9776113827, "osm_type": "nodes" }, "geometry": { "type": "Point", "coordinates": [ 85.7745725, 26.6337667 ] } },
{ "type": "Feature", "properties": { "name": "Shree Aadharbhut Vidhyalaya, Banjaraha", "amenity": "school", "addr_city": null, "osm_id": 9776170532, "osm_type": "nodes" }, "geometry": { "type": "Point", "coordinates": [ 85.2409562, 26.7659587 ] } },
{ "type": "Feature", "properties": { "name": "Gyanganga Academy School Banjaraha", "amenity": "school", "addr_city": null, "osm_id": 9776170547, "osm_type": "nodes" }, "geometry": { "type": "Point", "coordinates": [ 85.2417864, 26.7656904 ] } },
{ "type": "Feature", "properties": { "name": "Pashupati Primary School", "amenity": "school", "addr_city": null, "osm_id": 9776152476, "osm_type": "nodes" }, "geometry": { "type": "Point", "coordinates": [ 88.0982135, 26.5467156 ] } },
{ "type": "Feature", "properties": { "name": "Pancham English Boarding School, Simara", "amenity": "school", "addr_city": null, "osm_id": 11991553168, "osm_type": "nodes" }, "geometry": { "type": "Point", "coordinates": [ 86.5668999, 26.5145608 ] } },
{ "type": "Feature", "properties": { "name": "Jana Jyoti Boarding School, Simraha", "amenity": "school", "addr_city": null, "osm_id": 11991576878, "osm_type": "nodes" }, "geometry": { "type": "Point", "coordinates": [ 86.5667456, 26.5163105 ] } },
{ "type": "Feature", "properties": { "name": "?????? ??????? ??????", "amenity": "school", "addr_city": null, "osm_id": 9787626498, "osm_type": "nodes" }, "geometry": { "type": "Point", "coordinates": [ 81.8779831, 29.9196949 ] } },
{ "type": "Feature", "properties": { "name": "Dhudhela Bhawani Secondry School Jhusku", "amenity": "school", "addr_city": null, "osm_id": 9787384252, "osm_type": "nodes" }, "geometry": { "type": "Point", "coordinates": [ 80.8738785, 29.8209515 ] } },
{ "type": "Feature", "properties": { "name": "Maklarjun Basic School", "amenity": "school", "addr_city": null, "osm_id": 9695044582, "osm_type": "nodes" }, "geometry": { "type": "Point", "coordinates": [ 80.4365945, 29.8040852 ] } },
{ "type": "Feature", "properties": { "name": "Maklarjun Basic School", "amenity": "school", "addr_city": null, "osm_id": 9695044582, "osm_type": "nodes" }, "geometry": { "type": "Point", "coordinates": [ 80.4365945, 29.8040852 ] } },
{ "type": "Feature", "properties": { "name": "Shree Bhumiraj Secondry School", "amenity": "school", "addr_city": null, "osm_id": 9787344270, "osm_type": "nodes" }, "geometry": { "type": "Point", "coordinates": [ 80.6629181, 29.8023071 ] } },
{ "type": "Feature", "properties": { "name": "Shree Dhuli Samudayik Madhyamik Bidhyalaya", "amenity": "school", "addr_city": null, "osm_id": 8310801212, "osm_type": "nodes" }, "geometry": { "type": "Point", "coordinates": [ 81.2793184, 29.7736537 ] } },
{ "type": "Feature", "properties": { "name": "Shre Surma Devi Pra.Bhi", "amenity": "school", "addr_city": null, "osm_id": 8310801213, "osm_type": "nodes" }, "geometry": { "type": "Point", "coordinates": [ 81.27464, 29.7709734 ] } },
{ "type": "Feature", "properties": { "name": "????????? ???????? ???????? ?????", "amenity": "school", "addr_city": null, "osm_id": 9787384219, "osm_type": "nodes" }, "geometry": { "type": "Point", "coordinates": [ 80.7330475, 29.7516327 ] } },
{ "type": "Feature", "properties": { "name": "Bidya Jyoti Primary School", "amenity": "school", "addr_city": null, "osm_id": 6097868772, "osm_type": "nodes" }, "geometry": { "type": "Point", "coordinates": [ 82.066935, 29.7435283 ] } },
{ "type": "Feature", "properties": { "name": "Shree Durgesori Aa.Bi Dah", "amenity": "school", "addr_city": null, "osm_id": 9787384244, "osm_type": "nodes" }, "geometry": { "type": "Point", "coordinates": [ 80.8594894, 29.7286472 ] } },
{ "type": "Feature", "properties": { "name": "???? ???????? ??????? ????????", "amenity": "school", "addr_city": null, "osm_id": 9789553225, "osm_type": "nodes" }, "geometry": { "type": "Point", "coordinates": [ 82.514679, 29.726294 ] } },
{ "type": "Feature", "properties": { "name": null, "amenity": "school", "addr_city": null, "osm_id": 7244394163, "osm_type": "nodes" }, "geometry": { "type": "Point", "coordinates": [ 82.5146494, 29.7264014 ] } },
{ "type": "Feature", "properties": { "name": "???? ????? ?? ?? ???????", "amenity": "school", "addr_city": null, "osm_id": 9787344304, "osm_type": "nodes" }, "geometry": { "type": "Point", "coordinates": [ 80.6233063, 29.7333279 ] } },
{ "type": "Feature", "properties": { "name": "???? ????????? ??????? ???????? ??????? ????? 5 ????????", "amenity": "school", "addr_city": null, "osm_id": 9787344282, "osm_type": "nodes" }, "geometry": { "type": "Point", "coordinates": [ 80.6554571, 29.7355336 ] } },
{ "type": "Feature", "properties": { "name": "???? ????? ??????? ???????? ???????", "amenity": "school", "addr_city": null, "osm_id": 9787344281, "osm_type": "nodes" }, "geometry": { "type": "Point", "coordinates": [ 80.6799774, 29.7486191 ] } },
{ "type": "Feature", "properties": { "name": "?????? ?? ?? ????????", "amenity": "school", "addr_city": null, "osm_id": 9787344314, "osm_type": "nodes" }, "geometry": { "type": "Point", "coordinates": [ 80.7319565, 29.727232 ] } },
{ "type": "Feature", "properties": { "name": "????? ??? ????? ?? ?? ????", "amenity": "school", "addr_city": null, "osm_id": 9787384226, "osm_type": "nodes" }, "geometry": { "type": "Point", "coordinates": [ 80.7303848, 29.7288322 ] } },
{ "type": "Feature", "properties": { "name": "Hatinatha Aa.Bi", "amenity": "school", "addr_city": null, "osm_id": 9787384232, "osm_type": "nodes" }, "geometry": { "type": "Point", "coordinates": [ 80.7007065, 29.7182236 ] } },
{ "type": "Feature", "properties": { "name": "Samaugi Ma.Bi. Ganna", "amenity": "school", "addr_city": null, "osm_id": 9785390067, "osm_type": "nodes" }, "geometry": { "type": "Point", "coordinates": [ 80.6797333, 29.6924248 ] } },
{ "type": "Feature", "properties": { "name": "???? ?????? ????? ?????? ???????? ???????? -03????? ?????", "amenity": "school", "addr_city": null, "osm_id": 9785390103, "osm_type": "nodes" }, "geometry": { "type": "Point", "coordinates": [ 80.6617203, 29.6824188 ] } },
{ "type": "Feature", "properties": { "name": "Shree Satya Prakash Secondary School", "amenity": "school", "addr_city": null, "osm_id": 11135703634, "osm_type": "nodes" }, "geometry": { "type": "Point", "coordinates": [ 80.6069523, 29.6875145 ] } },
{ "type": "Feature", "properties": { "name": "Betaleshwor Basic School Basigau", "amenity": "school", "addr_city": null, "osm_id": 9785390064, "osm_type": "nodes" }, "geometry": { "type": "Point", "coordinates": [ 80.5699463, 29.6769791 ] } },
{ "type": "Feature", "properties": { "name": "Gokuleshwor Multiple Campus Darchula", "amenity": "school", "addr_city": "Gokuleswor", "osm_id": 9070233742, "osm_type": "nodes" }, "geometry": { "type": "Point", "coordinates": [ 80.550615, 29.6684098 ] } },
{ "type": "Feature", "properties": { "name": "??????? ?? ?? ???????", "amenity": "school", "addr_city": null, "osm_id": 9785390075, "osm_type": "nodes" }, "geometry": { "type": "Point", "coordinates": [ 80.5326165, 29.6593781 ] } },
{ "type": "Feature", "properties": { "name": "?????? ???? ??? ??????", "amenity": "school", "addr_city": null, "osm_id": 9787469835, "osm_type": "nodes" }, "geometry": { "type": "Point", "coordinates": [ 81.2161636, 29.6229038 ] } },
{ "type": "Feature", "properties": { "name": "Kalika Pra.Bhi", "amenity": "school", "addr_city": null, "osm_id": 8310801222, "osm_type": "nodes" }, "geometry": { "type": "Point", "coordinates": [ 81.2163877, 29.6228276 ] } },
{ "type": "Feature", "properties": { "name": "Shree Samaiji Primary School", "amenity": "school", "addr_city": null, "osm_id": 9785467160, "osm_type": "nodes" }, "geometry": { "type": "Point", "coordinates": [ 80.6518854, 29.6208882 ] } },
{ "type": "Feature", "properties": { "name": "Shree Nepal Rastriya Secondary School", "amenity": "school", "addr_city": null, "osm_id": 9785467163, "osm_type": "nodes" }, "geometry": { "type": "Point", "coordinates": [ 80.6674065, 29.6099645 ] } },
{ "type": "Feature", "properties": { "name": null, "amenity": "school", "addr_city": null, "osm_id": 7249302313, "osm_type": "nodes" }, "geometry": { "type": "Point", "coordinates": [ 82.0469746, 29.6114923 ] } },
{ "type": "Feature", "properties": { "name": "????? ????? ?? ??", "amenity": "school", "addr_city": null, "osm_id": 9787469845, "osm_type": "nodes" }, "geometry": { "type": "Point", "coordinates": [ 81.3060226, 29.6085033 ] } },
{ "type": "Feature", "properties": { "name": "????? ??????? ????????", "amenity": "school", "addr_city": null, "osm_id": 9787469852, "osm_type": "nodes" }, "geometry": { "type": "Point", "coordinates": [ 81.293396, 29.6055374 ] } },
{ "type": "Feature", "properties": { "name": "???? ?????? ?????? ??????? ??????", "amenity": "school", "addr_city": null, "osm_id": 9787469832, "osm_type": "nodes" }, "geometry": { "type": "Point", "coordinates": [ 81.3107529, 29.6361713 ] } },
{ "type": "Feature", "properties": { "name": "Shree Siddhi Binayak School", "amenity": "school", "addr_city": null, "osm_id": 8310801219, "osm_type": "nodes" }, "geometry": { "type": "Point", "coordinates": [ 81.310654, 29.6358828 ] } },
{ "type": "Feature", "properties": { "name": "shree shivadev basic school", "amenity": "school", "addr_city": null, "osm_id": 9789593777, "osm_type": "nodes" }, "geometry": { "type": "Point", "coordinates": [ 81.9607468, 29.6068687 ] } },
{ "type": "Feature", "properties": { "name": null, "amenity": "school", "addr_city": null, "osm_id": 7249302310, "osm_type": "nodes" }, "geometry": { "type": "Point", "coordinates": [ 81.9607623, 29.6070016 ] } },
{ "type": "Feature", "properties": { "name": null, "amenity": "school", "addr_city": null, "osm_id": 7249302315, "osm_type": "nodes" }, "geometry": { "type": "Point", "coordinates": [ 82.0769816, 29.593703 ] } },
{ "type": "Feature", "properties": { "name": null, "amenity": "school", "addr_city": null, "osm_id": 7249304962, "osm_type": "nodes" }, "geometry": { "type": "Point", "coordinates": [ 82.0762496, 29.5942773 ] } },
{ "type": "Feature", "properties": { "name": "shree rara secondary school", "amenity": "school", "addr_city": null, "osm_id": 9789593783, "osm_type": "nodes" }, "geometry": { "type": "Point", "coordinates": [ 82.0762329, 29.5943432 ] } },
{ "type": "Feature", "properties": { "name": "shree mahadab adharbhut bidhlaya yachedhara", "amenity": "school", "addr_city": null, "osm_id": 9789593782, "osm_type": "nodes" }, "geometry": { "type": "Point", "coordinates": [ 82.0957565, 29.588625 ] } },
{ "type": "Feature", "properties": { "name": null, "amenity": "school", "addr_city": null, "osm_id": 7249302288, "osm_type": "nodes" }, "geometry": { "type": "Point", "coordinates": [ 82.0958204, 29.5886529 ] } },
{ "type": "Feature", "properties": { "name": "Shree Jana Nirpal Primary School", "amenity": "school", "addr_city": null, "osm_id": 9785467176, "osm_type": "nodes" }, "geometry": { "type": "Point", "coordinates": [ 80.708475, 29.589765 ] } },
{ "type": "Feature", "properties": { "name": null, "amenity": "school", "addr_city": null, "osm_id": 12408996804, "osm_type": "nodes" }, "geometry": { "type": "Point", "coordinates": [ 82.4870682, 29.6146489 ] } },
{ "type": "Feature", "properties": { "name": "Shree Janchetana Primary School", "amenity": "school", "addr_city": null, "osm_id": 9785467171, "osm_type": "nodes" }, "geometry": { "type": "Point", "coordinates": [ 80.7106617, 29.5788967 ] } },
{ "type": "Feature", "properties": { "name": "???? ??????? ??????? ???????? ????", "amenity": "school", "addr_city": null, "osm_id": 9789553233, "osm_type": "nodes" }, "geometry": { "type": "Point", "coordinates": [ 82.3985155, 29.5789145 ] } },
{ "type": "Feature", "properties": { "name": "?????? ???????? ?????? ???? ????", "amenity": "school", "addr_city": null, "osm_id": 9789554089, "osm_type": "nodes" }, "geometry": { "type": "Point", "coordinates": [ 82.1211967, 29.5767017 ] } },
{ "type": "Feature", "properties": { "name": null, "amenity": "school", "addr_city": null, "osm_id": 7249302316, "osm_type": "nodes" }, "geometry": { "type": "Point", "coordinates": [ 82.1208865, 29.5766361 ] } },
{ "type": "Feature", "properties": { "name": "???? ????? ?????????? ?????? ???", "amenity": "school", "addr_city": null, "osm_id": 9787510401, "osm_type": "nodes" }, "geometry": { "type": "Point", "coordinates": [ 81.197395, 29.55282 ] } },
{ "type": "Feature", "properties": { "name": "???? ????? ?????????? ??????? ?????", "amenity": "school", "addr_city": null, "osm_id": 9787510402, "osm_type": "nodes" }, "geometry": { "type": "Point", "coordinates": [ 81.197645, 29.5532417 ] } },
{ "type": "Feature", "properties": { "name": "???? ??? ??????? ?.??.", "amenity": "school", "addr_city": null, "osm_id": 9787549217, "osm_type": "nodes" }, "geometry": { "type": "Point", "coordinates": [ 81.1981033, 29.5518367 ] } },
{ "type": "Feature", "properties": { "name": "???? ???? ????? ?????? ??????", "amenity": "school", "addr_city": null, "osm_id": 9787510390, "osm_type": "nodes" }, "geometry": { "type": "Point", "coordinates": [ 81.19661, 29.55123 ] } },
{ "type": "Feature", "properties": { "name": "???? ???? ????? ?????? ??? ??????????? ????????", "amenity": "school", "addr_city": null, "osm_id": 9787510414, "osm_type": "nodes" }, "geometry": { "type": "Point", "coordinates": [ 81.1967117, 29.5521217 ] } },
{ "type": "Feature", "properties": { "name": "???? ???? ???????? ????????", "amenity": "school", "addr_city": null, "osm_id": 12721873814, "osm_type": "nodes" }, "geometry": { "type": "Point", "coordinates": [ 80.859669, 29.5491287 ] } },
{ "type": "Feature", "properties": { "name": null, "amenity": "school", "addr_city": null, "osm_id": 12426252910, "osm_type": "nodes" }, "geometry": { "type": "Point", "coordinates": [ 82.9502647, 29.5349715 ] } },
{ "type": "Feature", "properties": { "name": "Rauleshwar Ma.BI", "amenity": "school", "addr_city": null, "osm_id": 11226277830, "osm_type": "nodes" }, "geometry": { "type": "Point", "coordinates": [ 80.5932214, 29.5220775 ] } },
{ "type": "Feature", "properties": { "name": "???? ??????? ??? ????? ???????, ??????", "amenity": "school", "addr_city": null, "osm_id": 9787485112, "osm_type": "nodes" }, "geometry": { "type": "Point", "coordinates": [ 80.8849667, 29.5038017 ] } },
{ "type": "Feature", "properties": { "name": "???? ??????? ????????? ??????? ??????", "amenity": "school", "addr_city": null, "osm_id": 9787659083, "osm_type": "nodes" }, "geometry": { "type": "Point", "coordinates": [ 81.7337341, 29.454298 ] } },
{ "type": "Feature", "properties": { "name": "Kalyanpur Basic School", "amenity": "school", "addr_city": null, "osm_id": 9785410567, "osm_type": "nodes" }, "geometry": { "type": "Point", "coordinates": [ 80.2951736, 29.4488068 ] } },
{ "type": "Feature", "properties": { "name": "??????? ??????? ????????, ?????", "amenity": "school", "addr_city": null, "osm_id": 9785449941, "osm_type": "nodes" }, "geometry": { "type": "Point", "coordinates": [ 80.596845, 29.4272283 ] } },
{ "type": "Feature", "properties": { "name": "???? ?????????? ??????? ????????, ?????", "amenity": "school", "addr_city": null, "osm_id": 9785449940, "osm_type": "nodes" }, "geometry": { "type": "Point", "coordinates": [ 80.4751717, 29.4267733 ] } },
{ "type": "Feature", "properties": { "name": "??????.??.????????? ? ?????", "amenity": "school", "addr_city": null, "osm_id": 9785410585, "osm_type": "nodes" }, "geometry": { "type": "Point", "coordinates": [ 80.284874, 29.4090729 ] } },
{ "type": "Feature", "properties": { "name": "?????? ??? ??????? ??????? ?????", "amenity": "school", "addr_city": null, "osm_id": 9787579596, "osm_type": "nodes" }, "geometry": { "type": "Point", "coordinates": [ 81.41112, 29.4057217 ] } },
{ "type": "Feature", "properties": { "name": "???? ?????????? ??????? ????????? ????????", "amenity": "school", "addr_city": null, "osm_id": 9787579580, "osm_type": "nodes" }, "geometry": { "type": "Point", "coordinates": [ 81.4569949, 29.4399257 ] } },
{ "type": "Feature", "properties": { "name": "????? ????????? ?? ?? ???????", "amenity": "school", "addr_city": null, "osm_id": 9787579599, "osm_type": "nodes" }, "geometry": { "type": "Point", "coordinates": [ 81.4270824, 29.4179038 ] } },
{ "type": "Feature", "properties": { "name": "???? ???????? ???????", "amenity": "school", "addr_city": null, "osm_id": 9787579589, "osm_type": "nodes" }, "geometry": { "type": "Point", "coordinates": [ 81.4364911, 29.422824 ] } },
{ "type": "Feature", "properties": { "name": "???? ?????? ? ?? ?????", "amenity": "school", "addr_city": null, "osm_id": 9787392021, "osm_type": "nodes" }, "geometry": { "type": "Point", "coordinates": [ 81.0053787, 29.3753891 ] } },
{ "type": "Feature", "properties": { "name": "??????? ????? ??? ?????? ????? 5 ??? ?????????", "amenity": "school", "addr_city": null, "osm_id": 9789464709, "osm_type": "nodes" }, "geometry": { "type": "Point", "coordinates": [ 81.8329355, 29.3430725 ] } },
{ "type": "Feature", "properties": { "name": "????? ????.??. ???", "amenity": "school", "addr_city": null, "osm_id": 9787382477, "osm_type": "nodes" }, "geometry": { "type": "Point", "coordinates": [ 80.5614166, 29.3183098 ] } },
{ "type": "Feature", "properties": { "name": "????? ????? ??? ????? ??????? ???? 7 ??????", "amenity": "school", "addr_city": null, "osm_id": 9789464686, "osm_type": "nodes" }, "geometry": { "type": "Point", "coordinates": [ 81.7888953, 29.3261259 ] } },
{ "type": "Feature", "properties": { "name": "Potasili Primary School", "amenity": "school", "addr_city": null, "osm_id": 6138497696, "osm_type": "nodes" }, "geometry": { "type": "Point", "coordinates": [ 81.984412, 29.3163647 ] } },
{ "type": "Feature", "properties": { "name": "GP Boarding School", "amenity": "school", "addr_city": null, "osm_id": 6138497179, "osm_type": "nodes" }, "geometry": { "type": "Point", "coordinates": [ 82.228243, 29.3044323 ] } },
{ "type": "Feature", "properties": { "name": null, "amenity": "school", "addr_city": null, "osm_id": 8221262369, "osm_type": "nodes" }, "geometry": { "type": "Point", "coordinates": [ 80.6742111, 29.3031409 ] } },
{ "type": "Feature", "properties": { "name": "Picezone Academy Banedungrisain", "amenity": "school", "addr_city": null, "osm_id": 9787449910, "osm_type": "nodes" }, "geometry": { "type": "Point", "coordinates": [ 80.7933044, 29.2949409 ] } },
{ "type": "Feature", "properties": { "name": "Shree Shideswor Beshik School", "amenity": "school", "addr_city": null, "osm_id": 9787449890, "osm_type": "nodes" }, "geometry": { "type": "Point", "coordinates": [ 80.7910767, 29.2954159 ] } },
{ "type": "Feature", "properties": { "name": "???? ??????? ?? ?? ????????", "amenity": "school", "addr_city": null, "osm_id": 9789464693, "osm_type": "nodes" }, "geometry": { "type": "Point", "coordinates": [ 81.782265, 29.296343 ] } },
{ "type": "Feature", "properties": { "name": "Shambhunath Gyankunj School", "amenity": "school", "addr_city": null, "osm_id": 11977702739, "osm_type": "nodes" }, "geometry": { "type": "Point", "coordinates": [ 82.1416397, 29.2593861 ] } },
{ "type": "Feature", "properties": { "name": "Paropakar ECD", "amenity": "kindergarten", "addr_city": null, "osm_id": 11977702737, "osm_type": "nodes" }, "geometry": { "type": "Point", "coordinates": [ 82.141655, 29.2595387 ] } },
{ "type": "Feature", "properties": { "name": "Debi ECD", "amenity": "kindergarten", "addr_city": null, "osm_id": 11977702738, "osm_type": "nodes" }, "geometry": { "type": "Point", "coordinates": [ 82.1415939, 29.2595253 ] } },
{ "type": "Feature", "properties": { "name": "Himshikhar Ma. Vi.,Tatopani", "amenity": "school", "addr_city": null, "osm_id": 5890512100, "osm_type": "nodes" }, "geometry": { "type": "Point", "coordinates": [ 82.058527, 29.2347239 ] } },
{ "type": "Feature", "properties": { "name": null, "amenity": "school", "addr_city": null, "osm_id": 6138497155, "osm_type": "nodes" }, "geometry": { "type": "Point", "coordinates": [ 82.05942, 29.235025 ] } },
{ "type": "Feature", "properties": { "name": "???? ?????? ?????? ???????", "amenity": "school", "addr_city": null, "osm_id": 9789487677, "osm_type": "nodes" }, "geometry": { "type": "Point", "coordinates": [ 81.631935, 29.220073 ] } },
{ "type": "Feature", "properties": { "name": null, "amenity": "school", "addr_city": null, "osm_id": 6138497166, "osm_type": "nodes" }, "geometry": { "type": "Point", "coordinates": [ 81.9506949, 29.2262852 ] } },
{ "type": "Feature", "properties": { "name": "Malika Secondary School", "amenity": "school", "addr_city": null, "osm_id": 8231311040, "osm_type": "nodes" }, "geometry": { "type": "Point", "coordinates": [ 81.9004645, 29.1942192 ] } },
{ "type": "Feature", "properties": { "name": "Shree Sarita Secondari School", "amenity": "school", "addr_city": null, "osm_id": 9787393000, "osm_type": "nodes" }, "geometry": { "type": "Point", "coordinates": [ 81.3895361, 29.1733527 ] } },
{ "type": "Feature", "properties": { "name": "???? ??? ????? ??????? ????????, ?????", "amenity": "school", "addr_city": null, "osm_id": 9789488453, "osm_type": "nodes" }, "geometry": { "type": "Point", "coordinates": [ 81.620722, 29.167425 ] } },
{ "type": "Feature", "properties": { "name": "Rahakarnali Basic School", "amenity": "school", "addr_city": null, "osm_id": 11941493877, "osm_type": "nodes" }, "geometry": { "type": "Point", "coordinates": [ 81.5677544, 29.1278227 ] } },
{ "type": "Feature", "properties": { "name": "SHRI TARA TRIBENI BAL BIKAS KENDRA", "amenity": "school", "addr_city": null, "osm_id": 8310400525, "osm_type": "nodes" }, "geometry": { "type": "Point", "coordinates": [ 81.7754332, 29.1464453 ] } },
{ "type": "Feature", "properties": { "name": "Jagadulla Basic School", "amenity": "school", "addr_city": null, "osm_id": 8306374192, "osm_type": "nodes" }, "geometry": { "type": "Point", "coordinates": [ 82.6007925, 29.11864 ] } },
{ "type": "Feature", "properties": { "name": "Gumba School", "amenity": "school", "addr_city": null, "osm_id": 8306374182, "osm_type": "nodes" }, "geometry": { "type": "Point", "coordinates": [ 82.6015636, 29.1153642 ] } },
{ "type": "Feature", "properties": { "name": "Kalika Besic School", "amenity": "school", "addr_city": null, "osm_id": 9787487017, "osm_type": "nodes" }, "geometry": { "type": "Point", "coordinates": [ 80.686609, 29.108875 ] } },
{ "type": "Feature", "properties": { "name": "Janata Secondary School", "amenity": "school", "addr_city": null, "osm_id": 8344087177, "osm_type": "nodes" }, "geometry": { "type": "Point", "coordinates": [ 81.5567815, 29.105963 ] } },
{ "type": "Feature", "properties": { "name": "???? ?????? ??????? ????????", "amenity": "school", "addr_city": null, "osm_id": 9789488466, "osm_type": "nodes" }, "geometry": { "type": "Point", "coordinates": [ 81.696999, 29.108282 ] } },
{ "type": "Feature", "properties": { "name": "Shree Bhimhari Basic School", "amenity": "school", "addr_city": null, "osm_id": 8342851655, "osm_type": "nodes" }, "geometry": { "type": "Point", "coordinates": [ 81.6972535, 29.1082072 ] } },
{ "type": "Feature", "properties": { "name": "Jagatamb Basic School", "amenity": "school", "addr_city": null, "osm_id": 9787487069, "osm_type": "nodes" }, "geometry": { "type": "Point", "coordinates": [ 80.663336, 29.07474 ] } },
{ "type": "Feature", "properties": { "name": "??????? ??????? ????????", "amenity": "school", "addr_city": null, "osm_id": 9787392980, "osm_type": "nodes" }, "geometry": { "type": "Point", "coordinates": [ 81.2669908, 29.0424897 ] } },
{ "type": "Feature", "properties": { "name": "???? ???? ?.??. ??????? ???? 1 ??????", "amenity": "school", "addr_city": null, "osm_id": 9787372432, "osm_type": "nodes" }, "geometry": { "type": "Point", "coordinates": [ 80.6925964, 29.0138626 ] } },
{ "type": "Feature", "properties": { "name": "Tripurakot Secondary School, Muddu", "amenity": "school", "addr_city": null, "osm_id": 8266262078, "osm_type": "nodes" }, "geometry": { "type": "Point", "coordinates": [ 82.811015, 29.009465 ] } },
{ "type": "Feature", "properties": { "name": "Nabadurga Balbikasha School", "amenity": "school", "addr_city": null, "osm_id": 9787384295, "osm_type": "nodes" }, "geometry": { "type": "Point", "coordinates": [ 81.4095993, 29.0009403 ] } },
{ "type": "Feature", "properties": { "name": "Shree Aadresh Basic School", "amenity": "school", "addr_city": null, "osm_id": 9787462365, "osm_type": "nodes" }, "geometry": { "type": "Point", "coordinates": [ 80.7424164, 29.0097103 ] } },
{ "type": "Feature", "properties": { "name": "Shree Durga School", "amenity": "school", "addr_city": null, "osm_id": 9787487053, "osm_type": "nodes" }, "geometry": { "type": "Point", "coordinates": [ 80.7323, 29.01152 ] } },
{ "type": "Feature", "properties": { "name": "shree janata aadharbhut bidhyalaya tolpa", "amenity": "school", "addr_city": null, "osm_id": 9530863435, "osm_type": "nodes" }, "geometry": { "type": "Point", "coordinates": [ 81.5676166, 28.975344 ] } },
{ "type": "Feature", "properties": { "name": "Little Buddha Academy", "amenity": "school", "addr_city": null, "osm_id": 9776217469, "osm_type": "nodes" }, "geometry": { "type": "Point", "coordinates": [ 80.188351, 28.9715652 ] } },
{ "type": "Feature", "properties": { "name": "Baby Care Montessori", "amenity": "school", "addr_city": null, "osm_id": 9776217488, "osm_type": "nodes" }, "geometry": { "type": "Point", "coordinates": [ 80.1726749, 28.9671719 ] } },
{ "type": "Feature", "properties": { "name": "Shree Mohanayal Adarbhut School", "amenity": "school", "addr_city": null, "osm_id": 9787368108, "osm_type": "nodes" }, "geometry": { "type": "Point", "coordinates": [ 80.940239, 28.9374256 ] } },
{ "type": "Feature", "properties": { "name": "Mohnayal Aadharbhut School", "amenity": "school", "addr_city": null, "osm_id": 9787368089, "osm_type": "nodes" }, "geometry": { "type": "Point", "coordinates": [ 80.9402084, 28.9372826 ] } },
{ "type": "Feature", "properties": { "name": "?????? ???? ??? ????? ????????", "amenity": "school", "addr_city": null, "osm_id": 9787368103, "osm_type": "nodes" }, "geometry": { "type": "Point", "coordinates": [ 80.8418198, 28.9538174 ] } },
{ "type": "Feature", "properties": { "name": "??????? ??? ?????? ?????", "amenity": "school", "addr_city": null, "osm_id": 9787368069, "osm_type": "nodes" }, "geometry": { "type": "Point", "coordinates": [ 80.8795853, 28.9674721 ] } },
{ "type": "Feature", "properties": { "name": "shree omkot aadharbhut bidhyalaya", "amenity": "school", "addr_city": null, "osm_id": 9530863462, "osm_type": "nodes" }, "geometry": { "type": "Point", "coordinates": [ 81.5080889, 28.9258527 ] } },
{ "type": "Feature", "properties": { "name": "Ramghat Basic School", "amenity": "school", "addr_city": null, "osm_id": 11983450526, "osm_type": "nodes" }, "geometry": { "type": "Point", "coordinates": [ 81.4781767, 28.9136488 ] } },
{ "type": "Feature", "properties": { "name": "shree ashigram secondary school", "amenity": "school", "addr_city": null, "osm_id": 9776217454, "osm_type": "nodes" }, "geometry": { "type": "Point", "coordinates": [ 80.3653228, 28.9167292 ] } },
{ "type": "Feature", "properties": { "name": "???? ???? ???????? ?????? ?????? ?? ?? 1 ?????? ????", "amenity": "school", "addr_city": null, "osm_id": 9787613239, "osm_type": "nodes" }, "geometry": { "type": "Point", "coordinates": [ 81.8086319, 28.9074383 ] } },
{ "type": "Feature", "properties": { "name": "????? ????????? ??????? ????????", "amenity": "school", "addr_city": null, "osm_id": 9787569298, "osm_type": "nodes" }, "geometry": { "type": "Point", "coordinates": [ 81.7773856, 28.894766 ] } },
{ "type": "Feature", "properties": { "name": "??????? ??? ?????", "amenity": "school", "addr_city": null, "osm_id": 9787368094, "osm_type": "nodes" }, "geometry": { "type": "Point", "coordinates": [ 81.0541992, 28.8662968 ] } },
{ "type": "Feature", "properties": { "name": "???? ???????? ???", "amenity": "school", "addr_city": null, "osm_id": 9796062812, "osm_type": "nodes" }, "geometry": { "type": "Point", "coordinates": [ 80.0686111, 28.8744164 ] } },
{ "type": "Feature", "properties": { "name": "Jan Jyoti Elementary School", "amenity": "school", "addr_city": null, "osm_id": 9776217473, "osm_type": "nodes" }, "geometry": { "type": "Point", "coordinates": [ 80.3305349, 28.8568797 ] } },
{ "type": "Feature", "properties": { "name": "Shree Nawdurga Rastriya Aadharbhut School", "amenity": "school", "addr_city": null, "osm_id": 9787368064, "osm_type": "nodes" }, "geometry": { "type": "Point", "coordinates": [ 81.1494751, 28.8433456 ] } },
{ "type": "Feature", "properties": { "name": "???????? ??????? ????????", "amenity": "school", "addr_city": null, "osm_id": 9796092620, "osm_type": "nodes" }, "geometry": { "type": "Point", "coordinates": [ 80.0719986, 28.8318996 ] } },
{ "type": "Feature", "properties": { "name": "Pashupati English Boarding School", "amenity": "school", "addr_city": null, "osm_id": 9796062788, "osm_type": "nodes" }, "geometry": { "type": "Point", "coordinates": [ 80.0917969, 28.9365368 ] } },
{ "type": "Feature", "properties": { "name": "????? ??????? ????????", "amenity": "school", "addr_city": null, "osm_id": 9796062816, "osm_type": "nodes" }, "geometry": { "type": "Point", "coordinates": [ 80.0954666, 28.8353024 ] } },
{ "type": "Feature", "properties": { "name": "?????? ??????? ????????", "amenity": "school", "addr_city": null, "osm_id": 9796062804, "osm_type": "nodes" }, "geometry": { "type": "Point", "coordinates": [ 80.1028061, 28.912262 ] } },
{ "type": "Feature", "properties": { "name": "?????????? ? ??", "amenity": "school", "addr_city": null, "osm_id": 9796062809, "osm_type": "nodes" }, "geometry": { "type": "Point", "coordinates": [ 80.0986862, 28.86866 ] } },
{ "type": "Feature", "properties": { "name": "???????? ??????? ????????", "amenity": "school", "addr_city": null, "osm_id": 9796092620, "osm_type": "nodes" }, "geometry": { "type": "Point", "coordinates": [ 80.0719986, 28.8318996 ] } },
{ "type": "Feature", "properties": { "name": "Shree Himalayan Acedamy", "amenity": "school", "addr_city": null, "osm_id": 9796062796, "osm_type": "nodes" }, "geometry": { "type": "Point", "coordinates": [ 80.0896988, 28.9465237 ] } },
{ "type": "Feature", "properties": { "name": "???? ?????? ?????? ?????", "amenity": "school", "addr_city": null, "osm_id": 9796062800, "osm_type": "nodes" }, "geometry": { "type": "Point", "coordinates": [ 80.0893707, 28.9559116 ] } },
{ "type": "Feature", "properties": { "name": "Nawa Durga Prathamik Vidhyalaya", "amenity": "school", "addr_city": null, "osm_id": 9591197109, "osm_type": "nodes" }, "geometry": { "type": "Point", "coordinates": [ 80.590175, 28.8201778 ] } },
{ "type": "Feature", "properties": { "name": "Janchetana Basic School", "amenity": "school", "addr_city": null, "osm_id": 11941474368, "osm_type": "nodes" }, "geometry": { "type": "Point", "coordinates": [ 80.370525, 28.8085391 ] } },
{ "type": "Feature", "properties": { "name": "Little Champs Montessori Pre School", "amenity": "school", "addr_city": null, "osm_id": 9591267053, "osm_type": "nodes" }, "geometry": { "type": "Point", "coordinates": [ 80.5524928, 28.8020365 ] } },
{ "type": "Feature", "properties": { "name": "Shree JK secondary school", "amenity": "school", "addr_city": null, "osm_id": 9591267065, "osm_type": "nodes" }, "geometry": { "type": "Point", "coordinates": [ 80.5553323, 28.8001059 ] } },
{ "type": "Feature", "properties": { "name": "Kholeghari School", "amenity": "school", "addr_city": null, "osm_id": 10857170776, "osm_type": "nodes" }, "geometry": { "type": "Point", "coordinates": [ 81.8306793, 28.7899152 ] } },
{ "type": "Feature", "properties": { "name": "Shiv Primary School,Samadaijee", "amenity": "school", "addr_city": null, "osm_id": 9776217456, "osm_type": "nodes" }, "geometry": { "type": "Point", "coordinates": [ 80.258925, 28.9501518 ] } },
{ "type": "Feature", "properties": { "name": "Shree Ratna Secondary School", "amenity": "school", "addr_city": null, "osm_id": 9776217440, "osm_type": "nodes" }, "geometry": { "type": "Point", "coordinates": [ 80.2635022, 28.9284894 ] } },
{ "type": "Feature", "properties": { "name": "Shree Dovan Vidya Jyoti Primary School", "amenity": "school", "addr_city": null, "osm_id": 11985006418, "osm_type": "nodes" }, "geometry": { "type": "Point", "coordinates": [ 82.0579363, 28.7625256 ] } },
{ "type": "Feature", "properties": { "name": "Birgauda Secondaary School", "amenity": "school", "addr_city": null, "osm_id": 11939902276, "osm_type": "nodes" }, "geometry": { "type": "Point", "coordinates": [ 81.2755036, 28.7545106 ] } },
{ "type": "Feature", "properties": { "name": "Nigalasaini Gurukul Sanskrit Bidyapith", "amenity": "school", "addr_city": "Dhangadhi SMPC Ward No 13", "osm_id": 8460552568, "osm_type": "nodes" }, "geometry": { "type": "Point", "coordinates": [ 80.5745398, 28.7384634 ] } },
{ "type": "Feature", "properties": { "name": "King Fisher Secondary School", "amenity": "school", "addr_city": "Dhangahdi Submetropolitan City", "osm_id": 8460552567, "osm_type": "nodes" }, "geometry": { "type": "Point", "coordinates": [ 80.5775151, 28.7411576 ] } },
{ "type": "Feature", "properties": { "name": null, "amenity": "school", "addr_city": "Dhangahdi Submetropolitan City", "osm_id": 4876455725, "osm_type": "nodes" }, "geometry": { "type": "Point", "coordinates": [ 80.5696283, 28.7430126 ] } },
{ "type": "Feature", "properties": { "name": null, "amenity": "school", "addr_city": "Dhangahdi Submetropolitan City", "osm_id": 4876456122, "osm_type": "nodes" }, "geometry": { "type": "Point", "coordinates": [ 80.5770084, 28.7373081 ] } },
{ "type": "Feature", "properties": { "name": "Shree Prakash Gyan Jyoti Academy", "amenity": "school", "addr_city": null, "osm_id": 11940800418, "osm_type": "nodes" }, "geometry": { "type": "Point", "coordinates": [ 80.3053634, 28.7239829 ] } },
{ "type": "Feature", "properties": { "name": "???? ?????? ???????? ??????", "amenity": "school", "addr_city": null, "osm_id": 9788254017, "osm_type": "nodes" }, "geometry": { "type": "Point", "coordinates": [ 81.427475, 28.7207127 ] } },
{ "type": "Feature", "properties": { "name": "Lal Patan Aa.Vi.", "amenity": "school", "addr_city": null, "osm_id": 9779458470, "osm_type": "nodes" }, "geometry": { "type": "Point", "coordinates": [ 82.7166214, 28.6967259 ] } },
{ "type": "Feature", "properties": { "name": "Latinath Institute of Technical Education", "amenity": "school", "addr_city": null, "osm_id": 9591267043, "osm_type": "nodes" }, "geometry": { "type": "Point", "coordinates": [ 80.5473046, 28.8132954 ] } },
{ "type": "Feature", "properties": { "name": "Shree Pancha Dhin Secondary School", "amenity": "school", "addr_city": null, "osm_id": 9530813338, "osm_type": "nodes" }, "geometry": { "type": "Point", "coordinates": [ 80.5417621, 28.7336176 ] } },
{ "type": "Feature", "properties": { "name": "Puspanjali English Boarding School", "amenity": "school", "addr_city": null, "osm_id": 9591197113, "osm_type": "nodes" }, "geometry": { "type": "Point", "coordinates": [ 80.5449722, 28.8125583 ] } },
{ "type": "Feature", "properties": { "name": "Mandev Balbalika Montessori School", "amenity": "school", "addr_city": null, "osm_id": 9591267030, "osm_type": "nodes" }, "geometry": { "type": "Point", "coordinates": [ 80.5462622, 28.8100893 ] } },
{ "type": "Feature", "properties": { "name": "Everest Academy", "amenity": "school", "addr_city": null, "osm_id": 9591197112, "osm_type": "nodes" }, "geometry": { "type": "Point", "coordinates": [ 80.5443194, 28.8114833 ] } },
{ "type": "Feature", "properties": { "name": "Attariya Technical College", "amenity": "school", "addr_city": null, "osm_id": 9591267024, "osm_type": "nodes" }, "geometry": { "type": "Point", "coordinates": [ 80.5471267, 28.8114417 ] } },
{ "type": "Feature", "properties": { "name": null, "amenity": "school", "addr_city": "Dhangahdi Submetropolitan City", "osm_id": 4876456021, "osm_type": "nodes" }, "geometry": { "type": "Point", "coordinates": [ 80.5649793, 28.7465256 ] } },
{ "type": "Feature", "properties": { "name": "Shree Bhagwati Primary School", "amenity": "school", "addr_city": "Dhangahdi Submetropolitan City", "osm_id": 8463781450, "osm_type": "nodes" }, "geometry": { "type": "Point", "coordinates": [ 80.5589505, 28.7441792 ] } },
{ "type": "Feature", "properties": { "name": "Kalika ma vi school", "amenity": "school", "addr_city": null, "osm_id": 9215232888, "osm_type": "nodes" }, "geometry": { "type": "Point", "coordinates": [ 81.0310468, 28.6809416 ] } },
{ "type": "Feature", "properties": { "name": "Shree himalaya secondary school", "amenity": "school", "addr_city": null, "osm_id": 9779638768, "osm_type": "nodes" }, "geometry": { "type": "Point", "coordinates": [ 82.6794739, 28.6778545 ] } },
{ "type": "Feature", "properties": { "name": "Prashant English Medium Boarding School", "amenity": "school", "addr_city": null, "osm_id": 9788227908, "osm_type": "nodes" }, "geometry": { "type": "Point", "coordinates": [ 81.4288025, 28.6712265 ] } },
{ "type": "Feature", "properties": { "name": "Shree Bheri Madhyamik Bidhyalaya", "amenity": "school", "addr_city": null, "osm_id": 9788254020, "osm_type": "nodes" }, "geometry": { "type": "Point", "coordinates": [ 81.4291306, 28.6711235 ] } },
{ "type": "Feature", "properties": { "name": "Shree Sarawti Adharbhuta School", "amenity": "school", "addr_city": null, "osm_id": 9788254046, "osm_type": "nodes" }, "geometry": { "type": "Point", "coordinates": [ 81.4258655, 28.6730814 ] } },
{ "type": "Feature", "properties": { "name": "Shree Bal Jyoti Secondary School", "amenity": "school", "addr_city": null, "osm_id": 6589499049, "osm_type": "nodes" }, "geometry": { "type": "Point", "coordinates": [ 82.3032648, 28.6790581 ] } },
{ "type": "Feature", "properties": { "name": "Sanibheri Secondary School", "amenity": "school", "addr_city": null, "osm_id": 6589499051, "osm_type": "nodes" }, "geometry": { "type": "Point", "coordinates": [ 82.3009276, 28.6859065 ] } },
{ "type": "Feature", "properties": { "name": "Shree Janajyoti Basic School", "amenity": "school", "addr_city": null, "osm_id": 6680318924, "osm_type": "nodes" }, "geometry": { "type": "Point", "coordinates": [ 82.3373714, 28.6647296 ] } },
{ "type": "Feature", "properties": { "name": "Regency Academy", "amenity": "school", "addr_city": null, "osm_id": 11940927615, "osm_type": "nodes" }, "geometry": { "type": "Point", "coordinates": [ 80.4061072, 28.6632304 ] } },
{ "type": "Feature", "properties": { "name": "Jagat Tara English Boarding School", "amenity": "school", "addr_city": null, "osm_id": 11989507698, "osm_type": "nodes" }, "geometry": { "type": "Point", "coordinates": [ 81.0459655, 28.6529109 ] } },
{ "type": "Feature", "properties": { "name": "Shree Rastriya Madhyamik Vidayala", "amenity": "school", "addr_city": null, "osm_id": 9597394856, "osm_type": "nodes" }, "geometry": { "type": "Point", "coordinates": [ 81.0931975, 28.6582938 ] } },
{ "type": "Feature", "properties": { "name": "Shree Nepal National Basic School (??.??.??.??) Gurubang", "amenity": "school", "addr_city": null, "osm_id": 9779458454, "osm_type": "nodes" }, "geometry": { "type": "Point", "coordinates": [ 82.7151808, 28.65109 ] } },
{ "type": "Feature", "properties": { "name": "Shree Sarvaday Madhyamik Vidayala", "amenity": "school", "addr_city": null, "osm_id": 9597394860, "osm_type": "nodes" }, "geometry": { "type": "Point", "coordinates": [ 81.0889013, 28.6467537 ] } },
{ "type": "Feature", "properties": { "name": "Shree Rapti Gyanodaya Secondary School", "amenity": "school", "addr_city": null, "osm_id": 6589499053, "osm_type": "nodes" }, "geometry": { "type": "Point", "coordinates": [ 82.3532273, 28.6562909 ] } },
{ "type": "Feature", "properties": { "name": "Shree Janashrijana Primary", "amenity": "school", "addr_city": null, "osm_id": 9597394848, "osm_type": "nodes" }, "geometry": { "type": "Point", "coordinates": [ 81.1270846, 28.6393305 ] } },
{ "type": "Feature", "properties": { "name": "Khara Samudayik Baal Bikas Kendra", "amenity": "school", "addr_city": null, "osm_id": 11984924237, "osm_type": "nodes" }, "geometry": { "type": "Point", "coordinates": [ 82.0209533, 28.7229532 ] } },
{ "type": "Feature", "properties": { "name": "Behada Baba Academy", "amenity": "school", "addr_city": "Dhangadhi Sub-Metropolitan City", "osm_id": 8464069522, "osm_type": "nodes" }, "geometry": { "type": "Point", "coordinates": [ 80.67341, 28.7252502 ] } },
{ "type": "Feature", "properties": { "name": "Bhanu Secondary School", "amenity": "school", "addr_city": "Dhangahdi Submetropolitan City", "osm_id": 8464069526, "osm_type": "nodes" }, "geometry": { "type": "Point", "coordinates": [ 80.6735673, 28.7335444 ] } },
{ "type": "Feature", "properties": { "name": "Shree Sajjan Lower Secondary School", "amenity": "school", "addr_city": "Dhangahdi Submetropolitan City", "osm_id": 8464069534, "osm_type": "nodes" }, "geometry": { "type": "Point", "coordinates": [ 80.6904309, 28.7596791 ] } },
{ "type": "Feature", "properties": { "name": "Shree Saraswati Madhyamik Vidhyalaya", "amenity": "school", "addr_city": null, "osm_id": 9591267062, "osm_type": "nodes" }, "geometry": { "type": "Point", "coordinates": [ 80.6468866, 28.7571449 ] } },
{ "type": "Feature", "properties": { "name": "Jay Kedar English Boarding School", "amenity": "school", "addr_city": "Dhangahdi Submetropolitan City", "osm_id": 8464069538, "osm_type": "nodes" }, "geometry": { "type": "Point", "coordinates": [ 80.6891225, 28.7596144 ] } },
{ "type": "Feature", "properties": { "name": "Shree New Kalika Adharbhoot School", "amenity": "school", "addr_city": "Dhangahdi Submetropolitan City", "osm_id": 8464290320, "osm_type": "nodes" }, "geometry": { "type": "Point", "coordinates": [ 80.6664626, 28.7579318 ] } },
{ "type": "Feature", "properties": { "name": "Shree Laxmi Basic School", "amenity": "school", "addr_city": null, "osm_id": 11989533649, "osm_type": "nodes" }, "geometry": { "type": "Point", "coordinates": [ 81.0224479, 28.6405719 ] } },
{ "type": "Feature", "properties": { "name": "Shree Basic School", "amenity": "school", "addr_city": null, "osm_id": 11989526759, "osm_type": "nodes" }, "geometry": { "type": "Point", "coordinates": [ 81.0247359, 28.6638435 ] } },
{ "type": "Feature", "properties": { "name": "Shree Mohanyal Basic School", "amenity": "school", "addr_city": null, "osm_id": 11989538604, "osm_type": "nodes" }, "geometry": { "type": "Point", "coordinates": [ 81.0043403, 28.62902 ] } },
{ "type": "Feature", "properties": { "name": "Janasewa primary school sanjaur sisne-7 Rukum East", "amenity": "school", "addr_city": null, "osm_id": 9779638758, "osm_type": "nodes" }, "geometry": { "type": "Point", "coordinates": [ 82.5517807, 28.6394558 ] } },
{ "type": "Feature", "properties": { "name": "shree janachetana aadharbut school chishapani", "amenity": "school", "addr_city": null, "osm_id": 9779638734, "osm_type": "nodes" }, "geometry": { "type": "Point", "coordinates": [ 82.5422974, 28.6429939 ] } },
{ "type": "Feature", "properties": { "name": "Saraswati Adharbhut School", "amenity": "school", "addr_city": null, "osm_id": 9776217460, "osm_type": "nodes" }, "geometry": { "type": "Point", "coordinates": [ 80.3835635, 28.8327631 ] } },
{ "type": "Feature", "properties": { "name": "Shree sharswthi balbikash", "amenity": "school", "addr_city": null, "osm_id": 9776217437, "osm_type": "nodes" }, "geometry": { "type": "Point", "coordinates": [ 80.3811197, 28.8267322 ] } },
{ "type": "Feature", "properties": { "name": "Baijanath Secondary School", "amenity": "school", "addr_city": null, "osm_id": 11941463710, "osm_type": "nodes" }, "geometry": { "type": "Point", "coordinates": [ 80.3652155, 28.8010474 ] } },
{ "type": "Feature", "properties": { "name": "Shree Krishnaprasad Basic School", "amenity": "school", "addr_city": null, "osm_id": 11940913193, "osm_type": "nodes" }, "geometry": { "type": "Point", "coordinates": [ 80.3996551, 28.7405408 ] } },
{ "type": "Feature", "properties": { "name": "Ghuseri Basic School", "amenity": "school", "addr_city": null, "osm_id": 11989458271, "osm_type": "nodes" }, "geometry": { "type": "Point", "coordinates": [ 80.9996867, 28.5887211 ] } },
{ "type": "Feature", "properties": { "name": "Jana Priya basic school Ghumlibang 10", "amenity": "school", "addr_city": null, "osm_id": 9779458477, "osm_type": "nodes" }, "geometry": { "type": "Point", "coordinates": [ 82.8698731, 28.5678139 ] } },
{ "type": "Feature", "properties": { "name": null, "amenity": "school", "addr_city": null, "osm_id": 7553265823, "osm_type": "nodes" }, "geometry": { "type": "Point", "coordinates": [ 80.9336648, 28.5649619 ] } },
{ "type": "Feature", "properties": { "name": "Shree Triveni Ma. Vi.", "amenity": "school", "addr_city": null, "osm_id": 9779381724, "osm_type": "nodes" }, "geometry": { "type": "Point", "coordinates": [ 82.7362442, 28.5551338 ] } },
{ "type": "Feature", "properties": { "name": null, "amenity": "school", "addr_city": null, "osm_id": 5651944685, "osm_type": "nodes" }, "geometry": { "type": "Point", "coordinates": [ 82.7364613, 28.555384 ] } },
{ "type": "Feature", "properties": { "name": "Tribhuvan Aa. Vi.", "amenity": "school", "addr_city": null, "osm_id": 9779376714, "osm_type": "nodes" }, "geometry": { "type": "Point", "coordinates": [ 82.7048798, 28.5484791 ] } },
{ "type": "Feature", "properties": { "name": null, "amenity": "school", "addr_city": null, "osm_id": 5651944686, "osm_type": "nodes" }, "geometry": { "type": "Point", "coordinates": [ 82.7044317, 28.5488473 ] } },
{ "type": "Feature", "properties": { "name": "Nasa Academy", "amenity": "school", "addr_city": null, "osm_id": 9685223508, "osm_type": "nodes" }, "geometry": { "type": "Point", "coordinates": [ 81.61808, 28.54324 ] } },
{ "type": "Feature", "properties": { "name": "mallika vidya peeth gurukul", "amenity": "school", "addr_city": null, "osm_id": 9530911735, "osm_type": "nodes" }, "geometry": { "type": "Point", "coordinates": [ 81.127972, 28.5363941 ] } },
{ "type": "Feature", "properties": { "name": "Sri karnaleswor Aadharbhut Bidhyalaye", "amenity": "school", "addr_city": null, "osm_id": 9530911734, "osm_type": "nodes" }, "geometry": { "type": "Point", "coordinates": [ 81.1352291, 28.5367311 ] } },
{ "type": "Feature", "properties": { "name": "Malika Sisu Niketan", "amenity": "school", "addr_city": null, "osm_id": 9530911721, "osm_type": "nodes" }, "geometry": { "type": "Point", "coordinates": [ 81.1168746, 28.5342271 ] } },
{ "type": "Feature", "properties": { "name": "new life vision academy", "amenity": "school", "addr_city": null, "osm_id": 9530911613, "osm_type": "nodes" }, "geometry": { "type": "Point", "coordinates": [ 81.1337191, 28.5283751 ] } },
{ "type": "Feature", "properties": { "name": "Radient montesswori english school", "amenity": "school", "addr_city": null, "osm_id": 9530911740, "osm_type": "nodes" }, "geometry": { "type": "Point", "coordinates": [ 81.1049753, 28.5276718 ] } },
{ "type": "Feature", "properties": { "name": "Shree Navajiban Primary School", "amenity": "school", "addr_city": null, "osm_id": 9684428975, "osm_type": "nodes" }, "geometry": { "type": "Point", "coordinates": [ 81.6725734, 28.5211951 ] } },
{ "type": "Feature", "properties": { "name": "?? ????????? ???????? ????????", "amenity": "school", "addr_city": null, "osm_id": 9788262225, "osm_type": "nodes" }, "geometry": { "type": "Point", "coordinates": [ 81.6100311, 28.509201 ] } },
{ "type": "Feature", "properties": { "name": "Himalaya Madhyamik Bidhyalaya", "amenity": "school", "addr_city": null, "osm_id": 9530911590, "osm_type": "nodes" }, "geometry": { "type": "Point", "coordinates": [ 81.0679018, 28.5054457 ] } },
{ "type": "Feature", "properties": { "name": "SHREE SARASWATI MA. BI, MALEKHOLA", "amenity": "school", "addr_city": null, "osm_id": 9786092007, "osm_type": "nodes" }, "geometry": { "type": "Point", "coordinates": [ 82.4279709, 28.4945126 ] } },
{ "type": "Feature", "properties": { "name": "Shree Durga Janajyoti Prabi Bidhyalaya", "amenity": "school", "addr_city": null, "osm_id": 9794611931, "osm_type": "nodes" }, "geometry": { "type": "Point", "coordinates": [ 81.3089981, 28.4751129 ] } },
{ "type": "Feature", "properties": { "name": "???? ???????? ?? ?? ???????? ?????? ??????", "amenity": "school", "addr_city": null, "osm_id": 9785598000, "osm_type": "nodes" }, "geometry": { "type": "Point", "coordinates": [ 82.6013184, 28.4728374 ] } },
{ "type": "Feature", "properties": { "name": "???? ???????? ???? ?? ????????? ?????,???????", "amenity": "school", "addr_city": null, "osm_id": 9786487972, "osm_type": "nodes" }, "geometry": { "type": "Point", "coordinates": [ 82.6294632, 28.4710464 ] } },
{ "type": "Feature", "properties": { "name": "Mahendra Madhyamil Bidhyalaya Pagiyaprasar", "amenity": "school", "addr_city": "Bhajani Municipality", "osm_id": 6618711600, "osm_type": "nodes" }, "geometry": { "type": "Point", "coordinates": [ 80.9793341, 28.4505058 ] } },
{ "type": "Feature", "properties": { "name": "Navadurga Adharbhut Bidhyalaya Pagiyaprasar", "amenity": "school", "addr_city": "Bhajani Municipality", "osm_id": 6618711601, "osm_type": "nodes" }, "geometry": { "type": "Point", "coordinates": [ 80.9727037, 28.4434497 ] } },
{ "type": "Feature", "properties": { "name": "Shree Santajan Primary School", "amenity": "school", "addr_city": null, "osm_id": 11846499262, "osm_type": "nodes" }, "geometry": { "type": "Point", "coordinates": [ 81.0462123, 28.5300771 ] } },
{ "type": "Feature", "properties": { "name": "Navadurga Adharbhut Bidhyalaya Pagiyaprasar", "amenity": "school", "addr_city": "Bhajani Municipality", "osm_id": 6618711601, "osm_type": "nodes" }, "geometry": { "type": "Point", "coordinates": [ 80.9727037, 28.4434497 ] } },
{ "type": "Feature", "properties": { "name": "Shree Adharbhut Bidhyalaya, Ganjauhawa", "amenity": "school", "addr_city": "Bhajani Municipality", "osm_id": 6615775605, "osm_type": "nodes" }, "geometry": { "type": "Point", "coordinates": [ 80.920818, 28.5474817 ] } },
{ "type": "Feature", "properties": { "name": "Kalika Adharbhut Bidhyalaya, Kadadhik", "amenity": "school", "addr_city": "Bhajani Municipality", "osm_id": 6616222463, "osm_type": "nodes" }, "geometry": { "type": "Point", "coordinates": [ 81.0174752, 28.4626113 ] } },
{ "type": "Feature", "properties": { "name": "Education Light Boarding School Khailad", "amenity": "school", "addr_city": "Bhajani Municipality", "osm_id": 6616735468, "osm_type": "nodes" }, "geometry": { "type": "Point", "coordinates": [ 80.9409248, 28.5508735 ] } },
{ "type": "Feature", "properties": { "name": "Shiva Adharbhut Bidhyalaya, Bahadurpur", "amenity": "school", "addr_city": "Bhajani Municipality", "osm_id": 6616024908, "osm_type": "nodes" }, "geometry": { "type": "Point", "coordinates": [ 81.0421461, 28.5004447 ] } },
{ "type": "Feature", "properties": { "name": "Evan Baba Adharbhut School, Janakpur", "amenity": "school", "addr_city": "Bhajani Municipality", "osm_id": 6616145692, "osm_type": "nodes" }, "geometry": { "type": "Point", "coordinates": [ 81.0386458, 28.4871353 ] } },
{ "type": "Feature", "properties": { "name": "Bal Bidhya Mandir School, Bhajani", "amenity": "school", "addr_city": "Bhajani Municipality", "osm_id": 6614547522, "osm_type": "nodes" }, "geometry": { "type": "Point", "coordinates": [ 80.9600034, 28.4858788 ] } },
{ "type": "Feature", "properties": { "name": "Amar Adharbhut Bidhyalaya", "amenity": "school", "addr_city": "Bhajani Municipality", "osm_id": 6618711593, "osm_type": "nodes" }, "geometry": { "type": "Point", "coordinates": [ 80.9672078, 28.4735177 ] } },
{ "type": "Feature", "properties": { "name": "Mahendra Madhyamil Bidhyalaya Pagiyaprasar", "amenity": "school", "addr_city": "Bhajani Municipality", "osm_id": 6618711600, "osm_type": "nodes" }, "geometry": { "type": "Point", "coordinates": [ 80.9793341, 28.4505058 ] } },
{ "type": "Feature", "properties": { "name": "Manmohan Smirti Adharbhut Bidhyalaya Himmatpur", "amenity": "school", "addr_city": "Bhajani Municipality", "osm_id": 6618379063, "osm_type": "nodes" }, "geometry": { "type": "Point", "coordinates": [ 80.9128006, 28.4983397 ] } },
{ "type": "Feature", "properties": { "name": "Chure Campus Bagnaha", "amenity": "school", "addr_city": null, "osm_id": 9794611951, "osm_type": "nodes" }, "geometry": { "type": "Point", "coordinates": [ 81.3213425, 28.4176502 ] } },
{ "type": "Feature", "properties": { "name": "Shree Chure Madhyamic Bidhyalaya", "amenity": "school", "addr_city": null, "osm_id": 9794611952, "osm_type": "nodes" }, "geometry": { "type": "Point", "coordinates": [ 81.3207397, 28.4171829 ] } },
{ "type": "Feature", "properties": { "name": "Shree Tribhuwan Higher Secondary School", "amenity": "school", "addr_city": null, "osm_id": 4916402629, "osm_type": "nodes" }, "geometry": { "type": "Point", "coordinates": [ 81.0560426, 28.4364888 ] } },
{ "type": "Feature", "properties": { "name": "Shri Tribhuvan Madhyamik Bidhyalaya", "amenity": "school", "addr_city": null, "osm_id": 9530911602, "osm_type": "nodes" }, "geometry": { "type": "Point", "coordinates": [ 81.0560231, 28.4366695 ] } },
{ "type": "Feature", "properties": { "name": "Shri Rastriya aadharbhut bidhyalaya arunaphata", "amenity": "school", "addr_city": null, "osm_id": 9530911604, "osm_type": "nodes" }, "geometry": { "type": "Point", "coordinates": [ 81.0686243, 28.4517408 ] } },
{ "type": "Feature", "properties": { "name": "Shri karnali rastriya prathamik bidhyalaya", "amenity": "school", "addr_city": null, "osm_id": 9530911600, "osm_type": "nodes" }, "geometry": { "type": "Point", "coordinates": [ 81.0587372, 28.4059729 ] } },
{ "type": "Feature", "properties": { "name": "Riverline English School", "amenity": "school", "addr_city": null, "osm_id": 9530911603, "osm_type": "nodes" }, "geometry": { "type": "Point", "coordinates": [ 81.0562102, 28.4399669 ] } },
{ "type": "Feature", "properties": { "name": "???? ?????????", "amenity": "school", "addr_city": null, "osm_id": 9789777873, "osm_type": "nodes" }, "geometry": { "type": "Point", "coordinates": [ 82.5139236, 28.3996277 ] } },
{ "type": "Feature", "properties": { "name": "Shree Suryadaya Praised Sukhad", "amenity": "school", "addr_city": null, "osm_id": 9794611939, "osm_type": "nodes" }, "geometry": { "type": "Point", "coordinates": [ 81.2763443, 28.4502754 ] } },
{ "type": "Feature", "properties": { "name": "Prithvi Prathamic Bidhyalaya", "amenity": "school", "addr_city": null, "osm_id": 9794611945, "osm_type": "nodes" }, "geometry": { "type": "Point", "coordinates": [ 81.2354507, 28.4368744 ] } },
{ "type": "Feature", "properties": { "name": "????? ?????? ????. ??", "amenity": "school", "addr_city": null, "osm_id": 9786569169, "osm_type": "nodes" }, "geometry": { "type": "Point", "coordinates": [ 81.2071991, 28.4565506 ] } },
{ "type": "Feature", "properties": { "name": "???? ?????????? ?????? ????? ,?????? 1 ??????", "amenity": "school", "addr_city": null, "osm_id": 9786569183, "osm_type": "nodes" }, "geometry": { "type": "Point", "coordinates": [ 81.2214813, 28.5391426 ] } },
{ "type": "Feature", "properties": { "name": "???? ??????????? ??????? ?????? ????? ?????? ? ??????", "amenity": "school", "addr_city": null, "osm_id": 9786569186, "osm_type": "nodes" }, "geometry": { "type": "Point", "coordinates": [ 81.1980591, 28.5094757 ] } },
{ "type": "Feature", "properties": { "name": "???? ????? ???????? ????????", "amenity": "school", "addr_city": null, "osm_id": 9786569166, "osm_type": "nodes" }, "geometry": { "type": "Point", "coordinates": [ 81.2098465, 28.4845066 ] } },
{ "type": "Feature", "properties": { "name": "Shree Manju Shree Sishu Batika Secondary School", "amenity": "school", "addr_city": null, "osm_id": 4828086753, "osm_type": "nodes" }, "geometry": { "type": "Point", "coordinates": [ 81.243565, 28.3868321 ] } },
{ "type": "Feature", "properties": { "name": "???? ???? ???????? ???????", "amenity": "school", "addr_city": null, "osm_id": 9786569177, "osm_type": "nodes" }, "geometry": { "type": "Point", "coordinates": [ 81.2218501, 28.5465563 ] } },
{ "type": "Feature", "properties": { "name": "Shree Jeevandeep Primary School", "amenity": "school", "addr_city": null, "osm_id": 9597394817, "osm_type": "nodes" }, "geometry": { "type": "Point", "coordinates": [ 81.2223675, 28.6108375 ] } },
{ "type": "Feature", "properties": { "name": "???????? ??????? ????? ?????? ? ?????? ????", "amenity": "school", "addr_city": null, "osm_id": 9786569181, "osm_type": "nodes" }, "geometry": { "type": "Point", "coordinates": [ 81.1842763, 28.5074201 ] } },
{ "type": "Feature", "properties": { "name": "laxmi ma . bi.cepang", "amenity": "school", "addr_city": null, "osm_id": 9786510444, "osm_type": "nodes" }, "geometry": { "type": "Point", "coordinates": [ 81.7145844, 28.3554573 ] } },
{ "type": "Feature", "properties": { "name": "KRP memorial acedemy", "amenity": "school", "addr_city": null, "osm_id": 9786510443, "osm_type": "nodes" }, "geometry": { "type": "Point", "coordinates": [ 81.7160263, 28.3534279 ] } },
{ "type": "Feature", "properties": { "name": "Janata Prathamik Bidhyalaya", "amenity": "school", "addr_city": null, "osm_id": 9788262283, "osm_type": "nodes" }, "geometry": { "type": "Point", "coordinates": [ 81.7226028, 28.3543739 ] } },
{ "type": "Feature", "properties": { "name": "janata aa. bi.kurulle", "amenity": "school", "addr_city": null, "osm_id": 9786510436, "osm_type": "nodes" }, "geometry": { "type": "Point", "coordinates": [ 81.7389832, 28.3403511 ] } },
{ "type": "Feature", "properties": { "name": "Bal Bikash bhangaha", "amenity": "school", "addr_city": null, "osm_id": 9786510437, "osm_type": "nodes" }, "geometry": { "type": "Point", "coordinates": [ 81.7598267, 28.3375568 ] } },
{ "type": "Feature", "properties": { "name": null, "amenity": "school", "addr_city": null, "osm_id": 10254785011, "osm_type": "nodes" }, "geometry": { "type": "Point", "coordinates": [ 82.2523724, 28.3255188 ] } },
{ "type": "Feature", "properties": { "name": "Shree Sarsawati Aadharbhut Bidyalaya Deurali", "amenity": "school", "addr_city": null, "osm_id": 9785610969, "osm_type": "nodes" }, "geometry": { "type": "Point", "coordinates": [ 82.5864563, 28.3069935 ] } },
{ "type": "Feature", "properties": { "name": "???????? ?????? ??????? ????? ?????? ? . ??", "amenity": "school", "addr_city": null, "osm_id": 9785610976, "osm_type": "nodes" }, "geometry": { "type": "Point", "coordinates": [ 82.5971756, 28.3458118 ] } },
{ "type": "Feature", "properties": { "name": "???? ????? ????.??.??????? ??????", "amenity": "school", "addr_city": null, "osm_id": 9785610987, "osm_type": "nodes" }, "geometry": { "type": "Point", "coordinates": [ 82.603096, 28.3407803 ] } },
{ "type": "Feature", "properties": { "name": "???????? ???????? ???????", "amenity": "school", "addr_city": null, "osm_id": 9785652311, "osm_type": "nodes" }, "geometry": { "type": "Point", "coordinates": [ 82.7295761, 28.2854576 ] } },
{ "type": "Feature", "properties": { "name": "Shree mukta kamaiya Vikas p.bi.", "amenity": "school", "addr_city": null, "osm_id": 9786510475, "osm_type": "nodes" }, "geometry": { "type": "Point", "coordinates": [ 81.458107, 28.2807255 ] } },
{ "type": "Feature", "properties": { "name": "???? ??? ?????", "amenity": "school", "addr_city": null, "osm_id": 9783003219, "osm_type": "nodes" }, "geometry": { "type": "Point", "coordinates": [ 83.0556488, 28.271347 ] } },
{ "type": "Feature", "properties": { "name": "???? ?????? ??????? ?????? ?????????", "amenity": "school", "addr_city": null, "osm_id": 9786535008, "osm_type": "nodes" }, "geometry": { "type": "Point", "coordinates": [ 81.3141708, 28.2624702 ] } },
{ "type": "Feature", "properties": { "name": "???? ?????? ????? ???????", "amenity": "school", "addr_city": null, "osm_id": 9786535009, "osm_type": "nodes" }, "geometry": { "type": "Point", "coordinates": [ 81.3146515, 28.2575874 ] } },
{ "type": "Feature", "properties": { "name": "Purnahira ma.bi", "amenity": "school", "addr_city": null, "osm_id": 9786510476, "osm_type": "nodes" }, "geometry": { "type": "Point", "coordinates": [ 81.4755173, 28.2581253 ] } },
{ "type": "Feature", "properties": { "name": "Shree janapriya ma.bi.", "amenity": "school", "addr_city": null, "osm_id": 9786510455, "osm_type": "nodes" }, "geometry": { "type": "Point", "coordinates": [ 81.4799957, 28.2338905 ] } },
{ "type": "Feature", "properties": { "name": "?????? ???????? ????????", "amenity": "school", "addr_city": null, "osm_id": 9785520612, "osm_type": "nodes" }, "geometry": { "type": "Point", "coordinates": [ 82.9239197, 28.2271309 ] } },
{ "type": "Feature", "properties": { "name": "Basgadi multiple campus", "amenity": "school", "addr_city": null, "osm_id": 9786510442, "osm_type": "nodes" }, "geometry": { "type": "Point", "coordinates": [ 81.5275879, 28.2361641 ] } },
{ "type": "Feature", "properties": { "name": "???? ????? ???????? ??????", "amenity": "school", "addr_city": null, "osm_id": 9786535005, "osm_type": "nodes" }, "geometry": { "type": "Point", "coordinates": [ 81.3104753, 28.2201968 ] } },
{ "type": "Feature", "properties": { "name": "???? ?????? ??.??", "amenity": "school", "addr_city": null, "osm_id": 9783003218, "osm_type": "nodes" }, "geometry": { "type": "Point", "coordinates": [ 83.007431, 28.216795 ] } },
{ "type": "Feature", "properties": { "name": "???? ???????? ??????? ??????", "amenity": "school", "addr_city": null, "osm_id": 9786553728, "osm_type": "nodes" }, "geometry": { "type": "Point", "coordinates": [ 81.3987656, 28.2093468 ] } },
{ "type": "Feature", "properties": { "name": "???? ?????? ??????? ?????? ,????????", "amenity": "school", "addr_city": null, "osm_id": 9786553722, "osm_type": "nodes" }, "geometry": { "type": "Point", "coordinates": [ 81.329628, 28.207962 ] } },
{ "type": "Feature", "properties": { "name": "????????? ?????????? ??????? ????????,????", "amenity": "school", "addr_city": null, "osm_id": 9785653223, "osm_type": "nodes" }, "geometry": { "type": "Point", "coordinates": [ 82.6499863, 28.2099819 ] } },
{ "type": "Feature", "properties": { "name": "???? ???????? ????????? ???? ???????? ??????", "amenity": "school", "addr_city": null, "osm_id": 9786553745, "osm_type": "nodes" }, "geometry": { "type": "Point", "coordinates": [ 81.3471756, 28.2065105 ] } },
{ "type": "Feature", "properties": { "name": "????? ???????", "amenity": "school", "addr_city": null, "osm_id": 9787338190, "osm_type": "nodes" }, "geometry": { "type": "Point", "coordinates": [ 81.681694, 28.206089 ] } },
{ "type": "Feature", "properties": { "name": "???? ??? ????? ??????", "amenity": "school", "addr_city": null, "osm_id": 9787338211, "osm_type": "nodes" }, "geometry": { "type": "Point", "coordinates": [ 81.6831131, 28.2052822 ] } },
{ "type": "Feature", "properties": { "name": "???? ????? ??????? ???? ???????? ??????", "amenity": "school", "addr_city": null, "osm_id": 9786553720, "osm_type": "nodes" }, "geometry": { "type": "Point", "coordinates": [ 81.3407288, 28.1992188 ] } },
{ "type": "Feature", "properties": { "name": "?????? ????????", "amenity": "school", "addr_city": null, "osm_id": 9787338179, "osm_type": "nodes" }, "geometry": { "type": "Point", "coordinates": [ 81.6525726, 28.1980839 ] } },
{ "type": "Feature", "properties": { "name": "???? ????? ???? ??", "amenity": "school", "addr_city": null, "osm_id": 9783003227, "osm_type": "nodes" }, "geometry": { "type": "Point", "coordinates": [ 82.9874573, 28.2060966 ] } },
{ "type": "Feature", "properties": { "name": "Shree Nepal Rastriya Pra Vi", "amenity": "school", "addr_city": null, "osm_id": 4968032717, "osm_type": "nodes" }, "geometry": { "type": "Point", "coordinates": [ 85.3449243, 28.1968983 ] } },
{ "type": "Feature", "properties": { "name": "?? ????????? ???? ??", "amenity": "school", "addr_city": null, "osm_id": 9785520609, "osm_type": "nodes" }, "geometry": { "type": "Point", "coordinates": [ 82.9030304, 28.1909885 ] } },
{ "type": "Feature", "properties": { "name": "Ganga Higher Secondary School", "amenity": "school", "addr_city": null, "osm_id": 9785520610, "osm_type": "nodes" }, "geometry": { "type": "Point", "coordinates": [ 82.9022648, 28.197731 ] } },
{ "type": "Feature", "properties": { "name": "Deepjyoti bidhaya sadan boarding school", "amenity": "school", "addr_city": null, "osm_id": 9785524826, "osm_type": "nodes" }, "geometry": { "type": "Point", "coordinates": [ 82.9034271, 28.1979046 ] } },
{ "type": "Feature", "properties": { "name": null, "amenity": "school", "addr_city": null, "osm_id": 5568657897, "osm_type": "nodes" }, "geometry": { "type": "Point", "coordinates": [ 83.2721698, 28.1857116 ] } },
{ "type": "Feature", "properties": { "name": "???? ???????? ???????", "amenity": "school", "addr_city": null, "osm_id": 9787177280, "osm_type": "nodes" }, "geometry": { "type": "Point", "coordinates": [ 81.5754623, 28.1849766 ] } },
{ "type": "Feature", "properties": { "name": "???? ????? ????????? ??????? ????? ??.??.???????? ??????????", "amenity": "school", "addr_city": null, "osm_id": 9786497037, "osm_type": "nodes" }, "geometry": { "type": "Point", "coordinates": [ 81.5044403, 28.1844311 ] } },
{ "type": "Feature", "properties": { "name": "????? ????? ???? ??????? ???? ?????????", "amenity": "school", "addr_city": null, "osm_id": 9786497063, "osm_type": "nodes" }, "geometry": { "type": "Point", "coordinates": [ 81.5070267, 28.1806602 ] } },
{ "type": "Feature", "properties": { "name": "????? ?????? ???? ???????? ????????", "amenity": "school", "addr_city": null, "osm_id": 9786497067, "osm_type": "nodes" }, "geometry": { "type": "Point", "coordinates": [ 81.4439621, 28.1799164 ] } },
{ "type": "Feature", "properties": { "name": "???? ??????? ??? ????? ??????? ????????", "amenity": "school", "addr_city": null, "osm_id": 9785587190, "osm_type": "nodes" }, "geometry": { "type": "Point", "coordinates": [ 82.6909256, 28.1935196 ] } },
{ "type": "Feature", "properties": { "name": "Jaljala English Boarding School", "amenity": "school", "addr_city": null, "osm_id": 4418396362, "osm_type": "nodes" }, "geometry": { "type": "Point", "coordinates": [ 82.7305746, 28.2474117 ] } },
{ "type": "Feature", "properties": { "name": "???? ??? ???????? ??.??", "amenity": "school", "addr_city": null, "osm_id": 9785587136, "osm_type": "nodes" }, "geometry": { "type": "Point", "coordinates": [ 82.6978556, 28.1789955 ] } },
{ "type": "Feature", "properties": { "name": "Shree Suryodaya Secondary School", "amenity": "school", "addr_city": null, "osm_id": 4418394816, "osm_type": "nodes" }, "geometry": { "type": "Point", "coordinates": [ 82.7292009, 28.2459994 ] } },
{ "type": "Feature", "properties": { "name": "Namuna Vidhya Sadan Secondary School", "amenity": "school", "addr_city": null, "osm_id": 9787374456, "osm_type": "nodes" }, "geometry": { "type": "Point", "coordinates": [ 81.6782455, 28.1696606 ] } },
{ "type": "Feature", "properties": { "name": "?????? ?? ??", "amenity": "school", "addr_city": null, "osm_id": 9785443476, "osm_type": "nodes" }, "geometry": { "type": "Point", "coordinates": [ 82.9911728, 28.160017 ] } },
{ "type": "Feature", "properties": { "name": "????? ??????? ???? ??", "amenity": "school", "addr_city": null, "osm_id": 9785443491, "osm_type": "nodes" }, "geometry": { "type": "Point", "coordinates": [ 82.9938126, 28.1595211 ] } },
{ "type": "Feature", "properties": { "name": "??? ??????? ???? ?? ?????? ??????", "amenity": "school", "addr_city": null, "osm_id": 9785443493, "osm_type": "nodes" }, "geometry": { "type": "Point", "coordinates": [ 82.9937057, 28.1595554 ] } },
{ "type": "Feature", "properties": { "name": "???? ????? ?????? ??????? ??????", "amenity": "school", "addr_city": null, "osm_id": 9786535004, "osm_type": "nodes" }, "geometry": { "type": "Point", "coordinates": [ 81.3376541, 28.1475105 ] } },
{ "type": "Feature", "properties": { "name": "Shree jwala Janajagrity pra. bi.", "amenity": "school", "addr_city": null, "osm_id": 9786532766, "osm_type": "nodes" }, "geometry": { "type": "Point", "coordinates": [ 81.3301392, 28.2784462 ] } },
{ "type": "Feature", "properties": { "name": "Shree guru janasakti pra.bi.", "amenity": "school", "addr_city": null, "osm_id": 9786532767, "osm_type": "nodes" }, "geometry": { "type": "Point", "coordinates": [ 81.3232498, 28.2892056 ] } },
{ "type": "Feature", "properties": { "name": "???? ???? ??????? ??????", "amenity": "school", "addr_city": null, "osm_id": 9786553732, "osm_type": "nodes" }, "geometry": { "type": "Point", "coordinates": [ 81.3695679, 28.1893978 ] } },
{ "type": "Feature", "properties": { "name": "???? ?????? ??????? ??????", "amenity": "school", "addr_city": null, "osm_id": 9786553735, "osm_type": "nodes" }, "geometry": { "type": "Point", "coordinates": [ 81.3545532, 28.2546177 ] } },
{ "type": "Feature", "properties": { "name": "Shree ShivaDurga Madhyamik Bidhyalaya", "amenity": "school", "addr_city": null, "osm_id": 9610446732, "osm_type": "nodes" }, "geometry": { "type": "Point", "coordinates": [ 81.2853715, 28.2880991 ] } },
{ "type": "Feature", "properties": { "name": "???? ??????? ??? ????? ???????", "amenity": "school", "addr_city": null, "osm_id": 9785443507, "osm_type": "nodes" }, "geometry": { "type": "Point", "coordinates": [ 82.9299164, 28.1412621 ] } },
{ "type": "Feature", "properties": { "name": "????? ??? ?????", "amenity": "school", "addr_city": null, "osm_id": 9785524851, "osm_type": "nodes" }, "geometry": { "type": "Point", "coordinates": [ 82.9929504, 28.1415977 ] } },
{ "type": "Feature", "properties": { "name": "???? ??? ?????", "amenity": "school", "addr_city": null, "osm_id": 9785524852, "osm_type": "nodes" }, "geometry": { "type": "Point", "coordinates": [ 82.9977722, 28.1439438 ] } },
{ "type": "Feature", "properties": { "name": "??????? ?????????? ???????? ?", "amenity": "school", "addr_city": null, "osm_id": 9787177260, "osm_type": "nodes" }, "geometry": { "type": "Point", "coordinates": [ 81.5228424, 28.1720161 ] } },
{ "type": "Feature", "properties": { "name": "???? ?? ?????? ????????? ???????? ???????? ? ???????", "amenity": "school", "addr_city": null, "osm_id": 9786497050, "osm_type": "nodes" }, "geometry": { "type": "Point", "coordinates": [ 81.5174484, 28.1882133 ] } },
{ "type": "Feature", "properties": { "name": "???? ??????? ??????? ??????", "amenity": "school", "addr_city": null, "osm_id": 9786553734, "osm_type": "nodes" }, "geometry": { "type": "Point", "coordinates": [ 81.3195724, 28.1372299 ] } },
{ "type": "Feature", "properties": { "name": "???? ??????? ??????? ??????", "amenity": "school", "addr_city": null, "osm_id": 9786553734, "osm_type": "nodes" }, "geometry": { "type": "Point", "coordinates": [ 81.3195724, 28.1372299 ] } },
{ "type": "Feature", "properties": { "name": "???? ??????? ???????? ???????? ??? 7 ????? ???", "amenity": "school", "addr_city": null, "osm_id": 9781108785, "osm_type": "nodes" }, "geometry": { "type": "Point", "coordinates": [ 82.0358887, 28.136713 ] } },
{ "type": "Feature", "properties": { "name": "??? ????? ??. ??.", "amenity": "school", "addr_city": null, "osm_id": 9785520864, "osm_type": "nodes" }, "geometry": { "type": "Point", "coordinates": [ 82.901535, 28.1348763 ] } },
{ "type": "Feature", "properties": { "name": "?? ????? ??. ??.", "amenity": "school", "addr_city": null, "osm_id": 9785520863, "osm_type": "nodes" }, "geometry": { "type": "Point", "coordinates": [ 82.9090652, 28.1481266 ] } },
{ "type": "Feature", "properties": { "name": "Shree Bal Sikshya pra. Vi.", "amenity": "school", "addr_city": null, "osm_id": 9785558132, "osm_type": "nodes" }, "geometry": { "type": "Point", "coordinates": [ 82.9076157, 28.1386681 ] } },
{ "type": "Feature", "properties": { "name": "????? ????????? ???????", "amenity": "school", "addr_city": null, "osm_id": 9787306171, "osm_type": "nodes" }, "geometry": { "type": "Point", "coordinates": [ 81.5596848, 28.1328449 ] } },
{ "type": "Feature", "properties": { "name": "?????? ??????? ????? ???????, ???", "amenity": "school", "addr_city": null, "osm_id": 9524528388, "osm_type": "nodes" }, "geometry": { "type": "Point", "coordinates": [ 82.1969658, 28.126608 ] } },
{ "type": "Feature", "properties": { "name": "Shri kewarpani Prathamik Bidhyalaya", "amenity": "school", "addr_city": null, "osm_id": 4914097895, "osm_type": "nodes" }, "geometry": { "type": "Point", "coordinates": [ 84.8521234, 28.122712 ] } },
{ "type": "Feature", "properties": { "name": null, "amenity": "school", "addr_city": null, "osm_id": 9524528387, "osm_type": "nodes" }, "geometry": { "type": "Point", "coordinates": [ 82.1849012, 28.1233909 ] } },
{ "type": "Feature", "properties": { "name": "???? ??????? ???????? ??????", "amenity": "school", "addr_city": null, "osm_id": 9785443514, "osm_type": "nodes" }, "geometry": { "type": "Point", "coordinates": [ 82.9927673, 28.1218376 ] } },
{ "type": "Feature", "properties": { "name": "Dilleswory pra .bi .Pyuthan municipality 10 Pyuthan.", "amenity": "school", "addr_city": null, "osm_id": 9785520901, "osm_type": "nodes" }, "geometry": { "type": "Point", "coordinates": [ 82.8815231, 28.1176815 ] } },
{ "type": "Feature", "properties": { "name": "???? ??,??, ???????? ??????? ?,??,? ???????? ??????? ?", "amenity": "school", "addr_city": null, "osm_id": 9785520913, "osm_type": "nodes" }, "geometry": { "type": "Point", "coordinates": [ 82.8834, 28.1224995 ] } },
{ "type": "Feature", "properties": { "name": "Puthan vally accadamy English bording schoo Pyuthan municipality 8 bagdula Pyuthan.", "amenity": "school", "addr_city": null, "osm_id": 9785558117, "osm_type": "nodes" }, "geometry": { "type": "Point", "coordinates": [ 82.8822516, 28.1215964 ] } },
{ "type": "Feature", "properties": { "name": "????????? ??? ????? ???????", "amenity": "school", "addr_city": null, "osm_id": 9785587145, "osm_type": "nodes" }, "geometry": { "type": "Point", "coordinates": [ 82.7018967, 28.1708965 ] } },
{ "type": "Feature", "properties": { "name": "???? ????????? ????. ??.", "amenity": "school", "addr_city": null, "osm_id": 9785587132, "osm_type": "nodes" }, "geometry": { "type": "Point", "coordinates": [ 82.7281342, 28.1405888 ] } },
{ "type": "Feature", "properties": { "name": "????? ????????? ?????? ????????", "amenity": "school", "addr_city": null, "osm_id": 9787142789, "osm_type": "nodes" }, "geometry": { "type": "Point", "coordinates": [ 81.6325912, 28.1105232 ] } },
{ "type": "Feature", "properties": { "name": "Kalika Pra.Vi. Thulo Khajura", "amenity": "school", "addr_city": null, "osm_id": 9778936565, "osm_type": "nodes" }, "geometry": { "type": "Point", "coordinates": [ 81.6075318, 28.1045789 ] } },
{ "type": "Feature", "properties": { "name": "????? ??? ?????? ?????", "amenity": "school", "addr_city": null, "osm_id": 9794358941, "osm_type": "nodes" }, "geometry": { "type": "Point", "coordinates": [ 81.6499405, 28.1069241 ] } },
{ "type": "Feature", "properties": { "name": "????? ??.?? ????", "amenity": "school", "addr_city": null, "osm_id": 9794358940, "osm_type": "nodes" }, "geometry": { "type": "Point", "coordinates": [ 81.6464903, 28.1048886 ] } },
{ "type": "Feature", "properties": { "name": "??????? ?.?? ?????", "amenity": "school", "addr_city": null, "osm_id": 9787142769, "osm_type": "nodes" }, "geometry": { "type": "Point", "coordinates": [ 81.6076431, 28.0968361 ] } },
{ "type": "Feature", "properties": { "name": "??? ????? .?.??.?????", "amenity": "school", "addr_city": null, "osm_id": 9787142782, "osm_type": "nodes" }, "geometry": { "type": "Point", "coordinates": [ 81.607666, 28.0974045 ] } },
{ "type": "Feature", "properties": { "name": "????? ????????? ???? ?? ??????", "amenity": "school", "addr_city": null, "osm_id": 9787142790, "osm_type": "nodes" }, "geometry": { "type": "Point", "coordinates": [ 81.6091232, 28.0976715 ] } },
{ "type": "Feature", "properties": { "name": null, "amenity": "school", "addr_city": null, "osm_id": 4776416021, "osm_type": "nodes" }, "geometry": { "type": "Point", "coordinates": [ 81.6075872, 28.0974703 ] } },
{ "type": "Feature", "properties": { "name": "???? ?????? ????.??.????????", "amenity": "school", "addr_city": null, "osm_id": 9787142765, "osm_type": "nodes" }, "geometry": { "type": "Point", "coordinates": [ 81.5813828, 28.0934792 ] } },
{ "type": "Feature", "properties": { "name": "???? ???????? ??????", "amenity": "school", "addr_city": null, "osm_id": 9787142762, "osm_type": "nodes" }, "geometry": { "type": "Point", "coordinates": [ 81.5923767, 28.0778084 ] } },
{ "type": "Feature", "properties": { "name": "Sagarmatha E.M High School", "amenity": "school", "addr_city": null, "osm_id": 5430664808, "osm_type": "nodes" }, "geometry": { "type": "Point", "coordinates": [ 81.6346246, 28.0775844 ] } },
{ "type": "Feature", "properties": { "name": "?????? ??????? ? ??? ?????", "amenity": "school", "addr_city": null, "osm_id": 9794358967, "osm_type": "nodes" }, "geometry": { "type": "Point", "coordinates": [ 81.6784622, 28.077425 ] } },
{ "type": "Feature", "properties": { "name": "Water Park School", "amenity": "school", "addr_city": null, "osm_id": 5465836012, "osm_type": "nodes" }, "geometry": { "type": "Point", "coordinates": [ 81.6276629, 28.0736015 ] } },
{ "type": "Feature", "properties": { "name": "Sun Beam Higher Secondary Boarding School", "amenity": "school", "addr_city": null, "osm_id": 5395642487, "osm_type": "nodes" }, "geometry": { "type": "Point", "coordinates": [ 81.6276991, 28.0760083 ] } },
{ "type": "Feature", "properties": { "name": "Modern Creative Children Zone", "amenity": "kindergarten", "addr_city": null, "osm_id": 5431143656, "osm_type": "nodes" }, "geometry": { "type": "Point", "coordinates": [ 81.6399005, 28.0725164 ] } },
{ "type": "Feature", "properties": { "name": "South point english mediam school", "amenity": "school", "addr_city": null, "osm_id": 9778936567, "osm_type": "nodes" }, "geometry": { "type": "Point", "coordinates": [ 81.7054114, 28.0704634 ] } },
{ "type": "Feature", "properties": { "name": "??? ????? ?????? ??????? ?????", "amenity": "school", "addr_city": null, "osm_id": 9787142792, "osm_type": "nodes" }, "geometry": { "type": "Point", "coordinates": [ 81.575676, 28.0608044 ] } },
{ "type": "Feature", "properties": { "name": "????? ????? ???? ???????? ??.??", "amenity": "school", "addr_city": null, "osm_id": 9794358962, "osm_type": "nodes" }, "geometry": { "type": "Point", "coordinates": [ 81.6215681, 28.0604717 ] } },
{ "type": "Feature", "properties": { "name": "????????? ???? ??????", "amenity": "school", "addr_city": null, "osm_id": 9794358963, "osm_type": "nodes" }, "geometry": { "type": "Point", "coordinates": [ 81.6209793, 28.0605145 ] } },
{ "type": "Feature", "properties": { "name": "Shri Rastriya Prathamik Vidhyalaya", "amenity": "school", "addr_city": null, "osm_id": 5492914503, "osm_type": "nodes" }, "geometry": { "type": "Point", "coordinates": [ 81.6235685, 28.0598771 ] } },
{ "type": "Feature", "properties": { "name": "Jai Bageshwari High School", "amenity": "school", "addr_city": null, "osm_id": 1936872463, "osm_type": "nodes" }, "geometry": { "type": "Point", "coordinates": [ 81.6221379, 28.0621445 ] } },
{ "type": "Feature", "properties": { "name": "???? ????? ??????? ????????", "amenity": "school", "addr_city": null, "osm_id": 9784406918, "osm_type": "nodes" }, "geometry": { "type": "Point", "coordinates": [ 83.0340271, 28.0633125 ] } },
{ "type": "Feature", "properties": { "name": "Shree Nepal Rastriya Bidhyalaya", "amenity": "school", "addr_city": null, "osm_id": 5370525246, "osm_type": "nodes" }, "geometry": { "type": "Point", "coordinates": [ 81.6713762, 28.0556869 ] } },
{ "type": "Feature", "properties": { "name": "???? ?????? ?.?? ?????", "amenity": "school", "addr_city": null, "osm_id": 9794358937, "osm_type": "nodes" }, "geometry": { "type": "Point", "coordinates": [ 81.6118164, 28.0624447 ] } },
{ "type": "Feature", "properties": { "name": "????? ????? ???? ????? ???", "amenity": "school", "addr_city": null, "osm_id": 9794358977, "osm_type": "nodes" }, "geometry": { "type": "Point", "coordinates": [ 81.6289825, 28.0555077 ] } },
{ "type": "Feature", "properties": { "name": "????? ???? ???? ???? ??????? ?????", "amenity": "school", "addr_city": null, "osm_id": 9794358990, "osm_type": "nodes" }, "geometry": { "type": "Point", "coordinates": [ 81.6263657, 28.0579796 ] } },
{ "type": "Feature", "properties": { "name": "Mahendra Secondary School", "amenity": "school", "addr_city": null, "osm_id": 5413937506, "osm_type": "nodes" }, "geometry": { "type": "Point", "coordinates": [ 81.6272995, 28.056571 ] } },
{ "type": "Feature", "properties": { "name": "Shree Mewalal HigherSecondary Sechool", "amenity": "school", "addr_city": null, "osm_id": 3992948538, "osm_type": "nodes" }, "geometry": { "type": "Point", "coordinates": [ 81.6271882, 28.0568519 ] } },
{ "type": "Feature", "properties": { "name": "New Vision English Bording School", "amenity": "school", "addr_city": null, "osm_id": 5410037792, "osm_type": "nodes" }, "geometry": { "type": "Point", "coordinates": [ 81.6296578, 28.0567515 ] } },
{ "type": "Feature", "properties": { "name": "Jamiya Arabia Mitaful Ulum", "amenity": "school", "addr_city": null, "osm_id": 5416502974, "osm_type": "nodes" }, "geometry": { "type": "Point", "coordinates": [ 81.6268495, 28.0586983 ] } },
{ "type": "Feature", "properties": { "name": "Shining Future Acedamy", "amenity": "school", "addr_city": null, "osm_id": 5398030154, "osm_type": "nodes" }, "geometry": { "type": "Point", "coordinates": [ 81.6290992, 28.0552987 ] } },
{ "type": "Feature", "properties": { "name": "Ideal public High school", "amenity": "school", "addr_city": null, "osm_id": 4297485389, "osm_type": "nodes" }, "geometry": { "type": "Point", "coordinates": [ 81.628671, 28.0556799 ] } },
{ "type": "Feature", "properties": { "name": "Shree Chandra Mewalal Higher Secondary School", "amenity": "school", "addr_city": null, "osm_id": 5368332622, "osm_type": "nodes" }, "geometry": { "type": "Point", "coordinates": [ 81.6270354, 28.0571642 ] } },
{ "type": "Feature", "properties": { "name": "Nepal Rastriya Prathamic Bidhyala", "amenity": "kindergarten", "addr_city": null, "osm_id": 5410160381, "osm_type": "nodes" }, "geometry": { "type": "Point", "coordinates": [ 81.6265495, 28.0569059 ] } },
{ "type": "Feature", "properties": { "name": "Mangal Prashad Ma.Bi", "amenity": "school", "addr_city": null, "osm_id": 5398000745, "osm_type": "nodes" }, "geometry": { "type": "Point", "coordinates": [ 81.6284448, 28.0549283 ] } },
{ "type": "Feature", "properties": { "name": "M.P School", "amenity": "school", "addr_city": null, "osm_id": 3921511531, "osm_type": "nodes" }, "geometry": { "type": "Point", "coordinates": [ 81.6278404, 28.0546036 ] } },
{ "type": "Feature", "properties": { "name": "????? ???? ?.??.??? ?????", "amenity": "school", "addr_city": null, "osm_id": 9794358953, "osm_type": "nodes" }, "geometry": { "type": "Point", "coordinates": [ 81.623684, 28.0507785 ] } },
{ "type": "Feature", "properties": { "name": "???? ?? ????? ????????", "amenity": "school", "addr_city": null, "osm_id": 9794358975, "osm_type": "nodes" }, "geometry": { "type": "Point", "coordinates": [ 81.6253648, 28.0522904 ] } },
{ "type": "Feature", "properties": { "name": "College Of Allied", "amenity": "college", "addr_city": null, "osm_id": 5430632478, "osm_type": "nodes" }, "geometry": { "type": "Point", "coordinates": [ 81.6254112, 28.0522121 ] } },
{ "type": "Feature", "properties": { "name": "West Zone English Medium High School", "amenity": "school", "addr_city": null, "osm_id": 5417724716, "osm_type": "nodes" }, "geometry": { "type": "Point", "coordinates": [ 81.6238502, 28.0503444 ] } },
{ "type": "Feature", "properties": { "name": "Cambridge Higher Secondary School", "amenity": "school", "addr_city": null, "osm_id": 5416669729, "osm_type": "nodes" }, "geometry": { "type": "Point", "coordinates": [ 81.6210486, 28.0539566 ] } },
{ "type": "Feature", "properties": { "name": "???? ??????? ????.??. ????????", "amenity": "school", "addr_city": null, "osm_id": 9785519707, "osm_type": "nodes" }, "geometry": { "type": "Point", "coordinates": [ 82.6952515, 28.0534153 ] } },
{ "type": "Feature", "properties": { "name": "???? ?????? ??.??", "amenity": "school", "addr_city": null, "osm_id": 9518994772, "osm_type": "nodes" }, "geometry": { "type": "Point", "coordinates": [ 82.3776394, 28.0472647 ] } },
{ "type": "Feature", "properties": { "name": "??????? ?????? ??????? ????????", "amenity": "school", "addr_city": null, "osm_id": 9785519711, "osm_type": "nodes" }, "geometry": { "type": "Point", "coordinates": [ 82.7786026, 28.1007271 ] } },
{ "type": "Feature", "properties": { "name": "??????? ??????? ???????? ????? ??????", "amenity": "school", "addr_city": null, "osm_id": 9785519683, "osm_type": "nodes" }, "geometry": { "type": "Point", "coordinates": [ 82.7902374, 28.0595226 ] } },
{ "type": "Feature", "properties": { "name": "???? ?????? ????.??. ?????", "amenity": "school", "addr_city": null, "osm_id": 9785519701, "osm_type": "nodes" }, "geometry": { "type": "Point", "coordinates": [ 82.7870026, 28.049839 ] } },
{ "type": "Feature", "properties": { "name": "???? ?????????? ???????? ???????? ??????", "amenity": "school", "addr_city": null, "osm_id": 9785519689, "osm_type": "nodes" }, "geometry": { "type": "Point", "coordinates": [ 82.7871017, 28.0554829 ] } },
{ "type": "Feature", "properties": { "name": "????? ?????? ???????? ?????", "amenity": "school", "addr_city": null, "osm_id": 9787142777, "osm_type": "nodes" }, "geometry": { "type": "Point", "coordinates": [ 81.5660172, 28.0435772 ] } },
{ "type": "Feature", "properties": { "name": "???? ????? ?.???.?????", "amenity": "school", "addr_city": null, "osm_id": 9794358955, "osm_type": "nodes" }, "geometry": { "type": "Point", "coordinates": [ 81.6376038, 28.0411968 ] } },
{ "type": "Feature", "properties": { "name": "????? ????? ???? ???????", "amenity": "school", "addr_city": null, "osm_id": 9794358978, "osm_type": "nodes" }, "geometry": { "type": "Point", "coordinates": [ 81.6340256, 28.0541821 ] } },
{ "type": "Feature", "properties": { "name": "????? ????? ???????", "amenity": "school", "addr_city": null, "osm_id": 9794358957, "osm_type": "nodes" }, "geometry": { "type": "Point", "coordinates": [ 81.632225, 28.0541058 ] } },
{ "type": "Feature", "properties": { "name": "????? ?????? ????????? ???? ????????", "amenity": "school", "addr_city": null, "osm_id": 9794358931, "osm_type": "nodes" }, "geometry": { "type": "Point", "coordinates": [ 81.6572626, 28.0693109 ] } },
{ "type": "Feature", "properties": { "name": "????? ????? ????????? ????", "amenity": "school", "addr_city": null, "osm_id": 9794358924, "osm_type": "nodes" }, "geometry": { "type": "Point", "coordinates": [ 81.651619, 28.0519695 ] } },
{ "type": "Feature", "properties": { "name": "????? ?????? ???????? ????", "amenity": "school", "addr_city": null, "osm_id": 9794358929, "osm_type": "nodes" }, "geometry": { "type": "Point", "coordinates": [ 81.6506271, 28.0622864 ] } },
{ "type": "Feature", "properties": { "name": "Shree Jaghanatha Boarding School", "amenity": "school", "addr_city": null, "osm_id": 5425880857, "osm_type": "nodes" }, "geometry": { "type": "Point", "coordinates": [ 81.637575, 28.0411382 ] } },
{ "type": "Feature", "properties": { "name": "Maya Sadan Aawasiya Vidhayala", "amenity": "school", "addr_city": null, "osm_id": 5393261822, "osm_type": "nodes" }, "geometry": { "type": "Point", "coordinates": [ 81.6604102, 28.0621122 ] } },
{ "type": "Feature", "properties": { "name": "Shri Adharbhut bidhyala", "amenity": "school", "addr_city": null, "osm_id": 5371839806, "osm_type": "nodes" }, "geometry": { "type": "Point", "coordinates": [ 81.6597488, 28.0626765 ] } },
{ "type": "Feature", "properties": { "name": "???? ????? ??????? ? ????", "amenity": "school", "addr_city": null, "osm_id": 9794358981, "osm_type": "nodes" }, "geometry": { "type": "Point", "coordinates": [ 81.6240311, 28.036665 ] } },
{ "type": "Feature", "properties": { "name": "Darul Ulam Ebharyam Madarsa", "amenity": "school", "addr_city": null, "osm_id": 9778936563, "osm_type": "nodes" }, "geometry": { "type": "Point", "coordinates": [ 81.6972807, 28.0350668 ] } },
{ "type": "Feature", "properties": { "name": "???? ??????? ??????? ????????", "amenity": "school", "addr_city": null, "osm_id": 9784406925, "osm_type": "nodes" }, "geometry": { "type": "Point", "coordinates": [ 83.098732, 28.0331249 ] } },
{ "type": "Feature", "properties": { "name": "???? ??????? ??????", "amenity": "school", "addr_city": null, "osm_id": 9794358954, "osm_type": "nodes" }, "geometry": { "type": "Point", "coordinates": [ 81.6469574, 28.0369511 ] } },
{ "type": "Feature", "properties": { "name": "Shree Aruda Adarbhut Vidhyalaya", "amenity": "school", "addr_city": null, "osm_id": 5423765084, "osm_type": "nodes" }, "geometry": { "type": "Point", "coordinates": [ 81.6470204, 28.0371847 ] } },
{ "type": "Feature", "properties": { "name": "New Assembly of God English Medium School", "amenity": "school", "addr_city": null, "osm_id": 5423835375, "osm_type": "nodes" }, "geometry": { "type": "Point", "coordinates": [ 81.6527852, 28.0329777 ] } },
{ "type": "Feature", "properties": { "name": "????? ?????? ????????? ?????", "amenity": "school", "addr_city": null, "osm_id": 9794358917, "osm_type": "nodes" }, "geometry": { "type": "Point", "coordinates": [ 81.6007996, 28.0310459 ] } },
{ "type": "Feature", "properties": { "name": "????? ???? ??????? ?????? ????", "amenity": "school", "addr_city": null, "osm_id": 9794358920, "osm_type": "nodes" }, "geometry": { "type": "Point", "coordinates": [ 81.6047974, 28.0288239 ] } },
{ "type": "Feature", "properties": { "name": "????? ????? ???? ???? ???? ????", "amenity": "school", "addr_city": null, "osm_id": 9794356912, "osm_type": "nodes" }, "geometry": { "type": "Point", "coordinates": [ 81.602741, 28.0315988 ] } },
{ "type": "Feature", "properties": { "name": "????? ????? ?????? ??????", "amenity": "school", "addr_city": null, "osm_id": 9794358919, "osm_type": "nodes" }, "geometry": { "type": "Point", "coordinates": [ 81.6059525, 28.0299091 ] } },
{ "type": "Feature", "properties": { "name": "????? ????? ???? ???? ???? ????", "amenity": "school", "addr_city": null, "osm_id": 9794358921, "osm_type": "nodes" }, "geometry": { "type": "Point", "coordinates": [ 81.6016426, 28.0280057 ] } },
{ "type": "Feature", "properties": { "name": "Shri Adarbhut Vidyalaya", "amenity": "school", "addr_city": null, "osm_id": 5437933539, "osm_type": "nodes" }, "geometry": { "type": "Point", "coordinates": [ 81.6031127, 28.0290096 ] } },
{ "type": "Feature", "properties": { "name": "???? ???? ?.???.?????", "amenity": "school", "addr_city": null, "osm_id": 9794358944, "osm_type": "nodes" }, "geometry": { "type": "Point", "coordinates": [ 81.6193008, 28.0307369 ] } },
{ "type": "Feature", "properties": { "name": "Shree Simle Pra Vi", "amenity": "school", "addr_city": null, "osm_id": 4969595164, "osm_type": "nodes" }, "geometry": { "type": "Point", "coordinates": [ 85.1907891, 28.0297555 ] } },
{ "type": "Feature", "properties": { "name": "???? ?? ?????? ???? ??", "amenity": "school", "addr_city": "Babai RM", "osm_id": 9073339739, "osm_type": "nodes" }, "geometry": { "type": "Point", "coordinates": [ 82.1137175, 28.143826 ] } },
{ "type": "Feature", "properties": { "name": "??? ????? ??????? ??????", "amenity": "school", "addr_city": null, "osm_id": 9785519681, "osm_type": "nodes" }, "geometry": { "type": "Point", "coordinates": [ 82.7873383, 28.0287209 ] } },
{ "type": "Feature", "properties": { "name": "?? ??? ??????? ??????? ????? ???", "amenity": "school", "addr_city": null, "osm_id": 9785461043, "osm_type": "nodes" }, "geometry": { "type": "Point", "coordinates": [ 82.835289, 28.0413609 ] } },
{ "type": "Feature", "properties": { "name": "???? ???????? ????.??.????", "amenity": "school", "addr_city": null, "osm_id": 9785461051, "osm_type": "nodes" }, "geometry": { "type": "Point", "coordinates": [ 82.8891983, 28.0366974 ] } },
{ "type": "Feature", "properties": { "name": "???? ????????? ??.??. ??????", "amenity": "school", "addr_city": null, "osm_id": 9785519692, "osm_type": "nodes" }, "geometry": { "type": "Point", "coordinates": [ 82.8279419, 28.0437298 ] } },
{ "type": "Feature", "properties": { "name": "???? ???? ???? ??? ???", "amenity": "school", "addr_city": null, "osm_id": 9785461022, "osm_type": "nodes" }, "geometry": { "type": "Point", "coordinates": [ 82.8919373, 28.0282459 ] } },
{ "type": "Feature", "properties": { "name": "???? ???????? ??????? ???????? ???????", "amenity": "school", "addr_city": null, "osm_id": 9785461052, "osm_type": "nodes" }, "geometry": { "type": "Point", "coordinates": [ 82.8830948, 28.0335674 ] } },
{ "type": "Feature", "properties": { "name": "???? ??? ?????? ????.??.", "amenity": "school", "addr_city": null, "osm_id": 9785461062, "osm_type": "nodes" }, "geometry": { "type": "Point", "coordinates": [ 82.9136581, 28.0313454 ] } },
{ "type": "Feature", "properties": { "name": "???? ???????? ??.??.", "amenity": "school", "addr_city": null, "osm_id": 9785461067, "osm_type": "nodes" }, "geometry": { "type": "Point", "coordinates": [ 82.8789552, 28.038559 ] } },
{ "type": "Feature", "properties": { "name": "???? ??? ?????? ????.??.????", "amenity": "school", "addr_city": null, "osm_id": 9785461029, "osm_type": "nodes" }, "geometry": { "type": "Point", "coordinates": [ 82.8606186, 28.0369797 ] } },
{ "type": "Feature", "properties": { "name": "?????? ?????? ??????? ????", "amenity": "school", "addr_city": null, "osm_id": 9785461030, "osm_type": "nodes" }, "geometry": { "type": "Point", "coordinates": [ 82.8627243, 28.035923 ] } },
{ "type": "Feature", "properties": { "name": "???? ??????? ??.??.?????", "amenity": "school", "addr_city": null, "osm_id": 9785461031, "osm_type": "nodes" }, "geometry": { "type": "Point", "coordinates": [ 82.8460464, 28.0401917 ] } },
{ "type": "Feature", "properties": { "name": null, "amenity": "school", "addr_city": null, "osm_id": 5237651617, "osm_type": "nodes" }, "geometry": { "type": "Point", "coordinates": [ 82.8632192, 28.0982039 ] } },
{ "type": "Feature", "properties": { "name": "??????? ????.??.????????", "amenity": "school", "addr_city": null, "osm_id": 9785558124, "osm_type": "nodes" }, "geometry": { "type": "Point", "coordinates": [ 82.8634338, 28.0982056 ] } },
{ "type": "Feature", "properties": { "name": "???? ?????????? ???????? ????????", "amenity": "school", "addr_city": null, "osm_id": 9785558131, "osm_type": "nodes" }, "geometry": { "type": "Point", "coordinates": [ 82.8198853, 28.0703201 ] } },
{ "type": "Feature", "properties": { "name": "Jhimruk Sunrise English School", "amenity": "school", "addr_city": null, "osm_id": 9785558128, "osm_type": "nodes" }, "geometry": { "type": "Point", "coordinates": [ 82.8224945, 28.0771484 ] } },
{ "type": "Feature", "properties": { "name": "Pashupati Ma.Vi.", "amenity": "school", "addr_city": null, "osm_id": 9778936556, "osm_type": "nodes" }, "geometry": { "type": "Point", "coordinates": [ 81.707649, 28.0190055 ] } },
{ "type": "Feature", "properties": { "name": "Shree Nepal Rastriya Aadharbhoot School", "amenity": "school", "addr_city": null, "osm_id": 5372437658, "osm_type": "nodes" }, "geometry": { "type": "Point", "coordinates": [ 81.6203009, 28.0185662 ] } },
{ "type": "Feature", "properties": { "name": "???????? ???????? ?????", "amenity": "school", "addr_city": null, "osm_id": 9794358918, "osm_type": "nodes" }, "geometry": { "type": "Point", "coordinates": [ 81.6068344, 28.0225315 ] } },
{ "type": "Feature", "properties": { "name": "Madarsa Gulsane Tayiba bBetahani", "amenity": "school", "addr_city": null, "osm_id": 9778936552, "osm_type": "nodes" }, "geometry": { "type": "Point", "coordinates": [ 81.7049605, 28.0103671 ] } },
{ "type": "Feature", "properties": { "name": "???? ???????? ???? ??", "amenity": "school", "addr_city": null, "osm_id": 9787411824, "osm_type": "nodes" }, "geometry": { "type": "Point", "coordinates": [ 82.0792236, 28.003109 ] } },
{ "type": "Feature", "properties": { "name": "?????? ? ?? ?????", "amenity": "school", "addr_city": null, "osm_id": 9787411823, "osm_type": "nodes" }, "geometry": { "type": "Point", "coordinates": [ 82.086647, 28.0124645 ] } },
{ "type": "Feature", "properties": { "name": "???? ????? ??????? ???????? ???????? ???????", "amenity": "school", "addr_city": null, "osm_id": 9785519687, "osm_type": "nodes" }, "geometry": { "type": "Point", "coordinates": [ 82.806633, 28.0100327 ] } },
{ "type": "Feature", "properties": { "name": "Nepal Rastriya Pra.Vi.", "amenity": "school", "addr_city": null, "osm_id": 9778936558, "osm_type": "nodes" }, "geometry": { "type": "Point", "coordinates": [ 81.7061615, 27.9968929 ] } },
{ "type": "Feature", "properties": { "name": "Madarsa Masudiye Anwarul ulam", "amenity": "school", "addr_city": null, "osm_id": 9778936554, "osm_type": "nodes" }, "geometry": { "type": "Point", "coordinates": [ 81.6970446, 27.9905651 ] } },
{ "type": "Feature", "properties": { "name": "Madarsa Masudiye Anwarul ulam", "amenity": "school", "addr_city": null, "osm_id": 9778936554, "osm_type": "nodes" }, "geometry": { "type": "Point", "coordinates": [ 81.6970446, 27.9905651 ] } },
{ "type": "Feature", "properties": { "name": "???? ???? ?????? ???????? ?????? ?????", "amenity": "school", "addr_city": null, "osm_id": 9790282456, "osm_type": "nodes" }, "geometry": { "type": "Point", "coordinates": [ 82.6352463, 27.9873238 ] } },
{ "type": "Feature", "properties": { "name": "Shri Marshyangdi Pra V", "amenity": "school", "addr_city": null, "osm_id": 4908551642, "osm_type": "nodes" }, "geometry": { "type": "Point", "coordinates": [ 84.4253115, 27.9742542 ] } },
{ "type": "Feature", "properties": { "name": "Shree Rudrabeni Primary School", "amenity": "school", "addr_city": null, "osm_id": 9781720564, "osm_type": "nodes" }, "geometry": { "type": "Point", "coordinates": [ 83.4699478, 27.9697609 ] } },
{ "type": "Feature", "properties": { "name": "???? ???? ???????? ???????? ???? ??????", "amenity": "school", "addr_city": null, "osm_id": 9785461037, "osm_type": "nodes" }, "geometry": { "type": "Point", "coordinates": [ 82.996048, 27.9729443 ] } },
{ "type": "Feature", "properties": { "name": "Garhun Kalika Primary School", "amenity": "school", "addr_city": null, "osm_id": 9571148855, "osm_type": "nodes" }, "geometry": { "type": "Point", "coordinates": [ 83.774974, 27.9833 ] } },
{ "type": "Feature", "properties": { "name": "Sagarmatha English school", "amenity": "school", "addr_city": null, "osm_id": 9571148876, "osm_type": "nodes" }, "geometry": { "type": "Point", "coordinates": [ 83.7720356, 27.9857758 ] } },
{ "type": "Feature", "properties": { "name": "Bhupu Sainik Shanti Priye English School", "amenity": "school", "addr_city": null, "osm_id": 9571148895, "osm_type": "nodes" }, "geometry": { "type": "Point", "coordinates": [ 83.7178335, 27.9780211 ] } },
{ "type": "Feature", "properties": { "name": "Bhupu Sainik English School", "amenity": "school", "addr_city": null, "osm_id": 9571148894, "osm_type": "nodes" }, "geometry": { "type": "Point", "coordinates": [ 83.7574134, 27.9840044 ] } },
{ "type": "Feature", "properties": { "name": "Bal Bidhya English school", "amenity": "school", "addr_city": null, "osm_id": 9571148889, "osm_type": "nodes" }, "geometry": { "type": "Point", "coordinates": [ 83.7564623, 27.98291 ] } },
{ "type": "Feature", "properties": { "name": "Sarvasakti Primary School", "amenity": "school", "addr_city": null, "osm_id": 9571148879, "osm_type": "nodes" }, "geometry": { "type": "Point", "coordinates": [ 83.73662, 27.972052 ] } },
{ "type": "Feature", "properties": { "name": "Janapriya Secondary School", "amenity": "school", "addr_city": null, "osm_id": 11991445781, "osm_type": "nodes" }, "geometry": { "type": "Point", "coordinates": [ 83.8963813, 27.9682751 ] } },
{ "type": "Feature", "properties": { "name": "Shree Chetana Primary School", "amenity": "school", "addr_city": null, "osm_id": 5063613276, "osm_type": "nodes" }, "geometry": { "type": "Point", "coordinates": [ 85.1713652, 27.9618698 ] } },
{ "type": "Feature", "properties": { "name": "Shri Kodari Higher Secondary School", "amenity": "school", "addr_city": null, "osm_id": 4978848589, "osm_type": "nodes" }, "geometry": { "type": "Point", "coordinates": [ 85.9554944, 27.9577407 ] } },
{ "type": "Feature", "properties": { "name": "???? ????? ???? ??", "amenity": "school", "addr_city": null, "osm_id": 9781590409, "osm_type": "nodes" }, "geometry": { "type": "Point", "coordinates": [ 83.3472595, 27.9523449 ] } },
{ "type": "Feature", "properties": { "name": "Shree Jagdishwari Basic School", "amenity": "school", "addr_city": null, "osm_id": 11990173196, "osm_type": "nodes" }, "geometry": { "type": "Point", "coordinates": [ 84.4208524, 27.9538164 ] } },
{ "type": "Feature", "properties": { "name": "???? ???????? ??????? ??????", "amenity": "school", "addr_city": null, "osm_id": 9784323209, "osm_type": "nodes" }, "geometry": { "type": "Point", "coordinates": [ 83.207191, 27.9472128 ] } },
{ "type": "Feature", "properties": { "name": "Suryodaya Bal Bikas", "amenity": "school", "addr_city": null, "osm_id": 4915987278, "osm_type": "nodes" }, "geometry": { "type": "Point", "coordinates": [ 84.5677355, 27.9965335 ] } },
{ "type": "Feature", "properties": { "name": "Shree Tara Secondary School", "amenity": "school", "addr_city": null, "osm_id": 4915966765, "osm_type": "nodes" }, "geometry": { "type": "Point", "coordinates": [ 84.5733521, 27.9969036 ] } },
{ "type": "Feature", "properties": { "name": "???? ?????? ????.??.????????", "amenity": "school", "addr_city": null, "osm_id": 9785461024, "osm_type": "nodes" }, "geometry": { "type": "Point", "coordinates": [ 82.9890289, 27.9275494 ] } },
{ "type": "Feature", "properties": { "name": "???? ???????? ????.??.????", "amenity": "school", "addr_city": null, "osm_id": 9785461025, "osm_type": "nodes" }, "geometry": { "type": "Point", "coordinates": [ 83.0095673, 27.9294815 ] } },
{ "type": "Feature", "properties": { "name": "???????? ???? ??", "amenity": "school", "addr_city": null, "osm_id": 9784569730, "osm_type": "nodes" }, "geometry": { "type": "Point", "coordinates": [ 83.3431625, 27.9248199 ] } },
{ "type": "Feature", "properties": { "name": "???? ?????? ???? ??", "amenity": "school", "addr_city": null, "osm_id": 9781590408, "osm_type": "nodes" }, "geometry": { "type": "Point", "coordinates": [ 83.31884, 27.9237709 ] } },
{ "type": "Feature", "properties": { "name": null, "amenity": "school", "addr_city": null, "osm_id": 4367679495, "osm_type": "nodes" }, "geometry": { "type": "Point", "coordinates": [ 85.1406005, 27.9222514 ] } },
{ "type": "Feature", "properties": { "name": "?????? ???????????? ???????? ?????? 7 ????? ??????????", "amenity": "school", "addr_city": null, "osm_id": 9784406971, "osm_type": "nodes" }, "geometry": { "type": "Point", "coordinates": [ 83.2209244, 27.9183521 ] } },
{ "type": "Feature", "properties": { "name": "???? ???? ???????? ??????", "amenity": "school", "addr_city": null, "osm_id": 9785576291, "osm_type": "nodes" }, "geometry": { "type": "Point", "coordinates": [ 82.8750687, 27.9651279 ] } },
{ "type": "Feature", "properties": { "name": "???? ?????? ??? ????? ??????? ??????", "amenity": "school", "addr_city": null, "osm_id": 9785461045, "osm_type": "nodes" }, "geometry": { "type": "Point", "coordinates": [ 82.9076614, 27.9555569 ] } },
{ "type": "Feature", "properties": { "name": "???? ??????? ????.??.????????", "amenity": "school", "addr_city": null, "osm_id": 9785461048, "osm_type": "nodes" }, "geometry": { "type": "Point", "coordinates": [ 82.9232788, 27.9453526 ] } },
{ "type": "Feature", "properties": { "name": "???? ?????? ??????? ?????? ? ? ?? 6 ??????", "amenity": "school", "addr_city": null, "osm_id": 9784367060, "osm_type": "nodes" }, "geometry": { "type": "Point", "coordinates": [ 83.1506729, 27.9147873 ] } },
{ "type": "Feature", "properties": { "name": "Universal English Boarding School", "amenity": "school", "addr_city": "Bahun Besi", "osm_id": 4382972291, "osm_type": "nodes" }, "geometry": { "type": "Point", "coordinates": [ 85.2940555, 27.9179791 ] } },
{ "type": "Feature", "properties": { "name": "Hemawateshwor Ved Vidhyashram (Gurukul)", "amenity": "school", "addr_city": null, "osm_id": 11292369185, "osm_type": "nodes" }, "geometry": { "type": "Point", "coordinates": [ 85.2949672, 27.9187563 ] } },
{ "type": "Feature", "properties": { "name": "Shri Suryamati Pra Vi", "amenity": "school", "addr_city": null, "osm_id": 5052655804, "osm_type": "nodes" }, "geometry": { "type": "Point", "coordinates": [ 85.2809895, 27.9190582 ] } },
{ "type": "Feature", "properties": { "name": "Mahendra madyamik bidhyalaya matahariya", "amenity": "school", "addr_city": null, "osm_id": 9787392834, "osm_type": "nodes" }, "geometry": { "type": "Point", "coordinates": [ 81.7947186, 27.9270626 ] } },
{ "type": "Feature", "properties": { "name": "Madrasa gausiya gulsane raja", "amenity": "school", "addr_city": null, "osm_id": 9787392857, "osm_type": "nodes" }, "geometry": { "type": "Point", "coordinates": [ 81.792717, 27.9268456 ] } },
{ "type": "Feature", "properties": { "name": "Madarsa Darul ulam", "amenity": "school", "addr_city": null, "osm_id": 9778936550, "osm_type": "nodes" }, "geometry": { "type": "Point", "coordinates": [ 81.7067219, 27.9875188 ] } },
{ "type": "Feature", "properties": { "name": "????????? ?????? ????????", "amenity": "school", "addr_city": null, "osm_id": 9787392820, "osm_type": "nodes" }, "geometry": { "type": "Point", "coordinates": [ 81.7802163, 27.9339044 ] } },
{ "type": "Feature", "properties": { "name": "Madrasa gausiya gulsane raja", "amenity": "school", "addr_city": null, "osm_id": 9787392857, "osm_type": "nodes" }, "geometry": { "type": "Point", "coordinates": [ 81.792717, 27.9268456 ] } },
{ "type": "Feature", "properties": { "name": "???? ????? ????????? ??.??", "amenity": "school", "addr_city": null, "osm_id": 9787411866, "osm_type": "nodes" }, "geometry": { "type": "Point", "coordinates": [ 81.9548798, 28.0447025 ] } },
{ "type": "Feature", "properties": { "name": "??????? ???????? ????????", "amenity": "school", "addr_city": null, "osm_id": 9787411869, "osm_type": "nodes" }, "geometry": { "type": "Point", "coordinates": [ 81.8659515, 28.0674191 ] } },
{ "type": "Feature", "properties": { "name": "Madarsa Darul ulam", "amenity": "school", "addr_city": null, "osm_id": 9778936550, "osm_type": "nodes" }, "geometry": { "type": "Point", "coordinates": [ 81.7067219, 27.9875188 ] } },
{ "type": "Feature", "properties": { "name": "Mahendra madyamik bidhyalaya matahariya", "amenity": "school", "addr_city": null, "osm_id": 9787392834, "osm_type": "nodes" }, "geometry": { "type": "Point", "coordinates": [ 81.7947186, 27.9270626 ] } },
{ "type": "Feature", "properties": { "name": "Janta Adharbhut School", "amenity": "school", "addr_city": "Duduwa Rural Municipality", "osm_id": 9237325461, "osm_type": "nodes" }, "geometry": { "type": "Point", "coordinates": [ 81.7144586, 27.9842106 ] } },
{ "type": "Feature", "properties": { "name": "????????? ?????? ????????", "amenity": "school", "addr_city": null, "osm_id": 9787392820, "osm_type": "nodes" }, "geometry": { "type": "Point", "coordinates": [ 81.7802163, 27.9339044 ] } },
{ "type": "Feature", "properties": { "name": "Shri Bhairabkunda Primary School", "amenity": "school", "addr_city": null, "osm_id": 4978913447, "osm_type": "nodes" }, "geometry": { "type": "Point", "coordinates": [ 85.9347146, 27.9331243 ] } },
{ "type": "Feature", "properties": { "name": "Nepal Rastriya prathamik bidyalaya", "amenity": "school", "addr_city": null, "osm_id": 9787392848, "osm_type": "nodes" }, "geometry": { "type": "Point", "coordinates": [ 81.8650589, 27.8954563 ] } },
{ "type": "Feature", "properties": { "name": "Hera public school", "amenity": "school", "addr_city": null, "osm_id": 9787392859, "osm_type": "nodes" }, "geometry": { "type": "Point", "coordinates": [ 81.8803558, 27.883873 ] } },
{ "type": "Feature", "properties": { "name": "Shri Dhaneswari Secondary School", "amenity": "school", "addr_city": null, "osm_id": 4978971399, "osm_type": "nodes" }, "geometry": { "type": "Point", "coordinates": [ 85.9098348, 27.8823923 ] } },
{ "type": "Feature", "properties": { "name": "Shree Bakulahari Rastriya Adharbhut School, Lewatar", "amenity": "school", "addr_city": null, "osm_id": 9794127019, "osm_type": "nodes" }, "geometry": { "type": "Point", "coordinates": [ 84.6044235, 27.8703213 ] } },
{ "type": "Feature", "properties": { "name": null, "amenity": "school", "addr_city": null, "osm_id": 5166929621, "osm_type": "nodes" }, "geometry": { "type": "Point", "coordinates": [ 84.536221, 27.9096872 ] } },
{ "type": "Feature", "properties": { "name": "Shri Ram Shah Ni Ma V", "amenity": "school", "addr_city": null, "osm_id": 4905343546, "osm_type": "nodes" }, "geometry": { "type": "Point", "coordinates": [ 84.5403944, 27.9185193 ] } },
{ "type": "Feature", "properties": { "name": null, "amenity": "school", "addr_city": null, "osm_id": 4735456241, "osm_type": "nodes" }, "geometry": { "type": "Point", "coordinates": [ 84.540952, 27.8738675 ] } },
{ "type": "Feature", "properties": { "name": "Aaanboo khaireni campus", "amenity": "college", "addr_city": null, "osm_id": 5186075430, "osm_type": "nodes" }, "geometry": { "type": "Point", "coordinates": [ 84.5437797, 27.904619 ] } },
{ "type": "Feature", "properties": { "name": "???? ???????????? ????? ?????? ?????", "amenity": "school", "addr_city": null, "osm_id": 9785576266, "osm_type": "nodes" }, "geometry": { "type": "Point", "coordinates": [ 82.8030319, 27.8801098 ] } },
{ "type": "Feature", "properties": { "name": "??????? ????? ?????? ?????", "amenity": "school", "addr_city": null, "osm_id": 9785576267, "osm_type": "nodes" }, "geometry": { "type": "Point", "coordinates": [ 82.8333054, 27.909996 ] } },
{ "type": "Feature", "properties": { "name": "???? ????????? ??????? ????????", "amenity": "school", "addr_city": null, "osm_id": 9784376211, "osm_type": "nodes" }, "geometry": { "type": "Point", "coordinates": [ 82.8232574, 27.8912621 ] } },
{ "type": "Feature", "properties": { "name": "???? ????? ??????? ?????? ?????-?? ???????? ??????????", "amenity": "school", "addr_city": null, "osm_id": 9784376163, "osm_type": "nodes" }, "geometry": { "type": "Point", "coordinates": [ 82.9273148, 27.9054031 ] } },
{ "type": "Feature", "properties": { "name": "???? ?????? ???? ????.?? ????????", "amenity": "school", "addr_city": "?????? ?????????? ???", "osm_id": 9288008690, "osm_type": "nodes" }, "geometry": { "type": "Point", "coordinates": [ 82.8018821, 27.8751642 ] } },
{ "type": "Feature", "properties": { "name": null, "amenity": "school", "addr_city": null, "osm_id": 8248764507, "osm_type": "nodes" }, "geometry": { "type": "Point", "coordinates": [ 85.2048474, 27.899374 ] } },
{ "type": "Feature", "properties": { "name": "Shri Mahendrodaya Janasewa Pra V", "amenity": "school", "addr_city": null, "osm_id": 5019497056, "osm_type": "nodes" }, "geometry": { "type": "Point", "coordinates": [ 85.248232, 27.9067478 ] } },
{ "type": "Feature", "properties": { "name": "Chhetrapal Campus", "amenity": "college", "addr_city": null, "osm_id": 5011135643, "osm_type": "nodes" }, "geometry": { "type": "Point", "coordinates": [ 85.2407661, 27.9042602 ] } },
{ "type": "Feature", "properties": { "name": "Shri Karantar Namuna Pra V", "amenity": "school", "addr_city": null, "osm_id": 4912218252, "osm_type": "nodes" }, "geometry": { "type": "Point", "coordinates": [ 84.5535466, 27.8620247 ] } },
{ "type": "Feature", "properties": { "name": "Madarsa ahilaysunnat gausiyarajaul islam", "amenity": "school", "addr_city": null, "osm_id": 9787392851, "osm_type": "nodes" }, "geometry": { "type": "Point", "coordinates": [ 81.8983536, 27.8608665 ] } },
{ "type": "Feature", "properties": { "name": "Madarsa darul ulum anjuman islamiya 1 Mahatniya", "amenity": "school", "addr_city": null, "osm_id": 9787392864, "osm_type": "nodes" }, "geometry": { "type": "Point", "coordinates": [ 81.8974838, 27.8584461 ] } },
{ "type": "Feature", "properties": { "name": "Madarsa darul ulum anjuman islamiya 1 Mahatniya", "amenity": "school", "addr_city": null, "osm_id": 9787392864, "osm_type": "nodes" }, "geometry": { "type": "Point", "coordinates": [ 81.8974838, 27.8584461 ] } },
{ "type": "Feature", "properties": { "name": "Madarsa ahilaysunnat gausiyarajaul islam", "amenity": "school", "addr_city": null, "osm_id": 9787392851, "osm_type": "nodes" }, "geometry": { "type": "Point", "coordinates": [ 81.8983536, 27.8608665 ] } },
{ "type": "Feature", "properties": { "name": "???????? ????? ????????? ???????? ???????", "amenity": "school", "addr_city": null, "osm_id": 4929738122, "osm_type": "nodes" }, "geometry": { "type": "Point", "coordinates": [ 84.5612144, 27.8543594 ] } },
{ "type": "Feature", "properties": { "name": "Shri Thongthong PRA V", "amenity": "school", "addr_city": null, "osm_id": 5042250586, "osm_type": "nodes" }, "geometry": { "type": "Point", "coordinates": [ 86.2174516, 27.8723258 ] } },
{ "type": "Feature", "properties": { "name": "Shree Ganesh Rastriya Aardharbhut Bidhalaya school, Orek", "amenity": "school", "addr_city": null, "osm_id": 9794119185, "osm_type": "nodes" }, "geometry": { "type": "Point", "coordinates": [ 84.616188, 27.84688 ] } },
{ "type": "Feature", "properties": { "name": "polestare institute secondary E.B.S.", "amenity": "school", "addr_city": null, "osm_id": 9785402177, "osm_type": "nodes" }, "geometry": { "type": "Point", "coordinates": [ 83.539566, 27.843729 ] } },
{ "type": "Feature", "properties": { "name": null, "amenity": "school", "addr_city": null, "osm_id": 4775947922, "osm_type": "nodes" }, "geometry": { "type": "Point", "coordinates": [ 83.5417668, 27.8380863 ] } },
{ "type": "Feature", "properties": { "name": "Shree Rastriya Adharbhut School, Pamdanda", "amenity": "school", "addr_city": null, "osm_id": 9794127020, "osm_type": "nodes" }, "geometry": { "type": "Point", "coordinates": [ 84.5780106, 27.837162 ] } },
{ "type": "Feature", "properties": { "name": "??????? ??????? ???????? ??????", "amenity": "school", "addr_city": null, "osm_id": 9794127017, "osm_type": "nodes" }, "geometry": { "type": "Point", "coordinates": [ 84.529213, 27.8317814 ] } },
{ "type": "Feature", "properties": { "name": "???? ???? ?.??.", "amenity": "school", "addr_city": "?????? ?????????? ???", "osm_id": 9288422117, "osm_type": "nodes" }, "geometry": { "type": "Point", "coordinates": [ 82.7163335, 27.8262886 ] } },
{ "type": "Feature", "properties": { "name": "??.??. ??????? ????????", "amenity": "school", "addr_city": "?????? ??????????  ???", "osm_id": 9288217261, "osm_type": "nodes" }, "geometry": { "type": "Point", "coordinates": [ 82.6891232, 27.8297625 ] } },
{ "type": "Feature", "properties": { "name": "???? ????? ????????? ??.??.", "amenity": "school", "addr_city": "?????? ?????????? ??? ???????", "osm_id": 9288086793, "osm_type": "nodes" }, "geometry": { "type": "Point", "coordinates": [ 82.7808716, 27.8468247 ] } },
{ "type": "Feature", "properties": { "name": "???????????? ????.??. ??? ????? ?.??.", "amenity": "school", "addr_city": "?????? ?????????? ???", "osm_id": 9288107789, "osm_type": "nodes" }, "geometry": { "type": "Point", "coordinates": [ 82.7591216, 27.8397464 ] } },
{ "type": "Feature", "properties": { "name": "????????? ?????? ??.??.", "amenity": "school", "addr_city": null, "osm_id": 9790312670, "osm_type": "nodes" }, "geometry": { "type": "Point", "coordinates": [ 82.5892706, 27.8142832 ] } },
{ "type": "Feature", "properties": { "name": "???? ????????? ??????? ?????? ?????? ???????", "amenity": "school", "addr_city": null, "osm_id": 9794119196, "osm_type": "nodes" }, "geometry": { "type": "Point", "coordinates": [ 84.5990372, 27.816927 ] } },
{ "type": "Feature", "properties": { "name": "Shri Golma Rani Pra V", "amenity": "school", "addr_city": null, "osm_id": 4934940717, "osm_type": "nodes" }, "geometry": { "type": "Point", "coordinates": [ 84.8379473, 27.8124431 ] } },
{ "type": "Feature", "properties": { "name": "???? ?????? ??????? ????????", "amenity": "school", "addr_city": null, "osm_id": 9784376216, "osm_type": "nodes" }, "geometry": { "type": "Point", "coordinates": [ 82.9451218, 27.8075829 ] } },
{ "type": "Feature", "properties": { "name": "???? ????????? ??????? ?????? ????????", "amenity": "school", "addr_city": null, "osm_id": 9794119195, "osm_type": "nodes" }, "geometry": { "type": "Point", "coordinates": [ 84.6179199, 27.8087826 ] } },
{ "type": "Feature", "properties": { "name": null, "amenity": "school", "addr_city": null, "osm_id": 4775950621, "osm_type": "nodes" }, "geometry": { "type": "Point", "coordinates": [ 83.5147389, 27.8033639 ] } },
{ "type": "Feature", "properties": { "name": "Dhading Polytechnical Institute", "amenity": "college", "addr_city": null, "osm_id": 5633699300, "osm_type": "nodes" }, "geometry": { "type": "Point", "coordinates": [ 84.8730272, 27.8000771 ] } },
{ "type": "Feature", "properties": { "name": "????????? ??????", "amenity": "school", "addr_city": null, "osm_id": 9790312681, "osm_type": "nodes" }, "geometry": { "type": "Point", "coordinates": [ 82.7595129, 27.8091601 ] } },
{ "type": "Feature", "properties": { "name": "???? ?????????? ??????? ????????", "amenity": "school", "addr_city": null, "osm_id": 9784387319, "osm_type": "nodes" }, "geometry": { "type": "Point", "coordinates": [ 82.7848511, 27.7988663 ] } },
{ "type": "Feature", "properties": { "name": "???? ?.??.??.???????? ???", "amenity": "school", "addr_city": null, "osm_id": 9790312662, "osm_type": "nodes" }, "geometry": { "type": "Point", "coordinates": [ 82.7639075, 27.8074091 ] } },
{ "type": "Feature", "properties": { "name": "Shri Archale Primary School", "amenity": "school", "addr_city": null, "osm_id": 4982298351, "osm_type": "nodes" }, "geometry": { "type": "Point", "coordinates": [ 85.7655058, 27.7960876 ] } },
{ "type": "Feature", "properties": { "name": "Shri Mani Smiriti Pra V", "amenity": "school", "addr_city": null, "osm_id": 5042269387, "osm_type": "nodes" }, "geometry": { "type": "Point", "coordinates": [ 86.2060766, 27.7778907 ] } },
{ "type": "Feature", "properties": { "name": "Shri Bandevi Pra Vi", "amenity": "school", "addr_city": null, "osm_id": 4938230442, "osm_type": "nodes" }, "geometry": { "type": "Point", "coordinates": [ 85.032979, 27.7743767 ] } },
{ "type": "Feature", "properties": { "name": "Shree thanidanda secondary school", "amenity": "school", "addr_city": null, "osm_id": 9785409750, "osm_type": "nodes" }, "geometry": { "type": "Point", "coordinates": [ 83.4296257, 27.7611171 ] } },
{ "type": "Feature", "properties": { "name": "Mahadev Primary School", "amenity": "school", "addr_city": null, "osm_id": 11990088711, "osm_type": "nodes" }, "geometry": { "type": "Point", "coordinates": [ 84.4136667, 27.762163 ] } },
{ "type": "Feature", "properties": { "name": null, "amenity": "school", "addr_city": null, "osm_id": 4754920336, "osm_type": "nodes" }, "geometry": { "type": "Point", "coordinates": [ 85.8955354, 27.7803977 ] } },
{ "type": "Feature", "properties": { "name": "Shree Siddhikali Ni Ma V", "amenity": "school", "addr_city": null, "osm_id": 4973087974, "osm_type": "nodes" }, "geometry": { "type": "Point", "coordinates": [ 85.8929452, 27.7776273 ] } },
{ "type": "Feature", "properties": { "name": "Shree Laliguras Pra V", "amenity": "school", "addr_city": null, "osm_id": 4973088751, "osm_type": "nodes" }, "geometry": { "type": "Point", "coordinates": [ 85.8859353, 27.767248 ] } },
{ "type": "Feature", "properties": { "name": null, "amenity": "college", "addr_city": null, "osm_id": 4755791521, "osm_type": "nodes" }, "geometry": { "type": "Point", "coordinates": [ 85.8951782, 27.7801094 ] } },
{ "type": "Feature", "properties": { "name": "???? ???? ????????? ???????? ???????? ?????????-?? ???? ??????????", "amenity": "school", "addr_city": null, "osm_id": 9784376186, "osm_type": "nodes" }, "geometry": { "type": "Point", "coordinates": [ 83.1985703, 27.7631607 ] } },
{ "type": "Feature", "properties": { "name": "Pragyan Academy", "amenity": "school", "addr_city": null, "osm_id": 10035888754, "osm_type": "nodes" }, "geometry": { "type": "Point", "coordinates": [ 85.3224206, 27.7578614 ] } },
{ "type": "Feature", "properties": { "name": "Shri Setidevi Sarada Uchha Ma V", "amenity": "school", "addr_city": null, "osm_id": 4979344017, "osm_type": "nodes" }, "geometry": { "type": "Point", "coordinates": [ 85.8494053, 27.7551598 ] } },
{ "type": "Feature", "properties": { "name": "Shree Nawajyoti Ni Ma V", "amenity": "school", "addr_city": null, "osm_id": 5023390480, "osm_type": "nodes" }, "geometry": { "type": "Point", "coordinates": [ 86.2172943, 27.755504 ] } },
{ "type": "Feature", "properties": { "name": "Hurpung Chautara Pra V", "amenity": "school", "addr_city": null, "osm_id": 5042274264, "osm_type": "nodes" }, "geometry": { "type": "Point", "coordinates": [ 86.242139, 27.7671365 ] } },
{ "type": "Feature", "properties": { "name": "Shri Maisthan Pra V", "amenity": "school", "addr_city": null, "osm_id": 5042189629, "osm_type": "nodes" }, "geometry": { "type": "Point", "coordinates": [ 86.2390246, 27.7585941 ] } },
{ "type": "Feature", "properties": { "name": "Shri Karuna Pra V", "amenity": "school", "addr_city": null, "osm_id": 5023382056, "osm_type": "nodes" }, "geometry": { "type": "Point", "coordinates": [ 86.1851467, 27.7515579 ] } },
{ "type": "Feature", "properties": { "name": "??????? ?????? ????????", "amenity": "school", "addr_city": null, "osm_id": 10036073645, "osm_type": "nodes" }, "geometry": { "type": "Point", "coordinates": [ 85.3260316, 27.7404539 ] } },
{ "type": "Feature", "properties": { "name": "?.??.??. ?????", "amenity": "school", "addr_city": null, "osm_id": 7817081585, "osm_type": "nodes" }, "geometry": { "type": "Point", "coordinates": [ 85.3223044, 27.7417758 ] } },
{ "type": "Feature", "properties": { "name": "Kantipur College", "amenity": "college", "addr_city": null, "osm_id": 10009080577, "osm_type": "nodes" }, "geometry": { "type": "Point", "coordinates": [ 85.3221806, 27.7431429 ] } },
{ "type": "Feature", "properties": { "name": "dobhan secondary school", "amenity": "school", "addr_city": null, "osm_id": 9785409752, "osm_type": "nodes" }, "geometry": { "type": "Point", "coordinates": [ 83.4594193, 27.7496586 ] } },
{ "type": "Feature", "properties": { "name": "Shree Indreshwori Uchha Ma V", "amenity": "school", "addr_city": null, "osm_id": 4984588096, "osm_type": "nodes" }, "geometry": { "type": "Point", "coordinates": [ 85.5744962, 27.8305016 ] } },
{ "type": "Feature", "properties": { "name": "Shree Paropakar Ni Ma V", "amenity": "school", "addr_city": null, "osm_id": 4978663292, "osm_type": "nodes" }, "geometry": { "type": "Point", "coordinates": [ 85.6332343, 27.7307582 ] } },
{ "type": "Feature", "properties": { "name": "Gautam Buddha Aadharbhut School", "amenity": "school", "addr_city": null, "osm_id": 9790388312, "osm_type": "nodes" }, "geometry": { "type": "Point", "coordinates": [ 83.1135712, 27.7127209 ] } },
{ "type": "Feature", "properties": { "name": "Namuna Samudayak Bal Bikash", "amenity": "school", "addr_city": null, "osm_id": 9790388313, "osm_type": "nodes" }, "geometry": { "type": "Point", "coordinates": [ 83.1142563, 27.7057653 ] } },
{ "type": "Feature", "properties": { "name": "Arts Building (Tri-Chandra Campus)", "amenity": null, "addr_city": null, "osm_id": 3506403398, "osm_type": "nodes" }, "geometry": { "type": "Point", "coordinates": [ 85.3171991, 27.7076027 ] } },
{ "type": "Feature", "properties": { "name": "????? ??????? ?????", "amenity": "school", "addr_city": null, "osm_id": 3506396287, "osm_type": "nodes" }, "geometry": { "type": "Point", "coordinates": [ 85.3162192, 27.7088736 ] } },
{ "type": "Feature", "properties": { "name": "?????????? ?????", "amenity": "school", "addr_city": null, "osm_id": 3506399401, "osm_type": "nodes" }, "geometry": { "type": "Point", "coordinates": [ 85.3158005, 27.7086504 ] } },
{ "type": "Feature", "properties": { "name": "???????????? ?????", "amenity": "school", "addr_city": null, "osm_id": 3506400900, "osm_type": "nodes" }, "geometry": { "type": "Point", "coordinates": [ 85.3162155, 27.7086655 ] } },
{ "type": "Feature", "properties": { "name": "??????? ??????? ?????, ???????? ?????????????", "amenity": "university", "addr_city": null, "osm_id": 5626602821, "osm_type": "nodes" }, "geometry": { "type": "Point", "coordinates": [ 85.3161155, 27.7086341 ] } },
{ "type": "Feature", "properties": { "name": "???? ??????? ???????", "amenity": "school", "addr_city": null, "osm_id": 5625028221, "osm_type": "nodes" }, "geometry": { "type": "Point", "coordinates": [ 85.3149129, 27.7092014 ] } },
{ "type": "Feature", "properties": { "name": "????? ??? ????????", "amenity": "college", "addr_city": null, "osm_id": 9494440622, "osm_type": "nodes" }, "geometry": { "type": "Point", "coordinates": [ 85.3138697, 27.7077141 ] } },
{ "type": "Feature", "properties": { "name": "?????????? ???? ?? ???? ???? ?-?????", "amenity": "college", "addr_city": null, "osm_id": 7666750265, "osm_type": "nodes" }, "geometry": { "type": "Point", "coordinates": [ 85.3300086, 27.7061835 ] } },
{ "type": "Feature", "properties": { "name": "???????? ?????? ???????", "amenity": "school", "addr_city": null, "osm_id": 4516438589, "osm_type": "nodes" }, "geometry": { "type": "Point", "coordinates": [ 85.3279851, 27.7051472 ] } },
{ "type": "Feature", "properties": { "name": "International School of Tourism & Hotel Management", "amenity": "college", "addr_city": null, "osm_id": 2108676792, "osm_type": "nodes" }, "geometry": { "type": "Point", "coordinates": [ 85.3278517, 27.7072192 ] } },
{ "type": "Feature", "properties": { "name": "Times International College", "amenity": "college", "addr_city": null, "osm_id": 5909455364, "osm_type": "nodes" }, "geometry": { "type": "Point", "coordinates": [ 85.3274529, 27.7081572 ] } },
{ "type": "Feature", "properties": { "name": "?????????? ?????? ????????", "amenity": "school", "addr_city": null, "osm_id": 5921937437, "osm_type": "nodes" }, "geometry": { "type": "Point", "coordinates": [ 85.3303915, 27.7082521 ] } },
{ "type": "Feature", "properties": { "name": "??????? ????", "amenity": "college", "addr_city": null, "osm_id": 9450088723, "osm_type": "nodes" }, "geometry": { "type": "Point", "coordinates": [ 85.3309026, 27.7122586 ] } },
{ "type": "Feature", "properties": { "name": "????? ???? ????????", "amenity": "school", "addr_city": null, "osm_id": 9450088725, "osm_type": "nodes" }, "geometry": { "type": "Point", "coordinates": [ 85.3295096, 27.7126599 ] } },
{ "type": "Feature", "properties": { "name": "???? ?? ?????? ???????????? (??????)", "amenity": "college", "addr_city": null, "osm_id": 6052160685, "osm_type": "nodes" }, "geometry": { "type": "Point", "coordinates": [ 85.3266766, 27.7058205 ] } },
{ "type": "Feature", "properties": { "name": "?????? ???????? ??????? ????? ????,??", "amenity": "school", "addr_city": null, "osm_id": 9764698047, "osm_type": "nodes" }, "geometry": { "type": "Point", "coordinates": [ 83.0376817, 27.706708 ] } },
{ "type": "Feature", "properties": { "name": "KVM school", "amenity": "school", "addr_city": null, "osm_id": 9767127318, "osm_type": "nodes" }, "geometry": { "type": "Point", "coordinates": [ 83.1570883, 27.7009626 ] } },
{ "type": "Feature", "properties": { "name": null, "amenity": "school", "addr_city": null, "osm_id": 4553859791, "osm_type": "nodes" }, "geometry": { "type": "Point", "coordinates": [ 84.4071356, 27.7007757 ] } },
{ "type": "Feature", "properties": { "name": "?? ?????? ???????? ?????", "amenity": "school", "addr_city": null, "osm_id": 9792065913, "osm_type": "nodes" }, "geometry": { "type": "Point", "coordinates": [ 83.2632446, 27.7000999 ] } },
{ "type": "Feature", "properties": { "name": "Pashupati Secondary School", "amenity": "school", "addr_city": null, "osm_id": 9526708541, "osm_type": "nodes" }, "geometry": { "type": "Point", "coordinates": [ 83.2635367, 27.702479 ] } },
{ "type": "Feature", "properties": { "name": "??????? ??????? ????????", "amenity": "school", "addr_city": null, "osm_id": 9791716748, "osm_type": "nodes" }, "geometry": { "type": "Point", "coordinates": [ 83.4611053, 27.7075558 ] } },
{ "type": "Feature", "properties": { "name": "Mahabir English School", "amenity": "school", "addr_city": null, "osm_id": 9791716750, "osm_type": "nodes" }, "geometry": { "type": "Point", "coordinates": [ 83.4588242, 27.7069511 ] } },
{ "type": "Feature", "properties": { "name": "Manimukunda English Boarding School", "amenity": "school", "addr_city": null, "osm_id": 9791716751, "osm_type": "nodes" }, "geometry": { "type": "Point", "coordinates": [ 83.4602432, 27.7056446 ] } },
{ "type": "Feature", "properties": { "name": "???? ???????? ???????? ????????", "amenity": "school", "addr_city": null, "osm_id": 9791716753, "osm_type": "nodes" }, "geometry": { "type": "Point", "coordinates": [ 83.4634171, 27.7101059 ] } },
{ "type": "Feature", "properties": { "name": "????? ??. ??.", "amenity": "school", "addr_city": null, "osm_id": 9791716755, "osm_type": "nodes" }, "geometry": { "type": "Point", "coordinates": [ 83.4605026, 27.7084904 ] } },
{ "type": "Feature", "properties": { "name": "Shree Rameshwor Adhar Bhut Bidhalaya", "amenity": "school", "addr_city": null, "osm_id": 9791690394, "osm_type": "nodes" }, "geometry": { "type": "Point", "coordinates": [ 83.0365448, 27.6930275 ] } },
{ "type": "Feature", "properties": { "name": "School of Creative Communications", "amenity": "school", "addr_city": null, "osm_id": 2113579306, "osm_type": "nodes" }, "geometry": { "type": "Point", "coordinates": [ 85.3184409, 27.68621 ] } },
{ "type": "Feature", "properties": { "name": null, "amenity": "kindergarten", "addr_city": null, "osm_id": 8276906819, "osm_type": "nodes" }, "geometry": { "type": "Point", "coordinates": [ 85.3210021, 27.6862386 ] } },
{ "type": "Feature", "properties": { "name": null, "amenity": "school", "addr_city": null, "osm_id": 11252217741, "osm_type": "nodes" }, "geometry": { "type": "Point", "coordinates": [ 85.3193748, 27.6865995 ] } },
{ "type": "Feature", "properties": { "name": "Geomatic Institute of Technology", "amenity": "college", "addr_city": null, "osm_id": 12118555656, "osm_type": "nodes" }, "geometry": { "type": "Point", "coordinates": [ 85.3237092, 27.687247 ] } },
{ "type": "Feature", "properties": { "name": "Nepal bank limited", "amenity": "college", "addr_city": null, "osm_id": 10716584878, "osm_type": "nodes" }, "geometry": { "type": "Point", "coordinates": [ 85.3253717, 27.6896047 ] } },
{ "type": "Feature", "properties": { "name": null, "amenity": "college", "addr_city": null, "osm_id": 6135611485, "osm_type": "nodes" }, "geometry": { "type": "Point", "coordinates": [ 85.3491251, 27.6887388 ] } },
{ "type": "Feature", "properties": { "name": "Nasa Iinternational College", "amenity": "college", "addr_city": "kathmandu municipality", "osm_id": 4928424956, "osm_type": "nodes" }, "geometry": { "type": "Point", "coordinates": [ 85.3503984, 27.6878966 ] } },
{ "type": "Feature", "properties": { "name": "?????????? ????????? ????????", "amenity": "school", "addr_city": null, "osm_id": 9942249120, "osm_type": "nodes" }, "geometry": { "type": "Point", "coordinates": [ 85.3261301, 27.6768451 ] } },
{ "type": "Feature", "properties": { "name": "????????? ????? ???????? ????????", "amenity": "school", "addr_city": null, "osm_id": 9942249019, "osm_type": "nodes" }, "geometry": { "type": "Point", "coordinates": [ 85.3247772, 27.6749954 ] } },
{ "type": "Feature", "properties": { "name": "????????? ????? ???????? ????????", "amenity": "school", "addr_city": null, "osm_id": 9942584718, "osm_type": "nodes" }, "geometry": { "type": "Point", "coordinates": [ 85.3247915, 27.6749931 ] } },
{ "type": "Feature", "properties": { "name": "??????? ????? ????????? ????????", "amenity": "school", "addr_city": null, "osm_id": 1904216004, "osm_type": "nodes" }, "geometry": { "type": "Point", "coordinates": [ 85.3248365, 27.6748737 ] } },
{ "type": "Feature", "properties": { "name": "??????? ????? ????????", "amenity": "school", "addr_city": null, "osm_id": 1904243450, "osm_type": "nodes" }, "geometry": { "type": "Point", "coordinates": [ 85.3243351, 27.6744995 ] } },
{ "type": "Feature", "properties": { "name": "???? ????? ????? ???????? ????????", "amenity": "school", "addr_city": null, "osm_id": 9769924988, "osm_type": "nodes" }, "geometry": { "type": "Point", "coordinates": [ 82.8357979, 27.6750591 ] } },
{ "type": "Feature", "properties": { "name": "National Multiple college", "amenity": "college", "addr_city": null, "osm_id": 2684771565, "osm_type": "nodes" }, "geometry": { "type": "Point", "coordinates": [ 85.3129937, 27.6692518 ] } },
{ "type": "Feature", "properties": { "name": "Ekta After School Care House", "amenity": "kindergarten", "addr_city": "Patan", "osm_id": 3763370416, "osm_type": "nodes" }, "geometry": { "type": "Point", "coordinates": [ 85.3091031, 27.6702376 ] } },
{ "type": "Feature", "properties": { "name": "Asian College", "amenity": "college", "addr_city": null, "osm_id": 2164964251, "osm_type": "nodes" }, "geometry": { "type": "Point", "coordinates": [ 85.3099818, 27.6704588 ] } },
{ "type": "Feature", "properties": { "name": "Nepal administrative Staff College", "amenity": "college", "addr_city": null, "osm_id": 1937647445, "osm_type": "nodes" }, "geometry": { "type": "Point", "coordinates": [ 85.3122305, 27.6709148 ] } },
{ "type": "Feature", "properties": { "name": "Study Destination Center", "amenity": "school", "addr_city": null, "osm_id": 11933003491, "osm_type": "nodes" }, "geometry": { "type": "Point", "coordinates": [ 85.3232273, 27.6677956 ] } },
{ "type": "Feature", "properties": { "name": "Nirvana College", "amenity": "college", "addr_city": null, "osm_id": 4294920689, "osm_type": "nodes" }, "geometry": { "type": "Point", "coordinates": [ 85.3245594, 27.6669947 ] } },
{ "type": "Feature", "properties": { "name": "???? ???????? ???????? ????????", "amenity": "school", "addr_city": null, "osm_id": 9791690370, "osm_type": "nodes" }, "geometry": { "type": "Point", "coordinates": [ 82.9750748, 27.6665363 ] } },
{ "type": "Feature", "properties": { "name": "Dumara Balbikash Kendra", "amenity": "school", "addr_city": null, "osm_id": 9791690391, "osm_type": "nodes" }, "geometry": { "type": "Point", "coordinates": [ 82.981926, 27.6650562 ] } },
{ "type": "Feature", "properties": { "name": "Sandip Primary School", "amenity": "school", "addr_city": null, "osm_id": 9769741561, "osm_type": "nodes" }, "geometry": { "type": "Point", "coordinates": [ 83.5683995, 27.6592041 ] } },
{ "type": "Feature", "properties": { "name": "???? ???????? ???????? ????????", "amenity": "school", "addr_city": null, "osm_id": 9791690376, "osm_type": "nodes" }, "geometry": { "type": "Point", "coordinates": [ 83.0048294, 27.6683197 ] } },
{ "type": "Feature", "properties": { "name": null, "amenity": "college", "addr_city": null, "osm_id": 5958480285, "osm_type": "nodes" }, "geometry": { "type": "Point", "coordinates": [ 84.3517042, 27.661033 ] } },
{ "type": "Feature", "properties": { "name": null, "amenity": "college", "addr_city": null, "osm_id": 5958478786, "osm_type": "nodes" }, "geometry": { "type": "Point", "coordinates": [ 84.3515537, 27.6606416 ] } },
{ "type": "Feature", "properties": { "name": null, "amenity": "college", "addr_city": null, "osm_id": 5958430586, "osm_type": "nodes" }, "geometry": { "type": "Point", "coordinates": [ 84.3493548, 27.6574377 ] } },
{ "type": "Feature", "properties": { "name": null, "amenity": "college", "addr_city": null, "osm_id": 5853520786, "osm_type": "nodes" }, "geometry": { "type": "Point", "coordinates": [ 84.3497374, 27.657947 ] } },
{ "type": "Feature", "properties": { "name": null, "amenity": "school", "addr_city": null, "osm_id": 9527851337, "osm_type": "nodes" }, "geometry": { "type": "Point", "coordinates": [ 83.311494, 27.655856 ] } },
{ "type": "Feature", "properties": { "name": "Maryland Children Academy", "amenity": "school", "addr_city": null, "osm_id": 9790452660, "osm_type": "nodes" }, "geometry": { "type": "Point", "coordinates": [ 82.849124, 27.658526 ] } },
{ "type": "Feature", "properties": { "name": "????? ??????? ??????? ?????", "amenity": "school", "addr_city": null, "osm_id": 9790452684, "osm_type": "nodes" }, "geometry": { "type": "Point", "coordinates": [ 82.832633, 27.653368 ] } },
{ "type": "Feature", "properties": { "name": "Buddha bhumi basic school", "amenity": "school", "addr_city": null, "osm_id": 9791993457, "osm_type": "nodes" }, "geometry": { "type": "Point", "coordinates": [ 83.2975922, 27.6565151 ] } },
{ "type": "Feature", "properties": { "name": "Birendra Director House", "amenity": "school", "addr_city": null, "osm_id": 9764698048, "osm_type": "nodes" }, "geometry": { "type": "Point", "coordinates": [ 82.9829375, 27.6489375 ] } },
{ "type": "Feature", "properties": { "name": "Shree narainapur adharbhut vidhyalaya", "amenity": "school", "addr_city": null, "osm_id": 9791716744, "osm_type": "nodes" }, "geometry": { "type": "Point", "coordinates": [ 83.3728638, 27.6664181 ] } },
{ "type": "Feature", "properties": { "name": "???? ??????? ??????? ????????", "amenity": "school", "addr_city": null, "osm_id": 9780828402, "osm_type": "nodes" }, "geometry": { "type": "Point", "coordinates": [ 83.3570129, 27.6463879 ] } },
{ "type": "Feature", "properties": { "name": "???? ????????? ??????? ????????", "amenity": "school", "addr_city": null, "osm_id": 9794159854, "osm_type": "nodes" }, "geometry": { "type": "Point", "coordinates": [ 84.578537, 27.6468525 ] } },
{ "type": "Feature", "properties": { "name": "Indrawati Ma V", "amenity": "school", "addr_city": null, "osm_id": 5006346382, "osm_type": "nodes" }, "geometry": { "type": "Point", "coordinates": [ 85.6866027, 27.6713195 ] } },
{ "type": "Feature", "properties": { "name": "Shri Dulaleshwar Uchha Ma Bi", "amenity": "school", "addr_city": null, "osm_id": 4996743637, "osm_type": "nodes" }, "geometry": { "type": "Point", "coordinates": [ 85.7074476, 27.6391355 ] } },
{ "type": "Feature", "properties": { "name": "???? ??????? ????.??.", "amenity": "school", "addr_city": null, "osm_id": 9780832733, "osm_type": "nodes" }, "geometry": { "type": "Point", "coordinates": [ 83.3908234, 27.6378632 ] } },
{ "type": "Feature", "properties": { "name": "???? ??? ????? ???????? ????????", "amenity": "school", "addr_city": null, "osm_id": 9790452683, "osm_type": "nodes" }, "geometry": { "type": "Point", "coordinates": [ 82.83767, 27.639955 ] } },
{ "type": "Feature", "properties": { "name": "???? ??????? ???? ??", "amenity": "school", "addr_city": null, "osm_id": 9353111391, "osm_type": "nodes" }, "geometry": { "type": "Point", "coordinates": [ 84.9621904, 27.640339 ] } },
{ "type": "Feature", "properties": { "name": null, "amenity": "school", "addr_city": null, "osm_id": 3646882360, "osm_type": "nodes" }, "geometry": { "type": "Point", "coordinates": [ 84.4883395, 27.6324182 ] } },
{ "type": "Feature", "properties": { "name": "Shree Kaparphori Secondary School", "amenity": "school", "addr_city": null, "osm_id": 9771305549, "osm_type": "nodes" }, "geometry": { "type": "Point", "coordinates": [ 84.4884944, 27.6325422 ] } },
{ "type": "Feature", "properties": { "name": "Shree Kiran Amar Jung Gurung Secondary School", "amenity": "school", "addr_city": null, "osm_id": 11977721390, "osm_type": "nodes" }, "geometry": { "type": "Point", "coordinates": [ 84.3325192, 27.6345031 ] } },
{ "type": "Feature", "properties": { "name": "????????? ???????? ???????? ????????", "amenity": "school", "addr_city": null, "osm_id": 10229715401, "osm_type": "nodes" }, "geometry": { "type": "Point", "coordinates": [ 85.4897754, 27.6365677 ] } },
{ "type": "Feature", "properties": { "name": "????????? ???????? ???????? ????????", "amenity": "school", "addr_city": null, "osm_id": 10230034822, "osm_type": "nodes" }, "geometry": { "type": "Point", "coordinates": [ 85.4896466, 27.6364489 ] } },
{ "type": "Feature", "properties": { "name": "Indrapuri Higher Secondary School", "amenity": "school", "addr_city": null, "osm_id": 11977737234, "osm_type": "nodes" }, "geometry": { "type": "Point", "coordinates": [ 84.3908706, 27.6298123 ] } },
{ "type": "Feature", "properties": { "name": "????? ???? ???????", "amenity": "school", "addr_city": null, "osm_id": 9792115534, "osm_type": "nodes" }, "geometry": { "type": "Point", "coordinates": [ 83.5203781, 27.6299629 ] } },
{ "type": "Feature", "properties": { "name": "Janak Primary School , Kushleshwor, Chitlang", "amenity": "school", "addr_city": null, "osm_id": 5008759058, "osm_type": "nodes" }, "geometry": { "type": "Point", "coordinates": [ 85.1622257, 27.6300865 ] } },
{ "type": "Feature", "properties": { "name": "Shri Saraswati Pra V", "amenity": "school", "addr_city": null, "osm_id": 5002940931, "osm_type": "nodes" }, "geometry": { "type": "Point", "coordinates": [ 85.7083488, 27.6328465 ] } },
{ "type": "Feature", "properties": { "name": "??? ??? ??? ????? ???????", "amenity": "school", "addr_city": null, "osm_id": 9790338611, "osm_type": "nodes" }, "geometry": { "type": "Point", "coordinates": [ 82.7643856, 27.6268814 ] } },
{ "type": "Feature", "properties": { "name": null, "amenity": "school", "addr_city": null, "osm_id": 4762081654, "osm_type": "nodes" }, "geometry": { "type": "Point", "coordinates": [ 83.5120813, 27.626818 ] } },
{ "type": "Feature", "properties": { "name": null, "amenity": "school", "addr_city": null, "osm_id": 7502420085, "osm_type": "nodes" }, "geometry": { "type": "Point", "coordinates": [ 84.0037902, 27.6190775 ] } },
{ "type": "Feature", "properties": { "name": "Buddhajyoti English School", "amenity": "school", "addr_city": null, "osm_id": 9771305537, "osm_type": "nodes" }, "geometry": { "type": "Point", "coordinates": [ 84.5138417, 27.6154075 ] } },
{ "type": "Feature", "properties": { "name": "Ratnanagar College", "amenity": "school", "addr_city": null, "osm_id": 9771305540, "osm_type": "nodes" }, "geometry": { "type": "Point", "coordinates": [ 84.514887, 27.6198825 ] } },
{ "type": "Feature", "properties": { "name": "Bright Star English Boarding School", "amenity": "school", "addr_city": null, "osm_id": 9790452674, "osm_type": "nodes" }, "geometry": { "type": "Point", "coordinates": [ 82.86031, 27.610568 ] } },
{ "type": "Feature", "properties": { "name": "Dreamland English Boarding School", "amenity": "school", "addr_city": null, "osm_id": 9791690342, "osm_type": "nodes" }, "geometry": { "type": "Point", "coordinates": [ 83.0050888, 27.6383228 ] } },
{ "type": "Feature", "properties": { "name": "????????? ???? ???????? ?.??.????? ?????? ????????? 4", "amenity": "school", "addr_city": null, "osm_id": 9791690343, "osm_type": "nodes" }, "geometry": { "type": "Point", "coordinates": [ 83.008812, 27.6366558 ] } },
{ "type": "Feature", "properties": { "name": "?????? ??.??.??????", "amenity": "school", "addr_city": null, "osm_id": 9791690344, "osm_type": "nodes" }, "geometry": { "type": "Point", "coordinates": [ 83.005928, 27.6362019 ] } },
{ "type": "Feature", "properties": { "name": "???? ???????? ??????? ????????", "amenity": "school", "addr_city": null, "osm_id": 9791690358, "osm_type": "nodes" }, "geometry": { "type": "Point", "coordinates": [ 83.016449, 27.6428108 ] } },
{ "type": "Feature", "properties": { "name": "???? ????? ????????? ??????? ????????", "amenity": "school", "addr_city": null, "osm_id": 9791690361, "osm_type": "nodes" }, "geometry": { "type": "Point", "coordinates": [ 82.9890137, 27.6099262 ] } },
{ "type": "Feature", "properties": { "name": "Kanak muni secondary school", "amenity": "school", "addr_city": null, "osm_id": 9764698051, "osm_type": "nodes" }, "geometry": { "type": "Point", "coordinates": [ 82.9931875, 27.6541875 ] } },
{ "type": "Feature", "properties": { "name": "Achievers English Boarding School", "amenity": "school", "addr_city": null, "osm_id": 9791641291, "osm_type": "nodes" }, "geometry": { "type": "Point", "coordinates": [ 83.0947723, 27.6166191 ] } },
{ "type": "Feature", "properties": { "name": "Kanak Muni Higher Secondary School", "amenity": "school", "addr_city": null, "osm_id": 9791641292, "osm_type": "nodes" }, "geometry": { "type": "Point", "coordinates": [ 83.0920486, 27.6169567 ] } },
{ "type": "Feature", "properties": { "name": "Madarasa Barakatiya Basic School", "amenity": "school", "addr_city": null, "osm_id": 9790388311, "osm_type": "nodes" }, "geometry": { "type": "Point", "coordinates": [ 83.1482239, 27.6825085 ] } },
{ "type": "Feature", "properties": { "name": "Shree Laxmanghat Ma Vi", "amenity": "school", "addr_city": null, "osm_id": 9790406841, "osm_type": "nodes" }, "geometry": { "type": "Point", "coordinates": [ 83.115715, 27.6629124 ] } },
{ "type": "Feature", "properties": { "name": "Parijat School", "amenity": "school", "addr_city": null, "osm_id": 9767127321, "osm_type": "nodes" }, "geometry": { "type": "Point", "coordinates": [ 83.1255026, 27.6845469 ] } },
{ "type": "Feature", "properties": { "name": null, "amenity": "school", "addr_city": null, "osm_id": 4760910533, "osm_type": "nodes" }, "geometry": { "type": "Point", "coordinates": [ 83.1621433, 27.6937761 ] } },
{ "type": "Feature", "properties": { "name": "Gold Star English Boarding School", "amenity": "school", "addr_city": null, "osm_id": 9790452670, "osm_type": "nodes" }, "geometry": { "type": "Point", "coordinates": [ 82.931364, 27.617715 ] } },
{ "type": "Feature", "properties": { "name": "Shree Durgesh Aadharbhut Bidyalay", "amenity": "school", "addr_city": null, "osm_id": 9790452664, "osm_type": "nodes" }, "geometry": { "type": "Point", "coordinates": [ 82.913703, 27.609772 ] } },
{ "type": "Feature", "properties": { "name": "Pipari Madarsha", "amenity": "school", "addr_city": null, "osm_id": 9769924976, "osm_type": "nodes" }, "geometry": { "type": "Point", "coordinates": [ 82.7751309, 27.6082609 ] } },
{ "type": "Feature", "properties": { "name": "Gautam Buddha adhar bhut 0-5 Bijaynagar", "amenity": "school", "addr_city": null, "osm_id": 9791638621, "osm_type": "nodes" }, "geometry": { "type": "Point", "coordinates": [ 82.9587402, 27.6074295 ] } },
{ "type": "Feature", "properties": { "name": "??? ??? ??????? ??????", "amenity": "school", "addr_city": null, "osm_id": 9790338612, "osm_type": "nodes" }, "geometry": { "type": "Point", "coordinates": [ 82.7843648, 27.6028865 ] } },
{ "type": "Feature", "properties": { "name": "Mahakali Pra V", "amenity": "school", "addr_city": null, "osm_id": 5009277438, "osm_type": "nodes" }, "geometry": { "type": "Point", "coordinates": [ 85.8764029, 27.6160317 ] } },
{ "type": "Feature", "properties": { "name": "?????? ??????? ????.??", "amenity": "school", "addr_city": null, "osm_id": 9791641233, "osm_type": "nodes" }, "geometry": { "type": "Point", "coordinates": [ 83.1009064, 27.6057091 ] } },
{ "type": "Feature", "properties": { "name": "shree bibekshil adharbhut bidhyalaya", "amenity": "school", "addr_city": null, "osm_id": 9780811412, "osm_type": "nodes" }, "geometry": { "type": "Point", "coordinates": [ 83.3801249, 27.6015672 ] } },
{ "type": "Feature", "properties": { "name": "Puspanjali Mantayswari school Bhalwari 7 Maghi path", "amenity": "school", "addr_city": null, "osm_id": 9792115540, "osm_type": "nodes" }, "geometry": { "type": "Point", "coordinates": [ 83.4681473, 27.6007481 ] } },
{ "type": "Feature", "properties": { "name": "???? ??????? ??????? ????????", "amenity": "school", "addr_city": null, "osm_id": 9791690350, "osm_type": "nodes" }, "geometry": { "type": "Point", "coordinates": [ 83.0068741, 27.6068535 ] } },
{ "type": "Feature", "properties": { "name": "Madarsa Farukiya Education Senter 5 Buddha Bhumi", "amenity": "school", "addr_city": null, "osm_id": 9791690362, "osm_type": "nodes" }, "geometry": { "type": "Point", "coordinates": [ 83.0019302, 27.6103134 ] } },
{ "type": "Feature", "properties": { "name": "Darshan Academy", "amenity": "school", "addr_city": null, "osm_id": 9794160115, "osm_type": "nodes" }, "geometry": { "type": "Point", "coordinates": [ 84.6428833, 27.6000137 ] } },
{ "type": "Feature", "properties": { "name": "Adarsha Bidhya Aasram", "amenity": "school", "addr_city": null, "osm_id": 9794160116, "osm_type": "nodes" }, "geometry": { "type": "Point", "coordinates": [ 84.6401825, 27.6004925 ] } },
{ "type": "Feature", "properties": { "name": "Shree Bhudda Bidhya Pitha Basic School", "amenity": "school", "addr_city": null, "osm_id": 9791641277, "osm_type": "nodes" }, "geometry": { "type": "Point", "coordinates": [ 83.0909348, 27.5976791 ] } },
{ "type": "Feature", "properties": { "name": "Shree Laxmadpur Basic School", "amenity": "school", "addr_city": null, "osm_id": 9790452634, "osm_type": "nodes" }, "geometry": { "type": "Point", "coordinates": [ 82.832527, 27.594217 ] } },
{ "type": "Feature", "properties": { "name": "Jhinna Ma.Bi. 0-10 Bangai", "amenity": "school", "addr_city": null, "osm_id": 9791638620, "osm_type": "nodes" }, "geometry": { "type": "Point", "coordinates": [ 82.9505463, 27.5946064 ] } },
{ "type": "Feature", "properties": { "name": "???? ??????? ????????? ???????? ??. ?????????", "amenity": "school", "addr_city": null, "osm_id": 9791690389, "osm_type": "nodes" }, "geometry": { "type": "Point", "coordinates": [ 83.0280685, 27.5936642 ] } },
{ "type": "Feature", "properties": { "name": "Madarsa Al ImamIbne Timia", "amenity": "school", "addr_city": null, "osm_id": 9791641271, "osm_type": "nodes" }, "geometry": { "type": "Point", "coordinates": [ 83.1312332, 27.5996819 ] } },
{ "type": "Feature", "properties": { "name": null, "amenity": "school", "addr_city": null, "osm_id": 3755284824, "osm_type": "nodes" }, "geometry": { "type": "Point", "coordinates": [ 84.614402, 27.6051414 ] } },
{ "type": "Feature", "properties": { "name": "???? ??????? ???????? ????????", "amenity": "school", "addr_city": null, "osm_id": 9353111374, "osm_type": "nodes" }, "geometry": { "type": "Point", "coordinates": [ 84.8879804, 27.5917685 ] } },
{ "type": "Feature", "properties": { "name": "???? ??? ????? ???????", "amenity": "school", "addr_city": null, "osm_id": 9780832731, "osm_type": "nodes" }, "geometry": { "type": "Point", "coordinates": [ 83.3591461, 27.5963058 ] } },
{ "type": "Feature", "properties": { "name": "Shree Shivraj English School", "amenity": "school", "addr_city": null, "osm_id": 9764698024, "osm_type": "nodes" }, "geometry": { "type": "Point", "coordinates": [ 82.8624375, 27.5939375 ] } },
{ "type": "Feature", "properties": { "name": "Sapana School", "amenity": "school", "addr_city": null, "osm_id": 9771305553, "osm_type": "nodes" }, "geometry": { "type": "Point", "coordinates": [ 84.4930907, 27.5882636 ] } },
{ "type": "Feature", "properties": { "name": "Shree Little Star English Boarding School", "amenity": "school", "addr_city": null, "osm_id": 9771305550, "osm_type": "nodes" }, "geometry": { "type": "Point", "coordinates": [ 84.5029998, 27.596011 ] } },
{ "type": "Feature", "properties": { "name": "Shri Ganga Pra V", "amenity": "school", "addr_city": null, "osm_id": 5006875174, "osm_type": "nodes" }, "geometry": { "type": "Point", "coordinates": [ 85.7192375, 27.5889239 ] } },
{ "type": "Feature", "properties": { "name": "Shree Secondary School Mahuwa (Baba)", "amenity": "school", "addr_city": null, "osm_id": 9764698036, "osm_type": "nodes" }, "geometry": { "type": "Point", "coordinates": [ 82.9865625, 27.5915625 ] } },
{ "type": "Feature", "properties": { "name": "Shree Janata Basic School", "amenity": "school", "addr_city": null, "osm_id": 9791641275, "osm_type": "nodes" }, "geometry": { "type": "Point", "coordinates": [ 83.0791855, 27.5910702 ] } },
{ "type": "Feature", "properties": { "name": null, "amenity": "school", "addr_city": null, "osm_id": 4398372789, "osm_type": "nodes" }, "geometry": { "type": "Point", "coordinates": [ 83.6972608, 27.5845522 ] } },
{ "type": "Feature", "properties": { "name": "Kathar Mabi", "amenity": "school", "addr_city": null, "osm_id": 3472560718, "osm_type": "nodes" }, "geometry": { "type": "Point", "coordinates": [ 84.6057602, 27.5847968 ] } },
{ "type": "Feature", "properties": { "name": null, "amenity": "school", "addr_city": null, "osm_id": 4760909324, "osm_type": "nodes" }, "geometry": { "type": "Point", "coordinates": [ 83.4296999, 27.5834659 ] } },
{ "type": "Feature", "properties": { "name": "Shree Saraswati Adharbhut (1-5) Chamarsath", "amenity": "school", "addr_city": null, "osm_id": 9791638630, "osm_type": "nodes" }, "geometry": { "type": "Point", "coordinates": [ 82.9403381, 27.5783005 ] } },
{ "type": "Feature", "properties": { "name": "???? ???????? ????. ??.", "amenity": "school", "addr_city": null, "osm_id": 9793339390, "osm_type": "nodes" }, "geometry": { "type": "Point", "coordinates": [ 83.6537476, 27.5803013 ] } },
{ "type": "Feature", "properties": { "name": "Shree Pancharatna School", "amenity": "school", "addr_city": null, "osm_id": 9768597128, "osm_type": "nodes" }, "geometry": { "type": "Point", "coordinates": [ 83.6537064, 27.5805241 ] } },
{ "type": "Feature", "properties": { "name": "Maajhi Primary School", "amenity": "school", "addr_city": null, "osm_id": 9797684897, "osm_type": "nodes" }, "geometry": { "type": "Point", "coordinates": [ 84.1125259, 27.5841064 ] } },
{ "type": "Feature", "properties": { "name": "Shree Anand Bal Vikas Kendra", "amenity": "school", "addr_city": null, "osm_id": 9790338595, "osm_type": "nodes" }, "geometry": { "type": "Point", "coordinates": [ 82.7924694, 27.5771204 ] } },
{ "type": "Feature", "properties": { "name": "Shree Mahendra Basic Secondary School", "amenity": "school", "addr_city": null, "osm_id": 9791641296, "osm_type": "nodes" }, "geometry": { "type": "Point", "coordinates": [ 83.0797729, 27.5797176 ] } },
{ "type": "Feature", "properties": { "name": "ShreeTilaurako English Boarding School", "amenity": "school", "addr_city": null, "osm_id": 9791641297, "osm_type": "nodes" }, "geometry": { "type": "Point", "coordinates": [ 83.0757446, 27.5798531 ] } },
{ "type": "Feature", "properties": { "name": "Tilaurakot Secondary School", "amenity": "school", "addr_city": null, "osm_id": 9764698035, "osm_type": "nodes" }, "geometry": { "type": "Point", "coordinates": [ 83.0736849, 27.5811941 ] } },
{ "type": "Feature", "properties": { "name": "Madarsa Ahile Sunnat Faizane Mustafa Namiya", "amenity": "school", "addr_city": null, "osm_id": 9790338594, "osm_type": "nodes" }, "geometry": { "type": "Point", "coordinates": [ 82.7822689, 27.5744463 ] } },
{ "type": "Feature", "properties": { "name": "???? ????? ??????? ?????? ???????? ?????", "amenity": "school", "addr_city": null, "osm_id": 9791627915, "osm_type": "nodes" }, "geometry": { "type": "Point", "coordinates": [ 83.17887, 27.574188 ] } },
{ "type": "Feature", "properties": { "name": "???? ???????? ??.??.", "amenity": "school", "addr_city": null, "osm_id": 9791999941, "osm_type": "nodes" }, "geometry": { "type": "Point", "coordinates": [ 83.2541656, 27.5743866 ] } },
{ "type": "Feature", "properties": { "name": "pohawa mavi ghanshyam yadav", "amenity": "school", "addr_city": null, "osm_id": 9791999923, "osm_type": "nodes" }, "geometry": { "type": "Point", "coordinates": [ 83.2772751, 27.5755329 ] } },
{ "type": "Feature", "properties": { "name": "shree bal kalyad pra bi", "amenity": "school", "addr_city": null, "osm_id": 9780842319, "osm_type": "nodes" }, "geometry": { "type": "Point", "coordinates": [ 83.343689, 27.5795231 ] } },
{ "type": "Feature", "properties": { "name": "shree public ma vi dilaram khanal", "amenity": "school", "addr_city": null, "osm_id": 9780842317, "osm_type": "nodes" }, "geometry": { "type": "Point", "coordinates": [ 83.3590851, 27.569931 ] } },
{ "type": "Feature", "properties": { "name": "sashkar english boarding school", "amenity": "school", "addr_city": null, "osm_id": 9780842320, "osm_type": "nodes" }, "geometry": { "type": "Point", "coordinates": [ 83.3567367, 27.5818195 ] } },
{ "type": "Feature", "properties": { "name": null, "amenity": "school", "addr_city": null, "osm_id": 5500219929, "osm_type": "nodes" }, "geometry": { "type": "Point", "coordinates": [ 83.357064, 27.5817175 ] } },
{ "type": "Feature", "properties": { "name": "?.??. ??????", "amenity": "school", "addr_city": null, "osm_id": 9794159845, "osm_type": "nodes" }, "geometry": { "type": "Point", "coordinates": [ 84.5582352, 27.5795708 ] } },
{ "type": "Feature", "properties": { "name": "????? ????? ?????? ??????", "amenity": "school", "addr_city": null, "osm_id": 9791999921, "osm_type": "nodes" }, "geometry": { "type": "Point", "coordinates": [ 83.2249319, 27.5727868 ] } },
{ "type": "Feature", "properties": { "name": "sadi schools", "amenity": "school", "addr_city": null, "osm_id": 9764698023, "osm_type": "nodes" }, "geometry": { "type": "Point", "coordinates": [ 83.2311875, 27.5689375 ] } },
{ "type": "Feature", "properties": { "name": "Janata asharbhut school", "amenity": "school", "addr_city": null, "osm_id": 9793339372, "osm_type": "nodes" }, "geometry": { "type": "Point", "coordinates": [ 83.7136536, 27.5700054 ] } },
{ "type": "Feature", "properties": { "name": "Prasiddha English Boarding School", "amenity": "school", "addr_city": null, "osm_id": 9768722231, "osm_type": "nodes" }, "geometry": { "type": "Point", "coordinates": [ 83.7105245, 27.5673683 ] } },
{ "type": "Feature", "properties": { "name": "Janata Primary School, Harkatta", "amenity": "school", "addr_city": null, "osm_id": 9768722230, "osm_type": "nodes" }, "geometry": { "type": "Point", "coordinates": [ 83.7135292, 27.5701572 ] } },
{ "type": "Feature", "properties": { "name": null, "amenity": "school", "addr_city": null, "osm_id": 4398372489, "osm_type": "nodes" }, "geometry": { "type": "Point", "coordinates": [ 83.7136112, 27.569933 ] } },
{ "type": "Feature", "properties": { "name": "Lautan Ram Dhropati Devi secondary school Ganeshpur", "amenity": "school", "addr_city": null, "osm_id": 9790338600, "osm_type": "nodes" }, "geometry": { "type": "Point", "coordinates": [ 82.785374, 27.567082 ] } },
{ "type": "Feature", "properties": { "name": "Shanta Jyoti EBS", "amenity": "school", "addr_city": null, "osm_id": 9780842331, "osm_type": "nodes" }, "geometry": { "type": "Point", "coordinates": [ 83.3694153, 27.5856323 ] } },
{ "type": "Feature", "properties": { "name": "shree birendra ma vi", "amenity": "school", "addr_city": null, "osm_id": 9780811387, "osm_type": "nodes" }, "geometry": { "type": "Point", "coordinates": [ 83.3639755, 27.5805759 ] } },
{ "type": "Feature", "properties": { "name": "shree saraswoti prathamic bidhyalaya", "amenity": "school", "addr_city": null, "osm_id": 9780811401, "osm_type": "nodes" }, "geometry": { "type": "Point", "coordinates": [ 83.3757095, 27.5671902 ] } },
{ "type": "Feature", "properties": { "name": null, "amenity": "school", "addr_city": null, "osm_id": 5500219930, "osm_type": "nodes" }, "geometry": { "type": "Point", "coordinates": [ 83.3696631, 27.5865478 ] } },
{ "type": "Feature", "properties": { "name": "???? ?????? ??. ??.", "amenity": "school", "addr_city": null, "osm_id": 9793339396, "osm_type": "nodes" }, "geometry": { "type": "Point", "coordinates": [ 83.6544189, 27.5669575 ] } },
{ "type": "Feature", "properties": { "name": "???????? ????????", "amenity": "school", "addr_city": null, "osm_id": 9790355324, "osm_type": "nodes" }, "geometry": { "type": "Point", "coordinates": [ 82.8039516, 27.5633055 ] } },
{ "type": "Feature", "properties": { "name": "Shree Prathamik Vidyalaya Mainari", "amenity": "school", "addr_city": null, "osm_id": 9769924966, "osm_type": "nodes" }, "geometry": { "type": "Point", "coordinates": [ 82.8040582, 27.5646972 ] } },
{ "type": "Feature", "properties": { "name": null, "amenity": "school", "addr_city": null, "osm_id": 4435483396, "osm_type": "nodes" }, "geometry": { "type": "Point", "coordinates": [ 83.6996134, 27.5610034 ] } },
{ "type": "Feature", "properties": { "name": "???? ????? ?????? ??????? ????????", "amenity": "school", "addr_city": null, "osm_id": 9353111377, "osm_type": "nodes" }, "geometry": { "type": "Point", "coordinates": [ 84.894469, 27.5610762 ] } },
{ "type": "Feature", "properties": { "name": "Shri Narayani School", "amenity": "school", "addr_city": null, "osm_id": 3453239980, "osm_type": "nodes" }, "geometry": { "type": "Point", "coordinates": [ 84.0923167, 27.5617568 ] } },
{ "type": "Feature", "properties": { "name": "Satendar Memorial School Jhingha", "amenity": "school", "addr_city": null, "osm_id": 9790431895, "osm_type": "nodes" }, "geometry": { "type": "Point", "coordinates": [ 82.7838572, 27.5571485 ] } },
{ "type": "Feature", "properties": { "name": "Global Academy", "amenity": "school", "addr_city": null, "osm_id": 9768722224, "osm_type": "nodes" }, "geometry": { "type": "Point", "coordinates": [ 83.7592502, 27.5581078 ] } },
{ "type": "Feature", "properties": { "name": "divyajyoti science college", "amenity": "college", "addr_city": null, "osm_id": 8680231708, "osm_type": "nodes" }, "geometry": { "type": "Point", "coordinates": [ 83.7754253, 27.5567874 ] } },
{ "type": "Feature", "properties": { "name": "Hariyali Pra Vi", "amenity": "school", "addr_city": null, "osm_id": 9018658657, "osm_type": "nodes" }, "geometry": { "type": "Point", "coordinates": [ 83.1134887, 27.5569486 ] } },
{ "type": "Feature", "properties": { "name": "????? ?????? ????????", "amenity": "school", "addr_city": null, "osm_id": 10564479925, "osm_type": "nodes" }, "geometry": { "type": "Point", "coordinates": [ 84.8655794, 27.5556788 ] } },
{ "type": "Feature", "properties": { "name": "madarasaa mohamdiya ahilesunnat narul olun", "amenity": "school", "addr_city": null, "osm_id": 9780784935, "osm_type": "nodes" }, "geometry": { "type": "Point", "coordinates": [ 83.3681107, 27.5513477 ] } },
{ "type": "Feature", "properties": { "name": "madarasa talimul quran alsalfia", "amenity": "school", "addr_city": null, "osm_id": 9780842330, "osm_type": "nodes" }, "geometry": { "type": "Point", "coordinates": [ 83.3560944, 27.5601559 ] } },
{ "type": "Feature", "properties": { "name": "shree chhapiya adharbhut bidhyalaya", "amenity": "school", "addr_city": null, "osm_id": 9780811385, "osm_type": "nodes" }, "geometry": { "type": "Point", "coordinates": [ 83.3559875, 27.5615044 ] } },
{ "type": "Feature", "properties": { "name": "shree saraswoti gyan niketan english school", "amenity": "school", "addr_city": null, "osm_id": 9780811416, "osm_type": "nodes" }, "geometry": { "type": "Point", "coordinates": [ 83.3582611, 27.5624027 ] } },
{ "type": "Feature", "properties": { "name": "Shree saraswati mandir english boarding school 1-10 Gaidahawa", "amenity": "school", "addr_city": null, "osm_id": 9791624004, "osm_type": "nodes" }, "geometry": { "type": "Point", "coordinates": [ 82.9549866, 27.5514278 ] } },
{ "type": "Feature", "properties": { "name": "Shree Nepal Rashtriya Adharbhut 0-8 Gaidahawa", "amenity": "school", "addr_city": null, "osm_id": 9791638623, "osm_type": "nodes" }, "geometry": { "type": "Point", "coordinates": [ 82.9561844, 27.5507603 ] } },
{ "type": "Feature", "properties": { "name": "Mission Public School", "amenity": "school", "addr_city": null, "osm_id": 9764698043, "osm_type": "nodes" }, "geometry": { "type": "Point", "coordinates": [ 83.0469375, 27.5518125 ] } },
{ "type": "Feature", "properties": { "name": "Gyan jyoti pr.vi", "amenity": "school", "addr_city": null, "osm_id": 9791594389, "osm_type": "nodes" }, "geometry": { "type": "Point", "coordinates": [ 83.1233521, 27.5524464 ] } },
{ "type": "Feature", "properties": { "name": "Shree Rastr Sewak Prathmik Biddayala Bakauli", "amenity": "school", "addr_city": null, "osm_id": 9790431900, "osm_type": "nodes" }, "geometry": { "type": "Point", "coordinates": [ 82.7999434, 27.5491761 ] } },
{ "type": "Feature", "properties": { "name": "Acharya Adharbhut Vidhyalaya Naraynapur", "amenity": "school", "addr_city": null, "osm_id": 9790431910, "osm_type": "nodes" }, "geometry": { "type": "Point", "coordinates": [ 82.7662527, 27.5453768 ] } },
{ "type": "Feature", "properties": { "name": "???? ???? ?? ????????", "amenity": "school", "addr_city": null, "osm_id": 9791641235, "osm_type": "nodes" }, "geometry": { "type": "Point", "coordinates": [ 83.0913773, 27.5507908 ] } },
{ "type": "Feature", "properties": { "name": "shree nawa jagrit prathamic bidhyalaya", "amenity": "school", "addr_city": null, "osm_id": 9791987908, "osm_type": "nodes" }, "geometry": { "type": "Point", "coordinates": [ 83.2300142, 27.5442524 ] } },
{ "type": "Feature", "properties": { "name": "shree samsher smirti namuna aadharbhut bidhyalaya", "amenity": "school", "addr_city": null, "osm_id": 9792013403, "osm_type": "nodes" }, "geometry": { "type": "Point", "coordinates": [ 83.5612542, 27.5495333 ] } },
{ "type": "Feature", "properties": { "name": "Baghbhairab Pra.V", "amenity": "school", "addr_city": null, "osm_id": 4952129045, "osm_type": "nodes" }, "geometry": { "type": "Point", "coordinates": [ 85.130768, 27.5455567 ] } },
{ "type": "Feature", "properties": { "name": null, "amenity": "school", "addr_city": null, "osm_id": 4933464725, "osm_type": "nodes" }, "geometry": { "type": "Point", "coordinates": [ 83.9482695, 27.6147342 ] } },
{ "type": "Feature", "properties": { "name": "Shree Tauleshwor Nath Sanskrit HS School", "amenity": "school", "addr_city": null, "osm_id": 9764698027, "osm_type": "nodes" }, "geometry": { "type": "Point", "coordinates": [ 83.0559236, 27.5432039 ] } },
{ "type": "Feature", "properties": { "name": "?????? ???????? ????? ???????", "amenity": "school", "addr_city": null, "osm_id": 9791641222, "osm_type": "nodes" }, "geometry": { "type": "Point", "coordinates": [ 83.0598679, 27.5452557 ] } },
{ "type": "Feature", "properties": { "name": "Sunshine Aawasiya Secondary School", "amenity": "school", "addr_city": null, "osm_id": 9791641262, "osm_type": "nodes" }, "geometry": { "type": "Point", "coordinates": [ 83.0562934, 27.5424718 ] } },
{ "type": "Feature", "properties": { "name": "Ahale Sunnat Naimulum", "amenity": "school", "addr_city": null, "osm_id": 9791641266, "osm_type": "nodes" }, "geometry": { "type": "Point", "coordinates": [ 83.0540619, 27.5439568 ] } },
{ "type": "Feature", "properties": { "name": "Shree Bhagawanadas Secondary School", "amenity": "school", "addr_city": null, "osm_id": 9791641279, "osm_type": "nodes" }, "geometry": { "type": "Point", "coordinates": [ 83.0619354, 27.5387192 ] } },
{ "type": "Feature", "properties": { "name": "Trimurti primary school", "amenity": "school", "addr_city": null, "osm_id": 9793315468, "osm_type": "nodes" }, "geometry": { "type": "Point", "coordinates": [ 83.7163391, 27.5396538 ] } },
{ "type": "Feature", "properties": { "name": "Fatima Al Zahara Girls College Sukrampur Kapilvastu", "amenity": "school", "addr_city": null, "osm_id": 9790431879, "osm_type": "nodes" }, "geometry": { "type": "Point", "coordinates": [ 82.8621451, 27.5416795 ] } },
{ "type": "Feature", "properties": { "name": "Madrasa Arabia Talimul Islam Sukhrampur", "amenity": "school", "addr_city": null, "osm_id": 9790431880, "osm_type": "nodes" }, "geometry": { "type": "Point", "coordinates": [ 82.8621581, 27.5416155 ] } },
{ "type": "Feature", "properties": { "name": "Blue Horizon English boarding school", "amenity": "school", "addr_city": null, "osm_id": 9791641225, "osm_type": "nodes" }, "geometry": { "type": "Point", "coordinates": [ 83.0740356, 27.5406475 ] } },
{ "type": "Feature", "properties": { "name": "Laguta Basic School", "amenity": "school", "addr_city": null, "osm_id": 11977761448, "osm_type": "nodes" }, "geometry": { "type": "Point", "coordinates": [ 84.296186, 27.6527321 ] } },
{ "type": "Feature", "properties": { "name": "Shree Nepal Rastriye Basantpur", "amenity": "school", "addr_city": null, "osm_id": 9790431896, "osm_type": "nodes" }, "geometry": { "type": "Point", "coordinates": [ 82.7769843, 27.5409847 ] } },
{ "type": "Feature", "properties": { "name": "Shree Nepal Rastriya Parathmik Bidualay Basantpur", "amenity": "school", "addr_city": null, "osm_id": 9790432031, "osm_type": "nodes" }, "geometry": { "type": "Point", "coordinates": [ 82.7777794, 27.5409558 ] } },
{ "type": "Feature", "properties": { "name": "???? ????????? ???? ???????? ????????", "amenity": "school", "addr_city": null, "osm_id": 9791716321, "osm_type": "nodes" }, "geometry": { "type": "Point", "coordinates": [ 83.5325928, 27.5710793 ] } },
{ "type": "Feature", "properties": { "name": "shree saraswoti jamuhani english boarding school", "amenity": "school", "addr_city": null, "osm_id": 9792013397, "osm_type": "nodes" }, "geometry": { "type": "Point", "coordinates": [ 83.5728599, 27.5337167 ] } },
{ "type": "Feature", "properties": { "name": "social green plant boarding school", "amenity": "school", "addr_city": null, "osm_id": 9792013398, "osm_type": "nodes" }, "geometry": { "type": "Point", "coordinates": [ 83.5735016, 27.53866 ] } },
{ "type": "Feature", "properties": { "name": "chhotki Ramnagar Ma Bi School", "amenity": "school", "addr_city": null, "osm_id": 10931315721, "osm_type": "nodes" }, "geometry": { "type": "Point", "coordinates": [ 83.5700656, 27.5402249 ] } },
{ "type": "Feature", "properties": { "name": "??? ????? ??.??", "amenity": "school", "addr_city": null, "osm_id": 9791641238, "osm_type": "nodes" }, "geometry": { "type": "Point", "coordinates": [ 83.1191483, 27.5341225 ] } },
{ "type": "Feature", "properties": { "name": "kasmas academy", "amenity": "school", "addr_city": null, "osm_id": 9792013387, "osm_type": "nodes" }, "geometry": { "type": "Point", "coordinates": [ 83.5313873, 27.5370369 ] } },
{ "type": "Feature", "properties": { "name": null, "amenity": "school", "addr_city": null, "osm_id": 4776886041, "osm_type": "nodes" }, "geometry": { "type": "Point", "coordinates": [ 83.5313034, 27.5371438 ] } },
{ "type": "Feature", "properties": { "name": "Patkhauli School", "amenity": "school", "addr_city": null, "osm_id": 9769741536, "osm_type": "nodes" }, "geometry": { "type": "Point", "coordinates": [ 83.5308623, 27.5349433 ] } },
{ "type": "Feature", "properties": { "name": "Alqalam Public English Boarding School", "amenity": "school", "addr_city": null, "osm_id": 9769924959, "osm_type": "nodes" }, "geometry": { "type": "Point", "coordinates": [ 82.8500327, 27.5441003 ] } },
{ "type": "Feature", "properties": { "name": "Al-Qalam Public school", "amenity": "school", "addr_city": null, "osm_id": 9764671110, "osm_type": "nodes" }, "geometry": { "type": "Point", "coordinates": [ 82.8499375, 27.5439375 ] } },
{ "type": "Feature", "properties": { "name": "Green land English boarding school", "amenity": "school", "addr_city": null, "osm_id": 9791641226, "osm_type": "nodes" }, "geometry": { "type": "Point", "coordinates": [ 83.1013565, 27.5321884 ] } },
{ "type": "Feature", "properties": { "name": "???? ????? ?????? ???????? ???????? ?????", "amenity": "school", "addr_city": null, "osm_id": 9791641227, "osm_type": "nodes" }, "geometry": { "type": "Point", "coordinates": [ 83.0981674, 27.5300789 ] } },
{ "type": "Feature", "properties": { "name": "Sheri Rastiye Aadhar Dhut Bidaley Sarphr", "amenity": "school", "addr_city": null, "osm_id": 9790432028, "osm_type": "nodes" }, "geometry": { "type": "Point", "coordinates": [ 82.7884784, 27.5310522 ] } },
{ "type": "Feature", "properties": { "name": "Shree jhinkane prathmik biddhyalay1-4 sonbarsha", "amenity": "school", "addr_city": null, "osm_id": 9791638646, "osm_type": "nodes" }, "geometry": { "type": "Point", "coordinates": [ 82.9652481, 27.5321789 ] } },
{ "type": "Feature", "properties": { "name": "Baljyoti Primary School", "amenity": "school", "addr_city": null, "osm_id": 9780881630, "osm_type": "nodes" }, "geometry": { "type": "Point", "coordinates": [ 83.2547117, 27.53305 ] } },
{ "type": "Feature", "properties": { "name": "Madarsa Arbiya Naimiya Gulsane Aktisasiya Bedmau", "amenity": "school", "addr_city": null, "osm_id": 9790431899, "osm_type": "nodes" }, "geometry": { "type": "Point", "coordinates": [ 82.7649355, 27.5365981 ] } },
{ "type": "Feature", "properties": { "name": "Dev Amongh English Bording School Bedmau", "amenity": "school", "addr_city": null, "osm_id": 9790431901, "osm_type": "nodes" }, "geometry": { "type": "Point", "coordinates": [ 82.7635235, 27.5360954 ] } },
{ "type": "Feature", "properties": { "name": "Sheri Aadi Shakti Par.Bi.Patna", "amenity": "school", "addr_city": null, "osm_id": 9790432027, "osm_type": "nodes" }, "geometry": { "type": "Point", "coordinates": [ 82.7747034, 27.5296038 ] } },
{ "type": "Feature", "properties": { "name": "Dev Amogh Academy", "amenity": "school", "addr_city": null, "osm_id": 9769924964, "osm_type": "nodes" }, "geometry": { "type": "Point", "coordinates": [ 82.7628625, 27.5362054 ] } },
{ "type": "Feature", "properties": { "name": "Shree Rastriye Aadharbhoot Biddlaya Hirdaynagar", "amenity": "school", "addr_city": null, "osm_id": 9790431897, "osm_type": "nodes" }, "geometry": { "type": "Point", "coordinates": [ 82.768904, 27.5285691 ] } },
{ "type": "Feature", "properties": { "name": "???? ???????? ??????? ???????? ??????", "amenity": "school", "addr_city": null, "osm_id": 9791641229, "osm_type": "nodes" }, "geometry": { "type": "Point", "coordinates": [ 83.0841064, 27.5245247 ] } },
{ "type": "Feature", "properties": { "name": "???? ????? ???????", "amenity": "school", "addr_city": null, "osm_id": 9791641223, "osm_type": "nodes" }, "geometry": { "type": "Point", "coordinates": [ 83.0831985, 27.5365829 ] } },
{ "type": "Feature", "properties": { "name": "?????? ????? ?? ??????", "amenity": "school", "addr_city": null, "osm_id": 9791594357, "osm_type": "nodes" }, "geometry": { "type": "Point", "coordinates": [ 83.1293869, 27.5299053 ] } },
{ "type": "Feature", "properties": { "name": "??? ????? ?.??? ?????", "amenity": "school", "addr_city": null, "osm_id": 9791594358, "osm_type": "nodes" }, "geometry": { "type": "Point", "coordinates": [ 83.1246109, 27.5300026 ] } },
{ "type": "Feature", "properties": { "name": "Gautam budda pra.vi (0-5) dubaripur", "amenity": "school", "addr_city": null, "osm_id": 9791594359, "osm_type": "nodes" }, "geometry": { "type": "Point", "coordinates": [ 83.1250992, 27.5284519 ] } },
{ "type": "Feature", "properties": { "name": "????? ?? ??????? ??? ????", "amenity": "school", "addr_city": null, "osm_id": 9791594360, "osm_type": "nodes" }, "geometry": { "type": "Point", "coordinates": [ 83.1297913, 27.5299644 ] } },
{ "type": "Feature", "properties": { "name": "Madarsa Arbiya Anwrul Woolum", "amenity": "school", "addr_city": null, "osm_id": 9780881626, "osm_type": "nodes" }, "geometry": { "type": "Point", "coordinates": [ 83.2630997, 27.5273464 ] } },
{ "type": "Feature", "properties": { "name": "Shree Ram janki aadharbhut biddhlay 1-6 lagnda", "amenity": "school", "addr_city": null, "osm_id": 9791638651, "osm_type": "nodes" }, "geometry": { "type": "Point", "coordinates": [ 82.9085236, 27.5254135 ] } },
{ "type": "Feature", "properties": { "name": "Shree Himalyan International English Bording Bimiha", "amenity": "school", "addr_city": null, "osm_id": 9791627891, "osm_type": "nodes" }, "geometry": { "type": "Point", "coordinates": [ 83.171883, 27.524723 ] } },
{ "type": "Feature", "properties": { "name": "Shree Nepal Adharbhut Biddyaly Bimiha", "amenity": "school", "addr_city": null, "osm_id": 9791627909, "osm_type": "nodes" }, "geometry": { "type": "Point", "coordinates": [ 83.171082, 27.524517 ] } },
{ "type": "Feature", "properties": { "name": "????? ??????? ??????? ????????? ?????", "amenity": "school", "addr_city": null, "osm_id": 9791627879, "osm_type": "nodes" }, "geometry": { "type": "Point", "coordinates": [ 83.208069, 27.527978 ] } },
{ "type": "Feature", "properties": { "name": "????? ????????? ?????? ?????", "amenity": "school", "addr_city": null, "osm_id": 9790431881, "osm_type": "nodes" }, "geometry": { "type": "Point", "coordinates": [ 82.8837541, 27.5201995 ] } },
{ "type": "Feature", "properties": { "name": "Shree Nawa Durga Adharbhut Biddyalay Gaura", "amenity": "school", "addr_city": null, "osm_id": 9791627900, "osm_type": "nodes" }, "geometry": { "type": "Point", "coordinates": [ 83.181732, 27.528145 ] } },
{ "type": "Feature", "properties": { "name": "Madrsa Markaj Tafijul Kuran", "amenity": "school", "addr_city": null, "osm_id": 9780881650, "osm_type": "nodes" }, "geometry": { "type": "Point", "coordinates": [ 83.2752267, 27.52358 ] } },
{ "type": "Feature", "properties": { "name": "Yespaur Globalenglish Acedamy", "amenity": "school", "addr_city": null, "osm_id": 9780881665, "osm_type": "nodes" }, "geometry": { "type": "Point", "coordinates": [ 83.28673, 27.5235533 ] } },
{ "type": "Feature", "properties": { "name": "Moonlight English School", "amenity": "school", "addr_city": null, "osm_id": 9780881655, "osm_type": "nodes" }, "geometry": { "type": "Point", "coordinates": [ 83.2840067, 27.52307 ] } },
{ "type": "Feature", "properties": { "name": "Jeevanjyoti English School", "amenity": "school", "addr_city": null, "osm_id": 9780863307, "osm_type": "nodes" }, "geometry": { "type": "Point", "coordinates": [ 83.2835233, 27.5231483 ] } },
{ "type": "Feature", "properties": { "name": "??? ????? ????.?? ???????", "amenity": "school", "addr_city": null, "osm_id": 9791594382, "osm_type": "nodes" }, "geometry": { "type": "Point", "coordinates": [ 83.0375137, 27.5200977 ] } },
{ "type": "Feature", "properties": { "name": "Sagarmatha Bal Bikash", "amenity": "school", "addr_city": null, "osm_id": 9791641282, "osm_type": "nodes" }, "geometry": { "type": "Point", "coordinates": [ 83.055336, 27.5240231 ] } },
{ "type": "Feature", "properties": { "name": "????? ?????? ??????? ???????", "amenity": "school", "addr_city": null, "osm_id": 9791641242, "osm_type": "nodes" }, "geometry": { "type": "Point", "coordinates": [ 83.103363, 27.5210552 ] } },
{ "type": "Feature", "properties": { "name": "global public boarding school", "amenity": "school", "addr_city": null, "osm_id": 9792013388, "osm_type": "nodes" }, "geometry": { "type": "Point", "coordinates": [ 83.5220947, 27.5208225 ] } },
{ "type": "Feature", "properties": { "name": null, "amenity": "school", "addr_city": null, "osm_id": 4762064126, "osm_type": "nodes" }, "geometry": { "type": "Point", "coordinates": [ 83.5222269, 27.5207735 ] } },
{ "type": "Feature", "properties": { "name": "Janaki primary school", "amenity": "school", "addr_city": null, "osm_id": 9793231783, "osm_type": "nodes" }, "geometry": { "type": "Point", "coordinates": [ 83.7691116, 27.5228519 ] } },
{ "type": "Feature", "properties": { "name": "Shree Devi Bidhya Pith Madhamik Bidhayalaya", "amenity": "school", "addr_city": null, "osm_id": 9790432035, "osm_type": "nodes" }, "geometry": { "type": "Point", "coordinates": [ 82.8111967, 27.5158656 ] } },
{ "type": "Feature", "properties": { "name": "Shivnagar School", "amenity": "school", "addr_city": null, "osm_id": 9769924961, "osm_type": "nodes" }, "geometry": { "type": "Point", "coordinates": [ 82.8119628, 27.5158104 ] } },
{ "type": "Feature", "properties": { "name": "Madhrsha Darul Hudha Prathamik Bidhyalai", "amenity": "school", "addr_city": null, "osm_id": 9790431876, "osm_type": "nodes" }, "geometry": { "type": "Point", "coordinates": [ 82.7858211, 27.5159585 ] } },
{ "type": "Feature", "properties": { "name": "madarsa talimula islam", "amenity": "school", "addr_city": null, "osm_id": 9780784970, "osm_type": "nodes" }, "geometry": { "type": "Point", "coordinates": [ 83.3310852, 27.5164566 ] } },
{ "type": "Feature", "properties": { "name": "palhi bahumukhi Campus", "amenity": "school", "addr_city": null, "osm_id": 9793312068, "osm_type": "nodes" }, "geometry": { "type": "Point", "coordinates": [ 83.6602783, 27.5168877 ] } },
{ "type": "Feature", "properties": { "name": null, "amenity": "school", "addr_city": null, "osm_id": 4933464728, "osm_type": "nodes" }, "geometry": { "type": "Point", "coordinates": [ 83.6611245, 27.5163271 ] } },
{ "type": "Feature", "properties": { "name": null, "amenity": "school", "addr_city": null, "osm_id": 4762081646, "osm_type": "nodes" }, "geometry": { "type": "Point", "coordinates": [ 83.5371273, 27.5128347 ] } },
{ "type": "Feature", "properties": { "name": "Spangle english boarding school", "amenity": "school", "addr_city": null, "osm_id": 9792045127, "osm_type": "nodes" }, "geometry": { "type": "Point", "coordinates": [ 83.5349121, 27.5138893 ] } },
{ "type": "Feature", "properties": { "name": "?????????? ???????? ?????? ????????", "amenity": "school", "addr_city": null, "osm_id": 9791641255, "osm_type": "nodes" }, "geometry": { "type": "Point", "coordinates": [ 83.0215683, 27.5230637 ] } },
{ "type": "Feature", "properties": { "name": "Golden English Boarding School", "amenity": "school", "addr_city": null, "osm_id": 9780881687, "osm_type": "nodes" }, "geometry": { "type": "Point", "coordinates": [ 83.2440267, 27.512765 ] } },
{ "type": "Feature", "properties": { "name": "Shree Masina Baba Narendrapuri Moglaha SS", "amenity": "school", "addr_city": null, "osm_id": 9780881697, "osm_type": "nodes" }, "geometry": { "type": "Point", "coordinates": [ 83.2435083, 27.5144817 ] } },
{ "type": "Feature", "properties": { "name": "Shree Kalimaai Adharbhut Biddyalai", "amenity": "school", "addr_city": null, "osm_id": 9791627916, "osm_type": "nodes" }, "geometry": { "type": "Point", "coordinates": [ 83.1826529, 27.5148115 ] } },
{ "type": "Feature", "properties": { "name": "Shree Bhagawati Primary School", "amenity": "school", "addr_city": null, "osm_id": 9507378188, "osm_type": "nodes" }, "geometry": { "type": "Point", "coordinates": [ 85.6687864, 27.5116493 ] } },
{ "type": "Feature", "properties": { "name": "Shri Roshi Uchha Ma.Vi", "amenity": "school", "addr_city": null, "osm_id": 5006629503, "osm_type": "nodes" }, "geometry": { "type": "Point", "coordinates": [ 85.6790807, 27.5177138 ] } },
{ "type": "Feature", "properties": { "name": "Shri Budhha Pra.Vi.", "amenity": "school", "addr_city": null, "osm_id": 5006619762, "osm_type": "nodes" }, "geometry": { "type": "Point", "coordinates": [ 85.686822, 27.5210278 ] } },
{ "type": "Feature", "properties": { "name": "Himal global english boarding school", "amenity": "school", "addr_city": null, "osm_id": 9780654072, "osm_type": "nodes" }, "geometry": { "type": "Point", "coordinates": [ 83.4422302, 27.5145016 ] } },
{ "type": "Feature", "properties": { "name": "Heavenly padma english acedemy", "amenity": "school", "addr_city": null, "osm_id": 9780654071, "osm_type": "nodes" }, "geometry": { "type": "Point", "coordinates": [ 83.4438934, 27.512701 ] } },
{ "type": "Feature", "properties": { "name": null, "amenity": "school", "addr_city": null, "osm_id": 4762035105, "osm_type": "nodes" }, "geometry": { "type": "Point", "coordinates": [ 83.4440657, 27.512636 ] } },
{ "type": "Feature", "properties": { "name": "Madarsa Darussalam Karma", "amenity": "school", "addr_city": null, "osm_id": 9791627903, "osm_type": "nodes" }, "geometry": { "type": "Point", "coordinates": [ 83.168216, 27.50843 ] } },
{ "type": "Feature", "properties": { "name": "Seti Devi Lower Secondary School", "amenity": "school", "addr_city": null, "osm_id": 5002825595, "osm_type": "nodes" }, "geometry": { "type": "Point", "coordinates": [ 85.6130321, 27.5126418 ] } },
{ "type": "Feature", "properties": { "name": "Alhelal Public School", "amenity": "school", "addr_city": null, "osm_id": 9790431889, "osm_type": "nodes" }, "geometry": { "type": "Point", "coordinates": [ 82.7953234, 27.5089755 ] } },
{ "type": "Feature", "properties": { "name": "Sanzust Boarding School Krishna Nagar", "amenity": "school", "addr_city": null, "osm_id": 9790431912, "osm_type": "nodes" }, "geometry": { "type": "Point", "coordinates": [ 82.7947424, 27.5064388 ] } },
{ "type": "Feature", "properties": { "name": "Jalmonah Little English Boarding School", "amenity": "school", "addr_city": null, "osm_id": 9769924962, "osm_type": "nodes" }, "geometry": { "type": "Point", "coordinates": [ 82.7951799, 27.5108471 ] } },
{ "type": "Feature", "properties": { "name": "????? ????? ??? ??????", "amenity": "school", "addr_city": null, "osm_id": 9790432019, "osm_type": "nodes" }, "geometry": { "type": "Point", "coordinates": [ 82.8565775, 27.509481 ] } },
{ "type": "Feature", "properties": { "name": "New Life Line Children Academy", "amenity": "school", "addr_city": null, "osm_id": 9790432023, "osm_type": "nodes" }, "geometry": { "type": "Point", "coordinates": [ 82.8601879, 27.5091544 ] } },
{ "type": "Feature", "properties": { "name": "???? ???? ??????? ?????? ????? ???????", "amenity": "school", "addr_city": null, "osm_id": 9791641245, "osm_type": "nodes" }, "geometry": { "type": "Point", "coordinates": [ 83.0944901, 27.5085449 ] } },
{ "type": "Feature", "properties": { "name": "???? ????? ????", "amenity": "school", "addr_city": null, "osm_id": 9791641256, "osm_type": "nodes" }, "geometry": { "type": "Point", "coordinates": [ 83.097168, 27.5081253 ] } },
{ "type": "Feature", "properties": { "name": "???? ?? ?????? ???? ??? ??. ???????", "amenity": "school", "addr_city": null, "osm_id": 9791641257, "osm_type": "nodes" }, "geometry": { "type": "Point", "coordinates": [ 83.0965881, 27.5084248 ] } },
{ "type": "Feature", "properties": { "name": "Nepal Rastria Ma.vi. (?-??) mungehari", "amenity": "school", "addr_city": null, "osm_id": 9791594361, "osm_type": "nodes" }, "geometry": { "type": "Point", "coordinates": [ 83.1339188, 27.508728 ] } },
{ "type": "Feature", "properties": { "name": "Nepal Rastriya H.S", "amenity": "school", "addr_city": null, "osm_id": 9012691638, "osm_type": "nodes" }, "geometry": { "type": "Point", "coordinates": [ 83.1340197, 27.5088614 ] } },
{ "type": "Feature", "properties": { "name": "Shree Light Of Life English Boarding School", "amenity": "school", "addr_city": null, "osm_id": 9791627897, "osm_type": "nodes" }, "geometry": { "type": "Point", "coordinates": [ 83.204691, 27.508412 ] } },
{ "type": "Feature", "properties": { "name": "???? ???? ???? ?? ?? ????", "amenity": "school", "addr_city": null, "osm_id": 9791627914, "osm_type": "nodes" }, "geometry": { "type": "Point", "coordinates": [ 83.202193, 27.508692 ] } },
{ "type": "Feature", "properties": { "name": "Lumbani Cultural Acedemy", "amenity": "school", "addr_city": null, "osm_id": 9791627876, "osm_type": "nodes" }, "geometry": { "type": "Point", "coordinates": [ 83.206283, 27.507445 ] } },
{ "type": "Feature", "properties": { "name": "Shri Adhiyari Primary School", "amenity": "school", "addr_city": null, "osm_id": 9780863310, "osm_type": "nodes" }, "geometry": { "type": "Point", "coordinates": [ 83.2888117, 27.5070317 ] } },
{ "type": "Feature", "properties": { "name": "Madrsa Arbiya Darulhoda", "amenity": "school", "addr_city": null, "osm_id": 9780881689, "osm_type": "nodes" }, "geometry": { "type": "Point", "coordinates": [ 83.3215533, 27.5078767 ] } },
{ "type": "Feature", "properties": { "name": "Sri Sirsihawa Aadhabhut Viddyalai", "amenity": "school", "addr_city": null, "osm_id": 9790431891, "osm_type": "nodes" }, "geometry": { "type": "Point", "coordinates": [ 82.7694318, 27.5094455 ] } },
{ "type": "Feature", "properties": { "name": "Shree Shirsiwa Prathamik Vidyalaya", "amenity": "school", "addr_city": null, "osm_id": 9769924963, "osm_type": "nodes" }, "geometry": { "type": "Point", "coordinates": [ 82.769235, 27.5098029 ] } },
{ "type": "Feature", "properties": { "name": "???? ???? ???????? ???????? ????", "amenity": "school", "addr_city": null, "osm_id": 9790432020, "osm_type": "nodes" }, "geometry": { "type": "Point", "coordinates": [ 82.8795744, 27.5086751 ] } },
{ "type": "Feature", "properties": { "name": "Madarsha Arabiya", "amenity": "school", "addr_city": null, "osm_id": 9793312079, "osm_type": "nodes" }, "geometry": { "type": "Point", "coordinates": [ 83.7039032, 27.5049973 ] } },
{ "type": "Feature", "properties": { "name": "Janata Secondary School", "amenity": "school", "addr_city": null, "osm_id": 9793312072, "osm_type": "nodes" }, "geometry": { "type": "Point", "coordinates": [ 83.7036819, 27.5039272 ] } },
{ "type": "Feature", "properties": { "name": "Krishna Ma Vi", "amenity": "school", "addr_city": null, "osm_id": 4946791145, "osm_type": "nodes" }, "geometry": { "type": "Point", "coordinates": [ 85.0515423, 27.5090422 ] } },
{ "type": "Feature", "properties": { "name": "Shrimahendra Ma.B. Krishnanagar Kapilvastu", "amenity": "school", "addr_city": null, "osm_id": 9790431877, "osm_type": "nodes" }, "geometry": { "type": "Point", "coordinates": [ 82.7916662, 27.5040362 ] } },
{ "type": "Feature", "properties": { "name": "Sri Janta Prathmic Viddlya Purshottampur", "amenity": "school", "addr_city": null, "osm_id": 9790431885, "osm_type": "nodes" }, "geometry": { "type": "Point", "coordinates": [ 82.7915367, 27.5043461 ] } },
{ "type": "Feature", "properties": { "name": "Madarsa Ahle Sunnat Faize Mustafa Atiqiya", "amenity": "school", "addr_city": null, "osm_id": 9790431888, "osm_type": "nodes" }, "geometry": { "type": "Point", "coordinates": [ 82.7822234, 27.5075122 ] } },
{ "type": "Feature", "properties": { "name": "Sahara Public School", "amenity": "school", "addr_city": null, "osm_id": 9790431906, "osm_type": "nodes" }, "geometry": { "type": "Point", "coordinates": [ 82.7924274, 27.5040593 ] } },
{ "type": "Feature", "properties": { "name": "Bright Way English Birding School", "amenity": "school", "addr_city": null, "osm_id": 9790431914, "osm_type": "nodes" }, "geometry": { "type": "Point", "coordinates": [ 82.7922669, 27.5038516 ] } },
{ "type": "Feature", "properties": { "name": "Aayesa Siddki Girls College", "amenity": "school", "addr_city": null, "osm_id": 9790431915, "osm_type": "nodes" }, "geometry": { "type": "Point", "coordinates": [ 82.7886558, 27.5040859 ] } },
{ "type": "Feature", "properties": { "name": "Ahile Sufai Alam", "amenity": "school", "addr_city": null, "osm_id": 9790431916, "osm_type": "nodes" }, "geometry": { "type": "Point", "coordinates": [ 82.7844465, 27.5063304 ] } },
{ "type": "Feature", "properties": { "name": "Jamiya Islamiya Naimiya Krishnanagr", "amenity": "school", "addr_city": null, "osm_id": 9790431905, "osm_type": "nodes" }, "geometry": { "type": "Point", "coordinates": [ 82.7931386, 27.5054034 ] } },
{ "type": "Feature", "properties": { "name": "Shree Raghavendra Becik school", "amenity": "school", "addr_city": null, "osm_id": 9791638686, "osm_type": "nodes" }, "geometry": { "type": "Point", "coordinates": [ 83.0612882, 27.5060299 ] } },
{ "type": "Feature", "properties": { "name": "Chaturbhuji LS School", "amenity": "school", "addr_city": null, "osm_id": 9018658634, "osm_type": "nodes" }, "geometry": { "type": "Point", "coordinates": [ 83.1137489, 27.4975144 ] } },
{ "type": "Feature", "properties": { "name": "Shree Uttam Baalhit Madhyamik Bidhalya", "amenity": "school", "addr_city": null, "osm_id": 9793312059, "osm_type": "nodes" }, "geometry": { "type": "Point", "coordinates": [ 83.6801529, 27.5015125 ] } },
{ "type": "Feature", "properties": { "name": "Mahakali Lower Secondary School", "amenity": "school", "addr_city": null, "osm_id": 4952134774, "osm_type": "nodes" }, "geometry": { "type": "Point", "coordinates": [ 85.0997074, 27.5012866 ] } },
{ "type": "Feature", "properties": { "name": "Madrasa Jiyaul uloom", "amenity": "school", "addr_city": null, "osm_id": 9792013416, "osm_type": "nodes" }, "geometry": { "type": "Point", "coordinates": [ 83.466507, 27.5018349 ] } },
{ "type": "Feature", "properties": { "name": "Bhairawaha Multiple Campus", "amenity": "college", "addr_city": null, "osm_id": 9811898970, "osm_type": "nodes" }, "geometry": { "type": "Point", "coordinates": [ 83.4633529, 27.5057236 ] } },
{ "type": "Feature", "properties": { "name": "shree Surya dev ma bi", "amenity": "school", "addr_city": null, "osm_id": 9780654062, "osm_type": "nodes" }, "geometry": { "type": "Point", "coordinates": [ 83.4093018, 27.5008812 ] } },
{ "type": "Feature", "properties": { "name": "Shree Himali Nimn Babi Hakui", "amenity": "school", "addr_city": null, "osm_id": 9793312044, "osm_type": "nodes" }, "geometry": { "type": "Point", "coordinates": [ 83.6162491, 27.5076809 ] } },
{ "type": "Feature", "properties": { "name": "Gyankunj shiksha sadan", "amenity": "school", "addr_city": null, "osm_id": 9793231801, "osm_type": "nodes" }, "geometry": { "type": "Point", "coordinates": [ 83.7740173, 27.4969788 ] } },
{ "type": "Feature", "properties": { "name": "Madarsa Arbiya Ibna Kium Al Jojiya", "amenity": "school", "addr_city": null, "osm_id": 9780881676, "osm_type": "nodes" }, "geometry": { "type": "Point", "coordinates": [ 83.2431717, 27.4902167 ] } },
{ "type": "Feature", "properties": { "name": "Madarsa Daru Abibakar Al Sidiki Lil Banal", "amenity": "school", "addr_city": null, "osm_id": 9780881668, "osm_type": "nodes" }, "geometry": { "type": "Point", "coordinates": [ 83.2435217, 27.49241 ] } },
{ "type": "Feature", "properties": { "name": "Markazuttaleem Waddawah Al Islamia", "amenity": "school", "addr_city": null, "osm_id": 9780881632, "osm_type": "nodes" }, "geometry": { "type": "Point", "coordinates": [ 83.262685, 27.4917983 ] } },
{ "type": "Feature", "properties": { "name": "Swatantra Ma. vi.(0-12)", "amenity": "school", "addr_city": null, "osm_id": 9791594391, "osm_type": "nodes" }, "geometry": { "type": "Point", "coordinates": [ 83.076561, 27.4909706 ] } },
{ "type": "Feature", "properties": { "name": "shree rashtiy secondary school", "amenity": "school", "addr_city": null, "osm_id": 9793312054, "osm_type": "nodes" }, "geometry": { "type": "Point", "coordinates": [ 83.6550598, 27.4892712 ] } },
{ "type": "Feature", "properties": { "name": "Shree Gautam Buddha Adharvut School yasodhar 7 sultanwapur", "amenity": "school", "addr_city": null, "osm_id": 9791638658, "osm_type": "nodes" }, "geometry": { "type": "Point", "coordinates": [ 82.9858627, 27.4861031 ] } },
{ "type": "Feature", "properties": { "name": "????? ??????? ????? ???? ???????? ??????? ???????? ??????????? 7", "amenity": "school", "addr_city": null, "osm_id": 9791638679, "osm_type": "nodes" }, "geometry": { "type": "Point", "coordinates": [ 82.9839325, 27.4879646 ] } },
{ "type": "Feature", "properties": { "name": "Shree janseywa Adharvut School yasodhar 4 amlonha", "amenity": "school", "addr_city": null, "osm_id": 9791638672, "osm_type": "nodes" }, "geometry": { "type": "Point", "coordinates": [ 83.0401974, 27.4876352 ] } },
{ "type": "Feature", "properties": { "name": "????? ????? ???? ???????? ? ????????", "amenity": "school", "addr_city": null, "osm_id": 9791594366, "osm_type": "nodes" }, "geometry": { "type": "Point", "coordinates": [ 83.0871506, 27.4879665 ] } },
{ "type": "Feature", "properties": { "name": "Modersa Arabiya Kamrum Ulum Airasunnat Palhinandan-4", "amenity": "school", "addr_city": null, "osm_id": 9793256368, "osm_type": "nodes" }, "geometry": { "type": "Point", "coordinates": [ 83.6676025, 27.485815 ] } },
{ "type": "Feature", "properties": { "name": "Janta secondary school Palhinandan-4", "amenity": "school", "addr_city": null, "osm_id": 9793256350, "osm_type": "nodes" }, "geometry": { "type": "Point", "coordinates": [ 83.6703796, 27.4874744 ] } },
{ "type": "Feature", "properties": { "name": "Baluhawa pra.vi.(0-4) Mahadev", "amenity": "school", "addr_city": null, "osm_id": 9791594372, "osm_type": "nodes" }, "geometry": { "type": "Point", "coordinates": [ 83.1211395, 27.4858475 ] } },
{ "type": "Feature", "properties": { "name": "????? ???? ?????", "amenity": "school", "addr_city": null, "osm_id": 9791594373, "osm_type": "nodes" }, "geometry": { "type": "Point", "coordinates": [ 83.1181717, 27.4826775 ] } },
{ "type": "Feature", "properties": { "name": "unic public e. boarding school", "amenity": "school", "addr_city": null, "osm_id": 9792014102, "osm_type": "nodes" }, "geometry": { "type": "Point", "coordinates": [ 83.4915487, 27.4877007 ] } },
{ "type": "Feature", "properties": { "name": "???? ????? ????????? ????????", "amenity": "school", "addr_city": null, "osm_id": 9792014114, "osm_type": "nodes" }, "geometry": { "type": "Point", "coordinates": [ 83.4887831, 27.4880435 ] } },
{ "type": "Feature", "properties": { "name": "Mordern Genaration Academy", "amenity": "school", "addr_city": null, "osm_id": 9769741530, "osm_type": "nodes" }, "geometry": { "type": "Point", "coordinates": [ 83.5951023, 27.4877681 ] } },
{ "type": "Feature", "properties": { "name": "bodawar sec. school", "amenity": "school", "addr_city": null, "osm_id": 9792014109, "osm_type": "nodes" }, "geometry": { "type": "Point", "coordinates": [ 83.5761948, 27.4807491 ] } },
{ "type": "Feature", "properties": { "name": "Sahid Jagadish Paswan Aadharbhut Viddhalaya", "amenity": "school", "addr_city": null, "osm_id": 9793312076, "osm_type": "nodes" }, "geometry": { "type": "Point", "coordinates": [ 83.7094116, 27.4810276 ] } },
{ "type": "Feature", "properties": { "name": "Janta ma.vi.(0-12) baluhawa", "amenity": "school", "addr_city": null, "osm_id": 9791594339, "osm_type": "nodes" }, "geometry": { "type": "Point", "coordinates": [ 83.1067886, 27.4821892 ] } },
{ "type": "Feature", "properties": { "name": "Janata Ma Vi", "amenity": "school", "addr_city": null, "osm_id": 9018618630, "osm_type": "nodes" }, "geometry": { "type": "Point", "coordinates": [ 83.1066035, 27.4821294 ] } },
{ "type": "Feature", "properties": { "name": "jamiya kamrun nisha", "amenity": "school", "addr_city": null, "osm_id": 9780654056, "osm_type": "nodes" }, "geometry": { "type": "Point", "coordinates": [ 83.4669189, 27.4876022 ] } },
{ "type": "Feature", "properties": { "name": "Tribhuvan University Institute of Agriculture & Animal Science", "amenity": "school", "addr_city": null, "osm_id": 9780654084, "osm_type": "nodes" }, "geometry": { "type": "Point", "coordinates": [ 83.447224, 27.480866 ] } },
{ "type": "Feature", "properties": { "name": "shree paklihawa high school", "amenity": "school", "addr_city": null, "osm_id": 9780654083, "osm_type": "nodes" }, "geometry": { "type": "Point", "coordinates": [ 83.4454894, 27.4828388 ] } },
{ "type": "Feature", "properties": { "name": "????? ????? ??????? ???? (?-?)", "amenity": "school", "addr_city": null, "osm_id": 9791594383, "osm_type": "nodes" }, "geometry": { "type": "Point", "coordinates": [ 83.1465149, 27.4786053 ] } },
{ "type": "Feature", "properties": { "name": "Shree Nepal Rastya Higher Secondary School", "amenity": "school", "addr_city": null, "osm_id": 9791627870, "osm_type": "nodes" }, "geometry": { "type": "Point", "coordinates": [ 83.203022, 27.476428 ] } },
{ "type": "Feature", "properties": { "name": "?????? ???????? ??????", "amenity": "school", "addr_city": null, "osm_id": 9780654061, "osm_type": "nodes" }, "geometry": { "type": "Point", "coordinates": [ 83.4129257, 27.4874516 ] } },
{ "type": "Feature", "properties": { "name": "??????", "amenity": "school", "addr_city": null, "osm_id": 9814568686, "osm_type": "nodes" }, "geometry": { "type": "Point", "coordinates": [ 83.4092247, 27.4863845 ] } },
{ "type": "Feature", "properties": { "name": "Jamiya. Atul Islam", "amenity": "school", "addr_city": null, "osm_id": 9780881653, "osm_type": "nodes" }, "geometry": { "type": "Point", "coordinates": [ 83.2424267, 27.4796967 ] } },
{ "type": "Feature", "properties": { "name": "Tarkulaha Primary School", "amenity": "school", "addr_city": null, "osm_id": 9780863309, "osm_type": "nodes" }, "geometry": { "type": "Point", "coordinates": [ 83.2341383, 27.48226 ] } },
{ "type": "Feature", "properties": { "name": "Laxmipura ni ma vi", "amenity": "school", "addr_city": null, "osm_id": 9793289684, "osm_type": "nodes" }, "geometry": { "type": "Point", "coordinates": [ 83.7673492, 27.4771042 ] } },
{ "type": "Feature", "properties": { "name": "bright future English boarding school", "amenity": "school", "addr_city": null, "osm_id": 9780784977, "osm_type": "nodes" }, "geometry": { "type": "Point", "coordinates": [ 83.3745346, 27.4736347 ] } },
{ "type": "Feature", "properties": { "name": "Madrasa ahale sunnat faizul uloom", "amenity": "school", "addr_city": null, "osm_id": 9793256345, "osm_type": "nodes" }, "geometry": { "type": "Point", "coordinates": [ 83.622673, 27.4711399 ] } },
{ "type": "Feature", "properties": { "name": "madrasa ahale sunnat siddikiya nurul oloom", "amenity": "school", "addr_city": null, "osm_id": 9793256347, "osm_type": "nodes" }, "geometry": { "type": "Point", "coordinates": [ 83.6220169, 27.4722939 ] } },
{ "type": "Feature", "properties": { "name": "Palhi Bhagwati Adharbhut School Palhinandan-4", "amenity": "school", "addr_city": null, "osm_id": 9793256369, "osm_type": "nodes" }, "geometry": { "type": "Point", "coordinates": [ 83.6661682, 27.4724655 ] } },
{ "type": "Feature", "properties": { "name": "Lord Buddha English Boarding School", "amenity": "school", "addr_city": null, "osm_id": 9780881667, "osm_type": "nodes" }, "geometry": { "type": "Point", "coordinates": [ 83.2356833, 27.4695733 ] } },
{ "type": "Feature", "properties": { "name": "???? ???????? ????????", "amenity": "school", "addr_city": null, "osm_id": 9791690382, "osm_type": "nodes" }, "geometry": { "type": "Point", "coordinates": [ 82.9911194, 27.5635509 ] } },
{ "type": "Feature", "properties": { "name": "???? ??????? ???????? ??????", "amenity": "school", "addr_city": null, "osm_id": 9791690383, "osm_type": "nodes" }, "geometry": { "type": "Point", "coordinates": [ 82.9903488, 27.5730648 ] } },
{ "type": "Feature", "properties": { "name": "Madarsa jiyaul ulum chohatti 1", "amenity": "school", "addr_city": null, "osm_id": 9791623992, "osm_type": "nodes" }, "geometry": { "type": "Point", "coordinates": [ 82.970871, 27.5742302 ] } },
{ "type": "Feature", "properties": { "name": "???? ?????? ??????? ??. ????????", "amenity": "school", "addr_city": null, "osm_id": 9791641250, "osm_type": "nodes" }, "geometry": { "type": "Point", "coordinates": [ 82.9962387, 27.5431061 ] } },
{ "type": "Feature", "properties": { "name": "???? ???? ??.??.???????", "amenity": "school", "addr_city": null, "osm_id": 9791641251, "osm_type": "nodes" }, "geometry": { "type": "Point", "coordinates": [ 83.0037384, 27.5213909 ] } },
{ "type": "Feature", "properties": { "name": "Shree Saraswati Adharbhut school yasodhara 8 Shihokhor", "amenity": "school", "addr_city": null, "osm_id": 9791638696, "osm_type": "nodes" }, "geometry": { "type": "Point", "coordinates": [ 82.9758453, 27.4937592 ] } },
{ "type": "Feature", "properties": { "name": "Laxmanpur School Mahuwa -06", "amenity": "school", "addr_city": null, "osm_id": 9764671116, "osm_type": "nodes" }, "geometry": { "type": "Point", "coordinates": [ 82.9899375, 27.5733125 ] } },
{ "type": "Feature", "properties": { "name": "Bhadra H. S. School Padariya", "amenity": "school", "addr_city": null, "osm_id": 9764698034, "osm_type": "nodes" }, "geometry": { "type": "Point", "coordinates": [ 82.9823125, 27.5320625 ] } },
{ "type": "Feature", "properties": { "name": "Madarsa mahabub memorial islamik aadharbhut 1-5 padariya", "amenity": "school", "addr_city": null, "osm_id": 9791624011, "osm_type": "nodes" }, "geometry": { "type": "Point", "coordinates": [ 82.9836502, 27.5319271 ] } },
{ "type": "Feature", "properties": { "name": "Shree Bachalal Adharvut School Maryadpur yasodhara 7", "amenity": "school", "addr_city": null, "osm_id": 9791638660, "osm_type": "nodes" }, "geometry": { "type": "Point", "coordinates": [ 82.9913864, 27.4629822 ] } },
{ "type": "Feature", "properties": { "name": "Saraswati Buddha Jyoti Pra Vi", "amenity": "school", "addr_city": null, "osm_id": 9018618597, "osm_type": "nodes" }, "geometry": { "type": "Point", "coordinates": [ 83.1592163, 27.4626428 ] } },
{ "type": "Feature", "properties": { "name": "Padariya Primary School", "amenity": "school", "addr_city": null, "osm_id": 9780881675, "osm_type": "nodes" }, "geometry": { "type": "Point", "coordinates": [ 83.2670233, 27.4644083 ] } },
{ "type": "Feature", "properties": { "name": "Sihorwa pra.vi (1-4) sihorwa", "amenity": "school", "addr_city": null, "osm_id": 9791594342, "osm_type": "nodes" }, "geometry": { "type": "Point", "coordinates": [ 83.1086655, 27.4685726 ] } },
{ "type": "Feature", "properties": { "name": "Janata Primary School", "amenity": "school", "addr_city": null, "osm_id": 9012790258, "osm_type": "nodes" }, "geometry": { "type": "Point", "coordinates": [ 83.1150377, 27.4627428 ] } },
{ "type": "Feature", "properties": { "name": "Rastriya Lower Secondary School", "amenity": "school", "addr_city": null, "osm_id": 9018618670, "osm_type": "nodes" }, "geometry": { "type": "Point", "coordinates": [ 83.1314112, 27.460508 ] } },
{ "type": "Feature", "properties": { "name": "Shree Ghanjoti English boarding school yasodhar 1 titirkha", "amenity": "school", "addr_city": null, "osm_id": 9791638664, "osm_type": "nodes" }, "geometry": { "type": "Point", "coordinates": [ 83.0631866, 27.472229 ] } },
{ "type": "Feature", "properties": { "name": "???? ????? ????????? ???????? ???????? ?????? 1???????? ????????? ?????", "amenity": "school", "addr_city": null, "osm_id": 9791638681, "osm_type": "nodes" }, "geometry": { "type": "Point", "coordinates": [ 83.0637207, 27.4746227 ] } },
{ "type": "Feature", "properties": { "name": "????? ????? ???? ???????? (?-?)", "amenity": "school", "addr_city": null, "osm_id": 9791594343, "osm_type": "nodes" }, "geometry": { "type": "Point", "coordinates": [ 83.0926361, 27.4577713 ] } },
{ "type": "Feature", "properties": { "name": "Nepal Rastriy Ma Bi Yasodhara 1 titirkha", "amenity": "school", "addr_city": null, "osm_id": 9791594329, "osm_type": "nodes" }, "geometry": { "type": "Point", "coordinates": [ 83.0637817, 27.4745388 ] } },
{ "type": "Feature", "properties": { "name": "???? ????? ??????? ???? ??????????", "amenity": "school", "addr_city": null, "osm_id": 9791594340, "osm_type": "nodes" }, "geometry": { "type": "Point", "coordinates": [ 83.0898285, 27.4606705 ] } },
{ "type": "Feature", "properties": { "name": "Janata Pra Vi, Sanogaura", "amenity": "school", "addr_city": null, "osm_id": 9012709012, "osm_type": "nodes" }, "geometry": { "type": "Point", "coordinates": [ 83.0927405, 27.4621323 ] } },
{ "type": "Feature", "properties": { "name": "???? ??????? ????????, ?????????", "amenity": "school", "addr_city": null, "osm_id": 9791638682, "osm_type": "nodes" }, "geometry": { "type": "Point", "coordinates": [ 83.0653381, 27.4582253 ] } },
{ "type": "Feature", "properties": { "name": null, "amenity": "school", "addr_city": null, "osm_id": 4762043865, "osm_type": "nodes" }, "geometry": { "type": "Point", "coordinates": [ 83.8999447, 27.4564754 ] } },
{ "type": "Feature", "properties": { "name": "Madersa Gausiya Faizul Waris Palhinandan-2", "amenity": "school", "addr_city": null, "osm_id": 9793256357, "osm_type": "nodes" }, "geometry": { "type": "Point", "coordinates": [ 83.6946716, 27.4501362 ] } },
{ "type": "Feature", "properties": { "name": "???? ?? ?????? ????? ??. ??. ??.", "amenity": "school", "addr_city": null, "osm_id": 9791627888, "osm_type": "nodes" }, "geometry": { "type": "Point", "coordinates": [ 83.20589, 27.45216 ] } },
{ "type": "Feature", "properties": { "name": "Madarase Arbaia Darus Salam", "amenity": "school", "addr_city": null, "osm_id": 9780863313, "osm_type": "nodes" }, "geometry": { "type": "Point", "coordinates": [ 83.22204, 27.44687 ] } },
{ "type": "Feature", "properties": { "name": "Buddha Adarse Secondary School", "amenity": "school", "addr_city": null, "osm_id": 9780881677, "osm_type": "nodes" }, "geometry": { "type": "Point", "coordinates": [ 83.263245, 27.4537767 ] } },
{ "type": "Feature", "properties": { "name": "Jamiya Madarse Fajul Islam", "amenity": "school", "addr_city": null, "osm_id": 9780881673, "osm_type": "nodes" }, "geometry": { "type": "Point", "coordinates": [ 83.2623567, 27.4559383 ] } },
{ "type": "Feature", "properties": { "name": "Bhagwanpur Primary School", "amenity": "school", "addr_city": null, "osm_id": 9780881625, "osm_type": "nodes" }, "geometry": { "type": "Point", "coordinates": [ 83.2560533, 27.4464317 ] } },
{ "type": "Feature", "properties": { "name": "madarsa anwaruud tauhid", "amenity": "school", "addr_city": null, "osm_id": 9780852598, "osm_type": "nodes" }, "geometry": { "type": "Point", "coordinates": [ 83.354809, 27.4444963 ] } },
{ "type": "Feature", "properties": { "name": "madarsa abbu ayub al ansari", "amenity": "school", "addr_city": null, "osm_id": 9780852599, "osm_type": "nodes" }, "geometry": { "type": "Point", "coordinates": [ 83.3549347, 27.4448034 ] } },
{ "type": "Feature", "properties": { "name": "Gyan joyti prathamik bidyalay", "amenity": "school", "addr_city": null, "osm_id": 9793289690, "osm_type": "nodes" }, "geometry": { "type": "Point", "coordinates": [ 83.8121948, 27.4470482 ] } },
{ "type": "Feature", "properties": { "name": "Shree narayani gandaki adharbhut school", "amenity": "school", "addr_city": null, "osm_id": 9793435691, "osm_type": "nodes" }, "geometry": { "type": "Point", "coordinates": [ 83.8897247, 27.4460526 ] } },
{ "type": "Feature", "properties": { "name": "Shree Narayani Gandaki H.S.S", "amenity": "school", "addr_city": null, "osm_id": 2293467705, "osm_type": "nodes" }, "geometry": { "type": "Point", "coordinates": [ 83.8894562, 27.4459155 ] } },
{ "type": "Feature", "properties": { "name": "Sunari Sunflower English School-palhinandan-1", "amenity": "school", "addr_city": null, "osm_id": 9793256366, "osm_type": "nodes" }, "geometry": { "type": "Point", "coordinates": [ 83.7037888, 27.435936 ] } },
{ "type": "Feature", "properties": { "name": "Maheshpur Moonlight Secondary School-Palhinandan-1", "amenity": "school", "addr_city": null, "osm_id": 9793256356, "osm_type": "nodes" }, "geometry": { "type": "Point", "coordinates": [ 83.700676, 27.4387856 ] } },
{ "type": "Feature", "properties": { "name": "Kalidevi Pra V", "amenity": "school", "addr_city": null, "osm_id": 4951992768, "osm_type": "nodes" }, "geometry": { "type": "Point", "coordinates": [ 85.0841667, 27.4351819 ] } },
{ "type": "Feature", "properties": { "name": "Shree Purushottam Pra Vi", "amenity": "school", "addr_city": null, "osm_id": 4993894974, "osm_type": "nodes" }, "geometry": { "type": "Point", "coordinates": [ 86.2585028, 27.4379251 ] } },
{ "type": "Feature", "properties": { "name": "coaching center", "amenity": "school", "addr_city": null, "osm_id": 3446072719, "osm_type": "nodes" }, "geometry": { "type": "Point", "coordinates": [ 84.8080865, 27.5397572 ] } },
{ "type": "Feature", "properties": { "name": "Sahid Smriti Balkalyan Primary School", "amenity": "school", "addr_city": null, "osm_id": 3446004200, "osm_type": "nodes" }, "geometry": { "type": "Point", "coordinates": [ 84.8713717, 27.4854115 ] } },
{ "type": "Feature", "properties": { "name": "Sahid Smriti Bal Kalyan Pra V", "amenity": "school", "addr_city": null, "osm_id": 4952013090, "osm_type": "nodes" }, "geometry": { "type": "Point", "coordinates": [ 84.8724393, 27.4859108 ] } },
{ "type": "Feature", "properties": { "name": "Famous coaching center", "amenity": "school", "addr_city": null, "osm_id": 3446075297, "osm_type": "nodes" }, "geometry": { "type": "Point", "coordinates": [ 84.8073222, 27.5399092 ] } },
{ "type": "Feature", "properties": { "name": "Adharbhut Bidhyala Pidreni", "amenity": "school", "addr_city": null, "osm_id": 9794159858, "osm_type": "nodes" }, "geometry": { "type": "Point", "coordinates": [ 84.6034164, 27.5709591 ] } },
{ "type": "Feature", "properties": { "name": "Shri Nava Jagriti Pra V", "amenity": "school", "addr_city": null, "osm_id": 4948665850, "osm_type": "nodes" }, "geometry": { "type": "Point", "coordinates": [ 84.9282238, 27.4471024 ] } },
{ "type": "Feature", "properties": { "name": "Shri Bal Ujjwol Ma V", "amenity": "school", "addr_city": null, "osm_id": 4946696197, "osm_type": "nodes" }, "geometry": { "type": "Point", "coordinates": [ 84.9606145, 27.4562516 ] } },
{ "type": "Feature", "properties": { "name": "?????? ??????", "amenity": "school", "addr_city": null, "osm_id": 3446072720, "osm_type": "nodes" }, "geometry": { "type": "Point", "coordinates": [ 84.8060811, 27.5408506 ] } },
{ "type": "Feature", "properties": { "name": "????????? ?????? ??????? ?????", "amenity": "school", "addr_city": null, "osm_id": 3446075303, "osm_type": "nodes" }, "geometry": { "type": "Point", "coordinates": [ 84.8073674, 27.5413748 ] } },
{ "type": "Feature", "properties": { "name": "Hamro Sagarmatha Aa.Vi.", "amenity": "school", "addr_city": null, "osm_id": 9792115542, "osm_type": "nodes" }, "geometry": { "type": "Point", "coordinates": [ 83.4532471, 27.6628017 ] } },
{ "type": "Feature", "properties": { "name": "???? ???? ??????? ??????", "amenity": "school", "addr_city": null, "osm_id": 9791999943, "osm_type": "nodes" }, "geometry": { "type": "Point", "coordinates": [ 83.3230591, 27.5710449 ] } },
{ "type": "Feature", "properties": { "name": "???????? ????? ?????", "amenity": "school", "addr_city": null, "osm_id": 9791999944, "osm_type": "nodes" }, "geometry": { "type": "Point", "coordinates": [ 83.320282, 27.5897007 ] } },
{ "type": "Feature", "properties": { "name": "shree ram janaki baal bikas kendra", "amenity": "school", "addr_city": null, "osm_id": 9780811382, "osm_type": "nodes" }, "geometry": { "type": "Point", "coordinates": [ 83.4071045, 27.564043 ] } },
{ "type": "Feature", "properties": { "name": "shree jung hattha mavi", "amenity": "school", "addr_city": null, "osm_id": 9780811383, "osm_type": "nodes" }, "geometry": { "type": "Point", "coordinates": [ 83.3997269, 27.565752 ] } },
{ "type": "Feature", "properties": { "name": "shree navadurga pra vi", "amenity": "school", "addr_city": null, "osm_id": 9780811402, "osm_type": "nodes" }, "geometry": { "type": "Point", "coordinates": [ 83.4128113, 27.5321789 ] } },
{ "type": "Feature", "properties": { "name": "??????? ???? ??? ?????????", "amenity": "school", "addr_city": null, "osm_id": 9780784936, "osm_type": "nodes" }, "geometry": { "type": "Point", "coordinates": [ 83.4063263, 27.5165768 ] } },
{ "type": "Feature", "properties": { "name": "madarsa Khalid bin Walid al islamia", "amenity": "school", "addr_city": null, "osm_id": 9780784974, "osm_type": "nodes" }, "geometry": { "type": "Point", "coordinates": [ 83.3367233, 27.4902649 ] } },
{ "type": "Feature", "properties": { "name": "madarsa anwarul Islam", "amenity": "school", "addr_city": null, "osm_id": 9780852616, "osm_type": "nodes" }, "geometry": { "type": "Point", "coordinates": [ 83.3160095, 27.446804 ] } },
{ "type": "Feature", "properties": { "name": "al madarsa arebiya babul tauhid", "amenity": "school", "addr_city": null, "osm_id": 9780852595, "osm_type": "nodes" }, "geometry": { "type": "Point", "coordinates": [ 83.3473816, 27.4761143 ] } },
{ "type": "Feature", "properties": { "name": "bhuwari galaxy english boarding school", "amenity": "school", "addr_city": null, "osm_id": 9780852606, "osm_type": "nodes" }, "geometry": { "type": "Point", "coordinates": [ 83.3343658, 27.4601593 ] } },
{ "type": "Feature", "properties": { "name": "palnet academy English boarding school", "amenity": "school", "addr_city": null, "osm_id": 9780894524, "osm_type": "nodes" }, "geometry": { "type": "Point", "coordinates": [ 83.312767, 27.4512043 ] } },
{ "type": "Feature", "properties": { "name": "marchawar galaxy e bo", "amenity": "school", "addr_city": null, "osm_id": 9780879290, "osm_type": "nodes" }, "geometry": { "type": "Point", "coordinates": [ 83.3350067, 27.4575176 ] } },
{ "type": "Feature", "properties": { "name": "???? ????? ??????? ????????", "amenity": "school", "addr_city": null, "osm_id": 9780828415, "osm_type": "nodes" }, "geometry": { "type": "Point", "coordinates": [ 83.3310471, 27.6248264 ] } },
{ "type": "Feature", "properties": { "name": "shree janajoti aa vi", "amenity": "school", "addr_city": null, "osm_id": 9780842328, "osm_type": "nodes" }, "geometry": { "type": "Point", "coordinates": [ 83.4263992, 27.5401459 ] } },
{ "type": "Feature", "properties": { "name": "Shree Samayamai Madhyamik Vidyalaya", "amenity": "school", "addr_city": null, "osm_id": 9780811411, "osm_type": "nodes" }, "geometry": { "type": "Point", "coordinates": [ 83.4060525, 27.5734346 ] } },
{ "type": "Feature", "properties": { "name": null, "amenity": "school", "addr_city": null, "osm_id": 4762081637, "osm_type": "nodes" }, "geometry": { "type": "Point", "coordinates": [ 83.3928639, 27.5133928 ] } },
{ "type": "Feature", "properties": { "name": null, "amenity": "school", "addr_city": null, "osm_id": 4795377422, "osm_type": "nodes" }, "geometry": { "type": "Point", "coordinates": [ 83.4067656, 27.5659307 ] } },
{ "type": "Feature", "properties": { "name": "shree gadsari mavi", "amenity": "school", "addr_city": null, "osm_id": 9780842321, "osm_type": "nodes" }, "geometry": { "type": "Point", "coordinates": [ 83.417778, 27.5524788 ] } },
{ "type": "Feature", "properties": { "name": "shri lalbihari adharbhut school", "amenity": "school", "addr_city": null, "osm_id": 9780894519, "osm_type": "nodes" }, "geometry": { "type": "Point", "coordinates": [ 83.3175735, 27.4445248 ] } },
{ "type": "Feature", "properties": { "name": "shri santeswor prathamik bidyalaya", "amenity": "school", "addr_city": null, "osm_id": 9780784957, "osm_type": "nodes" }, "geometry": { "type": "Point", "coordinates": [ 83.332365, 27.5664831 ] } },
{ "type": "Feature", "properties": { "name": "?? ??????? ?????? ??????? ?????", "amenity": "school", "addr_city": null, "osm_id": 9780784952, "osm_type": "nodes" }, "geometry": { "type": "Point", "coordinates": [ 83.3929825, 27.5134087 ] } },
{ "type": "Feature", "properties": { "name": "?????? ?????? ?????", "amenity": "school", "addr_city": null, "osm_id": 9780784949, "osm_type": "nodes" }, "geometry": { "type": "Point", "coordinates": [ 83.3920517, 27.5145721 ] } },
{ "type": "Feature", "properties": { "name": "???? ???????? ????????? ?????", "amenity": "school", "addr_city": null, "osm_id": 9780784939, "osm_type": "nodes" }, "geometry": { "type": "Point", "coordinates": [ 83.3908386, 27.4982738 ] } },
{ "type": "Feature", "properties": { "name": "haji anatullha higher secondary school", "amenity": "school", "addr_city": null, "osm_id": 9780784988, "osm_type": "nodes" }, "geometry": { "type": "Point", "coordinates": [ 83.3346405, 27.4961109 ] } },
{ "type": "Feature", "properties": { "name": "????? ?????? ????, ?????", "amenity": "school", "addr_city": null, "osm_id": 9780784941, "osm_type": "nodes" }, "geometry": { "type": "Point", "coordinates": [ 83.3611145, 27.48209 ] } },
{ "type": "Feature", "properties": { "name": "nepal royal kindar english boarding school", "amenity": "school", "addr_city": null, "osm_id": 9780784978, "osm_type": "nodes" }, "geometry": { "type": "Point", "coordinates": [ 83.3351212, 27.4655819 ] } },
{ "type": "Feature", "properties": { "name": "luktahawa samudaik ma vi", "amenity": "school", "addr_city": null, "osm_id": 9780784989, "osm_type": "nodes" }, "geometry": { "type": "Point", "coordinates": [ 83.3309097, 27.4651852 ] } },
{ "type": "Feature", "properties": { "name": null, "amenity": "school", "addr_city": null, "osm_id": 4762024322, "osm_type": "nodes" }, "geometry": { "type": "Point", "coordinates": [ 83.3919445, 27.5149024 ] } },
{ "type": "Feature", "properties": { "name": "Sanskrit Bed School", "amenity": "school", "addr_city": null, "osm_id": 4950384935, "osm_type": "nodes" }, "geometry": { "type": "Point", "coordinates": [ 85.0233938, 27.4316294 ] } },
{ "type": "Feature", "properties": { "name": "Shri Amar Ma V", "amenity": "school", "addr_city": null, "osm_id": 4950348079, "osm_type": "nodes" }, "geometry": { "type": "Point", "coordinates": [ 85.0264402, 27.4328489 ] } },
{ "type": "Feature", "properties": { "name": "Shri Barahi Ni Ma V", "amenity": "school", "addr_city": null, "osm_id": 4946714062, "osm_type": "nodes" }, "geometry": { "type": "Point", "coordinates": [ 85.0349615, 27.4523065 ] } },
{ "type": "Feature", "properties": { "name": "shri now durga adharbhut school", "amenity": "school", "addr_city": null, "osm_id": 9780894518, "osm_type": "nodes" }, "geometry": { "type": "Point", "coordinates": [ 83.3090134, 27.4293499 ] } },
{ "type": "Feature", "properties": { "name": "Saraswati prathamic viddhalaya", "amenity": "school", "addr_city": null, "osm_id": 9793312078, "osm_type": "nodes" }, "geometry": { "type": "Point", "coordinates": [ 83.6982727, 27.4846001 ] } },
{ "type": "Feature", "properties": { "name": "Madarsa ahle sunnst uloom batsar", "amenity": "school", "addr_city": null, "osm_id": 9793315461, "osm_type": "nodes" }, "geometry": { "type": "Point", "coordinates": [ 83.7097168, 27.4573002 ] } },
{ "type": "Feature", "properties": { "name": "Lord buddha English academy", "amenity": "school", "addr_city": null, "osm_id": 9793315474, "osm_type": "nodes" }, "geometry": { "type": "Point", "coordinates": [ 83.7206879, 27.4530163 ] } },
{ "type": "Feature", "properties": { "name": "???? ??? ???? ??? ???.??.", "amenity": "school", "addr_city": null, "osm_id": 9791627912, "osm_type": "nodes" }, "geometry": { "type": "Point", "coordinates": [ 83.214702, 27.431696 ] } },
{ "type": "Feature", "properties": { "name": "Madarsa Islamiya Misbahul Woolum", "amenity": "school", "addr_city": null, "osm_id": 9780881624, "osm_type": "nodes" }, "geometry": { "type": "Point", "coordinates": [ 83.2301883, 27.4234567 ] } },
{ "type": "Feature", "properties": { "name": "Mayadevi Acedamy", "amenity": "school", "addr_city": null, "osm_id": 9780881656, "osm_type": "nodes" }, "geometry": { "type": "Point", "coordinates": [ 83.2277317, 27.4382483 ] } },
{ "type": "Feature", "properties": { "name": "Balmiki primary school", "amenity": "school", "addr_city": null, "osm_id": 9793315459, "osm_type": "nodes" }, "geometry": { "type": "Point", "coordinates": [ 83.7356339, 27.4234676 ] } },
{ "type": "Feature", "properties": { "name": "Pasupati siksha mandir", "amenity": "school", "addr_city": null, "osm_id": 9793315472, "osm_type": "nodes" }, "geometry": { "type": "Point", "coordinates": [ 83.7349396, 27.42272 ] } },
{ "type": "Feature", "properties": { "name": "kataya pa bi kataya", "amenity": "school", "addr_city": null, "osm_id": 9780852604, "osm_type": "nodes" }, "geometry": { "type": "Point", "coordinates": [ 83.3507004, 27.4176502 ] } },
{ "type": "Feature", "properties": { "name": "gayan galobal English school", "amenity": "school", "addr_city": null, "osm_id": 9780852605, "osm_type": "nodes" }, "geometry": { "type": "Point", "coordinates": [ 83.3665771, 27.4206753 ] } },
{ "type": "Feature", "properties": { "name": "shree ran bal sichha kendra pra.bi.khakhadaur", "amenity": "school", "addr_city": null, "osm_id": 9780879308, "osm_type": "nodes" }, "geometry": { "type": "Point", "coordinates": [ 83.298645, 27.4121208 ] } },
{ "type": "Feature", "properties": { "name": "Shramik Vidyalaya", "amenity": "school", "addr_city": null, "osm_id": 4656145190, "osm_type": "nodes" }, "geometry": { "type": "Point", "coordinates": [ 85.0285868, 27.4156252 ] } },
{ "type": "Feature", "properties": { "name": "Sunrise Global Academy", "amenity": "school", "addr_city": null, "osm_id": 9780863308, "osm_type": "nodes" }, "geometry": { "type": "Point", "coordinates": [ 83.25949, 27.4078217 ] } },
{ "type": "Feature", "properties": { "name": "aasutosh sikchhya sadan", "amenity": "school", "addr_city": null, "osm_id": 9793435709, "osm_type": "nodes" }, "geometry": { "type": "Point", "coordinates": [ 83.8459167, 27.4164219 ] } },
{ "type": "Feature", "properties": { "name": "madarsa arebiya misbahul ulum", "amenity": "school", "addr_city": null, "osm_id": 9780879272, "osm_type": "nodes" }, "geometry": { "type": "Point", "coordinates": [ 83.3773575, 27.4026756 ] } },
{ "type": "Feature", "properties": { "name": "Shree dipendra lower secondary school", "amenity": "school", "addr_city": null, "osm_id": 9793435692, "osm_type": "nodes" }, "geometry": { "type": "Point", "coordinates": [ 83.8399506, 27.3938751 ] } },
{ "type": "Feature", "properties": { "name": "marchawar light e.bo", "amenity": "school", "addr_city": null, "osm_id": 9780906752, "osm_type": "nodes" }, "geometry": { "type": "Point", "coordinates": [ 83.3205643, 27.3928299 ] } },
{ "type": "Feature", "properties": { "name": "sri gyaan jyoti sec. school", "amenity": "school", "addr_city": null, "osm_id": 9780906743, "osm_type": "nodes" }, "geometry": { "type": "Point", "coordinates": [ 83.2837143, 27.3882084 ] } },
{ "type": "Feature", "properties": { "name": "madarsa noorul huda bharwalia", "amenity": "school", "addr_city": null, "osm_id": 9780906728, "osm_type": "nodes" }, "geometry": { "type": "Point", "coordinates": [ 83.2914581, 27.4072933 ] } },
{ "type": "Feature", "properties": { "name": "madarsa islamiya faiziam", "amenity": "school", "addr_city": null, "osm_id": 9780906730, "osm_type": "nodes" }, "geometry": { "type": "Point", "coordinates": [ 83.2700102, 27.3909752 ] } },
{ "type": "Feature", "properties": { "name": "shree roinihawa ni ma.bi.", "amenity": "school", "addr_city": null, "osm_id": 9780879316, "osm_type": "nodes" }, "geometry": { "type": "Point", "coordinates": [ 83.2940903, 27.4037762 ] } },
{ "type": "Feature", "properties": { "name": "màdarasa jamiya darul hooda chakkiya", "amenity": "school", "addr_city": null, "osm_id": 9780879312, "osm_type": "nodes" }, "geometry": { "type": "Point", "coordinates": [ 83.2896729, 27.4014149 ] } },
{ "type": "Feature", "properties": { "name": "Mayadevi English School", "amenity": "school", "addr_city": null, "osm_id": 9780881639, "osm_type": "nodes" }, "geometry": { "type": "Point", "coordinates": [ 83.2607917, 27.4072133 ] } },
{ "type": "Feature", "properties": { "name": "Ram Janaki Primary School", "amenity": "school", "addr_city": null, "osm_id": 9780881643, "osm_type": "nodes" }, "geometry": { "type": "Point", "coordinates": [ 83.2575133, 27.3986917 ] } },
{ "type": "Feature", "properties": { "name": "Shri Srijanatmak Pra Vi", "amenity": "school", "addr_city": null, "osm_id": 4899414514, "osm_type": "nodes" }, "geometry": { "type": "Point", "coordinates": [ 86.0535247, 27.3916664 ] } },
{ "type": "Feature", "properties": { "name": "madarsa mahadutt talimil islami", "amenity": "school", "addr_city": null, "osm_id": 9780906746, "osm_type": "nodes" }, "geometry": { "type": "Point", "coordinates": [ 83.2988739, 27.3825169 ] } },
{ "type": "Feature", "properties": { "name": "Redical academy", "amenity": "school", "addr_city": null, "osm_id": 9793435688, "osm_type": "nodes" }, "geometry": { "type": "Point", "coordinates": [ 83.8380356, 27.3881073 ] } },
{ "type": "Feature", "properties": { "name": "Shree Jana Kalyan Pra V", "amenity": "school", "addr_city": null, "osm_id": 4948569621, "osm_type": "nodes" }, "geometry": { "type": "Point", "coordinates": [ 85.4685849, 27.3855518 ] } },
{ "type": "Feature", "properties": { "name": "madarasa arebiya serajul olum", "amenity": "school", "addr_city": null, "osm_id": 9780879270, "osm_type": "nodes" }, "geometry": { "type": "Point", "coordinates": [ 83.3440781, 27.3631058 ] } },
{ "type": "Feature", "properties": { "name": "rural academy", "amenity": "school", "addr_city": null, "osm_id": 9780879275, "osm_type": "nodes" }, "geometry": { "type": "Point", "coordinates": [ 83.3363876, 27.3539009 ] } },
{ "type": "Feature", "properties": { "name": "Himganga Secondary School", "amenity": "school", "addr_city": null, "osm_id": 11990541677, "osm_type": "nodes" }, "geometry": { "type": "Point", "coordinates": [ 86.2154245, 27.3504376 ] } },
{ "type": "Feature", "properties": { "name": "lifeline educational academy e.school", "amenity": "school", "addr_city": null, "osm_id": 9780879281, "osm_type": "nodes" }, "geometry": { "type": "Point", "coordinates": [ 83.3489685, 27.3562984 ] } },
{ "type": "Feature", "properties": { "name": "Shri Prabhat Ma V", "amenity": "school", "addr_city": null, "osm_id": 4965457588, "osm_type": "nodes" }, "geometry": { "type": "Point", "coordinates": [ 85.1926638, 27.3372332 ] } },
{ "type": "Feature", "properties": { "name": "Bhimjyoti Campus Khurkot", "amenity": "college", "addr_city": null, "osm_id": 5009312482, "osm_type": "nodes" }, "geometry": { "type": "Point", "coordinates": [ 85.9937031, 27.3329269 ] } },
{ "type": "Feature", "properties": { "name": "Shri Janajyoti Umavi", "amenity": "school", "addr_city": null, "osm_id": 4989789019, "osm_type": "nodes" }, "geometry": { "type": "Point", "coordinates": [ 85.9951635, 27.3321192 ] } },
{ "type": "Feature", "properties": { "name": "Shri Karmaprapti Ma. Vi", "amenity": "school", "addr_city": null, "osm_id": 4965523905, "osm_type": "nodes" }, "geometry": { "type": "Point", "coordinates": [ 85.2007224, 27.3044113 ] } },
{ "type": "Feature", "properties": { "name": "Shree Nepal Basic Aadharbhuta School", "amenity": "school", "addr_city": null, "osm_id": 9789653701, "osm_type": "nodes" }, "geometry": { "type": "Point", "coordinates": [ 84.8823242, 27.1857948 ] } },
{ "type": "Feature", "properties": { "name": "Shree Janak Hari Hansbahini Basic School", "amenity": "school", "addr_city": null, "osm_id": 9789653710, "osm_type": "nodes" }, "geometry": { "type": "Point", "coordinates": [ 84.8866272, 27.1808338 ] } },
{ "type": "Feature", "properties": { "name": "Shree Upkar English Mediam Basic School", "amenity": "school", "addr_city": null, "osm_id": 9789653705, "osm_type": "nodes" }, "geometry": { "type": "Point", "coordinates": [ 84.8668289, 27.1772041 ] } },
{ "type": "Feature", "properties": { "name": "Maha Kusheswori Pra Vi", "amenity": "school", "addr_city": null, "osm_id": 5002786711, "osm_type": "nodes" }, "geometry": { "type": "Point", "coordinates": [ 85.5991528, 27.17226 ] } },
{ "type": "Feature", "properties": { "name": "Kunteswori Pra Vi", "amenity": "school", "addr_city": null, "osm_id": 5002750387, "osm_type": "nodes" }, "geometry": { "type": "Point", "coordinates": [ 85.6454061, 27.1702566 ] } },
{ "type": "Feature", "properties": { "name": "Shree Nepal National Basic School", "amenity": "school", "addr_city": null, "osm_id": 9789653709, "osm_type": "nodes" }, "geometry": { "type": "Point", "coordinates": [ 84.8819504, 27.1711769 ] } },
{ "type": "Feature", "properties": { "name": "Shree National Basic School", "amenity": "school", "addr_city": null, "osm_id": 9789653688, "osm_type": "nodes" }, "geometry": { "type": "Point", "coordinates": [ 84.9157257, 27.1611958 ] } },
{ "type": "Feature", "properties": { "name": "Janvi Academy", "amenity": "school", "addr_city": null, "osm_id": 9789620634, "osm_type": "nodes" }, "geometry": { "type": "Point", "coordinates": [ 84.694931, 27.1581306 ] } },
{ "type": "Feature", "properties": { "name": "Shree Shanti Nepal Rastriya Basic School", "amenity": "school", "addr_city": null, "osm_id": 9789620619, "osm_type": "nodes" }, "geometry": { "type": "Point", "coordinates": [ 84.713829, 27.1558361 ] } },
{ "type": "Feature", "properties": { "name": "Madarsa Salfiya Rahamaniya", "amenity": "school", "addr_city": null, "osm_id": 9789620620, "osm_type": "nodes" }, "geometry": { "type": "Point", "coordinates": [ 84.710701, 27.1556377 ] } },
{ "type": "Feature", "properties": { "name": "Jana Jyoti Pra V", "amenity": "school", "addr_city": null, "osm_id": 4952262804, "osm_type": "nodes" }, "geometry": { "type": "Point", "coordinates": [ 85.4969418, 27.1707716 ] } },
{ "type": "Feature", "properties": { "name": "Panch Kanya Pra Vi", "amenity": "school", "addr_city": null, "osm_id": 5002754592, "osm_type": "nodes" }, "geometry": { "type": "Point", "coordinates": [ 85.4963894, 27.1610491 ] } },
{ "type": "Feature", "properties": { "name": "Jana Kalyan Ni Ma Vi", "amenity": "school", "addr_city": null, "osm_id": 4992224310, "osm_type": "nodes" }, "geometry": { "type": "Point", "coordinates": [ 85.4436383, 27.3346687 ] } },
{ "type": "Feature", "properties": { "name": "Shree Gita Ni Ma V", "amenity": "school", "addr_city": null, "osm_id": 4948570534, "osm_type": "nodes" }, "geometry": { "type": "Point", "coordinates": [ 85.4660174, 27.3596367 ] } },
{ "type": "Feature", "properties": { "name": "Shree National Aadharbhut Basic School", "amenity": "school", "addr_city": null, "osm_id": 9789653684, "osm_type": "nodes" }, "geometry": { "type": "Point", "coordinates": [ 84.9064102, 27.1485882 ] } },
{ "type": "Feature", "properties": { "name": "Shree National Barbatiya Higher Secondary School", "amenity": "school", "addr_city": null, "osm_id": 9789653715, "osm_type": "nodes" }, "geometry": { "type": "Point", "coordinates": [ 84.8954086, 27.1498165 ] } },
{ "type": "Feature", "properties": { "name": "Shree Basice School Narayankhola 14 Lalbandhi Mp", "amenity": "school", "addr_city": null, "osm_id": 9784948678, "osm_type": "nodes" }, "geometry": { "type": "Point", "coordinates": [ 85.7004623, 27.1473236 ] } },
{ "type": "Feature", "properties": { "name": "Shree Dibya Jyoti English Boarding School", "amenity": "school", "addr_city": null, "osm_id": 9789620638, "osm_type": "nodes" }, "geometry": { "type": "Point", "coordinates": [ 84.7419741, 27.1508389 ] } },
{ "type": "Feature", "properties": { "name": "Shree Nepal Rastriya Basic School", "amenity": "school", "addr_city": null, "osm_id": 9789620639, "osm_type": "nodes" }, "geometry": { "type": "Point", "coordinates": [ 84.7395706, 27.1500416 ] } },
{ "type": "Feature", "properties": { "name": "Shree Nepal Rastriya Basic School", "amenity": "school", "addr_city": null, "osm_id": 9789620642, "osm_type": "nodes" }, "geometry": { "type": "Point", "coordinates": [ 84.7269745, 27.1390724 ] } },
{ "type": "Feature", "properties": { "name": "Shree Nepal Rastrya Pragati Adharbhut Bidhyalay", "amenity": "school", "addr_city": null, "osm_id": 9784309844, "osm_type": "nodes" }, "geometry": { "type": "Point", "coordinates": [ 84.9325638, 27.1390381 ] } },
{ "type": "Feature", "properties": { "name": "Shree Janasewa Basice School Narayankola 14 Lalbandhi Mp", "amenity": "school", "addr_city": null, "osm_id": 9784948680, "osm_type": "nodes" }, "geometry": { "type": "Point", "coordinates": [ 85.6665344, 27.1402359 ] } },
{ "type": "Feature", "properties": { "name": "Shree Nepal Ra Hig Sec School", "amenity": "school", "addr_city": null, "osm_id": 9784758428, "osm_type": "nodes" }, "geometry": { "type": "Point", "coordinates": [ 84.9716797, 27.1355076 ] } },
{ "type": "Feature", "properties": { "name": "Nepal Rasyriya Aadharbhut Bidhyalay", "amenity": "school", "addr_city": null, "osm_id": 9784752711, "osm_type": "nodes" }, "geometry": { "type": "Point", "coordinates": [ 84.9874496, 27.1258259 ] } },
{ "type": "Feature", "properties": { "name": "Shree National Bahuarwasira Basic School", "amenity": "school", "addr_city": null, "osm_id": 9789653679, "osm_type": "nodes" }, "geometry": { "type": "Point", "coordinates": [ 84.8689991, 27.1238201 ] } },
{ "type": "Feature", "properties": { "name": "Unnati Prathamic Bidhyalay", "amenity": "school", "addr_city": null, "osm_id": 9784309835, "osm_type": "nodes" }, "geometry": { "type": "Point", "coordinates": [ 84.9170151, 27.129097 ] } },
{ "type": "Feature", "properties": { "name": "Madarsa Islamia Karma Tole", "amenity": "school", "addr_city": null, "osm_id": 9784309836, "osm_type": "nodes" }, "geometry": { "type": "Point", "coordinates": [ 84.918045, 27.1367893 ] } },
{ "type": "Feature", "properties": { "name": "Islampur Masjhid", "amenity": "school", "addr_city": null, "osm_id": 9784309846, "osm_type": "nodes" }, "geometry": { "type": "Point", "coordinates": [ 84.9166031, 27.1284866 ] } },
{ "type": "Feature", "properties": { "name": "Saphal Horizon School, Badharwa", "amenity": "school", "addr_city": null, "osm_id": 9784752665, "osm_type": "nodes" }, "geometry": { "type": "Point", "coordinates": [ 85.0437393, 27.1192837 ] } },
{ "type": "Feature", "properties": { "name": "Sri Pra Vi. Pacharang", "amenity": "school", "addr_city": null, "osm_id": 5002957064, "osm_type": "nodes" }, "geometry": { "type": "Point", "coordinates": [ 86.1393712, 27.1083525 ] } },
{ "type": "Feature", "properties": { "name": "Nepal Rastriya Adharbhut Bidhyalaya", "amenity": "school", "addr_city": null, "osm_id": 9784752651, "osm_type": "nodes" }, "geometry": { "type": "Point", "coordinates": [ 84.9675293, 27.109108 ] } },
{ "type": "Feature", "properties": { "name": "Shree Ne. Ra. Basic School", "amenity": "school", "addr_city": null, "osm_id": 9789591875, "osm_type": "nodes" }, "geometry": { "type": "Point", "coordinates": [ 84.6982117, 27.1035748 ] } },
{ "type": "Feature", "properties": { "name": "Shree Nepal Rastriye Basic School", "amenity": "school", "addr_city": null, "osm_id": 9789591880, "osm_type": "nodes" }, "geometry": { "type": "Point", "coordinates": [ 84.6799088, 27.1194725 ] } },
{ "type": "Feature", "properties": { "name": "Shree Ram Pashupati Basic Basic School", "amenity": "school", "addr_city": null, "osm_id": 9789591878, "osm_type": "nodes" }, "geometry": { "type": "Point", "coordinates": [ 84.6833267, 27.1041775 ] } },
{ "type": "Feature", "properties": { "name": "Shree Nepal Rastriye Basic School", "amenity": "school", "addr_city": null, "osm_id": 9789591880, "osm_type": "nodes" }, "geometry": { "type": "Point", "coordinates": [ 84.6799088, 27.1194725 ] } },
{ "type": "Feature", "properties": { "name": "Shree Nepal Rastiya Basic School Jhakhara", "amenity": "school", "addr_city": null, "osm_id": 9789659379, "osm_type": "nodes" }, "geometry": { "type": "Point", "coordinates": [ 84.7504825, 27.102116 ] } },
{ "type": "Feature", "properties": { "name": "Shree Nepal Rastriya Primary School, Gamhariya", "amenity": "school", "addr_city": null, "osm_id": 11971686863, "osm_type": "nodes" }, "geometry": { "type": "Point", "coordinates": [ 84.838726, 27.084359 ] } },
{ "type": "Feature", "properties": { "name": "Shree Kanhaiya Sah English Boarding School", "amenity": "school", "addr_city": null, "osm_id": 11971692992, "osm_type": "nodes" }, "geometry": { "type": "Point", "coordinates": [ 84.8429997, 27.084378 ] } },
{ "type": "Feature", "properties": { "name": "Shree Saraswati Ne. Ra. Ma. Vi Inrawa Sira", "amenity": "school", "addr_city": null, "osm_id": 9784752641, "osm_type": "nodes" }, "geometry": { "type": "Point", "coordinates": [ 84.9926529, 27.0857201 ] } },
{ "type": "Feature", "properties": { "name": "Shree Dewanandan Devraj Model Secondary School", "amenity": "school", "addr_city": null, "osm_id": 11971647405, "osm_type": "nodes" }, "geometry": { "type": "Point", "coordinates": [ 84.8006047, 27.0848534 ] } },
{ "type": "Feature", "properties": { "name": "Shree Nepal Rastriya Basic School, Bhauratar", "amenity": "school", "addr_city": null, "osm_id": 11971666632, "osm_type": "nodes" }, "geometry": { "type": "Point", "coordinates": [ 84.8266999, 27.0797468 ] } },
{ "type": "Feature", "properties": { "name": "Ajij Miya Secondary School", "amenity": "school", "addr_city": null, "osm_id": 9789591864, "osm_type": "nodes" }, "geometry": { "type": "Point", "coordinates": [ 84.6875534, 27.0747032 ] } },
{ "type": "Feature", "properties": { "name": "Madarsa Islamiya Darul Quran", "amenity": "school", "addr_city": null, "osm_id": 9789591865, "osm_type": "nodes" }, "geometry": { "type": "Point", "coordinates": [ 84.6850891, 27.0718174 ] } },
{ "type": "Feature", "properties": { "name": "Shree Pragati Secondary English Boarding School", "amenity": "school", "addr_city": null, "osm_id": 9789659385, "osm_type": "nodes" }, "geometry": { "type": "Point", "coordinates": [ 84.7635479, 27.0770008 ] } },
{ "type": "Feature", "properties": { "name": "Shree Radha Krishn Basic School", "amenity": "school", "addr_city": null, "osm_id": 9789659387, "osm_type": "nodes" }, "geometry": { "type": "Point", "coordinates": [ 84.7539295, 27.072104 ] } },
{ "type": "Feature", "properties": { "name": "Birat Shahi English Boarding school", "amenity": "school", "addr_city": null, "osm_id": 9789659397, "osm_type": "nodes" }, "geometry": { "type": "Point", "coordinates": [ 84.7640698, 27.0770844 ] } },
{ "type": "Feature", "properties": { "name": "Aazad Madarsa Talimumkur San", "amenity": "school", "addr_city": null, "osm_id": 9789659403, "osm_type": "nodes" }, "geometry": { "type": "Point", "coordinates": [ 84.7636354, 27.076654 ] } },
{ "type": "Feature", "properties": { "name": "Shree Shiddarth International Academic Basic School", "amenity": "school", "addr_city": null, "osm_id": 9789659401, "osm_type": "nodes" }, "geometry": { "type": "Point", "coordinates": [ 84.7631429, 27.0772978 ] } },
{ "type": "Feature", "properties": { "name": "Shree Balniketan Model English Boarding School", "amenity": "school", "addr_city": null, "osm_id": 11971655708, "osm_type": "nodes" }, "geometry": { "type": "Point", "coordinates": [ 84.8231595, 27.0736787 ] } },
{ "type": "Feature", "properties": { "name": "Shree Bhangisah Nepal Rastriya Secondary School", "amenity": "school", "addr_city": null, "osm_id": 11971685651, "osm_type": "nodes" }, "geometry": { "type": "Point", "coordinates": [ 84.8229934, 27.0727385 ] } },
{ "type": "Feature", "properties": { "name": "Golden English Boarding School", "amenity": "school", "addr_city": null, "osm_id": 11971673789, "osm_type": "nodes" }, "geometry": { "type": "Point", "coordinates": [ 84.8211401, 27.0726381 ] } },
{ "type": "Feature", "properties": { "name": "Shree Nepal Aadharbhut Bidhyalay Majhauliya Bara", "amenity": "school", "addr_city": null, "osm_id": 9784731861, "osm_type": "nodes" }, "geometry": { "type": "Point", "coordinates": [ 85.0251083, 27.0709591 ] } },
{ "type": "Feature", "properties": { "name": "Shree Bright Future Academy School Parawanipur 16 Lalbandhi Mp", "amenity": "school", "addr_city": null, "osm_id": 9784948675, "osm_type": "nodes" }, "geometry": { "type": "Point", "coordinates": [ 85.7128906, 27.0745621 ] } },
{ "type": "Feature", "properties": { "name": "Madarsa Talimun Kuran Surahi", "amenity": "school", "addr_city": null, "osm_id": 9784712088, "osm_type": "nodes" }, "geometry": { "type": "Point", "coordinates": [ 84.9998322, 27.0675678 ] } },
{ "type": "Feature", "properties": { "name": "Shree Budh Adharbhut Bidhalaya Mathurapur", "amenity": "school", "addr_city": null, "osm_id": 9784752640, "osm_type": "nodes" }, "geometry": { "type": "Point", "coordinates": [ 85.0009918, 27.071682 ] } },
{ "type": "Feature", "properties": { "name": "Shree Mahabir Sha Secondary School", "amenity": "school", "addr_city": null, "osm_id": 11971672468, "osm_type": "nodes" }, "geometry": { "type": "Point", "coordinates": [ 84.8361537, 27.0750922 ] } },
{ "type": "Feature", "properties": { "name": "Vidhyapith English Boarding School Uttar Jhitkaiya", "amenity": "school", "addr_city": null, "osm_id": 9784731859, "osm_type": "nodes" }, "geometry": { "type": "Point", "coordinates": [ 85.0162125, 27.0633259 ] } },
{ "type": "Feature", "properties": { "name": "Shree Nepal Aadharbhut Bidhalay Uttar Jhitkaiya Bara", "amenity": "school", "addr_city": null, "osm_id": 9784731865, "osm_type": "nodes" }, "geometry": { "type": "Point", "coordinates": [ 85.0164871, 27.0653934 ] } },
{ "type": "Feature", "properties": { "name": "Shree Nepal Rastrya Madhyamic Bidhyala", "amenity": "school", "addr_city": null, "osm_id": 9784309907, "osm_type": "nodes" }, "geometry": { "type": "Point", "coordinates": [ 84.8800583, 27.0622787 ] } },
{ "type": "Feature", "properties": { "name": "Shree Madhobani Padhma Basic School", "amenity": "school", "addr_city": null, "osm_id": 9789659405, "osm_type": "nodes" }, "geometry": { "type": "Point", "coordinates": [ 84.7679905, 27.0615811 ] } },
{ "type": "Feature", "properties": { "name": "Shree Nabajoti Higher Secondary School Jitpani 2 Lalbandhi Mp", "amenity": "school", "addr_city": null, "osm_id": 9784970623, "osm_type": "nodes" }, "geometry": { "type": "Point", "coordinates": [ 85.5813522, 27.0538521 ] } },
{ "type": "Feature", "properties": { "name": "Shree Nepal Rastriya Secondary School", "amenity": "school", "addr_city": null, "osm_id": 9789556875, "osm_type": "nodes" }, "geometry": { "type": "Point", "coordinates": [ 84.797738, 27.0607253 ] } },
{ "type": "Feature", "properties": { "name": "All Jameatull Rahmaniya Asalfia", "amenity": "school", "addr_city": null, "osm_id": 9784319250, "osm_type": "nodes" }, "geometry": { "type": "Point", "coordinates": [ 84.8979034, 27.0473976 ] } },
{ "type": "Feature", "properties": { "name": "Umme Kulsum Girls", "amenity": "school", "addr_city": null, "osm_id": 9784319252, "osm_type": "nodes" }, "geometry": { "type": "Point", "coordinates": [ 84.8953705, 27.0447617 ] } },
{ "type": "Feature", "properties": { "name": "Madrsa tauhidul Islam sulfia ma. bi. school", "amenity": "school", "addr_city": null, "osm_id": 9784319253, "osm_type": "nodes" }, "geometry": { "type": "Point", "coordinates": [ 84.8994217, 27.0456867 ] } },
{ "type": "Feature", "properties": { "name": "Furqaan National Academy", "amenity": "school", "addr_city": null, "osm_id": 9784319255, "osm_type": "nodes" }, "geometry": { "type": "Point", "coordinates": [ 84.8938446, 27.0451813 ] } },
{ "type": "Feature", "properties": { "name": "Shree Bhuneshwor Nath Aadharbhut Bidhalya", "amenity": "school", "addr_city": null, "osm_id": 9784309877, "osm_type": "nodes" }, "geometry": { "type": "Point", "coordinates": [ 84.8969116, 27.0524025 ] } },
{ "type": "Feature", "properties": { "name": "Suffah Ideal Academy", "amenity": "school", "addr_city": null, "osm_id": 9784319254, "osm_type": "nodes" }, "geometry": { "type": "Point", "coordinates": [ 84.8965759, 27.0482731 ] } },
{ "type": "Feature", "properties": { "name": "Shri Mahabir Nepal Rastria Madhamic Bithslaya", "amenity": "school", "addr_city": null, "osm_id": 9784712092, "osm_type": "nodes" }, "geometry": { "type": "Point", "coordinates": [ 85.0007477, 27.0542831 ] } },
{ "type": "Feature", "properties": { "name": "Shree Nandlal Kanchan Primary School", "amenity": "school", "addr_city": null, "osm_id": 11964605268, "osm_type": "nodes" }, "geometry": { "type": "Point", "coordinates": [ 84.984414, 27.0514247 ] } },
{ "type": "Feature", "properties": { "name": "Sugauli Islamic school", "amenity": "school", "addr_city": null, "osm_id": 9784309860, "osm_type": "nodes" }, "geometry": { "type": "Point", "coordinates": [ 84.8583832, 27.0445805 ] } },
{ "type": "Feature", "properties": { "name": "Madarsa Ishlamiya primary school", "amenity": "school", "addr_city": null, "osm_id": 9784309862, "osm_type": "nodes" }, "geometry": { "type": "Point", "coordinates": [ 84.8567657, 27.0454502 ] } },
{ "type": "Feature", "properties": { "name": "Sri Sarsati Pra. Bi. Mahesh Pur Hal Kalaiya 27 Barawa Parata Tol", "amenity": "school", "addr_city": null, "osm_id": 9784712096, "osm_type": "nodes" }, "geometry": { "type": "Point", "coordinates": [ 85.0474167, 27.0457687 ] } },
{ "type": "Feature", "properties": { "name": "Shree Rastiya Basic School", "amenity": "school", "addr_city": null, "osm_id": 9789659383, "osm_type": "nodes" }, "geometry": { "type": "Point", "coordinates": [ 84.7790626, 27.0525311 ] } },
{ "type": "Feature", "properties": { "name": "Madarsa Community School", "amenity": "school", "addr_city": null, "osm_id": 11964612756, "osm_type": "nodes" }, "geometry": { "type": "Point", "coordinates": [ 84.9344109, 27.0411835 ] } },
{ "type": "Feature", "properties": { "name": "English Boarding Primary School", "amenity": "school", "addr_city": null, "osm_id": 9789591866, "osm_type": "nodes" }, "geometry": { "type": "Point", "coordinates": [ 84.7020798, 27.0846825 ] } },
{ "type": "Feature", "properties": { "name": "Nepal Rastriya Basic School", "amenity": "school", "addr_city": null, "osm_id": 9789591874, "osm_type": "nodes" }, "geometry": { "type": "Point", "coordinates": [ 84.706131, 27.0988903 ] } },
{ "type": "Feature", "properties": { "name": "Shree Nepal Rastriya Secondary School", "amenity": "school", "addr_city": null, "osm_id": 9789620643, "osm_type": "nodes" }, "geometry": { "type": "Point", "coordinates": [ 84.7322769, 27.1174908 ] } },
{ "type": "Feature", "properties": { "name": "Gyan Jeevan English Boarding School", "amenity": "school", "addr_city": null, "osm_id": 9789620648, "osm_type": "nodes" }, "geometry": { "type": "Point", "coordinates": [ 84.7377319, 27.1169605 ] } },
{ "type": "Feature", "properties": { "name": "Shree Rastiya Jhakhara Lamariya Basic School", "amenity": "school", "addr_city": null, "osm_id": 9789659378, "osm_type": "nodes" }, "geometry": { "type": "Point", "coordinates": [ 84.7422031, 27.1164021 ] } },
{ "type": "Feature", "properties": { "name": "Shree Nepal Rastriya Basic School", "amenity": "school", "addr_city": null, "osm_id": 9789556863, "osm_type": "nodes" }, "geometry": { "type": "Point", "coordinates": [ 84.7628106, 27.0398914 ] } },
{ "type": "Feature", "properties": { "name": "Shree Basic School, Khaira", "amenity": "school", "addr_city": null, "osm_id": 11968524341, "osm_type": "nodes" }, "geometry": { "type": "Point", "coordinates": [ 85.1855952, 27.0363538 ] } },
{ "type": "Feature", "properties": { "name": "Birgunj Institute of Technology Colleges", "amenity": "school", "addr_city": null, "osm_id": 9784319259, "osm_type": "nodes" }, "geometry": { "type": "Point", "coordinates": [ 84.8928833, 27.0349503 ] } },
{ "type": "Feature", "properties": { "name": "Birgunj Institute for Technology", "amenity": "school", "addr_city": null, "osm_id": 4280990402, "osm_type": "nodes" }, "geometry": { "type": "Point", "coordinates": [ 84.8927382, 27.0350363 ] } },
{ "type": "Feature", "properties": { "name": "Shree Ramjanki Nepal Rastriya Basic School", "amenity": "school", "addr_city": null, "osm_id": 11964595296, "osm_type": "nodes" }, "geometry": { "type": "Point", "coordinates": [ 84.9160042, 27.0355167 ] } },
{ "type": "Feature", "properties": { "name": "Shree Nepal Rastriya Aadharbhut Bidhyaly", "amenity": "school", "addr_city": null, "osm_id": 9784731881, "osm_type": "nodes" }, "geometry": { "type": "Point", "coordinates": [ 84.9752197, 27.0356388 ] } },
{ "type": "Feature", "properties": { "name": "Shree Shishu Kalyan Janta Secondary School Haribawan 4 Lalbandhi Mp", "amenity": "school", "addr_city": null, "osm_id": 9784970619, "osm_type": "nodes" }, "geometry": { "type": "Point", "coordinates": [ 85.6048203, 27.0372143 ] } },
{ "type": "Feature", "properties": { "name": "Shree Shiv Jageshwari devi Gokul kurmi Aadharbhut Bidhyalaya", "amenity": "school", "addr_city": null, "osm_id": 9784309874, "osm_type": "nodes" }, "geometry": { "type": "Point", "coordinates": [ 84.8703079, 27.0311756 ] } },
{ "type": "Feature", "properties": { "name": "Shree Nepal Scout Ni. Ma. School", "amenity": "school", "addr_city": null, "osm_id": 9789556872, "osm_type": "nodes" }, "geometry": { "type": "Point", "coordinates": [ 84.7997903, 27.0314342 ] } },
{ "type": "Feature", "properties": { "name": "Sri Ne. Ra. Pra. Bi Barwa", "amenity": "school", "addr_city": null, "osm_id": 9784712093, "osm_type": "nodes" }, "geometry": { "type": "Point", "coordinates": [ 85.0570297, 27.042738 ] } },
{ "type": "Feature", "properties": { "name": "Star English Boarding School", "amenity": "school", "addr_city": null, "osm_id": 9784731855, "osm_type": "nodes" }, "geometry": { "type": "Point", "coordinates": [ 85.0629349, 27.0571194 ] } },
{ "type": "Feature", "properties": { "name": "Nuri Masjid", "amenity": "school", "addr_city": null, "osm_id": 9784731856, "osm_type": "nodes" }, "geometry": { "type": "Point", "coordinates": [ 85.0635147, 27.0595551 ] } },
{ "type": "Feature", "properties": { "name": "Prerana Pre", "amenity": "school", "addr_city": null, "osm_id": 9791754440, "osm_type": "nodes" }, "geometry": { "type": "Point", "coordinates": [ 85.5646667, 27.0333138 ] } },
{ "type": "Feature", "properties": { "name": "Kalaiya Sunshine E.B.School", "amenity": "school", "addr_city": null, "osm_id": 9784731838, "osm_type": "nodes" }, "geometry": { "type": "Point", "coordinates": [ 84.9975967, 27.0262623 ] } },
{ "type": "Feature", "properties": { "name": "Nation Public School", "amenity": "school", "addr_city": null, "osm_id": 9784712057, "osm_type": "nodes" }, "geometry": { "type": "Point", "coordinates": [ 85.0027618, 27.0298691 ] } },
{ "type": "Feature", "properties": { "name": "Gyan Deep S.E.Boarding School", "amenity": "school", "addr_city": null, "osm_id": 9784712058, "osm_type": "nodes" }, "geometry": { "type": "Point", "coordinates": [ 85.0027924, 27.0283108 ] } },
{ "type": "Feature", "properties": { "name": "Shree Panna Devi Kanya Ma.Bidhyalay", "amenity": "school", "addr_city": null, "osm_id": 9784731842, "osm_type": "nodes" }, "geometry": { "type": "Point", "coordinates": [ 85.0008698, 27.0295105 ] } },
{ "type": "Feature", "properties": { "name": "Bharat Baba Sec Eng Boarding School", "amenity": "school", "addr_city": null, "osm_id": 9784731843, "osm_type": "nodes" }, "geometry": { "type": "Point", "coordinates": [ 85.0012589, 27.030056 ] } },
{ "type": "Feature", "properties": { "name": "Manakamana College", "amenity": "school", "addr_city": null, "osm_id": 9784731844, "osm_type": "nodes" }, "geometry": { "type": "Point", "coordinates": [ 85.0001755, 27.0301552 ] } },
{ "type": "Feature", "properties": { "name": "Manakamana Sec.Boarding School Pvt Ltd", "amenity": "school", "addr_city": null, "osm_id": 9784731845, "osm_type": "nodes" }, "geometry": { "type": "Point", "coordinates": [ 84.9990845, 27.0273438 ] } },
{ "type": "Feature", "properties": { "name": "Rsi Nepal Ratriya Bidhalay Mauje Bijulpur Bara", "amenity": "school", "addr_city": null, "osm_id": 9784712095, "osm_type": "nodes" }, "geometry": { "type": "Point", "coordinates": [ 85.0321121, 27.0273933 ] } },
{ "type": "Feature", "properties": { "name": "Madarsa Rajuya", "amenity": "school", "addr_city": null, "osm_id": 9784712097, "osm_type": "nodes" }, "geometry": { "type": "Point", "coordinates": [ 85.0337143, 27.0272999 ] } },
{ "type": "Feature", "properties": { "name": "Madarsa Eslahul Muslemin", "amenity": "school", "addr_city": null, "osm_id": 9784319219, "osm_type": "nodes" }, "geometry": { "type": "Point", "coordinates": [ 84.8395081, 27.022459 ] } },
{ "type": "Feature", "properties": { "name": "New Life Academy", "amenity": "school", "addr_city": null, "osm_id": 9784309916, "osm_type": "nodes" }, "geometry": { "type": "Point", "coordinates": [ 84.8405151, 27.0257111 ] } },
{ "type": "Feature", "properties": { "name": "Madarsa Salfiya Darul Hasid", "amenity": "school", "addr_city": null, "osm_id": 9784309915, "osm_type": "nodes" }, "geometry": { "type": "Point", "coordinates": [ 84.8412094, 27.0245209 ] } },
{ "type": "Feature", "properties": { "name": "Indrajeet English Boarding School", "amenity": "school", "addr_city": null, "osm_id": 9784731877, "osm_type": "nodes" }, "geometry": { "type": "Point", "coordinates": [ 84.9841385, 27.0301991 ] } },
{ "type": "Feature", "properties": { "name": "Future Star English Boarding School", "amenity": "school", "addr_city": null, "osm_id": 9784712077, "osm_type": "nodes" }, "geometry": { "type": "Point", "coordinates": [ 84.981575, 27.0290165 ] } },
{ "type": "Feature", "properties": { "name": "Shree Baudhi Mai Aatharbhut Bidhyalay", "amenity": "school", "addr_city": null, "osm_id": 9784712079, "osm_type": "nodes" }, "geometry": { "type": "Point", "coordinates": [ 84.9832535, 27.022686 ] } },
{ "type": "Feature", "properties": { "name": "Sarsawati Academy", "amenity": "school", "addr_city": null, "osm_id": 9784731878, "osm_type": "nodes" }, "geometry": { "type": "Point", "coordinates": [ 84.9830704, 27.0299397 ] } },
{ "type": "Feature", "properties": { "name": "Shree Nepal Rastriya Basic School", "amenity": "school", "addr_city": null, "osm_id": 9789556865, "osm_type": "nodes" }, "geometry": { "type": "Point", "coordinates": [ 84.7677468, 27.0251514 ] } },
{ "type": "Feature", "properties": { "name": "Sri Nepal Rastriy Madhyamik Bidhalay", "amenity": "school", "addr_city": null, "osm_id": 9784731819, "osm_type": "nodes" }, "geometry": { "type": "Point", "coordinates": [ 84.9606018, 27.022213 ] } },
{ "type": "Feature", "properties": { "name": "Divine Institute Of Health Training and Research Center", "amenity": "school", "addr_city": null, "osm_id": 9784319234, "osm_type": "nodes" }, "geometry": { "type": "Point", "coordinates": [ 84.8916473, 27.0193729 ] } },
{ "type": "Feature", "properties": { "name": "Siddhartha International College", "amenity": "school", "addr_city": null, "osm_id": 9784319231, "osm_type": "nodes" }, "geometry": { "type": "Point", "coordinates": [ 84.8913116, 27.0188084 ] } },
{ "type": "Feature", "properties": { "name": "National Infotech", "amenity": "school", "addr_city": null, "osm_id": 9784319232, "osm_type": "nodes" }, "geometry": { "type": "Point", "coordinates": [ 84.8922806, 27.0207729 ] } },
{ "type": "Feature", "properties": { "name": "Safal Academy", "amenity": "school", "addr_city": null, "osm_id": 9784319236, "osm_type": "nodes" }, "geometry": { "type": "Point", "coordinates": [ 84.8944244, 27.0252094 ] } },
{ "type": "Feature", "properties": { "name": "Shalom Secondary School", "amenity": "school", "addr_city": null, "osm_id": 9784319235, "osm_type": "nodes" }, "geometry": { "type": "Point", "coordinates": [ 84.8950577, 27.0229263 ] } },
{ "type": "Feature", "properties": { "name": "Shanti Niketan English Boarding School", "amenity": "school", "addr_city": null, "osm_id": 9784319239, "osm_type": "nodes" }, "geometry": { "type": "Point", "coordinates": [ 84.893219, 27.0185223 ] } },
{ "type": "Feature", "properties": { "name": "Shree Sarsawti Bidha Mandir", "amenity": "school", "addr_city": null, "osm_id": 9784731846, "osm_type": "nodes" }, "geometry": { "type": "Point", "coordinates": [ 85.0032043, 27.0233212 ] } },
{ "type": "Feature", "properties": { "name": "Shree Na. Ra Basic School", "amenity": "school", "addr_city": null, "osm_id": 9789396408, "osm_type": "nodes" }, "geometry": { "type": "Point", "coordinates": [ 85.1058009, 27.0179458 ] } },
{ "type": "Feature", "properties": { "name": "Shri Nepal Rastriya Basic School", "amenity": "school", "addr_city": null, "osm_id": 9789396395, "osm_type": "nodes" }, "geometry": { "type": "Point", "coordinates": [ 85.1477779, 27.0200363 ] } },
{ "type": "Feature", "properties": { "name": "Shree Nepal Rastriya Adharbhut School", "amenity": "school", "addr_city": null, "osm_id": 9789419344, "osm_type": "nodes" }, "geometry": { "type": "Point", "coordinates": [ 84.9255829, 27.0169125 ] } },
{ "type": "Feature", "properties": { "name": "Oasis English Boarding school", "amenity": "school", "addr_city": null, "osm_id": 9789455219, "osm_type": "nodes" }, "geometry": { "type": "Point", "coordinates": [ 85.0624953, 27.0200557 ] } },
{ "type": "Feature", "properties": { "name": "Shree Laxminath Basic School", "amenity": "school", "addr_city": null, "osm_id": 9791754445, "osm_type": "nodes" }, "geometry": { "type": "Point", "coordinates": [ 85.5899506, 27.0196476 ] } },
{ "type": "Feature", "properties": { "name": "Shree Harihar Janata Basic School", "amenity": "school", "addr_city": null, "osm_id": 9791754450, "osm_type": "nodes" }, "geometry": { "type": "Point", "coordinates": [ 85.5428772, 27.0178204 ] } },
{ "type": "Feature", "properties": { "name": "Shree Nepal Rastriya Secondary School Sishniya Kalaiya 25", "amenity": "school", "addr_city": null, "osm_id": 9784712078, "osm_type": "nodes" }, "geometry": { "type": "Point", "coordinates": [ 84.9791718, 27.0165882 ] } },
{ "type": "Feature", "properties": { "name": "Shree Nepal Rastriya Adharbhut Bidhyalaya", "amenity": "school", "addr_city": null, "osm_id": 9789455236, "osm_type": "nodes" }, "geometry": { "type": "Point", "coordinates": [ 85.0490799, 27.0160656 ] } },
{ "type": "Feature", "properties": { "name": "Punam Gupta", "amenity": "school", "addr_city": null, "osm_id": 9784319324, "osm_type": "nodes" }, "geometry": { "type": "Point", "coordinates": [ 84.8750076, 27.0115547 ] } },
{ "type": "Feature", "properties": { "name": "Pandit Bijaynath Tiwari", "amenity": "school", "addr_city": null, "osm_id": 9784319323, "osm_type": "nodes" }, "geometry": { "type": "Point", "coordinates": [ 84.8758316, 27.0118465 ] } },
{ "type": "Feature", "properties": { "name": "zuddo school", "amenity": "school", "addr_city": null, "osm_id": 9784319301, "osm_type": "nodes" }, "geometry": { "type": "Point", "coordinates": [ 84.8750992, 27.0151253 ] } },
{ "type": "Feature", "properties": { "name": "City school of Birgunj", "amenity": "school", "addr_city": null, "osm_id": 9784319319, "osm_type": "nodes" }, "geometry": { "type": "Point", "coordinates": [ 84.8756561, 27.015543 ] } },
{ "type": "Feature", "properties": { "name": "shree sundarmal ram kumar kanya madhyamik bidhyalay", "amenity": "school", "addr_city": null, "osm_id": 9784319336, "osm_type": "nodes" }, "geometry": { "type": "Point", "coordinates": [ 84.8751678, 27.0079041 ] } },
{ "type": "Feature", "properties": { "name": "Hari khetan Multiple Campus", "amenity": "school", "addr_city": null, "osm_id": 9784319309, "osm_type": "nodes" }, "geometry": { "type": "Point", "coordinates": [ 84.874054, 27.0091972 ] } },
{ "type": "Feature", "properties": { "name": "Little champs pre-school", "amenity": "school", "addr_city": null, "osm_id": 9784319300, "osm_type": "nodes" }, "geometry": { "type": "Point", "coordinates": [ 84.8749313, 27.0159988 ] } },
{ "type": "Feature", "properties": { "name": "Tribhuwan High School", "amenity": "school", "addr_city": null, "osm_id": 3906047004, "osm_type": "nodes" }, "geometry": { "type": "Point", "coordinates": [ 84.8770127, 27.0097622 ] } },
{ "type": "Feature", "properties": { "name": "IDEAL INTERNATIONAL ACADEMY", "amenity": "school", "addr_city": null, "osm_id": 9784319295, "osm_type": "nodes" }, "geometry": { "type": "Point", "coordinates": [ 84.8754578, 27.0168266 ] } },
{ "type": "Feature", "properties": { "name": "National Academy", "amenity": "college", "addr_city": null, "osm_id": 3906045868, "osm_type": "nodes" }, "geometry": { "type": "Point", "coordinates": [ 84.8772846, 27.0091158 ] } },
{ "type": "Feature", "properties": { "name": null, "amenity": "college", "addr_city": null, "osm_id": 5245130421, "osm_type": "nodes" }, "geometry": { "type": "Point", "coordinates": [ 84.8759719, 27.0108089 ] } },
{ "type": "Feature", "properties": { "name": null, "amenity": "school", "addr_city": null, "osm_id": 4543535089, "osm_type": "nodes" }, "geometry": { "type": "Point", "coordinates": [ 85.504692, 27.0090194 ] } },
{ "type": "Feature", "properties": { "name": "Shree Nepal Rastriya Adharbhut Bidhyalaya", "amenity": "school", "addr_city": null, "osm_id": 9789455235, "osm_type": "nodes" }, "geometry": { "type": "Point", "coordinates": [ 85.0635605, 27.0114269 ] } },
{ "type": "Feature", "properties": { "name": "Shree Basic School, Rampur", "amenity": "school", "addr_city": null, "osm_id": 11994141772, "osm_type": "nodes" }, "geometry": { "type": "Point", "coordinates": [ 85.6223747, 27.0099718 ] } },
{ "type": "Feature", "properties": { "name": "becaon secondary school", "amenity": "school", "addr_city": null, "osm_id": 9784319333, "osm_type": "nodes" }, "geometry": { "type": "Point", "coordinates": [ 84.8725128, 27.0071526 ] } },
{ "type": "Feature", "properties": { "name": "Model college of technical education", "amenity": "school", "addr_city": null, "osm_id": 9784319350, "osm_type": "nodes" }, "geometry": { "type": "Point", "coordinates": [ 84.8703331, 27.0034835 ] } },
{ "type": "Feature", "properties": { "name": "M.E.S. secondary school", "amenity": "school", "addr_city": null, "osm_id": 9784319345, "osm_type": "nodes" }, "geometry": { "type": "Point", "coordinates": [ 84.8691711, 27.005825 ] } },
{ "type": "Feature", "properties": { "name": "Mother land secondary school", "amenity": "school", "addr_city": null, "osm_id": 9784319341, "osm_type": "nodes" }, "geometry": { "type": "Point", "coordinates": [ 84.8685226, 27.00774 ] } },
{ "type": "Feature", "properties": { "name": "trijudh mahbir parsad raghubir ram madhyamik bidhyalay", "amenity": "school", "addr_city": null, "osm_id": 9784319335, "osm_type": "nodes" }, "geometry": { "type": "Point", "coordinates": [ 84.8724136, 27.0059948 ] } },
{ "type": "Feature", "properties": { "name": "National Model School", "amenity": "school", "addr_city": null, "osm_id": 9784319225, "osm_type": "nodes" }, "geometry": { "type": "Point", "coordinates": [ 84.8844147, 27.0007114 ] } },
{ "type": "Feature", "properties": { "name": "Kavya Academy", "amenity": "school", "addr_city": null, "osm_id": 9784319228, "osm_type": "nodes" }, "geometry": { "type": "Point", "coordinates": [ 84.8832245, 27.0037708 ] } },
{ "type": "Feature", "properties": { "name": "Birgunj Public College", "amenity": "college", "addr_city": "Birgunj", "osm_id": 2503608047, "osm_type": "nodes" }, "geometry": { "type": "Point", "coordinates": [ 84.8842339, 27.0143985 ] } },
{ "type": "Feature", "properties": { "name": "Shree Nepal Rastriya Primary School", "amenity": "school", "addr_city": null, "osm_id": 9789556866, "osm_type": "nodes" }, "geometry": { "type": "Point", "coordinates": [ 84.7910317, 27.0122749 ] } },
{ "type": "Feature", "properties": { "name": "Shree Nepal Rastriya Primary School", "amenity": "school", "addr_city": null, "osm_id": 9789556868, "osm_type": "nodes" }, "geometry": { "type": "Point", "coordinates": [ 84.79712, 27.007188 ] } },
{ "type": "Feature", "properties": { "name": "Shree Nepal Rastriya Primary School", "amenity": "school", "addr_city": null, "osm_id": 9789556866, "osm_type": "nodes" }, "geometry": { "type": "Point", "coordinates": [ 84.7910317, 27.0122749 ] } },
{ "type": "Feature", "properties": { "name": "Shree Nepal Rastriya Primary School", "amenity": "school", "addr_city": null, "osm_id": 9789556868, "osm_type": "nodes" }, "geometry": { "type": "Point", "coordinates": [ 84.79712, 27.007188 ] } },
{ "type": "Feature", "properties": { "name": "Jeevan Public School", "amenity": "school", "addr_city": null, "osm_id": 9789556869, "osm_type": "nodes" }, "geometry": { "type": "Point", "coordinates": [ 84.8043755, 27.0223285 ] } },
{ "type": "Feature", "properties": { "name": "Shree Girja Prathamik Bidhyalaya", "amenity": "school", "addr_city": null, "osm_id": 9789556871, "osm_type": "nodes" }, "geometry": { "type": "Point", "coordinates": [ 84.8016595, 27.0227806 ] } },
{ "type": "Feature", "properties": { "name": "New Panna memorieal English boarding school", "amenity": "school", "addr_city": null, "osm_id": 9784309903, "osm_type": "nodes" }, "geometry": { "type": "Point", "coordinates": [ 84.8227234, 27.0377541 ] } },
{ "type": "Feature", "properties": { "name": "Shree bindawashini Ne Ra aadharbhut school", "amenity": "school", "addr_city": null, "osm_id": 9784309898, "osm_type": "nodes" }, "geometry": { "type": "Point", "coordinates": [ 84.8192749, 27.0421143 ] } },
{ "type": "Feature", "properties": { "name": "Budhha public school", "amenity": "school", "addr_city": null, "osm_id": 9784309904, "osm_type": "nodes" }, "geometry": { "type": "Point", "coordinates": [ 84.8202057, 27.0343075 ] } },
{ "type": "Feature", "properties": { "name": "Shree Ramswarup Ramprit Secondary School", "amenity": "school", "addr_city": null, "osm_id": 9789556874, "osm_type": "nodes" }, "geometry": { "type": "Point", "coordinates": [ 84.8051537, 27.0224277 ] } },
{ "type": "Feature", "properties": { "name": "Saraswoti Primary School", "amenity": "school", "addr_city": null, "osm_id": 11971644680, "osm_type": "nodes" }, "geometry": { "type": "Point", "coordinates": [ 84.8377073, 27.0531644 ] } },
{ "type": "Feature", "properties": { "name": "m.e.s school", "amenity": "school", "addr_city": null, "osm_id": 9784319359, "osm_type": "nodes" }, "geometry": { "type": "Point", "coordinates": [ 84.8677597, 27.00243 ] } },
{ "type": "Feature", "properties": { "name": "Wisdom Academy", "amenity": "school", "addr_city": null, "osm_id": 11994195185, "osm_type": "nodes" }, "geometry": { "type": "Point", "coordinates": [ 85.6670442, 26.9997054 ] } },
{ "type": "Feature", "properties": { "name": "Dikshanta Pathshala, Pokhari Tol", "amenity": "school", "addr_city": null, "osm_id": 11994102483, "osm_type": "nodes" }, "geometry": { "type": "Point", "coordinates": [ 85.6367621, 27.0044014 ] } },
{ "type": "Feature", "properties": { "name": "Bara Global English Bording School", "amenity": "school", "addr_city": null, "osm_id": 9789419339, "osm_type": "nodes" }, "geometry": { "type": "Point", "coordinates": [ 84.9556885, 26.9974499 ] } },
{ "type": "Feature", "properties": { "name": "Modarsa Arabia Ashraful Ulum, Sitalpur", "amenity": "school", "addr_city": null, "osm_id": 9784731822, "osm_type": "nodes" }, "geometry": { "type": "Point", "coordinates": [ 84.9937057, 26.9979095 ] } },
{ "type": "Feature", "properties": { "name": "Masjid Gazil Baghwan14", "amenity": "school", "addr_city": null, "osm_id": 9784712109, "osm_type": "nodes" }, "geometry": { "type": "Point", "coordinates": [ 85.0271225, 26.999588 ] } },
{ "type": "Feature", "properties": { "name": "Nepal Rastriye Adharbhut Bidhalaya", "amenity": "school", "addr_city": null, "osm_id": 9789455244, "osm_type": "nodes" }, "geometry": { "type": "Point", "coordinates": [ 85.0371419, 27.0066229 ] } },
{ "type": "Feature", "properties": { "name": "Madarsha Aljamatul Islamia Zyauloom Bagwan", "amenity": "school", "addr_city": null, "osm_id": 9784712106, "osm_type": "nodes" }, "geometry": { "type": "Point", "coordinates": [ 85.0284424, 26.9995823 ] } },
{ "type": "Feature", "properties": { "name": "Shree Nepal Rastriya Nemn Madhyamek Bidhlaya Kalaiya14 Baghwan", "amenity": "school", "addr_city": null, "osm_id": 9784712107, "osm_type": "nodes" }, "geometry": { "type": "Point", "coordinates": [ 85.0255483, 26.9994058 ] } },
{ "type": "Feature", "properties": { "name": "Shree Gadhimai Mahendra Prabidhik Namuna Ma Wi", "amenity": "school", "addr_city": null, "osm_id": 9789455242, "osm_type": "nodes" }, "geometry": { "type": "Point", "coordinates": [ 85.0482864, 26.9925861 ] } },
{ "type": "Feature", "properties": { "name": "Shree Gadhimai Adharbhut Bidhalaya", "amenity": "school", "addr_city": null, "osm_id": 9789455245, "osm_type": "nodes" }, "geometry": { "type": "Point", "coordinates": [ 85.0489273, 26.9905701 ] } },
{ "type": "Feature", "properties": { "name": "Birendra Primary School, Ramnagar", "amenity": "school", "addr_city": null, "osm_id": 11994108111, "osm_type": "nodes" }, "geometry": { "type": "Point", "coordinates": [ 85.6160527, 26.9902889 ] } },
{ "type": "Feature", "properties": { "name": "Shree Janata Secondary School", "amenity": "school", "addr_city": null, "osm_id": 9791754420, "osm_type": "nodes" }, "geometry": { "type": "Point", "coordinates": [ 85.5553284, 26.9911625 ] } },
{ "type": "Feature", "properties": { "name": "Mahmadi Jama Madjid, Kantipur", "amenity": "school", "addr_city": null, "osm_id": 9789356079, "osm_type": "nodes" }, "geometry": { "type": "Point", "coordinates": [ 84.9053561, 26.9866872 ] } },
{ "type": "Feature", "properties": { "name": "Florence Academy English Boarding School", "amenity": "school", "addr_city": null, "osm_id": 9791774388, "osm_type": "nodes" }, "geometry": { "type": "Point", "coordinates": [ 85.8871536, 26.986763 ] } },
{ "type": "Feature", "properties": { "name": "Shree Nepal Rastriya Adharvut Bidhalaya", "amenity": "school", "addr_city": null, "osm_id": 9784712105, "osm_type": "nodes" }, "geometry": { "type": "Point", "coordinates": [ 85.025444, 26.9884853 ] } },
{ "type": "Feature", "properties": { "name": "Shree Gadhimai Mahendra Pravidhik Namuna Madhyamik Bidhyalaya", "amenity": "school", "addr_city": null, "osm_id": 9789440014, "osm_type": "nodes" }, "geometry": { "type": "Point", "coordinates": [ 85.0523224, 26.982336 ] } },
{ "type": "Feature", "properties": { "name": "Aariyan Academy Awasiya School", "amenity": "school", "addr_city": null, "osm_id": 9789440015, "osm_type": "nodes" }, "geometry": { "type": "Point", "coordinates": [ 85.0538864, 26.9820423 ] } },
{ "type": "Feature", "properties": { "name": "Bishwa Gyan Kunj Secondary English School", "amenity": "school", "addr_city": null, "osm_id": 9789440016, "osm_type": "nodes" }, "geometry": { "type": "Point", "coordinates": [ 85.0530585, 26.9829858 ] } },
{ "type": "Feature", "properties": { "name": null, "amenity": "school", "addr_city": null, "osm_id": 6307440781, "osm_type": "nodes" }, "geometry": { "type": "Point", "coordinates": [ 85.052404, 26.9822353 ] } },
{ "type": "Feature", "properties": { "name": "Shree Nepal Rastriya Secondary School, Balirampur", "amenity": "school", "addr_city": null, "osm_id": 9789356089, "osm_type": "nodes" }, "geometry": { "type": "Point", "coordinates": [ 84.8791504, 26.985445 ] } },
{ "type": "Feature", "properties": { "name": "Sahid Lalbabu Das Primary School", "amenity": "school", "addr_city": null, "osm_id": 9789808066, "osm_type": "nodes" }, "geometry": { "type": "Point", "coordinates": [ 85.3380432, 26.9850368 ] } },
{ "type": "Feature", "properties": { "name": "Shree Secondary School", "amenity": "school", "addr_city": null, "osm_id": 9789808063, "osm_type": "nodes" }, "geometry": { "type": "Point", "coordinates": [ 85.3385232, 26.9824321 ] } },
{ "type": "Feature", "properties": { "name": "Life Public English Boarding School", "amenity": "school", "addr_city": null, "osm_id": 9789808061, "osm_type": "nodes" }, "geometry": { "type": "Point", "coordinates": [ 85.3357575, 26.9819523 ] } },
{ "type": "Feature", "properties": { "name": "Shree Janata Primary School, KhoriyaTol", "amenity": "school", "addr_city": null, "osm_id": 11994130182, "osm_type": "nodes" }, "geometry": { "type": "Point", "coordinates": [ 85.6275648, 26.9820381 ] } },
{ "type": "Feature", "properties": { "name": "Maktab Reyazul Uloom MADARSA", "amenity": "school", "addr_city": null, "osm_id": 9789356084, "osm_type": "nodes" }, "geometry": { "type": "Point", "coordinates": [ 84.919693, 26.98036 ] } },
{ "type": "Feature", "properties": { "name": "Shree jankalyan primary school", "amenity": "school", "addr_city": null, "osm_id": 9789756644, "osm_type": "nodes" }, "geometry": { "type": "Point", "coordinates": [ 85.2657166, 26.9803486 ] } },
{ "type": "Feature", "properties": { "name": "Shree Janashakti Primary School, Bela", "amenity": "school", "addr_city": null, "osm_id": 11993988053, "osm_type": "nodes" }, "geometry": { "type": "Point", "coordinates": [ 85.5988692, 26.9779447 ] } },
{ "type": "Feature", "properties": { "name": "Shree Nepal Rastriya Aadhrabhut School", "amenity": "school", "addr_city": null, "osm_id": 9789419331, "osm_type": "nodes" }, "geometry": { "type": "Point", "coordinates": [ 84.9553036, 26.9825849 ] } },
{ "type": "Feature", "properties": { "name": "Shree Himal Academy Residential School", "amenity": "school", "addr_city": null, "osm_id": 9789808069, "osm_type": "nodes" }, "geometry": { "type": "Point", "coordinates": [ 85.3210794, 26.9679179 ] } },
{ "type": "Feature", "properties": { "name": "Yatim Khana Nurul Islam, Chhatwa", "amenity": "school", "addr_city": null, "osm_id": 9789356077, "osm_type": "nodes" }, "geometry": { "type": "Point", "coordinates": [ 84.9345932, 26.9681473 ] } },
{ "type": "Feature", "properties": { "name": "Shree Narayan Pra Wi", "amenity": "school", "addr_city": null, "osm_id": 9789419336, "osm_type": "nodes" }, "geometry": { "type": "Point", "coordinates": [ 84.924736, 26.9917164 ] } },
{ "type": "Feature", "properties": { "name": "Jiwan Dan Academy English Medium School", "amenity": "school", "addr_city": null, "osm_id": 9789419332, "osm_type": "nodes" }, "geometry": { "type": "Point", "coordinates": [ 84.9343338, 26.9937935 ] } },
{ "type": "Feature", "properties": { "name": "Shree Acnchit Madayamik School", "amenity": "school", "addr_city": null, "osm_id": 9789419333, "osm_type": "nodes" }, "geometry": { "type": "Point", "coordinates": [ 84.9237366, 26.9844227 ] } },
{ "type": "Feature", "properties": { "name": "Shree Ne Ra Pra bi", "amenity": "school", "addr_city": null, "osm_id": 9789419334, "osm_type": "nodes" }, "geometry": { "type": "Point", "coordinates": [ 84.9324265, 26.9933186 ] } },
{ "type": "Feature", "properties": { "name": "Shree Ne.Ra.Ma.Bi", "amenity": "school", "addr_city": null, "osm_id": 9789419342, "osm_type": "nodes" }, "geometry": { "type": "Point", "coordinates": [ 84.9372101, 26.9977436 ] } },
{ "type": "Feature", "properties": { "name": "Yatim Khana Nurul Islam, Chhatwa", "amenity": "school", "addr_city": null, "osm_id": 9789356077, "osm_type": "nodes" }, "geometry": { "type": "Point", "coordinates": [ 84.9345932, 26.9681473 ] } },
{ "type": "Feature", "properties": { "name": "Nepal Rastriya Umesh Nilam Basic School", "amenity": "school", "addr_city": null, "osm_id": 9789396396, "osm_type": "nodes" }, "geometry": { "type": "Point", "coordinates": [ 85.1164897, 26.969688 ] } },
{ "type": "Feature", "properties": { "name": "Shree Madan Aashrit Basic School", "amenity": "school", "addr_city": null, "osm_id": 9793990077, "osm_type": "nodes" }, "geometry": { "type": "Point", "coordinates": [ 85.9200134, 26.9640636 ] } },
{ "type": "Feature", "properties": { "name": "Srhee Sarwajanik Prathamik Bidhalay Nilakanthawa", "amenity": "school", "addr_city": null, "osm_id": 9784731826, "osm_type": "nodes" }, "geometry": { "type": "Point", "coordinates": [ 84.9663849, 26.962471 ] } },
{ "type": "Feature", "properties": { "name": "Shree.Ne.Ra.Ma.Bi", "amenity": "school", "addr_city": null, "osm_id": 9784731871, "osm_type": "nodes" }, "geometry": { "type": "Point", "coordinates": [ 84.9838943, 26.9597626 ] } },
{ "type": "Feature", "properties": { "name": "Shree Nepal Rastriya Aadharbhut School", "amenity": "school", "addr_city": null, "osm_id": 9789439999, "osm_type": "nodes" }, "geometry": { "type": "Point", "coordinates": [ 85.0407333, 26.9616871 ] } },
{ "type": "Feature", "properties": { "name": "Shree Ram janki Adharbhut Bidhlaya", "amenity": "school", "addr_city": null, "osm_id": 9789440012, "osm_type": "nodes" }, "geometry": { "type": "Point", "coordinates": [ 85.0490208, 26.9626778 ] } },
{ "type": "Feature", "properties": { "name": "Shri Saraswati Academy", "amenity": "school", "addr_city": null, "osm_id": 9789396397, "osm_type": "nodes" }, "geometry": { "type": "Point", "coordinates": [ 85.11356, 26.9565979 ] } },
{ "type": "Feature", "properties": { "name": "Madhya Rautahat Residential English Boarding School", "amenity": "school", "addr_city": null, "osm_id": 9789756648, "osm_type": "nodes" }, "geometry": { "type": "Point", "coordinates": [ 85.2935013, 26.9568489 ] } },
{ "type": "Feature", "properties": { "name": "Janata Secondary School", "amenity": "school", "addr_city": null, "osm_id": 11994645063, "osm_type": "nodes" }, "geometry": { "type": "Point", "coordinates": [ 85.5859637, 26.9568851 ] } },
{ "type": "Feature", "properties": { "name": "Shree Nepal Adharbhut School", "amenity": "school", "addr_city": null, "osm_id": 9784731830, "osm_type": "nodes" }, "geometry": { "type": "Point", "coordinates": [ 85.0110092, 26.9834595 ] } },
{ "type": "Feature", "properties": { "name": "Shree Nepal Rastriya Primary School", "amenity": "school", "addr_city": null, "osm_id": 9789419373, "osm_type": "nodes" }, "geometry": { "type": "Point", "coordinates": [ 85.1484451, 26.9602585 ] } },
{ "type": "Feature", "properties": { "name": "Shree Ram Charitra High School", "amenity": "school", "addr_city": null, "osm_id": 9789419380, "osm_type": "nodes" }, "geometry": { "type": "Point", "coordinates": [ 85.1340996, 26.9454161 ] } },
{ "type": "Feature", "properties": { "name": "Shree Primary School, Geruka Tol", "amenity": "school", "addr_city": null, "osm_id": 11994633755, "osm_type": "nodes" }, "geometry": { "type": "Point", "coordinates": [ 85.5794567, 26.95196 ] } },
{ "type": "Feature", "properties": { "name": "Shree Saraswati Primary School", "amenity": "school", "addr_city": null, "osm_id": 9789808086, "osm_type": "nodes" }, "geometry": { "type": "Point", "coordinates": [ 85.3050995, 26.9582825 ] } },
{ "type": "Feature", "properties": { "name": "Civil English School", "amenity": "school", "addr_city": null, "osm_id": 9789808078, "osm_type": "nodes" }, "geometry": { "type": "Point", "coordinates": [ 85.3169708, 26.9543247 ] } },
{ "type": "Feature", "properties": { "name": "Shree Janata Secondary School, Sokhana", "amenity": "school", "addr_city": null, "osm_id": 11993731289, "osm_type": "nodes" }, "geometry": { "type": "Point", "coordinates": [ 85.6806886, 26.9465899 ] } },
{ "type": "Feature", "properties": { "name": "Shree Nepal secondary school Vatiniya Bara Nepal", "amenity": "school", "addr_city": null, "osm_id": 9789419374, "osm_type": "nodes" }, "geometry": { "type": "Point", "coordinates": [ 85.1507874, 26.9409657 ] } },
{ "type": "Feature", "properties": { "name": "Shree Pashupati Primary School", "amenity": "school", "addr_city": null, "osm_id": 9789808077, "osm_type": "nodes" }, "geometry": { "type": "Point", "coordinates": [ 85.3360367, 26.9456577 ] } },
{ "type": "Feature", "properties": { "name": "Majhariya Secondary School", "amenity": "school", "addr_city": null, "osm_id": 11968276801, "osm_type": "nodes" }, "geometry": { "type": "Point", "coordinates": [ 85.0418159, 26.9439909 ] } },
{ "type": "Feature", "properties": { "name": "Rabi Nera Pra Bi", "amenity": "school", "addr_city": null, "osm_id": 9789455222, "osm_type": "nodes" }, "geometry": { "type": "Point", "coordinates": [ 85.0641556, 26.9418449 ] } },
{ "type": "Feature", "properties": { "name": "Maktabi Al Darood", "amenity": "school", "addr_city": null, "osm_id": 9789419370, "osm_type": "nodes" }, "geometry": { "type": "Point", "coordinates": [ 85.1326828, 26.9395599 ] } },
{ "type": "Feature", "properties": { "name": "Mahendra Memorial English Boarding School", "amenity": "school", "addr_city": null, "osm_id": 9789419377, "osm_type": "nodes" }, "geometry": { "type": "Point", "coordinates": [ 85.1330719, 26.9445343 ] } },
{ "type": "Feature", "properties": { "name": "Shree Janata Secondary School", "amenity": "school", "addr_city": null, "osm_id": 9789725990, "osm_type": "nodes" }, "geometry": { "type": "Point", "coordinates": [ 85.1825333, 26.9379292 ] } },
{ "type": "Feature", "properties": { "name": "Madarsha Parshurampur", "amenity": "school", "addr_city": null, "osm_id": 11968232439, "osm_type": "nodes" }, "geometry": { "type": "Point", "coordinates": [ 85.0445464, 26.9304112 ] } },
{ "type": "Feature", "properties": { "name": "Madarsha Visba", "amenity": "school", "addr_city": null, "osm_id": 11968275099, "osm_type": "nodes" }, "geometry": { "type": "Point", "coordinates": [ 85.0438598, 26.9336084 ] } },
{ "type": "Feature", "properties": { "name": "Nepal Rastriya Secondary School, Bahuwarba", "amenity": "school", "addr_city": null, "osm_id": 11968257500, "osm_type": "nodes" }, "geometry": { "type": "Point", "coordinates": [ 84.9995577, 26.930813 ] } },
{ "type": "Feature", "properties": { "name": "Madarsha Deowapur", "amenity": "school", "addr_city": null, "osm_id": 11968250275, "osm_type": "nodes" }, "geometry": { "type": "Point", "coordinates": [ 85.000695, 26.9287708 ] } },
{ "type": "Feature", "properties": { "name": "Ripple Academy Sarlahi", "amenity": "school", "addr_city": null, "osm_id": 9791753436, "osm_type": "nodes" }, "geometry": { "type": "Point", "coordinates": [ 85.5024559, 26.9309228 ] } },
{ "type": "Feature", "properties": { "name": "Shree Rashnarayan Basic School", "amenity": "school", "addr_city": null, "osm_id": 9791753445, "osm_type": "nodes" }, "geometry": { "type": "Point", "coordinates": [ 85.5020246, 26.9298113 ] } },
{ "type": "Feature", "properties": { "name": "Shree Prem Jyoti Public English Boarding School", "amenity": "school", "addr_city": null, "osm_id": 9789808091, "osm_type": "nodes" }, "geometry": { "type": "Point", "coordinates": [ 85.3027267, 26.9238815 ] } },
{ "type": "Feature", "properties": { "name": "Pothiyahi Primary School", "amenity": "school", "addr_city": null, "osm_id": 9789808081, "osm_type": "nodes" }, "geometry": { "type": "Point", "coordinates": [ 85.2933114, 26.933567 ] } },
{ "type": "Feature", "properties": { "name": "Shree Nepal Rastriya High School", "amenity": "school", "addr_city": null, "osm_id": 9789419348, "osm_type": "nodes" }, "geometry": { "type": "Point", "coordinates": [ 85.1606522, 26.9272251 ] } },
{ "type": "Feature", "properties": { "name": "Diamond Boarding School", "amenity": "school", "addr_city": null, "osm_id": 9789419349, "osm_type": "nodes" }, "geometry": { "type": "Point", "coordinates": [ 85.1576538, 26.9291458 ] } },
{ "type": "Feature", "properties": { "name": "S. S. Memorial English Boarding School", "amenity": "school", "addr_city": null, "osm_id": 9789419351, "osm_type": "nodes" }, "geometry": { "type": "Point", "coordinates": [ 85.1575012, 26.9313183 ] } },
{ "type": "Feature", "properties": { "name": "Prince English Boarding school paterwa", "amenity": "school", "addr_city": null, "osm_id": 9789419352, "osm_type": "nodes" }, "geometry": { "type": "Point", "coordinates": [ 85.1630628, 26.927614 ] } },
{ "type": "Feature", "properties": { "name": "Shree Rastriya Basic School", "amenity": "school", "addr_city": null, "osm_id": 9793990072, "osm_type": "nodes" }, "geometry": { "type": "Point", "coordinates": [ 85.9749451, 26.9250851 ] } },
{ "type": "Feature", "properties": { "name": "Shree Ram Janaki Secondary School", "amenity": "school", "addr_city": null, "osm_id": 11993622688, "osm_type": "nodes" }, "geometry": { "type": "Point", "coordinates": [ 85.6959262, 26.9185352 ] } },
{ "type": "Feature", "properties": { "name": "Al Jamiatul Hansifiatul", "amenity": "school", "addr_city": null, "osm_id": 11993636986, "osm_type": "nodes" }, "geometry": { "type": "Point", "coordinates": [ 85.6948346, 26.9207163 ] } },
{ "type": "Feature", "properties": { "name": "The Rising Purnima English Boarding School", "amenity": "school", "addr_city": null, "osm_id": 9789419353, "osm_type": "nodes" }, "geometry": { "type": "Point", "coordinates": [ 85.1652145, 26.9205437 ] } },
{ "type": "Feature", "properties": { "name": "Siwan Phuniya Devi Janata Secondary School", "amenity": "school", "addr_city": null, "osm_id": 11994505050, "osm_type": "nodes" }, "geometry": { "type": "Point", "coordinates": [ 85.6342368, 26.9126111 ] } },
{ "type": "Feature", "properties": { "name": "Shree Rastriya Basic School", "amenity": "school", "addr_city": null, "osm_id": 9793990037, "osm_type": "nodes" }, "geometry": { "type": "Point", "coordinates": [ 85.98806, 26.9092312 ] } },
{ "type": "Feature", "properties": { "name": "Ram Janaki Basic School", "amenity": "school", "addr_city": null, "osm_id": 11993609586, "osm_type": "nodes" }, "geometry": { "type": "Point", "coordinates": [ 85.6819251, 26.9127199 ] } },
{ "type": "Feature", "properties": { "name": "Madarsa Gaushiya School", "amenity": "school", "addr_city": null, "osm_id": 11993616662, "osm_type": "nodes" }, "geometry": { "type": "Point", "coordinates": [ 85.668844, 26.9051152 ] } },
{ "type": "Feature", "properties": { "name": "Shree Rastriya Maharani Primary School", "amenity": "school", "addr_city": null, "osm_id": 11993638604, "osm_type": "nodes" }, "geometry": { "type": "Point", "coordinates": [ 85.6711265, 26.9088369 ] } },
{ "type": "Feature", "properties": { "name": "Shree Janata Secondary School", "amenity": "school", "addr_city": null, "osm_id": 9793990046, "osm_type": "nodes" }, "geometry": { "type": "Point", "coordinates": [ 85.9590683, 26.9077873 ] } },
{ "type": "Feature", "properties": { "name": "Shree Shankar Nepal Rastriya Primary School", "amenity": "school", "addr_city": null, "osm_id": 9789449350, "osm_type": "nodes" }, "geometry": { "type": "Point", "coordinates": [ 85.1512375, 26.9245338 ] } },
{ "type": "Feature", "properties": { "name": "Shree Laghuwa Primary School", "amenity": "school", "addr_city": null, "osm_id": 11994646001, "osm_type": "nodes" }, "geometry": { "type": "Point", "coordinates": [ 85.5694172, 26.9609924 ] } },
{ "type": "Feature", "properties": { "name": "Shree Secondary School", "amenity": "school", "addr_city": null, "osm_id": 9789725996, "osm_type": "nodes" }, "geometry": { "type": "Point", "coordinates": [ 85.2016449, 26.9092407 ] } },
{ "type": "Feature", "properties": { "name": "Sunrise English Boarding School", "amenity": "school", "addr_city": null, "osm_id": 9789725997, "osm_type": "nodes" }, "geometry": { "type": "Point", "coordinates": [ 85.1984406, 26.90588 ] } },
{ "type": "Feature", "properties": { "name": "Gyan Jyoti English Boarding School", "amenity": "school", "addr_city": null, "osm_id": 9789725999, "osm_type": "nodes" }, "geometry": { "type": "Point", "coordinates": [ 85.2019567, 26.9103245 ] } },
{ "type": "Feature", "properties": { "name": "Shree Basic School", "amenity": "school", "addr_city": null, "osm_id": 9789726002, "osm_type": "nodes" }, "geometry": { "type": "Point", "coordinates": [ 85.2020874, 26.9199543 ] } },
{ "type": "Feature", "properties": { "name": "Maulapur Multi Technical School", "amenity": "school", "addr_city": null, "osm_id": 9789726004, "osm_type": "nodes" }, "geometry": { "type": "Point", "coordinates": [ 85.1952972, 26.9263973 ] } },
{ "type": "Feature", "properties": { "name": "Shree Harkathaba Primary School", "amenity": "school", "addr_city": null, "osm_id": 11994669494, "osm_type": "nodes" }, "geometry": { "type": "Point", "coordinates": [ 85.4151016, 26.904333 ] } },
{ "type": "Feature", "properties": { "name": "Shree Kheharu Chaudharin Janata Primary School", "amenity": "school", "addr_city": null, "osm_id": 11993636987, "osm_type": "nodes" }, "geometry": { "type": "Point", "coordinates": [ 85.688868, 26.9039922 ] } },
{ "type": "Feature", "properties": { "name": "Nepal Rastriya Secondary School, Sanphulwa", "amenity": "school", "addr_city": null, "osm_id": 11968236653, "osm_type": "nodes" }, "geometry": { "type": "Point", "coordinates": [ 85.0038908, 26.9022855 ] } },
{ "type": "Feature", "properties": { "name": "Nepal Rastriya Secondary School, Sanphulwa", "amenity": "school", "addr_city": null, "osm_id": 11968236653, "osm_type": "nodes" }, "geometry": { "type": "Point", "coordinates": [ 85.0038908, 26.9022855 ] } },
{ "type": "Feature", "properties": { "name": "Hoste Hanse Public School", "amenity": "school", "addr_city": null, "osm_id": 9791753443, "osm_type": "nodes" }, "geometry": { "type": "Point", "coordinates": [ 85.5098343, 26.9042931 ] } },
{ "type": "Feature", "properties": { "name": "Shree Janata Secondary School", "amenity": "school", "addr_city": null, "osm_id": 9791753429, "osm_type": "nodes" }, "geometry": { "type": "Point", "coordinates": [ 85.5324478, 26.8974724 ] } },
{ "type": "Feature", "properties": { "name": "Sarswati English Boarding School", "amenity": "school", "addr_city": null, "osm_id": 9791753430, "osm_type": "nodes" }, "geometry": { "type": "Point", "coordinates": [ 85.5322723, 26.8965874 ] } },
{ "type": "Feature", "properties": { "name": "Pancheshwar Nath Boarding School", "amenity": "school", "addr_city": null, "osm_id": 9791753432, "osm_type": "nodes" }, "geometry": { "type": "Point", "coordinates": [ 85.5324936, 26.8979282 ] } },
{ "type": "Feature", "properties": { "name": "Shree Janata Secondary School", "amenity": "school", "addr_city": null, "osm_id": 9791753442, "osm_type": "nodes" }, "geometry": { "type": "Point", "coordinates": [ 85.4882736, 26.9038906 ] } },
{ "type": "Feature", "properties": { "name": "Shree Shiva Parbati Nepal Rastriya Primary School", "amenity": "school", "addr_city": null, "osm_id": 9789449349, "osm_type": "nodes" }, "geometry": { "type": "Point", "coordinates": [ 85.1324081, 26.921154 ] } },
{ "type": "Feature", "properties": { "name": "Shri Nepal National Primary School", "amenity": "school", "addr_city": null, "osm_id": 9789455247, "osm_type": "nodes" }, "geometry": { "type": "Point", "coordinates": [ 85.1334991, 26.9032326 ] } },
{ "type": "Feature", "properties": { "name": "Jitrula Ansari Aadharbhut Bidhyalaya", "amenity": "school", "addr_city": null, "osm_id": 9789455248, "osm_type": "nodes" }, "geometry": { "type": "Point", "coordinates": [ 85.1256332, 26.9074268 ] } },
{ "type": "Feature", "properties": { "name": "Shree Nepal Loktantrik Primary School", "amenity": "school", "addr_city": null, "osm_id": 9789449346, "osm_type": "nodes" }, "geometry": { "type": "Point", "coordinates": [ 85.1241455, 26.9174118 ] } },
{ "type": "Feature", "properties": { "name": "Shree Nepal Rastriya Primary School", "amenity": "school", "addr_city": null, "osm_id": 9789449344, "osm_type": "nodes" }, "geometry": { "type": "Point", "coordinates": [ 85.129921, 26.901413 ] } },
{ "type": "Feature", "properties": { "name": "Shree Poshanlaljit Nepal Rastriya Secondary School", "amenity": "school", "addr_city": null, "osm_id": 9789449345, "osm_type": "nodes" }, "geometry": { "type": "Point", "coordinates": [ 85.1293411, 26.9149323 ] } },
{ "type": "Feature", "properties": { "name": "Shree Mera Primary School", "amenity": "school", "addr_city": null, "osm_id": 9789449361, "osm_type": "nodes" }, "geometry": { "type": "Point", "coordinates": [ 85.1174243, 26.9040306 ] } },
{ "type": "Feature", "properties": { "name": "Shree Nepal Rastriya Basic School", "amenity": "school", "addr_city": null, "osm_id": 9789449367, "osm_type": "nodes" }, "geometry": { "type": "Point", "coordinates": [ 85.1615524, 26.8918858 ] } },
{ "type": "Feature", "properties": { "name": "Child Development English Boarding School", "amenity": "school", "addr_city": null, "osm_id": 9789449368, "osm_type": "nodes" }, "geometry": { "type": "Point", "coordinates": [ 85.1625977, 26.8926086 ] } },
{ "type": "Feature", "properties": { "name": "Shree Janta Secondary School", "amenity": "school", "addr_city": null, "osm_id": 9789449369, "osm_type": "nodes" }, "geometry": { "type": "Point", "coordinates": [ 85.1627197, 26.8966885 ] } },
{ "type": "Feature", "properties": { "name": "Rajindra Secondary English Boarding School", "amenity": "school", "addr_city": null, "osm_id": 9789449342, "osm_type": "nodes" }, "geometry": { "type": "Point", "coordinates": [ 85.1624832, 26.8951569 ] } },
{ "type": "Feature", "properties": { "name": "Balbikash Secondary School", "amenity": "school", "addr_city": null, "osm_id": 9789449343, "osm_type": "nodes" }, "geometry": { "type": "Point", "coordinates": [ 85.1630732, 26.893615 ] } },
{ "type": "Feature", "properties": { "name": "Shree Dalit Janata Primary School", "amenity": "school", "addr_city": null, "osm_id": 11993603947, "osm_type": "nodes" }, "geometry": { "type": "Point", "coordinates": [ 85.6775558, 26.8992621 ] } },
{ "type": "Feature", "properties": { "name": "Shiv Om Secondary Academy", "amenity": "school", "addr_city": null, "osm_id": 11993640573, "osm_type": "nodes" }, "geometry": { "type": "Point", "coordinates": [ 85.6753349, 26.8995898 ] } },
{ "type": "Feature", "properties": { "name": "Shree Sonphil Primary School, Salesh Pokhari", "amenity": "school", "addr_city": null, "osm_id": 11993600860, "osm_type": "nodes" }, "geometry": { "type": "Point", "coordinates": [ 85.685302, 26.8951669 ] } },
{ "type": "Feature", "properties": { "name": "Chirayu Pathsala school", "amenity": "school", "addr_city": null, "osm_id": 9793987188, "osm_type": "nodes" }, "geometry": { "type": "Point", "coordinates": [ 86.0856476, 26.8920631 ] } },
{ "type": "Feature", "properties": { "name": "Children Learning English Bo. School", "amenity": "school", "addr_city": null, "osm_id": 9793987194, "osm_type": "nodes" }, "geometry": { "type": "Point", "coordinates": [ 86.0874176, 26.8920574 ] } },
{ "type": "Feature", "properties": { "name": "Shree Janta Jayswal Higher Secondary School", "amenity": "school", "addr_city": null, "osm_id": 9793987207, "osm_type": "nodes" }, "geometry": { "type": "Point", "coordinates": [ 86.1135483, 26.892767 ] } },
{ "type": "Feature", "properties": { "name": "Shree Narayan Hari Secondary School", "amenity": "school", "addr_city": null, "osm_id": 11994889156, "osm_type": "nodes" }, "geometry": { "type": "Point", "coordinates": [ 85.4620618, 26.8886818 ] } },
{ "type": "Feature", "properties": { "name": "Shree Secondary School", "amenity": "school", "addr_city": null, "osm_id": 9794007048, "osm_type": "nodes" }, "geometry": { "type": "Point", "coordinates": [ 85.9947357, 26.889185 ] } },
{ "type": "Feature", "properties": { "name": "Crimson English Boarding School", "amenity": "school", "addr_city": null, "osm_id": 9794007050, "osm_type": "nodes" }, "geometry": { "type": "Point", "coordinates": [ 85.9938889, 26.8897629 ] } },
{ "type": "Feature", "properties": { "name": "Shree Janata Basic School", "amenity": "school", "addr_city": null, "osm_id": 9791753424, "osm_type": "nodes" }, "geometry": { "type": "Point", "coordinates": [ 85.5005569, 26.8884811 ] } },
{ "type": "Feature", "properties": { "name": "Sundarpur Madarsa School", "amenity": "school", "addr_city": null, "osm_id": 9791753438, "osm_type": "nodes" }, "geometry": { "type": "Point", "coordinates": [ 85.4958115, 26.8837452 ] } },
{ "type": "Feature", "properties": { "name": "Madarsa Islamiya Hidaytul Muslemin", "amenity": "school", "addr_city": null, "osm_id": 9791753434, "osm_type": "nodes" }, "geometry": { "type": "Point", "coordinates": [ 85.4964142, 26.8835297 ] } },
{ "type": "Feature", "properties": { "name": "Faijane Mustafa School", "amenity": "school", "addr_city": null, "osm_id": 11994507459, "osm_type": "nodes" }, "geometry": { "type": "Point", "coordinates": [ 85.5896196, 26.8845934 ] } },
{ "type": "Feature", "properties": { "name": "Utthan Primary School", "amenity": "school", "addr_city": null, "osm_id": 11994512687, "osm_type": "nodes" }, "geometry": { "type": "Point", "coordinates": [ 85.588593, 26.8845419 ] } },
{ "type": "Feature", "properties": { "name": "Shree Basudev Primary School", "amenity": "school", "addr_city": null, "osm_id": 11994437438, "osm_type": "nodes" }, "geometry": { "type": "Point", "coordinates": [ 85.6667894, 26.8834498 ] } },
{ "type": "Feature", "properties": { "name": "Shree Balmiki Basic School", "amenity": "school", "addr_city": null, "osm_id": 11994426948, "osm_type": "nodes" }, "geometry": { "type": "Point", "coordinates": [ 85.6640187, 26.8823541 ] } },
{ "type": "Feature", "properties": { "name": "New Modern Future EBS", "amenity": "school", "addr_city": null, "osm_id": 11994431441, "osm_type": "nodes" }, "geometry": { "type": "Point", "coordinates": [ 85.6643164, 26.8833015 ] } },
{ "type": "Feature", "properties": { "name": null, "amenity": "school", "addr_city": null, "osm_id": 5315501723, "osm_type": "nodes" }, "geometry": { "type": "Point", "coordinates": [ 86.0381059, 26.8837299 ] } },
{ "type": "Feature", "properties": { "name": "????????? ?????? ???????", "amenity": "school", "addr_city": null, "osm_id": 9791697825, "osm_type": "nodes" }, "geometry": { "type": "Point", "coordinates": [ 85.5532913, 26.8805676 ] } },
{ "type": "Feature", "properties": { "name": "???? ???????? ???? ??????? ??????", "amenity": "school", "addr_city": null, "osm_id": 9791697826, "osm_type": "nodes" }, "geometry": { "type": "Point", "coordinates": [ 85.551445, 26.8777409 ] } },
{ "type": "Feature", "properties": { "name": "Shree Jaldhar Kamaldev Secondary School", "amenity": "school", "addr_city": null, "osm_id": 11994557290, "osm_type": "nodes" }, "geometry": { "type": "Point", "coordinates": [ 85.5910626, 26.8924997 ] } },
{ "type": "Feature", "properties": { "name": "Anmol English Boarding School", "amenity": "school", "addr_city": null, "osm_id": 11994621897, "osm_type": "nodes" }, "geometry": { "type": "Point", "coordinates": [ 85.5879405, 26.9326854 ] } },
{ "type": "Feature", "properties": { "name": "Ram Janata Basic School", "amenity": "school", "addr_city": null, "osm_id": 11994507362, "osm_type": "nodes" }, "geometry": { "type": "Point", "coordinates": [ 85.6224364, 26.9607461 ] } },
{ "type": "Feature", "properties": { "name": "Madarsa Ishamiya School", "amenity": "school", "addr_city": null, "osm_id": 11994507116, "osm_type": "nodes" }, "geometry": { "type": "Point", "coordinates": [ 85.6319985, 26.9009149 ] } },
{ "type": "Feature", "properties": { "name": "Shree Thaga Pran Bihari Primary School", "amenity": "school", "addr_city": null, "osm_id": 11994599793, "osm_type": "nodes" }, "geometry": { "type": "Point", "coordinates": [ 85.598149, 26.9341393 ] } },
{ "type": "Feature", "properties": { "name": "Aditya Gyankunj EBS", "amenity": "school", "addr_city": null, "osm_id": 11994608756, "osm_type": "nodes" }, "geometry": { "type": "Point", "coordinates": [ 85.5972451, 26.9348028 ] } },
{ "type": "Feature", "properties": { "name": "Saraswati Primary School, Bhaktipur", "amenity": "school", "addr_city": null, "osm_id": 11993875640, "osm_type": "nodes" }, "geometry": { "type": "Point", "coordinates": [ 85.6403214, 26.9533036 ] } },
{ "type": "Feature", "properties": { "name": "Shree Janata Primary School", "amenity": "school", "addr_city": null, "osm_id": 11994575068, "osm_type": "nodes" }, "geometry": { "type": "Point", "coordinates": [ 85.6324035, 26.9388667 ] } },
{ "type": "Feature", "properties": { "name": "Shree Durga Saraswati English Boarding School", "amenity": "school", "addr_city": null, "osm_id": 11994584962, "osm_type": "nodes" }, "geometry": { "type": "Point", "coordinates": [ 85.6203282, 26.9129339 ] } },
{ "type": "Feature", "properties": { "name": "Janaki English Boarding School", "amenity": "school", "addr_city": null, "osm_id": 11994606090, "osm_type": "nodes" }, "geometry": { "type": "Point", "coordinates": [ 85.6096396, 26.9622857 ] } },
{ "type": "Feature", "properties": { "name": "Madarsa Razwiya Madina", "amenity": "school", "addr_city": null, "osm_id": 11994615499, "osm_type": "nodes" }, "geometry": { "type": "Point", "coordinates": [ 85.5990918, 26.9291976 ] } },
{ "type": "Feature", "properties": { "name": "Himalaya English Boarding School", "amenity": "school", "addr_city": null, "osm_id": 11993947183, "osm_type": "nodes" }, "geometry": { "type": "Point", "coordinates": [ 85.6423022, 26.956634 ] } },
{ "type": "Feature", "properties": { "name": "Shree Baliram English Boarding School", "amenity": "school", "addr_city": null, "osm_id": 11994490855, "osm_type": "nodes" }, "geometry": { "type": "Point", "coordinates": [ 85.6261539, 26.8908778 ] } },
{ "type": "Feature", "properties": { "name": "Gyan Jyoti Primary School", "amenity": "school", "addr_city": null, "osm_id": 11994574264, "osm_type": "nodes" }, "geometry": { "type": "Point", "coordinates": [ 85.6222366, 26.9680172 ] } },
{ "type": "Feature", "properties": { "name": "Modern English Boarding School", "amenity": "school", "addr_city": null, "osm_id": 11994512692, "osm_type": "nodes" }, "geometry": { "type": "Point", "coordinates": [ 85.6221119, 26.9616044 ] } },
{ "type": "Feature", "properties": { "name": "Shree Primary School, Mohangunj", "amenity": "school", "addr_city": null, "osm_id": 11994586950, "osm_type": "nodes" }, "geometry": { "type": "Point", "coordinates": [ 85.6364858, 26.9282303 ] } },
{ "type": "Feature", "properties": { "name": "Marichman Singh Janata Secondary School", "amenity": "school", "addr_city": null, "osm_id": 11994585582, "osm_type": "nodes" }, "geometry": { "type": "Point", "coordinates": [ 85.6191426, 26.9140389 ] } },
{ "type": "Feature", "properties": { "name": "Shree Utpidit Samudayik Vidyalaya", "amenity": "school", "addr_city": null, "osm_id": 11994596143, "osm_type": "nodes" }, "geometry": { "type": "Point", "coordinates": [ 85.6118122, 26.9164449 ] } },
{ "type": "Feature", "properties": { "name": "Janata Primary School, Mohangunj", "amenity": "school", "addr_city": null, "osm_id": 11993895519, "osm_type": "nodes" }, "geometry": { "type": "Point", "coordinates": [ 85.6438994, 26.9408131 ] } },
{ "type": "Feature", "properties": { "name": "Dalit Primary School, Shankargunj", "amenity": "school", "addr_city": null, "osm_id": 11993906328, "osm_type": "nodes" }, "geometry": { "type": "Point", "coordinates": [ 85.6532416, 26.9430799 ] } },
{ "type": "Feature", "properties": { "name": "Janata Primary School, Pokharaiya", "amenity": "school", "addr_city": null, "osm_id": 11993665967, "osm_type": "nodes" }, "geometry": { "type": "Point", "coordinates": [ 85.6636351, 26.9448636 ] } },
{ "type": "Feature", "properties": { "name": "Madarsa Aanfiya Faijul Islam", "amenity": "school", "addr_city": null, "osm_id": 11993665968, "osm_type": "nodes" }, "geometry": { "type": "Point", "coordinates": [ 85.6632811, 26.9475559 ] } },
{ "type": "Feature", "properties": { "name": "Shree Primary School, Miyakhor", "amenity": "school", "addr_city": null, "osm_id": 11993732088, "osm_type": "nodes" }, "geometry": { "type": "Point", "coordinates": [ 85.6576994, 26.9721922 ] } },
{ "type": "Feature", "properties": { "name": "Madarsa Gulshane Bagdad School", "amenity": "school", "addr_city": null, "osm_id": 11994496681, "osm_type": "nodes" }, "geometry": { "type": "Point", "coordinates": [ 85.6412762, 26.8761482 ] } },
{ "type": "Feature", "properties": { "name": "Madarsa Gulsane Raja Phadi Parsa", "amenity": "school", "addr_city": null, "osm_id": 11994391352, "osm_type": "nodes" }, "geometry": { "type": "Point", "coordinates": [ 85.6435829, 26.8822752 ] } },
{ "type": "Feature", "properties": { "name": "Shree Rajdevi English Boarding School", "amenity": "school", "addr_city": null, "osm_id": 11994497830, "osm_type": "nodes" }, "geometry": { "type": "Point", "coordinates": [ 85.6445163, 26.8837489 ] } },
{ "type": "Feature", "properties": { "name": "Shree Public Secondary Parsa", "amenity": "school", "addr_city": null, "osm_id": 11994497555, "osm_type": "nodes" }, "geometry": { "type": "Point", "coordinates": [ 85.6432597, 26.8831915 ] } },
{ "type": "Feature", "properties": { "name": "Shree prathmik vidyalai kopwa", "amenity": "school", "addr_city": null, "osm_id": 9789702316, "osm_type": "nodes" }, "geometry": { "type": "Point", "coordinates": [ 85.2145869, 26.8747651 ] } },
{ "type": "Feature", "properties": { "name": "Janata Primary School", "amenity": "school", "addr_city": null, "osm_id": 11994885480, "osm_type": "nodes" }, "geometry": { "type": "Point", "coordinates": [ 85.4757276, 26.8773516 ] } },
{ "type": "Feature", "properties": { "name": "Sagarmatha English Boarding School", "amenity": "school", "addr_city": null, "osm_id": 9793990049, "osm_type": "nodes" }, "geometry": { "type": "Point", "coordinates": [ 85.9566345, 26.8767834 ] } },
{ "type": "Feature", "properties": { "name": "Shree Janta Aadharbhut Vidhyalay, Badhara Bhulke", "amenity": "school", "addr_city": null, "osm_id": 9766957286, "osm_type": "nodes" }, "geometry": { "type": "Point", "coordinates": [ 86.1787211, 26.8747449 ] } },
{ "type": "Feature", "properties": { "name": "Shree Baudhimai Nepal Rastriya School", "amenity": "school", "addr_city": null, "osm_id": 9789449355, "osm_type": "nodes" }, "geometry": { "type": "Point", "coordinates": [ 85.1025162, 26.8901882 ] } },
{ "type": "Feature", "properties": { "name": "Nepal Rastriya Basic School", "amenity": "school", "addr_city": null, "osm_id": 9789449357, "osm_type": "nodes" }, "geometry": { "type": "Point", "coordinates": [ 85.1027222, 26.877861 ] } },
{ "type": "Feature", "properties": { "name": "Shree Basic School, Kabilashi", "amenity": "school", "addr_city": null, "osm_id": 11994426517, "osm_type": "nodes" }, "geometry": { "type": "Point", "coordinates": [ 85.6549783, 26.8756194 ] } },
{ "type": "Feature", "properties": { "name": "Madarsha Arbia Tajwedul Quran Nijame Majid", "amenity": "school", "addr_city": null, "osm_id": 9789449372, "osm_type": "nodes" }, "geometry": { "type": "Point", "coordinates": [ 85.1303329, 26.8873367 ] } },
{ "type": "Feature", "properties": { "name": "New Gurukul Lower Secondary English Boarding School", "amenity": "school", "addr_city": null, "osm_id": 9789449375, "osm_type": "nodes" }, "geometry": { "type": "Point", "coordinates": [ 85.1312103, 26.8863564 ] } },
{ "type": "Feature", "properties": { "name": "Shree Nepal National Primary School", "amenity": "school", "addr_city": null, "osm_id": 9789449376, "osm_type": "nodes" }, "geometry": { "type": "Point", "coordinates": [ 85.1332169, 26.8741302 ] } },
{ "type": "Feature", "properties": { "name": "Kankali Secondary School", "amenity": "school", "addr_city": null, "osm_id": 9789449378, "osm_type": "nodes" }, "geometry": { "type": "Point", "coordinates": [ 85.1322632, 26.8858871 ] } },
{ "type": "Feature", "properties": { "name": "M.S Academy School", "amenity": "school", "addr_city": null, "osm_id": 9789449380, "osm_type": "nodes" }, "geometry": { "type": "Point", "coordinates": [ 85.1274567, 26.884449 ] } },
{ "type": "Feature", "properties": { "name": "Sharda English Boarding School", "amenity": "school", "addr_city": null, "osm_id": 9789449382, "osm_type": "nodes" }, "geometry": { "type": "Point", "coordinates": [ 85.1292877, 26.8864479 ] } },
{ "type": "Feature", "properties": { "name": "Madarsha Arbia Asrfululum", "amenity": "school", "addr_city": null, "osm_id": 9789449374, "osm_type": "nodes" }, "geometry": { "type": "Point", "coordinates": [ 85.132576, 26.8784409 ] } },
{ "type": "Feature", "properties": { "name": "Shree Sekhauna Basic School", "amenity": "school", "addr_city": null, "osm_id": 11994656314, "osm_type": "nodes" }, "geometry": { "type": "Point", "coordinates": [ 85.4366411, 26.8701417 ] } },
{ "type": "Feature", "properties": { "name": "Shree Jurimai Janata Adharbhut Bidhyalaya", "amenity": "school", "addr_city": null, "osm_id": 9791774384, "osm_type": "nodes" }, "geometry": { "type": "Point", "coordinates": [ 85.8563385, 26.8861046 ] } },
{ "type": "Feature", "properties": { "name": "?? ??? ????? ????? ????? ??????? ??????", "amenity": "school", "addr_city": null, "osm_id": 9791774392, "osm_type": "nodes" }, "geometry": { "type": "Point", "coordinates": [ 85.8542786, 26.896225 ] } },
{ "type": "Feature", "properties": { "name": "Bhelahi Sagarmatha EBS", "amenity": "school", "addr_city": null, "osm_id": 11994501636, "osm_type": "nodes" }, "geometry": { "type": "Point", "coordinates": [ 85.5833888, 26.8719828 ] } },
{ "type": "Feature", "properties": { "name": "Shree Secondary school", "amenity": "school", "addr_city": null, "osm_id": 9793987200, "osm_type": "nodes" }, "geometry": { "type": "Point", "coordinates": [ 86.0890884, 26.8763485 ] } },
{ "type": "Feature", "properties": { "name": null, "amenity": "school", "addr_city": null, "osm_id": 5315480524, "osm_type": "nodes" }, "geometry": { "type": "Point", "coordinates": [ 86.0456327, 26.8699586 ] } },
{ "type": "Feature", "properties": { "name": "Baudhi Vidya Mandir English Boarding School", "amenity": "school", "addr_city": null, "osm_id": 11994419501, "osm_type": "nodes" }, "geometry": { "type": "Point", "coordinates": [ 85.6525442, 26.8672262 ] } },
{ "type": "Feature", "properties": { "name": "Shree Jan Kalyan Aadharbhut Vidhyalaya", "amenity": "school", "addr_city": null, "osm_id": 9766957287, "osm_type": "nodes" }, "geometry": { "type": "Point", "coordinates": [ 86.1907089, 26.8668268 ] } },
{ "type": "Feature", "properties": { "name": "Harrow English Boarding School", "amenity": "school", "addr_city": null, "osm_id": 9766957288, "osm_type": "nodes" }, "geometry": { "type": "Point", "coordinates": [ 86.1901013, 26.8666273 ] } },
{ "type": "Feature", "properties": { "name": "Shree Gambhira Brijkishor Secondary School", "amenity": "school", "addr_city": null, "osm_id": 9789396402, "osm_type": "nodes" }, "geometry": { "type": "Point", "coordinates": [ 85.1029458, 27.0080345 ] } },
{ "type": "Feature", "properties": { "name": "Shree Nepal Ratriya N.M.School", "amenity": "school", "addr_city": null, "osm_id": 9789419356, "osm_type": "nodes" }, "geometry": { "type": "Point", "coordinates": [ 85.107254, 26.9252892 ] } },
{ "type": "Feature", "properties": { "name": "open Mind Academy Aadarsh Kotwal-8-Bara", "amenity": "school", "addr_city": null, "osm_id": 9789419357, "osm_type": "nodes" }, "geometry": { "type": "Point", "coordinates": [ 85.1098938, 26.9240913 ] } },
{ "type": "Feature", "properties": { "name": "Nepal Ratriya Prathamik Bidhyalaya", "amenity": "school", "addr_city": null, "osm_id": 9789419360, "osm_type": "nodes" }, "geometry": { "type": "Point", "coordinates": [ 85.1094818, 26.9302139 ] } },
{ "type": "Feature", "properties": { "name": "Madarsa Talimul Quran", "amenity": "school", "addr_city": null, "osm_id": 9789419362, "osm_type": "nodes" }, "geometry": { "type": "Point", "coordinates": [ 85.1100845, 26.9204941 ] } },
{ "type": "Feature", "properties": { "name": "Jame Ilamiya Masjid", "amenity": "school", "addr_city": null, "osm_id": 9789419363, "osm_type": "nodes" }, "geometry": { "type": "Point", "coordinates": [ 85.112854, 26.9371662 ] } },
{ "type": "Feature", "properties": { "name": "Shree Nera Pra.Wi", "amenity": "school", "addr_city": null, "osm_id": 9789419376, "osm_type": "nodes" }, "geometry": { "type": "Point", "coordinates": [ 85.1145477, 26.9412155 ] } },
{ "type": "Feature", "properties": { "name": "Shree Nepal Rastriya Primary School", "amenity": "school", "addr_city": null, "osm_id": 9789419379, "osm_type": "nodes" }, "geometry": { "type": "Point", "coordinates": [ 85.1276398, 26.9296761 ] } },
{ "type": "Feature", "properties": { "name": "Shree Nepal Rastriya Adharvuta Bidhyalaya", "amenity": "school", "addr_city": null, "osm_id": 9789455228, "osm_type": "nodes" }, "geometry": { "type": "Point", "coordinates": [ 85.0898514, 26.9695625 ] } },
{ "type": "Feature", "properties": { "name": "Shree Janta Aadharbhut Vidhyalay Bagaha", "amenity": "school", "addr_city": null, "osm_id": 9766957297, "osm_type": "nodes" }, "geometry": { "type": "Point", "coordinates": [ 86.1951273, 26.8609695 ] } },
{ "type": "Feature", "properties": { "name": "???? ????? ??. ??.", "amenity": "school", "addr_city": null, "osm_id": 8805700436, "osm_type": "nodes" }, "geometry": { "type": "Point", "coordinates": [ 85.4599991, 26.8565831 ] } },
{ "type": "Feature", "properties": { "name": "Madarsa Islamiya School", "amenity": "school", "addr_city": null, "osm_id": 11994855167, "osm_type": "nodes" }, "geometry": { "type": "Point", "coordinates": [ 85.4625285, 26.8605636 ] } },
{ "type": "Feature", "properties": { "name": "Narayan Secondary School, Gorhanna", "amenity": "school", "addr_city": null, "osm_id": 11993504283, "osm_type": "nodes" }, "geometry": { "type": "Point", "coordinates": [ 85.8319008, 26.8576599 ] } },
{ "type": "Feature", "properties": { "name": "Munna Memorial English Boarding School", "amenity": "school", "addr_city": null, "osm_id": 9789727958, "osm_type": "nodes" }, "geometry": { "type": "Point", "coordinates": [ 85.2933655, 26.8582821 ] } },
{ "type": "Feature", "properties": { "name": "Gyankunj Higher Secondary School", "amenity": "school", "addr_city": null, "osm_id": 9791697823, "osm_type": "nodes" }, "geometry": { "type": "Point", "coordinates": [ 85.5634003, 26.8581142 ] } },
{ "type": "Feature", "properties": { "name": "South Point English Boarding School", "amenity": "school", "addr_city": null, "osm_id": 9791697837, "osm_type": "nodes" }, "geometry": { "type": "Point", "coordinates": [ 85.5600891, 26.8559895 ] } },
{ "type": "Feature", "properties": { "name": "Sarlahi Creative Education English Boarding School", "amenity": "school", "addr_city": null, "osm_id": 11994432658, "osm_type": "nodes" }, "geometry": { "type": "Point", "coordinates": [ 85.6642252, 26.858428 ] } },
{ "type": "Feature", "properties": { "name": "Madarshaa Faijaane Mustafa", "amenity": "school", "addr_city": null, "osm_id": 9791697827, "osm_type": "nodes" }, "geometry": { "type": "Point", "coordinates": [ 85.5372696, 26.8563919 ] } },
{ "type": "Feature", "properties": { "name": "Bal Shiksha Sadan", "amenity": "school", "addr_city": null, "osm_id": 9766957290, "osm_type": "nodes" }, "geometry": { "type": "Point", "coordinates": [ 86.1782724, 26.8530966 ] } },
{ "type": "Feature", "properties": { "name": "RTN English School", "amenity": "school", "addr_city": null, "osm_id": 9766957275, "osm_type": "nodes" }, "geometry": { "type": "Point", "coordinates": [ 86.170954, 26.85815 ] } },
{ "type": "Feature", "properties": { "name": "Shree Divya Gyan Jyoti English Boarding School", "amenity": "school", "addr_city": null, "osm_id": 11994408728, "osm_type": "nodes" }, "geometry": { "type": "Point", "coordinates": [ 85.6694448, 26.852728 ] } },
{ "type": "Feature", "properties": { "name": "Shree Sitalpur Primary School", "amenity": "school", "addr_city": null, "osm_id": 11994391271, "osm_type": "nodes" }, "geometry": { "type": "Point", "coordinates": [ 85.6723979, 26.8542045 ] } },
{ "type": "Feature", "properties": { "name": "Shree Divya Gyan Jyoti English Boarding School", "amenity": "school", "addr_city": null, "osm_id": 11994408728, "osm_type": "nodes" }, "geometry": { "type": "Point", "coordinates": [ 85.6694448, 26.852728 ] } },
{ "type": "Feature", "properties": { "name": "Shree janata Aadharbhut bidhalay", "amenity": "school", "addr_city": null, "osm_id": 9793987209, "osm_type": "nodes" }, "geometry": { "type": "Point", "coordinates": [ 86.1108551, 26.8619099 ] } },
{ "type": "Feature", "properties": { "name": "Shree Anherwat Aadharbhut", "amenity": "school", "addr_city": null, "osm_id": 9793987208, "osm_type": "nodes" }, "geometry": { "type": "Point", "coordinates": [ 86.0979614, 26.8527126 ] } },
{ "type": "Feature", "properties": { "name": "Shree Janta Madhyamik Vidhyalay, Karjanha 11", "amenity": "school", "addr_city": null, "osm_id": 9766957289, "osm_type": "nodes" }, "geometry": { "type": "Point", "coordinates": [ 86.181867, 26.849234 ] } },
{ "type": "Feature", "properties": { "name": "Shree Sarswati Janta Pv", "amenity": "school", "addr_city": null, "osm_id": 9791697839, "osm_type": "nodes" }, "geometry": { "type": "Point", "coordinates": [ 85.5505219, 26.8420849 ] } },
{ "type": "Feature", "properties": { "name": "Shree Sarswati Janta Pv", "amenity": "school", "addr_city": null, "osm_id": 9791697839, "osm_type": "nodes" }, "geometry": { "type": "Point", "coordinates": [ 85.5505219, 26.8420849 ] } },
{ "type": "Feature", "properties": { "name": "Hamro Pathshala Pvt. Ltd.", "amenity": "school", "addr_city": null, "osm_id": 11991758465, "osm_type": "nodes" }, "geometry": { "type": "Point", "coordinates": [ 86.2636507, 26.8434046 ] } },
{ "type": "Feature", "properties": { "name": "Shree Janamukhi Prathmik Vidhyalay", "amenity": "school", "addr_city": null, "osm_id": 9766957284, "osm_type": "nodes" }, "geometry": { "type": "Point", "coordinates": [ 86.1851406, 26.8393928 ] } },
{ "type": "Feature", "properties": { "name": "Shree Janta Aadharbhut Vidhyalay, Manharwa Prayagpur", "amenity": "school", "addr_city": null, "osm_id": 9766957296, "osm_type": "nodes" }, "geometry": { "type": "Point", "coordinates": [ 86.1942144, 26.8405751 ] } },
{ "type": "Feature", "properties": { "name": "Shree Rastriya Secondary School", "amenity": "school", "addr_city": null, "osm_id": 9794007069, "osm_type": "nodes" }, "geometry": { "type": "Point", "coordinates": [ 85.9715347, 26.8537598 ] } },
{ "type": "Feature", "properties": { "name": "Shree Dudhmami English Boarding School", "amenity": "school", "addr_city": null, "osm_id": 9794007070, "osm_type": "nodes" }, "geometry": { "type": "Point", "coordinates": [ 85.9707489, 26.8538952 ] } },
{ "type": "Feature", "properties": { "name": "Anand Marg School", "amenity": "school", "addr_city": null, "osm_id": 9794007061, "osm_type": "nodes" }, "geometry": { "type": "Point", "coordinates": [ 85.9916077, 26.8587818 ] } },
{ "type": "Feature", "properties": { "name": "Madrsha Jamiya Kadarya Anbarul Olum", "amenity": "school", "addr_city": null, "osm_id": 9794007083, "osm_type": "nodes" }, "geometry": { "type": "Point", "coordinates": [ 85.9722672, 26.8514061 ] } },
{ "type": "Feature", "properties": { "name": "Shree Naya Nepal Dalit Basic School", "amenity": "school", "addr_city": null, "osm_id": 9794007067, "osm_type": "nodes" }, "geometry": { "type": "Point", "coordinates": [ 85.9733429, 26.8600674 ] } },
{ "type": "Feature", "properties": { "name": "Shri Dudhmati Rastriya Primary School", "amenity": "school", "addr_city": null, "osm_id": 6305878672, "osm_type": "nodes" }, "geometry": { "type": "Point", "coordinates": [ 85.9536624, 26.8545993 ] } },
{ "type": "Feature", "properties": { "name": "Shree Rajdevi Primary School", "amenity": "school", "addr_city": null, "osm_id": 9789693652, "osm_type": "nodes" }, "geometry": { "type": "Point", "coordinates": [ 85.3262634, 26.8350582 ] } },
{ "type": "Feature", "properties": { "name": "Shree Shiv Shankar Primary School", "amenity": "school", "addr_city": null, "osm_id": 9789693647, "osm_type": "nodes" }, "geometry": { "type": "Point", "coordinates": [ 85.3223724, 26.8349018 ] } },
{ "type": "Feature", "properties": { "name": "Kupni Devi Memorial English Boarding School", "amenity": "school", "addr_city": null, "osm_id": 11993247571, "osm_type": "nodes" }, "geometry": { "type": "Point", "coordinates": [ 85.7546076, 26.8371103 ] } },
{ "type": "Feature", "properties": { "name": "Shree kushwaha Aadharbhut School", "amenity": "school", "addr_city": null, "osm_id": 9793987211, "osm_type": "nodes" }, "geometry": { "type": "Point", "coordinates": [ 86.0886383, 26.859581 ] } },
{ "type": "Feature", "properties": { "name": "Merigolg Educational Academy", "amenity": "school", "addr_city": null, "osm_id": 11991805149, "osm_type": "nodes" }, "geometry": { "type": "Point", "coordinates": [ 86.2133378, 26.8300067 ] } },
{ "type": "Feature", "properties": { "name": "Madarsa Anware Mustafa Parsa Dewad", "amenity": "school", "addr_city": null, "osm_id": 11993250884, "osm_type": "nodes" }, "geometry": { "type": "Point", "coordinates": [ 85.7503107, 26.830063 ] } },
{ "type": "Feature", "properties": { "name": "Shree Adharbhut Vidhyalai Rampur Khap", "amenity": "school", "addr_city": null, "osm_id": 9789702304, "osm_type": "nodes" }, "geometry": { "type": "Point", "coordinates": [ 85.1953074, 26.8315102 ] } },
{ "type": "Feature", "properties": { "name": "Shree Modern education samudayek school", "amenity": "school", "addr_city": null, "osm_id": 9789702314, "osm_type": "nodes" }, "geometry": { "type": "Point", "coordinates": [ 85.1937345, 26.824038 ] } },
{ "type": "Feature", "properties": { "name": "Shree Bal Apang Anathalay Primary school", "amenity": "school", "addr_city": null, "osm_id": 9789724749, "osm_type": "nodes" }, "geometry": { "type": "Point", "coordinates": [ 85.2361526, 26.8238106 ] } },
{ "type": "Feature", "properties": { "name": "Shree Janta Namuna Secondary school Rajpur", "amenity": "school", "addr_city": null, "osm_id": 9789724759, "osm_type": "nodes" }, "geometry": { "type": "Point", "coordinates": [ 85.2301025, 26.8318958 ] } },
{ "type": "Feature", "properties": { "name": "Shree Secondary School, Birta Tol", "amenity": "school", "addr_city": null, "osm_id": 11994688208, "osm_type": "nodes" }, "geometry": { "type": "Point", "coordinates": [ 85.401181, 26.8244633 ] } },
{ "type": "Feature", "properties": { "name": "Malhaniyakhori Basic School", "amenity": "school", "addr_city": null, "osm_id": 11991812369, "osm_type": "nodes" }, "geometry": { "type": "Point", "coordinates": [ 86.2043712, 26.8255069 ] } },
{ "type": "Feature", "properties": { "name": "Swastik Pathshala", "amenity": "school", "addr_city": null, "osm_id": 11991796254, "osm_type": "nodes" }, "geometry": { "type": "Point", "coordinates": [ 86.257562, 26.8272135 ] } },
{ "type": "Feature", "properties": { "name": "Ramsharan Memorial English Boarding School", "amenity": "school", "addr_city": null, "osm_id": 9766957280, "osm_type": "nodes" }, "geometry": { "type": "Point", "coordinates": [ 86.1745788, 26.8306537 ] } },
{ "type": "Feature", "properties": { "name": "Shree Janta Aadharbhut Vidhyalay, Gautari", "amenity": "school", "addr_city": null, "osm_id": 9766957283, "osm_type": "nodes" }, "geometry": { "type": "Point", "coordinates": [ 86.1843089, 26.8269146 ] } },
{ "type": "Feature", "properties": { "name": "Shree Kabir Pra Vi", "amenity": "school", "addr_city": null, "osm_id": 9766957279, "osm_type": "nodes" }, "geometry": { "type": "Point", "coordinates": [ 86.1771694, 26.8310246 ] } },
{ "type": "Feature", "properties": { "name": "Shree Primary School, Bhagwatipur", "amenity": "school", "addr_city": null, "osm_id": 11994870413, "osm_type": "nodes" }, "geometry": { "type": "Point", "coordinates": [ 85.4486293, 26.8232187 ] } },
{ "type": "Feature", "properties": { "name": "Shree Adharbhut school Fatuha Maheshpur", "amenity": "school", "addr_city": null, "osm_id": 9789724754, "osm_type": "nodes" }, "geometry": { "type": "Point", "coordinates": [ 85.2741623, 26.8233833 ] } },
{ "type": "Feature", "properties": { "name": "Shree Adharbhut Bidhyalya", "amenity": "school", "addr_city": null, "osm_id": 9789724755, "osm_type": "nodes" }, "geometry": { "type": "Point", "coordinates": [ 85.2754364, 26.8226643 ] } },
{ "type": "Feature", "properties": { "name": "Divya Jyoti English Boarding School", "amenity": "school", "addr_city": null, "osm_id": 9789727959, "osm_type": "nodes" }, "geometry": { "type": "Point", "coordinates": [ 85.288107, 26.8151512 ] } },
{ "type": "Feature", "properties": { "name": "Naya Prabhat English Boarding School", "amenity": "school", "addr_city": null, "osm_id": 9789727961, "osm_type": "nodes" }, "geometry": { "type": "Point", "coordinates": [ 85.28896, 26.8154374 ] } },
{ "type": "Feature", "properties": { "name": "Ram Janaki Basic School, Kabilasha", "amenity": "school", "addr_city": null, "osm_id": 11993485902, "osm_type": "nodes" }, "geometry": { "type": "Point", "coordinates": [ 85.8478734, 26.8221655 ] } },
{ "type": "Feature", "properties": { "name": "Shree Basic School Belwa Jabdi", "amenity": "school", "addr_city": null, "osm_id": 11994834435, "osm_type": "nodes" }, "geometry": { "type": "Point", "coordinates": [ 85.4271904, 26.8177084 ] } },
{ "type": "Feature", "properties": { "name": "Shree Satyawati Adharbhut Vidhyalaya, Ghampe", "amenity": "school", "addr_city": null, "osm_id": 9782498497, "osm_type": "nodes" }, "geometry": { "type": "Point", "coordinates": [ 86.5396576, 26.8187427 ] } },
{ "type": "Feature", "properties": { "name": "Shree Bisheshwar Prasad Koirala Adarsh Secondary School", "amenity": "school", "addr_city": null, "osm_id": 9776170530, "osm_type": "nodes" }, "geometry": { "type": "Point", "coordinates": [ 85.1885396, 26.8176579 ] } },
{ "type": "Feature", "properties": { "name": "Faizual Uloom Faizpur Ghiura", "amenity": "school", "addr_city": null, "osm_id": 9776170553, "osm_type": "nodes" }, "geometry": { "type": "Point", "coordinates": [ 85.1889803, 26.8157956 ] } },
{ "type": "Feature", "properties": { "name": "Shree Primary School, Mithuawa", "amenity": "school", "addr_city": null, "osm_id": 11994811926, "osm_type": "nodes" }, "geometry": { "type": "Point", "coordinates": [ 85.4225555, 26.8114104 ] } },
{ "type": "Feature", "properties": { "name": "Shree Adharbhut Nimna Madhyamik Vidhyalaya, Laxminiya Jatahara", "amenity": "school", "addr_city": null, "osm_id": 9776170531, "osm_type": "nodes" }, "geometry": { "type": "Point", "coordinates": [ 85.2112889, 26.8108948 ] } },
{ "type": "Feature", "properties": { "name": "Shree Saraswati Sadan Adjarbhut bidyalay Akolwa", "amenity": "school", "addr_city": null, "osm_id": 9789724753, "osm_type": "nodes" }, "geometry": { "type": "Point", "coordinates": [ 85.2390518, 26.8124809 ] } },
{ "type": "Feature", "properties": { "name": "Rani Educational Academy", "amenity": "school", "addr_city": null, "osm_id": 11991789580, "osm_type": "nodes" }, "geometry": { "type": "Point", "coordinates": [ 86.1948748, 26.8091493 ] } },
{ "type": "Feature", "properties": { "name": "Peeyoush Academy School", "amenity": "school", "addr_city": null, "osm_id": 9776170535, "osm_type": "nodes" }, "geometry": { "type": "Point", "coordinates": [ 85.222699, 26.8085303 ] } },
{ "type": "Feature", "properties": { "name": "Shree Sarbajanik Basic School-3 Naraha RMP", "amenity": "school", "addr_city": null, "osm_id": 9785214859, "osm_type": "nodes" }, "geometry": { "type": "Point", "coordinates": [ 86.2937622, 26.8075409 ] } },
{ "type": "Feature", "properties": { "name": "Shree Rajdevi Academy English Boarding School", "amenity": "school", "addr_city": null, "osm_id": 9794007052, "osm_type": "nodes" }, "geometry": { "type": "Point", "coordinates": [ 85.9635315, 26.8219585 ] } },
{ "type": "Feature", "properties": { "name": "Madarsha Faijaane Reza", "amenity": "school", "addr_city": null, "osm_id": 9794007054, "osm_type": "nodes" }, "geometry": { "type": "Point", "coordinates": [ 85.964447, 26.8204498 ] } },
{ "type": "Feature", "properties": { "name": "Shree Rastriya Basic School", "amenity": "school", "addr_city": null, "osm_id": 9794007057, "osm_type": "nodes" }, "geometry": { "type": "Point", "coordinates": [ 85.9783096, 26.8257122 ] } },
{ "type": "Feature", "properties": { "name": "Shree Model Secondary School", "amenity": "school", "addr_city": null, "osm_id": 9794007053, "osm_type": "nodes" }, "geometry": { "type": "Point", "coordinates": [ 85.9647751, 26.8232574 ] } },
{ "type": "Feature", "properties": { "name": "Basic Health Care Center, Mushhari Tol", "amenity": "school", "addr_city": null, "osm_id": 11993197694, "osm_type": "nodes" }, "geometry": { "type": "Point", "coordinates": [ 86.0867, 26.8065387 ] } },
{ "type": "Feature", "properties": { "name": "Janata Basic School, Ratanpur", "amenity": "school", "addr_city": null, "osm_id": 11991785535, "osm_type": "nodes" }, "geometry": { "type": "Point", "coordinates": [ 86.2677008, 26.8019997 ] } },
{ "type": "Feature", "properties": { "name": "Shree Prathmik Vidhyalaya, Motigunj Jokaha", "amenity": "school", "addr_city": null, "osm_id": 9776170520, "osm_type": "nodes" }, "geometry": { "type": "Point", "coordinates": [ 85.1963938, 26.8010687 ] } },
{ "type": "Feature", "properties": { "name": "Madarsha Talimul Kuran", "amenity": "school", "addr_city": null, "osm_id": 11993239181, "osm_type": "nodes" }, "geometry": { "type": "Point", "coordinates": [ 85.7656905, 26.7977166 ] } },
{ "type": "Feature", "properties": { "name": "Madarsa Islamiya Salamun Olum", "amenity": "school", "addr_city": null, "osm_id": 11993247569, "osm_type": "nodes" }, "geometry": { "type": "Point", "coordinates": [ 85.766522, 26.7976424 ] } },
{ "type": "Feature", "properties": { "name": "Madarsa Daru Hudha", "amenity": "school", "addr_city": null, "osm_id": 11993193114, "osm_type": "nodes" }, "geometry": { "type": "Point", "coordinates": [ 86.0911202, 26.7985881 ] } },
{ "type": "Feature", "properties": { "name": "Janata Basic School", "amenity": "school", "addr_city": null, "osm_id": 11993190092, "osm_type": "nodes" }, "geometry": { "type": "Point", "coordinates": [ 86.0909861, 26.7990478 ] } },
{ "type": "Feature", "properties": { "name": "Rajdevi Vidya Mandir Secondary School", "amenity": "school", "addr_city": null, "osm_id": 11991790038, "osm_type": "nodes" }, "geometry": { "type": "Point", "coordinates": [ 86.2572925, 26.7990238 ] } },
{ "type": "Feature", "properties": { "name": "Little Flower English Boarding School", "amenity": "school", "addr_city": null, "osm_id": 11991802534, "osm_type": "nodes" }, "geometry": { "type": "Point", "coordinates": [ 86.2163874, 26.8040418 ] } },
{ "type": "Feature", "properties": { "name": "Gyan Ganga English Boarding School", "amenity": "school", "addr_city": null, "osm_id": 9789821061, "osm_type": "nodes" }, "geometry": { "type": "Point", "coordinates": [ 85.2805252, 26.7969189 ] } },
{ "type": "Feature", "properties": { "name": "Madarsa Dawatul Quraan, Bahuarwa", "amenity": "school", "addr_city": null, "osm_id": 9789724748, "osm_type": "nodes" }, "geometry": { "type": "Point", "coordinates": [ 85.2812881, 26.8042679 ] } },
{ "type": "Feature", "properties": { "name": "Shree Molbi Adjarbhut bidyalay Pipra Gaus", "amenity": "school", "addr_city": null, "osm_id": 9789724750, "osm_type": "nodes" }, "geometry": { "type": "Point", "coordinates": [ 85.2795563, 26.8073502 ] } },
{ "type": "Feature", "properties": { "name": "Nepal Rastriya Aadharbhut Vidyalaya, Mahauwa, Tikuliya", "amenity": "school", "addr_city": null, "osm_id": 11993487715, "osm_type": "nodes" }, "geometry": { "type": "Point", "coordinates": [ 85.9058145, 26.8535082 ] } },
{ "type": "Feature", "properties": { "name": "Shree Harijan Basic School", "amenity": "school", "addr_city": null, "osm_id": 11993489350, "osm_type": "nodes" }, "geometry": { "type": "Point", "coordinates": [ 85.8902603, 26.8465444 ] } },
{ "type": "Feature", "properties": { "name": "Sarbajanik Secondary School, Bhimgadh", "amenity": "school", "addr_city": null, "osm_id": 11993497269, "osm_type": "nodes" }, "geometry": { "type": "Point", "coordinates": [ 85.9073889, 26.8397932 ] } },
{ "type": "Feature", "properties": { "name": "Rastriya Aadhurbhut Vidyalaya, Sangrampur", "amenity": "school", "addr_city": null, "osm_id": 11993489387, "osm_type": "nodes" }, "geometry": { "type": "Point", "coordinates": [ 85.8387485, 26.8334174 ] } },
{ "type": "Feature", "properties": { "name": "Rijbiya Nuriya Madarsa Primary School, Paradiya", "amenity": "school", "addr_city": null, "osm_id": 11993410402, "osm_type": "nodes" }, "geometry": { "type": "Point", "coordinates": [ 85.8725725, 26.8014551 ] } },
{ "type": "Feature", "properties": { "name": "Madarsa Gulsena Reja, Padariya", "amenity": "school", "addr_city": null, "osm_id": 11993406976, "osm_type": "nodes" }, "geometry": { "type": "Point", "coordinates": [ 85.8695939, 26.7993423 ] } },
{ "type": "Feature", "properties": { "name": "Shree Basic School, Kataiya", "amenity": "school", "addr_city": null, "osm_id": 11993463261, "osm_type": "nodes" }, "geometry": { "type": "Point", "coordinates": [ 85.8946806, 26.8366915 ] } },
{ "type": "Feature", "properties": { "name": "Rastriya Basic School, Padariya", "amenity": "school", "addr_city": null, "osm_id": 11993411012, "osm_type": "nodes" }, "geometry": { "type": "Point", "coordinates": [ 85.8709994, 26.8022008 ] } },
{ "type": "Feature", "properties": { "name": "Saraswati Dalit Primary School", "amenity": "school", "addr_city": null, "osm_id": 11993391424, "osm_type": "nodes" }, "geometry": { "type": "Point", "coordinates": [ 85.9069195, 26.8154009 ] } },
{ "type": "Feature", "properties": { "name": "Kishori Janata Secondary School", "amenity": "school", "addr_city": null, "osm_id": 11993407400, "osm_type": "nodes" }, "geometry": { "type": "Point", "coordinates": [ 85.9043902, 26.8167581 ] } },
{ "type": "Feature", "properties": { "name": "Shree Sabari Dalit Primary School, Harinmari", "amenity": "school", "addr_city": null, "osm_id": 11993410837, "osm_type": "nodes" }, "geometry": { "type": "Point", "coordinates": [ 85.8962645, 26.8112009 ] } },
{ "type": "Feature", "properties": { "name": "Rastriya Aadhurbhut Vidyalaya, Adhyanpur", "amenity": "school", "addr_city": null, "osm_id": 11993275815, "osm_type": "nodes" }, "geometry": { "type": "Point", "coordinates": [ 85.8177938, 26.7948544 ] } },
{ "type": "Feature", "properties": { "name": "Madarsa Naemiya Mustafa", "amenity": "school", "addr_city": null, "osm_id": 11993274014, "osm_type": "nodes" }, "geometry": { "type": "Point", "coordinates": [ 85.8256432, 26.7938393 ] } },
{ "type": "Feature", "properties": { "name": "Shree Saraswati Basic School, Nikal", "amenity": "school", "addr_city": null, "osm_id": 11993282561, "osm_type": "nodes" }, "geometry": { "type": "Point", "coordinates": [ 85.8294439, 26.7959713 ] } },
{ "type": "Feature", "properties": { "name": "Madarsa Samsul Olum, Barkati", "amenity": "school", "addr_city": null, "osm_id": 11992435583, "osm_type": "nodes" }, "geometry": { "type": "Point", "coordinates": [ 86.0487628, 26.7950759 ] } },
{ "type": "Feature", "properties": { "name": "Janata Primary School", "amenity": "school", "addr_city": null, "osm_id": 11992395471, "osm_type": "nodes" }, "geometry": { "type": "Point", "coordinates": [ 86.0486019, 26.7925332 ] } },
{ "type": "Feature", "properties": { "name": "?????? ???? ??? ?????? ????????", "amenity": "school", "addr_city": null, "osm_id": 9785083505, "osm_type": "nodes" }, "geometry": { "type": "Point", "coordinates": [ 86.43406, 26.793718 ] } },
{ "type": "Feature", "properties": { "name": "SD Memorial English Boarding School", "amenity": "school", "addr_city": null, "osm_id": 9794007055, "osm_type": "nodes" }, "geometry": { "type": "Point", "coordinates": [ 85.9691162, 26.7950649 ] } },
{ "type": "Feature", "properties": { "name": "Shree Rastriya Basic School", "amenity": "school", "addr_city": null, "osm_id": 9794007056, "osm_type": "nodes" }, "geometry": { "type": "Point", "coordinates": [ 85.9613113, 26.7958374 ] } },
{ "type": "Feature", "properties": { "name": "Shree Basic school Sirsiya", "amenity": "school", "addr_city": null, "osm_id": 9655526948, "osm_type": "nodes" }, "geometry": { "type": "Point", "coordinates": [ 85.9904134, 26.8032915 ] } },
{ "type": "Feature", "properties": { "name": "Udayasi Higher Secondary School ?????? ???? ?? ??", "amenity": "school", "addr_city": null, "osm_id": 11385844620, "osm_type": "nodes" }, "geometry": { "type": "Point", "coordinates": [ 86.6351259, 26.795332 ] } },
{ "type": "Feature", "properties": { "name": "Siddhartha Memorial English Boarding School", "amenity": "school", "addr_city": null, "osm_id": 9655526943, "osm_type": "nodes" }, "geometry": { "type": "Point", "coordinates": [ 85.9911654, 26.79101 ] } },
{ "type": "Feature", "properties": { "name": "???? ??????? ????????? ???????? ???????? ????????", "amenity": "school", "addr_city": null, "osm_id": 9794025734, "osm_type": "nodes" }, "geometry": { "type": "Point", "coordinates": [ 86.0438232, 26.7899132 ] } },
{ "type": "Feature", "properties": { "name": "Balkrishna Primary School", "amenity": "school", "addr_city": null, "osm_id": 11993180505, "osm_type": "nodes" }, "geometry": { "type": "Point", "coordinates": [ 86.0872686, 26.7903664 ] } },
{ "type": "Feature", "properties": { "name": "Pachhwari Tol Madarsa", "amenity": "school", "addr_city": null, "osm_id": 9765880852, "osm_type": "nodes" }, "geometry": { "type": "Point", "coordinates": [ 86.2053172, 26.7908959 ] } },
{ "type": "Feature", "properties": { "name": "Madarsa Faijaane Musatafa Arang", "amenity": "school", "addr_city": null, "osm_id": 9765880851, "osm_type": "nodes" }, "geometry": { "type": "Point", "coordinates": [ 86.206329, 26.7904437 ] } },
{ "type": "Feature", "properties": { "name": "Mithila Sarswati English Boarding School", "amenity": "school", "addr_city": null, "osm_id": 9655526966, "osm_type": "nodes" }, "geometry": { "type": "Point", "coordinates": [ 86.013534, 26.8086935 ] } },
{ "type": "Feature", "properties": { "name": "Parshuram English Boarding School", "amenity": "school", "addr_city": null, "osm_id": 9655526958, "osm_type": "nodes" }, "geometry": { "type": "Point", "coordinates": [ 86.0120951, 26.8098448 ] } },
{ "type": "Feature", "properties": { "name": "Shree Parshuram English Boarding School", "amenity": "school", "addr_city": null, "osm_id": 9655526965, "osm_type": "nodes" }, "geometry": { "type": "Point", "coordinates": [ 86.0116985, 26.809755 ] } },
{ "type": "Feature", "properties": { "name": "Shree Jagrup Sah Rampukar Sah Ma Vi", "amenity": "school", "addr_city": null, "osm_id": 9655526967, "osm_type": "nodes" }, "geometry": { "type": "Point", "coordinates": [ 86.0158209, 26.8089361 ] } },
{ "type": "Feature", "properties": { "name": "Shree Janata Madhyamik Vidhyalaya", "amenity": "school", "addr_city": null, "osm_id": 9655526959, "osm_type": "nodes" }, "geometry": { "type": "Point", "coordinates": [ 86.0294085, 26.8019729 ] } },
{ "type": "Feature", "properties": { "name": "Shree Mahrani Mai Rastriya Madhyamik Vidhyalaya", "amenity": "school", "addr_city": null, "osm_id": 9655526957, "osm_type": "nodes" }, "geometry": { "type": "Point", "coordinates": [ 86.0119697, 26.8205165 ] } },
{ "type": "Feature", "properties": { "name": "Eden Garden English Boarding School", "amenity": "school", "addr_city": null, "osm_id": 9655526960, "osm_type": "nodes" }, "geometry": { "type": "Point", "coordinates": [ 86.0291688, 26.8008242 ] } },
{ "type": "Feature", "properties": { "name": "Nepal Basic School", "amenity": "school", "addr_city": null, "osm_id": 11993156807, "osm_type": "nodes" }, "geometry": { "type": "Point", "coordinates": [ 86.0722107, 26.7854795 ] } },
{ "type": "Feature", "properties": { "name": "Janata Aadharbhut Bidyalaya", "amenity": "school", "addr_city": null, "osm_id": 9765880863, "osm_type": "nodes" }, "geometry": { "type": "Point", "coordinates": [ 86.2176347, 26.7872858 ] } },
{ "type": "Feature", "properties": { "name": "Aadharbhut Bidyalaya Dumarimal 1", "amenity": "school", "addr_city": null, "osm_id": 9765880837, "osm_type": "nodes" }, "geometry": { "type": "Point", "coordinates": [ 86.2232437, 26.7914126 ] } },
{ "type": "Feature", "properties": { "name": "Rambati Jagadeb Janata Technical Higher Secondary School", "amenity": "school", "addr_city": null, "osm_id": 9791847416, "osm_type": "nodes" }, "geometry": { "type": "Point", "coordinates": [ 85.8735657, 26.7857018 ] } },
{ "type": "Feature", "properties": { "name": "???? ?????? ???? ???? ?????? ????? ??.??.???????", "amenity": "school", "addr_city": null, "osm_id": 9794025733, "osm_type": "nodes" }, "geometry": { "type": "Point", "coordinates": [ 86.0468674, 26.780468 ] } },
{ "type": "Feature", "properties": { "name": "Shree Ganga Prasadh (Technical and Vocational) Higher Secondary School", "amenity": "school", "addr_city": null, "osm_id": 9655526949, "osm_type": "nodes" }, "geometry": { "type": "Point", "coordinates": [ 85.9608126, 26.7760138 ] } },
{ "type": "Feature", "properties": { "name": "Janta Ra Pra Bi Karahaiya", "amenity": "school", "addr_city": null, "osm_id": 9794025767, "osm_type": "nodes" }, "geometry": { "type": "Point", "coordinates": [ 85.9945679, 26.7797127 ] } },
{ "type": "Feature", "properties": { "name": "Shree Janaki Ra. Pra. Bidhalay Kachuri", "amenity": "school", "addr_city": null, "osm_id": 9655526950, "osm_type": "nodes" }, "geometry": { "type": "Point", "coordinates": [ 85.9850681, 26.7769853 ] } },
{ "type": "Feature", "properties": { "name": "Mithila Bihari Coching Center", "amenity": "school", "addr_city": null, "osm_id": 9655526951, "osm_type": "nodes" }, "geometry": { "type": "Point", "coordinates": [ 85.98651, 26.7823867 ] } },
{ "type": "Feature", "properties": { "name": "Madarsa Noorol Islam", "amenity": "school", "addr_city": null, "osm_id": 11992106713, "osm_type": "nodes" }, "geometry": { "type": "Point", "coordinates": [ 86.3118553, 26.7752405 ] } },
{ "type": "Feature", "properties": { "name": "Balkawa High School", "amenity": "school", "addr_city": null, "osm_id": 11992092274, "osm_type": "nodes" }, "geometry": { "type": "Point", "coordinates": [ 86.3120431, 26.778047 ] } },
{ "type": "Feature", "properties": { "name": "Madrasa Jameatul Banat, Balkawa Bajar", "amenity": "school", "addr_city": null, "osm_id": 11992102858, "osm_type": "nodes" }, "geometry": { "type": "Point", "coordinates": [ 86.3117185, 26.7749975 ] } },
{ "type": "Feature", "properties": { "name": "Shree Rajdevi Adharbhut", "amenity": "school", "addr_city": null, "osm_id": 9782498511, "osm_type": "nodes" }, "geometry": { "type": "Point", "coordinates": [ 86.4763184, 26.7814941 ] } },
{ "type": "Feature", "properties": { "name": "Shree Sagarmatha Ma Vi", "amenity": "school", "addr_city": null, "osm_id": 9782502617, "osm_type": "nodes" }, "geometry": { "type": "Point", "coordinates": [ 86.4785461, 26.7764645 ] } },
{ "type": "Feature", "properties": { "name": "Hanuman Prathmik Vidhyalaya", "amenity": "school", "addr_city": null, "osm_id": 9776170545, "osm_type": "nodes" }, "geometry": { "type": "Point", "coordinates": [ 85.2143279, 26.7752928 ] } },
{ "type": "Feature", "properties": { "name": "Paradise Model English Boarding School, Auraiya", "amenity": "school", "addr_city": null, "osm_id": 9776170536, "osm_type": "nodes" }, "geometry": { "type": "Point", "coordinates": [ 85.2226192, 26.7786883 ] } },
{ "type": "Feature", "properties": { "name": "???? ???? ??.??.,?????", "amenity": "school", "addr_city": null, "osm_id": 9752152602, "osm_type": "nodes" }, "geometry": { "type": "Point", "coordinates": [ 85.2194184, 26.7764498 ] } },
{ "type": "Feature", "properties": { "name": "Shree Ratna Kanya Aadharbhut Bidhyalaya", "amenity": "school", "addr_city": null, "osm_id": 9789821051, "osm_type": "nodes" }, "geometry": { "type": "Point", "coordinates": [ 85.2986984, 26.7790852 ] } },
{ "type": "Feature", "properties": { "name": "A Star English Boarding School", "amenity": "school", "addr_city": null, "osm_id": 9789821053, "osm_type": "nodes" }, "geometry": { "type": "Point", "coordinates": [ 85.2975693, 26.7815971 ] } },
{ "type": "Feature", "properties": { "name": "Shree Ram Naresh Laxman Secondary School", "amenity": "school", "addr_city": null, "osm_id": 9789731603, "osm_type": "nodes" }, "geometry": { "type": "Point", "coordinates": [ 85.3021622, 26.7823009 ] } },
{ "type": "Feature", "properties": { "name": "Sky English School", "amenity": "school", "addr_city": null, "osm_id": 9780460533, "osm_type": "nodes" }, "geometry": { "type": "Point", "coordinates": [ 87.179522, 26.7744269 ] } },
{ "type": "Feature", "properties": { "name": "Shree Dalit Bhanubhakta Adharbhut Vidhyalaya", "amenity": "school", "addr_city": null, "osm_id": 9782502685, "osm_type": "nodes" }, "geometry": { "type": "Point", "coordinates": [ 86.4469833, 26.7866612 ] } },
{ "type": "Feature", "properties": { "name": "Rastriya Aadhurbhut Vidyalaya, Saranchiya", "amenity": "school", "addr_city": null, "osm_id": 11993291834, "osm_type": "nodes" }, "geometry": { "type": "Point", "coordinates": [ 85.8014685, 26.779297 ] } },
{ "type": "Feature", "properties": { "name": "Shree Basice school Madhepura", "amenity": "school", "addr_city": null, "osm_id": 9791847401, "osm_type": "nodes" }, "geometry": { "type": "Point", "coordinates": [ 85.8789902, 26.774807 ] } },
{ "type": "Feature", "properties": { "name": "New Star Progressive English Boarding School", "amenity": "school", "addr_city": null, "osm_id": 9794025729, "osm_type": "nodes" }, "geometry": { "type": "Point", "coordinates": [ 86.0533142, 26.7710247 ] } },
{ "type": "Feature", "properties": { "name": "???? ???? ???????? ???????? ???????? ????", "amenity": "school", "addr_city": null, "osm_id": 9794025732, "osm_type": "nodes" }, "geometry": { "type": "Point", "coordinates": [ 86.0541763, 26.7866192 ] } },
{ "type": "Feature", "properties": { "name": "???? ????? ????? ???????? ??? ????.?????? ????", "amenity": "school", "addr_city": null, "osm_id": 9794025736, "osm_type": "nodes" }, "geometry": { "type": "Point", "coordinates": [ 86.0601883, 26.7811794 ] } },
{ "type": "Feature", "properties": { "name": "Madarsa Nuriya Barkatiya", "amenity": "school", "addr_city": null, "osm_id": 9794025730, "osm_type": "nodes" }, "geometry": { "type": "Point", "coordinates": [ 86.0535965, 26.7728195 ] } },
{ "type": "Feature", "properties": { "name": "Sharda Shishu Niketan English Boarding School", "amenity": "school", "addr_city": null, "osm_id": 9794025735, "osm_type": "nodes" }, "geometry": { "type": "Point", "coordinates": [ 86.0577469, 26.7829247 ] } },
{ "type": "Feature", "properties": { "name": "Peace English Boarding School", "amenity": "school", "addr_city": null, "osm_id": 11993047052, "osm_type": "nodes" }, "geometry": { "type": "Point", "coordinates": [ 86.0964444, 26.7838537 ] } },
{ "type": "Feature", "properties": { "name": "Madarsha Najmul Hoda", "amenity": "school", "addr_city": null, "osm_id": 11993188078, "osm_type": "nodes" }, "geometry": { "type": "Point", "coordinates": [ 86.0954922, 26.7873663 ] } },
{ "type": "Feature", "properties": { "name": "Ram Janaki Pathshala", "amenity": "school", "addr_city": null, "osm_id": 11993181314, "osm_type": "nodes" }, "geometry": { "type": "Point", "coordinates": [ 86.0745174, 26.7672949 ] } },
{ "type": "Feature", "properties": { "name": "New Lucky English Boaeding School", "amenity": "school", "addr_city": null, "osm_id": 11993180297, "osm_type": "nodes" }, "geometry": { "type": "Point", "coordinates": [ 86.0735947, 26.7660376 ] } },
{ "type": "Feature", "properties": { "name": "Shree Basic School-5 Naraha RMP", "amenity": "school", "addr_city": null, "osm_id": 9785214854, "osm_type": "nodes" }, "geometry": { "type": "Point", "coordinates": [ 86.2801132, 26.7682915 ] } },
{ "type": "Feature", "properties": { "name": "Dignity Academy English Boarding School", "amenity": "school", "addr_city": null, "osm_id": 9789821060, "osm_type": "nodes" }, "geometry": { "type": "Point", "coordinates": [ 85.281105, 26.7690468 ] } },
{ "type": "Feature", "properties": { "name": "G Star English Boarding School", "amenity": "school", "addr_city": null, "osm_id": 9789821062, "osm_type": "nodes" }, "geometry": { "type": "Point", "coordinates": [ 85.2776184, 26.7667217 ] } },
{ "type": "Feature", "properties": { "name": "Shree Madhyamik Vidhyalaya", "amenity": "school", "addr_city": null, "osm_id": 9789821064, "osm_type": "nodes" }, "geometry": { "type": "Point", "coordinates": [ 85.2787628, 26.7667847 ] } },
{ "type": "Feature", "properties": { "name": "Shree Bhagwati Prathamik Vidhyalaya Kudwa", "amenity": "school", "addr_city": null, "osm_id": 9789821065, "osm_type": "nodes" }, "geometry": { "type": "Point", "coordinates": [ 85.2843018, 26.7739391 ] } },
{ "type": "Feature", "properties": { "name": "Lumbini English Boarding School Rauthat", "amenity": "school", "addr_city": null, "osm_id": 9789821079, "osm_type": "nodes" }, "geometry": { "type": "Point", "coordinates": [ 85.2800903, 26.7644978 ] } },
{ "type": "Feature", "properties": { "name": "Monastic International Academy", "amenity": "school", "addr_city": null, "osm_id": 9789821087, "osm_type": "nodes" }, "geometry": { "type": "Point", "coordinates": [ 85.2775574, 26.7664776 ] } },
{ "type": "Feature", "properties": { "name": "Shree Bherukhi Secondary School", "amenity": "school", "addr_city": null, "osm_id": 9791847405, "osm_type": "nodes" }, "geometry": { "type": "Point", "coordinates": [ 85.8516922, 26.795496 ] } },
{ "type": "Feature", "properties": { "name": "Shree Amar Sahid Basic School Dathora", "amenity": "school", "addr_city": null, "osm_id": 9791847406, "osm_type": "nodes" }, "geometry": { "type": "Point", "coordinates": [ 85.8437653, 26.7888699 ] } },
{ "type": "Feature", "properties": { "name": "Shree Sun Light English Boarding School Dathora", "amenity": "school", "addr_city": null, "osm_id": 9791847409, "osm_type": "nodes" }, "geometry": { "type": "Point", "coordinates": [ 85.8449554, 26.7883053 ] } },
{ "type": "Feature", "properties": { "name": "Madarsa Faijul Islam School Dathora", "amenity": "school", "addr_city": null, "osm_id": 9791847410, "osm_type": "nodes" }, "geometry": { "type": "Point", "coordinates": [ 85.8449402, 26.7884789 ] } },
{ "type": "Feature", "properties": { "name": "Shree Cariyar Care English Boarding School Chamar", "amenity": "school", "addr_city": null, "osm_id": 9791859017, "osm_type": "nodes" }, "geometry": { "type": "Point", "coordinates": [ 85.8537598, 26.7983284 ] } },
{ "type": "Feature", "properties": { "name": "Shree Madrsa Jaese Islam School Muslim Tole", "amenity": "school", "addr_city": null, "osm_id": 9791859018, "osm_type": "nodes" }, "geometry": { "type": "Point", "coordinates": [ 85.8559036, 26.7982159 ] } },
{ "type": "Feature", "properties": { "name": "Shree New Star English Boarding School Muslim Tole", "amenity": "school", "addr_city": null, "osm_id": 9791859019, "osm_type": "nodes" }, "geometry": { "type": "Point", "coordinates": [ 85.854866, 26.8000431 ] } },
{ "type": "Feature", "properties": { "name": "Shree Madarsa Akbaliya School Shekha", "amenity": "school", "addr_city": null, "osm_id": 9791847390, "osm_type": "nodes" }, "geometry": { "type": "Point", "coordinates": [ 85.8532867, 26.7941055 ] } },
{ "type": "Feature", "properties": { "name": null, "amenity": "school", "addr_city": null, "osm_id": 8837295921, "osm_type": "nodes" }, "geometry": { "type": "Point", "coordinates": [ 85.8512263, 26.7957461 ] } },
{ "type": "Feature", "properties": { "name": null, "amenity": "school", "addr_city": null, "osm_id": 8837352817, "osm_type": "nodes" }, "geometry": { "type": "Point", "coordinates": [ 85.8521054, 26.7967699 ] } },
{ "type": "Feature", "properties": { "name": "Nepal Rastriya Aadharbhut Vidyalaya", "amenity": "school", "addr_city": null, "osm_id": 11993271812, "osm_type": "nodes" }, "geometry": { "type": "Point", "coordinates": [ 85.8385098, 26.8230858 ] } },
{ "type": "Feature", "properties": { "name": "Bibek Aadarsha English Boarding School", "amenity": "school", "addr_city": null, "osm_id": 11993231040, "osm_type": "nodes" }, "geometry": { "type": "Point", "coordinates": [ 85.8389041, 26.8232558 ] } },
{ "type": "Feature", "properties": { "name": "Karik Baba English Boarding School", "amenity": "school", "addr_city": null, "osm_id": 11993275931, "osm_type": "nodes" }, "geometry": { "type": "Point", "coordinates": [ 85.8231327, 26.7857046 ] } },
{ "type": "Feature", "properties": { "name": "Madarsha Attaye Mustafa", "amenity": "school", "addr_city": null, "osm_id": 11993277558, "osm_type": "nodes" }, "geometry": { "type": "Point", "coordinates": [ 85.8251417, 26.7843936 ] } },
{ "type": "Feature", "properties": { "name": "Janata Secondary School, Dhamaura", "amenity": "school", "addr_city": null, "osm_id": 11993291833, "osm_type": "nodes" }, "geometry": { "type": "Point", "coordinates": [ 85.8219337, 26.7786648 ] } },
{ "type": "Feature", "properties": { "name": "Shree Basic School", "amenity": "school", "addr_city": null, "osm_id": 11993266297, "osm_type": "nodes" }, "geometry": { "type": "Point", "coordinates": [ 85.8391428, 26.7729034 ] } },
{ "type": "Feature", "properties": { "name": "Dhruv Raj English Boarding School", "amenity": "school", "addr_city": null, "osm_id": 11993287370, "osm_type": "nodes" }, "geometry": { "type": "Point", "coordinates": [ 85.8233955, 26.7855298 ] } },
{ "type": "Feature", "properties": { "name": "Dalit Basic School", "amenity": "school", "addr_city": null, "osm_id": 11991992954, "osm_type": "nodes" }, "geometry": { "type": "Point", "coordinates": [ 86.3790178, 26.8021625 ] } },
{ "type": "Feature", "properties": { "name": "Shree Secondry School Tikuliya", "amenity": "school", "addr_city": null, "osm_id": 9789821067, "osm_type": "nodes" }, "geometry": { "type": "Point", "coordinates": [ 85.2647324, 26.7673626 ] } },
{ "type": "Feature", "properties": { "name": "Janata Secondary School", "amenity": "school", "addr_city": null, "osm_id": 11993301998, "osm_type": "nodes" }, "geometry": { "type": "Point", "coordinates": [ 85.8132809, 26.7635063 ] } },
{ "type": "Feature", "properties": { "name": "Madarasha Gulasane Barkati Belahi", "amenity": "school", "addr_city": null, "osm_id": 9794025742, "osm_type": "nodes" }, "geometry": { "type": "Point", "coordinates": [ 86.0195999, 26.7626305 ] } },
{ "type": "Feature", "properties": { "name": "Shree Yadav Secandry School Belahi", "amenity": "school", "addr_city": null, "osm_id": 9794025749, "osm_type": "nodes" }, "geometry": { "type": "Point", "coordinates": [ 86.0209656, 26.7645569 ] } },
{ "type": "Feature", "properties": { "name": "Madarsa Faizane Mustafa Belahi 5", "amenity": "school", "addr_city": null, "osm_id": 9794025750, "osm_type": "nodes" }, "geometry": { "type": "Point", "coordinates": [ 86.0200119, 26.761837 ] } },
{ "type": "Feature", "properties": { "name": "Shree Community Lower Secondary School", "amenity": "school", "addr_city": null, "osm_id": 9789756651, "osm_type": "nodes" }, "geometry": { "type": "Point", "coordinates": [ 85.2281723, 26.9985657 ] } },
{ "type": "Feature", "properties": { "name": "Shree Trishakti Primary School", "amenity": "school", "addr_city": null, "osm_id": 9789756661, "osm_type": "nodes" }, "geometry": { "type": "Point", "coordinates": [ 85.231842, 27.0451012 ] } },
{ "type": "Feature", "properties": { "name": "Shree Milat Pra. Bi. bithyalai", "amenity": "school", "addr_city": null, "osm_id": 9789702308, "osm_type": "nodes" }, "geometry": { "type": "Point", "coordinates": [ 85.246699, 26.8562676 ] } },
{ "type": "Feature", "properties": { "name": "Shree Dasarath Primary School, Ranigarja", "amenity": "school", "addr_city": null, "osm_id": 11968522195, "osm_type": "nodes" }, "geometry": { "type": "Point", "coordinates": [ 85.2202429, 27.0482173 ] } },
{ "type": "Feature", "properties": { "name": "Shree Janta Ni.Ma. Bidhaylai", "amenity": "school", "addr_city": null, "osm_id": 9791862535, "osm_type": "nodes" }, "geometry": { "type": "Point", "coordinates": [ 85.7616959, 26.7612801 ] } },
{ "type": "Feature", "properties": { "name": "Rastriya Aadharbhut Bidhaylay", "amenity": "school", "addr_city": null, "osm_id": 9791862530, "osm_type": "nodes" }, "geometry": { "type": "Point", "coordinates": [ 85.7819672, 26.7624588 ] } },
{ "type": "Feature", "properties": { "name": "Rastriya Aadhurbhut Vidyalaya, Dewanma", "amenity": "school", "addr_city": null, "osm_id": 11993396736, "osm_type": "nodes" }, "geometry": { "type": "Point", "coordinates": [ 85.7915765, 26.7605366 ] } },
{ "type": "Feature", "properties": { "name": "Ram Dulari Madhyamik Bidyalaya", "amenity": "school", "addr_city": null, "osm_id": 9765880878, "osm_type": "nodes" }, "geometry": { "type": "Point", "coordinates": [ 86.2041003, 26.7564508 ] } },
{ "type": "Feature", "properties": { "name": "Madarsa Rajwiya", "amenity": "school", "addr_city": null, "osm_id": 9765880857, "osm_type": "nodes" }, "geometry": { "type": "Point", "coordinates": [ 86.2095384, 26.7615793 ] } },
{ "type": "Feature", "properties": { "name": "Shree Janta Banwali Model Secondary School (Technical)-4 Naraha RMP", "amenity": "school", "addr_city": null, "osm_id": 9785214851, "osm_type": "nodes" }, "geometry": { "type": "Point", "coordinates": [ 86.2606888, 26.7649956 ] } },
{ "type": "Feature", "properties": { "name": "Shree Basic School-5 Naraha RMP", "amenity": "school", "addr_city": null, "osm_id": 9785214855, "osm_type": "nodes" }, "geometry": { "type": "Point", "coordinates": [ 86.2630386, 26.7589874 ] } },
{ "type": "Feature", "properties": { "name": "Gurukul Pathshala English Medium School", "amenity": "school", "addr_city": null, "osm_id": 11993162151, "osm_type": "nodes" }, "geometry": { "type": "Point", "coordinates": [ 86.0849056, 26.7782481 ] } },
{ "type": "Feature", "properties": { "name": "Satoshar Public English Boarding School", "amenity": "school", "addr_city": null, "osm_id": 11993047051, "osm_type": "nodes" }, "geometry": { "type": "Point", "coordinates": [ 86.0838273, 26.7768569 ] } },
{ "type": "Feature", "properties": { "name": "Shree Basic School", "amenity": "school", "addr_city": null, "osm_id": 11993542666, "osm_type": "nodes" }, "geometry": { "type": "Point", "coordinates": [ 85.9109509, 26.7539695 ] } },
{ "type": "Feature", "properties": { "name": "Shree Janata Basic School", "amenity": "school", "addr_city": null, "osm_id": 9791847392, "osm_type": "nodes" }, "geometry": { "type": "Point", "coordinates": [ 85.8888321, 26.7686901 ] } },
{ "type": "Feature", "properties": { "name": "Shree Madarsh Khadriya Garib Nabaj School", "amenity": "school", "addr_city": null, "osm_id": 9791847394, "osm_type": "nodes" }, "geometry": { "type": "Point", "coordinates": [ 85.8856888, 26.7623005 ] } },
{ "type": "Feature", "properties": { "name": "Rastriya Basic School", "amenity": "school", "addr_city": null, "osm_id": 9623669084, "osm_type": "nodes" }, "geometry": { "type": "Point", "coordinates": [ 85.901266, 26.7634936 ] } },
{ "type": "Feature", "properties": { "name": "Shree Gayatri Pragyapith Gurukul", "amenity": "school", "addr_city": null, "osm_id": 9623669085, "osm_type": "nodes" }, "geometry": { "type": "Point", "coordinates": [ 85.9050422, 26.7614945 ] } },
{ "type": "Feature", "properties": { "name": "Shree Ganesh EBS", "amenity": "school", "addr_city": null, "osm_id": 11993536986, "osm_type": "nodes" }, "geometry": { "type": "Point", "coordinates": [ 85.8962229, 26.7594014 ] } },
{ "type": "Feature", "properties": { "name": "Madarsa Kadriya Gulsan Raja School", "amenity": "school", "addr_city": null, "osm_id": 11993536987, "osm_type": "nodes" }, "geometry": { "type": "Point", "coordinates": [ 85.8983727, 26.7611341 ] } },
{ "type": "Feature", "properties": { "name": "Rastriya Secondary School", "amenity": "school", "addr_city": null, "osm_id": 11993534790, "osm_type": "nodes" }, "geometry": { "type": "Point", "coordinates": [ 85.9014076, 26.7616167 ] } },
{ "type": "Feature", "properties": { "name": "Shree Dalit Janjati Utthan Basic School Khutta", "amenity": "school", "addr_city": null, "osm_id": 9791847398, "osm_type": "nodes" }, "geometry": { "type": "Point", "coordinates": [ 85.8416092, 26.7512072 ] } },
{ "type": "Feature", "properties": { "name": "Madrsha Islam Miya School Pipardhi", "amenity": "school", "addr_city": null, "osm_id": 9791847400, "osm_type": "nodes" }, "geometry": { "type": "Point", "coordinates": [ 85.8503647, 26.7583904 ] } },
{ "type": "Feature", "properties": { "name": "Shree Gyan Education English Boarding School Khutti", "amenity": "school", "addr_city": null, "osm_id": 9791847411, "osm_type": "nodes" }, "geometry": { "type": "Point", "coordinates": [ 85.8609772, 26.7498894 ] } },
{ "type": "Feature", "properties": { "name": "Janata Secondary School, Shivpur Tol", "amenity": "school", "addr_city": null, "osm_id": 11993536782, "osm_type": "nodes" }, "geometry": { "type": "Point", "coordinates": [ 85.9552878, 26.7501924 ] } },
{ "type": "Feature", "properties": { "name": "Madarsa Kadriya Rizvia School", "amenity": "school", "addr_city": null, "osm_id": 11993552676, "osm_type": "nodes" }, "geometry": { "type": "Point", "coordinates": [ 85.9528524, 26.7493589 ] } },
{ "type": "Feature", "properties": { "name": "Miftahulolum Madarsa-1 Naraha RMP", "amenity": "school", "addr_city": null, "osm_id": 9785214868, "osm_type": "nodes" }, "geometry": { "type": "Point", "coordinates": [ 86.2892761, 26.7491512 ] } },
{ "type": "Feature", "properties": { "name": "Biswash English Boarding School-1 Naraha RMP", "amenity": "school", "addr_city": null, "osm_id": 9785214869, "osm_type": "nodes" }, "geometry": { "type": "Point", "coordinates": [ 86.2841263, 26.7483978 ] } },
{ "type": "Feature", "properties": { "name": "Shree Basic School -2 Naraha RMP", "amenity": "school", "addr_city": null, "osm_id": 9785214865, "osm_type": "nodes" }, "geometry": { "type": "Point", "coordinates": [ 86.2882538, 26.7497292 ] } },
{ "type": "Feature", "properties": { "name": "??????? ??????????", "amenity": "school", "addr_city": null, "osm_id": 9785153221, "osm_type": "nodes" }, "geometry": { "type": "Point", "coordinates": [ 86.415999, 26.748594 ] } },
{ "type": "Feature", "properties": { "name": "Merry Children P.R.E.B. School", "amenity": "school", "addr_city": null, "osm_id": 9782502686, "osm_type": "nodes" }, "geometry": { "type": "Point", "coordinates": [ 86.4543686, 26.7500114 ] } },
{ "type": "Feature", "properties": { "name": "Jay Sri Raj Devi Boarding School", "amenity": "school", "addr_city": null, "osm_id": 9782502695, "osm_type": "nodes" }, "geometry": { "type": "Point", "coordinates": [ 86.4557114, 26.7553005 ] } },
{ "type": "Feature", "properties": { "name": "Bastipur Secondary School", "amenity": "school", "addr_city": null, "osm_id": 9782502696, "osm_type": "nodes" }, "geometry": { "type": "Point", "coordinates": [ 86.4579544, 26.7476578 ] } },
{ "type": "Feature", "properties": { "name": "Shree Rajaji Baba Madhyamik Vidhyalaya", "amenity": "school", "addr_city": null, "osm_id": 9782502680, "osm_type": "nodes" }, "geometry": { "type": "Point", "coordinates": [ 86.4769974, 26.7496891 ] } },
{ "type": "Feature", "properties": { "name": "Shree Munsif Mahabir Basic School", "amenity": "school", "addr_city": null, "osm_id": 11993386284, "osm_type": "nodes" }, "geometry": { "type": "Point", "coordinates": [ 85.7987058, 26.7456008 ] } },
{ "type": "Feature", "properties": { "name": "Nepal Rastriya Basic School", "amenity": "school", "addr_city": null, "osm_id": 11993402425, "osm_type": "nodes" }, "geometry": { "type": "Point", "coordinates": [ 85.8057734, 26.7517588 ] } },
{ "type": "Feature", "properties": { "name": "Shree Basic School, Jaynagar Dhokre", "amenity": "school", "addr_city": null, "osm_id": 11992050345, "osm_type": "nodes" }, "geometry": { "type": "Point", "coordinates": [ 86.3062569, 26.7495697 ] } },
{ "type": "Feature", "properties": { "name": "Nayan kamakshya primary school", "amenity": "school", "addr_city": null, "osm_id": 6178831652, "osm_type": "nodes" }, "geometry": { "type": "Point", "coordinates": [ 85.3206204, 26.8134407 ] } },
{ "type": "Feature", "properties": { "name": "Shree Primary School", "amenity": "school", "addr_city": null, "osm_id": 9789731597, "osm_type": "nodes" }, "geometry": { "type": "Point", "coordinates": [ 85.317482, 26.7863235 ] } },
{ "type": "Feature", "properties": { "name": "Deaf and Hard of Hearing Residential Basic School", "amenity": "school", "addr_city": null, "osm_id": 9789731598, "osm_type": "nodes" }, "geometry": { "type": "Point", "coordinates": [ 85.3099747, 26.7921371 ] } },
{ "type": "Feature", "properties": { "name": "Shree Dalait Kanya Community Primary School", "amenity": "school", "addr_city": null, "osm_id": 9789731600, "osm_type": "nodes" }, "geometry": { "type": "Point", "coordinates": [ 85.3111954, 26.7907772 ] } },
{ "type": "Feature", "properties": { "name": "Shree Primary School", "amenity": "school", "addr_city": null, "osm_id": 9789731601, "osm_type": "nodes" }, "geometry": { "type": "Point", "coordinates": [ 85.3182678, 26.8029976 ] } },
{ "type": "Feature", "properties": { "name": "Nayan Kamakshya Primary School", "amenity": "school", "addr_city": null, "osm_id": 5419578512, "osm_type": "nodes" }, "geometry": { "type": "Point", "coordinates": [ 85.3205578, 26.8135451 ] } },
{ "type": "Feature", "properties": { "name": "Naya Primary School", "amenity": "school", "addr_city": null, "osm_id": 11994824197, "osm_type": "nodes" }, "geometry": { "type": "Point", "coordinates": [ 85.3438809, 26.8089399 ] } },
{ "type": "Feature", "properties": { "name": "Shree Janata Basic School, Padaul", "amenity": "school", "addr_city": null, "osm_id": 11993371365, "osm_type": "nodes" }, "geometry": { "type": "Point", "coordinates": [ 85.8094239, 26.7462284 ] } },
{ "type": "Feature", "properties": { "name": "Janata Madhyamik Bidyalaya Karunyahi, Kalyanpur 10", "amenity": "school", "addr_city": null, "osm_id": 9765880846, "osm_type": "nodes" }, "geometry": { "type": "Point", "coordinates": [ 86.2147941, 26.755829 ] } },
{ "type": "Feature", "properties": { "name": "Aadharbhuht Bidyalaya Bhokraha Arnama 6", "amenity": "school", "addr_city": null, "osm_id": 9765880834, "osm_type": "nodes" }, "geometry": { "type": "Point", "coordinates": [ 86.2221912, 26.7440358 ] } },
{ "type": "Feature", "properties": { "name": "Janata Technical Secondary School, Rajpur", "amenity": "school", "addr_city": null, "osm_id": 11991867085, "osm_type": "nodes" }, "geometry": { "type": "Point", "coordinates": [ 86.2459239, 26.7398808 ] } },
{ "type": "Feature", "properties": { "name": "Madarsha Gulshan Reja", "amenity": "school", "addr_city": null, "osm_id": 9791862559, "osm_type": "nodes" }, "geometry": { "type": "Point", "coordinates": [ 85.745697, 26.7409687 ] } },
{ "type": "Feature", "properties": { "name": "Arjun Basic School, Durgapur", "amenity": "school", "addr_city": null, "osm_id": 11992110368, "osm_type": "nodes" }, "geometry": { "type": "Point", "coordinates": [ 86.3362031, 26.7422426 ] } },
{ "type": "Feature", "properties": { "name": "Sarswati Ma Bi", "amenity": "school", "addr_city": null, "osm_id": 9780460526, "osm_type": "nodes" }, "geometry": { "type": "Point", "coordinates": [ 87.1715241, 26.7388496 ] } },
{ "type": "Feature", "properties": { "name": "Shree Rastiya Prathamik Bidalay", "amenity": "school", "addr_city": null, "osm_id": 9794025751, "osm_type": "nodes" }, "geometry": { "type": "Point", "coordinates": [ 86.0035324, 26.7633686 ] } },
{ "type": "Feature", "properties": { "name": "Shree Rastriya Prathmic Bidhyalya,Baghachaura", "amenity": "school", "addr_city": null, "osm_id": 9794025766, "osm_type": "nodes" }, "geometry": { "type": "Point", "coordinates": [ 85.9884109, 26.7610226 ] } },
{ "type": "Feature", "properties": { "name": "Shree Rastya Prathmik Bidalay Manipatti", "amenity": "school", "addr_city": null, "osm_id": 9794025754, "osm_type": "nodes" }, "geometry": { "type": "Point", "coordinates": [ 85.9927063, 26.7396965 ] } },
{ "type": "Feature", "properties": { "name": "Shree Ra Pra Bhagawan Patti", "amenity": "school", "addr_city": null, "osm_id": 9794025757, "osm_type": "nodes" }, "geometry": { "type": "Point", "coordinates": [ 85.9840927, 26.7479305 ] } },
{ "type": "Feature", "properties": { "name": "Kalash Academy", "amenity": "school", "addr_city": null, "osm_id": 9655526968, "osm_type": "nodes" }, "geometry": { "type": "Point", "coordinates": [ 86.0079409, 26.8038754 ] } },
{ "type": "Feature", "properties": { "name": "B.P. Memorial English School", "amenity": "school", "addr_city": null, "osm_id": 9655526955, "osm_type": "nodes" }, "geometry": { "type": "Point", "coordinates": [ 86.0221188, 26.7811451 ] } },
{ "type": "Feature", "properties": { "name": "Janki Vidya Niketan", "amenity": "school", "addr_city": null, "osm_id": 9655526946, "osm_type": "nodes" }, "geometry": { "type": "Point", "coordinates": [ 86.0029386, 26.7979066 ] } },
{ "type": "Feature", "properties": { "name": "Shree Shahid Chandeshwar Rastriya Prathamik Vidhyalaya", "amenity": "school", "addr_city": null, "osm_id": 9655526963, "osm_type": "nodes" }, "geometry": { "type": "Point", "coordinates": [ 86.0036384, 26.7987121 ] } },
{ "type": "Feature", "properties": { "name": "Rastriya Prathmic Bidhyalay,Khatbe Tol", "amenity": "school", "addr_city": null, "osm_id": 9794025768, "osm_type": "nodes" }, "geometry": { "type": "Point", "coordinates": [ 86.0004425, 26.7736168 ] } },
{ "type": "Feature", "properties": { "name": "Shree Madhyamik Vidhyalaya", "amenity": "school", "addr_city": null, "osm_id": 4321667149, "osm_type": "nodes" }, "geometry": { "type": "Point", "coordinates": [ 86.0017032, 26.7944644 ] } },
{ "type": "Feature", "properties": { "name": "Lotus Public School", "amenity": "school", "addr_city": null, "osm_id": 9655526945, "osm_type": "nodes" }, "geometry": { "type": "Point", "coordinates": [ 86.0040706, 26.7950705 ] } },
{ "type": "Feature", "properties": { "name": "Madarsha", "amenity": "school", "addr_city": null, "osm_id": 9655526944, "osm_type": "nodes" }, "geometry": { "type": "Point", "coordinates": [ 86.0032645, 26.7952397 ] } },
{ "type": "Feature", "properties": { "name": "???? ???? ?????? ??????? ??????", "amenity": "school", "addr_city": null, "osm_id": 9785083503, "osm_type": "nodes" }, "geometry": { "type": "Point", "coordinates": [ 86.391133, 26.737633 ] } },
{ "type": "Feature", "properties": { "name": "Shree Janata Aadharbhut Bidyalai Santnagar", "amenity": "school", "addr_city": null, "osm_id": 9785153226, "osm_type": "nodes" }, "geometry": { "type": "Point", "coordinates": [ 86.384439, 26.743489 ] } },
{ "type": "Feature", "properties": { "name": "???? ???????? ??????", "amenity": "school", "addr_city": null, "osm_id": 9785083513, "osm_type": "nodes" }, "geometry": { "type": "Point", "coordinates": [ 86.400292, 26.739572 ] } },
{ "type": "Feature", "properties": { "name": "Primary School Mansinhapatti Yetariya", "amenity": "school", "addr_city": null, "osm_id": 9623333270, "osm_type": "nodes" }, "geometry": { "type": "Point", "coordinates": [ 85.9757343, 26.740695 ] } },
{ "type": "Feature", "properties": { "name": "Janata Secondary School, Mahanaur Betauna", "amenity": "school", "addr_city": null, "osm_id": 11992111065, "osm_type": "nodes" }, "geometry": { "type": "Point", "coordinates": [ 86.3012069, 26.7400557 ] } },
{ "type": "Feature", "properties": { "name": "Shree Chetnarayan Surat NarayanBasic School, Hirduwa", "amenity": "school", "addr_city": null, "osm_id": 9791777969, "osm_type": "nodes" }, "geometry": { "type": "Point", "coordinates": [ 85.7964554, 26.7345829 ] } },
{ "type": "Feature", "properties": { "name": "Shree Janta Aadharbhut Bidhalay Back Ha 8", "amenity": "school", "addr_city": null, "osm_id": 9785083498, "osm_type": "nodes" }, "geometry": { "type": "Point", "coordinates": [ 86.416783, 26.734335 ] } },
{ "type": "Feature", "properties": { "name": "Janata Basic School, Banchauri", "amenity": "school", "addr_city": null, "osm_id": 11993402226, "osm_type": "nodes" }, "geometry": { "type": "Point", "coordinates": [ 85.8285454, 26.7326238 ] } },
{ "type": "Feature", "properties": { "name": "Shree Ni. Ma .Bi .Sugamadhukarhi 6 Pachwari Tole", "amenity": "school", "addr_city": null, "osm_id": 9794025753, "osm_type": "nodes" }, "geometry": { "type": "Point", "coordinates": [ 86.0195999, 26.7381496 ] } },
{ "type": "Feature", "properties": { "name": "Sri Adharbhut Bhidyalaya Lahan Ghot", "amenity": "school", "addr_city": null, "osm_id": 9782502665, "osm_type": "nodes" }, "geometry": { "type": "Point", "coordinates": [ 86.4880371, 26.7323475 ] } },
{ "type": "Feature", "properties": { "name": "Shree Secondary School, Badiya", "amenity": "school", "addr_city": null, "osm_id": 11993321665, "osm_type": "nodes" }, "geometry": { "type": "Point", "coordinates": [ 85.8182108, 26.7320189 ] } },
{ "type": "Feature", "properties": { "name": "Shree Mohan S. School", "amenity": "school", "addr_city": null, "osm_id": 9794025748, "osm_type": "nodes" }, "geometry": { "type": "Point", "coordinates": [ 86.038681, 26.7584209 ] } },
{ "type": "Feature", "properties": { "name": "Shree Janta Rastya Prathmik Vidyalaya Sugamadhukarhi Garaiya Tole", "amenity": "school", "addr_city": null, "osm_id": 9794025756, "osm_type": "nodes" }, "geometry": { "type": "Point", "coordinates": [ 86.0239182, 26.74897 ] } },
{ "type": "Feature", "properties": { "name": "Shree Tapshi Baba College Tilihi Haspur", "amenity": "school", "addr_city": null, "osm_id": 9794025738, "osm_type": "nodes" }, "geometry": { "type": "Point", "coordinates": [ 86.0438843, 26.7398186 ] } },
{ "type": "Feature", "properties": { "name": "Shree Adharbhut Ni.Ma.Bi Adharbikrampur Modha", "amenity": "school", "addr_city": null, "osm_id": 9794025762, "osm_type": "nodes" }, "geometry": { "type": "Point", "coordinates": [ 86.0236359, 26.7306633 ] } },
{ "type": "Feature", "properties": { "name": "Sona Shakati Ma English Boarding", "amenity": "school", "addr_city": null, "osm_id": 9794025746, "osm_type": "nodes" }, "geometry": { "type": "Point", "coordinates": [ 86.0424194, 26.7539616 ] } },
{ "type": "Feature", "properties": { "name": "Shree Dalit Ra. Pra.School", "amenity": "school", "addr_city": null, "osm_id": 9794025737, "osm_type": "nodes" }, "geometry": { "type": "Point", "coordinates": [ 86.0495834, 26.7472649 ] } },
{ "type": "Feature", "properties": { "name": "Shree Gurudev Janta Ra.Pra. Bi. School Sugakatti", "amenity": "school", "addr_city": null, "osm_id": 9794025741, "osm_type": "nodes" }, "geometry": { "type": "Point", "coordinates": [ 86.0408249, 26.7476196 ] } },
{ "type": "Feature", "properties": { "name": "Shree Janta Rastiya Prathamik School Rudauli", "amenity": "school", "addr_city": null, "osm_id": 9794025761, "osm_type": "nodes" }, "geometry": { "type": "Point", "coordinates": [ 86.0326462, 26.7321453 ] } },
{ "type": "Feature", "properties": { "name": "Madarsha Gulasane Madina", "amenity": "school", "addr_city": null, "osm_id": 9794025744, "osm_type": "nodes" }, "geometry": { "type": "Point", "coordinates": [ 86.040596, 26.756979 ] } },
{ "type": "Feature", "properties": { "name": "Madarsh Talimun Kuran Suganikash", "amenity": "school", "addr_city": null, "osm_id": 9794025745, "osm_type": "nodes" }, "geometry": { "type": "Point", "coordinates": [ 86.0417099, 26.755106 ] } },
{ "type": "Feature", "properties": { "name": "Janta Aadharbhut Bidhyalaya Taitish Bigha . Dhangadhimai N.Pa.", "amenity": "school", "addr_city": null, "osm_id": 9785083499, "osm_type": "nodes" }, "geometry": { "type": "Point", "coordinates": [ 86.370071, 26.731287 ] } },
{ "type": "Feature", "properties": { "name": "???? ??????? ??????? ?????? ???????? ????????? ???????? ?.??.3", "amenity": "school", "addr_city": null, "osm_id": 9785153228, "osm_type": "nodes" }, "geometry": { "type": "Point", "coordinates": [ 86.431665, 26.731053 ] } },
{ "type": "Feature", "properties": { "name": "Salhesh Phoolwari Secondary EBS", "amenity": "school", "addr_city": null, "osm_id": 9782502713, "osm_type": "nodes" }, "geometry": { "type": "Point", "coordinates": [ 86.446228, 26.7258091 ] } },
{ "type": "Feature", "properties": { "name": "Shree Ganeshpur Adharbhut Vidhyalaya", "amenity": "school", "addr_city": null, "osm_id": 9782502687, "osm_type": "nodes" }, "geometry": { "type": "Point", "coordinates": [ 86.445816, 26.7317524 ] } },
{ "type": "Feature", "properties": { "name": "Shree Durga Ma. Bi.", "amenity": "school", "addr_city": null, "osm_id": 9791862562, "osm_type": "nodes" }, "geometry": { "type": "Point", "coordinates": [ 85.749115, 26.7318172 ] } },
{ "type": "Feature", "properties": { "name": "Nepal Rastriya Aadharbhut Bi.", "amenity": "school", "addr_city": null, "osm_id": 9791862564, "osm_type": "nodes" }, "geometry": { "type": "Point", "coordinates": [ 85.7531509, 26.7275448 ] } },
{ "type": "Feature", "properties": { "name": "Haringra Basic School", "amenity": "school", "addr_city": null, "osm_id": 11991950230, "osm_type": "nodes" }, "geometry": { "type": "Point", "coordinates": [ 86.2482119, 26.728967 ] } },
{ "type": "Feature", "properties": { "name": "???? ??? ????? ?????????? ??? ???? ??????? ?????", "amenity": "school", "addr_city": null, "osm_id": 9785083510, "osm_type": "nodes" }, "geometry": { "type": "Point", "coordinates": [ 86.420198, 26.728455 ] } },
{ "type": "Feature", "properties": { "name": "Riya English Boarding School", "amenity": "school", "addr_city": null, "osm_id": 9791862545, "osm_type": "nodes" }, "geometry": { "type": "Point", "coordinates": [ 85.7816925, 26.7263279 ] } },
{ "type": "Feature", "properties": { "name": "Nepal Public English Boarding School", "amenity": "school", "addr_city": null, "osm_id": 9791862546, "osm_type": "nodes" }, "geometry": { "type": "Point", "coordinates": [ 85.7800446, 26.7433662 ] } },
{ "type": "Feature", "properties": { "name": "Shree Saryu Munilal Ma.Bi.", "amenity": "school", "addr_city": null, "osm_id": 9791862547, "osm_type": "nodes" }, "geometry": { "type": "Point", "coordinates": [ 85.7847672, 26.7409019 ] } },
{ "type": "Feature", "properties": { "name": "Glory English Boarding School", "amenity": "school", "addr_city": null, "osm_id": 9791862548, "osm_type": "nodes" }, "geometry": { "type": "Point", "coordinates": [ 85.7778931, 26.745697 ] } },
{ "type": "Feature", "properties": { "name": "Shree Chulahi May Aadharbhut School", "amenity": "school", "addr_city": null, "osm_id": 9791862549, "osm_type": "nodes" }, "geometry": { "type": "Point", "coordinates": [ 85.7781448, 26.7445889 ] } },
{ "type": "Feature", "properties": { "name": "Sahdev Sahani Aadharbhut Bidhayalai", "amenity": "school", "addr_city": null, "osm_id": 9791862550, "osm_type": "nodes" }, "geometry": { "type": "Point", "coordinates": [ 85.7810593, 26.7263031 ] } },
{ "type": "Feature", "properties": { "name": "Study Point English Boarding School", "amenity": "school", "addr_city": null, "osm_id": 9791862551, "osm_type": "nodes" }, "geometry": { "type": "Point", "coordinates": [ 85.7776184, 26.7413654 ] } },
{ "type": "Feature", "properties": { "name": "Mahottari Dream Star English Boarding school", "amenity": "school", "addr_city": null, "osm_id": 9791862552, "osm_type": "nodes" }, "geometry": { "type": "Point", "coordinates": [ 85.7803116, 26.7418613 ] } },
{ "type": "Feature", "properties": { "name": "Madarsa phaijul koran", "amenity": "school", "addr_city": null, "osm_id": 9791862565, "osm_type": "nodes" }, "geometry": { "type": "Point", "coordinates": [ 85.7838974, 26.7230015 ] } },
{ "type": "Feature", "properties": { "name": "Mount English Bording School", "amenity": "school", "addr_city": null, "osm_id": 9791862566, "osm_type": "nodes" }, "geometry": { "type": "Point", "coordinates": [ 85.7821808, 26.722971 ] } },
{ "type": "Feature", "properties": { "name": "Madarsha Guljare madina", "amenity": "school", "addr_city": null, "osm_id": 9791862529, "osm_type": "nodes" }, "geometry": { "type": "Point", "coordinates": [ 85.7815857, 26.7436523 ] } },
{ "type": "Feature", "properties": { "name": "Balwa Child Glory English Boarding School", "amenity": "school", "addr_city": null, "osm_id": 11993409618, "osm_type": "nodes" }, "geometry": { "type": "Point", "coordinates": [ 85.7880534, 26.7427588 ] } },
{ "type": "Feature", "properties": { "name": "Shree Rastriya Basic School, Gorigamma", "amenity": "school", "addr_city": null, "osm_id": 9791777965, "osm_type": "nodes" }, "geometry": { "type": "Point", "coordinates": [ 85.8054199, 26.7255287 ] } },
{ "type": "Feature", "properties": { "name": "Diya Mithala English Boarding School", "amenity": "school", "addr_city": null, "osm_id": 9791777967, "osm_type": "nodes" }, "geometry": { "type": "Point", "coordinates": [ 85.8048782, 26.7242985 ] } },
{ "type": "Feature", "properties": { "name": "Shree Rastriya Basic School Hari hirduwa, Hari", "amenity": "school", "addr_city": null, "osm_id": 9791777970, "osm_type": "nodes" }, "geometry": { "type": "Point", "coordinates": [ 85.8053665, 26.7313309 ] } },
{ "type": "Feature", "properties": { "name": "Convent Secondary Boarding School", "amenity": "school", "addr_city": null, "osm_id": 9782498505, "osm_type": "nodes" }, "geometry": { "type": "Point", "coordinates": [ 86.4803085, 26.7255173 ] } },
{ "type": "Feature", "properties": { "name": "Lahan Merry Children Academy", "amenity": "school", "addr_city": null, "osm_id": 9782498506, "osm_type": "nodes" }, "geometry": { "type": "Point", "coordinates": [ 86.4798508, 26.7285938 ] } },
{ "type": "Feature", "properties": { "name": "Dibya Jyoti Pathsala", "amenity": "school", "addr_city": null, "osm_id": 9782498508, "osm_type": "nodes" }, "geometry": { "type": "Point", "coordinates": [ 86.4785309, 26.7292023 ] } },
{ "type": "Feature", "properties": { "name": "Little Star Secondary School", "amenity": "school", "addr_city": null, "osm_id": 9782502664, "osm_type": "nodes" }, "geometry": { "type": "Point", "coordinates": [ 86.4797592, 26.7244549 ] } },
{ "type": "Feature", "properties": { "name": "Lahan Polytechnics Ctevt", "amenity": "school", "addr_city": null, "osm_id": 9782502663, "osm_type": "nodes" }, "geometry": { "type": "Point", "coordinates": [ 86.4794998, 26.729084 ] } },
{ "type": "Feature", "properties": { "name": "South Star English Boarding School", "amenity": "school", "addr_city": null, "osm_id": 9791862570, "osm_type": "nodes" }, "geometry": { "type": "Point", "coordinates": [ 85.7727432, 26.7243748 ] } },
{ "type": "Feature", "properties": { "name": "Shree Janta Basic School Bhagwanpur", "amenity": "school", "addr_city": null, "osm_id": 9791847384, "osm_type": "nodes" }, "geometry": { "type": "Point", "coordinates": [ 85.8372574, 26.7223396 ] } },
{ "type": "Feature", "properties": { "name": "Prabhat Bidhya Mandir", "amenity": "school", "addr_city": null, "osm_id": 9780460525, "osm_type": "nodes" }, "geometry": { "type": "Point", "coordinates": [ 87.1815109, 26.7213364 ] } },
{ "type": "Feature", "properties": { "name": "The Child Care English Boarding School", "amenity": "school", "addr_city": null, "osm_id": 11991930902, "osm_type": "nodes" }, "geometry": { "type": "Point", "coordinates": [ 86.2505185, 26.7201796 ] } },
{ "type": "Feature", "properties": { "name": "Agrim Academy Pvt. Ltd.", "amenity": "school", "addr_city": null, "osm_id": 9782502645, "osm_type": "nodes" }, "geometry": { "type": "Point", "coordinates": [ 86.4858475, 26.717804 ] } },
{ "type": "Feature", "properties": { "name": "Lahan Nepal Public School", "amenity": "school", "addr_city": null, "osm_id": 9782502640, "osm_type": "nodes" }, "geometry": { "type": "Point", "coordinates": [ 86.4892197, 26.7170391 ] } },
{ "type": "Feature", "properties": { "name": "Shri Madesh Sajid Vijay Sahani Adharbhut Vidyalaya", "amenity": "school", "addr_city": null, "osm_id": 9782502644, "osm_type": "nodes" }, "geometry": { "type": "Point", "coordinates": [ 86.488472, 26.7183094 ] } },
{ "type": "Feature", "properties": { "name": "Shree Janta Basic School Gachi Tole", "amenity": "school", "addr_city": null, "osm_id": 9791847386, "osm_type": "nodes" }, "geometry": { "type": "Point", "coordinates": [ 85.8586731, 26.7270851 ] } },
{ "type": "Feature", "properties": { "name": "Shree Madras Mhomdiya Barkati School Majit Tole", "amenity": "school", "addr_city": null, "osm_id": 9791847387, "osm_type": "nodes" }, "geometry": { "type": "Point", "coordinates": [ 85.8545074, 26.7230339 ] } },
{ "type": "Feature", "properties": { "name": "Shree Bhramarpura Mithila Public High Secondary School Mahabirsthan", "amenity": "school", "addr_city": null, "osm_id": 9791847389, "osm_type": "nodes" }, "geometry": { "type": "Point", "coordinates": [ 85.8525314, 26.7255039 ] } },
{ "type": "Feature", "properties": { "name": "Shree Janata Ra. Basic School", "amenity": "school", "addr_city": null, "osm_id": 9793999215, "osm_type": "nodes" }, "geometry": { "type": "Point", "coordinates": [ 85.9953232, 26.7285652 ] } },
{ "type": "Feature", "properties": { "name": "Shree Sarbodaya Secondary School", "amenity": "school", "addr_city": null, "osm_id": 9793999213, "osm_type": "nodes" }, "geometry": { "type": "Point", "coordinates": [ 85.998764, 26.7242832 ] } },
{ "type": "Feature", "properties": { "name": "Creative Public Boarding School", "amenity": "school", "addr_city": null, "osm_id": 9794017720, "osm_type": "nodes" }, "geometry": { "type": "Point", "coordinates": [ 86.0003281, 26.7217274 ] } },
{ "type": "Feature", "properties": { "name": "Shree Rastya Prathmik Vidyalaya Narahiya", "amenity": "school", "addr_city": null, "osm_id": 9794025752, "osm_type": "nodes" }, "geometry": { "type": "Point", "coordinates": [ 85.9977875, 26.7329636 ] } },
{ "type": "Feature", "properties": { "name": "Shishu English Boarding School", "amenity": "school", "addr_city": null, "osm_id": 11991794693, "osm_type": "nodes" }, "geometry": { "type": "Point", "coordinates": [ 86.2835687, 26.7174555 ] } },
{ "type": "Feature", "properties": { "name": "Janata Secondary School, Brahmapuri", "amenity": "school", "addr_city": null, "osm_id": 11991796265, "osm_type": "nodes" }, "geometry": { "type": "Point", "coordinates": [ 86.2862778, 26.7209031 ] } },
{ "type": "Feature", "properties": { "name": "Shree Janata Adharbhut Bi.", "amenity": "school", "addr_city": null, "osm_id": 9791862568, "osm_type": "nodes" }, "geometry": { "type": "Point", "coordinates": [ 85.7626266, 26.7178764 ] } },
{ "type": "Feature", "properties": { "name": "Siraha Himalay Academy Bording School", "amenity": "school", "addr_city": null, "osm_id": 9785083511, "osm_type": "nodes" }, "geometry": { "type": "Point", "coordinates": [ 86.405152, 26.722575 ] } },
{ "type": "Feature", "properties": { "name": "shree Saraswati madhyamik vidhyalaya", "amenity": "school", "addr_city": null, "osm_id": 9780444576, "osm_type": "nodes" }, "geometry": { "type": "Point", "coordinates": [ 87.0961151, 26.7146492 ] } },
{ "type": "Feature", "properties": { "name": "Children Hard Academy", "amenity": "school", "addr_city": null, "osm_id": 9780444600, "osm_type": "nodes" }, "geometry": { "type": "Point", "coordinates": [ 87.1093063, 26.7156677 ] } },
{ "type": "Feature", "properties": { "name": "Madarsa Phejuanbi Huri Markaji Daru Karat School", "amenity": "school", "addr_city": null, "osm_id": 11993520027, "osm_type": "nodes" }, "geometry": { "type": "Point", "coordinates": [ 85.9476757, 26.7076729 ] } },
{ "type": "Feature", "properties": { "name": "Sankalpa Batika School", "amenity": "school", "addr_city": null, "osm_id": 9782502631, "osm_type": "nodes" }, "geometry": { "type": "Point", "coordinates": [ 86.4822083, 26.7106648 ] } },
{ "type": "Feature", "properties": { "name": "Shree Adharbhut Bidhyalaya Singrahi Matiyarwa", "amenity": "school", "addr_city": null, "osm_id": 9782502636, "osm_type": "nodes" }, "geometry": { "type": "Point", "coordinates": [ 86.4795456, 26.7069683 ] } },
{ "type": "Feature", "properties": { "name": "Sidhartha Vidhya Niketan", "amenity": "school", "addr_city": null, "osm_id": 9782502638, "osm_type": "nodes" }, "geometry": { "type": "Point", "coordinates": [ 86.4779968, 26.7106361 ] } },
{ "type": "Feature", "properties": { "name": "Shree Laxman Lalita Khuswaha Secondary School", "amenity": "school", "addr_city": null, "osm_id": 9782502699, "osm_type": "nodes" }, "geometry": { "type": "Point", "coordinates": [ 86.4881401, 26.7089105 ] } },
{ "type": "Feature", "properties": { "name": "Shree Gyan Jyoti Adharbhut Bidhyalaya", "amenity": "school", "addr_city": null, "osm_id": 9782498509, "osm_type": "nodes" }, "geometry": { "type": "Point", "coordinates": [ 86.4712524, 26.720026 ] } },
{ "type": "Feature", "properties": { "name": "Imperial Internaional Academy", "amenity": "school", "addr_city": null, "osm_id": 9782498503, "osm_type": "nodes" }, "geometry": { "type": "Point", "coordinates": [ 86.4707031, 26.7134495 ] } },
{ "type": "Feature", "properties": { "name": "Aadharbhut Bidyalaya, Kalyanpur -12", "amenity": "school", "addr_city": null, "osm_id": 9765880872, "osm_type": "nodes" }, "geometry": { "type": "Point", "coordinates": [ 86.2332425, 26.7093994 ] } },
{ "type": "Feature", "properties": { "name": "Shree Basic School", "amenity": "school", "addr_city": null, "osm_id": 11991956062, "osm_type": "nodes" }, "geometry": { "type": "Point", "coordinates": [ 86.2259039, 26.7151531 ] } },
{ "type": "Feature", "properties": { "name": "Shree Secondary School, Thalha Katha", "amenity": "school", "addr_city": null, "osm_id": 11991957132, "osm_type": "nodes" }, "geometry": { "type": "Point", "coordinates": [ 86.2299702, 26.715776 ] } },
{ "type": "Feature", "properties": { "name": "Shree Higher Secondary School", "amenity": "school", "addr_city": null, "osm_id": 9791782904, "osm_type": "nodes" }, "geometry": { "type": "Point", "coordinates": [ 85.7606354, 26.702837 ] } },
{ "type": "Feature", "properties": { "name": "Shree Basic School-1 Rampur, Laxmipur Patari RMP", "amenity": "school", "addr_city": null, "osm_id": 9785277828, "osm_type": "nodes" }, "geometry": { "type": "Point", "coordinates": [ 86.4072495, 26.7034225 ] } },
{ "type": "Feature", "properties": { "name": "Rastriya Basic School, Bhoiel Tol", "amenity": "school", "addr_city": null, "osm_id": 11993551134, "osm_type": "nodes" }, "geometry": { "type": "Point", "coordinates": [ 85.9737039, 26.7055883 ] } },
{ "type": "Feature", "properties": { "name": "Darul Aalum Ishlamiya Girls School", "amenity": "school", "addr_city": null, "osm_id": 9791862553, "osm_type": "nodes" }, "geometry": { "type": "Point", "coordinates": [ 85.7315063, 26.7044392 ] } },
{ "type": "Feature", "properties": { "name": "Madarsa Majharul Aalum", "amenity": "school", "addr_city": null, "osm_id": 9791862554, "osm_type": "nodes" }, "geometry": { "type": "Point", "coordinates": [ 85.7322464, 26.7050476 ] } },
{ "type": "Feature", "properties": { "name": "Morning Glory English Boarding School", "amenity": "school", "addr_city": null, "osm_id": 9791862532, "osm_type": "nodes" }, "geometry": { "type": "Point", "coordinates": [ 85.7388611, 26.7105846 ] } },
{ "type": "Feature", "properties": { "name": "Shree Janta Madhyamaki Bidhaylai", "amenity": "school", "addr_city": null, "osm_id": 9791862534, "osm_type": "nodes" }, "geometry": { "type": "Point", "coordinates": [ 85.7381668, 26.7105656 ] } },
{ "type": "Feature", "properties": { "name": "Gyan Ganga International Public School", "amenity": "school", "addr_city": null, "osm_id": 11993498337, "osm_type": "nodes" }, "geometry": { "type": "Point", "coordinates": [ 85.9311828, 26.7122996 ] } },
{ "type": "Feature", "properties": { "name": "Oxford English Boarding School", "amenity": "school", "addr_city": null, "osm_id": 11993437517, "osm_type": "nodes" }, "geometry": { "type": "Point", "coordinates": [ 85.9326366, 26.7045173 ] } },
{ "type": "Feature", "properties": { "name": "Shree Secondary School, Kuwa Rampur", "amenity": "school", "addr_city": null, "osm_id": 11993521327, "osm_type": "nodes" }, "geometry": { "type": "Point", "coordinates": [ 85.9342486, 26.7072416 ] } },
{ "type": "Feature", "properties": { "name": "Airaways Academy", "amenity": "school", "addr_city": null, "osm_id": 11993511229, "osm_type": "nodes" }, "geometry": { "type": "Point", "coordinates": [ 85.9297532, 26.7109003 ] } },
{ "type": "Feature", "properties": { "name": "Monalisa EBS", "amenity": "school", "addr_city": null, "osm_id": 11993489403, "osm_type": "nodes" }, "geometry": { "type": "Point", "coordinates": [ 85.9306356, 26.7135047 ] } },
{ "type": "Feature", "properties": { "name": "Madarsa Rijwiya Nuriya", "amenity": "school", "addr_city": null, "osm_id": 11993504056, "osm_type": "nodes" }, "geometry": { "type": "Point", "coordinates": [ 85.9318238, 26.7147147 ] } },
{ "type": "Feature", "properties": { "name": "Shree secondary School-1 Pipra, Laxmipur Patari RMP", "amenity": "school", "addr_city": null, "osm_id": 9785277829, "osm_type": "nodes" }, "geometry": { "type": "Point", "coordinates": [ 86.4010162, 26.6958561 ] } },
{ "type": "Feature", "properties": { "name": "Shree Adharbhut Vidhyalaya Kataha", "amenity": "school", "addr_city": null, "osm_id": 9782502620, "osm_type": "nodes" }, "geometry": { "type": "Point", "coordinates": [ 86.4856644, 26.6939411 ] } },
{ "type": "Feature", "properties": { "name": "Rara Education Academy", "amenity": "school", "addr_city": null, "osm_id": 9782502623, "osm_type": "nodes" }, "geometry": { "type": "Point", "coordinates": [ 86.4859772, 26.6961422 ] } },
{ "type": "Feature", "properties": { "name": "Bal Jyoti English Boarding School", "amenity": "school", "addr_city": null, "osm_id": 11968786841, "osm_type": "nodes" }, "geometry": { "type": "Point", "coordinates": [ 86.2361795, 26.692064 ] } },
{ "type": "Feature", "properties": { "name": "Shree Fuhilal Primary School", "amenity": "school", "addr_city": null, "osm_id": 9623333268, "osm_type": "nodes" }, "geometry": { "type": "Point", "coordinates": [ 85.9552196, 26.7025057 ] } },
{ "type": "Feature", "properties": { "name": "Lomas Public EBS", "amenity": "school", "addr_city": null, "osm_id": 11993503875, "osm_type": "nodes" }, "geometry": { "type": "Point", "coordinates": [ 85.9540191, 26.6994398 ] } },
{ "type": "Feature", "properties": { "name": "Aarati EBS, Lohana Tol", "amenity": "school", "addr_city": null, "osm_id": 11993520021, "osm_type": "nodes" }, "geometry": { "type": "Point", "coordinates": [ 85.9520128, 26.7004773 ] } },
{ "type": "Feature", "properties": { "name": "Shri Saptakoshi English Boarding School", "amenity": "school", "addr_city": null, "osm_id": 9768431328, "osm_type": "nodes" }, "geometry": { "type": "Point", "coordinates": [ 86.9385202, 26.6889005 ] } },
{ "type": "Feature", "properties": { "name": "Shree MA.BI.Sashram", "amenity": "school", "addr_city": null, "osm_id": 9791862555, "osm_type": "nodes" }, "geometry": { "type": "Point", "coordinates": [ 85.7412872, 26.6950493 ] } },
{ "type": "Feature", "properties": { "name": "Shree Rastriya Basic School", "amenity": "school", "addr_city": null, "osm_id": 9791826819, "osm_type": "nodes" }, "geometry": { "type": "Point", "coordinates": [ 85.7479095, 26.6838951 ] } },
{ "type": "Feature", "properties": { "name": "Shree Nabdurga prathamik Vidyalaya", "amenity": "school", "addr_city": null, "osm_id": 9780444577, "osm_type": "nodes" }, "geometry": { "type": "Point", "coordinates": [ 87.0982895, 26.6835976 ] } },
{ "type": "Feature", "properties": { "name": "Himalayan English High School", "amenity": "school", "addr_city": null, "osm_id": 9776966676, "osm_type": "nodes" }, "geometry": { "type": "Point", "coordinates": [ 88.098867, 26.6825339 ] } },
{ "type": "Feature", "properties": { "name": "Shree Munri Rastriya Basic School", "amenity": "school", "addr_city": null, "osm_id": 9791782909, "osm_type": "nodes" }, "geometry": { "type": "Point", "coordinates": [ 85.7632675, 26.6836987 ] } },
{ "type": "Feature", "properties": { "name": "Shree Dalit Janta Basic School", "amenity": "school", "addr_city": null, "osm_id": 9791782910, "osm_type": "nodes" }, "geometry": { "type": "Point", "coordinates": [ 85.7608948, 26.6835175 ] } },
{ "type": "Feature", "properties": { "name": "Shree Ganta Basic School", "amenity": "school", "addr_city": null, "osm_id": 9791782911, "osm_type": "nodes" }, "geometry": { "type": "Point", "coordinates": [ 85.7656384, 26.6737552 ] } },
{ "type": "Feature", "properties": { "name": "Shree Mount Everest English Boarding Secondary School", "amenity": "school", "addr_city": null, "osm_id": 9791826818, "osm_type": "nodes" }, "geometry": { "type": "Point", "coordinates": [ 85.7622452, 26.6991673 ] } },
{ "type": "Feature", "properties": { "name": "Madara Gausiya Rijbaniya Olam School", "amenity": "school", "addr_city": null, "osm_id": 9791782908, "osm_type": "nodes" }, "geometry": { "type": "Point", "coordinates": [ 85.7639542, 26.683115 ] } },
{ "type": "Feature", "properties": { "name": "Madrsa Gausiya Madintul", "amenity": "school", "addr_city": null, "osm_id": 9791862541, "osm_type": "nodes" }, "geometry": { "type": "Point", "coordinates": [ 85.7314758, 26.669035 ] } },
{ "type": "Feature", "properties": { "name": "Madrsa Gausiya Madintul", "amenity": "school", "addr_city": null, "osm_id": 9791862541, "osm_type": "nodes" }, "geometry": { "type": "Point", "coordinates": [ 85.7314758, 26.669035 ] } },
{ "type": "Feature", "properties": { "name": "Santa Nirankari Mandal,Dhulabari Jorsimal jhapa Nepal", "amenity": "school", "addr_city": null, "osm_id": 9776966657, "osm_type": "nodes" }, "geometry": { "type": "Point", "coordinates": [ 88.1145348, 26.6675173 ] } },
{ "type": "Feature", "properties": { "name": "Shree Uchha Madhadyamic School", "amenity": "school", "addr_city": null, "osm_id": 9776111606, "osm_type": "nodes" }, "geometry": { "type": "Point", "coordinates": [ 85.7862735, 26.6672768 ] } },
{ "type": "Feature", "properties": { "name": "Shree Yugkabi Siddhicharan Adharbhut School", "amenity": "school", "addr_city": null, "osm_id": 9776111610, "osm_type": "nodes" }, "geometry": { "type": "Point", "coordinates": [ 85.7968502, 26.6644566 ] } },
{ "type": "Feature", "properties": { "name": null, "amenity": "school", "addr_city": null, "osm_id": 6361887786, "osm_type": "nodes" }, "geometry": { "type": "Point", "coordinates": [ 86.366408, 26.717535 ] } },
{ "type": "Feature", "properties": { "name": null, "amenity": "school", "addr_city": "Itahari", "osm_id": 5260427321, "osm_type": "nodes" }, "geometry": { "type": "Point", "coordinates": [ 87.2768188, 26.6652511 ] } },
{ "type": "Feature", "properties": { "name": "Shree Adharbhut Bidhyalaya Thengahi", "amenity": "school", "addr_city": null, "osm_id": 9766996124, "osm_type": "nodes" }, "geometry": { "type": "Point", "coordinates": [ 86.2401947, 26.6724953 ] } },
{ "type": "Feature", "properties": { "name": "Baal Sansar English Secondary School", "amenity": "school", "addr_city": null, "osm_id": 9766996126, "osm_type": "nodes" }, "geometry": { "type": "Point", "coordinates": [ 86.2160164, 26.6608214 ] } },
{ "type": "Feature", "properties": { "name": "Moonlight Residencial English School", "amenity": "school", "addr_city": null, "osm_id": 9766996120, "osm_type": "nodes" }, "geometry": { "type": "Point", "coordinates": [ 86.216829, 26.65885 ] } },
{ "type": "Feature", "properties": { "name": "Bal Shiksha Sadan", "amenity": "school", "addr_city": null, "osm_id": 11968721951, "osm_type": "nodes" }, "geometry": { "type": "Point", "coordinates": [ 86.2173477, 26.6588454 ] } },
{ "type": "Feature", "properties": { "name": "Nisha Girls Academy", "amenity": "school", "addr_city": null, "osm_id": 11968752323, "osm_type": "nodes" }, "geometry": { "type": "Point", "coordinates": [ 86.2128402, 26.6624949 ] } },
{ "type": "Feature", "properties": { "name": "Shree Nagendra Ganga Gohibar Adharbhut Bidhyalaya", "amenity": "school", "addr_city": null, "osm_id": 11968755707, "osm_type": "nodes" }, "geometry": { "type": "Point", "coordinates": [ 86.2248123, 26.6639127 ] } },
{ "type": "Feature", "properties": { "name": "Ambition Academy", "amenity": "school", "addr_city": null, "osm_id": 11968719428, "osm_type": "nodes" }, "geometry": { "type": "Point", "coordinates": [ 86.2177366, 26.6584259 ] } },
{ "type": "Feature", "properties": { "name": "Janata Basic School, Thengahi", "amenity": "school", "addr_city": null, "osm_id": 11968752347, "osm_type": "nodes" }, "geometry": { "type": "Point", "coordinates": [ 86.2398957, 26.6775266 ] } },
{ "type": "Feature", "properties": { "name": "Madarsha Hanfiya Kadriya", "amenity": "school", "addr_city": null, "osm_id": 11968771808, "osm_type": "nodes" }, "geometry": { "type": "Point", "coordinates": [ 86.2405756, 26.677819 ] } },
{ "type": "Feature", "properties": { "name": "New C.T. Star Academy", "amenity": "school", "addr_city": null, "osm_id": 11968767722, "osm_type": "nodes" }, "geometry": { "type": "Point", "coordinates": [ 86.2275937, 26.6748903 ] } },
{ "type": "Feature", "properties": { "name": "Shree Bahira Basic School", "amenity": "school", "addr_city": null, "osm_id": 11968717991, "osm_type": "nodes" }, "geometry": { "type": "Point", "coordinates": [ 86.2310028, 26.6793289 ] } },
{ "type": "Feature", "properties": { "name": "Anmol Play and Learn English Boarding School", "amenity": "school", "addr_city": null, "osm_id": 9791826820, "osm_type": "nodes" }, "geometry": { "type": "Point", "coordinates": [ 85.7647781, 26.6606236 ] } },
{ "type": "Feature", "properties": { "name": "Shree Janata Aadharbhut Bidhyalaya", "amenity": "school", "addr_city": null, "osm_id": 6520794489, "osm_type": "nodes" }, "geometry": { "type": "Point", "coordinates": [ 85.7667367, 26.6618527 ] } },
{ "type": "Feature", "properties": { "name": "Bhrikuti Model Academy, Block - 'B", "amenity": "school", "addr_city": null, "osm_id": 9802045897, "osm_type": "nodes" }, "geometry": { "type": "Point", "coordinates": [ 87.6398556, 26.6596411 ] } },
{ "type": "Feature", "properties": { "name": "Madarsa Khadijatul Kubra Girls School", "amenity": "school", "addr_city": null, "osm_id": 9791836256, "osm_type": "nodes" }, "geometry": { "type": "Point", "coordinates": [ 85.8794479, 26.6542282 ] } },
{ "type": "Feature", "properties": { "name": "Madarsa Najmul Hoda", "amenity": "school", "addr_city": null, "osm_id": 9791836252, "osm_type": "nodes" }, "geometry": { "type": "Point", "coordinates": [ 85.8803864, 26.6527328 ] } },
{ "type": "Feature", "properties": { "name": "Springdale first school", "amenity": "school", "addr_city": null, "osm_id": 9776966665, "osm_type": "nodes" }, "geometry": { "type": "Point", "coordinates": [ 88.1023009, 26.6587722 ] } },
{ "type": "Feature", "properties": { "name": "Saruph Mukhya Basic School-4 Bharmapuri, Laxmipur Patari RMP", "amenity": "school", "addr_city": null, "osm_id": 9785277826, "osm_type": "nodes" }, "geometry": { "type": "Point", "coordinates": [ 86.3900146, 26.6552963 ] } },
{ "type": "Feature", "properties": { "name": "Shree Janata Prathamik Bidhyala Hakpara", "amenity": "school", "addr_city": null, "osm_id": 9766996125, "osm_type": "nodes" }, "geometry": { "type": "Point", "coordinates": [ 86.2568797, 26.6500952 ] } },
{ "type": "Feature", "properties": { "name": "Madarsa Barkatiya Islahul Muslemin", "amenity": "school", "addr_city": null, "osm_id": 9791836266, "osm_type": "nodes" }, "geometry": { "type": "Point", "coordinates": [ 85.8703003, 26.6443596 ] } },
{ "type": "Feature", "properties": { "name": "Mithila English Boarding School", "amenity": "school", "addr_city": null, "osm_id": 9791836269, "osm_type": "nodes" }, "geometry": { "type": "Point", "coordinates": [ 85.8724823, 26.6469841 ] } },
{ "type": "Feature", "properties": { "name": "Shree Faijul Gurwa Madarasa Adharbhut Bidhyalaya", "amenity": "school", "addr_city": null, "osm_id": 9791836271, "osm_type": "nodes" }, "geometry": { "type": "Point", "coordinates": [ 85.8730316, 26.6462765 ] } },
{ "type": "Feature", "properties": { "name": "Janata Basic School, Radiyaha", "amenity": "school", "addr_city": null, "osm_id": 11991827720, "osm_type": "nodes" }, "geometry": { "type": "Point", "coordinates": [ 86.2653887, 26.6444285 ] } },
{ "type": "Feature", "properties": { "name": "Amity Public School", "amenity": "school", "addr_city": null, "osm_id": 9776966699, "osm_type": "nodes" }, "geometry": { "type": "Point", "coordinates": [ 88.1559741, 26.646384 ] } },
{ "type": "Feature", "properties": { "name": "Suryodaya English Boarding School", "amenity": "school", "addr_city": null, "osm_id": 9776966668, "osm_type": "nodes" }, "geometry": { "type": "Point", "coordinates": [ 88.1543177, 26.6484683 ] } },
{ "type": "Feature", "properties": { "name": "Kankadbhitta School", "amenity": "school", "addr_city": null, "osm_id": 9776966654, "osm_type": "nodes" }, "geometry": { "type": "Point", "coordinates": [ 88.1548239, 26.6448018 ] } },
{ "type": "Feature", "properties": { "name": null, "amenity": "college", "addr_city": null, "osm_id": 8398735017, "osm_type": "nodes" }, "geometry": { "type": "Point", "coordinates": [ 88.1548508, 26.645658 ] } },
{ "type": "Feature", "properties": { "name": null, "amenity": "school", "addr_city": null, "osm_id": 5498342162, "osm_type": "nodes" }, "geometry": { "type": "Point", "coordinates": [ 87.315619, 26.6605254 ] } },
{ "type": "Feature", "properties": { "name": null, "amenity": "school", "addr_city": null, "osm_id": 5530419421, "osm_type": "nodes" }, "geometry": { "type": "Point", "coordinates": [ 87.3156273, 26.6524421 ] } },
{ "type": "Feature", "properties": { "name": "Al Jameatul Barkatia Raza E_Mustafa", "amenity": "school", "addr_city": null, "osm_id": 9791836267, "osm_type": "nodes" }, "geometry": { "type": "Point", "coordinates": [ 85.8759232, 26.6405602 ] } },
{ "type": "Feature", "properties": { "name": "Shree Sanjho Mai English Boarding School", "amenity": "school", "addr_city": null, "osm_id": 11968655266, "osm_type": "nodes" }, "geometry": { "type": "Point", "coordinates": [ 86.2570363, 26.6425729 ] } },
{ "type": "Feature", "properties": { "name": "Premire Laligurans English School", "amenity": "school", "addr_city": null, "osm_id": 9775328280, "osm_type": "nodes" }, "geometry": { "type": "Point", "coordinates": [ 87.9760872, 26.6434106 ] } },
{ "type": "Feature", "properties": { "name": "Madarsha Kadiriya Talemul Quran", "amenity": "school", "addr_city": null, "osm_id": 9791836254, "osm_type": "nodes" }, "geometry": { "type": "Point", "coordinates": [ 85.8560028, 26.6472054 ] } },
{ "type": "Feature", "properties": { "name": "Merry Children Academy English Boarding School", "amenity": "school", "addr_city": null, "osm_id": 9791836264, "osm_type": "nodes" }, "geometry": { "type": "Point", "coordinates": [ 85.8572311, 26.644886 ] } },
{ "type": "Feature", "properties": { "name": "Shree Janta Aadharbhut School", "amenity": "school", "addr_city": null, "osm_id": 9791836280, "osm_type": "nodes" }, "geometry": { "type": "Point", "coordinates": [ 85.8393173, 26.6450768 ] } },
{ "type": "Feature", "properties": { "name": "Rastriya Secondary School, Atradh", "amenity": "school", "addr_city": null, "osm_id": 11993185448, "osm_type": "nodes" }, "geometry": { "type": "Point", "coordinates": [ 85.8523071, 26.6683086 ] } },
{ "type": "Feature", "properties": { "name": "Shree Nepal Rastriya Basic School, Ekrahiya", "amenity": "school", "addr_city": null, "osm_id": 11993191635, "osm_type": "nodes" }, "geometry": { "type": "Point", "coordinates": [ 85.8663431, 26.6672085 ] } },
{ "type": "Feature", "properties": { "name": "Bal Bodh Secondary School", "amenity": "school", "addr_city": null, "osm_id": 9765910673, "osm_type": "nodes" }, "geometry": { "type": "Point", "coordinates": [ 86.9134115, 26.6350522 ] } },
{ "type": "Feature", "properties": { "name": "International Lucky English School", "amenity": "school", "addr_city": null, "osm_id": 9765910674, "osm_type": "nodes" }, "geometry": { "type": "Point", "coordinates": [ 86.9138266, 26.6387774 ] } },
{ "type": "Feature", "properties": { "name": "Kids Mission Academy", "amenity": "school", "addr_city": null, "osm_id": 9765910680, "osm_type": "nodes" }, "geometry": { "type": "Point", "coordinates": [ 86.9137604, 26.6414663 ] } },
{ "type": "Feature", "properties": { "name": "Shree Sarvodaya Madyamik Bidyalaya Kanchapur Saptari", "amenity": "school", "addr_city": null, "osm_id": 9765910643, "osm_type": "nodes" }, "geometry": { "type": "Point", "coordinates": [ 86.913833, 26.6430585 ] } },
{ "type": "Feature", "properties": { "name": null, "amenity": "school", "addr_city": null, "osm_id": 5629787725, "osm_type": "nodes" }, "geometry": { "type": "Point", "coordinates": [ 86.9188876, 26.6458949 ] } },
{ "type": "Feature", "properties": { "name": "Daffodil English School", "amenity": "school", "addr_city": null, "osm_id": 9765910660, "osm_type": "nodes" }, "geometry": { "type": "Point", "coordinates": [ 86.91865, 26.645915 ] } },
{ "type": "Feature", "properties": { "name": "National People College", "amenity": "school", "addr_city": null, "osm_id": 9765910679, "osm_type": "nodes" }, "geometry": { "type": "Point", "coordinates": [ 86.9133369, 26.6413876 ] } },
{ "type": "Feature", "properties": { "name": "Moon Rise Residential Boarding School-3 Patari, Laxmipur Patari RMP", "amenity": "school", "addr_city": null, "osm_id": 9785277817, "osm_type": "nodes" }, "geometry": { "type": "Point", "coordinates": [ 86.3976212, 26.6726246 ] } },
{ "type": "Feature", "properties": { "name": "Shree Basic School-3 Harinagar, Laxmipur Patari RMP", "amenity": "school", "addr_city": null, "osm_id": 9785277818, "osm_type": "nodes" }, "geometry": { "type": "Point", "coordinates": [ 86.3987961, 26.6645489 ] } },
{ "type": "Feature", "properties": { "name": "Madarsa Majhaharul Ulum Ashalfiha-5 Kharukyahi, Laxmipur Patari RMP", "amenity": "school", "addr_city": null, "osm_id": 9785277823, "osm_type": "nodes" }, "geometry": { "type": "Point", "coordinates": [ 86.4080353, 26.651619 ] } },
{ "type": "Feature", "properties": { "name": "Shree Gorauya Basic Shcool-1 sakhuwa Nankarkatti RMP", "amenity": "school", "addr_city": null, "osm_id": 9785281421, "osm_type": "nodes" }, "geometry": { "type": "Point", "coordinates": [ 86.4189139, 26.6398357 ] } },
{ "type": "Feature", "properties": { "name": "Shree Dhamyain Secondary School-3 Maheshpur, Laxmipur Patari RMP", "amenity": "school", "addr_city": null, "osm_id": 9785277819, "osm_type": "nodes" }, "geometry": { "type": "Point", "coordinates": [ 86.4020386, 26.6790409 ] } },
{ "type": "Feature", "properties": { "name": "Durga Public English Boarding School-3, Laxmipur Patari RMP", "amenity": "school", "addr_city": null, "osm_id": 9785277820, "osm_type": "nodes" }, "geometry": { "type": "Point", "coordinates": [ 86.3960419, 26.6724281 ] } },
{ "type": "Feature", "properties": { "name": "Amity Public School", "amenity": "school", "addr_city": null, "osm_id": 9776966695, "osm_type": "nodes" }, "geometry": { "type": "Point", "coordinates": [ 88.1575497, 26.6589529 ] } },
{ "type": "Feature", "properties": { "name": "Mechi Basic School, Nakalbanda", "amenity": "school", "addr_city": null, "osm_id": 9776966670, "osm_type": "nodes" }, "geometry": { "type": "Point", "coordinates": [ 88.1611767, 26.6786432 ] } },
{ "type": "Feature", "properties": { "name": "Maths learning centre", "amenity": "school", "addr_city": null, "osm_id": 9776966651, "osm_type": "nodes" }, "geometry": { "type": "Point", "coordinates": [ 88.160776, 26.652767 ] } },
{ "type": "Feature", "properties": { "name": "Sarada school", "amenity": "school", "addr_city": null, "osm_id": 9802045883, "osm_type": "nodes" }, "geometry": { "type": "Point", "coordinates": [ 87.6137011, 26.6648712 ] } },
{ "type": "Feature", "properties": { "name": "New Vision School", "amenity": "school", "addr_city": null, "osm_id": 9802045887, "osm_type": "nodes" }, "geometry": { "type": "Point", "coordinates": [ 87.6141061, 26.6703324 ] } },
{ "type": "Feature", "properties": { "name": "Young Kids Montessori Pre-School", "amenity": "school", "addr_city": null, "osm_id": 9802045868, "osm_type": "nodes" }, "geometry": { "type": "Point", "coordinates": [ 87.6045994, 26.6646494 ] } },
{ "type": "Feature", "properties": { "name": "Saraswati Vidyapith Public English Boarding School", "amenity": "school", "addr_city": null, "osm_id": 9791826823, "osm_type": "nodes" }, "geometry": { "type": "Point", "coordinates": [ 85.7490768, 26.6665382 ] } },
{ "type": "Feature", "properties": { "name": "Rastriya Adharbhut School,Dhabauli", "amenity": "school", "addr_city": null, "osm_id": 9776111616, "osm_type": "nodes" }, "geometry": { "type": "Point", "coordinates": [ 85.784166, 26.6427916 ] } },
{ "type": "Feature", "properties": { "name": "Rijibiya Madarsha", "amenity": "school", "addr_city": null, "osm_id": 9776113819, "osm_type": "nodes" }, "geometry": { "type": "Point", "coordinates": [ 85.7620973, 26.6513383 ] } },
{ "type": "Feature", "properties": { "name": "Shree Modern Sharda Siksha Sadan English Boarding School, Dhabauli", "amenity": "school", "addr_city": null, "osm_id": 9776111599, "osm_type": "nodes" }, "geometry": { "type": "Point", "coordinates": [ 85.784261, 26.6443383 ] } },
{ "type": "Feature", "properties": { "name": "Madarsa Daruool Uoolm Nooriya", "amenity": "school", "addr_city": null, "osm_id": 9776111614, "osm_type": "nodes" }, "geometry": { "type": "Point", "coordinates": [ 85.7693563, 26.6436412 ] } },
{ "type": "Feature", "properties": { "name": "Shree Ram Basic School-5 Sakhuwa Nankarkatti RMP", "amenity": "school", "addr_city": null, "osm_id": 9785281446, "osm_type": "nodes" }, "geometry": { "type": "Point", "coordinates": [ 86.486496, 26.6303692 ] } },
{ "type": "Feature", "properties": { "name": "B.M. English Boarding School -5 Maheshwari, Sakhuwa Nankarkatti RMP", "amenity": "school", "addr_city": null, "osm_id": 9785281448, "osm_type": "nodes" }, "geometry": { "type": "Point", "coordinates": [ 86.4825287, 26.6305199 ] } },
{ "type": "Feature", "properties": { "name": "Madarsa Subhaniyah- 5 Mahwshwari, Sakhuwa Nankarkatti RMP", "amenity": "school", "addr_city": null, "osm_id": 9785281442, "osm_type": "nodes" }, "geometry": { "type": "Point", "coordinates": [ 86.4850388, 26.6323376 ] } },
{ "type": "Feature", "properties": { "name": "Shree Janata Aadarbhut, Badgama", "amenity": "school", "addr_city": null, "osm_id": 9765910641, "osm_type": "nodes" }, "geometry": { "type": "Point", "coordinates": [ 86.9027169, 26.6180474 ] } },
{ "type": "Feature", "properties": { "name": "Shree Shankar Secondary School Roopnagar Kashthamahal", "amenity": "school", "addr_city": null, "osm_id": 9765910640, "osm_type": "nodes" }, "geometry": { "type": "Point", "coordinates": [ 86.8847534, 26.6114905 ] } },
{ "type": "Feature", "properties": { "name": "Rising Star English Boarding School", "amenity": "school", "addr_city": null, "osm_id": 9791836272, "osm_type": "nodes" }, "geometry": { "type": "Point", "coordinates": [ 85.8464737, 26.6103992 ] } },
{ "type": "Feature", "properties": { "name": "Shree Mdayamik Vidhayala Parsapatailli", "amenity": "school", "addr_city": null, "osm_id": 9776111613, "osm_type": "nodes" }, "geometry": { "type": "Point", "coordinates": [ 85.8280109, 26.6111386 ] } },
{ "type": "Feature", "properties": { "name": "Shree Secondary School, Gonarpura", "amenity": "school", "addr_city": null, "osm_id": 9791777964, "osm_type": "nodes" }, "geometry": { "type": "Point", "coordinates": [ 85.7929373, 26.7190178 ] } },
{ "type": "Feature", "properties": { "name": "Madarsha Faijul Islami Pra.bi., Gonarpura", "amenity": "school", "addr_city": null, "osm_id": 9791777966, "osm_type": "nodes" }, "geometry": { "type": "Point", "coordinates": [ 85.789711, 26.7130795 ] } },
{ "type": "Feature", "properties": { "name": "Mithila Basic School", "amenity": "school", "addr_city": null, "osm_id": 9791777974, "osm_type": "nodes" }, "geometry": { "type": "Point", "coordinates": [ 85.8051987, 26.6988201 ] } },
{ "type": "Feature", "properties": { "name": "Amar Chaild care Academy, Mandai Tole", "amenity": "school", "addr_city": null, "osm_id": 9791777975, "osm_type": "nodes" }, "geometry": { "type": "Point", "coordinates": [ 85.8047943, 26.6984787 ] } },
{ "type": "Feature", "properties": { "name": "Shree Surya Narayan Rastriya Basic School, Damhi", "amenity": "school", "addr_city": null, "osm_id": 9791777976, "osm_type": "nodes" }, "geometry": { "type": "Point", "coordinates": [ 85.8140182, 26.707037 ] } },
{ "type": "Feature", "properties": { "name": "Shree Rastriya Secondary School, School Tole", "amenity": "school", "addr_city": null, "osm_id": 9791777980, "osm_type": "nodes" }, "geometry": { "type": "Point", "coordinates": [ 85.8201586, 26.6891856 ] } },
{ "type": "Feature", "properties": { "name": "Tridev Boarding School, Bazar Tole", "amenity": "school", "addr_city": null, "osm_id": 9791777981, "osm_type": "nodes" }, "geometry": { "type": "Point", "coordinates": [ 85.8228378, 26.6886005 ] } },
{ "type": "Feature", "properties": { "name": "Rastriya Basic School, Anaitha", "amenity": "school", "addr_city": null, "osm_id": 9791777982, "osm_type": "nodes" }, "geometry": { "type": "Point", "coordinates": [ 85.8238678, 26.7023907 ] } },
{ "type": "Feature", "properties": { "name": "Shree Secondary Parsa Raghunath, Parsa", "amenity": "school", "addr_city": null, "osm_id": 9791777983, "osm_type": "nodes" }, "geometry": { "type": "Point", "coordinates": [ 85.8403175, 26.6789646 ] } },
{ "type": "Feature", "properties": { "name": "Shree Rastriya Basic School, Sonukhara", "amenity": "school", "addr_city": null, "osm_id": 9791777984, "osm_type": "nodes" }, "geometry": { "type": "Point", "coordinates": [ 85.8354874, 26.6959686 ] } },
{ "type": "Feature", "properties": { "name": "Milestone Academy, Parsa", "amenity": "school", "addr_city": null, "osm_id": 9791777985, "osm_type": "nodes" }, "geometry": { "type": "Point", "coordinates": [ 85.8399412, 26.6770489 ] } },
{ "type": "Feature", "properties": { "name": "Deep Education English Boarding School", "amenity": "school", "addr_city": null, "osm_id": 9791782900, "osm_type": "nodes" }, "geometry": { "type": "Point", "coordinates": [ 85.7856293, 26.6868706 ] } },
{ "type": "Feature", "properties": { "name": "New Concept English Medium School", "amenity": "school", "addr_city": null, "osm_id": 9791782901, "osm_type": "nodes" }, "geometry": { "type": "Point", "coordinates": [ 85.7845306, 26.6867886 ] } },
{ "type": "Feature", "properties": { "name": "Morning Star English Boarding School", "amenity": "school", "addr_city": null, "osm_id": 9791782902, "osm_type": "nodes" }, "geometry": { "type": "Point", "coordinates": [ 85.7852707, 26.6865387 ] } },
{ "type": "Feature", "properties": { "name": "Saraswati Basic School", "amenity": "school", "addr_city": null, "osm_id": 9791782913, "osm_type": "nodes" }, "geometry": { "type": "Point", "coordinates": [ 85.7836075, 26.6778488 ] } },
{ "type": "Feature", "properties": { "name": "Madrasha Darul Olam Imame Ahmed Raza School", "amenity": "school", "addr_city": null, "osm_id": 9791782914, "osm_type": "nodes" }, "geometry": { "type": "Point", "coordinates": [ 85.7794266, 26.6853428 ] } },
{ "type": "Feature", "properties": { "name": "Shree Basic School", "amenity": "school", "addr_city": null, "osm_id": 9791826825, "osm_type": "nodes" }, "geometry": { "type": "Point", "coordinates": [ 85.785408, 26.6978951 ] } },
{ "type": "Feature", "properties": { "name": "Shree Janta Higher Secondary School", "amenity": "school", "addr_city": null, "osm_id": 9791826826, "osm_type": "nodes" }, "geometry": { "type": "Point", "coordinates": [ 85.7883835, 26.6881065 ] } },
{ "type": "Feature", "properties": { "name": "Shree Nepal Rastriya Basic School", "amenity": "school", "addr_city": null, "osm_id": 9791782915, "osm_type": "nodes" }, "geometry": { "type": "Point", "coordinates": [ 85.7814255, 26.6878948 ] } },
{ "type": "Feature", "properties": { "name": "Madarsa Husainiya", "amenity": "school", "addr_city": null, "osm_id": 9791836255, "osm_type": "nodes" }, "geometry": { "type": "Point", "coordinates": [ 85.834877, 26.640276 ] } },
{ "type": "Feature", "properties": { "name": "Ramjanaki Primary School", "amenity": "school", "addr_city": null, "osm_id": 9791836259, "osm_type": "nodes" }, "geometry": { "type": "Point", "coordinates": [ 85.8486176, 26.6135178 ] } },
{ "type": "Feature", "properties": { "name": "Diamond English Boarding School", "amenity": "school", "addr_city": null, "osm_id": 9791836261, "osm_type": "nodes" }, "geometry": { "type": "Point", "coordinates": [ 85.8357086, 26.6417122 ] } },
{ "type": "Feature", "properties": { "name": "Rising Star English Boarding School", "amenity": "school", "addr_city": null, "osm_id": 9791836272, "osm_type": "nodes" }, "geometry": { "type": "Point", "coordinates": [ 85.8464737, 26.6103992 ] } },
{ "type": "Feature", "properties": { "name": "Shree Rastriya Janta Prathamik Bidhyalaya", "amenity": "school", "addr_city": null, "osm_id": 9791836276, "osm_type": "nodes" }, "geometry": { "type": "Point", "coordinates": [ 85.8420029, 26.6149006 ] } },
{ "type": "Feature", "properties": { "name": "Shree Laxmi Narayan secondary school", "amenity": "school", "addr_city": null, "osm_id": 9791836278, "osm_type": "nodes" }, "geometry": { "type": "Point", "coordinates": [ 85.8354874, 26.6381187 ] } },
{ "type": "Feature", "properties": { "name": "Madarsha Nuriya Gausiya", "amenity": "school", "addr_city": null, "osm_id": 9791836253, "osm_type": "nodes" }, "geometry": { "type": "Point", "coordinates": [ 85.838501, 26.6430454 ] } },
{ "type": "Feature", "properties": { "name": "Moonlight English Boarding School", "amenity": "school", "addr_city": null, "osm_id": 9791836260, "osm_type": "nodes" }, "geometry": { "type": "Point", "coordinates": [ 85.8354645, 26.6424789 ] } },
{ "type": "Feature", "properties": { "name": "Sushil Kapar Academy", "amenity": "school", "addr_city": null, "osm_id": 9776111596, "osm_type": "nodes" }, "geometry": { "type": "Point", "coordinates": [ 85.8237476, 26.6641193 ] } },
{ "type": "Feature", "properties": { "name": "Jiwan Joyti Kids Care Academy", "amenity": "school", "addr_city": null, "osm_id": 9776111597, "osm_type": "nodes" }, "geometry": { "type": "Point", "coordinates": [ 85.8237546, 26.6643788 ] } },
{ "type": "Feature", "properties": { "name": "Radiant Divine Light English Boarding School", "amenity": "school", "addr_city": null, "osm_id": 9776111601, "osm_type": "nodes" }, "geometry": { "type": "Point", "coordinates": [ 85.7826949, 26.6715105 ] } },
{ "type": "Feature", "properties": { "name": "Kidzee Academy", "amenity": "school", "addr_city": null, "osm_id": 9776111602, "osm_type": "nodes" }, "geometry": { "type": "Point", "coordinates": [ 85.8102636, 26.6499373 ] } },
{ "type": "Feature", "properties": { "name": "Roseland English Boarding School", "amenity": "school", "addr_city": null, "osm_id": 9776111603, "osm_type": "nodes" }, "geometry": { "type": "Point", "coordinates": [ 85.8084217, 26.6503749 ] } },
{ "type": "Feature", "properties": { "name": "Shree Rastriya Adharbhut School,Bajrahi", "amenity": "school", "addr_city": null, "osm_id": 9776111609, "osm_type": "nodes" }, "geometry": { "type": "Point", "coordinates": [ 85.8001573, 26.6598049 ] } },
{ "type": "Feature", "properties": { "name": "Shree Mdayamik Vidhayala Parsapatailli", "amenity": "school", "addr_city": null, "osm_id": 9776111613, "osm_type": "nodes" }, "geometry": { "type": "Point", "coordinates": [ 85.8280109, 26.6111386 ] } },
{ "type": "Feature", "properties": { "name": "Shree Mathura Adharbhut School, Fulhatta 9", "amenity": "school", "addr_city": null, "osm_id": 9776113817, "osm_type": "nodes" }, "geometry": { "type": "Point", "coordinates": [ 85.8172891, 26.671342 ] } },
{ "type": "Feature", "properties": { "name": "Shree Janki Parikchan Higher Secondary School", "amenity": "school", "addr_city": null, "osm_id": 9776113822, "osm_type": "nodes" }, "geometry": { "type": "Point", "coordinates": [ 85.8245401, 26.663311 ] } },
{ "type": "Feature", "properties": { "name": "Sukdev Secondary School", "amenity": "school", "addr_city": null, "osm_id": 9776113824, "osm_type": "nodes" }, "geometry": { "type": "Point", "coordinates": [ 85.808229, 26.6310636 ] } },
{ "type": "Feature", "properties": { "name": "Rastriya Adharbhut School Khaira", "amenity": "school", "addr_city": null, "osm_id": 9776113825, "osm_type": "nodes" }, "geometry": { "type": "Point", "coordinates": [ 85.7903092, 26.6336151 ] } },
{ "type": "Feature", "properties": { "name": "Darul Uloom Quadriya Rashidiya", "amenity": "school", "addr_city": null, "osm_id": 9776113830, "osm_type": "nodes" }, "geometry": { "type": "Point", "coordinates": [ 85.7981641, 26.6486071 ] } },
{ "type": "Feature", "properties": { "name": "Shree Naya Adharbhut School, Lochana", "amenity": "school", "addr_city": null, "osm_id": 9776113835, "osm_type": "nodes" }, "geometry": { "type": "Point", "coordinates": [ 85.8354506, 26.6614901 ] } },
{ "type": "Feature", "properties": { "name": "Children Paradise English Boarding School", "amenity": "school", "addr_city": null, "osm_id": 9776111593, "osm_type": "nodes" }, "geometry": { "type": "Point", "coordinates": [ 85.8134214, 26.6294599 ] } },
{ "type": "Feature", "properties": { "name": "Shree Janta Madayamik Vidhayala", "amenity": "school", "addr_city": null, "osm_id": 9776113820, "osm_type": "nodes" }, "geometry": { "type": "Point", "coordinates": [ 85.8277538, 26.6485739 ] } },
{ "type": "Feature", "properties": { "name": "Shree Janta Adharbhut School,Ramaul", "amenity": "school", "addr_city": null, "osm_id": 9776111611, "osm_type": "nodes" }, "geometry": { "type": "Point", "coordinates": [ 85.8034144, 26.6624431 ] } },
{ "type": "Feature", "properties": { "name": "South Asian Cambridge secondary English boarding school", "amenity": "school", "addr_city": null, "osm_id": 9776111586, "osm_type": "nodes" }, "geometry": { "type": "Point", "coordinates": [ 85.7976625, 26.6483069 ] } },
{ "type": "Feature", "properties": { "name": "Bina Bidya Mandir E. B. School", "amenity": "school", "addr_city": null, "osm_id": 9776111582, "osm_type": "nodes" }, "geometry": { "type": "Point", "coordinates": [ 85.804308, 26.651675 ] } },
{ "type": "Feature", "properties": { "name": "Advance Learner Himalayan E. B. School", "amenity": "school", "addr_city": null, "osm_id": 9776111584, "osm_type": "nodes" }, "geometry": { "type": "Point", "coordinates": [ 85.79836, 26.647011 ] } },
{ "type": "Feature", "properties": { "name": "Symbiosis English Academy", "amenity": "school", "addr_city": null, "osm_id": 9776111587, "osm_type": "nodes" }, "geometry": { "type": "Point", "coordinates": [ 85.807606, 26.6516287 ] } },
{ "type": "Feature", "properties": { "name": "Geetanjali English Boarding School", "amenity": "school", "addr_city": null, "osm_id": 9776111588, "osm_type": "nodes" }, "geometry": { "type": "Point", "coordinates": [ 85.8052803, 26.6526588 ] } },
{ "type": "Feature", "properties": { "name": "Royal International School", "amenity": "school", "addr_city": null, "osm_id": 9776111589, "osm_type": "nodes" }, "geometry": { "type": "Point", "coordinates": [ 85.8029841, 26.6505596 ] } },
{ "type": "Feature", "properties": { "name": "Bright Future English Boarding School", "amenity": "school", "addr_city": null, "osm_id": 9776111591, "osm_type": "nodes" }, "geometry": { "type": "Point", "coordinates": [ 85.8054833, 26.6422617 ] } },
{ "type": "Feature", "properties": { "name": "Morden Shanti Niketan English Boarding School", "amenity": "school", "addr_city": null, "osm_id": 9776111592, "osm_type": "nodes" }, "geometry": { "type": "Point", "coordinates": [ 85.8242632, 26.6626655 ] } },
{ "type": "Feature", "properties": { "name": "Om shivdhari english boarding school", "amenity": "school", "addr_city": null, "osm_id": 9776111594, "osm_type": "nodes" }, "geometry": { "type": "Point", "coordinates": [ 85.8238206, 26.6646325 ] } },
{ "type": "Feature", "properties": { "name": "Damodar Academy", "amenity": "school", "addr_city": null, "osm_id": 9776111595, "osm_type": "nodes" }, "geometry": { "type": "Point", "coordinates": [ 85.8242413, 26.6639074 ] } },
{ "type": "Feature", "properties": { "name": "Shree Abhinandan Adharbhut School", "amenity": "school", "addr_city": null, "osm_id": 9776113821, "osm_type": "nodes" }, "geometry": { "type": "Point", "coordinates": [ 85.8113849, 26.6490068 ] } },
{ "type": "Feature", "properties": { "name": "Bal mandir Adharbhut School", "amenity": "school", "addr_city": null, "osm_id": 9776113828, "osm_type": "nodes" }, "geometry": { "type": "Point", "coordinates": [ 85.7994118, 26.6462829 ] } },
{ "type": "Feature", "properties": { "name": "Shree Laxmichandi Murarka Secondary School", "amenity": "school", "addr_city": null, "osm_id": 9776113829, "osm_type": "nodes" }, "geometry": { "type": "Point", "coordinates": [ 85.801676, 26.6471126 ] } },
{ "type": "Feature", "properties": { "name": "Manhendra Aadars Uchha Maddhaymic School", "amenity": "school", "addr_city": null, "osm_id": 9776113831, "osm_type": "nodes" }, "geometry": { "type": "Point", "coordinates": [ 85.7944801, 26.6487705 ] } },
{ "type": "Feature", "properties": { "name": "Madarsa Rajaye Mustapha", "amenity": "school", "addr_city": null, "osm_id": 9791836263, "osm_type": "nodes" }, "geometry": { "type": "Point", "coordinates": [ 85.8313293, 26.6423969 ] } },
{ "type": "Feature", "properties": { "name": "Symbiosis International Academy", "amenity": "school", "addr_city": null, "osm_id": 9776111585, "osm_type": "nodes" }, "geometry": { "type": "Point", "coordinates": [ 85.8033891, 26.6475801 ] } },
{ "type": "Feature", "properties": { "name": "New Modern Secondary School", "amenity": "school", "addr_city": null, "osm_id": 9776111590, "osm_type": "nodes" }, "geometry": { "type": "Point", "coordinates": [ 85.8041633, 26.64651 ] } },
{ "type": "Feature", "properties": { "name": "Pashupati Siksha Mandir", "amenity": "school", "addr_city": null, "osm_id": 9776111604, "osm_type": "nodes" }, "geometry": { "type": "Point", "coordinates": [ 85.7993805, 26.6504155 ] } },
{ "type": "Feature", "properties": { "name": "Markaje Dawafe Islami Faizane Madina Allipatti", "amenity": "school", "addr_city": null, "osm_id": 11993047058, "osm_type": "nodes" }, "geometry": { "type": "Point", "coordinates": [ 85.8462681, 26.6718595 ] } },
{ "type": "Feature", "properties": { "name": "Darul Olum Qadriya Misbahul Muslemin", "amenity": "school", "addr_city": null, "osm_id": 11993221562, "osm_type": "nodes" }, "geometry": { "type": "Point", "coordinates": [ 85.8471143, 26.6744493 ] } },
{ "type": "Feature", "properties": { "name": "Shivam Niketan English Boarding School", "amenity": "school", "addr_city": null, "osm_id": 11993221940, "osm_type": "nodes" }, "geometry": { "type": "Point", "coordinates": [ 85.8555633, 26.683058 ] } },
{ "type": "Feature", "properties": { "name": "Shree Basic School", "amenity": "school", "addr_city": null, "osm_id": 11993207160, "osm_type": "nodes" }, "geometry": { "type": "Point", "coordinates": [ 85.8513817, 26.6870578 ] } },
{ "type": "Feature", "properties": { "name": "Vishwanath Vidya Mandir Higher Secondary School", "amenity": "school", "addr_city": null, "osm_id": 11993217150, "osm_type": "nodes" }, "geometry": { "type": "Point", "coordinates": [ 85.8539137, 26.6804529 ] } },
{ "type": "Feature", "properties": { "name": "Jeevan Jyoti Academy", "amenity": "school", "addr_city": null, "osm_id": 11993229978, "osm_type": "nodes" }, "geometry": { "type": "Point", "coordinates": [ 85.855464, 26.6826171 ] } },
{ "type": "Feature", "properties": { "name": "Shree Ma Bhagawari Primary School, Debhari", "amenity": "school", "addr_city": null, "osm_id": 11991446832, "osm_type": "nodes" }, "geometry": { "type": "Point", "coordinates": [ 86.5625426, 26.6044476 ] } },
{ "type": "Feature", "properties": { "name": "Kanchhu Nar Pratap Secondary School, Raypur", "amenity": "school", "addr_city": null, "osm_id": 11991651364, "osm_type": "nodes" }, "geometry": { "type": "Point", "coordinates": [ 86.7170405, 26.6066803 ] } },
{ "type": "Feature", "properties": { "name": "Shree Janata Primary School, Badhara", "amenity": "school", "addr_city": null, "osm_id": 11991761130, "osm_type": "nodes" }, "geometry": { "type": "Point", "coordinates": [ 86.8777773, 26.6062535 ] } },
{ "type": "Feature", "properties": { "name": "Madrasa Mohammedia Qasimu-Uloom-5 Sisaba, Laxmipur Patari RMP", "amenity": "school", "addr_city": null, "osm_id": 9785277821, "osm_type": "nodes" }, "geometry": { "type": "Point", "coordinates": [ 86.4023285, 26.6401596 ] } },
{ "type": "Feature", "properties": { "name": "Sri JANTA MADHYAMIK VIDHYALAYA KHOKSI", "amenity": "school", "addr_city": null, "osm_id": 6872342787, "osm_type": "nodes" }, "geometry": { "type": "Point", "coordinates": [ 86.3614409, 26.621763 ] } },
{ "type": "Feature", "properties": { "name": "Janta Basic School, Mahanauri", "amenity": "school", "addr_city": null, "osm_id": 11991450510, "osm_type": "nodes" }, "geometry": { "type": "Point", "coordinates": [ 86.553344, 26.6021225 ] } },
{ "type": "Feature", "properties": { "name": "Shree Saraswati Janata Secondary School, Lohjara", "amenity": "school", "addr_city": null, "osm_id": 11991746460, "osm_type": "nodes" }, "geometry": { "type": "Point", "coordinates": [ 86.8353662, 26.6067247 ] } },
{ "type": "Feature", "properties": { "name": "Gorkhanatha Aadharbhut Scholl", "amenity": "school", "addr_city": null, "osm_id": 9782457465, "osm_type": "nodes" }, "geometry": { "type": "Point", "coordinates": [ 87.2207447, 26.6006504 ] } },
{ "type": "Feature", "properties": { "name": "Moon Star English Boarding School", "amenity": "school", "addr_city": null, "osm_id": 11991445212, "osm_type": "nodes" }, "geometry": { "type": "Point", "coordinates": [ 86.5939781, 26.6041862 ] } },
{ "type": "Feature", "properties": { "name": "Satrughan Secondary School, Nedga", "amenity": "school", "addr_city": null, "osm_id": 11991419715, "osm_type": "nodes" }, "geometry": { "type": "Point", "coordinates": [ 86.5947211, 26.6039896 ] } },
{ "type": "Feature", "properties": { "name": "Tapsi Baba Basic School, Dhanagadi", "amenity": "school", "addr_city": null, "osm_id": 11991446310, "osm_type": "nodes" }, "geometry": { "type": "Point", "coordinates": [ 86.5721422, 26.6007639 ] } },
{ "type": "Feature", "properties": { "name": "Rastriya Primary School, Mahnauri", "amenity": "school", "addr_city": null, "osm_id": 11991466355, "osm_type": "nodes" }, "geometry": { "type": "Point", "coordinates": [ 86.5573874, 26.5946433 ] } },
{ "type": "Feature", "properties": { "name": "Budheshwari Basic School, Harirawa", "amenity": "school", "addr_city": null, "osm_id": 11991694890, "osm_type": "nodes" }, "geometry": { "type": "Point", "coordinates": [ 86.7100105, 26.5990113 ] } },
{ "type": "Feature", "properties": { "name": "Shree Secondary School, Lagadi Gadiyani", "amenity": "school", "addr_city": null, "osm_id": 11968518948, "osm_type": "nodes" }, "geometry": { "type": "Point", "coordinates": [ 86.2311543, 26.5940427 ] } },
{ "type": "Feature", "properties": { "name": "Madarsha Darulaalum Kasmi Barkati", "amenity": "school", "addr_city": null, "osm_id": 11968467632, "osm_type": "nodes" }, "geometry": { "type": "Point", "coordinates": [ 86.2294478, 26.59434 ] } },
{ "type": "Feature", "properties": { "name": "Shree Basic School, Lagadi Goth", "amenity": "school", "addr_city": null, "osm_id": 11968533959, "osm_type": "nodes" }, "geometry": { "type": "Point", "coordinates": [ 86.2101127, 26.5968344 ] } },
{ "type": "Feature", "properties": { "name": "Shree Rajdevi Ra. Basic School", "amenity": "school", "addr_city": null, "osm_id": 9793999212, "osm_type": "nodes" }, "geometry": { "type": "Point", "coordinates": [ 86.0293503, 26.6933975 ] } },
{ "type": "Feature", "properties": { "name": "Shree Ganga Prasad Kalawati English School", "amenity": "school", "addr_city": null, "osm_id": 9794017728, "osm_type": "nodes" }, "geometry": { "type": "Point", "coordinates": [ 85.9925995, 26.7020187 ] } },
{ "type": "Feature", "properties": { "name": "Shree Higher Secondary School", "amenity": "school", "addr_city": null, "osm_id": 9794017729, "osm_type": "nodes" }, "geometry": { "type": "Point", "coordinates": [ 85.992424, 26.7043133 ] } },
{ "type": "Feature", "properties": { "name": "Shree Nrityakala Janata Ra. Basic School", "amenity": "school", "addr_city": null, "osm_id": 9794017730, "osm_type": "nodes" }, "geometry": { "type": "Point", "coordinates": [ 86.0047073, 26.7106838 ] } },
{ "type": "Feature", "properties": { "name": "Shree Secondary School", "amenity": "school", "addr_city": null, "osm_id": 9794017732, "osm_type": "nodes" }, "geometry": { "type": "Point", "coordinates": [ 86.024971, 26.697691 ] } },
{ "type": "Feature", "properties": { "name": "Nilam Memorial Academy", "amenity": "school", "addr_city": null, "osm_id": 9794017731, "osm_type": "nodes" }, "geometry": { "type": "Point", "coordinates": [ 86.0271301, 26.692049 ] } },
{ "type": "Feature", "properties": { "name": "Shree RA. PRA. BI.", "amenity": "school", "addr_city": null, "osm_id": 9793987182, "osm_type": "nodes" }, "geometry": { "type": "Point", "coordinates": [ 86.1311798, 26.8601418 ] } },
{ "type": "Feature", "properties": { "name": "Shree Adharbhut bidhayala", "amenity": "school", "addr_city": null, "osm_id": 9793987181, "osm_type": "nodes" }, "geometry": { "type": "Point", "coordinates": [ 86.1309662, 26.8807278 ] } },
{ "type": "Feature", "properties": { "name": "Fatima Girls College", "amenity": "school", "addr_city": null, "osm_id": 9793992726, "osm_type": "nodes" }, "geometry": { "type": "Point", "coordinates": [ 85.988739, 26.6757793 ] } },
{ "type": "Feature", "properties": { "name": "Shree Shankar Secondary School", "amenity": "school", "addr_city": null, "osm_id": 9793992735, "osm_type": "nodes" }, "geometry": { "type": "Point", "coordinates": [ 85.99366, 26.6738338 ] } },
{ "type": "Feature", "properties": { "name": "Shree Ram Janaki Secondary School", "amenity": "school", "addr_city": null, "osm_id": 9793999214, "osm_type": "nodes" }, "geometry": { "type": "Point", "coordinates": [ 86.0161896, 26.7246075 ] } },
{ "type": "Feature", "properties": { "name": "Madrasha Razae Mustafa School", "amenity": "school", "addr_city": null, "osm_id": 9794017717, "osm_type": "nodes" }, "geometry": { "type": "Point", "coordinates": [ 86.0357742, 26.717865 ] } },
{ "type": "Feature", "properties": { "name": "Shree Rajdevi Academy English Boarding School", "amenity": "school", "addr_city": null, "osm_id": 9794017718, "osm_type": "nodes" }, "geometry": { "type": "Point", "coordinates": [ 86.0350213, 26.709569 ] } },
{ "type": "Feature", "properties": { "name": "Bright Future English Boarding School", "amenity": "school", "addr_city": null, "osm_id": 9794017719, "osm_type": "nodes" }, "geometry": { "type": "Point", "coordinates": [ 86.0267868, 26.6949024 ] } },
{ "type": "Feature", "properties": { "name": "Shree Satyam English Boarding School", "amenity": "school", "addr_city": null, "osm_id": 9794017721, "osm_type": "nodes" }, "geometry": { "type": "Point", "coordinates": [ 86.0367203, 26.7099609 ] } },
{ "type": "Feature", "properties": { "name": "Shree Shankar Janata Secondary School", "amenity": "school", "addr_city": null, "osm_id": 9794017722, "osm_type": "nodes" }, "geometry": { "type": "Point", "coordinates": [ 86.0353394, 26.7118816 ] } },
{ "type": "Feature", "properties": { "name": "Madrasha Gulshane Taiba Raja School", "amenity": "school", "addr_city": null, "osm_id": 9794017723, "osm_type": "nodes" }, "geometry": { "type": "Point", "coordinates": [ 86.0374222, 26.711731 ] } },
{ "type": "Feature", "properties": { "name": "Madarsha Anbarul Ulum", "amenity": "school", "addr_city": null, "osm_id": 9794017724, "osm_type": "nodes" }, "geometry": { "type": "Point", "coordinates": [ 85.9887772, 26.7033157 ] } },
{ "type": "Feature", "properties": { "name": "Shree Bhairav Janata Basic School", "amenity": "school", "addr_city": null, "osm_id": 9794017725, "osm_type": "nodes" }, "geometry": { "type": "Point", "coordinates": [ 86.0146408, 26.7135353 ] } },
{ "type": "Feature", "properties": { "name": "Shree Bahumukhi Ra. Basic School", "amenity": "school", "addr_city": null, "osm_id": 9794017726, "osm_type": "nodes" }, "geometry": { "type": "Point", "coordinates": [ 86.0125046, 26.7005711 ] } },
{ "type": "Feature", "properties": { "name": "Madrasha Masjid Islam School", "amenity": "school", "addr_city": null, "osm_id": 9794017727, "osm_type": "nodes" }, "geometry": { "type": "Point", "coordinates": [ 86.0089874, 26.7007465 ] } },
{ "type": "Feature", "properties": { "name": "Shree Suprim English Boarding School Sonigama", "amenity": "school", "addr_city": null, "osm_id": 9794025763, "osm_type": "nodes" }, "geometry": { "type": "Point", "coordinates": [ 86.0551605, 26.7280216 ] } },
{ "type": "Feature", "properties": { "name": "Shree Janta Rastriya Pra.Vi. Sonigama", "amenity": "school", "addr_city": null, "osm_id": 9794025739, "osm_type": "nodes" }, "geometry": { "type": "Point", "coordinates": [ 86.0518341, 26.7265835 ] } },
{ "type": "Feature", "properties": { "name": "Aadharbhut Bidyalaya Itari Prasahi 4", "amenity": "school", "addr_city": null, "osm_id": 9765880835, "osm_type": "nodes" }, "geometry": { "type": "Point", "coordinates": [ 86.1935484, 26.7514637 ] } },
{ "type": "Feature", "properties": { "name": "Shree Janata Aadharbhut Bidyalaya Itari, Kalyanpur 3", "amenity": "school", "addr_city": null, "osm_id": 9765880839, "osm_type": "nodes" }, "geometry": { "type": "Point", "coordinates": [ 86.190616, 26.7389379 ] } },
{ "type": "Feature", "properties": { "name": "Ataye Musatafa", "amenity": "school", "addr_city": null, "osm_id": 9765880848, "osm_type": "nodes" }, "geometry": { "type": "Point", "coordinates": [ 86.1905506, 26.7454679 ] } },
{ "type": "Feature", "properties": { "name": "Janjyoti Academy", "amenity": "school", "addr_city": null, "osm_id": 9765880850, "osm_type": "nodes" }, "geometry": { "type": "Point", "coordinates": [ 86.1923553, 26.749334 ] } },
{ "type": "Feature", "properties": { "name": "Tibrewal Bidya Mandir", "amenity": "school", "addr_city": null, "osm_id": 9765880869, "osm_type": "nodes" }, "geometry": { "type": "Point", "coordinates": [ 86.2132498, 26.7347359 ] } },
{ "type": "Feature", "properties": { "name": "Shidhartha Shishu Niketan", "amenity": "school", "addr_city": null, "osm_id": 9766996122, "osm_type": "nodes" }, "geometry": { "type": "Point", "coordinates": [ 86.212708, 26.652521 ] } },
{ "type": "Feature", "properties": { "name": "Shikshadeep English Boarding School Pvt.Ltd", "amenity": "school", "addr_city": null, "osm_id": 9766996127, "osm_type": "nodes" }, "geometry": { "type": "Point", "coordinates": [ 86.2659227, 26.6724865 ] } },
{ "type": "Feature", "properties": { "name": "Shree Madhyamik Bidhyalaya, Hakpara", "amenity": "school", "addr_city": null, "osm_id": 9766996128, "osm_type": "nodes" }, "geometry": { "type": "Point", "coordinates": [ 86.2602452, 26.6637535 ] } },
{ "type": "Feature", "properties": { "name": "The Little Star EBS", "amenity": "school", "addr_city": null, "osm_id": 9766996123, "osm_type": "nodes" }, "geometry": { "type": "Point", "coordinates": [ 86.208527, 26.658431 ] } },
{ "type": "Feature", "properties": { "name": "Shree Madarsa Islabul Muslimin Alsalfiya", "amenity": "school", "addr_city": null, "osm_id": 9765880849, "osm_type": "nodes" }, "geometry": { "type": "Point", "coordinates": [ 86.1911688, 26.7465318 ] } },
{ "type": "Feature", "properties": { "name": "Shree Prathamik Bidyalaya", "amenity": "school", "addr_city": null, "osm_id": 9765880858, "osm_type": "nodes" }, "geometry": { "type": "Point", "coordinates": [ 86.1908609, 26.7269093 ] } },
{ "type": "Feature", "properties": { "name": "Dahu Madarsa", "amenity": "school", "addr_city": null, "osm_id": 9765880844, "osm_type": "nodes" }, "geometry": { "type": "Point", "coordinates": [ 86.195071, 26.7247753 ] } },
{ "type": "Feature", "properties": { "name": "Aadharbhut Bidyalaya, Kalyanpur -5", "amenity": "school", "addr_city": null, "osm_id": 9765880875, "osm_type": "nodes" }, "geometry": { "type": "Point", "coordinates": [ 86.1557688, 26.7788242 ] } },
{ "type": "Feature", "properties": { "name": "Madarsa Gulshane Raja", "amenity": "school", "addr_city": null, "osm_id": 9765880856, "osm_type": "nodes" }, "geometry": { "type": "Point", "coordinates": [ 86.1562265, 26.7818133 ] } },
{ "type": "Feature", "properties": { "name": "Aadharbhut Bidyalaya Bhokraha", "amenity": "school", "addr_city": null, "osm_id": 9765880861, "osm_type": "nodes" }, "geometry": { "type": "Point", "coordinates": [ 86.1578322, 26.7872268 ] } },
{ "type": "Feature", "properties": { "name": "Santlal Baba English Boarding School", "amenity": "school", "addr_city": null, "osm_id": 9794025726, "osm_type": "nodes" }, "geometry": { "type": "Point", "coordinates": [ 86.0468216, 26.7582684 ] } },
{ "type": "Feature", "properties": { "name": "Madarsa Islamiya Gulsane Madina", "amenity": "school", "addr_city": null, "osm_id": 9794025727, "osm_type": "nodes" }, "geometry": { "type": "Point", "coordinates": [ 86.0504837, 26.7572441 ] } },
{ "type": "Feature", "properties": { "name": "Ra. Pra. Bi. Nauwakhor Prasahi 8", "amenity": "school", "addr_city": null, "osm_id": 9794025728, "osm_type": "nodes" }, "geometry": { "type": "Point", "coordinates": [ 86.0517349, 26.7586727 ] } },
{ "type": "Feature", "properties": { "name": "Shree Satyam Boarding School Sonigama", "amenity": "school", "addr_city": null, "osm_id": 9794025740, "osm_type": "nodes" }, "geometry": { "type": "Point", "coordinates": [ 86.0540161, 26.7278881 ] } },
{ "type": "Feature", "properties": { "name": "Shree Saraswati Rastriya Basic School", "amenity": "school", "addr_city": null, "osm_id": 9793992724, "osm_type": "nodes" }, "geometry": { "type": "Point", "coordinates": [ 85.9856186, 26.6829205 ] } },
{ "type": "Feature", "properties": { "name": "Shree Rastriya Secondary School", "amenity": "school", "addr_city": null, "osm_id": 9793992727, "osm_type": "nodes" }, "geometry": { "type": "Point", "coordinates": [ 85.9825516, 26.6846123 ] } },
{ "type": "Feature", "properties": { "name": "Aaditya English Boarding School", "amenity": "school", "addr_city": null, "osm_id": 9793992728, "osm_type": "nodes" }, "geometry": { "type": "Point", "coordinates": [ 86.0055313, 26.6828804 ] } },
{ "type": "Feature", "properties": { "name": "Shree Nava Durga English Boarding School", "amenity": "school", "addr_city": null, "osm_id": 9793992732, "osm_type": "nodes" }, "geometry": { "type": "Point", "coordinates": [ 85.9886093, 26.6852665 ] } },
{ "type": "Feature", "properties": { "name": "Shree Rastriya Basic School", "amenity": "school", "addr_city": null, "osm_id": 9793992733, "osm_type": "nodes" }, "geometry": { "type": "Point", "coordinates": [ 85.9910889, 26.6874142 ] } },
{ "type": "Feature", "properties": { "name": "Ram Janaki English Boarding School", "amenity": "school", "addr_city": null, "osm_id": 9793992734, "osm_type": "nodes" }, "geometry": { "type": "Point", "coordinates": [ 85.9939804, 26.67803 ] } },
{ "type": "Feature", "properties": { "name": "Shree janta adharbhut bidhalaya", "amenity": "school", "addr_city": null, "osm_id": 9793987198, "osm_type": "nodes" }, "geometry": { "type": "Point", "coordinates": [ 86.1854553, 26.9099712 ] } },
{ "type": "Feature", "properties": { "name": "Madarsa Fejul Olum Alsarfiya", "amenity": "school", "addr_city": null, "osm_id": 9793992725, "osm_type": "nodes" }, "geometry": { "type": "Point", "coordinates": [ 85.9887695, 26.6758804 ] } },
{ "type": "Feature", "properties": { "name": "Shree Rastriya Secondary school", "amenity": "school", "addr_city": null, "osm_id": 9793992729, "osm_type": "nodes" }, "geometry": { "type": "Point", "coordinates": [ 86.0129471, 26.6814251 ] } },
{ "type": "Feature", "properties": { "name": "Alnazma Merajul Olum Madarsa", "amenity": "school", "addr_city": null, "osm_id": 9793992730, "osm_type": "nodes" }, "geometry": { "type": "Point", "coordinates": [ 86.0062027, 26.6827507 ] } },
{ "type": "Feature", "properties": { "name": "Shree Gyan Jyoti English Boarding School", "amenity": "school", "addr_city": null, "osm_id": 9793992731, "osm_type": "nodes" }, "geometry": { "type": "Point", "coordinates": [ 85.992569, 26.6778145 ] } },
{ "type": "Feature", "properties": { "name": "Evergreen Academy", "amenity": "school", "addr_city": null, "osm_id": 6336342741, "osm_type": "nodes" }, "geometry": { "type": "Point", "coordinates": [ 86.2061336, 26.6562879 ] } },
{ "type": "Feature", "properties": { "name": "Madarsa Najmul Huda-Al Salfiya", "amenity": "school", "addr_city": null, "osm_id": 9765880855, "osm_type": "nodes" }, "geometry": { "type": "Point", "coordinates": [ 86.2123258, 26.7004433 ] } },
{ "type": "Feature", "properties": { "name": null, "amenity": "school", "addr_city": null, "osm_id": 4412721619, "osm_type": "nodes" }, "geometry": { "type": "Point", "coordinates": [ 86.2090159, 26.6570576 ] } },
{ "type": "Feature", "properties": { "name": null, "amenity": "school", "addr_city": null, "osm_id": 5528064427, "osm_type": "nodes" }, "geometry": { "type": "Point", "coordinates": [ 86.2168672, 26.6364888 ] } },
{ "type": "Feature", "properties": { "name": "Shree Adharbhut bidhayala", "amenity": "school", "addr_city": null, "osm_id": 9793987177, "osm_type": "nodes" }, "geometry": { "type": "Point", "coordinates": [ 86.1309738, 26.8806515 ] } },
{ "type": "Feature", "properties": { "name": "Janata Basic School, Baluwatol", "amenity": "school", "addr_city": null, "osm_id": 11991836483, "osm_type": "nodes" }, "geometry": { "type": "Point", "coordinates": [ 86.279929, 26.6702213 ] } },
{ "type": "Feature", "properties": { "name": "Shree Basic School, Baderwa Manpur", "amenity": "school", "addr_city": null, "osm_id": 11968721785, "osm_type": "nodes" }, "geometry": { "type": "Point", "coordinates": [ 86.186405, 26.6428636 ] } },
{ "type": "Feature", "properties": { "name": "Shree Chandra (Prabidhik) Madhyamik Bidhyalaya", "amenity": "school", "addr_city": null, "osm_id": 11968718113, "osm_type": "nodes" }, "geometry": { "type": "Point", "coordinates": [ 86.2086144, 26.6571794 ] } },
{ "type": "Feature", "properties": { "name": "Shree Swami Vivekanand Academy", "amenity": "school", "addr_city": null, "osm_id": 11968723681, "osm_type": "nodes" }, "geometry": { "type": "Point", "coordinates": [ 86.2057579, 26.6715851 ] } },
{ "type": "Feature", "properties": { "name": "Mardarsha Gulshane Madina", "amenity": "school", "addr_city": null, "osm_id": 11968760017, "osm_type": "nodes" }, "geometry": { "type": "Point", "coordinates": [ 86.2025499, 26.6820263 ] } },
{ "type": "Feature", "properties": { "name": "Madrsa Nooria Madina Tul Uloom", "amenity": "school", "addr_city": null, "osm_id": 11968760018, "osm_type": "nodes" }, "geometry": { "type": "Point", "coordinates": [ 86.2048479, 26.6807154 ] } },
{ "type": "Feature", "properties": { "name": "Madarsa Darul Uloom Subhaniya Shahi mohallah Saraswar", "amenity": "school", "addr_city": null, "osm_id": 11968787223, "osm_type": "nodes" }, "geometry": { "type": "Point", "coordinates": [ 86.2066148, 26.6795902 ] } },
{ "type": "Feature", "properties": { "name": "Shree Basic School, Katti Tole", "amenity": "school", "addr_city": null, "osm_id": 11968575191, "osm_type": "nodes" }, "geometry": { "type": "Point", "coordinates": [ 86.2366582, 26.6194163 ] } },
{ "type": "Feature", "properties": { "name": "Galaxy Public Academy", "amenity": "school", "addr_city": null, "osm_id": 11968698758, "osm_type": "nodes" }, "geometry": { "type": "Point", "coordinates": [ 86.1909024, 26.6257574 ] } },
{ "type": "Feature", "properties": { "name": "Madarsha Daarul Uloom Gausiya Garib Nawaj", "amenity": "school", "addr_city": null, "osm_id": 11968789176, "osm_type": "nodes" }, "geometry": { "type": "Point", "coordinates": [ 86.2069085, 26.6765823 ] } },
{ "type": "Feature", "properties": { "name": "Shree Primary School, Kathkolwa, Basbitta", "amenity": "school", "addr_city": null, "osm_id": 11968718130, "osm_type": "nodes" }, "geometry": { "type": "Point", "coordinates": [ 86.1983147, 26.6637257 ] } },
{ "type": "Feature", "properties": { "name": "Believers English School", "amenity": "school", "addr_city": null, "osm_id": 11968739610, "osm_type": "nodes" }, "geometry": { "type": "Point", "coordinates": [ 86.2079519, 26.6714317 ] } },
{ "type": "Feature", "properties": { "name": "Shree Primary School, Kathkolwa, Basbitta", "amenity": "school", "addr_city": null, "osm_id": 11968749277, "osm_type": "nodes" }, "geometry": { "type": "Point", "coordinates": [ 86.2034954, 26.6692314 ] } },
{ "type": "Feature", "properties": { "name": "Madarsa Darul Uloom Rijawiya Nuriya Garib Nawaj", "amenity": "school", "addr_city": null, "osm_id": 11968779431, "osm_type": "nodes" }, "geometry": { "type": "Point", "coordinates": [ 86.2068368, 26.6846293 ] } },
{ "type": "Feature", "properties": { "name": "Dipesh Modern Nepal English Boarding School", "amenity": "school", "addr_city": null, "osm_id": 11971321836, "osm_type": "nodes" }, "geometry": { "type": "Point", "coordinates": [ 86.1232907, 26.6764349 ] } },
{ "type": "Feature", "properties": { "name": "Shree Basic School, Naraha", "amenity": "school", "addr_city": null, "osm_id": 11971358664, "osm_type": "nodes" }, "geometry": { "type": "Point", "coordinates": [ 86.143147, 26.7101887 ] } },
{ "type": "Feature", "properties": { "name": "Blue Bird English Boarding School", "amenity": "school", "addr_city": null, "osm_id": 11991794759, "osm_type": "nodes" }, "geometry": { "type": "Point", "coordinates": [ 86.283499, 26.6916254 ] } },
{ "type": "Feature", "properties": { "name": "Janakalyan Secondary School, Gauripur", "amenity": "school", "addr_city": null, "osm_id": 11991804748, "osm_type": "nodes" }, "geometry": { "type": "Point", "coordinates": [ 86.2950808, 26.6824254 ] } },
{ "type": "Feature", "properties": { "name": "Shakti English Boarding School", "amenity": "school", "addr_city": null, "osm_id": 11971343487, "osm_type": "nodes" }, "geometry": { "type": "Point", "coordinates": [ 86.1278021, 26.6941033 ] } },
{ "type": "Feature", "properties": { "name": "Wisdom English School", "amenity": "school", "addr_city": null, "osm_id": 11971325382, "osm_type": "nodes" }, "geometry": { "type": "Point", "coordinates": [ 86.1081308, 26.6806806 ] } },
{ "type": "Feature", "properties": { "name": "Shree Kamala English Boarding School", "amenity": "school", "addr_city": null, "osm_id": 11968685068, "osm_type": "nodes" }, "geometry": { "type": "Point", "coordinates": [ 86.1732401, 26.6350867 ] } },
{ "type": "Feature", "properties": { "name": "Janata Basic School, Machi", "amenity": "school", "addr_city": null, "osm_id": 11971384299, "osm_type": "nodes" }, "geometry": { "type": "Point", "coordinates": [ 86.1254686, 26.6794392 ] } },
{ "type": "Feature", "properties": { "name": "Janata Basic School, Dubarkot", "amenity": "school", "addr_city": null, "osm_id": 11971384534, "osm_type": "nodes" }, "geometry": { "type": "Point", "coordinates": [ 86.1504561, 26.6982129 ] } },
{ "type": "Feature", "properties": { "name": "Rastriya Primary School, Lagma", "amenity": "school", "addr_city": null, "osm_id": 11971383679, "osm_type": "nodes" }, "geometry": { "type": "Point", "coordinates": [ 86.1420098, 26.6775878 ] } },
{ "type": "Feature", "properties": { "name": "Nathuni Goit Adharbhut Vidyalaya", "amenity": "school", "addr_city": null, "osm_id": 11971390378, "osm_type": "nodes" }, "geometry": { "type": "Point", "coordinates": [ 86.1755535, 26.680574 ] } },
{ "type": "Feature", "properties": { "name": "Bilat Bauku Secondary School, Madan", "amenity": "school", "addr_city": null, "osm_id": 11971384430, "osm_type": "nodes" }, "geometry": { "type": "Point", "coordinates": [ 86.1794722, 26.7018552 ] } },
{ "type": "Feature", "properties": { "name": "Pragatisil Ma.Vi. Hatmunda", "amenity": "school", "addr_city": null, "osm_id": 11971397274, "osm_type": "nodes" }, "geometry": { "type": "Point", "coordinates": [ 86.1397004, 26.7196813 ] } },
{ "type": "Feature", "properties": { "name": "Shree Primary School, Harine", "amenity": "school", "addr_city": null, "osm_id": 11971371899, "osm_type": "nodes" }, "geometry": { "type": "Point", "coordinates": [ 86.147739, 26.724444 ] } },
{ "type": "Feature", "properties": { "name": "Eastern Star English Boarding School", "amenity": "school", "addr_city": null, "osm_id": 11968710121, "osm_type": "nodes" }, "geometry": { "type": "Point", "coordinates": [ 86.1891496, 26.6215792 ] } },
{ "type": "Feature", "properties": { "name": "Shree Janata Basic School, Nawatoli", "amenity": "school", "addr_city": null, "osm_id": 11968655530, "osm_type": "nodes" }, "geometry": { "type": "Point", "coordinates": [ 86.1913396, 26.6225773 ] } },
{ "type": "Feature", "properties": { "name": "Madarsa Mohammadia Al-Salfia", "amenity": "school", "addr_city": null, "osm_id": 11968712717, "osm_type": "nodes" }, "geometry": { "type": "Point", "coordinates": [ 86.190311, 26.6432537 ] } },
{ "type": "Feature", "properties": { "name": "Rastriya Primary School, Teliyaha", "amenity": "school", "addr_city": null, "osm_id": 11971380805, "osm_type": "nodes" }, "geometry": { "type": "Point", "coordinates": [ 86.125883, 26.6657463 ] } },
{ "type": "Feature", "properties": { "name": "Peace English Boarding School", "amenity": "school", "addr_city": null, "osm_id": 11971362365, "osm_type": "nodes" }, "geometry": { "type": "Point", "coordinates": [ 86.1366749, 26.675354 ] } },
{ "type": "Feature", "properties": { "name": "Everest Nepal English Boarding School", "amenity": "school", "addr_city": null, "osm_id": 11971365286, "osm_type": "nodes" }, "geometry": { "type": "Point", "coordinates": [ 86.1392002, 26.6745373 ] } },
{ "type": "Feature", "properties": { "name": "Laligurans English Boarding School, Lakkad", "amenity": "school", "addr_city": null, "osm_id": 11971392281, "osm_type": "nodes" }, "geometry": { "type": "Point", "coordinates": [ 86.1838643, 26.6888468 ] } },
{ "type": "Feature", "properties": { "name": "Dalit Rastriya Primary School, Lakkad", "amenity": "school", "addr_city": null, "osm_id": 11971396460, "osm_type": "nodes" }, "geometry": { "type": "Point", "coordinates": [ 86.18783, 26.6933101 ] } },
{ "type": "Feature", "properties": { "name": "Shree Lalji Shakuntala Secondary School, Madar", "amenity": "school", "addr_city": null, "osm_id": 11968669230, "osm_type": "nodes" }, "geometry": { "type": "Point", "coordinates": [ 86.1894514, 26.6249205 ] } },
{ "type": "Feature", "properties": { "name": "Apex Public Academy", "amenity": "school", "addr_city": null, "osm_id": 11968678578, "osm_type": "nodes" }, "geometry": { "type": "Point", "coordinates": [ 86.1904988, 26.6284608 ] } },
{ "type": "Feature", "properties": { "name": "Madarsa Alma Hadul Al- Imi Al-Salfia", "amenity": "school", "addr_city": null, "osm_id": 11968709108, "osm_type": "nodes" }, "geometry": { "type": "Point", "coordinates": [ 86.1906141, 26.6407592 ] } },
{ "type": "Feature", "properties": { "name": "Shree Tileshwori Basic School", "amenity": "school", "addr_city": null, "osm_id": 11968612230, "osm_type": "nodes" }, "geometry": { "type": "Point", "coordinates": [ 86.1968677, 26.6226546 ] } },
{ "type": "Feature", "properties": { "name": "Madarsa Islamia", "amenity": "school", "addr_city": null, "osm_id": 11968690363, "osm_type": "nodes" }, "geometry": { "type": "Point", "coordinates": [ 86.1729102, 26.6393046 ] } },
{ "type": "Feature", "properties": { "name": "Red Rose Academy", "amenity": "school", "addr_city": null, "osm_id": 11968722246, "osm_type": "nodes" }, "geometry": { "type": "Point", "coordinates": [ 86.1801964, 26.6423571 ] } },
{ "type": "Feature", "properties": { "name": "Golden School", "amenity": "school", "addr_city": null, "osm_id": 11968677637, "osm_type": "nodes" }, "geometry": { "type": "Point", "coordinates": [ 86.2011847, 26.6430548 ] } },
{ "type": "Feature", "properties": { "name": "Mithila Education Academy", "amenity": "school", "addr_city": null, "osm_id": 11968698760, "osm_type": "nodes" }, "geometry": { "type": "Point", "coordinates": [ 86.2052241, 26.6462217 ] } },
{ "type": "Feature", "properties": { "name": "Shree Laxmi Narayan Basic School", "amenity": "school", "addr_city": null, "osm_id": 11968725462, "osm_type": "nodes" }, "geometry": { "type": "Point", "coordinates": [ 86.2068549, 26.6525613 ] } },
{ "type": "Feature", "properties": { "name": "Basbitta Madarsha", "amenity": "school", "addr_city": null, "osm_id": 11968750570, "osm_type": "nodes" }, "geometry": { "type": "Point", "coordinates": [ 86.1969817, 26.6624038 ] } },
{ "type": "Feature", "properties": { "name": "Shree Adharbhut Bidhyalaya Sundarpur Narahiya", "amenity": "school", "addr_city": null, "osm_id": 11968723702, "osm_type": "nodes" }, "geometry": { "type": "Point", "coordinates": [ 86.2556443, 26.6987976 ] } },
{ "type": "Feature", "properties": { "name": "Shree Basic School, Gamhariya Katti", "amenity": "school", "addr_city": null, "osm_id": 11968783109, "osm_type": "nodes" }, "geometry": { "type": "Point", "coordinates": [ 86.209409, 26.6896274 ] } },
{ "type": "Feature", "properties": { "name": "Shree Basic School, Charapattti", "amenity": "school", "addr_city": null, "osm_id": 11968756850, "osm_type": "nodes" }, "geometry": { "type": "Point", "coordinates": [ 86.2099099, 26.6865138 ] } },
{ "type": "Feature", "properties": { "name": "Shree Basic School, Sika Jyoti", "amenity": "school", "addr_city": null, "osm_id": 11968573588, "osm_type": "nodes" }, "geometry": { "type": "Point", "coordinates": [ 86.2317914, 26.6131072 ] } },
{ "type": "Feature", "properties": { "name": "Madarsha Fahahul Muslimi", "amenity": "school", "addr_city": null, "osm_id": 11968666566, "osm_type": "nodes" }, "geometry": { "type": "Point", "coordinates": [ 86.2388986, 26.6191573 ] } },
{ "type": "Feature", "properties": { "name": "Janata Basic School, Jogiya Tole", "amenity": "school", "addr_city": null, "osm_id": 11968670250, "osm_type": "nodes" }, "geometry": { "type": "Point", "coordinates": [ 86.2446016, 26.6198551 ] } },
{ "type": "Feature", "properties": { "name": "Shree Janata Basic School, Lachminiya", "amenity": "school", "addr_city": null, "osm_id": 11968689482, "osm_type": "nodes" }, "geometry": { "type": "Point", "coordinates": [ 86.2179002, 26.6184583 ] } },
{ "type": "Feature", "properties": { "name": "Shree Secondary School, Lagadi Gadiyani", "amenity": "school", "addr_city": null, "osm_id": 11968518948, "osm_type": "nodes" }, "geometry": { "type": "Point", "coordinates": [ 86.2311543, 26.5940427 ] } },
{ "type": "Feature", "properties": { "name": "Madarsha Darulaalum Kasmi Barkati", "amenity": "school", "addr_city": null, "osm_id": 11968467632, "osm_type": "nodes" }, "geometry": { "type": "Point", "coordinates": [ 86.2294478, 26.59434 ] } },
{ "type": "Feature", "properties": { "name": "Shree Basic School, Lagadi Goth", "amenity": "school", "addr_city": null, "osm_id": 11968533959, "osm_type": "nodes" }, "geometry": { "type": "Point", "coordinates": [ 86.2101127, 26.5968344 ] } },
{ "type": "Feature", "properties": { "name": "Shree Primary School, Budhaura Siraha", "amenity": "school", "addr_city": null, "osm_id": 11968534441, "osm_type": "nodes" }, "geometry": { "type": "Point", "coordinates": [ 86.1993474, 26.6072847 ] } },
{ "type": "Feature", "properties": { "name": "Shree Dalit Deep Basic School", "amenity": "school", "addr_city": null, "osm_id": 11968543389, "osm_type": "nodes" }, "geometry": { "type": "Point", "coordinates": [ 86.1923629, 26.6180831 ] } },
{ "type": "Feature", "properties": { "name": "Universal Academy", "amenity": "school", "addr_city": null, "osm_id": 11968705205, "osm_type": "nodes" }, "geometry": { "type": "Point", "coordinates": [ 86.2068602, 26.6507298 ] } },
{ "type": "Feature", "properties": { "name": "Shree Kanya Basic School", "amenity": "school", "addr_city": null, "osm_id": 11968719694, "osm_type": "nodes" }, "geometry": { "type": "Point", "coordinates": [ 86.2070574, 26.650055 ] } },
{ "type": "Feature", "properties": { "name": "Darji Tole Madarsa School", "amenity": "school", "addr_city": null, "osm_id": 11968773923, "osm_type": "nodes" }, "geometry": { "type": "Point", "coordinates": [ 86.204744, 26.6830952 ] } },
{ "type": "Feature", "properties": { "name": "Shree Janata Basic School, Sanhaitha", "amenity": "school", "addr_city": null, "osm_id": 11968671178, "osm_type": "nodes" }, "geometry": { "type": "Point", "coordinates": [ 86.2574977, 26.6305972 ] } },
{ "type": "Feature", "properties": { "name": "Shree Secondary School, Sanhaitha", "amenity": "school", "addr_city": null, "osm_id": 11968650343, "osm_type": "nodes" }, "geometry": { "type": "Point", "coordinates": [ 86.2514573, 26.6412351 ] } },
{ "type": "Feature", "properties": { "name": "Shree Janata Basic School", "amenity": "school", "addr_city": null, "osm_id": 11968546179, "osm_type": "nodes" }, "geometry": { "type": "Point", "coordinates": [ 86.2204778, 26.6137931 ] } },
{ "type": "Feature", "properties": { "name": "Madarsha Mahmadiya", "amenity": "school", "addr_city": null, "osm_id": 9782457445, "osm_type": "nodes" }, "geometry": { "type": "Point", "coordinates": [ 87.232872, 26.590868 ] } },
{ "type": "Feature", "properties": { "name": "Jesji Basic School, Paunwa", "amenity": "school", "addr_city": null, "osm_id": 11991691581, "osm_type": "nodes" }, "geometry": { "type": "Point", "coordinates": [ 86.7344695, 26.5930303 ] } },
{ "type": "Feature", "properties": { "name": "BS Memorial English Boarding School", "amenity": "school", "addr_city": null, "osm_id": 11991695958, "osm_type": "nodes" }, "geometry": { "type": "Point", "coordinates": [ 86.7237903, 26.5919678 ] } },
{ "type": "Feature", "properties": { "name": "Jalpa English Boarding School", "amenity": "school", "addr_city": null, "osm_id": 11991698696, "osm_type": "nodes" }, "geometry": { "type": "Point", "coordinates": [ 86.727123, 26.5938806 ] } },
{ "type": "Feature", "properties": { "name": "Rastriya Primary School, Bauraha", "amenity": "school", "addr_city": null, "osm_id": 11991480692, "osm_type": "nodes" }, "geometry": { "type": "Point", "coordinates": [ 86.599195, 26.5891844 ] } },
{ "type": "Feature", "properties": { "name": "Belal Pablic School", "amenity": "school", "addr_city": null, "osm_id": 9782386307, "osm_type": "nodes" }, "geometry": { "type": "Point", "coordinates": [ 87.2603378, 26.5906334 ] } },
{ "type": "Feature", "properties": { "name": "Shree Rastariya Adharvut Vidayalaya Sakhuwa Gota", "amenity": "school", "addr_city": null, "osm_id": 9794060138, "osm_type": "nodes" }, "geometry": { "type": "Point", "coordinates": [ 86.6809769, 26.5739002 ] } },
{ "type": "Feature", "properties": { "name": "Madarasa Abu Bakar Sidi", "amenity": "school", "addr_city": null, "osm_id": 9793992739, "osm_type": "nodes" }, "geometry": { "type": "Point", "coordinates": [ 85.9856949, 26.6665974 ] } },
{ "type": "Feature", "properties": { "name": "Shee Basudev Higher Secondary School", "amenity": "school", "addr_city": null, "osm_id": 9793992742, "osm_type": "nodes" }, "geometry": { "type": "Point", "coordinates": [ 85.9512732, 26.6741955 ] } },
{ "type": "Feature", "properties": { "name": "Shree Ram Janaki Aadharbhut Bidhyalaya", "amenity": "school", "addr_city": null, "osm_id": 9791836273, "osm_type": "nodes" }, "geometry": { "type": "Point", "coordinates": [ 85.8916168, 26.6635361 ] } },
{ "type": "Feature", "properties": { "name": "Shree Nand Ji Basic School", "amenity": "school", "addr_city": null, "osm_id": 9623333263, "osm_type": "nodes" }, "geometry": { "type": "Point", "coordinates": [ 85.9062641, 26.6994962 ] } },
{ "type": "Feature", "properties": { "name": "New Gyan Jyoti English Boarding School", "amenity": "school", "addr_city": null, "osm_id": 9623333262, "osm_type": "nodes" }, "geometry": { "type": "Point", "coordinates": [ 85.893015, 26.705455 ] } },
{ "type": "Feature", "properties": { "name": "Shree Aadharbhut Vidhyalaya", "amenity": "school", "addr_city": null, "osm_id": 9623669097, "osm_type": "nodes" }, "geometry": { "type": "Point", "coordinates": [ 85.9453065, 26.7238845 ] } },
{ "type": "Feature", "properties": { "name": "Shree Shankar Basic School", "amenity": "school", "addr_city": null, "osm_id": 9623669096, "osm_type": "nodes" }, "geometry": { "type": "Point", "coordinates": [ 85.9545948, 26.7248944 ] } },
{ "type": "Feature", "properties": { "name": "Shree Ram Janaki Basic School", "amenity": "school", "addr_city": null, "osm_id": 9623669112, "osm_type": "nodes" }, "geometry": { "type": "Point", "coordinates": [ 85.9170233, 26.7272698 ] } },
{ "type": "Feature", "properties": { "name": "Shree Janak Rastraiya Primary School", "amenity": "school", "addr_city": null, "osm_id": 9623669091, "osm_type": "nodes" }, "geometry": { "type": "Point", "coordinates": [ 85.9102592, 26.7344908 ] } },
{ "type": "Feature", "properties": { "name": "Shree Yaajyavalakya Sanskrit Namuna Madhyamik Vidyalaya", "amenity": "school", "addr_city": null, "osm_id": 9623669090, "osm_type": "nodes" }, "geometry": { "type": "Point", "coordinates": [ 85.9099212, 26.7372228 ] } },
{ "type": "Feature", "properties": { "name": "South Pont English Boarding School", "amenity": "school", "addr_city": null, "osm_id": 9623669094, "osm_type": "nodes" }, "geometry": { "type": "Point", "coordinates": [ 85.9228612, 26.7423208 ] } },
{ "type": "Feature", "properties": { "name": "Siddhartha Sisu Sadan Secondary School", "amenity": "school", "addr_city": null, "osm_id": 9623669106, "osm_type": "nodes" }, "geometry": { "type": "Point", "coordinates": [ 85.9324717, 26.733524 ] } },
{ "type": "Feature", "properties": { "name": "Subhatara Secondary Boarding School", "amenity": "school", "addr_city": null, "osm_id": 9623669114, "osm_type": "nodes" }, "geometry": { "type": "Point", "coordinates": [ 85.9206854, 26.7273946 ] } },
{ "type": "Feature", "properties": { "name": "Shree Ram Primary School", "amenity": "school", "addr_city": null, "osm_id": 9623333264, "osm_type": "nodes" }, "geometry": { "type": "Point", "coordinates": [ 85.9088374, 26.700785 ] } },
{ "type": "Feature", "properties": { "name": "Shree Gogal Prasad Model Secondary School", "amenity": "school", "addr_city": null, "osm_id": 9623333265, "osm_type": "nodes" }, "geometry": { "type": "Point", "coordinates": [ 85.9079122, 26.6984623 ] } },
{ "type": "Feature", "properties": { "name": "Shree Rastraiya Secondary School", "amenity": "school", "addr_city": null, "osm_id": 9623333267, "osm_type": "nodes" }, "geometry": { "type": "Point", "coordinates": [ 85.9262875, 26.6894645 ] } },
{ "type": "Feature", "properties": { "name": "Rajarsi Janak University", "amenity": "university", "addr_city": null, "osm_id": 9623669089, "osm_type": "nodes" }, "geometry": { "type": "Point", "coordinates": [ 85.9168873, 26.7390637 ] } },
{ "type": "Feature", "properties": { "name": "Rajeshwor nidhi Higher School, Nagrain", "amenity": "school", "addr_city": null, "osm_id": 4368085204, "osm_type": "nodes" }, "geometry": { "type": "Point", "coordinates": [ 85.9264557, 26.6421526 ] } },
{ "type": "Feature", "properties": { "name": "Shree Janta Secondary School", "amenity": "school", "addr_city": null, "osm_id": 9623333266, "osm_type": "nodes" }, "geometry": { "type": "Point", "coordinates": [ 85.9239358, 26.6785063 ] } },
{ "type": "Feature", "properties": { "name": "Shree Ma Vi, Sohani Mujelia", "amenity": "school", "addr_city": null, "osm_id": 4402114389, "osm_type": "nodes" }, "geometry": { "type": "Point", "coordinates": [ 85.9279584, 26.7628891 ] } },
{ "type": "Feature", "properties": { "name": "Nobel Secondary English Boarding School", "amenity": "school", "addr_city": null, "osm_id": 9623669098, "osm_type": "nodes" }, "geometry": { "type": "Point", "coordinates": [ 85.9407162, 26.7274066 ] } },
{ "type": "Feature", "properties": { "name": "Dhanusha Science Higher secondary College", "amenity": "school", "addr_city": "Janakpur", "osm_id": 7858021485, "osm_type": "nodes" }, "geometry": { "type": "Point", "coordinates": [ 85.9367274, 26.7291127 ] } },
{ "type": "Feature", "properties": { "name": "Greenwood Public School", "amenity": "school", "addr_city": null, "osm_id": 9623669108, "osm_type": "nodes" }, "geometry": { "type": "Point", "coordinates": [ 85.9201935, 26.737522 ] } },
{ "type": "Feature", "properties": { "name": "Monalisa Public School", "amenity": "school", "addr_city": null, "osm_id": 9623669113, "osm_type": "nodes" }, "geometry": { "type": "Point", "coordinates": [ 85.9204775, 26.7273648 ] } },
{ "type": "Feature", "properties": { "name": "New Life English Boarding School", "amenity": "school", "addr_city": null, "osm_id": 9623669099, "osm_type": "nodes" }, "geometry": { "type": "Point", "coordinates": [ 85.9380698, 26.7286965 ] } },
{ "type": "Feature", "properties": { "name": "Aadhar Bal Batika School", "amenity": "school", "addr_city": null, "osm_id": 11993577276, "osm_type": "nodes" }, "geometry": { "type": "Point", "coordinates": [ 85.9303567, 26.7321004 ] } },
{ "type": "Feature", "properties": { "name": "Gurukul Basic School", "amenity": "school", "addr_city": null, "osm_id": 11993579206, "osm_type": "nodes" }, "geometry": { "type": "Point", "coordinates": [ 85.9313759, 26.727405 ] } },
{ "type": "Feature", "properties": { "name": "Kids Planet Basic School", "amenity": "school", "addr_city": null, "osm_id": 11993579204, "osm_type": "nodes" }, "geometry": { "type": "Point", "coordinates": [ 85.9274036, 26.7257209 ] } },
{ "type": "Feature", "properties": { "name": "Mount Everest Secondary EBS", "amenity": "school", "addr_city": null, "osm_id": 11993580489, "osm_type": "nodes" }, "geometry": { "type": "Point", "coordinates": [ 85.9142983, 26.7374471 ] } },
{ "type": "Feature", "properties": { "name": "Mother Teressa Public School", "amenity": "school", "addr_city": null, "osm_id": 11993587355, "osm_type": "nodes" }, "geometry": { "type": "Point", "coordinates": [ 85.9321739, 26.7331544 ] } },
{ "type": "Feature", "properties": { "name": "Madarsa Jamiya Salfia School", "amenity": "school", "addr_city": null, "osm_id": 11993588186, "osm_type": "nodes" }, "geometry": { "type": "Point", "coordinates": [ 85.9245631, 26.7292353 ] } },
{ "type": "Feature", "properties": { "name": "Himali English Boarding School", "amenity": "school", "addr_city": null, "osm_id": 11993590603, "osm_type": "nodes" }, "geometry": { "type": "Point", "coordinates": [ 85.931848, 26.7283705 ] } },
{ "type": "Feature", "properties": { "name": "Millennium Campus", "amenity": "school", "addr_city": null, "osm_id": 11993594990, "osm_type": "nodes" }, "geometry": { "type": "Point", "coordinates": [ 85.9265989, 26.735823 ] } },
{ "type": "Feature", "properties": { "name": "Janaki Campus, BarhaBigha", "amenity": "school", "addr_city": null, "osm_id": 11993599700, "osm_type": "nodes" }, "geometry": { "type": "Point", "coordinates": [ 85.9217897, 26.7349367 ] } },
{ "type": "Feature", "properties": { "name": "Janakpur Academy English Boarding School", "amenity": "school", "addr_city": null, "osm_id": 11993606186, "osm_type": "nodes" }, "geometry": { "type": "Point", "coordinates": [ 85.9210038, 26.738434 ] } },
{ "type": "Feature", "properties": { "name": "Shree Sakal Bhawan Kanya Secondary School", "amenity": "school", "addr_city": null, "osm_id": 11993609720, "osm_type": "nodes" }, "geometry": { "type": "Point", "coordinates": [ 85.929029, 26.7376818 ] } },
{ "type": "Feature", "properties": { "name": "Jamiya Emam Ahmed Reza Madarsa School", "amenity": "school", "addr_city": null, "osm_id": 11993494121, "osm_type": "nodes" }, "geometry": { "type": "Point", "coordinates": [ 85.9256306, 26.6842683 ] } },
{ "type": "Feature", "properties": { "name": "Janata Basic School, Loharpatti", "amenity": "school", "addr_city": null, "osm_id": 11993581515, "osm_type": "nodes" }, "geometry": { "type": "Point", "coordinates": [ 85.9314269, 26.731147 ] } },
{ "type": "Feature", "properties": { "name": "Holi Mission Residential School", "amenity": "school", "addr_city": null, "osm_id": 11993587356, "osm_type": "nodes" }, "geometry": { "type": "Point", "coordinates": [ 85.9219158, 26.729367 ] } },
{ "type": "Feature", "properties": { "name": "Shree Rastriya Basic School, Rahim Path", "amenity": "school", "addr_city": null, "osm_id": 11993587607, "osm_type": "nodes" }, "geometry": { "type": "Point", "coordinates": [ 85.9242037, 26.7292976 ] } },
{ "type": "Feature", "properties": { "name": "Shree Saraswati Basic School", "amenity": "school", "addr_city": null, "osm_id": 11993602846, "osm_type": "nodes" }, "geometry": { "type": "Point", "coordinates": [ 85.9254026, 26.7389035 ] } },
{ "type": "Feature", "properties": { "name": "Universal Academy, Bhanu Chok", "amenity": "school", "addr_city": null, "osm_id": 11993607174, "osm_type": "nodes" }, "geometry": { "type": "Point", "coordinates": [ 85.9228438, 26.7391754 ] } },
{ "type": "Feature", "properties": { "name": "Shree Nepal Rastriya Primary School, Khatbaiya", "amenity": "school", "addr_city": null, "osm_id": 11993212358, "osm_type": "nodes" }, "geometry": { "type": "Point", "coordinates": [ 85.8793116, 26.6040855 ] } },
{ "type": "Feature", "properties": { "name": "Holy Cross High School", "amenity": "school", "addr_city": null, "osm_id": 11993611941, "osm_type": "nodes" }, "geometry": { "type": "Point", "coordinates": [ 85.931325, 26.734951 ] } },
{ "type": "Feature", "properties": { "name": "Sahorwa Secondary School", "amenity": "school", "addr_city": null, "osm_id": 11993211372, "osm_type": "nodes" }, "geometry": { "type": "Point", "coordinates": [ 85.8719999, 26.6910647 ] } },
{ "type": "Feature", "properties": { "name": "Baheda Basic School", "amenity": "school", "addr_city": null, "osm_id": 11993199683, "osm_type": "nodes" }, "geometry": { "type": "Point", "coordinates": [ 85.8998761, 26.6068746 ] } },
{ "type": "Feature", "properties": { "name": "Rastriya Aadhurbhut Vidyalaya", "amenity": "school", "addr_city": null, "osm_id": 11993217040, "osm_type": "nodes" }, "geometry": { "type": "Point", "coordinates": [ 85.8748966, 26.5891628 ] } },
{ "type": "Feature", "properties": { "name": "Shree Primary School", "amenity": "school", "addr_city": null, "osm_id": 11993219462, "osm_type": "nodes" }, "geometry": { "type": "Point", "coordinates": [ 85.8909684, 26.6835997 ] } },
{ "type": "Feature", "properties": { "name": "Shree Mahendra Secondary School", "amenity": "school", "addr_city": null, "osm_id": 11993558997, "osm_type": "nodes" }, "geometry": { "type": "Point", "coordinates": [ 85.9274948, 26.754233 ] } },
{ "type": "Feature", "properties": { "name": "Anupam Public English Boarding School", "amenity": "school", "addr_city": null, "osm_id": 11993491125, "osm_type": "nodes" }, "geometry": { "type": "Point", "coordinates": [ 85.8949462, 26.7059501 ] } },
{ "type": "Feature", "properties": { "name": "Madarsa Kadriya Chalemul Quran School", "amenity": "school", "addr_city": null, "osm_id": 11993512080, "osm_type": "nodes" }, "geometry": { "type": "Point", "coordinates": [ 85.9272064, 26.6912935 ] } },
{ "type": "Feature", "properties": { "name": "Madarsa Rajaye Mustafa School", "amenity": "school", "addr_city": null, "osm_id": 11993509757, "osm_type": "nodes" }, "geometry": { "type": "Point", "coordinates": [ 85.9245363, 26.6820886 ] } },
{ "type": "Feature", "properties": { "name": "Madarsa Attaye Mustafa School", "amenity": "school", "addr_city": null, "osm_id": 11993509758, "osm_type": "nodes" }, "geometry": { "type": "Point", "coordinates": [ 85.9267263, 26.6867894 ] } },
{ "type": "Feature", "properties": { "name": null, "amenity": "school", "addr_city": null, "osm_id": 12387963215, "osm_type": "nodes" }, "geometry": { "type": "Point", "coordinates": [ 85.9209723, 26.7378498 ] } },
{ "type": "Feature", "properties": { "name": null, "amenity": "school", "addr_city": null, "osm_id": 4690836192, "osm_type": "nodes" }, "geometry": { "type": "Point", "coordinates": [ 85.9373886, 26.7271628 ] } },
{ "type": "Feature", "properties": { "name": "Janata Basic School", "amenity": "school", "addr_city": null, "osm_id": 11993609721, "osm_type": "nodes" }, "geometry": { "type": "Point", "coordinates": [ 85.9294555, 26.734321 ] } },
{ "type": "Feature", "properties": { "name": "Khaja Garib Nawaj Madarsa School, Gaxi Tol", "amenity": "school", "addr_city": null, "osm_id": 11993503496, "osm_type": "nodes" }, "geometry": { "type": "Point", "coordinates": [ 85.925636, 26.6826554 ] } },
{ "type": "Feature", "properties": { "name": "Sanskar Public School", "amenity": "school", "addr_city": null, "osm_id": 11993546764, "osm_type": "nodes" }, "geometry": { "type": "Point", "coordinates": [ 85.9204996, 26.751857 ] } },
{ "type": "Feature", "properties": { "name": "South Point English Boarding School", "amenity": "school", "addr_city": null, "osm_id": 11993552682, "osm_type": "nodes" }, "geometry": { "type": "Point", "coordinates": [ 85.922538, 26.7423815 ] } },
{ "type": "Feature", "properties": { "name": "Madarsa Noori jaysool School", "amenity": "school", "addr_city": null, "osm_id": 11993542359, "osm_type": "nodes" }, "geometry": { "type": "Point", "coordinates": [ 85.9444812, 26.7251459 ] } },
{ "type": "Feature", "properties": { "name": "Child Oxford EBS", "amenity": "school", "addr_city": null, "osm_id": 11993567361, "osm_type": "nodes" }, "geometry": { "type": "Point", "coordinates": [ 85.9455058, 26.7271918 ] } },
{ "type": "Feature", "properties": { "name": "Kopila English Boarding School", "amenity": "school", "addr_city": null, "osm_id": 11993561399, "osm_type": "nodes" }, "geometry": { "type": "Point", "coordinates": [ 85.940246, 26.7287514 ] } },
{ "type": "Feature", "properties": { "name": "Satyam International Academy", "amenity": "school", "addr_city": null, "osm_id": 11993562096, "osm_type": "nodes" }, "geometry": { "type": "Point", "coordinates": [ 85.9327948, 26.7226951 ] } },
{ "type": "Feature", "properties": { "name": "Moon Light Secondary English Boarding School", "amenity": "school", "addr_city": null, "osm_id": 11993543366, "osm_type": "nodes" }, "geometry": { "type": "Point", "coordinates": [ 85.932422, 26.721387 ] } },
{ "type": "Feature", "properties": { "name": "Education Point Academy", "amenity": "school", "addr_city": null, "osm_id": 11993574814, "osm_type": "nodes" }, "geometry": { "type": "Point", "coordinates": [ 85.9318936, 26.7212912 ] } },
{ "type": "Feature", "properties": { "name": "New English Boarding School, Vidyapati Nagar", "amenity": "school", "addr_city": null, "osm_id": 11993567362, "osm_type": "nodes" }, "geometry": { "type": "Point", "coordinates": [ 85.9299436, 26.7218375 ] } },
{ "type": "Feature", "properties": { "name": "Madarsa Hanfinya Baratiya", "amenity": "school", "addr_city": null, "osm_id": 11993577565, "osm_type": "nodes" }, "geometry": { "type": "Point", "coordinates": [ 85.9211111, 26.7280614 ] } },
{ "type": "Feature", "properties": { "name": "Sarvodaya Narayan Basic School", "amenity": "school", "addr_city": null, "osm_id": 11993550710, "osm_type": "nodes" }, "geometry": { "type": "Point", "coordinates": [ 85.9155643, 26.7385202 ] } },
{ "type": "Feature", "properties": { "name": "Devsharan Ramrati Secondary School", "amenity": "school", "addr_city": null, "osm_id": 11993567147, "osm_type": "nodes" }, "geometry": { "type": "Point", "coordinates": [ 85.9250003, 26.7265857 ] } },
{ "type": "Feature", "properties": { "name": "Rajarshi Janak Bal Rastriya Basic School", "amenity": "school", "addr_city": null, "osm_id": 11993569574, "osm_type": "nodes" }, "geometry": { "type": "Point", "coordinates": [ 85.9292865, 26.7283872 ] } },
{ "type": "Feature", "properties": { "name": "Al Jamiatul Hansifiatul, Rahmaniya Road", "amenity": "school", "addr_city": null, "osm_id": 11993585728, "osm_type": "nodes" }, "geometry": { "type": "Point", "coordinates": [ 85.9247053, 26.7299348 ] } },
{ "type": "Feature", "properties": { "name": "Om International Boarding School", "amenity": "school", "addr_city": null, "osm_id": 11993569585, "osm_type": "nodes" }, "geometry": { "type": "Point", "coordinates": [ 85.9198612, 26.7341246 ] } },
{ "type": "Feature", "properties": { "name": "New Budhanilkantha Montessori School", "amenity": "school", "addr_city": null, "osm_id": 11993555226, "osm_type": "nodes" }, "geometry": { "type": "Point", "coordinates": [ 85.9219989, 26.738616 ] } },
{ "type": "Feature", "properties": { "name": "Jana Hajari Vidyapati Campus", "amenity": "school", "addr_city": null, "osm_id": 11993591810, "osm_type": "nodes" }, "geometry": { "type": "Point", "coordinates": [ 85.9145772, 26.7345055 ] } },
{ "type": "Feature", "properties": { "name": "Madhesh Health Science Pratisthan", "amenity": "school", "addr_city": null, "osm_id": 11993602851, "osm_type": "nodes" }, "geometry": { "type": "Point", "coordinates": [ 85.9246516, 26.7360769 ] } },
{ "type": "Feature", "properties": { "name": "Kiddy Convent Secondary School", "amenity": "school", "addr_city": null, "osm_id": 11993611022, "osm_type": "nodes" }, "geometry": { "type": "Point", "coordinates": [ 85.927602, 26.7359523 ] } },
{ "type": "Feature", "properties": { "name": "Farz Ulum Madarsa School", "amenity": "school", "addr_city": null, "osm_id": 11993451524, "osm_type": "nodes" }, "geometry": { "type": "Point", "coordinates": [ 85.9245671, 26.6817567 ] } },
{ "type": "Feature", "properties": { "name": "Mithila Institute of Technology", "amenity": "school", "addr_city": null, "osm_id": 11993514998, "osm_type": "nodes" }, "geometry": { "type": "Point", "coordinates": [ 85.9312123, 26.7204335 ] } },
{ "type": "Feature", "properties": { "name": "Ganiya English Boarding School", "amenity": "school", "addr_city": null, "osm_id": 11993546765, "osm_type": "nodes" }, "geometry": { "type": "Point", "coordinates": [ 85.925459, 26.7540102 ] } },
{ "type": "Feature", "properties": { "name": "Vidyapati Memorial Secondary School", "amenity": "school", "addr_city": null, "osm_id": 11993532414, "osm_type": "nodes" }, "geometry": { "type": "Point", "coordinates": [ 85.9231335, 26.7493182 ] } },
{ "type": "Feature", "properties": { "name": "United English Boarding School", "amenity": "school", "addr_city": null, "osm_id": 11993563675, "osm_type": "nodes" }, "geometry": { "type": "Point", "coordinates": [ 85.9240937, 26.7438379 ] } },
{ "type": "Feature", "properties": { "name": "Jamitul Madina School", "amenity": "school", "addr_city": null, "osm_id": 11993550679, "osm_type": "nodes" }, "geometry": { "type": "Point", "coordinates": [ 85.9518895, 26.7242332 ] } },
{ "type": "Feature", "properties": { "name": "Darul Ulum Fejane Madani School", "amenity": "school", "addr_city": null, "osm_id": 11993569107, "osm_type": "nodes" }, "geometry": { "type": "Point", "coordinates": [ 85.9423971, 26.7273188 ] } },
{ "type": "Feature", "properties": { "name": "Om Shakti EBS", "amenity": "school", "addr_city": null, "osm_id": 11993587354, "osm_type": "nodes" }, "geometry": { "type": "Point", "coordinates": [ 85.9190404, 26.7258407 ] } },
{ "type": "Feature", "properties": { "name": "Model Multiple College", "amenity": "school", "addr_city": null, "osm_id": 11993564253, "osm_type": "nodes" }, "geometry": { "type": "Point", "coordinates": [ 85.9289083, 26.7260036 ] } },
{ "type": "Feature", "properties": { "name": "Shree Rastriya Basic School, Dashrath Nagar", "amenity": "school", "addr_city": null, "osm_id": 11993587357, "osm_type": "nodes" }, "geometry": { "type": "Point", "coordinates": [ 85.9204888, 26.730893 ] } },
{ "type": "Feature", "properties": { "name": "Seviers Model Campus", "amenity": "school", "addr_city": null, "osm_id": 11993590729, "osm_type": "nodes" }, "geometry": { "type": "Point", "coordinates": [ 85.9183806, 26.7291059 ] } },
{ "type": "Feature", "properties": { "name": "Bhadrakali English Boarding School", "amenity": "school", "addr_city": null, "osm_id": 11993592613, "osm_type": "nodes" }, "geometry": { "type": "Point", "coordinates": [ 85.9165674, 26.7288616 ] } },
{ "type": "Feature", "properties": { "name": "Birendra Institute of Medical and Dental Studies", "amenity": "school", "addr_city": null, "osm_id": 11993604521, "osm_type": "nodes" }, "geometry": { "type": "Point", "coordinates": [ 85.9236753, 26.7402425 ] } },
{ "type": "Feature", "properties": { "name": "Godawari Secondary English School", "amenity": "school", "addr_city": null, "osm_id": 11993613218, "osm_type": "nodes" }, "geometry": { "type": "Point", "coordinates": [ 85.926792, 26.7361727 ] } },
{ "type": "Feature", "properties": { "name": "Shiv Shankar English Boarding School", "amenity": "school", "addr_city": null, "osm_id": 11993501809, "osm_type": "nodes" }, "geometry": { "type": "Point", "coordinates": [ 85.9268872, 26.6882537 ] } },
{ "type": "Feature", "properties": { "name": "Darul Ulum Ataye Mustafa School", "amenity": "school", "addr_city": null, "osm_id": 11993518218, "osm_type": "nodes" }, "geometry": { "type": "Point", "coordinates": [ 85.9058547, 26.7158024 ] } },
{ "type": "Feature", "properties": { "name": "Madarsa Noori Faijul School", "amenity": "school", "addr_city": null, "osm_id": 11993534028, "osm_type": "nodes" }, "geometry": { "type": "Point", "coordinates": [ 85.9406751, 26.7585608 ] } },
{ "type": "Feature", "properties": { "name": "Mithila Secondary School", "amenity": "school", "addr_city": null, "osm_id": 11993557014, "osm_type": "nodes" }, "geometry": { "type": "Point", "coordinates": [ 85.9248394, 26.7456248 ] } },
{ "type": "Feature", "properties": { "name": "Mordern Public Secondary School", "amenity": "school", "addr_city": null, "osm_id": 11993543338, "osm_type": "nodes" }, "geometry": { "type": "Point", "coordinates": [ 85.9237558, 26.7446427 ] } },
{ "type": "Feature", "properties": { "name": "Baishanbi Shiksha Mandir Basic School", "amenity": "school", "addr_city": null, "osm_id": 11993565434, "osm_type": "nodes" }, "geometry": { "type": "Point", "coordinates": [ 85.9240186, 26.7423241 ] } },
{ "type": "Feature", "properties": { "name": "Gauri English Boarding Schoool", "amenity": "school", "addr_city": null, "osm_id": 11993563995, "osm_type": "nodes" }, "geometry": { "type": "Point", "coordinates": [ 85.9258908, 26.7421252 ] } },
{ "type": "Feature", "properties": { "name": "Om RCS English Medium School", "amenity": "school", "addr_city": null, "osm_id": 11993545591, "osm_type": "nodes" }, "geometry": { "type": "Point", "coordinates": [ 85.9353483, 26.7376579 ] } },
{ "type": "Feature", "properties": { "name": "Arpan Public School", "amenity": "school", "addr_city": null, "osm_id": 11993569502, "osm_type": "nodes" }, "geometry": { "type": "Point", "coordinates": [ 85.937258, 26.7353511 ] } },
{ "type": "Feature", "properties": { "name": "Janata Secondary School", "amenity": "school", "addr_city": null, "osm_id": 11993239144, "osm_type": "nodes" }, "geometry": { "type": "Point", "coordinates": [ 85.8864784, 26.6841964 ] } },
{ "type": "Feature", "properties": { "name": "Shree Basic School, Mukhiya", "amenity": "school", "addr_city": null, "osm_id": 11993201305, "osm_type": "nodes" }, "geometry": { "type": "Point", "coordinates": [ 85.8966279, 26.6141264 ] } },
{ "type": "Feature", "properties": { "name": "Shree Primary School", "amenity": "school", "addr_city": null, "osm_id": 11993165811, "osm_type": "nodes" }, "geometry": { "type": "Point", "coordinates": [ 85.9081292, 26.6114454 ] } },
{ "type": "Feature", "properties": { "name": "Natai Sadai Rastriya Basic School", "amenity": "school", "addr_city": null, "osm_id": 11991555261, "osm_type": "nodes" }, "geometry": { "type": "Point", "coordinates": [ 86.5941337, 26.5742621 ] } },
{ "type": "Feature", "properties": { "name": "Shree Janta Adharbhut Maleth Gadhiya", "amenity": "school", "addr_city": null, "osm_id": 9794078349, "osm_type": "nodes" }, "geometry": { "type": "Point", "coordinates": [ 86.7515411, 26.5690689 ] } },
{ "type": "Feature", "properties": { "name": "Shree Rastriya Parathmik Bidhyalay Dighawa", "amenity": "school", "addr_city": null, "osm_id": 9794078335, "osm_type": "nodes" }, "geometry": { "type": "Point", "coordinates": [ 86.7646103, 26.5652504 ] } },
{ "type": "Feature", "properties": { "name": "Shree Hira Fekani Madhyamik Vidyalaya", "amenity": "school", "addr_city": null, "osm_id": 9794060140, "osm_type": "nodes" }, "geometry": { "type": "Point", "coordinates": [ 86.6141739, 26.5668583 ] } },
{ "type": "Feature", "properties": { "name": "Bright Angel Academy Boarding School", "amenity": "school", "addr_city": null, "osm_id": 9794060144, "osm_type": "nodes" }, "geometry": { "type": "Point", "coordinates": [ 86.614151, 26.5671291 ] } },
{ "type": "Feature", "properties": { "name": "Shree Gramdebta Basic School, Dadha", "amenity": "school", "addr_city": null, "osm_id": 11991742749, "osm_type": "nodes" }, "geometry": { "type": "Point", "coordinates": [ 86.8455479, 26.5618234 ] } },
{ "type": "Feature", "properties": { "name": "Jamie Ummehatul Momineen", "amenity": "school", "addr_city": null, "osm_id": 9794078386, "osm_type": "nodes" }, "geometry": { "type": "Point", "coordinates": [ 86.7506256, 26.5622158 ] } },
{ "type": "Feature", "properties": { "name": "Manmohan Technical University", "amenity": "college", "addr_city": null, "osm_id": 4989182021, "osm_type": "nodes" }, "geometry": { "type": "Point", "coordinates": [ 87.2945443, 26.5557927 ] } },
{ "type": "Feature", "properties": { "name": "Shree Sharaswati Aadharbhut School", "amenity": "school", "addr_city": null, "osm_id": 9782457447, "osm_type": "nodes" }, "geometry": { "type": "Point", "coordinates": [ 87.1610413, 26.5571575 ] } },
{ "type": "Feature", "properties": { "name": null, "amenity": "school", "addr_city": null, "osm_id": 6751735285, "osm_type": "nodes" }, "geometry": { "type": "Point", "coordinates": [ 87.4680593, 26.5546426 ] } },
{ "type": "Feature", "properties": { "name": "Shree Palat Rastriye Prathimik bidhyalaye Arji", "amenity": "school", "addr_city": null, "osm_id": 9764481662, "osm_type": "nodes" }, "geometry": { "type": "Point", "coordinates": [ 86.8602022, 26.5608943 ] } },
{ "type": "Feature", "properties": { "name": "Shree Mahakabi Debkota Basic School", "amenity": "school", "addr_city": null, "osm_id": 9794078347, "osm_type": "nodes" }, "geometry": { "type": "Point", "coordinates": [ 86.7622147, 26.550581 ] } },
{ "type": "Feature", "properties": { "name": "Shree Laligurans B. Higher Secondary School School.", "amenity": "school", "addr_city": null, "osm_id": 9794078348, "osm_type": "nodes" }, "geometry": { "type": "Point", "coordinates": [ 86.7471085, 26.5532074 ] } },
{ "type": "Feature", "properties": { "name": "Shree Lali Gurans E.B.Higher Secondary School", "amenity": "school", "addr_city": null, "osm_id": 2802946806, "osm_type": "nodes" }, "geometry": { "type": "Point", "coordinates": [ 86.7470415, 26.5531271 ] } },
{ "type": "Feature", "properties": { "name": "Shree Rastiya Aadharbhut School", "amenity": "school", "addr_city": null, "osm_id": 9782457448, "osm_type": "nodes" }, "geometry": { "type": "Point", "coordinates": [ 87.1948624, 26.552557 ] } },
{ "type": "Feature", "properties": { "name": "New Everest English Boarding School.", "amenity": "school", "addr_city": null, "osm_id": 9794060128, "osm_type": "nodes" }, "geometry": { "type": "Point", "coordinates": [ 86.6106083, 26.5457417 ] } },
{ "type": "Feature", "properties": { "name": "Shree Rastriya primary school Banaula", "amenity": "school", "addr_city": null, "osm_id": 9794060124, "osm_type": "nodes" }, "geometry": { "type": "Point", "coordinates": [ 86.6118851, 26.5537815 ] } },
{ "type": "Feature", "properties": { "name": "Shree Ma. Bi. Kabilasa", "amenity": "school", "addr_city": null, "osm_id": 9794060129, "osm_type": "nodes" }, "geometry": { "type": "Point", "coordinates": [ 86.6093903, 26.5456924 ] } },
{ "type": "Feature", "properties": { "name": "Asmita And Abhishek Academy", "amenity": "school", "addr_city": null, "osm_id": 9782386293, "osm_type": "nodes" }, "geometry": { "type": "Point", "coordinates": [ 87.2412491, 26.5487595 ] } },
{ "type": "Feature", "properties": { "name": "Gopal Secondary", "amenity": "school", "addr_city": null, "osm_id": 9782386308, "osm_type": "nodes" }, "geometry": { "type": "Point", "coordinates": [ 87.2407455, 26.5487537 ] } },
{ "type": "Feature", "properties": { "name": "Shikshadeep College", "amenity": "school", "addr_city": null, "osm_id": 9794078360, "osm_type": "nodes" }, "geometry": { "type": "Point", "coordinates": [ 86.7444831, 26.5410536 ] } },
{ "type": "Feature", "properties": { "name": "Dharamraj Adarsh School", "amenity": "school", "addr_city": null, "osm_id": 9794078397, "osm_type": "nodes" }, "geometry": { "type": "Point", "coordinates": [ 86.7416737, 26.5451135 ] } },
{ "type": "Feature", "properties": { "name": "ma saraswoti school", "amenity": "school", "addr_city": null, "osm_id": 2802897562, "osm_type": "nodes" }, "geometry": { "type": "Point", "coordinates": [ 86.7421839, 26.5414351 ] } },
{ "type": "Feature", "properties": { "name": "Shree Ramesh Narayan Das Adarsh Adharbhut Bidhya Mandir Rajbiraj", "amenity": "school", "addr_city": null, "osm_id": 9794078339, "osm_type": "nodes" }, "geometry": { "type": "Point", "coordinates": [ 86.7474899, 26.5409279 ] } },
{ "type": "Feature", "properties": { "name": "Saptarishi Multiple College", "amenity": "school", "addr_city": null, "osm_id": 9794078362, "osm_type": "nodes" }, "geometry": { "type": "Point", "coordinates": [ 86.7426529, 26.54245 ] } },
{ "type": "Feature", "properties": { "name": "Rajbiraj Shanti Niketan Educational Academy", "amenity": "school", "addr_city": null, "osm_id": 9794078367, "osm_type": "nodes" }, "geometry": { "type": "Point", "coordinates": [ 86.7396774, 26.5410271 ] } },
{ "type": "Feature", "properties": { "name": "Maxell English Boarding School", "amenity": "school", "addr_city": null, "osm_id": 9794078378, "osm_type": "nodes" }, "geometry": { "type": "Point", "coordinates": [ 86.7501526, 26.5426712 ] } },
{ "type": "Feature", "properties": { "name": "laligurash english bording higer school", "amenity": "school", "addr_city": null, "osm_id": 2802942936, "osm_type": "nodes" }, "geometry": { "type": "Point", "coordinates": [ 86.7416334, 26.5439152 ] } },
{ "type": "Feature", "properties": { "name": "Santi niketan Academy", "amenity": "school", "addr_city": null, "osm_id": 2802942931, "osm_type": "nodes" }, "geometry": { "type": "Point", "coordinates": [ 86.7446012, 26.5412282 ] } },
{ "type": "Feature", "properties": { "name": "Saptari multiple collage", "amenity": "college", "addr_city": null, "osm_id": 2802942932, "osm_type": "nodes" }, "geometry": { "type": "Point", "coordinates": [ 86.7426748, 26.5423253 ] } },
{ "type": "Feature", "properties": { "name": "Old Vision Modern Secondary School", "amenity": "school", "addr_city": null, "osm_id": 9794078371, "osm_type": "nodes" }, "geometry": { "type": "Point", "coordinates": [ 86.7406987, 26.5432383 ] } },
{ "type": "Feature", "properties": { "name": "Nobel Academy Rajbiraj", "amenity": "school", "addr_city": null, "osm_id": 9794078372, "osm_type": "nodes" }, "geometry": { "type": "Point", "coordinates": [ 86.7386398, 26.5420551 ] } },
{ "type": "Feature", "properties": { "name": "Wisdom School", "amenity": "school", "addr_city": null, "osm_id": 9794078328, "osm_type": "nodes" }, "geometry": { "type": "Point", "coordinates": [ 86.7573547, 26.542902 ] } },
{ "type": "Feature", "properties": { "name": "Rastiya Prathamik Bidhyalai", "amenity": "school", "addr_city": null, "osm_id": 9794078364, "osm_type": "nodes" }, "geometry": { "type": "Point", "coordinates": [ 86.7576828, 26.5415993 ] } },
{ "type": "Feature", "properties": { "name": "Green Secondary School", "amenity": "school", "addr_city": null, "osm_id": 9794078394, "osm_type": "nodes" }, "geometry": { "type": "Point", "coordinates": [ 86.7582092, 26.5474968 ] } },
{ "type": "Feature", "properties": { "name": "ma sarde coaching center", "amenity": "school", "addr_city": null, "osm_id": 2803069712, "osm_type": "nodes" }, "geometry": { "type": "Point", "coordinates": [ 86.7568254, 26.5420848 ] } },
{ "type": "Feature", "properties": { "name": "adarsha vidya mandir", "amenity": "school", "addr_city": null, "osm_id": 2803069711, "osm_type": "nodes" }, "geometry": { "type": "Point", "coordinates": [ 86.7562417, 26.5419662 ] } },
{ "type": "Feature", "properties": { "name": null, "amenity": "school", "addr_city": null, "osm_id": 5740895421, "osm_type": "nodes" }, "geometry": { "type": "Point", "coordinates": [ 86.7829463, 26.5424056 ] } },
{ "type": "Feature", "properties": { "name": "Shree Rashtriya Basic School", "amenity": "school", "addr_city": null, "osm_id": 9794078338, "osm_type": "nodes" }, "geometry": { "type": "Point", "coordinates": [ 86.7831116, 26.5424747 ] } },
{ "type": "Feature", "properties": { "name": "Gurukul Shiksha Sadan", "amenity": "school", "addr_city": null, "osm_id": 11991585569, "osm_type": "nodes" }, "geometry": { "type": "Point", "coordinates": [ 86.7099997, 26.5471231 ] } },
{ "type": "Feature", "properties": { "name": "Shree Basic School", "amenity": "school", "addr_city": null, "osm_id": 11991697696, "osm_type": "nodes" }, "geometry": { "type": "Point", "coordinates": [ 86.7095733, 26.5618186 ] } },
{ "type": "Feature", "properties": { "name": "Rastriya Basic School, Andipati", "amenity": "school", "addr_city": null, "osm_id": 11991562061, "osm_type": "nodes" }, "geometry": { "type": "Point", "coordinates": [ 86.7037153, 26.5384477 ] } },
{ "type": "Feature", "properties": { "name": "Bhadrapur Secondary School", "amenity": "school", "addr_city": null, "osm_id": 9776152498, "osm_type": "nodes" }, "geometry": { "type": "Point", "coordinates": [ 88.0959721, 26.5406717 ] } },
{ "type": "Feature", "properties": { "name": "jyamirgadi Secondary School", "amenity": "school", "addr_city": null, "osm_id": 9776152431, "osm_type": "nodes" }, "geometry": { "type": "Point", "coordinates": [ 88.1144943, 26.6134254 ] } },
{ "type": "Feature", "properties": { "name": "Dihabar Rastriya Prathamik Vidyalaya, Belaha", "amenity": "school", "addr_city": null, "osm_id": 11991594247, "osm_type": "nodes" }, "geometry": { "type": "Point", "coordinates": [ 86.6950813, 26.5066618 ] } },
{ "type": "Feature", "properties": { "name": "Godavari Secondary English School", "amenity": "school", "addr_city": null, "osm_id": 9778459270, "osm_type": "nodes" }, "geometry": { "type": "Point", "coordinates": [ 87.2710889, 26.4923476 ] } },
{ "type": "Feature", "properties": { "name": "Shree Umeshwor Aadharbhut Bidhyalaya", "amenity": "school", "addr_city": null, "osm_id": 9768343715, "osm_type": "nodes" }, "geometry": { "type": "Point", "coordinates": [ 86.7686135, 26.4808891 ] } },
{ "type": "Feature", "properties": { "name": "Samata School", "amenity": "school", "addr_city": null, "osm_id": 9778459220, "osm_type": "nodes" }, "geometry": { "type": "Point", "coordinates": [ 87.2868696, 26.4806731 ] } },
{ "type": "Feature", "properties": { "name": "Duhabi Children Academy", "amenity": "school", "addr_city": null, "osm_id": 9782386277, "osm_type": "nodes" }, "geometry": { "type": "Point", "coordinates": [ 87.2836304, 26.5684109 ] } },
{ "type": "Feature", "properties": { "name": "Madarasa Islahul Muslimin", "amenity": "school", "addr_city": null, "osm_id": 9782386303, "osm_type": "nodes" }, "geometry": { "type": "Point", "coordinates": [ 87.2841034, 26.5719357 ] } },
{ "type": "Feature", "properties": { "name": "Mahendra Memorial Academy", "amenity": "school", "addr_city": null, "osm_id": 9782386311, "osm_type": "nodes" }, "geometry": { "type": "Point", "coordinates": [ 87.2825307, 26.5716406 ] } },
{ "type": "Feature", "properties": { "name": "Panchayat Basic", "amenity": "school", "addr_city": null, "osm_id": 9782386282, "osm_type": "nodes" }, "geometry": { "type": "Point", "coordinates": [ 87.2805939, 26.5692234 ] } },
{ "type": "Feature", "properties": { "name": "Nuri Madarasa", "amenity": "school", "addr_city": null, "osm_id": 9782386296, "osm_type": "nodes" }, "geometry": { "type": "Point", "coordinates": [ 87.2749786, 26.5586376 ] } },
{ "type": "Feature", "properties": { "name": "Panchayat Basic School", "amenity": "school", "addr_city": null, "osm_id": 9782386269, "osm_type": "nodes" }, "geometry": { "type": "Point", "coordinates": [ 87.2832336, 26.5646877 ] } },
{ "type": "Feature", "properties": { "name": "Bhola Basic", "amenity": "school", "addr_city": null, "osm_id": 9782386283, "osm_type": "nodes" }, "geometry": { "type": "Point", "coordinates": [ 87.2813416, 26.5891571 ] } },
{ "type": "Feature", "properties": { "name": "Naya Islamiya Madarasa", "amenity": "school", "addr_city": null, "osm_id": 9782386299, "osm_type": "nodes" }, "geometry": { "type": "Point", "coordinates": [ 87.2640076, 26.5478687 ] } },
{ "type": "Feature", "properties": { "name": "Janata Mayawati Basic School", "amenity": "school", "addr_city": null, "osm_id": 9782386306, "osm_type": "nodes" }, "geometry": { "type": "Point", "coordinates": [ 87.2641983, 26.5482407 ] } },
{ "type": "Feature", "properties": { "name": "Rising Star Eng Boarding School", "amenity": "school", "addr_city": null, "osm_id": 9782395218, "osm_type": "nodes" }, "geometry": { "type": "Point", "coordinates": [ 87.2792435, 26.5609245 ] } },
{ "type": "Feature", "properties": { "name": "Okasha Academy", "amenity": "school", "addr_city": null, "osm_id": 9782386297, "osm_type": "nodes" }, "geometry": { "type": "Point", "coordinates": [ 87.271225, 26.557251 ] } },
{ "type": "Feature", "properties": { "name": "Rastriya Prathamik Bidhyalaya Tilathi", "amenity": "school", "addr_city": null, "osm_id": 9768343710, "osm_type": "nodes" }, "geometry": { "type": "Point", "coordinates": [ 86.7660409, 26.4651508 ] } },
{ "type": "Feature", "properties": { "name": null, "amenity": "school", "addr_city": null, "osm_id": 5982458386, "osm_type": "nodes" }, "geometry": { "type": "Point", "coordinates": [ 86.765755, 26.4651237 ] } },
{ "type": "Feature", "properties": { "name": "Green North Point Secondary English School", "amenity": "school", "addr_city": null, "osm_id": 9778459267, "osm_type": "nodes" }, "geometry": { "type": "Point", "coordinates": [ 87.2730019, 26.4593227 ] } },
{ "type": "Feature", "properties": { "name": "Everest Secondary School", "amenity": "school", "addr_city": null, "osm_id": 9778459274, "osm_type": "nodes" }, "geometry": { "type": "Point", "coordinates": [ 87.2752127, 26.4632601 ] } },
{ "type": "Feature", "properties": { "name": "Crescent Public School", "amenity": "school", "addr_city": null, "osm_id": 9778459284, "osm_type": "nodes" }, "geometry": { "type": "Point", "coordinates": [ 87.2685809, 26.4569665 ] } },
{ "type": "Feature", "properties": { "name": "Shiksha Sadan Secondary School", "amenity": "school", "addr_city": null, "osm_id": 9778459214, "osm_type": "nodes" }, "geometry": { "type": "Point", "coordinates": [ 87.2757803, 26.4586687 ] } },
{ "type": "Feature", "properties": { "name": "Merryland College", "amenity": "school", "addr_city": null, "osm_id": 9778459243, "osm_type": "nodes" }, "geometry": { "type": "Point", "coordinates": [ 87.2746902, 26.4639953 ] } },
{ "type": "Feature", "properties": { "name": "Marigold Boarding School", "amenity": "school", "addr_city": null, "osm_id": 9778459245, "osm_type": "nodes" }, "geometry": { "type": "Point", "coordinates": [ 87.273368, 26.4562467 ] } },
{ "type": "Feature", "properties": { "name": "Manitara Secondary English School", "amenity": "school", "addr_city": null, "osm_id": 9778459246, "osm_type": "nodes" }, "geometry": { "type": "Point", "coordinates": [ 87.2730578, 26.456796 ] } },
{ "type": "Feature", "properties": { "name": "Madarsa Sahabajiya Secondary School", "amenity": "school", "addr_city": null, "osm_id": 9778459248, "osm_type": "nodes" }, "geometry": { "type": "Point", "coordinates": [ 87.2756429, 26.4598311 ] } },
{ "type": "Feature", "properties": { "name": "Biratnagar Nursing Campus", "amenity": "school", "addr_city": null, "osm_id": 9778459289, "osm_type": "nodes" }, "geometry": { "type": "Point", "coordinates": [ 87.2865031, 26.4590652 ] } },
{ "type": "Feature", "properties": { "name": "Balmiki Secondary English Boarding School", "amenity": "school", "addr_city": null, "osm_id": 9778459301, "osm_type": "nodes" }, "geometry": { "type": "Point", "coordinates": [ 87.2906534, 26.4589114 ] } },
{ "type": "Feature", "properties": { "name": "Graded English Medium School", "amenity": "school", "addr_city": null, "osm_id": 9778459268, "osm_type": "nodes" }, "geometry": { "type": "Point", "coordinates": [ 87.2923886, 26.4580528 ] } },
{ "type": "Feature", "properties": { "name": "Eastwood School", "amenity": "school", "addr_city": null, "osm_id": 9778459278, "osm_type": "nodes" }, "geometry": { "type": "Point", "coordinates": [ 87.2925762, 26.4583765 ] } },
{ "type": "Feature", "properties": { "name": "Bal Udhyan School", "amenity": "school", "addr_city": null, "osm_id": 9778459302, "osm_type": "nodes" }, "geometry": { "type": "Point", "coordinates": [ 87.2905223, 26.4556313 ] } },
{ "type": "Feature", "properties": { "name": "Balmiki School ground", "amenity": "school", "addr_city": null, "osm_id": 7918184648, "osm_type": "nodes" }, "geometry": { "type": "Point", "coordinates": [ 87.2907215, 26.4578688 ] } },
{ "type": "Feature", "properties": { "name": null, "amenity": "school", "addr_city": null, "osm_id": 4715923292, "osm_type": "nodes" }, "geometry": { "type": "Point", "coordinates": [ 87.8646302, 26.6562002 ] } },
{ "type": "Feature", "properties": { "name": null, "amenity": "school", "addr_city": null, "osm_id": 4641815989, "osm_type": "nodes" }, "geometry": { "type": "Point", "coordinates": [ 87.8559801, 26.6474374 ] } },
{ "type": "Feature", "properties": { "name": "National Academy (RBB +2)", "amenity": "school", "addr_city": null, "osm_id": 9778459235, "osm_type": "nodes" }, "geometry": { "type": "Point", "coordinates": [ 87.2802894, 26.4524007 ] } },
{ "type": "Feature", "properties": { "name": "Birat Model College", "amenity": "school", "addr_city": null, "osm_id": 9778459293, "osm_type": "nodes" }, "geometry": { "type": "Point", "coordinates": [ 87.2775645, 26.4526512 ] } },
{ "type": "Feature", "properties": { "name": "Annapurna College", "amenity": "school", "addr_city": null, "osm_id": 9778459307, "osm_type": "nodes" }, "geometry": { "type": "Point", "coordinates": [ 87.2779466, 26.4526916 ] } },
{ "type": "Feature", "properties": { "name": "AIMS College", "amenity": "school", "addr_city": null, "osm_id": 9778459308, "osm_type": "nodes" }, "geometry": { "type": "Point", "coordinates": [ 87.2780349, 26.4519396 ] } },
{ "type": "Feature", "properties": { "name": "SOMS college", "amenity": "school", "addr_city": null, "osm_id": 9778459207, "osm_type": "nodes" }, "geometry": { "type": "Point", "coordinates": [ 87.2795539, 26.4527745 ] } },
{ "type": "Feature", "properties": { "name": "Alphabita Boarding school", "amenity": "school", "addr_city": null, "osm_id": 9782458301, "osm_type": "nodes" }, "geometry": { "type": "Point", "coordinates": [ 87.1929092, 26.4588871 ] } },
{ "type": "Feature", "properties": { "name": "Kisan Adharbhut Vidyalaya", "amenity": "school", "addr_city": null, "osm_id": 9782458292, "osm_type": "nodes" }, "geometry": { "type": "Point", "coordinates": [ 87.1889684, 26.4566617 ] } },
{ "type": "Feature", "properties": { "name": "Star Higher Secondary School", "amenity": "school", "addr_city": null, "osm_id": 9778459205, "osm_type": "nodes" }, "geometry": { "type": "Point", "coordinates": [ 87.2739341, 26.4352702 ] } },
{ "type": "Feature", "properties": { "name": "Shree Salhesh Dalit Prathmik Bidhyalay", "amenity": "school", "addr_city": null, "osm_id": 9794034153, "osm_type": "nodes" }, "geometry": { "type": "Point", "coordinates": [ 86.497261, 26.5447807 ] } },
{ "type": "Feature", "properties": { "name": "H.S.English Boarding School", "amenity": "school", "addr_city": null, "osm_id": 9794048064, "osm_type": "nodes" }, "geometry": { "type": "Point", "coordinates": [ 86.7232666, 26.4404812 ] } },
{ "type": "Feature", "properties": { "name": "Chhinnamasta English Boarding School", "amenity": "school", "addr_city": null, "osm_id": 9794048065, "osm_type": "nodes" }, "geometry": { "type": "Point", "coordinates": [ 86.7254028, 26.4423084 ] } },
{ "type": "Feature", "properties": { "name": "Ra.Pra.B.School", "amenity": "school", "addr_city": null, "osm_id": 9794048067, "osm_type": "nodes" }, "geometry": { "type": "Point", "coordinates": [ 86.7207718, 26.4371414 ] } },
{ "type": "Feature", "properties": { "name": "Shree Janta Rastriya Prathmik Vidyalayaa", "amenity": "school", "addr_city": null, "osm_id": 9794048070, "osm_type": "nodes" }, "geometry": { "type": "Point", "coordinates": [ 86.7002792, 26.4476051 ] } },
{ "type": "Feature", "properties": { "name": "Shree B.P.RA.Pra.School", "amenity": "school", "addr_city": null, "osm_id": 9794048071, "osm_type": "nodes" }, "geometry": { "type": "Point", "coordinates": [ 86.7133026, 26.4444809 ] } },
{ "type": "Feature", "properties": { "name": "Shree Sant Kabir Ra. Pra. Bi.Ramngar Kodarkati", "amenity": "school", "addr_city": null, "osm_id": 9794034145, "osm_type": "nodes" }, "geometry": { "type": "Point", "coordinates": [ 86.5377579, 26.5410748 ] } },
{ "type": "Feature", "properties": { "name": "Rastriya Primary School, Bairiyahi", "amenity": "school", "addr_city": null, "osm_id": 11991557511, "osm_type": "nodes" }, "geometry": { "type": "Point", "coordinates": [ 86.5493649, 26.5362604 ] } },
{ "type": "Feature", "properties": { "name": "??????????? ???????? ?????? ?????? ?????", "amenity": "school", "addr_city": null, "osm_id": 9794034154, "osm_type": "nodes" }, "geometry": { "type": "Point", "coordinates": [ 86.4996109, 26.5476742 ] } },
{ "type": "Feature", "properties": { "name": "????? ??????? ????? ??????", "amenity": "school", "addr_city": null, "osm_id": 9794034155, "osm_type": "nodes" }, "geometry": { "type": "Point", "coordinates": [ 86.4974136, 26.5460186 ] } },
{ "type": "Feature", "properties": { "name": "Shree Panchayta Rajt Jayanti Rashtriya Prathamik School", "amenity": "school", "addr_city": null, "osm_id": 9794034159, "osm_type": "nodes" }, "geometry": { "type": "Point", "coordinates": [ 86.5031128, 26.5729122 ] } },
{ "type": "Feature", "properties": { "name": "Shree Bhagawati.Ra.Pra.Bi.Chanhi", "amenity": "school", "addr_city": null, "osm_id": 9794034161, "osm_type": "nodes" }, "geometry": { "type": "Point", "coordinates": [ 86.5174561, 26.5842037 ] } },
{ "type": "Feature", "properties": { "name": "??? ???????? ?????? ??????", "amenity": "school", "addr_city": null, "osm_id": 9794034163, "osm_type": "nodes" }, "geometry": { "type": "Point", "coordinates": [ 86.5178299, 26.5887489 ] } },
{ "type": "Feature", "properties": { "name": "Shree Janta Ma. Bi. Ramnagar Kodarkati", "amenity": "school", "addr_city": null, "osm_id": 9794034144, "osm_type": "nodes" }, "geometry": { "type": "Point", "coordinates": [ 86.5373688, 26.5524578 ] } },
{ "type": "Feature", "properties": { "name": "???? ????? ??????? ???????? ??????", "amenity": "school", "addr_city": null, "osm_id": 9794034152, "osm_type": "nodes" }, "geometry": { "type": "Point", "coordinates": [ 86.5006561, 26.5542431 ] } },
{ "type": "Feature", "properties": { "name": "Shree Rashtriya Prathamik Bidhyalay Belhi", "amenity": "school", "addr_city": null, "osm_id": 9794034151, "osm_type": "nodes" }, "geometry": { "type": "Point", "coordinates": [ 86.5014496, 26.5453911 ] } },
{ "type": "Feature", "properties": { "name": "Shree Sant Kabir Ra. Pra. Bi.Ramngar Kodarkati", "amenity": "school", "addr_city": null, "osm_id": 9794034145, "osm_type": "nodes" }, "geometry": { "type": "Point", "coordinates": [ 86.5377579, 26.5410748 ] } },
{ "type": "Feature", "properties": { "name": "Shree B.P. Islam. Ra. Pa. Bishanpur", "amenity": "school", "addr_city": null, "osm_id": 9794060130, "osm_type": "nodes" }, "geometry": { "type": "Point", "coordinates": [ 86.6280823, 26.5037327 ] } },
{ "type": "Feature", "properties": { "name": "Shree Ra.Pra Bi. Patti Prawaha", "amenity": "school", "addr_city": null, "osm_id": 9794060132, "osm_type": "nodes" }, "geometry": { "type": "Point", "coordinates": [ 86.6421204, 26.5032063 ] } },
{ "type": "Feature", "properties": { "name": "Janata Ma V Kataiya Phattepur", "amenity": "school", "addr_city": null, "osm_id": 9794060139, "osm_type": "nodes" }, "geometry": { "type": "Point", "coordinates": [ 86.6326065, 26.5008965 ] } },
{ "type": "Feature", "properties": { "name": "Shree Naboday Ra.Pra.Vi.Katti Nargho", "amenity": "school", "addr_city": null, "osm_id": 9794057796, "osm_type": "nodes" }, "geometry": { "type": "Point", "coordinates": [ 86.6751251, 26.505928 ] } },
{ "type": "Feature", "properties": { "name": "Shree Ra.Pra.Vi.Jhutki", "amenity": "school", "addr_city": null, "osm_id": 9794057805, "osm_type": "nodes" }, "geometry": { "type": "Point", "coordinates": [ 86.6518097, 26.4972706 ] } },
{ "type": "Feature", "properties": { "name": "Shree Rastriya Pra.Vi. Jhutki Pokhari", "amenity": "school", "addr_city": null, "osm_id": 9794057814, "osm_type": "nodes" }, "geometry": { "type": "Point", "coordinates": [ 86.6455002, 26.4792633 ] } },
{ "type": "Feature", "properties": { "name": "???? ????? ??.????.?? . ??????", "amenity": "school", "addr_city": null, "osm_id": 9794057793, "osm_type": "nodes" }, "geometry": { "type": "Point", "coordinates": [ 86.6826401, 26.4615726 ] } },
{ "type": "Feature", "properties": { "name": "Shree Rastriya Prathamik Vidyalayaa", "amenity": "school", "addr_city": null, "osm_id": 9794048058, "osm_type": "nodes" }, "geometry": { "type": "Point", "coordinates": [ 86.7227783, 26.4801617 ] } },
{ "type": "Feature", "properties": { "name": "Shree Ma Bhagwati Ra.Pra.Bi", "amenity": "school", "addr_city": null, "osm_id": 9794048060, "osm_type": "nodes" }, "geometry": { "type": "Point", "coordinates": [ 86.7417908, 26.4481468 ] } },
{ "type": "Feature", "properties": { "name": "Shree Deep Jyoti English Boarding School", "amenity": "school", "addr_city": null, "osm_id": 9794048050, "osm_type": "nodes" }, "geometry": { "type": "Point", "coordinates": [ 86.7540359, 26.4755459 ] } },
{ "type": "Feature", "properties": { "name": "Swate Mission Academy", "amenity": "school", "addr_city": null, "osm_id": 9794048068, "osm_type": "nodes" }, "geometry": { "type": "Point", "coordinates": [ 86.7310333, 26.4518681 ] } },
{ "type": "Feature", "properties": { "name": "Shree Adharbhut Bidyalaya Sigyaun Navtole", "amenity": "school", "addr_city": null, "osm_id": 9794078355, "osm_type": "nodes" }, "geometry": { "type": "Point", "coordinates": [ 86.7552109, 26.5200043 ] } },
{ "type": "Feature", "properties": { "name": "Shree Adharbhut Bidyalaya Damabati", "amenity": "school", "addr_city": null, "osm_id": 9794078356, "osm_type": "nodes" }, "geometry": { "type": "Point", "coordinates": [ 86.7619858, 26.5024815 ] } },
{ "type": "Feature", "properties": { "name": "Shree Adharbhut Bidyala Pharsaith", "amenity": "school", "addr_city": null, "osm_id": 9794078357, "osm_type": "nodes" }, "geometry": { "type": "Point", "coordinates": [ 86.7715836, 26.5157452 ] } },
{ "type": "Feature", "properties": { "name": "???? ????????? ?????? ???? ??????? ???????? ?????????", "amenity": "school", "addr_city": null, "osm_id": 9794034165, "osm_type": "nodes" }, "geometry": { "type": "Point", "coordinates": [ 86.5203781, 26.6093769 ] } },
{ "type": "Feature", "properties": { "name": "Nave Durga Education Academy Rauthat", "amenity": "school", "addr_city": null, "osm_id": 9794034146, "osm_type": "nodes" }, "geometry": { "type": "Point", "coordinates": [ 86.5311203, 26.5731812 ] } },
{ "type": "Feature", "properties": { "name": "???? ??????? ???????? ????????", "amenity": "school", "addr_city": null, "osm_id": 9794060123, "osm_type": "nodes" }, "geometry": { "type": "Point", "coordinates": [ 86.6327438, 26.500845 ] } },
{ "type": "Feature", "properties": { "name": "Dakneshwori English Boarding School. Pato Bazar", "amenity": "school", "addr_city": null, "osm_id": 9794060126, "osm_type": "nodes" }, "geometry": { "type": "Point", "coordinates": [ 86.6234589, 26.5079594 ] } },
{ "type": "Feature", "properties": { "name": "Shree Ra. Pr. Bi. Hatel", "amenity": "school", "addr_city": null, "osm_id": 9794060135, "osm_type": "nodes" }, "geometry": { "type": "Point", "coordinates": [ 86.590477, 26.4987049 ] } },
{ "type": "Feature", "properties": { "name": "Shree Janata M. Bi.", "amenity": "school", "addr_city": null, "osm_id": 9794060136, "osm_type": "nodes" }, "geometry": { "type": "Point", "coordinates": [ 86.5948563, 26.514185 ] } },
{ "type": "Feature", "properties": { "name": "Shree Buddha Shiv Vidya Mandir", "amenity": "school", "addr_city": null, "osm_id": 9794057799, "osm_type": "nodes" }, "geometry": { "type": "Point", "coordinates": [ 86.6617508, 26.4958649 ] } },
{ "type": "Feature", "properties": { "name": "Shree Janta Shankar Ma.Vi.", "amenity": "school", "addr_city": null, "osm_id": 9794057802, "osm_type": "nodes" }, "geometry": { "type": "Point", "coordinates": [ 86.6681976, 26.4901466 ] } },
{ "type": "Feature", "properties": { "name": "Madarsha Hidayatul Islam Lalapattic", "amenity": "school", "addr_city": null, "osm_id": 9794048062, "osm_type": "nodes" }, "geometry": { "type": "Point", "coordinates": [ 86.740509, 26.4507694 ] } },
{ "type": "Feature", "properties": { "name": "H.S.English Boarding School", "amenity": "school", "addr_city": null, "osm_id": 9794048064, "osm_type": "nodes" }, "geometry": { "type": "Point", "coordinates": [ 86.7232666, 26.4404812 ] } },
{ "type": "Feature", "properties": { "name": "Chhinnamasta English Boarding School", "amenity": "school", "addr_city": null, "osm_id": 9794048065, "osm_type": "nodes" }, "geometry": { "type": "Point", "coordinates": [ 86.7254028, 26.4423084 ] } },
{ "type": "Feature", "properties": { "name": "Chinnamasta Bhupendra Sanskrit Secondary School", "amenity": "school", "addr_city": null, "osm_id": 9794048066, "osm_type": "nodes" }, "geometry": { "type": "Point", "coordinates": [ 86.7305679, 26.4494286 ] } },
{ "type": "Feature", "properties": { "name": "Ra.Pra.B.School", "amenity": "school", "addr_city": null, "osm_id": 9794048067, "osm_type": "nodes" }, "geometry": { "type": "Point", "coordinates": [ 86.7207718, 26.4371414 ] } },
{ "type": "Feature", "properties": { "name": "Shree Ra.Pra.School", "amenity": "school", "addr_city": null, "osm_id": 9794048069, "osm_type": "nodes" }, "geometry": { "type": "Point", "coordinates": [ 86.6997681, 26.458231 ] } },
{ "type": "Feature", "properties": { "name": "Shree Janta Rastriya Prathmik Vidyalayaa", "amenity": "school", "addr_city": null, "osm_id": 9794048070, "osm_type": "nodes" }, "geometry": { "type": "Point", "coordinates": [ 86.7002792, 26.4476051 ] } },
{ "type": "Feature", "properties": { "name": "Shree Aadharbhut Vidyalayaa", "amenity": "school", "addr_city": null, "osm_id": 9794048075, "osm_type": "nodes" }, "geometry": { "type": "Point", "coordinates": [ 86.7497787, 26.4829807 ] } },
{ "type": "Feature", "properties": { "name": "Shree Ma. Bi. Lalapatti", "amenity": "school", "addr_city": null, "osm_id": 9794048061, "osm_type": "nodes" }, "geometry": { "type": "Point", "coordinates": [ 86.7430191, 26.4489975 ] } },
{ "type": "Feature", "properties": { "name": "Shree B.P.RA.Pra.School", "amenity": "school", "addr_city": null, "osm_id": 9794048071, "osm_type": "nodes" }, "geometry": { "type": "Point", "coordinates": [ 86.7133026, 26.4444809 ] } },
{ "type": "Feature", "properties": { "name": "Shree Janta Rastriya Prathmik School", "amenity": "school", "addr_city": null, "osm_id": 9794048056, "osm_type": "nodes" }, "geometry": { "type": "Point", "coordinates": [ 86.732378, 26.4718741 ] } },
{ "type": "Feature", "properties": { "name": "Lilja International Boarding School", "amenity": "school", "addr_city": null, "osm_id": 9794078382, "osm_type": "nodes" }, "geometry": { "type": "Point", "coordinates": [ 86.7436218, 26.5322723 ] } },
{ "type": "Feature", "properties": { "name": "Kshitize Education Foundation", "amenity": "school", "addr_city": null, "osm_id": 9794078383, "osm_type": "nodes" }, "geometry": { "type": "Point", "coordinates": [ 86.7566605, 26.5351543 ] } },
{ "type": "Feature", "properties": { "name": "Shree Janata Basic School- 6 Solakhari, Laxmipur Patari RMP", "amenity": "school", "addr_city": null, "osm_id": 9785277837, "osm_type": "nodes" }, "geometry": { "type": "Point", "coordinates": [ 86.4332504, 26.6776581 ] } },
{ "type": "Feature", "properties": { "name": "Debari Basic School-6 Sitapur, Laxmipur Patari RMP", "amenity": "school", "addr_city": null, "osm_id": 9785277838, "osm_type": "nodes" }, "geometry": { "type": "Point", "coordinates": [ 86.4189835, 26.6552849 ] } },
{ "type": "Feature", "properties": { "name": "Sarwasti KunjA High School-6 Sitapur, Laxmipur Patari RMP", "amenity": "school", "addr_city": null, "osm_id": 9785277839, "osm_type": "nodes" }, "geometry": { "type": "Point", "coordinates": [ 86.4310532, 26.6678524 ] } },
{ "type": "Feature", "properties": { "name": "Jenish Basic School-6 Sitapur, Laxmipur Patari RMP", "amenity": "school", "addr_city": null, "osm_id": 9785277841, "osm_type": "nodes" }, "geometry": { "type": "Point", "coordinates": [ 86.4252701, 26.6594257 ] } },
{ "type": "Feature", "properties": { "name": "shree Janta Namuna Secondary School-1 Sakhuwa Nankarkatti RMP", "amenity": "school", "addr_city": null, "osm_id": 9785281420, "osm_type": "nodes" }, "geometry": { "type": "Point", "coordinates": [ 86.4302111, 26.640408 ] } },
{ "type": "Feature", "properties": { "name": "Shahid Pramod Memorial school-3 Sakhuwa Nankarkatti RMP", "amenity": "school", "addr_city": null, "osm_id": 9785281430, "osm_type": "nodes" }, "geometry": { "type": "Point", "coordinates": [ 86.4597168, 26.6568222 ] } },
{ "type": "Feature", "properties": { "name": "Shree Krishna Basic School-3 Sakhuwa Nankarkatti RMP", "amenity": "school", "addr_city": null, "osm_id": 9785281431, "osm_type": "nodes" }, "geometry": { "type": "Point", "coordinates": [ 86.4821396, 26.6474209 ] } },
{ "type": "Feature", "properties": { "name": "Shree Radha Krishna School-3 Sakhuwa Nankarkatti RMP", "amenity": "school", "addr_city": null, "osm_id": 9785281432, "osm_type": "nodes" }, "geometry": { "type": "Point", "coordinates": [ 86.485527, 26.6451092 ] } },
{ "type": "Feature", "properties": { "name": "Shree Basic School-2 Sakhuwa Nankarkatti RMP", "amenity": "school", "addr_city": null, "osm_id": 9785281435, "osm_type": "nodes" }, "geometry": { "type": "Point", "coordinates": [ 86.470314, 26.6523685 ] } },
{ "type": "Feature", "properties": { "name": "Shree Kushma Basic School-2 Sakhuwa Nankarkatti RMP", "amenity": "school", "addr_city": null, "osm_id": 9785281439, "osm_type": "nodes" }, "geometry": { "type": "Point", "coordinates": [ 86.4521561, 26.6286316 ] } },
{ "type": "Feature", "properties": { "name": "Shree Basic School-2 Sakhuwa Nankarkatti RMP", "amenity": "school", "addr_city": null, "osm_id": 9785281440, "osm_type": "nodes" }, "geometry": { "type": "Point", "coordinates": [ 86.4449692, 26.6327248 ] } },
{ "type": "Feature", "properties": { "name": "Madrasa Faruqeeya Hanfiya-5 Maheshwari, Sakhuwa Nankarkatti RMP", "amenity": "school", "addr_city": null, "osm_id": 9785281444, "osm_type": "nodes" }, "geometry": { "type": "Point", "coordinates": [ 86.48983, 26.6319447 ] } },
{ "type": "Feature", "properties": { "name": "Shree basic school-5 Itharwa, Sakhuwa Nankarkatti RMP", "amenity": "school", "addr_city": null, "osm_id": 9785281447, "osm_type": "nodes" }, "geometry": { "type": "Point", "coordinates": [ 86.5000916, 26.6157684 ] } },
{ "type": "Feature", "properties": { "name": "Shree Rashtriya Basic School-4 Sakhuwa Nankarkatti RMP", "amenity": "school", "addr_city": null, "osm_id": 9785281426, "osm_type": "nodes" }, "geometry": { "type": "Point", "coordinates": [ 86.4999466, 26.6324234 ] } },
{ "type": "Feature", "properties": { "name": "Shree Adharbhut Bidhyalaya Balanser", "amenity": "school", "addr_city": null, "osm_id": 9782502619, "osm_type": "nodes" }, "geometry": { "type": "Point", "coordinates": [ 86.5032806, 26.7310715 ] } },
{ "type": "Feature", "properties": { "name": "Shree Yuba Adharbhut Bidhyalaya", "amenity": "school", "addr_city": null, "osm_id": 9782498514, "osm_type": "nodes" }, "geometry": { "type": "Point", "coordinates": [ 86.4968262, 26.6707516 ] } },
{ "type": "Feature", "properties": { "name": "Shree Janata Ma Bi", "amenity": "school", "addr_city": null, "osm_id": 9782498512, "osm_type": "nodes" }, "geometry": { "type": "Point", "coordinates": [ 86.484108, 26.6753788 ] } },
{ "type": "Feature", "properties": { "name": "Shree Janata Adharbhut Vidhyalaya", "amenity": "school", "addr_city": null, "osm_id": 9782502676, "osm_type": "nodes" }, "geometry": { "type": "Point", "coordinates": [ 86.4614182, 26.6743851 ] } },
{ "type": "Feature", "properties": { "name": "Shree Madhyamik Bidhyala", "amenity": "school", "addr_city": null, "osm_id": 9782502672, "osm_type": "nodes" }, "geometry": { "type": "Point", "coordinates": [ 86.4653626, 26.6906624 ] } },
{ "type": "Feature", "properties": { "name": "Shree Adharbhut Vidhyalaya, Bhawanipur Kalabanjar", "amenity": "school", "addr_city": null, "osm_id": 9782502673, "osm_type": "nodes" }, "geometry": { "type": "Point", "coordinates": [ 86.4670487, 26.6857014 ] } },
{ "type": "Feature", "properties": { "name": "Shree Saptakoshi Aadar Bhut School", "amenity": "school", "addr_city": null, "osm_id": 9780460539, "osm_type": "nodes" }, "geometry": { "type": "Point", "coordinates": [ 87.1242218, 26.7517014 ] } },
{ "type": "Feature", "properties": { "name": "Shree Kaushika Aadharbhuta Bidhiyalay Koshee Tappu -9", "amenity": "school", "addr_city": null, "osm_id": 9780444611, "osm_type": "nodes" }, "geometry": { "type": "Point", "coordinates": [ 87.0519486, 26.7265396 ] } },
{ "type": "Feature", "properties": { "name": "Dhanjit Basic School", "amenity": "school", "addr_city": null, "osm_id": 9780444571, "osm_type": "nodes" }, "geometry": { "type": "Point", "coordinates": [ 87.0415344, 26.6326942 ] } },
{ "type": "Feature", "properties": { "name": "Pioneer Academy", "amenity": "school", "addr_city": null, "osm_id": 9768431321, "osm_type": "nodes" }, "geometry": { "type": "Point", "coordinates": [ 86.9366903, 26.7336059 ] } },
{ "type": "Feature", "properties": { "name": "Little Star English School", "amenity": "school", "addr_city": null, "osm_id": 9768431322, "osm_type": "nodes" }, "geometry": { "type": "Point", "coordinates": [ 86.9367981, 26.7338456 ] } },
{ "type": "Feature", "properties": { "name": "Shree Laxmi Ballav Narasingh Uchha Madhaymik Bidhyala", "amenity": "school", "addr_city": null, "osm_id": 9768343716, "osm_type": "nodes" }, "geometry": { "type": "Point", "coordinates": [ 86.8211189, 26.5043423 ] } },
{ "type": "Feature", "properties": { "name": "Rastriya Prathamik Bidhyala Sadepaar", "amenity": "school", "addr_city": null, "osm_id": 9768343713, "osm_type": "nodes" }, "geometry": { "type": "Point", "coordinates": [ 86.8132331, 26.519476 ] } },
{ "type": "Feature", "properties": { "name": "Shree Rajendra Debaki High School", "amenity": "school", "addr_city": null, "osm_id": 9768433520, "osm_type": "nodes" }, "geometry": { "type": "Point", "coordinates": [ 86.813018, 26.4840142 ] } },
{ "type": "Feature", "properties": { "name": "Shree Rastriya Prathamik Bidhyala Kusaha", "amenity": "school", "addr_city": null, "osm_id": 9768433524, "osm_type": "nodes" }, "geometry": { "type": "Point", "coordinates": [ 86.8271335, 26.4793271 ] } },
{ "type": "Feature", "properties": { "name": "Shree Rajaji Aadhrbhut Bidhyala", "amenity": "school", "addr_city": null, "osm_id": 9768433525, "osm_type": "nodes" }, "geometry": { "type": "Point", "coordinates": [ 86.8376246, 26.4871708 ] } },
{ "type": "Feature", "properties": { "name": "Shree Rastriya Prathamik Bidhyala Mansapur", "amenity": "school", "addr_city": null, "osm_id": 9768433528, "osm_type": "nodes" }, "geometry": { "type": "Point", "coordinates": [ 86.8262525, 26.5131332 ] } },
{ "type": "Feature", "properties": { "name": "Shree Janata Madhyamik Bidhyala Topa", "amenity": "school", "addr_city": null, "osm_id": 9768343711, "osm_type": "nodes" }, "geometry": { "type": "Point", "coordinates": [ 86.8002118, 26.5202234 ] } },
{ "type": "Feature", "properties": { "name": "Shree Shikhar English Boarding School", "amenity": "school", "addr_city": null, "osm_id": 9764481673, "osm_type": "nodes" }, "geometry": { "type": "Point", "coordinates": [ 86.8840318, 26.5404721 ] } },
{ "type": "Feature", "properties": { "name": "Shree Janta Adharbhut Bidhyalaye Inarwa", "amenity": "school", "addr_city": null, "osm_id": 9764481665, "osm_type": "nodes" }, "geometry": { "type": "Point", "coordinates": [ 86.8452084, 26.5055728 ] } },
{ "type": "Feature", "properties": { "name": "Sikshya Deep English Boarding School", "amenity": "school", "addr_city": null, "osm_id": 9764481649, "osm_type": "nodes" }, "geometry": { "type": "Point", "coordinates": [ 86.8591345, 26.5045087 ] } },
{ "type": "Feature", "properties": { "name": "Shree Rastriye Prathimik Bidhyala Koriyani", "amenity": "school", "addr_city": null, "osm_id": 9764481653, "osm_type": "nodes" }, "geometry": { "type": "Point", "coordinates": [ 86.8628136, 26.5127514 ] } },
{ "type": "Feature", "properties": { "name": "Shree Yogini Dinesh Rastriye Prathimik Bidhyala", "amenity": "school", "addr_city": null, "osm_id": 9764481654, "osm_type": "nodes" }, "geometry": { "type": "Point", "coordinates": [ 86.8697416, 26.5242585 ] } },
{ "type": "Feature", "properties": { "name": "Shree Rastriye Adharbhut Bidhyalaye Rampura Malhaniya", "amenity": "school", "addr_city": null, "osm_id": 9764481659, "osm_type": "nodes" }, "geometry": { "type": "Point", "coordinates": [ 86.8056012, 26.4612278 ] } },
{ "type": "Feature", "properties": { "name": "Mahalaxmi English Boarding School", "amenity": "school", "addr_city": null, "osm_id": 9764481671, "osm_type": "nodes" }, "geometry": { "type": "Point", "coordinates": [ 86.8027404, 26.463175 ] } },
{ "type": "Feature", "properties": { "name": "Shree Janta Rastriye Prathimik Bidhyalaye Rampura Malhaniya", "amenity": "school", "addr_city": null, "osm_id": 9764481660, "osm_type": "nodes" }, "geometry": { "type": "Point", "coordinates": [ 86.7957955, 26.4573196 ] } },
{ "type": "Feature", "properties": { "name": "Shree Rastriye Prathimik Bidhyalaye Kadmaha", "amenity": "school", "addr_city": null, "osm_id": 9764481657, "osm_type": "nodes" }, "geometry": { "type": "Point", "coordinates": [ 86.8523295, 26.5362556 ] } },
{ "type": "Feature", "properties": { "name": "Rastriye Prathimik Bidhyalaye Bhagwanpur", "amenity": "school", "addr_city": null, "osm_id": 9764481666, "osm_type": "nodes" }, "geometry": { "type": "Point", "coordinates": [ 86.8338571, 26.5012582 ] } },
{ "type": "Feature", "properties": { "name": "Shree Rastriye Prathimik Bidhyalaye Sakhardahi", "amenity": "school", "addr_city": null, "osm_id": 9764481672, "osm_type": "nodes" }, "geometry": { "type": "Point", "coordinates": [ 86.8808724, 26.534783 ] } },
{ "type": "Feature", "properties": { "name": "Everest Residential School", "amenity": "school", "addr_city": null, "osm_id": 9764481678, "osm_type": "nodes" }, "geometry": { "type": "Point", "coordinates": [ 86.85973, 26.507866 ] } },
{ "type": "Feature", "properties": { "name": "Aanand English Boarding School", "amenity": "school", "addr_city": null, "osm_id": 9764481679, "osm_type": "nodes" }, "geometry": { "type": "Point", "coordinates": [ 86.8534532, 26.5089822 ] } },
{ "type": "Feature", "properties": { "name": "Madarsa Riyazul Jannah", "amenity": "school", "addr_city": null, "osm_id": 9764481680, "osm_type": "nodes" }, "geometry": { "type": "Point", "coordinates": [ 86.8642477, 26.5216408 ] } },
{ "type": "Feature", "properties": { "name": "Bajrangi Basic School, Dhikuli", "amenity": "school", "addr_city": null, "osm_id": 11991738573, "osm_type": "nodes" }, "geometry": { "type": "Point", "coordinates": [ 86.832751, 26.5300044 ] } },
{ "type": "Feature", "properties": { "name": "Janakalyan Rastriya Primary School", "amenity": "school", "addr_city": null, "osm_id": 11991740773, "osm_type": "nodes" }, "geometry": { "type": "Point", "coordinates": [ 86.8189739, 26.5439054 ] } },
{ "type": "Feature", "properties": { "name": "Madarsa Islamiya Arbiya Baliya Dadaha", "amenity": "school", "addr_city": null, "osm_id": 11991743070, "osm_type": "nodes" }, "geometry": { "type": "Point", "coordinates": [ 86.823598, 26.5591412 ] } },
{ "type": "Feature", "properties": { "name": "Shree Kousika Aadarbhut School", "amenity": "school", "addr_city": null, "osm_id": 9780460537, "osm_type": "nodes" }, "geometry": { "type": "Point", "coordinates": [ 87.153214, 26.8002581 ] } },
{ "type": "Feature", "properties": { "name": "Shree Saptakoshi English Boarding School", "amenity": "school", "addr_city": null, "osm_id": 9780460541, "osm_type": "nodes" }, "geometry": { "type": "Point", "coordinates": [ 87.0783997, 26.7659454 ] } },
{ "type": "Feature", "properties": { "name": "Shree Dalit Rastriye Adharbhut Bidhyalaye Inaruwa", "amenity": "school", "addr_city": null, "osm_id": 9764481668, "osm_type": "nodes" }, "geometry": { "type": "Point", "coordinates": [ 86.8424153, 26.4998406 ] } },
{ "type": "Feature", "properties": { "name": "Sagarmatha Vidya Sadan Boarding School", "amenity": "school", "addr_city": null, "osm_id": 9794078363, "osm_type": "nodes" }, "geometry": { "type": "Point", "coordinates": [ 86.7609177, 26.5334759 ] } },
{ "type": "Feature", "properties": { "name": "Pashupati English Boarding School", "amenity": "school", "addr_city": null, "osm_id": 9794078370, "osm_type": "nodes" }, "geometry": { "type": "Point", "coordinates": [ 86.7672119, 26.5225735 ] } },
{ "type": "Feature", "properties": { "name": "Gyanudaya Vidhya Mandir", "amenity": "school", "addr_city": null, "osm_id": 9794078391, "osm_type": "nodes" }, "geometry": { "type": "Point", "coordinates": [ 86.7637482, 26.5325718 ] } },
{ "type": "Feature", "properties": { "name": "Gyan Jyoti Ladubati Devnarayan Ra Pra Bi Jhalhi", "amenity": "school", "addr_city": null, "osm_id": 9794078392, "osm_type": "nodes" }, "geometry": { "type": "Point", "coordinates": [ 86.7685242, 26.5275555 ] } },
{ "type": "Feature", "properties": { "name": "Shree Bahira Balak School", "amenity": "school", "addr_city": null, "osm_id": 9794078354, "osm_type": "nodes" }, "geometry": { "type": "Point", "coordinates": [ 86.7405243, 26.5355244 ] } },
{ "type": "Feature", "properties": { "name": "Hollycross English School", "amenity": "school", "addr_city": null, "osm_id": 9794078389, "osm_type": "nodes" }, "geometry": { "type": "Point", "coordinates": [ 86.7457962, 26.5340195 ] } },
{ "type": "Feature", "properties": { "name": "Hans Jyoti Vidhaya Aashram", "amenity": "school", "addr_city": null, "osm_id": 9794078390, "osm_type": "nodes" }, "geometry": { "type": "Point", "coordinates": [ 86.7431335, 26.535984 ] } },
{ "type": "Feature", "properties": { "name": "Shree Salhesh Dalit Prathmik Bidhyalay", "amenity": "school", "addr_city": null, "osm_id": 9794034153, "osm_type": "nodes" }, "geometry": { "type": "Point", "coordinates": [ 86.497261, 26.5447807 ] } },
{ "type": "Feature", "properties": { "name": "Shri janta dihabar ra.pra.bi.inarawa fakira", "amenity": "school", "addr_city": null, "osm_id": 9794057795, "osm_type": "nodes" }, "geometry": { "type": "Point", "coordinates": [ 86.6856384, 26.4963303 ] } },
{ "type": "Feature", "properties": { "name": "Shree Mithila Gyan Kunj English Boarding School", "amenity": "school", "addr_city": null, "osm_id": 9794057800, "osm_type": "nodes" }, "geometry": { "type": "Point", "coordinates": [ 86.6644669, 26.4951401 ] } },
{ "type": "Feature", "properties": { "name": "???? ????????? ??????? ???????? ??????", "amenity": "school", "addr_city": null, "osm_id": 9794060120, "osm_type": "nodes" }, "geometry": { "type": "Point", "coordinates": [ 86.6303406, 26.5168591 ] } },
{ "type": "Feature", "properties": { "name": "Shree Janta Ma. School", "amenity": "school", "addr_city": null, "osm_id": 9794048057, "osm_type": "nodes" }, "geometry": { "type": "Point", "coordinates": [ 86.7126846, 26.4658737 ] } },
{ "type": "Feature", "properties": { "name": "??????? ?????? ???????", "amenity": "school", "addr_city": null, "osm_id": 9794057791, "osm_type": "nodes" }, "geometry": { "type": "Point", "coordinates": [ 86.6858978, 26.497364 ] } },
{ "type": "Feature", "properties": { "name": "????? ??????? ????", "amenity": "school", "addr_city": null, "osm_id": 9794057792, "osm_type": "nodes" }, "geometry": { "type": "Point", "coordinates": [ 86.690712, 26.4738903 ] } },
{ "type": "Feature", "properties": { "name": "Shree Sanayashi Ra.Pra.Vi. Anadhari", "amenity": "school", "addr_city": null, "osm_id": 9794057801, "osm_type": "nodes" }, "geometry": { "type": "Point", "coordinates": [ 86.6669083, 26.5058746 ] } },
{ "type": "Feature", "properties": { "name": "Shree Ma.Vi.", "amenity": "school", "addr_city": null, "osm_id": 9794057803, "osm_type": "nodes" }, "geometry": { "type": "Point", "coordinates": [ 86.6741867, 26.4680996 ] } },
{ "type": "Feature", "properties": { "name": "Rastriya Prathamik Vidyalaya", "amenity": "school", "addr_city": null, "osm_id": 9794057804, "osm_type": "nodes" }, "geometry": { "type": "Point", "coordinates": [ 86.6595917, 26.4797668 ] } },
{ "type": "Feature", "properties": { "name": "Shree Janta Basic School", "amenity": "school", "addr_city": null, "osm_id": 9794057807, "osm_type": "nodes" }, "geometry": { "type": "Point", "coordinates": [ 86.6771011, 26.488615 ] } },
{ "type": "Feature", "properties": { "name": "Saraswati English Boarding School", "amenity": "school", "addr_city": null, "osm_id": 9794057808, "osm_type": "nodes" }, "geometry": { "type": "Point", "coordinates": [ 86.6775284, 26.5250702 ] } },
{ "type": "Feature", "properties": { "name": "Shree Janta Madhyamik Bidhalaya Belhi Chapena", "amenity": "school", "addr_city": null, "osm_id": 9794057809, "osm_type": "nodes" }, "geometry": { "type": "Point", "coordinates": [ 86.6778641, 26.5269661 ] } },
{ "type": "Feature", "properties": { "name": "Islamya ra.pra. school Inarawa tole", "amenity": "school", "addr_city": null, "osm_id": 9794057811, "osm_type": "nodes" }, "geometry": { "type": "Point", "coordinates": [ 86.6908264, 26.4882317 ] } },
{ "type": "Feature", "properties": { "name": "Madarsa Rajbiya-6 Salokhari, Laxmipur Patari RMP", "amenity": "school", "addr_city": null, "osm_id": 9785277842, "osm_type": "nodes" }, "geometry": { "type": "Point", "coordinates": [ 86.4306717, 26.6777229 ] } },
{ "type": "Feature", "properties": { "name": "Suryoday English Boarding School-2 Pokharvinda, Laxmipur Patari RMP", "amenity": "school", "addr_city": null, "osm_id": 9785277831, "osm_type": "nodes" }, "geometry": { "type": "Point", "coordinates": [ 86.4182205, 26.6952991 ] } },
{ "type": "Feature", "properties": { "name": "Shree Lalchandra Basic School-2 Parsa, Laxmipur Patari RMP", "amenity": "school", "addr_city": null, "osm_id": 9785277832, "osm_type": "nodes" }, "geometry": { "type": "Point", "coordinates": [ 86.4235153, 26.6914406 ] } },
{ "type": "Feature", "properties": { "name": "Madarsa Islamiya-2 Pokharavinda, Laxmipur Patari RMP", "amenity": "school", "addr_city": null, "osm_id": 9785277833, "osm_type": "nodes" }, "geometry": { "type": "Point", "coordinates": [ 86.4201279, 26.6913452 ] } },
{ "type": "Feature", "properties": { "name": "Shree Basic School-6 Kalyanpur, Laxmipur Patari RMP", "amenity": "school", "addr_city": null, "osm_id": 9785277835, "osm_type": "nodes" }, "geometry": { "type": "Point", "coordinates": [ 86.4421539, 26.6700268 ] } },
{ "type": "Feature", "properties": { "name": "shree karna ghanta devi aadharvut bidhyalaya", "amenity": "school", "addr_city": null, "osm_id": 9780444575, "osm_type": "nodes" }, "geometry": { "type": "Point", "coordinates": [ 87.0641098, 26.6570034 ] } },
{ "type": "Feature", "properties": { "name": "Shree Ramjanaki Rastriye Prathimik Bidhyalaye Daluwa", "amenity": "school", "addr_city": null, "osm_id": 9764481661, "osm_type": "nodes" }, "geometry": { "type": "Point", "coordinates": [ 86.8165186, 26.4722219 ] } },
{ "type": "Feature", "properties": { "name": "Trimurti English Boarding School", "amenity": "school", "addr_city": null, "osm_id": 9794048063, "osm_type": "nodes" }, "geometry": { "type": "Point", "coordinates": [ 86.7315216, 26.4520073 ] } },
{ "type": "Feature", "properties": { "name": "Ugrakant Secondary School", "amenity": "school", "addr_city": null, "osm_id": 9768433517, "osm_type": "nodes" }, "geometry": { "type": "Point", "coordinates": [ 86.7965383, 26.4865232 ] } },
{ "type": "Feature", "properties": { "name": "Shree Rastriya Prathamik Bidhyala Sakarpura", "amenity": "school", "addr_city": null, "osm_id": 9768433518, "osm_type": "nodes" }, "geometry": { "type": "Point", "coordinates": [ 86.793017, 26.4805587 ] } },
{ "type": "Feature", "properties": { "name": "Shree I.N.L.N.S Rastriya Prathamik Bidhyalaya Ko. Madhepura", "amenity": "school", "addr_city": null, "osm_id": 9768433526, "osm_type": "nodes" }, "geometry": { "type": "Point", "coordinates": [ 86.8120579, 26.4967653 ] } },
{ "type": "Feature", "properties": { "name": "Guideline English Academy", "amenity": "school", "addr_city": null, "osm_id": 9768433527, "osm_type": "nodes" }, "geometry": { "type": "Point", "coordinates": [ 86.8250965, 26.5145342 ] } },
{ "type": "Feature", "properties": { "name": "Shree Krishna Kumari Devi Rajput Memorial Aadharbhut Bidhyala", "amenity": "school", "addr_city": null, "osm_id": 9768433521, "osm_type": "nodes" }, "geometry": { "type": "Point", "coordinates": [ 86.8245227, 26.4934433 ] } },
{ "type": "Feature", "properties": { "name": "Shree Khu. Ja.Sha.Aa.Bi. Kamalpur", "amenity": "school", "addr_city": null, "osm_id": 9794057813, "osm_type": "nodes" }, "geometry": { "type": "Point", "coordinates": [ 86.6589661, 26.4685936 ] } },
{ "type": "Feature", "properties": { "name": "???? ??.???? ???????? ??????????", "amenity": "school", "addr_city": null, "osm_id": 9794060121, "osm_type": "nodes" }, "geometry": { "type": "Point", "coordinates": [ 86.6023102, 26.5138626 ] } },
{ "type": "Feature", "properties": { "name": "Maktab Tafhimul Quraan", "amenity": "school", "addr_city": null, "osm_id": 9780444566, "osm_type": "nodes" }, "geometry": { "type": "Point", "coordinates": [ 87.0418396, 26.6322231 ] } },
{ "type": "Feature", "properties": { "name": "Madersa Islahul Muslemin Simraha-4 Sakhuwa Nankarkatti RMP", "amenity": "school", "addr_city": null, "osm_id": 9785281424, "osm_type": "nodes" }, "geometry": { "type": "Point", "coordinates": [ 86.4932632, 26.6543198 ] } },
{ "type": "Feature", "properties": { "name": "Shree Manelal Secondary School-2 Sakhuwa Nankarkatti RMP", "amenity": "school", "addr_city": null, "osm_id": 9785281438, "osm_type": "nodes" }, "geometry": { "type": "Point", "coordinates": [ 86.4568024, 26.6334248 ] } },
{ "type": "Feature", "properties": { "name": "Lilja Thakur Adharbhut Bidyalaye", "amenity": "school", "addr_city": null, "osm_id": 9764481648, "osm_type": "nodes" }, "geometry": { "type": "Point", "coordinates": [ 86.8601239, 26.5032294 ] } },
{ "type": "Feature", "properties": { "name": "Bal Sewa Aadarbhut School", "amenity": "school", "addr_city": null, "osm_id": 9780460543, "osm_type": "nodes" }, "geometry": { "type": "Point", "coordinates": [ 87.0783386, 26.783453 ] } },
{ "type": "Feature", "properties": { "name": "Shree Jananta Aadar Bhhut Shcool", "amenity": "school", "addr_city": null, "osm_id": 9780460544, "osm_type": "nodes" }, "geometry": { "type": "Point", "coordinates": [ 87.0648956, 26.7523575 ] } },
{ "type": "Feature", "properties": { "name": "Madarsa Darul Ullum Belhi", "amenity": "school", "addr_city": null, "osm_id": 9794034150, "osm_type": "nodes" }, "geometry": { "type": "Point", "coordinates": [ 86.4987183, 26.5475636 ] } },
{ "type": "Feature", "properties": { "name": "Shree Janata Adharbhut Bidhyalaya", "amenity": "school", "addr_city": null, "osm_id": 9782498516, "osm_type": "nodes" }, "geometry": { "type": "Point", "coordinates": [ 86.4802399, 26.6586018 ] } },
{ "type": "Feature", "properties": { "name": "Shree Adharbhut Bidhyalaya, Tilebonna", "amenity": "school", "addr_city": null, "osm_id": 9782498513, "osm_type": "nodes" }, "geometry": { "type": "Point", "coordinates": [ 86.489357, 26.6610756 ] } },
{ "type": "Feature", "properties": { "name": "Shree Dalit Rastriya Prathmik Vidyalayaa", "amenity": "school", "addr_city": null, "osm_id": 9794048052, "osm_type": "nodes" }, "geometry": { "type": "Point", "coordinates": [ 86.752182, 26.4698563 ] } },
{ "type": "Feature", "properties": { "name": "???? ????????? ??????? ???????? ??????", "amenity": "school", "addr_city": null, "osm_id": 9794034156, "osm_type": "nodes" }, "geometry": { "type": "Point", "coordinates": [ 86.5137329, 26.5638924 ] } },
{ "type": "Feature", "properties": { "name": "Rastriya Primary School, Bairiyahi", "amenity": "school", "addr_city": null, "osm_id": 11991557511, "osm_type": "nodes" }, "geometry": { "type": "Point", "coordinates": [ 86.5493649, 26.5362604 ] } },
{ "type": "Feature", "properties": { "name": "Janata Basic School, Bhatin", "amenity": "school", "addr_city": null, "osm_id": 11991562008, "osm_type": "nodes" }, "geometry": { "type": "Point", "coordinates": [ 86.5678802, 26.5776084 ] } },
{ "type": "Feature", "properties": { "name": "Janata Basic School", "amenity": "school", "addr_city": null, "osm_id": 11991562062, "osm_type": "nodes" }, "geometry": { "type": "Point", "coordinates": [ 86.6986084, 26.5249552 ] } },
{ "type": "Feature", "properties": { "name": "Huma Educational Academy", "amenity": "school", "addr_city": null, "osm_id": 11991562063, "osm_type": "nodes" }, "geometry": { "type": "Point", "coordinates": [ 86.7115822, 26.5130703 ] } },
{ "type": "Feature", "properties": { "name": "Shree Adharbhut Vidhyalaya, Harinagar", "amenity": "school", "addr_city": null, "osm_id": 9782502711, "osm_type": "nodes" }, "geometry": { "type": "Point", "coordinates": [ 86.4611716, 26.6910186 ] } },
{ "type": "Feature", "properties": { "name": "Shree Rastriya. Prathmik. Vidyalaya, Lokharm", "amenity": "school", "addr_city": null, "osm_id": 9794048053, "osm_type": "nodes" }, "geometry": { "type": "Point", "coordinates": [ 86.7536699, 26.4728154 ] } },
{ "type": "Feature", "properties": { "name": "Shree Bathnaha Rastriya Primary School", "amenity": "school", "addr_city": null, "osm_id": 11991713592, "osm_type": "nodes" }, "geometry": { "type": "Point", "coordinates": [ 86.8180391, 26.5595442 ] } },
{ "type": "Feature", "properties": { "name": "Mahabir Rastriya Primary School, Majhaura", "amenity": "school", "addr_city": null, "osm_id": 11991739074, "osm_type": "nodes" }, "geometry": { "type": "Point", "coordinates": [ 86.8333063, 26.5363348 ] } },
{ "type": "Feature", "properties": { "name": "Shree Janata School, Mahadeva", "amenity": "school", "addr_city": null, "osm_id": 11991748885, "osm_type": "nodes" }, "geometry": { "type": "Point", "coordinates": [ 86.8276522, 26.5227737 ] } },
{ "type": "Feature", "properties": { "name": "Chhinamasta Academy, Kachan", "amenity": "school", "addr_city": null, "osm_id": 11991555430, "osm_type": "nodes" }, "geometry": { "type": "Point", "coordinates": [ 86.5588278, 26.5489035 ] } },
{ "type": "Feature", "properties": { "name": "Shiva Basic School, Khadakpur", "amenity": "school", "addr_city": null, "osm_id": 11991555507, "osm_type": "nodes" }, "geometry": { "type": "Point", "coordinates": [ 86.5759992, 26.5320754 ] } },
{ "type": "Feature", "properties": { "name": "Rastriya Basic School, Khadakpur", "amenity": "school", "addr_city": null, "osm_id": 11991577269, "osm_type": "nodes" }, "geometry": { "type": "Point", "coordinates": [ 86.5823641, 26.5370547 ] } },
{ "type": "Feature", "properties": { "name": "Shree Mahan Sahid Janata Prathamik School", "amenity": "school", "addr_city": null, "osm_id": 11991567428, "osm_type": "nodes" }, "geometry": { "type": "Point", "coordinates": [ 86.5681779, 26.5079628 ] } },
{ "type": "Feature", "properties": { "name": "Ma Kali English Boarding School", "amenity": "school", "addr_city": null, "osm_id": 11991535836, "osm_type": "nodes" }, "geometry": { "type": "Point", "coordinates": [ 86.7042249, 26.5254567 ] } },
{ "type": "Feature", "properties": { "name": "Nava Durga Educational Academy", "amenity": "school", "addr_city": null, "osm_id": 11991587915, "osm_type": "nodes" }, "geometry": { "type": "Point", "coordinates": [ 86.7101017, 26.5210361 ] } },
{ "type": "Feature", "properties": { "name": "Janata Basic School, Musharniya", "amenity": "school", "addr_city": null, "osm_id": 11991588673, "osm_type": "nodes" }, "geometry": { "type": "Point", "coordinates": [ 86.7106676, 26.5201217 ] } },
{ "type": "Feature", "properties": { "name": "Janata Basic School", "amenity": "school", "addr_city": null, "osm_id": 11991587316, "osm_type": "nodes" }, "geometry": { "type": "Point", "coordinates": [ 86.7281342, 26.4856936 ] } },
{ "type": "Feature", "properties": { "name": "Bishnu English Boarding School", "amenity": "school", "addr_city": null, "osm_id": 11991567367, "osm_type": "nodes" }, "geometry": { "type": "Point", "coordinates": [ 86.7258355, 26.4989519 ] } },
{ "type": "Feature", "properties": { "name": "Janata Primary School, Katti", "amenity": "school", "addr_city": null, "osm_id": 11991608603, "osm_type": "nodes" }, "geometry": { "type": "Point", "coordinates": [ 86.7254385, 26.5090453 ] } },
{ "type": "Feature", "properties": { "name": "Rudra Narayan Secondary School", "amenity": "school", "addr_city": null, "osm_id": 11991605185, "osm_type": "nodes" }, "geometry": { "type": "Point", "coordinates": [ 86.7473683, 26.5095853 ] } },
{ "type": "Feature", "properties": { "name": "Rastriya Primary School", "amenity": "school", "addr_city": null, "osm_id": 11991606597, "osm_type": "nodes" }, "geometry": { "type": "Point", "coordinates": [ 86.7448068, 26.5198313 ] } },
{ "type": "Feature", "properties": { "name": "Madarsa Islahul Muslemin, Bhatin", "amenity": "school", "addr_city": null, "osm_id": 11991541152, "osm_type": "nodes" }, "geometry": { "type": "Point", "coordinates": [ 86.5699294, 26.5790549 ] } },
{ "type": "Feature", "properties": { "name": "Sanakar Primary School", "amenity": "school", "addr_city": null, "osm_id": 11991557493, "osm_type": "nodes" }, "geometry": { "type": "Point", "coordinates": [ 86.5810472, 26.564424 ] } },
{ "type": "Feature", "properties": { "name": "Wisdom English Boarding Schol", "amenity": "school", "addr_city": null, "osm_id": 11991552961, "osm_type": "nodes" }, "geometry": { "type": "Point", "coordinates": [ 86.5623254, 26.5498824 ] } },
{ "type": "Feature", "properties": { "name": "Rastriya Primary School, Gaura", "amenity": "school", "addr_city": null, "osm_id": 11991471214, "osm_type": "nodes" }, "geometry": { "type": "Point", "coordinates": [ 86.5879351, 26.5896545 ] } },
{ "type": "Feature", "properties": { "name": "Shree Dwarika Lal Satni Yadav Secondary School, Banthana", "amenity": "school", "addr_city": null, "osm_id": 11991729998, "osm_type": "nodes" }, "geometry": { "type": "Point", "coordinates": [ 86.8187821, 26.56642 ] } },
{ "type": "Feature", "properties": { "name": "Janata Secondary School, Bhagwatpur Kachahari", "amenity": "school", "addr_city": null, "osm_id": 11991726345, "osm_type": "nodes" }, "geometry": { "type": "Point", "coordinates": [ 86.8253468, 26.5419523 ] } },
{ "type": "Feature", "properties": { "name": "Shree Bhagwati Rastriya Primary School, Durgapur", "amenity": "school", "addr_city": null, "osm_id": 11991736986, "osm_type": "nodes" }, "geometry": { "type": "Point", "coordinates": [ 86.8462975, 26.5396151 ] } },
{ "type": "Feature", "properties": { "name": "Janata Secondary School, Kachan", "amenity": "school", "addr_city": null, "osm_id": 11991574083, "osm_type": "nodes" }, "geometry": { "type": "Point", "coordinates": [ 86.5606195, 26.5453979 ] } },
{ "type": "Feature", "properties": { "name": "Amraiya Public School, Khadakpur", "amenity": "school", "addr_city": null, "osm_id": 11991557513, "osm_type": "nodes" }, "geometry": { "type": "Point", "coordinates": [ 86.5879217, 26.5369635 ] } },
{ "type": "Feature", "properties": { "name": "Janata Basic School, Deuri", "amenity": "school", "addr_city": null, "osm_id": 11991560426, "osm_type": "nodes" }, "geometry": { "type": "Point", "coordinates": [ 86.5666746, 26.5224761 ] } },
{ "type": "Feature", "properties": { "name": "Janata Secondary School", "amenity": "school", "addr_city": null, "osm_id": 11991601479, "osm_type": "nodes" }, "geometry": { "type": "Point", "coordinates": [ 86.698705, 26.498071 ] } },
{ "type": "Feature", "properties": { "name": "Majhaou Rastriya Basic School", "amenity": "school", "addr_city": null, "osm_id": 11991590991, "osm_type": "nodes" }, "geometry": { "type": "Point", "coordinates": [ 86.7136998, 26.4974871 ] } },
{ "type": "Feature", "properties": { "name": "Shree Sairam English Boarding School", "amenity": "school", "addr_city": null, "osm_id": 11991561419, "osm_type": "nodes" }, "geometry": { "type": "Point", "coordinates": [ 86.7267475, 26.4986399 ] } },
{ "type": "Feature", "properties": { "name": "Shanti Vidya Mandir", "amenity": "school", "addr_city": null, "osm_id": 11991625979, "osm_type": "nodes" }, "geometry": { "type": "Point", "coordinates": [ 86.7466696, 26.5224401 ] } },
{ "type": "Feature", "properties": { "name": "Shree Rajaji Janata Primary School, Pritampur", "amenity": "school", "addr_city": null, "osm_id": 11991521099, "osm_type": "nodes" }, "geometry": { "type": "Point", "coordinates": [ 86.5475625, 26.5797361 ] } },
{ "type": "Feature", "properties": { "name": "Rastriya Basic School, Kusmahar", "amenity": "school", "addr_city": null, "osm_id": 11991557912, "osm_type": "nodes" }, "geometry": { "type": "Point", "coordinates": [ 86.5557083, 26.5792828 ] } },
{ "type": "Feature", "properties": { "name": "Dashani Mai Primary School", "amenity": "school", "addr_city": null, "osm_id": 11991565978, "osm_type": "nodes" }, "geometry": { "type": "Point", "coordinates": [ 86.5721449, 26.5808779 ] } },
{ "type": "Feature", "properties": { "name": "Mahendra Chuni Secondary School, Manaraja", "amenity": "school", "addr_city": null, "osm_id": 11991555262, "osm_type": "nodes" }, "geometry": { "type": "Point", "coordinates": [ 86.5842095, 26.5555232 ] } },
{ "type": "Feature", "properties": { "name": "Madarsa Islamiya Salfiya Sarswor", "amenity": "school", "addr_city": null, "osm_id": 11991481837, "osm_type": "nodes" }, "geometry": { "type": "Point", "coordinates": [ 86.5797463, 26.5938038 ] } },
{ "type": "Feature", "properties": { "name": null, "amenity": "school", "addr_city": null, "osm_id": 5687079123, "osm_type": "nodes" }, "geometry": { "type": "Point", "coordinates": [ 87.2890099, 26.4268475 ] } },
{ "type": "Feature", "properties": { "name": "Eastern Star Boarding School", "amenity": "school", "addr_city": null, "osm_id": 9771010486, "osm_type": "nodes" }, "geometry": { "type": "Point", "coordinates": [ 87.7040448, 26.6592943 ] } },
{ "type": "Feature", "properties": { "name": "Bal Bikash Kendra", "amenity": "school", "addr_city": null, "osm_id": 9771010501, "osm_type": "nodes" }, "geometry": { "type": "Point", "coordinates": [ 87.7131068, 26.6749984 ] } },
{ "type": "Feature", "properties": { "name": "mahalaxmi primary school", "amenity": "school", "addr_city": "Damak", "osm_id": 5843478047, "osm_type": "nodes" }, "geometry": { "type": "Point", "coordinates": [ 87.6803034, 26.6423227 ] } },
{ "type": "Feature", "properties": { "name": "Madhinital Ulum Madrasha", "amenity": "school", "addr_city": null, "osm_id": 9771010468, "osm_type": "nodes" }, "geometry": { "type": "Point", "coordinates": [ 87.7074159, 26.6617205 ] } },
{ "type": "Feature", "properties": { "name": "Shree Balkalyan Adharbhut School", "amenity": "school", "addr_city": null, "osm_id": 9781602758, "osm_type": "nodes" }, "geometry": { "type": "Point", "coordinates": [ 83.2235107, 28.2345352 ] } },
{ "type": "Feature", "properties": { "name": "Shree Ganga Basic School, Kamalbot", "amenity": "school", "addr_city": null, "osm_id": 11989669549, "osm_type": "nodes" }, "geometry": { "type": "Point", "coordinates": [ 84.2112156, 28.2281554 ] } },
{ "type": "Feature", "properties": { "name": "Kharbang Basic School", "amenity": "school", "addr_city": null, "osm_id": 11982271229, "osm_type": "nodes" }, "geometry": { "type": "Point", "coordinates": [ 83.2725973, 28.1918985 ] } },
{ "type": "Feature", "properties": { "name": "Shree Dowan Purba Pravi", "amenity": "school", "addr_city": null, "osm_id": 9781602766, "osm_type": "nodes" }, "geometry": { "type": "Point", "coordinates": [ 83.3177185, 28.1235619 ] } },
{ "type": "Feature", "properties": { "name": "Shree Tengchet Ni Ma V", "amenity": "school", "addr_city": null, "osm_id": 4934871030, "osm_type": "nodes" }, "geometry": { "type": "Point", "coordinates": [ 85.0221762, 28.134143 ] } },
{ "type": "Feature", "properties": { "name": "Shree Janamandir Basic School, Thumsikot", "amenity": "school", "addr_city": null, "osm_id": 11989660904, "osm_type": "nodes" }, "geometry": { "type": "Point", "coordinates": [ 84.1453372, 28.2146351 ] } }
]
}
